{
    "MMD mean": 2.159098272682518,
    "MMD std": 1.7309828496963127
}