{
    "MMD mean": 1.8290223204172575,
    "MMD std": 1.6888508676180307
}