{
    "maes": {
        "Si/Al": 18.857293091966643,
        "Al/P": 0.13665167058344851,
        "Si/Ge": 0.5853486954532329,
        "Si/B": 5.324637564100716,
        "Na/T": 0.11670223711903974,
        "K/T": 0.0829134516970075,
        "OH/T": 0.18257188425866683,
        "F/T": 0.0876471207113201,
        "H2O/T": 24.060497844070724,
        "sda1/T": 0.43661789751191094,
        "cryst_temp": 15.01565512712956,
        "cryst_time": 129.6089630692588
    },
    "wmaes": {
        "Si/Al": 1.2710679773690237,
        "Al/P": 0.3127057259251737,
        "Si/Ge": 0.7675659252664606,
        "Si/B": 1.2258406615333983,
        "Na/T": 0.02461198897134605,
        "K/T": 0.014664977396068108,
        "OH/T": 0.2168088913880643,
        "F/T": 0.01872328625644891,
        "H2O/T": 22.74746353514682,
        "sda1/T": 0.2641572914015273,
        "cryst_temp": 14.494076264279467,
        "cryst_time": 73.61641412040044
    },
    "r2s": {
        "Si/Al": -1.5833399738792604,
        "Al/P": 0.46238119215068374,
        "Si/Ge": 0.6350928569760349,
        "Si/B": -1.9151464718268736,
        "Na/T": 0.06803412960606703,
        "K/T": -50.42768819147955,
        "OH/T": 0.004278921329875951,
        "F/T": 0.23332306667024982,
        "H2O/T": -1.2983779036419358,
        "sda1/T": -0.8965273256217623,
        "cryst_temp": -0.7736726538078522,
        "cryst_time": -0.452688114609588
    }
}