{
    "maes": {
        "Si/Al": 17.171316538226694,
        "Al/P": 0.1524576217680942,
        "Si/Ge": 0.5934209755060305,
        "Si/B": 4.569886114643649,
        "Na/T": 0.10460331521245275,
        "K/T": 0.044232065911751196,
        "OH/T": 0.1412956164072615,
        "F/T": 0.105316786707655,
        "H2O/T": 24.346115959566397,
        "sda1/T": 0.4384366377837493,
        "cryst_temp": 15.923583199314445,
        "cryst_time": 167.8669879067586
    },
    "wmaes": {
        "Si/Al": 1.2625443753494823,
        "Al/P": 0.27356693897813467,
        "Si/Ge": 1.1320319187300494,
        "Si/B": 3.724153121633993,
        "Na/T": 0.04058674531049579,
        "K/T": 0.012163991321575491,
        "OH/T": 0.1452654126810169,
        "F/T": 0.0388012999234225,
        "H2O/T": 20.75770817400943,
        "sda1/T": 0.16530420566822937,
        "cryst_temp": 15.842688710500244,
        "cryst_time": 140.2983710024019
    },
    "r2s": {
        "Si/Al": -0.7010841044134217,
        "Al/P": 0.33974467210123305,
        "Si/Ge": 0.44818873044364926,
        "Si/B": -1.9944825792937442,
        "Na/T": 0.17961381291441136,
        "K/T": -16.552227566916475,
        "OH/T": 0.3091728922061605,
        "F/T": -0.19019506766213645,
        "H2O/T": -1.1758676094571299,
        "sda1/T": -0.653018696892613,
        "cryst_temp": -0.9446647931209584,
        "cryst_time": -2.4505786669435223
    }
}