{
    "WSD mean": 0.5227862504784384,
    "WSD std": 0.4911813076123838
}