{
    "WSD mean": 0.4926200063353246,
    "WSD std": 0.4799509595274825
}