{
    "MMD mean": 2.3382574922295025,
    "MMD std": 1.9888842267389244
}