{
    "maes": {
        "Si/Al": 15.34214581343701,
        "Al/P": 0.14293396203461387,
        "Si/Ge": 0.7307689328912108,
        "Si/B": 6.442588008043914,
        "Na/T": 0.08682039449770546,
        "K/T": 0.040517708057310836,
        "OH/T": 0.13938521934326026,
        "F/T": 0.09471540457176618,
        "H2O/T": 25.93308005332379,
        "sda1/T": 0.44877856247437,
        "cryst_temp": 15.533309863116417,
        "cryst_time": 171.96539466881336
    },
    "wmaes": {
        "Si/Al": 0.4842095857719194,
        "Al/P": 0.2646508467272626,
        "Si/Ge": 1.289492243871516,
        "Si/B": 5.410270642021414,
        "Na/T": 0.02646103840724387,
        "K/T": 0.01255466054756342,
        "OH/T": 0.16499400742708864,
        "F/T": 0.06889335592235687,
        "H2O/T": 75.96657644817692,
        "sda1/T": 0.19583767237021388,
        "cryst_temp": 15.600845931699224,
        "cryst_time": 105.22333757147808
    },
    "r2s": {
        "Si/Al": 0.16376695116271367,
        "Al/P": 0.33122626113186904,
        "Si/Ge": 0.572042658619548,
        "Si/B": 0.09620676306375875,
        "Na/T": 0.26186943384572436,
        "K/T": -11.520795778384,
        "OH/T": 0.10607475781309039,
        "F/T": -0.3171768820994214,
        "H2O/T": -0.5646692523547003,
        "sda1/T": -0.5791800680588535,
        "cryst_temp": -0.5395066173035261,
        "cryst_time": -0.04761455951367788
    }
}