{
    "WSD mean": 0.467891376873647,
    "WSD std": 0.5208384357335738
}