{
    "MMD mean": 2.538609239362901,
    "MMD std": 1.126657844737556
}