{
    "MMD mean": 1.9679726774875934,
    "MMD std": 1.1774241184908538
}