{
    "maes": {
        "Si/Al": 20.948042901257537,
        "Al/P": 0.2558445467729764,
        "Si/Ge": 1.2767640197039507,
        "Si/B": 7.649979577642666,
        "Na/T": 0.21173168453301786,
        "K/T": 0.39025034356900035,
        "OH/T": 0.3145066564939699,
        "F/T": 0.21394395863203547,
        "H2O/T": 30.686078043469912,
        "sda1/T": 0.8378219214921412,
        "cryst_temp": 55.31668649889311,
        "cryst_time": 1488.1287889525092
    },
    "wmaes": {
        "Si/Al": 4.893441126723478,
        "Al/P": 0.5321112795891454,
        "Si/Ge": 1.0851011444389087,
        "Si/B": 5.527389821297284,
        "Na/T": 0.18093061354621243,
        "K/T": 0.3669670176091451,
        "OH/T": 0.23609408490322953,
        "F/T": 0.13604279262835703,
        "H2O/T": 22.90409173896232,
        "sda1/T": 0.6148413651496633,
        "cryst_temp": 54.33341835412683,
        "cryst_time": 1050.583190124993
    },
    "r2s": {
        "Si/Al": -40.133444302208936,
        "Al/P": -52.85071276996593,
        "Si/Ge": -17.455248425265893,
        "Si/B": -172.95640296941994,
        "Na/T": -0.24897173402593742,
        "K/T": -1.7875756401465086,
        "OH/T": -0.9188483750541563,
        "F/T": -0.44519755946241935,
        "H2O/T": -3.511858475380368,
        "sda1/T": -3.9779424272395945,
        "cryst_temp": -0.06134788475218267,
        "cryst_time": -1.15598981274483
    }
}