{
    "maes": {
        "Si/Al": 21.956930343530253,
        "Al/P": 0.2665070039414544,
        "Si/Ge": 1.162695360505154,
        "Si/B": 7.79619392188445,
        "Na/T": 0.19532868682050497,
        "K/T": 0.44583395026531386,
        "OH/T": 0.32568427251691534,
        "F/T": 0.20897447464529012,
        "H2O/T": 29.254223085215965,
        "sda1/T": 0.7608196547485833,
        "cryst_temp": 54.36784440259291,
        "cryst_time": 1516.7492210733014
    },
    "wmaes": {
        "Si/Al": 6.829535681470155,
        "Al/P": 0.3670951140711838,
        "Si/Ge": 0.6592119315174014,
        "Si/B": 2.6167392150310325,
        "Na/T": 0.14196774727350353,
        "K/T": 0.4655673630381756,
        "OH/T": 0.2504157629238083,
        "F/T": 0.12662048628206032,
        "H2O/T": 24.395803848517406,
        "sda1/T": 0.8135811647911868,
        "cryst_temp": 55.52566558693563,
        "cryst_time": 1257.9033958494024
    },
    "r2s": {
        "Si/Al": -56.665649216538874,
        "Al/P": -66.59987198353821,
        "Si/Ge": -18.83409462017206,
        "Si/B": -170.5865055230761,
        "Na/T": -0.14312172217032404,
        "K/T": -1.5941499902505667,
        "OH/T": -1.105065630725635,
        "F/T": -0.3944590646946329,
        "H2O/T": -3.3039235972326733,
        "sda1/T": -3.8125439769128464,
        "cryst_temp": -0.027643468959429818,
        "cryst_time": -1.427335132214358
    }
}