{
    "WSD mean": 1.2563876302417882,
    "WSD std": 0.3492786159414291
}