{
    "WSD mean": 1.1722636606393189,
    "WSD std": 0.3473301250499893
}