{
    "MMD mean": 1.925311702553944,
    "MMD std": 1.5158674337416518
}