{
    "MMD mean": 1.588261489684765,
    "MMD std": 1.4107079179923308
}