{
    "maes": {
        "Si/Al": 22.69478139028759,
        "Al/P": 0.1197392787646461,
        "Si/Ge": 1.2558203231397722,
        "Si/B": 9.248544685035323,
        "Na/T": 0.09232002320893483,
        "K/T": 0.0808941126789179,
        "OH/T": 0.18545316384641894,
        "F/T": 0.10439862984161821,
        "H2O/T": 26.185493268243047,
        "sda1/T": 0.3683618306642647,
        "cryst_temp": 14.834128032105543,
        "cryst_time": 136.8760811017619
    },
    "wmaes": {
        "Si/Al": 1.85550582543826,
        "Al/P": 0.30443168488196626,
        "Si/Ge": 1.5971025674948507,
        "Si/B": 7.8419752737229595,
        "Na/T": 0.03157670438896218,
        "K/T": 0.043113697159583526,
        "OH/T": 0.15414099373955115,
        "F/T": 0.016933093440169935,
        "H2O/T": 29.583384051729688,
        "sda1/T": 0.3507072594192192,
        "cryst_temp": 14.541343007383965,
        "cryst_time": 104.10242766245693
    },
    "r2s": {
        "Si/Al": -1.4593284297744757,
        "Al/P": 0.5023873581461482,
        "Si/Ge": 0.09793908054926881,
        "Si/B": -0.26935059635076275,
        "Na/T": 0.1471349065123173,
        "K/T": -23.282451366146834,
        "OH/T": -0.6724591448079273,
        "F/T": 0.13895143478027772,
        "H2O/T": -1.6285098210936355,
        "sda1/T": -0.5522735054476042,
        "cryst_temp": -0.7474724460573046,
        "cryst_time": -0.2559217231912265
    }
}