{
    "maes": {
        "Si/Al": 19.013720581539342,
        "Al/P": 0.12316022168457995,
        "Si/Ge": 1.1448847524733852,
        "Si/B": 7.765679820218978,
        "Na/T": 0.09604786704540948,
        "K/T": 0.042284718219603216,
        "OH/T": 0.1519976828547438,
        "F/T": 0.11138769197904143,
        "H2O/T": 22.887428267197087,
        "sda1/T": 0.4572566146944008,
        "cryst_temp": 15.33659550035931,
        "cryst_time": 171.2779152161965
    },
    "wmaes": {
        "Si/Al": 3.403436290265042,
        "Al/P": 0.2946200605294138,
        "Si/Ge": 1.873938924361214,
        "Si/B": 10.86423607159276,
        "Na/T": 0.030697729041993436,
        "K/T": 0.034035533118274265,
        "OH/T": 0.1503283294053828,
        "F/T": 0.024046666293051716,
        "H2O/T": 23.367340081291594,
        "sda1/T": 0.1804175205535415,
        "cryst_temp": 15.660734377914824,
        "cryst_time": 121.54301834109765
    },
    "r2s": {
        "Si/Al": -0.4540694193620456,
        "Al/P": 0.48737596283180507,
        "Si/Ge": 0.03742059061775138,
        "Si/B": -0.3805262557847915,
        "Na/T": 0.028677108399591367,
        "K/T": -8.075849043778243,
        "OH/T": -0.2935565342548052,
        "F/T": -0.466088310980584,
        "H2O/T": -1.0794056109253969,
        "sda1/T": -1.8691879988692754,
        "cryst_temp": -0.5061675525905918,
        "cryst_time": -2.2787084570245297
    }
}