{
    "WSD mean": 0.47665690198286026,
    "WSD std": 0.4401697813377645
}