{
    "WSD mean": 0.49035335572699423,
    "WSD std": 0.4259307906375942
}