{
    "MMD mean": 1.9448262606897662,
    "MMD std": 1.3235758001510542
}