{
    "maes": {
        "Si/Al": 17.053400127543135,
        "Al/P": 0.15363617517595768,
        "Si/Ge": 1.0233589717401907,
        "Si/B": 6.73561067749098,
        "Na/T": 0.0966818125310261,
        "K/T": 0.04468962850437957,
        "OH/T": 0.1403394120439399,
        "F/T": 0.11469108047425326,
        "H2O/T": 23.91132451368556,
        "sda1/T": 0.4584436879235665,
        "cryst_temp": 24.54225923681772,
        "cryst_time": 727.3550279489768
    },
    "wmaes": {
        "Si/Al": 3.7561166698749293,
        "Al/P": 0.2806331123900718,
        "Si/Ge": 1.8329421189831163,
        "Si/B": 5.316208022754238,
        "Na/T": 0.05046934691484277,
        "K/T": 0.01994929799774528,
        "OH/T": 0.13634004180749926,
        "F/T": 0.09851654200347797,
        "H2O/T": 18.943382818297287,
        "sda1/T": 0.18397648556044077,
        "cryst_temp": 24.31330752740219,
        "cryst_time": 727.1391737907459
    },
    "r2s": {
        "Si/Al": null,
        "Al/P": null,
        "Si/Ge": null,
        "Si/B": null,
        "Na/T": null,
        "K/T": null,
        "OH/T": null,
        "F/T": null,
        "H2O/T": null,
        "sda1/T": null,
        "cryst_temp": null,
        "cryst_time": null
    }
}