{
    "WSD mean": 0.5906526745048145,
    "WSD std": 0.419733958593165
}