{
    "MMD mean": 1.9789795824276504,
    "MMD std": 1.6102446736526488
}