{
    "MMD mean": 1.5567838412064772,
    "MMD std": 1.474184890332089
}