{
    "maes": {
        "Si/Al": 16.340473438721478,
        "Al/P": 0.09939133338420571,
        "Si/Ge": 1.1677066624087662,
        "Si/B": 8.484197312066774,
        "Na/T": 0.07801802661172924,
        "K/T": 0.07914829693693365,
        "OH/T": 0.17087795839469114,
        "F/T": 0.08565582989932533,
        "H2O/T": 24.047691510508724,
        "sda1/T": 0.39821875029416404,
        "cryst_temp": 14.460734986345738,
        "cryst_time": 211.0866611167135
    },
    "wmaes": {
        "Si/Al": 2.106673312711068,
        "Al/P": 0.2511874057171792,
        "Si/Ge": 1.2032432014025147,
        "Si/B": 5.503338087196706,
        "Na/T": 0.018017626886284537,
        "K/T": 0.026243850488970752,
        "OH/T": 0.30214522360181423,
        "F/T": 0.049974326515883384,
        "H2O/T": 38.57135362974855,
        "sda1/T": 0.390645772394617,
        "cryst_temp": 14.528973181421511,
        "cryst_time": 139.78242475276707
    },
    "r2s": {
        "Si/Al": -2.588284210439069,
        "Al/P": 0.7036017940328312,
        "Si/Ge": 0.4417242059907621,
        "Si/B": -0.030143720000777252,
        "Na/T": 0.0016731135180012568,
        "K/T": -52.942548079014806,
        "OH/T": -1.1755305898651147,
        "F/T": 0.12023310335895332,
        "H2O/T": -2.2421978233273245,
        "sda1/T": -0.17983564412023,
        "cryst_temp": -0.9118206881018602,
        "cryst_time": -0.11914522514148729
    }
}