{
    "maes": {
        "Si/Al": 15.036204480146344,
        "Al/P": 0.1258389718291883,
        "Si/Ge": 0.9629331661474708,
        "Si/B": 10.20690031849336,
        "Na/T": 0.08969349324297825,
        "K/T": 0.04243019833152566,
        "OH/T": 0.14516152731819978,
        "F/T": 0.10579782009560142,
        "H2O/T": 23.62380188325824,
        "sda1/T": 0.4314691120957298,
        "cryst_temp": 15.435243121441024,
        "cryst_time": 230.43424011774366
    },
    "wmaes": {
        "Si/Al": 2.0650739065400763,
        "Al/P": 0.2526233931677385,
        "Si/Ge": 1.2762942048591905,
        "Si/B": 10.76531324134267,
        "Na/T": 0.02575740531302433,
        "K/T": 0.02137696036614432,
        "OH/T": 0.1896017219005075,
        "F/T": 0.05859114109520857,
        "H2O/T": 29.768135881872027,
        "sda1/T": 0.25189705823657227,
        "cryst_temp": 16.029912444186422,
        "cryst_time": 139.62702703778797
    },
    "r2s": {
        "Si/Al": -0.5027281482738957,
        "Al/P": 0.5187406256008142,
        "Si/Ge": 0.5208808689966369,
        "Si/B": 0.1652097370117167,
        "Na/T": 0.020963176345958567,
        "K/T": -28.724476447032735,
        "OH/T": -0.24680291309639402,
        "F/T": -0.336792552093937,
        "H2O/T": -1.3103256043363896,
        "sda1/T": -0.76449710862201,
        "cryst_temp": -0.9481810598500309,
        "cryst_time": -0.28692978919862666
    }
}