{
    "WSD mean": 0.4773273217994022,
    "WSD std": 0.45255579751226477
}