{
    "WSD mean": 0.470263066701516,
    "WSD std": 0.4359603701652244
}