{
    "MMD mean": 1.6691488990416894,
    "MMD std": 1.263009868880925
}