{
    "MMD mean": 1.669148889871744,
    "MMD std": 1.2630098821543303
}