{
    "MMD mean": 2.119196121410657,
    "MMD std": 1.2495001168021438
}