{
    "MMD mean": 1.7230175721992567,
    "MMD std": 1.3303394623765092
}