{
    "MMD mean": 2.119196116283376,
    "MMD std": 1.2495001142013413
}