{
    "MMD mean": 2.14642275220109,
    "MMD std": 1.2286891413663974
}