{
    "WSD mean": 0.7100216329865682,
    "WSD std": 0.3809785650683555
}