{
    "WSD mean": 0.6621621921249237,
    "WSD std": 0.3738940451216078
}