{
    "WSD mean": 0.6621621902928321,
    "WSD std": 0.3738940442196476
}