{
    "WSD mean": 0.7100216349882831,
    "WSD std": 0.3809785661051711
}