{
    "MMD mean": 2.4300705591837564,
    "MMD std": 1.554547571951482
}