{
    "MMD mean": 2.0378716450471144,
    "MMD std": 1.667580932911341
}