{
    "maes": {
        "Si/Al": 20.327196796532185,
        "Al/P": 0.11380248866927516,
        "Si/Ge": 3.313656581061707,
        "Si/B": 12.225805118042361,
        "Na/T": 0.1149192017466001,
        "K/T": 0.040033202955554674,
        "OH/T": 0.16401700356112187,
        "F/T": 0.11624798303915708,
        "H2O/T": 24.647119485867872,
        "sda1/T": 0.527737127056685,
        "cryst_temp": 38.94275111747226,
        "cryst_time": 1270.8034225126876
    },
    "wmaes": {
        "Si/Al": 2.128721039734845,
        "Al/P": 0.2555940060723656,
        "Si/Ge": 4.328816344505679,
        "Si/B": 27.765719000088154,
        "Na/T": 0.0301748979652737,
        "K/T": 0.024758637201198398,
        "OH/T": 0.2186297422041108,
        "F/T": 0.0250397968424791,
        "H2O/T": 30.006237492590387,
        "sda1/T": 0.3385120529543756,
        "cryst_temp": 39.25573910177567,
        "cryst_time": 437.2210592259203
    },
    "r2s": {
        "Si/Al": -0.14765719116628873,
        "Al/P": 0.46145837039236204,
        "Si/Ge": 0.07561896844237459,
        "Si/B": 0.037136774070155254,
        "Na/T": 0.24843876615888105,
        "K/T": -10.0505517705696,
        "OH/T": -0.10227475449623857,
        "F/T": -0.12822874911390758,
        "H2O/T": -0.6391671737847113,
        "sda1/T": -0.13782401718564508,
        "cryst_temp": -0.09272985177924742,
        "cryst_time": -0.13848250931451056
    }
}