{
    "maes": {
        "Si/Al": 27.403767161060646,
        "Al/P": 0.09571743274089307,
        "Si/Ge": 4.412254064528854,
        "Si/B": 13.783799047955563,
        "Na/T": 0.10228505898260207,
        "K/T": 0.06875189854299571,
        "OH/T": 0.21183868054324437,
        "F/T": 0.09503558240096613,
        "H2O/T": 25.75480578963139,
        "sda1/T": 0.49399515509197306,
        "cryst_temp": 45.365255033886605,
        "cryst_time": 965.9976130875197
    },
    "wmaes": {
        "Si/Al": 1.1184523445305097,
        "Al/P": 0.2546045952295795,
        "Si/Ge": 3.245797529629052,
        "Si/B": 8.315672939795192,
        "Na/T": 0.02663419274990519,
        "K/T": 0.018575503229992192,
        "OH/T": 0.19634672217509042,
        "F/T": 0.029443106791924425,
        "H2O/T": 37.413749576425616,
        "sda1/T": 0.40247108154267847,
        "cryst_temp": 47.47868548106488,
        "cryst_time": 522.7174511271701
    },
    "r2s": {
        "Si/Al": -0.3754539518925306,
        "Al/P": 0.6357768450233817,
        "Si/Ge": -0.03742300281044164,
        "Si/B": -0.024049992972188905,
        "Na/T": 0.17719285723466116,
        "K/T": -130.50801270251688,
        "OH/T": -0.31588082533788664,
        "F/T": 0.18693300564581727,
        "H2O/T": -1.315678757775307,
        "sda1/T": -0.13751923529291532,
        "cryst_temp": -0.19328664982938704,
        "cryst_time": -0.13882109963213596
    }
}