{
    "WSD mean": 0.5384923221812354,
    "WSD std": 0.4833036242376493
}