{
    "WSD mean": 0.5775854246727836,
    "WSD std": 0.5016622898723097
}