{
    "MMD mean": 2.2290094719138196,
    "MMD std": 1.2884990429666285
}