{
    "MMD mean": 1.7824925917845507,
    "MMD std": 1.3167875875100787
}