{
    "maes": {
        "Si/Al": 19.784448623045215,
        "Al/P": 0.1888532200075754,
        "Si/Ge": 1.5250686060375098,
        "Si/B": 7.130174910531235,
        "Na/T": 0.12798791689936245,
        "K/T": 0.23327289088383524,
        "OH/T": 0.16508090359337818,
        "F/T": 0.13035011485865858,
        "H2O/T": 26.05369863954563,
        "sda1/T": 0.4657581633270433,
        "cryst_temp": 15.685917720999768,
        "cryst_time": 152.11751360694566
    },
    "wmaes": {
        "Si/Al": 7.461022526547853,
        "Al/P": 0.3605598965108555,
        "Si/Ge": 1.202533927854668,
        "Si/B": 6.977101609824664,
        "Na/T": 0.06065345290015117,
        "K/T": 0.493785603517365,
        "OH/T": 0.15716416972233166,
        "F/T": 0.028893989114758954,
        "H2O/T": 29.161422413877247,
        "sda1/T": 0.23137524765819625,
        "cryst_temp": 16.642434097276954,
        "cryst_time": 108.41982407337863
    },
    "r2s": {
        "Si/Al": -6.96969541130785,
        "Al/P": -0.5315208092848271,
        "Si/Ge": -0.0794784118997296,
        "Si/B": -19.282330629454005,
        "Na/T": -1.2606073823672217,
        "K/T": -0.931208385951005,
        "OH/T": -2.0385966665728064,
        "F/T": -7.5728928043260115,
        "H2O/T": -8.510105838884535,
        "sda1/T": -4.362798546732856,
        "cryst_temp": -1.9097896315523943,
        "cryst_time": -16.61080668220608
    }
}