{
    "maes": {
        "Si/Al": 20.370063644153685,
        "Al/P": 0.1943492583998638,
        "Si/Ge": 1.3419313378981315,
        "Si/B": 6.4913799937867225,
        "Na/T": 0.11692669307516414,
        "K/T": 0.25369347727302316,
        "OH/T": 0.18696511049291495,
        "F/T": 0.10514029226648675,
        "H2O/T": 24.06524407143633,
        "sda1/T": 0.42986783593257244,
        "cryst_temp": 15.898509465731108,
        "cryst_time": 111.32046684852013
    },
    "wmaes": {
        "Si/Al": 5.967475168728985,
        "Al/P": 0.26933518918429955,
        "Si/Ge": 1.0519359115959572,
        "Si/B": 1.7970862951828075,
        "Na/T": 0.04165841781567112,
        "K/T": 0.25468751627726766,
        "OH/T": 0.2143142157510289,
        "F/T": 0.022744504503259533,
        "H2O/T": 33.95251562591902,
        "sda1/T": 0.37488747775266573,
        "cryst_temp": 16.4277949501831,
        "cryst_time": 76.9700099318726
    },
    "r2s": {
        "Si/Al": -16.13632402379435,
        "Al/P": -1.2090951078068302,
        "Si/Ge": 0.0007246297785289402,
        "Si/B": -6.141335792216544,
        "Na/T": -0.69287825784455,
        "K/T": -2.5702140008546737,
        "OH/T": -4.694239547251968,
        "F/T": -3.8433698776960368,
        "H2O/T": -7.9190121019442365,
        "sda1/T": -3.829038063855018,
        "cryst_temp": -1.246357558625614,
        "cryst_time": -2.001800133403436
    }
}