{
    "WSD mean": 0.7062990027056757,
    "WSD std": 0.40545944351524
}