{
    "WSD mean": 0.6518722746401651,
    "WSD std": 0.3712319687648038
}