{
    "MMD mean": 3.388988661534578,
    "MMD std": 2.1368253289938197
}