{
    "MMD mean": 4.517876333803744,
    "MMD std": 1.8852478434626265
}