{
    "maes": {
        "Si/Al": 20.350100892132467,
        "Al/P": 0.22847203526203388,
        "Si/Ge": 0.7974695190988643,
        "Si/B": 1.7118049198961351,
        "Na/T": 0.14233935631989064,
        "K/T": 0.039192742442992354,
        "OH/T": 0.1775717407746953,
        "F/T": 0.09513867075804815,
        "H2O/T": 25.757699109912924,
        "sda1/T": 0.4258280414504738,
        "cryst_temp": 17.063119716394265,
        "cryst_time": 152.34820276549002
    },
    "wmaes": {
        "Si/Al": 3.573231657440748,
        "Al/P": 0.2869871129660326,
        "Si/Ge": 0.4514559087083987,
        "Si/B": 0.46002653203137606,
        "Na/T": 0.04465759478884401,
        "K/T": 0.011132997531379413,
        "OH/T": 0.11545142935669822,
        "F/T": 0.024200245862537523,
        "H2O/T": 24.285093478933966,
        "sda1/T": 0.15051575216394855,
        "cryst_temp": 17.86788874814263,
        "cryst_time": 84.26125803005272
    },
    "r2s": {
        "Si/Al": -0.4325773371762953,
        "Al/P": -0.3880808764329964,
        "Si/Ge": 0.043292444109992,
        "Si/B": -0.5812377212290121,
        "Na/T": -0.06340336882791608,
        "K/T": -65.10403454827579,
        "OH/T": -0.6089779980178605,
        "F/T": -0.585337148203211,
        "H2O/T": -5.989053599800537,
        "sda1/T": -5.8925434678997215,
        "cryst_temp": -1.0835456675288007,
        "cryst_time": -20.855136813215225
    }
}