{
    "maes": {
        "Si/Al": 23.734124059276358,
        "Al/P": 0.2229797576692848,
        "Si/Ge": 0.47942703485484806,
        "Si/B": 2.2809574944264734,
        "Na/T": 0.09967935898548677,
        "K/T": 0.07309398824132088,
        "OH/T": 0.200556361244369,
        "F/T": 0.08300708415641689,
        "H2O/T": 26.598112325269334,
        "sda1/T": 0.3672356637987784,
        "cryst_temp": 17.64007756077437,
        "cryst_time": 108.15423524702115
    },
    "wmaes": {
        "Si/Al": 8.52554631725501,
        "Al/P": 0.3649275873348996,
        "Si/Ge": 0.37080867236139303,
        "Si/B": 0.6232171589355509,
        "Na/T": 0.039537964752682134,
        "K/T": 0.008167160257241285,
        "OH/T": 0.15702588755506322,
        "F/T": 0.010442232748117057,
        "H2O/T": 29.414030106089385,
        "sda1/T": 0.1641848886177839,
        "cryst_temp": 17.948729505190865,
        "cryst_time": 67.76804480375468
    },
    "r2s": {
        "Si/Al": -1.3296093045980437,
        "Al/P": -0.3593854706445365,
        "Si/Ge": 0.06575864575716972,
        "Si/B": -16.308308668231504,
        "Na/T": -0.04523390641964653,
        "K/T": -59.9339949028046,
        "OH/T": -1.3121602845180709,
        "F/T": -0.016467209619781098,
        "H2O/T": -7.007943770110806,
        "sda1/T": -8.83189183533464,
        "cryst_temp": -1.294766342119042,
        "cryst_time": -3.8423877311126438
    }
}