{
    "WSD mean": 0.5792046448470116,
    "WSD std": 0.521867465246686
}