{
    "WSD mean": 0.5657629292176523,
    "WSD std": 0.5290189308058403
}