{
    "MMD mean": 2.1036426277570826,
    "MMD std": 1.7537887225627378
}