{
    "MMD mean": 1.8155147387431219,
    "MMD std": 1.6787811350907127
}