{
    "maes": {
        "Si/Al": 19.03224161878847,
        "Al/P": 0.12077947854619313,
        "Si/Ge": 1.2502092760695853,
        "Si/B": 7.256222937152847,
        "Na/T": 0.09697229584434759,
        "K/T": 0.07620219225982613,
        "OH/T": 0.2093083531000669,
        "F/T": 0.10211852065320554,
        "H2O/T": 26.096931496080064,
        "sda1/T": 0.4522709765046259,
        "cryst_temp": 16.184682469288575,
        "cryst_time": 120.18719400724203
    },
    "wmaes": {
        "Si/Al": 6.004664752744574,
        "Al/P": 0.28244782901990306,
        "Si/Ge": 1.717966426132522,
        "Si/B": 2.0749211943266266,
        "Na/T": 0.025380985265286617,
        "K/T": 0.021923779468761923,
        "OH/T": 0.4168927434933131,
        "F/T": 0.017515925902575426,
        "H2O/T": 25.247917193562316,
        "sda1/T": 0.4252520399810442,
        "cryst_temp": 16.450840786672742,
        "cryst_time": 85.06587887618645
    },
    "r2s": {
        "Si/Al": -1.3565345120207049,
        "Al/P": 0.5097353725186435,
        "Si/Ge": 0.39695043202798996,
        "Si/B": 0.05661059777116839,
        "Na/T": 0.29290136507592335,
        "K/T": -64.23820306166203,
        "OH/T": -0.7025289745815513,
        "F/T": 0.2647689665331109,
        "H2O/T": -1.5278230065057135,
        "sda1/T": -1.2149058310979237,
        "cryst_temp": -0.46184348513226414,
        "cryst_time": -0.3924853232866474
    }
}