{
    "maes": {
        "Si/Al": 15.686622996472863,
        "Al/P": 0.12300315979019155,
        "Si/Ge": 1.302640035417202,
        "Si/B": 5.938357542917907,
        "Na/T": 0.09537630023830779,
        "K/T": 0.04245971910834808,
        "OH/T": 0.15306291349886003,
        "F/T": 0.12714654447960627,
        "H2O/T": 23.25044499076787,
        "sda1/T": 0.4548853220590819,
        "cryst_temp": 14.719306876347583,
        "cryst_time": 158.96858025775424
    },
    "wmaes": {
        "Si/Al": 2.6685904785884538,
        "Al/P": 0.26207812436808253,
        "Si/Ge": 1.8244543898977794,
        "Si/B": 4.198771928174876,
        "Na/T": 0.0235853123735209,
        "K/T": 0.02202972316514446,
        "OH/T": 0.3028953224011635,
        "F/T": 0.02989085765838048,
        "H2O/T": 21.215563355137515,
        "sda1/T": 0.26828452079041776,
        "cryst_temp": 14.803206250029591,
        "cryst_time": 120.14132502892834
    },
    "r2s": {
        "Si/Al": -0.5622571584909961,
        "Al/P": 0.5129124638103806,
        "Si/Ge": 0.33808540712199575,
        "Si/B": -0.17162483311082632,
        "Na/T": 0.36420862202352455,
        "K/T": -10.560633507378014,
        "OH/T": 0.07506888801207467,
        "F/T": -0.21555000067710717,
        "H2O/T": -1.1628269292523794,
        "sda1/T": -0.2845488281359154,
        "cryst_temp": -0.5345421119186182,
        "cryst_time": -1.7960409284808554
    }
}