{
    "WSD mean": 0.4613834220544075,
    "WSD std": 0.49095056491516625
}