{
    "WSD mean": 0.5132845016765203,
    "WSD std": 0.4958424235560484
}