{
    "MMD mean": 1.5900023212799659,
    "MMD std": 1.4637105598647242
}