{
    "MMD mean": 1.9380478692311112,
    "MMD std": 1.3947804504930936
}