{
    "maes": {
        "Si/Al": 16.261686336817053,
        "Al/P": 0.12295176477069888,
        "Si/Ge": 0.7853907451070028,
        "Si/B": 6.750054257386598,
        "Na/T": 0.10798363084319128,
        "K/T": 0.05381951097787971,
        "OH/T": 0.17850165004762308,
        "F/T": 0.1273940097135126,
        "H2O/T": 25.31563656600752,
        "sda1/T": 0.48506676487686884,
        "cryst_temp": 14.543774110534136,
        "cryst_time": 178.8452716678012
    },
    "wmaes": {
        "Si/Al": 2.7077242662374252,
        "Al/P": 0.2719280973108878,
        "Si/Ge": 1.125136035424902,
        "Si/B": 10.375786030036462,
        "Na/T": 0.03360822354094872,
        "K/T": 0.02234070310784591,
        "OH/T": 0.30519435955834096,
        "F/T": 0.03488015419519938,
        "H2O/T": 21.925796660918824,
        "sda1/T": 0.19706715517217038,
        "cryst_temp": 14.682816605157488,
        "cryst_time": 126.5238283537776
    },
    "r2s": {
        "Si/Al": -3.733843575236878,
        "Al/P": 0.4112611645126315,
        "Si/Ge": -0.4775891635655898,
        "Si/B": -1.828386593433763,
        "Na/T": 0.38229207270444643,
        "K/T": -8.678414706817085,
        "OH/T": -0.15082221148823538,
        "F/T": -0.7317802178154174,
        "H2O/T": -2.360853356624321,
        "sda1/T": -2.228053045921808,
        "cryst_temp": -1.0745846365987508,
        "cryst_time": -1.237865354791242
    }
}