{
    "maes": {
        "Si/Al": 17.040726824644064,
        "Al/P": 0.14236513583286106,
        "Si/Ge": 0.7185888951621394,
        "Si/B": 5.979020511316266,
        "Na/T": 0.11253621560736306,
        "K/T": 0.08774250085198519,
        "OH/T": 0.20675583162788633,
        "F/T": 0.11677050100442059,
        "H2O/T": 25.79313470290419,
        "sda1/T": 0.4492426126152687,
        "cryst_temp": 13.264554557408935,
        "cryst_time": 159.64804046085766
    },
    "wmaes": {
        "Si/Al": 4.054117456047157,
        "Al/P": 0.19142277642759795,
        "Si/Ge": 0.8290920730972593,
        "Si/B": 1.9351375174995715,
        "Na/T": 0.023551184546241288,
        "K/T": 0.025393535252498576,
        "OH/T": 0.41347809027153387,
        "F/T": 0.03218584461468493,
        "H2O/T": 25.554883869346433,
        "sda1/T": 0.2613918904597451,
        "cryst_temp": 13.278442570313727,
        "cryst_time": 149.07879189969017
    },
    "r2s": {
        "Si/Al": -6.677586799557312,
        "Al/P": 0.2749594510088106,
        "Si/Ge": -0.269431600558641,
        "Si/B": -1.6584966694935552,
        "Na/T": 0.3214209323531304,
        "K/T": -32.92443024250002,
        "OH/T": -0.15563648593949675,
        "F/T": -0.04138114511053237,
        "H2O/T": -2.5296137335717197,
        "sda1/T": -1.3647083008118388,
        "cryst_temp": -1.2666603174701354,
        "cryst_time": -0.26539827835361374
    }
}