{
    "WSD mean": 0.5454051610778737,
    "WSD std": 0.43298205023745645
}