{
    "WSD mean": 0.5355534961208295,
    "WSD std": 0.4296113300774042
}