{
    "MMD mean": 1.6434932488661547,
    "MMD std": 1.4672798843517445
}