{
    "MMD mean": 2.031938096528412,
    "MMD std": 1.4864432928153315
}