{
    "maes": {
        "Si/Al": 20.61304802466123,
        "Al/P": 0.1084589723515062,
        "Si/Ge": 2.049262781227869,
        "Si/B": 5.578957824060125,
        "Na/T": 0.07809177767997086,
        "K/T": 0.073601849245331,
        "OH/T": 0.1961005710558394,
        "F/T": 0.08090365038828597,
        "H2O/T": 23.598640939393224,
        "sda1/T": 0.38030583785230454,
        "cryst_temp": 15.946207975543045,
        "cryst_time": 302.84798099959886
    },
    "wmaes": {
        "Si/Al": 1.318652337684727,
        "Al/P": 0.14035868262119214,
        "Si/Ge": 1.6244394515040073,
        "Si/B": 2.3275060080285863,
        "Na/T": 0.019248851297389465,
        "K/T": 0.023489591302864158,
        "OH/T": 0.2935546699464185,
        "F/T": 0.02591283580154511,
        "H2O/T": 25.04244075091054,
        "sda1/T": 0.33808645994295977,
        "cryst_temp": 15.556126951940739,
        "cryst_time": 227.72807268956075
    },
    "r2s": {
        "Si/Al": -0.1311039698266534,
        "Al/P": 0.6967394438051329,
        "Si/Ge": -0.10517103098207836,
        "Si/B": -2.4786434149102154,
        "Na/T": 0.3809957451540982,
        "K/T": -122.21164291337766,
        "OH/T": -0.13117516641413407,
        "F/T": 0.15207976868754491,
        "H2O/T": -2.264754655720832,
        "sda1/T": -0.6581768195725035,
        "cryst_temp": -0.2626020596961198,
        "cryst_time": -0.16630126847743698
    }
}