{
    "maes": {
        "Si/Al": 22.230000731849405,
        "Al/P": 0.1273850129608906,
        "Si/Ge": 1.6753532309944088,
        "Si/B": 7.912982586947281,
        "Na/T": 0.0921383635949202,
        "K/T": 0.039767616147565805,
        "OH/T": 0.15097548309602335,
        "F/T": 0.0961877236745702,
        "H2O/T": 23.478557460770674,
        "sda1/T": 0.4515657706965371,
        "cryst_temp": 16.598463205985357,
        "cryst_time": 334.75580159400346
    },
    "wmaes": {
        "Si/Al": 2.8205428928946494,
        "Al/P": 0.2404578219486009,
        "Si/Ge": 1.4158313015399524,
        "Si/B": 6.822104955565303,
        "Na/T": 0.02652072318561903,
        "K/T": 0.019358453523994925,
        "OH/T": 0.2261923177515585,
        "F/T": 0.023142638162692637,
        "H2O/T": 20.709154687061446,
        "sda1/T": 0.23254966342811606,
        "cryst_temp": 16.880802359899967,
        "cryst_time": 271.180614192528
    },
    "r2s": {
        "Si/Al": -0.0942561867546623,
        "Al/P": 0.5464478664951062,
        "Si/Ge": 0.03078676330369523,
        "Si/B": -1.5590263666326631,
        "Na/T": 0.23813814145057444,
        "K/T": -29.812703763431674,
        "OH/T": 0.07503558388851272,
        "F/T": -0.6307673681356412,
        "H2O/T": -2.0650100864226855,
        "sda1/T": -1.7613692219289607,
        "cryst_temp": -0.24781956955003692,
        "cryst_time": -0.3311033415537876
    }
}