{
    "WSD mean": 0.4972527998891239,
    "WSD std": 0.452322793912744
}