{
    "WSD mean": 0.49531665337578984,
    "WSD std": 0.4484064358081612
}