{
    "MMD mean": 2.458989526635857,
    "MMD std": 1.9339657448971999
}