{
    "MMD mean": 3.9965036556552658,
    "MMD std": 1.9661545295991256
}