{
    "MMD mean": 2.4589895202267553,
    "MMD std": 1.9339657431933006
}