{
    "MMD mean": 1.6868560314178467,
    "MMD std": 1.7190059424429118
}