{
    "MMD mean": 1.6868560360028193,
    "MMD std": 1.7190059771590134
}