{
    "MMD mean": 3.26282201692896,
    "MMD std": 2.2576458883036428
}