{
    "WSD mean": 0.22675072684962855,
    "WSD std": 0.30827896140148653
}