{
    "WSD mean": 0.22986600445463404,
    "WSD std": 0.35262862303031367
}