{
    "WSD mean": 0.22675072685250175,
    "WSD std": 0.30827896129175
}