{
    "WSD mean": 0.22986600420447864,
    "WSD std": 0.3526286227392553
}