{
    "MMD mean": 5.0853668220581545,
    "MMD std": 1.5257213862569525
}