{
    "maes": {
        "Si/Al": 25.497057421332492,
        "Al/P": 0.7986570142391252,
        "Si/Ge": NaN,
        "Si/B": NaN,
        "Na/T": 0.10902889588564854,
        "K/T": 0.03874899689222358,
        "OH/T": 0.18284524458063697,
        "F/T": 0.10460937462036088,
        "H2O/T": 29.08206551032321,
        "sda1/T": 0.48054144883144057,
        "cryst_temp": 16.421188621110815,
        "cryst_time": 174.96791785410656
    },
    "wmaes": {
        "Si/Al": 24.79316820653725,
        "Al/P": 0.4080913167433664,
        "Si/Ge": 0.0,
        "Si/B": 0.0,
        "Na/T": 0.027743723611410035,
        "K/T": 0.011149728940847696,
        "OH/T": 0.06679800195546698,
        "F/T": 0.026033448576090322,
        "H2O/T": 15.6663065713305,
        "sda1/T": 0.2155446744579903,
        "cryst_temp": 17.480169990330864,
        "cryst_time": 99.91819153100721
    },
    "r2s": {
        "Si/Al": null,
        "Al/P": null,
        "Si/Ge": null,
        "Si/B": null,
        "Na/T": null,
        "K/T": null,
        "OH/T": null,
        "F/T": null,
        "H2O/T": null,
        "sda1/T": null,
        "cryst_temp": null,
        "cryst_time": null
    }
}