{
    "WSD mean": 0.6515267371358519,
    "WSD std": 0.4795916760827827
}