{
    "MMD mean": 1.7146744223741384,
    "MMD std": 1.6623555240189727
}