{
    "MMD mean": 2.036018959937557,
    "MMD std": 1.65853991221678
}