{
    "maes": {
        "Si/Al": 15.326396735741001,
        "Al/P": 0.12618099647944078,
        "Si/Ge": 1.005178713181235,
        "Si/B": 9.303403871974625,
        "Na/T": 0.07351079061254095,
        "K/T": 0.0789237665747041,
        "OH/T": 0.16812171593687342,
        "F/T": 0.0773399663672047,
        "H2O/T": 27.68525292470924,
        "sda1/T": 0.41116699531802203,
        "cryst_temp": 16.827934484648118,
        "cryst_time": 162.95583353818586
    },
    "wmaes": {
        "Si/Al": 0.8280626877428752,
        "Al/P": 0.26315125971134584,
        "Si/Ge": 1.414303396903838,
        "Si/B": 1.7462170003965964,
        "Na/T": 0.026367325647584407,
        "K/T": 0.038846487904828336,
        "OH/T": 0.19408533408286083,
        "F/T": 0.02149970161350234,
        "H2O/T": 23.193251405370766,
        "sda1/T": 0.691071043730247,
        "cryst_temp": 17.101449886266508,
        "cryst_time": 107.43222563669624
    },
    "r2s": {
        "Si/Al": -0.7925837891632184,
        "Al/P": 0.5041980666311829,
        "Si/Ge": 0.42096764647684015,
        "Si/B": 0.06100951383648323,
        "Na/T": 0.1065564864080375,
        "K/T": -15.948362539572162,
        "OH/T": -0.5523152889826777,
        "F/T": 0.320618763896127,
        "H2O/T": -0.8198394805510016,
        "sda1/T": -0.6473207320241647,
        "cryst_temp": -0.6921988437416227,
        "cryst_time": 0.09560365880695099
    }
}