{
    "maes": {
        "Si/Al": 14.011845377528385,
        "Al/P": 0.13036041646865032,
        "Si/Ge": 1.0510888840465404,
        "Si/B": 8.056362747439794,
        "Na/T": 0.08953204523172635,
        "K/T": 0.04392907406602715,
        "OH/T": 0.140306850612294,
        "F/T": 0.09506698138176783,
        "H2O/T": 24.491340098987482,
        "sda1/T": 0.4399222370217363,
        "cryst_temp": 15.757521111963985,
        "cryst_time": 214.9550063340959
    },
    "wmaes": {
        "Si/Al": 0.4911113267511106,
        "Al/P": 0.2595811625751507,
        "Si/Ge": 1.8027353792699454,
        "Si/B": 10.678068442861978,
        "Na/T": 0.028080046198907423,
        "K/T": 0.027802436206235605,
        "OH/T": 0.2427351590405251,
        "F/T": 0.029869001217995586,
        "H2O/T": 20.611336546590156,
        "sda1/T": 0.24290658592011918,
        "cryst_temp": 16.177344629908635,
        "cryst_time": 238.00715944372195
    },
    "r2s": {
        "Si/Al": 0.2037774989501394,
        "Al/P": 0.4498366180200999,
        "Si/Ge": 0.4397854904320325,
        "Si/B": 0.2063663626318527,
        "Na/T": 0.054707087406269284,
        "K/T": -4.0511149801241935,
        "OH/T": -0.19534946208995407,
        "F/T": -0.28020564653692537,
        "H2O/T": -0.4285059333356904,
        "sda1/T": -0.7283059321017034,
        "cryst_temp": -0.7131897316691092,
        "cryst_time": -0.07864277799402619
    }
}