{
    "WSD mean": 0.44141012829551274,
    "WSD std": 0.4831725470152389
}