{
    "WSD mean": 0.4888993733151842,
    "WSD std": 0.5037828527282557
}