{
    "MMD mean": 2.0311604866417508,
    "MMD std": 1.5112961152715847
}