{
    "MMD mean": 1.6691128474015455,
    "MMD std": 1.4940395501093422
}