{
    "maes": {
        "Si/Al": 20.804008813104865,
        "Al/P": 0.12934107097760944,
        "Si/Ge": 1.6661593879604684,
        "Si/B": 10.556287563444462,
        "Na/T": 0.10261978827501893,
        "K/T": 0.079301047241341,
        "OH/T": 0.21827906359987267,
        "F/T": 0.09666269806496354,
        "H2O/T": 24.05241823563936,
        "sda1/T": 0.47112292661484656,
        "cryst_temp": 15.287347325292385,
        "cryst_time": 173.39153146657378
    },
    "wmaes": {
        "Si/Al": 1.9939650526266857,
        "Al/P": 0.25834216936804605,
        "Si/Ge": 1.2893875305149636,
        "Si/B": 9.611505886494195,
        "Na/T": 0.028049031792789086,
        "K/T": 0.03268731064154683,
        "OH/T": 0.47298808453326197,
        "F/T": 0.018051918298818605,
        "H2O/T": 34.9813027731561,
        "sda1/T": 0.5153288741744404,
        "cryst_temp": 15.22131140287524,
        "cryst_time": 138.04110996536087
    },
    "r2s": {
        "Si/Al": -1.6222481247963842,
        "Al/P": 0.46479454865443903,
        "Si/Ge": 0.20635742370250332,
        "Si/B": -0.07744675192716621,
        "Na/T": 0.2460840178393544,
        "K/T": -51.87397465629778,
        "OH/T": -0.1500439399302549,
        "F/T": 0.24218804535778182,
        "H2O/T": -2.751935180392702,
        "sda1/T": -0.7086079732620103,
        "cryst_temp": -0.24310972406968867,
        "cryst_time": -0.2915831126302324
    }
}