{
    "maes": {
        "Si/Al": 18.170478157177655,
        "Al/P": 0.13615385836423224,
        "Si/Ge": 1.4028355421643215,
        "Si/B": 8.477764988195409,
        "Na/T": 0.11531893627490584,
        "K/T": 0.04721619010678739,
        "OH/T": 0.17479260854893455,
        "F/T": 0.10788074211960544,
        "H2O/T": 24.6780468954043,
        "sda1/T": 0.5278985493675988,
        "cryst_temp": 16.024690461007953,
        "cryst_time": 175.10313930093884
    },
    "wmaes": {
        "Si/Al": 1.2151280413722152,
        "Al/P": 0.28144795042084436,
        "Si/Ge": 1.5567559742098362,
        "Si/B": 13.262656243308975,
        "Na/T": 0.04377657489302807,
        "K/T": 0.036490824688266504,
        "OH/T": 0.30846310191768567,
        "F/T": 0.024210517202586254,
        "H2O/T": 29.154405941154945,
        "sda1/T": 0.4369123904519403,
        "cryst_temp": 16.38941681547495,
        "cryst_time": 139.2854341503579
    },
    "r2s": {
        "Si/Al": -0.7567146858739764,
        "Al/P": 0.5074953148856861,
        "Si/Ge": 0.36050422659754533,
        "Si/B": -0.07587433790189246,
        "Na/T": 0.274871681947514,
        "K/T": -13.106937355008984,
        "OH/T": -0.08168439757778412,
        "F/T": -0.3722001990223347,
        "H2O/T": -1.6714496338504352,
        "sda1/T": -1.1522051011905887,
        "cryst_temp": -0.5241843367430878,
        "cryst_time": -1.7873922144009544
    }
}