{
    "WSD mean": 0.5397510864107553,
    "WSD std": 0.4705311475358146
}