{
    "WSD mean": 0.5407272659661397,
    "WSD std": 0.468086418598032
}