{
    "MMD mean": 2.2293452370551323,
    "MMD std": 1.291826895439397
}