{
    "MMD mean": 1.7586829616473272,
    "MMD std": 1.372971704634471
}