{
    "maes": {
        "Si/Al": 23.10485033882426,
        "Al/P": 0.17504405811224588,
        "Si/Ge": 1.1971905342215905,
        "Si/B": 6.376121239925851,
        "Na/T": 0.08757436320789005,
        "K/T": 0.19818478306898704,
        "OH/T": 0.18485491969421183,
        "F/T": 0.10588317884909114,
        "H2O/T": 24.97127096208099,
        "sda1/T": 0.39465034646743263,
        "cryst_temp": 14.76238646874061,
        "cryst_time": 100.28169402709374
    },
    "wmaes": {
        "Si/Al": 14.81395484777672,
        "Al/P": 0.24804103831742666,
        "Si/Ge": 0.873096575448812,
        "Si/B": 1.4125470626994399,
        "Na/T": 0.03696092496014719,
        "K/T": 0.20089657900153066,
        "OH/T": 0.21435876379839472,
        "F/T": 0.07500283513757502,
        "H2O/T": 20.56485246048041,
        "sda1/T": 0.3629596708886923,
        "cryst_temp": 15.17242192340565,
        "cryst_time": 66.41357701254394
    },
    "r2s": {
        "Si/Al": null,
        "Al/P": null,
        "Si/Ge": null,
        "Si/B": null,
        "Na/T": null,
        "K/T": null,
        "OH/T": null,
        "F/T": null,
        "H2O/T": null,
        "sda1/T": null,
        "cryst_temp": null,
        "cryst_time": null
    }
}