{
    "maes": {
        "Si/Al": 22.320581833269845,
        "Al/P": 0.17307916297082793,
        "Si/Ge": 1.3900879777269437,
        "Si/B": 6.254484397104338,
        "Na/T": 0.11184716690355169,
        "K/T": 0.17656658947384796,
        "OH/T": 0.16280201020556212,
        "F/T": 0.1353431559665071,
        "H2O/T": 26.161211595570126,
        "sda1/T": 0.4770983671284436,
        "cryst_temp": 15.593368837910313,
        "cryst_time": 144.77875582024615
    },
    "wmaes": {
        "Si/Al": 12.495473505321339,
        "Al/P": 0.3457125917013898,
        "Si/Ge": 0.9458459551398828,
        "Si/B": 5.148785088394632,
        "Na/T": 0.034842144310634725,
        "K/T": 0.45614742409419184,
        "OH/T": 0.2193100580467691,
        "F/T": 0.07468161242840782,
        "H2O/T": 19.200789102402975,
        "sda1/T": 0.26487528403945887,
        "cryst_temp": 16.52999193393707,
        "cryst_time": 102.4452851079896
    },
    "r2s": {
        "Si/Al": null,
        "Al/P": null,
        "Si/Ge": null,
        "Si/B": null,
        "Na/T": null,
        "K/T": null,
        "OH/T": null,
        "F/T": null,
        "H2O/T": null,
        "sda1/T": null,
        "cryst_temp": null,
        "cryst_time": null
    }
}