{
    "WSD mean": 0.6587506154068804,
    "WSD std": 0.3832330867851488
}