{
    "WSD mean": 0.7325018433156374,
    "WSD std": 0.40979018629487296
}