{
    "MMD mean": 2.2011544127618112,
    "MMD std": 1.429841724512358
}