{
    "maes": {
        "Si/Al": 22.448741584484065,
        "Al/P": 0.15611963775531598,
        "Si/Ge": 1.3319474859720646,
        "Si/B": 6.056784410827015,
        "Na/T": 0.10917082550418433,
        "K/T": 0.07019864057544892,
        "OH/T": 0.15179882444932757,
        "F/T": 0.1112043505627396,
        "H2O/T": 25.75365139510963,
        "sda1/T": 0.44992706247120945,
        "cryst_temp": 15.292891543398621,
        "cryst_time": 145.58849025830145
    },
    "wmaes": {
        "Si/Al": 6.703796830953089,
        "Al/P": 0.29896965735899184,
        "Si/Ge": 1.7185922823177564,
        "Si/B": 6.271674878694647,
        "Na/T": 0.06575247963412757,
        "K/T": 0.11938975926182455,
        "OH/T": 0.21090195940354198,
        "F/T": 0.027368302924598412,
        "H2O/T": 30.00461563245586,
        "sda1/T": 0.21003050792351424,
        "cryst_temp": 15.954061053764732,
        "cryst_time": 102.32236134851911
    },
    "r2s": {
        "Si/Al": null,
        "Al/P": null,
        "Si/Ge": null,
        "Si/B": null,
        "Na/T": null,
        "K/T": null,
        "OH/T": null,
        "F/T": null,
        "H2O/T": null,
        "sda1/T": null,
        "cryst_temp": null,
        "cryst_time": null
    }
}