{
    "WSD mean": 0.5971216412950091,
    "WSD std": 0.4553148081336637
}