{
    "MMD mean": 1.9311273097991943,
    "MMD std": 1.5027452913286337
}