{
    "MMD mean": 1.5947746542783885,
    "MMD std": 1.520864398787412
}