{
    "maes": {
        "Si/Al": 17.581384545009104,
        "Al/P": 0.15165910621555312,
        "Si/Ge": 1.501462877731835,
        "Si/B": 6.640929978065111,
        "Na/T": 0.10661778994778613,
        "K/T": 0.040797938903287964,
        "OH/T": 0.156046555251073,
        "F/T": 0.09351535169649285,
        "H2O/T": 23.914032550528024,
        "sda1/T": 0.4605308365196214,
        "cryst_temp": 15.615711538920591,
        "cryst_time": 355.12267493801545
    },
    "wmaes": {
        "Si/Al": 2.0073987147130725,
        "Al/P": 0.3264801533796477,
        "Si/Ge": 1.9122540904938075,
        "Si/B": 7.646502608917326,
        "Na/T": 0.03243101128321036,
        "K/T": 0.013660677626398849,
        "OH/T": 0.3812170088430655,
        "F/T": 0.032435155919076065,
        "H2O/T": 17.44883219090042,
        "sda1/T": 0.2806084615911957,
        "cryst_temp": 16.304309804743415,
        "cryst_time": 282.81006040526535
    },
    "r2s": {
        "Si/Al": -0.9289666272069961,
        "Al/P": 0.403233366811271,
        "Si/Ge": -0.0019643835101608165,
        "Si/B": -0.253526018764872,
        "Na/T": 0.23661009219092866,
        "K/T": -30.1171604306148,
        "OH/T": -0.12215968831925217,
        "F/T": -0.6410631035963961,
        "H2O/T": -1.0129730396606513,
        "sda1/T": -2.064444706118967,
        "cryst_temp": -1.1806684607892772,
        "cryst_time": -0.25883697035976794
    }
}