{
    "maes": {
        "Si/Al": 19.093115435246787,
        "Al/P": 0.137116668426273,
        "Si/Ge": 1.6523893971474057,
        "Si/B": 6.857903928957909,
        "Na/T": 0.11122533635862743,
        "K/T": 0.07464925934537893,
        "OH/T": 0.18668375353603617,
        "F/T": 0.07588040939426496,
        "H2O/T": 24.32542660462252,
        "sda1/T": 0.43233857904394324,
        "cryst_temp": 15.137946646287528,
        "cryst_time": 317.6270288260475
    },
    "wmaes": {
        "Si/Al": 3.3419299998667666,
        "Al/P": 0.2999208660886914,
        "Si/Ge": 1.1974708039323954,
        "Si/B": 1.4997065559518443,
        "Na/T": 0.02984762580743064,
        "K/T": 0.015302137130616076,
        "OH/T": 0.5042246246212309,
        "F/T": 0.021488617982320733,
        "H2O/T": 20.649408452037065,
        "sda1/T": 0.4423563604936579,
        "cryst_temp": 15.298885878917563,
        "cryst_time": 218.26495983931358
    },
    "r2s": {
        "Si/Al": -2.285785993335329,
        "Al/P": 0.47768922844611483,
        "Si/Ge": 0.0009298353175161145,
        "Si/B": -0.3096626132866609,
        "Na/T": 0.08564639865369172,
        "K/T": -111.93407386220284,
        "OH/T": -0.19270913753814511,
        "F/T": 0.15418781798940495,
        "H2O/T": -1.1199397090245506,
        "sda1/T": -2.007643724947576,
        "cryst_temp": -1.168052966014577,
        "cryst_time": -0.18446471113612284
    }
}