{
    "WSD mean": 0.5083678749751351,
    "WSD std": 0.4750104086490787
}