{
    "WSD mean": 0.4946101389051336,
    "WSD std": 0.45611981861226253
}