{
    "MMD mean": 1.7030228284689097,
    "MMD std": 1.5822749853686084
}