{
    "MMD mean": 1.9932517031187653,
    "MMD std": 1.5149979412680998
}