{
    "maes": {
        "Si/Al": 17.750070838253276,
        "Al/P": 0.11473989131640798,
        "Si/Ge": 0.8730593501296754,
        "Si/B": 6.153535813735225,
        "Na/T": 0.08668131842953766,
        "K/T": 0.0387102326863581,
        "OH/T": 0.14961861088823664,
        "F/T": 0.11568724095618112,
        "H2O/T": 24.739266235033625,
        "sda1/T": 0.4672450292910635,
        "cryst_temp": 15.905305274743926,
        "cryst_time": 170.2334331154597
    },
    "wmaes": {
        "Si/Al": 10.457017912354742,
        "Al/P": 0.24945290596477163,
        "Si/Ge": 1.0896628370917372,
        "Si/B": 7.609566828486626,
        "Na/T": 0.025720057366829807,
        "K/T": 0.01950764398505749,
        "OH/T": 0.188887036595022,
        "F/T": 0.02585480951458449,
        "H2O/T": 12.306893582177509,
        "sda1/T": 0.22366497256956594,
        "cryst_temp": 16.845616520684562,
        "cryst_time": 80.95006168267219
    },
    "r2s": {
        "Si/Al": -0.5007937181344853,
        "Al/P": 0.5528048255374564,
        "Si/Ge": -1.166076355846525,
        "Si/B": -2.1516574054365734,
        "Na/T": -0.15406206689703716,
        "K/T": -51.53781864347004,
        "OH/T": -0.7235418919223431,
        "F/T": -0.30265569847401874,
        "H2O/T": -1.60169870436154,
        "sda1/T": -1.94932978298249,
        "cryst_temp": -1.1918252496340513,
        "cryst_time": -1.1980939782490867
    }
}