{
    "maes": {
        "Si/Al": 17.906476226758404,
        "Al/P": 0.10613591874930053,
        "Si/Ge": 0.7533939915251175,
        "Si/B": 5.6692711083069804,
        "Na/T": 0.0686384717013666,
        "K/T": 0.07152527948504821,
        "OH/T": 0.1800326965143957,
        "F/T": 0.11946338636480211,
        "H2O/T": 26.551936581801844,
        "sda1/T": 0.42608689441609876,
        "cryst_temp": 14.961597257046588,
        "cryst_time": 135.3853444074745
    },
    "wmaes": {
        "Si/Al": 16.473329191912622,
        "Al/P": 0.28111125640130596,
        "Si/Ge": 0.6576116530376204,
        "Si/B": 1.8784905499817426,
        "Na/T": 0.023846102904011,
        "K/T": 0.021621146986379024,
        "OH/T": 0.24002024176189313,
        "F/T": 0.017528921956989026,
        "H2O/T": 13.351550996765969,
        "sda1/T": 0.2729801889883877,
        "cryst_temp": 15.021883188502448,
        "cryst_time": 79.81812027519288
    },
    "r2s": {
        "Si/Al": -0.707160701145414,
        "Al/P": 0.6066717517139782,
        "Si/Ge": -0.12995269827300904,
        "Si/B": -1.668270555529701,
        "Na/T": 0.2305888286950778,
        "K/T": -321.8403466768758,
        "OH/T": -2.8611555313082975,
        "F/T": -0.04044299985869171,
        "H2O/T": -1.3583364249124887,
        "sda1/T": -2.7400722031625904,
        "cryst_temp": -1.513652861965182,
        "cryst_time": -0.050974444703484334
    }
}