{
    "WSD mean": 0.49427033465084236,
    "WSD std": 0.4747065841484759
}