{
    "WSD mean": 0.5302140154019173,
    "WSD std": 0.5135571833344522
}