{
    "MMD mean": 4.580447669212635,
    "MMD std": 1.4751854092639167
}