{
    "MMD mean": 5.0866884390513105,
    "MMD std": 1.5267725239882644
}