{
    "maes": {
        "Si/Al": 25.49146345389475,
        "Al/P": 0.8001160850612129,
        "Si/Ge": NaN,
        "Si/B": NaN,
        "Na/T": 0.10902889588564854,
        "K/T": 0.03874899689222358,
        "OH/T": 0.1828421173903275,
        "F/T": 0.10460937462036088,
        "H2O/T": 29.219301710676362,
        "sda1/T": 0.48052609006039326,
        "cryst_temp": 16.421186816307806,
        "cryst_time": 174.95731213432487
    },
    "wmaes": {
        "Si/Al": 24.67908602222369,
        "Al/P": 0.4139321509163048,
        "Si/Ge": 0.0,
        "Si/B": 0.0,
        "Na/T": 0.027743723611410035,
        "K/T": 0.011149728940847696,
        "OH/T": 0.06867464906694334,
        "F/T": 0.026033448576090322,
        "H2O/T": 14.662781294647326,
        "sda1/T": 0.21550489898932196,
        "cryst_temp": 17.480167830216907,
        "cryst_time": 99.91025439488519
    },
    "r2s": {
        "Si/Al": null,
        "Al/P": null,
        "Si/Ge": null,
        "Si/B": null,
        "Na/T": null,
        "K/T": null,
        "OH/T": null,
        "F/T": null,
        "H2O/T": null,
        "sda1/T": null,
        "cryst_temp": null,
        "cryst_time": null
    }
}