{
    "maes": {
        "Si/Al": 26.381271552043348,
        "Al/P": 0.7837197994131867,
        "Si/Ge": NaN,
        "Si/B": NaN,
        "Na/T": 0.0934820154193753,
        "K/T": 0.07155762431592358,
        "OH/T": 0.22536500368005363,
        "F/T": 0.07983511485732518,
        "H2O/T": 28.429078645108696,
        "sda1/T": 0.3945573150256398,
        "cryst_temp": 16.641146806570198,
        "cryst_time": 127.48758910252498
    },
    "wmaes": {
        "Si/Al": 24.091846408162993,
        "Al/P": 0.6079626846079402,
        "Si/Ge": 0.0,
        "Si/B": 0.0,
        "Na/T": 0.016769556337209043,
        "K/T": 0.008192731998516186,
        "OH/T": 0.022181491925793786,
        "F/T": 0.010590249248928877,
        "H2O/T": 15.475392059617793,
        "sda1/T": 0.23131384289357917,
        "cryst_temp": 17.379764157010925,
        "cryst_time": 81.50949109639272
    },
    "r2s": {
        "Si/Al": null,
        "Al/P": null,
        "Si/Ge": null,
        "Si/B": null,
        "Na/T": null,
        "K/T": null,
        "OH/T": null,
        "F/T": null,
        "H2O/T": null,
        "sda1/T": null,
        "cryst_temp": null,
        "cryst_time": null
    }
}