{
    "WSD mean": 0.6525554376435416,
    "WSD std": 0.4802078420418131
}