{
    "WSD mean": 0.7140615359036164,
    "WSD std": 0.451649458320417
}