{
    "MMD mean": 1.8211851395093477,
    "MMD std": 1.1778997997882563
}