{
    "MMD mean": 2.354553576438658,
    "MMD std": 1.1692303699877546
}