{
    "MMD mean": 2.9343960592823644,
    "MMD std": 1.1050096488822
}