{
    "MMD mean": 2.3663229667223415,
    "MMD std": 1.132226062599893
}