{
    "maes": {
        "Si/Al": 174.0231790898575,
        "Al/P": 0.6351124958321864,
        "Si/Ge": 44.10327708447942,
        "Si/B": 111.56582664447954,
        "Na/T": 0.8701595602270629,
        "K/T": 2.66175772251082,
        "OH/T": 1.053796987999907,
        "F/T": 0.5465430062087863,
        "H2O/T": 72.84362902420139,
        "sda1/T": 2.6522405055974736,
        "cryst_temp": 203.90984990876416,
        "cryst_time": 7065.606820768133
    },
    "wmaes": {
        "Si/Al": 197.74753699278426,
        "Al/P": 0.4597565469070875,
        "Si/Ge": 44.095876335137476,
        "Si/B": 116.77050407200122,
        "Na/T": 0.9394522999264551,
        "K/T": 2.641987751992125,
        "OH/T": 1.243380672845072,
        "F/T": 0.6160627958728087,
        "H2O/T": 88.22610847997338,
        "sda1/T": 2.93783749738841,
        "cryst_temp": 206.05939384093008,
        "cryst_time": 7153.847222887342
    },
    "r2s": {
        "Si/Al": -599.8901001968003,
        "Al/P": -407.4347047573338,
        "Si/Ge": -563.7808620794117,
        "Si/B": -703.43920037381,
        "Na/T": -362.5961585833849,
        "K/T": -833.3740327389343,
        "OH/T": -369.03629742969105,
        "F/T": -457.914648556351,
        "H2O/T": -281.3664528587501,
        "sda1/T": -391.5157172991369,
        "cryst_temp": -162.44938456727198,
        "cryst_time": -401.14930373687594
    }
}