{
    "maes": {
        "Si/Al": 171.7660967653031,
        "Al/P": 0.6570696349433776,
        "Si/Ge": 44.06855249412078,
        "Si/B": 112.52755904174033,
        "Na/T": 0.8562227452721888,
        "K/T": 2.649949642795048,
        "OH/T": 1.0662089489694753,
        "F/T": 0.5379416307684601,
        "H2O/T": 76.77276295302347,
        "sda1/T": 2.6889570350839693,
        "cryst_temp": 201.34609059293265,
        "cryst_time": 7004.538265926274
    },
    "wmaes": {
        "Si/Al": 195.70946492224942,
        "Al/P": 0.3443690880063272,
        "Si/Ge": 43.29349755007625,
        "Si/B": 113.11786711514631,
        "Na/T": 0.9313090965672163,
        "K/T": 2.6331333001802038,
        "OH/T": 1.195208712830662,
        "F/T": 0.602263208679227,
        "H2O/T": 88.433647864986,
        "sda1/T": 2.9514269654853784,
        "cryst_temp": 204.19248809321272,
        "cryst_time": 7121.967533190844
    },
    "r2s": {
        "Si/Al": -254.3928767032457,
        "Al/P": -231.26343480397898,
        "Si/Ge": -403.7095626798782,
        "Si/B": -330.7964350999077,
        "Na/T": -221.92637193338714,
        "K/T": -279.79042884609595,
        "OH/T": -223.92995517544588,
        "F/T": -216.0747678642174,
        "H2O/T": -178.9078829815358,
        "sda1/T": -241.89258375730324,
        "cryst_temp": -107.89602431718464,
        "cryst_time": -291.73527695516174
    }
}