{
    "maes": {
        "Si/Al": 25.22592451017392,
        "Al/P": 0.3453216673579158,
        "Si/Ge": 2.7805021617095917,
        "Si/B": 10.018746744957753,
        "Na/T": 0.15349955722698583,
        "K/T": 0.1015838683916417,
        "OH/T": 0.23923210144018342,
        "F/T": 0.1272683430176515,
        "H2O/T": 27.802034590930607,
        "sda1/T": 0.48932601686325283,
        "cryst_temp": 16.580922860365646,
        "cryst_time": 113.85266135289119
    },
    "wmaes": {
        "Si/Al": 21.98051808553388,
        "Al/P": 0.2912128683814782,
        "Si/Ge": 2.4323649766839175,
        "Si/B": 6.716454010938506,
        "Na/T": 0.15544642261980618,
        "K/T": 0.03591213736959745,
        "OH/T": 0.20352549042712106,
        "F/T": 0.10995370109031842,
        "H2O/T": 32.828186703077066,
        "sda1/T": 0.426763538636876,
        "cryst_temp": 17.12694482103349,
        "cryst_time": 97.36550317356533
    },
    "r2s": {
        "Si/Al": -133.19606761631235,
        "Al/P": -90.29886611779723,
        "Si/Ge": -7.987216583738141,
        "Si/B": -28.331977216135332,
        "Na/T": -46.583250025551024,
        "K/T": -457.3128450638068,
        "OH/T": -131.34947630277736,
        "F/T": -80.9373463137694,
        "H2O/T": -255.9532102724546,
        "sda1/T": -191.12473419044846,
        "cryst_temp": -84.80039469939372,
        "cryst_time": -18.73525623988383
    }
}