{
    "maes": {
        "Si/Al": 24.440779771589273,
        "Al/P": 0.34935569884331247,
        "Si/Ge": 2.938698483438327,
        "Si/B": 10.565700638515409,
        "Na/T": 0.1813066668854776,
        "K/T": 0.07041273841730467,
        "OH/T": 0.24152738530212584,
        "F/T": 0.16057893434809822,
        "H2O/T": 29.278613146744988,
        "sda1/T": 0.5805709831412226,
        "cryst_temp": 17.086957808463804,
        "cryst_time": 166.52041690740535
    },
    "wmaes": {
        "Si/Al": 21.492775023242125,
        "Al/P": 0.37098856737718744,
        "Si/Ge": 2.279295151257997,
        "Si/B": 8.285369525016472,
        "Na/T": 0.1501585218434587,
        "K/T": 0.04586659955869463,
        "OH/T": 0.20096997208609785,
        "F/T": 0.11645532763604333,
        "H2O/T": 29.76654374285533,
        "sda1/T": 0.5179142851526324,
        "cryst_temp": 17.89608953624756,
        "cryst_time": 138.69049492573447
    },
    "r2s": {
        "Si/Al": -57.36924292540518,
        "Al/P": -61.26012109528168,
        "Si/Ge": -4.997425260903269,
        "Si/B": -28.12655173865365,
        "Na/T": -39.9728213653714,
        "K/T": -124.92093111717202,
        "OH/T": -64.2555739257381,
        "F/T": -72.57488990260929,
        "H2O/T": -168.63026687907688,
        "sda1/T": -140.42653186212289,
        "cryst_temp": -58.553306495081166,
        "cryst_time": -81.22501528747095
    }
}