{
    "WSD mean": 0.8430868983600989,
    "WSD std": 0.3374096087420787
}