{
    "WSD mean": 1.6781723334221952,
    "WSD std": 0.13070404220352808
}