{
    "WSD mean": 1.6160138068599392,
    "WSD std": 0.15246750244121013
}