{
    "WSD mean": 0.9012675823565063,
    "WSD std": 0.32638925553766074
}