{
    "MMD mean": 2.2009694204535535,
    "MMD std": 1.3434535663244793
}