{
    "MMD mean": 1.7275921977483308,
    "MMD std": 1.361824903322904
}