{
    "maes": {
        "Si/Al": 19.167289269177683,
        "Al/P": 0.20156039735415904,
        "Si/Ge": 1.4662358947098255,
        "Si/B": 6.683813701849431,
        "Na/T": 0.09294239597301594,
        "K/T": 0.09441231243887999,
        "OH/T": 0.19568136556671772,
        "F/T": 0.10978158653037659,
        "H2O/T": 24.934749337020687,
        "sda1/T": 0.4019631399849179,
        "cryst_temp": 15.475543095515324,
        "cryst_time": 99.74941187638503
    },
    "wmaes": {
        "Si/Al": 6.488640141381872,
        "Al/P": 0.2595814900609459,
        "Si/Ge": 1.2801212785183695,
        "Si/B": 2.0553492959760225,
        "Na/T": 0.03668259775985088,
        "K/T": 0.019763680978938873,
        "OH/T": 0.389333744638199,
        "F/T": 0.019452939644867787,
        "H2O/T": 29.26883243147736,
        "sda1/T": 0.33805069057642445,
        "cryst_temp": 16.001895973936108,
        "cryst_time": 72.53546416189195
    },
    "r2s": {
        "Si/Al": -12.553326198685816,
        "Al/P": -1.3115875120255853,
        "Si/Ge": 0.1240895102174272,
        "Si/B": -13.70785577514394,
        "Na/T": -0.21553793317497938,
        "K/T": -29.45877900182769,
        "OH/T": -1.7707749338965773,
        "F/T": -1.4266065342715106,
        "H2O/T": -19.292141071819792,
        "sda1/T": -6.997909136469805,
        "cryst_temp": -1.9488521774974492,
        "cryst_time": -3.475726948065345
    }
}