{
    "maes": {
        "Si/Al": 18.45107961858157,
        "Al/P": 0.21040759249305238,
        "Si/Ge": 1.5844790398809385,
        "Si/B": 6.645354941619459,
        "Na/T": 0.11293311960217843,
        "K/T": 0.06276298735893047,
        "OH/T": 0.17317852785216079,
        "F/T": 0.12940189544291747,
        "H2O/T": 25.989491996415442,
        "sda1/T": 0.47260102069943727,
        "cryst_temp": 15.263679278794156,
        "cryst_time": 148.97664388950153
    },
    "wmaes": {
        "Si/Al": 4.577849590670031,
        "Al/P": 0.3620546827782079,
        "Si/Ge": 2.005178727516689,
        "Si/B": 5.209111357996519,
        "Na/T": 0.03614492063548094,
        "K/T": 0.018635466249213493,
        "OH/T": 0.2973358746343136,
        "F/T": 0.0282685394464947,
        "H2O/T": 25.744228673067354,
        "sda1/T": 0.21370369550066398,
        "cryst_temp": 16.17390974390938,
        "cryst_time": 123.46922301769872
    },
    "r2s": {
        "Si/Al": -5.536822347743435,
        "Al/P": -0.7970423636198585,
        "Si/Ge": 0.205976856225903,
        "Si/B": -13.58318004457187,
        "Na/T": -0.8212600941603521,
        "K/T": -3.978322252266733,
        "OH/T": -0.6914315829058288,
        "F/T": -4.325994009602604,
        "H2O/T": -14.308038182284344,
        "sda1/T": -7.555783075163641,
        "cryst_temp": -2.326270510784511,
        "cryst_time": -20.25631560109645
    }
}