{
    "WSD mean": 0.612059959609199,
    "WSD std": 0.40917290084840724
}