{
    "WSD mean": 0.6664664608871121,
    "WSD std": 0.4372172411701989
}