{
    "MMD mean": 5.087323029836019,
    "MMD std": 1.5229469890641227
}