{
    "MMD mean": 4.579505879145402,
    "MMD std": 1.4741080408859801
}