{
    "maes": {
        "Si/Al": 25.998009312156572,
        "Al/P": 0.7986570142391252,
        "Si/Ge": NaN,
        "Si/B": NaN,
        "Na/T": 0.10902889588564854,
        "K/T": 0.03874899689222358,
        "OH/T": 0.18285138556441558,
        "F/T": 0.10460937462036088,
        "H2O/T": 29.122454609546715,
        "sda1/T": 0.48052609006039326,
        "cryst_temp": 16.421186816307806,
        "cryst_time": 174.95731213432487
    },
    "wmaes": {
        "Si/Al": 26.216552665938636,
        "Al/P": 0.4080913167433664,
        "Si/Ge": 0.0,
        "Si/B": 0.0,
        "Na/T": 0.027743723611410035,
        "K/T": 0.011149728940847696,
        "OH/T": 0.06812141232453695,
        "F/T": 0.026033448576090322,
        "H2O/T": 15.280550505747986,
        "sda1/T": 0.21550489898932196,
        "cryst_temp": 17.480167830216907,
        "cryst_time": 99.91025439488519
    },
    "r2s": {
        "Si/Al": null,
        "Al/P": null,
        "Si/Ge": null,
        "Si/B": null,
        "Na/T": null,
        "K/T": null,
        "OH/T": null,
        "F/T": null,
        "H2O/T": null,
        "sda1/T": null,
        "cryst_temp": null,
        "cryst_time": null
    }
}