{
    "WSD mean": 0.6509735552628771,
    "WSD std": 0.4793941261311524
}