{
    "WSD mean": 0.7119853266773426,
    "WSD std": 0.4511966368661709
}