smiles,lat_0,lat_1,lat_2,lat_3,lat_4,lat_5,lat_6,lat_7,lat_8,lat_9,lat_10,lat_11,lat_12,lat_13,lat_14,lat_15,lat_16,lat_17,lat_18,lat_19,lat_20,lat_21,lat_22,lat_23,lat_24,lat_25,lat_26,lat_27,lat_28,lat_29,lat_30,lat_31,lat_32,lat_33,lat_34,lat_35,lat_36,lat_37,lat_38,lat_39,lat_40,lat_41,lat_42,lat_43,lat_44,lat_45,lat_46,lat_47,lat_48,lat_49,lat_50,lat_51,lat_52,lat_53,lat_54,lat_55,lat_56,lat_57,lat_58,lat_59,lat_60,lat_61,lat_62,lat_63,PCA 1,PCA 2,t-SNE 1,t-SNE 2,asphericity_mean_0,axes_mean_0,axes_mean_1,formal_charge,free_sasa_mean_0,mol_weight,npr1_mean_0,npr2_mean_0,num_rot_bonds_mean_0,pmi1_mean_0,pmi2_mean_0,pmi3_mean_0,spherocity_index_mean_0,volume_mean_0
BrCCCCBr,-1.7197485,10.519267,-10.472148,12.54017,-16.862823,-9.254633,11.208734,12.175131,-5.1728787,-11.121085,24.254768,-12.8265,-3.1130695,9.195859,15.293629,-3.2983818,-6.9311223,1.524501,5.3208723,5.8700213,7.2120485,2.5330293,-10.705651,-13.403756,-10.411273,-7.3020954,0.4531583,8.394819,-9.418879,-1.299273,-7.5699325,-9.645486,8.85322,4.164645,-7.7328305,7.4573474,-3.337482,27.346018,-7.128454,-5.568444,1.1295695,12.275361,-5.675105,-10.161323,5.5201845,-1.9387363,-4.4831934,10.714379,15.248752,-4.8026175,-1.2750002,-4.1030865,18.764582,7.3384814,-4.4516335,3.4902453,5.189664,1.3054364,-11.125643,-12.440477,-31.516136,-2.3508646,21.29593,29.339928,6.250229959036122,5.9316029209013825,4.953956,12.155189,0.8330458686526576,2.8443546591374864,5.873984566875097,0,306.7492719807484,215.916,0.0605973395084158,0.9655111555696728,3.0,91.71882932579749,1602.3779177522722,1654.6010067135287,0.4384381041687665,119.4194285714286
C(CCCC[N+]12CCC(CC1)CC2)CCC[N+]12CCC(CC1)CC2,6.47273,5.332329,1.4355658,12.168321,-3.966524,3.8217452,6.241824,1.0805901,3.848329,7.5657797,5.8359914,3.5689075,2.7001665,0.6304103,0.5969549,8.380246,5.998884,2.8881881,-4.701451,-0.24302708,3.468732,0.21632503,-0.7592978,0.16194558,-0.574304,-0.4439444,6.803023,9.188536,-3.5487852,4.304929,-8.691139,-5.4212394,2.510856,1.7317401,-1.5076052,6.970636,9.114208,2.9942455,-3.927386,-16.306776,-3.9335756,-6.2941394,-4.4807825,0.79973936,1.5651788,3.996294,0.12789866,0.6221791,5.9006867,-5.0521474,4.372781,-0.17553419,2.4137459,0.14602588,-1.3551731,-0.6119783,3.6140707,4.797299,0.61096776,-11.474463,-0.27373666,-0.6589061,2.0133278,1.0026673,2.236895749460382,-1.8165162698229709,-5.3700852,14.516267,0.8623916129800857,4.911552669092809,18.135734615007063,2,672.4391352548857,334.5920000000001,0.0485516388584897,0.9915994306201746,9.0,555.1389479212835,11355.847117087604,11451.601444058117,0.1051988556548419,368.3568000000001
C(CCCC[N+]12CCN(CC1)CC2)CCC[N+]12CCN(CC1)CC2,5.5875545,5.608339,-0.41360024,13.870687,-3.8194876,1.5517547,7.909514,-0.7102665,1.7026491,8.149711,8.834445,1.3757987,1.2968137,0.92005736,1.2697166,8.216772,3.578741,3.5586853,-3.959442,-1.1852454,4.6341157,-0.8268838,-2.619065,0.4468019,-0.716832,0.3869877,5.8796124,8.562418,-0.99852145,6.1441584,-7.7507763,-7.636419,0.47595936,4.0180807,-3.226603,6.7456946,8.788635,6.632824,-3.6370115,-15.899166,-5.932091,-5.089799,-6.0568304,0.22610521,2.75879,3.0890875,2.32626,1.2368991,10.246866,-5.234178,0.43517426,-1.2697895,2.383758,0.5354533,0.8243561,-1.7757562,0.9808918,4.139267,0.7500483,-11.667308,-2.9137998,0.7910527,2.2011988,3.6192846,3.347575988598216,-0.6793882836379609,-5.0063696,14.264401,0.8710827365183884,4.909037079981746,16.99694231956999,2,663.8433086853323,336.5680000000001,0.0453404646931976,0.9930642088363676,9.0,532.6365538228852,11698.399462378557,11779.326374235055,0.1086933213578019,362.63400000000007
C(CCC[N+]12CCC(CC1)CC2)CC[N+]12CCC(CC1)CC2,5.86331,5.7587657,-0.6687148,10.469231,-3.7894278,3.8947523,7.287319,0.83043575,2.753816,8.180948,7.0918684,3.0072126,1.5158904,2.109919,2.1115413,5.5045524,1.9430714,4.0353208,-2.8481627,1.5961093,0.7093477,-1.502792,-0.26505852,-1.4830883,-0.8415639,1.1257037,3.039028,5.382644,0.5751537,2.7410955,-5.095813,-5.7551155,2.29743,4.719471,-4.354316,3.8499362,9.483323,3.811763,-2.3475964,-13.52067,-6.666981,-4.042372,-3.5516832,-0.1053184,2.4134743,4.687763,2.9169033,1.5739489,7.8303375,-5.3827624,2.690162,-1.4571712,2.8792207,-3.161393,-1.3234822,0.51905155,1.2290369,4.992584,-0.7063627,-8.875675,-2.35864,0.30802143,0.8999348,2.1487825,2.7004215193264542,-1.2288538555447313,-4.9415636,13.78063,0.8278623139625095,4.521435402965638,15.865518404766206,2,611.5156516320948,306.53799999999995,0.0618106113951226,0.9947071259488912,7.0,486.2643652246432,7839.619045443722,7881.077248989177,0.1416447428024576,334.96040000000005
C(CCC[N+]12CCN(CC1)CC2)CCC[N+]12CCN(CC1)CC2,5.3569136,5.100047,-0.62331754,12.146804,-3.396864,1.6719679,6.9753385,-0.19724038,1.8666444,7.299004,7.7972207,1.4193405,1.5154229,0.8312165,1.4578899,6.9854436,2.752853,3.0503466,-3.5450642,-0.6510711,3.4667032,-1.1164536,-1.5920956,0.02693671,-1.0343986,0.7680763,4.9887033,6.930324,-0.5348036,4.8367786,-6.567487,-6.6246085,0.7211867,3.876993,-3.0814614,5.673069,7.8741584,5.3976274,-3.0892582,-14.227775,-5.3973145,-4.0160103,-4.8190536,0.3318346,2.6358285,2.7273917,1.9135915,1.0549407,8.638886,-4.7335343,0.6268953,-1.1735282,2.0501587,-0.03633775,0.050656825,-1.3024797,0.99580497,4.191581,0.28623435,-10.076352,-2.4940276,0.5196387,1.6193336,2.8601503,2.7533074420526655,-0.6588546237192665,-5.023274,14.149074,0.8460106983412541,4.870308960443124,16.3647663094388,2,633.6142888065248,322.5410000000001,0.0547219153271184,0.9888279023099278,8.0,539.0455639931018,9783.929725657134,9892.887340096191,0.1227710512797991,345.8560000000001
C(CCC[N+]12CCN(CC1)CC2)CC[N+]12CCN(CC1)CC2,4.993091,6.2374854,-1.8768901,11.139121,-3.6205063,2.1288884,7.3271213,-0.022969037,1.5412431,7.3451934,8.665044,0.8253607,0.8578475,1.33223,2.7743936,6.209115,0.12620738,3.5349276,-2.6455429,0.3765862,1.7988979,-1.7111615,-2.164733,-0.42396575,-1.4430552,1.2123863,3.9288688,4.482696,1.4806746,4.060415,-4.346949,-6.937316,1.3224771,5.3363323,-4.2290864,4.031058,7.683623,6.124388,-2.8027275,-12.279434,-6.1197114,-2.3459473,-4.235791,-0.49408847,3.525844,2.9127188,3.7064114,2.0115123,9.319862,-4.1355543,-0.8190666,-1.8521528,3.467806,-1.2982463,0.08570638,-0.82897353,-0.45583045,4.329441,0.46413788,-8.954737,-3.4736605,1.584386,1.406209,3.983274,3.2098611423971923,-0.20156019322258165,-4.800106,13.82132,0.8382280120700157,4.622512047031827,14.947843050930176,2,606.116689318255,308.5140000000001,0.0578374445191291,0.9962112125233372,7.0,470.803115078923,8117.12173817625,8147.886049824578,0.1468803131451344,329.11600000000004
C(CCN1CCOCCOCCOCCOCC1)CCN1CCOCCOCCOCCOCC1,-0.060853846,-13.363938,-17.310486,14.333859,-1.8995718,1.6161377,1.2110555,2.326284,-10.213278,2.833956,36.384953,-11.469954,1.5312407,4.4977145,7.4456286,-0.38576186,16.62303,0.8773967,-0.52760863,16.47378,1.5521837,-12.685008,-15.894008,-11.679985,-1.4203126,4.682123,11.719118,3.8970187,-10.777914,11.429341,6.8307114,-13.158044,0.8763502,19.188078,-5.370952,10.508647,2.5727055,5.73862,-14.13305,3.388784,-13.120052,-8.126654,-13.254013,2.9250877,-2.0121005,8.002605,1.4301695,13.15053,23.915169,-10.400271,-16.337114,-1.109092,3.1879263,1.6868526,-12.0354805,-7.6555023,4.916413,2.3759005,0.031541675,-34.730198,2.1377296,-2.4774008,11.650473,5.180375,7.652931653770714,4.629171434925201,9.935998,-12.303934,0.7176132843451317,7.427785558050398,19.95283588819989,0,837.3067875866936,506.68100000000055,0.1058994242770319,0.9532538333409056,6.0,2115.471703718804,19176.233461857195,20116.117965481903,0.1240404559299364,507.3204210526317
C(CCN1CCOCCOCCOCCOCC1)CN1CCOCCOCCOCCOCC1,-2.367528,-14.541558,-18.27142,12.486018,0.061736673,0.6708679,2.675668,1.8666006,-9.00854,4.4537544,33.481525,-11.123122,0.5836653,6.7267413,7.539382,1.854976,14.255891,1.1725427,-2.102141,17.504066,0.39952433,-10.178851,-16.712341,-13.03046,-1.3152792,1.8074212,10.990656,5.734113,-9.107406,11.049019,5.1339555,-14.998189,1.5930655,15.8956995,-4.950507,9.914861,0.6090961,7.1857266,-13.1737795,3.3462503,-13.581814,-5.232297,-13.418564,1.6162157,-1.053899,4.940266,2.2839932,14.413335,23.474483,-12.806168,-16.463633,-0.12195915,2.1782086,3.280458,-9.800799,-7.3541875,3.7236643,1.4044402,0.75218976,-32.455204,1.1931772,-1.7111423,9.981998,3.883114,7.015691088479521,5.079494896094542,9.917014,-12.283083,0.6399108329012603,7.9949662300920386,18.17956970617788,0,803.8451902622505,492.65400000000017,0.1424597241374924,0.9307212863841102,5.0,2255.0898016410742,15358.840861197745,16488.140108579235,0.148541312886742,490.63288888888906
C(CCN1CCOCCOCCOCCOCCOCC1)CN1CCOCCOCCOCCOCCOCC1,-1.5753018,-15.928628,-24.40526,10.312629,-3.9966388,-2.5713477,8.712177,1.3739902,-9.995631,6.9174438,40.51559,-16.784435,1.4248394,4.925917,7.0426693,2.2475104,19.177412,4.052076,-1.7557153,19.26802,-0.3684913,-14.693141,-21.016792,-12.714447,-3.7732348,1.5590775,18.152044,4.0605764,-12.353544,13.807513,5.5522985,-17.128906,0.43259054,22.957335,-6.039976,14.4928255,-2.3133235,14.053448,-10.984192,3.6063712,-19.958853,-7.2611375,-17.808228,3.5832584,0.8359027,4.5005665,2.862074,16.439459,33.988594,-16.550953,-22.358332,-3.2135148,2.5185192,8.800931,-8.65925,-9.947826,0.15531135,2.7608695,3.2111888,-40.755383,3.4213617,-2.5529926,13.59124,2.162201,10.263181477105613,6.43174236167735,9.92932,-12.357872,0.6955172476938073,8.02369250026581,21.079372158482407,0,923.0888657120964,580.7600000000003,0.1155049677555045,0.9476692432270352,5.0,2920.065185724546,24260.037616998605,25602.798711769134,0.1259650100829515,575.8888000000001
C(CC[N+]12CCC(CC1)CC2)CC[N+]12CCC(CC1)CC2,4.995861,3.3308372,-2.0568957,9.816358,-2.6708977,3.752772,6.202803,0.5890343,2.1899655,6.2780256,6.825482,1.9481136,-0.8920943,5.155558,3.4349852,4.0533285,-2.5738764,2.9523687,1.1633598,2.2038198,0.030156963,-0.84382033,0.21127939,-2.9022193,-2.1768708,0.74731344,0.34987047,1.9800911,2.65696,0.90577877,-1.6953924,-4.9821754,1.0895507,6.4062586,-6.384998,-0.40572494,9.0155,3.0292802,-0.75178814,-11.07195,-6.075769,-2.4567807,-3.4685323,-1.3273515,2.6654785,3.8803277,3.384898,1.7069635,8.034648,-6.9007463,1.1278261,-3.1335163,3.5432787,-2.845635,-1.4809697,0.92308664,0.69761175,3.9855204,-1.1723281,-5.974035,-4.726329,0.730229,0.9879217,3.5228229,2.526107313649685,-1.0416314007531566,-4.803509,12.092192,0.7854344184662458,4.605317976859372,14.32613996794509,2,582.6104109834173,292.511,0.0784301679831021,0.9891648917411144,6.0,497.3593032431992,6272.717711603542,6341.428384795842,0.1656078010093694,318.27680000000004
C(CC[N+]12CCC(CC1)CC2)C[N+]12CCC(CC1)CC2,5.5289173,-0.6784167,-2.0306075,7.50133,-3.6233866,3.3893394,4.6875668,-0.2765548,1.6287999,6.5871406,6.148738,1.5872264,-4.266888,8.520427,2.2195191,2.8322473,-4.572353,3.6194344,4.8006606,2.1585007,0.09998482,0.34923398,2.127005,-2.1352816,-1.8383093,1.1092927,-3.424564,1.3653396,4.6636343,-0.21178925,1.1522982,-4.131149,-0.6868209,4.75928,-7.393946,-1.8913338,10.22362,1.1082134,-1.9413245,-8.396791,-6.6379313,-4.402108,-2.0701365,0.25378096,1.7658392,5.274095,5.208344,1.5095284,8.7809105,-9.259164,1.1581302,-3.9455545,3.3157213,-4.7499533,-1.7185612,1.1050142,0.66994613,3.5337596,-0.9319221,-3.6806421,-6.3968253,1.2865942,0.35090223,3.5366411,1.8659727656685587,-1.5625056124603836,-4.684459,11.127992,0.7593910389516298,4.605637461673337,13.570554518132688,2,551.1963425638953,278.484,0.0893668494442564,0.9957674933000484,5.0,448.66522024990974,4999.289594710565,5020.541687398649,0.2005047267772823,301.6108000000001
C(CC[N+]12CCN(CC1)CC2)CC[N+]12CCN(CC1)CC2,4.4259853,3.3719404,-2.4146407,10.006305,-2.2363794,2.5819228,6.128588,0.4057612,1.8239136,5.405171,6.9391,1.2444938,-1.2222438,4.5689487,3.4602077,4.625105,-3.404663,2.541878,1.4082886,1.388642,0.9200715,-0.72047496,-0.6080211,-2.4890463,-2.706844,0.5035702,1.0715142,1.5654113,2.6603546,1.5491997,-1.3747956,-5.254705,0.5917943,6.2850037,-6.257709,-0.44407076,8.019856,3.5686238,-0.89453375,-10.516508,-5.1704874,-1.4981694,-3.7907631,-1.368364,3.0472994,2.4956317,3.2116635,1.720201,8.451119,-6.260668,-0.3072364,-3.3343046,3.779896,-1.4502513,-0.86971855,-0.13797995,0.47049186,3.6282358,-0.6646254,-6.15788,-4.844707,1.2012163,1.3322468,4.072514,2.5844077757497237,-0.6223611439399921,-4.7994833,12.05972,0.7912305903671148,4.750074597214969,14.009955761756936,2,575.2361601855367,294.487,0.0760805282439457,0.9887283328044572,6.0,490.9615721436168,6380.444901465305,6453.183163768207,0.1743650817940132,312.50133333333343
C(CC[N+]12CCN(CC1)CC2)CC[N+]12CC[N+](CCCCC[N+]34CC[N+](CCCCC[N+]56CC[N+](CCCCC[N+]78CCN(CC7)CC8)(CC5)CC6)(CC3)CC4)(CC1)CC2,1.5220488,3.6674922,-5.836078,-0.7410169,-7.3240976,-0.67481685,16.852818,1.4211496,-7.574488,18.02315,3.1064138,-3.6264656,6.0393257,-10.01175,-2.7359397,-6.1911573,8.871666,-1.517778,5.8796096,6.007599,1.4969481,-28.13353,-12.5977,2.8776004,-0.8719534,-1.9311001,9.4796505,-0.5487678,-10.037494,2.4303994,3.6020763,-7.6870866,-6.655987,34.308426,-14.57977,4.701101,-1.3544238,16.237373,14.269504,5.4203286,5.1864233,-23.142742,-9.916467,1.848645,-0.7733716,9.503224,13.674182,-8.961024,23.216122,5.5235486,-0.1548236,-19.043642,8.489179,10.6554575,14.323213,4.8597107,-12.11688,2.4042192,2.1202388,-20.029707,19.201363,-4.5351753,11.042727,-6.13073,11.749031501244147,0.14301681895427273,5.0778956,-16.278835,0.9627972292847378,6.692249174404353,43.49223145935913,8,1454.237226065767,841.4199999999989,0.0125829478992466,0.996983294531174,24.0,1913.444109655148,151616.8874968455,152075.55912978746,0.0251236749584695,906.4080000000002
C(CC[N+]12CCN(CC1)CC2)C[N+]12CCN(CC1)CC2,5.183379,3.024337,-3.8249235,7.863181,-2.5952923,1.8200548,6.93212,0.62585676,0.64073896,5.3382087,9.181157,-0.5959993,-4.5807266,7.970814,3.5572095,6.4856534,-7.7388053,2.568381,6.0112376,1.1526453,-1.3142663,0.15946661,-2.4527452,-4.2887964,-4.0011373,-0.66579914,-1.8840626,-2.7866013,6.767625,0.0025697947,4.790038,-6.146059,1.1274314,7.6891375,-8.064321,-3.3404732,8.630041,3.5069232,-1.2145754,-6.6009665,-6.8730073,-1.0307634,-2.122288,-2.3843505,4.0419817,3.7814083,7.625195,3.8932202,12.358081,-7.165626,-3.371946,-6.0965466,7.2797236,-1.7183748,-0.7400115,-0.6867598,-1.0878764,3.7751234,0.41388914,-5.377406,-8.113096,3.4186957,1.1824737,6.906367,3.4747628843556453,0.11175685979080292,-4.005537,10.543364,0.7689252143433993,4.47312794973679,12.387826896233785,2,541.1423110784131,280.46,0.0854072402778086,0.9955984513262284,5.0,437.90191746503945,5104.666021197521,5127.234535859203,0.2112062604797149,295.53200000000004
C(C[N+]12CCN(CC1)CC2)C[N+]12CCN(CC1)CC2,5.3663063,-1.3079846,-4.1791844,5.227417,-4.370138,2.1130495,5.4501004,-0.38799366,-0.98747677,6.188001,9.884493,-1.8912828,-8.558498,10.979944,2.0170107,5.7954,-10.247751,3.5631454,9.238057,1.1058635,-2.5358272,0.8180792,-1.486923,-2.9089363,-2.0245082,-0.11167276,-5.851413,-3.2816987,9.823154,-0.559584,9.285527,-6.258969,0.33117968,5.025894,-9.169588,-3.660586,10.499245,2.4558115,-4.213162,-1.8342614,-8.922249,-3.9790475,0.4389751,-0.76780856,3.4132168,6.6933503,11.755657,4.90941,14.51429,-9.53206,-4.2735195,-6.8605604,8.652246,-4.5977864,-0.4594666,0.0036459565,-2.23931,3.3418162,1.7088369,-3.6905103,-9.245498,5.0051627,-0.50568354,7.6220407,3.254113893337634,-0.0586966501583827,-3.803235,10.177937,0.6798546940564826,4.3604245864702005,11.428015644678515,2,510.60394876937255,266.43299999999994,0.1234383382276063,0.986060740467854,4.0,463.250201220836,3700.575064413337,3752.887537797656,0.2712935540486919,278.80800000000005
C1=C(c2ccncc2)NN(c2ccncc2)N=C1c1ccncc1,-3.7731397,0.12054604,-2.9315019,4.7941947,3.7944875,-13.392372,-0.73351777,-6.931819,-20.335688,5.772547,-2.3177147,4.6035986,2.7353334,-5.682404,-6.35453,1.680178,-1.2720218,8.107205,0.16776994,7.3218236,8.727503,-6.0998545,0.5547244,-6.4936657,-10.038373,-1.5847759,-1.3643733,10.104231,3.7881987,14.511566,7.9726114,-9.956332,-7.2731047,3.3791149,-3.5578256,14.364781,-8.112503,9.950408,-2.1691847,11.277597,-7.1758103,-4.1512647,7.133168,-4.609005,-6.459651,-0.13587631,8.302475,-0.26188582,20.099113,-5.13809,0.46826276,1.2743065,2.6729648,13.639636,8.67413,-3.5754771,-12.100163,-2.923008,-3.3531692,-14.962545,6.4470563,5.082568,-5.825664,-2.727632,2.3658341896553647,5.157335824518293,4.0030527,-12.343408,0.2261193563159119,10.729614535597616,10.92980325915536,0,558.412439904346,314.35200000000003,0.489766265969895,0.5468438914497292,3.0,2354.946075174797,2629.3927642252324,4808.305999824723,0.1060071060396454,279.31200000000007
C1=CC2CC1C1C[N+]3(CCCC3)CC21,-0.002070196,-4.6481423,-4.2077303,3.7615793,-5.5839715,-5.738018,0.18849622,3.0101333,0.8330002,-5.464812,7.8734655,-7.7813354,-8.509391,10.156015,2.3749058,-1.4645454,-0.8110473,1.1665572,8.044205,1.2603296,3.5000765,0.8176459,1.3297977,-0.73342484,-1.6158686,-0.7231201,-4.9624534,-1.594082,-1.9570941,1.1144916,1.535555,2.874097,1.3085482,-0.58239615,-1.4627705,2.3144414,4.5025024,3.944258,-3.3273437,-1.2667522,-6.509832,1.7926235,1.8950617,1.2548349,-1.0945811,1.2229488,-2.2921922,-0.79637176,1.9429257,-12.282384,-1.3139005,-0.044573575,2.426256,1.9081124,-6.0466757,-0.3010361,7.454761,-3.3885872,-0.342562,0.38594237,-9.547319,-0.37053293,6.533285,8.396017,-1.27836496832218,-0.0940952334986962,-8.652119,-0.7703243,0.4816641616732403,4.110641217350972,8.594315615453443,1,396.4981346232005,190.31,0.2258962190535297,0.9856966861805978,0.0,263.2875835037312,1150.964798281182,1167.5186103290498,0.4184734943031333,197.46400000000008
C1=CCC([Co+]C2=CC=CC2)=C1,12.054495,9.736216,31.350893,14.050231,-19.896656,39.802,4.16765,8.990138,10.284983,22.729216,-9.634746,2.908076,22.15093,-1.184679,-14.658851,5.1590877,25.67604,-10.430435,-5.2942567,6.103106,-13.4356785,-6.538485,-10.725399,11.790999,9.342737,-16.391735,25.810656,4.088721,-9.509019,-1.6688024,-17.284153,9.994422,25.187271,4.369525,17.87645,4.596188,4.4150133,-10.572328,-9.940265,-11.5197315,7.7677293,-8.025611,0.5461675,-6.5494356,11.893707,29.237957,4.7117705,-15.5170965,-34.555275,23.628366,17.290703,-3.2800567,4.8780317,3.1225204,-1.1514971,16.173424,-5.8861985,13.082892,7.6715984,4.2228,10.076723,-4.797638,10.479565,-3.0063472,1.7884336619671584,-4.664811554401514,-9.56687,17.356728,0.8373935186130123,6.184379900030874,31.236058350162,1,464.9576652239314,189.123,0.0907095464741235,0.9162520286561122,2.0,585.8108321948174,41480.84796774503,41883.509681157935,0.0885713380178348,147.97733333333338
C1=C[NH2+]C=N1,2.8532896,-10.140687,2.1399765,2.6574059,0.96681416,-1.2341447,12.938693,-0.5067332,-4.1325827,4.943189,-1.4158213,-4.3690915,1.5874225,2.8089542,-2.1360188,-5.003524,-7.4275875,0.78619474,5.697745,7.2475557,-8.537582,-1.0347533,1.0065854,-6.1942873,3.3526366,-3.4795482,2.5934675,-3.5465508,6.8483024,0.06527352,-5.91844,2.206604,0.60444206,-0.32954484,-0.70015347,3.8947341,-0.82993996,1.3332845,11.241805,-7.0992627,-10.570595,8.205728,1.4923604,-3.472275,8.306529,4.316152,-3.370608,4.1150994,2.9885414,-7.4956927,4.7478075,5.656423,1.072792,5.428592,-1.6654193,3.101235,-9.131883,1.2682629,-7.7184253,3.9657447,-7.1578183,1.7299967,-2.3273866,0.14255095,-1.1044577698963858,2.355763975697855,16.197294,8.0767355,0.2319669579678487,3.014414382202481,4.168451095760323,1,216.0860940424793,69.08699999999999,0.4959299213779495,0.5300788172518969,0.0,54.42456780314327,58.1721515282874,109.74245646575967,0.1477133861300879,67.34000000000002
C1=Cc2nc1c(-c1ccncc1)c1ccc([nH]1)c(-c1ccncc1)c1nc(c(-c3ccncc3)c3ccc([nH]3)c2-c2ccncc2)C=C1,-2.4109244,-4.9460745,-15.150641,1.9192724,4.5390396,-18.772171,33.265465,-0.91616297,-27.01961,15.344609,20.169973,-10.625973,21.488,-9.560049,-4.691235,-11.694751,-8.5815935,3.0930145,12.387954,33.20834,-13.306372,-11.998184,-12.84931,-25.620352,-7.893847,-8.539081,-14.635783,10.220555,9.119657,12.011589,11.145948,-18.419035,5.12706,26.096266,-18.778955,19.654846,-9.87688,23.725554,-4.877349,22.463684,-4.9650655,-7.2404423,-0.59582424,-5.2213573,16.217093,4.5463862,12.436768,17.889482,48.09879,-1.0237768,-10.69764,0.19634911,13.422407,28.389046,1.6914046,-7.5014825,-24.025003,5.7459817,-30.281738,-26.307474,-9.414322,5.1005616,-6.3644123,23.708403,11.137140367862326,18.358547296513976,7.786005,-12.057411,0.218651541494488,11.9058444796834,12.622647407642908,-4,909.8336628657596,618.7040000000002,0.5104306708790255,0.5344039722933184,4.0,8783.888839368215,9197.09896536705,17209.609020913118,0.1255601855156138,549.9920000000001
C1CC(C2CCNCC2)CCN1,0.6529248,0.542526,-0.67100674,2.9079716,-2.9976287,-3.1375017,0.56482124,3.1091673,3.9440236,1.6511456,3.7616212,-1.6721909,-0.39265257,7.967179,-2.5137484,-1.2901123,3.8398092,-1.3332134,0.8635919,0.74227583,-1.9629828,0.96308947,2.8853974,-2.5288627,-3.5690026,-3.2813497,-2.7257292,3.7879875,-4.988499,1.180984,0.6991816,0.63456744,2.0709743,0.84984624,2.1784534,5.7699685,4.027446,-3.6638825,-7.183809,-0.22129865,-4.4406486,1.3281722,2.0072308,2.941529,-1.8347075,1.5556169,1.5023562,-1.5267327,-0.55260634,-4.8266044,1.4022914,-2.963143,-1.3090189,-0.15658171,-4.4593678,-3.4013593,6.7569394,-2.1182287,0.07350907,-2.6328611,-3.8970728,-3.658461,5.482549,0.76400876,-1.9171478637944683,-0.47238641551651206,-5.6253448,-1.5758255,0.4591264481268584,4.318687605964249,7.694292838817891,0,377.4845278247463,168.284,0.2370533774828718,0.9242831244550744,1.0,250.3727435781176,992.70711748294,1075.953880504749,0.3763062768962079,181.87800000000004
C1CC23CCC[N+]2(C1)CCC3,5.9588556,-0.7239398,1.0704947,-6.348019,-2.7292933,-4.5448794,-4.285774,-4.324396,8.626416,7.4009204,-0.4384014,4.1479692,4.164859,0.6588276,4.4483633,5.520847,3.5934968,6.7606277,1.4144381,1.5154846,-1.6683886,-3.5324667,1.8568883,0.948632,-3.279799,3.0076568,10.645942,1.9041625,-6.4091234,-0.53552884,-4.495393,0.8800306,-3.1783981,5.4418764,-0.3987749,1.1859317,3.068388,-4.685564,-1.1401873,-9.912268,-6.419664,-5.9388347,0.8245304,0.62253904,-4.8502536,1.5078865,-1.0184506,-2.2645488,-0.88766325,-8.885472,2.355913,-2.1992822,2.8466618,-1.9317847,-0.18428776,1.5284503,3.9392886,2.8710258,8.789933,-11.14543,10.086219,-0.87789017,-1.169375,-9.476495,0.16566801875621448,-4.628728571530104,-12.189376,-5.6254206,0.0170398669078604,5.3739073268451225,5.836717640149088,1,338.18797821053204,152.26099999999997,0.8126959003585681,0.8909285381781109,0.0,360.39454348715446,395.14637790500535,443.4903455050587,0.815954877435472,163.36000000000004
C1CC2CCC1CNC2,4.5636487,3.0816734,2.1353645,-3.2930968,-8.535788,1.2664506,1.0228063,0.434913,3.620498,7.522252,3.4884784,-2.6984766,4.5100975,1.7530606,1.8240366,-3.4186015,5.9322915,0.5574973,-0.33267078,0.8965484,-2.4667559,-5.20564,-0.14768726,-1.4330082,-0.91467386,2.3944662,4.134352,-3.5253217,-0.68633056,-1.4311914,-3.35843,2.8848784,0.94152707,7.8916883,3.5579875,1.0418082,-2.335786,2.3027186,1.0564888,-4.8238707,-7.048065,-1.9105127,0.7253324,1.1615958,-1.2553797,6.243061,0.19005886,-2.100603,-0.044760335,0.30087417,-1.0541749,-2.313639,-2.484346,-0.13973273,-0.92598295,1.216321,-3.0016031,0.19390863,2.1775098,-0.83306617,0.6945582,-1.9592043,3.9280934,-1.2817965,0.08711667243144675,-0.5110542400541872,10.381128,1.8062028,0.0144920854256604,4.6017650599309015,5.002091844300995,0,308.02260065884207,125.21499999999996,0.817033512550719,0.8750534829901442,0.0,250.61293537994231,268.41643934231547,306.745296751312,0.8699938986573666,135.60000000000002
C1CCC(CNCC2CCCCC2)CC1,1.1373198,2.350786,2.6295035,6.9905334,2.3922923,5.2915564,0.38365692,0.35423312,-0.046978295,7.2930956,0.7509127,6.165977,2.1425703,7.340571,0.49231267,-0.049919486,9.946085,0.90400183,-0.8130052,11.790869,0.58573484,1.5009211,-1.1207316,-6.8745317,1.6672423,-5.463979,-2.90306,14.29565,-4.0309653,5.831039,-0.72897345,-6.7725987,3.9062386,3.7081864,0.19585109,2.0042057,5.7588863,-3.6889822,-5.178134,-5.7562838,2.2770534,-2.3330348,0.37464428,-2.1834238,-2.9938557,9.309006,4.5869517,0.5097552,0.28458843,-0.7668036,1.8643452,0.5665768,-2.2759318,-2.94555,-3.712937,1.3735182,4.650108,-0.9834752,-2.8417287,-8.835313,0.48525792,-0.09353711,4.1345854,-2.0528016,0.33156260819689176,-0.09968931371628896,10.646784,-5.9520173,0.6785557936324719,4.502432131293028,11.521262295526007,0,476.1454017485254,209.377,0.1235927646420968,0.9708307759916582,4.0,314.2112836356914,2481.9735639182954,2555.0140717106037,0.2209031865042527,236.21120000000005
C1CCC2(C1)CCC[NH2+]2,1.5169708,-2.7777321,-3.2929056,3.7173405,-8.3946085,-6.0112615,-3.8795893,4.9044065,-3.3931332,-7.1580606,10.604868,-3.8843846,-5.1877465,1.3638487,5.144229,-7.3194366,-6.220983,1.6941255,3.8490865,-4.8862247,3.0575192,-6.741806,-3.2188988,-2.7215006,-0.7160618,7.790354,0.77392673,-7.7013083,-1.2922992,-5.2454906,4.4420414,4.4233866,3.2252445,5.8920736,-2.513986,-1.8919325,-2.743921,7.536581,0.078611985,-2.425694,0.030495465,6.042447,-2.8302302,-3.5764067,-1.9022276,-1.522086,-6.553948,-1.133281,3.6406903,-4.170487,-3.57858,-3.8930752,-0.39851898,-1.5398821,-5.726951,1.4002074,0.5496936,4.400042,-5.773883,-0.51046115,-9.989043,-2.4980733,5.031666,4.9994836,0.2584516462491184,0.8451409502617685,0.094095275,-8.619911,0.2803804947382409,3.86300244963206,6.48972841736106,1,320.4360513565473,126.223,0.3684081968507873,0.9787087554007952,0.0,157.78796550862396,419.2094477854002,428.41018785836513,0.5873692563506775,139.30933333333334
C1CCC2=NCCCN2CC1,-1.6144716,-0.62000453,2.597098,5.822187,2.716989,-0.8895261,2.638416,-0.8633704,-3.4872878,6.613115,-0.4125775,-0.37622195,2.547,6.944236,-2.5035305,-1.5024136,9.192641,-4.488363,2.5646698,11.142373,1.3577386,-3.914705,-1.3199062,-3.1344793,-1.3876586,-5.657089,-1.9055554,4.3281417,-2.6261587,4.691276,-0.19342837,-3.2821984,2.4382677,2.6521742,3.592969,1.7458277,3.1132548,-2.787412,-2.2126143,-0.16774485,-5.5676146,4.068245,1.8580217,-0.00492537,-0.12301406,5.0568995,4.802615,-2.4494026,-1.8076324,-3.081084,-4.1214623,2.8817992,-3.470292,0.102096006,-6.037836,-3.3178356,1.7875584,-4.7056956,-1.7722334,-2.1004024,0.43316013,0.9660458,3.3419392,-0.27103537,-1.3447698993632724,1.7021620393166785,7.7230773,-5.1317596,0.3137526172832232,5.079473711519608,7.179086053185794,0,351.5138050629695,152.241,0.3312751497852947,0.7781955887429863,0.0,243.73889356682312,573.46291624725,736.808562150263,0.2963475833139684,158.93200000000004
C1CCC2=NCCC[N+]2(CCCC[N+]23CCCCCC2=NCCC3)CC1,-1.3643095,-0.9319886,-6.446557,12.2389765,2.0747185,3.3244746,4.935025,1.799222,3.0875502,4.6824784,7.7518806,-0.6445506,-7.6801834,6.212741,8.540641,7.004621,-9.78199,2.851721,2.973764,5.6462283,-1.762973,0.97110474,-3.4685297,-4.057637,-1.8816006,-3.3672254,0.87057614,1.9665407,2.3515987,0.68733776,2.8007617,-6.944361,3.1120508,4.681088,-10.612311,-5.295501,9.708793,2.4118369,-5.1238475,-3.2958236,-5.735789,1.483727,-1.2563777,-4.496216,3.8619456,2.7720864,7.0443807,5.345273,9.818729,-12.143811,-1.0674587,-2.1176543,11.094448,-3.1071396,-1.0296196,1.4490784,4.7844353,0.79150474,5.175773,-11.022811,-3.0288758,3.2382371,2.6201327,4.316538,3.3041817487459304,-1.1198873816395267,-2.8143508,11.63158,0.5288645452796178,7.037098249532803,13.122003763913266,2,646.2435027811255,360.5900000000002,0.1961224854332984,0.9391675674808933,5.0,1286.7120603967458,6195.305244837252,6603.3763807603245,0.2534545713200496,379.8257777777779
C1CCC2NCCC2C1,0.81545377,1.6335937,3.7510533,4.514574,-2.7517152,-0.5393597,-0.6923126,1.4996468,-2.2279813,3.9577725,0.48286176,-1.4829379,2.9730492,3.883738,-3.3282363,-2.7674594,5.740605,-4.0066333,0.8713045,2.5607924,0.23756719,-4.651168,0.10129315,-0.43355188,-1.4727128,-1.8924961,-0.0006724298,0.38041124,-1.3146552,0.7832146,0.8811776,0.8630628,2.9728746,3.9514697,4.157418,2.2966814,1.5761287,-2.0710125,-3.027171,0.41459262,-2.9237964,4.798171,1.848907,-0.92713356,-1.276845,4.1793923,3.1750681,-3.7567987,-5.3814096,1.5210131,-2.82252,-0.7072086,-3.0915391,-2.2103207,-5.089944,-2.0865436,0.40118253,-0.88150215,-2.510352,0.019371979,-2.112369,-1.217863,3.8512175,0.011117997,-1.534227669794837,0.8965013100614669,6.7547865,1.4304866,0.2577529014457043,4.920070600585042,6.293830333516607,0,316.3124839442527,125.21499999999996,0.381384225327402,0.7686062045799034,0.0,174.0390727979562,352.7814775946461,459.989253990623,0.3851578724196487,136.28933333333336
C1CCCC(C2CCCC2)(N2CCCCCCN2)CCC1,-0.35686696,-1.5254052,-2.4547367,3.0551255,-2.6601365,-1.3327384,-4.8888607,-3.06135,-6.546537,7.257275,4.305315,1.5314862,2.742782,0.580097,2.5261793,-0.09756827,3.4184694,4.8179507,2.8431835,2.9945471,6.35903,-9.281771,-7.5515733,-2.5032191,-1.551352,2.378251,3.3980296,4.4452295,-2.8741097,7.1904197,5.4592943,-4.7235503,0.5884835,7.536956,-5.594108,3.9841056,1.1314522,3.2257378,-5.8091974,2.2110624,-0.45611233,-6.7006583,-1.1650052,-2.1158319,-4.6524463,4.8264384,5.1376147,-1.5464227,10.861636,-2.1509655,-2.194176,-2.8662417,3.524072,0.8692627,2.6667485,1.4733747,-0.9541153,0.41921893,1.6519278,-9.926531,6.7023463,-0.6883287,3.236977,-0.9728285,3.3223210937685725,0.43043425979440014,4.238989,-9.396898,0.1346343978381695,8.501307158433045,9.73407648736337,0,526.8045489614512,292.511,0.5248670140180992,0.7346827694564464,2.0,1392.855579026974,1951.33213050998,2655.647728441716,0.4321863818000044,321.23466666666667
C1CCCC(CCCCCCC2(N3CCCCCCN3)CCCCCCC2)(N2CCCCCCN2)CCC1,3.9200969,-3.446338,-15.58149,4.6388817,-1.3908714,-0.46015695,7.5167284,-2.6647134,-1.6743288,13.174605,16.926216,-7.0079436,2.649116,4.0075436,6.0922694,6.76631,8.663887,3.9565384,-2.2163782,8.158483,0.76371753,-9.35447,-14.27444,-5.9040346,-4.01669,0.69972885,8.398563,6.2731586,-5.2698383,8.427708,0.9072903,-12.718354,-4.680314,18.45593,-5.52115,8.548256,-2.898702,11.715955,-2.834905,-4.5093446,-2.3001518,-8.532524,-8.7663765,-0.9369242,1.2080755,3.9029384,4.2106547,4.136127,20.057396,-8.256527,-10.633258,-6.5902514,2.3236372,9.746946,5.2141643,-2.9231846,-2.651676,4.0757737,3.9229062,-20.307442,6.1424346,-2.1146574,6.6011133,-2.8721454,7.648658227477494,2.0296037545332344,7.316605,-12.998789,0.4587448068057885,9.395936824489944,16.28022128786594,0,884.8786357838642,530.9300000000004,0.2371438380445218,0.9158704774395784,9.0,3540.9462436180875,14083.259929178885,15370.2587312535,0.262798183802606,586.2534634146342
C1CCCNCC1,-0.2354343,-1.0216027,5.8015275,2.7946951,-4.2758684,1.1632752,-2.152498,0.43977213,-5.123998,3.3239145,-1.1995137,1.6237708,2.2113292,-2.562087,-1.0099388,-3.8578029,-0.91011065,-0.5668469,1.7270975,0.3276955,1.577339,-10.276671,-3.6579301,0.47496974,2.0008354,1.9320122,5.091435,-4.8185897,1.0382806,-0.2217794,3.2413352,2.6960344,2.6233509,2.3203266,-0.92540056,-2.9518447,2.0625894,0.011418924,1.3676493,1.2265177,1.0833502,4.9925375,1.3687907,-1.6736617,1.3328308,4.0492973,1.5676261,-2.706713,-1.4322859,4.5240164,-2.7122006,-1.3803389,2.1889493,-4.523681,-2.4097264,0.038070112,-5.1458735,2.124641,-3.3582923,0.69034994,1.1539872,0.8244379,1.3491806,0.023166062,-0.07874328678599068,0.8465303930184932,8.722975,0.50361794,0.1590002268879611,4.811249907104575,5.051148997078359,0,283.7006311078765,99.177,0.5495021616088438,0.5984826089847133,0.0,155.82002021790498,169.7067269521687,283.57201281170825,0.4183935456726894,113.1416
C1CCCNCCC1,0.17138982,-0.024986893,5.302103,1.7678988,-3.8733728,0.65970504,-1.3472339,-0.26383737,-4.793299,4.8525047,-0.80924684,1.1380856,3.1615968,-2.1469731,-1.6683067,-2.673369,1.670311,-0.233794,1.6219649,1.8772634,1.4186146,-10.849814,-3.7772572,0.6599531,1.6826427,1.2630662,5.801554,-3.1981397,-0.56031084,1.0113491,2.6559322,1.2344971,2.410049,5.445453,-0.52289134,-1.4518582,2.2329164,0.4663555,1.6570365,0.87573594,-0.5261496,3.104224,0.7712354,-2.2325234,-0.77744627,4.6375866,3.249655,-3.1809814,-1.1487539,4.524379,-3.5011013,-2.2771885,1.2521076,-3.9852648,-1.8463472,-0.73374975,-4.9324646,2.011788,-1.9527694,-2.531026,3.3797712,1.1625124,1.2853,-1.8930959,0.5320667042324535,0.6242280096202559,8.689275,0.36494133,0.1444737592954642,5.116362824523279,5.318601473647886,0,303.22891807610864,113.204,0.5639917029058497,0.6155726952253704,0.0,211.7908642694718,231.44290443135293,376.0715872096315,0.4249407021570681,129.76646153846156
C1CCC[N+]2(CC1)CCCCC2,2.0855858,-3.519435,1.3971837,6.2841988,-5.3510313,-7.730207,-2.6373107,2.3710635,2.0196338,-6.360448,5.138215,-5.4439425,-6.971949,8.290381,1.2009635,-7.2596073,1.3138002,-1.2069601,7.1080694,-1.4675797,6.4001913,-1.9616406,5.013622,0.3271339,1.2306046,1.3136975,-3.9705694,-4.141967,-4.8891406,-0.10242689,0.4495662,7.0906296,0.22728461,5.401573,0.97638613,-0.70017475,3.3758044,1.0917065,1.4482163,-4.6929655,-5.9310727,2.1538842,2.0262067,-0.39151323,-3.776023,2.3171968,-5.6462984,-8.156852,-3.7167525,-9.539241,-0.31029645,-0.575828,-3.3373058,0.30721653,-8.460425,-2.4694088,7.906669,-3.653434,-1.3287808,0.6532522,-5.8077974,-1.4828657,5.5857277,3.8550186,-2.750866100224245,-1.6061566038433106,-10.402174,-1.8797036,0.3075018669033383,4.8542395485899785,7.931537767809483,1,374.27323914912665,168.30399999999997,0.3397172907549687,0.9284737733027416,0.0,290.55439435816123,795.7868773822678,857.4220664520427,0.4798312567904047,189.00800000000007
C1CCN(C2CCNCC2)CC1,0.465642,-0.29190657,3.7291012,3.2427027,1.4508115,0.5146091,3.3456914,-1.4033136,2.9842992,6.0396776,-3.7395294,2.3436222,0.5631687,10.279014,-3.7423425,-2.087767,8.663293,-0.82296866,3.5285444,8.399332,0.35475242,1.6319724,1.4143152,-1.383707,-0.18467432,-6.4084263,-2.7507517,7.360547,-4.6216173,5.2074804,-1.7416736,-0.6024378,-0.3475849,-1.4967407,2.7857041,2.4854672,6.574971,-6.8262296,-3.382929,-3.015142,-4.994196,0.6092443,1.5642091,2.1940334,-1.5129095,5.4533644,3.8665652,-3.4697459,-2.4609427,-7.3288903,1.4106816,1.1598794,-2.088558,-0.6417409,-4.2396564,-3.4301302,7.1298895,-4.8824825,1.6429492,-0.6621737,-0.4666083,-0.56264764,4.4096994,-1.1510432,-2.35766621654886,-1.0138576688313752,3.0828757,0.34499195,0.5065302039205978,4.176566333162264,8.60008059291803,0,386.5701570779417,168.284,0.2085153552624631,0.91402900641891,1.0,232.0918150120648,1026.6329375841165,1124.6228362320278,0.299987105605998,181.95333333333335
C1CCN2C[C@@H]3C[C@@H](CN4CCCC[C@H]34)[C@@H]2C1,-4.1056633,-0.9390955,-0.029159946,7.828098,2.3080246,-2.1075344,2.7397966,0.77761304,-1.4710786,6.8851533,5.1751027,2.433564,1.8881273,6.85803,-0.90182567,-0.795938,9.93618,-1.8911864,2.410336,13.635112,0.4771315,-2.846057,-2.9921489,-5.9873304,-1.5464985,-5.9535103,-0.19892105,5.468825,-4.3093696,5.9604087,2.5750678,-5.4314055,4.7308426,0.13371786,0.05441582,5.045731,8.838278,-5.784561,-8.653462,0.037536025,-9.28644,0.20290345,-1.94526,2.216617,0.0016762316,4.7769094,5.542052,2.9102404,4.556015,-6.8560367,-1.9881495,3.1618264,1.4742373,-4.741428,-11.300002,-3.633167,5.2758813,-3.079321,-1.8550252,-8.226122,0.34912068,3.1476629,5.114694,0.92698324,-0.0976955630506289,1.5050500131247555,8.007972,-6.472852,0.3647010548854232,5.359498536976407,9.60608112804108,0,449.17541862345735,234.38699999999992,0.3019899510406358,0.9230132830729908,0.0,513.7102387622566,1603.995882605771,1739.50772345343,0.3954052494281622,243.60400000000004
C1CCNC1,-2.0316217,0.6669686,5.222911,-0.7051695,-11.245961,-3.2260253,3.9311278,0.3930721,-2.8698957,-0.91566986,0.48894423,-4.934493,1.2388788,2.2404416,2.533932,-6.6431136,-2.5133665,1.1010146,6.8009067,2.897048,0.65405893,0.42713296,-0.18989676,-3.6861913,0.3097061,-2.6488583,3.6087892,-8.979506,5.1726966,1.0483972,-0.7626886,7.198644,1.3492556,-1.5716068,1.5080652,0.33670998,-1.9963228,5.6401396,5.2876334,-1.6071124,-6.565936,6.1461163,1.8236275,-1.3020779,4.2734,3.8263762,-3.1105175,2.2471602,2.494428,-0.20087042,-0.83151865,3.838321,5.893095,2.127686,-3.9087956,-0.14307687,-10.574083,-3.0893896,-5.0859356,8.08545,-10.214264,7.1802187,5.271268,10.599399,-1.0993000380676632,3.2578746305262145,14.746131,4.293781,0.1581894556106217,3.324645927509115,4.132242859784174,0,240.17694915246324,71.123,0.5691062399611708,0.577549164010392,0.0,72.42686550956378,73.50200015173822,127.27894955901364,0.4751696025517183,80.50000000000001
C1CCNCC1,-0.35047472,-1.2799059,7.4403267,0.5515239,-8.100042,0.21542153,0.7864337,-0.7039317,-1.7695322,1.9063112,-3.3098018,-1.6399115,2.7655568,0.4238823,-0.7465222,-6.1771083,-1.209393,1.1803865,4.663219,0.55640644,-0.0019115284,-4.1788006,-0.9179962,0.07815522,2.695299,-0.7944452,5.491143,-5.675595,3.202907,1.3301241,0.17298555,6.844114,1.6278126,-1.36016,0.72248304,-2.1797535,0.57680476,0.2676137,3.4000037,-1.124037,-3.8850708,6.5899167,2.9928105,-1.3947153,3.3770192,5.6358137,-0.96213984,-1.7262242,-1.8593893,1.1500806,-0.9396951,2.0409951,3.6604078,-2.235876,-2.947748,0.52801466,-6.5975213,-0.5404428,-3.2024434,5.9041243,-3.3285174,2.8194206,2.6844332,3.6417558,-1.4383598811489886,1.0959672114616539,12.697827,3.9896114,0.1636188889804744,4.102805203388519,4.572450499514097,0,263.0260105096754,85.15,0.5604767484629465,0.5760053424358742,0.0,111.29760097891352,114.39515501256884,198.60259553916143,0.4347837834710209,96.64600000000004
C1CCOC1,-1.1693177,1.7063094,1.7340875,-0.867572,-12.396095,-7.117296,5.37317,2.7261033,-3.6782508,-3.4336555,6.6658373,-7.89396,-2.4790416,4.627306,5.229565,-7.7411156,-4.573244,0.19681007,7.6117687,2.0497735,1.6679984,2.3999856,2.859351,-6.6099424,-4.073377,-2.3416631,0.35270244,-12.703981,7.5988164,-1.0822643,-1.5770416,7.585528,0.968594,-0.24979445,2.3081586,1.6055753,-4.3264832,10.164583,7.72517,-2.73271,-9.105576,6.688453,3.3922443,0.36300528,3.9784842,1.147047,-5.7034273,4.883852,6.3957796,-2.8918405,-1.8804759,3.8054547,5.1449523,5.965678,-5.420317,-2.253413,-11.608116,-4.626739,-5.7573094,7.082016,-15.298991,8.470229,6.598751,14.914574,-1.1877808879141056,4.467295629864298,15.806531,4.3178573,0.163449740954416,3.0144138033625856,3.902967257805877,0,234.85072423947747,72.107,0.5615966642466527,0.5749355229551626,0.0,70.06013362966517,71.72417881205428,124.751691186853,0.5093600402900214,77.04000000000002
C1CC[N+]2(C1)CCCC2,2.1378522,-2.0262406,-2.3729603,4.7849784,-7.4164844,-6.426244,-2.9018376,5.735982,-3.4062088,-7.665222,10.194393,-3.1130364,-5.576676,2.1378865,5.0232816,-8.323502,-6.337609,1.096649,5.057408,-4.3764215,4.2905164,-6.391181,-2.502863,-3.719774,-1.2270947,6.5006533,-0.6391382,-8.570888,-1.159017,-5.49453,3.9919302,4.814181,3.932003,5.7477236,-2.931427,-3.265157,-2.0090537,6.6096478,1.4446871,-3.3557978,1.1222157,6.9367385,-1.9753742,-3.1701503,-0.7042366,-1.8335198,-7.5561676,-1.9265704,3.9265368,-4.2032366,-2.7546217,-3.7829115,-0.02630274,-0.5405419,-6.6913176,0.9862492,1.7262388,3.9307437,-6.7592463,0.09749865,-10.5262,-2.3567877,6.029392,5.816618,0.021933763401123234,0.8787337873541827,0.031125784,-8.738113,0.3055467197221521,4.053167235412437,6.33025165439435,1,320.7672088827867,126.223,0.344651951704785,0.9610807154964008,0.0,151.6723698236034,423.1720996464648,440.4770489098549,0.5490376877864531,140.15200000000004
C1CC[N+]2(CC1)CCCC1CCCCC12,-3.070021,-7.5554852,-0.4098647,6.7741218,-0.032200664,-3.9112723,-3.2233675,1.5445029,3.6788168,-0.9299552,4.430998,-5.345065,-4.8316894,7.847637,4.581634,-5.6822743,0.19226244,-4.4515743,2.4530818,3.5393167,1.6643555,-1.8793821,-2.2037547,-0.7812669,5.747269,-1.9359305,-1.3824575,-3.5235534,-7.3360715,-0.74296707,0.66766316,2.4885757,1.1914566,9.187982,-0.5865969,-0.41375202,1.8169228,-1.5648153,0.21921916,-2.594585,-4.9359946,-2.9465115,-0.44580305,-6.0469103,-6.5190105,1.3512441,1.4266483,-8.406287,-4.9920497,-10.468578,1.012015,-0.18545318,-1.2765398,-1.4375678,-1.3370757,-1.6449704,7.0599756,-4.2112246,6.646378,-3.5417259,0.69203407,2.3547013,4.0641074,-1.3017377,-1.2308274461312034,-2.447741641873724,-9.034838,-10.2804165,0.2126102255322261,6.510852423840952,8.354657801813808,1,419.5221632975743,208.369,0.4204875545176049,0.8228386291899724,0.0,542.0948547275755,1062.6916333488716,1294.4748872787231,0.4406682224775944,228.27200000000005
C1CC[N+]2(CC1)CCCC2,3.498732,-3.130628,3.0885897,5.9943323,-9.461335,-7.139954,-4.3712106,3.465942,-2.1502175,-7.7060637,7.9976506,-4.1210546,-5.8168674,4.232374,3.543421,-10.910512,-1.7201871,-0.14336315,7.5069284,-4.8212132,7.7307854,-4.7843957,-0.024612963,-2.129594,2.4443462,5.7840767,-1.0691589,-7.8441253,-2.8421593,-3.6183863,1.6492118,8.14388,2.548264,6.9073977,0.16169894,-3.5290787,-0.3848549,4.5835724,3.1288853,-6.3813095,-2.337634,4.4268403,-0.667758,-2.6509187,-3.2132897,2.9768,-8.592577,-6.342955,-0.82830477,-5.541325,-1.0621468,-1.6292012,-1.9425114,-1.5346996,-8.425958,1.0666666,3.8365479,0.65444493,-5.838856,1.6065425,-10.652881,-2.7370665,7.2675843,6.470601,-1.3811638054647506,-0.49249061992184384,-0.26976776,-9.255938,0.2902522696052255,4.433370180514057,7.14794277260051,1,338.6135258218801,140.25,0.3546673005214586,0.9432357506451504,0.0,196.9448850962683,523.8730937259205,555.374076775403,0.5271794029135084,156.30000000000004
C1CC[N+]2(CC1)CCCCC2,2.4742856,-3.0293522,-0.2339416,2.330064,-8.957342,-8.404109,-3.6482956,2.304748,0.72068185,-6.498763,7.8062606,-6.893499,-8.504277,6.5193567,2.6123033,-5.026121,-0.64743805,2.686079,8.645143,-3.9713197,5.720952,-3.2405963,1.8963456,1.3305163,0.52537805,4.591975,-1.5017446,-6.0619287,-2.9913769,-0.34109747,1.6851692,7.613013,-0.34222937,6.1079407,-0.29126018,-0.002217725,1.5598351,6.2708817,0.92841303,-3.1993792,-6.164574,-0.34167838,1.4557424,-1.5971886,-5.3557935,2.4053888,-4.1745205,-5.9097824,-0.65861833,-8.517727,-1.3138093,-1.8485267,-0.4225369,-0.3090967,-6.3471537,-0.6833428,4.850079,-2.0335038,0.3037381,-0.09268824,-7.344895,-1.2686954,5.6886597,6.48781,-1.1908545011791305,-1.4071377974790018,-11.084257,-1.7112372,0.2969145813450216,4.054292787110758,7.477249739445908,1,357.1177818801427,154.277,0.351800692344777,0.9638280801073624,0.0,240.53168601579068,658.9844709867249,683.7157835382006,0.5345691552634773,172.80000000000004
C1CC[N+]23CCCCC2(C1)CCCC3,6.1575117,0.40093902,1.3784797,-9.809232,-2.7454073,-3.3582804,-6.2787104,-5.480929,8.603073,9.755768,-2.220488,5.9376197,0.9234944,1.074289,3.8951435,4.507693,1.6516483,8.645542,4.346679,4.6884847,-2.2698228,-5.6936193,2.4737847,5.0353746,-1.0784285,3.4425724,7.7473006,-0.18714723,-4.20163,-1.1560843,-1.2611516,0.24822944,-3.6883748,9.572725,-3.7610521,-1.5584943,6.1795125,-5.841501,-2.9222405,-3.4547231,-6.5814414,-12.725873,1.5772707,1.2096457,-6.669955,2.447584,7.5067253,-3.7946107,-0.98814815,-8.549576,3.142554,-3.4016752,4.490938,-7.0458217,1.6272104,2.7285805,3.4732533,0.5007105,13.969222,-11.068169,14.633127,1.4946632,-4.215974,-11.219851,0.805518741072804,-6.0466746591589535,-12.795517,-6.296296,0.0226440666570626,5.949809811543723,6.536378141163755,1,389.1232490407722,194.342,0.8037992528196001,0.8038092402460971,0.0,641.2710420415922,641.2790100104285,797.7999976886209,0.7556780544385684,211.15200000000004
C1CC[NH2+]C1,2.971141,-8.129062,-1.919625,0.018882811,-1.4144355,-7.7263546,11.456783,3.825466,-6.335675,0.78205353,5.287441,1.0650113,-5.359771,1.2672647,4.045872,-4.7829823,-12.657944,5.814475,6.1380363,3.085716,-0.24679673,-4.8825397,0.13317388,-10.823472,-0.45244533,0.27398723,3.3468611,-7.9900327,7.206068,-6.187869,-8.160875,2.9091501,2.1491137,-2.338372,-4.789987,1.4130589,-1.104243,7.569337,18.715998,-15.24959,-5.264536,8.111022,1.3219675,-0.14327526,7.638209,-1.6789829,-11.051432,9.061274,10.898288,-9.880793,4.75849,3.6277368,2.0956097,8.174096,-3.811951,5.265089,-11.070672,3.971051,-10.409208,0.14359942,-7.773382,4.5118723,-0.92200947,0.5672574,0.34974476291085693,2.3779308568542965,15.744534,9.640991,0.153402235562734,3.669453423303419,4.001861405183361,1,244.2962416455652,72.131,0.5698688907297811,0.586159640031757,0.0,75.2879652822551,77.44021010175808,132.11453811040712,0.499041784684723,83.02400000000002
C1CC[NH2+]CC1,4.2871666,-7.559434,1.8224754,2.812183,-0.68577266,-3.7506328,8.413547,3.4241269,-5.523748,3.9418538,3.4235575,2.9872477,-2.7794495,0.5465383,2.71644,-5.854529,-11.028652,3.4605892,5.449292,2.9733396,-1.4733025,-6.821255,-0.5255353,-10.602825,1.8653615,0.37442678,2.3397753,-5.3991942,6.508145,-6.5017376,-6.973985,2.5755768,4.511388,0.7796203,-5.528847,-1.4205817,1.1129594,2.7683437,14.957461,-13.322235,-2.3290284,7.7440543,2.9383848,-1.3391368,7.4423056,2.4429653,-6.8772197,6.240355,7.868572,-5.5760617,5.786461,1.5548942,2.821222,2.754551,-4.06657,7.1926246,-8.537476,4.7733536,-10.547368,-0.85153717,-5.8013644,0.86257625,-1.1176453,-1.4070797,0.46888821598998776,1.255276853797035,15.7979,9.658908,0.1603752107599204,4.4440331918009495,4.820184210593361,1,266.67464860779194,86.158,0.5659088520314903,0.5763676532340967,0.0,115.37937443405,117.51174952547134,203.88331799345957,0.4439745178371875,99.04000000000002
C1CN1,-3.1479461,0.37688735,1.149632,0.58715886,-8.301479,-3.8598163,11.16998,0.7381029,-4.2596483,-3.193603,2.9089754,-6.81624,0.17105837,2.330647,5.0337625,-6.5665283,-5.7366757,1.9595488,7.7355824,8.341698,-0.62946284,2.8348112,0.8721246,-7.193304,-1.9542749,-4.6804647,0.36530593,-8.933264,4.039411,1.3054721,-3.3636107,4.065286,0.9534016,-3.4713035,-0.93833274,3.6285207,-1.9769098,8.202163,6.6141706,-2.3686235,-7.3090515,4.9159455,-2.0980213,0.101128936,7.850869,0.8985299,-5.9089017,5.499265,7.7598295,-4.0554338,1.7983507,4.768321,8.175487,9.049276,-2.4592745,0.04936531,-11.953047,-3.187599,-7.6995187,9.222752,-12.53709,10.459198,5.6974363,13.287128,-0.13009586681586902,4.831036091618073,16.065596,4.6573915,0.1260101165947144,2.547034850151762,2.6688539545281804,0,188.17143119974028,43.069,0.5752287166698814,0.6458786534957685,0.0,21.54050750257444,24.186125572814348,37.44685700364039,0.5337276338533326,50.16800000000001
C1CN2CCC1CC2,1.2484812,1.6910807,1.7487993,-2.5278127,-5.39447,0.39913186,3.5915997,-0.5775423,1.3739822,7.8795953,3.809737,-4.432938,4.0989876,2.8335676,3.6174912,-4.2276196,3.4548154,-0.14334577,-0.50361836,5.547968,-2.6384509,-2.6948762,-2.0011976,-5.076499,-0.28860593,0.032571763,3.2148101,-5.5302415,2.44114,-1.9735445,-3.9997091,2.0679934,2.0623643,6.944903,3.6742284,1.1966656,-4.330964,2.8001225,3.2971313,-3.3601637,-11.179293,0.11606437,1.1093903,0.16544145,-0.8897239,4.583801,1.832194,1.3939297,2.6254272,-1.5272508,-0.9891348,1.82148,-0.8944519,1.1711957,0.32764694,-0.2603186,-6.0029516,-2.1914625,2.84218,-1.3812121,-0.34020698,3.100544,3.4833555,0.17673987,-0.0627229653168726,1.1317314647077241,11.296341,2.2444103,0.0008041417816163,4.109917344877532,4.261533750553513,0,287.5875306480927,111.188,0.958057883447852,0.9999985375926695,0.0,198.78836765334992,207.4906750189109,207.4909784552388,0.8895680898489766,119.62800000000004
C1CN2CCC1CN2,0.298225,0.31718102,3.4245977,-3.8362021,-6.602916,-0.94505286,2.3994107,-1.0672758,-0.45797408,7.111736,3.2238555,-4.4799266,5.5841165,1.9371488,2.854126,-5.216418,4.1393843,0.88973236,-0.029093012,5.378938,-2.2247522,-2.8170252,-2.8327005,-5.271409,0.94812375,0.43764627,5.6617136,-7.515714,3.4721544,-1.3700517,-4.1344557,3.3326175,2.8937316,6.2664804,4.120418,1.768852,-5.698369,2.399985,3.62831,-2.773286,-13.381407,1.7889743,1.6573259,-0.5605531,-1.1462806,4.1931505,0.8182521,1.938586,2.7330074,-0.97111475,-1.3482132,2.8113244,-0.66426295,1.068362,0.1686098,-0.20088455,-7.858872,-1.825866,2.3910768,-1.3779756,-0.5334935,4.962096,2.991585,0.6281835,-0.3858418157259355,1.7205397977598784,11.485997,2.5083663,0.0005394432852886,4.044813980997561,4.264416455490752,0,284.7965110841634,112.176,0.9618093397008948,0.9899102246206906,0.0,197.6967096257511,203.47275302323277,205.54667278156316,0.8467094779584621,115.80000000000004
C1CN2CCN1CC2,-0.22138718,-0.577048,5.845276,-4.162899,-7.889432,-1.1772943,0.9552677,-1.9426979,-1.9938521,5.5640197,1.0417429,-4.7672467,6.9517317,0.63982165,1.0405668,-5.7267976,5.4652925,1.3603942,0.6073723,4.2832093,-1.1463718,-2.5676486,-3.1224215,-4.1658287,1.6952286,-0.101139605,8.429457,-7.9282465,3.1079884,0.03752476,-4.578448,4.4849405,2.8425784,4.912238,4.9994664,2.2937224,-6.38646,1.8213794,4.1187487,-2.4245408,-13.561207,4.0244904,1.3922795,-2.214074,-1.5690465,4.8171287,-0.39468804,1.1644461,0.80084085,0.43076345,-1.3422856,3.0985126,-0.32296842,0.6907345,0.39340743,0.3910599,-9.025933,-1.179892,1.5798775,-0.5684319,-0.8998924,5.828168,3.453647,0.5385332,-0.7493636387892939,1.9055427171556367,11.5974455,2.7840939,0.0022797604317695,4.170344619795484,4.408617166001391,0,282.12219240557,112.176,0.9300463815180336,0.9999928686101932,0.0,191.13051102623083,205.5049638364156,205.50642938287135,0.7859203131993996,116.25600000000004
C1CNCCCNCCNCCNC1,-2.7947636,-1.4598894,-1.3511996,8.9185505,2.6157026,-1.2694201,3.195205,0.03556791,-8.496293,10.677363,5.200906,-1.078424,2.126113,2.9580514,0.82432175,-0.771487,6.803547,-5.794824,1.5397384,13.083173,4.3995876,-11.174218,-8.215926,-6.348939,1.0533087,-3.3287868,0.2980508,2.9575346,-2.1001863,5.0251822,3.1093545,-8.286426,4.1981535,12.164081,-2.0804954,2.3483784,3.5902581,2.9287136,1.1131166,-0.110704064,-2.1187463,-0.22021192,-1.752507,-2.7509968,-1.6003988,5.70608,8.71447,-0.85004956,6.215091,0.85836947,-6.024123,-0.1345672,-1.8170494,-0.5687965,-3.025202,-2.6453712,-4.027377,-1.37407,-3.938927,-9.370731,4.494396,4.078847,3.656565,-1.8038554,2.8279149296849915,2.8832390233131355,8.052472,-8.954734,0.2078920777059747,6.757322556125392,8.006195142060186,0,413.4680153218542,200.33,0.4629012181316066,0.6428604078406178,0.0,673.1791693421011,931.5406785101828,1451.8027357572375,0.277595882515727,218.06400000000005
C1CNCCN1,-1.0683165,-1.2101674,5.4166975,-0.7404545,-8.8202505,-3.2966194,2.0930233,0.3356967,-1.9788122,1.7256988,-0.11799752,-3.6677306,2.1304827,1.3796988,-0.19527517,-6.4684186,-1.358036,1.9687251,5.6330376,0.8048998,-1.1351545,-2.5451298,0.38123184,-1.4162903,1.4282343,-0.9181051,3.8130057,-7.6032214,5.8896956,2.0251708,1.0929586,7.159072,2.5549884,-0.44420293,0.77908736,-0.23268463,-0.4602177,2.1416068,2.815745,-0.34658343,-8.033855,7.026176,5.065776,-0.49473774,4.0386925,4.766211,-0.7013451,0.41709322,1.5351361,-0.061459213,-2.3098543,3.3850498,3.2312486,-0.82426614,-4.3265276,-0.8206135,-7.787083,-2.1202693,-3.1514893,4.9656124,-5.5549197,4.574547,2.5135481,6.176924,-1.5640959630585944,2.270841730935821,13.899735,4.10651,0.1714740193459127,3.619525191090512,4.471210148083594,0,255.3449956495949,86.138,0.5376916984079945,0.5875754833990312,0.0,105.90370377059786,115.78922090632965,197.0635255256125,0.4142517092297965,92.95600000000005
C1CNCCNC1,-0.38229936,-1.9357777,5.7137966,0.18681747,-5.993139,-0.8741503,-0.24436356,-0.36218867,-2.8102527,2.532243,-1.3386081,-0.73801214,2.411479,-0.7884049,-1.2375646,-5.0937114,-0.095051445,1.5445046,3.498199,0.066926315,0.17191443,-6.799178,-1.564775,0.6652637,2.3091607,0.80815065,4.6310544,-4.838598,2.6747513,1.2892061,1.9789904,4.7840533,1.7580042,0.5735116,-0.09518895,-1.7767619,0.8229083,0.26030427,1.6655004,0.4301061,-3.3024855,5.2128825,3.1652787,-0.4875952,2.1987376,4.5462203,0.569486,-2.1769426,-0.5744797,1.5751538,-2.4831612,0.8656069,1.912596,-3.1232867,-2.983566,-0.12479815,-5.2545657,0.14665285,-2.441871,2.5076947,-0.81864125,1.48336,1.1976373,1.4867407,-1.027426234415784,1.010585873735688,9.110924,1.3609737,0.1571335634726533,4.4238235012971465,4.951775354416454,0,277.4693203906066,100.165,0.551069163108306,0.6027460968707677,0.0,151.77730709566583,166.11185816061837,275.6901576876936,0.41576268927395,109.06000000000002
C1CNCCNCCCNCCNC1,-2.4624462,-1.1605719,-3.2174067,11.342855,7.6023793,-1.2607125,2.4214714,-0.11165187,-11.52621,9.4964695,4.758003,0.95405275,1.5420992,3.1936872,0.8980756,3.1552253,7.6314864,-8.275209,-0.60541236,16.12899,5.866027,-10.3408165,-7.7734084,-8.1565695,-0.7398508,-4.3382187,-1.9535269,5.190882,-2.5551634,5.7330885,3.2688189,-12.061978,2.6201005,12.8764715,-0.77676624,3.0049794,1.9714471,3.2468014,2.5691237,0.0011838675,2.164155,-0.010448873,-1.4116076,-3.3456821,-3.2769165,3.493177,8.146842,-0.6816701,5.605613,1.6287924,-6.272111,-0.26172942,-3.8798087,2.4176252,-2.5875452,-4.252783,-4.1568065,-1.2965713,-5.8745193,-10.501619,5.996966,5.288541,1.5035205,-3.8364205,2.688346727893786,3.6559278230253316,7.8929925,-9.210196,0.2304482104866272,7.018662791851446,8.517875911117759,0,421.66129648567687,200.33,0.4461483022203728,0.6196560872068453,0.0,679.9442546109774,946.8711369209144,1527.5377094318628,0.1982896978469147,216.51400000000007
C1CNCCNCCNCCNCCNCCN1,-2.4409351,-2.744559,-6.0633893,3.8960571,2.7626975,-3.4051354,3.348698,-1.344684,-12.59807,9.101915,7.759231,-1.7994753,5.2165294,-3.042993,0.73641896,2.2189126,4.442707,-1.5491554,-0.49474266,12.196698,1.0911213,-13.644368,-9.003751,-7.6239824,-1.7331173,0.20669982,1.9458002,3.6953166,-1.0476013,4.3020163,4.1892724,-11.194747,1.7404101,14.253819,-4.318808,5.498739,-1.9725695,8.287366,0.075863376,3.7479157,-1.27072,-2.648344,-3.8518794,-3.5297759,-2.9193103,2.1120515,7.699098,2.1407626,12.519359,1.4895383,-5.9506598,-3.1153538,-1.7822728,4.380006,2.238692,-1.0563362,-8.441026,1.7014718,-5.5235615,-13.75266,6.453531,1.3370259,-0.13946322,-3.8547502,4.490990655912306,4.233328104864444,6.8471813,-10.804945,0.2326900284503151,8.003307445033343,9.696248059137046,0,500.95389653230086,258.414,0.4351242051774062,0.636263199025446,0.0,1256.4341250862806,1839.9655554099409,2893.842785879642,0.1884461266041376,276.7200000000001
C1CN[C@H](CN2CCCC2)C1,3.2139797,1.2889068,2.1284475,-0.3345577,-5.0005207,-0.0019021928,-1.348877,1.5324463,1.8820348,2.762897,3.0206873,-0.7763284,2.3521633,3.5677414,-1.9897926,-0.9185454,5.016585,2.5201266,-0.4712051,-1.3147209,-1.5839148,1.3329709,0.035053074,-1.3783531,-1.3801897,-0.6786337,0.7054906,8.135145,-6.14006,0.7723382,-2.27202,-1.0058064,1.763042,1.8104748,2.5962539,4.866511,0.66349924,-0.9727359,-7.204208,-1.4123373,-0.5746726,0.22752595,1.1023563,-0.21627784,-3.617658,4.3011117,2.2720244,-0.75461215,-0.99378604,0.67959464,2.013892,-3.4886758,-0.64970624,-1.4564896,1.4812107,0.8743565,4.592166,-0.2117531,0.5961708,-6.556293,-4.5097938,-6.0768747,6.10882,0.17660761,-0.62132647597296,-0.8113020275307836,4.6245303,3.7877996,0.5575502506476328,4.097523735285141,8.514402994499093,0,373.18745813251377,154.25699999999998,0.1833179857282596,0.987176663051373,2.0,175.30912376742774,944.0485346578354,956.3116410590296,0.3650338689059579,165.87200000000004
C1COCCN1,-1.6848482,-1.011095,3.0080955,-2.3673985,-10.209081,-6.9952183,3.1302993,1.4375609,-3.9702563,1.0763187,3.3506882,-4.9351754,0.7470787,1.8606579,1.0383573,-6.820473,-2.7387738,3.472033,6.164733,0.9424784,-1.0424976,-1.585868,0.79218847,-2.9531796,0.069484234,-0.04813063,3.0785654,-10.288481,9.005492,1.9021977,1.088632,7.0842357,3.6703062,0.02880904,0.5326225,2.127637,-2.4562793,5.540699,3.2040772,0.14246374,-11.535728,7.698071,6.4868927,0.3684652,4.4279795,2.6171837,-1.4327544,3.5433161,5.6725307,-1.5457144,-3.3201334,4.0977135,3.4914682,1.8768846,-4.5715694,-1.3795844,-10.189029,-2.802034,-3.651376,3.5727372,-8.129831,7.375104,2.0270402,9.428279,-1.301153140752145,3.7099138880328377,15.081738,4.1323094,0.1710166538267041,3.200249789521248,4.180763560945475,0,251.93053416216475,87.122,0.5382429542773646,0.5871543596268091,0.0,103.15646314830305,112.54332307117586,191.67677238951168,0.4041247835650524,89.72600000000001
C1COCCN2CCOCCOCCN(CCO1)CCOCCOCC2,-5.08714,-2.8204467,-4.011558,-0.2261003,1.0350795,-6.877964,6.781334,-2.8547716,-10.5296545,7.1718793,7.3993807,-5.613012,2.479835,-1.7960653,-2.418724,3.3665285,4.3573837,0.54977477,-4.0434895,6.870835,-2.7056086,-10.629781,-12.642093,-6.0220995,-4.4855576,-3.1520474,8.034876,1.5536405,-4.6913147,5.734447,2.0646615,-7.9610143,-1.1690743,14.079447,1.822845,15.808349,-7.812658,9.627957,0.46686757,8.055855,-11.293936,-8.510009,-4.0088167,-5.569215,-11.177337,2.5013518,8.993905,1.3009057,12.952532,-5.303282,-1.2957002,-4.135475,5.1819406,10.169381,9.100577,-4.6242642,-9.639033,-3.2447846,5.508021,-18.888779,6.799187,2.0002105,2.5069213,-2.972808,4.494439543734832,3.221202858358401,5.8003545,-11.936991,0.0332122446129154,8.42960312767165,9.218187557877116,0,574.980475944463,376.4940000000002,0.7384010109226866,0.876700470127029,0.0,2632.656622926829,3124.85187124425,3568.2624773947487,0.7031666667338011,371.446
C1COCCO1,-1.423578,-0.3869348,-0.33608183,-5.25859,-12.622956,-12.983032,6.529514,2.339188,-6.8217926,1.6933414,9.249297,-6.526139,-0.26211435,2.659995,3.0873876,-8.696112,-4.530171,7.0235143,7.1142297,1.7513735,-2.817057,-2.5541713,1.9506702,-5.309513,-2.1598399,2.12597,2.3637145,-14.29709,14.246729,0.9302019,-0.38069636,7.3288627,5.5618277,0.8096777,0.20445943,6.521131,-5.4323373,10.783647,4.064193,-0.28852445,-18.884647,9.254567,10.083561,3.0069268,6.145219,0.6840464,-2.5598874,8.228343,12.39826,-5.2219806,-4.8765273,5.3092823,3.697785,7.1484847,-6.1265817,-1.6648738,-14.344412,-3.5664089,-4.358013,0.9760768,-10.64794,11.3181925,0.09842047,13.464049,-0.798517538074275,5.839487197269258,15.773299,3.9569173,0.1716306230637881,2.450386099549253,4.099472403698996,0,245.2452743572985,88.10599999999998,0.5391833445162375,0.5845145990749641,0.0,100.6904473237309,109.15588752147346,186.74621240079563,0.3657473774850649,86.12400000000002
C1COCCOCCNCCOCCOCCN1,-2.1619272,-3.3228838,-7.3903465,4.270189,4.4370193,-4.724426,3.8898356,-1.3886794,-14.348009,7.886436,7.738766,-1.6719258,5.304287,-4.397115,-0.09526737,2.9597082,3.6009042,-0.820345,-0.5938089,13.05297,0.8197782,-13.397861,-7.466824,-8.065765,-3.303001,0.48627764,1.4957901,4.158934,-1.0416697,5.012334,4.24429,-12.223934,0.13742179,14.0013075,-4.409975,6.7509,-3.1444182,9.407733,0.41195184,4.7752547,-1.421186,-1.9596326,-3.4474552,-4.604699,-3.0013778,0.67380494,6.7133574,2.4485576,13.329757,0.8783246,-5.5208464,-3.052004,-2.0500557,6.1916475,2.7475855,-1.7226495,-9.319437,2.4168856,-6.799994,-14.661672,6.137495,1.2146542,-1.5645058,-4.1801457,4.472006571743047,4.746266008764558,6.807328,-10.939864,0.2326993438957954,8.000386801294459,9.49930851299392,0,498.2604023365533,262.35,0.447794776546229,0.6091969422630691,0.0,1313.6737903909557,1782.3880662448196,2930.0143257379787,0.1535516473371093,263.42457142857154
C1COCCOCCOCCN1,-3.984436,-2.2016594,-3.257524,10.253915,5.7282786,-2.436488,2.5231779,1.1188034,-10.429727,7.0623345,5.7575502,-0.32039493,1.2541533,1.2102869,0.86620355,1.0985682,5.9622517,-5.850516,-0.49515614,12.948714,4.624334,-9.79445,-6.330009,-5.935751,-1.0195353,-2.6416006,-0.8051529,3.1558135,-1.3570285,4.8662014,3.2679431,-9.713544,3.463407,7.9039183,-1.619694,1.9654155,1.1314619,3.0535443,-0.7119113,2.130891,-1.4660006,3.3860066,0.008019209,-2.41494,-0.36844078,1.7214136,6.4989185,0.26631072,6.000997,0.39449653,-7.001277,1.9823191,-2.4056094,0.25438517,-4.4117985,-4.138178,-2.7297237,-1.2650532,-5.2834926,-8.879492,2.990154,3.8851593,1.5702984,-1.1557815,1.6768872408078532,3.832976349653462,7.7462544,-8.980567,0.2016784589102127,6.088374753618475,6.890008102246729,0,363.0820659744865,175.22799999999998,0.4769661761899817,0.6264610752674352,0.0,461.8893686887568,607.8005333718468,970.2251838348956,0.2574870380305135,174.25240000000002
C1COCCOCCOCCO1,-3.765779,-3.7212267,-3.0804877,8.717883,3.9429693,-2.72431,2.051536,1.1154922,-9.558671,7.6129985,6.2875385,-0.5733138,1.1143626,0.9533277,0.56834626,-0.6286982,4.8603063,-4.4317307,-0.15321288,11.11382,3.7231038,-9.94679,-5.836661,-4.4942408,-0.05863586,-1.1323819,-0.30972674,1.7899853,0.120110124,3.9428382,3.5579467,-8.367513,3.6855164,6.456395,-2.280437,1.6793797,1.1391155,2.0692725,-2.397562,2.5949092,-3.5195189,3.279292,0.9841415,-0.9854989,0.8668803,1.6063671,6.705849,0.28258342,6.8051157,-0.50536263,-6.8364496,2.4683921,-2.102647,-1.1592145,-4.3484864,-3.7902923,-2.9215703,-0.75685596,-4.137525,-8.320949,2.58135,3.6294277,1.0133651,-0.7556599,1.3311712177640198,3.5005195669408913,7.5625377,-8.760686,0.1939631890766895,5.887839759465786,6.800899980696413,0,357.9378686675118,176.212,0.4887170264701599,0.622217335745625,0.0,466.464667024533,596.7395877584394,958.865609958619,0.2963564630538422,171.04685714285716
C1COCCOCCOCCOCCN1,-2.9024587,-3.7910328,-7.021697,8.99286,8.572305,-4.6690063,3.382661,-0.29967687,-12.99384,5.776592,6.6799855,-1.0931246,1.6102618,0.36489826,0.45033824,3.6475224,5.0657697,-5.9729238,-0.8276564,15.228753,4.505264,-8.851859,-5.5525947,-8.03114,-3.065908,-2.4796672,-2.508351,4.3505836,-0.9550866,5.526959,3.2334495,-12.943791,0.10766107,10.022289,-1.7836947,4.533284,-1.3066123,5.1584,1.2483417,2.418684,-0.03104633,1.3205693,-1.7516601,-2.2457838,-1.9643793,-1.0331111,5.415361,1.5670726,9.686633,-1.0691861,-6.8701744,0.78248817,-4.2621922,5.255178,-1.7233896,-5.3394003,-4.6238084,-0.71683717,-6.933068,-10.952836,3.9240851,4.3439846,-0.89205146,-2.8780022,2.1880245465609076,4.793166469904627,7.315556,-9.746124,0.2353284135466034,7.066184374755943,8.369052070330802,0,426.5314377912717,219.28099999999995,0.4465028341297848,0.6125356662036026,0.0,806.6156125447608,1105.6596646570629,1805.9227383019572,0.1799573656643004,217.22480000000004
C1COCCOCCOCCOCCO1,-3.3278313,-5.644974,-6.6981883,9.019322,7.9598317,-4.661153,3.6181574,0.06903091,-12.684957,6.6564584,8.497903,-2.2475445,1.3713092,1.469914,0.43723917,1.2832421,5.317281,-6.0356326,0.003402859,16.230495,3.2015042,-8.359945,-5.2714987,-7.598366,-2.2913516,-2.2899926,-3.6490433,2.9779646,1.0814344,5.205599,4.0528936,-12.072687,1.6333632,8.4014225,-1.2154429,3.9623473,-0.81350505,3.6613548,-1.2211115,3.2649934,-3.4319506,2.7337909,-0.025303662,-0.78951573,0.095532626,-0.042070165,6.5039625,2.1625783,10.02568,-2.2901118,-8.235189,3.2271616,-4.8603196,3.322029,-3.9150398,-5.777071,-4.3939023,-1.4976263,-6.2697124,-10.378244,2.3305619,5.088464,-0.7479174,-1.2263739,1.5352814553113414,5.202002599181386,7.440934,-9.474215,0.2331035500656152,6.785360971091467,8.555265797477373,0,421.1942414807443,220.265,0.439804111927619,0.631297111060387,0.0,778.4527041394513,1119.549911742531,1773.6648277139327,0.2116526522897058,213.86520000000004
C1COCCOCCOCCOCCOCCN1,-2.232465,-3.310887,-7.2609606,4.180681,4.487906,-4.8165283,3.673446,-1.5301324,-14.576901,7.7157393,7.374435,-1.3358489,5.4191365,-4.646665,-0.26108867,2.929914,3.3038473,-0.48596317,-0.42729363,12.9747925,0.96803457,-13.295806,-7.1696033,-8.002055,-3.4882042,0.54777056,1.3766946,4.2279534,-0.82769716,5.152644,4.4724045,-12.161948,-0.038400352,13.598746,-4.6486945,6.6161547,-3.1385493,9.267875,0.17556055,5.0674224,-1.3500636,-1.997263,-3.362469,-4.557152,-2.88521,0.4819305,6.6675735,2.467489,13.500501,0.90673864,-5.378167,-3.0395725,-1.9156199,6.2284,2.7703874,-1.6971767,-9.370219,2.5399516,-7.011961,-14.499475,6.108457,1.2359996,-1.8738505,-4.1143827,4.4118593996020214,4.77638706380219,6.7760086,-10.930086,0.2336001544746201,8.070794061912732,9.44485339868187,0,493.9437546281644,263.33399999999995,0.4495479946072482,0.606326464743705,0.0,1318.981766913931,1780.1468827703488,2937.2468530154065,0.1603686065948202,259.9772000000001
C1COCCOCCOCCOCCOCCO1,-3.0067186,-4.8288665,-7.511094,5.109642,5.4878197,-6.2474346,4.789686,-0.29445413,-14.065811,6.741162,10.486526,-4.0454087,4.4798355,-2.5293913,0.6048198,1.1165816,4.7475243,-2.395685,0.41610017,15.301866,0.7613764,-10.504609,-6.973162,-9.077981,-3.4848287,-0.3159511,-0.6325816,1.8174938,1.012012,5.007415,3.843525,-11.428021,2.0976727,11.903165,-2.309011,5.8673086,-3.655652,8.353234,-0.7745719,4.6721964,-5.690061,1.0123839,-2.4843705,-3.1666806,-0.67385125,-0.093709126,5.789354,4.0775537,13.379525,-1.1611325,-7.5978236,1.4286273,-3.9254663,5.727867,-1.1551077,-3.399685,-7.674482,0.06970146,-6.7262697,-13.610601,2.4918942,2.5215547,-0.7368381,-0.8784334,3.159325259771681,5.86490755554736,7.220693,-10.440299,0.2515683044965765,7.653066579186296,9.667497009063464,0,485.9931431761893,264.318,0.4135780745368025,0.6522538346223583,0.0,1184.080656356947,1878.6108306246076,2879.882441671735,0.1795906519172504,256.64060000000006
C1COCCOCCOCCOCCOCCOCCO1,-1.6120379,-4.563274,-8.318869,2.1478672,4.5581956,-6.211302,6.7395444,-1.2457153,-15.356185,9.164269,11.284475,-3.870265,7.1409197,-5.0215874,-0.745787,1.5005227,4.0104246,0.09290272,-0.13378641,14.640105,-2.5491982,-13.819934,-8.866408,-8.970712,-3.4885054,1.0111026,0.16614786,3.5669415,0.8541242,5.152547,5.1662707,-12.880537,1.2297394,16.212986,-4.0359116,8.049901,-4.976618,10.848083,-1.7740391,7.132527,-4.2526507,-3.117176,-3.7100472,-4.2442846,-1.9118218,1.2238586,8.010758,3.9255323,16.098597,0.793254,-6.701523,-2.4471145,-2.9897182,7.2943506,2.731499,-2.3379433,-10.782471,2.1831756,-7.17662,-16.952587,4.377462,0.009003565,-2.2111933,-1.9142567,4.946473659888468,6.021766641581785,6.9572606,-11.253324,0.2799143766753914,8.555793098402091,11.323994867843174,0,560.1865776371963,308.37100000000004,0.3895210823525973,0.6498175341870781,0.0,1781.610529323067,2969.3160359395592,4573.053732672612,0.1303526284668928,299.47400000000005
C1CSCCSCCSCCSCCSCCS1,-0.61086476,-6.150213,-11.429359,3.069454,1.8009104,-6.2167034,11.748437,0.042642802,-13.964417,13.185476,18.41221,-6.443805,7.723495,-2.3066797,0.7680414,1.7312462,2.6747923,2.1223443,0.5169568,14.50459,-7.5941343,-16.785833,-12.559444,-10.518903,-4.3571,2.0367565,2.7335143,1.9261953,2.1308532,4.867777,5.41129,-13.614737,3.3057356,19.583652,-5.7484117,11.176034,-3.603691,11.705955,-5.174142,7.3196,-10.965764,-4.8779364,-4.953,-3.925155,-0.109903306,2.1326618,10.953814,6.5251703,21.219872,-3.2600253,-7.4166813,-4.626799,1.3432004,6.376782,1.7157502,-2.0303533,-11.627673,5.416008,-5.985237,-19.640274,1.7890959,-1.8369117,-1.5545385,0.6614698,7.014691460667414,6.154844049152932,7.242656,-11.776607,0.2206323984221183,8.338774687930039,10.10978689540752,0,544.4403520757264,360.72600000000006,0.4481068719062767,0.6449386954928994,0.0,2148.6700355730804,3088.3872136818472,4801.443499393643,0.1768774309247776,315.6748679245284
C1C[N+]2(C[N+]34CCN(CC3)CC4)CCN1CC2,7.652423,-0.6920619,-8.201929,-2.5813339,-3.411481,-7.2328463,2.465758,4.9748845,2.3317223,0.09734614,18.582981,-5.58253,-10.438789,12.796449,-0.6560312,13.978841,-7.562177,5.7080355,9.280145,-8.839446,-6.1801167,8.125538,0.6355193,-5.0660954,-10.797077,-4.2522745,-4.4751563,-2.525704,5.3412137,-4.748808,9.022956,-5.397384,1.5075829,0.30803856,-2.595544,0.23838775,1.7928873,2.4697993,-9.566521,2.6329365,-12.838871,-4.291728,5.5505257,0.5169542,2.6268857,-1.2472099,8.77682,7.674881,18.85595,-13.716631,-5.12521,-9.609063,9.962942,2.754422,0.17229292,-1.749729,4.4610553,2.8002644,7.396956,-12.430652,-12.390869,-2.2504826,2.6447861,7.5695953,1.930022700268163,-0.12733544745497563,-12.602861,5.764375,0.4941106265992088,4.694275881034972,8.904664572708615,2,442.2426145208451,238.3789999999999,0.2186913018631311,0.98942783581173,2.0,425.831307852885,1926.593996927456,1947.1799025614348,0.4471191865690682,244.36800000000005
C1C[NH+]2CCC1CC2,2.6196766,1.822103,-5.2783356,-1.5724015,-1.7662,1.4760668,2.8173075,-0.8375926,9.385007,7.7309957,0.51945734,-2.3009527,2.1023176,5.1426697,9.842773,6.198782,-1.2695582,0.21344209,0.15880099,3.8874097,-6.690054,-0.61823857,-0.1926803,-3.0828252,-5.4690714,-1.4850116,5.4007826,-0.032092635,-1.77147,-3.9934983,-5.5860367,1.5126622,-0.72112054,4.490397,1.3300912,-0.05749674,-0.5204778,0.7310455,1.938078,-9.532133,-5.7174554,-3.0837803,0.5053668,-0.4059806,0.6433916,1.510195,-0.95229435,1.0860395,-1.1587918,-9.387128,2.302909,0.93404794,4.0778775,4.6234436,0.8056526,2.47613,0.18481532,0.053123564,6.4665055,-0.9589192,4.0535226,-0.4614553,1.6191618,-3.8349118,0.37405352033816897,-2.2664626940344026,-14.19958,-2.0881968,0.0007935732415322,4.170545530915989,4.482496057107234,1,291.3650344598467,112.196,0.9583233050694948,0.9999833826806348,0.0,204.82279017932208,213.72681379041643,213.7303654161566,0.998282424405767,122.37600000000003
C1N2CN3CN1CN(C2)C3,4.7166324,4.598741,1.1656119,-4.7657537,-6.7466245,1.2791758,4.4143686,-1.2307738,5.762304,11.515972,3.7654662,-3.4354765,3.1577463,4.1165977,3.2187035,-3.1456761,5.117563,1.1427473,-0.78951764,5.566504,-5.330281,-4.111467,-0.48087245,-1.7262752,-0.49067122,0.69351816,2.1329482,-3.841296,1.6922816,-2.2223268,-4.1919785,1.7973795,1.2333629,9.823519,4.4384127,1.3448222,-2.4026845,2.9672785,1.2657315,-4.162523,-11.692233,-4.6193852,2.1018856,1.5555661,-1.5787379,6.8892264,5.440824,-1.1873987,0.7505052,-2.7645066,-0.25867704,0.27590412,-2.4432337,-0.36524183,1.0057231,0.5477476,-3.9907837,-3.1710837,7.269101,-2.116285,3.1345875,0.772963,2.3744442,-2.881443,0.2720501845386788,-0.8113755540219503,11.071526,1.7385521,6.087085921075444e-10,4.541744472534854,4.738943281557284,0,291.2329961536876,140.19,0.9999574042834634,0.99998165889556,0.0,265.78019708277134,265.78664375295506,265.79151866295814,0.9999815378670788,128.62400000000002
C1OCOCO1,-1.50539,-2.7324064,4.703351,-0.25456184,-5.8984065,-3.1747234,2.9643629,-0.6121236,-3.3848023,0.20782311,-2.8392026,-2.3773098,2.8179724,0.048273437,-1.2699554,-5.2713504,-2.0993361,3.520305,6.1046166,2.6703477,-0.7359079,-1.3931255,0.51175183,-0.8453878,1.7161043,-1.8884666,4.0443335,-4.764561,4.3467045,4.0723743,1.2447103,5.4902453,0.7276823,-3.0394874,-1.1941099,0.008960143,-0.04374434,1.2303312,2.640158,0.7359399,-6.5996647,7.1655507,4.383687,-1.434476,5.4166784,3.2884538,-1.271527,0.439501,2.3065412,-1.1357812,-0.8429538,4.4148498,4.7189755,0.58779645,-2.883892,-0.6375965,-6.7984166,-1.4972262,-3.9457872,4.3823338,-4.244057,4.726556,0.70389944,5.262102,-1.5557394107805407,2.330660469963388,13.808851,4.2072177,0.1778579345487131,3.805367955790084,4.006749730847949,0,231.67284801450683,90.078,0.5550435126502056,0.5550587172261252,0.0,96.8641411587518,96.86679460557448,174.5163017876278,0.3679483269406182,78.05200000000002
C=CC,0.45465302,-4.621991,8.426132,-1.861398,-3.6555057,5.141882,6.371022,-2.3921893,-0.23023838,-0.6743855,-9.961913,-0.9521223,2.7872386,3.9369838,-10.796659,-2.2825751,6.779343,1.9219517,9.240817,1.2438283,-1.508535,3.4526474,1.1807505,5.589902,3.1473124,-9.949437,6.5950084,-1.4390868,0.50815284,8.391906,-1.9814951,8.091524,-0.17789191,-10.044895,1.2434425,-2.8577483,5.1069007,-7.4378247,-0.79678833,3.0190148,-3.4070969,1.6520672,0.59689516,0.6467831,6.109623,4.594291,-1.3775412,-4.543409,-3.1749701,-1.6137549,1.6630366,-4.1504393,3.0504062,5.521088,1.4207432,-2.59458,0.13083136,-3.1163132,3.557942,4.4110303,1.9361122,0.3954149,1.4630712,0.5781091,-2.7217441115854033,-0.4318900237388369,14.332232,1.8455695,0.5588317979784578,2.86981854695856,4.017033439016476,0,204.28179989501356,42.081,0.1778665048050787,0.8735475534173849,0.0,10.97915192956721,53.92140201673857,61.72692236399186,0.1876144349220393,56.09600000000001
C=CCN,1.5100415,-1.9202516,8.205177,-4.199334,-7.591759,6.2306776,2.5012896,-1.65487,-0.5187028,-0.1206014,-5.739586,-2.285941,4.700161,-0.4734171,-6.662169,-1.8807621,4.39565,2.114393,3.296103,-1.830139,-4.6584272,1.6059086,-0.48323768,4.1986732,3.438964,-3.965792,8.100844,-0.77103806,0.2854261,2.4367151,-3.4863248,6.205234,0.5130319,-4.286353,2.900923,-1.318137,-0.50766575,-2.4898229,-1.1294286,2.2155423,-0.8700782,0.84450775,-0.6387392,-1.8643286,1.8902026,5.5738134,0.24141815,-2.4155753,-5.4648423,3.5346718,2.1679392,-3.5861375,2.0964322,2.2895439,4.2453556,1.6077615,-3.9225621,-0.54361844,2.4713244,2.717289,-0.062479556,-1.6224682,1.2156667,-0.11886042,-1.6172618739878022,-0.3039042492640577,11.874342,5.343892,0.5038475123877357,2.956226374444706,4.786329541412367,0,226.2096190554093,57.096,0.2127704635019411,0.8953945691867509,1.0,24.837140520009235,105.36377767263306,117.39566676800682,0.2972042662959403,68.57920000000001
C=CC[N+](C)(C)CC=C,-0.18401524,-5.069508,0.33010742,-1.755193,-0.96822953,-3.5497205,-1.144421,-1.7225715,-4.642092,-5.988705,2.9093335,1.0194626,2.240942,1.5775559,0.52956206,0.57694614,1.5206503,-2.2048323,-1.8800683,1.149411,4.6110945,10.740112,1.0154119,-6.66374,-2.066015,-4.286007,-0.046647757,2.529135,3.9138641,-1.081667,-3.1814978,-1.0743706,-1.7752955,-8.544059,4.954781,0.81476736,-7.5123734,1.471681,2.9950042,-2.9121637,-3.7274551,1.1900203,-0.21308735,3.3028772,2.6857452,-5.303375,-7.7129507,9.957606,5.5436144,-4.325866,0.33902594,7.992836,0.042521074,6.832306,-0.78336746,0.08665761,-3.699112,-1.2479506,-4.2617555,-0.93446404,-7.914183,1.9907677,-1.8761771,5.010811,-3.2933127621255585,3.6350759966233155,0.7746241,6.9009347,0.2663159097016959,4.830398357271381,7.35587343079571,1,342.6311228488063,126.223,0.4019865820677449,0.8204302867627014,4.0,228.1143118487387,480.325040152286,580.1485955502717,0.4477400148690965,150.72218181818187
CC(=O)CC(C)=O,3.2085166,-0.6297729,2.573286,-1.6987777,-8.83649,-2.3160064,-1.2951393,-0.5531639,-1.9285188,-5.3403735,4.5366044,-5.213938,2.5225847,1.0851185,0.5384657,-3.7747526,0.4467297,-1.1721689,0.00929299,-3.5572517,1.882423,5.8216844,2.4896262,-3.0854218,-2.8372486,1.0371048,2.3473027,-1.608767,1.5809308,-4.284882,-3.5703623,3.920071,-1.332114,-1.0319079,5.0420146,0.7557584,-7.24435,3.689708,1.9763614,-2.2607613,-3.918157,4.6976075,0.644502,0.3274714,-0.519948,0.7318848,-5.220347,3.3493779,-0.896742,0.21630469,0.08586226,3.0766275,-0.8155392,1.1402651,-0.96981573,0.30051515,-4.176788,0.012845337,-3.7622092,0.94828826,-11.436146,-1.9229243,2.907905,5.65862,-2.530448976537261,1.9210795259285274,8.194772,5.97834,0.2679924534178239,3.801063586947677,5.71135768928153,0,278.63843923005754,100.117,0.366770910178651,0.7964276449566694,2.0,121.89172621406738,264.68276996419087,332.3374968715347,0.4688607256911248,101.80000000000004
CC(C(O)c1ccccc1)N(C)C,0.32237422,-0.8326225,0.40126798,0.7682186,1.8521482,-1.680638,-2.2325375,-1.0766371,-3.180695,1.1973689,1.9025121,2.4021375,3.0346494,1.3146547,-5.5566897,3.8032727,2.8759825,1.1066893,-3.9443893,-1.4247792,-1.8693062,-1.418493,-0.18821412,-1.8620434,-3.9380767,0.33495352,1.4151285,5.532538,-1.5387963,1.4660004,1.2666386,-5.2906127,1.0098369,-2.7538812,4.545634,4.6151896,-0.12326099,-3.2696714,-8.788004,1.5709844,-3.736462,3.0880342,-0.2932071,1.5986516,-0.8753917,-0.4629827,1.5007834,1.723846,0.67586637,-0.80094266,-3.1074502,-1.3319626,-4.710597,1.2523814,-0.79522455,-3.2888405,0.67402697,1.494035,-2.2335255,-6.7905397,0.546025,-1.5403353,-1.7237451,-2.478775,-1.6375104074574662,1.4634629818288034,1.2807418,2.5881312,0.3821088612300669,4.843879035939683,8.827505863978047,0,397.6695882749872,179.26299999999992,0.2869832795843917,0.9170571161293992,3.0,335.0022855033156,1083.5418809612709,1181.2718417518497,0.3602806751951352,188.66400000000004
CC(C)(C)CC(C)(C)N,3.9930882,2.8185437,0.30120632,1.809694,-7.9039617,-1.5373685,-3.5249672,3.3347316,2.470501,0.97650975,7.3344965,-2.0678897,3.333963,1.44042,-0.5575186,-2.6922126,5.1090183,-1.5532916,-1.8014209,-4.714646,-0.58433133,-2.8393166,0.44183868,-1.1675901,-2.3357465,2.3286421,1.8380855,-0.10263275,-3.918425,-0.95813406,1.4416071,1.6356401,3.18357,4.9380054,3.533762,4.4790297,-0.21240795,-0.36662197,-6.930102,-0.9981728,-2.413276,0.18879932,0.55075175,1.9980677,-2.092064,2.5723612,-0.5699353,-1.4791546,-1.6436137,2.9634783,-0.97133887,-3.87757,-1.9295667,-3.0161626,-4.099778,-0.08725545,2.4737806,1.6225245,-1.0918758,-3.5258913,-3.6780128,-4.863164,5.3646536,0.649583,-0.760651554865299,-0.08920709282015947,6.502483,3.2922418,0.2245463978308313,4.184280438213605,6.764681901963675,0,340.18826133092136,129.247,0.4226034742606945,0.9865452395228244,1.0,215.13987937023856,502.2328479884877,509.08316758739227,0.6105152994100724,157.91700000000003
CC(C)(C)CC(C)(C)n1cc[n+](C(C)(C)CC(C)(C)C)c1,-2.310083,-5.480226,-4.8075876,7.862494,1.1091336,4.0568533,-1.0045123,1.7344327,5.6339693,3.5773394,7.677898,0.82863194,-0.10645537,5.3565845,9.915731,-1.7584809,2.7100613,0.16588527,-0.7520182,10.874339,-3.455232,3.297541,-0.81120425,-4.794157,2.9604037,-2.2592735,-1.5477691,6.694138,-4.054474,0.85877395,0.93133813,-3.5206275,2.8142488,2.096121,-5.5213237,-2.2936325,5.727095,-3.0866907,-7.3144817,-4.290433,-3.1283455,0.8996235,-0.89564013,-2.4863408,3.1560607,4.8812027,1.0099912,3.6324108,2.0075734,-9.311271,0.95220184,5.406726,4.1357303,-7.437865,-4.3455186,3.8807619,7.085513,-0.5609375,1.3338622,-6.5356865,-2.605102,-0.16636828,4.570606,0.7482008,0.17392097580661248,-0.9890407250534522,-1.7329286,-2.7416503,0.3662567002943192,6.733770214313542,11.2150130374185,1,559.5015221039797,293.51900000000006,0.2960311201280622,0.8919030909984269,4.0,986.6071530215622,3007.2334490064377,3363.488493085338,0.3324811087994795,335.6296000000001
CC(C)(C)CN,5.77135,5.1121287,3.2821975,4.1676407,-13.730836,4.5474563,-3.3546665,2.9834008,1.7305524,2.034588,5.526576,-5.8757625,5.2714953,0.65938956,2.5687623,-4.561206,5.86084,-3.3496554,-2.4288163,-3.7062416,0.05662387,-1.5190997,2.3159714,-0.47993326,-3.6041296,2.2559135,8.396957,-2.1133,-2.8243978,-2.9799109,-4.454051,4.713815,2.170633,5.431526,6.7223334,2.5081022,-3.9874418,2.7493675,-0.07373364,-5.061825,-3.5596743,4.617593,-0.42521083,-2.1695278,-1.9946887,6.4472528,-2.8037546,-0.5893865,-6.8988743,4.732721,-0.4194149,-1.3568335,-0.4640944,-2.997374,-3.9062853,2.5515296,-4.065038,2.1950295,-2.0607216,-0.10380586,-7.0688863,-3.7822447,8.936693,1.8082101,-0.5088020119825162,-0.03448347944517972,10.046142,3.4460323,0.1031614798610934,4.31598699652309,4.928402942107269,0,277.16660052034035,87.166,0.5834047141459544,0.9946400961856248,0.0,116.99757337283572,199.48029215359708,200.55852111884025,0.8061250830910616,107.62000000000002
CC(C)(C)CNCCCNCC(C)(C)C,1.8950783,2.5071185,0.70189023,6.6967616,4.2992845,1.4422987,-3.2752674,0.014315516,-4.8758965,2.2514524,5.3287497,4.675281,3.39752,2.4020646,2.705782,2.198082,9.693822,0.17570883,-3.1958807,9.485672,2.295602,0.03195645,-1.6943281,-6.860485,-0.6496794,-1.0463015,-3.3741663,12.330121,-3.320884,4.680381,0.36853927,-8.5241995,1.6496379,5.30906,2.0753176,1.7081891,-0.044390693,-1.3796009,-6.71851,-3.0082026,3.9135146,-0.66367966,0.8423984,-2.0048537,-3.5284302,5.9358354,1.9327816,1.4466181,-0.24563202,3.5146792,-2.2071605,2.4166431,-3.2733657,-2.1838372,-3.449414,0.6324352,2.3319638,-0.7000371,-4.917591,-10.11936,0.681331,-0.051084295,1.6561679,-0.5390041,0.1332254663956739,1.6671999974221667,11.129201,-5.9911704,0.5875266610655382,5.468215710969887,11.8776285490883,0,510.5827789516084,214.397,0.1721111798062236,0.9292368694535624,6.0,460.342663058157,2717.874134261496,2897.333446902884,0.2270977512630146,254.49266666666676
CC(C)(C)C[N+](C)(C)C,1.8305943,-3.1238167,-1.7538574,3.7098987,-7.835201,-2.7739484,-2.0219405,3.1128235,1.1886601,-0.6350161,8.382837,-3.291216,0.9024492,3.1349354,4.238582,-4.8647723,1.1112431,-0.48341602,1.5089482,-3.3937201,0.95547223,-2.7461689,-2.0968559,-2.9615695,1.2438846,3.944866,1.5504793,-1.7730116,-1.8403257,-0.9517886,1.8719177,3.0238385,3.0581594,5.1912823,-0.28107503,0.8127038,-1.3189094,2.545457,-2.3915656,-4.9080806,-4.372245,1.5949202,-0.59174776,-0.5363698,-0.15216145,2.1877005,-3.0976012,-0.7223057,0.90084904,-3.3138292,-1.3265089,-0.2421962,-0.642686,-2.845311,-4.772419,1.9999833,1.4893421,1.9611206,-3.3069983,-1.0856334,-6.657864,-4.166788,3.9208972,2.254568,-0.4449117596539899,0.14626220676291127,0.418836,-5.5847025,0.221135471923734,4.103704301605759,6.850549031235567,1,339.42680017635206,130.255,0.4263882708649334,0.987906423131983,1.0,215.85115124271488,500.1092978485311,506.23144676296647,0.6293640377549599,161.54400000000004
CC(C)(C)N,-1.8763659,1.5833709,6.860175,1.7203796,-10.657307,5.4342113,3.3793828,-0.8956939,-0.8011783,5.013466,0.0937183,-6.822066,7.6795774,2.8159041,3.38598,-5.5122952,2.9304223,-2.8671079,1.1348761,5.7476716,-3.2758446,-0.578905,-3.7012413,-6.288357,1.0030668,-3.4310448,7.513574,-7.5540037,3.8517375,-1.9708081,-5.4434786,5.4529753,5.138916,1.7165896,5.8072896,0.18069212,-4.768694,1.9421833,3.6174285,-3.1131399,-11.432394,5.826818,-1.1424067,-3.6455376,3.0885608,7.540109,-0.17254344,2.5659034,-2.2510834,1.3397745,0.19290957,4.5352917,2.9984412,1.1552523,-1.6339391,3.5004358,-11.115062,-0.8687936,-3.0292091,6.8978376,-5.648614,6.4373016,6.236306,4.45451,-0.5417540370817994,2.668282840272524,11.918043,3.7055635,0.0006238820843061,3.515194847300409,4.33869515560821,0,253.66531202121143,73.139,0.962816947707136,0.9641096525609538,0.0,109.55392298938644,109.70101313808024,113.78478873920892,0.8089161799596228,90.85200000000005
CC(C)(C)NCCCCCNC(C)(C)C,4.401021,4.715464,3.2819076,4.643836,2.300133,5.565428,-1.8342208,0.37564763,-2.5068703,5.155524,3.711742,5.144277,4.9207797,4.8129997,1.6412082,2.4146538,14.079188,-1.0006783,-4.230281,12.693429,0.16307557,2.8274074,-0.60313636,-8.400229,0.30785954,-4.2929544,-3.2011235,15.060806,-2.9262602,4.552121,-2.4499102,-7.57751,3.695646,6.5710177,5.5043826,2.5540144,-0.7996353,-1.7054856,-3.7784045,-5.8541336,5.3613825,-3.4137917,2.552275,-1.3789326,-4.2409015,10.1623,2.6620822,1.9171283,-2.6040425,5.228109,0.08143435,3.0507421,-4.7335134,-0.27610153,-4.1682897,1.6013727,1.0305895,-1.7257038,-4.492878,-10.352162,1.0302141,-0.8879991,1.5375174,-1.8289404,-0.16011433773699957,1.412340986461313,11.470377,-5.4482102,0.7080584958045456,5.0023952863178005,13.116863447214335,0,529.2912340599273,214.397,0.111702774228576,0.96193639920968,6.0,379.7285918015376,3423.967058037335,3547.4977823812224,0.1790342500506077,254.29955555555568
CC(C)(C)[N+](C)(C)C,3.6207845,-2.9465454,-5.312821,1.6678178,-2.4338484,-0.4371858,1.4407955,0.6531867,4.3485966,4.7058997,4.962064,-3.3404088,3.016357,2.9474804,5.5786047,3.344891,-0.717628,0.09989962,-0.2374933,0.010481492,-3.702589,-4.404796,-0.43990964,-3.2568138,-5.354569,2.5849192,6.957591,-0.51348644,-1.4674097,-1.9393388,-2.6548283,0.8692448,-0.91442406,5.1784625,0.25888696,2.5716648,-0.93028307,0.65549004,0.7702535,-8.345889,-5.391198,0.16062859,-1.3877766,0.6378764,0.31734565,0.03461604,-3.852322,0.95420045,1.3774037,-7.654384,-0.48643878,-1.315901,0.121924356,3.5920064,-1.8046364,-0.03101024,-0.09777903,3.6307905,1.182301,-4.0550985,1.4741066,-4.080625,1.171431,-3.6785843,0.38969112593545396,-0.9624546314728142,-2.953572,-6.7119703,0.0469487086404725,4.296275906815136,5.115013905418693,1,314.0723919261674,116.228,0.7067508148293745,0.999988435059848,0.0,217.32455755360763,307.4945789211044,307.4981351186339,0.8515580191443428,144.69600000000003
CC(C)(C)[P+](C)(C(C)(C)C)C(C)(C)C,3.4487677,1.8557646,2.7965426,-6.1605415,-3.106022,-2.0577748,-6.986808,-6.266555,8.395824,7.3712273,-3.8756053,4.4666657,-3.7481961,2.9623878,3.0467043,5.1137156,0.641509,7.699129,6.0217338,4.4078774,1.2917988,-5.17149,0.6130969,6.3370132,-0.9784544,-0.30248094,7.6621923,2.327959,-9.002627,1.6315161,0.12958318,0.42438966,-4.657671,11.623809,-4.5950007,-0.7410669,8.491412,-3.962692,-1.6045483,-1.3877268,-3.9291863,-16.107014,-0.06307411,-2.9874678,-12.333874,5.631386,10.322504,-6.8349195,-1.7862904,-8.982707,3.890478,-6.319996,7.814918,-6.363053,3.70144,1.4795506,5.3040986,-2.0834563,16.609312,-12.5865555,15.910233,3.257054,-0.43611982,-10.730203,1.9020534023984927,-7.102540347089927,-13.083334,-7.035914,0.0493346380255982,6.778469592072991,7.379777109233917,1,413.9001050113859,217.357,0.7273767292149242,0.7273860427866379,0.0,783.5673454051049,783.5773784600141,1077.2510501550255,0.651238432905817,253.3040000000001
CC(C)(C)[P+](CCCC[P+](C(C)(C)C)(C(C)(C)C)C(C)(C)C)(C(C)(C)C)C(C)(C)C,-7.4956417,-3.9609551,-15.856148,20.315222,-0.3430082,13.3698635,17.659779,4.871738,4.5676394,15.889209,19.190031,-2.5210426,-10.141447,11.67813,15.801937,5.377202,-14.574162,4.7232695,2.2511582,19.989933,-13.233627,-12.602216,-14.924492,-8.77607,4.2408786,-5.145896,3.9704916,1.899063,0.123358935,-1.66915,7.8209677,-15.863061,11.345463,16.012907,-25.021582,-6.535948,23.06404,7.3131757,-10.902293,1.1850445,-17.134737,-2.8360646,-11.252251,-8.584624,6.7946553,10.862347,20.607409,12.384931,22.497631,-24.5679,-0.62546045,-7.6591854,24.258905,-13.119243,-5.179055,6.3924894,5.6991115,3.7404141,6.2688756,-23.026983,0.17933398,3.091464,4.088209,4.926771,10.787190256692064,-1.8648310356034987,-7.9010515,-17.072657,0.4360898562295792,7.362339296578987,13.274076655423134,2,738.84975179757,460.7520000000004,0.2546603984866575,0.994713704344074,5.0,2135.7089282105107,8342.163213296008,8386.502041053394,0.4168775815017098,527.9200000000001
CC(C)(C)c1cccc(C(C)(C)C)n1,-2.849165,-0.47447267,2.9463964,10.982566,2.9970093,1.8147299,2.0912123,0.8467281,-5.859096,8.321117,1.436263,0.22558396,3.7695632,7.8639054,-1.0170968,-4.360911,11.503169,-8.349674,3.1062517,17.059376,3.1600697,-4.8550754,-3.2971337,-6.1082354,1.0122485,-8.176494,-3.0762975,3.7858112,-2.6789987,5.8884897,3.6213753,-4.55001,6.030422,6.222454,2.3739755,0.70181835,7.106463,-4.8606133,-1.9686059,0.03619194,-4.5583534,4.126193,-0.49158162,-1.0346332,1.2234405,8.321592,5.934791,-1.2551856,-0.6380928,-0.6422113,-5.130906,3.952142,-2.699602,-3.2463932,-10.5084505,-3.5113533,1.4530843,-3.675665,-5.3147917,-3.4305768,0.4879563,4.3896046,5.8371735,0.31321573,-0.33680339632201167,2.7479521929216397,7.7901397,-6.4965305,0.3315567630425581,6.021893715822335,8.742719742004407,0,432.40071635207295,191.318,0.3152917795272558,0.849930760589151,0.0,426.2929949021949,1149.1914079639123,1352.0912892201768,0.3248308432320807,212.98240000000004
CC(C)(C)n1cc[n+](C(C)(C)C)c1,0.052410476,-4.170019,-1.4063578,6.9719462,-1.5724531,-5.380833,0.48652238,2.537597,1.0155816,-5.172442,2.6539924,-5.575421,-6.958729,11.131967,0.73240477,-5.842782,0.66457,-2.560412,7.213446,4.300278,5.5158553,0.8052337,3.2875109,-0.998823,0.20770231,-2.5461702,-7.829449,-1.6019297,-3.470508,1.4830014,1.0706096,3.7470574,0.48996586,1.3034787,0.14499235,0.34522706,5.698165,-0.09343459,0.7232499,-2.718451,-4.03597,4.6703324,0.8675317,0.87880886,-0.7712829,0.7297642,-3.797983,-5.054955,-2.2971182,-10.935614,-0.69897103,0.28710997,-2.8540175,1.9197308,-7.099438,-2.4358487,8.708345,-4.638472,-2.8116233,3.6546638,-7.568136,0.3272925,6.4101725,5.394966,-2.7713511870882286,-0.25866458228183975,-9.499949,-0.7933618,0.4399874988457508,4.591986104503876,8.812857076550973,1,419.6399149604722,181.303,0.2461276763910576,0.9331638416399526,0.0,306.5142057378117,1162.143443508971,1245.3760390261089,0.3415301894804906,201.57400000000004
CC(C)(N)CN,2.814612,3.9558203,2.2742007,2.4825156,-9.689993,2.4009857,-1.2272149,0.8164544,0.36138326,-1.4552464,2.3614724,-4.9726443,3.434385,1.2298787,1.2622075,-2.5150852,1.2451196,-2.6542053,-0.6194619,-3.1366153,0.5572963,1.088788,2.1073353,-1.5571207,-3.8141916,0.66827494,5.201543,-2.7257166,0.33183694,-3.5017104,-3.1605103,4.38604,0.8719627,1.4789065,4.808261,0.6650732,-4.699488,2.938139,1.9931015,-2.636837,-4.0246234,5.0210524,-0.54300964,-2.2872593,-0.4454032,2.5216713,-3.1769614,0.7442535,-4.3297925,2.201167,-0.23178044,-0.04519677,0.17279173,-0.15169849,-2.6291475,1.1594278,-5.0677137,1.7577708,-3.524267,2.8856897,-6.9324327,-1.4902306,4.121353,2.559659,-1.361002450850408,0.9443394717908393,8.997653,4.723535,0.1133927350387432,3.979273044271128,5.081279759698202,0,271.9350407516349,88.15400000000001,0.563886628756496,0.9851907935037876,1.0,113.07428980191972,197.58457742798933,200.56164858024533,0.69935275649069,103.28466666666668
CC(C)C12C=CC(C)(CC1)C1C[N+](C)(C)CC12,-3.082924,-2.7287223,-0.48093858,4.5298095,-1.9245107,-0.34608832,-3.5771713,-1.2890991,4.976747,5.361539,0.06997479,-0.38874477,-5.0756993,6.14178,5.518828,0.28385317,-1.5991627,-0.45804936,1.791852,1.4891802,1.5989016,-2.6160934,-3.2076187,-0.308464,2.0049818,-3.7410278,3.0749924,2.3634827,-5.9529133,1.456976,1.6989716,1.4572542,0.005454004,8.162336,-2.8809528,0.036863133,3.1385956,-1.3681829,0.2982005,-1.4643042,-2.172516,-6.6336427,3.0588415,-4.2744884,-7.264108,5.1800833,6.987676,-5.6352735,-0.21159187,-7.607201,2.83253,-2.771666,6.180828,-2.4743235,3.5470598,1.0939218,2.543005,-3.3539088,9.984149,-6.5823836,6.3908663,2.310992,3.4318664,-4.632141,0.88256707098266,-3.567991589463493,-10.161906,-10.9780655,0.132404834721851,7.207118881595803,8.235499687855368,1,455.8114213909608,234.407,0.5340985381325216,0.7162312360234476,1.0,834.180535498965,1120.5795512528096,1563.8361896322167,0.4405634280049496,257.6853333333334
CC(C)CCC[N+](C)(C)CCCN(C)C,-0.47398186,0.466531,2.3523004,5.2741294,-4.8867335,0.50382805,-3.0885766,-0.9418129,2.2773056,4.4314847,2.0699706,2.1655486,5.021892,3.7181478,8.425747,-4.317611,9.3034115,-2.7507827,0.37610605,8.043671,4.7295256,8.652461,1.6061332,-7.119976,1.983216,-5.82796,-2.327253,10.03743,-2.4718451,2.5106964,-2.6181283,-1.1715906,0.0805369,3.1324577,0.5694484,-0.8249534,-2.8161244,-0.9536422,-1.1426877,-8.224218,-0.2890576,0.9235988,1.6538153,-1.6624982,1.0652189,5.4638004,0.7160541,1.5782082,-0.18550918,0.8447211,2.0982006,6.952797,2.4935207,-7.1211305,-0.35158107,6.2345014,-1.12931,-2.8385282,-3.468239,-0.060922883,-8.144902,0.21839814,7.506753,0.5181246,-1.0545200699549422,0.6018398805556288,3.321497,-4.0074844,0.4142470186871256,6.642581463074185,11.22999782589878,1,512.295499359987,215.405,0.2729933373196291,0.8397369975515249,8.0,671.6945993892068,2165.4544133004324,2554.022676064284,0.2479078304459585,258.1392
CC(C)CCN,1.2510437,-1.6615937,5.642132,-0.34439975,-7.6268353,2.1935828,-1.8136859,-1.0089906,-1.4354832,-0.31631857,2.6106226,-4.1415095,6.6985445,-0.53612375,-0.6451476,-3.208407,4.4981513,-2.7993953,-1.4896549,-0.62320656,-1.9596895,5.5301695,1.0133338,-2.9417117,1.2565799,-1.5411245,3.0964112,2.8348944,0.06068638,-2.5470433,-3.3068008,2.2376952,1.9880161,-0.11959353,5.098207,-0.11824383,-5.4471145,-1.0723774,-2.1681943,-0.22876284,-4.5512977,3.8558984,1.1089034,-0.9281516,0.46366003,5.2901635,-0.18595245,2.8215659,-3.4448838,3.4729342,0.861538,3.6862855,0.6679671,-3.4057603,0.5926722,3.105076,-3.540986,-0.55606806,-3.3207114,-0.67901665,-8.321661,-3.58807,2.9177427,2.3672066,-2.2268453527592773,1.5011385933780468,7.759568,5.3094144,0.3563034455880628,4.05815793212057,5.883577622699687,0,284.6166690939275,87.166,0.3070889145096992,0.8637715536912335,2.0,87.98193453112745,254.1575558598542,294.6584944544547,0.4018585297852803,107.65882352941178
CC(C)CCNC(C)(C)C,2.9411147,0.71718657,0.49750027,0.53572196,-4.4477158,-2.9608366,-3.634357,2.688633,0.610439,-1.3549558,6.2629004,-2.7332392,3.5695634,1.458138,-1.6228726,-0.7792335,3.633803,0.26276594,-2.9842298,-4.6154227,-1.5038882,3.1558526,2.830887,-2.357827,-3.0865457,0.37255567,-1.3893453,7.3180366,-4.2796106,-2.2690253,-0.97982997,-0.25070053,2.090201,0.94358766,3.8548536,4.4507,-3.357966,-1.1731387,-8.356882,0.9092702,-1.7422106,3.8625822,4.3139,0.68409395,-1.7968712,1.54071,0.05115661,0.63666534,-1.1951675,2.1956232,0.33532462,-0.7235393,-1.7880077,-2.1870756,-0.0130907595,-0.28351983,4.4546275,0.5687611,-2.415481,-7.3625665,-6.992078,-7.812107,3.5995152,1.0718876,-2.0528325404032226,0.4854083130825053,4.5988355,4.689535,0.4719873018254649,4.156159243226244,8.311584507950744,0,384.43545310309,143.27399999999997,0.2309140464590928,0.9591631383551004,3.0,209.0910752977531,879.9549952797287,917.8423484882964,0.3653065457349205,174.8221538461539
CC(C)CCNC(C)C,2.6586678,0.86945486,1.8254944,0.7374664,-3.5350494,-2.7705276,-2.8040097,2.8144832,-2.9851794,-2.818035,7.918452,-4.660001,3.9522567,1.1233096,0.096519396,-2.6067896,3.4288542,-0.71011835,-1.081231,-1.1945513,-1.7105018,5.4630156,4.2162247,-4.98252,-2.9264243,-1.3112242,-4.2669215,7.2916636,-1.0145049,-3.193245,-1.5427605,-0.671005,2.642881,2.7325466,3.3621075,1.8384686,-6.1915545,0.39832592,-5.98169,2.7217336,-0.9779541,4.4671097,6.671754,-0.21290761,-0.7113782,3.2859144,1.065349,2.5981014,0.78768885,4.551242,-0.67491275,1.2111121,-0.65053284,-1.3988148,-0.38882014,0.64684916,2.3629894,-1.540502,-4.72454,-8.157986,-10.346432,-6.873724,3.1999424,4.627292,-2.0255885087214267,2.125847735878098,5.017493,6.0381646,0.5301528905517786,4.07760041543084,8.337996085255847,0,369.2716620984616,129.247,0.1972360826956364,0.9405169517817032,4.0,160.37492444961748,779.2549248880068,828.6971292422793,0.2967466900456512,158.15020000000004
CC(C)CC[N+]1(C)CCCC1,1.7810102,-4.639583,1.8899986,1.7766893,-3.39149,-2.8276906,-2.4113681,0.9026166,-0.1452677,-4.7163877,4.289169,-2.9755266,2.087558,5.912955,0.36759603,-2.8429956,4.4242682,-2.9835756,3.3063617,-1.217389,2.9404151,7.4259796,2.4697874,-3.892694,0.6438603,-4.871133,-4.1929307,3.377248,-0.7825248,0.3605199,0.27492958,1.257136,1.2590768,-1.9892808,3.1168404,0.12985542,-1.7865521,-2.4396741,-3.000277,-2.3687449,-2.0487993,1.8738458,2.2881486,1.6673331,2.5153809,0.7494738,-3.935377,0.662986,0.54713786,-3.3284554,-0.8221868,2.408638,-0.3719297,1.2184528,-2.18828,1.2622418,4.3326526,-2.0644727,-3.9251404,0.35721758,-9.502861,-3.55885,4.3458614,5.083149,-2.956396770625455,1.2748402234573386,1.336883,-2.0611336,0.4372893413269678,4.619694244119086,8.501094122662023,1,390.5687619842109,156.29299999999995,0.2506444731832069,0.9409444008043965,3.0,247.80740265163237,938.2588802376212,996.4571525808686,0.3755144909496399,184.43452631578955
CC(C)CN,0.5061114,2.3857028,6.0888724,-1.2268434,-12.91252,1.4814364,-2.2242563,-0.5438142,0.3590377,-2.2156937,-0.782375,-4.417132,4.848261,-0.4877289,0.59364176,-4.3933945,0.17142203,-0.48446602,-0.41890767,-1.8691846,-1.1826938,2.914149,0.84891266,-0.24458122,-0.11408287,0.04782152,6.808323,-3.028674,0.8233222,-4.6863995,-2.3241003,7.814837,0.9248367,-0.8667935,4.8850303,0.13859029,-6.2619567,2.3167565,1.6004208,-1.0635152,-3.3874004,5.6921096,0.23139668,-3.236341,-0.8254185,3.8379858,-2.3229706,0.28414696,-6.6426144,3.3310785,1.8046196,3.0745487,1.9997056,-2.3839664,-1.069094,2.4326007,-7.699783,1.1818732,-2.525172,5.5687923,-8.016087,0.93895024,3.7038596,3.1349368,-2.167248449896905,0.9485987279874943,10.058269,5.2024813,0.2144328607959281,4.0356011621796775,4.858864145415538,0,257.1679797943391,73.139,0.4274876871761279,0.7841685608765787,1.0,74.78309156942845,138.8215005754566,177.43795295137113,0.482408137046536,90.83400000000005
CC(C)CN(CC(C)C)CC(C)C,3.362297,0.16528717,1.4954965,3.4054582,-2.0508566,0.21183142,-7.168385,-2.3205957,-5.6262918,1.8815113,0.9235942,4.808792,1.1751292,1.3766837,-0.87404394,-1.7004529,3.544397,5.17521,0.85870075,-0.06100309,8.656945,-0.96881366,0.8392528,-2.2778666,-2.1160343,3.1452432,-0.2454187,5.486594,-1.5460706,5.6627216,1.5596931,-2.5428386,-0.5019726,0.11321345,-0.98581594,1.60442,0.47351116,0.2841289,-4.5821147,0.913979,-1.9370749,-2.177471,2.029609,-0.6711509,-3.6363595,3.5673933,0.24552205,-0.055635512,6.11357,-0.83797646,0.71620286,0.90024245,0.16911109,0.018044218,0.59249675,1.0670667,1.531696,-0.791209,-0.943365,-6.438461,1.7070348,-2.5703375,0.59612083,0.456141,-0.2626289882664804,0.10752111025715728,3.6693606,-7.7435365,0.1238509975414395,7.452051573137884,8.37856033944172,0,447.311596295088,185.355,0.5701688942062179,0.6749466905451447,6.0,749.6678189224197,887.983037968808,1315.5173060271857,0.4299262628123493,225.41680000000005
CC(C)CN(CCCCCN(CC(C)C)CC(C)C)CC(C)C,10.585204,11.491025,-1.5168579,11.475666,-6.00123,-1.4210701,-8.228396,2.0341744,-4.3908105,-4.241149,16.314165,4.4861436,0.27605003,2.399928,12.797447,-6.5395856,6.834242,9.148613,3.9253263,2.5980618,14.642175,-5.3903494,1.0832582,-7.060152,-4.993123,9.306732,-8.094795,4.3716974,-3.413466,5.715027,-1.9510103,-4.328522,5.3776073,7.7095203,-4.1516633,1.9187815,-2.7027745,6.9569845,-10.082428,-7.4927917,9.451715,-2.4300961,7.598398,-0.37489605,-3.9699535,8.221998,-6.175135,-3.0053592,7.464386,4.4083734,-2.6809933,-0.5143866,3.1747537,-0.24723615,-8.840215,5.22012,5.7074733,-1.284964,-5.2343774,-5.873836,-2.2576494,-0.59628576,7.1615896,8.688092,2.2347986249977865,0.9010262823256534,17.456635,-3.9583614,0.4252341996331746,8.150663695665878,13.724118225617,0,699.2032863427312,326.61300000000006,0.2547671333546147,0.8868719196380536,14.0,1587.0432973027769,5570.914226707514,6290.356370123057,0.259445192194751,388.8684000000001
CC(C)CNCC(C)(C)C,3.7119167,1.8349211,1.7255546,0.17814118,-3.9711304,-1.2018225,-2.1235015,2.3616357,1.3538845,1.297403,3.481626,-1.5019552,3.3039236,3.0173724,-1.8482285,-1.5783918,4.5761905,1.1036522,-2.1873367,-2.1306362,-1.9264027,2.2176561,2.7506077,-1.9066148,-2.0069668,-0.47468263,-1.7693094,8.177836,-4.3442373,-1.5958066,-1.6805109,-0.024094671,1.5838842,2.6205401,3.33561,4.1979814,-1.8103596,-1.5631096,-6.3396754,-0.40650886,-0.48137736,2.6809473,4.092635,-0.27368236,-2.9886909,3.295834,1.690725,-1.1713994,-2.2697005,1.9135128,1.5855585,-1.7886555,-2.3230257,-2.062769,0.5286702,-0.15716359,4.518517,0.15784204,-1.3329073,-6.7518907,-5.397094,-7.214233,3.910124,-0.39776206,-1.7038101622634558,-0.2878353619570662,4.7234554,4.15191,0.5214803162553444,4.016580614645773,8.78021799245627,0,388.2811039851078,143.27399999999997,0.2013615072964655,0.9626465500584608,3.0,195.28129281101468,937.7195309061516,974.399596190373,0.3325103672706209,174.84228571428577
CC(C)CNCC(C)(C)CNCC(C)C,1.2488409,0.45893696,-0.14714025,7.7950225,3.1717741,2.0488675,-6.6476283,-0.5803752,-5.50577,0.88677686,7.105173,3.4045417,4.518844,3.0501492,6.2998652,-0.30852437,11.741622,-1.9260508,-3.150702,11.949765,3.1320903,0.7636689,-1.5247335,-8.492535,0.9033215,-1.0029845,-4.9975677,13.057934,-3.923375,5.0249777,2.2725046,-7.777062,1.2544849,7.3547177,2.5099406,0.18230276,-1.6221864,-1.9871029,-7.0779376,-2.3036323,4.543325,0.25225663,2.1099112,-2.087003,-3.558514,8.124526,1.4242562,1.9144523,-1.5176616,4.1180444,-3.8505046,5.041397,-2.992567,-4.5805783,-4.6737094,2.6176312,1.4399048,-2.376352,-6.4532013,-8.874233,-0.014678478,-0.081619754,2.4608436,-0.42667174,-0.21568811123228745,2.1679658578384857,11.474392,-5.9486957,0.5428857670789768,6.261168672303514,12.30427080780634,0,525.036135981763,214.397,0.1994595441030442,0.8869194850223231,8.0,544.9327626135453,2581.758091729052,2883.197941043721,0.2054140299742936,254.58700000000007
CC(C)CNCC(C)C,3.3970282,1.7765911,2.1861305,-0.037807405,-3.5927157,-2.4217298,-2.63955,2.659201,-2.7801218,-1.9570454,6.6926494,-4.2442813,3.7486537,1.7365848,-0.85426056,-2.1436858,3.1640196,-0.112082064,-0.8207332,-1.6302892,-2.1574929,4.6414895,4.1221175,-4.3149643,-3.488061,-1.1216475,-4.1251945,6.8598003,-0.654835,-3.0869546,-1.320403,-0.47348052,2.2811868,3.3575525,3.7007086,2.3586366,-5.851953,0.3533669,-5.629742,2.7668304,-0.3122416,3.9661918,6.5678997,-0.5740088,-1.60786,3.462233,1.9541491,1.6008778,0.21861437,4.8823085,-0.7352599,-0.2650048,-1.3315026,-0.7708908,0.33744386,0.1442478,1.9877061,-1.2773222,-3.969613,-7.6515036,-9.337098,-6.725705,2.889518,3.7652378,-1.8829123311889842,1.8220041803583944,5.024878,5.7011185,0.5460764425121348,3.981811540852638,8.428121483217359,0,370.3623036810565,129.247,0.1884065721638862,0.9393021652556368,4.0,156.17654036880091,791.0811225737501,843.3065521091544,0.2768455158160424,158.17600000000002
CC(C)CNCCCCCCCNCC(C)C,4.0762167,9.128626,1.6494672,10.350311,1.0368825,5.5692534,-6.499626,3.7735603,-6.766277,-5.813865,9.993077,6.0630145,3.491157,0.9199869,4.4361095,4.369868,11.094533,-0.22672504,-5.6909947,10.551034,4.8358555,-0.39052522,-0.87565845,-7.8603373,-1.4110684,0.11550152,-2.6299815,14.693012,-4.652388,3.3474808,-2.8117383,-9.808473,7.9213295,5.0694294,5.017984,2.5990574,-2.2742093,1.9998467,-8.577289,-2.9865487,10.983211,-3.005181,2.9394598,-0.7405989,-5.6463614,7.6407394,-1.3173603,3.5411868,-2.8793168,8.170233,-1.7700778,3.3690608,-1.0107399,2.1963258,-9.692218,2.6507325,3.1041207,-1.7798305,-9.033283,-14.498587,2.1460867,0.007085666,-0.3565661,3.7777698,0.4114684196038047,2.7272650191252747,13.168871,-6.422337,0.7925475497020562,5.354521831318453,16.52058189492904,0,609.1223794439117,242.451,0.0764445212403524,0.9668462224003744,12.0,451.7643233528677,5973.249171403041,6167.848561175049,0.1090604048267197,288.208
CC(C)CNCCCNCC(C)C,3.928421,6.0193663,2.0558412,6.3547645,1.4023451,2.8810852,-2.6491175,1.8427982,-4.889564,1.2700881,7.139494,3.4762254,3.1854215,3.745121,3.079074,-0.25630242,10.307268,-1.6421076,-3.9117136,9.276351,2.197779,0.6113254,-0.3861835,-8.923234,-0.71141785,-1.748054,-6.796469,11.29534,-0.3503696,2.077186,-1.1885086,-7.500376,5.370069,8.09593,4.811721,2.1414459,-2.8373544,0.79140604,-4.4519134,-3.450519,6.29937,-1.6075087,3.3826864,-0.439551,-4.478361,7.2287326,2.1596155,1.4018993,-1.0186695,6.5793967,-1.4684347,1.5290716,-5.163308,0.633289,-4.605406,2.3533514,0.5865909,-1.9838841,-6.8882375,-8.5259285,-2.1750538,-0.8907803,1.5279405,0.82824206,-0.1770917525920582,2.490060770572255,12.087608,-4.9140053,0.744526937764952,4.748023091758076,12.66064972687487,0,493.12061717935103,186.343,0.0955350397055178,0.9581200276480338,8.0,263.44528780300726,2730.832121972704,2845.0238764002643,0.1458633831256436,221.05700000000007
CC(C)C[N+]1(C)CC2CCCCCCC2C1,-0.44729838,-6.9008446,-3.9077702,9.028151,0.2200593,-0.89112854,-0.948197,3.6303906,5.837913,-3.0935614,5.2952228,-3.3539145,-4.584584,9.063406,4.7857656,-6.282685,0.8849614,-3.4295902,2.4697404,6.242788,-0.1884774,3.4326994,6.513594,-1.8949198,3.127549,-1.6525466,-7.421334,1.8214926,-5.6411867,-1.3294383,1.5194234,2.6604555,0.38528788,3.983462,-3.6411176,-2.2844536,6.552066,-4.731113,-1.5359133,-4.3693266,-3.5901408,1.385684,0.61597204,-0.23126602,0.22543505,1.8002084,-2.798406,-3.719286,-3.0650573,-11.124042,2.3058047,1.856317,-2.1712594,-4.028971,-7.4327526,-0.7520392,9.941758,-1.8370359,-1.6588497,-0.64351445,-4.184203,-0.34647852,3.4720628,-0.14794606,-2.6055362470129175,-1.959677847052719,-10.138755,-3.548728,0.4454987596545929,5.393141260430521,10.497331950289148,1,468.1954741186381,224.41199999999992,0.2466082774572478,0.934253590656074,2.0,487.4892086531284,1873.735728729397,2007.5565792233824,0.342572952105884,256.6325333333334
CC(C)C[N+]1(C)CCCC1,1.6852672,-4.8742366,1.0544327,1.4329693,-3.2503722,-3.3579915,-0.5548644,1.3045144,0.35411626,-3.3983366,4.026959,-1.586183,-0.60401136,4.665866,1.6011238,-5.052815,0.93334746,-0.8664058,1.404886,-0.9490261,2.544983,4.010838,1.1945021,-3.5785115,1.8230553,-1.2613782,-2.3255398,0.03147235,0.00806877,-1.5960672,-1.6118398,2.3206363,0.6702034,-0.93758047,1.8565205,-1.2067785,-1.8929168,-0.11702813,1.1948421,-4.800112,-3.106342,2.9593441,1.0815477,1.1701354,2.1398897,0.05744241,-5.1165047,0.5717215,0.6165713,-5.060737,0.43696097,3.3894384,-1.6522651,0.57509047,-2.7535217,0.9534997,2.101491,-0.89889526,-3.4557269,0.52321875,-8.082331,-1.4820888,2.4733865,3.4318833,-2.633277849625345,0.735318418804474,0.54269356,-3.0261462,0.2875221435154051,4.687209106670871,7.3052289070159375,1,356.8101363425989,142.26599999999996,0.3589301457329577,0.9067817783561686,2.0,236.6992140826029,603.7921250812122,665.6292616355548,0.4680912454405944,167.60866666666672
CC(C)C[N+]1(CC(C)C)C=CN=C1,-0.13659534,-2.5592494,0.000110911205,2.3743474,0.1024054,-2.411579,-1.2971457,0.25950998,0.2302334,0.09352793,1.7521455,1.1926216,-0.19064246,1.8541934,0.7830354,0.33571756,0.18868843,-1.8914206,-1.3796861,-0.6183728,1.8273157,5.0128226,2.3956532,-2.6964514,0.14478296,-2.1604874,-0.89514863,3.790098,1.1375227,-0.47044003,-1.5706241,-1.4232848,-1.1697173,-1.3692402,0.28801656,0.42264307,-1.922808,-1.4405059,0.1689445,-2.4321713,-2.3017163,0.43140745,2.550699,0.20338893,-0.48314795,-1.3470999,0.44968435,1.8960955,2.1636815,-2.4661868,0.816532,2.1980224,0.31258225,-0.8851264,1.2929684,-0.061475784,0.35018823,-1.0799174,-0.061279505,-2.662146,-3.4567425,-0.26162344,-0.40445578,-0.3165265,-1.96847833094743,0.3654575482957141,-1.9374789,0.03815417,0.2058041859000502,5.670131271958385,8.316734833183085,1,405.2836202556604,181.303,0.4440024127473816,0.7980800333971609,4.0,476.80393655799446,857.4312141477002,1074.405332673842,0.4329670319760518,201.65500000000003
CC(C)Cn1cc[n+](CC(C)C)c1,-0.3892442,-3.2131503,0.9014567,3.8870988,0.18916836,-0.15442696,-1.8533765,-0.049219012,-0.026232332,0.87870234,-0.21498191,2.1873488,1.3886582,4.2725706,-0.19145013,-2.812037,3.3131654,-2.7188315,0.61278677,2.75983,1.2042863,3.9239326,1.7655606,-2.7207391,1.611217,-3.2949657,-3.2923875,4.8741736,-0.79430604,1.1322354,2.2701771,-1.7554262,-0.4616853,-1.3826597,0.80339956,0.19143169,0.07560657,-4.5257173,-3.071245,-2.0959861,-0.7120314,1.5324502,1.4049233,0.08209616,1.3311293,1.2922653,0.6827177,-0.26926944,0.0035286522,-2.2624242,0.37949386,2.2891915,-1.1210846,-2.5446548,-1.6139495,0.9345666,1.5719918,-0.33410332,-2.3968165,0.6541293,-3.7170534,0.3451482,1.9311314,-1.2925828,-2.1888900564260534,0.5002066009049129,-0.8327865,-0.6129799,0.5003541499423227,4.891616947583471,9.862926599182446,1,429.6648417044887,181.303,0.2136969472449126,0.92561781408414,4.0,310.50564689463107,1373.7077566731432,1481.4373286249015,0.2755706230641427,201.64066666666668
CC(C)N,-2.7236178,0.6531327,8.990873,-0.07415992,-12.390548,1.7347889,1.7038265,-1.1874318,-1.6656568,-0.523512,-5.628545,-3.408234,5.1895385,-0.12283916,0.96906114,-5.9445767,-1.8578688,1.1429913,5.3632708,3.63572,-1.6481224,0.2381879,-2.6478577,-0.5637767,3.5557923,-3.6967785,8.130818,-5.8547397,1.8345242,0.50484693,-0.7535104,8.812356,2.3796124,-3.540159,2.1379032,-1.0210826,-2.1124196,2.140971,3.3614128,-0.21149522,-3.3153582,7.152449,0.23561794,-4.881281,4.6077614,6.3023596,-1.9936559,-0.3803994,-4.5369706,2.8328176,1.6745442,4.729787,7.621677,-0.47086084,-2.261408,3.1795669,-10.661211,-0.5507283,-4.6243677,10.657389,-7.071571,6.210187,4.7426815,7.2685466,-1.3072910581522652,2.0675970693616517,12.936784,4.639633,0.1559081193969967,3.563265930999612,4.214165259792529,0,234.0049845119188,59.112,0.5616112587648507,0.5904981143064432,0.0,60.508188373224286,63.61184713786956,107.7437360113744,0.4252024065496402,74.09800000000003
CC(C)N(C(C)C)C(C)C,4.0130486,1.1730452,5.5350084,-5.2847466,-7.2237477,-1.3355832,-6.917621,-4.5332394,-2.0022938,2.0216014,-0.49684227,1.417664,3.8657331,-0.4466644,-2.165123,-3.9006286,3.6309638,5.065057,2.609693,-1.5762054,3.9969265,-1.6402178,1.6473434,3.204391,-2.8389142,2.7064984,4.170631,-2.4289935,2.9143167,3.1997166,1.5596246,2.2588208,-0.44454744,0.016004413,2.8654575,1.2306433,-2.8343172,-0.33062053,-4.74734,2.2745006,-5.5124416,-2.6870048,2.4489233,0.9987649,-3.1610806,2.684187,1.7299277,-1.9175909,0.49920025,0.37940106,-1.9088432,1.0262132,-2.8242877,-1.7941879,1.5081631,1.4968073,-2.5308712,-1.9411252,4.7043824,-1.5821415,1.5721292,0.075954005,0.78416693,0.03401494,-1.4593584816030307,-0.09108918152568876,6.2675023,-0.077037334,0.0465130376993065,6.029557449524711,6.126706843110705,0,365.42017540429447,143.27399999999997,0.7301130128533406,0.762636468042778,3.0,410.12935795159154,429.52901057755474,564.8781368557771,0.681408646485143,174.91400000000004
CC(C)N(CCCCCN(C(C)C)C(C)C)C(C)C,6.992771,12.797286,1.0648313,16.616388,-4.219927,-2.4035976,-3.3382967,6.185706,-8.049874,-5.438171,17.212067,6.0638995,-0.002771899,1.378557,11.719569,-9.1712885,5.7475286,5.0793185,5.1589622,5.6558266,14.251797,-4.166299,0.5272868,-10.486138,-5.297007,5.165682,-9.669201,5.696967,-1.8583325,3.44699,-0.65767306,-6.658072,7.763282,7.6124697,-7.072572,-1.6025591,-0.51376116,7.0526047,-9.968446,-5.9117765,7.505641,1.7764149,4.813016,-2.6171644,-1.0198033,7.056887,-3.8399088,-0.09913546,7.884799,7.263947,-1.4855428,1.6453769,5.5655,-4.727973,-11.775341,4.655448,6.8796334,-0.8163928,-10.827203,-8.188751,-10.965331,-1.9557257,10.660009,14.31125,2.4781322044250422,2.623968485615026,16.930355,-3.378662,0.548033479961593,6.063836701904014,12.155952207768346,0,597.0605852331439,270.50499999999994,0.1875723943976113,0.9584696177175116,10.0,799.7084427231374,4166.242777554449,4343.332482095102,0.2796146595410121,321.5840000000001
CC(C)N1CC2CC(C1)C[N+](C)(C)C2,0.21950126,-4.75021,-1.0070156,2.131164,-2.7948246,-5.650319,-1.878517,1.464938,5.4405074,-4.31569,3.623862,-5.7669106,-2.9567657,7.372316,0.58181983,-3.527903,1.7201387,-0.9780315,3.4085493,0.523259,-0.06492806,2.0146205,6.608561,0.4232626,1.171262,-1.2256653,-2.8505697,-1.1514893,-5.372249,-0.8042332,-0.23980668,5.1122317,-0.78823125,3.353914,0.71949434,1.7138664,2.8551245,-2.378302,-0.32300532,-2.941549,-7.4584537,0.6169439,2.1278458,-0.4391389,-2.98048,0.75871885,-3.4253912,-5.2481637,-4.4472785,-9.999235,0.48519012,-0.17209351,-2.9953847,-0.031473055,-5.220461,-2.633289,7.3805327,-2.7623074,1.4796557,-1.7532142,-2.0963297,-1.1362387,1.9834154,-0.21497089,-3.1167130166532875,-1.8368515916258146,-8.169344,-3.3035605,0.2976530608917326,5.262188481746212,8.918790393221606,1,410.7326421131001,197.346,0.3457946967539502,0.9198506409228778,1.0,409.7661620975404,1090.0215369761152,1184.9983991776169,0.4302834470748318,219.0240000000001
CC(C)NC(C)C,1.8038248,-2.0034466,5.123215,-1.1802292,-4.276053,1.8397005,-1.2732041,-1.463705,-3.9502306,0.29258138,0.3012736,-2.1250858,5.749692,-0.6349794,-5.088295,-0.63019234,1.3682756,-0.5930117,-1.4714874,-2.8997738,-3.1976159,1.3154649,1.4621251,-0.6946298,-1.0732708,0.17974618,2.4462852,1.649226,2.6986988,-1.978683,-1.2500743,0.7164458,1.1655521,-1.0305427,4.2582717,0.8046792,-3.4054835,-1.5703721,-3.1545591,2.2939844,-4.391572,4.163717,1.4781945,-0.34315658,0.33031157,3.3218231,1.1987604,1.58233,-1.80081,2.607586,-1.2472409,-0.06939936,-2.4119928,-0.36649692,1.6143215,0.33388296,-3.6463914,1.2991488,-3.7761621,-1.4869652,-4.4828906,-3.4862733,-1.3526523,0.81157875,-2.123617381861143,1.6360713777114446,6.8087816,4.1242466,0.3079646093460333,4.136971611613216,6.248745145204773,0,311.072274833131,101.193,0.3378273087146495,0.8523118602408596,2.0,126.93916829478958,320.8677723770721,376.7715433156956,0.3727447637648344,124.58133333333336
CC(C)NCCCCCNC(C)C,3.5907426,5.3550186,2.5494313,5.289535,1.8938633,4.3289948,-2.6609285,1.3200103,-4.671322,2.4561882,5.873558,3.8042428,4.2159553,3.9377258,2.2985778,1.6014371,11.4374485,-2.236424,-5.0436974,10.660225,0.8693545,1.3164383,-1.0143378,-8.906572,0.07142255,-2.7445872,-5.5486035,12.391785,-0.59246194,2.2170162,-1.2712611,-7.897948,5.0028634,7.868106,5.88442,2.2091627,-2.8321683,-0.09825899,-4.0322757,-3.4497747,6.345115,-2.2082431,2.7965941,-0.71993613,-4.7951317,7.6574006,2.9057493,1.9739611,-2.3494751,6.850272,-1.4126078,1.9833956,-5.616372,0.72159755,-4.113436,1.9523668,-0.34236443,-1.8835933,-6.501784,-9.104788,-0.73493356,-0.42717922,0.4053227,-0.47505093,-0.2938448951547645,2.465539455363762,11.993443,-5.2419777,0.7617387695539424,4.806312973959964,13.068627052712008,0,495.2545380018952,186.343,0.0888381970142584,0.9605771604955424,8.0,254.386898278386,2861.1718766319705,2973.2169990535567,0.1390516665080114,220.97640000000007
CC(C)NCCCN,0.7663604,-1.285449,4.095294,-2.2236083,-1.810034,-0.023917645,-2.1110892,-0.8941711,-4.2352695,-1.5599483,3.9715536,-3.3666964,6.574334,0.40502173,-1.3447982,-1.3267783,5.1543036,-2.0098426,-0.4105303,1.6746246,-3.7637131,7.8361926,3.095143,-5.54436,-1.5411847,-4.0434837,-2.9749362,7.8392587,0.19176105,-1.9497999,-2.2867746,-1.2728722,0.7312996,-0.3863453,4.9121256,0.8413942,-6.222232,-2.0299363,-4.842758,3.4901333,-2.0349612,1.4903827,3.8687038,0.7679211,0.79833543,4.3346224,1.0110016,4.8780684,1.2958872,3.7655466,-0.16204524,2.5575795,0.43831795,1.0427233,1.3056496,1.4920354,-0.6463529,-2.6786597,-5.0981684,-6.1059527,-8.725364,-5.172503,1.1212032,5.1634445,-2.3647540041376147,2.8241354468079316,6.1066585,5.779675,0.5716370030911604,4.174467230257294,8.012510496728641,0,342.99874790294297,116.208,0.1769757429936299,0.9306661820863236,4.0,117.87155829875842,644.2132138544764,691.4886596015452,0.2752382756734545,136.8548
CC(C)NCCCNC(C)C,3.116005,4.5692935,1.8204931,4.703747,-0.19305024,1.1359094,-2.8662052,2.103374,-2.3460867,2.3208725,5.2835817,2.069483,2.5551994,4.8506937,2.7859557,-2.5802622,8.693697,-1.6140672,-2.7495317,6.4732795,1.347422,1.2204647,0.431907,-7.1631765,-0.28715014,-2.0706656,-6.221738,8.751982,-0.4406406,1.1925927,0.20038468,-3.9051158,4.020251,7.7821817,4.106425,1.741492,-2.9520187,-0.0014383942,-3.3701985,-2.4648886,4.1766963,0.18965304,4.551605,-1.34903,-4.1154456,5.8498244,2.820375,-0.33197027,-1.7180018,5.1875863,-0.98622715,1.0096152,-4.9472003,-1.3642877,-3.289924,1.7480199,1.2213877,-2.0714097,-4.213063,-6.1044188,-3.6124787,-1.890763,2.9006097,0.09153628,-0.8417890033399276,1.5771273095832616,11.82814,-4.3897424,0.690579564089848,4.490522018917702,10.858706215326857,0,432.41631759545055,158.289,0.1201019463945726,0.9503013662555492,6.0,194.53391315546625,1613.887631984962,1692.0813556695673,0.1852019925466064,187.34120000000004
CC(C)NCCN,1.1115065,-1.6150794,6.069767,-3.1311862,-3.8317177,0.9503417,-1.813444,-0.6957022,-4.556622,-0.5474021,2.175263,-2.677962,6.7037687,-0.98856246,-3.8075554,-1.1827053,3.390127,-0.8953797,0.5343752,-0.21117066,-4.626071,6.646158,2.1955526,-3.2616646,-0.0499205,-3.0856202,-0.114256024,6.229691,0.2757652,-1.5307117,-1.0026509,-0.5245117,1.8830402,-0.93204236,3.8150396,0.9801327,-4.45535,-2.5090206,-5.4579906,4.460174,-2.7743082,1.1276138,2.086701,-0.20034164,0.37258556,5.0063868,2.5399644,4.1703734,1.1536264,4.354752,0.3690317,0.6999388,1.5429845,-0.4389146,2.5478146,1.4062197,-1.1295227,-1.4743463,-4.1017365,-5.2835774,-7.2965026,-5.4199266,0.9815304,3.9216895,-1.9287964576318235,2.1920070466226043,6.4722185,5.3090043,0.5022653301177172,4.214931504173961,6.8217371878054704,0,312.7589282683467,102.181,0.2115253480064889,0.8990929096324729,3.0,96.92500968768788,421.0350661641664,468.1970971972772,0.2917259121880002,120.21880000000002
CC(C)NCCN(C)C,3.0164537,1.4028138,2.2428553,-0.21610147,-3.1391335,-2.0718157,-2.468547,2.1557024,-3.2681644,-2.2777374,6.197488,-4.189498,3.8691561,1.613011,-0.95056784,-1.9636965,3.25991,-0.23369336,-0.80434597,-1.2675846,-2.0391886,4.876336,3.9723628,-4.5324993,-3.5255518,-1.4448929,-3.9079401,6.881752,-0.55785155,-2.7812653,-1.6692133,-0.5848829,1.8323069,2.6817877,3.886438,2.2937026,-6.006853,0.3535242,-5.1832857,2.834981,-0.12415618,3.6848128,6.0976486,-0.45360196,-1.4613504,3.34101,1.4015893,1.9566879,0.43925858,4.6449122,-0.64471984,-0.083889306,-1.2254252,0.13765745,0.56554425,0.1764529,1.5347441,-1.4514456,-4.2256837,-7.373823,-9.04681,-6.3046627,2.6195107,3.9760718,-1.9207454569904099,2.0068012205818837,5.1721554,5.790854,0.5569080152940045,4.008322749558803,8.406440127990361,0,364.8395094407013,130.235,0.1829220899149182,0.9388309276297264,4.0,149.90289547738038,787.0901183058179,838.3040841469112,0.2712078165929486,154.07640000000006
CC(C)NCCNC(C)C,1.2528901,1.786649,0.048504546,4.0192976,-1.3973097,-2.9713671,-2.7368991,2.6532106,-4.815596,-3.8704937,8.756585,-3.0395348,3.0284197,1.0222039,3.2348769,-4.112642,3.6568842,-0.9895287,-1.5713565,1.9080169,0.78244597,3.311291,3.5620344,-6.6051607,-3.806565,-0.81374925,-6.3037133,7.042077,0.016344428,-2.4616122,-1.703487,-2.005228,2.9820933,3.4448779,2.2484794,0.36420035,-6.756904,2.246085,-5.2166996,1.4718802,0.6654847,4.9961004,6.4418697,-0.45319915,0.016096145,2.0093231,-0.37497705,2.5915196,1.4446177,3.8922992,-1.0091063,3.2683446,-1.570827,-0.46326578,-2.8133304,1.6694233,1.4661571,-1.8242605,-6.8189483,-7.236943,-10.432042,-4.4584875,2.739324,5.6120343,-1.74306861635443,2.946962805324633,4.7646103,6.686092,0.5450874056870236,4.380965026727749,9.050761193638412,0,389.03516914865367,144.262,0.190045716400611,0.9290267481971268,5.0,193.34472871355263,981.0318108705542,1055.7161933055816,0.2549092289285046,170.72900000000004
CC(C)[N+](C)(C)C,0.9708345,-5.161362,-1.8890864,-2.2593124,-5.896282,-5.861798,1.7142682,0.8929738,-0.7778412,-0.8838711,1.7524688,0.2226743,-0.33928668,-0.12903148,2.4055045,-0.99680626,-5.5712385,5.3584557,1.9320066,-3.1682415,0.49552345,-2.280657,1.7595658,-2.813659,-1.4711707,3.3585765,7.4306793,-3.5667627,3.8911016,-2.38791,-1.9792092,5.424411,-1.6981728,-3.116442,-2.1180313,2.0470426,-2.013017,3.0342965,8.389945,-9.297054,-6.361526,5.2333217,0.86400354,0.8308799,1.4006069,-2.0928576,-8.33269,4.7052917,3.688297,-7.1725183,0.82210755,2.7717867,0.23891307,2.5933938,-3.0113661,1.3619605,-6.0477405,4.3266764,-4.544771,-0.0853618,-2.7495925,1.6194715,-1.6834135,-1.9917204,-1.2293977830002507,0.5111226808633768,-1.4443513,-5.873579,0.0838087961186576,4.333425870352944,5.095812535249254,1,295.793797832855,102.20099999999998,0.5961471173961997,0.8303614516958466,1.0,166.358071480749,231.71684590109325,279.0553986193098,0.6315796300242585,128.23200000000003
CC(C)[N+](C)(C)C(C)C,0.9754445,-2.9388022,-0.7431301,0.6401542,-3.7139924,-2.2014997,-1.1467797,0.0052562654,1.7690465,-0.24838482,0.82254225,0.71003085,1.9462236,0.5650373,1.2132748,0.37864906,-1.5856409,0.9149144,-0.11936459,-2.6556406,0.3987134,-1.8080505,1.2111175,-1.2935028,-0.7505608,2.6386607,4.1271067,-0.98286873,0.96939754,-0.84796333,1.2677654,3.311726,-0.9385567,-0.64990914,-1.3541673,0.28200042,0.7188594,-1.2453556,1.6022023,-4.80241,-3.720457,1.6722872,0.8319938,1.3373843,0.4984055,-0.3479966,-4.289809,0.87944394,1.3615775,-4.657205,-0.29322037,0.45959097,-0.08508389,-0.08072241,-3.1659262,-0.9226879,-0.6645684,3.319245,-2.325666,-1.3308519,0.70224565,-0.85419655,-2.0363052,-1.9254622,-1.4363758775378719,-0.2746371939392162,-2.8625126,-5.0594883,0.0967009448704008,4.854073319970172,6.360916102651331,1,335.449889107226,130.255,0.5792665881002054,0.8932392857751642,2.0,262.74086480933124,406.3028339287659,454.90907095869926,0.6643386907193576,161.20000000000005
CC(C)[N+]1(C(C)C)C=CN=C1,4.211589,0.45393273,2.2596169,-4.632383,-4.1409984,-2.8096678,-1.1351508,-1.7939388,6.780124,3.8592007,-2.1043258,3.1386256,0.32578415,1.057855,1.6669512,1.5472325,0.47880244,5.5260897,2.568153,0.037820593,0.5166762,-1.6118089,2.9370978,1.0524483,-0.01430136,0.68535537,6.3998284,1.3911198,-3.6422367,-0.39973986,-2.9792998,4.0351534,-2.0567236,3.4914887,-2.3438373,-1.1259389,3.9422803,-2.4959652,4.473956,-7.422927,-4.2795987,-3.2403169,2.8618844,0.3977158,-3.2196388,2.8070226,-0.65432143,-1.3088427,-0.034670804,-5.2191596,2.9290707,-1.7058015,3.7385929,-2.4459052,-1.16466,0.4845182,2.0392613,2.1941986,4.6016674,-7.098968,6.204619,-0.19349207,-1.0862885,-6.211073,-0.4801718530520931,-3.502571859722481,-4.65858,-7.0288177,0.0794627143742971,5.871917908140835,6.430119409736992,1,350.8497497210185,153.24899999999997,0.6321704612299645,0.7324523721119136,2.0,379.1530165201014,438.78734031778345,599.936494771154,0.5918179248369574,168.40200000000004
CC(C)[N+]1(C)CCC(CCCC2CC[N+](C)(C(C)C)CC2)CC1,5.8575907,-2.1878822,-1.9317083,9.473441,0.03639409,9.488156,3.5002651,2.3943117,7.095524,6.0383477,4.518547,5.5975966,0.032808498,6.856862,3.090899,2.640195,0.08947792,1.6940112,-1.4714123,8.3466835,-4.4902325,1.7050254,5.6663966,-4.7278776,-0.8906961,0.24749628,-1.4353236,6.0480824,-1.6612359,-2.7084055,-3.0804994,-3.2932594,1.5951443,4.981058,-6.661035,-0.5109374,13.820836,-5.1739073,-2.836415,-12.509766,-2.9180002,-5.9086614,-5.513546,0.5023412,1.5100958,5.7843738,-0.89898384,2.6804729,2.647319,-11.399497,7.774428,-2.4486508,0.58230835,-3.851997,-5.209114,2.1146128,7.3235435,5.7114677,-2.848285,-8.361614,-0.3244626,-1.9179933,-0.56673026,-2.7885456,0.8693355829408339,-3.369863117826272,-5.632847,12.728842,0.7783986940066072,5.385463538476908,16.624190065963614,2,646.0807824058368,324.5970000000001,0.0813359454712682,0.9838667290550016,6.0,662.988204145056,8103.966168847654,8238.24312668641,0.1479636131981117,373.03466666666674
CC(C)[N+]1(C)CCCC(C)(C)C1,1.8349638,-4.84721,1.652976,-1.9408438,-5.653756,-4.019382,-1.4630891,0.12095678,6.304141,-0.63727945,2.037274,-3.6032367,0.8093546,5.253213,0.05920577,-3.9659224,2.1876955,0.23594552,3.3934982,-2.1022382,-2.1758597,-0.21020807,4.7597504,0.1298365,2.1103413,0.6056893,1.7584064,-1.826635,-3.4183064,-1.5014673,-0.61204714,6.822319,-1.8890839,4.2234035,0.7603929,1.6997223,1.3999015,-3.0399907,0.9923395,-5.1725855,-8.072661,-1.2004237,0.96996343,0.06037593,-2.6203797,2.6998198,-3.0231042,-4.943684,-3.56278,-8.08696,1.5213404,-1.2975793,-1.9105681,-0.90268743,-3.6827781,-1.3539954,4.0036144,-0.5031029,1.9082416,-2.1700852,-1.0705608,-3.5334597,1.0072843,-1.4501421,-2.4877076990461964,-2.270106098366268,-6.4579043,-5.1595836,0.1976420434713665,5.1452698828399335,7.746602480379356,1,383.6557751031699,170.31999999999996,0.440634631594872,0.8992211609186141,1.0,368.18752227378354,753.6284472495605,838.4064291263726,0.5440469956735067,200.23200000000008
CC(C)[N+]1(C)CCCC1,1.4608479,-5.2237015,-0.759807,1.9586587,-6.2149982,-3.9147213,0.085961565,1.9380258,2.877216,0.1366656,6.535893,-2.8589768,0.39259464,3.9582286,3.4629686,-6.0133824,0.1440278,0.29235178,1.9334931,-2.1024797,-0.12227584,-1.9211094,-0.2492528,-3.0449598,1.9914515,2.9249737,1.29397,-3.0433846,0.27346805,-1.7607868,0.07947586,4.570021,1.45684,3.4704528,-0.08475483,0.2773559,-1.2109644,0.67493874,1.2736237,-7.411379,-5.852267,2.1719277,0.27938855,0.87978184,1.2079904,1.5400382,-4.918589,-1.1355543,0.5225167,-6.3082356,-0.3103799,1.2046676,-2.219375,-0.96874523,-4.900462,1.5900155,0.52468944,1.8377452,-2.7063847,0.43479457,-5.827105,-2.2392926,2.33536,0.823557,-1.4011812137134916,-0.1256500036201622,-0.079629116,-5.364482,0.1712091541846028,4.507290564016773,6.171096682483203,1,327.3552191350004,128.239,0.4733030150431345,0.8945902589768024,1.0,210.64947384958583,400.2940273739855,447.78147184830857,0.5777811507056189,150.90720000000002
CC(C)[P+](C(C)C)(C(C)C)C(C)C,8.84451,9.390134,-0.76251477,-7.849354,-3.2039175,-1.312206,-1.261283,-5.22964,13.7358055,13.026295,-3.5716267,6.884379,1.2574717,1.4878079,4.5242014,6.0024924,2.708725,7.1749616,2.4129276,5.1790376,-4.299523,-3.4555538,3.573093,6.6040297,-4.0020013,0.09545064,2.9049888,5.5146556,-3.3175707,-0.6023289,-2.0910037,-2.9686973,-2.8575442,6.8483458,-2.5369382,-0.9585834,8.031992,-3.6224167,-6.860592,-5.285465,-2.8099623,-11.267101,3.5621755,3.4257882,-0.56443727,4.6360245,11.252502,-3.6935427,-1.9791157,-6.4015546,1.9450827,-1.8585446,5.203551,-7.9146986,1.090056,4.0501456,5.9083157,0.2347813,14.0720005,-7.793715,13.66904,-0.14981528,-3.028598,-10.142028,1.1249224682372498,-5.818192563447753,-12.971921,-5.699422,0.0080039298988799,6.305155646062135,6.613723231085831,1,414.6884742389768,203.33,0.8692570543340296,0.9514550227544364,4.0,744.8572660033993,815.4743621322403,857.5082774166855,0.8842831237751134,236.86880000000005
CC(C)[P+](C)(C(C)C)C(C)C,4.556328,3.8824317,0.028598087,-6.745456,-3.1506753,-3.8332784,-2.278713,-2.8935273,11.268758,6.0558705,-2.779804,4.9194574,2.523574,1.7854322,3.2858438,3.7208276,1.7110382,5.3537483,0.92825806,3.1468086,-2.9744918,-0.79999995,4.160158,3.0243397,-2.0573716,-0.8991444,4.349362,3.963271,-4.5234523,-1.4518721,-1.9343027,0.96461046,-2.9135733,3.3358977,-2.194126,-0.086533025,4.6774397,-5.0453196,-1.8811489,-5.52761,-3.0211048,-5.1445556,3.7030602,1.5335019,-2.4948292,1.0119172,3.7606149,-2.0937753,-1.625782,-6.2306614,1.6852266,-1.7498434,4.191113,-4.9011884,-0.9006276,0.51216555,5.165681,1.5908209,8.941124,-7.7900696,9.035388,0.6081024,-2.5069177,-8.363915,-0.613814697358515,-4.245242426419608,-11.697161,-5.8913755,0.0500985923172985,6.02427968952748,6.716214788761064,1,386.0689972934732,175.27599999999998,0.7020367627590469,0.8081468767961126,3.0,517.8829732237841,596.3781497829185,741.1666899347565,0.6894998308892017,203.41680000000005
CC(C)c1cccc(C(C)C)c1-n1cc[n+](-c2c(C(C)C)cccc2C(C)C)c1,5.500044,-2.9879692,-7.4475107,2.076607,-0.75239074,-8.821277,-3.8034952,-3.7920766,-10.912972,4.0131626,11.647237,-0.17264254,6.474635,0.75010115,1.438062,-4.0794506,6.7668595,10.228428,5.4051647,6.429323,8.137831,-5.343355,-6.4367323,-6.315733,-2.52403,6.4300346,-4.8373494,10.665262,-3.0173774,13.697054,7.488963,-7.892485,-1.4606104,7.409229,-6.6804166,8.65483,-3.6724296,8.767777,-11.568091,3.4918256,-0.04577893,-6.171149,1.3026067,-3.9936554,-1.8183465,6.562856,-1.483783,0.81962353,18.840652,-4.500088,-4.3173556,3.2176476,0.10476728,6.583508,-0.31050536,-0.15564224,1.4478885,-0.66554654,-5.820394,-13.65077,1.1761549,-5.3253994,1.9395323,7.135706,3.256004889890016,3.675732494599588,4.946377,-9.453497,0.2169235574498244,9.636385531651236,11.813593459519565,-1,661.4223444563714,389.6070000000001,0.4244296675735216,0.7160878072551171,6.0,2271.1637305620934,3831.854321196425,5351.095609188706,0.2645598412693081,411.9680000000001
CC(C)c1n(C)cc[n+]1C,4.546672,-6.052336,3.742388,5.6657734,2.750632,-1.3235754,2.1325693,0.0035236478,-3.3419466,3.828089,-0.40559077,3.2006772,-4.329338,2.9813592,-2.4511538,-2.285256,-2.9945407,0.36260408,1.8043616,0.21458642,3.6999376,-2.7742498,3.1755679,-3.244153,1.6117098,0.67516285,0.011373967,1.3210888,0.9151912,0.4154668,-3.5718696,-1.038562,-1.5490901,3.6342056,-0.82253623,-1.5868645,3.3418026,-1.6709751,7.794759,-6.544083,-4.8846974,1.2585096,3.1099682,-0.014543474,-0.587852,3.1647105,0.24711606,-0.5977382,2.8885484,-5.001744,3.2725804,0.24596101,-1.7881064,-0.388093,-0.63555026,-0.4961805,-0.8627789,-0.06255871,-2.6952279,-6.226607,-0.54563826,-1.5506216,-2.3457553,-3.4863982,-1.1186793116417957,-0.9953532772027002,-5.354432,4.3928075,0.1570407752831121,5.429548843033691,6.018096277990082,1,342.6237540428861,139.222,0.5092499514609827,0.6739706225477355,1.0,300.78565923402346,398.0770099747721,590.6444534184091,0.3657034766050096,151.17600000000004
CC(C)n1cc[n+](C(C)C)c1,1.7764959,-4.2101884,1.7461083,2.422213,-2.2979064,-2.2412322,-0.50338846,0.3718824,-0.9539636,-3.7765186,2.3794618,-2.0146837,0.33435994,6.6524763,-0.8571657,-2.8365722,3.1848195,-2.366552,3.1894913,0.14670075,4.0159707,5.4051476,2.217072,-3.0963812,-0.1705212,-3.8653166,-4.1790633,2.5027587,-0.6363846,1.4686887,-0.6020734,0.38368005,-0.11761081,-2.9267485,2.6946466,0.73007363,0.26291072,-1.9137658,-1.8340818,-2.549888,-2.0129228,2.1732187,1.1120011,2.6342437,2.212562,0.32441986,-3.6640654,0.00821656,0.81315535,-4.52523,-0.4387901,1.8290732,-1.1940337,2.6337326,-1.908482,-0.5252497,4.107061,-2.4698617,-3.8400466,1.4607774,-8.238767,-2.024448,3.853608,4.893195,-2.8033886046121763,1.1826897186681848,0.80295116,-1.7416219,0.4460680974459135,4.366864512383696,8.072685064686395,1,388.67067600528526,153.24899999999997,0.2487055711672084,0.9729349558690772,2.0,221.2012529908892,873.8217881002748,897.8267442414177,0.3733732045646916,168.09600000000003
CC(C)n1cc[n+](CCCCCCCCCCn2cc[n+](C(C)C)c2)c1,9.148676,4.9870515,6.939705,14.215322,-9.726475,7.528493,-4.2781625,4.601159,5.6212773,1.4647979,6.543064,2.043759,2.2833042,-1.3323133,6.4348445,11.041777,12.7128525,1.178635,-0.3837839,-4.8337803,10.865216,4.8128896,0.8055861,5.1512537,-0.9780491,-1.5092854,13.156828,11.731298,-10.061339,4.4423666,-14.454132,1.2044301,3.6910326,1.2782315,2.6952107,2.1247213,5.6813607,2.2033658,-4.742881,-19.602018,6.4929385,-11.100469,-2.2097979,0.36683,-2.2545311,5.6643434,-6.5333896,-3.3860917,-5.271682,1.1105155,7.4331875,2.8004496,6.006716,0.62093055,-2.7810993,5.719,7.3584833,1.2742593,5.418629,-10.6173,-0.0004824996,-5.0886474,8.981297,4.814444,1.3402348878427028,-4.4898369118051,-8.7480345,16.358585,0.8625906206135397,5.9077102526928496,21.649632138054745,2,783.0018658027683,360.5900000000002,0.0486141467920828,0.9822597492535998,13.0,787.0078731566977,16349.95820418481,16632.497433234577,0.0776851802033592,392.1488000000001
CC(C)n1cc[n+](CCCCCCCCn2cc[n+](C(C)C)c2)c1,7.682289,5.844428,6.6849976,11.228024,-9.299193,7.4468703,-1.5696058,4.2753763,6.0114994,3.5175788,3.5653753,3.101414,3.628962,-0.9604599,5.0932164,10.673059,10.532221,0.971999,-2.0745106,-2.8406775,7.233714,4.9401073,1.3151598,3.4039943,-0.85804564,-2.8439565,11.765131,11.196547,-6.7326226,2.1796708,-13.939037,0.2107969,4.8685613,-0.15228716,2.8014266,2.3818996,5.3681397,2.0883086,-2.9781132,-18.666245,5.104352,-9.102049,-1.7635393,0.4310113,-0.8683922,4.6114187,-4.1958303,-1.5215561,-4.8322725,0.6829809,7.7371507,3.046363,5.133299,0.5282045,-2.166349,6.124263,4.2330637,1.7874548,3.4040391,-9.089647,-0.054052293,-3.3445299,6.0625606,2.7249372,0.9648970049791027,-3.641349344234607,-8.891912,16.069647,0.8642373767325914,5.345474264764693,20.039637180445347,2,727.068059479114,332.536,0.0481309237788522,0.9895282174066342,11.0,603.3608011976256,12764.27241191936,12895.435690862269,0.0923611118604043,358.62160000000006
CC(C)n1cc[n+](CCCCCCn2cc[n+](C(C)C)c2)c1,6.685314,3.0432906,3.8581536,8.797505,-7.1333623,5.1555576,-1.637585,3.459879,5.6126566,2.7521813,3.180905,1.9001743,3.6619344,-0.6561213,6.123389,8.834217,6.955193,0.6724047,-1.3956542,-1.7750927,5.0615134,4.319454,2.8156283,1.4318154,-1.9424765,-1.3038483,9.3406315,8.421711,-4.5601616,0.46533358,-11.5840225,0.58694476,3.3433857,0.77662396,1.5628012,1.1613564,3.4793503,0.9044876,-1.5603595,-16.473675,4.2396555,-5.620154,-0.57602715,0.59827507,-0.06195733,2.2980258,-4.984875,-0.8825719,-4.4049826,-0.66956997,6.0429015,2.6494055,3.467195,0.40145874,-2.2131534,5.684568,3.3313239,2.8913052,1.5769104,-6.7530117,-0.6202797,-3.1155512,4.2629094,0.88444185,0.2920650505026993,-2.9678382787113593,-8.611661,15.42449,0.8253267424348648,5.409661814272753,18.133075402408423,2,669.4236844750066,304.482,0.0628792115274477,0.9825830454616368,9.0,570.1124398432502,9115.251040103392,9271.19501349756,0.1089118867369818,325.05280000000005
CC(CCC(C)[N+]1(C)CCCCC1)[N+]1(C)CCCCC1,0.56931806,-7.1679683,-5.2042294,10.271029,0.97281206,-0.4965959,2.8320296,0.22104767,0.9503216,1.8525797,8.090048,0.38219947,-7.6980557,6.997002,8.403622,2.5447598,-4.875824,-1.2027262,2.1274443,4.2640634,3.164914,7.166295,6.2654824,-6.844864,-3.7361765,-1.0827856,-5.281068,2.7295372,4.320457,-1.1747333,-1.1648191,-4.183877,-6.2507806,3.6841104,-7.3607936,-4.1314054,2.7078338,1.1523836,1.7219523,-8.949572,-8.073467,-1.1676688,-0.2263633,-0.6174307,0.8445271,-0.553321,0.8436624,2.9507077,10.184434,-14.270342,3.1621733,1.4553235,3.386556,-1.5305842,2.1997173,0.6078775,1.0706015,-0.21439758,-0.77637494,-5.2826023,-10.084251,1.2024088,1.5644181,2.878387,0.12610132735888213,-0.895598487546681,-5.868402,9.394982,0.5864600566901569,5.917078329824163,12.556357165583742,2,559.6656896086893,282.516,0.1679829123329457,0.950177983742538,5.0,692.6907313250479,3988.0643637738585,4191.854105984271,0.2519853640228485,322.91893333333337
CC(N)CN,1.6241522,-0.55700207,7.1104693,-2.828655,-7.2075934,2.876826,1.711836,-2.2303426,-1.6472645,0.7159383,-3.3215978,-2.9172714,4.7399383,-1.2557012,-4.562982,-2.6309009,2.1863277,1.4144055,1.7454987,-1.1249641,-3.2681644,1.7321508,0.5683266,2.2386484,1.2962456,-1.8287399,5.914182,-0.89132404,2.0352187,-0.18129778,-3.2470028,5.0500774,0.111156285,-2.481968,3.5260305,-0.14931323,-3.0895042,-0.022325471,0.47279906,0.94875234,-3.060268,3.0755622,1.1049523,-2.310561,1.4497335,4.9368467,0.30425015,-0.96061563,-4.5805435,2.7005253,1.6214147,0.7181639,1.2261077,0.5669935,2.1653912,1.7651346,-5.913022,0.030312598,0.27884766,2.580546,-3.480757,-0.8129768,0.60012937,1.699518,-1.820822169729142,0.6604766063830328,11.170366,4.9847403,0.3011509614107643,3.888222398540848,4.738276500847725,0,250.81573734173503,74.127,0.3429942975839953,0.7506200242248845,1.0,64.49427163800837,141.14138946415838,188.0330725388065,0.3391824608849328,86.45600000000002
CC(N)CNCCCN,1.1472979,2.6651807,0.66860145,2.3317468,-1.513074,-2.7851694,-0.7650529,1.4500343,-7.2409954,-7.5198493,7.706174,-4.235676,2.893484,0.003509039,2.1853538,-2.744965,1.2098396,-1.6482953,0.25811613,0.9272023,1.441342,4.908582,4.331604,-6.517688,-6.579017,-1.9193447,-5.5380526,5.2548094,1.1078147,-3.688662,-4.5061445,-1.954016,1.2001,0.21181664,2.9096742,0.08058666,-7.8266377,4.308527,-2.5093086,2.1522112,1.7925572,4.221151,4.4696426,0.75558907,1.8883423,-0.0753832,-3.4444919,4.8531504,3.0324655,3.6074214,-0.77828026,2.4004476,1.0185232,5.267987,-2.1382046,1.2503834,-0.47637993,-1.8115196,-8.925634,-5.405137,-12.081564,-3.5203593,1.7281363,9.745562,-1.7750454858161449,4.054878809222257,5.1473484,7.8609695,0.5797140850196217,4.081551332341591,8.592516897506822,0,360.6341480114611,131.223,0.1745792970396372,0.9397452848754329,5.0,150.46740712400862,854.1702079751109,905.2339940780552,0.2643145416550629,149.39500000000004
CC(N)CO,1.2495078,1.5996144,6.6464324,-3.6263173,-11.175897,0.60031915,0.2807659,-1.269287,-0.14324337,-1.6093675,-1.1419713,-4.5131636,4.5748105,-0.5129066,-1.6225443,-3.460465,1.9638002,0.80539525,1.1357939,-1.5798488,-2.1711364,3.9958203,1.3979542,0.6054255,0.37712136,-1.1021245,6.318594,-2.472163,1.4570512,-2.153255,-2.9059992,7.108832,-0.11075705,-1.176964,4.729714,0.5712752,-5.3999124,1.9749904,1.7547177,-0.32099062,-3.963542,3.6239622,0.87970716,-2.130785,-0.5215231,4.344674,-1.628965,0.2118086,-5.109739,3.0330925,1.9265878,2.6395617,1.947053,-0.58144355,0.060055226,1.1109133,-6.87348,-0.6253853,-0.6461936,4.030627,-7.2625375,0.26738125,2.8800533,3.66152,-2.2133214963913703,0.9699572738813287,10.274544,5.489341,0.3090162507969149,3.576871619750254,4.784158871048291,0,245.7737391957122,75.111,0.3354666526455304,0.7645961759243685,1.0,62.54917696837364,142.63138909067652,186.5170098480802,0.4028515269921789,82.90400000000002
CC(N)c1ccccc1,1.8164613,-0.60316825,5.4822536,-1.9912851,-2.3918362,-0.7648007,1.9871529,-2.3556259,0.72849804,4.792345,-4.0930195,-0.49557072,3.9054916,5.4320507,-6.652644,-1.8070769,5.7987323,-0.18678981,1.1673359,0.7955955,-3.5580494,-0.5194577,1.9402006,1.7820894,-1.3293278,-2.6961873,1.2946645,2.7278643,-0.8370609,1.8135589,-2.0067565,1.7675121,-1.4296961,-2.5219812,6.4755254,3.5140488,-0.100085154,-4.399818,-3.2698457,-0.58325815,-6.2597923,4.086036,2.8668265,2.0043724,0.05645302,4.224371,2.5367258,-3.5836015,-4.7661667,-3.1069212,-1.343001,0.10358125,-4.518499,1.5808661,-1.3793176,-3.0801375,0.6441065,-2.383518,1.0802819,1.4623095,-1.1768368,-1.9606527,0.88688195,-1.3051796,-3.074747520184749,0.13557932244120433,4.7963285,1.4524815,0.3785506468966501,4.214814025943974,7.195364999115923,0,316.19609297155534,121.18299999999996,0.2835634394002211,0.8838621213618746,1.0,147.5722386324563,459.9440352110107,520.7786122187314,0.3131424834726954,129.28000000000003
CC(NCCN)C(C)(C)N(C)C,4.1871796,2.7210495,-1.6864474,7.2510934,-3.8349514,-3.32214,-8.028467,5.5832605,-2.3630548,-7.4313726,11.87787,-1.2289162,1.3615656,0.06248384,2.8987536,-3.1793737,2.347228,-0.012559412,-1.2089725,-4.599448,5.6635065,3.1760135,3.168533,-3.9714968,-5.017263,3.4817464,-3.5346603,4.2029114,-3.8521988,-1.8905011,1.8062892,-1.5024307,4.2759104,1.6027504,1.3526926,1.7351358,-3.2357056,0.34232998,-10.3119135,1.3906283,0.044757098,5.0014577,3.4075015,0.13905747,-1.4127052,-0.28932714,-3.17971,2.200481,1.0879259,4.351915,-1.6938063,1.5320437,0.009237364,-5.2521367,-5.434477,0.3366826,6.54425,0.9895903,-5.7331924,-8.363928,-9.929659,-6.282109,5.7939315,6.078391,-1.513980097382666,1.4263999401874097,3.925185,5.8475313,0.3380360519489145,5.346865133326201,8.611458429183953,0,404.7189341182873,173.30399999999997,0.3229685309298802,0.921052113302694,5.0,355.7163402058736,1036.505450093363,1121.7205222796738,0.4550635223160491,199.7740000000001
CC(O)=CC(C)=NCCN=C(C)C=C(C)O,1.972323,0.047474653,-0.43643275,3.8334043,4.497931,-0.4653227,-3.8356824,-1.5277504,-6.2528057,1.7263166,4.0169897,2.6585016,3.4755423,2.3216367,-0.44021666,3.0586438,6.5291142,1.6046807,-2.0142462,6.1987443,2.3494103,0.95600986,-2.2521107,-5.1342316,-3.2422996,-0.7824197,-1.04432,8.131854,-0.99249554,5.5945864,0.9780448,-8.249968,1.9398236,1.3277576,4.013812,1.9522723,-1.873552,-0.4540906,-7.4350414,0.522818,-0.7608405,2.9826355,0.7290338,-2.0640113,-1.1727321,2.5289483,1.5619394,2.9762826,1.9716575,1.1691495,-5.5159893,2.8580441,-3.9316368,0.90530264,-1.940835,-1.246996,0.45125067,-0.59329116,-2.964907,-8.889319,-0.038235605,0.49612892,0.031581376,0.38648713,-0.4950855314683058,2.657266944163689,9.573964,-6.305249,0.3926023972164443,6.266823742982609,10.597086754173915,0,490.0684695570629,224.304,0.3027992631062671,0.8681880602638239,5.0,655.6287650127051,2197.633211613974,2502.0319973734145,0.308936976859425,230.2776000000001
CC(O)CN(CC(C)O)CC(C)O,2.3907175,-1.0187514,-0.094384804,3.5913532,2.868853,-2.2545698,-5.104364,-1.5524961,-9.892329,-1.6310753,1.6831039,5.225822,1.3613279,-0.7143143,-1.9899848,-0.9091901,2.5358346,5.233201,0.30027404,3.2193513,6.43748,-0.4707774,3.5314474,-3.8553588,-3.9988496,3.2847497,-3.1458533,5.6978383,0.35799596,5.1337,2.3635674,-5.4738493,-1.4464469,-1.2924317,-0.6243636,0.6171343,-1.8788867,0.8722327,-4.915228,3.3776307,-2.5675704,1.4157562,2.2835376,-1.0299256,-1.5712849,0.4262758,-1.0175766,2.088461,7.0452633,-1.1622216,-1.0394284,2.9716744,-2.226145,1.5654026,-2.062921,-0.8018377,0.4119163,-0.51266146,-5.6762767,-7.3934007,-0.54072005,-1.5695136,-3.4268076,0.8571806,-1.1273390849641431,2.1526883430929633,1.8061079,4.426833,0.1908147980801739,6.795243564744474,8.26848417998024,0,414.68016216883126,191.271,0.4594721518289097,0.718318700537351,6.0,603.936062278153,946.7008532546622,1319.7687605860488,0.3259288956814383,200.74400000000003
CC(O)CNCC(C)O,3.8758395,3.2578733,1.5499306,0.2706898,-4.5927396,-3.2582476,-0.21755297,3.172018,-5.708309,-6.8604255,7.091238,-5.636228,1.4763383,0.74587536,-0.9317718,-2.045044,-0.8644812,-0.04311061,1.2580168,-3.6679435,1.4036747,3.94304,3.7163959,-3.5451865,-6.580809,-0.39124697,-2.878908,3.5843043,-0.34219524,-3.7687426,-4.365356,-0.81412953,1.0928452,0.60993147,3.1957145,2.707239,-6.637381,5.376905,-2.4007201,2.1808825,2.5616026,4.340282,3.7140286,-0.32047534,-0.40274975,0.367283,-2.3452344,2.4229367,1.9185684,4.2549777,-0.5445212,-1.9329658,1.0642693,5.3968263,0.92491245,-0.39152572,0.7665003,-0.9201288,-5.713897,-5.2254148,-11.041624,-5.354128,3.6213439,8.12947,-1.2728687240155607,2.725649668388962,5.9399977,8.066457,0.5466214095029234,3.69888404824094,8.023890211217058,0,346.4739505552978,133.19099999999997,0.1898960296494193,0.9399182870281806,4.0,149.56103271491926,769.5732138200317,817.3170016519305,0.2858857385806425,142.24400000000003
CC1(C)C2CCC[N+](C)(C)C1C2,6.4113407,-4.7563944,0.45883498,-3.3094804,-3.717134,-3.8561826,-1.9588283,-1.618101,9.322505,5.9459295,2.629214,0.121227905,1.9362577,5.6492267,2.863905,-2.0116572,1.4204727,3.510832,4.5477214,0.9819621,-5.02462,-5.6833277,3.9452355,1.7051462,0.43042165,3.909075,5.053084,-2.4520073,-4.2254,-2.1534395,-1.5513257,3.6274874,-2.930112,9.310033,-1.4789628,0.011551306,4.607143,-4.967711,0.18127696,-8.772196,-7.994009,-5.0621653,0.85548234,0.82852316,-2.6910324,3.2441788,-0.17544445,-6.0086246,-2.7528481,-11.770469,0.7719116,-3.614476,-1.8416908,-2.981836,-4.414984,0.18613592,5.2154593,1.7703311,6.6608224,-6.712387,5.3063436,-3.3252752,-1.6529546,-6.454945,-0.7631121744961032,-4.493468622459162,-6.632822,-7.6609035,0.0625015105916985,5.306961888605633,6.864802934991705,1,367.0844205297674,168.30399999999997,0.6418893584030654,0.870043216612228,0.0,417.14104925499066,565.4101217345851,649.8644101107731,0.7148071530633257,190.84800000000004
CC1(C)C2CCC[N+]3(CCCCC3)C1C2,1.0859222,-2.973284,1.1474491,-1.5240562,-3.7456255,-4.5465646,-3.049029,-0.6019161,6.6914353,1.4273247,2.63972,-3.7644746,-1.6950154,6.9799914,-0.7634034,-2.0806668,0.9531764,0.4999234,2.9469059,-1.3611443,-4.285304,-1.3576655,3.182225,3.0168002,1.3472545,-0.55136824,-0.53803706,-2.6414227,-3.2977147,-0.96560204,1.1930835,3.7806776,-1.1106818,5.8470354,1.8886203,3.2225902,2.3138616,-3.1647067,-4.4472094,-0.07717854,-7.542065,-5.988702,2.5607767,-1.2412047,-4.697383,2.7396374,3.8661795,-7.2935424,-5.1225114,-8.67818,0.17969081,-2.5802815,-1.960978,-1.8816574,-1.6676958,-1.8151999,5.060924,-3.4615262,8.293404,-2.7788594,2.3049548,-0.9572492,-0.26915237,-2.035256,-2.0203135885245147,-2.8857436630926347,-8.166076,-5.638998,0.1999416076282621,5.996608983269799,8.05408088965346,1,415.58156773709584,208.369,0.4385685844595799,0.9077671051155076,0.0,512.7094203985695,1063.7708943633274,1171.3098043836103,0.5580721529051456,229.63466666666676
CC1(C)CC(N)CC(C)(C)N1,2.4584687,0.84737647,6.7041845,-4.1951632,-7.604065,-1.0626816,-4.931126,-3.8801956,-2.1479616,5.848471,-1.047584,-0.019768909,5.4224863,-2.549074,-1.7714694,-2.7154603,7.2224307,6.017636,5.178748,1.8234016,3.574876,-7.8802547,-2.9309013,4.0525913,1.2751603,1.812387,9.6826725,-1.5185893,-2.7800841,5.929267,0.72657377,1.882935,0.9933801,5.7899976,0.22330552,1.7033595,1.4429353,0.044471994,-2.2532177,-0.24928886,-4.968371,-3.6245334,1.0001323,-2.848809,-4.801267,7.2611775,4.0408874,-4.856788,-0.7708922,2.0931299,-3.0446258,-1.0585558,1.4935949,-4.578744,0.46207014,1.6952548,-2.9510863,-0.18064168,5.4354863,-5.2983117,6.518083,1.5244917,3.2384846,-2.8730564,0.9206545458340007,-1.0914493210190994,9.318356,-0.5072912,0.082600709162716,5.806009265572829,6.646491045725019,0,366.3473062975223,156.27299999999997,0.6438977641620061,0.6901160859958759,0.0,436.2080208652031,467.5176396896088,677.4497223259849,0.5911965249897023,175.78133333333338
CC1(C)CC([N+](C)(C)C)C2CC1C2(C)C,0.019315355,-0.89754534,0.96450394,1.2717357,-2.932525,-4.5470366,-4.7598925,-0.7631544,10.405763,4.1835456,0.20800197,-0.7195614,-4.611255,8.203443,5.122386,-3.068296,-1.4116563,1.0616145,2.5886793,0.77908456,-0.94647753,-0.32175016,1.7806504,2.853266,2.9845793,-2.0163877,-0.41976222,-0.33801916,-5.549571,-0.49344122,0.29676265,4.3637323,-1.4550412,9.062204,-1.1850288,0.17935424,2.7485218,-3.692581,-1.7866174,-2.800253,-4.2114305,-7.608726,5.6619883,-3.7458436,-7.375276,3.0086265,7.253811,-9.880544,-5.0429497,-9.535495,3.369583,-1.7988026,1.9438062,-4.6684794,1.4130158,-0.4874737,6.773894,-4.449085,13.525536,-4.933022,5.230351,2.4129326,1.5317072,-4.451788,-1.1473180062752188,-5.036419604687247,-10.047539,-9.228293,0.1341219053514367,6.980860821092459,7.429746927542194,1,434.786748249558,210.385,0.5123956151671025,0.8193588310982469,1.0,641.6886504979176,1026.1080443272724,1252.3304874274734,0.5391433066665954,241.85600000000005
CC1(C)CC2CC(C)(C1)C[N+]2(C)C,1.7539941,-4.5297303,0.7908389,2.0368788,-3.7786052,-4.452243,-2.2058525,1.7209312,5.8187833,1.1784354,4.9081264,-3.6387413,-3.5396118,7.29598,4.135672,-3.6349545,-1.77988,0.8681071,6.644148,-0.91257703,-0.21449006,-4.9068418,-0.49447376,-1.6353842,1.6521962,0.8893517,2.6936958,-5.7166505,-5.6442094,-1.8627274,-0.7241199,5.3044066,1.1438501,11.989629,-2.6430607,-0.7700264,3.2724247,-0.9479423,2.5948508,-6.485267,-5.490897,-5.0499086,0.68239105,-4.508095,-6.4018526,2.9002502,0.33514658,-7.8663993,-1.7125027,-10.458335,2.4084744,-5.1341906,1.1290267,0.3589927,-1.8017759,0.2925885,5.3680587,-0.9565575,6.2508574,-5.919502,1.7787652,-1.25876,4.163436,-1.1844705,0.2004564861122025,-3.7271747608495356,-7.2442217,-9.855422,0.1234935108888737,6.12411907607688,7.384240423157074,1,386.5708771614973,182.331,0.5295452948770215,0.7960329794863379,0.0,460.0248574858936,691.5271677134187,868.716731007358,0.5182449479556429,206.42400000000004
CC1(C)CC2CC(C)(C1)C[N+]21CCCC1,-1.897146,-7.8142066,-0.57817304,4.140699,0.57975733,-3.956967,-3.0260518,-0.5475538,2.0657747,-1.5126022,3.645401,-5.370693,-4.8301783,6.3099465,2.641984,-2.6080546,-0.4116473,-1.6238083,3.3107953,3.504855,0.76465976,-3.1757896,-0.90732867,0.8350133,3.7615163,-0.09403491,0.89419043,-4.4672837,-6.259796,-0.042334855,-0.0263009,1.8383117,-0.5940213,8.299558,-0.49201983,0.91244847,2.2742226,-0.46068645,1.2164441,-2.3544326,-6.3859873,-4.0185914,-1.1423225,-5.8529806,-7.4894347,1.1442991,0.8670777,-7.502209,-4.7617607,-11.452757,-0.043503903,-0.9441367,-1.9841927,0.2595154,-0.7523323,-2.14839,4.9465394,-3.498655,7.0786567,-4.476311,3.2798061,2.8804562,1.1923934,-2.2916327,-0.9847463668844146,-2.454235627465732,-8.94249,-9.805565,0.1992514235892994,6.197968240117089,8.726945090243046,1,418.20489889745977,208.369,0.4320987166280088,0.8342779802325194,0.0,526.3572330059583,1016.2683487232648,1218.141162541559,0.4581669673304031,229.51200000000009
CC1(C)CC2CC(C)(C1)C[N+]21CCCCC1,-4.0164165,-8.838075,-2.905342,6.3085346,1.5386978,-3.419964,-1.5755708,1.8435701,3.708102,-1.4118546,5.632546,-5.4360747,-4.8830233,7.7773767,5.778421,-4.5479813,0.1297274,-4.2052636,2.0691123,7.1108966,-0.29769456,-2.0682228,-1.8282938,-2.0290446,5.1153812,-1.9306698,-1.0722418,-3.6775277,-8.155139,-1.1225038,0.6594165,1.344219,0.7083081,9.147282,-2.1060033,-1.12534,2.6220236,-1.2551054,1.4499402,-2.7004292,-6.037512,-1.9995396,-1.6248584,-5.983961,-5.708332,0.7050363,0.3349103,-6.2161727,-3.2743351,-12.365109,0.4685292,0.14236143,-0.70951325,-0.8760904,-2.4644387,-2.2367013,7.046623,-3.7342837,5.6837764,-5.159362,1.472331,3.1189797,3.216989,-1.7708921,-0.8847053979625434,-2.1068023491562493,-9.126888,-10.178014,0.2364368236380294,6.484885067920867,8.887914671859004,1,437.5173840734575,222.396,0.3953811567273932,0.8375678764056258,0.0,577.4949949184611,1223.7520742309498,1460.8382306097828,0.418616953508123,245.55600000000004
CC1(C)CCC(C)(C)C[N+](C)(C)C1,2.8197477,-4.531573,0.3002474,-1.0511625,-4.6342697,-4.698618,-2.300687,1.4410455,8.614756,1.9757906,4.586835,-2.4163687,-2.191153,7.9300113,4.4420905,-3.8093314,-1.3041918,2.3022273,7.1351604,1.0670338,-3.1373503,-5.679713,0.8344334,-0.7169261,1.8431807,1.0673372,3.2949665,-5.448925,-7.296329,-2.548503,0.032023735,5.358008,0.40263838,12.9392805,-3.8242044,-1.1027653,5.160028,-2.9539065,1.5380546,-6.257703,-6.184562,-6.566179,-0.04791212,-3.1355393,-6.3866997,3.0559804,1.051534,-7.539428,-1.6559209,-12.04882,2.3822484,-6.48905,2.015728,-1.4789907,-3.5734468,0.19530907,6.843039,-0.45740095,7.3721633,-7.2790737,3.9554377,-1.4383636,2.863464,-3.3655705,0.2629662556495892,-4.623416251475591,-7.2361283,-9.278176,0.1045878120647963,5.975881560455447,7.332804055818675,1,399.47985408029416,184.347,0.5633513498626,0.7755366875493249,0.0,529.7447674551806,729.2722424451104,940.3452527173034,0.5615409751179735,216.90400000000005
CC1(C)CCC[N+](C)(C)C1,4.3902426,-6.055467,-0.636067,0.41016585,-9.013599,-3.0394976,1.3143109,0.94687593,4.5381465,3.6384456,7.4153223,-4.7825904,-1.3032379,7.1534786,1.3687096,-4.6817465,0.8428202,3.6209304,5.475003,-3.6452715,-3.4018395,-9.180573,0.094153106,1.1714971,2.2075639,6.4167814,3.837674,-5.633514,-1.2915238,0.14911735,0.43461996,5.698192,-0.09270173,9.37997,-1.1082541,1.4368923,4.268546,2.2555249,0.76593757,-7.885519,-11.079931,-2.5634496,-1.2647927,1.2262485,-1.8358564,5.494404,-1.7434851,-5.5455036,0.261687,-10.702296,-1.9209653,-5.0803795,-3.6184392,-0.28239912,-5.7127295,0.40554085,1.8948555,1.7089756,1.3940946,-1.8610075,-1.02527,-4.3376794,1.2795185,-0.16156706,0.07330778940289216,-2.366904066060804,-5.2906966,-7.9047394,0.1406488502669339,4.064157982183674,6.795199387064587,1,346.59833274148644,142.26599999999996,0.5079321632465216,0.907329293273443,0.0,270.6461047437924,483.46050262859984,532.8390764111467,0.6513946753806886,167.15200000000004
CC1(C)CCC[N+](C)(c2ccccc2)C1,0.22582942,-3.8207095,0.9321682,1.7530024,-2.5902948,-4.045002,-2.517774,-0.40973708,6.334578,-2.2626069,2.2222013,-3.8959985,-2.3203504,6.738115,-0.13598217,-1.8401442,2.8862033,-0.57706344,2.8982954,-1.289567,-0.18939579,2.8352149,5.2290897,2.073927,1.5498517,-1.9729514,-1.7010227,0.37237713,-4.423055,0.68619484,-0.52372295,4.3838563,-1.0430613,0.9574634,2.0472631,1.7817497,2.775992,-3.6390834,-3.1476412,-2.49439,-6.7054763,-2.2899482,2.663207,0.3653754,-2.298368,1.7602421,-1.1968979,-5.633846,-4.9519053,-8.917267,0.6797118,0.83474046,-1.8013468,-0.96631753,-3.6287825,-1.5471017,7.1492543,-3.6122992,4.441541,-0.84621084,-0.7609887,-1.0206863,1.5544453,-0.24722219,-3.135419078563074,-2.2437169104102175,-7.842334,-3.8513165,0.3215940449440943,5.444670545986528,9.081500316408638,1,425.23617549523846,204.3369999999999,0.3343631267030182,0.9242387453771193,1.0,454.3883228948144,1284.2718525747675,1388.6590461470605,0.4750312042527875,221.904
CC1(C)CCC[N+]2(CCCC2)C1,2.659038,-4.6226735,3.359593,3.520292,-6.1632667,-5.131985,-2.728827,1.0277264,4.4012094,-3.1654,3.2306488,-4.539462,-2.9736543,7.232324,-0.15536852,-5.4840145,2.9470468,-0.98533386,6.318034,-3.9103127,3.4329479,-1.843761,4.2370224,0.5234864,2.5618799,1.039051,0.87570727,-3.6521971,-5.1851716,0.063314915,-0.502874,8.092449,-0.310726,6.2570944,1.6425502,0.29978043,3.3674388,-2.0296588,1.4947175,-6.916385,-7.847238,-0.8898,0.29847968,-1.0641979,-4.6286983,3.9243922,-4.9061255,-8.540618,-5.063817,-9.267045,1.2932539,-2.1448386,-2.9872108,0.16087256,-6.0218945,-1.502411,6.689985,-1.9698193,1.0680647,-0.98066765,-2.2374787,-3.2498817,4.5066576,0.3150276,-2.4332719700988297,-2.787562494240691,-8.523544,-4.4157696,0.2435342818770239,5.227986465697201,7.7907488258299,1,376.6143369386452,168.30399999999997,0.3947985781333902,0.9211815138654754,0.0,321.6589927792304,751.5159050638814,815.5327941194141,0.5414817331814813,189.8853333333334
CC1(C)[C@H]2CC[C@@H](C[N+](C)(C)C)[C@@H]1C2,1.5071757,-4.5965037,-1.2338359,3.1047916,-3.4723291,-3.7827637,-4.239642,3.6739995,6.5558887,-4.5430126,6.528554,-4.3830895,-1.009715,7.264967,0.9502659,-2.0510817,2.0519865,-3.3890824,0.58822346,-3.8582833,-0.935285,7.2630663,7.7652144,-2.2126646,-0.8041352,-2.7014213,-4.9227214,2.1507215,-3.9250329,-2.885284,1.0157423,4.508047,0.8317047,0.8117012,2.1882694,1.6175728,0.8363228,-5.463085,-5.702578,-1.2320883,-5.853308,0.8128242,4.5571814,1.7327971,-0.40971205,0.104677066,-2.4226434,-2.2408516,-2.3321157,-6.372766,1.8061322,0.6345546,-1.4989121,-1.727074,-3.958251,-2.1056058,8.795743,-1.7166166,0.17874461,-3.661118,-6.5821867,-5.0675325,3.1852705,1.8060749,-3.7645173888102756,-1.301565563637033,-6.6563263,-2.0628934,0.3470673409301074,5.469227271385279,8.758079243652656,1,428.1309439614263,196.358,0.3096649344260444,0.942110779602432,2.0,414.0531304991664,1259.6967696503862,1337.1004736556513,0.4523248306465967,225.67600000000004
CC1(C)[C@H]2CC[C@]1(C)[C@H]([N+](C)(C)C)C2,3.404566,-0.0042928457,0.5718735,-1.4891746,-3.0485728,-2.2944994,0.06471871,0.20979807,9.243053,4.7561526,1.8228167,-0.045546666,0.71890205,6.149075,-0.7518717,-1.3145542,2.051766,1.0733056,1.9216223,-0.03452073,-5.816816,-1.4138507,3.6628442,2.4039717,0.5536267,-0.2939458,-1.0028667,0.44031462,-3.231587,-1.7941521,0.5405325,2.1717567,-0.8981387,3.953626,0.864201,2.1624174,4.6719613,-4.849439,-5.4411526,-2.807395,-6.04322,-4.6952777,1.9243935,1.6411037,-0.11714542,3.2926607,3.8614526,-5.190767,-3.366694,-7.005526,1.2594949,-2.3523154,-1.2274034,-3.6663237,-3.5175762,-1.0721154,6.2593093,-0.65063083,5.8187637,-3.4996872,1.8792727,-2.5912378,-0.40610087,-2.6390338,-1.6338467534415682,-2.969977794965404,-7.6919403,-6.0775375,0.1800834295566681,5.335281458151046,7.947916188240661,1,400.5812335968191,196.358,0.4687688776979874,0.9723483018928928,1.0,450.832469808849,935.143537279022,961.7372041053156,0.636934518822653,223.2160000000001
CC12CCC(C1)C(C)(C)[N+](C)(C)C2,5.7454824,-3.793581,-0.2445964,-2.504642,-4.1443887,-3.5571263,-1.0097346,-0.6644558,10.45806,5.7921968,3.3205853,-1.2322372,0.9101122,7.5461645,2.208015,-3.3866096,1.1887004,1.893435,3.9617271,1.293735,-6.5506754,-5.1279497,4.2110033,1.902345,0.8114526,2.6076415,2.056724,-2.9513538,-3.8064775,-2.2980862,-0.47917813,3.6458797,-2.364915,9.794766,-0.6900043,0.74862534,4.7352657,-4.570549,-1.3591416,-6.952027,-7.8535256,-5.596499,1.0675999,0.8246249,-2.4826279,3.4948895,1.7945422,-7.0428786,-3.730343,-11.663877,0.53622717,-4.0923386,-2.966731,-3.062787,-4.6373982,-0.5751524,5.863649,0.18059269,7.4052835,-4.7755246,4.156169,-3.1532977,-1.1975212,-5.6059036,-1.0739526909729997,-4.279319284260907,-7.188461,-7.3208456,0.087108508716181,5.500983605290072,7.002207819362182,1,380.8035794735956,182.331,0.5930144931495708,0.9039959146829908,0.0,446.17831567277193,680.1577014519811,752.390238058206,0.7002873067407231,206.2800000000001
CC12CCC(C[N+](C)(C)C1)C2(C)C,4.640328,-1.7849438,-0.18326454,-1.5765169,-3.041556,-1.9999477,0.8716834,-1.0367435,8.721174,7.8797164,2.2861347,-0.053134635,1.2707394,6.507487,0.8178364,-2.5032916,1.2795503,1.2143133,2.1749773,1.5446657,-6.441775,-5.7622437,1.6203895,1.7673249,1.2053044,1.831886,0.8895551,-1.6342784,-2.3335013,-1.6525966,0.0744467,1.1559346,-1.4835181,8.37021,-0.20324707,1.3584954,4.599456,-3.6966383,-3.1834648,-5.015902,-6.40532,-5.890203,0.0670293,1.1586907,-1.2330599,3.3597171,4.7274632,-6.3707767,-2.8915625,-8.605758,0.6102941,-4.025775,-3.046159,-3.444353,-2.5166411,-0.10133806,3.9884906,0.16021219,6.8396573,-3.2500138,4.14301,-2.2873478,-1.4233124,-5.3953037,-0.5811107796196643,-3.378707433893377,-7.320822,-6.944869,0.1019166003209739,5.311074627520171,6.912819204381082,1,378.63564141488274,182.331,0.5815886703555694,0.9803531337248154,0.0,428.731803562524,722.690431526195,737.1735823196275,0.7000358833089239,206.33600000000004
CC1=C(C)C(C)(C)C([Co+]C2=C(C)C(C)=C(C)C2(C)C)=C1C,-2.2742712,-1.0198553,-4.2401137,4.2780523,-1.9645392,0.35418704,2.1355643,-1.2305402,-1.970747,9.472083,4.909128,-1.5389864,-2.1524312,2.7548,3.696662,3.438221,-1.4759852,1.0084068,-1.476471,2.9058516,-1.7352041,-9.440865,-7.8357024,-3.2424507,-2.5648334,-1.1447295,4.7787023,1.1118582,-1.574808,1.7395637,3.097376,-4.11325,0.7731541,11.19352,-2.9534955,5.5177493,1.3707348,4.1718903,-1.1694704,2.4814463,-5.700322,-7.687506,-0.4290259,-2.0206413,-5.482428,5.3642907,10.207348,-0.66825444,8.512959,-6.118057,0.85682815,-5.5581017,6.720277,2.1372628,5.781906,1.6103518,-4.304466,-0.9490583,6.969172,-10.541115,7.857805,1.2667274,2.2398953,-4.2693763,3.86030837111721,-0.7039655816631796,1.6187202,-12.657171,0.2101008576834127,8.001801984190683,10.95223534556685,1,614.7919987334321,329.3930000000001,0.4672549194237522,0.7224402725288007,2.0,2092.680994205126,2912.2478307855,4267.979018727428,0.4027106927346181,335.6840000000001
CC1=CN(C)CN1C,-0.40385282,-2.2606099,0.14703293,6.0271754,6.379482,-2.149175,3.6777968,-0.30063847,-6.366758,5.1763363,1.8132682,-0.5222761,0.5973665,6.0794315,-1.619978,1.1882433,5.650623,-6.2220707,2.2166862,12.054084,1.7507502,-0.3143649,-1.7522621,-6.2097597,-1.6516411,-5.8186817,-5.325338,4.707667,0.6844504,4.382582,1.3580811,-6.1078477,1.407584,3.3075883,1.9986101,0.69126534,-0.28128135,-0.6078949,0.90485704,1.1940045,-1.1420491,2.744802,4.6702814,-0.41707838,-0.3774297,4.037289,4.703485,0.39571822,2.5636272,-2.0954294,-3.4383533,3.2877076,-2.7707415,3.6794086,-3.436259,-4.1494637,-0.61297333,-5.2373385,-3.2214348,-3.9805408,-1.3284246,1.9748032,0.98386157,1.6967458,-0.967442209819984,3.0701154252514216,7.663408,-4.6596274,0.3120449744756534,5.170301139203538,6.069523918544265,0,308.80440531238247,112.176,0.341561312750201,0.7033508513574386,0.0,146.1764034025658,301.00978636522274,427.9653401773611,0.1581324339204274,120.77600000000002
CC1=NC(C)=C(C)[N+]1(C)C,2.9199488,-7.378779,-2.6371722,4.0352983,-5.815958,-9.000215,2.4159527,3.3660684,-3.3357496,2.1964545,10.359784,-6.4240966,-6.923045,6.9776196,3.8360338,-6.4731,-5.0404854,1.934615,6.519717,-1.4965528,0.7235923,-11.427787,-1.5362353,-3.378172,-0.041638196,6.135125,-0.10233608,-7.904925,2.1515288,-3.4541516,-1.9143356,2.616018,1.5956767,11.41458,-2.499211,1.0259265,0.22762643,8.368499,6.1151447,-7.772879,-8.790932,3.4088137,1.4928639,-1.9840629,-1.6492522,2.0211382,-2.168352,-3.4076912,4.186459,-10.667539,-2.1203477,-3.7919953,-3.0329993,2.593246,-3.751716,1.9161816,-2.262374,0.6233876,-3.2548528,-3.0923133,-6.6480584,-1.0887277,2.77194,3.5998058,0.8549989868003302,-0.0060659190226138105,-1.0020014,-8.021507,0.1458101872099671,4.366720546770974,6.4281922070682,1,345.1153063785228,139.222,0.5180425432508425,0.694250376969632,0.0,285.3512647779963,382.4111083574852,550.8259282864066,0.4009382154515893,151.43200000000004
CC1=Nc2ccccc2[N+]1(C)C,-0.45577285,-4.75616,-0.8762124,6.898183,0.21580628,-6.077434,0.79596543,0.7723594,-1.1789305,-2.5924203,1.8656235,-4.0799356,-6.4411077,7.3757915,0.22805665,-3.1965346,-1.3329489,-1.3868592,5.683251,1.8590279,6.2991676,-2.6046221,0.6007373,-0.46640396,0.48642573,0.012861133,-3.179505,-2.5021515,-2.43813,1.8250272,-0.56798726,1.2823827,-0.63233054,3.4654791,-0.49803048,0.34268248,3.1402597,2.050102,2.7850277,-4.223304,-4.518153,1.7898843,-0.63796747,-1.2429545,-2.0692503,-0.5906503,-2.457253,-5.8898053,-0.9580476,-10.238619,-0.4042535,-0.25908715,-3.3149107,3.3492148,-3.1321175,-2.1632743,4.6872315,-3.3067555,-1.2364002,0.459587,-3.237495,1.2004563,3.10279,2.48731,-1.5390550816120359,-0.46214525956418484,-7.855573,-0.4750638,0.2831698310243659,4.941783651688775,7.621646950359057,1,359.8472161839612,161.22799999999998,0.3544694384044698,0.7862200420501316,0.0,279.4868972388755,619.9073214567957,788.4654273634869,0.311009724069717,162.25600000000003
CC1CC(C)C[N+](C)(C(C)C)C1,2.8671446,-6.1622,4.739253,3.755806,-4.1922956,-2.6879609,-5.2590075,0.4085314,5.0261836,0.27358204,2.8222942,-2.0205522,-3.464912,5.403295,5.4408584,-3.3286214,0.35288957,-1.1738094,3.261923,-3.5524573,5.0857697,2.6970708,3.0909097,-3.786068,2.9325368,-0.30793595,4.6419587,-0.3117691,-5.750406,-2.056435,-6.0078588,7.161865,-1.3421104,8.821819,0.7009075,-1.2650492,0.5366441,-3.1117175,6.051718,-11.052671,-7.0010004,-3.859988,2.2713113,-4.900301,-8.401389,4.6336603,-2.7533927,-5.549023,-2.9228783,-8.939023,7.2588296,-0.32678515,2.0992424,-1.0841733,1.6757514,1.6344787,4.7490087,-1.1832515,5.5612054,-8.733168,-0.6651198,-2.414724,4.8843393,-2.3679206,-1.2685518672832896,-4.408960505946389,-5.940036,-10.372093,0.1580184127212835,6.7014295003477695,7.886419906599357,1,398.9409951366439,170.31999999999996,0.4811111097344482,0.7985177399711968,1.0,441.9747568828788,733.5617009244165,918.654231715474,0.4892622252714012,200.41600000000005
CC1CC(C)C[N+](C)(C)C1,4.95926,-3.060978,4.567865,7.0928183,-1.8042169,-2.0769942,2.5171318,3.0026515,-1.6401587,5.4190097,1.6448704,1.6636101,-6.7204924,4.4665537,1.0493886,-6.558495,-6.538611,-0.95579094,6.9576697,1.3509614,3.8225696,-9.553464,-2.2612448,-4.515053,3.2111619,1.0942316,-0.24612328,-3.0698707,-2.6422355,-3.457883,-0.28205436,1.5056915,2.3247623,14.043623,-4.885002,-4.570325,6.837711,1.0380161,9.227256,-7.5507402,1.2514961,-0.63313276,-0.67022634,-3.6819363,-2.7136986,6.369326,2.2821977,-5.0938916,3.5004637,-3.5719776,3.7118852,-7.042786,1.438499,-2.674268,-1.8904182,1.507169,-0.08198153,1.6424041,-3.6924148,-6.1293964,-1.2759068,-1.8149817,4.552329,-1.307045,1.7819152066847423,-2.196821994801824,-4.328183,-11.7256,0.131206057801536,5.476792602129773,6.82325726425834,1,355.6388200320811,142.26599999999996,0.5712614716918462,0.6369993678982692,0.0,364.46882886833,406.4100680904758,638.0070194282843,0.4213292432818564,167.33600000000004
CC1CC(C)C[N+]2(CCCC2)C1,1.6113596,-5.674788,1.8554443,14.842769,-1.9508669,-1.605957,0.030170962,7.461068,5.138648,1.6310542,6.456151,-1.6221249,-6.707183,11.867858,6.14889,-10.340138,-2.9380836,-7.2545915,4.2248554,0.5379504,4.7741246,-2.263577,-0.4807585,-7.310708,5.296517,-2.0543754,-5.8961782,-3.4813936,-5.764217,-4.194852,0.617626,5.426192,4.2237225,13.7509985,-3.3407295,-5.0726776,5.863083,-4.30359,2.9150383,-9.252794,-2.720385,-0.09945315,0.45313478,-4.513871,-2.359839,3.7334895,0.20420924,-9.800336,-1.0782244,-9.824595,7.1450396,-3.0893023,0.03618236,-2.22675,-4.148628,-0.47080776,10.381848,-1.0335841,-0.49950525,-4.471067,-5.61396,-3.1562471,8.990622,1.3102076,-0.6040762632314961,-3.4050526663479874,-7.5429316,-11.82391,0.2226229869594577,6.659146074236169,7.449457349672313,1,388.7174478763897,168.30399999999997,0.4113321427662615,0.7634708808226202,0.0,385.4553292623289,715.4410977235723,937.090222684987,0.3627056101610582,190.13600000000005
CC1CC(C)C[N+]2(CCCC2C)C1,-1.0457573,-3.2064106,2.4659495,10.012552,-4.587267,-2.8048813,-2.4709437,5.8170776,6.0747504,1.2342724,5.302947,-2.7039442,-5.528702,9.515735,6.940392,-8.431058,-1.5981187,-4.558697,3.8615448,-0.84070075,4.6285625,-2.3469765,-3.6435626,-5.027713,5.8883333,-2.8494601,-1.7691705,-3.4025993,-8.158886,-2.8592167,0.37407774,6.01751,5.0435,13.590135,-2.9590187,-3.0954993,3.5187697,-2.0706785,1.7929866,-6.6923532,-2.3204453,-2.969035,0.9167809,-6.6993103,-6.766246,3.8610911,2.0468917,-9.945968,-1.7716182,-7.684754,6.329874,-4.099954,3.225321,-2.8181179,-0.80357456,0.7293377,8.745097,-2.0836377,4.461615,-5.4145284,-2.6918242,-0.917796,10.120441,0.74046004,0.17490081347176206,-3.78059497804512,-7.9626446,-11.566142,0.1710198325612627,6.795011163123081,7.215765960523412,1,403.4277179256895,182.331,0.4674340776786703,0.7700018732742503,0.0,473.5792530243635,780.1247906089922,1013.1466139058812,0.4198756338383349,206.57600000000005
CC1CC(C)C[N+]2(CCCCC2)C1,0.7303891,-5.5199428,1.8102859,5.7235065,-6.0100336,-5.266611,-3.0613675,4.64364,6.4645047,-3.0477707,5.8861785,-6.943966,-3.8715267,10.275001,2.9655252,-7.753454,-0.29041252,-4.519875,5.458025,-3.024221,1.4955602,-0.009759441,2.8277576,-3.0680635,3.159303,-1.9498076,-1.5116947,-5.3021994,-6.484154,-3.1430202,0.70918816,8.751115,2.365965,10.670695,0.24168938,-0.09739919,2.510417,-3.309595,0.9982624,-5.385726,-7.078075,-0.50794786,0.9589535,-4.034047,-5.6899524,2.6673298,-2.1851783,-9.251695,-4.722915,-10.174458,3.5391076,-3.5301902,-0.74691916,-0.4487779,-4.275372,-2.1541467,8.8891115,-2.5921,2.747958,-3.2318485,-4.277342,-3.3681355,7.3744564,1.0333498,-2.062472127556049,-3.1062746225699756,-7.49037,-10.770538,0.2017003610822966,6.20186217676022,7.568462450798094,1,400.85998080679417,182.331,0.4302545909695345,0.85918472318373,0.0,429.3727851930873,857.4031914034454,997.9490036567832,0.4865352468833314,206.14800000000005
CC1CC(C)C[N+]2(Cc3ccccc3C2)C1,-3.4024634,-5.7611685,1.2365258,8.201379,1.7806021,-2.7726047,-3.0607052,-1.7072935,0.74374795,-2.9267428,-1.9599476,-3.0144942,-6.0860796,9.419917,-1.1098212,-1.6951185,2.2095156,-4.2294183,5.1129208,3.5825038,5.715395,3.0654309,0.96871513,2.192485,3.7472475,-5.554698,-3.5404756,0.7407871,-4.3479714,4.998189,2.5886905,1.3567293,1.1225607,-1.4686577,1.9835643,0.12912838,5.9503098,-4.048699,-2.8747926,-0.17456347,-4.9067235,-0.4821002,-0.6846516,-1.4947135,-2.4881215,1.7713355,0.48281327,-6.5137,-6.0027556,-11.276948,-0.65132093,3.4850175,-2.4050698,-0.28087366,-4.1579323,-2.34551,8.10514,-7.201462,3.5946198,3.3590527,0.8452509,3.6032465,2.87875,-0.013200013,-3.2049291828122954,-1.2633674225421383,-10.979107,0.42809692,0.4247945735968608,6.227639181155728,9.847865223539172,1,449.3632600400549,216.348,0.2555632229541364,0.9299550779658724,0.0,454.19901028299336,1652.9925902851198,1777.3478604780405,0.3714276993902185,228.39733333333345
CC1CC2CCC1(C)CC[N+]2(C)C,3.4537494,-4.717859,1.1652122,-2.7541096,-4.3959002,-4.581496,-0.90415287,-1.6831236,7.456398,3.2977111,2.423408,-3.5462477,0.47858375,7.08614,-0.33676457,-3.0200324,1.9002254,1.869455,4.3377686,-0.51305044,-4.739383,-3.9704926,3.3081038,2.1672442,1.9183831,1.5325279,2.1544292,-2.9755838,-3.2246714,-0.68145776,-0.6526451,4.4096255,-2.113571,7.3661003,1.0288811,2.7043405,2.9155598,-2.8186219,-0.96462935,-4.9014244,-9.110987,-4.8166304,0.7979977,0.020484805,-3.6894102,3.2759647,1.089862,-7.1174326,-4.5099306,-10.588981,-0.042190842,-3.1851275,-3.5365875,-1.0145074,-3.292256,-1.1403881,4.0052223,-1.549118,6.482809,-2.911548,2.711144,-2.6341996,-0.91812336,-3.7855904,-1.663819261283108,-3.1911686699648008,-6.8761544,-6.5242424,0.1233948620912133,5.3879196347128335,7.152160146253955,1,381.1981551109222,182.331,0.5353076296662553,0.9251147741181044,0.0,421.7997077747743,728.9512044213275,787.9575862532557,0.6189615992968297,205.72000000000008
CC1CC2C[N+](C)(C)CC1(C)CC2(C)C,2.6334107,0.14537361,2.22188,-5.053636,-2.6983507,-3.118101,-5.541503,-4.6178927,7.9062505,6.2270217,-2.6783438,2.780811,-2.9360557,3.6864269,3.0480886,2.3452892,-0.29606393,5.7544947,4.895846,3.1555576,-0.7562295,-4.6584616,0.63155234,5.0499916,0.744899,-0.01791501,5.1598926,0.5808815,-7.192018,0.49733442,0.156169,1.0703337,-3.932638,10.448895,-3.284172,0.017292783,6.138934,-3.7080626,-1.7421862,-1.4746919,-4.039761,-13.17955,0.8530514,-2.9024222,-10.260737,4.1183496,9.131149,-7.3672357,-2.7808766,-8.707269,3.2606714,-5.192192,4.9477863,-5.6899943,3.0751896,0.96627605,4.7704253,-2.2773373,14.651319,-9.329358,12.291334,2.6674972,-1.0722396,-8.810809,0.8761061557477042,-5.996681356511778,-12.757059,-7.1578736,0.057064662441623,6.610630294446899,7.202885666087364,1,415.2102864659987,210.385,0.6637540694897642,0.7950810785827098,0.0,697.6663464067776,835.7362350637511,1051.126155289592,0.6308229524453499,239.00400000000008
CC1CCCC(C)C[N+]2(CCCCC2)C1,-0.920623,-4.325602,0.7003117,12.344304,-0.27411082,0.09206721,-2.6372392,0.9463788,0.20670354,6.793162,3.861544,-0.9104511,-5.7534075,6.500057,4.4380965,-2.8818388,2.5116189,-6.047857,0.94156075,3.524749,6.6253715,-6.0360594,-5.0441117,-3.805633,4.6857305,-2.3605373,-0.5128939,2.3771007,-7.6161456,2.3112092,1.0212241,-1.4221582,1.5244911,13.787864,-0.75301164,-0.15667243,3.9274035,0.8697667,2.1602018,-4.943643,-1.5529621,-6.4416394,0.6050453,-5.4468746,-6.6539793,7.3915677,5.8516,-7.8643036,-0.62554896,-5.17854,3.123296,-1.997138,0.39759403,-1.4892088,1.8917787,1.0975411,2.3048005,-3.0261014,4.5590887,-7.656676,4.3180785,1.3150313,5.812484,-4.30909,1.5049869896252102,-2.5242162448163166,-9.248385,-11.676587,0.2015961003106433,7.532548403480747,8.600322440822826,1,434.12779083066994,210.385,0.4442748911297109,0.7040376172731324,0.0,648.7838015006223,1029.396709922591,1462.273689181356,0.3247427968813005,239.37200000000007
CC1CCCC(C)[N+]12CCCC2,4.2641745,-4.8169003,1.1770706,-0.47276455,-6.1832657,-4.6957884,-1.5669974,1.2589592,7.8173623,1.9271792,4.9461956,-4.088689,-0.51039904,7.5716443,3.0442665,-4.38032,0.0042611286,0.96584743,6.58459,-2.6873724,-1.9500512,-3.5629597,3.5264099,-2.0105305,0.22150594,1.9833384,3.2181008,-5.5784183,-3.1833105,-2.2276711,-1.3993198,7.6282306,-0.38775164,10.130949,-0.9100568,0.23709635,2.6510968,-2.5226686,2.8406444,-8.827093,-8.039791,-2.998964,1.5382531,-0.8245925,-3.7273555,3.4170566,-2.678863,-6.564737,-2.1762238,-10.549286,2.0061858,-4.3580637,-0.91528684,0.4853512,-4.1814823,-0.22234002,4.4290895,0.1444923,3.796175,-4.0643916,-0.3530348,-4.117882,3.219795,-1.353001,-1.0039083497024779,-3.438614596042481,-6.2089953,-8.492379,0.118458461141661,5.623492646224058,6.775897540158167,1,368.145743369766,168.30399999999997,0.5355560038576404,0.8496278834575725,0.0,386.8596182258115,613.7298737402842,722.351379574199,0.6000852689037454,190.29600000000005
CC1CCCC(C)[N+]12CCCC2C,3.9630847,-4.307465,0.72524744,-2.4680238,-4.463072,-4.7213545,-2.6804686,-0.8609563,8.787051,3.5742743,2.723484,-2.0274522,-0.20946722,6.9819484,2.6766357,-2.8103514,0.3275052,2.011916,4.6727285,0.17062272,-4.165597,-4.120875,3.844653,0.8804736,0.77633893,1.6839166,3.2536967,-3.639043,-4.3601327,-1.6806511,-0.58393604,4.979166,-2.0649736,9.444974,-0.8160966,0.93015295,3.7001157,-3.8085988,0.6513714,-6.36211,-7.671328,-5.466945,1.8906507,-0.5303576,-4.7380357,3.2871578,0.66977227,-6.763783,-3.3881977,-11.355423,1.0602969,-4.008814,-1.0720421,-1.6181749,-3.5957396,-0.7771493,4.7291274,-0.7164223,7.395614,-5.1886187,4.246558,-1.6905115,-0.30964103,-4.819382,-1.0958812747173854,-4.076433201252753,-7.1003265,-7.7713537,0.0950414386845481,5.866936299150877,6.993210501863732,1,383.2956535365107,182.331,0.579402951601372,0.8554973413501163,0.0,467.56010553968326,690.2189489477527,807.9476139922406,0.6335545262288292,206.24400000000009
CC1CCCC(C)[N+]12CCCCC2,3.4630094,-4.865486,2.0563934,-0.2014662,-5.0924726,-4.0306873,-3.3807657,0.07094005,6.690902,1.15778,3.4033282,-3.225828,-1.7490666,6.7215257,2.5866036,-2.8551373,-0.5818379,1.0415229,5.594524,-2.5863485,-1.1541698,-2.444607,3.195629,-0.62499446,0.41124624,1.7786505,3.8479128,-4.9421706,-3.6276197,-1.8500015,-1.1041828,6.872287,-1.6558735,9.3914385,-0.40877134,0.8148888,2.5184958,-2.9682353,1.8225466,-7.2116776,-7.700982,-4.856934,1.0709035,-2.549357,-6.1201468,3.385261,-1.0863308,-7.1454005,-3.4421325,-10.570167,2.7672493,-3.881736,-0.29982382,-0.13002028,-2.1287847,-0.6380626,4.5522547,-0.42670026,6.2389865,-5.1465607,1.4104171,-2.4403048,2.1680393,-2.0223563,-1.0527169561401652,-3.898344250692204,-6.711543,-8.690609,0.1342386101155356,6.066509939619236,7.53536467661659,1,387.234323871598,182.331,0.5136258971545555,0.8608252045859233,0.0,446.9293543021239,749.2732662975816,870.914278152894,0.5796861761096218,206.0360000000001
CC1CCCC(C)[N+]12Cc1ccccc1C2,-0.96131754,-4.539443,-0.2974054,3.6037781,-1.1121895,-4.8293138,-2.9809391,-1.2371954,3.9189465,-3.082679,1.538038,-4.8767524,-5.6864347,7.616668,-0.6692294,-0.30811083,1.2517279,-0.68864053,4.9699225,-0.63018036,2.1413562,0.9038063,3.803844,3.3747363,1.2099938,-1.7071632,-1.6548226,-0.7774537,-4.6732364,2.3216982,1.1211182,3.3473423,-1.1174626,1.044843,1.1446207,1.813148,5.062363,-2.4746523,-3.214616,-0.49034268,-7.3677526,-3.27399,0.8750502,-0.47992313,-4.0476375,1.2500967,0.19765821,-6.459845,-5.016789,-11.371759,-0.130707,0.5313664,-1.4150482,-0.393916,-3.6488612,-2.302326,7.746506,-5.2819023,5.570581,-0.25355938,1.5127478,0.37167573,1.4186711,-0.47441298,-2.6783570928836533,-2.4154794267368924,-8.493077,-3.7274954,0.3401174455047166,5.843813831767896,9.073529346125603,1,433.8614521667151,216.348,0.3147037439248489,0.9378627750566316,0.0,471.6860293015652,1406.6304143059926,1499.5091349787444,0.4622169002083109,228.12800000000004
CC1CCCC([N+]2(C)CCCC2)C1,-0.1443854,-4.479096,-1.725815,5.903196,-3.795118,-7.2355566,-2.4446743,4.7267246,4.20476,-6.8082056,6.5637865,-7.4732776,-4.1405845,8.51756,2.1239119,-5.698384,0.57323575,-3.7559688,3.292088,-1.1404383,2.0714011,2.871328,6.3113575,-1.9520776,-0.1787988,-2.5035455,-5.560514,-1.2582777,-5.776651,-2.0926528,0.92494494,5.7648635,1.1015322,4.284114,0.8998658,1.187608,0.93291223,-1.2700596,-1.0435276,-2.211405,-5.5201077,3.9898734,3.8377278,-0.81434405,-1.7581763,-0.29575145,-4.46282,-5.587094,-3.2423701,-8.703225,0.54163647,-0.09523451,-1.9927825,0.41720378,-6.0234632,-3.0873225,8.827641,-3.0471914,-1.339772,-1.8277636,-7.3281407,-2.5089939,5.375251,3.071472,-3.2674884844570946,-0.8980822786062416,-9.259179,-2.30397,0.3016057673455041,5.353623419693592,7.996151646729214,1,403.6327202197797,182.331,0.3431588397934039,0.8696994016527672,1.0,381.4932512112728,974.3560566210832,1120.50584747818,0.4070332436150738,206.48933333333332
CC1CCCCC1N,1.0559418,2.0596344,6.0519533,0.6412025,-5.021626,1.618413,-2.8029034,-0.04602298,-3.4154224,3.8419821,-1.2480123,0.41664898,4.492359,-2.424059,-2.234951,-1.3815169,4.432958,0.2907086,0.42547747,0.5492802,1.2407163,-8.096662,-2.5359516,2.0429053,0.67129314,1.0359375,7.28875,-2.4155955,-1.6739749,1.1039592,0.48951352,1.8365579,2.4896955,4.6275854,2.2680044,0.24326532,0.6651845,-0.038113073,0.13025256,0.030770123,-1.2419534,2.959562,0.69949365,-3.2401233,-2.644113,4.7528863,2.2086892,-3.4477851,-4.8594704,5.6873918,-2.796419,-2.0746198,0.31379396,-3.5542035,-1.5111499,0.04808399,-3.8629308,2.399181,-0.38246575,-2.4993663,2.7372546,1.0008985,2.4082038,-2.0646505,0.009007709162807982,0.1682569035477387,8.855312,0.5299008,0.1544595020901065,5.049642606314997,5.738384494237692,0,307.2090448171153,113.204,0.5194472375038218,0.6875321715164099,0.0,194.67543328146908,258.9225791343233,378.46578850098297,0.446215838267896,130.01333333333335
CC1CCCCN1,2.0644994,2.1395566,4.400863,0.9133358,-8.66261,0.7753439,-2.842055,2.168,-1.2419732,0.79319185,1.8251619,-3.6057355,2.6506433,-0.40584314,-2.0830235,-3.786724,1.0710316,-1.4321576,-0.21880561,-4.7651563,-1.3373096,-3.1382494,1.8845546,0.8348891,-1.7861307,1.785922,4.1861067,-4.6764393,2.7877457,-2.6513348,-0.15233344,5.740462,2.7744544,2.233395,3.9786227,0.71713907,-2.6331358,1.2874614,-0.5032056,0.68639535,-3.0233881,5.748513,4.0514717,-1.4585449,-0.7227144,4.0111537,-0.052835733,-1.4628026,-5.4826536,4.5305567,-1.131042,-0.827861,-1.0421438,-2.3432918,-2.7853987,0.58479106,-4.787772,1.2977225,-1.7203946,2.121018,-4.2927446,-1.5518247,2.6434748,1.7546023,-1.724593806005145,0.752695012169368,8.658688,3.497594,0.1885336200830173,4.299701819671482,5.524806860772993,0,287.42211901691337,99.177,0.4645139870133229,0.736875692451993,0.0,128.88247612614674,207.37755692985763,282.00643814735065,0.4433921495570097,113.43000000000002
CC1CCCC[N+]1(C)C,6.2430654,-4.63498,2.7742288,-0.59820074,-5.517467,-2.4942229,-0.3370515,0.5601517,3.2458034,5.2604184,2.8833745,0.08868937,0.9905742,1.213404,2.6396255,-1.2406288,-0.53044343,3.7329369,3.7085178,-3.8475235,-0.40459657,-5.360013,1.9074991,-2.8588214,-0.9632459,3.72171,10.70863,-2.286848,-1.9469783,-2.7685604,-6.405162,5.48643,-0.56618357,6.6447225,-0.86387616,-0.2004716,1.2607588,-0.45356852,8.953127,-14.0049515,-6.7376957,0.68368894,1.5462264,-2.0892336,-2.1313486,4.9079094,-5.7844653,-0.730405,0.13446206,-7.078496,3.0652356,-2.5489297,0.49986714,0.51050895,-2.7891924,3.2664058,-1.6029755,5.0401344,-0.05900705,-7.5870028,0.8916314,-3.7593768,1.7753066,-4.9309506,0.24108409021392932,-2.8776605882547246,-4.035791,-8.990062,0.0718792038464209,5.084988489652979,5.948711833211831,1,324.3030146335353,128.239,0.6254437470822886,0.7971307308739615,0.0,252.5370391189416,321.85953653661323,403.7725859392368,0.6368768846907665,150.21600000000004
CC1CCCC[N+]12Cc1ccccc1C2,-1.7109728,-4.324358,-1.0785924,5.272451,0.9001435,-5.3640246,-1.7002659,-1.3877842,1.8190897,-5.5257664,-0.24580026,-4.161683,-7.315068,9.171666,-1.1612041,0.12857383,1.8035777,-0.37867093,6.057875,2.0492601,6.144362,3.0727458,3.9429715,2.9304607,-0.15808612,-3.2522042,-3.4852638,0.75305384,-4.4455056,4.7562737,0.5607035,2.0432081,-1.5268292,-2.434055,1.2833838,1.6253481,5.5612297,-1.5398102,-1.8159752,-1.0786418,-6.288954,-0.025744975,0.004531443,0.77824813,-2.955327,-0.6799786,-2.015778,-5.146301,-4.0033493,-12.463572,-0.9677044,2.6176045,-2.4252684,1.999561,-4.6640882,-3.1520789,8.716857,-6.610586,2.989093,1.9456662,-0.85740143,2.302902,2.9314306,1.6964214,-3.21795710676315,-1.3143210584367135,-9.922324,0.3708493,0.4292318030428552,5.318393753207939,9.25432954150915,1,416.44342664174434,202.32100000000003,0.2543502515501364,0.946279129218258,0.0,360.5149447774208,1341.573236940287,1418.925116417602,0.392616476939132,211.49066666666675
CC1CCCN1,1.2818379,1.897877,3.2478943,0.19752604,-11.2393675,-0.8687104,-0.57226944,1.9367338,0.68540514,-0.7732119,3.1998184,-6.4994984,2.246248,1.7799859,-0.4246481,-4.357791,0.71593785,-1.5671673,0.8187021,-2.626312,-2.515724,1.2774012,4.7144904,-1.3092179,-3.0049138,-0.29123747,3.8452814,-5.3878493,3.507605,-2.3532038,-1.566461,7.335525,2.1180303,1.3207864,4.7227926,2.2409337,-3.941385,2.953253,1.5946828,-0.74366635,-6.431415,6.0157795,4.5732536,-0.70302904,0.5826051,4.1721296,-2.274925,0.7517034,-3.815502,1.4980956,-0.33590937,1.7285223,-0.0048164576,0.6391212,-3.9458153,0.0915077,-6.892164,-0.5939419,-2.4275134,3.9570909,-7.5728493,0.86032456,3.6328175,4.267047,-2.225770117668959,1.5320617681793114,9.470667,4.332284,0.1993620505335372,3.671631723389356,4.782271540179496,0,265.9146221749885,85.15,0.4501910430326107,0.7797004558512637,0.0,86.94111986130284,153.22524045013654,197.206549425288,0.4817716431639536,97.26000000000002
CC1CCC[N+](C)(C)C1,7.651661,-6.362313,4.3784137,7.2119465,-7.9875627,-3.723932,-0.10243572,5.1897902,-0.5724557,-0.2014262,8.1717615,-1.9517046,-4.5979915,4.935226,3.320996,-12.083306,-4.7988334,0.24088025,7.378854,-4.966012,2.2002957,-8.638144,1.0811851,-5.7285767,2.7668192,6.6347084,2.293667,-9.287079,-0.59279835,-7.43367,-2.4321156,8.758634,3.449511,12.634358,-1.5213041,-4.086209,1.5242448,1.303286,8.668856,-14.399339,-5.0162287,5.502943,-0.87186134,-4.660079,-1.759594,5.841346,-8.036818,-6.327153,-1.1287739,-7.7211957,3.0041797,-4.945786,-3.7325804,-0.9186951,-7.3912234,3.5474741,1.556782,5.592619,-6.8967957,-2.6510065,-8.858463,-5.4886785,5.9376535,0.80871564,-0.160762668653714,-2.185741372270214,-1.3277146,-10.050042,0.1777711252235312,5.02562905421224,6.7242077702374505,1,332.322073954018,128.239,0.4563891699094362,0.8112399219897812,0.0,220.00033809598116,391.0545404706352,482.0454835500085,0.5032214077540921,150.36800000000002
CC1CCC[N+]12CCCC(C)(C)C2,2.342999,-4.3475504,0.6230003,-1.104085,-5.2286925,-5.2709084,-1.8807904,0.013797075,5.8756623,-1.3973953,3.2775042,-5.816609,-2.1396594,6.6284857,-0.35902297,-3.244718,2.0031633,1.4807835,5.3667345,-1.7867907,-1.2669806,-2.2765565,4.6592774,2.1657858,1.5079191,1.1877525,1.1925722,-3.5217173,-4.8144107,-0.09916109,-0.7798334,6.107033,-1.0175793,6.217829,0.9923014,2.3885696,3.014852,-0.8195938,0.3620748,-3.8314998,-8.859974,-2.756237,1.3984975,-0.7026727,-4.6063557,2.9409966,-1.9295346,-6.7077727,-4.7522163,-9.714694,0.11354116,-2.6434476,-2.7183754,0.3695022,-4.171898,-1.4143317,5.1755176,-2.5137625,4.4134264,-2.4001675,0.74358803,-2.6403687,1.5335872,-1.1951103,-2.0280398411900755,-2.7562773218077146,-7.5404015,-4.9729075,0.2213826609252526,5.12657827960153,7.721941276734138,1,392.44475217884207,182.331,0.4158782584433907,0.9205127800130124,0.0,386.3324737394281,855.5459717283229,929.7672474048456,0.5391516766302362,206.56640000000007
CC1CCC[N+]12CCCC1CCCCC12,-1.115592,-6.0385804,-1.8628229,2.340547,-2.6127038,-5.7818832,-3.3046646,2.1155374,4.977924,-1.5190803,6.5290947,-6.9344254,-3.9026904,7.4886785,2.5164003,-3.5652943,-1.1355714,-1.0520927,3.0022109,0.47670078,-2.819609,-2.6475568,1.3072426,0.51675653,2.0797791,-0.07273865,-1.2388366,-4.182259,-6.263642,-2.2868595,1.4194862,3.3574798,0.73181754,9.160686,-0.32605237,2.5831904,1.6548628,-0.7227415,-2.8628604,-0.074516,-7.120581,-3.4653265,1.283612,-4.200384,-6.2892094,0.92203295,2.05156,-7.382605,-3.9586184,-10.483455,-0.06591924,-3.032243,-1.6985153,-0.73848593,-2.049312,-2.3315945,6.5657725,-3.2440135,6.678923,-5.2620406,0.6064523,-0.5895508,2.13159,-0.8525943,-1.28516737704128,-2.468641901613141,-8.486457,-9.379475,0.1982447038486206,6.1432109263703385,8.14799798054398,1,417.93592685844993,208.369,0.4368101574158035,0.8414378576516164,0.0,535.6416409045983,1035.535408393514,1229.7237472333218,0.4826139695081778,228.76600000000005
CC1CCC[N+]12CC[N+]1(CCCC1C)C(C)C2,0.5607164,-5.9026093,-7.7254596,2.7694013,0.4344724,-7.842682,3.657727,2.8998704,5.0282054,-2.0597107,12.086606,-8.807884,-16.82294,13.565273,5.3713946,6.788611,-3.5403266,4.819313,11.132813,-0.30826932,1.5762277,1.6865162,0.22387856,-3.3830404,-5.236984,-3.8433554,0.30686057,-7.082611,-4.576386,-0.46771395,-2.245245,1.841918,-0.021210015,9.051326,-4.1035185,-3.5870178,3.4620924,8.000184,7.15404,-6.750016,-16.1609,-6.466367,1.281306,-6.281541,-6.295821,0.039763317,0.3827081,-1.9948957,8.781833,-23.990469,0.29512367,-4.5983725,5.090842,8.201232,0.5381179,0.41911605,6.1017575,-5.000345,12.388428,-11.845373,-1.9559436,1.9970407,6.538845,2.8059387,1.797098333717503,-3.609332519163438,-7.5108933,-14.233387,0.3591639112562606,5.482339574246637,9.611858229557305,2,456.04494454294434,238.41899999999995,0.3017099192530711,0.9399111727478648,0.0,546.5317988575293,1704.4121606972444,1814.759945323793,0.4341970099692251,263.38160000000005
CC1CCC[N+]2(CCCC2)C1,4.031887,-3.3542995,2.9041004,6.903315,-4.6611466,-7.4567347,-1.109725,3.2624092,0.47250366,-4.1017203,5.2501416,-3.7394135,-6.0768595,7.0973697,0.903775,-8.194774,-1.265676,0.16830921,8.39705,-2.9397247,5.8517275,-5.4274597,3.6071498,-1.3566351,0.81321734,2.6521614,-2.0175912,-6.086959,-3.3990655,-1.7508032,-0.44253165,6.9065576,1.8593404,8.231706,-0.7345415,-2.2319584,3.1243627,1.144118,4.057906,-7.461912,-5.201387,3.5818126,1.9856024,-2.4121497,-3.2002158,2.7945752,-5.5229726,-8.622733,-2.4099593,-8.422069,0.2522832,-2.9132211,-3.0046897,0.5624647,-8.0192,-1.3027874,6.2349524,-0.8527391,-2.9599411,-1.43761,-5.4639916,-2.4281776,5.1835113,2.4896698,-1.652713873536638,-1.7877274635705056,-11.25818,-2.4244366,0.2534372189598924,5.021408587119424,7.269504605871553,1,359.528738086346,154.277,0.3813140899376264,0.8797204143393195,0.0,267.02005185729666,615.89652926217,700.6935149089636,0.4763719186183963,173.3546666666667
CC1CCC[N+]2(CCCC[N+]3(CCCC(C)C3)C2)C1,-1.3835461,-4.725946,-4.4320393,4.3152275,0.8284805,-2.7351065,4.572151,2.1910267,7.9860506,3.175555,8.8463955,-6.20286,-12.23226,12.301683,8.157462,1.5312637,-7.2326045,-0.35522974,6.5734477,0.87710595,-3.3564293,-1.7669506,-3.0149126,-3.9348392,-1.9411843,-4.0746384,1.5132003,-7.36676,-4.0555754,-5.0495615,-3.8234751,2.1267643,0.5732835,15.550834,-5.246083,-5.832066,3.04059,4.196369,8.439629,-8.01204,-10.041609,-9.565616,-0.86974514,-7.7700977,-6.9492183,1.7668818,4.1345963,-4.755796,5.512163,-19.659563,3.8726492,-7.225824,5.5244193,5.634031,4.335652,2.1238756,3.921516,-4.3982663,13.591561,-10.846184,0.7013503,1.5928624,5.8550377,-0.07561159,2.538949621629842,-4.6533135882496754,-7.5082517,-14.250547,0.2479521287524571,6.852885701117964,10.02515777586408,2,502.5208841107272,266.473,0.3932254487483475,0.8836158117781455,0.0,889.2303013513065,2015.18671016594,2275.3289439660234,0.4571301560329749,293.85040000000004
CC1CCC[N+]2(Cc3ccccc3C[N+]3(CCCC(C)C3)C2)C1,-2.5750856,0.12095147,-4.0458126,8.5073395,-1.8798519,1.8623576,0.055735454,-0.9302305,3.4296641,12.423404,2.1344817,0.023719952,-12.404999,11.857921,6.017725,6.702214,-9.50296,-0.12217665,3.717708,-0.18399905,0.29951808,-8.91622,-7.993921,-2.652684,-5.8956513,-6.0175323,3.9878924,0.64447176,-2.9302928,-0.9987973,5.0641365,-2.369034,1.1723044,17.559832,-7.308789,-0.43637246,7.2185364,2.8712614,2.5320747,0.11039138,-4.051429,-14.200103,1.0392296,-6.123761,-11.302185,7.568767,16.547644,-4.926638,9.078147,-14.19891,4.0095797,-12.638959,12.124129,2.7774742,8.744394,3.196091,-1.0200366,-3.8431938,15.209866,-12.755569,10.402202,2.2108572,5.621457,-6.5126295,5.5499706636190185,-5.053778283357372,-4.5158486,-15.039473,0.1397905859364147,8.9457932427112,10.0882219682507,2,550.516045167404,314.517,0.5439121726029443,0.6688645859797373,0.0,1707.030815792409,2096.468619823633,3143.7864882875792,0.3861155775361669,332.1857777777779
CC1CCC[N@@+]12CCCC(C)(C)C2,2.8920624,-4.1452117,1.6835535,-2.4730594,-5.264631,-4.0320396,-1.4722716,-1.3214701,6.359554,0.8322759,2.1619885,-4.310542,-0.6619269,5.9948945,-0.9516566,-2.5011992,2.675312,2.4494493,4.9388924,-2.0293608,-2.6497192,-2.820884,3.6851466,2.8368256,1.9743304,1.5444818,2.4318051,-2.4625354,-4.0241265,0.24326515,-1.2396212,5.42732,-1.6028001,5.4892836,1.4004817,2.5933177,2.9047492,-1.4984007,-0.7692681,-4.2342277,-8.844998,-4.558136,0.95125306,-0.18914562,-3.962267,3.8763738,-0.6164888,-6.5283685,-4.816502,-9.221972,0.33892265,-2.517256,-2.5139904,-0.3015647,-3.3273547,-0.45565435,4.1355424,-2.0542896,5.4369283,-2.2724283,1.8993003,-3.0165513,0.3504272,-1.9534006,-1.804992466369121,-2.984443048317872,-6.9772735,-5.60591,0.2062188825722134,5.100222710690251,7.752718836619143,1,394.2083324536316,182.331,0.4347883433321544,0.9360455615294356,0.0,399.5092751732449,861.757636734384,920.808110671683,0.568383099475875,206.56177777777785
CC1CCNCC1,2.0340514,2.9122732,2.7346494,2.4240975,-8.771503,0.44995663,-3.528875,3.747463,-0.005445361,0.06812437,3.6275837,-3.942248,1.886593,0.40849283,-0.8483262,-3.8884845,0.6685691,-2.2220228,-1.0177889,-5.1302476,-0.89051783,-2.0275798,3.0208025,-0.1883874,-3.0032682,1.5789869,2.7952464,-4.248306,1.989914,-3.0181336,0.055440135,5.4728312,3.6155503,2.9121003,3.5007179,1.3376392,-2.311462,1.2454967,-1.6324688,0.5966124,-2.3679433,5.5221214,4.3918476,-1.10109,-0.969082,3.039182,-0.36770698,-0.97615945,-4.998899,4.371332,-0.3970414,-1.212246,-0.749158,-2.5989628,-3.4087517,0.45266667,-3.2848315,1.090306,-1.9690899,1.4034245,-5.446788,-2.118727,3.9316978,2.1956744,-1.7110494266471241,0.6360898391082749,8.444584,3.7907615,0.1985133492675967,4.310671274531031,5.163826864457536,0,286.0512336012489,99.177,0.4503730780058115,0.7475974180570523,0.0,126.53634275635798,213.0763686857817,285.57184025236114,0.4637931911852093,113.60700000000004
CC1CCOC2(CC[N+](C)(C)CC2)O1,-1.538411,-4.5526123,-3.092227,7.8855324,0.5262625,-5.8168945,-0.5536946,2.2430077,1.0361559,-5.11855,3.0749,-5.6768284,-6.7104573,9.807031,1.2001991,-3.3544025,0.64304036,-2.5219016,5.7118587,3.6322312,5.1958017,1.2749158,4.067755,-0.41152066,-0.81988484,-2.8710876,-6.3100324,-0.045587067,-4.768468,2.3437996,1.0912179,1.9968085,0.2581529,1.1453604,-0.5019188,1.1318558,4.763638,-0.34845328,-0.9790605,-1.2746735,-4.923371,2.6430774,1.3126794,-0.044027805,-1.4148353,-0.7727889,-2.5422938,-5.0269456,-2.1588457,-11.545804,-0.22830173,1.489315,-2.4757066,2.262063,-5.9444814,-2.8385448,9.204665,-5.427666,-0.58692443,0.7511318,-4.2247334,0.20669167,4.7354965,3.3140764,-2.6518691409794437,-0.566571967212223,-9.307033,-0.6306144,0.3996943973781217,5.452338334528733,8.497007964925603,1,413.609325600625,200.302,0.2705644107175634,0.906030126459292,0.0,354.53671972652387,1190.0032819766686,1312.8881328712205,0.3389116743493415,207.69333333333336
CC1CC[N+](C)(C)C2CC1C2(C)C,4.660266,-1.8006884,3.7616825,-3.3353193,-3.2223191,-3.5216315,-5.067122,-3.8934941,7.4887056,4.8066134,-1.1161163,1.6011071,-1.4490912,3.4581864,3.455592,0.78261864,0.26682124,5.616819,5.8421125,0.71182036,0.6839246,-3.8511446,2.2701626,2.9972332,0.41549104,1.5864664,7.4581747,-1.0742072,-6.4492817,0.51094556,-2.3005962,3.8630714,-3.5209548,9.744407,-2.142917,-0.7161612,5.0613074,-3.7097652,2.7212095,-7.104801,-5.5746007,-8.886437,2.1983366,-2.979276,-8.571558,4.924473,2.7003508,-7.018306,-2.8286867,-9.544152,3.0578628,-3.7637112,3.382509,-3.722348,0.5346391,0.714164,4.1771426,-0.22872624,11.084162,-9.444181,9.107706,0.96365577,0.03496382,-7.1509657,0.24046500614137875,-5.6380835638832405,-12.157333,-7.2419577,0.074451887622576,6.379703968286307,7.241452980537357,1,388.0012235683259,182.331,0.6187841100169587,0.8017446568635429,0.0,504.1628989293571,653.232531123607,814.7638098133124,0.6219165813773985,207.19200000000004
CC1CC[N+](C)(C)CC1,3.0672076,-3.146051,-0.6022387,6.0461736,-8.6704035,-6.4855156,-3.0294561,5.4584827,-2.297277,-5.536693,10.070062,-3.5179234,-5.4221854,3.2328954,4.5688276,-10.367543,-5.6378717,0.7313598,6.1249857,-5.313927,4.0578237,-8.305635,-1.3902473,-3.25749,0.40699184,7.4915037,-0.8620533,-9.076927,-1.0181512,-5.178311,3.5877845,6.6222835,3.854258,8.49384,-2.9253,-3.2424257,-0.5937357,5.730123,2.1441777,-5.2749076,-0.98091716,5.7768016,-0.6604028,-3.1863372,-1.359874,1.1077883,-6.98902,-4.6389604,2.2674506,-4.8973126,-1.7715759,-4.414649,-1.540907,-1.6738513,-7.430657,1.4674577,1.8634385,3.6308854,-6.72128,0.3510682,-9.917154,-3.433945,5.907006,5.0477934,-0.09734609671657563,-0.044677565945944145,-0.22035885,-8.980173,0.2499958999956979,4.137183634867735,6.457483247753206,1,328.67959969444945,128.239,0.393736775564534,0.9381644432803178,0.0,183.5447336098056,440.5031989156402,470.2190364460264,0.5668280997223368,150.36800000000005
CC1CC[N+](C)(Cc2ccccc2)CC1,0.922854,-3.847076,5.247363,9.39498,-4.402946,-0.6689029,-6.1515055,1.3476342,-0.13714641,0.48067343,4.491916,2.6429675,-0.7116725,6.5702186,6.537534,-9.460926,4.17532,-4.615471,1.0070428,1.6526123,9.681755,8.344401,3.5472763,-10.240563,4.7577443,-1.6102747,-5.4170065,6.490792,-3.776115,-1.3706579,-1.556516,1.7210355,-0.8781565,4.056609,-1.2083136,-4.56554,0.008534536,-3.5998294,-2.2159548,-5.5269666,-6.3718147,-1.089658,-0.10644144,-4.212188,-4.4185705,5.883134,0.08026186,-1.346029,2.3194442,-4.068399,9.048457,5.307385,2.5169325,-8.357532,-1.3288696,1.7164193,6.745059,-3.3228893,-4.351096,-6.879008,-11.801899,-4.882711,7.6715665,4.6513124,-2.0521690469649196,-1.3363584665113415,2.5482318,-4.872052,0.4203395817569271,9.760979695702114,5.597237746143572,1,432.8093297615304,204.3369999999999,0.2622205594215052,0.9161282986912582,2.0,420.51911926719504,1491.584550188754,1628.731695278109,0.3614028847713374,222.47680000000005
CC1CC[N+]2(CC1)Cc1ccccc1C2,-1.4711896,-4.214283,0.25670728,8.768547,3.3478765,-1.8292258,-0.21629275,-1.1742711,1.1602092,-0.65870637,-3.0046184,0.32997936,-7.3674483,12.796459,-2.8231468,-2.5957403,3.0077317,-2.5955482,6.919835,6.6716123,6.9601054,3.6196954,4.4803815,1.4398829,-0.18316948,-5.728841,-8.009467,2.3901603,-1.7051629,6.8507137,2.8541937,0.26364678,-1.6571052,-4.003907,0.2177813,1.2928625,9.659697,-6.3248024,-2.470343,-1.2293267,-4.726454,-0.28476685,1.5790589,3.204842,-1.0869232,2.092114,1.1199783,-5.349138,-1.9734707,-12.67025,0.1532129,2.7308438,-3.2171795,0.24373065,-5.8800955,-4.130132,9.281769,-7.087716,1.4129938,4.6925225,-1.3324981,3.8901145,3.8087256,1.6965498,-3.4258120112322548,-1.0972983262511562,-10.071315,1.1967103,0.5600468374878702,4.888941940797693,10.406293701871256,1,425.2280067170817,202.32100000000003,0.1799012224859921,0.9582836841292668,0.0,294.8481575415991,1570.6338677804254,1639.1230976640095,0.2993169915299892,211.82400000000007
CC1CC[N+]2(CCCC2)CC1,0.5282861,-3.928552,1.3246504,3.6295764,-7.376657,-7.995456,-4.0542417,1.1298279,-0.07644451,-9.277144,4.4856586,-5.819875,-7.8587284,7.6558514,1.8533702,-6.614248,0.17959204,0.3706727,7.929184,-1.4014583,8.479285,0.35899448,1.667705,1.2528956,1.6612041,1.6746674,-3.4970632,-4.8902717,-3.5452652,0.47331965,1.4758419,7.383965,-0.34431183,0.6148473,1.3459398,-0.31333417,1.887561,3.7413597,0.24334289,-2.8478734,-4.300909,2.459148,-0.28703147,-0.15435219,-4.031569,0.37228072,-6.800431,-5.76207,-2.1064658,-9.538195,-1.4960718,1.2050357,-1.39077,0.36890805,-7.203363,-1.8172876,7.0947337,-3.8312204,-1.5016106,4.190875,-9.639222,0.33482575,6.875096,7.921375,-2.83306025792245,-0.5414579527433462,-10.475957,-1.3387774,0.3839247270377298,4.155018970263808,8.008014992223966,1,361.593859004441,154.277,0.2869912783470651,0.9704739826890758,0.0,213.40908437245605,723.1767221544479,745.3596051497236,0.4689993892710768,173.21400000000006
CC1CC[N+]2(CCCC3CCCCC32)CC1,-3.6785922,-8.088026,-3.0414295,11.143521,2.8496337,0.012829751,-0.12770273,3.3354142,3.1603842,0.6364003,4.9775906,-3.5777178,-4.355116,9.6018915,5.6212716,-5.5515623,2.6160526,-8.919754,1.3232229,9.984969,0.63133585,-0.91841054,-1.245759,-4.0122104,5.5529075,-4.26272,-5.398562,-1.1567179,-7.442785,-0.37445378,2.3245356,0.16066253,2.3767443,7.817979,-1.0879962,-2.90522,5.2522616,-3.6256883,0.7575543,-3.469809,-3.3801992,0.07779437,-1.5942767,-3.2746875,-0.6933348,2.8074553,0.11865273,-5.4606633,-3.4951992,-10.278014,0.5325546,1.9692662,-2.0745778,-1.2175397,-5.5486336,-1.830782,7.7588077,-3.6217048,1.005045,-1.4756364,-0.16264409,2.783463,4.4317193,-1.2241864,-1.3488524390693433,-1.1201685470059544,-11.297366,-8.447448,0.3099837594561497,6.709637386488072,9.541140857709008,1,445.37467297901736,222.396,0.3327800819473984,0.8461540585181577,0.0,551.6711806659156,1404.4275168781442,1661.367534979455,0.3545825641191935,245.05066666666676
CC1CC[N+]2(CCCCC2)C2CC1C2(C)C,-0.45727396,-5.8971705,0.8834424,2.1000254,0.23617586,-2.8250077,-4.2709837,-1.3431222,3.623111,0.39366704,2.5558202,-3.4418142,-3.4393892,6.048842,1.3805068,-1.8669821,-0.23230883,-0.5717815,2.763777,2.4137664,-1.4997941,-2.8990622,-0.28226727,2.6355526,3.1999054,0.03357005,0.746431,-3.6214497,-4.920641,-0.68196476,1.0611559,1.6872671,-1.0638754,7.696026,0.24092573,1.1227882,2.60717,-2.8360996,-2.2883766,-0.39107555,-5.947835,-6.490448,0.046439677,-5.0527973,-7.293792,2.044839,4.0298867,-7.9255815,-5.9488907,-10.015937,0.42051843,-1.1082273,-1.4557059,-2.3423243,-0.39348373,-1.8304677,5.284162,-3.3759024,9.437586,-4.6015286,4.7717485,2.065443,-0.44588068,-3.1957114,-1.2145495963881054,-3.11586823404704,-9.128676,-9.2953005,0.2145717184153122,6.440374539881733,9.026286188950516,1,439.59370358382665,222.396,0.4181095591997192,0.8740950746017792,0.0,593.6932013842385,1240.4122946408168,1419.8486065594072,0.4890683276601211,246.64000000000007
CC1CC[NH+](C)C1,3.1713724,-6.323692,-2.157943,0.52118784,-6.0516725,-6.0998015,4.422655,2.8761005,-2.736257,0.29452127,8.0478,-2.3114116,-1.992774,1.2662945,4.465508,-5.786631,-6.7718987,3.0012205,3.6698804,-1.4444761,-1.4977323,-6.4839153,-0.15305084,-6.42807,-1.4615877,5.185074,5.0139003,-7.944245,4.239489,-6.753857,-3.7982223,4.6973653,1.0483198,2.3375137,-1.2448568,1.024644,-3.101356,5.897098,10.288764,-12.642153,-5.864598,6.687266,-2.0700738,-0.1618824,3.4386773,-0.5072164,-10.33911,3.71251,5.1418166,-8.487777,-0.4272491,0.35743755,-2.4706094,4.260511,-5.587824,3.5741427,-7.191416,5.605016,-7.866476,0.4943536,-8.395545,-0.3380854,1.4243346,0.69922006,-0.0909554808490273,1.3458703458351453,-0.46714512,-7.1684647,0.154371796863892,4.097338373057903,5.5417980905642175,1,292.3966576692006,100.185,0.4853096969673016,0.8566325453956946,0.0,130.5118224426525,230.3697522673096,268.92481905517315,0.5850274064120744,117.08000000000004
CC1CNCC(C)C1,1.6053579,-0.40710685,5.669979,1.4588175,-4.218656,-1.524179,-0.37069708,-0.3601772,-3.366491,3.6458008,-0.38636714,-2.4571447,2.3962774,1.9912076,-4.13495,-2.7517347,5.482591,-2.0888574,2.2092886,0.88294244,0.27720022,-6.1372585,-0.5672168,1.4741288,0.24250048,0.3247304,2.7936182,-1.6676716,0.28871974,0.67873394,-0.5408027,2.433658,1.1510134,3.2447827,4.954414,1.4047711,0.058824167,-0.31111002,-0.2960598,-0.62910694,-4.836983,4.712842,2.412291,-0.49566978,-1.6504525,5.3830566,1.9992663,-4.0046463,-5.270404,0.8432425,-3.7570012,0.33562928,-3.5139291,-1.3944837,-4.385467,-1.6890566,-2.0217197,-1.2262152,-1.4260907,0.6792863,-1.2764834,-0.9514509,2.1609907,0.22611886,-1.708174945448968,0.7921269623287641,7.3460274,1.297132,0.2248049662458516,4.40658948014719,6.531787578971369,0,311.3513724556491,113.204,0.4168673166878702,0.7299598370872713,0.0,171.10747217558742,300.5057959801362,412.79427130660895,0.3705535870854384,130.17800000000005
CC1CNCCN1,2.2051723,-1.7058773,6.3764453,-3.2230241,-7.072238,-2.6068182,1.945911,-1.3713102,0.017019212,2.9551892,-1.4341028,-3.9031556,2.877866,1.9816678,-4.58448,-5.067603,3.7921157,0.2573245,3.0004795,-0.4245422,-3.300275,-2.121493,2.4264455,2.0942056,0.93569875,0.04256159,3.6042116,-3.1970084,2.4980261,0.35058427,-2.0861676,6.3809915,-1.0685616,-0.28311262,4.8618016,0.9718533,-1.4453391,-0.7100931,1.3925604,-0.9169528,-8.249652,5.6256824,4.8853264,1.269586,0.8337219,5.8378577,0.19340202,-2.4963179,-4.4169745,-1.3498932,-1.7047995,2.4091074,-1.9229372,-0.77288103,-3.3615732,-1.9017494,-3.725789,-2.3828907,0.42901042,3.2604704,-3.2863095,-0.9415222,1.001874,1.4277952,-2.921700222153447,0.5672318059663327,8.056363,1.9435198,0.2486730601887605,3.891073482370519,5.815699782200083,0,284.26077091658453,100.165,0.3920488233193373,0.7221691393687565,0.0,117.5457838433529,216.52389321274885,299.8243505697447,0.3460984213252818,110.00000000000004
CC1COC2(CC[N+](C)(C)CC2)O1,-1.0017314,-4.895185,-2.6648128,3.3675907,-1.3235079,-4.914482,1.6995187,0.4531885,2.0700104,-3.5433588,2.4492736,-4.4735336,-6.6299458,11.18489,0.50586426,-2.5633583,1.650229,-0.15262404,7.246933,4.5171156,4.482285,3.2463493,2.5449233,0.09576571,-1.0794492,-3.2151735,-6.5363355,-0.5862832,-0.99489665,3.3290453,0.35163158,2.3557336,-1.1655867,-4.316186,0.29202303,2.2295377,4.85723,-0.23676588,-1.4701118,-2.3662534,-6.1022534,1.781167,1.7697172,3.907144,0.86203766,-0.19433387,-2.7933435,-2.004837,0.48904768,-13.091861,-0.78567916,3.0324001,-0.69843,3.495973,-5.422997,-1.8918786,7.4455857,-5.2412663,0.2743089,4.3108554,-6.984998,2.1935804,5.2616935,6.5278134,-2.819423026288642,0.07637872284534906,-8.823773,0.3067694,0.4623483166145147,4.224841042889581,8.812882464811747,1,392.18070809081513,186.27499999999995,0.2356373925402392,0.9684738605765756,0.0,264.6654826006323,1088.8204177791026,1124.1327931536484,0.3543292209064154,191.64200000000005
CC1C[N+](C)(C)CC1C,7.9763155,-3.0193093,3.6780243,10.490317,-7.199348,-3.9084926,0.64999664,7.6246853,-1.8661132,-0.94005054,9.411961,-1.1595885,-5.473289,5.2269454,3.5374613,-11.818702,-6.62056,0.48167366,8.218814,-5.7379365,3.9682953,-10.314523,1.0590463,-6.584876,-0.6180647,6.277113,0.53185284,-9.645409,-0.59534943,-6.9631066,-1.139222,7.4206443,5.6705666,13.209706,-3.979321,-5.306206,2.7905428,1.7283516,6.4028378,-11.937489,-2.7664082,7.2602305,0.5964713,-5.0514946,-0.8569106,4.393879,-6.4014907,-6.604115,1.2093213,-5.7654395,2.8363183,-7.1125965,-1.1182628,-1.118932,-8.214734,2.3156347,3.5242817,5.854849,-8.196712,-4.1796246,-9.72635,-6.20486,7.5938716,2.9106772,0.6275100006010444,-1.8020421514057723,-1.2230189,-10.163449,0.1887657189006658,5.08477935891349,6.06780775462738,1,335.5721189792016,128.239,0.4441586432979817,0.8428283830139323,0.0,213.92900851105745,406.2875675566973,482.26261690571545,0.5051820304401056,150.94400000000002
CC1C[N+]2(C)CCN1CC2,3.578978,-6.754943,-1.6866096,3.0715153,-5.7831326,-1.329483,0.9990439,1.1395832,3.4895632,4.098474,7.7918005,-3.7183678,1.4312551,5.322636,3.0216656,-3.7979646,-0.21699795,0.3238845,2.3366168,-1.9344159,-3.5138543,-7.8907347,-0.89681035,-2.5345116,-0.007808894,5.778594,5.137988,-4.9088793,-1.0793205,-1.6423709,-0.4291757,3.6808746,0.08907384,7.768546,-0.585975,1.0526285,2.0972042,0.33095932,1.0169841,-8.625598,-8.367025,-0.24119884,-2.0045633,0.77946436,0.42664275,3.5715158,-4.1927586,-2.6288977,1.4030148,-9.5663,-1.9143132,-3.6876695,-3.4435177,1.3924106,-5.648117,-0.1591303,0.71022844,3.9539964,-0.84134996,-3.0118787,-1.3131666,-4.1930423,1.03733,-0.7455332,0.09125005462255308,-1.2163143449483378,-3.16332,-7.4850035,0.0960424330436207,4.5815023387024745,6.588703718322883,1,333.661304445817,141.238,0.5743637624285886,0.8821145974283461,0.0,259.7564867021101,398.9370564183566,452.2508272523652,0.666848766436895,153.37600000000003
CC1C[N+]2(C)CCN1CC2C,4.781928,-4.458161,-0.9923101,0.93568784,-3.6083865,-1.6703274,1.0241989,-0.34376457,6.5745764,6.750793,5.015644,-1.2202033,1.842567,5.6632757,2.450369,-2.1689277,1.3070331,1.1405274,2.2062778,-0.10254608,-4.346097,-6.6277366,0.25201374,-0.82992935,-0.03954649,3.932545,3.9224188,-2.08198,-2.6477213,-1.3518444,-1.2848686,1.8352938,-1.0868995,7.9837923,-0.34932536,1.0176836,3.3356984,-2.113929,-0.898047,-8.340047,-7.339231,-3.1736844,-1.0023863,1.2210599,-0.13053599,3.3546708,-0.4582679,-4.390653,-0.2807819,-9.471244,-0.19048774,-3.6196196,-2.820945,-0.58720505,-3.804603,0.24307385,2.9434702,2.5299625,3.3079538,-4.506205,1.9443715,-3.9431326,0.12456712,-3.6023936,-0.060534076599842813,-2.5931591122508766,-5.6119843,-7.1334753,0.0833749574250941,4.866653293985177,6.498603010061961,1,350.876874687016,155.265,0.6042227459525196,0.9301942896364042,0.0,324.53252714584534,499.6142657232215,537.1074315221947,0.7013364088291895,170.08000000000004
CC1C[N+]2(CCCCC2)CC[N+]12CCCCC2,-2.1028576,-4.983191,-6.294359,11.1613455,3.1731443,-7.723774,2.506589,2.1468112,-0.30775124,-4.455656,6.6888022,-5.595037,-19.17493,15.138054,2.588434,4.457246,-5.488338,-0.9082765,8.529769,0.38008022,9.056195,6.4020386,2.225867,-3.312,-6.079124,-5.978795,-5.8686714,-5.103927,-0.27307692,2.890977,-0.02862852,-0.3819697,-1.5678055,1.1031512,-1.511255,-1.512399,4.0533967,6.78493,6.8308096,-5.129759,-12.051944,-1.8040433,1.4458776,-3.5933187,-4.683424,-2.69703,-0.43225285,-1.9702663,8.25653,-22.673733,-0.51430166,-0.19913787,1.3574152,9.074019,-0.60300744,-3.7825067,5.85957,-8.111615,6.9583807,-3.3691807,-6.774923,6.1710515,5.659645,5.6928043,-0.6384437866044365,-1.2196976321578208,-11.944598,2.9758868,0.4709710134565306,5.456340373619529,10.499103117746351,2,461.3471208412313,238.41899999999995,0.2283737751616789,0.9452044474778284,0.0,471.67417581679786,1951.7069676643075,2065.047445672602,0.3451704606630873,262.4940000000001
CC1C[N+]2(CCCCCCCC[N+]34CCN(CC3)C(C)C4)CCN1CC2,6.328397,2.7738578,-2.8249884,13.431954,-2.4390256,3.084667,3.4351816,0.8082888,3.9205418,3.183181,9.337922,1.4983414,1.3951712,0.26297575,3.7437925,7.6054893,4.687018,2.7006166,-3.5915244,0.6251854,3.8217132,-0.054780617,-0.4533401,-0.35626054,-2.0732503,1.7354335,6.5979676,7.4326544,-5.676585,4.9405293,-5.5574226,-5.4336257,0.5739015,3.0171506,-3.1040814,5.892303,9.042296,2.19747,-6.0303464,-14.244442,-2.5883515,-4.75153,-4.940321,0.7444035,2.0543694,2.9595354,-3.0108347,1.5012879,6.771754,-7.035447,1.2914429,-0.32175225,3.5164344,0.63920105,-3.615377,-1.9030962,6.6281257,5.2177706,0.67120254,-13.005186,-0.09578556,-1.2855963,2.8516948,1.8121514,2.3590523167114057,-1.6244444258477557,-5.3353567,14.740089,0.8322574014796625,5.754417995105359,18.120055459447883,2,705.9431458129765,364.6220000000002,0.06008878151357,0.9868180955511536,9.0,763.2321542707905,12689.44520602171,12853.749571582191,0.1195259913916973,396.201043478261
CC1C[N+]2(CCCCCCCC[N+]34CCN(CC3C)C(C)C4)CCN1CC2C,6.0369897,2.650133,-6.4183335,13.0460205,-2.3376575,4.732306,2.044754,1.6272995,4.692154,2.3712027,11.005509,0.040379748,-0.6193132,0.5411789,6.6859484,6.3930497,1.1042409,2.037406,-1.0129513,3.1546733,1.751784,-0.94024456,-1.5255961,-0.29257977,-3.3085845,1.5098087,6.918734,4.708495,-6.612542,3.4476185,-0.0020435974,-5.415552,-0.33924478,7.017517,-6.905848,2.702315,11.849855,0.20501648,-7.515474,-9.309937,0.41380876,-5.150559,-7.062578,0.74693483,2.6466146,4.1786075,-0.9827838,3.9183972,7.6700754,-6.4172025,-0.41435638,-2.8950624,8.7442875,-2.43898,-5.16824,-1.9814328,8.475093,5.4363127,2.4868524,-15.449862,0.7259198,-0.75870293,5.5637727,1.9925212,3.725156163916304,-2.022515791098806,-4.651847,15.186663,0.8076514811390871,6.51171601147241,18.12419862553389,2,739.3146615261201,392.6760000000002,0.0696116599817382,0.9841513649555792,9.0,979.6792003833468,13971.316133729088,14194.44332410653,0.1316670581136395,429.6968421052632
CC1C[N+]2(CCCCCC[N+]34CCN(CC3)C(C)C4)CCN1CC2,4.338639,-0.30573842,-4.384073,11.616017,0.1795161,4.8662367,3.4439633,0.7142898,5.2064776,4.459121,6.8966036,1.5217358,-0.312357,3.5361629,5.6104193,5.6943035,-2.1128445,1.731576,-0.84145105,4.648935,-0.8765832,1.0412532,2.4980237,-1.8694003,-3.0554783,0.46228254,2.3187008,5.389375,-1.0371968,0.8817378,-3.86076,-5.536723,0.26192862,4.8959765,-6.3599706,0.16055278,10.41883,-0.1124457,-3.6229446,-12.616434,-1.8390732,-2.3808045,-5.1051645,-0.09410855,4.03628,1.9486505,-0.73927486,2.9013224,5.3180704,-9.429083,1.0184917,-1.8962889,2.6748688,-0.53968817,-2.867129,0.4709125,4.894868,4.9835835,-0.5497391,-9.105678,-1.6270354,0.3656689,0.87929034,0.46930027,1.9413738930118491,-1.7608182924067226,-5.13291,12.770042,0.7826646670198368,5.736205384115842,15.986606525755183,2,647.4351824298016,336.5680000000001,0.0796978372388695,0.9827812078848638,7.0,706.8658156036577,8813.952294555284,8963.956830081019,0.1549020126851076,362.6866666666668
CC1C[N+]2(CCCCCC[N+]34CCN(CC3C)C(C)C4)CCN1CC2C,2.1783712,-2.212765,-7.017269,15.43246,1.3450168,5.9990745,1.9823719,1.9814972,6.007469,3.198155,10.144696,0.7598847,-3.35945,4.7266192,9.834469,5.2822437,-5.3521743,1.8615435,0.38329563,7.967604,-0.74914634,1.1281482,0.7953898,-2.838208,-1.9369526,0.25637132,2.6698673,5.6357865,-2.790691,1.2586094,-0.6320531,-6.904396,1.2981961,5.100315,-10.520392,-2.5553644,14.324235,-1.3994107,-7.6802382,-9.4787445,-1.2282853,-0.82915825,-6.0397377,-1.2980955,4.567398,2.8866825,0.32622007,5.6300693,6.6416974,-12.036948,-0.014983438,-1.4036577,7.751793,-3.9980526,-6.006529,0.5883415,9.513333,4.2067103,1.5094882,-13.296381,-1.7967734,1.1726608,3.3657963,2.637179,2.8906979254921015,-2.1745696175439475,-3.7702467,12.683169,0.7508712186626446,6.538008257762533,16.04522942987083,2,680.2976550726094,364.6220000000002,0.0924404633020633,0.9778703537708876,7.0,913.85262055855,9719.364308055248,9936.69961132528,0.1673029844165431,396.2031111111112
CC1C[N+]2(CCCC[N+]34CCN(CC3)C(C)C4)CCN1CC2,2.7801337,-3.5140464,-3.5164962,9.181643,0.7130507,6.128749,3.4628258,0.7556006,4.365732,4.8587546,4.461857,2.2213976,-3.220181,6.7592425,3.3420901,1.8176941,-4.1796074,1.8705457,1.2088413,5.2842593,-2.2402198,0.16064851,3.1932366,-2.316735,-0.7270687,0.43882406,-2.0335586,2.9828308,1.2192637,-0.8339964,-0.69267577,-3.4630392,-0.11420125,4.29367,-7.53437,-2.6810782,10.720342,-1.7816381,-2.3545008,-7.9851065,-3.76117,-2.926068,-3.4611285,-0.06956452,2.1206632,3.4407015,1.5849136,1.6742809,4.5062733,-10.77003,2.6671784,-2.720972,1.3563025,-3.0779076,-2.4704602,1.2943273,4.214024,2.9175558,-0.49578837,-5.3859363,-1.7509227,0.08860098,-0.42990735,-0.15818411,0.9584876627182367,-2.1870317197418476,-4.91751,11.521931,0.7344596705000312,5.481721418610414,14.325136551913966,2,589.686346807762,308.5140000000001,0.0993944026781933,0.9826778426235532,5.0,605.4070460578994,5999.296465361935,6104.488005318033,0.2006279205092885,329.2880000000001
CC1C[N+]2(CCCC[N+]34CCN(CC3C)C(C)C4)CCN1CC2C,-0.82841945,-2.3122435,-5.6035023,13.284478,1.7231318,6.001786,5.8406725,1.7699071,4.343168,3.7961729,7.6465073,1.0843039,-4.6535654,6.078378,7.5001726,2.86966,-7.403853,1.9565842,1.0918392,8.423193,-2.3029978,0.07744078,-0.049848914,-4.2015753,0.031061053,-1.3157045,-0.06501898,3.1189325,0.6075667,-0.07051994,-0.131535,-5.9176755,2.6138358,4.9261837,-11.271661,-4.8975635,12.089942,0.74258757,-3.7019389,-6.736311,-4.9436955,1.047288,-4.438792,-2.683204,4.2742586,2.5151677,2.7098024,4.8724513,7.55166,-12.500186,0.5697307,-1.8743367,6.5435796,-3.5514934,-3.758659,1.0723951,5.890832,2.3796458,0.19113556,-9.470238,-2.9414039,1.856048,1.3000088,3.1510363,2.4220000143902904,-1.3295245958464088,-3.5313814,11.7528105,0.6595902677942885,6.281837095138647,13.869496682625112,2,618.6991876910581,336.5680000000001,0.1325404331884349,0.97727892053669,5.0,850.1771147095875,6298.90082360633,6444.663763367524,0.2437212381524346,362.7941818181819
CC1N(C)C=CN1C,0.7033658,-0.37857366,4.950185,2.6853201,-0.8880677,-0.26202497,1.0903986,-1.3090549,-5.946719,4.9944434,-0.40323484,-1.8604071,3.8703146,0.60793763,-4.398674,-0.9027097,5.769974,-3.961735,0.3291544,4.597196,-0.7883545,-7.017369,-1.8645298,0.31447068,-0.026318073,-0.7162821,2.328591,-0.50772315,0.91932,0.74032927,-0.7780142,-0.7167801,1.4617333,3.5744376,5.431783,1.2115512,-0.9773309,0.13639782,0.13043566,0.62372446,-3.804699,5.428762,1.8653921,-1.424756,-0.5237683,5.093021,3.280773,-3.106145,-4.9897985,2.0579042,-5.0240765,1.2739916,-4.283253,-0.18075182,-3.62919,-2.4201171,-4.4055676,-0.65323603,-2.9429033,-0.5076485,0.46462536,0.77063024,-0.17723337,-0.6531403,-1.2966759107834398,2.001296279865268,7.434112,0.606713,0.2079948215189426,4.813352750018225,6.424152347983787,0,307.3432401430401,112.176,0.4330325062309797,0.7202708783731306,0.0,161.0084783167513,267.80834333224243,371.8161477486619,0.3210856831481648,120.94400000000005
CCC,-0.6767805,-0.5178937,4.859121,-8.145821,-10.887734,-3.322334,1.4111537,-1.5204176,-1.6546688,-4.345317,-4.200439,-4.6641755,0.13622637,-2.343898,-2.2705374,-5.580895,-1.9023628,5.9099073,3.4694443,-0.8930315,-2.2173276,1.1529031,0.78116935,4.2137623,2.8890398,2.2970772,5.676494,-3.743735,-1.0824021,-0.055151284,-1.0268486,7.6769876,-3.5262284,-2.5228279,2.4837346,1.7724558,-4.2157865,5.4763613,2.685619,1.0216494,-2.57791,3.6408694,-3.644356,-2.824496,-3.456946,2.0825622,-3.5413172,-2.159856,-2.9433928,-0.3073329,0.3131256,-0.010320365,0.16429956,1.1831964,3.621868,-0.852571,-6.08461,-1.3088195,-0.9331814,6.357134,-6.532603,1.7821176,3.499351,2.6706448,-1.9009074258105014,0.6489011796893251,11.318385,6.7205586,0.4145866902533352,2.142862795210964,4.294976621811311,0,213.19145373129768,44.097,0.2592995705665241,0.8832669778503675,0.0,17.255757819021703,58.779276140938975,66.54757577554416,0.4567728316949472,61.628000000000014
CCC(C)C[N+]1(C)CCC(CCCC2CC[N+](C)(CC(C)CC)CC2)CC1,9.11727,1.0203342,-6.414309,16.32276,-0.77657616,5.7224426,-3.985337,3.6968853,7.105999,3.274616,10.921582,3.695094,1.4323695,0.76252735,10.65707,8.68503,0.52423465,3.4796526,-0.5619403,4.900007,2.3228552,-0.3369019,2.581577,-0.7117158,-6.5807953,3.8824487,7.2192335,8.010496,-8.373374,2.0086455,-2.2959154,-6.18387,1.255841,5.949335,-8.118718,2.2491772,15.164411,-4.4491186,-11.539645,-14.776541,4.225175,-4.1052995,-5.124776,-0.054626316,3.410647,3.960884,-4.1836205,3.3765552,3.621677,-8.386201,2.1003072,-1.4265811,8.628638,-4.2552996,-8.495011,1.8281271,13.219684,9.011308,1.0775679,-17.326912,2.8768277,-1.800655,5.6863093,0.094667554,3.451917413361355,-3.8744017159750723,-5.379605,15.977382,0.7688954504997599,6.6153665003358935,19.08530072137241,2,748.4472950032055,380.7050000000002,0.0852958275864586,0.9727215460572808,10.0,1036.411540599244,12022.138175799011,12350.587069408744,0.1258191291211043,440.26244444444455
CCC(C)N,0.31193173,1.7405739,6.715033,-2.4070165,-12.990805,1.5656179,-1.2965983,-1.066711,-0.05290085,-1.7949257,-1.5576735,-4.8164325,5.3796244,-0.7859458,-0.4285807,-4.117637,0.6400173,-0.038281083,-0.03221789,-1.7614113,-2.2393093,2.64872,0.3792439,0.346498,0.45783347,-0.16147453,7.633034,-3.3040893,1.2335001,-3.8831253,-2.5790322,7.9952264,0.7241188,-1.3037306,5.328401,0.64594764,-6.413471,2.405004,1.881837,-0.826461,-4.0196323,5.542641,0.07285464,-3.1939476,-0.52724683,4.4250746,-2.3634741,0.20697328,-6.80366,3.1488583,1.5671707,3.0972927,1.8490243,-1.2224156,-0.41752753,2.4556644,-8.438809,0.92866755,-2.246702,6.055885,-7.4921174,1.1218032,3.2673123,3.1297662,-2.1765239206005127,1.11680747248707,10.35682,5.2276797,0.2344308862009855,3.781018181630991,5.223667623991164,0,258.5150273474805,73.139,0.407032674431385,0.79135343718745,1.0,71.89366816023323,141.48155361697815,179.24646052076903,0.4524362078996592,90.9017142857143
CCC(C)N(CCCCCN(C(C)CC)C(C)CC)C(C)CC,12.14834,18.226326,0.74590844,17.0247,-8.075114,-3.225317,-5.375899,5.7832737,-7.748442,-7.9013247,20.352892,6.6607842,-0.7339607,2.7192016,14.480741,-10.533574,3.9481497,8.782131,8.153831,2.590452,18.903082,-5.8504534,1.3808362,-10.32619,-8.839832,9.13944,-11.717284,1.1410372,-1.4255689,3.6472235,-1.4701868,-5.812213,9.068113,9.704389,-7.0006113,-0.66295034,-2.76215,9.948597,-11.182666,-8.416191,10.7126,0.27329618,6.615533,-1.7629669,-2.135412,7.0193315,-6.278149,-2.774935,10.70258,8.146335,-2.604415,-1.78248,6.685598,-1.3975649,-13.268928,4.653135,6.808216,-0.6809671,-10.557587,-5.6050477,-11.476604,-0.31950635,11.202905,16.900845,3.280395167543008,2.4629633477631403,17.572756,-3.3756292,0.4592523357164779,7.479186970880615,13.132420476857869,0,676.5359074811508,326.61300000000006,0.2371178400285654,0.9351528359841994,14.0,1369.357093342365,5517.852492259627,5902.006828206183,0.3031361273829386,388.8675555555556
CCC(CC)n1cc[n+](C(CC)CC)c1,0.33302176,-0.67580056,2.7625177,5.47268,-3.0889792,-0.7387954,-2.7737765,-0.29103878,0.38824517,3.3075147,2.0481555,2.68039,3.2536123,4.203116,4.159705,-3.1435294,6.405632,-3.5677989,0.5939995,4.342841,5.194623,9.379021,2.7670763,-6.9877625,0.8711869,-5.696474,-2.4627702,8.949202,-0.12793142,2.1510696,-1.9168262,-2.0216916,-0.54819345,1.4362639,0.78878784,0.3665722,-2.6327593,-2.0278885,-0.8635442,-6.170144,-2.2439172,0.5968265,2.6062791,-1.3478838,-0.28467754,3.288622,2.210051,2.2426841,2.4179122,-0.11496523,2.2701824,4.952786,2.0954616,-5.218597,1.2103798,3.2672737,-0.47691596,-2.5251663,-2.8063037,-2.1703613,-8.796761,-0.5726556,5.5667,0.8866193,-1.4763643656459617,0.7405484318216949,3.1654985,-3.8721664,0.2849202643206431,6.665403977434577,8.757677785680634,1,471.1355003434395,209.357,0.3561287308011349,0.8399937761455719,6.0,595.2677163012618,1417.0521657051363,1687.1962713513626,0.3111998979612723,235.3364
CCC(N)CCCN,1.5873026,-1.3306115,2.2062335,-0.42706126,-4.7854104,-3.204623,-2.0606563,0.93329203,-6.8508015,-7.183217,8.094288,-5.048184,4.795854,-0.93805975,-0.33456612,-2.1388133,0.5069332,-2.1332977,0.25749847,-1.8594786,0.94905734,7.4737926,3.5379243,-6.24911,-4.023743,-1.312917,-1.6801311,4.405703,0.71549654,-3.9427037,-2.5073495,-0.7014237,1.3939459,-1.767166,3.293816,0.8008982,-7.152536,1.9907916,-3.3287408,2.9525957,-2.2224832,3.7641542,2.7857845,1.1834129,1.0788171,0.3501104,-3.167799,7.167885,4.2418222,2.9421043,-0.8802028,2.4645393,2.1608222,2.393628,-0.7557533,0.17183557,-0.8822365,-0.9185643,-7.5597243,-6.6699977,-11.795257,-4.918679,1.3408494,8.131677,-2.1197357483707155,3.6891247009013353,5.6342163,7.3661823,0.3921761770661121,4.345757003938226,7.07691645021933,0,330.37789391712835,116.208,0.2882805709872744,0.8979076254038864,4.0,157.05426628331966,513.3900992675972,571.2735406125547,0.3805591818040078,136.85292307692313
CCC(N)CCN,2.4203663,-1.9829,3.0515053,-1.0210211,-6.1319537,-1.3481869,-1.3849245,0.017846018,-4.20396,-5.1707916,5.554417,-4.935951,4.7292223,0.64772576,-0.9372642,-2.1591325,1.0741887,-2.636345,-0.077389985,-2.2566507,0.8090842,8.042648,2.308534,-5.0887413,-2.7004704,-1.5904247,0.3996041,2.6714878,0.89655375,-3.380721,-3.252188,0.46984494,0.6357203,-1.8732125,4.5351567,0.86570984,-6.441957,1.371916,-1.5710903,0.81668127,-3.2582285,3.8062851,1.0776,0.5733669,0.8005775,1.0689106,-2.9689682,5.8774543,1.7664661,1.7509924,-0.08530923,2.419606,0.9843202,1.7060553,0.6241369,0.47114995,-1.9159156,-0.71550703,-5.3312354,-3.407847,-11.231804,-4.2064896,2.312177,6.493542,-2.281421526897888,2.7807988031550854,6.3228865,6.911353,0.3248722782725443,4.180482390591921,6.208134170198854,0,303.8927818999521,102.181,0.3372623948923519,0.853797548822506,3.0,132.531490530629,344.8982740800494,401.71819366087215,0.4299797773490432,120.17942857142862
CCC(N)N,0.7343527,1.6505965,6.500803,-3.5000489,-13.089135,0.35662666,-0.06603934,-1.1194025,0.055574298,-2.1929972,-0.7750162,-5.5768876,4.9850364,-0.08696789,-0.8584021,-4.0559893,1.4906092,0.30669832,0.76496375,-1.7764374,-2.3764513,4.367441,1.4700408,0.034796834,-0.048498213,-0.9873321,6.634991,-3.2358608,1.8122889,-2.7463136,-2.8013864,7.997788,0.21398431,-1.3814949,5.623821,1.3266075,-6.595415,2.9249494,1.9680692,-0.75833285,-4.86595,4.835091,0.72057617,-2.2340977,-0.3905786,4.4140344,-2.6180089,0.6482858,-5.714414,2.6987321,1.7297796,3.4801779,1.6740746,-0.25651312,-0.20634195,1.674555,-8.19202,-0.406602,-1.902213,5.876506,-8.914248,0.89974517,3.6784992,4.312442,-2.4007352068949346,1.3795520386992433,10.225169,5.415237,0.286095704898768,3.451044222920169,5.066440773309124,0,250.68543814402935,74.127,0.3581042915829297,0.8119452468500615,1.0,62.44652120986853,143.15591626926891,176.83978716697362,0.4327686321902464,85.92727272727275
CCC1CCCC[N+]1(C)C,5.6066,-3.657651,3.9918013,-2.471255,-3.141442,-3.4956229,-0.18510903,-0.98759234,3.855777,4.200696,-0.13328743,1.8502976,-1.6941795,1.5814718,2.0593538,-0.18456352,-0.86516595,5.0819473,3.7734807,-0.9507532,2.0966241,-1.2432458,3.9048781,-2.675572,1.3464012,1.3633385,8.20794,1.1301459,-3.4156308,-2.0185194,-7.6782446,4.843637,-2.077803,7.2841897,-1.9814292,-1.1774548,2.3787572,-0.76852536,11.397038,-13.287363,-6.97063,-2.1751218,2.409122,-2.5408218,-5.3180594,4.556372,-3.403579,-0.8207808,0.50693464,-6.8716354,5.615073,-1.1310737,1.5623524,-0.64411175,0.04932317,2.1733038,-0.0719391,2.384472,2.317745,-10.578484,3.0102844,-1.6165212,-0.029089358,-6.4683084,-0.20334561997608533,-3.7609532288578347,-4.496645,-9.427592,0.1055393099099372,5.866072454078266,6.801853132425326,1,346.8920699702833,142.26599999999996,0.5918292489721109,0.7299580178844869,1.0,328.5065319054918,410.7044751778732,563.3285383434413,0.5317199700906109,167.08400000000006
CCC1CCCC[N+]12CCCCC2,0.30018926,-1.7240331,3.4379985,6.576553,-3.0716035,-3.0444422,-3.55809,0.7892945,5.239697,2.8782983,2.6116178,-1.3973242,-5.696823,6.546038,5.3884077,-2.563877,0.32961968,-1.973276,2.1631231,-3.5940099,6.4488783,2.941664,0.027191013,-2.9125595,2.1544468,-2.8057663,0.03195128,1.6966228,-4.623746,-0.043157697,-4.389477,4.074363,0.34696442,7.860443,0.757804,-1.1385331,0.11297165,-0.45015872,2.8990712,-7.5380497,-4.0508833,-5.3529983,4.5347853,-3.9115994,-6.7731743,4.1514587,2.5507934,-6.5139832,-0.28358528,-6.6285043,6.0135684,-0.14940155,2.7914011,-0.98153245,3.8145955,1.8980467,4.137744,-4.0425415,7.356508,-5.943496,-1.7245438,-0.6627154,6.5900393,-0.04494798,-0.6391942890151271,-3.49502213671893,-9.878412,-11.715426,0.1565432060811756,6.733448981806752,7.361586668907062,1,394.7743209814999,182.331,0.4903350022959402,0.7452611555341051,1.0,485.734271434503,738.37232081575,991.1175677433404,0.4329122570745392,206.2040000000001
CCC1CCCC[N+]12Cc1ccccc1C2,-2.2592876,-6.569298,0.6465969,7.1857953,1.480357,-2.395518,-3.1761913,-0.09416726,4.290019,1.6710678,3.0834463,-1.8780218,-3.4578087,8.129842,3.1203556,-3.189505,2.7033916,-5.9338617,-1.34702,1.9805404,1.1666366,4.673018,-0.8146556,-1.6307849,4.8904147,-4.5340433,-3.3619945,2.471605,-3.935205,0.8397912,-0.22260708,0.13903177,0.91344994,2.2693725,3.8458583,-0.3049273,-0.279742,-3.9864557,-3.507223,-2.9522252,-4.8394933,-1.9038877,1.7319287,-2.1932924,-1.6629997,1.5494598,2.264474,-4.953295,-4.1714697,-8.963253,0.9061649,4.3933363,-2.8052554,-1.54522,-0.54817986,-0.97643757,6.027283,-5.203192,6.3225727,-1.6650555,-1.2873623,1.5936251,2.1482878,-1.5237812,-2.7869039779633766,-1.3829704267467071,-11.293103,-9.495021,0.3002836201688391,6.878927353585191,9.106307067185687,1,443.0048913583641,216.348,0.3408366550938572,0.8671348545221017,1.0,540.8870046539589,1377.9769870625166,1589.7376221882896,0.4031919302038397,228.31466666666677
CCC1COC2(CC[N+](C)(C)CC2)O1,-0.34980953,-4.384416,-3.20312,5.187171,0.17423913,-3.203635,1.5568594,1.1745665,1.7934453,-2.2621474,2.1669195,-2.7884238,-5.527943,11.010136,-0.10428275,-2.4964228,1.3999639,-0.093626216,5.5922766,4.785646,3.6313856,3.3647885,4.3049335,-0.3947394,-2.0896935,-3.1439722,-8.04769,1.8779749,-0.6982868,2.8110409,0.9191763,0.5092729,-1.1753917,-3.915077,-0.9033605,1.8042983,5.736339,-2.0578258,-2.9782736,-2.3503265,-4.830628,2.2585087,2.2041945,3.9029462,2.164955,-0.078541055,-1.773319,-1.8220356,0.6994016,-11.734891,-0.107404076,2.5144527,-1.7239554,2.2462752,-5.3389444,-1.6081631,7.6550326,-3.5643768,-1.4454577,2.9726224,-6.384809,1.4394181,4.222479,4.777067,-2.725172228593013,0.005974073712387313,-8.4438505,0.5198445,0.4976101482344969,4.507831682255233,9.505230831757132,1,419.6353574885053,200.302,0.2147858397389163,0.9528639595157052,1.0,308.52861417854047,1378.8592646487134,1445.7696031246055,0.3140290279908421,208.35800000000003
CCCC,0.9286405,-0.3628305,6.502259,-6.6823306,-11.747585,3.1840372,-1.2732991,1.135072,-1.3007467,-3.1304975,-3.3983624,-2.2742474,2.9865494,-1.8933684,-2.4459085,-3.1591063,0.69582033,3.2900763,1.6921971,-3.5608292,-3.2231362,-0.5048721,-1.6113427,3.1439989,3.9773452,1.6257641,7.209243,-1.9888064,-2.995254,-0.12769485,-1.1519197,5.869841,0.2159831,-0.53222597,1.7406285,-0.39605528,-1.7358584,1.8759608,-1.3610995,2.2257915,2.8324652,0.33901587,-4.334321,-2.3278406,-3.6243582,3.6446671,-1.2245363,-1.6508832,-4.4947553,4.5432134,1.4209555,-5.1650677,2.0046,-0.014004141,3.5961244,1.5458889,-3.016014,-0.47873828,-0.3575373,3.3937817,-3.1894572,-3.1608627,3.5190256,1.3069286,-0.9661858007774136,-0.3225995646877678,10.340968,7.8555183,0.5253928080199927,2.583555677666738,5.314035685312801,0,243.6450857215052,58.124,0.2029030464576283,0.9089961477406988,1.0,27.21515697171632,125.8816519678756,138.02897644206834,0.3692705690619644,78.31466666666668
CCCC(C)N,2.2093692,-1.8876462,4.6029034,-1.6238806,-9.30173,0.101806015,-1.4416279,-1.4247258,-0.98322755,-3.3544638,3.2249541,-5.2874055,4.947293,0.59435886,0.18824585,-3.807808,2.7708101,-2.537018,-0.71119666,-2.4707232,-0.25817508,6.415043,1.1082652,-3.049483,0.013800234,-0.46775192,3.405167,-0.059012268,1.1082507,-3.5877771,-3.6789277,4.054888,-0.009215623,-1.0697335,5.957271,0.21964379,-7.159307,1.2889897,0.48053557,-1.9312258,-4.2837396,4.3161697,0.65039355,-0.016086578,0.23048952,3.2716007,-3.6940026,3.0660665,-2.9580388,1.5651431,0.6103869,3.955382,-0.23607986,-0.7185712,0.08903,2.2796986,-4.4185996,-0.2600212,-3.3959744,1.7259247,-10.639191,-2.479426,3.2356417,4.1978374,-2.6524237644637196,1.734129772904737,8.43331,5.6528893,0.2985487616896582,3.561440594983802,6.01501601948241,0,284.3013475567625,87.166,0.352464188253078,0.8795603020699532,2.0,93.54519944450946,238.43987489238245,271.5320012134416,0.4610789338162859,107.78933333333336
CCCCCC(N)N,1.9537151,-0.50511944,2.2987442,-0.5528535,-4.365417,-3.1943057,-1.4044237,1.3309535,-6.249079,-7.8400292,8.276557,-5.8956804,4.219654,-0.6640565,-0.22693352,-1.6017482,0.88539994,-2.1530135,0.44477728,-1.984453,0.24652469,7.85718,4.2821965,-5.8817654,-4.3485007,-1.736203,-2.6973479,4.834156,0.033352703,-4.4157963,-3.6033864,-0.6466778,0.84384674,-1.2175725,3.5969746,0.93068486,-7.3959,2.2521863,-3.1059482,2.9226804,-1.0471308,3.5212538,3.4466898,1.4155376,1.2620451,0.8023231,-3.412208,6.405428,3.488618,3.470315,-0.70375264,1.8298488,2.4299405,3.24458,-0.46009967,0.24122384,-0.033154212,-1.4290524,-7.543025,-6.4906616,-12.249069,-5.4131227,1.8304788,8.813752,-2.1717294024663136,3.5491421337253883,5.6575837,7.444596,0.4934691186548158,3.954593673675608,7.534743523263596,0,331.06439516460404,116.208,0.2177779957173077,0.91577835820355,4.0,131.16913232941948,568.1851512508665,620.2252838984241,0.3278930083585065,136.26857142857148
CCCCCCCC(N)N,0.17791331,3.3280056,-1.3316796,5.9917893,-0.66297424,-3.6554673,-1.8120996,2.4545639,-7.547889,-7.8971095,10.334668,-3.2402203,2.3780546,0.29848552,5.903958,-4.7736506,2.5738354,-2.2808661,-0.30664495,3.685081,3.3215625,3.4154136,3.648155,-8.391163,-6.3625436,-1.5827605,-7.616399,5.9549484,0.99493253,-3.0891776,-3.088064,-2.895065,2.8611202,2.184199,1.6312007,-1.0672977,-8.275157,5.088687,-3.6254854,1.0388243,2.7105997,5.5072184,5.6186266,0.16937506,2.3162875,-0.31890047,-3.5543356,4.5864806,3.142786,3.6874743,-1.3822378,4.833017,0.528053,2.9602337,-5.2306705,2.4298913,0.023609169,-1.9834754,-10.378769,-5.7680182,-13.299401,-2.2192602,2.7702549,9.9165535,-1.5248857928437058,4.514973126691456,4.666047,7.87118,0.5751875824536681,4.475402828618023,9.211772017874925,0,389.065695569931,144.262,0.1763691513302962,0.9222640658812868,6.0,199.87491627712365,1095.4869529311811,1182.0654207239154,0.2465986895018632,169.88547368421055
CCCCCCCCCCCCCCCCCCCCCC[N+](C)(C)CCCCCC[N+](C)(C)CCCCCC,-1.618167,7.620251,-2.4535007,3.6187255,-2.834227,2.6536899,12.387753,-2.1743386,-8.560259,13.608481,6.692671,-6.9624457,5.9259806,-10.904792,1.1777959,-1.72041,-1.5156369,-1.3091546,5.9288445,5.815654,-3.6541002,-16.580353,-10.346503,7.415682,0.24377531,-0.922781,3.1119025,-4.4627995,-3.2183557,4.549272,4.531724,-11.738605,-5.9007683,23.188097,-14.083282,2.332579,2.9762373,15.016753,5.6055565,3.2413604,1.7571018,-11.622234,-12.243537,-0.79364693,12.398607,6.22648,12.387478,-2.3516133,21.679668,8.383514,-9.129992,-14.023452,12.17036,11.339082,10.795136,2.2632363,-12.882148,-1.6587608,2.34721,-10.110179,5.0384197,3.6851983,6.2575846,13.5619135,9.819185199345043,3.6871121489074774,6.7119455,-16.336409,0.8368380113353495,9.718380592947533,30.737763704531343,2,1195.4848073615935,567.0880000000004,0.057932766739158,0.9688550518969722,33.0,2886.3766858803256,48249.41057740277,49801.65329491768,0.0563629142099982,681.4280000000001
CCCCCCCCCCCCCCCCCCCCCC[N+](C)(C)CCCCCC[N+](C)(C)CCCCCC[N+](C)(C)CCCCCC[N+](C)(C)CCCCCC,0.82048327,7.8222556,-7.3313723,2.9084609,-9.125681,0.26696035,23.526281,0.1580759,-11.823037,23.79308,7.5176153,-7.3021493,9.441365,-17.841375,-1.6828973,-7.270928,2.4839497,0.14748925,7.7030897,9.868108,-2.0182765,-35.998993,-16.487406,6.9830923,1.5661407,-1.3767662,10.819506,-3.0954707,-11.023634,5.1914434,5.3745165,-14.828323,-7.6840205,44.381664,-25.457119,7.3023663,2.0415905,23.867205,16.285084,5.4233394,6.7014813,-24.453209,-15.683685,-0.2685765,8.294166,10.456443,19.852274,-9.143321,35.069683,11.629594,-4.058379,-25.656595,17.850992,15.002598,19.001137,6.691434,-20.932016,2.0862718,1.3464514,-24.515455,18.136112,1.1964867,12.338444,3.1886654,17.491978301374395,2.480953903848896,5.2824187,-16.923197,0.8621674284446093,10.18403741004434,41.97006644135755,4,1630.8043434484166,823.5659999999992,0.0483977535926942,0.977444496996839,47.0,6244.209163938477,126108.49538087276,129018.57421913603,0.0488338335099366,982.1360000000002
CCCCCCCCCCCCCCCCCCCCCC[N+](C)(C)CCCCCC[N+](C)(C)Cc1ccc([N+](C)(C)CCCCCC[N+](C)(C)Cc2ccc([N+](C)(C)CCCCCC[N+](C)(C)CCCCCCCCCCCCCCCCCCCCCC)cc2)cc1,10.228574,25.225477,-9.701141,33.26054,-25.232,15.774252,54.063385,8.163826,-24.630322,81.8791,48.951714,-7.442179,16.131273,-10.742766,27.062105,-13.039327,-16.367865,-5.8621106,16.020897,21.022867,-4.311394,-81.18273,-47.62004,-21.637444,-2.8954933,3.0490477,5.192261,-24.8595,10.88375,-4.777573,5.784344,-42.040215,6.303737,103.209854,-60.779392,1.6378005,19.368822,42.94719,26.31389,-11.597062,-6.0524945,-47.398296,-23.473372,3.604789,27.882727,30.868198,64.75886,-1.6076634,93.33315,19.216618,-11.863001,-52.769764,57.685028,5.6260896,25.395641,22.1558,-52.05518,18.032701,-6.3278184,-36.8675,4.36079,19.730782,26.712637,32.62222,44.40544644926998,7.3990402696329145,5.1430855,-17.874077,0.2038220884588233,17.854993292237328,24.873925461886067,6,1919.828264924216,1316.4019999999994,0.4587611374026417,0.7867909981146489,69.0,34641.5027867655,62155.98460420775,77999.81657830229,0.3533525511855876,1528.1325714285715
CCCCCCCCCCCCCCCCCC[N+](C)(C)C,1.1850474,11.234916,2.7292118,9.696062,-10.156745,9.929665,-12.707291,6.824814,-2.4413042,-9.556915,7.2756977,4.0244975,6.2482386,-6.880967,11.633553,7.271913,4.6432867,2.1426127,1.5899758,4.061219,6.186753,0.14953493,-2.986313,1.6369996,-2.3421803,1.4999628,11.34458,7.2142673,-7.9502416,2.3372478,-0.9587328,-1.2497137,8.909105,1.1009156,-1.2906313,-1.281992,1.8618637,4.1216946,-8.644717,-4.2779074,16.076122,-2.8714972,-0.8041818,-3.6320646,0.40178254,5.323238,-4.806219,4.030464,-7.334084,12.2362385,-0.6001471,2.8743637,13.788927,-0.39722812,-8.813014,9.693643,0.96316946,0.9905436,-4.149057,-9.419906,1.6880033,-0.13415323,6.2864785,12.451785,2.549912360199707,0.6148743577037982,-0.9597774,16.742964,0.8212146970090467,6.328926546164951,21.03706768701673,1,750.9146229808086,312.606,0.0648313626313853,0.9710125109501332,17.0,797.7458690183628,12538.79898377341,12890.727807449886,0.0831439613613154,379.8860000000001
CCCCCCCCCCCCCCCCCC[N+](C)(C)CCCCCCN(C)C,-0.2659222,7.334299,-5.1602917,13.719665,-4.1737256,1.8737242,-9.351048,1.6671481,-8.009275,-6.7616944,12.560676,-1.9745997,3.0540895,-9.804075,11.646395,2.3837905,-1.3301415,2.400749,5.7346373,0.7093986,8.566206,-11.517754,-5.3888564,5.030386,-4.202786,7.231162,5.835765,1.7189378,-9.403265,5.8083677,4.750148,-6.862526,-0.047087073,12.6674795,-10.534665,0.26792222,3.9186444,10.615817,-6.703879,-0.1848622,9.991162,-4.259133,-5.505184,-3.2996867,3.5438638,3.7441308,-2.0235927,-0.9951944,8.215287,6.027468,-8.94413,-5.350417,12.980729,3.8788772,-2.7742002,6.4183583,0.5717076,0.30302718,-2.9606864,-11.889056,5.1481814,-0.17200108,6.865228,15.220834,6.236246327179919,1.5756814656491132,8.550679,-15.873295,0.7751741120065976,8.084370885428317,24.36261609335961,1,929.0973022773557,425.8100000000002,0.0846645907782844,0.9568680357727564,24.0,1790.2625846902088,22243.98565311451,23127.307826187607,0.0872297779359579,509.6652972972975
CCCCCCCCCCCCCCCCCC[N+](C)(C)CCCCCC[N+](C)(C)CCCCCC,-2.6441934,7.2490926,-4.477477,7.7413673,-3.1970134,1.7947023,6.532077,-2.2604146,-5.947607,10.741195,5.5674458,-5.5903597,5.9770536,-11.562279,7.773535,2.9117274,-5.9628115,1.3452212,6.9116917,4.30111,-1.0831966,-15.367426,-7.4011064,6.983761,-2.7353349,0.78097844,8.083065,-0.94669414,-4.27475,5.2175913,2.5944476,-10.123476,-4.312094,20.015356,-16.162632,0.77975506,5.3403797,13.497115,3.4167671,-2.467009,4.041845,-7.162872,-9.371805,-1.5194224,12.148532,4.756785,8.391419,-1.6177666,18.02782,5.4633827,-8.4983835,-12.515227,14.718648,9.852035,8.94447,5.4578247,-9.885533,0.8601494,1.9408933,-11.003122,7.00816,3.8357184,6.2962513,11.404923,9.595812454001049,2.0457292106180036,7.2819686,-16.316305,0.7812836567635305,9.218211647680093,28.07167138112615,2,1090.3788780717107,510.9800000000005,0.0817782681932965,0.9660955408927392,29.0,2715.3596539340388,35656.92268875065,36865.18656763621,0.0879759908112699,614.1413333333336
CCCCCCCCCCCCCCCCCC[N+](C)(C)CCCCCC[N+](C)(C)CCCCCCCCCCCCCCCCCC,0.5548097,6.807571,-6.5618563,4.864936,-7.178513,0.9639933,18.973724,-1.2212234,-9.252334,18.435253,8.165345,-7.0461245,7.9012,-14.428994,-0.80768716,-4.6300445,-1.5065818,1.6974672,5.3711987,7.769917,-2.532113,-26.520702,-13.294965,6.878193,2.7615478,0.10048878,7.869078,-2.8805058,-7.360873,5.888419,4.7549086,-13.620371,-6.562887,32.692417,-22.519918,6.7500505,3.763009,19.193237,10.361556,2.0827012,4.79309,-15.507949,-14.137164,-1.1926053,11.3249,6.874462,15.04444,-5.641012,29.553062,9.432961,-6.1309066,-19.669298,15.724219,12.172019,14.349217,3.6672807,-17.35785,2.2557197,0.054236382,-17.473047,9.90511,4.1201243,8.4894085,7.3516765,13.839937587566194,3.0900560063704106,5.9400673,-16.507082,0.8042192378760257,9.76596243104925,38.58080685492663,2,1441.0148128547592,679.3039999999997,0.0704822963596909,0.971740523046276,41.0,4898.473168120563,67535.3262360491,69499.34126893766,0.0739294488215288,814.3200000000002
CCCCCCCCCCCCCCCCCC[N+](C)(C)CCC[Si](OCC)(OCC)OCC,1.6277262,7.6825347,-8.651065,15.556293,-2.4663076,0.7782614,0.912969,0.7230121,-7.68115,-0.5456889,15.171897,-3.5545008,1.8577566,-10.1312475,8.249441,-0.1256963,-3.4807487,7.0423903,6.983697,1.643805,6.334732,-16.321321,-8.268176,6.9886503,-3.6705277,8.160959,6.718694,-0.8084389,-9.28111,10.279043,4.872562,-10.19732,-1.8743958,16.076044,-16.061981,3.7558053,6.3794622,14.369874,-6.295437,-2.3932104,4.7618785,-3.5266154,-8.5171995,-4.487893,8.626495,4.098077,0.47475746,-2.9596837,17.725807,2.8733716,-9.6977005,-9.194678,13.442543,6.535499,1.3548114,2.0747786,-0.5056664,2.9157526,-0.020498902,-14.298702,3.608613,1.6327918,8.9671135,15.420888,9.017264192375595,1.825205457787599,8.242708,-15.8283,0.758336150273341,8.723128527074666,24.770416631125943,1,1028.7543372896798,502.92100000000033,0.0899954796645587,0.9689915380464074,27.0,2446.96426851822,27321.76004240783,28134.548567597623,0.1178046325941485,569.1099130434784
CCCCCCCCCCCCCCCCCC[N+](C)(C)CC[N+](C)(C)CCCCCCCC,-2.0265594,4.794691,-5.3975625,9.169783,-3.8036642,1.1561002,0.62424767,-2.454155,-3.7995944,8.418401,4.5183516,-4.570741,5.535823,-11.255218,12.243141,5.530421,-6.758188,3.416961,8.410374,2.1187205,1.5690159,-14.250786,-4.853876,6.940897,-4.775116,2.7730653,10.711686,0.3076965,-5.718147,4.9208784,1.1747926,-6.714187,-3.9022799,17.465183,-16.130913,-0.847223,5.757783,11.03363,1.8332697,-5.373082,5.4735007,-5.837949,-5.4734735,-1.7562435,10.136419,4.354442,4.4252114,-2.5870898,14.193843,2.2669222,-7.190776,-10.878837,15.475786,8.078495,6.9928184,8.4880085,-6.334512,2.6778114,2.6099985,-10.612843,9.775166,2.2661476,6.1945076,8.60405,8.690562504253617,0.09545083588844717,7.640874,-16.349052,0.771082203501762,9.071835564705058,27.978132065618684,2,1047.3075563782295,482.9260000000005,0.0858694606495073,0.9493981313977956,27.0,2493.8265796717965,30265.4498389096,31697.25375402954,0.0732260854049609,581.4073333333334
CCCCCCCCCCCCCCCCC[N+]12CC[N+](CCCCCC[N+]34CC[N+](CCCCCCCCCCCCCCCC)(CC3)CC4)(CC1)CC2,1.2068222,5.455375,-6.452001,0.85628533,-8.066623,-0.2618159,19.66043,0.86275876,-9.379447,20.427288,5.0115466,-5.2088165,7.4868584,-13.365126,-2.2608225,-6.625381,6.030564,-0.78208303,6.6377673,7.6539254,-0.045077927,-31.389124,-14.213853,4.6499186,0.19775778,-1.6765122,10.006215,-1.6562628,-10.405194,3.6186662,4.3523836,-10.752727,-7.064818,38.48746,-19.234219,5.8077397,0.13392006,19.463652,15.059887,5.387415,5.813065,-23.567614,-12.369071,0.9155159,3.188826,9.859289,16.281862,-8.985225,28.24287,8.151876,-1.8559269,-21.807844,12.519214,12.484698,16.273071,5.6269336,-15.886416,2.2520485,1.7683247,-21.861622,18.615139,-2.007629,11.539297,-2.0274906,14.173089434090944,1.164001650948353,5.1914573,-16.516514,0.871903073587851,10.189682920734048,39.272359218836456,4,1485.6813996269125,773.4209999999993,0.0449748459150865,0.9810625020221057,38.0,4833.870684992568,106357.55167411384,108404.7589292613,0.0484693260031951,891.3280000000003
CCCCCCCCCCCCCCCCN,1.1159213,7.3411846,0.84864014,11.525205,0.96749604,5.2044177,-9.489898,2.7716978,-9.125632,-9.589644,8.000796,5.2611322,3.6550212,-0.83488625,5.749957,6.044006,5.5229344,-1.8490149,-5.07509,10.192399,5.3914075,-1.386677,-0.43485194,-6.2108088,-1.2790596,0.71821,-1.7599219,13.109032,-3.9288635,1.891128,0.23753673,-9.63133,6.410186,5.035019,2.4921632,-0.5923429,-2.0542746,1.2669911,-8.433636,0.2622096,13.41506,0.36632854,1.6995265,-1.3112788,-4.43883,4.328655,-1.1424525,4.006998,-4.6615868,9.152673,-4.9502954,2.5442202,0.9807256,1.5461048,-9.857196,2.838639,0.88009584,-0.7412951,-11.68652,-12.1930275,3.0975406,2.3451746,-3.1839268,4.0403466,0.22771395949575715,3.374897767130157,13.680863,-6.1786923,0.7546571649455982,6.194505997121331,17.553843950634395,0,624.9138847088782,241.4629999999999,0.0933024566581699,0.938212636917464,14.0,607.804496276084,6496.473004419724,6896.420133276891,0.0876308090638682,292.1668000000001
CCCCCCCCCCCCCCCC[N+](C)(C)C,-0.53982556,6.4835734,-1.1438184,8.659196,-7.475261,2.981088,-11.396519,3.570886,-3.0820286,-8.799496,5.8653984,1.5018157,4.495841,-5.67483,12.865852,6.0835814,-3.381969,1.6151034,2.3237815,2.0236049,6.5223155,-0.39807642,-1.125458,-0.27255404,-3.63623,3.1764653,8.186701,4.1558275,-4.1363263,0.6719135,0.96643,-1.4860699,4.5721784,2.352996,-4.490399,-2.2734072,0.84489465,3.494171,-5.8859954,-3.2827258,12.595708,2.532761,-0.6969511,-2.8775618,1.2591553,-0.14852501,-4.272154,4.2906895,-3.466282,8.03666,-3.378483,1.3350201,11.903535,-1.2117499,-5.802977,7.6640577,-1.1285264,2.3859127,-5.5372915,-5.975688,-0.035447836,1.938499,3.8055215,8.782122,1.910088224171553,1.1328032884567816,-0.75611985,16.286417,0.7335653385651816,6.74980392687479,18.268069418537795,1,692.6479324499628,284.5519999999999,0.1025189401704532,0.9417589291020888,15.0,894.7061871285847,8796.944415213587,9292.823111349357,0.1032485414731619,346.2252000000001
CCCCCCCCCCCCCCCC[N+](C)(C)CCCCCC[N+](C)(C)C12CC3CC(CC(C3)C1)C2,3.815994,0.851997,-10.758464,9.094644,-4.836473,-0.21739396,9.070997,-1.9637853,-2.147093,10.847812,11.695959,-7.8031483,5.157897,-7.591967,6.872859,3.2645078,0.19812682,3.894027,4.4799204,2.4031184,2.0007405,-13.625146,-7.3827777,3.9579298,-2.3351252,3.7901752,10.743563,1.1243978,-6.1083937,7.1898713,0.33250475,-8.556085,-7.7765846,20.684437,-15.428825,4.2906446,3.4679494,11.610971,3.135817,-8.213379,3.8220134,-7.2460256,-8.892975,-0.146474,9.38972,2.625862,2.1954403,-2.2887764,19.344412,-0.15882125,-7.9153767,-10.749452,9.698838,8.61296,6.985482,1.4737349,-5.2705464,6.631563,1.3535595,-14.8091755,4.1732225,0.18354456,8.396471,4.005515,9.03732457041432,0.7426009493116116,7.538791,-15.658607,0.7809847742062076,9.37613206787594,25.712896802922977,2,1042.8012002378025,532.9860000000003,0.0797105000797394,0.959033739265401,23.0,2874.763124319782,34403.59636555776,35883.37774396493,0.081036250582901,614.2780000000001
CCCCCCCCCCCCCCCC[N+](C)(C)CCCCCC[N+](C)(C)CCCCCC,-1.5711417,5.230615,-4.33263,8.8999,-2.5177765,1.6877272,0.7265597,-1.7680194,-5.4671855,6.7419286,6.035094,-4.8198557,4.6761312,-10.666919,9.953858,3.5604,-4.37111,1.9168116,8.62342,1.8856164,1.810773,-14.131598,-5.8196783,7.5191736,-4.641002,2.9911911,8.078494,-1.3552004,-5.947324,5.319948,2.5192587,-7.150987,-4.287384,17.620325,-13.733732,-0.69917685,4.718456,11.441866,0.6356076,-2.5041747,4.6981845,-7.277559,-6.8308725,-1.7510874,9.48807,4.901972,4.474254,-3.1443667,13.963519,3.4146557,-8.144765,-10.624023,13.454284,8.5326805,6.1185665,6.567453,-5.2247214,0.9966892,3.0201614,-10.0383415,8.364803,1.0635347,6.660675,11.372483,8.225903604855615,0.776592206562224,7.616566,-16.256853,0.8120451275172565,8.734739994664528,28.543487160392058,2,1053.567627430062,482.9260000000005,0.0676150039721028,0.968466491724277,27.0,2213.018562041141,32064.187488949145,33090.9789853462,0.0731962726361653,580.5549090909092
CCCCCCCCCCCCCCCC[N+](C)(C)CCCCCC[N+](C)(C)CCCCCC[N+](C)(C)CCCCCC[N+](C)(C)CCCCCCCCCCCCCCCC,2.090524,5.4005,-8.238712,-0.95378906,-10.190465,-0.78168416,23.779165,1.8546034,-10.850888,25.520014,4.5006614,-5.1192164,8.520368,-14.303455,-3.7161944,-8.60722,12.172721,-2.0568771,8.35393,8.58267,1.926972,-39.7541,-17.946075,4.2258053,-1.1825247,-2.7366135,13.269213,-0.86193156,-14.109332,3.573617,5.143277,-11.143036,-9.252661,48.569244,-20.816492,6.6092963,-1.6801733,23.10259,20.08269,7.631801,7.4542594,-32.67331,-14.205541,2.3897307,-0.88342786,13.397791,19.538649,-12.541774,32.947235,8.020938,-0.40558097,-27.067013,12.300609,15.145238,20.354603,6.9809585,-17.331787,3.2634218,3.0209713,-28.258177,27.015411,-6.091379,15.524671,-8.245977,17.197516712034002,0.15419728944127675,4.7872224,-16.838013,0.8987323655022397,11.965714968776528,46.19235505516305,4,1783.4925350888748,879.673999999999,0.0350323235822112,0.9795539390444828,51.0,5842.136782297286,163783.3091606057,167244.8348941339,0.0298021896318595,1049.7600000000002
CCCCCCCCCCCCCCCC[N+](C)(C)CCCCCC[N+](C)(C)Cc1ccc(C[N+](C)(C)CCCCCC[N+](C)(C)CCCCCCCCCCCCCCCC)cc1,1.9944229,5.841881,-8.3530035,-0.5226256,-10.328878,-0.66911745,24.384344,1.6963657,-11.26455,26.005474,4.9804497,-5.510715,8.85518,-15.109537,-3.5687668,-8.672689,11.344688,-1.8490638,8.50472,8.968623,1.5060316,-40.38078,-18.265963,4.671076,-0.8902597,-2.6517541,13.330625,-1.1512449,-14.122399,3.8671474,5.311485,-11.8897295,-9.307569,49.387394,-21.92947,6.865021,-1.2757547,23.820894,20.172255,7.5767555,7.574233,-32.587482,-14.77104,2.1291318,0.17736033,13.411459,20.112627,-12.473348,34.086586,8.670853,-0.8547798,-27.637651,13.297502,15.5400095,20.749353,7.141553,-18.229734,3.2048,2.90812,-28.575468,26.695375,-5.3836064,15.563588,-7.1055717,17.731140361570073,0.4267156768997558,4.809569,-16.88606,0.8930412755412265,10.630290046373316,45.77164438720175,4,1751.122940875628,899.6639999999989,0.0371087942703695,0.9817997430455172,48.0,5964.995384469462,156870.0150637637,159772.78052823897,0.0361376862962829,1054.5480000000002
CCCCCCCCCCCCCCCC[N+](C)(C)CCCCC[N+](C)(C)C12CC3CC(CC(C3)C1)C2,5.063404,2.798571,-8.666458,12.132882,-5.814408,0.31001815,3.133881,0.9000627,-4.972781,-0.6802156,17.736118,-5.1853786,1.1575878,-6.880059,4.1442356,-1.599464,6.4339128,4.7320023,3.359733,0.9222064,6.9857163,-13.668174,-8.272744,3.6692202,0.5309791,7.5238457,8.734247,1.0887345,-13.712647,10.09902,5.335633,-6.2790666,-5.254919,17.495827,-12.319417,6.7791743,6.0306754,10.051407,-3.556938,-2.1612048,2.0531826,-9.324995,-9.779279,-0.39487106,1.7063375,6.7478566,-2.3645587,-2.3849504,17.24184,0.7066215,-5.2999287,-8.285642,10.248379,3.4052145,-0.811919,-2.0828588,3.4070933,3.1983256,1.0548395,-18.275139,3.5479941,-3.2880075,11.375768,8.411658,7.58688144449982,0.28613432092974017,8.120827,-15.188583,0.8525630686074467,7.868683069560594,26.386418546065435,2,1017.2603573089208,518.9590000000004,0.0519602005094736,0.9749939767515252,22.0,1776.9490837669225,33343.10946992999,34198.27226114998,0.0644240852717166,597.2160000000001
CCCCCCCCCCCCCCCC[N+](C)(C)CCCC[N+](C)(C)C12CC3CC(CC(C3)C1)C2,5.831036,-0.44974574,-11.193165,11.728574,-4.8497777,-1.4936182,0.98034227,-0.059521466,-2.186796,2.3997972,14.971375,-7.012222,2.6740255,-7.5586157,10.009599,2.6803474,3.5012226,4.993556,6.3852,-0.5927791,7.2852077,-12.245194,-5.389126,4.17634,-3.6170392,7.4120407,11.276717,1.7797043,-11.731313,8.563847,1.5157412,-5.4938073,-7.208032,18.123539,-13.825901,3.3400767,4.15817,9.096117,-1.2743756,-7.9284744,5.269714,-7.0976334,-6.6140165,-0.47251046,4.72552,3.6950798,-4.4412956,-3.6173215,15.264674,-1.8026878,-6.4058895,-7.5933723,10.552068,4.914993,1.3982165,2.279989,2.9847553,5.853233,1.9554332,-16.349722,4.4806476,-3.9130359,11.486996,5.379048,7.630363643991503,-0.9223013092533954,8.058323,-15.364477,0.8043297918541595,8.648287848844477,26.01209947747348,2,999.1790017984266,504.93200000000047,0.0704439656454788,0.9676027445011316,21.0,2195.543267509426,30198.34955032469,31209.983210092807,0.0820309027955878,580.3653333333335
CCCCCCCCCCCCCCCC[N+]1(C)CCC(CCCC2CC[N+](C)(CCCCCCCCCCCCCCCC)CC2)CC1,1.4051518,3.6073864,-5.551986,-0.5378312,-6.986006,-0.6147171,16.14506,1.2977413,-7.291088,17.188686,3.1083596,-3.5792549,5.8334227,-9.747128,-2.5417442,-5.8855243,8.083941,-1.3598504,5.60039,5.809405,1.2680292,-26.789305,-11.991713,2.8719485,-0.71136266,-1.7861618,8.983616,-0.62244636,-9.483164,2.3917036,3.458125,-7.513365,-6.321271,32.678593,-14.17165,4.5420194,-1.146501,15.583654,13.506718,5.094193,4.9231496,-21.798307,-9.555147,1.6691492,-0.33029327,8.973497,13.099773,-8.441308,22.338398,5.4425206,-0.3015813,-18.17118,8.36754,10.197679,13.653558,4.6329713,-11.762441,2.262487,1.9509214,-19.026854,17.998346,-4.035766,10.442464,-5.3799534,11.215511996897515,0.2514222250808029,5.1322737,-16.22898,0.9015352341760416,8.566493736689143,38.5241917348735,2,1407.2908462905896,689.2989999999998,0.0341615206019882,0.9944416716367932,34.0,3078.2421993978755,89607.61302569117,90108.4654650506,0.0540887529944704,808.8320000000002
CCCCCCCCCCCCCCCC[N+]1(C)CCCCC1,3.6731052,6.83506,-2.1788244,13.202326,-6.393793,5.199745,-14.383923,5.53036,-1.9728694,-7.7798753,9.459534,3.025436,5.15195,-6.2030797,12.792796,7.0762753,2.4980783,3.2265646,1.61484,1.2899003,8.978283,-2.2176268,-1.5477743,0.7927991,-4.957767,5.6068783,10.574462,6.7957063,-8.6534,4.1755414,0.40858394,-2.311491,4.705126,2.1537068,-4.115468,0.46313375,4.038861,1.3375012,-11.079772,-6.433851,13.83585,-0.20486718,0.13687882,-3.0181968,0.22358277,3.002122,-6.6890454,2.5319903,-4.204564,7.760618,-2.1116745,2.338721,12.019621,-2.8846173,-8.672895,7.006612,5.349284,4.376365,-3.4936442,-11.685416,2.4988987,-1.0360591,7.120553,8.807179,2.6462916030741095,-0.42665738643649975,-1.0750419,16.72744,0.7694100576794471,6.78564216374462,19.32312826212942,1,733.1481734877536,324.61700000000013,0.0861033275812266,0.9597413623241164,15.0,950.4620209675604,11139.496461391238,11577.124421123328,0.1048550399448626,385.22276923076936
CCCCCCCCCCCCCCCC[N+]12CC[N+](C)(CC1)CC2,4.259708,5.930943,2.5516987,15.525264,-8.779292,3.7925131,-7.1385183,1.8797244,2.869916,1.1986314,5.68629,0.6893529,3.3964703,-4.3490796,13.172558,12.593227,1.5178738,1.794928,1.9796367,-3.8867254,10.892936,1.94788,0.6850428,4.612337,-4.788433,0.50721455,13.11628,9.230885,-6.1962523,3.4627213,-10.446693,-1.6104317,1.7855833,3.6520126,-3.5789456,-0.7054799,6.318645,4.863146,-4.626077,-17.44561,7.5406632,-5.0112004,-2.727221,-0.94795597,2.137249,1.6123511,-3.9482312,-0.3506716,-0.9646884,1.413624,0.90124726,0.27935994,10.802177,0.8624419,-0.29673883,7.903352,2.2946913,2.7776597,2.6928551,-9.471173,0.948077,-0.3387596,7.1024885,7.141636,3.1731744614202153,-2.7834914205946957,-8.151047,14.999124,0.7999659311910503,6.705609557735626,21.019480119264934,2,767.3352781601438,352.6510000000002,0.0733603243213013,0.9672979969384234,15.0,1027.7859487684552,14161.949661902056,14613.405106399276,0.0920964253448628,409.0576000000001
CCCCCCCCCCCCCCCC[Si](OC)(OC)OC,6.7039022,9.943355,-3.6263833,17.671608,-4.887669,-2.1269906,-14.328297,4.859567,-11.491962,-15.336832,21.982054,3.4446876,1.5729815,-4.6075797,14.794571,-1.7379454,4.5335903,6.177373,3.1508245,2.3945818,16.282982,-6.761836,-1.4346106,-5.6410666,-6.1410317,11.540825,-2.0466573,6.739095,-6.259311,7.062294,1.5986105,-7.7600093,5.7678404,6.101495,-4.7310963,2.4273703,-1.8918457,8.066819,-15.644793,-2.4049373,15.433659,-0.702527,2.7848594,-1.1522868,-3.4084191,4.481665,-8.847125,2.4075584,5.486007,9.827119,-7.104013,2.2013965,8.286143,-0.12594451,-13.889639,5.8635874,5.926477,-0.81618726,-10.078596,-14.095055,-2.9611259,-0.94339174,7.021921,15.697249,3.1667145483921715,3.2585341749069694,16.946331,-4.2615347,0.7317420176183155,7.432787710476507,19.356619860864694,0,755.1615820200421,346.62800000000004,0.101443914530104,0.9535414986197192,18.0,1190.8408878772616,11743.833355995255,12283.25140721927,0.1212325538909748,385.6058666666668
CCCCCCCCCCCCCCCC[n+]1ccn(C)c1C,3.0055516,7.3523984,-0.131599,11.92091,-6.816571,7.6995153,-13.921605,6.5311055,-1.2258506,-8.20435,7.35091,3.3771467,5.494941,-6.8257904,11.801704,7.3617673,3.8629844,2.3601668,2.003685,1.9689695,7.2269177,-1.2192093,-0.8257224,2.061277,-4.1879535,3.4345274,11.568187,7.2282567,-8.6693535,3.247243,-1.0537528,-0.94766873,6.4157195,0.6963805,-2.970735,-1.073301,3.3688283,0.6927434,-9.873626,-6.18147,15.464698,-0.90044326,1.2195442,-2.933407,0.861567,3.8756046,-6.732026,2.0953176,-7.401,9.194108,-0.7402078,3.0876637,12.256942,-2.0153813,-9.13232,8.452215,4.900775,3.5962672,-3.1725867,-10.222782,2.960175,-1.4396169,6.8176217,8.79446,2.087932163692477,-0.6292432589226068,-1.0461324,16.737858,0.7838015835039914,6.634467670979293,20.04047643902128,1,736.252454766438,321.573,0.0821565633897609,0.9623755447984208,15.0,920.5866268042242,11939.22071075622,12339.179064837052,0.1022655764328155,369.2264000000001
CCCCCCCCCCCCCCN,0.35559678,5.4297137,0.5459936,8.721078,3.0633135,3.1308813,-5.353298,0.49363026,-10.193627,-6.3993464,7.682814,4.4320426,3.3371043,0.099686794,3.8724847,4.5709453,5.2657833,-2.4687831,-5.8159065,11.460728,2.5535994,-1.7404494,-0.044321716,-8.122444,-0.36281604,-0.03150451,-5.866768,12.081106,-0.7788323,0.5789462,1.0937477,-10.7209425,4.5563374,7.343757,2.1772673,-0.7814875,-2.5899265,1.4161032,-5.763212,1.489969,9.324459,0.26559597,0.8542503,-0.3453682,-4.314439,3.8630466,1.4030638,4.249136,-1.5303371,7.574388,-5.6364346,1.1603873,-2.5961435,1.2960176,-7.3284545,1.3487637,-1.7347127,-0.7753222,-12.565812,-10.4878,1.8213968,2.6740785,-5.475523,1.3765028,-0.01670350730043608,4.09662640242118,13.449364,-5.7375946,0.7338125296970852,5.823847173032052,15.32171415428819,0,557.7727457911806,213.409,0.10299478367247,0.9362882466806882,12.0,448.65018817350233,4383.729811439484,4656.862805928353,0.1114426231954667,258.7697777777778
CCCCCCCCCCCCCC[N+](C)(C)C,0.40410018,5.6739516,0.3298503,7.011205,-6.769487,3.8377512,-6.315754,2.5824714,-1.064179,-5.048839,4.671927,2.1602347,4.6733227,-3.2846901,10.070272,6.5883093,-0.37297603,0.9139035,-0.7131293,4.0533686,3.898532,2.284591,0.51159984,-2.5659175,-1.5499592,0.43764442,5.7537837,7.846313,-2.423374,-0.7160365,-3.159349,-2.1208675,4.4994497,3.3658478,-2.948492,-1.9822166,0.16233836,3.329233,-2.4384263,-6.996057,10.138953,0.55649906,-0.9666085,-1.641827,0.78895235,0.8916782,-3.626087,4.3121357,-3.4309084,6.0195856,-0.44457898,1.6083717,7.178863,-0.21579637,-3.8753812,7.1051726,-2.1394863,2.5949028,-6.850327,-5.6218753,-1.2210847,0.9337588,1.4535286,4.7961707,1.1348862958012396,0.8768438324158958,-0.6328762,15.628229,0.7631545088725453,6.03736274752516,17.145611412350778,1,631.6175173862115,256.49799999999993,0.0879369362983243,0.9521452018849704,13.0,595.1906494958616,6613.607608393032,6938.280442326825,0.1039379788616545,312.65688888888894
CCCCCCCCCCCCN,1.1484938,6.1995025,2.8204381,5.6376987,2.8477142,7.1433735,-2.9548886,1.5149957,-6.5112376,-0.69529027,3.9926362,5.026904,5.5625815,1.7878497,1.4589632,6.314759,9.673881,-3.7381537,-6.9460726,12.95791,-0.9404584,1.5573993,-1.2704272,-7.783367,0.40880948,-4.195346,-3.296008,13.831158,-0.351993,0.6170043,-1.4851239,-9.901017,6.182719,5.6374407,5.9486628,0.37666124,-2.917953,-0.398113,-4.1046567,-1.480886,9.358666,-1.340523,1.3825934,-1.028117,-3.4003696,5.785519,3.2606847,4.3730054,-5.101643,8.5341835,-3.0734828,2.7628634,-3.8913188,2.0117378,-5.770713,1.7418802,-2.5442476,-0.80347633,-9.7161045,-9.832114,1.6864686,2.1335545,-4.104067,-0.38904023,-0.4224441815719868,3.488100823765351,12.682037,-5.858295,0.8267828863756448,4.702717537749466,14.82398440202807,0,511.465727897942,185.355,0.0628522696288648,0.9610825789552446,10.0,225.4318027687976,3588.4564396387186,3726.883312190056,0.0894825581503151,225.10360000000009
CCCCCCCCCCCC[N+](C)(C)C,1.114481,4.568749,2.1695728,5.9748306,-5.989961,3.755607,-3.7203112,1.5903392,-1.2466757,-2.787898,3.8520627,2.154773,4.240144,-1.4413602,7.3173656,6.076657,1.7870016,-0.41423112,-1.8124367,4.0791297,3.26669,3.20762,1.023077,-3.1991706,-0.503974,-0.9827628,3.519698,8.120306,-0.97424996,-1.5284017,-4.5723352,-2.1463828,3.5202796,3.851936,-1.0022206,-2.0605862,-0.47289908,2.9503777,-0.7543632,-7.320526,7.5057034,-1.1061008,-1.3850518,-0.8608794,-0.3624489,1.3386377,-2.3365297,3.4578989,-3.263824,4.9766984,0.5590947,1.5379138,3.7828743,-0.12476553,-2.6522715,5.60838,-2.8718784,1.8264898,-6.6575904,-4.523642,-2.1830187,0.47778577,0.17247686,2.9981325,0.39797052042549075,0.8298069575321531,-0.587711,15.361914,0.7746460824336708,5.502889626446207,15.801958070755992,1,580.8297769320345,228.444,0.0848344510328751,0.9580598373354006,11.0,426.88933233206825,5188.506537250376,5392.357810653705,0.1132155621450621,279.0624
CCCCCCCCCC[N+](C)(C)C,3.5110872,6.4860277,5.5679684,4.667348,-6.264319,4.8101616,-0.7837888,1.4973619,-0.9405623,0.11607213,3.2064762,1.9060453,3.7638333,3.083807,3.7513392,2.6061702,6.573144,-3.445617,-0.29858288,4.501843,3.4212358,5.959544,0.672292,-4.109601,-0.8771513,-4.409418,-0.29281554,7.0541654,-0.3016931,-1.783213,-5.2130966,-1.676167,3.450552,4.824733,3.3079612,-1.564193,-1.6388121,2.872881,0.84268266,-7.033965,4.8844543,-3.5864718,-1.7652864,-1.0995181,-1.1816305,3.8804898,-0.27669427,2.116625,-3.1696153,5.5603814,0.98348963,1.4593139,1.0975881,0.19462173,-2.998585,3.3237517,-2.3470187,-0.39844915,-5.1763268,-2.1920314,-6.2158656,-0.7022236,2.5729454,5.041201,-0.291087109094795,1.1257423617658877,10.838656,-2.8510754,0.7907794268816675,4.697728636315695,14.508691129104031,1,523.02362445824,200.39,0.0763218311348805,0.9702158994295648,9.0,281.8229499127761,3671.2179476294127,3780.487457572302,0.1263987624294309,245.5360000000001
CCCCCCCCC[N+](C)(C)C,2.4936717,1.5101087,4.9381695,4.22835,-5.6717744,2.2241056,-1.8860117,-0.3307071,-0.8028249,-0.9311858,3.264185,-0.73034734,2.7055607,4.990043,4.2349286,-1.4069356,6.5516376,-6.05365,1.4379773,3.7618284,4.0633354,7.5803714,0.87915564,-4.3005724,1.4909737,-4.5506,-3.5328462,4.146566,0.56933737,-1.4062835,-1.8934621,0.36335996,1.6491518,4.8337536,4.0473437,-2.2390087,-2.955769,1.2044684,1.469709,-5.0392594,1.7190278,-1.9266174,-1.489651,-0.7005997,-1.0175955,3.4657848,-0.80627036,1.014411,-2.761355,2.7235055,0.4349543,3.1083794,-0.46029168,-1.0920157,-2.5739958,2.9260702,-1.7660018,-2.0165865,-4.363785,1.8136934,-8.374919,-0.8835745,3.7354186,4.2786064,-1.57433104697847,1.2700697975659674,3.964775,-2.8994503,0.7241096986241902,4.848096274267801,12.69923052396759,1,491.1993211960463,186.363,0.1045266665549002,0.9579680873159226,8.0,284.50586632105126,2698.723438186651,2810.512595118476,0.1628788747412879,228.75240000000008
CCCCCCCCC[N+]1(C)CCC(CCCC2CC[N+](C)(CCCCCCCCC)CC2)CC1,11.246377,2.1906736,-6.691081,14.177098,-6.3921866,4.8048015,-3.2630398,5.2120066,0.43016428,0.18391521,16.035185,-0.9441933,2.4828503,-6.738126,6.212785,3.5402474,13.9684105,6.119901,4.1442075,-1.4880002,9.201792,-12.869625,-5.650246,4.808547,-1.9340799,8.249591,13.360828,5.2899046,-21.167902,8.847148,0.8486505,-1.9272411,-1.2274954,15.782998,-9.179203,7.8649206,8.632069,2.9766212,-7.1573706,-8.6977215,7.2799478,-14.8387375,-4.658783,0.22020161,-2.1946044,10.539147,-7.8019223,-6.6117845,8.613077,-0.4846162,2.4275692,-6.9271865,11.346622,1.2175537,-5.661467,2.4550948,13.540626,7.7433386,3.7627113,-21.739044,10.444905,-9.376442,14.09756,3.1535487,6.8789822361653075,-4.244511827549333,-5.161119,17.835106,0.8340636299466794,7.609211304834883,27.69135612883027,2,1003.3108496227312,492.9210000000006,0.0599907496071135,0.9779876367256004,20.0,1753.5337361340771,29817.569678130632,30439.493043853283,0.0777254456867208,574.6836923076924
CCCCCCCCN,0.5140507,6.339687,4.359708,1.6487548,-3.432171,4.8062425,-1.888115,1.6029391,-1.2130647,1.412918,-0.52224195,0.80441564,5.198745,6.049764,2.0214381,-3.4990606,8.568877,-3.6389806,0.7895001,6.8617883,-0.03736437,4.101544,-1.1757936,-4.9577017,-1.3076324,-7.8567247,-3.456848,7.484494,-0.11610046,0.6217381,-1.6577519,-0.5394413,4.5729446,2.8161447,5.6551642,0.7726725,-4.595405,0.032816634,-2.0239923,-0.8007732,7.2016797,0.91857105,3.9929368,-2.660992,-0.9031193,5.5430484,2.4987688,-0.39148587,-4.9253473,6.1479845,-0.5947467,0.80100435,-0.30571723,2.9058576,-1.7171185,3.4455028,-0.7576562,-3.0123248,-3.5763068,-0.21681055,-5.90787,-0.39940804,5.159407,4.5984764,-1.2037863324238853,2.1899245844035966,11.803521,-2.0664248,0.7809033929484096,3.753637087210579,10.477579452038729,0,387.83603772714577,129.247,0.0803948182098866,0.956920112187119,6.0,101.84165414334964,1240.4765477839085,1294.944802670422,0.1508544100012215,158.06000000000003
CCCCCCCC[N+](C)(C)C,2.374328,-1.9894001,5.5904555,4.3812714,-6.370112,1.407572,-2.5463684,-0.8677261,1.4753885,-0.3696397,2.9515698,-3.303282,2.792359,7.3726873,4.1992326,-3.698401,9.272996,-8.120855,3.713625,2.6344426,3.962277,9.2160635,1.0842069,-3.0573447,4.332068,-6.4095907,-4.5663204,3.4872458,-0.23790374,-0.087543726,-0.4545812,2.8778696,1.7073624,4.7408924,5.61766,-1.5974785,-2.8410244,-1.1277745,0.8965109,-5.513193,-0.62189,-2.203867,-0.3895216,-0.41801345,-0.77470016,4.9968934,-0.8054559,-1.5145829,-4.6238427,0.2799184,0.8836297,4.47272,-1.1066275,-2.0834508,-3.0200913,3.4945767,0.65646386,-3.6298518,-1.8331915,4.357218,-9.450384,-2.1057951,6.0700765,3.700595,-2.549695276416639,0.5071814380363642,3.6984951,-2.71147,0.6721519130284899,4.65471186966418,11.49582103020624,1,458.53242520049554,172.33599999999996,0.1275919991909427,0.9541086442908104,7.0,259.2229491977846,2008.1497017817444,2099.433396278428,0.2013792005071171,211.97680000000005
CCCCCCCC[N+]1(C)CCC(CCCC2CC[N+](C)(CCCCCCCC)CC2)CC1,12.537438,2.3024297,-7.0006676,16.58289,-4.9181914,5.6279984,-6.9036045,7.0886965,1.8573589,1.0471474,14.850837,0.25474572,3.991402,-7.1611133,8.888734,6.81481,12.394512,5.439193,4.4113636,-2.549865,9.771694,-11.35475,-3.9033225,5.032213,-5.4843345,8.580125,15.387148,6.1920047,-20.53069,7.915677,-0.494981,-1.7652323,-0.1422109,13.415339,-8.568035,7.0763555,9.743708,-0.6375737,-9.950821,-11.819074,10.321194,-11.997114,-2.8276465,-0.18179548,-0.65569496,8.646477,-9.184778,-6.0204377,4.0814853,0.8236865,2.557831,-5.269309,12.343492,-0.574971,-7.134611,3.713693,15.811793,10.614676,3.7825816,-21.721775,10.311614,-9.39835,14.968409,2.5223932,6.425887798621556,-4.98422395326524,-5.3426447,17.78274,0.8136308390420929,7.530811895825962,26.516724121596635,2,951.6728511904043,464.8670000000005,0.0677092174533056,0.9738265415767468,18.0,1713.6416271435594,25142.51373678711,25791.70979088448,0.0838209793665706,541.1413333333335
CCCCCCCN,0.071720235,5.5377164,5.6547084,-2.7287924,-6.7976966,6.073597,-0.73030555,1.3242471,-0.8545843,1.1678764,-3.0136566,-0.37277907,5.6700525,4.671645,0.446028,-2.7322135,7.708904,-2.1786664,3.2964118,4.9590273,-2.2246816,3.83648,-2.663256,-2.0792732,-0.70807177,-8.515891,1.3033723,5.124864,-1.519063,1.6876626,-1.4468296,1.7758298,3.6495337,0.49735853,4.9953246,0.77227163,-3.7266307,0.75789404,-1.4981676,0.9772796,7.3781266,-0.59978193,1.5992173,-2.9100025,-0.23033151,5.969321,2.3164878,0.032695472,-4.368546,6.444118,-0.64569867,-1.9709356,3.215738,4.6531496,0.6685004,3.2959735,-2.1336055,-2.9129364,-0.9081801,1.5600916,-4.5605807,-0.43201923,6.211873,5.382041,-0.587845605234366,1.7656956048932801,11.877974,-1.247996,0.7710486379133524,3.342099749733621,9.323777256042916,0,355.9584257124843,115.22,0.0849883640110409,0.9584090949521948,5.0,76.60133973228605,898.6912265065165,936.1159502659256,0.1764266870698784,141.1691428571429
CCCCCCC[N+](C)(C)C,1.3296871,-3.2564354,6.237199,3.7679994,-5.7411265,0.5268425,-3.2911723,-1.8357555,0.64140254,-0.7449767,3.4427686,-4.306672,3.4322953,7.437223,3.7457747,-3.843245,9.69755,-9.438326,5.821007,2.3448148,3.496148,10.446313,0.41280562,-3.9321415,5.103995,-8.159485,-5.1426387,3.1544611,0.97663987,1.0316026,1.4832093,3.1236548,1.938407,3.480593,5.981983,-1.4419261,-3.3935888,-2.3186233,-0.3034466,-3.9366903,-1.7017798,-3.9002454,0.99023885,0.06913459,-0.047926694,5.7003627,-0.18285963,-0.49298167,-2.7695105,-0.3463196,0.5332434,4.8060403,0.82374537,-0.8891865,-3.0092425,3.851939,0.8617319,-4.598839,-1.1062032,4.6935544,-9.825706,-1.6572056,6.18423,5.484832,-2.6912213048592424,1.077929380075822,3.7847896,-2.5176287,0.6197394633419694,4.418109983640052,10.224076419073883,1,424.7002646200337,158.30899999999997,0.1526257305354304,0.9563558884843651,6.0,225.0941274240749,1461.2931513450974,1524.1308714568918,0.2522337596655369,195.27120000000005
CCCCCCC[N+](C)(C)CCC[N+](C)(C)CCCCCCC[N+](C)(C)CCC[N+](C)(C)C,4.7147226,1.1337264,3.2962418,27.321068,-7.7619667,-5.5406127,3.4197142,-6.8419113,0.44784755,12.960558,11.958347,-8.255358,-2.064976,-1.9222116,18.211742,18.861702,-1.9356303,-4.094919,4.0567923,-11.314091,20.481108,1.9538505,-1.5522261,7.146632,-5.806065,-4.3328505,13.120114,14.867703,-3.2027159,7.276979,-23.666094,-8.620557,-7.5750394,19.320591,-8.105427,-1.5516359,6.840867,18.318676,4.4011927,-31.431639,-1.1867166,-14.194736,-11.407324,0.7811458,2.0721188,-0.5914937,2.2404265,-3.7936056,15.684593,-8.951154,-2.98759,-4.8940735,10.101729,9.640233,15.167162,7.215048,-4.530811,-4.8209414,10.024353,-15.4249,-3.1475337,1.1079803,10.329708,10.108445,7.602028766093502,-3.49205585977188,-11.605728,14.1181,0.8194361701462161,8.42030500887244,26.2233976247384,4,991.4837141053,472.8910000000004,0.0652704883743759,0.9713257380245692,22.0,1884.772775023067,28901.13973541507,29724.279624033177,0.0779348676201849,563.806153846154
CCCCCCC[N+]1(C)CCC(CCCC2CC[N+](C)(CCCCCCC)CC2)CC1,12.227461,3.3350508,-4.6728473,19.325874,-5.790424,5.1324005,-9.94987,6.8443775,3.7711701,2.2108188,11.139152,3.0817776,4.0169573,-6.410538,11.258506,10.658799,8.518934,4.7131944,3.3810155,-3.8613698,11.95708,-8.052086,-1.4033208,4.947139,-7.2010474,6.958457,16.769926,9.120563,-18.700792,6.028476,-2.8039496,-1.394829,0.9918707,9.879813,-8.904221,5.354647,12.9922905,-3.3426433,-11.724748,-15.268817,11.543047,-10.173482,-2.2399378,0.054936647,-0.95158243,6.9698253,-8.036333,-4.281592,0.98604846,0.1247817,4.4164953,-3.8333108,14.503059,-4.231232,-7.4118977,5.363369,16.316013,11.520535,3.5909832,-21.221266,10.492207,-7.4383283,13.932463,0.5307025,5.717252602575695,-6.157050273274479,-5.5910444,17.597103,0.7945412664481393,7.841903191106563,24.737039306441226,2,898.5454422342533,436.8130000000004,0.0750332796016936,0.9625932017198084,16.0,1522.646273495909,20346.361549601104,21090.54684253069,0.0828707433846019,507.42666666666673
CCCCCCN,0.8638081,2.092227,6.703264,-6.715985,-9.3548765,2.711185,-1.3551373,1.1321851,-4.8469453,-4.005089,0.14729792,-3.3725138,5.614974,0.17500573,-2.8896453,-0.63838786,2.7851117,-0.29246145,3.5584335,-1.4836096,-3.412512,4.559414,-1.9186215,-1.0969089,-0.5822126,-3.9525387,2.9935362,2.1490986,-1.4784678,-0.6421501,-1.0408913,1.8576682,1.8552766,-0.71386945,4.482966,1.5141052,-4.753005,2.7573812,-2.8271706,4.670391,4.3313947,-1.4098029,-1.6024175,-1.5296276,-1.0015088,3.962366,0.15667453,2.9173357,-0.32428017,6.958485,-1.3228065,-4.9166193,4.1777945,5.6450744,3.4209042,1.8127062,-2.9607847,-1.7315028,-3.2335331,-0.31122008,-6.7748256,-3.7643013,3.8109443,7.9896536,-0.6032366612685934,2.437843676281088,8.532886,7.978246,0.6623353197635514,3.379374938583203,7.941031988478819,0,324.49294805342726,101.193,0.132741261685946,0.9485234049290302,4.0,75.46292798684269,560.4036134242682,590.2042319936326,0.2557597659400741,124.44080000000004
CCCCCCNCCCCCC,0.8798866,5.3084664,2.4575384,5.8419704,3.4749467,6.4716697,-3.150737,0.8062097,-7.5227084,-0.39729923,4.176422,5.083052,5.6221895,1.8311288,1.4838829,6.13962,8.984797,-3.7316508,-7.180788,13.169289,-1.0156028,0.6288432,-1.2472944,-8.319062,0.5509588,-3.5494993,-4.380838,13.708082,0.25668535,0.36086476,-0.5565807,-10.29312,5.571765,6.7383804,5.3413696,0.24700336,-2.8166826,-0.48253942,-4.1208854,-0.8930038,8.778093,-1.033391,1.1511989,-1.0566893,-3.8089647,5.531382,3.776782,4.1837316,-4.49951,8.208602,-3.6247046,2.14455,-4.7926264,1.5581459,-5.308979,1.6063573,-3.1252475,-0.390254,-10.574774,-9.691298,2.004619,2.2717855,-5.0611744,-1.2283559,-0.37059812996976516,3.6480141091066414,12.723692,-5.8725376,0.7977681037356468,4.879121433581791,14.659236603622176,0,512.6477780182022,185.355,0.0745639736738285,0.9530748281949296,10.0,250.657890337804,3336.611066061158,3492.760283628574,0.0936321953756382,225.27280000000005
CCCCCC[N+](C)(C)C,0.5108475,-3.0183578,5.980916,2.9746726,-6.6083565,0.2925581,-2.786614,-1.1925459,-1.2222304,-1.8690953,4.5778184,-4.6992373,4.0614114,6.7236137,3.791006,-4.3587203,8.746836,-9.547291,6.0989556,2.067855,3.2338798,9.974912,-1.6721354,-5.2081394,4.8560686,-8.691815,-5.177697,2.9903138,1.0803684,1.0066625,1.4002737,2.111474,2.8086665,2.7845836,5.45555,-1.280284,-3.8666625,-0.69143593,-1.2914559,-3.023223,-0.2183953,-4.2599034,0.10548967,0.13818592,1.4002125,5.480944,-0.89894295,1.2377131,-0.4037997,0.42667446,-0.23331073,3.3792999,2.3784876,1.4994899,-2.1142182,4.851781,0.39191246,-4.3648767,-2.719091,4.8141117,-11.230116,-1.3945411,6.810425,8.497604,-2.0158326388515526,2.112245680140932,3.818596,-2.2969437,0.5953090597971599,4.163954033755236,9.509158032848804,1,396.7696398637204,144.28199999999998,0.1648228241101519,0.9689448617164104,5.0,184.28477357289387,1112.3221768454837,1146.5377723184824,0.2947771800500178,178.42560000000006
CCCCCC[N+](C)(C)CCCCCC[N+](C)(C)CCCCCC[N+](C)(C)CCCOCCCOCCCOCCC[N+](C)(C)CCCCCC[N+](C)(C)CCCCCC[N+](C)(C)CCCCCC,2.549364,6.3991923,-9.89442,-1.3408377,-12.164618,-0.9194275,28.402052,2.250751,-12.9682665,30.616066,5.236201,-5.9732924,10.111994,-16.933018,-4.4974365,-10.299127,14.984232,-2.5555754,10.041012,10.213669,2.463794,-47.721825,-21.596083,4.9472294,-1.5638278,-3.35882,15.9454365,-0.92823064,-17.013733,4.231138,6.1536508,-13.2073555,-11.079467,58.32053,-24.669611,7.834404,-2.1334336,27.620134,24.190542,9.243078,9.010486,-39.534794,-16.964296,2.9186082,-1.5400654,16.17511,23.41925,-15.139426,39.284607,9.452578,-0.34014767,-32.493134,14.482795,18.14052,24.452206,8.410235,-20.57142,3.909723,3.7265136,-33.96898,32.777122,-7.589736,18.70823,-10.37978,20.8026614299209,0.013716880063078873,4.6597357,-17.109398,0.912292986298518,11.915951349557854,50.803294285792816,6,1939.5662262159676,987.7709999999986,0.0302708947210287,0.9933306281590634,54.0,7015.518283261224,230212.197141705,231757.87659780163,0.0409859567975144,1143.8960000000002
CCCCCC[N+](C)(C)Cc1ccc(C[N+](C)(C)CCCCCC)cc1,4.9257107,3.6694844,-2.5098963,10.668176,-5.8382025,-2.605502,-9.564116,-0.5520786,6.8895335,4.935673,3.0046523,1.703278,-0.17767118,-0.3733655,16.302818,11.132539,-7.5391345,5.515426,2.017676,-1.1941102,9.118157,2.787229,2.5703564,0.30683488,-7.0924377,1.8736817,9.986076,9.666854,-4.1072216,0.6574723,-6.315013,-2.19514,0.17761105,5.903047,-7.583037,-1.5418489,8.437297,0.7694786,-5.703907,-14.8366165,7.1162004,-0.8214256,-1.1136843,-1.0928156,-1.6800153,0.5312458,-0.64271057,2.5477931,1.5197613,-3.819515,2.4641342,-1.807298,11.563417,-5.105964,0.56171393,7.3787937,4.572472,2.9620392,4.8817725,-11.677845,3.271309,1.6085155,6.808358,-2.0364132,2.946215480163636,-4.383077000941941,-7.4135695,14.006502,0.6504144729722867,8.191768443615688,19.326792975128008,2,758.8381630418259,362.6460000000003,0.1394998777521928,0.9200747322526012,14.0,1421.1053590940603,9952.959759775043,10755.006049699035,0.1227099518864529,417.74320000000006
CCCCCC[N+]1(C)CCC(CCCC2CC[N+](C)(CCCCCC)CC2)CC1,10.969705,4.233387,-4.019806,18.70928,-4.410808,4.553003,-8.589181,5.7178082,4.8331127,2.3472164,9.082253,4.413319,3.4970474,-4.9528756,10.402447,11.158332,4.8962755,5.052331,1.8865275,-2.3118138,10.192319,-5.007838,0.06290358,4.1130676,-7.336314,5.746992,14.153391,9.5738735,-14.925507,5.0745735,-3.5689065,-3.0865104,1.7392709,6.4218245,-8.397224,4.6527405,13.675241,-3.300289,-12.335675,-15.894147,9.881443,-7.0966363,-2.7791417,-0.39150256,0.7900348,4.9092216,-6.5651546,-2.264385,0.9902408,-1.6303905,3.95589,-2.6031318,12.760489,-4.5464787,-7.458515,4.3759317,14.945132,11.052605,2.355699,-18.911362,7.8980584,-4.921396,10.623331,0.69979334,4.720751854209489,-5.404692060463599,-5.7031503,17.246832,0.7906163973338519,7.232974600254005,22.744206443664265,2,837.943310634423,408.7590000000004,0.0768274155006511,0.9661890745627578,14.0,1298.911780862772,16628.16354930059,17192.461118101943,0.0942102621968829,473.84727272727287
CCCCCC[N+]12CCC(CC1)CC2,1.9784994,-1.4536668,3.1714673,3.8706517,-5.642457,-0.06723973,-2.3493056,-0.10756543,2.4623704,2.9561431,1.7762436,-0.1593209,1.4243889,7.381136,2.5162473,-4.7699327,5.9913774,-0.9863621,4.940992,2.3767812,3.7740204,4.924829,1.3429661,-2.585586,2.4931056,-3.672911,-4.7508087,6.199796,-0.84544444,1.1800083,0.125211,1.1779504,1.7761631,2.6537576,-0.19163162,-0.17559455,1.6762958,-1.7922537,-3.221062,-6.196157,-0.4893977,-1.4755764,1.3038327,-0.99523854,-0.19754419,5.662815,1.2192818,-2.8189726,-1.7330537,-1.9194108,1.8510617,2.0214047,-0.29289907,-5.0696244,-2.536519,4.5052633,2.7913163,-1.3681573,-2.6018202,2.5037115,-8.389558,-2.4092703,6.7656956,2.5068178,-1.4113769268739642,-0.6128810785620352,2.4802504,-3.1343555,0.6178153836227273,4.620467975470268,11.081603963308178,1,452.76719114633374,196.358,0.1531156371156711,0.9753766946868708,5.0,299.3942575912361,1941.9984329463932,1989.4272755451689,0.2715509551465533,223.35781818181823
CCCCCC[n+]1ccn(C)c1C,-0.08623905,-3.5190127,1.7343428,3.3545883,-0.7470088,-0.13895419,-1.9313151,-1.0600485,-0.42052597,-0.7174308,-0.035976283,0.83254415,2.409021,2.6857088,0.46433383,-1.8478725,5.544365,-3.9659264,-0.07836178,2.188919,2.2560859,5.6090326,1.7602224,-2.8566175,1.8513014,-3.418975,-1.1497427,4.3755813,-1.2174798,1.4536061,0.26763856,-0.666717,-0.86833245,-1.5329745,3.1034403,0.38698786,-2.4187295,-3.1863236,-0.61615527,-3.276102,-1.7775583,1.4975178,0.0051320195,-0.111305386,0.45051557,0.9675915,-1.8698596,0.61373955,-1.5138738,-1.866396,1.0837028,4.2119393,-1.2490171,-1.3801479,-1.3270488,1.5363181,0.30467033,-0.8598957,-2.586209,0.98547506,-4.1022243,-0.098507956,2.080447,-1.4405913,-2.5623631522728076,0.7547525606463114,-0.32600984,-0.61702454,0.5042151329573177,5.216606644651588,10.482300019991786,1,440.1464644476563,181.303,0.2161674419913903,0.9319079257402252,5.0,342.5358488138962,1560.270268652674,1670.414861415112,0.2823648521966804,201.4112000000001
CCCCCN,1.7930129,1.1535857,7.0455313,-7.5925508,-12.44108,2.1880271,-2.4330003,2.5172606,-3.6992764,-4.936414,0.7822001,-3.570442,4.75187,-1.130869,-3.4740274,-0.877773,1.2855582,1.3810127,2.8854566,-4.397838,-3.5395489,3.4803941,-2.3977976,0.5457416,1.7984815,-0.87627935,5.5648236,0.7602128,-3.0881479,-0.65086114,-0.24663872,3.1153753,2.3663068,0.045630306,3.3423002,2.3053677,-3.7131371,3.129996,-3.6800096,4.4609227,4.534476,-1.9179137,-3.330601,-1.998317,-3.3890307,3.9639134,-0.1319055,1.9485674,-1.1762732,7.541061,-0.35648435,-6.8113317,4.1737595,3.1778493,4.2351437,1.8128505,-2.078686,-1.0491662,-2.0952303,-0.32665402,-5.94611,-5.080275,4.452596,6.0042768,-0.36038111198131934,1.3191418982289351,9.307045,8.341873,0.6219528948105023,3.200964405945049,6.986869086062842,0,294.46335866421225,87.166,0.1515703814937755,0.9413748767824044,3.0,56.51498857264833,363.041731694675,385.3380650542631,0.2924552331090893,107.71
CCCCCN(CCCCC)CCCCCN(CCCCC)CCCCC,15.749486,16.979162,-0.41563907,12.675929,-12.3828335,-4.0978537,-3.7385986,2.0525231,-5.5698314,-4.049731,21.4696,3.9913833,1.0936186,1.5806124,15.537415,-9.746434,2.88232,13.247547,4.0635443,3.4314013,16.6199,-8.510006,5.9591303,-10.26584,-5.5009813,12.856195,-13.289886,1.8911997,-0.3039221,2.9020414,-5.7511296,-3.727916,7.611349,12.893107,-8.221924,3.131627,-4.8896194,11.611459,-8.885775,-8.895147,9.595082,-4.543801,11.771593,2.9879713,-4.796015,9.319555,-7.1798444,-3.5822499,13.611021,6.155747,-0.42409745,-4.4144735,6.0978913,2.1866674,-11.098754,6.335346,2.5672097,-1.181386,-9.543682,-6.115304,-3.553298,1.5028963,4.0890374,10.795428,3.408805231982729,1.563816556664949,18.035725,-3.846985,0.3761990330499879,10.436330964763862,16.50448750867627,0,837.3101926666111,382.7210000000003,0.2901126278242152,0.861694617620058,22.0,2778.729549997623,8411.038901937205,9803.10202237281,0.2468188623688143,456.04040000000015
CCCCCNCCCCC,1.7567248,4.339207,2.0791116,5.5637517,1.3961004,3.0349123,-3.3233223,1.28524,-5.9160843,-0.35217446,4.8882174,2.774467,3.7876344,3.7636852,2.1350822,0.45521683,6.9170957,-3.747972,-4.095763,8.698916,0.6337822,1.0455364,-0.45094162,-7.9844027,-0.11483812,-2.3363984,-7.297733,8.835719,1.5661434,-0.93853897,0.8259901,-6.588241,4.536554,7.5849366,4.7378345,0.2399249,-3.7172494,0.15970825,-3.3710806,-0.7642039,6.112992,0.5115504,2.3061674,-1.4580865,-3.592471,4.3617425,3.133226,1.5086141,-3.1266768,6.448857,-2.9086814,1.1487923,-5.598275,0.12662439,-4.270791,1.9681361,-1.7535343,-0.91284204,-8.926216,-5.2196918,-3.1778765,0.37588745,-1.3888421,0.75820684,-0.9282298609635224,3.084141358305834,12.57266,-4.92127,0.7429215919269593,4.593703733389818,12.281043455549264,0,451.65449963407343,157.301,0.0975478671714376,0.9461349857160414,8.0,192.2855602765094,1967.369954414984,2073.6695747122694,0.134600401641961,191.71160000000003
CCCCC[N+](C)(C)C,1.0114524,-3.2796986,4.7458534,1.7539446,-7.2764306,0.52314067,-1.5269558,0.21984842,-2.1819475,-3.4073706,6.2537284,-3.2376955,4.6621327,5.2722898,3.2694874,-4.389992,5.33717,-8.320395,4.9298005,-0.43125606,2.917884,9.102867,-3.7946084,-7.422209,3.5835912,-7.30781,-4.3409796,0.9666723,1.8582001,-0.22655731,1.8589121,1.4726055,3.834766,0.153388,3.7819629,-2.2142441,-3.3772285,-0.7393427,-1.997434,-2.8137815,1.2835317,-3.262143,-1.8149188,2.0226588,4.6408587,3.4620183,-3.6067853,4.3873696,4.558439,0.4696844,0.10458199,1.511174,4.00092,3.0216599,-1.3704472,4.9408484,-0.12004768,-1.8071482,-5.8977056,4.5701075,-12.861463,-2.2160115,6.9380784,10.18745,-1.4074082858384673,2.9312712134101355,3.5560348,-1.7628953,0.5375267034208996,3.9410343856620704,8.45117362037511,1,368.0817999670918,130.255,0.1943692781202648,0.970812520051358,4.0,157.51838375805792,798.9579134181917,822.195859560699,0.3464150260733835,161.6048
CCCCC[N+](C)(C)CCCN(C)C,-1.0386031,-0.3622124,2.856813,5.517224,-5.039743,-0.10258952,-2.46331,-1.3893672,-0.29304248,0.918835,1.6475077,2.5188332,4.29071,3.190781,5.749597,-3.7072654,7.5111117,-4.10532,0.26420024,6.399635,5.9047527,9.111903,2.0074105,-7.365364,1.9983649,-5.7669563,-2.1353555,8.560462,-1.0878813,1.9823331,-1.4223021,-1.2105937,-0.7124565,1.1128716,0.69291157,-0.7653505,-3.3368511,-0.43591535,0.6935686,-6.786521,-1.0773277,0.60690194,0.17359251,-1.0423928,0.66512185,3.3062577,-0.6373205,2.9296868,1.6966987,0.10183886,1.9470223,6.3152046,2.4937966,-4.738791,-0.8326068,4.4135284,-2.441564,-2.3721015,-5.611593,0.6996347,-8.674593,0.8580237,4.9993367,1.073116,-1.5068535737428173,1.4263296671252284,3.307337,-3.853669,0.3795940725971337,6.493211484372478,10.91771795373893,1,487.299669190849,201.378,0.2983772643236529,0.8171686347472757,8.0,617.3785686627194,1768.656202391292,2143.0076505219868,0.2539802164895158,241.35760000000005
CCCCC[N+]1(C)CCC(CCCC2CC[N+](C)(CCCCC)CC2)CC1,11.154922,2.4795458,-1.838676,17.873789,-3.0162077,5.925638,-7.2350073,5.9938846,5.862378,1.892501,8.520517,6.0995674,4.5529175,-2.8957725,7.7127595,10.891632,7.2657495,3.8709524,-1.0348047,-0.5679313,7.6658835,-2.5674942,2.4938436,2.4102345,-6.2820783,5.210635,11.624575,10.130045,-12.984258,3.8213248,-6.3404074,-3.1771417,3.516488,2.2918496,-4.370827,5.8731985,12.680557,-4.9504943,-12.091658,-17.68232,7.0761514,-6.4317594,-1.3114898,0.27028707,0.9866195,4.09672,-8.132031,-1.9197297,-1.3358805,-4.2344584,5.4110913,0.00946039,7.4450917,-2.540269,-9.428986,3.5476081,14.9992895,11.137827,0.43392536,-16.725784,6.744595,-4.9177036,6.5777884,-0.33285928,2.6712858152313967,-4.923663441285557,-5.926613,16.870522,0.8013491959199313,6.535017213813298,21.64850026338544,2,781.1619510740175,380.7050000000002,0.0723100663580846,0.9722026727112448,12.0,1002.719024555758,13861.72736827772,14238.0673362669,0.1005496414301102,440.4960000000001
CCCCC[N+]12CCC(CC1)CC2,0.8383913,-3.3350203,2.5357742,3.520177,-4.5022154,-1.8538635,-3.229964,-0.27624843,0.06548375,-0.4811142,2.5669317,-1.3409979,1.4496498,6.377694,1.0324354,-3.1137533,4.964427,-1.9898702,5.0880322,0.28718436,4.390599,6.3139706,1.1566911,-3.2699025,1.5662029,-4.494441,-3.9807212,6.138384,-0.19349518,1.7281879,0.94715875,0.31357133,1.4629142,-0.47746262,0.6940112,0.36058593,-0.027077332,-1.7901807,-3.9296691,-3.9651155,-1.2921569,-0.390508,2.2567916,-0.6616873,0.6187247,3.759625,-0.09340271,-0.53694504,-0.023919912,-2.4734213,0.10479299,2.2811372,0.7480174,-2.0889406,-1.6024601,3.8777874,2.859603,-1.6903423,-3.1100917,1.4037594,-8.701683,-2.1166832,5.621229,3.8338137,-1.8240953227448238,0.4877592029330893,2.2214851,-2.756246,0.5609414321854355,4.576417958128274,10.032659790027996,1,424.3972376967443,182.331,0.1816750500613741,0.9772010264879428,4.0,268.96912118914634,1462.183643401608,1495.5052765887465,0.3187985470118594,206.67066666666668
CCCCN,1.0392327,-0.05219063,6.286117,-4.139152,-11.85568,1.5338643,-0.4188301,0.5529815,-1.0556273,-3.8136861,1.8895013,-4.568298,4.8471684,-0.07072336,0.73811555,-3.2543898,3.4099855,-1.2516938,1.6413054,-0.7620542,-1.198594,5.6316934,-1.7295005,-2.1019409,3.4512298,-1.9314461,4.8772364,0.6033877,-2.654831,-1.045017,-2.7576144,3.9591305,1.0035741,0.56291234,3.4337626,0.42814398,-4.894284,2.3168914,-0.6151322,-0.015868664,1.3039622,-0.3563251,-2.6124656,-1.5347953,-2.1595364,4.4681625,-1.7502757,2.0322957,-2.6288052,4.6670513,2.1431527,-0.42747205,4.6014733,-0.6878157,1.7154753,2.6981351,-2.9447885,-2.199821,-1.908614,1.7672858,-8.676041,-2.8151143,5.6602354,5.1558986,-1.1619808660648232,1.1056178316876557,9.2632265,7.079755,0.4881265291588323,3.1269196760780225,5.624615428196358,0,262.4147711771942,73.139,0.2284948283073059,0.9009068505329502,2.0,48.3274108988375,201.8666994063714,222.97541142899203,0.3845377714087075,90.95600000000005
CCCCN(CCCC)CCCC,3.0670807,-1.2496492,0.41466793,4.729907,2.5429468,-2.7434683,-7.160903,-3.5561414,-12.448678,-2.3753595,-0.14002132,6.9697094,2.6571903,-0.61796707,-2.8579671,-0.4519111,3.7548492,6.822312,-0.42039773,6.076919,8.803109,1.0989394,6.9737983,-6.074952,-4.292159,2.9278746,-3.7393475,10.172764,-0.06300524,7.289674,2.037017,-6.721399,-4.1359687,-1.3048472,-0.57798046,2.146511,-1.9138306,0.51019925,-3.8685963,3.1525548,-3.2973847,1.8609784,3.729873,-1.4002006,-3.6767616,1.7450174,-1.5599297,2.858744,7.915474,-1.8616611,-0.16099125,3.6035497,-2.5919828,2.5237286,-1.6093185,-0.2328603,-1.2140179,-0.68400204,-8.84174,-9.457308,1.0037422,-0.64955944,-5.614441,-1.3417168,-1.3731372651305584,2.436292557407277,1.69988,4.424015,0.1799093631211605,8.102276837465174,9.74321922412244,0,480.7719272930064,185.355,0.499448325996306,0.6617989528489288,9.0,851.7949559499299,1136.682265259279,1734.900896570255,0.2926919754196708,225.2906000000001
CCCCN(CCCC)CCCCCN(CCCC)CCCC,13.0503235,16.698477,0.73893255,12.8078375,-12.858495,-3.868588,-7.4040556,2.629394,-6.3217416,-9.684708,20.236496,4.2847247,-0.21689521,2.7046754,14.665941,-8.766865,2.7185154,10.315091,4.9813833,1.3582207,19.017778,-5.1601467,3.2622902,-9.759697,-5.389219,11.671817,-11.317902,1.1244951,-2.0762725,2.4864388,-3.047456,-3.1563835,7.1447473,9.462321,-5.5322084,1.8233094,-4.6799755,11.146016,-9.682639,-7.0154223,10.2168455,-3.6019819,7.239272,1.0617371,-6.02326,7.1819916,-8.072444,-2.4137692,10.579507,6.850166,-1.2482351,-2.8809605,6.566137,0.5451299,-12.485192,4.628012,4.024717,-1.8230436,-10.040579,-4.380066,-7.46861,0.9025958,5.8614593,14.079506,2.4757867569346,1.9326842858169966,17.827026,-3.658826,0.3921264516106376,9.154636517690438,14.36714870702614,0,733.8244212439124,326.61300000000006,0.2826740906742559,0.8707989108569111,18.0,1871.1495728533785,6002.6898878450165,6896.458391789932,0.2606521023799195,388.8044000000001
CCCCN1C=CN(CC)C1C(=O)[O-],2.7061858,-1.2820566,-1.3954077,2.7502558,4.5596957,-8.241639,-2.0086236,-2.570415,-18.448435,-0.17435186,11.056847,2.5589077,5.6525927,1.823144,-4.1892967,-3.5354085,6.4555626,5.5456305,0.8716552,10.652808,1.6652086,-5.433697,-2.2298112,-9.772993,-5.8545184,3.2677224,-5.696569,6.8281837,6.7992587,7.880636,7.8319287,-11.534585,6.6828394,3.4678423,3.9363348,3.8619447,-7.8997483,4.427889,-12.146378,6.7483664,-9.205898,8.371132,3.4181144,-0.79881,0.25216857,3.8606465,1.8313888,6.1710544,12.511119,-1.5444671,-14.117341,5.506236,-11.39251,5.185216,-11.119962,-4.8600616,-4.664184,-1.618999,-12.041091,-14.0959835,-2.8628454,1.3385732,-7.1752725,3.9505439,-0.558495449434318,8.038806753629192,6.2009077,-8.080536,0.3457674934224419,5.205423573557691,10.235403586061649,-1,422.7390439476494,197.258,0.3108882714120061,0.8555242165968243,5.0,443.3883392043095,1244.2583054769948,1455.5520962210069,0.2689660507895506,198.2012307692308
CCCCNC,1.5134163,-0.5031103,6.713007,-5.777368,-10.017838,1.4004587,-1.7730011,1.2116504,-3.3611703,-4.7520986,1.9573538,-4.3089113,5.245861,-0.9586061,-2.5367138,-1.2083699,2.030628,-0.60488313,1.9174035,-3.0596461,-2.5607328,5.8156576,-1.2013662,-1.3046017,1.9612005,-1.6471894,3.918999,1.6892309,-2.3190057,-1.4973156,-2.0765512,2.2261953,1.6038971,-0.5097953,4.0678353,1.5570405,-4.766536,1.9057469,-2.748461,3.1884615,1.9554152,-0.8361928,-2.1676242,-1.1114669,-1.8266654,3.7181687,-0.95208335,2.9211037,-0.9996188,5.961544,0.570816,-3.0435574,3.8682625,2.2583156,3.7056792,1.9906151,-1.8038583,-1.6735764,-2.7957702,-0.884348,-7.480194,-4.912757,3.7585213,6.107235,-1.1391412082812842,1.646063686833188,8.801578,7.704198,0.5497693236513272,3.329054551438567,6.766321443128491,0,293.41540795525185,87.166,0.1908284527078004,0.9396846791160656,3.0,63.65593633940293,328.4972157802908,349.65103326432904,0.3176890749542256,107.90276923076924
CCCCNC(C)C,1.4350425,-0.58925986,4.1747866,-2.6368017,-2.06802,0.16478679,-2.2753413,-0.246712,-3.3289583,-1.0959151,3.4085345,-3.2791812,6.107628,1.0180173,-2.2330334,-0.5656188,4.440862,-1.5237261,-0.48186085,0.545878,-4.449231,6.945076,2.9776309,-4.7007885,-1.4868088,-3.621011,-2.8920834,7.3443656,0.13745102,-2.281446,-1.511824,-0.8461761,0.932771,0.47498807,4.8852415,1.3780091,-5.7193494,-2.3770738,-5.1468854,3.8481588,-1.1947348,1.2374415,4.371291,0.34589696,-0.27543637,4.358976,2.0351791,3.617514,0.34400177,4.296817,-0.37969157,0.713876,-0.051900253,0.89842963,1.8299572,0.8701451,-0.14569515,-2.135823,-3.96536,-5.997705,-7.444137,-5.383042,0.7674544,3.9544764,-2.2665721172999205,2.297506096505273,5.9471707,5.386005,0.5734486821737692,3.9728631190066857,8.169945735199237,0,350.4869301581788,115.22,0.1753123253383438,0.9377889373169734,4.0,118.1372931435969,650.7896798987125,693.690651855439,0.2656988471253206,141.37280000000004
CCCCNCC,0.592336,1.9174137,6.8745604,-6.226583,-7.333739,3.9398677,-1.7196335,0.5925547,-4.281654,-2.555233,-1.0510857,-2.3004541,5.9436917,0.071352415,-3.4705138,0.09257126,3.1069083,-0.3757438,2.5879235,-0.6537223,-4.9262514,4.141315,-1.2221899,-0.84019434,-0.30270833,-4.1784534,2.7746744,3.0418518,-0.9044206,-0.5805758,-0.59364456,1.5271058,2.0140557,-0.80799437,4.5736003,0.8219032,-4.336916,0.52645564,-3.708637,5.3460674,3.7553658,-1.3840604,-0.36356783,-1.3477356,-0.9846598,4.426578,1.671847,2.6536896,-1.4240978,6.947228,-1.2023579,-4.463511,3.5311606,4.748158,3.3368535,1.6992514,-2.8314395,-1.6694334,-2.382078,-1.000605,-4.7073965,-3.4453118,2.1375678,5.922188,-0.9113585680443238,2.113228721698917,8.317323,7.4618416,0.6589827219491848,3.424231163500733,8.189347804160484,0,327.48245341550574,101.193,0.1346352440890133,0.9488725859586464,4.0,73.63497101443109,540.4335244812576,568.9041565803496,0.2395763683359411,124.66760000000002
CCCCNCCCC,-0.3645662,4.184838,1.6078038,3.198768,-0.4393331,0.9458735,-1.3189381,0.5635247,-3.8758736,-2.137178,2.7990925,-0.49118078,3.6979043,3.9864514,3.2504387,-3.462719,4.527008,-3.8933523,-0.36051944,5.7857137,0.56081676,3.4292724,0.68040246,-6.7516108,-2.9062023,-4.884036,-7.064336,5.603998,2.223529,-1.882747,-1.8935848,-1.9057381,2.3874066,2.7733557,4.0718255,-0.2776773,-6.2936296,1.4973809,-1.8086344,0.12139672,4.693702,1.7891753,3.759813,-0.8497243,0.36352846,1.861384,0.11164716,1.5063429,-1.4488254,3.7135308,-0.89485383,2.1651607,-1.4343259,3.7942085,-2.6904514,2.9400837,-1.5067761,-2.3731806,-6.941129,-0.41971084,-8.122197,0.04149525,1.6900122,6.2657795,-1.674529190962478,3.3033034467492985,11.164754,-2.3126042,0.6842245579917245,4.020027444317412,9.92938265128221,0,388.0574283275485,129.247,0.1236027898639257,0.9381752523046976,6.0,132.04649102369922,1060.947349293886,1126.9348542795929,0.1838499625878276,158.11220000000003
CCCCNCCNCCCC,1.0084544,6.593581,1.5498078,8.152505,-0.7346089,-1.3029491,-2.653756,0.6271757,-9.380906,-5.590615,8.382005,2.6342125,2.2069297,1.1013507,5.463755,-2.0066483,3.7289898,-1.6291155,-0.1102719,7.3171525,5.316081,-0.54341507,0.83383864,-9.329324,-2.666638,-0.09525514,-7.9074616,6.568249,1.7449816,-0.5635199,0.88395995,-6.87058,4.2157917,6.7534127,0.2369619,-2.0640073,-3.6076624,3.8322623,-3.752535,-0.6309008,5.247994,1.3582566,1.5001196,-0.64879143,-1.9464426,3.0786443,0.45708576,2.8157442,2.9655123,6.141278,-3.8422337,1.2558453,-0.7278635,-0.25839388,-7.3823256,1.9482348,-1.7541372,-1.3077792,-12.557484,-5.0971947,-7.7453613,1.2062705,0.0050909854,6.1483917,-0.05727960922906526,4.154611628535838,13.851152,-4.4684043,0.6474876231950965,5.026435710310829,11.655034710142536,0,459.5000434173239,172.316,0.1392159314297699,0.9386629795204005,9.0,279.26516764698295,1946.3502097073024,2070.1683172642943,0.1804001309201863,204.30281481481487
CCCCO,1.330147,0.31746128,5.9029493,-4.4711285,-11.318786,1.0185926,-0.01228334,0.559391,-1.6994777,-4.5433173,1.633378,-4.2326303,4.0608516,0.004977042,0.57526064,-2.768941,2.4334188,-0.6423331,1.9779267,-0.9839385,-0.45289677,5.460105,-1.4510128,-2.1247537,2.5234673,-1.5383611,4.699942,0.16157809,-2.3050256,-1.1631467,-3.088648,3.746124,0.18120152,0.2861782,3.0182576,0.41310906,-4.7741485,3.0540507,0.30921805,-0.07645863,1.8007059,-0.64944106,-2.9418333,-1.4979831,-2.5502613,3.433525,-2.2220762,2.2054343,-1.884006,4.243573,2.3003733,-0.9418916,4.6168385,0.5269402,1.9779232,1.979233,-3.038172,-2.0993812,-2.0268104,1.5726717,-8.515259,-2.4721394,5.16515,5.582513,-1.072817265400664,1.1482585519449755,9.306969,7.200586,0.4901153771988241,3.083663880182721,5.549463252577732,0,256.7637843310184,74.12299999999999,0.229168776321204,0.8949676741390294,2.0,47.45895187113645,198.5244532136314,220.37458809183232,0.386415110947726,87.42240000000001
CCCC[N+](C)(C)C1CCCCC1,-0.91151774,-7.1163907,-2.0149183,3.2750525,1.7145978,-0.5612918,-2.5031934,0.84460735,2.493343,-0.2351002,2.5978725,0.88944024,0.8683668,4.1467443,3.0731595,-2.0559392,3.6452084,-5.16467,-2.5378752,3.2966747,-0.46348834,7.7859917,3.3424327,-4.5036306,1.9839628,-3.7530854,-3.070986,4.9510217,-1.2264509,-0.8360734,0.28892595,-1.5192444,-0.90964323,-2.1010807,1.6570964,-0.2326205,-2.6394258,-5.295305,-1.4977096,-3.3016124,-2.7671123,2.3785582,2.1833186,0.84261346,1.7369201,-1.013811,-1.6896397,2.1896863,0.30839613,-5.5829234,1.5479741,5.773866,-1.2753553,-1.8875483,-0.91533995,0.70870876,2.8227742,-1.2913384,-0.56531227,-1.6096042,-4.427189,-0.8216968,1.3714222,-2.2471888,-3.144605308153299,0.32984098653050214,-2.619468,-1.014163,0.3690687953339095,5.563915804527252,9.581406699699691,1,433.9234793284809,184.347,0.2989233101480331,0.877711838383782,4.0,417.7438121557681,1255.8729405053125,1426.646375133212,0.3489521755271447,217.33600000000004
CCCC[N+](C)(C)C1CCCCCC1,-1.1560564,-7.019696,-2.5007157,3.7549736,1.2179109,-0.011282355,-2.7677553,1.4228892,4.1078186,0.37891525,3.6554408,0.53142667,0.85450774,4.1908064,4.970877,-2.4808402,3.1984096,-4.812251,-2.6757603,3.6662436,-1.0207907,7.7676,3.7229102,-4.7843475,1.9419453,-3.434729,-3.1483014,5.5161247,-1.8515824,-1.58456,-0.8363686,-0.86855906,-0.43001214,-0.7942177,0.53112555,-1.0158051,-1.8680975,-5.2685056,-1.9864644,-4.1926928,-2.8626313,2.0623524,2.4410677,0.4882725,1.96761,-0.31523055,-1.4956383,1.9738088,-0.22404894,-5.858577,2.081493,5.8528914,-0.5927687,-3.062044,-0.6679174,1.5278527,3.5918736,-1.2713459,-0.18703672,-2.5343769,-4.638484,-1.4895967,1.9699969,-1.5983007,-2.869342305577234,-0.1836515459592282,-2.8448246,-1.3939008,0.3384417463737331,5.735021980144471,9.889360838967429,1,450.72400044859234,198.374,0.3160157668015374,0.8840208077635676,4.0,504.5177916159435,1421.7634532644513,1604.9768565628117,0.3719821411161163,233.9128000000001
CCCC[N+](C)(CCCC)CCCC,1.5399001,1.4224102,5.5762587,7.6999545,-5.009592,-1.9431007,-5.3901653,-3.6094205,-5.026689,-0.8846342,-1.5946074,5.704614,0.7068761,2.4394836,-0.1596997,1.805071,4.0565324,0.65540963,-1.6836076,1.0745548,12.956663,7.15808,6.4408164,-4.8594446,-1.1234581,-2.6911912,1.6385205,10.913485,-1.105948,4.341802,-4.7658215,-2.888985,-5.05605,-0.9138844,0.5263279,1.4289957,-0.47104013,1.0975832,2.49735,-6.028183,-2.9866223,-1.4819949,0.38535357,-0.44883847,-6.015344,0.72804177,-0.47990844,2.159272,4.922226,-1.5434645,2.631285,1.508955,1.5881453,-0.7602347,2.3761053,0.3185003,-2.4879434,-1.9572468,-4.443427,-5.2109046,-2.2626262,1.9136143,-0.03647354,-2.387619,-1.3733125960100263,0.12776729023388872,-3.238079,6.960614,0.2016681019603539,8.144082400904331,10.295886047084972,1,500.4285787617839,200.39,0.451109633277177,0.7148709527052926,9.0,880.9721633571913,1393.3630091608647,1956.0526244493665,0.3108397137321482,245.4016000000001
CCCC[N+](CC)(CC)CC,-1.6095556,0.36963275,3.395041,2.1122568,-3.325129,-1.5208659,-4.5505986,-2.2690048,-4.759034,-3.6855147,2.5192816,3.2000864,3.5202727,-0.49458057,1.0071188,1.5555755,-0.40749487,-2.7371886,-0.2553992,-0.26867402,5.4114695,6.0840077,0.16497669,-6.119899,-1.113482,-2.0646873,-0.26849833,3.8706582,3.2430496,-0.610526,0.77287096,-1.5251768,-0.11905128,-3.3995125,-0.012096478,-1.193889,-1.9053848,-0.30793583,-1.6049627,-0.047918975,-1.3443019,-3.8495529,-0.9505826,1.3934531,-0.89650035,-1.2981404,-1.197894,7.305694,6.591421,1.2117572,0.10674081,1.3074955,4.408576,1.2389467,-0.1045731,0.39036933,-3.4088697,-0.4376844,-5.3594465,-2.596398,-4.315736,1.4798399,-2.1884542,5.3357687,-1.2457913494799195,2.4998351440580073,0.9581284,7.5950327,0.2314132224538848,6.013393184336709,8.476103894091462,1,401.5260096608192,158.30899999999997,0.407000883412513,0.8890654368151928,6.0,376.7873259045944,825.3618395770507,930.8313575321832,0.4709542672263338,195.08000000000007
CCCC[N+](CC)(CCCC)CCCC,-0.17930269,3.762543,4.936937,6.4777465,-9.207232,-0.35736802,-5.4582934,-2.702932,-1.0240941,-0.5370428,-1.6892394,4.6864557,0.97825867,3.1932366,1.6643219,1.9325422,0.85847044,-0.7704709,-0.7841203,0.02680768,11.776962,6.4485025,2.6731791,-3.8053942,0.4895336,-4.641637,3.900428,8.97893,-0.97759676,3.0678878,-2.1049771,-0.07255405,-0.59689116,-0.78599954,-1.5801654,1.0984849,1.6502036,1.2492907,1.5550928,-4.9633636,0.045128435,-2.6290565,0.108854294,-0.5948615,-5.9411325,0.8499744,1.2371846,3.0086856,4.3033648,-0.45358166,1.9333094,-0.60340446,6.338308,-2.087115,1.6613752,0.9188342,-2.3625612,-1.2457557,-2.2156603,-3.2923007,-0.5400309,3.4493172,1.2947543,-1.5007888,-0.5056412442819166,-0.28790169264064236,-2.6603603,7.433125,0.1539551601369634,8.284968115008379,10.167417456735311,1,516.1451705521694,214.41699999999992,0.4992993479418722,0.7566242061381561,10.0,996.8766761830468,1512.6690766916597,2005.090572920224,0.4072020508360978,262.0728000000001
CCCC[N+](CCCC)(CCCC)CCCC,2.3015547,11.949048,0.68143874,3.0190125,-11.946266,6.1765795,-0.6032597,0.41018245,6.0934167,4.6895733,-2.06732,1.4153701,0.93998677,4.3577557,7.6680737,1.3854665,-4.724585,-0.34375054,2.605212,3.5281959,4.067735,-0.3273406,-0.032645226,-2.4428515,-2.4079857,-5.5907707,4.3851275,1.7926687,-0.88942873,-2.0078773,-0.14262217,2.1676729,6.934059,8.839611,-5.914837,-3.192141,4.8357687,2.3759813,3.0316184,-3.8877177,5.4185653,-1.4988391,2.4277332,-1.3956984,-2.59557,4.543111,5.2840543,1.2325072,1.1901135,2.842136,0.4635574,-6.934945,12.648921,-3.1512969,-0.63702965,3.3260272,-1.6288097,1.9941128,1.2320596,-1.9111265,3.4100287,4.165261,4.179952,-1.1959925,2.4324552593045126,-1.614657025638636,0.61359394,12.869469,0.077843580124461,8.273177871908576,9.637085344514407,1,573.4798616807859,242.4709999999999,0.6317130016599959,0.8594626391928196,12.0,1465.2007747405216,1986.292350127788,2327.6555557365214,0.6132756941787646,295.6556000000001
CCCC[N+](CCCC)(CCCC)CCCCCCC[N+](CCCC)(CCCC)CCCC,9.176537,19.570578,-7.4673247,13.146806,-7.9440875,3.7266228,7.4977474,3.4632154,10.55142,12.353907,6.123318,5.357824,-2.6401708,-1.356676,24.988262,4.7196026,-20.699738,11.508194,7.0558953,6.9602776,0.44326913,-10.087843,5.2596707,-6.487089,-13.412605,-0.13345647,3.6688607,-3.6809976,2.9137502,-5.9087186,-4.0771823,-3.8366492,10.934554,21.112413,-24.305424,-11.067229,10.478179,5.449144,1.1654671,-16.988085,7.8490443,3.5258782,9.153355,-0.5289129,8.337236,5.7293763,5.957085,0.49867517,14.949777,-2.8576407,3.305188,-14.03264,26.102968,-0.40475225,0.27062777,11.022906,0.8445498,5.8704133,3.76641,-12.115505,8.00209,8.206819,5.802032,-1.9833844,8.911314775072773,-4.260132831821175,-14.178221,14.638095,0.5250114745055287,10.919985382648155,18.863836430957264,2,991.4169020780436,468.8990000000004,0.1977254923729232,0.9331212243455104,26.0,3306.6597882846736,15650.03095133298,16785.75928960013,0.2208842801936285,563.296888888889
CCCC[N+](CCCC)(CCCC)CCC[Si](OC)(OC)OC,10.898971,22.753609,0.85879844,11.65454,-16.45297,4.3139763,-3.3931434,5.978306,5.799684,-0.08089702,9.465468,2.088271,-3.1087751,6.0697484,17.589262,-5.5261703,-7.1355186,4.533102,7.070058,0.44626462,13.046374,-1.9107249,2.6877968,-5.9942656,-8.554449,1.0286098,-4.3860974,-3.8853912,-0.09213725,-3.8187804,-2.711631,1.8266928,13.616902,14.749337,-7.667854,-4.514186,2.5604582,7.5863895,-3.888721,-9.117021,9.568768,-0.19146603,7.2193384,-1.7483327,-3.614387,6.1919084,1.5004221,-2.6540892,4.1029353,6.327684,2.6190975,-8.7562,15.781555,-4.7058187,-6.454227,6.4644995,4.591595,0.9974116,-0.2604877,-0.9677071,-7.506991,2.8909223,12.105357,8.883683,3.875229988373823,-1.9142356172805584,17.38442,-1.7978393,0.2128125861264669,9.150558823450194,12.086490935536755,1,694.1116210655313,348.624,0.4331093321386792,0.924223319038772,16.0,2073.693212396836,4480.32407432822,4849.563592942407,0.5433794706077916,384.4696000000001
CCCC[N+]1(C)CCC(CCCC2CC[N+](C)(CCCC)CC2)CC1,9.53637,-2.3184345,-3.3358433,14.03116,-1.9323748,2.8735194,-8.176646,2.3070242,7.9537463,5.066354,8.244017,3.2768042,2.519074,1.2825503,13.183072,10.127451,0.92955524,3.4652936,-0.730034,2.6198993,4.203689,1.8712837,5.520799,-1.5688155,-6.568277,4.11285,7.9536576,10.732208,-7.141217,0.35975528,-7.1821337,-2.6674535,0.49929124,6.054906,-5.209386,1.2712328,10.475023,-5.2445683,-8.495825,-18.292553,5.4969354,-3.5693367,-0.79312897,0.54224604,0.28720024,3.0182586,-6.2901044,1.2415993,-1.187467,-7.507152,4.487831,-0.2529629,5.009514,-2.976492,-5.310301,5.790221,10.981919,8.055813,2.0394263,-14.413771,4.192288,-3.2928102,4.898324,-4.0782633,1.8666740898749927,-4.975366848010534,-6.293633,15.669348,0.7419293944859578,7.303364979057671,19.096575411875683,2,729.3861253547748,352.6510000000002,0.095398761395413,0.9529784029142314,10.0,1046.2745598923611,10477.837207619688,10993.871609452352,0.1122370743548697,406.7920000000001
CCCC[N+]1(C)CCCC1,0.5408683,-5.0012074,1.6032077,1.9025812,-3.483513,-1.9574102,-1.7079384,0.5086553,-1.1081965,-5.260715,4.3326216,-2.2806704,2.7320158,5.753098,1.7326248,-3.6780682,4.1788487,-4.311401,1.8232256,0.3962456,3.8556912,8.685571,-0.051492304,-6.0764055,1.1940947,-5.686327,-3.5146096,2.2510269,0.4999363,0.10954934,-0.5580092,0.7705561,2.4980004,-3.7323132,3.9426699,-0.6828538,-3.2820535,-1.2244246,-1.6330502,-3.5110018,-1.8541675,1.9998438,-0.22088903,2.4262311,4.2341022,-0.78995836,-5.941776,3.5288424,1.8534516,-4.042796,-0.51245844,4.557204,-0.06822859,3.5215356,-2.3970368,2.0145519,2.2391295,-2.1117566,-5.0645785,2.1863756,-10.318068,-1.418935,4.2675915,6.3080616,-2.94501201464453,2.4048125636882047,2.1153078,-1.8303552,0.4238794079765244,4.4253403397443005,8.363179919121889,1,369.1426680790265,142.26599999999996,0.2599392638114954,0.9415554980558332,3.0,206.70065406144303,755.5983486330492,801.4912854329845,0.3911179119607096,167.7195555555556
CCCC[N+]1(C)CCCCCC1,0.867478,-5.2164845,0.098825015,0.7633237,-1.0734522,-1.9125237,-3.017442,0.7862915,3.1188092,-2.50469,2.9442465,-1.2911466,1.415026,3.7147791,0.4433868,-0.9129536,3.4008622,-2.3180275,-0.5601138,-0.94933057,-0.044204123,6.526085,3.5497062,-1.6403279,1.7188973,-2.387352,-2.4560678,3.5559022,-2.0380993,-1.0586219,-0.20930122,0.9601312,0.4386375,-1.7389613,2.3643565,0.18586825,-1.1860939,-4.462068,-3.6586673,-1.6465924,-3.2167277,1.0483582,1.97367,1.4806734,0.64628303,-0.5887272,-2.1765704,0.23546535,-1.5598853,-3.6375008,0.47934526,2.9940898,-1.7854708,-1.5571415,-1.4380021,0.01769355,4.896272,-1.0349345,-0.4400019,-2.111085,-4.2299547,-2.809327,1.1203526,-0.0388245,-3.239129761378925,-0.16743175232116075,-2.7501574,-0.67755485,0.3364683809670162,5.223776155266134,8.884555199921016,1,406.1711263340524,170.31999999999996,0.3257104697253448,0.9285475530891044,3.0,350.3138113475956,1023.5552709435958,1099.6040900938622,0.4333268446574653,200.3384000000001
CCCC[N+]1(C)CC[N+](CCC)(CCC)CC1,3.2558026,-8.214334,1.905639,9.961833,0.31205067,-6.3766336,-3.1438315,-2.342955,-2.7487316,2.3356223,4.365454,2.5999956,-5.990337,6.5448184,4.629763,2.0302691,2.3640072,-3.8590977,1.2986679,-1.2431315,12.2447815,14.333327,7.6329775,-7.8840837,-1.8461483,-5.1568737,-1.1917694,10.531307,2.1829476,2.589375,-8.616772,-4.193763,-8.1359415,0.32088944,1.0859007,0.79649097,-5.2775774,1.2999061,6.842778,-13.606123,-7.3822,-2.8740442,4.2628965,-1.6177802,-4.9259214,-0.53578275,-1.0868361,2.9241827,8.063968,-10.864866,5.7149487,6.3669677,1.2399752,0.49528944,5.29807,2.9252644,-0.39056253,-5.13158,1.0258561,-6.5270996,-10.650258,-1.0978558,3.1676464,-1.3610214,-2.0114154155432864,-0.9717561609345091,-2.2994597,-12.728832,0.402237144857475,7.436792410729811,12.198020625570242,2,532.1100992552293,242.4509999999999,0.2693280892713707,0.8566144247844414,7.0,735.4896981229762,2358.478817062091,2749.1678375467886,0.2491147506066684,284.8680000000001
CCCC[N+]1(C2CCCCC2)CCCC1,-1.2483497,-3.5643013,1.9451153,6.0402274,-1.2406311,-2.819252,-3.4970603,-2.590094,4.0756226,5.115625,0.6774118,-0.25153476,-1.2229643,4.6818204,5.355038,-0.79778206,5.9043045,-2.9878254,-1.8225363,0.6844404,5.2204967,7.481415,1.5210092,-2.7729523,2.5030606,-5.3750954,-0.39206794,8.6791935,-2.918749,3.7972903,-4.8981056,-0.29402143,-2.060006,1.0230718,3.3366997,0.88974696,-3.1487648,-1.3711293,-0.30320454,-7.2626867,-4.4142613,-1.7749941,5.4933596,-0.9191711,-2.0682435,3.7350016,1.7779795,-2.4680917,-0.771221,-5.6595664,2.8964348,6.522691,0.8941806,-2.502069,3.8443973,3.3136551,1.7214823,-5.570915,5.6976304,-2.7362142,-2.2839944,0.37029618,4.250477,-2.935085,-2.069428984507175,-1.470806790734038,-11.871007,-12.061071,0.2075698744458504,7.040218732529088,9.41841088659425,1,459.43855813120285,210.385,0.4444085983599167,0.7360629907246977,4.0,735.3058803212806,1231.0227931984316,1667.919013041824,0.3466882100619233,240.1206666666667
CCCC[N+]1(C2CCCCCCC2)CCC(C)C1,-1.8895882,-2.4760249,1.0202326,6.4229236,-3.931707,-1.7765045,-4.8350763,-3.261633,7.465494,8.108824,-0.08284431,-0.95764977,-2.7528286,6.992687,8.104061,-0.9804318,4.7575665,-2.019841,0.0639976,0.99561787,5.621477,4.7965627,-1.9823985,-1.93206,4.006155,-6.2418003,2.0070677,8.349928,-5.464901,5.5156746,-2.1258497,1.565768,-0.73223835,4.284312,1.5551083,1.4813759,-0.60680044,-1.3051049,-0.7647227,-7.501704,-2.77682,-4.5497723,6.5651674,-2.4215796,-3.741393,7.4343786,4.5490828,-5.085318,-0.97363836,-7.3117547,3.2999058,4.3429093,4.896235,-3.1608834,4.5145273,4.3143234,2.79842,-5.942728,10.456441,-3.7005172,2.4685888,2.0181727,6.732939,-4.6002793,-0.5209657933600809,-3.1228156728973713,-11.3091345,-11.867085,0.2106093958803269,8.246544857279076,9.97820569467414,1,519.9019317128855,252.4659999999999,0.4324994653616957,0.7650690952149618,4.0,1048.9790683521987,1863.2764815666535,2437.3021270344907,0.3502511154267989,289.9872941176471
CCCC[N+]1(C2CCCCCCC2)CCCC1,-2.20338,-2.0790546,0.28820428,5.766443,-3.132841,-1.9300766,-3.9142292,-2.2844882,7.773274,7.027557,-0.2245659,-0.68464845,-2.6624713,6.700942,7.6779027,-0.9255456,3.0371034,-2.3839493,-0.4218854,1.1534334,3.8198545,5.149913,-0.7881616,-1.3625671,3.3122704,-6.367174,1.0036769,7.576943,-4.336237,3.7450976,-1.9556801,1.5210614,-0.6046912,3.4451735,0.8295246,1.2009611,-0.6742369,-1.8184495,-0.72918797,-6.2793264,-1.789334,-3.380584,6.67525,-1.86222,-3.0314353,5.463964,4.6332307,-4.4354987,-1.229867,-6.7424216,3.0805292,3.785219,4.564119,-3.2870169,3.9369776,3.4002628,2.89424,-5.5139093,9.627503,-3.027071,1.5328252,2.0300996,5.6158752,-4.016572,-0.9203629490115304,-2.814151851043925,-11.42832,-11.563513,0.192338154132416,7.622447922525957,9.441941394705028,1,496.0381082383789,238.4389999999999,0.457342148167411,0.7494893649552713,4.0,962.1939107728422,1588.6116565622638,2113.919673891758,0.3705408394925112,273.4892000000001
CCCC[N+]12CCC(CC1)CC2,1.8080893,-4.477596,2.3617268,1.2309318,-4.3852634,-2.7798457,-3.6280532,-0.5773374,0.54630744,-2.8864484,4.358079,-2.6618905,2.0218244,5.685163,0.34897155,-1.2858738,6.3057656,-1.5724821,4.041125,-1.5934007,3.8778014,7.643071,2.4708855,-2.5289395,0.8904415,-3.8150966,-3.7243743,5.836676,-1.182772,1.3238792,-0.6886196,0.47769672,0.55951697,-2.3922644,2.9301872,0.7977012,-0.97951615,-2.2164881,-5.3135366,-3.0920093,-3.383554,-0.7272578,2.6196992,1.7812469,1.3192067,2.500061,-2.2501507,0.357449,-0.030317994,-3.2983458,-0.5539764,3.1002738,-0.017485127,-0.1679091,-1.4182246,2.8920853,4.757147,-2.3935704,-2.2851446,-0.4247299,-8.750558,-3.8672693,4.5773654,4.9712467,-2.6424905715066385,0.5772352843744696,1.5449156,-2.2040818,0.468715842687079,4.5236945340872605,9.18312590530032,1,395.9110872978699,168.30399999999997,0.2331772911114293,0.978390577672224,3.0,248.94390866028343,1048.935582304544,1071.897598109947,0.3913145833547571,189.94000000000003
CCCC[N+]12CCN(CC1C)C(C)C2,-1.0460624,-5.6855683,-1.4776645,3.1235783,1.2998589,-2.2065759,-2.605899,0.94009614,4.513651,-0.22427155,3.7793994,0.47580856,-0.35525435,4.7871494,2.7326283,-0.04396832,2.3227038,-3.0165274,-3.2983694,0.35325038,-0.414703,7.2091217,2.2555907,-3.181989,0.93958324,-3.4481885,-2.1112726,5.087621,-2.544749,-0.96343774,-1.7418725,-1.1863542,0.085030675,-1.89577,2.0880022,0.4254555,-1.4869281,-4.5316224,-3.9913087,-3.3826,-3.7962246,0.57445586,2.2853262,0.7057422,0.43245167,-1.5912265,-0.61395514,0.4087023,-0.097715706,-6.5870233,1.1734505,3.8449104,-1.3382037,-1.0258508,0.38082817,-0.5739732,5.24897,-2.0156376,2.3786423,-4.5770197,-3.4089308,-1.0024599,1.1295648,-0.69223386,-2.8618296739960885,-0.5185466283155336,-2.881877,-0.4242893,0.2974455508955789,6.021995873721979,9.161961588007818,1,427.1568254250943,197.346,0.3528583078476043,0.903962689193446,3.0,453.0221841718242,1176.994790277724,1299.844543206916,0.4394847051041615,220.2951111111112
CCCC[P+](CCCC)(CCCC)CCCC,2.8998477,10.739883,-0.40136668,2.7453501,-10.217641,6.9888773,-1.169506,0.10199115,8.447904,8.825267,-3.1272206,0.8898255,0.2666697,4.5088887,8.66745,2.5818024,-2.7849536,0.74591696,1.413801,3.8363054,3.1888278,-1.4741099,0.12624055,-1.0055401,-2.5149624,-5.4590673,5.5579333,3.4089139,-2.1775107,-0.4371944,-1.7034688,2.328616,6.194404,10.774057,-5.2889752,-2.5813887,5.2369323,1.4554831,3.007026,-5.059376,4.8830695,-2.2420287,4.6669455,-1.3497802,-3.676231,6.1723557,6.4531446,-0.8896906,-0.37672183,1.2734166,1.4067078,-6.5858207,11.417529,-3.4821107,2.078616,4.4100056,-0.26203454,1.5082184,5.502334,-3.8571694,7.6897244,3.1393635,5.275306,-5.019721,2.6735301387305337,-3.1257990986144693,0.60724413,12.870442,0.0678203276399432,8.721814052600475,10.068741015222196,1,597.0778205750782,259.438,0.6505657035427176,0.8654608212919582,12.0,1664.1818364759652,2209.9534549850982,2567.7986272915286,0.6344589175450022,304.15360000000004
CCCC[S+](CCCC)CCCC,2.238444,-0.4334155,3.6018786,10.6492,2.9680138,-4.1006684,-4.669272,-5.570079,-9.927152,-0.11979334,-6.0124073,7.335597,-3.0856338,1.6764889,-4.693976,4.6746716,4.8369083,4.1076517,-4.059932,1.3472859,14.606281,4.0520496,11.035623,-3.557791,-5.4518714,-1.5959929,1.2819992,13.092461,-1.5993141,9.031867,-6.369624,-6.4474196,-11.51589,-2.6332664,2.8172684,4.6679673,-1.6080686,0.7287955,4.3249154,-5.176669,-7.004127,1.8653316,4.1505437,-0.71449614,-7.2524343,-0.109522,-0.8065653,-1.0112646,5.5079536,-6.3018107,2.6578853,2.3068027,-3.3033695,4.595349,4.068281,-2.8534424,-2.2894728,-2.4867585,-2.9107172,-9.0159025,2.9101365,3.0575333,-4.1647615,-8.510696,-2.1672296049536923,-0.12042996177082856,-4.235588,6.404727,0.2192061594543504,8.88860747536507,10.487807770730882,1,507.6555703624007,203.415,0.4658210684180098,0.6122438618820962,9.0,1008.5618672385872,1325.952844130158,2168.2019741318586,0.1729878745455421,234.32080000000005
CCCC[n+]1ccc(C)c(C)c1,0.7411215,-1.6135304,2.3273203,5.2602835,1.0251559,0.1217871,-1.5352997,-0.17096984,-2.2871606,-0.8727928,-1.430903,1.6603328,-0.03130071,4.204271,-2.4118547,-1.0475433,4.7363086,-3.3879929,-1.6738498,0.8560083,4.02596,5.0115933,2.5989997,-2.0145268,-0.97607976,-3.8606956,-1.067357,4.491139,-1.7847682,2.3337407,-1.61086,-2.0870957,-1.218513,-3.3854759,5.3147273,2.193597,-1.4902877,-2.9416492,-0.8866954,-2.5001965,-2.3667538,3.1059363,0.2852069,0.17038208,-0.43807027,-0.08125712,-1.3446473,-0.3377064,-1.7291629,-2.897771,0.84508675,2.854585,-2.9488013,1.8507339,-0.5937973,-1.20678,1.5102547,-1.8108723,-1.5838631,-0.27976564,-3.2398193,0.6338213,2.378492,-0.9650884,-2.8236824580043063,0.7662421093254638,-0.8004667,3.619547,0.4464490404400579,5.253267449781692,9.327628310651075,1,404.9473994522588,164.27200000000002,0.2470389985985973,0.9066846116894184,3.0,280.4208425892492,1065.063893259421,1176.6540089067582,0.2664641834416774,182.25600000000009
CCCC[n+]1ccc(C)cc1,2.2138734,0.00821808,5.3812957,6.355139,-1.8768134,1.7924101,-1.2222881,0.802011,-2.9592042,-3.0241675,-1.7696487,0.8043203,0.08789654,5.3145385,-2.785307,-3.0083137,4.0724254,-4.748081,0.731413,-0.8952142,5.0068502,5.3029857,3.3405573,-1.4580048,-1.1794949,-5.202673,-1.6164973,3.0451598,-1.2709714,1.4142237,-1.8764895,0.50440794,-0.20128253,-1.8911412,5.4493494,0.76439005,-0.5710592,-2.6116757,0.01151146,-2.4039102,0.0986892,2.5604389,-0.11204219,-0.19385189,-0.7118088,1.0579278,-1.8898668,-2.1057594,-3.3005173,-1.1079217,1.3437728,0.05409193,-2.0937965,2.8853018,-0.45925257,-0.9862189,2.0055792,-2.172933,-3.2733483,2.0808282,-5.7990136,-0.7188174,4.1732826,2.0277007,-2.805863946771235,0.648750793595878,-0.24182719,4.2850595,0.5389782484891031,4.673781830500332,9.453105633582522,1,383.2084572752352,150.24499999999998,0.1955505007037425,0.9422196478193448,3.0,192.74410704145427,973.2058962963658,1031.4995203351025,0.2609742016676908,165.71200000000005
CCCC[n+]1ccccc1,2.0733757,-3.212736,3.9332461,2.7414095,-2.2839205,0.42837283,-0.90488744,-0.31069258,-4.80736,-5.560847,0.15231046,0.4956786,1.7465303,3.0145292,-1.3186901,-2.7645726,3.8223362,-3.9333205,-0.9555044,-0.78728473,5.8277693,7.972028,2.4403408,-3.7782702,-1.7357545,-5.040352,0.5350926,2.571167,0.39208373,0.63172257,-4.502955,0.077601284,-1.2982316,-6.739221,6.7890944,0.55589586,-4.702133,-0.24654771,2.172602,-3.6396132,-1.2002008,3.9058573,-1.6112509,2.0066285,2.5847092,-2.2157555,-7.4336686,3.6110976,0.052869584,-2.7336693,1.528209,4.371727,-1.1810591,6.211314,0.050756007,-0.071017236,-0.81036353,-1.437611,-5.192373,1.4387134,-8.235369,-0.29237682,2.7812285,4.1123466,-3.3163750744783016,2.3253733236682153,-0.1366356,5.270847,0.4650940211229876,4.608757358118526,8.392667283177682,1,353.07052278592664,136.21799999999996,0.2399070311708708,0.9257113060318324,3.0,174.80837425632637,712.5656397447426,769.262116223802,0.3202171102429364,148.92960000000002
CCCCn1cc[n+](C)c1,2.5804296,-1.7715387,5.099164,4.0551143,-2.50486,1.2531025,-0.99017084,-0.040218115,-4.6602554,-4.863133,-0.36633012,0.3085255,1.1150728,3.3383336,-1.9835905,-2.669982,3.769827,-4.3397036,-0.34492823,-1.5183175,5.8197665,6.6099224,2.6279814,-2.582888,-1.7316179,-4.557143,0.09284237,2.267771,-0.21105537,0.9311751,-3.852255,0.18415582,-1.2199943,-4.658597,6.60349,0.48893923,-3.26025,-0.6647699,1.3659306,-2.9541876,-0.38333207,3.0242856,-1.589252,1.2994342,1.175017,-0.8881992,-5.4355063,1.2189498,-1.1982402,-1.4944087,1.5299901,2.220931,-1.338628,5.2959676,0.57102776,-0.673386,-0.06190478,-1.6758927,-4.409174,1.6259398,-7.354287,-0.75034827,3.4321206,3.823968,-2.9808255332410525,1.702966662577767,-0.31708753,4.923861,0.4835749065771353,4.607171923157207,8.598474674166292,1,364.0634991023878,139.222,0.2268299075941674,0.9236301952703406,3.0,178.34002322737214,761.208533705749,823.3948339528727,0.2950173101928257,151.38222222222225
CCCCn1cc[n+](C)c1C,1.6330044,-1.7061605,2.3370068,5.016236,0.21680412,0.2728351,-1.0502886,0.35871226,-3.837122,-3.6836174,-1.0553411,1.3587388,-0.5151106,3.8402195,-3.196782,-0.23894477,3.9893293,-3.6145296,-2.1469433,-0.4155823,5.374022,6.535616,3.2267997,-2.0990205,-2.2544699,-4.3642235,0.12673262,3.5854394,-1.1684521,1.9040583,-2.8732617,-1.9342577,-1.2120957,-5.5282917,6.4238014,2.430408,-2.380022,-1.5239922,0.5607197,-2.613968,-2.3786426,4.1116633,-0.838565,0.9052407,0.30966496,-2.1121197,-3.847716,1.6005116,-1.0695578,-3.4432058,0.5293468,3.1717484,-2.7933958,4.495889,-0.7080413,-2.0838702,0.87147796,-1.3537118,-2.7545874,-0.1324006,-4.418739,0.72361904,2.0331855,0.3587473,-3.1260447836882608,1.421091065750462,-1.0035268,4.2930074,0.4408327565743348,5.02919579589617,9.058252556209318,1,380.8793041048853,153.24899999999997,0.2495061712192717,0.8957766077233614,3.0,234.73363063937828,865.2379782791339,967.5205247737982,0.2773204415221562,167.99200000000002
CCCN,1.8162498,1.0803676,6.8689184,-5.5730796,-12.02181,0.6172321,-1.1491789,-0.2966639,-1.8057449,-2.9497187,-1.1406409,-3.003845,1.990288,-2.0935163,-0.66372967,-3.578699,1.1994209,2.6205096,1.5562812,-3.1718311,-0.5290458,1.2517204,-0.9278498,1.4404366,2.4544613,2.1985521,6.7769866,-2.2985663,-1.8257402,-1.4272957,-2.6777627,5.6380243,-1.4491384,0.44544968,3.1467485,-0.26703906,-4.0483356,3.5216687,1.1406786,-0.033749133,0.5107947,0.7827981,-3.4191353,-2.2274177,-4.6895056,3.7646217,-1.497459,-0.55814177,-3.3473294,4.1350746,1.497109,-2.0936854,2.1368592,-1.6703134,2.5866678,1.1759963,-4.554707,-0.87761974,-0.38573426,2.4143305,-6.5459175,-1.8233563,4.611207,3.0413222,-1.0924081617909562,0.07659931102086324,10.264205,7.029182,0.4871318445787245,2.8240174325598515,4.754927836513662,0,234.80326473812855,59.112,0.224916971078336,0.8961171454844186,1.0,28.466354905987167,117.49437316116936,130.61785010005147,0.4195065420036753,74.16500000000002
CCCN(CCC)CCC,0.14627242,-1.4172119,0.49870235,2.8564744,2.686117,-0.89471316,-5.6218047,-1.817614,-10.189211,-1.6021403,-0.07605135,6.352511,2.637576,-2.7262552,-2.0903983,1.4234459,0.06273832,3.8105216,-1.4024771,2.7510204,5.275673,-0.84440327,3.2998266,-4.388589,-3.9531596,2.6797254,-1.3232185,5.240596,2.180395,2.6767154,2.4378407,-5.530536,-0.3090083,-2.3680234,-1.378787,-1.2287319,-1.0184693,-0.7562055,-3.8729026,4.048206,-2.6601725,1.9735639,1.8341231,-0.14816865,-1.221061,-1.2748102,0.28732958,4.4072833,6.507958,0.3389623,-1.1592003,1.9698746,-1.1060704,0.5922077,-1.0525473,-0.16067287,-2.0442195,1.2054331,-7.063901,-7.5141077,0.6809481,-0.40561026,-5.890293,-0.8413757,-1.1609465954663747,2.3677698327598167,1.8661721,4.7774396,0.1770912818093722,6.504806487454863,7.875443729300359,0,392.0198601997475,143.27399999999997,0.4995184165416653,0.6757621135110153,6.0,430.4694574572003,589.0532643322189,876.778072425228,0.3403963259948597,175.00720000000004
CCCN(CCC)CCCCCN(CCC)CCC,10.087565,16.009518,2.314117,13.978461,-10.665877,-2.076615,-8.21152,4.376563,-8.122968,-9.6990185,17.795095,5.9330125,0.537631,2.6969883,12.720524,-10.151973,4.597114,6.2251377,5.5987806,2.6147451,17.56051,-4.019449,1.3212531,-10.202067,-5.817296,8.37438,-11.335941,2.443556,-2.0867991,1.6602342,-0.11776083,-3.8108327,7.648205,9.348224,-4.322841,0.49457633,-3.3423505,9.049773,-9.753005,-5.698848,11.071368,-2.3868368,4.1128674,-1.1520123,-4.87027,7.293767,-5.6237283,-1.6305563,7.3524523,9.66117,-1.2527773,-1.7442758,5.3171134,-2.350541,-12.261989,5.3367825,3.6881642,-1.334391,-12.258453,-3.6056058,-11.078158,-0.5737192,8.759142,15.107043,2.241300296557227,2.5914819580808732,17.45304,-3.3767767,0.4569336804565714,7.521086505691949,12.720061263854944,0,627.1021033887596,270.50499999999994,0.2377905564194637,0.9041021018431452,14.0,1072.9790720804492,4190.496043647865,4620.298873800249,0.2606929389593634,321.72520000000003
CCCNCC(C)C,1.7171472,0.28300533,4.2889853,-2.7787497,-2.1149695,0.8041078,-2.0673065,-0.044487387,-2.9681315,-0.79198396,2.4225442,-2.8098671,5.692456,1.4468266,-2.6164372,-0.11557728,4.243542,-1.3693764,-0.43320176,0.29480314,-4.400058,6.1639605,2.682597,-4.011234,-1.6653304,-3.670262,-2.3934243,6.912547,0.018687695,-2.1394758,-1.5296643,-0.6210857,0.8064149,0.699731,4.9922795,1.6133723,-5.2912855,-2.2178395,-4.515947,3.659977,-0.11320549,0.96408814,4.1668634,-0.010541916,-0.86684215,4.212251,2.2617536,2.8087924,-0.5221355,4.553821,-0.4491928,-0.41581494,-0.16357319,1.5220644,2.1397095,0.5452498,-0.22406635,-1.8514843,-3.2801478,-5.402126,-6.26419,-4.9953647,0.71189,3.358787,-2.1112205637446424,2.004808359302496,5.9513006,5.141614,0.5890243087327908,3.8639219286414033,8.309671163826502,0,350.2304187686793,115.22,0.1664664155097407,0.9378826895674828,4.0,113.69016462248146,654.3372637690078,697.4987817261797,0.2566252431521082,141.39560000000003
CCCNCCC,1.1286013,0.5384977,6.5186157,-6.031652,-6.0087333,1.922998,-1.5518016,0.1963597,-5.7637124,-4.4742103,0.74929607,-3.2564354,5.5311227,-1.0923458,-4.320772,1.2368046,1.5012786,-0.33951962,1.6832138,-2.3166015,-4.1203737,5.053267,0.21194592,-1.6621295,-1.2087545,-2.5334332,1.6062664,2.8307247,-0.3364831,-2.194385,-1.5620939,0.60175425,0.6565334,-1.4656929,4.6798816,0.95428586,-5.052092,0.7400643,-3.59991,5.6450133,1.7248363,-0.982827,-0.5408868,-0.33380044,-0.8917382,3.06144,0.2742006,3.7485592,0.24634448,5.928915,-0.7261312,-3.717273,2.923807,5.0956388,3.5974615,0.50876284,-2.385458,-1.2740368,-4.127088,-2.612066,-6.111509,-4.487404,0.47675654,6.7003393,-1.364942328539358,2.4674519444841003,7.819039,7.358889,0.6011835796296092,3.509483598794668,7.744396371586257,0,325.34281242424794,101.193,0.1618622200016669,0.9328995977239888,4.0,83.76331399889723,500.889076462444,535.5730792825864,0.2533731176259431,124.6574285714286
CCC[N+](C)(C)C,-3.266422,-4.381652,-4.8293366,-2.8536081,-8.280088,-4.9801626,0.83000386,0.60953367,2.551616,-6.2170897,5.5448933,-3.8726704,2.7967923,4.7615647,5.766108,-2.9963908,1.6395847,-0.92077845,0.07962552,1.2471738,1.286798,8.352791,-3.2923834,-6.442683,1.1370857,-3.7047765,0.4431292,-0.1884909,-0.2195045,-0.9616699,1.6356491,2.9408538,2.3402896,-5.7180815,2.056171,2.1150122,-6.0746074,3.3217976,-0.08042167,-5.3448615,-3.7124677,3.1586385,-4.428568,2.646857,5.0388336,-3.8145967,-9.557421,6.590646,4.1476545,-7.5834165,-1.977342,6.2204823,0.59724396,4.1134334,-3.4136894,2.692941,-1.8071798,0.12978461,-5.42084,5.349809,-10.461193,2.211568,4.472651,4.731194,-2.1909995235052575,3.096324361355742,1.6540955,-1.0322057,0.2808014764448786,3.704005240505737,6.539401016824371,1,309.2668755634404,102.20099999999998,0.3690058944902549,0.9779029312198916,2.0,126.1288446690254,335.6699302050069,343.09428952305115,0.5636368453952603,128.26800000000003
CCC[N+](C)(C)CCC,1.0729759,-6.7636914,-0.33184138,-1.2842062,0.6796235,-3.0522869,-1.4082264,-1.2896463,-4.2068095,-4.96512,3.783026,1.1391217,1.3828225,2.620965,-0.44037658,1.3963225,2.5060654,-2.5978794,-2.6460886,1.5131576,3.5303586,12.049532,1.9457784,-6.445217,-1.5807252,-4.5038023,-1.175753,3.5844502,4.1283,-0.62347186,-2.5572429,-2.810969,-0.8826637,-8.288643,6.0009127,1.0040537,-7.354803,0.1590902,1.872155,-2.8329775,-4.993896,2.08047,0.7898852,4.002205,3.1360612,-4.7365184,-6.5734353,10.364564,5.1691046,-4.8677964,-0.7591132,8.565598,-2.1316187,6.043702,-0.67856693,0.041701615,-2.542552,-1.3658147,-3.5549507,-2.1751292,-7.8667455,1.4864869,-2.2792714,3.2220702,-3.6543702808996654,3.532296206444136,0.6565925,6.752637,0.3043724095985786,4.552545422620833,8.174093788859349,1,362.2176679705957,130.255,0.3551298321445236,0.8406579740843212,4.0,239.05019810353372,582.3413614074086,688.0072011360504,0.3857580385061702,161.51600000000005
CCC[N+](C)(C)CCCCCC[N+](C)(C)CCC,2.0292823,4.7772493,3.3880074,8.556415,-8.974848,-3.8818786,-2.7723677,-1.9866017,0.2943263,-1.3628279,4.4059505,0.31797886,0.328177,1.6126027,10.509483,4.719895,-0.8710203,-0.23226053,2.789003,0.2808301,12.722847,8.399899,2.5243442,-3.237404,-3.1893737,-1.5842614,2.5294578,6.129579,-0.9885508,0.66078,-7.3972077,-1.7240355,-2.8332052,4.848614,-2.5866542,-2.5028374,-0.32042998,6.435379,2.2137659,-11.916542,1.0306897,-2.25381,-4.361288,-0.8687289,-1.9125061,-1.4626099,-1.9289784,2.4885724,4.9708753,-0.41731784,1.4568782,1.2377312,6.6243286,-1.854769,0.94703305,2.42717,-2.7030733,-1.1055887,-2.9239624,-2.6212783,-9.701177,2.4128816,5.7937555,6.521699,0.7789681209609378,-0.09930518534315547,-10.383148,11.616784,0.6822351653279981,6.26102073217065,14.335667908936074,2,604.6283926306912,258.4939999999999,0.1219626223261481,0.94915579855551,11.0,649.9227488377907,5164.931578812639,5437.465596248244,0.161426993344127,312.1272000000001
CCC[N+](C)(CCC)CCC,1.2431264,-0.25985274,4.6108537,5.185392,-3.5909944,-1.8054615,-4.341655,-2.0417557,-6.084822,-3.542945,-0.37399364,5.0786133,-0.038928196,0.27649987,-2.7929034,3.040824,-1.267333,-0.090862274,-1.4587127,-2.9333472,9.838897,4.7615833,4.481819,-4.34643,-1.3023438,-0.72757566,2.7865787,6.7827973,1.4112676,1.0616511,-3.4249227,-2.213019,-2.5016315,-2.9683192,-0.39189386,0.68997854,0.72983444,0.4861539,2.4231832,-3.666916,-2.6973455,-1.7352223,-0.565323,0.2813691,-4.701326,-1.4294542,-1.5180784,4.999677,5.850014,-1.1235433,1.3842381,-0.98895437,1.9184535,1.7655365,1.7426934,-0.67100143,-2.4208992,0.3846671,-5.1868863,-5.751564,-0.6400292,0.84782475,-3.4789035,-0.82548296,-1.3009707324903514,0.6849483815540182,-2.8599107,6.8354793,0.1409255660812201,6.905705078508502,8.342079899791212,1,412.3064455874687,158.30899999999997,0.5312442975425316,0.7109519071965742,6.0,524.1262632479508,700.2470004269135,989.0253081191788,0.4178599368221173,195.02742857142863
CCC[N+](CCC)(CCC)CCC,-2.0028794,3.8526824,2.2098913,3.715976,-8.63112,1.1144128,-3.5427096,-0.78440404,0.63652164,-1.0859936,-2.0903513,3.5560453,0.26918513,1.327843,0.17260443,2.7326627,-4.3596096,-0.96791095,-0.78743577,-1.5872759,6.1199036,-0.32207704,-1.6786976,-1.2665458,1.3368678,-3.6968844,5.4303904,5.267979,-0.9991206,0.28207803,2.4724648,1.3305533,3.4364438,0.3297535,-4.728332,0.48750144,5.27664,0.29575968,0.14942105,-0.46784365,3.74541,-3.8669946,-0.9880644,0.08624053,-4.548932,0.8168757,2.6321056,3.025303,3.5527973,0.4832779,0.3725498,-5.3455043,8.152855,-0.5950433,0.84562886,0.6549381,-1.560733,1.4260273,-1.0108747,-3.4819727,6.1269665,3.4901388,-0.7951181,-2.524654,0.6984650088922865,-0.5665588851979987,-1.7341905,7.9646115,0.0794814153520058,7.989733163722588,8.063756537673218,1,463.5297860019085,186.363,0.6662773974808021,0.8111632920604981,8.0,819.5765168704963,982.076960137409,1237.746914118611,0.6152054536585625,228.5840000000001
CCC[N+](CCC)(CCC)CCCCCC[N+](CCC)(CCC)CCC,7.375597,23.625532,1.2438469,14.87379,-12.194554,-1.585624,1.012242,3.1829107,6.506124,3.9763086,6.5526524,8.794203,-2.508736,1.027577,20.551558,8.643117,-19.305817,7.905366,6.509187,6.7991376,8.549833,6.0142245,3.7627242,-5.5324354,-13.981843,-3.4949696,3.393373,3.4391315,2.966381,-6.0845356,-3.375676,-7.0218806,9.916692,10.317073,-16.26994,-7.8802104,14.661943,4.2053223,-7.911323,-13.248508,8.261124,3.5090754,-3.740132,-1.8738396,4.290876,0.58120215,7.7500596,11.263078,11.800732,1.8796321,2.0499382,-7.322045,27.036629,-10.428611,-7.0144486,5.446763,2.502508,4.2460885,-1.7010108,-14.052763,-7.6553426,10.253505,9.093983,8.840545,6.46111588946908,-1.771334228536081,-13.831673,14.2205305,0.5438699415248164,8.879359769140066,16.348752284780765,2,796.2431362919713,370.71000000000015,0.1882532894589508,0.9468615022943832,19.0,1789.9493140485918,9047.83092947074,9554.513461935798,0.2405869535422866,445.8141176470589
CCC[N+](CCC)(CCC)CCCCCC[N+](CCC)(CCC)CCCCCC[N+](CCC)(CCC)CCC,-3.2399766,9.455032,-14.254248,11.909754,-5.5534496,7.0407405,0.336654,-0.48134807,8.021076,8.935096,0.11775232,-2.5572994,-0.16088204,-8.94712,24.141857,12.563129,-22.69744,5.666373,6.897942,7.4037194,-4.2313004,-12.362102,-4.9036393,4.5892944,-6.561671,-3.8712976,15.985995,3.2869253,-7.7273893,-0.68283427,3.6016526,-7.258723,4.8531513,20.314896,-27.198177,-7.3985624,14.592162,7.9948215,0.68688786,-8.8664255,13.147469,-0.020308197,-2.722407,-6.0361032,12.418416,5.032005,9.406993,2.209399,12.030879,-3.5642037,-3.1413093,-13.1032095,32.910572,2.2602513,6.95175,14.062716,-3.825777,4.9911556,6.5703697,-14.476794,15.55746,9.056596,5.829685,-0.401711,11.426076679004241,-3.5814576991966107,8.483215,-17.497965,0.6699857349632072,10.437862418047896,23.6259149267124,3,1128.5261817134574,555.0570000000004,0.1266247588081998,0.9581761748995442,30.0,3690.2961582962384,27924.66410584622,29143.55922988156,0.1559279075228334,663.1360000000002
CCC[N+](CCC)(CCC)CCCCC[N+](CCC)(CCC)CCC,4.4044523,19.02661,2.6881871,12.066868,-14.60993,0.83874154,-4.0745955,0.63891697,10.602033,7.085625,3.2457335,5.57247,-1.6644742,4.318218,20.030464,7.695557,-11.646279,4.106907,3.6550326,7.8315096,9.998001,10.423406,1.6035423,-2.391654,-7.0689898,-7.208501,4.2342,10.214052,-1.4487194,-2.7695894,-4.909242,-4.7379775,8.344407,8.836708,-10.953222,-5.341682,12.761673,2.4842494,-8.518876,-11.741436,8.443998,-0.5856034,-3.525297,-2.1892946,-0.15357587,3.5845485,10.467258,8.890945,5.5161247,2.1323798,2.8094969,-3.2035015,24.12354,-14.615987,-3.3400192,6.4571466,2.2960439,0.30185178,3.2856739,-10.455375,-6.461218,9.596393,11.439261,5.029561,4.77904222580677,-3.0170004720072225,-13.673347,14.0475645,0.4822984208294176,9.18570501037191,15.743090907751064,2,775.0888380894261,356.6830000000001,0.2204229832738621,0.9257842382197596,18.0,1779.9818437392544,7475.985991913371,8075.300575746836,0.2610367104337261,429.4080000000001
CCC[N+](CCC)(CCC)CCC[Si](OC)(OC)OC,4.4666147,17.721668,0.74262863,12.759952,-14.350238,1.515262,-7.0896335,6.490464,3.4146671,-3.9772239,9.289095,3.4355247,0.14977534,3.8686862,15.970327,-6.37931,-4.132247,1.6642848,5.7106133,2.4558747,12.918217,1.7115531,-1.4079666,-5.18137,-5.2797527,-0.121558905,-3.516576,0.101189755,-2.923013,-1.1687039,3.07439,0.04524833,11.627715,7.5374365,-6.616355,-2.2181475,2.631657,3.9841692,-10.570887,-4.330093,9.251679,2.456847,2.2848542,-3.0647242,-1.240557,3.9110312,2.133239,0.54658407,2.6974983,7.8284698,0.8761524,-1.5040624,16.22186,-10.383584,-8.489303,5.026869,5.3711467,-0.122383565,-3.45429,-1.3835362,-11.980442,3.1129706,13.925077,12.353313,2.555372631967577,0.07013858190255845,17.314285,-1.8429432,0.3043696552798727,8.012567389208849,11.613900106966955,1,614.6846793348208,306.543,0.3443206597540318,0.92517885725762,13.0,1272.2622176352131,3447.414234039666,3729.784944910812,0.4459088606498952,334.1575000000001
CCC[N+]1(C(C)C)CC2C3C=CC(C2C1)C1C[N+](CCC)(C(C)C)CC31,-2.4676368,-2.6430013,-6.927701,12.931806,2.3317058,3.4382324,1.8717536,1.0224468,5.434176,6.1130986,7.7738705,-0.25219828,-6.950877,7.400045,12.32685,5.981036,-7.1973877,2.3610094,1.6769321,8.295512,-1.2627269,4.0831738,-1.0084887,-4.084114,-1.2750399,-3.8380404,-0.92178583,5.036505,1.335952,0.97257006,0.8331551,-7.1102076,1.4216807,4.153594,-9.94548,-5.9967923,8.09303,1.2653465,-5.8318653,-5.6154356,-6.6915784,1.4121342,0.85193205,-5.085047,3.5384665,3.1556153,7.12179,4.552484,8.209588,-14.232936,-0.13222596,1.5805366,10.108164,-5.9016156,0.2524002,3.5015528,5.014164,-0.69585717,6.093164,-9.402834,-4.2381597,3.9770758,3.5832515,2.7196023,2.441883913344597,-1.80727512505412,-2.5822213,11.72407,0.5199803008863569,7.361605247596966,12.987347788634514,2,642.8953343682022,360.63000000000017,0.1992262345201848,0.9172814945500914,6.0,1138.5761101282203,5250.59782971886,5724.1921678894105,0.2253514718795241,396.9671111111112
CCC[N+]1(C)CCC(CCCC2CC[N+](C)(CCC)CC2)CC1,9.543909,-3.2361596,-1.6500111,12.399512,-0.65616894,6.674066,-1.182065,3.3912098,7.7398167,5.7046657,7.1022105,4.7292657,3.0166726,2.940659,8.334487,6.9109015,3.0928988,1.7753217,-1.6061764,5.638824,0.15896976,3.1695588,8.64696,-4.3187237,-4.867276,2.762687,2.7099986,9.80295,-4.3933578,-2.1285164,-9.400592,-2.7375815,0.2922445,6.1909738,-5.1980157,0.5641268,10.220424,-5.0345917,-3.8377202,-19.951654,0.8315032,-5.241523,-3.0369005,0.7123594,1.7885633,3.4479647,-6.722198,0.63397795,0.15977612,-9.688384,8.589511,-0.25364882,0.18168242,-1.5253437,-4.763808,4.761823,9.308266,8.7589655,-2.897711,-11.351005,-0.006093681,-5.236946,1.9827268,-3.0512652,0.9170488931931019,-4.327881645973487,-6.473327,14.568499,0.77810058399679,5.951682165096518,17.99176068966036,2,670.3099167206794,324.5970000000001,0.0812610072596215,0.973758381791742,8.0,701.6840006993499,8515.267715224676,8740.542378642853,0.127836414496537,373.40960000000007
CCC[N+]1(C)CCC([N+]2(C)CCCC2)CC1,3.565566,-7.2696023,-2.3608284,5.610754,1.146353,-7.328652,0.528416,0.21363518,-4.090549,-0.7855901,9.025298,-0.74327165,-14.02148,10.154031,-0.18907811,4.4853234,-4.5182853,0.41728652,6.5271893,-5.5383596,7.8811407,10.803937,4.539876,-6.0881777,-4.921172,-3.3284633,-5.153505,0.4792761,6.8078885,1.1941198,-1.1266199,-4.0099955,-4.9666805,-2.5353355,-0.42623872,-0.057695583,-1.3864888,3.5240228,4.456273,-6.4872446,-10.214159,-4.8402925,4.872793,0.17889667,-2.8960135,-1.024085,1.5080109,3.897766,13.493398,-14.861676,1.3467163,-0.039487183,2.2339675,5.2410083,3.8416507,-0.28899023,-0.32775652,-3.71585,3.4024246,-5.4216466,-11.854346,2.0630867,1.8577857,4.5781007,-0.8807685155752265,-0.12406584672291007,-10.2977085,6.994258,0.509635459665934,5.293755925917256,10.714816559857825,2,473.7935501096761,226.4079999999999,0.2101865886648128,0.952628282821631,3.0,451.6078862583759,2084.323857856973,2184.3435831307274,0.3183276173483599,256.5844000000001
CCC[N+]1(C)CCCC1,0.9263787,-5.375245,0.46373916,-0.5440144,-6.4157186,-4.3241186,-1.1345143,1.6723554,0.686249,-5.232831,5.735421,-2.2043104,0.74912834,4.717714,3.4369776,-7.2376976,1.4891348,-1.5073645,0.9085567,-1.0453533,3.0133955,6.603341,-1.1873956,-5.805133,3.0029624,-2.0031927,-2.2816546,-0.7210245,0.35756454,-2.978705,-1.4130898,3.4360116,2.7130227,-2.5852683,3.071047,-0.98280305,-4.5018826,1.3797189,1.1983186,-6.3074822,-2.3458111,3.7479928,-0.95433927,2.0563674,3.8453536,-1.0581427,-8.337614,3.1171956,1.7810233,-5.308574,0.22420585,5.2151313,-1.5136795,1.6916143,-3.263482,3.166942,0.8248072,-0.39451453,-5.5907073,3.0872169,-11.977889,-0.9023372,4.5155435,5.4843955,-2.8458195973497484,1.8727983032918123,1.1110128,-3.4031847,0.3229169672785667,4.284976137781268,7.412382343379499,1,338.8209338269263,128.239,0.3311974656796819,0.9323718638318942,2.0,179.55580059830217,508.7196096652556,545.0037956579613,0.473549769236893,150.98133333333337
CCC[N+]1(C)CCCCC1,1.8814967,-5.7328153,1.4667118,1.1124699,-4.5961866,-3.440633,-1.8420709,1.1918448,0.97762644,-4.003763,4.612445,-2.0605645,-0.47480232,4.703598,2.1903868,-6.5823975,1.7258,-1.3257108,1.1530483,-1.3148032,2.6484756,4.2972093,0.7940722,-3.5762975,3.2716374,-0.48767924,-1.9186963,-0.4000046,-0.6666386,-2.3298793,-1.6489414,3.4279609,1.3206582,-0.3966715,2.9440093,-1.4159386,-2.4778552,-0.06545855,1.2271236,-5.834729,-3.536204,3.1992023,0.32934755,1.0861814,1.6470044,0.7299867,-6.443007,0.2545147,-0.7850894,-5.3872476,0.2415807,4.15779,-2.853328,-0.034694925,-3.4581678,1.7999749,2.2890947,-0.834718,-3.681774,1.2555791,-8.8073435,-1.8428361,3.1212895,3.2705622,-2.9547012190926316,0.5841733183951546,0.64078534,-3.4129004,0.3001554246362914,4.665161310092067,7.762457199651027,1,356.46951004419867,142.26599999999996,0.3532444268668918,0.9201892789473484,2.0,232.4725094247712,615.1829343467718,667.0175716425236,0.4758406085606417,167.14285714285717
CCC[N+]1(C)CCNCC1,1.872519,-5.3891516,1.6865686,1.7100646,-5.603102,-3.7192519,-2.1197226,1.2952996,0.1901877,-5.086877,5.9106655,-2.8487258,-0.8514208,5.079903,3.0250263,-6.5866094,2.0808222,-1.6451467,2.3309565,-1.5087955,4.240958,4.983293,-0.33449692,-4.3124,3.2429516,-0.8486103,-2.590624,-0.5946777,-0.9227878,-1.716812,-1.2893484,3.13742,1.6714425,-0.22790232,2.7205698,-1.780539,-2.509294,0.94466436,0.4858901,-5.5047445,-2.8473353,2.354715,-0.26701146,0.9333668,1.5362421,0.9377209,-6.5005956,0.43336278,0.5713645,-5.1107264,0.075274326,3.785536,-1.398011,0.23650782,-3.1036248,2.2758262,2.710197,-1.3336272,-3.95724,1.5485262,-10.559992,-1.8884109,4.8955836,5.602779,-2.5474811164805256,0.8795208655156147,0.89940274,-3.3425567,0.3380510052187422,4.4569271097073,7.815753363930462,1,354.2504112104122,143.254,0.3203498034154752,0.9361862618336874,2.0,218.8312263324441,644.9010475375593,688.4931020615694,0.4704955444167096,163.5546666666667
CCC[N+]1(C2CCCCC2)CCCC1,-0.91253513,-4.193518,1.9030991,6.118,-1.2789369,-2.7944007,-3.433386,-0.9586773,5.0972204,3.487209,2.168536,-0.4974439,-2.4325645,5.537705,5.331854,-2.1068497,4.031455,-3.7516239,-1.7599273,-0.59085727,4.413546,7.3363075,2.5795681,-3.2582557,2.6468985,-4.0887346,-2.0050943,6.5344973,-2.7141166,1.2862895,-4.5784626,1.2038277,-1.9893842,2.2672398,2.778919,0.14069895,-2.6881514,-2.266125,-0.15465166,-6.8924823,-5.041224,-2.4084911,5.3254404,-1.0848248,-3.0772724,2.8639064,1.5829402,-3.245541,-0.93475807,-6.4209256,4.2343736,5.3046656,0.18505998,-2.6737912,3.3444571,2.007664,3.2547264,-5.159633,5.44198,-3.321423,-3.7032804,-0.8434813,3.935562,-1.5062087,-2.4194179429577027,-1.9307744639312134,-11.922657,-11.8098545,0.1967222566054743,6.7624428131546965,8.560569770957022,1,430.1313336440202,196.358,0.4476331826813801,0.764343993281408,3.0,588.7190280468205,1012.0247040903084,1322.949667442161,0.3933463044575341,223.40666666666675
CCC[N+]1(C2CCCCCCC2)CCCC1,-2.6147118,-4.8427067,-0.703596,5.7412915,-1.2971084,-1.8967489,-3.4144816,0.3087242,9.699498,4.3444996,3.4363751,-1.6292926,-2.1282487,7.756334,8.634314,-3.7909865,2.420843,-4.7617507,-1.1747875,2.0862522,-0.24607551,6.728489,1.1409013,-2.5888493,4.5391717,-5.388261,-3.0627387,5.4042983,-3.7170532,-0.16450626,-1.9329208,2.2879207,0.17898786,3.5824323,0.9331539,-0.41316193,-1.345838,-4.2657757,-2.3694632,-5.9591913,-2.698956,-2.1559622,6.3954954,-1.5399451,-1.5700886,3.484849,3.0914721,-4.1275344,-3.0791628,-7.750608,3.4430833,4.9607573,1.848803,-4.843907,1.413404,2.5900023,5.536417,-5.420703,7.9073024,-1.9898747,-2.7918124,0.335249,4.780173,-1.5309573,-2.2744520671610875,-2.520307389231613,-12.029548,-10.30605,0.2163062417023974,6.936802700291599,8.844288180779847,1,468.74517961546,224.41199999999992,0.420352034171092,0.8315310656098982,3.0,731.4564959373959,1451.4413434237272,1744.3620329267949,0.4255490095228283,256.66240000000005
CCC[N+]1(CC)CCC([N+]2(CC)CCCC2)CC1,3.818863,-5.417775,-2.4006298,7.2225046,1.6469508,-5.0738645,0.6022881,1.1596284,-0.8882862,2.5121927,9.161098,0.22869007,-9.953015,8.812622,4.411109,5.1214695,-3.916895,-2.3531048,4.7814016,-3.4425645,5.26097,11.917557,4.2976136,-7.1760817,-4.375122,-5.159647,-3.7640057,3.6343143,6.5088053,-0.6271452,-2.3832672,-5.0503464,-3.98571,1.911419,-1.9194477,-1.8482447,-2.4012673,1.6353906,4.3292994,-8.410674,-7.226351,-4.005241,6.18902,-1.7058866,-2.3382106,-0.2552116,4.338588,4.342105,12.019224,-11.679719,2.6607003,0.49910623,5.0768247,1.0785186,5.1243963,2.0560863,-0.2095105,-3.2323587,4.0874496,-7.1647964,-12.237291,-0.04130502,3.2009058,2.958432,-0.18179504520180303,-0.7489001816022459,-10.420937,6.9733305,0.4151992918374795,6.216152783930518,10.475244140521156,2,512.7054024084365,254.46199999999988,0.2647994378195573,0.915569760407233,5.0,687.8735171717348,2406.234122394399,2626.323112945473,0.330393066271052,289.9017142857144
CCC[N+]1(CCC)CCC([N+]2(CCC)CCCC2)CC1,0.3158455,-2.0671072,-1.6529108,10.45329,-0.25320163,-4.7497044,-4.445344,-0.8517506,5.5417905,5.741387,3.896962,0.27316397,-7.581768,9.685324,9.247391,6.234285,-1.4766669,-3.5359254,2.4678283,-0.39422417,7.536425,11.358176,1.9473388,-2.3912818,-3.558862,-8.00803,-1.5435542,8.634546,0.5467342,2.8970947,-1.262868,-4.0329742,-2.8584814,3.5018027,-1.4088893,-1.5513067,-0.40987444,-0.9592837,-1.5881287,-8.116549,-2.314485,-3.6202362,7.0708485,-2.4702685,-4.3006268,0.7408078,7.374825,-0.8796628,4.8992777,-10.388677,1.2581115,2.2664416,7.0595417,-3.6305304,5.1670732,1.8650079,3.5036976,-5.823292,10.118292,-5.267933,-5.9875746,3.0678704,6.6552486,-0.7376416,-0.27823376097406644,-2.6077757043232817,-12.868249,-11.723216,0.355341076697757,7.290386613095672,11.516596030770572,2,572.6953089497491,282.516,0.3025219832979373,0.8715369789897173,7.0,1024.3343246445445,2962.611708823096,3401.0944837848533,0.3094095374049753,323.41480000000007
CCC[N+]12CCC(CC1)CC2,2.0431538,-3.5500724,2.0988553,2.1171546,-4.89791,-2.1908886,-3.2311773,0.64381254,0.9347598,-3.4715672,5.4875364,-2.765725,0.9890674,3.9107752,2.036004,-1.9082285,5.3280263,-0.9448007,2.4679692,-2.596542,4.714175,5.4427767,0.87839425,-2.8766866,1.7425892,-1.3933252,-1.4002162,3.3100402,-2.5976276,0.7451216,-2.3289943,1.6964178,2.0428307,-0.39889207,2.3885055,-0.45289177,-0.9307246,-0.340658,-3.1502392,-4.002266,-3.533551,-0.5448938,1.1764655,0.8031515,0.094080105,2.1735058,-3.765201,0.29237682,-0.49735698,-2.6636653,0.55882055,3.222812,0.43297714,-0.8325292,-1.9934798,2.8159528,4.6778083,-1.9584672,-1.89738,-1.745452,-7.615469,-4.183297,4.7121534,4.727115,-2.1060957941681604,0.10780852630379202,1.293848,-2.4294581,0.3421928888227289,4.628280719167189,7.9966642349064765,1,362.7643867383124,154.277,0.3194226194147005,0.9821088172170724,2.0,232.84635468825996,718.7064113735179,731.6190169797796,0.497959257394193,173.18933333333337
CCC[N+]12CCN(CC1)CC2,2.1762884,-1.8742037,0.62656164,2.966997,-4.876451,-4.507954,-3.5025525,2.3043337,-1.7149153,-5.5032277,8.5127,-3.4514458,0.4308651,2.2380638,1.6601465,0.6429758,4.077255,0.7901414,2.9153204,-4.842706,5.702008,5.0790443,1.4257815,-3.4715679,-2.2134752,-0.77661663,-0.8198519,4.474028,-3.0546618,0.55147994,-1.6230998,-0.10552889,2.461698,-1.2796321,1.1730412,0.9129134,-2.320918,1.7642128,-5.8866177,-1.4807088,-3.390118,1.4028206,2.3425438,0.20486817,-0.11845943,0.23233281,-3.6161113,2.0321214,2.7024643,-1.229921,-0.33782834,1.9076457,2.692116,-0.471165,-2.0261579,2.3069017,5.4544535,-0.92900145,-3.1828303,-5.497512,-9.863096,-5.8748484,5.85103,6.486021,-1.4044652546466285,0.876837047307772,2.3568707,-0.7154429,0.3825939332323108,4.598433043526949,7.489528033369166,1,364.00499136669055,155.265,0.2893409829228147,0.9856198176940218,2.0,220.2804873716465,750.3700706743989,761.3179617572844,0.494152097353181,170.16800000000003
CCC[n+]1ccn(Cc2ccccc2)c1C,-2.1738796,-5.252794,-1.8704406,3.0104775,3.3541832,-1.8754371,-2.953006,-1.0768584,0.19306444,1.218642,0.3849135,3.876076,-0.20023225,1.9122994,-0.7151727,2.4011674,1.6738921,0.46502918,-3.6271424,0.71121675,0.829866,4.0122433,0.93866926,-0.90743005,-0.61460066,-1.1540427,-0.2727076,6.82124,-1.8881505,1.8778337,0.2082606,-5.302373,-1.6082838,-6.7133403,1.3976555,2.1491718,-0.060629353,-4.84812,-6.7814245,-1.8243771,-2.9004774,2.0846608,0.8426687,1.8247939,1.824985,-2.8630896,0.43687323,1.9599662,1.7369243,-5.5737185,-0.52344084,4.0775037,-1.4744966,-0.99048054,0.65811765,-0.6771201,2.165101,0.20837715,0.6805364,-3.94902,-0.6362419,1.6161863,-0.4600048,-3.0083137,-2.3128889316177115,0.3204943919152571,-1.2825669,1.2693651,0.4323586082870407,5.495886584355289,10.215016781303303,1,457.2073263981223,215.32,0.2548540511689968,0.9262788323310924,4.0,482.97787067044777,1784.9968055697705,1923.3951535188617,0.3483119850995833,223.17415384615396
CCN,-0.024698563,0.372682,5.2142935,-7.141703,-9.581902,-3.1989777,0.5790702,-1.783233,-1.5346606,-3.0916586,-3.9386733,-3.4992921,0.09176274,-3.107208,-2.244972,-5.2306614,-1.3746995,5.6385565,2.2903006,-1.7000959,-1.2314782,1.3719137,1.0938482,4.2246876,1.8581648,2.488693,5.496946,-2.8384616,-0.63770974,-0.65147763,-1.8393298,6.8959265,-3.5546887,-2.6796663,3.1423788,1.820272,-4.9685097,4.8780837,2.45268,0.57209456,-2.4381092,3.8071382,-2.2648256,-2.7592533,-3.4867084,1.8697828,-2.51128,-2.1850529,-3.416399,0.5471637,0.90948486,1.1055403,-0.039110705,-0.15308537,3.7965434,-0.5251119,-5.9797053,-0.7304243,-0.08878246,4.9866495,-6.268756,1.7504487,3.1858633,2.1955428,-2.0031017755693212,0.45103140426679256,11.244543,6.6895733,0.423119586005216,2.4287439697622952,3.771890872528707,0,204.34133228658885,45.085,0.2540036156569079,0.8770245334000414,0.0,16.01099825828005,55.32560365237195,63.08311185295884,0.4661598145323598,57.372000000000014
CCN(C(C)C)C(C)C,2.7269492,0.010365605,3.0880027,-1.7461271,-4.8540006,1.2097604,-4.0810146,-1.6791899,-2.3744879,1.4575866,0.2989598,2.3452282,2.741383,-0.38203734,-1.8484676,-2.5388994,0.27339974,2.040186,1.0255761,-2.5099835,2.2629528,-0.8208355,1.8369014,-0.21578628,-2.6049337,2.5626876,1.3260766,-0.98412263,3.5060718,0.089353114,1.7602102,1.2887115,0.70640135,-1.1315205,0.8428126,-0.7455248,-0.6822159,-1.0307341,-3.7596571,2.0197737,-3.658434,-1.2940693,0.43322763,1.5976999,-0.097041786,1.3995079,0.89127433,0.90782726,2.4742355,0.6273688,0.33096087,-0.1465106,-1.5069118,-1.0393158,0.4659151,1.3718145,-2.0653722,0.77578413,-0.85678256,-1.3129315,-1.2364876,-2.3959048,-0.64247084,1.2594646,-1.2922997503152502,0.47063619621530095,5.965572,0.20149437,0.1042999946237825,5.6094331135534965,6.186007432460012,0,345.7755172993598,129.247,0.5771569982441878,0.7741472157846698,3.0,292.7968867635537,393.1686687296085,509.2154164449642,0.5431622792534371,158.04977777777782
CCN(CC)CC,-0.99166226,-1.5398778,4.6149254,-1.2214472,0.17902288,2.83901,-2.9068906,-3.485782,-8.541427,1.099856,-1.1885406,2.3227048,6.088461,-3.6401577,-3.8941317,1.9875149,-0.9179659,0.624783,-0.91882837,0.7717179,-1.5324217,-0.517851,-0.39708042,-3.020244,-1.9337666,0.3859868,1.5349098,2.2735898,4.724584,-0.5231297,0.79246986,-2.5486326,1.8265052,-2.2034042,0.79618037,-2.0818684,-2.094963,-1.9017162,-4.075637,5.68021,-3.2267756,0.11016759,0.84901357,0.122823,0.39440325,1.4438596,3.274017,5.145789,3.4718583,3.225186,-0.94345427,-0.007834703,1.0085067,1.7898067,2.1026354,0.9027717,-5.386319,1.3013892,-4.4001718,-4.297789,-0.2976877,-0.94521457,-5.7939367,1.6315219,-1.015977564528721,2.6295898048160535,2.452237,5.6338096,0.1898466160903575,5.207187292428536,6.223987007436752,0,311.6718247192791,101.193,0.4693285969415996,0.6902827134779858,3.0,173.63410750645764,254.82407086688727,369.9982093240152,0.3501323482235103,124.74628571428572
CCN(CC)CCCCCN(CC)CC,2.6641695,9.335282,1.7087114,15.63251,-3.935598,-1.9938347,-5.753466,4.961213,-8.353143,-6.093235,15.050611,5.20762,0.6812596,1.1995615,11.43716,-8.442099,7.935989,1.7949327,1.7792261,7.928065,11.958096,-2.3859084,0.0009763837,-10.241731,-1.5377462,2.831015,-9.145517,9.407334,-4.2868347,3.3992186,1.5853294,-6.3965106,7.5566335,7.741561,-4.2962365,-1.838237,-1.9709274,5.2113028,-10.475967,-2.3645241,6.8817167,1.878006,4.5070667,-2.6004593,-2.4515438,7.6735473,-1.2569919,0.58923244,4.7198434,7.754893,-1.5972193,3.889469,4.3634496,-7.266438,-11.4696,4.712845,5.591263,-3.020542,-11.368031,-8.627335,-10.566944,-1.9165978,8.833586,10.85325,1.282078430678409,2.9346822520286526,16.304256,-3.5042505,0.5676243901825527,5.958439629689267,11.326997805058417,0,525.6854366839013,214.397,0.1761739921537235,0.9313115970290596,10.0,511.93025957773744,2754.620012748018,2953.4334230491663,0.2266159801447429,254.5628
CCN(CC)CCN,-1.0519139,-1.7878168,2.870883,-0.98497623,2.2080774,0.7730942,-3.0800102,-3.088009,-10.324775,-0.7422667,-0.757156,4.2009525,4.8231506,-3.443931,-4.052271,2.3062987,-1.5246065,2.0923955,-1.0915684,1.6765348,0.57955354,0.98736155,1.0896039,-4.50972,-3.4685912,0.3083167,0.46367761,4.1477284,4.6477847,0.60878855,0.97789615,-4.517739,1.1805606,-3.9616683,-0.24865466,-1.9155157,-2.2829392,-1.1821316,-3.9319403,5.749281,-3.315744,0.49937165,0.7835492,0.42613178,0.03137383,-1.2496604,2.0097702,7.1077104,6.6740274,1.4013747,-0.96060157,1.1079942,0.8643412,2.87893,1.5090176,-0.4668152,-4.2605996,0.77253807,-5.7199984,-6.7572236,-0.89324844,-0.6228402,-6.643314,1.6927499,-1.208109122608581,3.1558262326765103,2.1882567,5.5371475,0.2394421042466502,5.508379417156791,6.71733217140829,0,332.6004968077556,116.208,0.4150221024056107,0.7308085540942835,4.0,218.63055918290607,390.4116128723519,533.511866458957,0.3326989223650146,137.1664
CCN(CC)CCO,0.43492192,-1.0400699,2.4549088,-1.6618102,-2.2087069,-1.0177429,-1.9174904,-2.2302728,-9.558946,-4.523718,1.3390071,1.078196,4.394355,-1.7462721,-2.6282766,-0.5722912,-4.076174,1.1250848,0.7769152,-1.1623377,2.540743,3.4860184,1.6071444,-4.934122,-5.852739,0.26680696,0.5503739,1.7370476,4.920306,-1.4020797,-0.98884267,-1.8155177,-0.30637497,-5.193176,0.37997955,-0.44866127,-4.5950294,2.1930454,-1.7899593,3.7825246,-1.7800548,1.4127654,-0.22609654,0.6874694,0.9217416,-2.9888163,-2.136889,7.617269,7.3151445,0.60314274,0.2586014,0.45017514,2.1151397,6.3590045,1.9121163,-0.43833348,-4.825939,0.5669515,-6.54154,-3.9600854,-6.616698,-1.3025415,-3.3845186,6.8256702,-1.3623391948213142,3.624906669286737,2.425322,7.6387486,0.1799003555769119,5.268797425725396,6.182248126657751,0,319.9334507493323,117.192,0.4699329661343467,0.7480066842908015,4.0,220.2847677030724,350.98371649526035,469.1844635983539,0.4041142201350036,133.24266666666668
CCN(CC)c1ccc2c(-c3ccccc3C(=O)O)c3ccc(N(CC)CC)cc3[o+]c2c1,-1.5576072,0.60832155,-5.1808615,4.889972,0.8642863,-15.426498,-2.122897,-7.728237,-11.323037,9.78249,1.4712386,-1.0286067,1.5771174,-1.192039,0.9838152,5.079552,-0.53218746,8.541525,-0.98864937,5.149584,7.746147,-2.2720492,-2.4830997,-5.9831057,-9.58964,-1.9234984,-0.15677747,15.149159,0.620252,15.355256,2.5834973,-8.398287,-5.5358315,7.3661146,-1.6822581,16.18549,-8.942134,11.370402,-3.9607923,4.216964,-5.521277,-5.9378076,11.581351,-5.6791067,-7.415673,4.565203,7.863356,-1.9751098,17.18804,-8.1809025,-0.06975617,3.168998,4.480333,15.040336,12.12371,-0.89474463,-8.318474,-5.7587824,3.860884,-17.561655,7.973433,3.3841472,-0.6777861,-1.2885468,3.148513452655345,2.9889835837960006,3.9277792,-12.389269,0.2267758029673077,11.670837112954263,15.269121837279618,0,756.0918617868834,443.5670000000002,0.4147787505374487,0.7145835693219273,8.0,3484.2084457327446,6002.556905254913,8400.617473341523,0.1803311424606156,424.9568000000001
CCN(CCO)CCO,0.47337294,0.4140745,1.0102233,0.05245596,-3.0788465,-3.2821772,-2.419669,-0.86158955,-10.35423,-6.076598,3.7574818,2.0544333,3.2312365,-1.5858235,-0.018866107,-3.0238013,-4.716926,2.2256064,2.6662025,-0.36101305,5.472433,2.1277876,1.6851172,-6.0011463,-7.0219493,1.2529604,-1.1563233,0.09909084,5.208802,-1.0524952,0.46880895,-1.6397059,1.1684992,-5.305641,-1.4440737,-0.7933196,-4.984513,3.8818686,-2.5868673,3.4481459,-1.0930492,1.8979671,0.6227954,0.9311594,2.1398258,-4.104471,-3.9274406,7.5614896,10.043081,0.2895492,-0.23902926,1.435626,3.332816,6.347916,-1.6554368,9.611249e-05,-4.14785,0.541327,-7.822472,-3.6201375,-8.128242,-0.1408015,-2.3671772,9.185738,-1.0133651373558394,4.197489666151559,2.697006,8.110166,0.1765247842225427,5.395983302069459,6.5251664013814645,0,331.59807037026064,133.19099999999997,0.4825259215364172,0.7295495559215939,5.0,293.73948134748287,449.2521314300885,615.0207847291831,0.4072530409397975,142.12960000000004
CCN1C=CN(C)C1C(=O)[O-],-1.4070504,-4.3108463,1.3679776,-2.291806,2.7205787,-7.4385123,-1.5969326,-3.0501056,-19.104187,6.2932916,5.8884473,2.4273486,9.709751,-3.3416042,-5.1801825,-4.2045455,2.1186478,4.138875,-0.6436851,10.056666,-3.0540178,-8.366692,-3.3783143,-6.883353,-0.87101275,4.527095,-1.1149491,0.040640708,12.640691,4.0996614,8.304718,-7.3465796,7.8625774,5.591769,1.30019,1.4596561,-8.056728,1.2559693,-9.512412,10.808094,-12.142361,7.51872,5.592243,-0.98382115,2.1020548,0.76489747,6.73159,5.7612133,10.714394,2.5131602,-10.518105,5.1709633,-8.930274,1.5789565,-4.565941,-3.9760225,-11.94473,0.87974,-9.851202,-10.993847,-0.3529846,3.66445,-11.6096945,1.1673969,-0.7180470374313144,7.691251827331867,6.0820317,-8.015142,0.1681088251853534,5.301848969019656,7.50532624516429,-1,341.507028644596,155.177,0.5031218885532268,0.663382699634822,2.0,352.2916288750821,467.1283788222311,703.3466932202574,0.2607489391690904,147.7306666666667
CCN1CCCC1=O,0.9743206,-1.1116586,4.63493,-1.5055096,-3.1826606,-0.46693757,0.8602355,-1.7743851,-3.054827,2.4462526,-0.980703,-1.871582,3.5491827,-0.11456109,-3.9143767,-1.7895803,2.1602755,0.06605764,0.4006767,-0.22380434,-2.8852055,-2.8689196,0.32577175,1.0372003,0.29973114,0.7749703,2.5104985,-1.2714245,3.0087943,-0.4405144,-0.7565274,1.9433656,-0.090613544,0.7985828,3.4521532,0.3424582,-2.1353364,-0.21219896,-0.4953577,0.98658603,-4.8750615,4.035848,2.3750358,-0.27333128,0.2923788,3.6835523,1.80839,-1.2686422,-2.835829,0.9616598,-2.4274685,0.91355664,-2.7051513,-0.5519466,-1.1296041,-1.0224931,-4.0804505,0.018117279,-1.3894745,0.86150986,-1.5843155,-0.42791522,-1.6635888,0.09354082,-1.9179212347971153,1.240117586586263,7.6959205,1.5127162,0.2290909492389396,4.307000900686989,6.193515835884861,0,303.4878051611189,113.16,0.4133088600264682,0.7098112980383361,1.0,164.27061116072147,282.11622593833425,397.4524309742636,0.3556915983147819,117.00000000000004
CCN1CCNCC1,1.9432658,0.023256928,5.330847,-0.76441604,-3.9713974,0.015423745,0.9160464,-0.9795532,0.4642006,3.9083898,-1.6829731,-1.9210644,4.225099,4.1150208,-4.0471244,-3.257618,5.483076,-1.5349494,0.39357272,0.72302914,-2.9460971,-0.14044835,1.4734757,0.5447654,-0.08385658,-2.0863576,0.42461863,1.793202,-0.46805033,-0.10360674,-1.8728889,2.3117268,-0.035655797,0.60900795,5.6979823,2.0528338,-1.4995267,-2.958456,-2.3164957,-0.59586734,-4.6664553,4.1757007,2.6443536,0.55562127,-0.45372882,4.8553762,2.333582,-3.306525,-5.1496544,-0.4190109,-1.0096931,0.19304395,-3.6769795,-0.9191515,-1.2892123,-1.2875861,-0.108693354,-1.8133175,-0.2717967,1.5499023,-3.5927453,-2.7830758,2.2532303,-0.22023794,-2.635594640417316,0.33619188875825184,5.932974,1.9504431,0.3546945074976038,4.462409946222522,6.583697703090989,0,309.4431215063631,114.192,0.3010867802064868,0.8362070982390637,1.0,130.0159188118615,363.6318224849885,435.3637243588165,0.3323428342432972,126.50720000000004
CCNC,1.3645366,-1.6540998,8.49582,-4.359519,-9.007407,6.384551,1.5438945,-1.1027365,-0.62696534,-0.5974607,-5.3625855,-2.6274197,5.1270967,-0.5847164,-5.9340944,-2.4407349,4.1721797,1.764764,2.8512561,-2.0332358,-4.764558,1.1273072,-0.9390603,3.9898703,3.8626754,-3.2133493,8.274547,-1.2368281,-0.3157455,1.684078,-3.0593204,6.459926,1.0681658,-3.4759755,3.2421916,-1.317642,-0.87885034,-1.9285182,-1.3769348,2.309282,-0.23671973,1.2024946,-1.2803493,-2.2589345,1.2706833,5.881294,-0.06781185,-2.4592712,-6.277898,4.227398,1.9946738,-3.6008952,2.054913,1.6608196,3.6993473,2.148015,-4.1003747,-0.42465004,1.7092401,3.4845672,-0.8852745,-2.0472665,1.8705164,0.28582364,-1.5765386535807009,-0.2296908816463004,11.765185,5.4807844,0.4957942397693017,2.8885684229818525,5.124765796009987,0,234.56972245179588,59.112,0.2190929536600526,0.8920208830084093,1.0,27.055168007348243,113.4985672444517,126.77911615480689,0.3143969902134012,74.30800000000002
CCNC1(c2ccccc2)CCCCC1,2.9806075,0.053140014,3.1731653,3.414324,-2.741181,-0.02008596,-5.785526,-2.7616315,-4.3221726,7.0142655,1.9984891,2.77307,2.287955,1.0537549,-0.07361342,-1.410174,3.9682083,4.3298836,2.5659404,-0.5596106,6.6915855,-4.717825,-3.0075195,-1.165789,-1.2599349,2.7482378,2.077448,3.4846146,-0.5612316,5.9352794,1.4241468,-1.8856208,2.0933154,3.2867358,-0.22314996,1.5356052,1.7181644,0.4707836,-5.3789363,-0.55396444,-2.6724453,-3.6307552,2.962385,-1.6878347,-2.5744662,6.6550956,3.4946306,-2.3364758,4.6448965,0.17423734,-0.73262316,0.34400633,0.52193266,-1.1905502,0.6810169,1.8191922,-0.24516737,-0.16065624,1.5061308,-6.850955,2.5536032,-1.9362699,2.3809006,1.0194649,0.8652837706762881,-0.1943604758308832,3.7534747,-7.9255843,0.1496126858624495,7.308412319283195,8.815848090384069,0,438.9965965439707,203.329,0.5177720974828898,0.7611577786085187,3.0,697.1285804886902,1033.0847265824868,1353.2219748368668,0.4896209636044482,218.9712000000001
CCNC=O,1.8255047,0.5072684,4.3923225,-5.2274485,-10.253432,-3.0653083,3.0708787,-1.6316806,-3.0880446,-6.8691726,1.880677,-5.8149543,2.1172373,0.6682572,1.5592818,-3.790896,-0.58352757,0.6796877,3.057073,0.24903722,1.7142942,7.0330143,0.76288897,-2.7108033,-1.1219141,-0.67821634,2.8803012,-2.725528,1.1013465,-3.399548,-5.2153273,4.6795626,-4.1589246,-1.476705,3.6413407,0.67320246,-7.8571396,6.731719,5.5015364,-2.4382114,-0.9006304,2.1137252,-2.702367,-1.0243412,-1.0804691,0.3487723,-5.776247,2.778261,-0.17993757,0.37260708,2.3082392,2.7853491,2.9332547,4.172631,1.598001,-0.0005646646,-6.631924,-1.9289238,-3.4700387,4.046452,-12.859646,0.99543816,3.9556024,8.63442,-1.8324540714723467,2.2944948974879074,9.548432,6.4196544,0.3592014935847751,2.840425369277336,5.096414092008811,0,239.941139292471,73.09499999999998,0.2954683933903334,0.8566891585510176,2.0,50.513902451780616,146.46139334901838,170.96211839162234,0.4477082416981346,77.24000000000002
CCNCC,1.4862387,0.06335583,7.5996437,-8.019636,-13.409692,4.8545675,-3.0370057,3.1677766,-2.1433337,-5.2172256,-3.482788,-1.6741533,3.8391595,-2.1941664,-4.8083844,-2.0886314,-0.046665408,3.4453082,2.1628003,-5.296574,-5.320142,-0.038925424,-2.4309204,3.8978384,4.974535,0.9758822,9.015526,-1.0717156,-4.7705708,0.54787445,1.042009,5.7805743,2.3526525,-0.97110665,1.5010045,1.1017962,-0.7062048,0.974879,-4.2442017,5.0517683,5.9937944,-1.9434161,-5.500595,-2.8021867,-4.9609337,3.770046,-0.49381626,-0.9853452,-4.675994,7.0647397,1.7876779,-9.095976,3.740606,1.8751081,4.492591,1.5056949,-1.4076946,-0.035587996,-0.19945994,2.0619133,-1.3580974,-4.436287,3.5436516,1.3577423,-0.516453889939033,-0.4360264213756913,10.266052,8.616119,0.6292259984868731,2.724917274868341,6.413482263612206,0,269.65699952199657,73.139,0.1458409114974101,0.9317402051909346,2.0,34.35871829801678,222.5715872713742,238.7251337430057,0.2594418090407169,91.21800000000002
CCNCCC(C)C,1.069294,-1.580263,4.036683,-2.089298,-1.8406494,-0.34031555,-2.4044223,-0.4475955,-3.923592,-1.6217272,4.4285307,-3.6340578,6.3210306,0.49989992,-1.6101573,-1.1764036,4.6456017,-1.9494768,-0.59963965,1.0224208,-4.06285,7.5888486,3.154065,-5.4559155,-1.1411867,-3.4974487,-3.2880223,7.6088247,0.30452633,-2.3613253,-1.800738,-1.2007105,1.1223311,0.24714264,4.7399273,0.7861524,-6.135146,-2.3380606,-5.3866296,3.721089,-2.1627204,1.6095757,4.420992,0.70331955,0.4251838,4.334572,1.4986182,4.509381,1.0494242,3.9200935,-0.27805248,2.197211,0.075616136,0.39048904,1.3180397,1.3525584,-0.1253795,-2.4896605,-4.7936373,-6.4255586,-8.619337,-5.5250497,0.78288925,4.649131,-2.4245371640926114,2.633509842705656,5.997526,5.6990547,0.5488538901276827,4.07824506920773,8.163334868914163,0,346.99466299094286,115.22,0.187636163329819,0.9318138412288288,4.0,122.53298761714204,624.0700133595582,669.6035193264302,0.2815565399292712,141.3666
CCNCCN(C)C,1.3081853,0.29374292,4.4358873,-3.2762392,-1.8569942,1.052573,-1.7376416,-0.54451036,-3.7986388,-1.2387304,1.7155669,-2.544333,5.754974,0.7574938,-3.0101118,0.44804418,3.6170018,-0.99215835,-0.1793131,0.29018772,-4.316066,5.9706087,2.5704288,-3.742586,-2.2313328,-3.5778697,-1.8518083,6.552912,0.37245438,-2.0361624,-1.8540568,-0.7594432,0.39444423,-0.35371402,4.7103405,1.2564268,-5.321282,-1.7491152,-4.1750054,4.135946,-0.10992092,0.7680669,3.4927645,0.04336989,-0.3954583,3.730661,1.7866474,3.3135045,0.03974464,4.4096203,-0.40192947,-0.4325114,0.38840014,2.5252206,2.464435,0.4338093,-0.91458166,-1.7249575,-3.741122,-5.0547104,-5.9931974,-4.696357,0.046901796,3.9181876,-2.0393239808469223,2.2343042056166755,6.1501155,5.2899785,0.5950958868855731,3.88764232922866,8.168275486467131,0,342.92404420221663,116.208,0.1644421539893504,0.9419790874075352,4.0,109.24061706035808,645.5327826996885,685.2404834520954,0.2494186916634068,137.3884210526316
CCNCCNCC,-0.7490425,3.0070205,4.645787,-1.8655946,-1.7123604,4.7757945,-0.7571954,-0.7167065,-2.487004,0.36815846,-2.4410062,0.100371346,4.97028,2.4350352,-0.43586195,-0.48941737,4.9449763,-2.1412127,0.75695527,4.8219466,-3.654417,3.5455272,-0.21949965,-2.5724866,-1.2207036,-5.9087257,-0.5248288,4.989037,1.0076783,-0.14598835,-1.2732469,0.14015925,1.1476598,-0.21285936,4.4112315,-0.8573441,-4.670352,-1.3044168,-1.9322176,2.7150717,4.0966887,0.0798949,2.468979,-1.3695902,-0.019153208,3.877099,2.659703,1.3233595,-3.695684,4.704945,-0.7192527,0.124341816,1.3043174,3.5513115,0.80334294,1.82919,-3.0260983,-2.5732255,-1.9539633,-0.074565135,-2.9056516,-0.066600636,0.7384224,3.1447759,-1.5431052719585032,2.0335948196630858,11.049013,-1.0812219,0.6951303499735182,3.6454088527601383,9.295011345673988,0,354.30440318339,116.208,0.1205616418814072,0.9324612256495832,5.0,93.13983908053254,781.1521819094579,832.8191916138261,0.171497587617955,137.20640000000006
CCOC(C[N+](C)(C)C)OCC,2.733722,-2.8771303,4.1211715,5.700376,-2.4661345,-3.4194126,-2.7086036,-1.9169124,-6.317088,-2.4619133,0.83172935,5.16198,-0.79443854,1.9879699,-1.7340121,1.8584636,-0.4072567,-1.2941397,-0.034453124,-0.6358827,9.621054,8.588065,6.010587,-6.32734,-0.81641895,-2.0398915,0.97504425,7.1240807,2.9762647,1.1346378,-3.3096955,-3.0551717,-4.845627,-2.5874894,-0.075618096,1.245308,-1.7347516,-0.024813667,4.493883,-5.9001665,-4.478931,-0.78165466,0.19761926,-0.3572154,-3.902174,-1.4378957,-1.312528,5.884728,7.447754,-2.9677088,3.263438,2.072501,1.8398578,0.22745214,1.2242137,-0.71691084,-3.059513,-0.17430428,-5.615062,-5.5195384,-5.8775306,0.8665448,-2.3523943,-0.999104,-1.8009750755834366,0.9529472787246519,-3.1173637,6.7021236,0.1947984201546491,6.629556523869045,7.782970432140761,1,410.5953873678833,176.27999999999997,0.4518939377372705,0.7162220295541049,6.0,490.5122206232824,776.6809014293779,1085.5493488299892,0.3300786632507334,196.41800000000003
CCO[Si](OCC)(OCC)c1ccc([Si](OCC)(OCC)OCC)cc1,10.966118,11.267714,-3.9475133,12.7375555,-1.972083,-3.1649034,-4.7662697,2.4279394,-3.6065028,-3.4672353,16.767431,2.517804,-3.1319685,2.2001853,11.551847,-4.4006553,2.6397848,9.23628,2.091761,0.6230897,12.67197,-5.632228,2.2298796,-5.342264,-7.450776,9.179313,-9.020262,2.91473,-1.7681605,5.689251,-3.6843607,-6.1741414,5.0831094,7.5892797,-4.106345,2.8356755,-3.3426237,7.8487215,-10.673442,-7.1106634,6.1822762,-1.2974789,8.704953,0.035015583,-2.9072535,5.8492594,-5.6488404,-3.7488625,8.813454,0.3806443,-2.298979,-0.46534938,2.9650023,2.71643,-6.612161,2.5926983,7.398258,-2.2107973,-1.5110093,-7.5123634,-1.8311758,-0.16829248,5.609025,7.920311,2.0848680582794175,0.6156278060683537,17.53729,-4.11625,0.365701950935862,9.097429903361595,13.020301525768335,0,767.3621436865947,402.63600000000025,0.297516777677294,0.9512604192030556,14.0,2032.2498715008023,6499.958604089772,6833.746502448122,0.4145375348071279,394.7433442622952
CC[C@@H]1CCCC[N+]1(C)C,6.111499,-5.7014394,4.9667377,0.57799864,-2.847811,-3.380761,-0.018029943,0.0008279979,0.8983782,3.4018223,1.0244625,0.98652,-3.8182178,2.2265408,1.3365984,-2.4409137,-2.8827467,3.2192562,4.076933,-2.8231053,3.224224,-2.1212115,3.6910577,-3.976915,2.3794372,2.330972,5.898955,-0.22530234,-1.2825769,-3.3641033,-7.58949,5.144399,-1.4813111,8.0123415,-1.2942182,-1.9459658,1.8474032,0.07507382,12.354032,-13.438854,-7.1013904,-0.27013034,2.393557,-3.2562408,-5.15842,4.976642,-3.6284232,-1.438777,0.54385805,-6.9024405,5.8164024,-1.1941078,-0.34880286,-0.6383835,0.18666211,2.4912887,-0.91705537,2.1862273,-0.40045193,-9.214268,-0.46450704,-3.0482512,0.2169297,-4.6715946,-0.5048034443497029,-3.218816485700119,-4.3202944,-9.744105,0.1293207712978731,5.838862549367232,6.935869716066411,1,349.825381987616,142.26599999999996,0.5344513474614885,0.730987426775671,1.0,315.412537699596,432.3086962472058,591.758528966613,0.4828721632778627,167.14000000000004
CC[C@@H]1CCCC[N@@+]1(C)CC,3.262703,-0.9514725,0.23397551,-0.79271626,-2.7645757,-3.2786117,1.0315542,0.2846534,5.089133,4.128593,0.45950451,1.0091277,-1.4095936,3.7680094,1.3165591,-0.8375627,-1.8587059,2.2466233,2.418777,-1.724563,-1.4883844,-2.1207619,3.3085597,0.09010509,0.20887929,0.29699355,1.6391968,-0.0933717,0.46320698,-1.6365905,-1.0608258,3.2577255,-1.655736,4.392942,-2.0576932,-1.3035624,2.2541075,-1.4860358,4.102609,-5.8096657,-4.229128,-0.6799373,4.6156197,0.5117301,-0.52341866,2.071852,1.1384805,-2.1650689,0.49809346,-5.2869115,1.0453306,-1.6910324,0.6126552,-1.8978727,-1.825404,0.22389099,0.71195537,1.2857784,2.5360985,-3.3960862,1.8121343,-1.0973623,-1.4861407,-3.6619093,-0.9674432403973324,-2.1906505163178642,-4.698288,-5.5683255,0.1134289489328325,5.537104583513158,6.914716474505023,1,371.0869450382978,156.29299999999995,0.5676236971489662,0.7385837015219288,2.0,410.2868947222414,532.7364969372123,727.4566613845632,0.5046278997574893,183.77200000000005
CC[N+](C)(C(C)C)C(C)C,1.2730671,0.08861396,0.20515527,-3.341833,-4.069362,-2.161345,-2.0920455,-1.2860657,3.9571328,0.40153766,-1.9979286,3.1166043,1.9361494,-0.41831425,0.94802856,1.8910939,-0.6891704,3.3398912,-0.22460768,-0.758597,0.64397514,-1.6933086,1.5603187,0.12768596,-0.879556,1.2495952,4.7887535,0.12258264,-1.3252486,-0.83753324,0.8259763,3.2271912,-1.3180904,-0.86005676,-2.3138525,-0.6136113,2.4777317,-2.5158875,1.2165656,-3.2457316,-3.2757416,-0.5609241,1.6404111,1.5436811,-1.3370821,-0.1730885,-1.9425709,0.89754647,1.0147372,-3.9212732,0.74121535,-0.6243263,3.1580236,-1.9150062,-1.8789489,-0.89632106,0.68799704,3.0424023,0.94294846,-3.5177677,5.0331607,0.6637226,-2.8829203,-4.430797,-1.1554787051497877,-1.4591495273513069,-3.253538,-4.847313,0.0704773925479273,5.705605342923144,6.394033560776848,1,355.86360709454647,144.28199999999998,0.640726369735144,0.8060043306329128,3.0,362.8703119823121,456.6808745479739,568.2129769264959,0.6386876735586202,178.02215384615388
CC[N+](C)(C)C,-0.8517453,-3.6848676,-5.643293,-0.5507265,-6.4622836,-3.8342612,2.5303862,-1.2443112,-1.84481,-3.13626,3.6358635,-3.5496845,1.9727998,0.68752384,2.2804477,3.5706081,-3.9597888,1.3932576,0.42903867,-2.7095034,0.5933901,-0.80991864,-1.0782249,-3.7165055,-3.9645126,3.7831597,6.3621597,-2.664484,3.304222,-0.2515037,1.0578896,2.2218654,-3.0350223,-1.6638502,-0.43997157,4.265248,-3.3627045,5.1945515,3.7201974,-5.924418,-6.8037715,1.8379653,-5.6571236,1.1126821,0.37891564,-3.5163226,-8.487423,5.709142,5.6187987,-7.0843196,-3.4276464,-0.85645205,-1.4705946,6.997725,-1.0390381,-0.90614676,-6.7135034,4.727403,-6.020756,1.2731277,-3.468503,0.56158394,-1.7035689,0.5787466,-0.2851309758775104,2.193102889982275,-1.2972232,-6.0683312,0.1052115574436572,3.716298619255132,5.52916421223614,1,280.4918439034797,88.17399999999999,0.5801496120042822,0.9958168038748458,1.0,115.45736604576572,198.18057766563484,199.01308844607743,0.7560062532892856,111.29600000000002
CC[N+](C)(C)C1CCCCC1,2.6319745,-3.1044667,1.1188662,1.4337807,-4.1345267,-3.438061,-2.5349793,1.6174749,2.6561575,-2.7273948,4.8282957,-2.761321,0.30957717,4.752289,0.92829823,-2.4925976,2.5827355,-0.5457546,2.3692122,-3.145853,1.6026335,3.3822372,3.26836,-1.132963,0.42457652,-0.5627029,-2.6041687,1.6688548,-1.9933125,-1.0235853,-0.29159284,2.9005592,0.68529195,1.1051779,1.4654557,-0.40118247,-0.19319226,-1.8086095,-2.9848042,-2.6337395,-3.6359148,0.83829755,2.8508146,1.1811533,0.3838484,1.0912142,-2.2570186,-1.7574222,-1.1918403,-3.277327,-0.058473133,1.1239884,-0.9884881,-1.6799346,-2.882183,0.14804536,5.089898,-0.8704039,-1.2223072,-1.8296885,-6.287968,-4.118686,2.7805803,2.786541,-2.492441490912276,-0.46198049395470686,0.082099386,-2.548802,0.2974166553667302,4.786554366777737,7.664635287495511,1,374.13347859197154,156.29299999999995,0.3521533398276953,0.9198064117318552,2.0,281.5207327268614,743.6719189315453,810.1136990228117,0.4801968067476783,183.79400000000004
CC[N+](C)(C)CC,-1.2354169,-3.3024654,-2.5408068,-5.11209,-6.7116446,-7.5944786,0.48480546,-0.08717629,-0.32157904,-5.1328344,0.15330082,0.72310704,-1.0211096,-0.37060112,1.2590489,-0.6063352,-4.5590515,6.1504264,0.48316482,-2.7476752,2.6109354,1.4348645,2.0009754,-0.63744426,-0.7493318,2.973935,5.1849194,-2.6654289,3.2086482,-1.0457945,1.1504579,5.5407157,-3.8306544,-6.0998573,-1.010747,3.313823,-3.172797,3.7668154,6.157219,-5.362474,-5.2918777,3.2049391,-0.38500875,2.4042866,-0.469699,-4.8233156,-8.544971,4.6342826,3.3801816,-6.155005,0.066457964,4.1606045,-0.49950582,2.546814,-2.4541545,-1.2774644,-5.373662,2.4056513,-3.448315,2.0152767,-2.9857783,3.8537076,-2.7132854,-0.50938034,-2.3063216721751476,1.1080789850130122,-1.5379045,-5.5657187,0.1332223354085485,4.193660133043444,5.701751953702599,1,302.3519183820639,102.20099999999998,0.5630031665440111,0.8360869224921865,2.0,167.76843634032738,252.97349693044083,300.91357240718423,0.6081158287776381,128.16600000000005
CC[N+](C)(C)CCCCCCCC[N+](C)(C)CC,3.6391907,8.142152,3.926611,10.357438,-11.242646,-2.1243742,0.075928435,-1.5245662,-1.1530249,-0.5609238,9.646478,-2.4601223,1.1805717,1.7240224,11.27467,7.1038156,-0.8041029,-1.5281243,2.3691492,-2.1102543,11.821466,6.8872194,-1.0629578,-2.9233356,-4.31833,-0.90863204,4.2384715,3.3695664,0.96974385,0.20166266,-8.892042,-3.2747467,-0.9399764,7.976329,-0.044102374,-1.4099503,-0.59971,11.561866,1.509949,-13.359895,-0.8028422,-4.763163,-7.1215715,-0.94908834,-0.88288045,-0.828501,-0.5868114,3.5945175,6.817767,1.1447977,-1.8647254,-0.7996014,6.8354383,1.5516006,1.0553964,1.854574,-4.9993362,-1.34882,-1.3640856,-4.860749,-11.786988,1.9764001,5.7057486,12.480176,2.407218162974924,1.0003230108975156,-11.07015,12.375955,0.803978449443993,5.181606912973521,15.330776443934882,2,608.8268351854886,258.4939999999999,0.0711023033102279,0.98194021849879,11.0,463.2030845649159,6488.107134553362,6605.109028290503,0.1286710729119106,312.13600000000014
CC[N+](C)(C)CCCCCCC[N+](C)(C)CC,4.164816,6.106322,4.7018666,8.778542,-9.908511,-1.9458244,-0.5160463,-1.0988127,-1.2881505,-0.52986765,8.409095,-2.411701,1.0208988,2.7882934,9.461566,5.7491302,0.85707045,-3.0424268,2.6213338,-2.5369666,10.967859,7.136623,-0.24720722,-2.9407465,-3.7786412,-1.3781973,2.008598,3.4843419,1.0807047,-1.0477467,-8.588039,-2.2195132,-1.3936794,7.938588,1.3429787,-2.077602,-1.8296185,9.516186,2.2031476,-12.19515,0.23770124,-5.3069863,-6.3650074,-0.50575006,-1.4477892,-0.62974274,-1.1486782,2.0823765,4.301656,1.6244661,-1.2268342,-0.5127998,4.0966353,1.607129,0.9000939,2.1191273,-4.0559535,-1.4903967,-1.8648427,-2.6686702,-11.608377,0.21847008,5.175256,10.89409,1.3595781912399736,0.7964158505964174,-10.628085,12.064665,0.8038587273104484,5.14181530063811,14.918473329822266,2,577.6163254951955,244.467,0.0711173100665265,0.9844675524159068,10.0,391.99160926285856,5476.186123052034,5561.721751595043,0.1367548015719621,295.26044444444454
CC[N+](C)(C)CCCCCC[N+](C)(C)CC,4.8578696,3.559525,4.745891,7.0108495,-7.4886813,-1.8362293,-0.08060844,-1.5871881,-1.2880056,0.3487835,7.4014735,-2.5581648,0.008141309,4.4287424,7.4833384,3.5605998,2.595614,-5.5334535,3.2093146,-1.1270533,9.669586,8.285006,0.17847927,-2.9402835,-2.4674947,-2.2720094,-0.9516647,1.8596078,2.8266225,-0.44798905,-5.834819,-2.0190277,-2.2162378,7.1941586,2.7199373,-2.8893833,-2.6154475,6.645277,3.7755833,-9.648444,-1.0829368,-4.8565326,-4.530796,0.26631916,-1.3704686,0.17411183,-0.09613845,1.892205,4.3818626,1.0745022,-0.63747585,1.5576434,2.4737222,0.453848,0.5740385,0.87853265,-3.5079408,-2.103987,-0.7497523,-0.48036394,-11.638668,0.12520306,5.159646,9.148982,0.2463671368738521,0.9274207193762647,-10.597119,11.120346,0.7581948977396605,5.10149611207282,13.527952169812584,2,547.5556960443128,230.44,0.0896360853065252,0.9807917550359742,9.0,385.3839562103577,4261.592461807151,4344.821987603409,0.1667398233940267,278.5632000000001
CC[N+](C)(C)CCCCC[N+](C)(C)CC,6.351138,-0.5543709,4.1398783,6.9943614,-4.3125815,-3.0809643,-0.70359445,-2.0102892,-3.7758396,-0.27123415,6.7385416,-2.1298127,-1.5242991,6.3136473,3.8128486,3.4349017,3.701034,-7.4210134,6.0595965,-0.80052906,10.08312,10.131444,1.7776468,-4.2857304,-2.9050252,-3.2162745,-2.7006996,0.40922806,4.908592,1.87298,-0.65156287,-3.0379064,-5.1444926,5.425555,3.367661,-2.252539,-3.626001,3.5033584,5.186876,-7.1884947,-3.1611314,-4.9818344,-1.9702008,0.3944056,-1.8877361,0.36236387,0.43898562,2.4223194,7.579446,-1.4778832,-0.47076383,2.0199265,2.0669727,1.3997973,0.14353696,-0.8656471,-3.0978837,-1.9676654,-0.34618714,-0.11904397,-12.042222,0.3380429,4.8538713,7.0646524,-0.5100828386915641,1.2921530741265588,-10.886825,9.382497,0.6931004644964529,5.112177292153889,12.257674853250558,2,515.7028037330058,216.41299999999995,0.1171913436656278,0.9763643088969948,8.0,385.04192685309465,3216.7778125368413,3294.423267208499,0.2089529904428102,261.79760000000005
CC[N+](C)(C)CCCC[N+](C)(C)CC,7.946217,-3.6136117,3.642377,6.5414157,-2.1502388,-4.9170227,0.11650668,-1.3576885,-5.135144,-0.044145986,8.314476,-0.947367,-3.866002,7.736227,0.38321972,3.2023444,2.6108813,-7.9634175,8.232442,-2.0919592,9.709603,12.117412,2.2579315,-6.2248573,-1.9260547,-4.491002,-3.4806466,0.058672693,7.4191556,2.9485407,1.9474865,-4.242743,-5.2952557,3.4486854,3.039978,-0.34340024,-3.9967966,1.4381692,6.495755,-7.1472855,-3.6383657,-6.2203937,0.53957224,0.9790478,-2.4081497,0.44556844,1.1648637,4.342048,11.381988,-3.468268,0.9713372,0.7372206,2.7175567,2.4916534,0.5759758,-0.880499,-3.1748295,-1.5672431,-0.113469034,-1.3581744,-13.217945,0.874657,4.6082535,5.2649155,-0.6342373348456635,1.4533779070709116,-10.986807,8.6770315,0.6058110413322826,5.238322996667224,10.83129753398304,2,484.2285319663752,202.386,0.1572797365234275,0.9610786791731074,7.0,381.4579074338392,2338.3312222859986,2432.8227923381737,0.2561253763450913,245.1666666666667
CC[N+](C)(C)CCC[N+](C)(C)CC,10.381139,-6.8980246,1.789067,4.564162,-0.44935706,-6.5028243,0.110118136,0.16773733,-7.405273,-0.3423118,10.696822,1.77732,-5.6662703,7.600942,-2.4874437,5.2483134,-0.9443957,-4.8116183,7.166194,-5.766783,9.882303,14.131213,3.623295,-10.013187,-3.0951993,-4.203458,-1.8557292,0.8981482,11.6829,1.4304816,-0.6618206,-5.403425,-3.7180624,-1.3334017,2.303094,0.6899293,-4.950688,1.025856,9.248757,-9.331641,-6.320419,-5.389748,4.2374964,1.9263313,-1.7044649,-1.5536492,-0.81507576,10.746282,16.792282,-6.4751396,2.01385,0.6155074,2.9913127,5.4900594,1.1036764,0.45639327,-4.861364,0.5983044,-1.6723573,-6.0981216,-13.790676,-0.08605094,0.61338055,3.3707547,-0.8350215001851907,1.8961163142113577,-11.205635,7.8961864,0.4382575991184165,5.541914402370706,9.238382443646568,2,448.76973725410943,188.359,0.2454346504354402,0.9045273000683008,6.0,401.0052721168059,1477.8688154156112,1633.8576130361323,0.3105364696831859,228.66400000000004
CC[N+](C)(C)CCO,-3.078714,-2.4121373,-0.75772184,-2.8333755,-4.5069327,-4.12522,-1.8186204,-1.4586045,-1.5364215,-5.8341985,2.4560688,-0.04135497,3.0154667,0.6806546,3.1336505,-0.66487944,1.1633734,-0.73927265,-1.1216474,0.90863556,4.1186366,7.7950206,-1.2466757,-5.3938875,-0.8611786,-2.716338,0.55937374,1.5753776,1.5782498,-1.0956744,-0.58747524,1.2336154,-0.4075715,-6.907515,2.558642,0.64761037,-6.189193,2.2730484,0.5006983,-1.8404582,-2.4195232,0.7810831,-1.2265365,2.4482028,1.9242244,-4.085126,-6.6847,7.322349,3.9774523,-2.8509774,-0.48938134,6.7055063,1.8720973,3.3551826,-1.442033,0.9426303,-3.298193,-0.835086,-4.1327295,1.5063597,-6.9683557,2.623738,-0.035052564,5.251721,-2.5439499496709925,3.066687324902177,1.1311468,6.9143476,0.2071689500064855,4.547066721306564,6.394887214031872,1,315.0200554296896,118.20000000000002,0.4396095939075014,0.876754098214277,3.0,184.8665345360119,372.8980609522615,424.0141105632649,0.561168024189679,136.89800000000002
CC[N+](C)(CC)CC,0.010589652,-2.1467056,1.490836,-3.647217,-7.4529924,-4.7664065,-2.3861,0.14722064,1.0065994,-2.6906347,-2.2395053,3.7015026,-0.084214166,-0.6951782,-0.12435165,-1.7364951,-3.2068071,5.6813693,-0.9894767,-4.2477164,3.0122309,1.3051608,2.3328278,-0.3772397,1.3466537,2.4430225,6.4998493,-0.7403641,2.080823,-1.951383,-0.02242279,6.5623894,-1.9782727,-5.7229133,-0.50735384,1.0781809,-1.5932599,0.07261063,5.129087,-5.21303,-4.8495064,2.963985,2.2857842,0.82899034,-1.498689,-1.583091,-5.472695,3.3959208,0.14082862,-3.4515803,2.7202954,4.063121,0.7991251,-1.7915419,-2.8508809,0.007935613,-3.95989,2.8549304,-2.2346382,-0.18933636,-0.7870265,2.532674,-3.1729414,-2.783726,-2.6283838659682557,-0.3660740646857425,-1.9298874,-5.2936525,0.0860179161516957,5.225589313063209,6.135990862582427,1,322.80160340602305,116.228,0.6136750668158811,0.7946057355520315,3.0,240.52810607281305,310.8435708060695,393.1364768434778,0.5989127948389525,144.79840000000004
CC[N+](C)(CC)CCCCCC[N+](C)(CC)CC,2.3977485,6.8676214,3.7203743,9.176358,-9.482321,-3.4160895,-1.3175317,-2.2929676,-0.6281488,-0.56155133,6.365392,-0.41521758,0.007578805,2.4950662,10.615077,4.843084,-0.83379245,-1.064483,3.0908484,0.615224,12.689794,8.415488,0.8841216,-3.6700897,-3.6254246,-2.1823075,1.6776346,4.853019,0.47881636,1.0425503,-6.904233,-3.205622,-2.4602096,6.144357,-1.9158614,-2.7857535,-0.34778666,8.3227625,2.0391877,-11.406967,-0.51797944,-2.8404186,-4.9705286,-1.3041277,-1.1465065,-0.6515224,0.21579066,3.1966774,6.9766073,0.4192445,-0.39254192,0.7042367,7.3309507,-1.4735029,1.1620188,1.3796487,-3.8468451,-1.4578717,-2.278095,-2.9200718,-11.450521,3.2897162,6.0678463,9.373454,1.4728799914232036,0.6694925489563354,-11.041358,11.713501,0.7128785610682261,5.938781593086011,13.631971482161422,2,589.1917096957752,258.4939999999999,0.1086526545656895,0.9747970072242684,11.0,566.6321666862125,5127.246385125919,5259.95253214808,0.1813219789158586,311.9512000000001
CC[N+](C)(CC)CCCCC[N+](C)(CC)CC,3.615098,3.4303627,3.4501338,9.497899,-6.81648,-3.8174493,-1.4228574,-2.383122,-1.4397163,-0.018480584,5.0936737,0.32019633,-0.7603902,4.810637,8.2774935,2.999167,1.4815993,-3.1749697,4.749253,2.2442884,12.712332,10.312434,3.0413916,-4.112791,-3.5830448,-3.3168168,-0.7664943,5.000614,1.6320574,2.4863567,-4.090119,-3.6953428,-4.7884426,5.475892,-1.0675356,-2.7040055,-1.3955286,5.4285445,3.7548783,-10.548168,-1.8600304,-2.1844256,-3.5491672,-1.0792248,-1.4047481,-0.37784392,0.39526019,2.4863122,7.3728223,-1.6431924,0.90261304,2.7289069,5.29068,-2.3130248,0.30566278,0.9103203,-3.063385,-1.9266136,-2.374887,-1.4990963,-12.931999,2.4263477,6.7874703,7.0106735,0.39067150630082,0.6210407265305158,-10.668918,10.680744,0.6577706458577992,5.832111589260558,12.711362931623224,2,557.5915997792965,244.467,0.1326648821319213,0.9625414584750386,10.0,542.5986952592364,3950.7667289652127,4103.126735438155,0.2051997917719509,295.39080000000007
CC[N+](C)(CC)CCCC[N+](C)(CC)CC,5.702878,-0.062298983,3.5526237,10.166194,-4.4204674,-5.180926,-1.926762,-1.7770764,-4.5120025,-0.6135847,6.578981,1.2029866,-2.548247,7.066031,3.880649,2.9978275,1.5089865,-6.3495374,6.4966173,0.93776643,13.447221,12.159288,3.493095,-5.5762835,-3.2090528,-4.3572626,-2.460475,4.2145896,4.8907437,3.835063,0.632484,-5.345583,-6.1345425,4.1657257,-0.10037727,-0.9608993,-2.261784,2.9873807,4.936814,-8.4803915,-2.156932,-4.063838,-1.2504215,-0.43773437,-3.0350718,-0.7512598,1.7246782,3.66599,10.754985,-2.5832763,0.7315675,1.7441351,4.566474,-0.7952441,0.23361006,-1.5771005,-3.0096889,-1.8959467,-2.0321062,-2.2068784,-13.831112,2.55762,5.6455836,6.1161375,-0.13982747885506847,1.2631774213327251,-10.906282,9.237931,0.5744797985837062,6.062736682660217,11.488473387604229,2,525.1205819432352,230.44,0.172708809022282,0.950519016082746,9.0,532.3572402614566,2942.253867357508,3094.223349840312,0.2529693469768322,278.56720000000007
CC[N+](C)(CC)CCC[N+](C)(CC)CC,5.636156,-0.034198493,8.5456705,12.857902,-5.9662004,-7.04494,-3.2048976,-1.6298611,-10.822074,-0.55461425,5.197467,6.207585,-4.697432,6.8265233,-0.56392145,4.307138,-3.3534462,-3.8846135,6.99309,-2.0822177,18.057243,13.545608,5.639844,-11.971562,-2.7870977,-6.858835,0.67987204,9.982257,6.6552825,2.1963367,-2.974313,-6.9058056,-6.2002573,-0.6656127,-3.0133343,0.82084,-0.31101298,3.1160133,5.525526,-9.572014,-5.623143,-4.162768,1.5240855,-3.1640723,-6.023806,1.1999409,5.2246556,8.577054,16.025896,-2.465981,4.146015,-0.28065652,10.17363,-1.3669928,1.687262,-1.2435734,-4.6836185,-1.6254227,-6.30999,-9.937006,-15.802263,3.1952891,2.505495,6.153737,0.3971769188280171,1.4634751640155659,-11.791698,9.304936,0.4236200257583084,10.07503186046824,5.682789952099407,2,492.5896344447265,216.41299999999995,0.2557430134020107,0.9244075917125112,8.0,552.4440334392411,1996.8618173148488,2160.152983615769,0.3379527895927897,261.96000000000004
CC[N+](CC)(CC)C(C)C,1.2759522,2.0775874,-1.3803062,-3.9026787,-3.9897602,-1.347862,-2.616795,-2.3674119,5.210518,1.9451741,-2.9344723,4.8757925,2.1758566,-0.86265403,0.94864786,2.829639,-1.744056,3.3885798,-1.2988985,0.9157332,-0.59443736,-2.2256436,1.3803211,1.3977786,-1.2331426,1.2701249,2.5123913,1.4458171,-0.013231486,-1.5239272,2.7025926,1.0184978,-0.9335632,-2.1007562,-3.0483336,-0.25389457,3.9930234,-3.519614,-3.9575021,-0.3773358,-2.3437521,-3.2372715,1.3767438,3.1573408,0.34929606,-0.52326417,2.188892,1.5330734,0.85104173,-4.025652,0.679346,-0.22959936,3.428865,-3.8742805,-1.4653774,0.80751634,0.9007442,2.630214,2.5630639,-2.2516112,7.8243957,1.5011365,-5.2789598,-5.9343214,-0.9650706269869901,-1.607319931471977,-3.0486887,-4.3247523,0.0329635276028376,5.693026250368052,6.05086310186993,1,358.8283024396548,144.28199999999998,0.7458012584271487,0.8663170281131891,4.0,399.2101190239602,464.5138490374759,537.060265163887,0.7449113097099108,178.02666666666673
CC[N+](CC)(CC)CC,-2.6186357,-0.43497208,-1.7882376,0.02636318,-4.377949,-0.806949,-2.8384852,0.010081932,0.6574631,-3.4667253,-1.3819602,3.0814326,1.7551045,-0.910343,0.84452116,2.2621756,-3.979679,0.98380464,-2.9459355,-1.5643138,2.286468,-0.2746629,-0.92620987,-2.3765917,-0.2893347,0.8154168,2.4508922,0.25279364,0.6732389,-1.6464773,3.9776103,2.0515227,0.6619323,-4.6585913,-3.1459663,-0.0352775,1.3416134,-1.719502,-1.5833423,0.6735092,-0.047750592,0.7756051,-0.4804641,1.130377,-0.4542046,-2.8645263,-2.4420686,3.7870834,2.5568461,-1.7746464,0.42309082,-0.5674864,3.5386598,-1.1127784,-1.4606376,-0.49774224,-1.2935495,3.6644685,-3.1139758,-0.16221103,2.6984034,2.1291578,-3.6816654,-2.1006489,-1.2691867252282598,0.49367913318312656,-2.3549478,-4.1947184,0.0736304504923537,5.586362688859846,6.094881113440846,1,344.8096659954137,130.255,0.6766732001418958,0.8164193639635545,4.0,321.997035583659,382.7927878974723,478.6802640432359,0.6398485178033392,161.28400000000005
CC[N+](CC)(CC)CCCCCCCCCC[N+](CC)(CC)CC,2.097528,14.885115,2.6923904,15.966628,-13.337698,-3.194359,0.919387,-1.3268187,-3.2303174,-0.7845823,13.322734,-0.9495433,2.3522215,-2.2360644,17.605328,10.696257,-6.840143,1.0947365,3.2556772,-0.3450781,13.424439,5.339158,-2.632937,-3.8155797,-7.851546,-0.11372757,7.503905,3.332928,1.295273,1.2985674,-7.7258387,-7.4317613,1.0065455,10.90652,-5.9225307,-1.6592835,3.9465003,15.719592,-0.91393435,-15.57427,-0.7527787,-2.3864086,-10.007327,-2.0473464,2.634479,-1.573604,1.4189202,8.457154,13.83312,2.570491,-4.668091,-2.8297637,15.874679,1.465959,0.9860778,3.1315262,-7.094456,-0.5490539,-2.8483398,-11.44877,-12.048187,6.0519085,7.583029,18.62197,5.853915201862012,2.121876278055042,-12.408235,12.987831,0.7913276608831217,6.418952202632121,18.21814594270221,2,738.1645713319374,342.6560000000001,0.0760206171732872,0.982551873711952,17.0,905.8571629276756,11763.86868023174,11974.054059495167,0.1254462522288341,412.5190000000001
CC[N+](CC)(CC)CCCCCCCCC[N+](CC)(CC)CC,2.9210947,15.30066,3.1659765,15.325578,-14.04321,-3.2223809,0.5230285,-1.0376674,-2.0918927,-1.0786356,12.347782,-0.18437131,1.7734807,-0.7505738,17.951736,10.0879345,-7.368879,0.88489586,3.6601405,-0.31269085,14.076824,6.2399664,-1.6574743,-5.2440033,-8.454817,-0.6455188,6.86407,2.6472642,1.6736004,-0.13891578,-8.005559,-6.0546117,1.6562402,10.754497,-5.685752,-2.8692822,3.364532,14.637479,-0.14307497,-15.864429,-0.40858668,-2.039039,-8.540034,-2.0930002,1.3316646,-1.5655638,1.1316909,8.080455,12.686841,2.2773705,-3.2861807,-2.8790634,16.0591,0.45545566,0.14915791,2.979881,-6.4020414,-0.30900404,-3.1382682,-10.325241,-12.512468,6.05652,7.603385,17.27299,5.3070355952723425,1.644082243327656,-12.415511,12.911692,0.7706945225503969,6.477495816126746,17.405166988503485,2,708.9655896152019,328.629,0.0842651278536511,0.9797858017287916,16.0,852.4403084725257,9944.706867937328,10148.727161896571,0.136986003538241,395.69880000000006
CC[N+](CC)(CC)CCCCCCCC[N+](CC)(CC)CC,3.1637776,14.216054,3.6718016,14.51579,-13.942887,-3.5493393,-0.3563577,-1.2225599,-1.0415761,-0.9672968,10.995818,0.02470605,1.2921219,0.10053306,17.170502,10.107651,-7.0565414,0.6295274,3.8539433,-0.78421104,14.922293,7.144962,-1.1173775,-5.03428,-8.15897,-1.0087667,6.7506375,3.2267687,1.259482,-0.43655157,-8.478628,-5.0668745,0.88086396,10.44325,-5.4005804,-3.4924417,3.1009774,13.304952,0.44024038,-16.124151,0.4963885,-2.3607857,-8.331335,-1.9263196,0.25666526,-1.969067,0.70991147,7.143724,11.292794,1.9701983,-2.5432482,-2.9593713,14.968961,0.040204152,0.35231856,2.4662464,-5.4835305,-0.22700712,-2.911184,-9.336638,-12.244608,5.6169615,7.666353,15.720326,4.710361003706535,1.0789634212843793,-12.311556,12.850104,0.7658273190251104,6.584297165813237,16.570474856780756,2,686.8690480398884,314.602,0.0862676691582684,0.9808556634165704,15.0,781.906287218669,8938.279463331748,9110.821232633132,0.1438687557144437,378.7720000000001
CC[N+](CC)(CC)CCCCCCC[N+](CC)(CC)CC,3.7563882,14.987551,3.7678587,12.542668,-13.352159,-3.3671849,0.45859635,-0.9796033,-0.39944774,-0.5436433,9.926657,0.9013236,0.3734033,1.6275594,15.618856,8.121581,-7.5666795,1.0196847,4.0420713,0.8735932,13.253851,7.9508963,-0.87748796,-5.6959963,-7.990175,-1.8663292,4.565668,2.5886056,1.8211992,-1.5197569,-7.065692,-5.115693,1.8872161,9.3386545,-5.183466,-3.5702653,3.4672432,11.9002905,-0.46660447,-13.741438,0.10079056,-1.8913419,-7.7503834,-2.2788656,0.041270286,-1.0332729,2.2072535,7.7577944,11.035327,1.8393439,-1.4562806,-2.7857282,15.111616,-2.013048,-0.96672416,1.6833513,-4.618622,-0.21326062,-2.8509524,-8.391685,-13.28314,6.097142,7.5835133,14.705308,4.235115846684785,1.0774871673644366,-12.375814,12.659556,0.7164652890897254,6.35523951157298,15.331325120292387,2,657.4276660095608,300.575,0.1072643930702404,0.981722590302802,14.0,789.794905758941,7269.474714769476,7406.662959263594,0.1812577699395386,362.0933333333334
CC[N+](CC)(CC)CCCCCC[N+](CC)(CC)CC,1.0981406,11.528587,4.6749716,9.68996,-12.70991,-2.5315177,-2.772762,-1.605156,2.16573,0.31863242,5.30319,1.3340893,0.63594186,2.4177246,14.389301,5.7459855,-3.9085674,-0.3512178,3.2181253,3.281023,12.614407,10.63647,-0.013851345,-3.8272216,-3.9340827,-4.590787,2.727687,7.270421,-1.1725116,-0.8492192,-6.4326687,-3.6364398,0.679107,6.865193,-4.633657,-4.0875278,3.0786123,7.7658653,-1.2447039,-11.270866,2.330626,-2.574513,-6.7824726,-2.4099245,-0.81439304,0.42538947,3.4136653,5.885321,6.261075,2.326165,0.43314442,0.28489965,13.76757,-6.31251,0.08429578,3.1062374,-3.1889558,-1.9727404,-2.2916555,-4.661288,-12.231988,5.5516663,8.413309,10.769419,2.540472053243031,0.15907432382650155,-12.014365,12.155926,0.6881658711842303,6.813998409311718,14.38133778433128,2,627.0591034865398,286.54799999999994,0.1191800450983363,0.970435500092777,13.0,733.6804244733776,5987.916670807873,6172.579279715103,0.1858115485867263,345.5373333333334
CC[N+](CC)(CC)CCCCC[N+](CC)(CC)CC,2.4076443,10.130186,4.137849,11.422102,-11.080232,-3.3198557,-1.1729604,-1.9814199,0.11569673,2.0436308,5.6408434,1.9369355,0.031272486,4.95939,12.032536,4.418547,-1.6907206,-0.30344146,4.61652,3.9690676,13.330313,10.570785,1.2587891,-4.8391914,-5.072813,-5.128824,0.9864577,8.012711,0.36815795,1.2777354,-5.475587,-5.171208,-1.6932333,7.2299595,-4.3649025,-3.173185,2.4916172,7.825845,-0.07640271,-11.969515,-0.8819441,-1.8426669,-5.748625,-3.2101004,-0.750633,1.0503924,4.4239726,4.6902995,8.3151045,0.08693114,0.02589164,0.83325106,11.444493,-6.4912834,-0.12047836,2.5092254,-3.4983957,-1.6860172,-3.0401628,-4.4154987,-14.720173,4.7885695,8.806458,10.005559,2.42748811354587,0.44763415931668316,-11.972607,11.772688,0.6255564302103247,6.474771960720049,13.23126221927508,2,596.7714035357974,272.521,0.1475665228076645,0.9582997268067128,12.0,718.3680389500884,4667.309603793411,4872.04452577463,0.2150320225181201,328.625142857143
CC[N+](CC)(CC)CCCC[N+](CC)(CC)CC,3.32827,8.170367,4.800347,12.583716,-10.323884,-5.3215604,-3.0216699,-1.233457,-3.424927,0.55365473,5.7689686,4.0967894,-0.77901393,6.8983374,7.122378,4.669804,-2.129467,-2.0911486,6.4133,1.9797755,16.083706,11.680747,1.7833562,-6.7352133,-5.7127023,-6.334279,0.22298288,9.082626,2.5267916,2.9550886,-0.76548904,-6.5216594,-2.9281301,4.9249797,-4.8053894,-1.444785,2.5307696,5.424851,-0.18975495,-10.014953,-0.32254368,-3.3942106,-4.242527,-3.3120248,-3.0071647,0.019147977,5.3585176,5.6812987,11.681485,-0.07935664,-0.5327424,-1.256176,11.603886,-5.540907,-0.21298453,0.13278845,-3.375486,-0.800076,-4.5276484,-5.0951085,-15.250473,5.269435,7.90341,9.103615,2.11949629350255,1.0900383141722108,-12.241741,10.9619665,0.5302421873914527,6.892362559750806,12.001174755488488,2,563.63521657472,258.4939999999999,0.194831537422991,0.937579902230305,11.0,716.6036617228478,3451.8491175134923,3682.435006102814,0.2590631733982216,312.04088888888896
CC[N+](CC)(CC)CCC[N+](CC)(CC)CC,5.070359,7.055221,4.309201,12.80388,-8.275135,-5.908219,-2.9917881,-0.7009009,-6.5918307,1.288077,9.375589,5.0478296,-2.0549994,8.6801405,3.1919997,7.2271824,-4.9352884,-4.3437576,7.394878,-0.6051607,15.085325,12.196805,-0.9059854,-8.759374,-6.6018977,-7.065233,-0.6836395,7.198252,7.5811844,3.2474222,4.8459177,-9.564142,-1.2001355,3.3458111,-4.4634657,-0.006635174,3.826818,3.393607,-2.5174336,-6.1223035,-1.7690115,-6.3725653,-2.017616,-2.1958349,-3.6385753,-0.041443005,9.588735,9.691678,17.724533,-0.31498608,-2.7407722,-4.2729235,13.667295,-4.023999,-0.17643687,-2.8280418,-3.8320765,0.18645409,-3.1355207,-8.640812,-15.47838,6.380768,5.340195,11.121726,2.7553905298986368,2.2597322128311252,-12.75649,10.239291,0.4104075844676739,6.592846611154913,10.568624625739329,2,528.7815297032947,244.467,0.2657418565128593,0.9321943790471084,10.0,713.0223861090533,2503.3863190366224,2686.935782003376,0.3513808751303337,295.3108000000001
CC[N+](CC)(CC)C[N+](CC)(CC)CC,7.1447926,7.5558877,1.0852768,8.265828,-7.7859826,-4.098506,0.06910597,0.9935508,0.23317713,5.7715545,10.39557,5.3529115,-3.9249291,10.714181,1.6721096,9.581685,-10.140025,-3.512192,7.4311023,-3.882643,6.2798066,5.871893,-4.6555057,-6.973008,-4.8944383,-7.062295,-0.3997889,4.3736434,10.239649,-0.33426905,8.625755,-7.3779182,4.4188104,4.448554,-7.30058,-0.6934816,9.703151,-0.52541417,-4.336591,-4.8734503,0.75808996,-9.87717,1.922065,0.6459038,-1.8922033,2.098487,13.824371,9.198106,17.656933,-2.7880898,-2.5182536,-10.542223,15.825387,-3.4734807,-0.8254006,-1.7742877,-1.4528834,3.9430072,2.1140072,-8.926409,-6.771129,5.1521096,1.5242836,6.765324,3.8764382963860626,0.17088479261783784,-13.233746,10.015369,0.1361113121046498,6.625684030416047,7.856064254873596,2,456.9546839305568,216.41299999999995,0.5166206037645623,0.900629564757296,8.0,712.4190546746402,1242.792446150265,1381.646382053905,0.5910814343991225,260.58400000000006
CC[N+](CC)(CC)Cc1cc(C[N+](CC)(CC)CC)cc(C[N+](CC)(CC)CC)c1,6.682235,14.640375,-8.494721,20.373703,-8.420619,5.1410284,-3.7466955,-4.1411743,5.7787004,22.670326,-6.267762,4.706284,-13.501674,14.679448,14.026355,15.223718,-9.608739,5.768754,6.802364,-0.3168198,14.782183,-8.874297,2.6382387,0.20651925,-19.581036,-9.705867,11.20606,9.18512,1.4964978,10.492417,1.5399212,-6.0886955,-3.7293391,22.779087,-12.316385,-0.72457933,9.834926,6.3418665,8.504045,-12.943562,-2.7300153,-6.541749,16.218771,-7.515299,-9.575594,11.410282,21.35472,-10.296879,11.6664915,-16.577682,0.027592994,-14.558226,21.990274,1.1513366,11.849052,8.598651,-1.9302248,2.2892618,20.162848,-13.304001,18.219316,7.2315416,8.552166,-15.766307,8.937287882475603,-8.376764683008778,-2.6027572,-15.947343,0.1863212145561289,12.02392502737862,12.728424008042625,3,745.7695045788543,420.7500000000002,0.516012768746289,0.586393811059324,15.0,3948.32282779296,4486.390184846703,7652.949007366112,0.2007012036343976,484.72436363636376
CC[N+](CC)(CC)Cc1ccccc1,-0.8647885,-0.5881069,0.5271948,3.2425745,-0.6680946,-3.0966008,-3.5338378,0.5322994,0.15297654,-0.8544362,3.1049159,3.264858,2.7385428,1.3806865,0.9927205,0.5075602,1.8784273,-2.0146208,-1.2658437,0.31080842,3.0195596,6.483926,-0.29147542,-3.1902268,-0.13589343,-3.3549304,-0.6118021,6.243291,-0.8537688,0.7869468,0.7964035,-3.4549034,1.4405315,-3.308319,0.33808076,1.4167538,-0.6583522,-2.9316351,-5.7389016,-1.1953311,0.47315127,0.51820076,0.31444603,0.5017703,0.41795987,-2.045128,0.78811944,3.7338068,2.4598596,0.35688946,-0.559205,2.3988585,2.2500837,-3.4002333,-0.4730977,0.005183488,2.13653,-0.46789655,-1.792332,-4.240095,-4.8702264,0.60235095,2.0479765,2.141366,-1.5838930078952993,1.205548556089883,-1.2748585,0.070088476,0.3007760380934304,5.928249567222605,9.14200325732879,1,423.0957351052881,192.326,0.3449338894105623,0.9138603139359608,5.0,452.12043907767935,1198.4279895384657,1313.6716714328788,0.4585940376122626,216.74971428571436
CC[N+]1(C(C)C)CC2C3C=CC(C2C1)C1C[N+](CC)(C(C)C)CC31,-2.2063754,-8.724175,-9.030546,12.208627,3.8000388,4.7302027,4.9962044,2.1589456,2.8951464,4.234573,11.30939,-0.006199613,-9.324393,9.032661,9.291381,2.4076314,-7.9728255,1.8175834,1.5343436,9.721173,-4.9890428,1.3579366,2.0310698,-5.1957006,0.69058174,-0.7012377,-5.8706775,1.4291599,3.7126627,-1.9469639,3.5207784,-6.9033647,-0.3896305,4.176461,-12.357964,-6.7608004,9.614154,0.41638207,-3.629001,-3.3777885,-10.165979,-0.31967372,0.5045011,-2.9233534,3.124052,2.6514263,5.5511036,5.0988164,10.321078,-18.123648,0.23513737,-0.029843152,5.7819858,-5.867101,-1.8622161,2.052931,4.588542,0.7866051,2.0148396,-8.370264,-5.7464337,2.811135,-0.9070593,2.7655284,1.688721049151018,-1.3900280870293096,-3.179502,10.928979,0.5647402642891706,6.356481445536082,12.531973000241171,2,593.1046075735771,332.57600000000014,0.1773007960389736,0.953232232300158,4.0,828.1674789454388,4457.321121634873,4675.338124103058,0.248915530814603,363.3475555555556
CC[N+]1(C)C(C)(C)CCCC1(C)C,6.3315344,0.319429,0.650968,-6.438643,-2.9173825,-3.6368191,-3.1174092,-3.1617126,12.446334,7.865154,-1.1341385,3.437534,0.3421529,4.783458,4.4827895,1.9232377,1.2940435,5.3645353,3.9499168,3.8683155,-4.000491,-2.4473398,6.145245,2.980274,-1.136395,0.36728787,4.372083,1.0547427,-4.9133325,-1.7251998,-2.113345,2.6670458,-4.1463084,8.859566,-2.8544216,-1.3797696,6.3643584,-6.1171064,0.7430836,-7.0381246,-5.875346,-8.189664,4.3852987,1.1239071,-4.637479,3.3866494,4.5753446,-4.832246,-2.3224459,-10.140744,2.9455307,-3.0537884,3.1511958,-5.332863,-1.3259183,0.5555738,5.7962694,0.11271945,11.54753,-9.3543215,10.12892,-0.17431547,-2.4302073,-9.523592,-0.43060590496340473,-5.878063518116744,-11.6989975,-6.423567,0.043777821669764,5.980834655839007,6.496904016204065,1,385.6223340651634,184.347,0.7123890071753624,0.8148734866941097,1.0,557.1178645747242,636.5946211776277,785.126141678466,0.7026895969443036,216.57333333333335
CC[N+]1(C)C(C)CCCC1C,4.8358955,-5.0732436,2.1364129,-1.9781678,-3.9446888,-3.653179,-0.71702445,-0.37120697,5.4185905,2.0688505,1.4720287,-0.37951022,-1.6270244,3.4005456,2.6420121,-1.1465601,-1.1081378,3.4991312,4.4552145,-2.0573893,0.4380411,-1.4986056,4.161108,-2.0102997,0.90849584,2.07805,6.6210523,-1.0564425,-3.3374317,-2.308765,-4.9245396,6.2706456,-2.751942,7.0394616,-2.1477985,-0.6615413,2.255556,-1.5273216,8.536748,-11.556149,-7.213323,-2.4541867,1.7108934,-1.9118464,-4.9065,3.4286776,-4.245749,-2.6005957,-0.08878836,-9.41455,4.4744816,-2.2251534,0.9213137,0.23624276,-1.4896326,0.8639209,2.1455727,2.1080766,2.9328187,-8.2757635,2.0330133,-3.025908,0.28146824,-4.6925244,-0.6987163907480485,-3.769980339972876,-4.819821,-9.037361,0.1122666329776932,5.787087205176329,7.171292989601925,1,361.00512499561296,156.29299999999995,0.5533843702250212,0.7687940701108369,1.0,366.16287565066864,508.8302933517836,661.7778790447599,0.5428909349138684,183.54
CC[N+]1(C)C2CCCC1CC2,3.099887,-3.2888803,-0.089751646,-0.13566142,-2.4381602,-3.340984,-0.24163114,-0.8476616,4.605519,3.5896914,1.9866707,-0.2024801,1.6304615,3.260544,1.1436391,-1.3772104,0.079897724,1.3315536,1.327295,-1.4097732,-1.9416226,-3.5442846,1.4750845,0.01778239,-0.052673757,2.7665124,3.2802079,-1.532952,-0.6614826,-1.0144497,-0.6876717,2.4196744,-1.9072046,3.8744414,-0.2947573,0.55209535,1.2925936,-2.2030957,0.6621889,-6.258981,-5.425967,-0.67101306,1.144165,0.79150176,-0.3372515,0.88048065,-1.3389788,-3.2328928,-0.7500747,-6.7814546,-0.37489286,-1.3376853,-2.3565128,-0.7781995,-2.501904,-0.7995367,1.5553197,2.0875442,2.3079667,-2.9552116,1.6782682,-1.8197913,-1.4180725,-3.2755625,-1.1909520614545268,-1.715042535791561,-4.5409737,-5.815479,0.102312521068539,5.041840502955152,6.589450891601532,1,349.6001354877982,154.277,0.5696259865991447,0.892429432099109,1.0,314.7847125835917,493.8154698671009,553.0637509552809,0.6206542078010165,172.97600000000006
CC[N+]1(C)C2CCCC1CCC2,3.9558606,-2.1109464,0.28497562,-2.4165626,-1.9883028,-4.4132624,-2.1040623,-2.1148734,7.30459,4.2644033,0.2127701,1.5752791,2.2765126,2.7661877,2.32008,0.5251662,0.3734006,2.8932004,1.4627206,-0.13662384,-2.586216,-2.6578846,3.4436297,0.8137523,-0.8445732,1.982978,4.935585,0.3201476,-2.7909644,-1.1808724,-1.5009876,2.2782845,-3.132955,4.722176,-0.7588529,1.0406629,2.2990794,-4.0842247,0.47488225,-7.581806,-5.2243285,-2.3956468,2.256672,0.22401285,-2.6521678,1.0224801,-0.44376263,-3.911574,-2.0303664,-8.216962,0.9855816,-1.8240342,-0.9549409,-1.9885515,-1.5334277,-0.5709264,3.2233555,1.8716327,5.4748707,-6.230723,5.118797,-1.1853094,-2.1508548,-6.437431,-1.1555095477709985,-3.213683917379976,-5.1873183,-6.470623,0.0708019038037248,5.603961300784444,6.840243364939083,1,363.5902858744303,168.30399999999997,0.624367267711291,0.8903407701004653,1.0,399.7909741526827,570.0974766199739,640.3137941842701,0.6628645263913399,188.90400000000005
CC[N+]1(C)CC(C)CC(C)C1,5.020286,-4.5114503,4.165908,-0.17423707,-4.4464035,-3.1586845,-2.0446548,0.018006176,3.6261053,1.7207758,1.6469901,-0.8029322,-2.6189861,3.0423527,2.7328105,-1.0901262,-0.9081961,2.7210689,3.972949,-4.323487,3.4023483,-0.520613,3.704781,-3.0104814,0.54201895,1.7037451,7.396033,-1.0407349,-3.3019385,-2.1404734,-6.7875624,6.886668,-2.1009011,7.369733,-0.4204393,-0.278336,0.8195003,-0.94516593,9.430622,-12.02801,-7.4712186,-2.2610843,2.3542354,-3.29555,-6.922612,4.0767465,-4.024808,-2.9351301,-0.5428755,-7.7868357,6.053088,-1.8282001,1.6691189,0.7320764,0.70894265,1.382972,1.3527778,1.387275,3.2930157,-9.199314,0.76100296,-3.2205522,2.2939365,-3.683344,-0.6451225653881714,-3.8200842086221716,-4.8451233,-9.646827,0.128378330932603,6.181940224822147,7.075994667088715,1,374.8552046502202,156.29299999999995,0.5286768399099456,0.7878776243743079,1.0,384.1308706636465,575.0216917140567,731.1198152301513,0.5196179845736577,183.85200000000003
CC[N+]1(C)CC2CC1CN(C)C2,1.2351534,-5.8060184,0.7673824,2.4622734,-2.2629907,-4.281829,-0.1470984,0.35867098,3.955532,0.14978679,2.3404243,-3.0628169,-2.7479281,6.0726533,0.2811625,-3.8131294,-0.5618335,-0.643958,2.3915508,-1.8431693,-0.29561675,-0.8409103,3.035475,-0.28330132,2.818308,0.40212762,-0.30420658,-0.9677589,-2.2468662,-1.2919625,-1.3753934,4.249498,-1.3561106,4.4123178,0.56773156,0.96067137,1.2864652,-1.7187432,1.9277322,-5.682517,-6.830835,-0.44180077,1.2249118,-0.9723015,-2.417223,1.6775542,-1.499729,-5.203692,-2.9156337,-9.039159,1.4391512,-0.5641158,-3.4328487,0.10543738,-2.4263256,-1.2038792,3.7112925,-1.3197625,1.940184,-2.1591492,-1.2749398,-2.0783272,0.14285961,-2.0239878,-2.231000875941334,-1.9818056647188256,-6.452911,-4.7528224,0.1876455913023922,5.489793841663595,7.4298246630841875,1,373.6725423400767,169.29199999999997,0.4512227473080991,0.8419668879745029,1.0,347.32496540931794,650.38227366885,771.5849564333453,0.4765939942088743,186.18400000000003
CC[N+]1(C)CC2CC3CC(C2)CC1C3,4.000176,-0.9118484,-0.5071288,-1.5378056,-2.6478763,-1.8452021,1.464158,-0.12335721,9.342151,6.0365167,2.366524,-0.063390926,0.82361114,6.7429395,0.060903773,-1.5718986,1.5632327,1.3753778,2.509733,1.052241,-6.716637,-3.1871073,2.836309,1.9902589,0.93686527,0.5757328,-0.78976035,-0.2550681,-2.4153223,-2.0986137,0.27379677,1.503911,-1.0293677,5.2316046,-0.22964436,1.24605,5.153889,-4.378989,-4.3292527,-3.9957848,-6.417372,-4.7916055,1.0735105,1.9361484,0.5523024,3.13578,4.179652,-5.095513,-2.569685,-8.231755,0.86446595,-3.006131,-1.7228357,-3.4996843,-3.8138974,-0.2566,5.593254,0.13517281,5.6901565,-2.9289353,2.2812574,-2.6963298,-1.1659062,-3.3266866,-1.143878982890738,-3.053676154449373,-7.5178657,-6.479204,0.1595437428406451,4.999199684882129,7.720269357691357,1,388.77085689414434,194.342,0.4934810181563623,0.9641334371380776,1.0,431.9926093278392,844.9396068543646,876.1645967009591,0.6310241271607091,211.24400000000009
CC[N+]1(C)CC2CCC(C)(C1)C2(C)C,3.606364,-1.3372447,0.6534105,-2.1470954,-3.3933003,-3.0572798,0.033511087,-0.11149767,9.185514,4.203284,1.9910963,-1.3146832,0.6082484,6.790219,-0.82272005,-1.8246063,1.9690225,1.1624256,2.8065841,-0.29575074,-5.9551144,-1.5970528,4.1517196,2.349024,0.96918905,-0.07045734,-0.7850878,-0.547291,-2.9381793,-1.9593242,0.1679483,3.1147368,-1.2502179,4.547763,1.0073441,2.216085,4.1068387,-4.6033316,-4.067234,-3.3008714,-6.9558454,-4.4656,2.290821,1.4664978,-0.61016154,3.3207676,3.003596,-5.744901,-3.8561199,-8.131056,0.9326512,-2.5047948,-1.9688239,-2.8199325,-3.8196414,-1.125327,5.8972716,-0.8900411,5.900773,-2.9165125,1.7072041,-2.8267508,-0.795163,-2.7201362,-1.8818405397410143,-3.0264559969319933,-7.399531,-6.034774,0.1740566703281431,5.203911637969207,7.991980636737253,1,403.1058267388337,196.358,0.4753141918261369,0.9677023416479082,1.0,457.8911088229211,932.5905689573452,963.6871839680094,0.6048986981077812,223.24000000000007
CC[N+]1(C)CC2CCC(CC2)C1,3.1097226,-1.7043905,0.5987914,-0.74756545,-2.8459613,-2.4146378,0.867586,-0.50814223,6.3559303,4.337952,1.4854015,-0.43680137,1.32224,4.5641656,-0.47100914,-1.7733339,1.6329645,1.2635411,2.0880506,-0.7740451,-3.480243,-2.9193325,1.9137096,1.5107735,1.0680563,1.142576,0.9160315,0.04999202,-2.1243505,-0.74647325,-0.23521218,2.2067847,-1.289532,3.7491572,0.26954234,1.3335681,3.0614648,-2.9312878,-2.0642743,-4.4643917,-5.44139,-2.549831,0.72471035,1.3683875,0.14355162,2.4612546,1.4425652,-4.5639405,-2.1496549,-6.070391,0.38357526,-1.8581336,-2.1060317,-2.226039,-2.7604647,-0.51656175,3.482065,0.5208204,3.2952492,-2.2370095,1.3346713,-2.784969,-0.4532194,-2.6532526,-1.3152074196038261,-2.1467386411835943,-6.004865,-5.970742,0.1650161051547077,4.935692586820582,7.165545647526342,1,368.1352667467183,168.30399999999997,0.4859327580288364,0.9530027404046788,1.0,344.04457844556737,676.2728387344929,709.163998796936,0.6114555745093467,188.95680000000004
CC[N+]1(C)CC2CCCCCCC2C1,-1.1923088,-6.0117497,-4.211545,10.586558,0.56422794,-3.4156284,-0.55721104,4.532217,4.892654,-4.4372706,5.074582,-5.1975875,-5.8791804,10.909553,4.4896197,-7.560721,1.2448688,-4.535225,3.7189708,6.081219,2.3351793,2.5851119,5.972104,-2.3419971,2.7502756,-2.4122846,-9.018672,0.6295122,-6.29985,-0.26667893,1.4948889,3.1141307,0.9328769,5.143206,-2.1884294,-1.4169127,5.609196,-3.1847746,-0.14547072,-4.364181,-3.9940681,3.5335143,1.2644745,-0.85881007,-0.70829535,0.7003666,-3.1671906,-5.8096232,-4.029603,-11.478871,1.3442848,1.5521772,-4.0069084,-1.8426377,-7.8107333,-1.5040252,10.777638,-3.6359608,-2.0960531,0.8450839,-5.607851,0.11993359,5.3218155,0.968302,-2.9090127654189835,-1.4771998743940724,-10.231161,-3.1517515,0.4170869695272164,5.217069487007649,9.46864671150344,1,421.8302165391983,196.358,0.2580117663384449,0.8867349383607207,1.0,369.0170683447049,1268.6627902136731,1430.6938363372426,0.3190738515642109,223.22000000000008
CC[N+]1(C)CCC(C)C2CC1C2(C)C,1.6180987,-2.0197103,1.5138881,0.06254244,-1.1781745,-3.7795935,-4.773658,-2.672439,7.1690936,3.0237675,-0.8611311,0.48826927,-3.2843091,4.8019147,3.8213124,0.2764101,-1.0834355,2.8963292,2.8106935,0.7212286,0.39944547,-0.87138176,2.1984103,2.9423227,1.3043818,-0.16313744,3.296903,0.13140431,-5.1324906,0.26624227,-1.4655095,2.818649,-3.1040275,7.1192594,-1.2973987,0.42428976,2.9636374,-3.1795056,0.58913183,-4.6126266,-3.8693862,-7.124334,3.8657124,-3.6382113,-7.767704,2.5788813,3.8371696,-7.477445,-3.9442441,-9.3684,2.789762,-1.7846601,1.7141651,-2.713423,1.5318956,-0.42295095,5.0228066,-2.0501504,11.502163,-6.82748,7.0538616,2.4259315,-0.6033219,-5.5212593,-0.7880747321251752,-4.667019736692557,-9.914954,-8.588093,0.1126872310012631,6.518454197653556,7.992752597034936,1,410.49080977235,196.358,0.5515263052021996,0.8024310343300983,1.0,565.9821071925824,825.1639644759421,1027.688184853946,0.5485389090849987,224.0960000000001
CC[N+]1(C)CCC(CCCC2CC[N+](C)(CC)CC2)CC1,5.8939724,-3.447971,-1.4005485,8.994578,-0.6641679,6.7374687,2.6405275,1.9407893,5.617406,5.53192,4.2517805,4.1145577,-0.13461642,5.8145366,3.9385233,2.5909448,-0.4795142,0.9597953,-0.26429155,5.4434776,-1.5551035,2.1354744,7.1131296,-4.8279753,-2.1583884,1.2159655,-1.3510804,5.827328,-0.46793512,-2.8513465,-4.713731,-1.9722598,-0.9610384,5.6402593,-6.525875,-1.2616017,10.438024,-3.9324057,-0.6345259,-13.531363,-3.2081306,-5.0675697,-4.3868675,0.8362035,0.68945074,3.8750563,-1.9714283,1.2153826,3.0485532,-10.220567,7.8609567,-2.1555884,-0.14560221,-3.0710778,-2.7904828,2.495412,5.3394876,5.1839437,-3.4253547,-6.8404217,-2.1995544,-3.299361,0.36294731,-2.0107217,0.48083422094793754,-3.232198595023987,-5.8841195,12.4626665,0.7660299927292948,5.258080236627796,15.652253693716816,2,609.7752355783207,296.543,0.0862056509278012,0.9780005211434066,6.0,568.4426948226085,6491.5160903972,6635.186268086864,0.1494734763145738,339.7208000000001
CC[N+]1(C)CCCC(C)(C)C1,2.6914496,-5.548659,1.5466373,-1.0666285,-4.973185,-3.8856778,-1.1148027,-0.24904844,5.7356014,0.84732085,1.919457,-2.6692722,0.859521,4.706321,0.721618,-3.730208,1.3571043,1.0997975,3.7189355,-2.550882,-1.5064741,-1.7670898,3.4624116,0.082318515,2.1956623,1.8425257,3.4892294,-2.0124185,-2.3987935,-0.94145465,-1.286851,6.397231,-1.9657252,4.55048,0.19584869,1.0311469,1.3107253,-2.5885808,2.2172663,-7.2946205,-7.555807,-0.49447864,1.0265958,-0.1817252,-2.1532025,2.5781322,-3.38925,-4.7228703,-3.1030335,-8.181731,1.1169579,-1.1078632,-2.1874905,-0.87472355,-3.621342,-0.5088147,3.104391,0.557199,1.9306802,-2.4683883,-0.48576397,-3.4662387,0.6710976,-2.2849045,-2.0274814904135567,-2.3875466079485665,-5.884202,-5.7031517,0.1605187398149525,5.132927028902991,7.212891534660838,1,368.8332998606564,156.29299999999995,0.4809379947908776,0.8788175423513724,1.0,333.09043225815213,608.319878529646,693.082638608919,0.570176779350532,183.64
CC[N+]1(C)CCCC1,-0.26258782,-6.160485,-2.6072874,-0.787355,-7.8346753,-5.5911503,1.1634234,1.3843862,2.1491284,-1.5650921,6.424244,-3.8953347,1.449446,2.9581795,4.5875783,-5.569344,-0.119815804,0.40613383,1.2930826,-0.77274036,-0.94601154,0.07631765,-1.2824528,-4.225525,2.1153905,1.922616,3.1885107,-3.099891,0.8447827,-2.5530863,0.059232064,4.980257,0.7628247,0.66255593,0.84917057,1.8168489,-4.1524334,2.8556437,3.330156,-8.6645565,-6.188851,3.878435,-2.1669924,1.240952,2.5765653,-0.4112438,-8.259165,2.1395614,1.5414097,-7.4601417,-1.3747957,3.4971483,-2.1994061,1.1081731,-4.9461813,2.4672935,-2.7401428,2.272,-4.6021767,2.6462526,-7.6744723,-0.45324957,2.5221627,0.8579017,-1.6065281408978307,1.2066010754447825,0.0725418,-5.135473,0.181851925012516,4.209808523591396,6.201574664885781,1,311.3394751609537,114.212,0.4697885509651879,0.9109292477469496,1.0,164.9469542889211,322.3232208493885,353.1961939448223,0.5960534832630782,134.02720000000005
CC[N+]1(C)CCCCC1C,4.7224326,-2.6340735,0.1583894,-0.7270377,-3.404001,-2.2223017,-1.2782816,-1.5892942,4.8392234,3.5797026,1.7854354,0.70253843,3.294909,0.95937496,2.3952215,1.679219,1.8687971,2.4378998,0.026473016,-1.6471719,-0.45351493,-3.285499,1.955517,-1.0365107,-2.3241243,3.5687087,7.695582,-0.09176967,-2.6256306,-0.5356133,-2.804488,2.833682,-2.296795,3.4200861,0.4298516,1.0761251,1.1196165,-1.9648557,2.4470665,-9.806576,-5.890451,-0.46919197,0.771178,0.7933462,-1.5962304,1.7713569,-4.9150615,-1.4817915,-0.2597257,-6.9937615,0.45167235,-1.1775839,-0.9842638,0.8221084,-2.328997,-0.52073455,1.2141266,4.109797,1.7855142,-6.2338476,3.7072062,-2.556948,-0.90294254,-5.1490264,-0.6946431803444961,-2.168282536689629,-4.121037,-6.70788,0.0740060923504207,5.112662457664837,6.422708728016541,1,343.9834549234644,142.26599999999996,0.624266303345891,0.9070820203560808,1.0,309.39586546439705,450.3355809160876,496.5467271073281,0.7164573411140878,167.0586666666667
CC[N+]1(C)CCNCC1,0.26080507,-5.117282,-0.9085453,1.2408364,-8.956224,-4.479395,-1.6671587,1.267826,1.6179383,-1.5309062,7.4879894,-4.176073,1.295849,3.5062547,4.787153,-6.6279097,1.1089449,-0.57847404,1.9999924,-2.1679502,0.55311453,-1.1135557,-2.3731596,-3.5151303,2.9609005,3.5470302,1.8964282,-3.512976,-0.1376575,-1.9231687,1.3819395,4.827503,1.6598008,3.5569599,1.1974138,0.43157822,-3.3111968,2.8833055,0.45267165,-6.807417,-5.9312115,2.581445,-1.623671,0.0897817,0.6723759,1.9704663,-5.9848475,-0.28696,0.700053,-5.4992003,-2.1564581,2.1297467,-2.1107175,-1.4051085,-4.961412,2.4979095,-0.9199382,1.5340667,-4.129484,2.3116374,-8.406209,-1.731092,3.7513855,2.9642024,-1.2937339041565243,0.7906182160242945,0.3440949,-5.341579,0.2061139477220295,4.158227558979566,6.799894005513388,1,324.98516298189224,129.227,0.4391090810577621,0.9342309386592742,1.0,201.1802703248932,430.4585967265842,461.4449093272772,0.5962363577481048,146.6986666666667
CC[N+]1(C)[C@@H](C)CCC[C@H]1C,4.874432,2.0889204,7.1865997,-4.546345,-5.3288016,-3.4581368,-2.9915807,-3.7669384,8.664987,5.894506,-3.0704272,1.986755,-2.1821756,2.2341685,4.2038074,4.125132,2.6765852,7.004382,5.779805,0.72412896,5.7945204,0.798193,1.9611385,0.4604959,0.7246689,-2.7664542,12.184982,3.0022314,-9.682448,1.8851744,-9.675445,5.3300786,-1.9935756,10.553777,-1.7404063,-1.6539352,5.0410523,-0.97240895,10.251626,-12.872204,-5.11561,-9.344366,2.6289918,-4.5483046,-10.888781,6.616755,0.8391479,-4.2645707,-0.42173025,-6.004214,6.7838464,-4.100465,8.296348,-0.9180685,3.886174,1.8444908,2.58638,-0.34924075,11.694343,-14.879154,9.235904,2.5897865,4.373761,-7.5056934,1.3738244007241334,-6.2683472917368235,-13.763674,-7.658196,0.0782685872034718,6.824605246487538,6.982569034632728,1,360.9892451852152,156.29299999999995,0.651916829086783,0.6956947937394085,1.0,424.5830130062033,453.0949018027057,651.2840197743736,0.5691925278368012,183.61600000000004
CC[N+]1(C2CC(C)CC(C)(C)C2)CCCC1,-3.420637,-5.2708163,-2.443499,6.758721,-1.9585551,-2.354193,-2.0394194,3.0656424,11.909957,3.514559,5.4057093,-2.9877784,-2.649209,10.394839,9.561161,-7.0804124,0.40158007,-5.5514183,-0.36683115,3.70678,-3.2059245,5.198927,1.5833995,-3.5611858,5.2839475,-5.003888,-5.485208,2.25691,-4.2718377,-2.5383596,-0.08502566,3.7551482,1.6429954,6.0735497,-1.1075592,-1.2698648,0.16765724,-4.8715425,-3.196937,-5.4230666,-3.5984154,-1.5967174,5.438365,-2.002895,-0.47753403,2.5818396,3.2503765,-5.622883,-3.5654063,-10.057304,3.865152,3.3902266,1.3310182,-5.251102,-1.6988062,1.6025996,7.8933187,-4.866973,7.02548,-1.2865115,-4.234438,0.24214108,5.253035,-0.17977488,-2.2981916338479227,-2.7304566303823266,-12.326788,-9.41095,0.2245126807778329,6.691642993842801,8.296937953632417,1,462.6207105737216,224.41199999999992,0.410660790200869,0.840928951336545,2.0,674.0053733713889,1382.3547752706472,1648.6712809293376,0.4367717322978166,256.83822222222227
CC[N+]1(C2CCCCC2)CCCC1,-0.0620516,-6.0648546,-2.1665852,5.9551845,-0.035614222,-3.4833238,-1.465547,3.2166512,3.8426967,-1.806302,4.849721,-2.6135018,-3.5185707,6.877792,2.7638268,-4.0495315,-0.1121232,-3.9493034,-1.1886163,-0.07350086,0.31818604,6.145538,4.5547185,-3.6922436,1.6172631,-2.7520835,-4.922727,2.728687,-2.5089283,-2.5742335,-0.78917617,1.441884,-0.3130992,1.8980409,0.9717568,0.05125384,-1.3764439,-2.7882707,-0.6997026,-3.6392717,-5.3191714,2.3776863,3.0981061,-1.01704,-0.5274614,-0.7590881,-0.90727705,-1.6671124,-0.62863094,-8.109808,2.333509,2.7018306,-2.3400118,-1.4604988,-1.7483572,-1.0239885,5.7360024,-2.1050842,0.5365701,-3.2333035,-6.4425006,-1.9084054,1.9546261,-0.58979356,-3.0234210590581436,-0.834869895035214,-5.0848103,-2.1086814,0.2643432988367082,5.774011954070646,8.082523451828822,1,401.5667651751935,182.331,0.3718099117161142,0.8246982751033152,2.0,408.8232200359612,910.217075401757,1103.297615584603,0.3875484879120559,206.51200000000009
CC[N+]1(C2CCCCCCC2)CCC(C)C1,-2.3714201,-6.859984,-1.5282528,4.8459115,-0.87534785,-1.2155498,-2.3785994,1.880526,9.415682,1.4906503,4.6639814,-2.607854,-1.6771829,8.248907,7.9587092,-5.3258777,1.8009534,-5.2468204,-1.2791361,3.9185638,-2.8131754,6.2529674,1.9929802,-4.000575,4.967686,-4.2437887,-3.346907,2.4555895,-4.8805356,-2.512158,-1.1321677,3.2338564,0.23009211,4.2982235,0.31637317,-1.3435085,-0.42315257,-5.158569,-1.7005509,-5.634879,-4.527764,-1.2678268,2.8014874,-2.2274992,-0.9584551,2.1198368,0.5362693,-3.6483703,-3.5814457,-9.695558,3.8826425,4.1706266,0.6106847,-3.9032943,-1.265646,0.7904233,6.939177,-3.571381,5.6503854,-2.567581,-3.3486226,-0.08987896,3.6869059,-1.2398686,-2.588028652116542,-2.3327284869155145,-11.93137,-9.333975,0.275810437530928,6.64150055983695,9.223560831102413,1,463.32288139732594,224.41199999999992,0.3662102648698807,0.8832477342572201,2.0,633.319004724735,1535.820492286037,1743.0134354938548,0.4240359247175346,256.5156363636365
CC[N+]1(C2CCCCCCC2)CCCC1,-0.48793334,-3.4082198,-2.7044158,2.5552619,-3.1435735,-4.3105984,-2.7937207,4.142021,9.0317955,-1.4507452,6.609904,-4.4197965,-1.5016853,7.8411536,3.4237375,-3.1542435,-0.14664063,-4.296164,-0.65296423,-1.4448825,-4.235795,5.9800415,5.8145723,-2.3476534,-0.23130953,-3.5853739,-4.793501,0.6267885,-3.1843705,-3.996386,1.6796745,4.2460284,0.6098971,3.045762,1.180715,2.209313,-0.4106676,-4.73242,-4.9862804,-1.0300486,-4.9024496,-0.1770286,5.121627,0.36519063,-0.397635,-0.20349826,0.67467153,-3.1310303,-2.1679888,-7.2411304,2.0840795,0.49403325,-0.23911558,-2.4129832,-2.909681,-2.3739684,7.2988095,-2.3678875,3.8128302,-3.378372,-5.0467176,-2.5420754,2.8652818,0.829563,-3.1111966866689946,-1.524320104970041,-6.6991115,-2.6296635,0.2677807065954443,6.042208744985702,8.491525868649873,1,436.7455072950829,210.385,0.3714367164939783,0.9005398218831229,2.0,539.8895425580424,1310.9801484833752,1456.608950512978,0.4653621209199102,239.89960000000005
CC[N+]1(CC)C(C)CCC2CCCCC21,0.8528362,-2.506799,-3.557839,1.2623856,-1.1819061,-4.791826,-2.796465,2.2557983,12.553774,2.6755483,4.281128,-0.9726592,-2.3527026,9.072948,5.2466383,-2.6155725,-1.9192162,-1.7880948,0.5824846,1.8099254,-6.295951,2.3494682,5.817141,0.5930617,0.11322528,-2.2426176,-3.8914063,0.03325459,-3.415851,-3.838338,1.1976446,2.7896204,-0.8028533,5.0258703,-1.1785464,1.2398428,2.9891145,-6.4479666,-4.4463596,-2.9452386,-3.6653318,-3.5190046,6.4266205,0.9583025,-1.039577,0.20283686,3.588914,-5.489382,-3.1699536,-11.229764,1.9714894,-0.9261598,0.14117868,-3.2408533,-3.792549,-2.1246288,8.840665,-2.5703876,8.550666,-4.258345,1.1743336,-0.23200841,-0.31989583,-2.7213254,-2.4568673392345906,-3.491405728781739,-9.517863,-5.9700136,0.1404190147821261,6.0522277276594005,8.081662265918066,1,425.7883689157378,210.385,0.5098728885129192,0.8487617539108662,2.0,616.6139525931947,1025.3868834156442,1208.9665012625542,0.5539907965899245,239.3264000000001
CC[N+]1(CC)C(C)CCCC1C,6.331956,2.5821197,1.677416,-8.317468,-3.0356328,-4.5898247,-3.6945956,-4.6685085,10.990127,6.869234,-3.2989247,5.528566,3.1320999,0.64462686,3.2955093,4.741574,2.9884205,7.546427,1.8705003,3.1528182,-1.8664602,-1.8869133,4.0251174,3.6373403,-1.8914461,0.84335697,7.4071755,3.6059012,-6.234163,-0.2730922,-3.1204567,1.2380314,-3.956317,4.988246,-1.8442726,0.36805326,5.0381064,-5.474969,-1.1373352,-7.482191,-4.2488775,-7.240822,2.7754273,1.200568,-4.972804,1.7646354,2.8075662,-3.2482154,-2.1090076,-7.4610353,2.7044346,-2.0087008,3.9550455,-4.887362,0.13274589,0.69636893,5.415507,1.6268945,10.674118,-10.474145,11.899911,0.48046118,-2.7336686,-10.597442,-0.28523923903002496,-5.282368181587224,-12.312036,-5.9871125,0.0258034212311613,6.083219063629594,6.342646658324087,1,380.5432232415917,170.31999999999996,0.7719348375296275,0.8555902076549124,2.0,521.8445650030013,579.480344720892,677.9100414118509,0.7579670410978575,199.90000000000003
CC[N+]1(CC)C(C)CC[C@@H]2CCCCC21,1.7256553,-2.027376,-2.818548,1.1584551,-1.0403765,-4.5359774,-3.3244035,1.2815486,12.179431,3.467745,3.5121388,-0.10661133,-2.2903218,8.242448,4.9925723,-1.8118211,-1.7510376,-0.9119465,0.71264064,1.5114498,-5.622523,1.7062157,5.787715,1.4003744,-0.076912224,-1.5148246,-2.9280975,0.5718079,-3.1328678,-3.2859607,0.7913061,2.30563,-1.3434377,5.014785,-1.0287235,1.3075484,3.4612098,-6.4185805,-4.59256,-3.5282888,-3.5349193,-4.3843102,6.3806524,0.7968817,-1.4799851,0.82591903,4.063388,-5.7426014,-3.509462,-11.040828,2.0750363,-0.7901694,0.025699332,-3.739293,-3.2593188,-1.5735309,8.486517,-2.2512593,9.230737,-4.740248,2.416112,-0.1452507,-0.90400785,-3.5499191,-2.2417841585311025,-3.838304296464539,-9.419642,-6.283351,0.134365956177698,6.179582083434563,8.116836097666189,1,427.6446366596624,210.385,0.5164000179756879,0.8642024290938782,2.0,623.8063754493495,1044.4841490846406,1210.441161645111,0.5829823795518764,239.28114285714287
CC[N+]1(CC)C(C)CC[C@H]2CCCCC21,0.51118565,-1.9518309,-2.7474756,1.6253443,-0.78949296,-4.19474,-3.2552688,0.9576137,11.606585,3.323511,2.6308434,-0.20045145,-2.9529848,8.191396,5.5594354,-1.7547365,-1.9437666,-1.0208727,0.4868349,1.9845866,-4.6471915,1.9872036,4.7317634,1.0344019,0.4628995,-2.2185364,-2.5707605,0.62027264,-3.3394606,-2.6917057,0.48783714,2.3650875,-1.2346113,5.062176,-1.228271,0.9584473,2.8615022,-5.6041965,-3.5418599,-3.3111067,-3.1521368,-4.4038157,6.302125,-0.24599421,-2.3712668,0.72167814,4.390014,-5.75956,-3.4655335,-10.707287,2.3823202,-0.5226638,0.77643853,-3.2561798,-2.0993738,-1.2771217,7.659389,-2.8504996,9.836044,-4.335879,2.7656353,1.0718664,-0.41136345,-3.5509286,-2.048026345694677,-3.749590288545476,-9.697874,-6.664181,0.1363899366031792,6.310181244217383,8.036279970196345,1,427.390709740081,210.385,0.5199958468241285,0.8441288194012201,2.0,631.826994909474,1028.4974376906134,1222.5149940495871,0.5572394196718334,239.26400000000004
CC[N+]1(CC)CC(C)(C)CC(C)(C)C1,2.8415048,0.61175287,-0.49906227,-2.0499723,-3.0221498,-4.29678,-2.78696,-0.6743431,12.882667,5.4815335,0.16792026,1.1818817,-1.571267,7.5277276,4.8145747,-1.0375367,-0.44350985,1.4245065,1.860132,2.466609,-4.0309157,0.1889622,5.8937583,1.3001225,-0.2959159,-2.165359,0.36427203,0.463227,-4.0162005,-2.0339603,-0.89173627,3.9070203,-2.0414586,7.058572,-1.4064333,-0.024922445,4.262474,-5.463955,-0.44289267,-5.1713514,-5.0294013,-5.662499,6.581752,0.19878125,-3.6129575,2.3664746,4.553467,-5.764551,-3.3364458,-10.074719,2.8227623,-1.7237818,2.1618114,-3.6873434,-1.8783691,-1.1367632,6.3897843,-2.1074827,10.901419,-6.043455,6.3302217,1.021178,-0.933632,-6.2018027,-1.5268395546162217,-4.700671860899626,-9.39351,-7.129498,0.0901371789822671,6.521550931518857,7.03411423009699,1,427.0340462952751,198.374,0.5835518832945767,0.8479459675093616,2.0,626.5633642868066,910.4449721532316,1073.7063528085946,0.6224995691487316,233.74400000000009
CC[N+]1(CC)CC(C)CC(C)C1,1.7060491,-1.2360271,-1.1467996,-0.8867342,-3.3247995,-3.6026819,-0.95015657,0.9730065,8.785848,2.8276813,1.8554647,-0.25855178,-0.037001416,5.6089964,3.9344325,-1.4316262,-0.68738997,0.010828616,1.3502659,0.45866966,-3.037418,0.20947544,4.2616377,-1.8055894,-0.7417462,-1.1664616,1.4839094,-0.7436304,-2.3494158,-2.459928,-0.5916128,4.4691963,-1.113441,5.112979,-1.4775091,-0.14085837,1.9265326,-3.6170666,2.049294,-5.8762326,-4.898934,-1.4088347,4.1328807,0.28453934,-1.621836,1.1285391,-0.10293183,-2.7654102,-0.6247211,-7.8318143,2.0939395,-1.6006701,1.4323773,-1.1538272,-2.6757524,-1.2061802,3.4202378,0.3395309,4.51672,-4.4380097,1.8107202,-0.75885135,0.26904127,-3.4238653,-1.452258349419998,-2.6160054236803987,-5.49002,-5.2638345,0.1134033498163892,5.87868877838311,7.136495713706194,1,396.74029132837177,170.31999999999996,0.5565702132987465,0.7986730956226723,2.0,479.1065613462568,686.8920723095092,862.8769167435522,0.5408538050410122,200.6053333333334
CC[N+]1(CC)CC(C)OC(C)C1,2.8490667,-0.525671,0.61138827,-2.5761478,-2.3201983,-4.3852572,-2.4467244,-1.635533,7.170654,2.9481747,-0.51176536,1.9945391,0.9710339,2.5169733,2.2398868,1.4352995,0.42297098,2.7040474,0.7595991,-0.1907519,-1.0164715,-0.4238124,3.752568,0.19542855,-1.3900075,0.25012732,4.465556,1.3072368,-3.363106,-0.7008444,-1.6527385,2.5871134,-2.7277052,3.2761686,-0.6189634,1.065931,2.0873249,-3.6604455,1.0861063,-6.298403,-4.3869205,-2.5319216,3.1466372,0.06744516,-3.5756726,0.7575704,-0.4016026,-2.6349902,-1.138411,-6.868822,1.8703948,-1.4012587,1.0879269,-1.4503716,-0.8454982,-1.2102343,3.2377527,1.0046004,5.6018662,-6.6468706,4.9519334,-0.1560228,-1.2700672,-5.6835694,-1.2715833315025087,-2.992330628388788,-4.900566,-6.1868544,0.1100410464312553,6.140396683746548,6.9456791425664335,1,392.4188684314717,172.29199999999994,0.5906428275027731,0.8402686447057064,2.0,478.1273071341167,687.8454441462844,830.4070826247782,0.6107307197443177,193.0720000000001
CC[N+]1(CC)CC2C3C(C)=CC(C)(C2C1)C1C[N+](CC)(CC)CC31,-3.6953032,-7.7746286,-6.808751,9.750155,4.7356005,0.17299089,-1.1747277,0.9484664,6.049887,3.3488054,7.0397606,-0.9212459,-11.106462,10.917261,9.6785965,5.90175,-5.069089,-2.9382021,-1.2058316,3.738483,-1.2660484,9.199599,-0.81818086,-3.6664486,-1.7151349,-6.7608814,-3.2555552,3.2532823,1.281056,-1.028997,1.4556768,-4.639564,0.50920624,-0.07492015,-2.342783,-3.7438054,1.9894236,-0.8382843,-3.7539756,-2.6025596,-7.743167,-1.9701378,4.40351,-2.9087832,-1.0564322,0.112399206,6.2279263,3.08188,5.245472,-18.196693,0.81961215,4.708272,5.678902,-1.7465191,1.8579686,0.7211956,5.726316,-6.1808343,11.569831,-7.376962,-4.108963,3.8168588,2.224829,0.6268107,-0.66676848102658,-1.9734056134697915,-13.711442,-10.852538,0.4005924759699868,7.361868141436062,12.421217554819362,2,594.4583906959126,332.57600000000014,0.2726308746248769,0.9268828033591204,4.0,1071.8702337781206,3656.2455543210194,3943.6052375542654,0.342976773130248,363.4906666666668
CC[N+]1(CC)CC2C3C=CC(C2C1)C1C[N+](CC)(CC)CC31,-0.1148578,-11.394977,-7.732156,10.941838,4.00697,0.7613417,2.9581544,0.19893438,0.65055174,4.063348,10.156685,0.38516325,-11.535974,9.05873,6.3164706,1.6613995,-6.257274,1.470446,1.4230316,5.365724,-0.864401,3.4205353,6.055016,-2.8450027,-0.64653474,1.0054455,-8.637913,1.7142113,6.1810174,-0.583207,2.2642553,-6.0811877,-5.633787,1.6576921,-8.873113,-4.425283,6.0750875,0.19171427,-1.4478561,-4.567218,-10.300691,-2.4511955,3.9697464,0.51688004,1.1420914,1.109188,4.3739157,2.0870578,10.351496,-18.306297,0.5689975,1.2304828,0.8113422,-3.6854002,1.0735133,0.591941,2.227653,-0.68017614,2.581293,-5.730003,-6.9057984,3.2584054,-2.3431509,1.3275032,-0.0635097407351681,-1.4528467843641804,-5.125067,9.049489,0.5554426102227236,6.027943088806832,12.327777855558097,2,561.2949474504347,304.52200000000005,0.1822323543479707,0.950220131194283,4.0,698.664873173428,3654.898804581608,3843.585281999571,0.2504491069815405,329.8506666666667
CC[N+]1(CC)CC2C3C=CC(C3)C2C1,0.19256091,-4.0326757,-2.4623268,3.7946692,-1.5269549,-5.2858295,-2.8459098,3.9828796,4.0928187,-4.7620983,5.552193,-3.6957157,-2.6189578,7.1945996,0.031633064,-0.9431051,-0.14705393,-3.184667,-0.30844083,-3.9041402,-0.18572533,7.2616653,6.33112,-2.3945148,-2.257627,-3.6309428,-5.375445,2.0294526,-2.3402476,-2.337802,1.5653824,2.2999718,0.35377932,-0.98095965,2.2959087,2.4398816,-1.0383072,-3.599151,-4.806962,-0.10967016,-4.7239013,2.5997374,4.5217466,1.325743,0.2362463,-2.574534,-1.7332219,-1.4368253,-0.03938696,-6.8148346,0.63357884,0.55264664,-1.9702785,0.78815484,-2.5761347,-3.1403291,7.0983167,-1.8532798,-0.04823792,-3.0462842,-7.0640354,-2.9760442,2.4756343,1.8435683,-3.5939551623319947,-0.23519992683530846,-6.352916,-1.6123874,0.3050209273763568,5.614585070279606,7.879692011147258,1,404.1765391231233,192.326,0.3449640413937228,0.8839067281270678,2.0,384.6730689657795,1001.6784777792312,1129.1336722004908,0.4163628124535093,207.94800000000004
CC[N+]1(CC)CC2CCC(C2)C1,0.60359657,-1.2500244,-1.2467437,0.12521142,-2.7065961,-3.6397526,-0.33254445,2.5353498,5.524673,0.3754741,3.1579685,-1.2496859,-0.0086063,4.1972775,1.2602272,-1.3750048,-1.2641575,-0.74379516,0.5596242,-1.5351123,-2.7411716,1.3746307,3.7220533,-1.7005928,-0.9722373,-1.091215,-1.2179736,-0.13286239,-1.3726088,-2.7101455,0.777022,3.082103,-0.23727712,2.1797488,-0.75142246,0.92720115,0.8979398,-2.896909,-1.0904741,-2.2086117,-3.7739744,0.66896504,3.0403478,0.79676163,0.19663268,-0.45200783,-0.058577776,-1.6127667,0.42510143,-4.545238,1.2129313,-1.3335538,0.46789724,-1.2547096,-2.2270505,-2.0387664,3.5165522,0.5969988,0.9825016,-3.0704336,-1.9376099,-2.1106932,0.72622246,-0.37418035,-1.8679612510016546,-1.0141977392990342,-4.9824147,-3.440233,0.1603312587430714,5.513605578851525,6.782205069420906,1,373.4973633737761,168.30399999999997,0.4817312912972222,0.8482549777370734,2.0,368.2433501672104,649.1465413539408,764.9638064458425,0.5135074642539439,189.58000000000004
CC[N+]1(CC)CC2CCC(CC2)C1,0.7175348,-1.0523202,-2.8326428,-0.014035404,-2.40718,-4.262143,-0.41182172,3.128681,8.837963,1.7508976,4.4352374,-1.569875,0.45720083,6.5510287,2.4733334,-1.8138366,-0.73094654,-1.5432228,0.44608012,0.33526957,-5.611495,1.2832779,4.6159687,-1.0910878,-1.0067563,-2.089033,-3.0026312,-0.0018322369,-2.2237709,-3.3163438,1.6828047,2.3909574,0.3106848,3.459085,-0.75837666,1.2446668,1.9756407,-4.534589,-3.4519722,-1.9362919,-3.9559858,-0.021961272,4.44518,1.8340123,1.1442342,-0.3744995,1.5917653,-2.782947,-0.62677085,-6.4762855,0.26554456,-1.7588851,0.066791266,-2.0946202,-3.8357267,-2.5748544,5.848205,-0.28577664,2.982373,-3.2990823,-1.337608,-1.9519725,0.46036354,-0.925309,-2.088062728358069,-1.5086734508782897,-6.166568,-3.4870615,0.1411963420252722,5.523046170215653,6.891696046621383,1,389.70223824247927,182.331,0.5082226794012477,0.8653305398625587,2.0,441.5927163227967,752.7661340469303,869.6402729641112,0.5487983575279828,205.43400000000003
CC[N+]1(CC)CC2CCCC1CCC2,2.0258534,-1.3648422,-6.0070486,0.3527692,-1.8922826,-4.126273,0.6114073,4.346046,13.807105,5.0974455,7.0608363,-1.6123039,-0.65011686,10.474518,5.6400557,-2.4450755,-1.8316591,-2.5968263,1.0122095,3.1698213,-9.900679,-0.03967811,6.2422833,-1.3047614,-1.2787488,-2.3668044,-5.597528,-1.1175424,-1.544039,-5.575999,2.2350852,1.6123309,0.64101654,7.1566277,-2.577752,-0.14528586,4.501596,-6.4074516,-4.9828615,-3.1125042,-5.2022533,-2.327188,6.0470943,3.3523538,2.7951825,-0.21475805,4.9036045,-3.7772577,-0.83322734,-10.712254,0.46739194,-2.747279,0.300664,-3.6060462,-5.880728,-2.044871,8.29144,-0.7856996,6.1488748,-3.8103127,-0.26075822,-1.9799185,-0.6063756,-2.1676924,-1.7850111310190968,-2.816383588855534,-9.556421,-5.2827454,0.1011045929962478,5.491903411318472,6.7337648350051165,1,400.823441893855,196.358,0.5643537089600769,0.8643677258110544,2.0,538.7301893748676,825.122580435906,954.596702071073,0.5915794398377348,221.78400000000005
CC[N+]1(CC)CCC(C)C2CC1C2(C)C,-0.27916527,-2.176791,-2.854,2.1466525,-0.9200828,-3.515321,-2.5447028,0.9614248,12.294232,4.209455,2.0647657,-0.29277664,-3.3264155,9.086748,6.575582,-2.2723126,-1.9626503,-1.1319793,0.9028282,2.9239817,-4.4929576,1.6535182,3.7543004,0.67403495,1.2016735,-3.167287,-2.1374185,0.680628,-4.0694647,-2.520033,0.09778,2.7911904,-0.99138397,5.9682884,-2.0281549,0.1209207,3.0933542,-5.448083,-2.2169514,-3.8792477,-3.0111103,-4.3111105,6.29383,-0.9541619,-2.6966395,1.1928719,5.0078216,-6.1742673,-3.3245628,-11.083404,2.7464316,-0.8577214,2.0366256,-3.4130192,-1.6874022,-0.71744263,7.452931,-3.138611,10.5455265,-4.187186,2.9913356,1.6683252,0.64425355,-3.7779534,-1.6805080096532117,-4.042978280065942,-9.9076605,-7.2288713,0.119915951206769,6.294561847238225,7.84822330688385,1,431.396156287567,210.385,0.5375981719164976,0.8129286362608313,2.0,640.370898899192,967.8404830524878,1193.2596952050897,0.5375189367459704,240.8453333333334
CC[N+]1(CC)CCC(C)CC1,1.5062101,-5.412162,1.7565709,2.069202,-1.5988799,-2.222697,-1.1662686,0.7568575,2.599846,-0.96771497,1.4820421,-1.3808756,-0.45738846,4.4167185,-0.07743709,-3.1358137,1.0395682,-1.4948827,0.34782568,-1.6102959,0.16478476,2.7236931,3.7971342,-1.7260355,2.3336923,-0.7998049,-0.4824405,1.3719958,-1.6221224,-1.6918845,-2.0415823,3.2590806,-0.556616,1.2470332,1.7125931,-0.12642385,-0.09055273,-3.5827549,0.98825824,-4.732309,-5.921824,1.9783301,1.5293512,-0.3203528,-1.015551,1.1684196,-2.4733675,-1.9787517,-2.7119448,-5.838146,1.9058609,1.6609905,-2.5621943,-1.1590915,-2.089745,-0.5949055,3.6612835,-0.5462513,-0.55237955,-2.4036593,-3.1790442,-2.9596689,0.23781338,-1.5563539,-2.9243485980582467,-1.1009813777068356,-4.1599545,-2.901107,0.2197241742614807,5.447973001007508,7.523210878736109,1,374.4482423097094,156.29299999999995,0.4169381795922871,0.8613981701466835,2.0,316.88545839898154,658.4212545935661,763.5759706236969,0.4615249449412743,183.89200000000005
CC[N+]1(CC)CCC2CCCCC2CC1,-0.14528158,-6.583162,-4.6523714,4.860332,-2.7895849,-4.647132,-3.214935,5.019206,7.413445,-6.4940324,7.3150663,-5.7918854,-3.7178416,8.618216,3.7995558,-4.9139934,-0.4621965,-3.1863143,1.6720018,0.609429,-1.3813888,5.572392,8.853778,-2.376557,0.63743144,-1.6493784,-6.541612,0.0007742295,-5.2336955,-3.6341853,2.4786067,5.585701,0.037391245,3.0768802,-1.9285222,0.32046634,2.9405348,-4.891637,-2.8581977,-2.2407715,-5.472539,2.0081651,3.3804848,0.59509313,-1.2865455,-1.0104493,-4.288324,-3.118466,-2.6371877,-10.466793,2.374064,0.31583256,-1.3410679,-2.4643776,-6.622228,-2.6719077,9.977705,-1.2206328,-0.69709074,-2.5120764,-5.884241,-2.2253745,3.0364766,0.64387906,-3.5530043005307017,-1.8067564570790668,-9.047987,-2.8467252,0.3717762384586311,5.334556733507931,9.421260691293806,1,439.2502586109557,210.385,0.2923104860787998,0.9188256843708024,2.0,449.97964567083335,1424.2386513826364,1552.2981943462887,0.3866213422820435,239.2048000000001
CC[N+]1(CC)CCC2CC[C@H]1C(C)[C@H]2C,0.9176635,-1.9143779,-3.0387268,0.6610665,-1.28061,-4.594843,-2.0556495,2.6208065,11.330028,2.4600856,4.4737873,-1.0689943,-1.4434216,8.296763,3.208776,-2.3321805,-1.316473,-2.2134843,0.070711404,0.78758395,-6.7157497,2.5425162,5.6486654,0.6467378,-0.31593066,-2.2732325,-4.5277834,0.086155556,-2.5572355,-4.075544,1.7119896,2.2360344,-0.6203014,3.5376704,-0.17299134,2.0109947,2.528356,-6.529132,-5.7588477,-1.6406004,-3.9346159,-2.7848122,5.9009237,1.6702244,0.0048308372,-0.011178508,3.6692557,-4.8088717,-2.78201,-9.377052,1.4652609,-1.0236735,-0.47347808,-3.2890878,-3.7637029,-2.7781074,8.246728,-2.0472648,7.014203,-3.6714787,-0.37358847,-1.003493,-0.36916846,-1.6582865,-2.6749677934673612,-2.731320334695261,-9.217159,-5.4795055,0.1604949218825037,5.801407669062624,8.179498949660806,1,421.8850439874411,210.385,0.4834914815841344,0.895344686917205,2.0,561.3969697079815,1039.4130249787656,1162.669089532964,0.5508452996601294,239.18133333333336
CC[N+]1(CC)CCCC(C)(C)C1,1.5899645,-1.07975,0.3975657,-1.6719174,-2.4859548,-3.3932827,-1.1958717,0.032800883,5.8028955,1.5439777,0.6739815,0.39037424,2.404247,2.3660173,0.83963823,-0.37748748,0.57208705,0.8197823,0.46771005,-0.52252936,-2.5064466,0.36498743,3.141209,-0.104750186,-0.67437613,-0.14028698,2.2495222,1.1110333,-2.673133,-1.6797692,-0.291525,2.416652,-1.7554023,1.6337093,-0.07763139,1.627278,1.1107758,-3.9520252,-1.4511195,-3.856045,-4.0596724,0.066399515,1.519544,0.35213494,-0.7929473,0.25684786,-0.46515557,-2.1581085,-1.2386913,-4.754479,0.9881986,-0.8257547,0.25055838,-2.254613,-1.6816711,-1.5931197,3.491084,1.3895102,2.3374138,-4.399106,0.71268994,-1.8468548,-0.0914326,-2.671644,-1.7349850698765863,-1.63839920109259,-4.597531,-4.8838725,0.1480088219112862,5.50516756448918,7.373675911183466,1,388.8305534073783,170.31999999999996,0.501910266647366,0.9031706053880104,2.0,409.23330231066586,737.9095867754456,817.1722190453748,0.5794638219635718,200.20480000000003
CC[N+]1(CC)CCCC(C)C1,1.5605359,-2.9291046,0.71588,-1.1630538,-2.8537078,-2.904021,-0.6664232,-0.051697135,4.086005,0.874592,0.8424777,-0.24557592,1.6293086,1.9877684,0.76877475,-0.9523987,0.39992252,0.87556386,0.9677913,-1.6043322,-1.345065,-0.12158786,2.8285353,-0.76879615,0.2748106,0.8630169,3.0877843,-0.0077962554,-1.2535367,-1.4180259,-1.06616,3.5727932,-1.6803224,1.4043185,-0.17413878,0.6637086,0.41222334,-2.5533898,1.3267354,-5.1237826,-5.0125456,0.9529785,1.4438457,0.24138927,-0.65025485,0.6730927,-2.3567593,-1.4629517,-0.8381623,-4.9180207,0.99698013,-0.005351275,-0.38251686,-1.1450301,-2.0394683,-0.9184102,1.7622837,1.621845,0.6777636,-3.2800574,-0.13793439,-2.0772882,-0.5016276,-2.1257453,-1.8138939749125707,-1.2771934829114406,-4.216654,-5.047664,0.1578158672786687,5.2870857130540125,7.280101195143624,1,370.39748015386544,156.29299999999995,0.4878785837461145,0.8786584198836714,2.0,342.6836576900363,618.3554351947242,704.2317647592615,0.5511621961204879,183.77000000000004
CC[N+]1(CC)CCCC2CC1C2(C)C,4.0047293,0.17871258,-2.7552588,-0.8665957,-0.9675603,-3.3709795,-0.43488526,0.19247684,12.022067,6.379537,2.128497,1.872317,0.72914946,6.487413,3.67487,-0.55677545,-0.48625788,0.8719005,1.1337795,2.2139943,-6.693254,-1.1307209,4.95913,1.8015312,-1.0789065,-0.15413666,-1.4675242,1.5915209,-2.0770853,-2.974351,0.085907884,0.38803124,-1.8014224,4.861911,-1.6450515,0.47529703,4.7414446,-5.946717,-4.76167,-5.4056497,-3.7337759,-3.757284,3.8270633,2.4564784,1.223698,0.76405,4.394201,-4.511596,-2.4446254,-9.373281,1.0511386,-1.6721232,-0.6182006,-4.366862,-3.4417217,-0.37770995,7.185939,0.21845427,7.330494,-4.3880124,3.4364045,-1.5304172,-1.8826871,-4.9343543,-1.4258511803336942,-3.5851515906833322,-8.565493,-6.3921733,0.1044428696634472,5.643321226675236,7.418445750916926,1,410.71717299718193,196.358,0.5706554181326156,0.9158425631275358,2.0,548.5314067685263,882.3186039246248,962.6122618364976,0.6606928488872268,223.86800000000005
CC[N+]1(CC)CCCC2CCCCC2C1,-0.6318954,-4.369825,-1.5358903,2.3374212,-2.4839065,-3.4627163,-2.8389578,2.5048237,8.515531,-1.2205848,4.934084,-3.350002,-1.1532613,7.033384,3.500413,-3.3143148,0.39357674,-3.6156936,-0.52774525,-0.35237575,-3.2861807,5.418148,5.2950835,-1.8559403,1.082303,-2.950584,-3.3738155,0.98401356,-3.6418061,-3.2838993,0.302957,4.0444546,-0.39133048,2.699897,0.86106795,1.63585,0.06489198,-5.048976,-3.68076,-2.5166748,-4.9640307,-1.0735826,3.7773974,-0.38783044,-1.3556384,0.2353233,0.015218765,-3.6368499,-3.019916,-8.028716,2.7697082,1.1310928,-0.34256792,-2.6839075,-2.201486,-1.7449853,6.965852,-2.263315,4.065686,-3.1563237,-3.458629,-1.7935712,2.056959,-0.28423,-3.0499574717884452,-1.953847417369996,-6.72759,-3.0161717,0.2687977628083331,5.9808575273803015,8.925761666483305,1,436.3817055697753,210.385,0.3717792079295689,0.9063850441819752,2.0,524.4100570864374,1281.9453686990223,1414.570543533544,0.4681702104959473,239.1325714285715
CC[N+]1(CC)C[C@H](C)CC[C@@H]1C,1.8859411,-2.0656683,0.33625466,-1.2713377,-2.8680556,-3.6736577,-2.0374591,-0.6611699,6.5557,1.5697045,0.4550318,0.833466,0.5892938,3.1162443,2.8075414,0.056714296,-0.3589104,0.79816383,0.58119214,-0.49005067,-0.90837765,0.62958264,4.136542,-1.5852494,-1.1508899,0.17002964,4.1426015,0.41135886,-2.7777271,-1.7460223,-1.6213957,3.8244944,-2.9870498,3.4671826,-0.833245,0.9371062,1.2481714,-3.5594156,2.317503,-6.6937647,-5.3375793,-1.4432242,2.0491877,-0.4889338,-3.485269,0.6332278,-1.6985261,-2.1480165,-0.5537619,-7.5332646,2.7714164,-1.0271571,1.0655997,-0.95310295,-1.0376459,-1.7569854,2.8050244,1.1899016,3.8989737,-6.1546044,2.352169,-0.9124206,-0.45202348,-4.0904455,-1.5095672267826639,-2.598928884306452,-4.8142986,-5.7658806,0.1197072116875316,5.968971344210408,7.450819437329837,1,389.478937222279,170.31999999999996,0.5375210861183115,0.8461244420699401,2.0,439.3953987189066,691.2177513978253,818.6995501349613,0.5704309886131967,200.36400000000003
CC[N+]1(CC)C[C@H]2C3C=CC([C@@H]4C[N+](CC)(CC)C[C@H]34)[C@H]2C1,-0.010123976,-11.227469,-7.5240116,10.806933,3.794403,1.0656493,2.9728155,0.07004288,0.44302744,3.6292846,9.728168,0.4899174,-11.011829,8.790028,6.029533,1.3926493,-6.0630035,1.5495691,1.3923011,5.550299,-0.61135185,3.2923446,6.507282,-3.0355752,-0.94183904,1.2480266,-8.358021,1.7491947,5.91833,-0.54799616,1.7798064,-5.7969713,-5.916472,1.7157191,-8.824648,-4.2507863,6.118272,0.25347638,-1.0610125,-4.8655496,-10.080231,-2.2918825,3.1754477,0.5583072,1.0985922,0.90316427,3.525855,2.1272104,10.1276865,-18.007536,0.7341156,0.9943636,0.379353,-3.1857388,0.9699522,0.45541587,2.1011503,-0.33417454,1.7638935,-5.5378284,-6.791509,2.989808,-2.3804967,1.2218218,-0.10920827961420612,-1.3830277744104904,-5.1619735,9.060501,0.5794960875226307,6.041311000331724,12.462046599653233,2,561.5648606805238,304.52200000000005,0.1700752922213244,0.958977873035144,4.0,668.8878751890273,3774.223720311712,3935.380652986952,0.2449125332354652,330.0992000000001
CC[N+]1(CC)[C@@H](C)CCC[C@H]1C,6.7505317,2.0481884,0.031537905,-7.0989623,-2.5937233,-4.4560037,-2.6844943,-3.395989,11.377828,7.5677714,-1.4610294,5.2990465,2.900039,1.8788776,3.8192968,3.6460571,2.0417655,6.4186954,1.7739898,2.9745967,-3.776285,-2.6010199,4.8967814,3.3213153,-2.3279464,1.4761186,5.4700656,2.6910112,-4.091156,-1.5066922,-2.2607784,0.8321673,-3.5611935,5.4209795,-2.277085,-0.36604697,5.021649,-5.834573,-1.8684722,-7.43891,-5.1088734,-5.9970117,3.824567,2.4158404,-2.2913938,1.2454658,3.342388,-2.9983885,-1.3475466,-8.437901,1.6760298,-1.6908464,2.8021593,-5.0048947,-1.2618736,0.8124294,5.486915,1.9756334,9.838591,-9.433418,10.310682,-0.5336854,-3.542998,-9.627267,-0.4815038684073454,-4.9040129444278735,-11.960115,-5.868028,0.0314610949027722,5.751096315299257,6.230348994272343,1,381.00900376957736,170.31999999999996,0.7530148378972454,0.8509461034849238,2.0,518.7265790757135,587.355412559607,690.4920726355622,0.7573884278774474,200.12200000000004
CC[N+]1(CC2(c3ccc(Cl)cc3)CC2)CCCC1,-4.3087482,-1.1559894,-4.447613,5.587992,3.6988149,-2.238354,-2.7946157,0.871122,4.3022723,0.92191416,2.5613906,2.6140575,-3.3002524,3.4623504,3.8346796,5.31307,-1.0527117,1.8348595,-3.384503,2.4564242,0.15912569,5.469262,-2.698809,-0.26455182,-2.2075338,-4.315358,2.3903625,6.5475583,-4.425571,2.9431353,0.73448527,-5.717629,2.304058,-5.3620057,-0.8491314,2.0020258,2.1764295,-1.9886861,-9.34941,-0.94409376,-2.5836065,2.812229,-0.25947106,-2.126842,0.8442131,-3.244076,2.7372785,2.5388012,1.7073995,-8.299525,-1.2869152,3.9816725,3.9728243,-2.264985,0.0010412931,-1.4519787,6.863588,-1.8614705,6.9169354,-7.9856963,-0.21393436,3.4609554,3.4674208,-0.12734053,-0.7942192079064039,-0.5471349604483912,-1.1105461,0.7034151,0.3788417626372506,6.698432129422952,9.75292187381082,1,488.0706501290012,264.81999999999994,0.2864360547101361,0.886563453370088,4.0,775.191215564301,2423.1335558782257,2730.488093857847,0.4703581081566889,264.4891428571429
CC[N+]1(CC2CCCCC2)CCCCC1,-0.9285259,-6.680648,-2.1798747,5.827653,0.5823003,-0.76361346,-3.2567947,2.2335382,5.378751,0.081551865,4.5100365,-1.0680026,-0.7703219,6.273806,6.0273547,-4.1812124,3.5894969,-5.297314,-2.314042,2.9976306,-0.15509981,8.227256,4.2431617,-5.375576,2.2176445,-4.208852,-4.237309,5.591721,-3.5031486,-1.648661,-1.3704557,0.6199422,-0.16085215,1.8868932,1.209013,-1.3125151,-1.9811057,-4.713287,-1.8239309,-4.9461594,-4.1940875,1.9611444,3.1987677,-1.2097769,0.41016355,0.9913889,-1.0683427,-0.5560922,-1.4699519,-7.333093,2.9100463,5.3194556,-1.1546849,-3.2703888,-0.71906376,1.3147364,5.587176,-2.7035098,1.1330649,-3.2721355,-5.7641687,-2.1731904,3.6501787,-1.4094299,-2.967403651017658,-0.94347550588624,-3.4292107,-1.861881,0.3496282676411386,6.294427236505871,9.288263806090002,1,449.43735180044007,210.385,0.3070007523408447,0.8826304943426674,3.0,511.05063796356,1480.721345104047,1676.4992870463648,0.364434415673573,239.49305263157905
CC[N+]1([C@H]2C[C@@H](C)CC(C)(C)C2)CCCC1,-3.4150674,-5.776275,-1.5357884,6.929163,-2.2955596,-2.1850312,-2.2565289,2.4815505,11.878346,4.2984743,5.163536,-3.0119174,-2.2618918,10.184728,9.834728,-7.787137,1.7118301,-5.242389,-0.10704979,3.7566662,-2.2851303,5.0653963,0.3501553,-3.2217422,6.8509736,-5.059395,-5.236138,3.378859,-5.0727262,-1.8019388,-0.58493525,3.739778,1.8592777,6.4047747,-0.87451595,-1.5314217,-0.23505987,-4.7008967,-3.270492,-6.157075,-3.3927994,-2.0489647,5.43036,-2.3918698,-0.7653258,3.6237252,3.4564736,-6.3315053,-4.0986156,-9.632527,3.9729455,4.0690093,1.214013,-6.181711,-0.99017465,2.8464108,8.0355015,-5.182144,7.3558526,-1.0124797,-4.2865787,-0.06737757,6.0545707,-0.53298485,-2.1839322689464535,-2.9297847344086314,-12.388055,-9.583232,0.2256263101098075,6.8054615679193775,8.2757742323254,1,467.3064416673032,224.41199999999992,0.4072110511389092,0.8225715157788389,2.0,688.1056383375911,1393.4416887458246,1694.1420712355882,0.4159763123453452,256.9028571428572
CC[N+]1([C@H]2C[C@H](C)CC(C)(C)C2)CCCC1,-3.12917,-4.4794717,-3.2722433,5.954125,-1.9115715,-2.8346062,-2.0911522,3.8393583,11.736902,2.2854815,5.786008,-3.4300623,-2.477398,10.107682,8.530809,-6.0005574,-0.64947486,-5.359639,-0.601907,3.0358653,-4.522216,5.168933,2.9282548,-3.4132302,3.3527827,-4.8915052,-5.3032494,1.2333485,-4.136815,-3.3144817,0.6745076,3.8386207,1.595926,5.573822,-0.9335517,-0.3197245,0.38125777,-5.057518,-3.7010415,-3.9694319,-3.7539399,-0.8604304,5.6902742,-1.6451311,-0.23021534,1.6275951,2.8402553,-4.9219937,-3.1774273,-9.850692,3.2783537,2.2801538,1.4845414,-4.265258,-2.558828,0.078552365,8.006138,-4.1633883,6.564888,-2.2341912,-3.925583,0.09894507,4.4359655,0.069475055,-2.41805553101111,-2.4565265906635743,-12.19399,-9.0487995,0.2225048825546771,6.582087372987442,8.36826861409941,1,463.6128195335922,224.41199999999992,0.4121134223344742,0.8589463797141917,2.0,673.3764538932121,1405.5710973098055,1637.0349710872638,0.4646456430595092,256.93480000000005
CC[N+]12CCC(CC1)CC2,1.1989753,-3.903292,-1.1028354,2.0209455,-7.346331,-1.915106,0.6138545,1.0721525,2.54877,1.8105912,6.1341505,-3.745308,2.091226,4.2522154,3.201839,-4.0632486,1.8423862,-1.0417676,1.6252471,-1.6932291,-1.3096284,-2.8936117,-2.634136,-2.7641664,2.171578,2.4137254,2.8573115,-2.3533628,-0.6145115,-0.57348824,0.29877627,3.1616063,1.7854474,4.47359,0.9865808,1.6285381,-0.9128947,1.7318738,-0.40873593,-6.46411,-6.384484,0.45816326,-1.5744168,0.34490788,0.69572306,3.2709167,-3.0603433,-0.9925848,0.44375065,-5.405625,-1.383745,-0.29647326,-1.595752,-0.4171874,-4.144936,1.8037257,-0.2753206,1.4741962,-1.9678022,0.8752682,-4.674424,-2.749562,2.785309,1.2469432,-0.5750305701197209,0.10176607698477981,0.03276374,-5.321897,0.1865438993293557,4.137852408053138,7.065880779157897,1,334.71907314498435,140.25,0.4624080327646881,0.97831062519908,1.0,222.8692288682429,471.5215116851368,481.9752536038955,0.6355047432022041,156.348
CC[N+]12CCCCC1C[C@@H]1C[C@H]2CC2CCCCN21,-3.353959,-6.1491666,-5.7167883,5.8422847,-0.5542731,0.5246171,1.3435987,4.0489397,6.9359736,0.022004336,9.146171,-3.5905635,-3.8221004,8.3029585,7.456693,-2.8482137,-2.039643,-2.1697624,0.2789065,7.6518464,-6.2448454,-0.6250616,0.172126,-4.908098,2.2874255,-1.7145965,-1.0461725,-2.4606814,-5.310397,-3.8269858,1.380158,0.6904126,3.0121822,6.8225884,-5.2177596,-2.0664804,5.600133,-2.0458286,-2.5727942,-1.555892,-7.2287545,-1.9641378,-1.5526686,-2.5075505,-1.3813882,1.4063699,0.7655972,0.49224705,1.8417222,-13.004067,1.9706094,-0.99898,3.5871923,-2.6778984,-6.2477,-0.8661444,7.7082863,-1.2385678,3.7135885,-7.3793654,-0.88244617,0.45385516,2.37581,0.6569667,-0.11696185713808331,-1.8215171166729878,-10.93219,-8.077428,0.3035230988575603,6.194654240448887,9.599547821969464,1,480.2114161553557,263.449,0.3402741136593332,0.9012897909500434,1.0,715.5972493628366,1895.2033237135167,2104.324640863139,0.4131452527265326,279.76266666666675
CC[N@+]1(C)CCCC[C@H]1C,4.5083923,-4.2001424,1.5378153,-0.9916751,-4.5326943,-2.6358035,-0.86256754,-0.8173481,3.5024228,2.866074,1.5783432,0.078744516,1.585264,1.3913356,1.8635762,-0.49939656,-0.059286393,2.725077,1.6192611,-3.214843,-0.066976614,-2.9821677,2.7448614,-1.7691905,-1.0198338,3.5170264,8.14455,-1.7414138,-0.98050547,-1.4644023,-3.5429726,4.98033,-2.5052292,3.8167574,-0.35404366,0.35043192,0.63020605,-1.3972954,6.0358634,-10.433252,-7.0714836,0.805831,1.4130361,-0.44396257,-2.1758637,2.4855425,-5.2021055,-1.1001813,0.111085266,-7.1915708,1.6722285,-1.2561517,-0.45578146,0.4969914,-2.2334447,0.06826621,-0.3753531,4.047041,0.64168227,-5.8336554,1.5603111,-2.5058928,-0.56063116,-4.2826905,-0.8684935870409435,-2.1972254924126227,-4.0984035,-7.6690617,0.0912308445343099,5.225044500741663,6.418240456996802,1,346.32748923984485,142.26599999999996,0.5856384147758046,0.8501667450065429,1.0,305.489375426186,443.2688698345737,522.6130239507837,0.6301448326929088,166.9493333333334
CC[N@+]1(C)C[C@@H]2CC[C@](C)(C1)C2(C)C,4.0372314,-1.6221781,0.2200311,-2.2241452,-3.6409469,-2.7569492,0.49887747,0.05801007,9.566125,4.6290812,2.4767263,-1.3970517,0.5594011,7.206097,-0.49206614,-1.921834,1.9593314,1.3242449,3.1860116,0.022939757,-6.490369,-2.2463381,4.0599,2.2718737,1.1503768,0.2798816,-0.85826254,-0.8786144,-2.8829827,-2.1851454,0.25307724,3.1444833,-1.1536579,5.1942167,0.53942204,1.8718524,4.6521554,-4.554117,-3.96042,-3.6742482,-7.2538524,-4.8302794,2.0452833,1.7303262,-0.33918306,3.5550392,3.1583147,-5.7404494,-3.5654726,-8.68073,0.90809125,-2.9102273,-1.9248552,-2.968905,-4.296307,-0.83160675,6.0277257,-0.5735239,5.8675933,-2.8694832,1.7993331,-3.1257098,-0.9199127,-2.814227,-1.6840718012808864,-3.1833068664809225,-7.4394164,-6.24031,0.1720253419208474,5.087596022239849,8.00349830200052,1,403.71227869584766,196.358,0.4777799313144968,0.9680950614469934,1.0,457.4159894688616,926.9912745341924,957.5232378552485,0.6073628498961876,223.02800000000008
CC[N@@+]1(C)CCCC(C)(C)C1,2.9298043,-4.3624387,1.7975432,-0.24354917,-4.9698853,-2.8916276,-0.9991387,-0.22032836,5.8378453,1.8413204,2.390593,-2.2174332,1.5290424,4.324551,0.5245749,-3.4080396,3.3855865,0.7642114,3.2968028,-2.5267463,-0.99687696,-2.185403,2.3439856,0.5398454,2.4335897,1.8664744,2.7834122,-0.75676525,-3.125806,0.08655387,-1.1108099,5.3636303,-1.0913277,3.9855607,0.9785821,1.1160356,1.7773784,-2.5048969,0.14213125,-6.898492,-6.693956,-1.506763,0.99015677,0.7722679,-1.1811632,3.5591342,-2.6903336,-4.9158587,-3.1979618,-6.616297,0.70664716,-0.5817392,-2.2114785,-1.4934298,-3.8739326,0.11056316,3.5850463,0.28648597,1.8379992,-1.9293262,-0.36230844,-3.9016874,1.4523928,-1.5742075,-1.8173017386919297,-2.2030400812767086,-5.9131274,-5.592312,0.1883411028029552,4.98992342679243,7.332223271414469,1,367.3025877858567,156.29299999999995,0.4601917120358596,0.9248700728874856,1.0,314.4239491597074,637.2071481739229,688.2616419746358,0.5966628633121152,183.68533333333335
CC[N@@+]1(C)C[C@@H]2CC[C@](C)(C1)C2(C)C,3.1294138,-0.9271765,1.1295139,-1.9109371,-2.9651115,-3.3475482,-0.4944533,-0.41780105,8.551084,3.9919121,1.4305393,-0.96195376,0.6526927,6.190207,-1.205774,-1.5379988,1.8172141,0.9198864,2.2370431,-0.7157565,-5.2709875,-1.0011445,4.1786222,2.383828,0.60147953,-0.38171744,-0.7269423,-0.04716817,-2.723095,-1.7366418,0.20988199,2.8389425,-1.5064425,3.8840477,1.4472097,2.6079266,3.552181,-4.697921,-4.2809215,-2.8461637,-6.5766616,-4.1521015,2.4549115,1.1788985,-0.94154036,2.99331,3.1630187,-5.741242,-3.981503,-7.429498,1.015007,-2.0933113,-2.0355005,-2.8163514,-3.0359344,-1.4768599,5.56782,-1.1024649,5.912626,-3.1080117,1.6899109,-2.4867003,-0.80037665,-2.7446527,-2.032568454043135,-2.842821332788829,-7.387656,-5.879595,0.1745178269779322,5.390156630181009,7.945651333462928,1,401.9999657616097,196.358,0.4746289788161155,0.967192767240436,1.0,459.4949186332618,936.5783172683176,968.3237786915064,0.6068203945728772,223.22000000000008
CC[NH+]1C=CN(C)C1,0.21495885,-2.8044817,2.1711125,1.1194541,-4.298155,-2.7601478,1.2268418,0.57034934,-1.0373378,-6.834377,-1.8818579,-1.7257348,-2.4150646,6.2636657,-1.7640584,-3.604045,1.7725859,-0.30698675,2.0184083,-1.5953776,6.0090394,6.856183,2.1872392,0.7665165,-2.5119746,-5.027548,1.9120764,-0.9470389,-2.1420155,3.1275887,-2.3927176,3.9940171,-2.2805386,-8.653092,5.393548,3.1198103,-1.799549,1.0406231,2.9046962,-3.5835059,-2.0950112,5.1836386,-3.107713,3.1240203,1.9498085,-3.8741136,-8.460149,-0.9133144,-0.8391727,-8.0464945,0.782051,3.535248,-1.3115798,7.493711,-0.82362247,-3.3871157,1.8272904,-3.6238203,-1.6162925,5.499168,-8.057642,1.6675192,6.411319,4.912389,-3.5942891973708515,1.1656315246357667,-1.2682722,5.5847855,0.4263121629987086,4.119443457397476,7.167039927020477,1,312.41765568596566,113.184,0.2571861736689781,0.8676020325274966,1.0,112.28344333887313,384.37055433485193,444.62237587728185,0.2856304428589328,123.59771428571432
CC[NH2+]CC,3.4426425,-1.9852912,4.2488017,-5.2523317,-9.802538,0.75490344,2.7553189,1.7577112,-1.5719986,-6.0912538,0.5885935,-2.0061755,-0.46663505,2.8755226,-2.64055,-2.884975,-0.9668832,3.1237054,5.3990717,-6.471502,0.5676509,2.952119,-1.2238188,-0.41871935,2.6523697,-1.676667,2.9071891,-2.5894163,-2.0040052,1.1340178,-0.5938129,4.813153,0.12582278,-3.027074,0.7851296,1.1810211,1.7993213,1.3799392,0.859269,-1.9238186,3.5226212,-1.551244,-6.6135674,2.008368,0.9056127,1.0136667,-5.999518,0.767955,3.594674,-1.5881215,2.0800807,-7.712926,3.1121302,6.2312903,3.3735855,0.8785064,-0.34403276,0.29272482,-4.0662484,3.8816323,-6.8402085,-3.1276414,5.8792377,4.498663,-0.6290181657751481,0.30731100035925146,9.531293,9.453189,0.551908698408908,3.0070738624508278,6.21783112498451,1,267.3175721801224,74.14699999999999,0.1828945935017057,0.9361492055806196,2.0,41.92643288261643,214.6011868608051,229.23822995470564,0.3458145301049417,93.78400000000002
CC[P+](CC)(CC)CC,-0.5276265,0.82819724,-1.7532773,-1.864378,-3.510821,-0.5957401,-2.07697,-1.2629498,3.295747,0.026925996,-2.3279493,3.7950733,1.7076495,-0.5931065,0.66379094,2.3401132,-2.5553513,1.7778424,-2.0697908,-0.23478214,0.08953022,-1.7256832,0.4834361,-0.11465612,-0.64284766,0.84156156,1.9454439,0.93039274,0.1111414,-1.5534147,3.1184878,1.4326429,-0.5675653,-2.8116941,-3.0596418,-0.33222526,2.8169518,-2.6026042,-2.4755652,0.34342563,-1.0616429,-1.4549832,0.6741322,2.334842,0.33885798,-1.2833058,0.3438392,1.9611645,1.4221903,-2.8298144,0.6815921,-0.81398016,3.2049875,-2.1720138,-1.1008294,0.24882802,-0.0021052286,2.8788922,0.13002506,-0.8491149,5.4894795,1.3290392,-4.3502617,-4.243846,-1.0839014298257803,-0.7163385027488178,-2.7543464,-4.2558665,0.0570327207146181,5.902847330477349,6.232494591559442,1,363.7378182362656,147.22199999999998,0.6981186452412048,0.8180988391788898,4.0,386.9059368964327,450.964731427965,557.4612917457057,0.6538426976575742,170.01600000000005
CC[P+](CC)(CC)Cc1cccc(C[P+](CC)(CC)CC)c1,1.3603332,4.7902856,-3.1767306,13.43639,-2.713805,-2.2125583,-0.57268095,0.014555663,5.962573,8.727985,4.632503,2.0999825,-6.307784,7.8532376,13.321957,9.276775,-6.746634,2.1876109,4.452712,5.142986,7.041171,8.966748,-0.09428865,-2.6608696,-6.215083,-6.819249,1.196199,8.94547,1.2686671,3.4682903,-0.20945877,-7.7385707,0.6250538,5.990245,-8.300295,-3.3061674,7.0786896,2.0904977,-5.2697835,-9.332078,-3.3545194,0.67212707,2.2619383,-4.505766,0.33667043,2.4950461,11.015456,4.0017548,9.36289,-9.241522,0.6168231,0.74805814,14.705727,-9.278265,1.9704425,3.5604396,2.4812446,-1.6322913,7.1284976,-9.6497755,-7.8224134,5.4844685,8.990985,2.9112298,3.1562266557890646,-2.3334047592050924,-1.8740221,12.234583,0.4460134471488275,7.524968007942237,12.69396833821892,2,620.3366134928957,340.47200000000004,0.2423316433790886,0.8995922349530762,10.0,1188.0614643323302,4455.3902399960825,4950.304856267365,0.2731900153732634,367.1416000000001
CC[P+](CC)(c1ccccc1)c1ccccc1,-0.34735572,-2.1349943,-3.2259204,4.7965856,2.910396,-3.065725,-5.484725,-0.88920426,8.987889,4.5363097,0.98402196,3.6372151,-4.9121923,5.9777083,5.4625063,2.009756,-4.0029855,0.3412429,-1.1414917,0.961938,-1.6651648,3.4972494,2.7213464,3.3863385,-0.6645859,-1.9287388,-2.8320425,5.268711,-1.403768,-0.46338752,0.97899884,-2.5090463,-1.7808499,-0.8966657,-1.8597703,1.7737966,3.78897,-6.791621,-8.89713,-1.9594331,1.1649826,-4.5116544,6.628084,0.48923862,-2.03512,-0.4897136,7.096272,-4.3813167,-2.2092836,-9.772906,2.6690774,1.4989526,2.4035199,-5.4612107,1.135982,-0.2658008,8.063545,-3.042092,11.276915,-4.536442,3.50497,2.766054,-0.70778203,-3.8164854,-1.7985174316720753,-3.6793099812420906,-10.425645,-6.9673204,0.1713280576406299,6.558512253552307,9.327636851356946,1,479.039782757354,243.31,0.4664927943262277,0.850539305585748,4.0,855.9758110886247,1557.5703147226498,1835.0072899542145,0.5682608446140105,247.58720000000008
CC[n+]1ccccc1,1.2125404,-1.6818087,3.8919005,0.2037788,-4.5636454,-1.5447252,0.34057426,0.15890107,-1.8352833,-5.2306457,-3.7814314,-0.51247156,-1.4944237,3.4881792,-2.8010626,-2.3549113,1.4736146,0.6596888,0.9964659,-3.0658717,5.17246,5.314407,2.9486942,2.478161,-3.1372979,-3.192097,4.8624897,-0.3674148,-1.9329971,2.5595322,-3.4635766,4.340035,-3.3561127,-8.43187,5.95756,3.664838,-2.7346954,0.8494841,3.3770666,-3.2793596,-1.890275,5.008565,-2.5731752,2.152306,0.12376979,-3.2278023,-7.167913,-1.2128289,-2.7501626,-5.382398,2.0809383,3.0917542,-1.0944178,6.5151343,0.697844,-3.2748756,-0.12118005,-2.52622,-0.5513432,3.9609842,-5.9437838,0.7420755,5.0646267,2.7690752,-3.4278566262338312,0.5648016785442908,-1.3930875,5.4699335,0.3911707560873043,4.292664059912735,7.081912350776499,1,303.09469985111485,108.164,0.2738365378455037,0.8272186940043906,1.0,109.1778270692072,329.8096748994874,398.6970764683141,0.2195950350929356,115.46400000000004
CC[n+]1ccn(C)c1C,2.809516,-3.661524,1.4747317,2.635138,0.45081124,-0.7385737,0.6369699,0.204196,-2.2054172,-0.23292188,-3.1073892,1.0115293,-1.1561222,2.518638,-4.120083,0.07552186,1.1176841,-0.5276806,-0.96686375,-1.3641018,1.6140976,1.2848191,3.6754844,1.0328784,-2.3246558,-0.5470138,4.2652698,0.79837924,-0.7639741,1.6744108,-1.4035398,0.85652304,-2.8677185,-3.9957323,4.229301,3.1049764,-1.2548934,-2.1172333,3.8793128,-3.8870392,-5.1496305,6.302137,-1.076983,1.18074,0.06692383,-1.5653706,-4.0146875,-0.12452704,-1.7414234,-5.9447207,1.0456405,2.7473123,-3.5281773,2.9152782,-2.1428232,-3.5823715,-0.3023218,0.6506469,-1.2140578,-0.5934607,-1.3572067,-0.81783867,0.30539665,-3.826788,-2.901501275228098,0.08606532678295514,-2.2787888,4.5292654,0.3154802718079365,4.8346669412365575,7.405931664147515,1,327.85963850364624,125.195,0.3310064528516682,0.7582429305389838,1.0,174.22968523326745,399.1113344770904,526.3634099343188,0.219907033793892,134.29600000000002
CCc1n(C)cc(C)[n+]1C,6.2476196,-9.3352375,1.23542,6.7458215,4.81016,-1.1847903,2.369628,-0.34317502,-3.0737493,2.4244752,1.0479617,1.0083832,-4.787948,3.9654615,-1.9559822,-1.957985,-0.60683453,-3.7784984,1.2431617,1.7000518,3.4338715,0.21114777,5.6960187,-3.3249676,0.44713372,1.374145,-1.1917709,-0.46332297,2.4910064,1.2156212,-1.8209561,-0.61615175,-5.8256965,5.006057,1.5353373,-0.28485286,-0.35414863,-2.2254765,10.414798,-7.6779423,-5.6504455,1.7480431,1.8692436,0.80909586,-1.2876589,1.2712291,-2.7010632,-1.1504924,2.485887,-7.2052155,4.4738846,2.6907134,-5.422163,1.9684049,-0.77452695,-2.6458585,-0.9539913,-0.09536943,-1.7189974,-4.9176774,-1.9497304,-2.596754,-1.5198772,-5.3343196,-2.1607385259883927,-0.7930811905199016,-5.901675,4.07557,0.2418610076676238,5.828614931884773,7.096362368098599,1,349.43207256068246,139.222,0.4139062321763247,0.6593273551624945,1.0,274.48338780074306,437.2352770895458,663.1535513671915,0.1960936280501582,151.05600000000004
CCc1n(C)cc[n+]1C,6.804865,-11.697263,5.685302,8.790187,5.1238914,-1.1537919,2.9207866,-1.862914,-5.8038034,5.1869426,-2.1123316,4.2873626,-6.974427,3.3483818,-3.8583646,-3.1445665,-2.4748065,-2.7021658,1.9086518,2.3322601,6.2692213,-0.79268706,6.71444,-4.580941,3.11845,-0.07960126,0.19953352,1.2437705,2.585956,2.1295166,-5.036822,-1.0633562,-5.7974463,4.2906394,0.19449669,-1.2728258,2.6599905,-3.0771272,15.015365,-9.381532,-8.140025,1.7116418,4.243351,0.56865346,-1.1199615,4.4620495,-0.61988115,-0.5169069,4.692566,-8.197014,8.040417,3.377575,-2.7759182,0.61503184,0.96316326,-0.959404,-3.2297904,-1.1267678,-2.7832987,-7.648384,-0.3584594,-1.6131535,-3.1132395,-7.4770136,-1.9176379540762438,-1.5393627143546782,-5.586615,4.4514546,0.1933551074826317,6.274772713876882,6.294718913080695,1,321.7392247646445,125.195,0.5308663913176063,0.553449787863855,1.0,267.57997067930523,278.9629941377804,504.0439083272418,0.2217095698960791,134.40000000000003
CCc1n(CC)c(C)c[n+]1CC,3.853986,-3.404175,5.010772,6.4382167,2.3732312,-2.470342,-0.8704423,-3.1424065,-3.6829562,3.3418086,-2.08894,3.4548542,-5.2560596,3.0932994,-3.7573369,1.3093561,2.312886,0.81963927,-2.1587849,-1.695552,8.008135,3.2255414,5.84543,-1.6637905,-0.11263019,-0.47795326,0.4341528,6.346646,-0.01855734,4.13023,-6.569444,-2.4450073,-6.4069023,1.2985646,3.9497557,2.302563,-0.43002212,-0.4869436,5.5012746,-6.102364,-7.7321134,-2.1386583,3.3653133,-0.10980773,-5.502965,2.698351,1.5057662,-1.832902,2.239852,-5.361162,4.775905,2.333295,-3.6591372,1.9179198,3.8759363,-1.9230165,-1.0956379,-3.2285466,2.2239323,-7.569014,0.55481493,0.039935753,-2.2079074,-5.3495975,-2.0728984004500988,-1.434616005847403,-4.561194,5.17897,0.1982334443102189,6.932762549577079,7.970981627962351,1,395.10792154637335,167.27599999999998,0.4539992234452958,0.684769857974113,3.0,436.8203197882587,659.1924964297198,963.0904917773832,0.2813180912319765,184.31200000000004
CCc1n(CC)cc[n+]1CC,4.291137,-5.5134716,3.4795837,5.025728,1.3753802,-2.08622,-0.101235524,-1.1720973,-3.737412,0.8251882,0.05589641,2.5792577,-3.768529,2.972011,-3.3071885,0.85121644,2.1117702,-1.4321887,-2.3946977,-1.78017,5.765203,6.805416,5.345194,-3.6198437,0.1893459,-1.7681694,1.4269483,5.3950934,1.4532875,1.5326298,-6.6866636,-2.1222656,-3.7046838,-1.5254645,5.1473875,2.1123362,-3.1323717,-0.45907927,6.30172,-7.382102,-8.137946,1.1582181,1.7583975,-0.37259924,-2.6384742,0.61758,-1.8986236,2.873133,1.5913901,-5.7924027,4.1513753,4.847082,-3.5059857,2.1828308,1.2419486,-0.3794112,-1.5925392,-1.4584578,-0.5990268,-6.083093,-3.6064115,-0.90917367,-2.0056927,-4.125312,-2.7633547061274784,-0.16595866909909746,-4.128647,5.109337,0.2252369082586431,6.297491887450247,8.345267713715698,1,374.5012115605835,153.24899999999997,0.4120057337350429,0.7491858048963822,3.0,328.40507425492643,597.8967225969562,798.3209269224798,0.3119818413259779,168.05333333333337
CCn1cc[n+](C)c1,1.0887508,-1.8182367,5.616754,1.9115651,-5.068342,-0.6967094,0.23569934,0.31826684,-2.2652786,-6.0280538,-4.5819526,-0.59599346,-1.911257,4.8541884,-4.0427117,-2.8881192,0.55410886,-0.50960845,2.6112287,-3.7636883,5.875092,4.4285173,2.874891,2.9194512,-2.430116,-3.714835,3.0347621,-0.8143054,-2.1984606,3.660655,-2.2395618,4.8183866,-2.8581457,-7.462294,4.769372,2.7285588,0.06828295,-0.5645566,1.7148266,-1.5862005,-0.43500215,3.317858,-2.8188791,2.3224218,-0.9213084,-2.293935,-5.8133655,-3.2127705,-2.4555423,-4.802248,2.2354481,-0.17447156,-0.51460093,6.569156,1.3610544,-4.010356,1.737507,-3.6363082,-1.1145428,5.0756116,-5.855121,-0.0039959103,5.6283092,4.0835695,-3.2937570036443478,0.2067959756339177,-1.3397422,5.5436344,0.4699166345041056,4.078295212167706,7.321185233004007,1,308.4151656649662,111.16799999999998,0.2255846973854547,0.8681231687687417,1.0,100.70189891281962,387.5336075471902,446.4039453028638,0.2154989772084957,117.61600000000004
CCn1cc[n+](C)c1C(C)C,3.953423,-3.2910964,6.165535,7.080938,1.1086643,-1.933367,0.9918391,-2.209897,-3.2448854,5.2046394,-2.4277055,3.6685889,-5.826272,3.7967134,-3.5779302,-0.45887554,-1.1197157,1.2384995,0.8869418,-1.740325,7.570076,-0.663937,3.2090662,-1.7280426,0.9544799,-1.336443,1.3466282,4.9429593,-0.36992487,3.4688225,-6.074355,-1.4775484,-2.9446356,3.051709,0.9907041,0.47115868,3.3584905,-0.20293857,6.7097626,-6.7855825,-5.930223,-1.6543372,3.6631572,-0.4518581,-3.350438,4.524656,2.7460635,-2.371156,3.0784886,-5.1331334,3.9051294,-0.21427721,-0.811083,0.78331983,2.650501,-1.0132904,-1.0922277,-2.4868228,0.8763286,-7.6273756,0.7207919,-0.3928302,-1.2499169,-3.5811925,-0.900202863165958,-1.6877551095922767,-4.891838,4.9108205,0.1424244434012627,6.273735044269891,6.909785581936094,1,367.4796189619455,153.24899999999997,0.5394122940543143,0.6588173900928931,2.0,395.1966894843444,482.7068254872945,732.6680776552749,0.3809437188509546,168.02933333333337
CCn1cc[n+](CC)c1,0.53589255,-2.3879023,4.648102,3.2630432,-5.1197033,-0.9969237,0.4603718,0.9904169,-1.6317022,-7.165004,-1.4704095,-1.382217,-1.6096287,6.813179,-2.2356567,-3.6846523,1.8970983,-2.6446836,1.8233693,-1.3023659,5.537301,6.922886,2.0041378,0.4904902,-0.1303559,-5.33729,-0.35032973,0.26843253,-2.3677547,2.499453,-1.4970759,3.2087731,-1.452501,-6.1407123,5.0908103,1.973636,-0.3442732,-0.7771586,0.057556883,-2.3794303,0.07546133,2.4268441,-3.2401264,2.6394103,0.54389,-2.2066364,-5.83948,-2.0033476,-2.0067134,-5.11207,1.3408247,1.3014507,-0.9364449,6.0113883,-0.22308466,-3.1907046,3.007006,-3.8988712,-2.4303496,5.586501,-8.039103,1.5001252,5.717709,5.374693,-3.4327472967718116,0.9384563915198638,-1.1054025,5.443477,0.4816072972802206,4.025411990852472,8.21638383550427,1,342.240465011003,125.195,0.220191680967804,0.9002673302771425,2.0,134.58594642464328,551.1976236670621,612.1564483952714,0.2539193093135835,134.59200000000004
CCn1cc[n+](CC)c1-c1ccccc1,3.5558643,-0.36601052,3.3350205,4.2976565,0.13864282,-1.210735,-5.056094,-4.6120453,-6.247142,8.2002125,0.4409005,5.105359,0.33046514,2.8310633,-0.37267303,-0.28650475,2.8868713,5.488169,2.812793,2.2322774,8.7249155,-3.1004274,-1.2482452,-3.705382,-0.5482357,2.1033876,0.14610872,7.3595676,-0.49803558,7.805336,1.2077011,-4.710091,-0.412651,5.7411833,-1.6185398,0.55981594,2.7688,0.36918336,-2.6879327,-1.6706316,-3.389595,-5.0811815,3.081039,-2.1461747,-4.8002195,7.0679536,5.7029943,-1.5327995,7.5680585,-1.5790484,0.38237712,-0.2141447,-0.22707455,-0.45976305,2.2102385,0.21087316,-0.62853193,-0.7878728,0.30339608,-11.058979,3.7773166,-0.34207982,-0.24866417,-1.5328021,1.1732041076823632,-0.3795847415532621,3.7125332,-8.087853,0.1647294589288155,8.226916150468192,8.41280956169868,0,438.0454595075324,201.293,0.486622984831915,0.7118642688148415,3.0,659.77982408364,964.9841990723291,1355.900475251741,0.376245763355524,206.74400000000003
CCn1cc[n+](Cc2ccccc2)c1C,-0.8782713,-4.959747,-0.6767029,1.1622105,2.1800594,-2.5451744,-2.9493585,-1.5053233,0.18840802,-1.0194505,0.49222672,2.3405657,-0.12562816,2.1480963,-2.9528413,3.650062,2.3546963,1.3174272,-3.019309,-2.0764506,1.3311536,5.056198,2.0915928,0.37603518,-1.1622589,-1.4371269,0.25785494,6.170853,-1.8751701,2.0563393,-0.8826272,-3.9910347,-1.301661,-7.887523,3.1679175,3.039191,-0.29672205,-4.137658,-6.9479556,-1.0239928,-4.208172,1.6355054,0.88479674,2.712647,1.145301,-3.3440955,-0.7221966,1.6570039,0.94964635,-5.48517,-1.0899757,3.3805463,-2.472739,0.78607416,0.8278289,-1.5817856,3.1597638,-0.4990624,1.0307001,-4.1878257,-1.0143018,0.23363642,-0.86646974,-1.7383356,-2.9020569790656014,0.3121829934686847,-1.8182925,1.8378179,0.3965656532906237,5.354769657434569,9.320044190640305,1,430.9516465500777,201.293,0.2759321781766121,0.936777469912617,3.0,422.4303241685122,1441.7410098804055,1538.2551675310349,0.4042343944738631,206.41600000000005
CCn1ccc[n+]1CCCCCC[n+]1cccn1CC,2.17614,2.9758675,-0.6175075,10.40333,-2.3602917,-6.7869487,-1.8603908,-2.2197776,0.30212528,-0.8208775,3.2869236,2.6135442,-1.4190634,0.6862181,7.377291,9.737433,-4.6108055,4.345237,4.3946576,-2.929562,11.868105,4.9788733,1.9069252,-1.6147954,-8.297453,0.052197456,5.9838943,6.4510345,-1.9291626,3.4429622,-6.238388,-4.9899874,-4.45304,2.966623,-5.0448546,-1.280412,2.4066734,4.2495813,-1.5247439,-13.207394,1.5104995,0.21982318,-4.8620253,-2.0651536,-1.1080433,-5.9453506,-2.824143,0.7235899,6.7544975,-4.964406,-0.6070265,-3.1373546,5.266002,1.6142849,2.2064989,0.6921537,1.4641649,2.6355944,-0.8809713,-7.3704457,-5.351155,2.3767512,4.73077,2.8227265,1.6812586204639088,-1.074788348924379,-8.400386,9.368821,0.6628433057489957,6.413227579522243,13.671575935192058,2,605.2243530615751,276.42800000000005,0.1316622605838005,0.9562237830696108,9.0,737.3820998720188,5501.126812692036,5765.829811982085,0.1963639889973217,296.45760000000007
CN,-0.31822002,-0.29640397,1.0332888,-5.4094462,-2.5650067,-0.42510644,3.1201236,-1.876202,-1.7485795,0.3552438,-3.49518,-1.772963,-0.23242597,-3.119464,-4.3928905,0.62022996,-1.5516801,6.3519745,1.4597076,-2.1386926,-2.7420583,-0.60991687,2.2281272,4.0123863,-1.6967938,1.5172967,3.6527784,1.4732181,-0.5827998,3.7590847,-2.3354096,1.3069551,-3.8549476,-3.799502,-0.91906834,3.929868,-0.5728513,2.79768,-0.8397313,2.7392902,-2.3174279,0.57583463,-1.6046982,0.18910891,-1.1062402,0.4603011,0.30437014,-0.51029176,1.5732147,-0.6493969,0.61038053,-3.6282842,1.0676596,4.1695037,7.2086134,-1.4707184,-3.0494237,-0.72015405,0.7332728,-0.37333068,-0.09694177,-0.72614235,-0.3566082,-0.12057865,-0.6804842771552857,0.2801706310430361,11.612161,7.733922,0.4909390123307679,1.7732803831958328,2.350686945894579,0,171.73994468139728,31.058,0.2178301646327545,0.9601266057399124,0.0,4.941546797386972,21.780778441218093,22.68531911417343,0.4243229806301122,40.50400000000001
CN(C)C,-1.1576241,-2.4159083,8.856556,1.1066887,-9.061388,0.7467278,3.3517342,-1.3608159,-3.2193005,0.20026372,-6.954727,-3.0386395,4.5906234,-0.44065636,-2.5338614,-7.0250235,-3.474229,1.8569624,6.280629,4.166737,-2.9765406,-1.7323413,-0.425377,-0.097234905,3.7493072,-3.7015624,7.084575,-5.346789,3.01576,2.2481956,-0.18938732,8.576925,1.3633966,-3.9176672,0.7047865,-0.68265444,-0.46670985,0.67050195,4.5242558,0.342506,-4.7799106,9.722638,2.9246473,-5.041708,6.0408306,6.750048,-2.092495,-1.506702,-3.7350755,0.7263408,1.8568934,4.270653,6.290126,0.2692393,-2.2247095,1.7356908,-9.901436,0.37942064,-5.650807,9.253668,-5.235635,5.078192,2.0369802,4.7309732,-1.7137152459629763,1.9599655896734525,13.247253,4.653981,0.1635501614668055,3.794380974092908,4.190811445128251,0,231.0830054798563,59.112,0.5680549644282582,0.5680682718318946,0.0,58.3537711788878,58.35513818953889,102.72557205378936,0.320356261019842,74.44400000000002
CN(C)C(=N)N(C)C,2.1228557,2.1810925,4.2156167,0.064819336,-6.977019,-0.89888453,-1.6130753,1.3850933,-0.9887602,2.3411374,1.1007143,-2.3722067,3.1920843,1.0678973,-3.9960833,-2.0894449,3.4789417,-0.6187605,0.043736488,-3.626234,-1.4551454,-3.7964566,1.5016828,1.1634,-2.7529414,0.8906244,4.1499634,-2.69581,1.0658481,-0.5055355,-0.16666043,3.7686288,1.9696221,2.1905339,4.639809,2.8133366,-1.1180778,-0.12703685,-2.2281911,0.31389952,-4.854176,4.4069986,2.9024966,-0.012250394,-1.7695842,3.45723,1.1224219,-2.133593,-4.6517725,2.6352317,-1.7664217,-1.9446728,-2.4258685,-1.2116839,-3.0882452,-1.2993813,-2.8173347,0.47482905,-0.85189223,0.2571719,-2.4803247,-1.5737343,2.366012,0.22944549,-1.6897388732112137,0.5556876811928539,7.942385,2.7538965,0.2087492103754253,4.192200267745699,6.319139063635417,0,314.5693541112047,115.18,0.4226213336825901,0.8345045461347305,0.0,165.05172433728063,326.0987231335494,390.8894346016797,0.4675434149716628,126.14800000000002
CN(C)C1CCCCC1,1.6033587,-0.17807886,2.249304,-0.57617754,-4.1411004,-4.716091,-0.09928538,1.2565018,2.1629314,1.3923542,1.4085647,-3.0265765,2.7443614,5.9212995,-4.703239,-2.6224961,3.254406,-0.3694455,0.9830487,-2.4948678,-3.7566836,-0.72865117,4.1003103,0.8493241,-2.664922,-1.2858696,-2.1465251,0.8262625,-0.6258489,-0.7637137,0.99417835,3.1840208,0.639028,0.8169023,4.405634,4.1371346,0.026382193,-3.4894698,-6.117178,1.0563807,-6.1769576,4.537607,4.7544413,2.6274893,-0.2844368,1.336671,2.0262225,-3.951678,-3.4462423,-2.5938792,-1.9826018,-1.6756625,-4.6897235,-0.29860094,-3.7362385,-3.7151332,3.5208404,-1.5811112,-0.33857572,-0.18534827,-4.100201,-3.6032884,1.5644239,0.36201388,-3.182779000635776,0.1945316508825334,4.297074,2.0413146,0.3094599883778595,4.210353063555109,6.806840835634542,0,334.91335642863095,127.231,0.3385825489624682,0.8282269706920214,1.0,182.259010738516,451.6046903462108,545.8484656468645,0.3694212062355049,146.90933333333336
CN(C)C=O,1.7422217,-3.4825194,6.003241,-3.2441103,-2.6990778,1.6559815,6.1425867,-3.2595258,-2.7618215,0.93480676,-4.6924763,-2.3556223,4.1870594,-0.5690786,-8.102462,-1.6950006,1.7867253,3.4597673,5.530051,1.3801101,-4.2091417,3.5543387,1.8392065,2.4767666,1.0327613,-5.1242666,3.7183464,0.10345002,4.093168,4.24397,-2.4001043,4.0674105,-0.8701439,-5.3777847,0.41611993,-0.48880285,-0.49387825,-1.8625674,-0.52078354,3.1377542,-4.626982,1.9085212,2.9390953,-1.2891073,5.1380234,3.7585256,1.0134989,-0.5110679,0.28163454,0.12078008,1.8947598,-0.058600247,2.4398875,3.931336,3.4736564,-0.53921175,-4.6429467,-1.1109419,1.51518,0.6206556,-2.0058239,-0.17937423,-2.134796,2.2217758,-1.8476890156587806,1.1279436173459199,13.495057,2.2933152,0.3264394693294537,3.5899656104327287,4.186031731935042,0,237.66279139265475,73.09499999999998,0.3295964524307063,0.7084854599222598,1.0,56.88132744952525,122.26949999571995,172.5787004988589,0.2303036977534248,77.37600000000002
CN(C)CC(C)(C)CN(C)C,1.9613266,-1.0955073,-1.4022388,2.0281682,0.18288586,-2.7670739,-5.692546,2.4136877,-3.852407,-3.0231116,6.0642443,0.6802253,3.2950492,0.3879215,-2.2838924,0.04882875,2.0987427,1.620662,-2.4439244,-2.2584958,0.51844865,1.8299518,2.371409,-1.9830114,-4.679956,1.3232985,-1.6298449,4.8751736,-0.9577073,-0.0073082447,3.2111847,-3.409671,2.9075782,-1.5761667,2.4761107,1.9353683,-2.5549562,-1.7417172,-9.76259,4.198443,-3.0515094,5.8390217,2.4556801,0.5689138,0.9476795,-1.5460602,-0.36313197,3.1119423,2.2967918,1.301881,-4.4140406,1.5755835,-3.696092,-2.0325701,-2.9153109,-1.8002222,3.4058113,1.1080517,-4.0161843,-8.435112,-4.8641434,-4.86253,0.1390918,2.0876417,-2.0671326300258523,2.1066796115728854,3.469059,4.4871573,0.30357117275694,5.176010418744355,8.238389036023248,0,390.0983211551175,158.289,0.3477876925768338,0.8568120519978447,4.0,320.3894533571934,802.810430348981,933.52171070648,0.3975381849984847,187.74800000000005
CN(C)CCCCCCN(C)C,3.9263072,6.504062,1.0871224,7.328762,-0.4749507,-0.16509539,-3.4721642,2.8478303,-5.2952194,-1.2155399,8.788323,2.0956123,1.0389171,2.988973,4.285373,-3.1438165,7.0534215,-0.6260756,-1.7118521,5.393457,4.3266764,-0.5549157,1.0819683,-7.859435,-2.5111096,0.47097534,-7.1748843,7.5972495,-0.060899884,1.0047405,0.19406503,-5.158397,5.021124,8.132499,2.422041,0.62051475,-3.3000526,2.681882,-4.4743786,-1.9492502,4.945375,0.6515338,4.521491,-0.9461026,-4.006798,5.166448,1.19798,0.40198594,0.8110433,6.1652374,-1.8508188,0.78942686,-3.6009514,-0.98051673,-5.3730097,1.8176668,1.6254233,-1.7994139,-6.6815987,-7.2960644,-5.4135575,-1.9656575,3.2028108,2.8488867,-0.22336725551026854,2.300485184918902,12.871717,-4.0539417,0.682715699331134,4.629331382867872,11.29769238670774,0,453.5396861452167,172.316,0.1241561838292722,0.9530178479089576,7.0,246.00928693802243,2002.722528679616,2094.2767813470628,0.193275855943148,204.4476
CN(C)CCCCCC[N+](C)(C)Cc1ccc(C[N+](C)(C)CCCCCCN(C)C)cc1,4.1406183,7.411116,-14.363105,17.884026,-2.1581533,2.4693239,-0.8282399,2.2577367,1.3301845,0.8114416,14.30356,-2.5133567,1.3106604,-6.41145,16.952356,8.963001,-9.392864,6.1799717,3.585966,2.87371,2.3502572,-7.3927956,-4.6978974,1.5669401,-9.120459,5.2726097,12.745929,1.4520556,-6.8161817,5.8340106,4.7096767,-9.197955,0.747984,12.116326,-16.628433,0.3309552,12.235339,6.558114,-9.287733,-10.006487,4.293411,4.029519,-6.010083,-4.670412,9.954425,1.6395619,-1.0284497,5.411739,12.683965,-3.6167612,-7.4587116,-4.4719844,20.036882,-1.519116,-2.842521,2.746058,4.958743,8.137668,1.8431243,-19.006363,1.6768966,2.6547556,9.342026,8.172533,8.17071899395009,-0.6407010477847688,9.058546,-16.36401,0.7484394395383887,7.366438752617395,21.123293339985537,2,871.037449310809,448.78400000000033,0.0944467295124889,0.9594542672814628,18.0,1742.3484214846055,17981.754511252613,18730.981653345727,0.1116821773157867,509.9740000000001
CN(C)CCCCCN(C)C,3.3126433,7.606437,-1.9051524,8.795263,-2.7331023,-2.9331553,-2.9935117,5.4176526,-4.437692,-4.7095942,11.078181,-1.5875831,-0.66257066,3.752626,6.841778,-5.980274,3.7827737,-1.004132,-0.16419187,2.9789815,6.549076,0.78589875,2.3367972,-7.862199,-6.1740184,-0.32755512,-7.9026084,6.342939,-0.3383526,-0.87538385,-1.6375703,-2.9084964,5.1899824,6.6679034,0.94865173,1.026243,-5.7865434,6.660402,-3.4674475,-1.9094722,6.0564113,4.5172205,6.7770205,-1.9938884,-1.8534217,1.8563434,-1.5498105,0.7989269,1.5920501,5.140754,-1.0123413,1.4527962,-0.9394812,0.9519136,-5.3307633,2.7047348,2.6986115,-1.7887857,-7.086126,-6.085637,-11.113859,-2.4813888,6.9333725,7.4322367,-0.2760906908818029,2.776146251265799,14.3571005,-2.7692766,0.6564988773700935,4.3252301288562025,10.287620428304956,0,423.2177988390449,158.289,0.1354073044218439,0.9627287156057004,6.0,205.66678210377276,1523.477751306144,1580.0667127884362,0.2296257392092702,187.65560000000005
CN(C)CCCCN(C)C,1.7006657,2.6187093,-0.27789053,4.7746296,-2.157952,-3.160426,-2.8407588,3.3975368,-4.1644835,-4.3421445,9.955425,-3.7882411,2.6316137,1.5966944,4.2874026,-4.953998,4.259688,-1.3260854,-1.1755494,1.9047483,1.5771192,4.029024,3.907344,-6.9390926,-4.1619463,-1.2537022,-6.8199253,7.3715997,-0.7078619,-2.4466987,-2.2431853,-1.6967936,3.4667344,3.8914678,2.3827903,0.6224042,-7.0915112,2.9838424,-5.181021,0.92420727,1.2451165,5.3179326,7.1189365,-0.46364534,0.22883573,2.3546464,-1.0620352,2.4896808,1.3685685,4.2011404,-0.7975502,3.5452905,-0.9950027,-0.49141097,-3.3966897,2.173692,2.3456926,-2.2157214,-6.822753,-7.3478713,-11.773745,-4.929132,4.436717,6.774446,-1.6787365126350244,2.9354164836554473,4.6803603,6.8132467,0.5744593072937374,4.342860833739836,9.089227161677773,0,391.2393277626656,144.262,0.1766105159809547,0.9380639403118274,5.0,188.35496727276305,1057.1218075418103,1123.229373861088,0.263033044173454,170.82760000000002
CN(C)CCCN(C)C,3.0751343,1.631674,2.105599,0.05483216,-3.5352206,-2.236664,-2.5878806,2.5068402,-3.4236162,-2.8303168,7.0952454,-4.643413,3.9816148,1.4925997,-0.4541152,-2.3243818,3.3675213,-0.41909498,-0.5958511,-1.2605872,-1.7784094,5.4690228,4.2878294,-4.8758745,-3.9341161,-1.6638438,-4.1878653,6.9672184,-0.7154821,-3.0093255,-1.7404321,-0.4994284,2.1129827,2.6841679,3.8213036,2.2688472,-6.328631,0.7103425,-5.3459234,2.893579,-0.05099362,3.9802866,6.3302774,-0.3569858,-1.0387058,3.3591952,0.94920504,2.3811433,0.8432022,4.988239,-0.63944423,0.17577022,-0.75062555,0.089521036,0.27365246,0.34915808,1.6912699,-1.4914433,-4.6929545,-7.6592083,-10.1226225,-6.5706906,3.312904,4.8688855,-1.896466437045072,2.2106557550670094,5.1880097,6.0893955,0.5642228747522944,4.027189170768489,8.247260871737343,0,364.1074856141222,130.235,0.1788498872428699,0.9417103056284792,4.0,148.4414060866523,797.1145940962788,846.5976269188149,0.2754487733154003,154.00800000000004
CN(C)CCCNCCCN(C)C,4.952994,9.762974,2.7162328,7.556526,-1.49376,2.8313296,-2.0756752,3.0944982,-3.5491319,0.9383417,7.8926234,3.4127727,2.5516374,4.5905023,3.85329,-1.733136,9.726603,-0.96603507,-2.094424,7.6874194,4.4267325,1.091968,-0.6503745,-8.912385,-2.0350032,-2.3776734,-6.1243157,10.365227,-0.32084337,2.2003503,-2.6935155,-6.5215683,7.944233,7.2301235,4.6563516,2.8826745,-2.6791966,2.7510388,-4.6204176,-4.9786263,6.8119407,-1.6025054,4.5647583,-0.76862216,-4.1954637,7.722169,1.8659202,1.1156087,0.058228817,7.061933,-0.5303787,1.0908134,-2.6342099,1.2331414,-5.6784863,2.934974,1.6849102,-2.1534097,-6.237351,-8.124259,-4.630525,-0.7973059,4.4423237,3.755783,0.3046430650509791,2.3453731831201754,12.412491,-4.204999,0.7644193638335579,4.345878511992057,12.72062590623107,0,483.8115220614579,187.331,0.0873409503572442,0.976378138718667,8.0,242.9285804955917,2780.110826030193,2845.8099919724086,0.1619376824570935,216.95040000000003
CN(C)CCC[N+](C)(C)C,-0.4087993,-1.1943227,2.3596172,1.8182099,-5.8687267,-2.064105,-1.6375729,0.6433462,-2.5277262,-2.1791706,7.634586,-2.8519006,4.580986,2.942995,2.9975982,-0.5884825,3.0277138,-5.2277184,2.5435221,-0.99341893,2.7533329,8.460547,-2.8603396,-7.278702,-0.14899212,-5.3182917,-3.5638824,3.448356,2.8484485,-0.94327646,1.5813243,-0.97100383,3.3219488,-1.5097727,2.187466,-0.41330677,-4.4829473,0.618019,-4.742852,-0.45380598,-1.7439079,-1.0405016,1.3286326,1.3122258,3.7897305,1.8107337,-0.71151984,6.263201,6.288659,1.4728495,-1.263226,2.835438,4.8723702,0.37241107,-0.57128894,3.2967122,-0.41421604,-0.6646025,-5.249965,-0.54040116,-12.476915,-2.1290004,4.6774735,10.136409,-1.0605901406568803,3.304403651402551,3.4522343,-1.2489386,0.4142890685762865,4.145492004262126,7.666975596189799,1,375.2030165439076,145.26999999999998,0.268527873320974,0.9704012129645412,4.0,220.65110798843745,811.9944622236089,835.4042631952809,0.4348806275640056,174.31200000000004
CN(C)CCN(C)C,2.460904,-1.2776893,5.5406833,-4.644487,-2.6854196,-0.22329769,-1.0684389,-0.49746707,-2.6251168,1.7713945,1.5396099,-2.1668494,6.0714564,0.9115199,-4.7991524,-0.6952167,3.4705644,0.66726637,0.12796077,-0.1036077,-5.9943557,5.269658,2.8416965,-2.6248305,-0.42372143,-2.5194213,-1.1987572,6.034162,0.45332298,-1.5622896,-0.44182372,-0.43178862,0.8239766,0.16798636,4.3935666,2.1753354,-3.9726255,-3.5028157,-5.769621,4.270335,-3.4262218,1.1844478,3.9174197,0.1408867,-0.7082547,5.0640874,4.344882,2.1732712,0.5921909,3.5368793,-0.12083744,-0.53201896,-0.8488025,-0.63285017,2.930639,-0.62444794,-0.39145845,-1.6373193,-1.466523,-6.0140963,-5.101604,-5.405946,-0.059780385,1.3609668,-2.155462944614403,1.4507831351477527,5.8486085,4.520641,0.5036530803726289,4.065901220691784,7.478511549292818,0,334.6470448036136,116.208,0.2091253407899935,0.9105389709532156,3.0,125.2039370656888,548.145048882427,602.2163941731202,0.2733138758502981,137.33900000000006
CN(C)Cc1ccccc1,2.7747498,-0.53386986,4.0354958,-2.583113,-1.9298556,-1.5030754,0.63063633,-1.1569029,1.2803636,3.2356532,-1.5575871,-0.44551963,3.363813,4.486873,-6.240749,-0.4522059,4.704149,0.8743357,-0.5702542,-1.5659617,-3.8679545,0.8120735,2.3016465,0.88422334,-1.5453646,-1.3512537,-0.080931395,4.869324,-2.5344849,0.46324557,-1.8824501,0.38152283,-1.3864849,-1.6447927,5.8841605,4.820452,-0.40153146,-4.379814,-5.397581,-0.16170466,-4.231885,2.3461673,2.5972948,2.4326198,-1.4827993,2.9355989,2.3672678,-2.7095525,-3.1718128,-1.9510657,-0.23453125,-1.715276,-4.591118,1.1427207,0.65117276,-2.9510033,2.8749099,-1.4444447,1.0551269,-2.009173,-1.7258139,-4.3079133,0.96917593,-1.7501307,-2.7892104886950415,-0.25741838556872326,4.2024417,1.9223275,0.4543930978057823,4.031903307228161,7.841554609523146,0,345.34112553957567,135.21,0.2381574134236046,0.915456605410176,2.0,168.07721887686355,651.8006510265701,710.7046699683833,0.3201643798354582,146.54933333333338
CN(C)P(=NC(C)(C)C)(N(C)C)N(C)C,6.874917,2.1876495,3.8523521,-0.28485423,-0.83285284,-3.0391319,-6.6886306,-6.8125634,0.12230605,7.0129423,-0.6681018,4.0729036,-0.69489485,2.4155765,-4.3128133,0.97222054,3.2192316,4.3682775,0.8037071,-4.7688785,4.318198,-4.6075535,-1.0922208,6.9481926,-2.60925,4.33957,-1.2125746,1.8672992,1.8908176,5.328047,1.9113742,-3.4394681,-3.116818,2.1558034,4.5173144,5.966253,0.1702876,-1.5818815,-11.612049,1.4218869,-1.7715497,-10.305732,2.9389195,1.5294728,-5.256465,2.9743788,8.106078,-9.009678,-2.8418057,-3.0565965,-0.7232486,-0.7047147,-6.8922944,-2.9638338,5.264952,0.5148237,2.210628,-3.2052,10.079416,-0.3514019,7.027882,-1.2078602,-1.8105832,-3.824955,-1.0657437832215568,-2.335542148135158,-2.9805396,-3.0933065,0.062664607002966,6.531402400323015,7.910032923351194,0,444.2681323154916,234.328,0.6500649565129095,0.93790378944791,3.0,765.2863205895738,1104.0577936948268,1177.3896592204237,0.7238705178297653,249.4731428571429
CN(C)[P+](CCCC[P+](N(C)C)(N(C)C)N(C)C)(N(C)C)N(C)C,0.9430928,11.2881975,-7.078431,19.028463,-2.2451234,1.9809203,10.036239,5.630526,5.4568315,11.041512,13.107353,3.458852,-7.47989,6.4857974,18.556877,10.256438,-17.768332,6.9286947,6.720665,11.908989,-1.8615042,2.5444195,-5.3451276,-6.884042,-5.232213,-5.9608173,-1.211986,4.4699535,6.6885743,-1.2591485,5.197939,-14.431301,12.060549,8.354472,-20.805511,-9.694418,17.480001,5.5151386,-12.6044855,-6.7242837,-6.704237,6.479225,0.81853676,-7.8076057,10.334453,5.774128,17.756151,12.152271,18.271202,-10.17228,-1.8652179,-1.9798286,26.370996,-15.977268,-5.2827883,6.39771,4.923333,3.887305,3.2137258,-16.927126,-11.220648,8.129496,7.8547544,11.978542,7.812331933515463,-0.7383040724054358,-1.5410541,11.1566105,0.4810218742481497,6.946987746092423,12.882791600679624,2,652.3180311531023,382.5180000000001,0.2257387763353972,0.9776306222943216,11.0,1320.2725352079665,5767.939652293628,5899.091917549726,0.374665558786298,401.57400000000007
CN(C)c1cc[n+](Cc2ccccc2)cc1,-1.0171921,-3.0949836,0.17881955,2.8996317,1.8743523,0.71209,-0.80458677,-1.1003922,-0.16870964,2.8898199,-2.1418297,3.959511,-1.6414337,3.8793116,-2.8526523,0.29097182,0.79998493,2.1729472,0.23046282,1.7778771,0.73358965,0.29050478,0.9727674,0.71306705,-0.5459324,-0.51677394,-1.6585594,5.0496907,-1.3154124,2.5100727,1.2218008,-3.0198042,-2.2127566,-4.754792,-0.7935224,1.9302268,4.052718,-4.534642,-5.6545115,-1.2657924,-1.1147628,-0.45524162,-0.12165186,1.3740305,0.45554426,0.8189961,2.0770717,-1.294116,1.0594864,-4.7913303,1.4494287,0.21728382,-1.1183158,-1.1736497,0.22093418,-0.8708211,2.390002,0.4686617,0.20012152,-1.190853,0.42096186,1.8424602,0.69073564,-1.772231,-1.4693567208227238,-0.5973342017161737,-0.44010782,0.7999385,0.5592322894440069,4.798735203313083,10.662259106619487,1,459.684578514658,213.304,0.1820110511839013,0.9812411353256576,3.0,401.12227842686656,2163.2583636909108,2204.604864113733,0.2874452755701157,216.14000000000004
CN(C)c1ccc2cc3ccc(N(C)C)cc3[o+]c2c1,0.10683297,-3.8761504,-1.1453433,13.918141,9.4925375,6.451283,1.3065842,0.88348854,-1.7460804,8.193908,1.4479257,4.2951097,-1.1982938,14.433708,1.1232328,0.074843526,10.25621,-6.915271,2.9928594,20.322792,2.7947304,3.0639832,1.0662594,-8.67855,-0.591148,-8.54064,-9.9250765,9.914882,-1.3882526,6.58183,0.5946492,-6.7200294,2.2644396,4.0432096,0.9118431,-0.59069437,7.1638713,-6.3345976,-0.56077766,-6.8480563,1.1492898,-0.38525826,3.1878605,-0.4107585,0.9383805,8.139349,3.3027196,-1.0073998,-0.5880108,-6.3589168,-1.1376444,4.5821857,-6.656838,1.7216817,-7.8489785,-2.0373614,5.175614,-3.7005866,-4.110963,-2.866023,0.8086973,4.4742475,2.9838965,-0.52434516,-1.111199191857234,1.0585572626030593,6.934584,-5.8930564,0.679901521540158,5.955566839634625,13.800347040350855,1,521.7362004812771,267.352,0.1212950880424737,0.8904592806229892,2.0,491.8345040937303,3610.407960686753,4054.690108935281,0.0401345807416178,257.96200000000005
CN(C)c1cccc2cccc(N(C)C)c12,-0.41407013,-0.5901462,-3.193377,4.015274,0.4339529,-2.248133,0.2487083,-1.8385442,-6.7844157,5.791279,1.1087433,2.0319536,1.3532026,0.28495485,-0.65953326,0.9894904,2.4174635,0.79138666,-0.06512622,5.319695,5.1745014,-6.6795344,-2.8932571,-3.3993094,-1.2307079,-0.5911032,1.9829217,5.085587,-1.9978575,5.5312366,3.3817413,-6.536017,-2.1797822,5.753699,-4.061477,4.866392,0.5770402,3.1555698,0.90594923,0.97416633,0.69221765,-2.2564282,-0.79480577,-1.1524282,-3.24853,1.3094162,4.2087846,-0.41098207,8.917107,-1.1654388,-1.3213745,-2.9577792,1.0657471,2.612909,2.089792,-1.856258,-3.328352,0.88695896,-2.1644135,-7.7730436,4.906819,1.6697346,0.30732128,-4.3354893,1.9361110422350856,1.3687324776458392,4.0943284,-9.887075,0.1694509282429796,6.991843099625573,7.031276024109623,0,433.0626622460092,214.31199999999995,0.5584988781264738,0.5667655674920964,2.0,805.8848262437334,817.8132289387825,1442.9479768108654,0.282596936013548,219.3040000000001
CN(C)c1ccncc1,0.4883713,-0.8928596,3.370084,-1.4141018,2.7502525,-1.8088872,3.254176,-1.9715217,-3.74548,3.8679097,-3.8111525,0.30464524,2.2633376,6.2305098,-4.8344812,0.1082865,4.6034102,-0.09960836,5.065858,8.060018,-0.68135583,4.7852654,0.92778766,-3.7537014,-2.971621,-5.9922333,-3.496521,4.815258,1.7362301,5.497798,1.1642935,-1.1645133,-0.9547637,-2.6693442,2.5552025,1.1719878,-1.0372399,-3.1512716,-2.1047623,3.1098394,-3.9816275,1.1815637,4.3117113,0.055660248,-0.5304142,3.7807443,4.4840255,0.91560394,2.1812,-2.9871004,-0.24032056,2.9974678,-0.15917693,3.805463,-0.6255443,-4.0431943,-0.0030080006,-5.422945,-0.35949638,-0.67078704,-3.073092,0.48616475,0.522921,2.5082846,-2.218404147398249,2.0273059211221374,6.891369,-3.5130756,0.4298487286349783,4.322759084189737,6.0544691724205375,0,306.18668683504364,122.17099999999998,0.2533145967495898,0.7620928302700827,1.0,139.5313198883218,419.7776987566495,550.8222647992659,0.0801554881280257,124.70800000000004
CN(C1CCCCC1)C1CCCCC1,-1.7865779,-0.26554093,3.2674913,6.136889,2.7852285,0.6109177,0.09860532,-1.5270348,-2.7561803,4.713315,0.4769069,3.1986752,4.3469033,5.0344424,-2.698078,-0.29373205,8.403158,-2.376971,-0.12619564,9.10765,0.5478629,-0.073145404,-2.0146573,-3.8188732,-0.4025696,-5.2770185,-1.507337,6.5064526,-2.0035813,5.161383,2.2744474,-5.0103126,2.7389688,-0.30894914,3.0548298,2.49103,4.3438735,-6.25831,-7.786597,0.021569818,-3.0218537,1.9599259,-1.5706275,0.41158247,0.33047703,4.2201104,3.9747076,0.11473663,-0.47147906,-0.5757868,-2.5245697,2.1208208,-2.50209,-3.392316,-5.3833,-2.2955308,2.5322075,-1.4400519,-3.2948427,-3.5352373,-0.88347375,2.640975,2.8073452,-0.46642116,-1.2601845118404906,1.7110223891557734,8.078684,-5.691833,0.4382386258914862,5.380961443327966,9.51104916634112,0,433.7248707391118,195.35,0.2496144277054906,0.9407893681961516,2.0,376.1739212788398,1426.9519330520154,1518.108345864002,0.3607335176880585,219.37828571428577
CN(CCO)CCO,2.5607188,0.29514518,1.8095099,-1.6083701,-5.1108117,-4.5328135,-0.22352459,0.9167129,-8.811216,-9.023086,7.305234,-4.3483496,3.3474698,-0.41514325,-1.2644578,-1.6877576,-3.2469926,-0.10987288,1.7096642,-2.9025657,2.6036212,6.3138795,3.400739,-6.315096,-6.9570174,-0.5000888,-1.5206217,1.6185375,2.8770604,-4.438486,-3.3861074,-0.73988825,0.6029727,-3.4979374,2.3705397,1.3314979,-7.5522423,4.8567963,-1.2494427,2.8722556,-0.93982834,3.800807,1.9206953,1.2209764,1.2815412,-2.3754501,-4.8013763,7.7904387,6.848647,1.9058708,-0.90937376,0.45492178,2.7777984,7.185567,-0.5153017,-1.2458265,-2.535139,-0.2721975,-7.895536,-5.541575,-12.117392,-3.2076535,0.047313277,10.402654,-1.7104898625207454,4.295954413276518,5.312487,8.549326,0.3646488370811192,4.209110487800471,6.655112810348561,0,312.1587804364433,119.164,0.3064794484239133,0.8622783106906665,4.0,161.5294740824511,471.4707003185165,543.046921400805,0.3730982636233676,125.47015384615386
CN1C(C)(C)CCCC1(C)C,3.7947512,2.7453644,7.901333,-2.8689451,-7.781011,0.8344923,-4.385552,-2.664887,-2.5442052,6.681028,-1.0001682,0.5317364,6.028686,-2.1415093,-2.9086225,-2.5015373,7.1690707,3.8469794,3.4349794,0.84939516,2.8633282,-6.9671636,-3.0815008,3.4612777,1.0324464,1.5901227,9.105839,-1.5201019,-2.028139,4.222336,-0.06288879,1.3772397,1.8675239,6.152643,2.2578716,2.1064072,1.2960917,-0.20080937,-2.30395,-0.83212715,-3.3116908,-2.8665373,-0.36561662,-3.4075851,-4.9099503,7.39815,4.144647,-4.194837,-3.2168221,4.846777,-2.3159502,-2.2068698,0.33500278,-4.8488965,0.09684506,1.4952902,-3.6208844,1.272681,3.6492188,-4.6370893,4.296286,1.194282,3.671208,-2.1245947,0.8213668411092361,-0.7857287756746684,9.35004,-0.3157638,0.0950002315317502,5.896800647498198,6.64858530855888,0,358.52920720720886,155.28499999999997,0.5780782146792561,0.7930580547992594,0.0,353.7628221138457,485.3226578025729,611.9635944248985,0.5883845950220485,179.85200000000003
CN1C2CCC1CC(O)C2,4.7581096,4.8130584,4.061478,-1.694669,-8.984811,1.4013507,-1.1789081,0.7455976,1.0856652,6.7146096,2.0225062,0.92350096,5.855206,-0.4178955,-3.2420762,-1.1066126,7.1224256,0.51226944,-2.1957211,-3.4731874,-1.1351851,-7.270469,-1.8779628,0.571218,-1.397505,2.7921305,6.264786,-1.3432306,-2.6162267,0.30788222,-0.78139865,1.0236282,1.7058015,5.8735943,4.4328284,4.4236298,0.38036537,0.39323682,-3.435825,-2.8784547,-3.09476,-1.8453469,-2.2758772,0.5594853,-3.361362,5.3289723,1.1390662,-3.1132567,-2.3971026,4.4187894,-0.78132665,-6.481169,-2.6277816,-2.141628,-0.8666308,0.458046,-2.4405203,3.043712,-0.0380508,-2.1950052,1.5246387,-2.8619037,3.836324,-2.6442785,0.39986758877661704,-0.5684281348757523,10.132286,0.7711903,0.0762296309096655,4.7980597921238495,5.837205080083914,0,320.23080709838223,141.214,0.6212854677774493,0.9332584556731288,0.0,258.3063797192747,388.5244260063557,416.1670403185805,0.7922728591354283,145.07200000000006
CN1CCCC1,1.5134015,1.8705077,4.505216,1.1614661,-9.596863,2.0176055,-0.8253858,1.2094327,0.6777774,0.101529375,0.6997069,-4.80729,3.1995573,1.0955225,-1.6016436,-3.5052156,0.8983047,-2.1100419,0.07499078,-2.542635,-2.6636949,0.32184726,3.316049,-0.22494763,-1.7711391,-1.081121,4.672503,-3.891918,2.3555527,-2.49335,-2.2181008,6.696983,2.4438105,0.48619768,4.54511,1.0303445,-2.8570223,0.952508,0.98547757,-0.316979,-3.9350643,5.504414,3.8357294,-1.5637723,1.0042602,4.6407533,-1.3675661,-0.5194819,-5.78464,2.6554687,0.6073792,0.4107346,0.5693669,0.14556144,-2.5027032,1.0515586,-6.031177,0.46978107,-1.7799362,3.955993,-4.836597,-0.04970856,2.783707,2.449026,-2.0571516933738976,0.8596041114035581,9.220756,4.2159996,0.1993415648792527,4.12450398735427,4.658949491656143,0,264.41336271568343,85.15,0.451515877726265,0.7691236758543574,0.0,85.71069482776164,148.5904334523691,193.8794308493568,0.4374866683739101,97.17600000000002
CN1CCCC1=O,0.5750227,-3.7481015,3.9018059,1.0852907,-2.7130792,-4.4369326,2.3740387,-0.0025757551,-3.2991126,2.0097635,-0.16793534,-1.0949383,1.0888602,0.3382085,-1.8994884,-5.614783,-0.19377995,0.57775575,3.812271,2.8756802,0.70328224,-4.3097258,0.121263444,-0.41358292,2.082205,-0.21401381,1.2505964,-2.7254279,2.633729,2.280055,0.80205923,2.9413502,0.6171171,-0.30183634,-0.19603947,-0.35384148,0.2908752,0.6649643,2.7608063,0.024873793,-4.326851,6.3779383,4.7235365,0.29634035,2.832765,2.787843,-0.52778184,-1.5832257,1.1318758,-1.8261467,-1.6524695,3.5028613,0.85034746,-1.2971984,-3.8890212,-2.1614716,-3.1835063,-1.5865741,-3.188285,0.9161559,-2.6839638,0.6082555,0.19357556,2.64756,-1.7848034285170777,1.5879581399273135,7.6263366,-0.22168845,0.2184126794297336,4.333569633942592,4.820927820397484,0,274.7821600044249,99.133,0.4757717457374598,0.5805105990256889,0.0,135.6163989862168,165.4716946067632,285.045087694326,0.2797765074086925,99.96000000000002
CN1CCCCC1,2.150693,1.7231505,4.4295874,0.51912177,-8.1269045,0.017784625,-1.8613368,1.7258481,-0.7461714,1.2583848,1.4392345,-3.7632062,2.4042754,0.23018157,-2.4329991,-4.0701976,1.3976605,-1.3119708,0.29390973,-4.2033553,-1.5800343,-2.7386553,2.2091029,0.96123934,-1.551753,1.3572543,3.3684068,-4.355197,2.9720526,-2.1701074,-0.54369897,5.822085,2.2689147,1.8469123,4.179641,0.82405704,-2.4814649,1.082787,-0.28950495,0.4172259,-3.90703,5.716473,4.612934,-0.8504193,-0.22351542,4.164908,0.1433852,-1.8287299,-5.1985083,3.4196763,-1.0689756,-0.13775647,-1.4027269,-1.979421,-2.8236716,0.14824072,-4.353971,0.5155941,-1.2915207,2.5438359,-4.3265758,-1.598566,2.3660817,1.8395339,-1.9972918187623632,0.7222189752628531,8.506438,3.1986718,0.1960921767181382,4.277614947195704,5.437319605613045,0,286.7293497091582,99.177,0.4552777797735089,0.7369707254699223,0.0,125.45726048708087,206.0215683497377,280.0874738593874,0.4191748441553578,113.58400000000005
CN1CCCN(C)CCN(C)CCCN(C)CC1,-2.6734753,-1.5780468,-5.2780695,3.3574607,0.093114704,-1.4691871,3.0454834,-1.5899738,-10.386201,10.625312,6.115258,-0.9894164,5.385392,-2.1709344,0.8797895,2.643393,4.683025,-1.1103865,-0.6243526,10.474116,1.1181905,-15.551702,-10.686408,-6.390746,-0.3560633,-0.2438057,4.5948133,4.592028,-3.4822845,4.199493,4.5234404,-10.178728,2.0601149,15.118701,-5.6945677,6.0188937,0.30834895,7.3532124,0.15550603,3.1989205,0.11744338,-4.8428636,-5.2629843,-3.3303096,-4.4118915,3.6299298,8.948065,0.9759005,11.799012,1.8692659,-4.5843287,-6.004885,0.9906859,2.7750938,3.3439636,-0.052379817,-7.7972393,2.4840138,-3.9761417,-13.460724,8.925183,0.6163762,1.3507578,-5.6201825,5.294917032252821,2.864664384054609,6.5153074,-11.094186,0.1959409681510165,7.963317943637207,8.970463246821451,0,503.8451081572134,256.438,0.4978696228425935,0.5947793851715069,0.0,1275.3718050618393,1524.21820013885,2562.716010770438,0.2314638891208608,285.31000000000006
CN1CCN(C)CC1,1.8177698,-0.13680539,5.2186584,0.8201373,-4.5317445,-0.60568714,1.9652851,-0.34841004,2.1330645,4.486046,-2.827717,-2.0375216,1.6589755,7.5550394,-3.9190044,-5.094127,5.816575,-2.207514,3.313121,2.642911,-1.3709317,-1.3124638,1.9759212,0.87728626,0.3508774,-3.1502097,-0.27964267,0.22411647,-1.4292784,1.514582,-1.9245137,4.0164123,0.032277107,1.1179315,4.8555403,1.3540223,1.8655366,-3.0336697,-0.3205006,-2.1425476,-5.77345,4.465676,3.5619972,0.8869883,-0.8236432,5.786449,2.1071358,-5.081248,-5.5983977,-3.619684,-0.9036187,-0.024652243,-3.3510978,-0.33293903,-3.7532632,-2.3344452,1.7976809,-3.7704828,1.0035096,3.6652157,-3.0611413,-1.533538,4.1822433,0.5089929,-2.7652272252853676,-0.4074620973706634,5.6800895,1.3067104,0.3455814742837367,4.199066043820787,6.343592536155976,0,306.43175876778866,114.192,0.3114282927598372,0.8369934087600808,0.0,126.43530433854023,345.2001182471397,413.3187632217104,0.3372624467415664,126.32800000000005
CN1CCN(C)CCN(C)CC1,-1.1741529,0.53918874,1.882886,8.002676,-0.34004965,0.35325822,1.3884182,-0.2806876,-7.0381536,11.18738,2.873694,0.37273806,2.8013053,1.5766373,-0.89332736,-0.6577871,6.0857015,-4.023713,1.142653,9.025661,4.595605,-12.8322735,-7.7384133,-3.4652524,1.9980273,-1.8900785,3.227916,2.0689552,-3.015243,4.533374,3.0403435,-5.642859,4.6623673,11.929084,-1.6406956,2.2503107,4.981421,1.9195342,0.80418116,-0.38363987,-1.3370264,-1.2735708,-0.82071304,-3.198449,-2.5374782,7.5467935,8.738928,-3.1286187,3.199111,3.10426,-4.4257154,-2.252329,-0.3941481,-2.0733225,-2.3989868,-1.9399269,-4.286854,0.43874207,-2.5175776,-8.902422,6.5500517,3.4560893,3.1457841,-2.9724452,2.8481911057606033,1.479718865080738,8.023386,-8.579661,0.1599689067494706,6.528821122790434,7.338710599297873,0,382.1563227019142,171.28799999999998,0.5279840069919286,0.6372592680791972,0.0,493.86568680604137,594.7743918646477,936.1377763864529,0.3538505897793397,189.07000000000005
CN1CCN(C)CCN(C)CCN(C)CCN(C)CCN(C)CC1,-3.4750118,-2.1817267,-5.1973395,1.0908643,-1.1185542,-4.4098177,6.1453323,-2.7995083,-13.496167,14.276216,8.077529,-0.9648716,7.7549458,-3.7839446,-0.6017398,0.930253,3.6086113,1.8837131,-0.4395642,11.262683,-1.2888848,-18.61437,-13.522212,-8.469174,-1.5501649,-0.194592,3.9046736,5.3953757,-1.8467072,5.9820814,7.409394,-11.122008,1.5241807,18.448124,-7.221286,10.538362,-2.021372,9.4593935,-2.7253718,8.92207,-3.421277,-11.068591,-4.8117495,-2.290545,-5.7972116,5.4309993,13.487968,1.7376494,19.132702,1.0110203,-2.696371,-7.788315,4.4332204,5.7641296,6.6053476,-0.18275377,-11.787568,1.7361925,-3.4731119,-18.02567,10.029159,0.042088076,0.21080896,-3.8331952,7.061810007966808,4.034979528269384,6.3707175,-11.675486,0.2093792986423098,10.04124283172038,11.537355733117202,0,631.0743298272115,342.57600000000014,0.4719683425077335,0.6112484969821861,0.0,2462.567553171532,3184.8962982126204,5221.052185603983,0.1890274601394387,378.2408000000001
CN1CCNCC1,2.1569598,0.23937216,4.2161264,-0.4370559,-6.236957,-1.2724726,0.88640696,0.27900684,0.6579907,1.9448942,0.10672528,-3.7761226,1.8526821,2.2123992,-3.4219546,-3.6418333,2.495437,-0.977143,1.713416,-2.1043787,-1.8553128,-0.92842746,3.1811507,0.82022893,-1.3057435,-0.6516253,2.2196176,-2.8023765,2.3530025,-0.40805227,-2.039368,5.4358325,0.50991917,0.3279501,4.04372,1.156191,-1.3693845,-0.14981909,0.6591592,-0.5668081,-5.9233994,4.62554,4.9680204,0.6579895,0.6239226,4.221864,0.014545798,-1.9759984,-3.952764,-0.0520629,-0.41924646,0.7491748,-1.30407,-0.2616439,-2.6419818,-1.0932604,-2.8934722,-1.4881862,0.027985096,2.618718,-3.6432223,-1.5408748,1.7635326,1.6363435,-2.4818807925285835,0.44976192876868554,8.001466,2.4027998,0.2371826739229561,4.207703089294276,5.156102490500566,0,281.6913280294389,100.165,0.4090427797479843,0.742424651988852,0.0,116.25379818710164,213.9196755566524,288.5942446627102,0.3701068307888238,109.58133333333336
CN1CCOCC1,1.9980357,2.8841646,1.6666887,1.4557757,-7.399895,-0.729647,-1.4860599,2.853626,1.2623973,0.39794707,2.823142,-4.2767158,1.0258906,1.4775399,-1.3364633,-3.1744099,0.69898856,-1.4508016,-0.30383492,-4.6259313,-1.0031637,-0.47011262,4.2219877,-0.28075022,-3.4695146,0.35811734,1.3387251,-3.2127926,2.33922,-1.7934153,-0.99758804,5.1623845,2.568821,1.8120421,3.352159,1.9714231,-2.0316293,1.4787202,-0.8122839,0.21603954,-3.8844495,4.548011,5.4878855,0.017493844,-0.2924439,2.6715739,-0.24065432,-0.879293,-3.5999932,2.2841725,0.23987815,-0.36208087,-0.9061929,-0.86938053,-2.6882663,-0.23503163,-2.7250743,-0.30285606,-0.85138476,1.7775103,-4.7206783,-1.862221,2.9990716,2.11037,-2.0190806908704224,0.5424006587238279,8.127396,3.6624618,0.2145994616458945,4.314460584225088,4.562543134678927,0,275.651015039378,101.149,0.4320276473288398,0.7504192399359002,0.0,117.05351065245044,206.27808089184475,275.407198894258,0.4252221599428266,106.46400000000004
CN=C(NC)N(C)C,0.91908723,2.0087342,5.3059487,3.2502427,-2.1166525,1.6690378,-1.4969802,-0.3110185,-5.4129815,4.367613,-0.7215438,-0.2579062,4.34233,-0.6081802,-3.7555518,-0.24618948,5.9766064,-2.73738,-0.6516032,1.8907355,1.1868551,-7.709146,-2.530311,0.8879385,-0.62627184,0.03782487,4.1092296,-0.47983918,-0.83895206,1.0287687,0.015185244,-0.40782142,2.491218,3.9005277,4.634973,1.4868631,-0.06804426,-0.20440389,-1.1744577,0.7362839,-1.6910524,4.022362,0.5869092,-2.5374856,-2.0712538,4.5503035,2.9250722,-3.4689858,-5.808481,4.7242174,-3.754885,-0.76840216,-2.5536587,-1.6821778,-2.5731823,-1.0798547,-3.192483,1.2351136,-2.3012486,-1.5250728,1.4042771,-0.015657023,1.5894232,-1.3472028,-0.6121503943886333,1.1826904624877324,7.957283,0.61093575,0.1909224967291499,5.197440506457786,5.964876478492824,0,318.87991490683044,115.18,0.4495120628929352,0.7527591400652718,0.0,189.13966484489575,317.6092649840889,421.70996522017424,0.3882860867341264,126.17600000000004
CNC,-0.7972152,-1.3098762,6.9729767,-3.053532,-6.240057,2.5414345,5.3456297,-2.9464326,0.46937564,-0.9472753,-8.003528,-4.083649,4.0018415,1.3598804,-7.073878,-3.11627,5.6636543,2.1747649,4.976043,1.5866005,-2.7094252,4.3313503,2.0663319,4.9949436,2.0256817,-6.905344,7.0687165,-1.051404,0.23346695,4.8007317,-3.7552707,7.961621,-1.198385,-8.081688,3.947826,0.28577864,-0.29740918,-2.3863814,1.2078892,1.4152098,-5.783198,4.215364,0.363131,-1.3974026,3.852499,4.501496,-2.010155,-3.2832084,-5.7915325,-0.9777945,1.6774521,1.7347169,1.7026408,3.794281,1.6874201,-1.2717894,-3.6313157,-2.6732411,1.9249059,6.3116975,-1.6486275,2.1491406,2.4874358,1.0901841,-2.967047903856806,0.4170303793239999,13.66789,2.6252053,0.4381006347158905,2.63873865153853,4.170508602973798,0,204.48211111604095,45.085,0.2445748516997456,0.8791997510350551,0.0,14.856327099935934,53.40565064961909,60.74347790333909,0.3569469145673421,57.552000000000014
CNC(=O)NC,2.9218953,-3.2206767,8.221046,-6.679992,-5.819984,-0.9743352,7.091009,-2.9102354,0.80142117,3.6475198,-7.619579,-2.558313,4.466929,4.448624,-10.903574,-2.4154034,6.512353,3.1066172,8.896094,1.271191,-5.5092998,1.8530624,2.381445,5.3049107,1.1256316,-6.295329,4.739285,-1.198411,2.2440007,6.1723013,-2.2012017,8.381217,-1.8517215,-7.082778,3.7095394,1.0929999,1.9104859,-4.254092,-0.8823024,2.3021326,-8.726011,2.569722,5.0665503,1.7147543,4.393572,6.1308055,0.9287212,-3.7499683,-3.8317626,-3.430156,0.6673459,-0.46851832,1.3322906,4.959521,-0.38176796,-3.464612,-1.8262197,-4.056058,3.8213136,4.8470473,-0.89042723,-1.6758924,-0.36046943,2.0915961,-3.2591519634606914,0.07168901089877644,14.097109,1.6997178,0.4463602045211808,3.0585598479142075,6.047813144575959,0,263.7184320706805,88.11,0.2477137816370724,0.7790600588575796,0.0,66.32781494892842,210.02209826500183,269.1503674442998,0.141648239806953,88.74600000000002
CNC(C)(C)C,4.068169,2.5426855,5.2777543,2.139213,-11.610689,6.52443,-1.3996488,1.024546,0.75199825,3.0139737,0.9340029,-5.178306,6.4694986,0.68287784,-0.41864848,-3.0355005,4.8369045,-2.5046747,-1.7649786,-2.9739895,-3.0847666,-2.5740736,1.6348252,0.21106327,-2.8731763,1.1238317,9.812788,-3.663422,0.3517615,-2.3092575,-5.3798423,5.779721,2.1756308,2.084082,7.5295243,1.9789377,-4.303311,1.4902799,1.5382104,-4.309873,-4.992661,5.9044766,-0.056753278,-2.8865328,0.35982558,6.5347424,-3.3861365,-1.3828061,-8.409564,3.0201204,0.10058395,-1.023063,-1.8125811,1.4487411,-1.839427,3.1870182,-7.0420895,2.854767,-2.1546364,3.6592505,-3.8579278,-2.2979767,5.0215516,0.27315652,-1.1388634835547617,0.33355042065630336,10.278878,3.8848772,0.0932191336695838,4.104619213693908,5.4559441625739975,0,279.654566273643,87.166,0.5992739893813209,0.9883325547614916,0.0,116.36996853060158,191.91927287566796,194.18491473447685,0.707273868917939,107.75200000000002
CNC=O,1.1101694,-3.8676615,8.00841,-3.5572836,-2.7990603,3.5715687,8.166866,-4.3303323,-1.6644337,1.8128608,-7.276286,-2.1659722,4.6647367,0.65631825,-10.108768,-1.292485,4.7444124,3.6291168,7.6341357,2.1600509,-4.146748,4.610076,1.1492784,3.9985054,1.7400403,-8.478735,5.6408215,0.13885257,4.0470924,6.93168,-3.8268769,5.7540765,-0.6363776,-8.551985,0.90814394,-1.3889362,1.2357578,-4.2361608,-0.93250465,3.3967574,-5.4445195,1.292656,2.761547,-0.34171796,7.051913,4.8383675,1.2733738,-1.5725303,-0.38794312,-0.067420155,2.1725612,-0.862179,3.675982,5.181874,4.288408,-1.0976298,-4.2503424,-2.5154088,3.6214483,1.7060086,-0.30435413,0.6407698,-1.2491496,2.1930597,-2.0862247309739326,0.784781109440042,13.9619465,2.04456,0.4417795922611386,2.931091935659335,4.078990217614801,0,208.2490917112956,59.068,0.2441779158853898,0.7868755862422493,1.0,25.546795253180395,82.32582958441013,104.623692771509,0.1944462412428285,60.40000000000001
CNCCCN,1.6967633,0.9245093,6.907669,-7.776273,-11.695397,1.7059188,-2.2059052,2.384954,-3.9704065,-5.4342513,0.36663198,-3.5175884,4.3447714,-1.5783,-4.083448,-0.23028767,0.19546416,1.8208692,2.706079,-5.0749717,-3.5229256,3.1608808,-1.9187214,1.0441802,1.3467395,-0.3360635,5.619777,0.33103088,-2.6454363,-1.0795207,-0.41879362,3.1804543,1.5686889,-0.7442075,3.0857682,2.3174734,-3.7363307,3.0700448,-3.4743466,4.859644,4.3578353,-1.8337188,-3.3679674,-1.8496742,-3.3664315,3.034924,-0.4346411,1.7642953,-1.0993304,7.0387,-0.0041354224,-6.8641872,4.0989456,3.7003212,4.5986037,1.2044699,-2.1057606,-0.8078253,-2.0301285,-0.34399083,-5.3886504,-4.9641466,3.462462,5.811182,-0.5248668481820653,1.2439253290840377,9.326906,8.34277,0.6144036624814467,3.208627719198995,6.773239003685323,0,287.8116480917857,88.15400000000001,0.1555923276269432,0.929577281902774,3.0,55.696428170258045,345.9825147754786,371.13536101608827,0.2767498505578317,103.4388
CN[C@@H](C)[C@@H](O)c1ccccc1,0.8061398,-0.79800355,1.942101,-1.0305014,1.2046177,-0.8729824,-2.0839531,-2.4086537,-3.3734927,1.9857575,-0.44227585,3.0039508,4.5118074,-0.96209174,-7.357245,5.3419895,2.275365,2.2081444,-5.532009,-4.120397,-3.076572,-3.0068543,-1.1926618,-0.12263283,-3.134641,2.4085202,4.0871515,6.5596538,-2.3472576,0.064897776,-0.13347542,-4.8062143,-0.6639457,-3.5967987,5.06097,5.3117614,-0.8624266,-3.9974294,-8.72955,0.94961876,-3.1673234,2.5604498,-1.2642535,1.1640984,-2.7498543,-0.70732886,2.0965955,0.7105661,-1.3136705,-0.06785163,-1.6642555,-2.98906,-4.8809752,1.1462095,2.0044785,-3.1125677,-0.236794,3.5329554,-1.8553787,-7.213072,2.3168406,-2.566683,-3.5383236,-5.3176537,-1.5896128972099737,0.6687550610677832,1.6790111,2.7585516,0.428445449235018,4.453291827855626,9.108440136788712,0,380.6525812495522,165.236,0.2576051640506055,0.9538347386880932,3.0,263.9280983783143,986.1176924820218,1034.6291451297125,0.3420012582695925,171.68600000000004
CN[C@@H](C)[C@H](O)c1ccccc1,0.20836318,-1.0605047,5.069969,-0.37315917,1.5153496,0.6574974,-0.59683317,-4.0735383,-5.3796105,4.341648,-2.4246485,3.278687,6.175388,0.285971,-7.676994,3.5481148,5.1090245,0.7768573,-3.9128869,0.32249105,-2.4371989,-2.0419443,-1.9833744,-1.419567,-1.8155093,-0.33585447,3.3236976,5.9670053,-0.09339407,2.0576239,-0.8905712,-4.8662734,0.17320722,-3.1940887,6.3795524,3.7333875,-1.2516658,-4.4773617,-7.010962,0.89684063,-4.6857862,2.9803612,-1.2728269,0.43726385,-1.6443764,2.067171,3.3157938,0.399131,-1.6159399,0.6246972,-2.1857357,-0.8518854,-5.440593,1.3396813,1.5181859,-2.3698528,-2.4747214,1.5657694,-2.67248,-4.747216,1.4999282,-0.35912496,-3.053398,-4.012412,-1.751735483883313,1.6074235578710474,2.1279516,2.5385997,0.4274534389912106,4.731285049395127,9.202190839101538,0,380.70618452687046,165.236,0.25690640082922,0.9425186683475644,3.0,263.6593059386151,974.8401892691788,1035.052816467103,0.3186994815017148,171.82800000000006
CO[Si](CCCN(C)c1ccccc1)(OC)OC,3.4541452,6.781816,-1.0226325,12.10244,1.7108134,-3.0370395,-3.1493347,2.5774255,-7.464395,-4.4441123,11.893078,5.2781463,-0.49367684,1.4021664,5.8913474,-2.3091455,6.690814,5.1492558,1.0356219,5.471452,9.656904,-2.5789654,-0.98130804,-6.8755198,-3.9482229,2.4224703,-5.2455106,9.498783,-4.2487164,6.2524195,-0.6624486,-9.544829,4.9878454,2.0952938,-2.4027927,1.3277707,-0.47551453,4.0407205,-10.946317,-2.490376,4.460796,2.1092744,2.4275255,-1.4713602,-1.3871694,3.9744167,-2.1663108,1.2469006,6.276447,2.6125946,-4.2793655,2.0753195,1.5181397,-1.0413791,-8.077515,1.5294728,6.437504,-1.7591591,-6.0646434,-10.872284,-3.5260043,-0.013996318,5.4667363,7.139736,1.1995508543179914,2.4957350645351375,15.473145,-4.0456004,0.4642349702908419,6.396220804673828,11.354576000950276,0,528.0552146412304,269.41700000000003,0.2347523347867187,0.932181361039431,8.0,732.8979042582749,2981.915912215805,3195.368295130299,0.3263729682825919,268.4201481481482
C[C@@H](N)c1ccccc1,1.8884788,-0.5372704,5.5297956,-1.9553804,-2.4173694,-0.7602066,1.9650937,-2.3091152,0.86387134,4.8752275,-4.1141663,-0.4637136,3.9345646,5.6655335,-6.677653,-1.8723024,5.9276524,-0.26008755,1.2095474,0.8038837,-3.5550373,-0.4739324,1.9785569,1.7644434,-1.3476493,-2.8381507,1.1586688,2.8131373,-0.9113425,1.8213813,-1.9758557,1.7846003,-1.3722382,-2.463216,6.561585,3.5631158,-0.0369059,-4.5361505,-3.366103,-0.62149364,-6.207647,4.076323,2.9575572,2.053691,0.031191856,4.2793174,2.6116083,-3.710819,-4.8278017,-3.1270652,-1.3594141,0.003993809,-4.5980573,1.5633267,-1.433588,-3.1195292,0.84213436,-2.4377038,1.1379529,1.473956,-1.2332312,-2.0519185,1.0125333,-1.3129147,-3.10095822135698,0.10103209450551426,4.7825437,1.4468282,0.3785465943076727,4.214797266489727,7.195418956295575,0,320.12949280895367,121.18299999999996,0.2835661806805656,0.8838604004871721,1.0,147.57255063372716,459.9397386484218,520.774757641372,0.3131390233262245,129.36266666666668
C[C@@H]([C@@H](O)c1ccccc1)N(C)Cc1ccccc1,-0.37446773,0.6892332,-0.75196165,8.053272,6.841743,1.4629961,-3.589351,-1.2475606,-5.307451,4.174129,5.194801,5.824311,3.4683585,3.8844757,0.3501916,5.6081557,9.258606,1.5849708,-3.4011223,9.943946,1.779458,-1.2438304,-5.196676,-6.534889,-2.3182714,-2.3255112,0.2778205,13.602301,-4.976259,7.446335,1.3130054,-12.278766,2.6306813,2.292361,2.6038659,3.7372494,2.3568215,-3.2084687,-11.68183,-2.195959,1.8364744,0.59941614,-2.4111269,-2.6271334,-2.8892975,3.9903922,3.850008,2.6870122,1.4317565,0.46163747,-4.9392533,0.81889164,-3.2725132,-1.2982718,-3.3018386,-1.6029004,3.4859045,0.73035,-3.0984435,-13.112167,2.4756172,2.1432927,2.0601366,-1.9688098,0.8361549034983599,1.8966663149200198,10.394587,-7.064855,0.5149947199408217,6.2117985454023374,11.862294438790787,0,505.5271738425232,255.361,0.2139558968964021,0.913326505225024,5.0,625.6009908152439,2863.5771341611985,3110.79571816406,0.2712677434196933,260.32571428571435
C[C@@H]([C@H](O)c1ccccc1)N(C)Cc1ccccc1,-2.084793,1.3174225,0.72810274,9.495101,7.924443,3.4106038,-1.6607057,-0.66661346,-3.621646,5.226005,2.268269,10.235644,2.5532188,4.2456985,-1.9428945,5.6135364,8.629124,2.7199771,-4.4340143,11.609233,0.42566043,-2.4601011,-5.1118803,-5.7647133,0.7329609,-2.8369207,-1.0413159,17.117542,-7.068105,7.2759166,1.5498841,-13.762301,3.5645075,-0.5714954,0.111910276,4.840444,7.0403433,-5.7516403,-14.144498,-3.200768,3.193442,-2.3733873,-3.753638,-2.029962,-3.1844254,5.1374164,5.662339,1.6031649,1.3249643,-1.539724,-0.43616644,0.20775962,-2.5084846,-3.1966646,-4.5032425,-1.321267,6.2821937,1.5975969,-4.0956416,-13.910139,5.003285,2.91356,0.5287607,-3.6286557,0.8888930814952521,0.6958096056924754,10.959919,-7.4282775,0.5925522040308314,5.290721930765562,12.83875464951456,0,505.8161147006156,255.361,0.1698227360195791,0.9374437796601468,5.0,540.3112234483008,3155.949037027406,3344.1466767296006,0.2363062081260895,260.3176
C[C@@H]([C@H](O)c1ccccc1)[N+](C)(C)C,0.9139797,-4.8194237,-1.0596309,0.053248942,-0.44781098,-2.5500088,-2.7519243,-0.46338412,1.6347108,-1.0109346,2.26612,0.8019356,0.29459918,3.2095082,-1.7398667,1.8828033,1.5694764,1.8129992,-0.30859807,-1.9993467,0.30513513,3.982476,2.9277139,0.15751284,-0.6897922,-0.13567212,-1.7578057,4.841726,-1.2230822,0.2683064,0.34030753,-1.7445552,-1.131849,-5.4104033,0.8550733,1.9754403,0.93981147,-3.8533309,-6.8287907,-1.32127,-3.3845572,0.24488264,1.7816141,2.9924834,1.7332528,-1.6551815,-0.897084,0.9047711,1.153086,-5.061701,-0.33930516,2.0334578,-1.4715226,-0.75026816,-0.7830819,-0.25094548,4.056218,0.70941496,-0.1710718,-2.8065114,-2.5787685,-1.5940747,-0.36413994,-0.13794059,-2.5360750372311465,-0.16945457463730773,-2.6681015,0.56701416,0.3850859460483198,4.830120729496207,9.264135977110778,1,411.7461804899846,194.298,0.2909270245427856,0.9559302446048692,3.0,382.6094622109474,1290.8323995776404,1351.3620942515315,0.3925176793460642,209.01200000000009
C[C@@H]1C[NH2+]C[C@H](C)C1,5.6629677,-6.940187,2.0144465,5.8399315,-1.4801193,-3.1236408,2.5955641,3.951542,-2.763317,0.8266941,3.3866653,-0.45076698,-4.0437303,4.1391196,0.78976667,-7.8094835,-5.2496114,-3.0170624,3.9873414,0.36645335,1.7436713,-4.90423,0.87872857,-5.6450787,1.4074521,2.777275,0.09075928,-6.1313443,1.5204393,-5.57424,-1.6185104,3.7182117,0.96950155,6.89605,-0.6271426,-2.3699944,0.87646043,0.69589853,11.040202,-10.725719,-2.380469,8.38046,-1.5535794,-2.04864,1.5155525,1.4806972,-6.5168414,-1.8796968,0.7480588,-6.4531536,2.611075,-0.8289971,-4.2377076,1.0595347,-4.9789386,0.603827,-0.83379114,3.708378,-7.7435412,-0.7912971,-7.560704,-2.7906287,3.3843558,-0.32098258,-1.091271808786552,-0.12500148350738396,-1.7735615,-9.403366,0.2590100496895213,4.805820294529112,6.850313114092574,1,317.42011996355257,114.212,0.3874390786810561,0.6973482904272434,0.0,173.97990039468235,313.1449375781979,449.0509862530011,0.2968854210304093,132.61600000000004
C[C@H](N)c1ccccc1,1.894922,-0.53554034,5.5389915,-1.9606812,-2.4175153,-0.7449364,1.9717001,-2.3193598,0.86036474,4.8895035,-4.1301484,-0.45590097,3.9476597,5.664212,-6.695255,-1.864443,5.936541,-0.25932378,1.2017477,0.8071002,-3.569217,-0.47950578,1.9775524,1.7706337,-1.3548381,-2.8403962,1.1783451,2.8233206,-0.91630983,1.826169,-1.9853125,1.7791307,-1.3758752,-2.476502,6.5765977,3.571955,-0.03866233,-4.5416045,-3.3699462,-0.625738,-6.213777,4.08196,2.9471333,2.0508914,0.035855442,4.28755,2.611057,-3.710223,-4.8415713,-3.1290174,-1.3597043,0.0009960532,-4.606066,1.5751626,-1.4295965,-3.1211026,0.82896674,-2.4296315,1.1364957,1.4755391,-1.2227924,-2.0542138,1.0059297,-1.324537,-3.1011626696932084,0.10136938485532018,4.7810793,1.4461877,0.3785528219715961,4.214816166386371,7.19545071652134,0,320.6437961533197,121.18299999999996,0.2835617416450401,0.8838564019722358,1.0,147.57151008004564,459.9416237084277,520.7791440386019,0.3131366646574086,129.08266666666668
C[C@H]1CC(C)(C)NCCN[C@@H](C)CC(C)(C)NCCN1,-5.6245327,-8.406572,-5.0013294,4.277289,0.737985,-2.0693967,0.41009182,-0.25521335,-11.840407,4.5567403,15.014451,-5.720573,4.0857325,-0.40700275,4.3886533,-3.067206,9.019016,0.4291559,2.3767025,16.01522,1.6623958,-11.781283,-11.415769,-8.978023,1.1044493,0.8548348,7.0239444,-1.376403,-4.4079823,5.677631,3.9623868,-7.7056737,4.6249857,12.639661,-3.988637,4.4080462,-0.20601,4.969134,-2.8187723,3.7888117,-11.740088,-0.57018393,-6.0203733,-4.2797003,-5.439354,4.7887063,4.3625407,5.7790937,13.291697,-4.362146,-8.222273,1.3813214,1.0913795,-0.65478194,-4.0404415,-2.1997018,-3.1367724,-1.401957,-0.90173924,-18.777536,3.6166615,3.5293527,5.5107794,0.77100503,4.0175440632422115,3.936875464567262,8.393884,-10.436763,0.2352312715664108,7.311770792112215,9.950773533016651,0,536.8502532952093,284.492,0.4005887554433013,0.7568228033071666,0.0,1166.4275470325174,2202.2632796284715,2912.482508191257,0.3133768483551239,316.476
C[C@H]1CCC[C@@H](C)N1,0.7143998,-0.6789347,3.6112616,5.897368,2.0127752,-0.4506767,0.99529576,-0.48900035,-6.413489,5.7898784,0.706977,-0.47131342,2.1171696,2.8349245,-2.8310115,-0.73857486,6.901428,-6.2920904,1.010271,7.7500653,1.8491004,-7.2965755,-2.8582556,-1.8499565,-0.08574742,-2.1977077,-0.18225059,0.95864844,-0.6504705,1.8243283,0.57700413,-2.8990543,1.9871125,5.514337,4.2546983,0.56065154,0.7377968,-0.48481154,1.2779781,-0.3564782,-1.126127,4.5535364,2.136917,-1.3034619,-1.274292,5.1767387,3.6745534,-3.4380906,-3.3356452,1.325698,-5.3400846,1.0426626,-4.1510477,-0.24555458,-4.7888284,-3.288763,-2.2157347,-1.7224393,-3.440274,-2.101647,0.87825304,0.9518967,1.6025286,-0.82220393,-0.8020864332474198,1.9942852920927956,8.502823,-4.3851237,0.2505048880040726,4.987494126698135,6.721601463760294,0,317.0636980694194,113.204,0.3983116111801162,0.6847354945575882,0.0,172.76571338176598,296.9965822559362,433.7444146241349,0.2910439300535579,130.10100000000003
C[C@H]1CCC[C@@H](C)[N+]1(C)C,7.62029,-3.0690496,6.7627954,3.8538392,-2.897305,-3.226229,1.4447682,1.6328518,1.1402473,6.3069334,1.3910935,1.7920421,-6.4847016,4.0718536,2.1894636,-4.516688,-4.7861547,2.4512966,8.658977,-0.5919554,4.862872,-6.3329067,0.70138085,-4.606661,2.944317,0.96121156,3.952617,-2.242841,-3.2069783,-3.3576412,-6.130847,4.3526025,1.3872106,14.754128,-4.17798,-4.890669,6.2652593,0.86426425,13.658891,-13.881729,-2.2315817,-1.9360421,2.0614188,-4.992035,-4.9216337,7.889874,-0.19765756,-4.80861,2.3835156,-5.493489,6.163965,-5.8606706,2.4644,-1.7344006,-0.41035947,3.6555762,0.41487205,1.9096473,-0.3678338,-10.235228,-0.058995664,-2.3373575,4.8094835,-3.17267,1.636183685419668,-4.043248214787676,-4.577613,-11.221664,0.122322574611098,5.89211190740708,6.867873239042221,1,343.5523304513031,142.26599999999996,0.5699620653333008,0.6659125432729923,0.0,322.24005760560794,376.4876811400073,565.3710610193594,0.4599906686471107,166.86933333333337
C[C@H]1CCC[C@@H](C)[N+]12CCCC2,3.8365889,0.4908537,5.655165,7.907155,-2.7261052,-2.0539658,-1.972308,1.5599517,1.7868133,4.699732,2.0184925,0.6642564,-7.554728,5.1243925,4.026096,-0.085898995,-2.9301567,-0.055626452,5.6739483,-3.7883754,9.380558,-2.447858,-1.6353872,-3.8711455,-0.4137271,-1.2938806,3.7289164,-1.0070667,-4.938578,-0.3149463,-4.9021645,3.6100256,1.7805321,12.9826,-2.1218066,-2.8561609,4.601758,1.3326181,8.263447,-10.045401,-1.9221792,-6.373354,2.5882094,-5.7754602,-8.338404,5.9575267,2.6504452,-6.4520473,2.2921872,-4.7908006,7.11601,-4.826512,5.2477803,0.82222664,3.9752986,1.5682861,2.147461,-1.0314875,5.435227,-10.678356,1.5840468,-0.35383308,7.6144066,-0.486256,1.8190172149460984,-4.170205767145858,-5.643854,-11.674211,0.1390117192811827,6.862729698069506,7.208980464418081,1,369.7844145669045,168.30399999999997,0.5237430526670426,0.707713198040061,0.0,407.7167726516362,550.9314912936823,778.4671712044083,0.4341820734926266,189.7160000000001
C[C@H]1CCC[C@@H](C)[N+]12Cc1ccccc1C2,-2.275071,-5.449351,4.1720343,9.130459,1.0375484,-2.736561,-5.2251177,-2.2770097,1.5230567,0.18158539,-1.5340521,-2.0692399,-5.420085,8.480763,-1.4671255,-2.1859946,2.1505518,-5.4379106,3.1117258,-0.16652726,5.072832,0.9200747,-0.8404936,3.8108888,5.507149,-4.311899,-2.471628,0.51855594,-4.4388547,3.5019808,2.2455525,1.5909605,0.7692662,1.6618553,3.954014,0.5813287,4.5612817,-5.099847,-5.0209656,-0.45400232,-4.564716,-4.265161,0.27274537,-3.3933184,-4.6521087,3.10117,3.9673157,-10.093455,-9.102647,-9.355985,0.6282779,2.4946127,-3.115414,-2.560311,-1.3500395,-1.7315928,7.2598147,-6.6024027,7.2323785,1.9682138,2.9030266,3.129382,1.8205595,-2.062424,-2.9590484118819567,-2.507362966889288,-11.677007,0.09608616,0.3354258392736658,6.8621409311567865,9.56106674688819,1,434.1483312982105,216.348,0.3152098935601762,0.9085710811180694,0.0,479.9888164589586,1383.535119945221,1522.759362143323,0.4275179123675634,228.16000000000005
C[C@H]1CCC[C@@H](C)[NH2+]1,7.6078434,-7.9041853,3.071807,6.734464,-1.262897,-1.9898007,3.4092062,4.1174006,-2.8669534,2.3309925,3.9625857,0.12116657,-4.581299,4.0432887,0.7901863,-8.170008,-5.9915814,-3.704785,4.5117025,-0.27653652,1.3644294,-5.458547,1.7606483,-6.7343683,1.9105971,3.4572117,0.2631541,-6.441584,2.3716793,-6.5930953,-2.5505729,4.183319,0.310403,9.684303,-1.2234747,-3.325415,1.3613356,0.05018805,13.205882,-12.517105,-2.7491477,7.222775,-1.481308,-2.539013,0.88274896,2.9312165,-5.9439187,-2.0920594,1.2713625,-6.2764363,4.601525,-2.0280597,-4.282918,0.57850796,-4.1845164,1.0943749,-1.4293247,4.6092834,-8.032909,-2.6002116,-7.505997,-4.3770623,3.0065694,-1.4338546,-0.7027490788021431,-0.8129014087531512,-1.8457956,-9.55069,0.2485078809078604,4.978346671070411,6.776848602800359,1,319.0317103281161,114.212,0.3996748909755113,0.6868017519318365,0.0,176.05331023450088,302.530192995944,440.49129482414224,0.2992829216854271,132.76000000000002
C[C@H]1CC[C@@H](C)C[NH2+]1,4.418264,-6.3320518,0.6741535,5.623503,-8.968211,-6.076149,0.31352365,5.518365,-2.0620704,-2.7737184,10.916997,-2.3516424,-4.361725,4.106332,5.604786,-13.767236,-5.5198,0.12217075,5.9575396,-2.9984522,1.694097,-8.190577,-1.9208794,-6.7341757,3.1065133,6.547925,0.21596423,-10.368383,0.8232664,-8.271666,-0.17762929,7.2419314,4.875299,7.8601675,-1.5667303,-3.2449956,-1.2719029,4.813677,7.2950363,-12.461859,-2.6321688,7.804459,-2.1728396,-2.7096133,1.9772022,2.7612429,-10.787373,-2.6674707,2.2737167,-8.072029,-0.32807395,-2.2044177,-3.707367,0.051512346,-9.174787,4.78041,-0.77945817,5.2385397,-9.431977,2.060471,-12.419818,-2.5327709,6.12233,3.638206,-0.3105798066685355,0.2845111536754148,-0.7685145,-9.444284,0.2344658801115171,4.24380120417705,6.525065200079542,1,312.63606295560584,114.212,0.3980035577872002,0.8758052418694138,0.0,153.7801665344444,338.39264325980645,386.3788740719392,0.5184858468123836,132.68000000000004
C[C@H]1C[C@@H](C)C[N+](C)(C)C1,5.8508186,-2.7326202,5.638169,7.689755,-1.926633,-2.20518,2.16544,2.442528,-0.99343234,6.7800965,1.1923883,2.1837804,-7.3953066,4.784366,1.571761,-5.74636,-6.8025227,0.0730212,7.4687176,0.3409086,5.235444,-8.595461,-1.7347581,-4.567912,3.234107,0.58760405,0.6134424,-2.2064846,-2.2979379,-2.7731209,-2.2428696,2.0559273,2.5978844,14.434193,-4.9076276,-4.793532,7.3504453,1.165329,10.651631,-9.791296,0.7971901,-1.2577586,1.1707139,-4.1255293,-3.233039,7.3144298,2.6563516,-5.4328837,3.5260065,-4.043663,4.7973113,-6.7028227,2.1439164,-2.3615587,-0.61006093,2.4929698,-0.12752461,1.3301916,-2.1837938,-7.534747,-0.5438794,-1.5553784,4.805048,-1.8901359,1.958848813087484,-2.9120259053302053,-4.4243755,-11.672735,0.129801284782577,5.790118165503045,6.842881273547864,1,357.9169736002951,142.26599999999996,0.5729658973729196,0.638424036158705,0.0,364.20062667423673,405.80850469254455,635.6410186798178,0.4264238127895569,166.89066666666668
C[C@H]1C[C@H](C)C[N+](C)(C)C1,7.060879,-3.2981641,6.2901363,1.6570127,-3.7338881,-4.314366,0.4068861,1.2621949,1.3195794,4.4542985,1.5933075,0.631409,-5.3791924,3.760202,1.7277037,-4.9859543,-3.3744586,3.1384494,9.117771,-0.8992525,3.9987698,-7.611479,0.15516514,-3.2453125,2.9220555,1.8609858,4.3973517,-3.7507637,-4.1502094,-2.899804,-4.55945,5.2442603,1.1180856,13.8660145,-3.235386,-4.1115093,5.126188,0.9146223,12.035494,-12.083809,-2.87064,-1.4647427,1.8954927,-4.722748,-5.465026,7.1300607,-1.4425912,-5.6532416,0.9594946,-5.685214,4.2876325,-5.8902693,1.8511667,-1.5367919,-1.6706936,3.0693417,0.93783903,1.6850624,0.07217196,-8.553534,0.36258477,-2.5733716,4.69748,-2.9095492,1.1872314765036596,-3.773359542575611,-4.606329,-11.042824,0.1177586538545601,5.674996743885486,6.676585668486704,1,354.84142420341817,142.26599999999996,0.5705271543392434,0.6846683427866915,0.0,345.2032031072439,413.5769381315947,605.1344384130587,0.4716640967320326,167.07400000000004
C[C@]12CCCC[C@@H]1[C@H]1CCCC3CCC[C@@H](C2)[C@H]31,-3.0229619,-4.6707444,0.36565807,6.237986,-0.76471794,-0.84250355,-0.18493988,0.027970865,-9.111004,8.176397,9.085464,-2.3240786,3.4433937,2.225185,1.5764031,-6.017554,9.379341,-0.40337723,5.456702,12.799995,4.8381505,-10.7909975,-9.073607,-6.1903267,1.9494517,-0.9024415,3.9622252,-0.027568674,-3.5957026,7.086052,4.33318,-4.8945756,5.3145943,10.798057,-3.4168527,2.345975,3.7794795,1.8641222,-2.807257,1.433806,-8.779436,-1.4232435,-3.0241337,-4.0693645,-3.1440272,8.162764,6.1109858,0.7433811,8.860429,-1.8466028,-5.8671927,1.8312142,0.9451526,-3.4472072,-5.355989,-1.4370254,-1.4117438,-1.8301127,-1.0200025,-12.960455,2.407981,2.8289278,6.9430003,2.1275895,3.028671368181426,2.464394127625251,8.535325,-9.676645,0.2020597751213238,7.232435733824445,8.423074588492462,0,459.5836208348122,246.438,0.4329687271624671,0.7607844619288686,0.0,790.3618712259135,1388.7724290629203,1825.447940329737,0.3839504853709133,268.3760000000001
C[N+](C)(C)C,-4.5359454,-1.2432371,-6.4523125,2.886284,-2.6415184,0.9970801,0.0037196726,0.36251527,3.1484594,-1.7388455,-1.3463418,-2.2005284,2.099913,2.517381,10.274057,7.245681,-9.740112,-1.6083637,1.0756211,1.5109447,-2.2059011,1.123506,-2.4956777,-6.0903816,-5.3575735,-2.290048,6.8850856,-2.5457728,0.56796014,-4.5535455,-0.26471704,2.5416377,1.1106124,-2.1271057,-3.7452412,-2.0844162,-0.22995596,0.20222436,2.2853336,-5.55424,-1.8018868,1.2143686,-3.0060213,-2.4177375,2.4024935,-3.9025095,-5.158202,6.0292573,2.557776,-8.398637,0.41085264,1.0087198,8.897073,5.907013,-0.5326749,2.0166054,-2.754209,3.3644402,-2.0689452,3.033945,1.4128969,4.617942,0.37536976,0.073446065,0.31210394542708014,0.35348400921452544,-14.573004,-1.5652798,1.4086562716203803e-10,3.941782929268992,4.062988484659983,1,255.0537655939654,74.14699999999999,0.9999796525235518,0.999992361394784,0.0,111.0230877861853,111.0244987930222,111.02534687181593,0.9999877790605518,94.55200000000002
C[N+](C)(C)C(c1ccccc1)C1CCCCC1,-2.0793283,-0.73485196,0.87173444,5.644213,-3.2670836,-2.0559504,-3.4878507,-2.087901,8.150647,7.1203656,-1.0333502,-0.46372312,-4.922935,7.4359374,6.678915,0.27242792,-0.2226896,-1.4796999,-0.022073418,-0.622698,3.1764615,2.940983,-0.90650624,0.23596919,2.5296626,-5.804166,1.3376342,5.884155,-4.129126,2.428132,-1.4731688,2.4385839,-0.57262164,5.3754973,-0.12039346,0.77277714,1.1132461,-1.3318688,0.1725619,-5.0683947,-1.7565184,-5.293433,6.874775,-2.689429,-5.1671486,5.2802463,6.808019,-6.1385503,-1.4554989,-7.2460046,3.4016364,0.7264181,4.9883614,-2.417275,4.8496504,1.767997,2.9072294,-5.328957,11.693622,-4.3938155,3.7961931,2.5495338,4.263573,-4.1143637,-0.4350269409432174,-3.703794073664665,-10.949156,-11.30493,0.1540555501636996,7.614469925546328,8.57019438739983,1,468.40094686961584,232.391,0.5009353755654754,0.7306480026400588,3.0,900.1161290605,1318.025703902276,1802.667071611663,0.4374561848020961,255.97600000000008
C[N+](C)(C)C12CC3CC(CC(C3)C1)C2,2.8212702,2.7043808,-3.622262,-1.6790006,-2.7426105,-1.3069333,2.2972093,3.5009606,6.941317,3.794484,6.355025,-1.1141809,0.77972716,4.140173,0.13440906,3.7769341,0.5584719,0.8357861,0.8188987,0.38063145,-7.893282,-1.6536106,1.3885684,-0.74698794,-3.5085948,-1.3950257,-0.94595814,0.7837648,-3.130313,-3.0908666,3.633663,-1.542243,1.6109202,4.4836755,-1.4778718,1.7260183,5.027168,-3.0231729,-7.991878,1.1512492,-5.693321,-2.9382017,0.8378748,2.3829076,1.8319045,1.5482627,5.663998,0.5530996,2.9337292,-3.5382648,-0.31044355,-5.188701,3.8902657,-3.2655628,-3.1477454,-1.6368836,5.658327,2.2180088,3.3746262,-7.6586204,-0.06960887,-3.1317842,1.0065553,-0.6255884,0.2912459290692719,-1.3086773711317206,-5.3863134,-3.7625308,0.2018320715522684,4.909552210002548,7.00361361347009,1,388.90976952468975,194.342,0.4497208810741637,0.9999938526320872,1.0,407.3393344749807,905.75476377474,905.7603318181511,0.643493928446581,211.98800000000008
C[N+](C)(C)C12CCC(CC1)C2,3.8572502,-0.17059061,-3.0601091,0.31707412,-4.9571347,-3.124686,0.9352653,3.5291805,4.58541,2.4604375,7.7303658,-3.3439858,-1.5780509,5.8514647,1.6078649,-0.13768026,-1.3321317,1.2518855,3.0572238,-2.1924589,-3.8899806,-3.1967113,1.1981905,-0.8788277,-2.5620463,1.8715986,-1.5844277,-2.856056,-0.6098778,-2.6405368,3.3704762,1.5704467,0.8782354,6.7841887,-1.6610117,0.46026927,2.6119142,0.106305644,-3.5518973,-0.84778994,-6.3420396,-1.5226295,2.1929932,1.2372847,0.26274085,1.4372767,3.6354308,-1.6393619,2.8782384,-4.5090895,-1.0438213,-4.305876,1.4080663,-2.5696573,-3.7962687,-1.5259702,3.2381535,1.8237574,1.894281,-4.025804,-3.100708,-3.1241446,1.3956337,1.0674046,-0.02812246126136753,-1.1283989673171897,-5.375133,-3.9614344,0.1966723570884078,4.259003348988684,6.175776857495559,1,349.0623434454512,154.277,0.442555068911979,0.9307806804687092,1.0,267.0430291627722,561.644210733006,603.4119772030197,0.601933609333104,173.75600000000003
C[N+](C)(C)C12CCCC1CCC2,3.5188007,-1.7064395,-1.590364,-1.7021286,-3.4426534,-4.352364,-0.73943603,1.0386293,10.208186,4.2657685,2.9353232,-0.185739,0.17955644,7.005861,3.8554463,-1.844331,-0.6099255,0.7158454,2.774673,1.0133904,-4.4534297,-1.6112524,5.237595,-1.3642277,-1.2485735,-0.16045445,1.5048202,-1.9582132,-2.244542,-2.778851,-0.47321022,4.303059,-1.0966034,7.080358,-2.036904,-0.59730405,3.6038027,-4.4942107,1.8120285,-6.9412246,-6.2644544,-2.4084618,4.181546,1.4040483,-1.0855603,1.3035835,0.22137383,-3.3844767,-0.6722624,-9.702994,1.5141585,-2.7252893,0.57139087,-1.530524,-4.3765955,-1.202032,4.3087683,0.64707506,5.1614795,-5.0576944,2.8049903,-1.3646976,-0.4470506,-4.3484473,-1.2942431342905882,-3.225647629789527,-6.296977,-6.125171,0.091183668859821,5.606162450069458,6.371338169924226,1,364.4944870693939,168.30399999999997,0.5874281729055423,0.8121229641111581,1.0,406.1686165827487,561.1083630881288,691.2263599131801,0.6101702976626907,190.3040000000001
C[N+](C)(C)C1C2CC3CC(C2)CC1C3,2.9665065,1.5091643,-2.6236296,-2.073904,-2.9242845,-1.191046,2.0562878,2.6011162,7.589108,3.6767223,5.052205,-1.0639547,0.4075467,4.9527607,0.045121178,2.8779593,1.2472451,1.3632007,1.715349,0.5141996,-7.3004007,-1.4060023,1.7065763,-0.04164529,-1.91253,-1.2064242,-0.8860686,0.47410855,-3.4053464,-2.5233312,2.698014,-0.21755332,1.0048206,4.3217263,-1.0883079,1.508388,5.3437057,-3.3434303,-6.7852297,-0.12192947,-5.997462,-4.041182,0.7968558,2.1340013,1.0444003,2.216658,4.9703555,-0.8080729,1.4651816,-4.8704777,0.40367,-4.57038,3.019681,-3.0337381,-3.2489517,-1.246315,5.9429474,1.468136,4.119296,-6.4302716,0.5998153,-2.8485615,0.65710217,-1.049908,-0.11332535114595237,-1.8823694085100566,-5.549179,-3.9824889,0.2058865731307051,4.819195484006567,7.418922866388712,1,391.13564660974464,194.342,0.4441968653555953,0.995260270564039,1.0,404.8237000802124,907.0413970102502,911.361001588507,0.6333958104884547,212.1080000000001
C[N+](C)(C)C1CC23CCCCC2(C1)CC([N+](C)(C)C)C3,-1.4301169,-5.1855955,-3.1983278,8.129778,0.20575306,-1.5728147,1.7729434,1.9650103,11.47667,6.8879776,7.4338555,-4.0381503,-11.210734,14.9318,9.42664,0.65264535,-4.1281247,-4.8663797,4.414942,-2.3737662,-2.3949811,6.3551645,-1.1772847,-3.8733754,0.6430027,-8.774593,-4.3704476,0.041994836,-0.07068768,-3.1773782,-1.0481163,2.1952574,0.041136324,9.405917,-2.1816878,-5.36423,1.0313281,-1.4188231,2.6402462,-7.8684196,-6.2687373,-9.284411,6.5424576,-3.4673622,-2.286747,4.44262,8.059423,-4.933629,4.182846,-16.984112,4.860297,-1.7956192,6.2856755,0.4830693,4.7155075,4.327677,4.553597,-6.860935,14.262152,-4.292087,-4.423955,0.65671295,6.829632,0.28988528,0.2964050771993962,-4.431961825198557,-13.039346,-10.953544,0.2630073896598454,7.294157223896211,10.37199963098111,2,521.4767561223109,280.5,0.3716706008742817,0.8518759375153149,2.0,979.5423107564296,2247.358881021797,2637.419824091753,0.3878176136254861,312.6464000000001
C[N+](C)(C)C1CC2CC1C1CCCC21,1.4630073,-4.332456,-3.2736955,3.159108,-3.8098335,-5.6764865,-1.3401645,3.4323459,6.6520867,-4.5107226,7.3822513,-6.2963896,-4.5617495,10.088405,1.532166,-2.678804,1.4635093,-0.9917563,4.3318853,-0.48264647,-0.17875266,4.084064,7.679419,-0.46066839,-1.2416189,-1.7486506,-6.9694476,-0.15048829,-3.4194474,-1.0638905,1.2912251,4.6964507,-0.06866798,1.2830576,0.2515327,2.0570114,3.7564077,-2.5941913,-4.2708864,-1.9163296,-6.7820926,-0.19194967,4.7169123,3.1027792,0.027223498,0.6640824,-2.8016107,-3.5588562,-1.6968453,-10.479455,0.87357414,0.27381533,-1.4918153,0.22445266,-6.6879673,-2.158389,9.375344,-3.0249314,0.6964781,-0.9891214,-6.3382545,-2.4663053,3.6868684,3.7968683,-3.1994518174470175,-1.4122027003186175,-8.23633,-1.9348495,0.3460700126171985,4.877401301608261,8.68520491654997,1,403.24316816045575,194.342,0.3137080656506582,0.9255005251058732,1.0,359.07694066546003,1075.0789755998,1161.4446336458504,0.4405696019608561,213.2800000000001
C[N+](C)(C)C1CCCC1,1.0505353,-3.9282346,-1.9772372,2.784104,-5.741709,-5.1313763,0.005349502,3.2766962,0.625463,-2.8337452,7.5133657,-2.9607377,-2.4500728,4.28491,4.4472528,-6.44675,-2.368726,0.8401657,3.3864071,-1.9704458,2.1523473,-2.1073186,-0.9349099,-3.4097075,0.5420091,2.5738747,-0.9209864,-4.1281548,0.15288149,-2.2378535,1.1214367,3.8883727,2.008412,2.7996635,-1.650384,-1.0428996,-1.278541,3.1888764,1.4878199,-5.367154,-3.1311405,3.3782728,0.30557668,-0.081519604,1.5243921,-0.3390207,-5.1259503,-0.8669005,2.5807676,-6.0234313,-0.6310139,0.5169074,-0.20279865,-0.41709477,-4.8087683,1.3166193,1.0915942,1.4270465,-3.655653,0.8282899,-7.8413205,-1.2019296,3.6090395,3.6842246,-0.969770020696425,0.46239907175854544,0.12795463,-5.881737,0.2350013010854723,4.185039605536381,6.115183503486772,1,327.783614930759,128.239,0.4023816466755693,0.8992173139728068,1.0,191.19216635985575,430.0927588217781,478.6415594339852,0.536520421381786,150.74000000000004
C[N+](C)(C)C1CCCCC1,1.2494991,-4.9043155,0.24331437,4.2698493,-4.2916856,-7.164664,-0.7022692,2.4736788,1.5086715,-5.8297606,4.6945343,-3.0919404,-4.9020643,9.01449,2.2344608,-7.8250284,0.06769922,-0.87417847,5.2327147,0.023713961,5.1476636,1.9669085,2.7890334,-2.2687993,1.4723742,-1.0395224,-5.2031302,-3.3411126,-1.2586542,-0.7214519,0.7414139,5.052794,0.328968,0.4429306,1.1169068,-1.2803285,0.60474527,0.58419085,1.8176441,-5.5513945,-4.6401124,4.3655715,2.0501237,1.1384965,1.0908726,-0.27640745,-6.4035544,-3.8357837,-0.36888376,-9.671666,-0.769886,2.8086536,-2.8613245,0.8653625,-7.1448517,-1.4843093,5.5121036,-2.4769135,-3.3103266,3.2193475,-9.477877,0.75778806,4.5024047,5.3817883,-3.1883777684395107,0.1298377560651297,-9.461922,-1.2653042,0.3108498288243405,4.339457827575644,7.238181698185092,1,352.94112661102326,142.26599999999996,0.3316328189691908,0.8693882832763988,1.0,223.1774182747655,585.0682485016135,672.9654168983167,0.4252780862568404,167.44000000000003
C[N+](C)(C)C1[C@H]2CC[C@@H]1[C@@H]1CCC[C@H]21,3.6074495,-3.2923634,-2.0042958,-0.14262772,-4.5181956,-3.193193,-0.81170607,2.232878,7.801389,-0.22197752,6.954577,-4.5184774,-3.240553,8.15301,0.47629577,-0.119273305,1.5270432,1.6365415,4.236242,-1.9346918,-3.7549038,1.1945207,5.863982,0.80457354,-0.2761158,0.23102888,-3.7897062,-0.7508155,-2.8448753,-1.6257639,1.6814297,4.0906234,-0.15308702,3.4620166,-0.18688005,1.5993292,4.8915124,-3.0706499,-5.258375,-1.8152711,-7.8338876,-4.435159,4.065097,2.8555284,-0.7768266,3.0611956,0.92899287,-3.5969708,-0.81557536,-8.838781,1.2164778,-2.2989094,-0.24722658,-1.7728164,-4.965786,-1.3053774,7.513726,-1.0452993,3.9604938,-3.5166245,-2.252302,-3.6528618,1.3597677,1.1687857,-1.9136460885863735,-2.562222777297784,-7.0872025,-3.8962376,0.2937129661904269,4.689911338295965,8.426626507743181,1,399.44704435044406,194.342,0.3581337385265112,0.9630286058848924,1.0,375.8883901315901,1016.998566124574,1055.2228874454938,0.5167871299391206,212.92133333333345
C[N+](C)(C)CC1(c2ccc(F)cc2)CCCC1,-2.738125,-0.81037855,-0.1272556,4.553099,-2.1279476,-2.555567,-3.3512225,-0.7634249,8.577241,4.9771857,-0.5477743,-0.5177248,-4.192235,6.792524,6.5478444,-0.563189,-1.2497993,-1.435293,-0.4013743,-0.29502583,0.7345128,3.7911413,0.30495185,0.8225718,2.0586865,-5.364955,-0.2613367,4.562571,-3.4491556,0.4985125,-0.88536656,2.6788638,-0.51233643,3.6685417,-0.31363577,0.43237907,0.17398296,-2.2601755,-1.333301,-3.2226005,-1.290308,-3.3534334,6.7761374,-2.5556495,-3.7743654,3.0265326,6.0166717,-5.4842305,-2.2726462,-6.8428864,2.9912364,1.4209092,4.201815,-3.2094624,3.458952,1.1186328,3.9354963,-5.0488634,10.739654,-3.2052605,1.8242841,2.1490593,3.4949868,-2.7820463,-1.227948542457615,-3.2035311785992557,-11.091571,-10.859598,0.1809088992934209,7.4163743164919715,7.908942730968487,1,451.01399751215286,236.354,0.4596311377819807,0.7619098897103147,3.0,857.0041754154602,1423.6096322735084,1867.167629997044,0.5032114793097258,245.13300000000007
C[N+](C)(C)CC1(c2cccc(F)c2)CCCC1,-2.0299044,0.664986,-0.29751447,3.3760116,-1.9113159,-2.016176,-2.8520644,-1.0511618,6.9189405,4.8981643,-1.9402938,-0.05480291,-4.2164645,5.6903887,5.0848155,1.3454129,-2.8888502,-0.25462037,-0.6200603,-0.67460835,0.4213916,2.0067754,0.43431497,0.8323369,-0.00048786402,-4.5092964,0.9933809,3.5848758,-2.3697119,0.22368312,-0.509951,2.0883968,-0.6473399,3.6371348,-0.57717246,0.86411625,0.771894,-1.5005902,-0.32653224,-2.1923733,-0.8245508,-3.0466502,6.211136,-2.4179497,-4.179881,2.516519,6.0793357,-4.6371813,-1.5744998,-5.906827,2.5849016,-0.5887858,4.384436,-1.3116957,3.878906,0.55165136,2.4794483,-3.6805174,10.062712,-3.791372,3.8770366,2.4447205,2.0515013,-3.6909246,-0.7367334188154175,-2.9519954022007866,-10.728579,-10.72531,0.1362898641258948,7.371722790942008,7.908995639320288,1,451.8347100347578,236.354,0.5147262558661849,0.7985141015753979,3.0,884.1543756619221,1374.4457547598015,1720.1847965491845,0.5076310609284063,244.86500000000007
C[N+](C)(C)CC1(c2ccccc2)CCCC1,-1.2904483,0.8796526,1.1853514,5.0584507,-3.0947678,-2.7417858,-2.9966695,-1.6440212,8.125708,6.4166913,-1.9993482,0.16408233,-5.9977846,7.2718925,5.558998,1.4433773,-2.6797585,-0.25004047,0.26403,-1.5363919,2.9785798,2.6100824,0.48670295,1.4762688,0.82343096,-5.2431555,1.4257945,5.165553,-3.4564548,1.1965579,-1.8968863,2.6021235,-1.0722702,5.4523454,-0.8936338,0.59636956,2.1093898,-1.0406417,0.7802516,-4.384213,-1.0394433,-5.242151,6.580386,-2.757415,-5.9389987,3.7971172,7.260369,-6.1941495,-1.3023922,-6.9715714,3.607637,-1.1533847,4.972854,-1.8454946,4.7518196,0.406527,3.0340066,-4.621128,11.801289,-5.140901,4.147669,2.6972935,3.2543347,-3.9287927,-0.3839317073093614,-4.006200863398713,-10.70741,-11.048965,0.1211604076171975,7.395073759834879,7.963105859884895,1,441.57561366152527,218.364,0.5484630927569065,0.7313606176741119,3.0,801.7950956476753,1070.5498127738233,1463.0686652627735,0.5044544623116902,239.45200000000008
C[N+](C)(C)CC1CC2CC1C1CCC(C[N+](C)(C)C)C21,0.8248789,-11.4930935,-5.0142365,9.28037,1.9411904,-0.97011685,1.3891252,-0.6606405,1.0370855,2.2655165,8.383456,0.32126564,-11.8188505,9.241375,5.583665,0.5662681,-4.2655416,-1.1029788,1.4160806,2.5395153,2.672331,6.486593,7.628305,-3.9923966,-1.2435198,0.46336913,-8.2011385,2.219448,4.431732,-1.102769,-0.092979126,-3.2611113,-8.011003,1.7023457,-5.4704537,-2.7652411,3.595873,-0.42642713,1.3446101,-6.904271,-9.660519,-5.3106914,2.4321978,1.5482252,-1.7929215,0.9506949,1.8891433,0.6380866,9.009489,-17.592321,3.9482403,1.8002844,-0.09059934,-1.7245668,2.5403426,-0.5283959,1.8192108,-2.1365807,2.218921,-4.691055,-8.095088,1.8476459,-0.88626444,0.8788873,-1.1169940918777095,-1.937885071141264,-5.568412,8.809841,0.5494791374225377,5.878034758962696,12.54762876507374,2,543.3214565106871,280.5,0.1869518837836053,0.95870815242761,4.0,657.6076915604506,3405.5443266984844,3553.0075724348603,0.2784173835165796,313.8034285714287
C[N+](C)(C)CC1CC2CC1C1CCCC21,-0.26802108,-6.458611,-4.299304,5.0416656,-0.9635416,-4.324634,-3.244817,3.4814162,5.522576,-5.7557106,5.5247602,-3.7281752,-3.579294,8.3695965,1.4216716,-2.733911,0.6819943,-2.054839,0.88296413,-0.27360243,-0.056265242,5.710647,7.86455,-0.92649704,-0.36239633,-1.9955268,-6.5107307,2.342065,-4.250238,-1.241477,2.3728979,2.834476,-0.31885603,-1.4648188,-0.1236218,1.2525587,2.7838764,-5.129815,-5.413753,-1.2678974,-4.9872727,2.4100795,3.6579442,2.429501,0.6581962,-1.8987845,-3.707736,-2.333551,-1.8768301,-10.311492,0.6907446,1.7969136,-2.5986621,-0.8990952,-5.9225745,-2.5837898,9.649846,-1.7578365,-0.67885995,-1.6045911,-5.0822926,-1.8273386,2.099384,0.6871592,-3.8812405548970115,-1.090764867306007,-7.08266,-1.5918506,0.4076902520053626,5.333110243034715,9.446872462931832,1,432.482858505297,208.369,0.2700890308438469,0.9280688572722742,2.0,411.3579936777266,1438.3943630170252,1547.4870714886051,0.3806644478251174,230.42880000000005
C[N+](C)(C)CCC(CC[N+](C)(C)C)CC[N+](C)(C)C,9.910817,4.320597,-0.1408935,18.862555,-4.535965,-5.1230674,-0.53651106,-3.231716,1.1926458,17.104406,-2.1485765,4.4089813,-18.932386,16.171507,2.8884299,17.890585,-9.156937,6.261279,12.874408,-10.681325,18.285328,1.4159801,4.248264,-0.89163554,-15.861365,-12.124308,7.789998,13.031139,3.4069648,7.681455,-6.352536,-5.5704713,-8.096348,14.552168,-9.512278,0.6333057,9.428466,5.462545,10.862949,-18.076958,-3.8465004,-13.052976,9.552873,-5.7261143,-9.873045,7.318602,15.600016,-5.2611513,18.314737,-20.136274,5.4172106,-14.696318,16.04731,7.3274713,11.819543,8.917187,-1.6360868,-0.71273553,16.084007,-16.085354,5.1625686,2.174984,9.2229805,-10.2820215,6.698415399553405,-7.897681008412095,-3.1184397,-16.036686,0.1907183976207288,10.374298738647692,10.795910601798694,3,612.769547841215,274.517,0.5408202336546837,0.5473802301976128,9.0,2178.760817827362,2205.1843235151,4028.6194612667214,0.2050120313953465,329.1310000000001
C[N+](C)(C)CCCCCCCCCCCCCCCC[N+](C)(C)C,5.317632,12.996409,12.805974,14.300677,-15.58625,11.085638,-3.800739,4.3249297,2.1036143,0.9800928,8.119256,1.3434049,3.589135,-3.5456665,9.28251,12.132795,12.789428,-0.79497045,0.46800044,-2.4328744,11.509981,6.6202126,-2.6864173,7.030221,-0.3880201,-4.927869,14.217404,10.92951,-8.037259,4.2593036,-15.317725,-0.7331745,5.4020123,4.0375404,4.4273424,-0.18224783,4.7889833,9.853758,-3.6099277,-17.102654,7.044037,-15.2346115,-7.11053,-0.6011331,-0.91244316,7.98406,-1.26852,0.32671016,-3.2767472,8.142926,4.4836626,1.6351676,11.479306,3.4431524,-0.14142343,8.158859,-0.70088637,-4.8758664,6.4829345,-10.814192,-2.7358718,-1.5529363,10.586442,15.617254,3.449244334087644,-2.19514282057494,-10.253592,15.913059,0.8896293759584045,5.487945226598718,22.544464157544475,2,791.65421008732,342.6560000000001,0.0385660543627406,0.987333288238042,17.0,660.4038660623454,17254.98939449756,17469.9289782543,0.065798517879452,412.76000000000016
C[N+](C)(C)CCCCCCCCCCCCCC[N+](C)(C)C,4.42977,12.454923,10.9310055,11.788663,-15.982052,8.550655,-1.5476419,2.883048,2.8726206,2.2093222,6.780285,1.0479532,4.2176495,-2.8274512,10.732668,12.695752,9.118511,-0.2647459,-0.19198868,-1.308549,9.895645,7.9906416,-1.8078964,4.0227633,-1.0473948,-5.008239,13.676027,9.883888,-5.062439,2.428278,-14.74784,-0.94337744,4.672247,4.085251,3.2126033,-0.47203368,4.0965576,9.853396,-1.4168438,-17.554947,4.820983,-12.456037,-6.9162903,-0.15800428,-0.33530185,5.751349,-0.5532309,2.921682,-1.1289735,6.165502,4.2551556,1.6123664,11.700333,2.293783,0.7033191,7.8687296,-3.1904912,-3.3172753,4.632346,-9.843815,-4.200896,0.007906273,8.7432575,13.103917,3.283524202019576,-1.6653755513790318,-10.2773485,15.496647,0.8801754152925844,5.322657419701349,20.625284399535374,2,732.1945646141469,314.602,0.042055535045858,0.988069654066883,15.0,555.091959877945,13186.455593515286,13342.999520453492,0.0768156811154767,379.1756
C[N+](C)(C)CCCCCCCCCCCC[N+](C)(C)C,4.236849,11.361005,9.201116,9.784089,-14.993554,6.1813974,-0.8284613,2.275916,2.3870313,1.3043858,6.6777315,0.3023793,3.7272024,-1.6596961,10.529833,10.694308,6.825649,-0.5646972,0.18563643,-1.2930142,9.671877,7.9908705,-1.3239293,2.0381963,-1.6502402,-3.8635638,11.114225,7.3436866,-3.3941882,1.239997,-12.963125,-0.6514036,3.4964955,4.7698164,2.8784404,-0.8291752,2.246904,9.65923,-0.1475185,-15.833008,3.4620738,-10.229895,-6.757289,-0.10839987,-0.89315724,3.772569,-1.0013475,3.2319243,-0.10349426,5.20832,3.340629,1.2409048,10.067011,1.6439424,0.6232927,6.214189,-3.7299237,-2.852976,2.991982,-7.66112,-6.0204406,0.22144155,7.8447328,12.192256,2.6564568425235553,-1.0292716369954216,-10.270708,14.946988,0.874490385298936,5.085211803977382,18.79390742872881,2,677.1981733661701,286.54799999999994,0.04403415827728,0.9893526683593185,13.0,454.0821660800533,10231.208237853329,10341.104102644998,0.0865824756104186,345.7544000000001
C[N+](C)(C)CCCCCCCCCCC[N+](C)(C)C,4.6577187,10.838374,8.577652,8.789236,-14.46307,4.7276096,-0.39568138,1.8174537,1.7036669,0.61368877,6.9029546,-0.16669734,3.484085,-0.25634772,9.860943,9.064235,5.862597,-1.201317,0.8229599,-1.33923,9.712653,8.271593,-1.2231307,0.38604796,-2.193343,-3.428526,9.1722355,5.5816236,-2.3501153,0.30945605,-11.782661,-0.54133934,2.874096,4.993227,3.2801297,-0.82260364,0.8006166,9.6405525,0.538231,-14.762366,2.4533615,-9.1538315,-6.6996593,-0.34845972,-1.324362,2.9667869,-1.2984911,3.233612,0.60728014,4.678035,2.901449,1.0696485,8.852923,1.5574545,-0.08003923,4.8671675,-3.8649452,-2.6221883,1.7400916,-6.224293,-8.114621,0.18166105,7.462598,12.307023,2.1866217978352083,-0.491484545465494,-10.312983,14.446274,0.8619813122075307,4.933564659220891,18.045328218022757,2,648.6585883495688,272.521,0.0486690084327647,0.9858552658590358,12.0,429.0267778446256,8724.33608870042,8849.246134294732,0.0919258063031693,328.8636000000001
C[N+](C)(C)CCCCCCCCCC[N+](C)(C)C,4.9148884,9.112061,8.456009,7.8959126,-13.292063,3.7669837,-0.6128615,1.5413399,1.2489982,0.24897249,6.5199447,-0.7494405,3.0686111,0.79377353,8.790755,7.8697333,5.825408,-2.4422715,1.2551671,-2.057812,9.691462,8.392266,-0.82179934,-0.082012296,-2.2553184,-3.2767873,7.288133,4.6414065,-1.7054833,-0.5314798,-11.205135,-0.018779695,1.8873546,5.15647,4.094353,-1.1778054,-0.6065973,8.767621,1.1930065,-13.727937,2.46395,-8.889497,-6.445674,-0.05009365,-1.7617764,2.208322,-1.7763435,2.3159373,-0.077245265,4.3856044,2.5620286,0.98247916,6.7285028,1.9244038,-0.120117396,4.130545,-3.5233994,-2.7169392,1.2417682,-4.430166,-8.835852,-0.5795501,6.90876,11.57535,1.4516020464188573,-0.3358897278137589,-10.280762,14.006782,0.8616150751247738,4.863921867433295,17.329396570098822,2,623.0321489696138,258.4939999999999,0.0488862944648154,0.9849222019765882,11.0,376.2126537377577,7642.432862407004,7757.043733883694,0.0936262696160326,312.0280000000001
C[N+](C)(C)CCCCCCCCC[N+](C)(C)C,5.502755,7.4483185,7.4296937,8.224581,-11.878115,1.2193518,-0.028394237,0.3234602,-0.23104388,0.734551,7.8229966,-1.68576,2.1055517,2.933731,8.416095,6.5641603,4.425583,-3.5378683,2.243555,-2.784213,10.166683,7.824479,-0.6155104,-1.7602347,-2.9439404,-2.5571406,3.8454797,3.828447,0.26866964,-1.2956499,-10.123846,-0.8926732,0.25254518,7.3381834,3.7241263,-1.5512698,-1.5823625,9.071427,2.2220974,-13.358175,0.7847286,-8.205398,-6.4470673,-0.056568384,-2.052914,1.5044559,-1.0414498,1.5773709,1.8006179,3.049809,0.956771,0.01829034,4.382487,1.8377371,0.13181856,3.2012713,-3.849219,-2.2358649,-0.26794508,-2.90642,-10.966108,-1.0312711,6.021655,11.441204,1.2805988823080074,0.1613000852450768,-10.427603,12.9188595,0.8437139442543682,4.773602683864866,16.194432525377657,2,591.0733239590766,244.467,0.0555651198918908,0.9850502195538728,10.0,351.39545884639176,6261.383908718818,6355.244920288647,0.109434581007892,295.27314285714294
C[N+](C)(C)CCCCCCCC[N+](C)(C)C,5.764282,6.9407535,6.529795,8.752832,-10.585523,-0.20665005,0.7965456,-0.6810919,-1.1456833,2.1761897,8.5162115,-2.3361795,1.1520424,4.8602467,7.4134097,5.849525,3.618299,-4.361448,3.0738235,-3.2018077,10.274405,6.5767784,-1.1511543,-2.4284737,-3.3358915,-2.6862066,1.5468762,3.736985,1.5722883,-0.9656292,-8.822553,-2.065568,-0.24816197,9.179133,3.365428,-1.1725163,-1.2153002,9.149848,2.6517112,-12.516661,-0.56360763,-7.866098,-6.002327,-0.08037996,-2.2560122,1.6697999,0.9219669,0.8167967,3.6907983,2.1026332,-0.95147467,-1.3704543,3.0544345,1.8290131,0.3809252,2.2290413,-3.6962376,-1.7589469,-0.5350935,-2.4618368,-11.286453,-1.0345714,5.5039864,11.04736,1.4954089346632102,0.46831483693476733,-10.516051,12.225907,0.8329534271749829,4.533034500225497,14.998439181293842,2,560.0654905532507,230.44,0.0597518782483731,0.9877093376733548,9.0,312.5754519907702,5204.4894926518255,5267.712619142713,0.1248043167323683,278.44266666666675
C[N+](C)(C)CCCCCCC[N+](C)(C)C,6.356255,6.706167,6.731926,7.408069,-10.200442,-0.35809162,1.975373,-1.2423209,-1.8275685,4.210403,8.517316,-2.534852,0.33957076,6.9415126,5.391102,5.3656244,3.9115677,-4.442866,4.5591936,-2.903291,8.818079,6.1047764,-2.141493,-2.9703903,-3.0514596,-3.7331965,-0.5307642,2.8245633,3.604459,-0.6450511,-6.1124287,-2.4647858,-0.22851199,9.541119,3.2428753,-1.681507,-0.5554668,8.2261095,2.405556,-10.118744,-2.411765,-8.059846,-4.3588943,-0.42462635,-1.889663,3.489373,4.179258,0.7503669,5.369039,1.9731346,-2.3716686,-2.30177,3.0517077,0.70645964,0.4191765,1.4166687,-4.0562315,-1.292311,0.12171465,-1.6407083,-11.707564,-0.71656126,5.036599,10.958811,1.632962693127507,0.7446079599717387,-11.001139,11.13234,0.7983118971569549,4.29111463193789,13.9712005052763,2,531.8559325144178,216.41299999999995,0.0732919729376956,0.9862290936908008,8.0,301.3714902866663,4080.5104440127975,4136.297899577067,0.1508429353358787,261.6720000000001
C[N+](C)(C)CCCCCC[N+](C)(C)C,6.5926995,3.4935405,6.9851294,5.2311883,-8.490573,-1.6662793,0.9408406,-1.6488093,-3.2804203,3.051772,8.0109625,-3.1158311,-1.1726131,8.069302,2.5157366,5.0860825,2.871678,-6.1726646,6.7108216,-3.6173415,7.923764,7.215461,-2.2834592,-3.4681003,-2.127729,-4.2868214,-2.7157297,0.5664723,5.742859,-0.52479315,-1.2549948,-2.285422,-1.3418522,8.115689,3.3663023,-2.5597541,-1.0483342,5.519245,2.4122496,-5.8185945,-2.7535775,-8.540917,-2.5879753,-0.12452996,-2.3703365,3.573135,5.70347,1.513577,6.9815865,1.7011412,-3.282717,-2.9055336,3.1532297,0.773596,0.7837136,-0.14641902,-4.076861,-1.6469107,0.8040974,-0.24748644,-11.498313,-0.21216758,4.02848,10.301047,0.9252507410145023,1.1715219083338866,-11.347415,10.139352,0.7748051265882727,4.341587022025594,12.72037216927389,2,502.7501302081545,202.386,0.0829217547359983,0.9908869542085268,7.0,268.3162372486321,3222.27475775691,3251.162828475692,0.1798453599873317,244.72400000000005
C[N+](C)(C)CCCCCC[N+](C)(C)Cc1ccc(C[N+](C)(C)CCCCCC[N+](C)(C)Cc2ccc(C[N+](C)(C)CCCCCC[N+](C)(C)C)cc2)cc1,1.506957,3.627362,-5.7764587,-0.7322053,-7.252988,-0.6712234,16.683153,1.4089622,-7.4952507,17.838152,3.075126,-3.5919893,5.979496,-9.910073,-2.7100625,-6.1308093,8.781869,-1.5025322,5.8184767,5.9458094,1.4827447,-27.845768,-12.465508,2.8471966,-0.8617894,-1.9101262,9.384665,-0.5431933,-9.935009,2.403946,3.5645924,-7.605991,-6.5910034,33.955677,-14.431545,4.655071,-1.3429797,16.070156,14.123758,5.36417,5.1302457,-22.901934,-9.81293,1.8329266,-0.76210845,9.4052105,13.531022,-8.87026,22.980066,5.465829,-0.15210107,-18.846062,8.401129,10.545498,14.174413,4.807552,-11.992679,2.3821025,2.0966418,-19.824932,19.001926,-4.490302,10.930118,-6.0683093,11.61602889432186,0.14491633742794507,5.085332,-16.266577,0.8860005362731329,9.9507800007216,40.2277971565112,6,1433.9658616991271,755.3219999999998,0.0397777318749421,0.977644444944426,29.0,4122.890102226578,102048.08038426322,104353.2622090142,0.0364395829575468,858.0560000000003
C[N+](C)(C)CCCCC[N+](C)(C)C,8.665784,5.0017343,6.5564947,3.7866924,-14.88679,-4.100748,2.0946674,-0.07426676,-6.4257836,2.7730563,12.066551,-5.0342736,-3.8092117,9.779343,-0.041257635,5.667875,-0.07401536,-1.6560783,10.670061,-7.527408,7.7600317,4.2802315,-5.670708,-3.539783,-1.2401023,-2.3593702,-2.2474825,-0.85326934,6.6001797,1.9900373,3.2953756,-3.6093876,1.3385482,11.157729,0.72307974,0.91364664,2.0297165,10.369258,-0.4117,-4.7517757,-3.8465815,-10.314066,-3.921696,-1.9524059,-5.0785832,6.3245263,9.149753,2.2046854,13.033341,1.8452533,-6.911388,-10.762727,4.8340755,1.3476385,2.416239,0.12759349,-4.918181,0.21978953,-0.18680635,-1.6995057,-14.566003,0.14246659,6.040794,13.328066,3.472783259733311,1.6422953661092645,-13.130457,8.326133,0.742150652588897,3.8903760481733554,11.911357252240991,2,474.6861831823291,188.359,0.0966166281201606,0.9957781748788777,6.0,243.00770149540207,2504.5561016231445,2515.174729480076,0.2156274117664822,228.1680000000001
C[N+](C)(C)CCCC[N+](C)(C)C,10.046603,2.4406433,5.205908,3.041818,-13.040217,-4.3475823,1.9388267,2.889024,-5.195521,-2.5372376,13.705465,-5.771607,-4.4982452,9.791347,0.036507115,1.9959682,0.7439922,-3.7040708,13.697244,-10.439833,9.303118,8.279706,-4.103116,-7.3991957,-1.3214357,-4.1086864,-3.5888712,-4.546272,6.318483,1.086369,2.789635,-0.4861192,2.1189964,7.595621,1.6972659,-0.2406797,-0.6455935,7.5314097,2.736993,-7.6677637,-0.29764742,-9.83324,-3.0298994,-0.13338184,-1.5469018,4.461913,0.89759886,3.2904778,14.527583,-0.4669527,-1.7526971,-9.8474245,6.027133,6.1592097,1.5049897,3.668969,-2.797533,0.9796294,-2.8335907,1.6934038,-18.072666,-1.9607229,10.9859915,13.6447115,2.3948543779339015,1.7037657582205723,-13.263724,7.846328,0.6701119274156199,4.183471696711813,10.55224402092163,2,444.738775437662,174.332,0.1285234999292594,0.9970029813084252,5.0,234.81087590290224,1821.512357255218,1826.9878740630656,0.2738820856605943,211.6560000000001
C[N+](C)(C)CCCN,-1.0269773,-4.9750323,0.98783314,0.9481941,-5.4664493,-1.5650778,-0.99369633,0.43747535,-1.5148339,-5.8057523,6.288192,-2.053105,4.284562,4.4816117,4.334688,-3.9398637,4.4393177,-6.000968,1.4280376,0.5229633,4.8995104,10.745017,-3.3661664,-9.3641615,1.8629725,-6.7903204,-2.4781673,1.7704047,1.2164413,-0.51317924,-1.1884948,0.7903384,3.661652,-5.508342,3.6873088,-1.7016224,-5.586693,0.42845154,-0.55025315,-4.2440763,-0.93300563,0.8793911,-2.1814516,2.9712977,6.039755,-1.4269073,-8.117941,7.7710814,5.657995,-3.5460048,0.44073573,5.9765806,3.2268715,4.5899615,-2.191826,4.2820663,-0.3533339,-1.7088879,-6.842463,2.9827538,-12.659054,-0.93325293,5.609358,8.900607,-2.3290124581698675,3.6032775372375867,2.846521,-1.4819844,0.407487668321567,4.213920617603272,7.120433717220212,1,331.9510382820447,117.216,0.2696581080545761,0.9633056381001036,3.0,144.67754919629638,516.8348166971883,536.5221548132167,0.4689734183749099,140.52000000000004
C[N+](C)(C)CCC[N+](C)(C)C,11.9725685,2.4908266,0.95522803,-1.4395328,-15.697156,-5.5196733,7.059723,4.4031496,-3.7928205,-0.9185268,18.548372,-6.784265,-7.3020825,13.587765,-0.7259152,3.8717556,-4.980026,3.363378,16.095308,-12.860978,4.0115867,7.1275544,-6.91789,-8.550816,-2.8225799,-4.2237434,-3.5831444,-6.9937944,10.7517,0.12778628,4.44917,-0.3527395,6.103182,5.7355194,-1.3997669,1.6295133,1.9829634,10.248156,1.0915715,-9.02898,-3.1362402,-9.2350445,-1.8124249,0.8488983,2.308353,4.4456353,2.2495387,7.3974795,20.99854,-5.313907,-4.1455913,-13.674067,7.649566,8.828248,1.9622324,5.2967443,-4.144404,4.3779054,-2.2817216,0.46098664,-20.607489,-0.90829295,10.667304,16.166046,4.117712064095821,2.129087072101286,-13.420651,7.4965434,0.5592264375139598,3.582864094128838,9.376713815858531,2,407.7227456962872,160.30499999999998,0.1833998748171978,0.9983151118404804,4.0,228.4762094423923,1243.682705943604,1245.7817087940975,0.3621631426097271,195.0480000000001
C[N+](C)(C)CCC[N+](C)(C)CCC[N+](C)(C)C,13.672399,1.8554285,6.433104,7.2466135,-13.322707,-8.986767,9.449592,-2.9556003,-8.576365,9.773213,16.713636,-4.9971995,-9.640761,13.51027,0.06663893,10.501238,-4.248282,2.2980144,13.296255,-8.608655,10.070642,6.452386,-2.2150168,-5.5336056,-2.720979,-2.7879477,-1.5598677,2.3291059,14.387652,2.2381067,-4.9044514,-7.177361,-2.5973625,12.092313,-0.71203774,3.3968327,2.3107295,15.478155,7.8250213,-15.701782,-13.4683695,-11.072637,-0.55353093,-2.4745255,-4.9550304,7.3166184,12.2572975,6.023566,19.762312,-5.3107038,-5.8331857,-8.340445,4.394983,2.1732802,4.244107,1.9684432,-10.851422,0.15786055,1.3103888,-6.9659743,-19.766712,2.2221217,2.0283787,12.424706,4.621335956457795,1.1552489850007899,-13.200199,8.388335,0.780660425658097,4.329599319439534,14.419461336159664,3,562.3391952595865,246.463,0.080540761862735,0.9941156910573324,8.0,368.4159660434083,4547.363151393965,4574.279625902928,0.1754079859315236,295.5040000000001
C[N+](C)(C)CCN(CC[N+](C)(C)C)CC[N+](C)(C)C,10.618939,3.8303254,0.030543284,18.087269,-3.9619465,-5.130052,-0.23541535,-2.579165,1.2075388,16.476744,-0.93092346,4.285605,-18.836048,15.805524,2.7813444,17.979631,-9.451751,6.303043,13.230859,-11.2402115,17.171263,2.397299,4.7586894,-1.124882,-15.583089,-11.748861,7.1396813,12.407331,4.411061,6.420996,-6.9834056,-5.559568,-7.453585,13.900651,-9.414443,-0.5472533,9.319402,5.020054,10.790742,-18.447443,-4.028442,-12.505227,9.776707,-5.6109486,-8.817833,6.843535,15.008589,-4.175076,18.212934,-19.761528,5.197042,-14.2194395,15.63609,6.724964,11.0973,9.3011465,-1.2893907,-0.06905708,15.311657,-15.954033,3.5177088,1.4967606,8.600493,-9.352559,6.399010907328803,-7.725387680873902,-3.1574538,-16.04731,0.1891657943745921,10.101035429289247,10.767630818256857,3,606.1291314370509,275.505,0.5261944069120182,0.5687433078721255,9.0,2054.6925197662918,2217.875429798116,3902.9252231142887,0.2135382087337834,325.6466666666668
C[N+](C)(C)CCO,-3.9515517,-4.7895684,-5.057242,-1.6192479,-8.025117,-5.522956,0.08577357,-0.5311626,2.149122,-4.0481133,6.33037,-3.9772775,3.1635318,3.355408,6.76992,-1.9913915,2.3829827,-1.5002304,-0.6843871,2.5900397,1.6850567,7.2869663,-4.08862,-6.519245,1.5412776,-2.1905885,2.107163,0.542547,-0.36895445,-0.1341055,1.792956,1.903115,1.057064,-3.8102827,2.3246114,2.790387,-7.198776,4.0266895,-0.33366954,-5.1769247,-5.5727754,2.5972178,-4.1085043,1.7695304,3.1023402,-3.035201,-7.472342,6.7588954,3.920983,-6.661223,-3.249832,7.118564,0.6730367,1.7700526,-3.8018188,1.6781839,-3.2681515,-0.0040442646,-4.1818748,3.1702151,-9.362409,2.6370494,2.981825,3.4011128,-1.8109519522973725,3.128282395068641,1.5931085,-0.9795066,0.2221029101994079,4.0752171266888215,6.037152284121767,1,294.5295563014895,104.173,0.4197723288537817,0.9574510762448633,2.0,129.44460156739194,295.24783928279743,308.3685909475016,0.6592444685984008,120.31200000000004
C[N+](C)(C)Cc1ccc(C[N+](C)(C)C)cc1,5.178353,-2.654536,0.489305,6.6827297,-4.697529,-5.5281243,1.4607811,-1.2267216,-6.0378337,1.5528448,6.8050766,-0.8077287,-9.561245,10.210167,-2.8038688,2.5126166,-4.0084095,2.6488657,10.050621,-2.8230135,9.066223,3.7518637,3.2734678,-2.1033747,-3.875745,0.24953175,-6.9095235,0.92178786,7.4635253,3.850016,4.427598,-4.243642,-4.6548605,1.1077253,-4.2169614,1.1031674,5.1610665,3.7169664,-0.8501538,-3.6624947,-7.4765544,-4.862262,1.4690276,0.93861854,-2.792445,2.7704325,5.5462613,0.48211235,12.611645,-8.332931,-2.304759,-4.359996,1.7464745,-0.44461477,0.74345386,-2.0281038,-1.1761976,0.112634435,-1.5603243,-1.1345857,-11.468613,3.0182018,2.2577708,6.940347,0.6279180586294417,0.38647759636306184,-9.916463,7.757689,0.6531626850205368,4.404478470645663,11.879118133634917,2,480.86629744677913,222.376,0.135896133863351,0.980875359599986,4.0,349.01329694862125,2528.671121501103,2578.982964194386,0.219294495511582,250.1872
C[N+](C)(C)Cc1ccccc1,-1.4260209,-5.0165777,-1.6162832,5.2236533,0.42084476,-3.4258397,0.54442143,1.8235046,-0.7713571,-6.2038507,1.2183385,-0.36256927,-2.5620482,9.747766,-0.5457541,-3.7458487,0.5091963,-3.2045681,1.3169811,3.2660055,5.356666,7.209688,2.0898027,-3.500727,-1.2745714,-6.05886,-6.0166264,1.0501468,-0.27352133,1.738875,1.6422352,-0.68078107,-0.12675303,-7.7000804,2.252308,1.1454383,0.7742914,-2.6680872,-1.7249818,-2.194681,-2.046667,5.451976,0.10779068,3.7679336,4.5554647,-4.7949224,-5.3043942,0.8976422,2.199005,-9.560144,-1.316106,4.6427355,-2.1271758,4.7525725,-4.249376,-3.7266974,5.3417726,-2.784705,-4.0400543,4.0529156,-8.62522,3.5182397,3.6148121,5.169754,-3.7780252836014565,2.079233401481266,-5.850245,0.91901785,0.4350866329565519,4.374370974563003,8.368898203260056,1,361.66759560078566,150.24499999999998,0.2476267633434261,0.909204165643806,2.0,210.6977834638818,773.6130773215291,850.8683819917774,0.3239621272065278,166.92000000000004
C[N+](C)(C)[C@@H]1C[C@H]2C[C@@H]1C1CCCC12,0.805567,-4.38146,-1.1767892,2.628364,-3.5943253,-5.4232435,-1.9320489,2.1190171,6.811408,-4.184402,5.076412,-5.3925524,-3.2376623,8.762872,0.8067363,-3.278017,2.4910588,-1.139968,3.4932516,-0.84857947,0.060584657,3.7204373,7.0842876,0.4091791,0.53830326,-1.9505498,-4.905457,-0.060914163,-4.481886,-0.6023691,0.42536324,5.352726,-0.37210345,1.5631601,1.2992742,1.7735306,3.022625,-3.251361,-3.0461252,-2.6576698,-6.9063888,-0.35318166,3.8894873,1.8563286,-1.2269201,1.0534719,-3.1592047,-4.974213,-3.559437,-9.808946,0.8023635,0.44825235,-2.4299688,-0.19042636,-5.852919,-2.3121428,8.723155,-3.2176187,1.5546855,-0.82444507,-4.290514,-1.9868379,2.9295542,1.8245636,-3.477801029632666,-1.7656707893924306,-8.183938,-2.527625,0.318769596620254,5.098051257437856,8.700393215876542,1,402.9783484352378,194.342,0.329270872328656,0.9230086931067476,1.0,371.41915603609954,1041.1516520557386,1128.0410502849395,0.4551041763761653,213.1808000000001
C[N+](C)(C)[C@@H]1C[C@H]2C[C@@H]1[C@H]1CCC[C@H]12,0.98450613,-3.217035,-0.7694296,-0.8132593,-3.9592319,-5.327471,-1.7815862,1.782512,9.173158,1.165825,4.0922585,-3.9950838,-0.46358776,8.030004,1.179712,-3.4537106,0.3868136,-1.5434972,1.7210878,-1.2706819,-5.4596167,1.3338499,5.455587,0.047350705,0.17172751,-1.5912209,-2.2554433,-1.6280313,-2.9103007,-3.0166903,0.80374,5.0738688,-0.79757404,4.8091383,1.46732,2.953489,0.88206446,-4.386287,-2.9976163,-2.1838918,-7.0219913,-1.909307,4.464758,0.6877606,-1.5594344,1.3714043,1.0841926,-5.668651,-3.4591143,-8.964354,1.0146435,-1.5944536,-1.8925922,-1.1294712,-3.5275903,-2.688127,5.9701304,-2.3856642,5.2529125,-2.656569,-1.3244581,-2.8436577,0.78451985,-1.0595541,-2.8003781337326052,-2.2925362219238563,-7.365576,-4.299931,0.1674649829600764,5.725466419384645,7.543021276682057,1,398.3303202237531,194.342,0.4711312076335968,0.8679253432257175,1.0,467.5795970539293,863.4030860967189,994.4767745210536,0.5445666016540736,212.93120000000005
C[N+](C)(C1CCCCC1)C1CCCCC1,-1.5068104,-7.0313416,-3.9094605,5.443353,-1.963264,-3.6110487,-2.6990001,4.34571,6.9015326,-5.8140883,6.2484484,-5.5454264,-3.0201435,7.7461686,5.206217,-5.831927,0.17104939,-4.5561438,0.31825277,2.0993552,-1.0619413,5.7514925,6.5975537,-3.661289,2.3727024,-2.5295343,-4.8396063,0.32205775,-6.0762954,-3.539514,0.91913635,5.117543,0.32039285,4.116049,-1.3235805,-0.5172667,1.2325811,-4.1323075,-0.5517984,-3.4916253,-5.322844,2.5983887,1.7338812,-1.5019243,-1.9071212,-0.71332467,-4.3515253,-2.972524,-3.2855291,-10.109624,2.8238118,1.5125039,-1.1478248,-2.3894713,-5.003189,-1.7944806,8.69284,-1.7704248,-0.18220738,-2.6100485,-5.4079795,-1.4467735,3.5129688,-0.3311411,-3.279655900836428,-1.6402758100857087,-9.514839,-3.3681686,0.3548223342988572,5.616109787208302,9.497661054556216,1,444.6058617020759,210.385,0.3021405669360205,0.8963539787147992,2.0,489.3871126702333,1460.6308641453538,1629.0447752075283,0.3880417955569544,239.44400000000007
C[N+](C)(CC1CCCCC1)CC1CCCCC1,-0.75522417,-6.2463446,-1.8480499,4.95618,0.67687666,3.0853102,-2.020647,1.1393027,5.222107,2.554385,4.1548266,0.38128686,2.5431018,4.7475142,7.4774685,-4.619759,5.4657035,-4.0209923,-0.7804271,8.651105,-2.9204097,5.3254485,3.173075,-5.500366,3.1703348,-3.0353563,-3.9029515,6.0487685,-3.278952,-0.6437344,-0.360584,-0.41750586,0.15009895,3.2716324,-1.148538,-2.2165089,0.86157084,-5.704144,-2.7226558,-6.2455826,-1.1303437,1.1155368,0.93196297,-0.7874118,3.006302,4.171644,-1.6516483,0.39139295,-2.0285368,-5.2705693,2.3485794,5.080393,-0.6422214,-4.703734,-2.5024226,3.9629672,4.174804,-0.48963138,-1.6138294,-1.1438525,-3.8341544,-1.3458295,3.8976328,-1.7864348,-1.8222365690042077,-0.6416220466625164,-2.2779555,-2.2093198,0.4509009013005916,6.072708102006232,11.058687776647886,1,500.19165101319527,238.4389999999999,0.2442669830144073,0.8990243547976243,4.0,621.8154008605784,2359.018290591492,2613.9047916985423,0.2989352043032469,273.2186666666668
C[N+](C)(CCCCCC[N+](C)(C)Cc1ccccc1)Cc1ccccc1,5.4173107,1.1426655,-4.800318,13.119401,-2.5966706,-2.6825256,-4.141303,-0.7897067,6.4863243,4.36105,7.193074,-0.49258548,-0.79631203,0.46461648,14.8903885,11.38523,-6.2676854,3.5944135,1.930428,-0.42676294,6.8926783,3.1168766,2.5044174,-1.0352857,-7.7148657,1.2741882,9.295542,8.135295,-2.8200336,2.0364914,-6.5137196,-4.0595374,-1.4983706,7.2794223,-7.8745008,-2.0121906,7.9390426,1.1224829,-4.3173175,-16.903452,3.945561,0.7378045,-2.1392806,-0.3624568,1.8788934,-0.8250489,-2.490166,2.8679109,4.8859086,-6.9375267,-0.60015774,-1.7126942,8.909869,-0.9169667,-0.04899344,3.505356,5.651349,4.0286,4.11866,-13.044476,0.26440573,0.79469585,6.1210737,-0.5109087,3.0256908710138264,-3.235049484301678,-7.2699237,13.727819,0.7034522538659786,7.73172789128198,17.31139511394688,2,708.1531190225089,354.58200000000016,0.1130864065187232,0.937158804333548,11.0,1211.7429145880092,10433.505756539558,11092.375386055932,0.1288953249701656,389.1364000000001
C[N+](C)(CCO)CCO,-1.9786985,-1.8028774,1.1871828,-1.3121657,-3.53204,-2.692202,-1.8653628,-2.160625,-4.388087,-6.177609,3.2930443,-0.18366201,3.736349,1.5810962,1.693965,1.3041184,0.6012112,-3.2235582,-0.03630981,0.2117684,5.0753307,9.107113,-1.9888401,-6.8177156,-2.698548,-4.46364,-0.36783203,1.5615883,3.2609448,-0.80143183,-1.0449014,-0.90538377,-0.26066673,-6.949059,3.3951125,-0.051494867,-6.1101823,2.2496426,-0.48383832,-0.24091369,-1.65798,-1.0240085,-1.7019241,2.375251,2.4278002,-4.118385,-5.1602473,8.931315,6.6101,-1.6668762,-1.3589001,4.3109527,3.3686087,6.4743342,-0.099577695,0.07170379,-3.6587121,-1.5275686,-4.4629416,0.20564303,-8.078145,2.0869153,-0.24831119,8.803386,-2.0555793588381386,3.960168108832436,1.1895518,7.217636,0.2582214319769974,4.518172069208088,6.920643434558062,1,327.0758084992773,134.199,0.3986663200905933,0.8574906709472134,4.0,221.93686271055876,492.2222902614404,569.4725970989939,0.5200546254040835,145.48500000000004
C[N+](C)(CC[N+](C)(C)Cc1ccccc1)Cc1ccccc1,3.371264,0.98247266,-6.0522375,9.83217,0.20643196,-1.6468377,-1.3316284,1.5865043,8.979461,8.582683,6.8396797,0.15642051,-10.777891,11.101573,11.409014,10.9661665,-10.110003,-1.1003551,4.9306183,-0.6318097,0.5498347,6.975086,-0.39281815,-1.2122122,-6.347155,-7.145773,-1.8180201,4.2734327,4.080463,-2.1063375,3.0881705,-5.4405503,1.3545313,8.093221,-7.530999,-5.2357235,7.3017654,-1.5261031,-3.3171847,-6.425703,0.3629169,-5.240781,7.0252438,-2.3542254,-1.2084478,2.5577395,12.966069,1.3927631,8.25875,-11.991102,0.35027012,-4.6313534,12.626784,-5.050345,3.470511,3.2421114,4.475872,-1.2214931,12.383047,-9.150919,-3.1092982,3.5673993,5.122924,0.09567049,2.6547014185446134,-3.958800582802168,-1.7690943,12.344534,0.2685858007708073,7.527163120853881,10.609060239278689,2,552.7707473077143,298.474,0.402244742433826,0.877850821938114,7.0,1253.033438019623,2948.2450610623955,3342.8278525948,0.4819342363920335,322.6395000000001
C[N+](C)(Cc1ccc(F)cc1)Cc1ccc(F)cc1,-1.8755087,-3.336602,-2.3654385,6.0235887,4.351671,0.5950773,-0.8902346,-1.5915574,0.0048598647,2.9769247,0.8455707,4.201872,-1.3263717,2.5975575,-0.5444309,2.5112948,-0.26004937,2.4335253,-1.224874,3.5233567,0.10467874,-0.10243113,0.24915785,-0.24292025,-1.0938964,-0.051745266,-0.24356118,6.1883845,-1.3789786,3.6823983,1.5873153,-6.188083,-2.3217196,-3.554157,-2.0343127,1.728798,4.3377724,-4.054119,-7.8618345,-2.173667,-1.0119079,0.6662219,-0.75491667,0.590616,1.8974353,-0.8060914,2.2660787,0.21050093,2.8439713,-5.7890096,-1.1596953,0.29257733,-0.9064198,-0.86940145,-0.46273264,-1.6777596,3.0701518,2.178915,0.79547274,-5.061871,1.4949906,3.056403,-0.33077577,-2.5092764,-0.6223699632845809,-0.17443139114073597,-0.22209251,1.0688173,0.557642965161891,5.799707524278339,11.263660578875404,1,482.9660037345061,262.323,0.1833499377127987,0.8997691796357498,4.0,643.7099241604491,3257.927916609144,3601.86214445202,0.2694142017600092,249.24000000000004
C[N+](C)(Cc1cccc(F)c1)Cc1cccc(F)c1,-1.8936276,-3.8423598,-2.5978346,5.9157815,4.611322,0.4216176,-1.0455431,-1.5666407,-0.16796112,2.860838,0.76802224,4.056208,-1.1420088,2.5478787,-0.56338584,2.49865,-0.2166104,2.3711355,-1.4253578,3.6748967,-0.057304926,-0.0017557293,0.6212838,-0.16119282,-1.1217165,0.09151369,-0.49318603,6.303569,-1.2838807,3.6844854,1.5268831,-6.258981,-2.5104995,-3.8671005,-1.7847042,1.8749362,3.854875,-4.161822,-7.893706,-2.1227221,-1.1353968,1.1404238,-0.33059752,0.6997974,2.2271557,-1.089856,1.9879569,0.1532155,2.6497946,-5.974461,-1.3417734,0.8455248,-1.320375,-0.5813062,-0.47258326,-1.7052294,2.8602166,2.203483,0.53519714,-4.7816772,1.5008404,3.1062448,-0.67337906,-2.6536956,-0.8252531620637807,-0.045321094356088894,-0.27807862,1.1199833,0.5118858993000746,5.808326017001948,11.155116530404928,1,483.3129399305722,262.323,0.208209932032484,0.9020584199252774,4.0,673.8717317284951,3004.2011439389603,3320.62424397128,0.2701386895267428,249.27657142857151
C[N+](C)(Cc1ccccc1)Cc1ccccc1,-1.0138217,-5.891864,-1.5912077,4.5884423,3.3253589,1.7614331,-1.7789468,-1.0496484,0.9859269,3.4680939,1.1446912,2.7261262,1.2133069,3.6831026,1.5001798,-0.9379346,4.1073866,-0.85734665,-1.5781239,6.0406175,-1.4630507,2.2285492,1.7628303,-2.3186333,1.09056,-1.3023628,-2.690826,6.677414,-1.8194137,2.2913036,1.138544,-4.087057,-1.8636568,-1.5915998,0.3753522,0.7819593,1.1572393,-5.641494,-5.6032557,-3.5304217,-1.0438731,1.307752,1.0848119,0.99481845,2.9122849,1.6989013,0.3796498,0.015494287,-0.27669373,-4.826566,-0.26280534,3.6170948,-2.833593,-1.9111145,-1.3405321,1.2036393,1.9904333,0.7713814,-1.0779521,-1.5887088,-0.4970649,1.1893046,0.70649064,-3.6011438,-1.7982966312470439,0.11723835092569995,-0.8129707,-0.2429561,0.4946129327860256,5.696647593697544,11.033309519208146,1,465.6944807066517,226.343,0.2185606976112003,0.8913693856980205,4.0,503.4827674196552,2114.921148303852,2361.027434299317,0.2607359378266344,238.82720000000003
C[N+](C)(Cc1ccccc1)Cc1ccccc1F,-1.8529987,-5.378673,-2.366547,4.872865,4.6787705,-0.00967142,-2.7281764,-1.4945638,0.15695198,2.733064,0.49957985,3.9763682,-0.63052386,2.9266353,-0.4446339,2.6277246,2.157858,0.99747616,-3.0652986,3.2100067,0.04556101,2.541878,0.97315556,-0.63752615,-1.1131201,-0.8749498,-0.3384836,7.475615,-2.322557,3.4789853,0.65659314,-6.345839,-2.122028,-5.573147,1.2318226,2.7920501,1.469851,-5.4356346,-8.011448,-2.629361,-2.1385827,1.9426265,0.56700695,1.4768524,2.3486223,-1.3546993,1.0358521,0.9043677,1.2348386,-6.4593987,-0.9995564,3.5220268,-2.2303185,-0.30275643,-0.09327176,-0.9421226,2.7151911,1.0191042,1.0930501,-4.313087,0.829876,2.6250072,0.044778813,-3.8310614,-1.796691955785726,0.09741146854572331,-0.6995939,1.3452041,0.4546274506847743,5.880259050098622,10.874823424848598,1,468.9347617661164,244.333,0.2390734983170749,0.9066111962637848,4.0,591.467467012072,2265.956534276704,2497.5054523455715,0.300914079929313,243.5694545454546
C[N+](C)(Cc1ccccc1F)Cc1ccccc1F,-2.192962,-5.016464,-2.7192395,5.6197677,5.012579,1.050808,-0.8703605,-1.3633269,0.0009838343,3.4663243,0.40088278,5.43098,-1.5703702,3.3055334,-2.0794578,2.5545235,-0.18015131,3.0167396,-2.1189053,4.200523,-1.0067718,-0.49739093,0.70232004,0.32848778,-0.3281424,0.2622208,-1.1075593,7.327329,-1.7703174,3.322547,2.276306,-7.233581,-2.1515677,-5.707061,-2.2867723,2.2012746,5.7238383,-5.804624,-9.781452,-1.6531055,-1.7666826,0.7471344,-0.95037234,1.8357927,2.761716,-1.0758644,2.717924,0.5797319,3.085813,-7.188067,-0.93702745,0.94870245,-1.729351,-1.7213825,-1.280862,-2.1999776,3.6333272,2.8028169,0.10338223,-5.2084,2.3043942,3.3853164,-1.4032798,-3.508827,-1.0272192515371545,-0.2591971865357554,-0.119577155,1.1200861,0.4763543054582973,5.494885386290795,11.317007594257197,1,473.0708069058441,262.323,0.2293411329355702,0.9197791272613312,4.0,629.6695321546243,2583.66631234356,2814.8115202063814,0.2776300254106006,248.7786666666667
C[N+](C)(c1ccccc1)c1ccccc1,-0.52294993,-4.5282865,-0.13053934,0.38479906,-0.5964627,-3.4205616,-1.7525553,-0.93213975,4.5941877,-0.06274144,1.5884762,-0.5681687,-0.86394066,4.798186,-0.88935524,-0.3728736,2.0668404,0.7372296,-0.3151769,-0.811189,-1.0435702,3.1648405,3.1498759,1.5364264,1.3140578,-1.074662,-1.8420612,2.6347225,-2.0225108,0.33312714,-0.17457247,0.69062114,-1.1613076,-3.3043664,2.173109,1.8682628,0.9708954,-4.0519295,-5.288659,-1.8814037,-5.284776,-0.6665655,2.443144,2.588658,0.7834494,-0.64904356,-0.12652734,-2.4085615,-1.847176,-7.0147653,-0.34590945,2.7132597,-2.7873764,-0.99877155,-1.8079385,-1.3468242,4.5512004,-1.7044584,3.0061247,-1.0351614,-1.200453,0.10996476,-0.34466472,-0.8428276,-3.110491217864553,-0.9300659230826038,-3.29876,0.39490238,0.3167960611201525,5.132890419837937,8.911909307810813,1,421.3531202863836,198.289,0.3283559209204119,0.8940539993550438,2.0,449.9350421913658,1225.0920366947598,1370.2662675616032,0.4425022108910859,204.59200000000004
C[N+](CCO)(CCO)CCO,-0.942553,1.3875133,3.6109676,3.3487494,-4.8759775,-3.7450573,-4.1755185,-2.2882125,-6.7198443,-6.7137136,1.8304633,3.414752,1.1179527,-0.20606941,-0.36811423,2.6274815,-2.7587178,-1.9078151,0.4510825,-3.0285497,10.447828,5.459675,0.74488515,-5.3566284,-2.5671737,-1.6375042,2.0860162,2.088611,2.7011094,0.5497414,-0.22576225,-1.0766504,-2.6456017,-4.743925,0.0190224,0.70151764,-1.6633627,2.599675,1.6199068,-1.4895375,-0.8231776,-4.042737,-2.393017,1.1114873,-3.027256,-4.221533,-3.6521587,6.6718354,8.603428,-0.55601275,0.027247466,-1.0864134,5.0032296,5.0977345,0.30742458,-2.1726427,-4.139876,-0.108050734,-4.9010997,-2.5535078,-3.0831528,3.4747412,-2.4960163,5.365114,-0.9882999882910489,2.400234502331299,0.193555,7.787113,0.1484058138778891,6.121602725515729,7.13014450096053,1,361.7200796525708,164.22499999999997,0.5272434705654518,0.7174319621620138,6.0,445.5569287354001,606.1279314277025,847.9494130118045,0.4869503954741346,171.05538461538467
C[N+]1(C)C2CCC1CC(O)C2,3.8534346,-5.319772,-0.5146273,1.5157051,-4.2025795,-1.7191632,1.006715,-0.28334478,5.3667006,4.723083,4.9844985,-2.4592903,0.6469036,5.891064,1.3493683,-2.649321,0.90092075,1.3090183,3.3472533,-1.3946904,-3.2404442,-6.4578476,0.17384312,-0.20880628,0.8514774,4.0462847,3.6015818,-2.5869994,-2.4720578,-0.6556972,-0.83071077,3.0034487,-0.9344323,7.181544,-0.4544258,0.7736401,3.4754477,-1.1716137,-0.33736616,-7.5436373,-7.7352586,-2.8666384,-1.4954855,0.90373427,-0.45679924,3.5320058,-1.2670013,-4.7842445,-0.6449852,-9.43123,-0.5442173,-3.6671221,-3.1378875,0.052232847,-4.1088834,-0.03552097,2.7277215,1.9696088,2.2541308,-3.1233654,0.8601579,-4.106379,0.4212303,-2.1559708,-0.3069799429407818,-2.3292646387144647,-5.518033,-7.1808324,0.1179411704741708,4.794274663197136,6.599162636732606,1,336.76906208058665,156.24899999999997,0.5407907189460895,0.9058312591457668,0.0,288.86895967999664,483.8591423776712,534.1603499463781,0.6574372871337174,165.00800000000004
C[N+]1(C)C=Nc2ccccc21,-0.21250933,-4.9244647,-1.3673401,4.195794,-1.7157549,-6.794884,1.0697812,0.9913672,-1.476161,-0.7893007,3.7242467,-3.1722934,-4.791372,5.634328,1.5816537,-4.265181,-2.6213267,0.5270635,4.1034994,1.1393639,3.568746,-4.540368,-0.4518376,-1.3877122,0.42135686,2.158836,-1.0010592,-3.7913773,0.07510349,-0.5783924,-1.0871551,1.5965545,0.52063674,3.0450509,-0.5143976,1.1938081,0.6485604,3.3327696,2.9497404,-5.2394886,-5.5636015,3.0310338,0.38064688,-0.50019836,-0.62047577,-0.6753444,-3.1273842,-3.315379,0.5573278,-9.180145,-0.9082452,0.7959597,-3.188801,2.605833,-3.5410864,-0.3364869,1.0659815,-1.2464726,-1.8295953,0.2886176,-4.1176763,1.7189206,1.6574514,2.245266,-1.2206477487029324,0.20558227989629974,-7.22846,-0.40576696,0.2435768515778499,4.487440621924623,6.98278960089034,1,333.52557943382527,147.201,0.3893556375549741,0.7841289446333789,0.0,240.93523924680693,485.2229598163059,618.8050615108627,0.3702616936278841,145.40000000000003
C[N+]1(C)CC23CCCCC2(C1)C1C=CC3C1,0.17997026,-3.8927581,-3.1350832,-1.7046018,-2.3728518,-3.4716434,-0.7927948,0.75162494,8.047775,5.5655217,4.6131907,-0.66098744,-2.9872262,8.631298,4.0014815,-2.8825784,-2.4817474,1.6408995,3.2350817,4.818887,-7.5165234,-6.849163,-1.2111628,0.8094256,2.6915562,0.7486136,-0.21899983,-3.8954294,-4.735518,-3.5360136,2.7429898,0.36593485,0.033058703,11.67264,-4.47124,0.22391586,5.247957,-3.1490178,-4.81116,0.6333441,-7.446301,-9.373585,-1.0313622,-1.7880182,-5.2507124,1.1554902,8.657914,-5.7626185,-0.45412743,-12.41204,1.6897769,-5.839842,1.6718652,-4.5459223,-1.7759973,0.06779185,5.8162866,-1.8803995,10.375498,-6.1229386,5.8753357,0.43331432,-1.2849185,-4.6139975,0.4966270366107599,-3.950508132357192,-8.724264,-8.172723,0.0934291896642228,6.069149447959779,7.17576563719051,1,409.3786867554125,218.364,0.5825027542422787,0.7928684190246831,0.0,637.8522289194545,868.1337483917365,1094.973055670715,0.564596669320334,230.07600000000005
C[N+]1(C)CC2C(C1)C1C[N+](C)(C)CC21,0.88617074,-3.1712625,-6.702979,5.9804864,-0.2204136,-9.5417185,4.8882465,2.9828284,0.5020184,-4.4085107,8.905282,-5.264693,-16.958096,21.535347,-0.98552346,4.6765924,-5.2121053,-0.21948081,11.63972,0.90828025,6.332875,11.569467,0.6645614,-4.5313406,-8.916198,-9.889026,-11.285301,-5.695661,6.727629,3.8949208,6.1952825,-1.5821407,0.800494,-7.550876,0.2764973,1.8510919,4.7192626,3.317075,-0.9425591,-1.5866692,-12.287425,0.33365244,4.6014776,3.7332757,2.4350438,-3.8008637,1.8833011,2.96578,13.41039,-23.095343,-4.713149,0.30529433,3.4061077,10.230546,-3.9168777,-5.4629498,7.5065923,-7.2267447,4.934604,3.4876895,-15.492684,7.709074,7.26649,13.155883,-1.7172986634929392,1.523530289238171,-11.946662,3.9181676,0.5480170980288865,3.9713625660143945,9.205313410526289,2,418.815025574793,196.338,0.1893735155947016,0.996204079652359,0.0,270.94075787386424,1428.3812398174475,1433.9388181990307,0.3389851267940953,214.9780000000001
C[N+]1(C)CC2C3C=CC(C2C1)C1C2C[N+](C)(C)CC2C31,-5.153848,-7.691143,-10.774998,11.07971,6.176898,-3.418464,4.018364,1.6808796,-1.0007904,-2.591411,6.0550394,-5.053697,-16.595467,13.330155,4.4262795,4.5792356,-7.1057134,-2.3094065,5.52794,8.004872,3.0329297,3.8975112,2.7726254,-3.6320264,-5.2387037,-4.7309666,-7.110232,-4.361121,1.2654862,1.7468551,3.1582403,-3.6193054,-2.28834,0.28866372,-4.7009473,-2.2567008,6.377631,4.3774667,4.7637424,-1.2802472,-11.561262,1.7812371,0.47378945,-2.0803654,-1.89183,-2.8195438,1.3430264,1.9912546,8.053108,-21.915022,-2.8047583,0.99540424,1.0592252,5.362237,-1.844767,-3.851755,4.526981,-6.457656,4.476208,-2.6953692,-4.4281445,8.100718,1.8270023,3.1784403,-0.4912341755062802,-0.09119444099814474,-11.931407,2.8793557,0.5495818914477629,5.385665549171333,11.469929180417486,2,507.3839249973933,274.452,0.1866055297013803,0.9671879239327638,0.0,534.9040651205811,2775.521403196506,2869.3150636153973,0.2794634589911471,287.79733333333337
C[N+]1(C)CC2C3C=CC(C2C1)[N+](C)(C)C3,5.6335998,-6.0373197,-0.75530964,3.8666809,1.5852226,-12.339008,5.4394016,0.5153154,2.1365457,3.3882444,9.18942,-2.3378627,-17.912086,10.651935,1.1460644,2.1729965,-6.0714974,8.326329,10.842292,-6.6620154,5.125099,-0.8664644,1.414674,-2.2446496,-2.7066925,-1.0570506,1.8542309,-4.2601976,-1.0944977,-0.28012955,-10.054495,1.29284,-2.099066,9.491464,-2.5018823,-0.62782496,1.4270613,8.958816,12.576555,-16.21774,-14.170354,-7.6901517,3.6074388,-6.505905,-7.1144886,0.92844,-0.19194445,-5.4753056,8.255329,-22.088688,4.8752546,-4.786297,-0.6170191,8.589442,4.117402,3.9156382,2.6788762,-4.173481,11.229853,-12.800243,-3.083745,0.12344079,4.0340533,-1.2491355,1.511421319239518,-4.77271053916229,-6.9081254,-13.791902,0.2954315097363681,5.857553129703726,8.506006373415765,2,420.5595187330716,208.349,0.3474618228934138,0.9182602779339528,0.0,436.5740004404685,1153.762907374654,1256.4660969225113,0.4447357135011456,224.34400000000005
C[N+]1(C)CC2C3C=CC(C4CC34)C2C1,0.45544896,-3.1857655,-3.6785672,1.4830353,-4.248437,-5.7538066,-0.34615505,2.0101979,3.959033,-4.4142995,7.2316546,-7.748099,-5.7983007,7.8292847,1.3981681,0.9329387,1.7725811,1.0307035,6.0603175,-0.99114424,1.4883312,1.5436786,4.250122,-0.2226798,-2.652016,-1.1124343,-2.1324155,-0.97431827,-3.8709764,1.4694133,0.14070961,4.0549192,0.22452831,1.7248081,-0.00044438755,2.8773422,3.4520853,1.9147425,-2.317097,-1.0172141,-8.215902,-1.8181946,2.4472911,1.8606923,-2.1984167,1.06939,-2.4956815,-1.6271207,0.016626952,-10.134478,0.078799166,-0.49481755,1.4750314,2.6223571,-4.992066,-1.1945037,6.8626456,-3.990605,2.4353356,-2.6985912,-3.91921,-2.3117294,4.3186088,4.322537,-1.6318127137689198,-1.0954065366970225,-8.0380125,-1.6959612,0.3283131038562964,4.6859175154500345,7.9655877247960625,1,393.873045719928,190.31,0.3290504964959118,0.973862650688255,0.0,329.1112360557093,975.9392879020376,1001.7285925669536,0.4819510735508799,199.58800000000005
C[N+]1(C)CC2C3C=CC(CC3)C2C1,1.4986198,-1.8739755,-2.3841493,0.91696733,-5.3494477,-4.914754,-1.7881682,2.0741756,3.8997216,-3.8537376,6.9385104,-6.563233,-5.142707,5.80148,1.1211715,0.87143564,1.584724,2.1465003,5.3692784,-3.3454704,1.3515896,-0.019109383,3.9974627,0.52224565,-2.1631958,0.5292898,-0.33559868,-0.8213542,-4.6377378,0.9131428,0.31368747,4.412928,0.54943234,3.6855762,-0.21141401,2.2832558,2.9261107,2.2568426,-2.7693188,-0.89758706,-7.104915,-3.2088802,2.3141341,0.627373,-3.6938434,1.8928963,-1.6770012,-2.6061904,-0.55697787,-7.523971,0.71567863,-2.145641,1.6377976,1.2020756,-4.112691,-0.6663943,6.14714,-2.7695246,2.9788017,-4.24377,-2.4480908,-3.5552418,3.8116443,2.7788017,-1.1371373045378599,-1.741024017997136,-7.6898713,-2.6693058,0.2966699367467128,4.68999830893342,7.369395340143533,1,380.8930460252945,178.29899999999992,0.3573145095607155,0.9968945979892244,0.0,304.621364273538,849.8826225941341,852.5300711914588,0.5439985529297647,190.67200000000005
C[N+]1(C)CC2CC(C1)[N+](C)(C)C2,9.999752,-9.296522,-10.504505,-3.8950622,-1.0328007,-9.620182,9.563385,4.8878546,6.238015,9.963193,15.680204,-3.1304193,-14.319755,11.545896,3.5608914,1.5455242,-11.660097,10.0848,9.281324,-4.2886314,-9.592808,-7.0198507,1.1861503,-4.816243,-2.3685176,4.756565,0.79020894,-7.294062,6.9291124,-8.349175,-3.7930825,1.1242559,2.0644653,11.331084,-6.5757117,-1.1120076,3.3885477,7.556613,12.596706,-17.567835,-15.720443,-2.786453,4.1231813,-1.2858088,1.7329154,1.8873492,0.8291726,3.0672698,10.941635,-22.537977,0.90883815,-6.010113,-4.284698,4.392795,-2.003823,7.975889,-2.0106647,4.6962776,5.818756,-10.396811,-3.7747269,-3.6148765,-2.2930386,-5.839882,2.4771044844213517,-3.681913634334842,-15.740166,1.157536,0.2161655924535572,4.574651376578939,7.457225700973223,2,365.0641715398841,170.3,0.4204130568512226,0.920356284604055,0.0,315.8271559451722,691.3998104621875,751.2306071334466,0.5236765669387075,189.92000000000004
C[N+]1(C)CC2CC3CC(C2)CC1C3,5.4096394,-1.6894084,-3.1576006,-1.705857,-4.192138,0.09029707,3.479613,0.1715487,9.999404,10.311979,4.8603277,0.2533881,0.9879393,8.2950945,2.3642964,-1.71829,1.1666012,2.3198955,2.1809907,3.3564963,-9.334316,-8.239306,-0.4161387,1.2613006,1.1169641,2.8141482,1.1810087,-2.140577,-2.4276147,-2.506949,0.31499183,-0.15186298,0.106598675,10.496796,-2.1674757,0.76460546,6.687888,-2.8519423,-4.7933235,-5.3932257,-8.746231,-7.583714,-1.9414611,2.3904135,0.43022433,3.6258879,6.591351,-4.9310336,-0.059338663,-10.96902,0.8551851,-5.6127834,-1.2259765,-3.8815877,-3.3653362,1.4189277,4.7214627,1.5107262,7.4391932,-4.2650027,4.524967,-3.554077,-1.5489609,-5.272069,0.7704175070369962,-3.761852369612651,-7.6716933,-7.455213,0.088693051152927,4.545349075903202,6.670311075981854,1,364.9492215554173,180.315,0.607864856632639,0.9888135932321308,0.0,401.7866818286834,653.5862835905605,660.9802778440633,0.7420719410367445,194.31200000000004
C[N+]1(C)CC2CCC(CC2)C1,4.573156,-1.6053005,-1.4022896,-0.15355486,-2.7754323,-0.75593126,2.7131658,-0.65549207,6.3398023,7.912338,3.774496,-0.4161219,0.41917682,5.4560437,1.3385029,-0.7462794,1.568404,1.7323059,1.7207999,1.1809094,-4.3554683,-6.2940044,-0.9853118,0.5250251,0.18865818,2.505596,1.882539,-0.5406461,-2.371684,-0.37657797,-0.6719947,-0.33163744,-1.055531,7.9611797,-0.63269573,1.1943833,4.0258317,-0.9960943,-2.4181476,-5.42665,-6.1514363,-5.555372,-1.866745,1.5913935,-0.62652576,3.2195625,3.863264,-4.303072,0.20677713,-7.3311067,0.66524893,-3.8736002,-1.6134093,-1.8051304,-1.4408638,0.46383217,2.7751107,0.91298676,5.2088065,-3.8505282,3.0792415,-3.2748454,0.041334484,-3.9903164,0.4595205620142288,-2.6054145712570795,-6.110899,-6.9316363,0.1028383285338754,4.58007887320619,6.006515672695351,1,347.187926778326,154.277,0.5841745816693698,0.9956103970432938,0.0,306.85580082910394,522.9752119958174,525.2809869757691,0.7147028269415018,172.35200000000003
C[N+]1(C)CC2CCC1C1CCC2C1,3.8157043,-5.6231627,-0.82077223,-2.0594761,-3.5469759,-4.2121034,-0.45079547,-0.9176346,7.5116205,5.394812,3.9429488,-2.2790892,0.8030955,7.584275,1.6688321,-3.3287,0.46905062,1.6729835,3.945294,0.74471444,-6.024026,-5.616305,2.330755,0.9934883,1.7298908,2.8682296,2.2606547,-4.165896,-1.7283727,-2.093461,-0.22035047,3.3070858,-1.4299326,8.725485,-0.70202416,1.469008,3.1485639,-3.5584967,-1.3706458,-5.3719635,-9.395606,-4.668623,0.78148353,0.7472669,-1.9237833,1.8963023,1.8322257,-5.9130483,-2.6159213,-11.706539,-0.18521062,-3.2749424,-3.0776236,-1.6567949,-3.8051744,-0.4786553,3.5719714,0.033173054,6.3460383,-3.4704392,3.0526927,-2.4520674,-2.038342,-4.176605,-1.1168302442895381,-3.1356605401115445,-6.710663,-7.0704365,0.0915201113422245,5.258244718895131,6.837852537280141,1,365.2417795716127,180.315,0.5881057316445295,0.8784729037709038,0.0,407.9216612181872,610.1760968486994,694.2056733130195,0.6277849770502504,194.72000000000003
C[N+]1(C)CC2CCC1C1CCC2O1,3.6458268,-4.555975,0.16638012,-1.657105,-3.1894038,-3.6270447,0.10935597,-2.1968203,6.4432535,6.241877,2.322796,-1.1532959,0.62894344,6.514972,-0.40714633,-2.201359,0.9127984,2.610001,3.648374,-0.50205183,-5.0669384,-5.8878913,1.0823917,2.6807158,2.28227,3.1130192,2.5079591,-2.279485,-1.322153,-0.7655818,-0.340143,2.1539624,-1.5670903,6.764327,-0.09533811,2.1322317,3.6071122,-3.001012,-3.0249612,-4.807765,-8.753264,-5.423731,-0.17528528,0.9011195,-1.5432572,2.3236506,3.0977445,-6.3926644,-2.922377,-10.393115,-0.006427191,-3.2240617,-3.759987,-1.9531107,-2.3394773,0.25628844,3.0415807,0.03712815,6.395849,-2.5780373,3.6366205,-2.5806592,-2.4069188,-4.355205,-0.9734521270714624,-3.0804239737126613,-6.6832314,-6.9448104,0.1141004017325097,5.074505043776094,7.038500343338519,1,361.0447567262693,182.28699999999995,0.5488533076076852,0.9201703738496192,0.0,376.7642971704765,631.6575656465844,686.4571861882334,0.6319955671083487,187.56800000000004
C[N+]1(C)CC2CCCC1C1CCC2C1,4.014167,-2.5851285,-0.20107286,-4.8355703,-2.128898,-3.6575577,-3.157178,-2.3078394,8.514289,6.7637343,0.7067186,2.134552,0.19184692,4.9264755,3.166503,0.047935724,-0.18936911,3.828025,3.2525494,3.2645774,-4.957881,-4.9655046,2.5568602,2.2470536,0.33011144,2.084324,3.6681163,-2.1064827,-3.6297598,-2.399222,-0.05863159,1.3785844,-2.6810355,9.127097,-2.562551,0.046444938,4.776474,-5.28419,-1.9499894,-3.7791576,-6.7247663,-8.344228,1.2540044,0.16117811,-4.753455,1.6841589,5.105622,-4.966134,-1.9342475,-10.423783,2.099955,-3.7192848,1.0588799,-4.5020514,-1.1006712,0.36820105,4.234509,-0.019334644,10.066887,-7.252166,8.240677,0.11268143,-3.0306096,-7.6681194,-0.30202666664477973,-4.576402361387059,-8.689134,-7.437066,0.0544705230697908,5.833970022068071,6.807004726989405,1,379.2412958936236,194.342,0.6680795421086707,0.8400552855065483,0.0,529.8614911022859,666.0602641874782,793.0110472226887,0.6638105784715185,210.90400000000005
C[N+]1(C)CC2CCCC1CCC2,5.717613,-2.4410727,-1.6203301,-3.433082,-2.3335266,-3.2134125,-1.0703671,-1.1165806,9.438306,9.141186,3.0774095,1.6421605,1.6625433,6.188419,3.9184341,-0.28577197,1.1429477,2.5226576,2.5273888,2.4616096,-5.8817263,-5.9585896,2.749107,0.49309063,-0.8888845,2.6869297,2.9339108,-2.3470602,-1.9671301,-2.559732,-0.86043155,1.1351831,-1.6377451,9.450234,-1.687227,0.017437503,4.2337456,-5.097246,-1.9968234,-6.432998,-7.832761,-6.412297,2.3751016,2.2337615,-1.4696107,1.6240686,3.846538,-4.652162,-0.98181653,-10.416289,1.3203796,-3.1119864,-0.33303958,-3.4703996,-2.4242406,0.54350877,3.953786,1.0245707,8.438019,-6.1555467,6.591494,-1.9917308,-2.5798671,-6.9215574,-0.31442743072816237,-4.037200723827827,-7.9396462,-7.2238665,0.0389886425662323,5.189848653510795,5.825368457298855,1,359.9867324017404,168.30399999999997,0.709349732275915,0.9013421602928444,0.0,424.92975253123006,539.965670154899,599.0545456089799,0.7423844862176582,188.41600000000005
C[N+]1(C)CC2CCCCCCC2C1,-0.32775778,-5.3222837,-2.8671403,11.54468,-2.2504249,-7.576086,-1.7784266,5.861656,2.8031852,-7.3365817,6.7431564,-7.7304387,-8.336858,11.816474,3.9150348,-9.213113,-0.09677265,-4.8764067,6.9107466,2.9801307,5.9922085,-0.32569242,5.1698666,-2.2223556,1.025655,-1.9176702,-9.299554,-2.2467194,-7.092773,-1.0287477,1.7394127,5.624068,2.0894742,6.4879637,-1.346005,-1.2591195,4.831041,0.08128475,0.51237017,-3.6356306,-3.7989552,5.6657295,3.0801532,-1.8272545,-1.5640275,0.6887671,-4.880644,-8.492847,-4.1428404,-11.903437,0.4441869,0.267833,-2.9973843,0.017008051,-9.291403,-2.447465,11.986543,-4.6896353,-3.4089665,0.7063436,-8.497033,-1.7074659,8.156485,5.112562,-2.875180627493191,-1.2008951827310037,-10.264802,-2.406259,0.3736438451628475,5.20771732760358,8.381287703771612,1,399.6905953949953,182.331,0.2858381251038346,0.8707520707815821,0.0,332.22051570880046,1011.955968305809,1162.17472898217,0.3518137790520929,206.37200000000004
C[N+]1(C)CCC(CCCC2CC[N+](C)(C)CC2)CC1,4.096852,-4.614263,-1.9570109,7.6138234,-0.007525265,3.9725964,2.9517322,0.51376677,3.1806521,5.710714,3.4681342,2.7032044,-4.5107203,8.389289,1.0859874,0.52634275,-0.90885997,2.983985,3.1702614,4.6865907,0.4785608,0.47713238,5.7987714,-1.8574461,-0.8974951,1.1129048,-4.5835934,4.009395,1.4598582,0.5845016,-1.7485904,-2.287914,-1.8440661,3.156637,-6.288944,-1.2443438,10.714975,-2.2230735,-0.382141,-9.32971,-5.1470137,-4.925925,-1.6335685,1.8850179,-0.2608964,4.771971,0.8837906,-0.5414745,4.2391295,-11.199218,4.3217406,-2.1220877,-1.6971488,-3.5028338,-2.328754,1.7042897,4.122235,1.6955075,-1.4333997,-3.10717,-2.5520604,-0.39265013,0.33671746,-0.6596191,0.08721531390420838,-2.6450410210876423,-5.38548,11.103325,0.7640642375515174,4.780225502402312,14.387498740844984,2,564.2142109748529,268.489,0.0870404628454423,0.980669611787857,4.0,448.7922286324408,5086.070826230863,5185.958177285444,0.1638316899688503,306.3880000000001
C[N+]1(C)CCC([N+]2(C)CCCC2)CC1,4.7944207,-1.2742609,-4.50724,1.457269,-2.3545704,-10.213326,3.0329113,2.352891,3.4160514,-2.5179808,11.024325,-4.1569037,-15.877017,18.32387,-0.1646116,6.145737,-3.2634983,3.884709,11.652589,-4.4727144,5.1716113,12.510036,2.5325558,-4.2536716,-7.774664,-7.3864594,-7.2118125,-5.1524844,6.1106086,1.6352609,2.8568208,0.45965487,0.086696684,-4.0440116,1.4557489,0.19004421,1.7215873,4.044195,0.83020604,-5.678524,-14.270222,-4.4554443,5.759136,2.1276011,0.59720516,-2.3670545,1.8524786,2.6148794,13.147624,-20.71655,-2.252064,-0.1743645,3.5713751,8.056132,-2.5396461,-2.063712,5.724808,-4.9398947,8.399387,-1.1856269,-13.602577,4.707596,6.1051226,9.176677,-1.1949272353222102,-0.452691279530897,-11.965955,4.096894,0.4592169398653734,4.54945089079686,9.01898622480951,2,420.28942264753306,198.354,0.2379307852071965,0.9633618398297497,1.0,340.20549554677507,1383.8356504025385,1436.173247428477,0.3921361789205458,223.26560000000003
C[N+]1(C)CCC2(CC1)OCC(c1ccccc1)O2,-2.9100742,-4.5275187,-3.724131,8.416628,3.8859272,-0.022555858,2.71555,0.81169367,-0.1595357,0.9473664,2.3557296,-0.078753784,-4.611946,7.281936,1.1300232,-0.27409154,0.9019394,-2.1874082,3.1859543,9.481847,1.8353908,0.5001651,1.2819126,-2.7054727,-0.19409424,-3.2686965,-3.9497087,1.7883983,-2.3368497,3.0350642,1.4560314,-3.1163533,0.07742566,0.016188592,-3.438362,-0.26762658,7.6709847,-2.2798119,-0.6635314,-2.28887,-3.8883584,1.2004778,-1.7880785,0.4651295,0.8805331,0.82951164,0.6044811,0.21927103,2.788898,-9.548309,-0.7279416,1.1553152,-0.54214835,-0.3602147,-5.045411,-2.3714833,4.9873753,-1.9438813,-1.5072116,-1.8081516,-0.8458462,3.9727495,2.3101656,0.6034974,-0.824365245101607,0.14168556630922483,-1.6598977,-1.5212628,0.4808953914950201,5.633219402128518,10.678677646246364,1,473.4118379322627,248.346,0.2282425420725736,0.9209065685684912,1.0,532.3706977689772,2246.758027244716,2430.077057292018,0.295222543961066,246.8213333333334
C[N+]1(C)CCC2(CC1)OCCCO2,-0.8437122,-4.423949,-4.0842113,2.7869232,-1.9134036,-6.5711155,0.38848698,1.1131048,1.2565401,-5.3769703,5.264554,-6.3493285,-6.6811523,9.037978,1.3792199,-0.39263213,1.0345991,0.4962448,6.4674754,2.2588599,4.086829,2.6945367,3.131951,-0.22835737,-2.9444711,-1.7974929,-4.739316,-0.77967733,-1.7518795,2.1656566,0.27756405,2.1003425,-1.2081194,-2.8352602,0.22264586,2.575995,2.7406368,1.8562415,-1.9300685,-1.360909,-6.789581,1.9986668,1.9494474,2.8152792,-0.07196459,-1.4907693,-3.4554105,-0.94279426,0.96088946,-11.954974,-1.3869513,2.5658514,0.29053557,3.5790534,-5.220777,-1.6499746,6.9205794,-4.4463825,0.38212243,1.21582,-7.21744,0.68592334,4.835188,6.3191133,-2.3959111582883863,0.23301099306508122,-8.511003,-0.22147423,0.4135168073210149,4.34287565975014,8.304789022031887,1,384.86759004484816,186.27499999999995,0.2648005379242054,0.9543542213227956,0.0,278.2805729744192,1003.0682700207803,1051.0428308755718,0.3991302409417528,190.69600000000003
C[N+]1(C)CCC2(CC1)OCCO2,-0.5048801,-4.6359434,-3.724892,1.6337965,-3.110045,-6.1108627,-0.047636643,0.99703455,1.2135077,-4.5953207,5.1968603,-5.5276966,-7.2678585,9.197238,1.7408941,-0.61602056,-0.28681287,1.194496,6.5050936,1.779405,3.3253157,1.6931959,1.545419,0.03911841,-1.967807,-0.88089347,-4.4123306,-2.0375035,-0.59414566,1.2357299,1.327932,2.1497226,-0.63993925,-2.820225,0.04765789,1.7757969,2.6437747,2.3280694,-2.4958088,-1.323967,-6.4154134,1.6238527,1.5286655,2.4316175,0.07657948,-1.1559337,-2.380453,-0.79749864,1.3503107,-11.883779,-1.8338743,2.2118287,0.690137,2.6885571,-5.0228605,-1.2285821,5.694158,-3.5409787,0.9265846,2.236518,-7.469984,1.5394102,4.3168736,6.39104,-2.1053088820776296,0.17138882246184495,-8.413918,-0.2651851,0.3995509102666064,3.968991427286831,7.8212107984189565,1,366.50028589027886,172.24799999999996,0.2764640957995486,0.9763297938123244,0.0,238.2276456473776,841.2982072143612,861.6946983962267,0.4451306389421508,175.00800000000004
C[N+]1(C)CCC2CCCC2C1,3.8210046,-2.9951437,2.41013,6.9921327,-5.0300126,-7.917114,-1.3899786,3.6994877,0.6525126,-4.8351865,5.8602695,-4.0314803,-6.514117,7.4668937,1.3454139,-8.685683,-1.2072221,-0.12167257,8.544802,-2.4782891,6.05834,-5.191917,4.0610185,-1.5126783,0.51716375,2.575134,-3.1040294,-6.2674127,-3.5109496,-1.7476442,0.25151867,7.137928,2.0040846,8.159784,-0.8450575,-2.388168,3.1723971,1.4395165,3.625716,-6.7043934,-4.918197,3.7460573,2.5173852,-1.892637,-2.9450603,2.687251,-5.7345085,-8.555133,-2.0955184,-8.327738,0.027038194,-2.6857498,-2.767843,0.38995016,-8.798522,-1.6140127,6.6180177,-1.3569871,-3.279025,-0.981618,-6.191365,-2.379147,5.5609665,3.3652344,-1.79483248623981,-1.5931526343694598,-11.196991,-2.3383343,0.2625763473680672,4.906787090514646,7.214169668792488,1,356.3372811349513,154.277,0.3795542108566273,0.8793990356939445,0.0,257.27866486690783,606.6310396913129,690.6258768921375,0.4816100511277791,173.10000000000005
C[N+]1(C)CCCC2CCCC21,4.4658637,-4.5152607,-1.4764116,8.607579,-5.22298,-6.896202,2.6010487,7.3395853,4.4990926,1.1262969,11.066108,-5.447714,-6.652356,10.880223,4.4764705,-9.319072,-5.2963586,-0.4895751,8.203683,-2.0200882,-0.25526893,-7.8742085,2.429486,-5.653365,-0.34190422,2.298933,-3.566162,-7.369883,-2.0493178,-4.851882,-0.54614544,5.8863587,4.6398287,14.570863,-4.4575047,-2.1707919,4.018025,1.7905631,3.93094,-9.343736,-6.544517,2.9237738,3.4648893,-2.5866663,-1.1975381,2.8679824,-1.8816475,-7.3322372,1.4849231,-11.066525,1.4112303,-6.3335943,-1.7155432,0.5633328,-7.7965736,0.25875714,5.940459,0.6529626,-2.172773,-4.614725,-7.184559,-4.529917,6.495981,2.9040575,0.15013331964162885,-2.214834686986964,-2.6512096,-10.625072,0.1470038910283166,5.292507719149452,6.276975026365062,1,353.37480052803505,154.277,0.5030240622575333,0.7554334027161398,0.0,325.64630438512273,488.0589472981084,647.4903233377843,0.4952522249329531,173.25200000000007
C[N+]1(C)CCCC2CCCCC21,2.205834,-4.7750916,-2.077482,6.8686514,-5.4148793,-5.9182835,0.21336798,6.985276,7.0959373,-0.5526144,10.033801,-6.513632,-5.2539663,10.741546,4.8979635,-8.000491,-3.5291133,-1.3168963,7.0649266,-2.1229167,-1.1279821,-5.052087,1.9858382,-4.523673,0.8210378,0.9155673,-2.2710738,-6.823439,-5.2369394,-4.290618,0.6479672,6.8515315,4.557562,13.904534,-3.824504,-1.2601788,3.8666325,-0.24736692,1.6233802,-7.1974955,-6.4541135,0.5414172,2.000013,-3.3578002,-3.1903272,2.0720417,-1.6841911,-7.908332,-0.61134326,-11.419765,2.1321192,-6.207531,-0.85261863,0.434435,-6.3189187,-0.45119533,8.136115,-0.28992638,0.94127,-4.988607,-4.7717814,-4.3433275,7.246998,1.7486022,-0.2678990175774502,-2.914195578794145,-6.816067,-11.088743,0.1504480841649385,5.654623177499741,6.754538555666116,1,368.763359919072,168.30399999999997,0.496915476845121,0.7713910883580796,0.0,383.1617440031184,595.0770589860109,771.3300254772361,0.4950020527832475,189.38133333333337
C[N+]1(C)CCCCC1,0.6494039,-7.659592,-5.0046573,1.58079,-7.198541,-5.654402,1.5777341,2.6074266,-0.45362675,-0.20993282,10.015174,-5.5034003,-1.7313765,3.8587325,4.413758,-4.50162,-5.5821385,2.2772775,3.2173061,-2.8933558,-3.2746809,-8.0317335,-1.9080718,-3.7371957,-0.7204527,7.0547523,4.612052,-8.190849,2.4274285,-3.992931,1.3186629,4.626829,0.8511718,5.239748,-2.1915684,1.8456099,-1.2082888,5.2451124,3.73852,-7.825897,-8.860535,4.6640253,-3.1659582,-0.26379132,0.6667986,-0.54717875,-6.7381616,1.322479,4.6233335,-10.312992,-3.982495,-2.205589,-3.1139314,2.1037345,-5.822495,0.7142316,-3.26152,4.955753,-4.726476,-0.15837601,-6.1945662,-1.0928797,1.1361909,1.1419038,0.13692190665100626,0.7633207557108249,-0.59030974,-7.1640325,0.1467072484391517,3.792672163172557,5.83945383796628,1,306.70163929538285,114.212,0.496370701841834,0.8741701584025292,0.0,167.32591601648397,294.6816199389356,337.0986953815044,0.6277022991928093,133.58400000000003
C[N+]1(C)CCCCC2CCCCC21,1.1892834,-3.6924636,0.74796605,3.6663067,-4.998148,-4.8984246,-2.519088,4.0271087,7.287685,0.42805248,6.018011,-4.0001082,-4.2595725,8.779949,5.328536,-5.7414885,-2.5763717,-0.40994054,6.824997,-1.6710155,0.28701532,-3.6845856,-0.08852011,-3.1293077,1.9237106,-0.32499814,0.95116365,-6.281385,-5.9790483,-2.8807254,0.0652507,6.9160466,2.8988347,12.876273,-3.3064733,-1.6512215,3.4576077,-1.7858524,2.0504644,-6.3626785,-4.961712,-3.7177436,1.7427485,-4.846219,-6.176527,2.6206567,0.40379658,-8.3816805,-1.6475474,-10.035909,3.682411,-5.5456557,2.282398,-0.5823513,-2.518677,0.29129234,7.1214175,-1.2823617,5.658357,-5.564017,-0.5289601,-1.751732,6.663848,0.047851324,-0.007434113941938388,-3.878429310460901,-7.342278,-10.548455,0.1403670091198151,6.245966424796669,7.159033953207742,1,386.104031116068,182.331,0.5065875342090922,0.7915411407913618,0.0,461.740460412296,721.6175208737001,912.607879029395,0.5140638123337696,205.9093333333334
C[N+]1(C)CCCCCC2CCCCC21,-2.7363102,-4.840236,-0.24014978,6.551703,-2.1794996,-3.3003669,-2.5834332,3.5376148,4.963594,1.3293529,5.6530733,-3.717584,-5.0223026,7.8022065,6.753341,-5.755931,-1.7501556,-2.7514822,4.136859,1.9838313,1.5090846,-4.180856,-5.3157363,-3.513386,4.77402,-2.1966538,0.47343162,-4.00989,-8.2762,-1.9302061,0.65129554,3.1019013,3.8991518,13.147899,-3.5249915,-1.7303896,2.151574,-0.3537879,1.3928548,-4.22928,-2.711515,-4.6834474,0.18684602,-7.3785954,-7.3754654,2.8954604,3.1570091,-8.150447,-1.3082101,-8.878817,3.2233167,-3.8650606,3.1479213,-1.6786376,0.05567661,1.2754443,6.3935037,-2.6731298,6.9184337,-6.261347,0.63273174,1.1561799,7.2850857,-0.56890273,0.8349721565526426,-3.1794848231644317,-8.47328,-11.178456,0.1525357299724058,6.513333058111817,7.793379802058261,1,406.2003309636882,196.358,0.4977329462468274,0.7428943154800687,0.0,556.4379520412374,831.4520859761828,1119.1624303337114,0.4550480161475575,222.46800000000007
C[N+]1(C)CCCCCC[N+](C)(C)Cc2ccc(cc2)C1,-2.7374556,-9.881917,-12.462528,9.801906,2.8291671,-1.1180236,7.47919,4.972231,1.9325457,4.129986,14.948941,-6.6881704,-15.214988,12.261767,10.411668,1.8456494,-10.644733,0.99200565,6.8906965,8.882111,-5.049362,-7.990492,-4.2595124,-7.089897,-0.9918532,0.59534484,-2.200647,-8.701277,-1.9632334,-5.2213883,2.0267913,-4.359053,3.0713534,16.411942,-12.083294,-6.819179,8.129342,8.039832,6.0919843,-4.9671955,-12.524417,-3.6568363,-2.5547116,-8.467983,-3.3062873,2.1042485,5.3205357,0.16791302,11.76167,-22.931072,-0.34038547,-7.5713453,4.1671762,2.7514791,0.23904482,2.697412,3.2616415,-0.35866496,6.216055,-13.132513,-0.33482236,3.166671,3.3703458,0.9576105,4.605740680082875,-2.5666937667460514,-7.7065163,-15.454503,0.3546093759766828,5.73604502631187,10.902114198915044,2,496.2536460331197,276.468,0.2993889911760058,0.8783276338413841,0.0,796.8811925725701,2337.719133251691,2661.562624075233,0.3448288067193302,305.38800000000003
C[N+]1(C)CCC[C@H]1CO,5.3152094,-4.422984,3.4148622,-0.8990013,-6.145331,-3.0099788,-0.5226857,0.8054936,1.7115054,2.1696815,1.3998871,0.9638285,-1.2368821,0.5078574,1.490379,-3.3946686,-2.439549,4.693578,1.9141049,-4.881763,0.47286642,-1.1666791,4.187047,-1.7499408,0.48104304,4.1107097,8.364236,-2.1266425,1.4286783,-3.9600625,-5.753514,7.1008954,-1.347589,2.0755336,0.9874043,-0.5077607,-1.2601705,0.51675785,9.757796,-12.887,-7.490642,3.7765353,2.5784998,-1.470721,-0.9914683,3.4082086,-6.582986,0.4468677,-1.6030084,-5.9080057,3.913728,2.296649,-1.9288148,-0.8879509,-2.830557,2.8284996,-3.5101166,4.2092915,-1.9616905,-3.8666391,-3.38309,-2.2555134,-0.085862994,-3.4185233,-1.602808032195858,-1.9473266881643039,-3.5999079,-8.784323,0.1334430036525358,5.182851631557656,6.256509892190742,1,319.47536366387834,130.211,0.5184265085056742,0.7773853797948626,1.0,234.10465871039187,351.48686695292525,452.1417792634005,0.5678457449912536,143.0586666666667
C[N+]1(C)CCN(C2CCCCC2)CC1,0.52858007,-3.5204737,-3.2497303,7.046307,-0.9632387,-2.0731347,1.9425257,2.3071592,3.1260486,-1.1766089,2.8727236,-3.0733948,-6.431039,13.481421,1.2046609,-4.4135175,1.4387467,-1.0051619,7.1937976,6.3666644,4.1557827,3.4339395,4.299715,-1.5549327,-1.5347037,-3.9764721,-9.526617,1.3305535,-0.6905304,2.4137454,1.3685831,1.7111735,0.41698962,-1.0714879,-2.245603,0.52614146,7.962975,-2.157728,-1.793328,-3.734367,-4.815842,1.8500907,2.088234,2.9020083,1.3401811,1.791627,-1.1077825,-2.6026413,0.42706904,-12.493378,0.8260497,1.3511566,-1.1576313,0.7497362,-6.6513376,-1.1378276,9.038949,-3.5689163,-1.6444892,3.523366,-7.6086364,1.3933463,6.009832,5.3015904,-2.288194201793404,-0.6014824935910117,-8.9312,0.37374026,0.5492815223795448,4.362996680921062,9.889639524788215,1,427.5631191684243,197.346,0.1864278089243795,0.9502603335576528,1.0,300.0337279748158,1546.3962275831493,1628.4654478640862,0.2985262416582932,219.34666666666672
C[N+]1(C)C[C@H]2[C@H]3C=C[C@H](CC3)[C@H]2C1,1.5047156,-1.8127811,-2.2606812,0.981046,-5.427869,-4.9642005,-1.8753802,2.0811832,3.9144998,-3.898602,6.9022064,-6.545174,-5.1276712,5.7860875,1.0804412,0.7645396,1.6526377,2.112769,5.347132,-3.455025,1.4754622,-0.031828776,4.0398355,0.55621314,-2.1615815,0.54912037,-0.30432484,-0.83806175,-4.716596,0.9413004,0.24626836,4.510901,0.56354386,3.7103522,-0.12596759,2.3056705,2.8893943,2.257036,-2.765185,-0.9498154,-7.082557,-3.1918442,2.3335347,0.6153101,-3.767717,1.9026428,-1.7652748,-2.7350008,-0.6713244,-7.454856,0.7450373,-2.1436937,1.561478,1.2155919,-4.140052,-0.70161545,6.1852713,-2.8255703,2.968881,-4.20478,-2.461608,-3.6002643,3.892278,2.7963104,-1.1699811967732916,-1.7578243562809601,-7.6980023,-2.6749299,0.2966719728772903,4.708759465962215,7.365203928381302,1,383.2128541653672,178.29899999999992,0.3573119717285486,0.996890005571487,0.0,304.62072403755406,849.8829575004822,852.5343345309897,0.5439959763802747,190.72800000000004
C[N+]1(C)Cc2c3c(c4c(c2C1)C[N+](C)(C)C4)C[N+](C)(C)C3,4.398507,2.7445128,-3.8292475,15.232446,0.15079841,-2.8961313,3.763078,1.1250738,3.5302877,12.342756,4.519994,-0.64436036,-21.468002,18.165419,4.421419,10.108762,-10.840815,-0.9995317,11.232049,-8.73209,9.632329,-3.7056723,-3.3770926,-4.470723,-14.912607,-9.792694,1.5222925,0.39229527,-1.0723683,-0.49853528,-2.251478,-3.230773,-3.8840132,21.752274,-7.52859,-4.0245275,5.8897204,8.227798,12.732518,-10.831948,-4.062987,-18.477652,2.2557645,-7.861743,-11.100042,6.1912303,13.274725,-7.888231,17.683344,-21.95614,7.6611686,-17.073147,12.256491,12.44517,12.311766,6.5939436,-0.75203025,-6.3357897,17.043009,-14.416945,3.3099532,-1.7196,13.336592,-3.3082745,6.955283616542849,-6.932560707977321,-3.719685,-15.817665,0.1815568625989979,8.593448535449195,10.06233963565112,3,554.7912543535023,288.459,0.5506841973656663,0.5529687481765704,0.0,1764.466931663053,1771.786942621834,3204.135764388765,0.2353344350142906,301.09600000000006
C[N+]1(C)Cc2cccc3cccc(c23)C1,0.35618037,-4.065813,-2.1123838,10.451388,6.2459373,-2.4598148,0.9992417,-0.19160357,-6.7781043,2.7769034,2.6058476,-0.25249463,-4.6938457,3.2054758,-0.97858334,2.4420004,0.8134799,-3.4688778,0.08234139,4.835393,6.440675,-5.975979,-1.3098607,-3.9155939,-2.9611795,0.11436117,-0.82888865,0.92127013,-2.5463014,3.8114805,-0.22159141,-6.441814,-3.8590834,7.932104,0.685311,2.050703,0.18252526,3.08386,4.0445023,-2.6351562,-1.8350511,-0.5351613,-0.6630786,-3.1047883,-3.5864673,0.17300545,1.752868,-3.9124064,3.835784,-4.7372775,-1.3563535,-2.0136306,-4.6284323,5.3829207,0.912858,-4.0391455,-1.3368274,-1.1784145,-1.0688068,-7.3260026,2.0867984,1.6668136,0.56579256,-2.874855,0.608837504667017,0.732389133024316,3.126996,-10.272287,0.2430535138128059,6.785807462158521,7.998613709941024,1,404.7857802611539,198.289,0.4045228509381842,0.6883060994140531,0.0,517.3584239984789,880.298747018895,1278.9349793184792,0.2246484126964271,198.94400000000005
C[N+]1(C2CCCCC2)CCCC1,1.1387786,-3.9822297,-0.44886032,4.3861375,-4.376742,-7.339319,-2.0875494,2.7109118,3.0370169,-6.4765034,5.452731,-4.993221,-4.7940154,9.167946,1.4721088,-5.5588956,1.4123137,-1.5069008,5.2364225,-0.31439793,4.0492625,2.665969,5.550632,-0.9585887,-0.11613876,-1.4584265,-6.3532615,-1.4329289,-3.255396,-0.2703054,1.3212987,5.179506,-0.03814721,1.1016334,1.3259739,0.2635476,1.9034754,-0.7412361,-1.6637338,-2.6835527,-5.099523,2.7949018,3.4036102,1.9057021,-0.18178639,0.11534236,-4.822924,-4.6400714,-1.6761241,-9.054386,-0.53653955,1.447164,-2.265333,0.4342878,-7.4029284,-2.3527572,8.0047,-3.5233896,-1.9251205,1.3091569,-8.391653,-1.1146212,4.8485847,5.194404,-3.424580604952137,-0.4480909432822712,-9.065343,-1.5148557,0.3575755700268184,4.6133831440610304,8.062925693037341,1,384.0367161490535,168.30399999999997,0.3019275175371184,0.912274532722268,1.0,286.2361327123556,869.8667627178984,954.0660900003426,0.4240520509908158,189.872
C[N+]1(C2CCCCCCC2)CCCC1,-0.7241516,-4.8390627,-3.7559662,6.4480042,-3.5690973,-6.910106,-3.2016673,5.5358477,6.2959414,-8.202361,7.466461,-8.659394,-4.2521305,10.320283,2.9194212,-5.6111917,1.8747412,-4.2506876,3.3517976,-0.06882702,1.0844555,5.0895333,8.384723,-1.7035931,-0.40049595,-3.650082,-7.3393493,-0.0655273,-7.0430884,-1.6853763,1.5760204,6.185592,1.5922854,3.3153923,0.98295575,1.7249537,1.9768912,-2.6025333,-3.0913746,-1.5100899,-5.86571,4.1888485,4.6140614,0.08248454,-1.1622341,-0.4527377,-5.23356,-5.303454,-4.664799,-10.131769,0.5161629,0.8098256,-2.3867095,0.16986738,-7.901014,-2.8844635,11.450807,-4.0262394,-1.0992985,-0.9568785,-7.6752157,-2.8225834,6.0132923,3.1515152,-3.94415874099356,-1.1059618142700336,-9.357553,-2.3546276,0.3700852730395702,5.41791917134432,8.678192580822335,1,419.76952474854113,196.358,0.2916404254998226,0.9031839080291622,1.0,400.61799165276096,1246.6175503754173,1380.6286659902294,0.3908200086570115,223.19040000000004
C[N+]1(C2CCCCCCCCC2)CCCC1,-2.7941022,-7.5673056,-5.277872,9.494964,0.016757965,-2.6569934,-0.6394924,4.7719502,6.047629,-4.113345,7.374935,-6.312036,-5.1057434,9.483386,7.238178,-7.230593,0.7304827,-5.5618596,2.1435404,7.7396326,-0.3944509,2.135364,3.877512,-3.9377456,4.0344768,-2.7124455,-5.692882,-0.8151845,-8.266646,-2.0248613,1.1209539,3.1047475,2.0641515,7.138967,-3.443025,-2.5310664,4.9016337,-2.4880912,0.79511774,-4.2766633,-5.209112,2.675011,-0.14183295,-2.8168628,-1.2962902,1.04257,-3.447327,-3.8915098,-3.1411562,-12.234479,1.533199,1.7414968,-1.2631881,-2.6503735,-7.40476,-1.1517782,10.06586,-3.0533583,-0.19223335,-2.4482493,-3.8466334,0.7017932,5.3384895,0.025330098,-2.055808390759377,-1.6758060716606886,-10.597361,-3.8930004,0.3636093059368532,5.907456404099237,9.631480171605968,1,457.32111811624816,224.41199999999992,0.297278385097632,0.8786337358875256,1.0,560.0943928838249,1676.186729582157,1908.9353041977636,0.3529447165268854,256.61760000000004
C[N+]1(CC2(c3ccccc3)CCCC2)CCCCC1,-3.2369661,-2.1525996,-1.4664339,4.9790416,-2.0033152,-0.5200685,-4.3303127,-1.2473933,8.643482,5.8087687,-0.080092065,-0.7083754,-4.1895967,7.2072215,8.117816,-0.48851454,-1.0028981,-1.795958,0.17068246,1.1229199,0.39195764,3.0470912,-1.3298454,-0.12513924,2.6714313,-5.51511,0.3560885,4.6780357,-3.9699836,1.2477297,0.6234813,2.208594,0.38226193,4.2693377,-1.1275063,-0.2620203,1.108045,-2.8038237,-1.7942332,-3.189807,-0.6920612,-3.842581,6.6065397,-2.7143478,-3.3027134,4.893513,6.0985236,-4.827659,-2.0292025,-7.725136,2.637204,1.5280828,5.6404266,-3.4642835,3.4316843,2.7301745,4.0863056,-4.901592,11.041402,-3.2066958,3.3668838,2.480933,4.113288,-3.5643568,-0.6192635882336833,-3.3301570429314156,-11.226394,-10.933227,0.1823878488272566,7.596123540894703,8.994043303204004,1,490.4811728247743,258.42900000000003,0.4624629045679271,0.775384638173661,3.0,1000.483191925064,1688.0984994569667,2174.150531140865,0.4472746783647421,278.5971764705883
C[N+]1(CC2(c3ccccc3)CCCC2)CCCCCCC1,-3.8088698,-4.808485,-4.202514,5.4040103,0.0800353,1.271444,-3.4634745,0.21172334,7.8634453,3.4453592,3.6583827,-1.2944514,-3.345595,6.9824147,9.171698,-0.32599103,-0.11446414,-1.5293908,-0.64389706,4.498937,-1.9810432,4.2037907,-1.8568199,-1.9483051,2.3947642,-4.5786247,-0.22109199,4.074448,-4.088669,0.5506147,0.8625837,-0.20400542,1.6948907,1.7270797,-1.7151201,-1.3388529,1.6012826,-2.6712909,-4.70935,-2.6095572,-2.7540135,-1.248461,3.0458038,-2.6448581,-0.0627166,3.4767435,3.1890574,-0.57632333,-0.4589223,-10.2737465,1.0517627,4.1906214,4.9638233,-3.7599568,0.21096495,2.886368,5.9239793,-4.084277,8.501469,-3.964767,0.65027076,1.7571944,4.058655,-1.321368,-0.7311864207281173,-2.1201667234681154,-11.906751,-10.34953,0.2643200647063288,7.422678172862892,10.099360740915497,1,527.7123750815507,286.483,0.3741609185842436,0.8524582611970084,3.0,1054.7258272623342,2421.9883480654585,2836.016234448928,0.420767479377759,311.6956000000001
C[N+]1(CC2CCCCC2)CCC(CCCC2CC[N+](C)(CC3CCCCC3)CC2)CC1,7.520864,1.9946625,-3.7947311,11.384929,-3.4317346,11.608665,-2.123893,5.8645287,6.408451,3.8188884,8.863773,2.813688,-1.9408851,1.9858829,4.913242,3.2899451,0.98141587,0.8346837,2.6197844,6.401757,-1.4118227,-2.9170678,-2.0117147,1.831662,-1.5953004,0.12798834,6.5375924,2.2124264,-9.83203,-1.2071968,4.9927025,-1.8857219,3.5454378,10.050374,-8.588751,-0.30249232,17.321348,-7.3885965,-10.353505,-2.4058547,6.062814,-10.8755045,-8.062126,1.4737062,0.43053818,9.315516,2.7209368,3.147316,2.3696005,-3.0766294,4.2781167,-6.416286,12.623612,-8.033895,-9.36255,0.74164414,13.353344,6.6018095,5.196481,-17.193886,6.1989226,-1.5310705,8.179246,-0.21017933,4.167251239543074,-4.485330571896648,-4.0061975,16.24314,0.7828081953371436,7.262562467940482,21.15544613188179,2,811.3729364288786,432.7810000000004,0.0789121539064811,0.965676654163716,8.0,1360.8122865760306,16626.089295612263,17219.685041655066,0.1031472109848281,484.5600000000001
C[N+]1(CCCCCCCC[N+]2(C)CCCC2)CCCC1,5.62724,5.681601,2.6380043,9.550478,-7.7324004,2.15295,1.2317258,1.5670143,3.3223403,3.163161,5.8628774,0.5464203,2.5298269,-0.39284033,7.4682236,8.268614,3.579567,1.4291794,-0.7501626,-1.7476164,6.920929,4.0656257,1.0808972,0.13642436,-2.7405293,-0.3813064,7.1169147,6.656038,-1.935252,1.5102665,-10.479021,-1.9603708,1.4505026,4.250222,-0.45754594,0.9532636,3.1398492,5.519677,-0.56862617,-15.93121,0.68541795,-4.8256645,-3.525526,0.0569793,0.25032547,1.0486816,-2.4352508,0.88895077,1.6585565,-0.6697147,2.9243455,0.9068509,4.4185815,-0.1785899,0.07528356,3.5098133,0.14114845,1.9593534,0.5828297,-6.8595996,-4.425274,-1.0518022,4.601837,4.6475224,1.6190906433623826,-1.5147534550880457,-8.757221,14.054174,0.8397722644869665,5.053227799266162,16.52992242727107,2,624.2954730353524,282.516,0.0571418971494599,0.9873684040648524,9.0,462.5964261315269,8054.851095690157,8156.26552443225,0.1148939786075592,324.1464000000001
C[N+]1(CCCCCCC[N+]2(C)CCCC2)CCCC1,1.7518137,1.8961315,4.7270284,11.1069,-8.225358,-3.9787314,-6.5629606,-4.5750723,-6.035882,-2.6677232,3.8917618,2.2431579,-1.8021244,6.1838193,6.599756,2.7569108,0.7839129,-5.023377,0.8223338,-0.12153682,18.605936,8.5338125,4.6973457,-12.400648,-4.258212,-2.3933723,0.31655994,8.183879,0.6030973,0.21067679,-5.140517,-1.7177026,-8.701329,2.284138,-1.5289316,-0.69351786,-1.6551226,4.117674,4.3880033,-8.908671,-2.155495,-4.6933737,-2.9766693,-0.34997702,-8.573278,1.3309416,-1.0369383,3.6661026,9.964591,-2.801234,4.5741215,0.60249686,6.054368,0.7566993,0.05009392,-1.8026254,-2.876578,-2.7814858,-6.8561373,-6.897723,-9.397172,1.9047081,3.8575304,4.967889,-0.228909821303169,0.6343020932181089,-10.225239,9.819459,0.8102988816704222,15.497397122678446,4.86345825811224,2,595.6409873342006,268.489,0.0685856256809581,0.9851075458338826,8.0,450.721445673263,6532.543419767777,6629.454250125442,0.1352068918366407,307.4544000000001
C[N+]1(CCCCCC[N+]2(C)C3CCCC2CC3)C2CCCC1CC2,4.8525696,1.359884,-4.471465,12.341859,-0.46517774,6.4658947,5.5055575,1.0138777,4.9581175,6.1629553,8.034245,2.3608093,0.04741247,4.0886445,5.0603385,5.26849,-1.923988,2.560043,-1.6441541,5.7052684,-2.331302,-0.19650842,2.002073,-2.442996,-2.357877,0.7832087,1.5874941,5.072662,0.1513488,0.94447815,-3.3124454,-6.524474,1.3267794,5.8186874,-7.2975087,0.53452927,12.037766,0.63968444,-3.6090672,-13.169572,-4.0438013,-2.6152132,-5.247939,-0.42567772,4.7655926,3.5376353,0.98894775,3.3698509,6.801127,-9.599944,1.2734934,-2.3061335,3.0307105,-1.8752445,-3.092319,0.6102443,4.028258,5.8384943,-1.2782996,-9.513222,-2.0350564,0.86817706,0.22488365,1.0883287,2.5958746454806287,-1.6066267087419948,-4.7980485,12.833495,0.7901138410567158,5.380549334723118,15.975511356581876,2,641.2744662799284,334.5920000000001,0.0765201181155209,0.9867183440472655,7.0,666.7171254913467,8619.876362226434,8734.23803934009,0.1457723457747736,368.2620000000001
C[N+]1(CCCCCC[N+]2(C)CCCC2)CCCC1,5.604166,2.7289345,1.540442,8.58271,-5.839416,-1.208314,0.8826627,0.1877329,1.3362939,2.3632247,5.5600643,-0.29709712,0.79907984,3.1885247,6.3533883,5.3010983,1.2158973,0.19108033,2.3488476,-2.2161467,7.8554516,3.4668257,1.8781197,-2.4504797,-3.879145,0.14763874,2.5040388,5.058985,-0.14221048,0.4609205,-7.7796173,-1.8721299,-0.9448542,6.1472635,-1.3918587,-0.39592087,1.4594897,4.9011374,1.6332245,-13.990066,-0.39910072,-3.4658248,-2.8376834,-0.5314311,-1.043104,0.2185948,-2.157247,-0.54599255,3.1148183,-2.2997708,1.4731499,-0.7517411,1.6834295,-0.0042341053,-0.105991215,2.4361827,-0.10711562,1.7927405,-1.9103582,-3.4833546,-7.275798,-1.8388925,4.11987,4.271717,0.9565456549556677,-0.9848604147225031,-8.676756,11.703428,0.8007498657929835,4.920842568401988,14.452896942083722,2,565.1482176942925,254.46199999999988,0.0723006810542217,0.9862572146150604,7.0,393.44395355060544,5389.220499499372,5463.487930818286,0.1482938071372768,290.69560000000007
C[N+]1(CCCCCC[N+]2(C)CCCC2)CCCCC1,5.667018,1.9945343,0.07498403,9.12932,-4.3207607,-0.6747551,1.5975777,0.55556417,2.1028235,2.7482657,5.4970765,0.60079986,1.0745475,2.1701598,6.646443,5.713736,0.27139643,1.2504361,1.6510258,-1.0425063,6.517679,2.995768,3.026902,-2.9013758,-4.598034,1.0965922,2.7219045,5.179602,-0.37247118,0.40529108,-7.5964756,-2.4056616,-1.5421419,5.9417815,-3.281077,-0.41064566,2.8466454,3.7974246,1.0335319,-14.99959,-0.9914064,-2.5681093,-3.167627,-0.497697,0.26645747,-0.15365697,-3.0502458,-0.021416843,4.048338,-3.8845596,2.3618896,-0.8342734,1.8253001,-0.12049167,-0.09988448,2.1567256,0.93098664,3.2984116,-2.6072197,-4.9425855,-6.2861314,-2.1002777,3.592723,3.2310505,1.1617400655096672,-1.284785122804312,-8.073876,11.782176,0.7899860775190244,5.093981941456019,14.80621808170086,2,583.6076980347535,268.489,0.0767050759673682,0.984371082910936,7.0,459.8337873870128,5960.073343903353,6052.558457348747,0.1501780302381524,306.8208000000001
C[N+]1(CCCCCC[N+]2(C)CCCCC2)CCCCC1,5.120629,-0.3032435,-2.7985094,10.570653,-1.1950974,-0.7900213,3.0261362,1.0899364,3.7180552,2.227415,5.794813,2.093392,-0.82160413,3.12146,9.025186,6.4919057,-5.520071,1.5084498,3.777017,1.7263767,4.775961,4.616176,5.6438684,-6.2336636,-8.163704,0.83407557,2.116906,4.1617856,1.0570703,-1.4475727,-6.0356693,-2.9886343,-3.3224669,7.739935,-8.734484,-4.175007,5.7244096,0.87919915,1.6128153,-16.661203,-1.3196509,0.7366778,-5.0937033,-1.3470917,2.439827,-2.4472222,-3.934647,2.0986626,7.530901,-8.440444,3.3344338,-2.5616362,4.085166,0.60875154,0.18343237,0.9172845,3.361616,5.245856,-4.1437273,-8.0427685,-7.080771,-2.0969703,4.0260825,2.770548,1.720864444595943,-1.7824044951397473,-7.112135,11.759544,0.7321050243574356,5.588270026166274,14.438891292164422,2,599.3569589312589,282.516,0.1008433170841914,0.9787302581022964,7.0,612.5860746984492,6063.07561567513,6191.075991781039,0.1770451014028013,322.97600000000006
C[N+]1(CCCCCC[N+]2(C)CCCCCC2)CCCCCC1,6.145258,-2.8851197,-3.557984,11.302973,0.08145097,3.6977284,1.7040817,1.4590881,5.869412,4.4618974,6.5145206,1.9081546,0.112750724,4.0297832,7.954169,5.9233165,-1.891536,0.67308146,0.35113925,3.95435,1.0332178,3.1302624,6.352487,-4.6655283,-5.4408727,1.2659395,1.6849326,6.2851796,-0.71497214,-1.3690238,-6.6174994,-3.379447,-1.9666889,6.9615602,-6.7211733,-1.8163143,8.186722,-1.7441088,-0.8726008,-16.545849,-1.049696,-2.1745646,-4.2665586,0.07201509,2.530638,0.71346134,-3.9774063,1.6523743,4.1617785,-10.087917,4.232422,-1.680402,1.1702182,0.1896873,-1.6084738,2.0128436,5.5426965,5.773279,-2.2725637,-8.9029455,-2.9597783,-2.767919,2.080957,-0.7842618,1.2394950791111874,-2.7189529441365483,-6.43281,12.435642,0.7652207819440242,5.831892941454472,15.907421177043224,2,639.457001939593,310.57000000000005,0.0865404149488479,0.9779676180457584,7.0,695.0341703631946,7913.6764717940705,8090.369676499657,0.1483967464789777,355.9456000000001
C[N+]1(CCCCC[N+]2(C)C3CCCC2CC3)C2CCCC1CC2,2.2578378,-0.02650091,-4.8149033,13.789655,1.0997878,6.31526,6.99491,2.0462174,4.6389785,6.187261,7.141361,3.3707397,-3.2292504,6.22728,6.433482,3.3444233,-7.00164,3.367008,1.3285085,7.853562,-2.1908238,-0.40682304,1.8644042,-4.254034,-1.6683297,-0.3335244,-1.2365224,3.8429177,2.233737,-0.4563232,-1.075143,-6.599611,2.0878296,6.5916457,-12.408136,-5.004377,13.344707,0.49378252,-2.812954,-10.851523,-4.7739244,0.60212344,-4.336526,-2.440362,5.393677,3.0717003,2.880975,3.5733023,8.13412,-11.69345,1.6051171,-2.8974345,5.2213817,-4.294447,-3.3139074,1.5594279,5.168547,4.630335,-2.0642877,-8.897986,-3.746265,1.2739154,0.7593937,2.7213283,2.814286147416349,-1.7428239873951357,-3.9672809,11.811442,0.7390133562183286,5.468989045535157,14.526077814261823,2,610.1557541975377,320.5650000000001,0.0979357746556896,0.9933874866985444,6.0,667.06020896398,6787.139696254099,6831.580917026742,0.1996254915321968,351.6853333333334
C[N+]1(CCCCC[N+]2(C)CCCC2)CCCC1,5.1205373,0.90749264,2.0678008,6.350531,-5.432183,-2.555524,1.2309091,-0.6394998,0.038172305,2.089539,4.2235594,-0.3876968,-0.7731002,5.1147723,3.9040637,3.2091994,1.0249101,0.23118648,4.094494,-2.2396011,7.725148,3.4048986,2.1335413,-2.782745,-3.3964195,-0.14339796,0.075959116,4.04511,0.78648674,0.42351246,-5.651904,-1.1753297,-2.192408,5.5309763,-1.3349116,-0.67371917,1.1184498,4.3776903,2.7806919,-11.205894,-1.7043889,-3.636608,-2.5130222,-0.52977693,-2.313775,0.76424634,-1.2179356,-0.97857046,3.8101125,-3.238719,1.2435954,-1.4095817,0.2167768,-0.1669053,0.0036560595,1.8578322,-0.6684867,0.6162796,-2.399353,-1.4752814,-8.126488,-2.0294874,3.754359,3.8929884,0.3560413294270632,-0.7546667562096361,-8.674549,11.035624,0.7601728039493727,4.856138875321519,13.48525282087001,2,534.5538096730279,240.4349999999999,0.0887447585263022,0.9849845650983592,6.0,377.0892750494043,4199.891365363254,4263.60975293594,0.1809310573236093,273.9995294117648
C[N+]1(CCCCC[N+]2(C)CCCC2)CCCCC1,4.9384413,0.15253368,0.8000724,7.1159177,-4.335906,-1.562129,1.618341,-0.3883002,0.7846058,2.4337983,4.0114517,0.36419243,-0.7774859,4.6009183,4.47298,3.1294641,-0.7287493,1.066331,4.075327,-0.97524476,6.64744,3.1478956,3.331582,-3.1156132,-3.8842986,0.69618326,0.112602025,4.1206894,0.7298341,0.16276455,-5.418969,-1.5104938,-2.897165,5.5583405,-3.6094499,-1.1141493,2.8533878,3.3501499,2.2462406,-12.09164,-1.9798396,-3.078581,-3.5064178,-0.5971018,-1.1262432,0.5699308,-1.7269824,-0.51528925,4.6474247,-4.677303,2.4006271,-1.8040087,0.74288064,-0.73805374,0.031251818,1.7346835,0.19971216,1.8711815,-3.0780833,-2.4031987,-7.822357,-2.113336,3.556874,3.478106,0.6281355161750609,-1.1389955785830825,-8.166427,11.045293,0.7505396891057772,5.000397093286089,13.72692193369846,2,553.3366554678314,254.46199999999988,0.0928063975363496,0.9823328489726608,6.0,438.1950811133793,4672.104162293892,4755.2819012568525,0.179690309929863,290.1240000000001
C[N+]1(CCCCC[N+]2(C)CCCCC2)CCCCC1,4.899,-1.1304166,-0.8194645,8.429682,-2.4123914,0.15162507,2.6381006,0.6557493,2.5447502,2.2955194,4.3288817,1.722087,-1.03206,4.784448,6.0746937,3.7267914,-3.3059125,0.63425726,3.9027243,1.0974473,4.611027,3.938906,5.1135535,-5.6739616,-5.4577937,0.6690614,0.1020979,3.4680462,1.1244771,-1.7589893,-5.0815315,-1.3992465,-3.3541787,6.70097,-6.5229917,-3.1937807,4.8507395,0.82355666,2.5867047,-13.794643,-2.2817864,-1.8068714,-4.715597,-0.8829999,0.33485195,-0.25423253,-2.8238947,0.7968027,5.8835435,-7.368744,4.3797097,-2.4473193,2.0303245,-0.44910777,-0.2934074,1.1492575,2.1279538,3.5596142,-4.2088027,-4.610911,-7.4505167,-2.7015195,3.2697327,2.6284885,0.8570716516239981,-1.703218451354535,-7.2399316,11.333232,0.746842079947216,5.242115116251126,14.041202376352624,2,571.5768441421476,268.489,0.094483079388199,0.9810491463734292,6.0,497.9874919071794,5229.882763778618,5329.6035540559615,0.1771336617613017,306.185142857143
C[N+]1(CCCCC[N+]2(C)CCCCCC2)CCCCCC1,5.3482313,-3.0919082,-3.333208,9.967688,0.20421013,4.230362,2.7753,1.6407902,5.5054283,4.0248756,5.443121,2.6734803,-1.1968565,5.536121,7.131067,4.042365,-3.8840108,0.6023724,1.7045076,4.75505,0.14367974,3.2849114,6.7116923,-6.288887,-5.22595,0.8121337,-0.3579192,4.2671847,0.7740779,-2.6658764,-4.5426455,-2.4171093,-2.2985935,7.661708,-8.224042,-3.7930486,8.671823,-2.3969932,0.8190011,-14.702755,-2.1916895,-1.7549772,-4.7535934,-0.40052652,1.9123881,1.0104353,-2.898784,1.9704318,5.1327033,-10.568036,5.2822866,-2.7615645,1.6251191,-0.7535133,-1.3153758,1.6341934,4.9388523,4.991272,-3.240958,-7.6233406,-4.028761,-2.6722877,1.8489755,-0.33594584,1.089965581311521,-2.661621504943899,-6.2139645,11.969341,0.7289708467951977,5.617541421323262,14.910268191320464,2,609.0425929182977,296.543,0.1018080655649163,0.9769802390164258,6.0,657.6883897765739,6365.403144339189,6512.919894326779,0.1761607342348892,339.2996000000001
C[N+]1(CCCCC[N+]2(C)CCNCC2)CCNCC1,4.108072,-0.71605706,-1.1165277,8.757123,-1.3793771,-1.7129592,2.0061123,-0.03154424,1.8659582,1.6054705,3.8855548,1.8703066,-1.2086575,3.8569841,5.5921597,5.089539,-3.7048118,1.471099,4.20103,-0.09416084,5.724757,3.8393314,3.9705005,-4.5652885,-6.3472686,0.49859655,1.447311,3.6919277,0.5108025,-0.22871673,-4.791477,-2.3923924,-3.7212696,5.45708,-5.9974556,-2.5341005,4.0943947,1.2796948,1.3383509,-13.1690445,-1.5935962,-0.92409486,-4.6635036,-1.2788727,0.33446404,-1.9300426,-2.851531,0.48276252,6.1349034,-7.129222,2.829005,-2.6847792,2.2496533,0.6335898,0.36921826,0.5332403,2.3113995,3.3878815,-3.1158347,-5.309821,-6.755122,-1.6781597,3.4718592,2.5473192,0.9589813619847649,-1.4442976962699614,-7.44535,11.099352,0.7417370759503906,5.335485767245225,13.833915002840046,2,563.330281430819,270.465,0.0961653940638832,0.9775551594718048,6.0,510.3507633245925,5204.034227706401,5322.754404399753,0.1829802770984436,299.2894545454546
C[N+]1(CCCC[N+]2(C)C3CCCC2CC3)C2CCCC1CC2,1.6418164,-3.4892242,-4.858828,11.626632,1.9049586,2.957057,5.563366,0.9257655,1.0166217,3.3859622,6.7182536,1.6626593,-4.9716444,5.893587,4.958642,2.5210824,-6.296722,2.74142,2.648113,5.7126956,0.32007188,0.43473613,3.7640464,-4.4878807,-2.8941715,0.49421918,-2.577881,1.7673755,3.7420557,0.40434456,-0.46896523,-5.3724914,-2.002475,5.1884556,-10.024649,-4.708797,8.401038,1.485826,-0.11518125,-8.265854,-6.307224,1.4332795,-2.3788588,-1.7298431,3.611525,0.7217812,1.0989226,2.7381787,8.758239,-11.841865,0.17744753,-2.2587643,2.4694703,-1.3111364,-1.2449428,0.6054518,2.4787745,3.0618703,-2.2825053,-6.5460887,-5.023209,1.2980419,-0.053047385,2.3334649,1.5760669408612007,-0.8272920438079012,-4.781712,10.844212,0.661739201976078,5.882533923925176,13.18162951277455,2,578.0213065010103,306.53799999999995,0.1310339786475059,0.9717825960480696,5.0,683.2043930198589,5071.424449936193,5218.429572922443,0.2202769427292853,334.98933333333343
C[N+]1(CCCC[N+]2(C)CCCC2)CCCC1,3.697907,-0.759323,1.914192,5.321566,-2.9798803,-6.7621546,0.28552175,-2.1334057,-5.2125773,-1.0509864,3.2387252,0.24404435,-5.038806,5.2990284,-1.4814215,4.0328803,-1.2411656,1.5232604,5.9024844,-4.128883,9.794796,4.5173993,2.8135238,-2.5716941,-5.104832,-0.34422702,-1.9151558,2.6052718,2.7274613,3.0720644,-0.71452373,-3.5382664,-6.0281043,1.2668542,-0.9928597,1.4998875,-0.17595582,4.7512484,1.8823493,-5.5989976,-4.361238,-3.5293171,-1.5959675,-1.0401838,-4.0876503,-1.1654767,0.5599084,-0.1498856,8.332137,-5.285119,-0.64727294,-3.0108063,0.23457707,2.5692003,2.3326447,-1.3254169,-2.0641432,-0.6650084,-1.8630027,-1.8729609,-8.879047,0.96364516,2.1321862,4.032915,-0.06963111662253006,0.4430946277585572,-9.119518,7.9255743,0.7047503677504746,4.920461496839697,12.155562209571356,2,503.4525168838284,226.4079999999999,0.1121028825211366,0.9785182216457828,5.0,365.2711646353702,3194.8078337761176,3264.8874030701804,0.2159531243444057,257.32266666666663
C[N+]1(CCCC[N+]2(C)CCCCC2)CCCCC1,3.7413955,-3.648397,-0.6310782,6.1915317,-2.892596,-1.0856928,1.8607861,-1.0753775,-0.7549421,1.6133295,3.253719,0.7947696,-5.178555,6.616634,2.3186028,1.8740772,-3.573167,1.5466726,4.897685,-0.07694386,5.513966,3.8797448,5.8238435,-3.4293401,-4.2018623,1.0466499,-3.3971164,2.5935524,3.066948,-0.40925157,-2.1545482,-1.5635114,-5.9839725,3.3536985,-5.0002246,-1.4259644,3.9855824,1.8866084,2.2027125,-8.654559,-5.094348,-3.6648295,-3.3602576,0.3434589,-1.6359402,0.86135435,-0.24402088,0.16527766,7.003732,-8.969438,3.4212732,-2.2652283,0.379376,-0.70225275,1.0813669,0.38400343,-0.28644544,1.1324981,-2.9320757,-1.745165,-8.439167,-0.8066518,1.5946326,2.6064284,0.0046156349725799,-1.2291478086483687,-7.251382,9.692557,0.7043991065091053,5.104571294614686,13.13885478398467,2,540.4482886587921,254.46199999999988,0.1129632958790391,0.9779655496439036,5.0,466.1261862020904,4101.109785243075,4190.308158221772,0.2085751046050954,289.53850000000006
C[N+]1(CCCC[N+]2(C)CCCCCC2)CCCCCC1,1.5620579,-3.7988985,-4.006177,10.512708,1.4397178,-0.0073960125,4.0405064,0.7772049,0.9108147,1.6343085,5.7204022,1.3563937,-5.3646097,5.2391057,6.3906474,3.7323747,-5.677006,0.95208627,2.6854172,3.4190264,3.0692468,3.8534513,5.4370914,-6.1225863,-5.478596,-0.33806092,-1.8192505,1.9692279,3.338283,-0.27428126,-2.2374744,-3.5735528,-4.425633,5.0931325,-7.9677267,-4.077207,4.386274,1.4939097,2.4072115,-9.963794,-6.140727,1.2677963,-1.9949319,-1.7602766,1.3232695,-1.479992,-0.83564556,2.0946045,8.648663,-11.847476,2.3247864,-1.0070899,2.682731,0.76155216,1.18819,0.038312763,1.8980399,1.6948452,-1.8680861,-6.4627995,-6.751309,0.24394618,1.5296755,2.1226003,0.7824670570635838,-0.968630541802438,-6.0879145,10.132919,0.6176335904318233,5.885632329610592,12.885315094802548,2,577.2527114610396,282.516,0.1524544908015741,0.964595391720294,5.0,722.3067356504297,4633.433658734519,4800.783213858491,0.2392002886269477,322.5848000000001
C[N+]1(CCCC[N+]2(C)CCNCC2)CCNCC1,1.9472709,-2.0708847,-1.1591341,7.458051,-0.39136043,-4.7121396,1.0461098,-2.1161103,-2.5208411,-0.4390121,2.428344,1.0817491,-5.613408,4.8461804,1.5092676,4.91129,-4.220704,2.057496,4.6906395,-2.547361,7.8739653,4.2344446,3.647266,-2.7053611,-6.8674717,0.017279565,-0.74166155,2.3217912,2.133789,2.309329,-1.6317934,-3.4549956,-7.0508227,1.5229919,-3.4213932,-0.09835519,1.3466612,3.0704377,1.1625222,-7.571821,-4.5821157,-1.3939271,-3.213464,-1.2257886,-1.9258637,-2.877884,-0.5782304,-0.32134783,7.8371267,-8.711465,0.8205756,-2.5206625,1.1227268,2.6953979,2.8639987,-1.4295468,-0.3059005,0.41695824,-0.9456614,-3.2434916,-7.5721684,1.1167164,2.031518,2.6341362,0.14402841108066944,-0.44840505557298493,-8.518613,8.173103,0.6858677012770884,5.318062664827293,12.534674375899131,2,532.1328459028147,256.438,0.1210142706658331,0.9744529574419216,5.0,494.5222311831287,4042.456462453128,4144.656285029165,0.2243128207118235,282.41777777777787
C[N+]1(CCC[N+]2(C)CCCC2)CCCC1,4.5615826,-0.48473284,1.9129417,5.557753,-3.4604611,-7.632573,-0.37822562,-0.91401386,-6.3287086,-1.9295939,6.557003,-0.4294278,-7.7030535,6.6923366,-2.4294972,3.9213557,-2.360664,1.0414857,8.092727,-7.971629,10.843283,6.297835,1.6922424,-4.5253925,-5.615039,-1.2474909,-3.41483,0.53209686,5.0178194,3.0029807,1.0449065,-3.679632,-4.319838,0.18074307,-0.38448888,1.617179,-1.1596136,4.839323,1.1433047,-5.1840754,-4.9936204,-5.3807826,0.99737346,-0.9371824,-4.0652847,-0.4414577,1.4433552,0.7854782,12.032709,-6.1937547,-0.28564277,-4.543389,2.5293896,4.424428,3.6552787,-0.27485356,-1.804537,-0.81712234,-0.8994529,-2.1295729,-11.782904,1.0751657,4.036927,6.3276286,0.3025631471956357,0.7261757608549021,-9.817848,7.8174148,0.633465598186759,4.87096669143033,11.151755292647474,2,473.32918410964567,212.38099999999991,0.144582194904222,0.9761061317156926,4.0,344.9409491665796,2331.252281675267,2388.260000185044,0.2725674788230462,240.6891428571429
C[N+]1(CCC[N+]2(C)CCCCC2)CCCCC1,2.0586967,-5.6353774,-1.6395607,6.0658965,-0.28734878,-5.138975,-0.14521141,-1.5217631,-4.4708195,-1.2368813,5.8495502,-0.23136933,-10.165809,7.2812114,0.8985059,3.4350638,-4.343774,-0.54028445,4.9305315,-3.3612287,7.5266256,7.32374,4.9096246,-4.257515,-4.9277196,-0.8355059,-5.211086,0.8417169,5.485246,1.0735413,1.0434493,-3.6562169,-7.755686,-0.16355279,-2.063271,-0.16770501,-0.7377888,2.9415877,2.5014815,-4.209282,-7.104415,-4.857367,1.4893657,0.11485386,-3.921834,-1.0117635,1.8766445,1.3612692,10.794206,-10.817575,1.3212293,-1.4038439,1.6705018,2.6352644,4.4353194,-1.6259768,-1.6570991,-2.4454443,0.926507,-2.718907,-10.037337,2.0762541,0.82674694,3.7597826,-0.6787827900207583,-0.03567077347861354,-9.622119,7.3408184,0.5966682223602995,5.3276140997678105,11.45425411410848,2,508.0803027853384,240.4349999999999,0.1630481974630488,0.9625378756658248,4.0,484.5561857294683,2906.950137041259,3017.5720526527275,0.2690426476368011,272.9004000000001
C[N+]1(CC[N+]2(C)CCCCC2)CCCCC1,2.721322,-5.6904635,6.289187,13.551145,-0.49819544,-7.047349,-2.358187,-1.4257721,-2.2054765,1.5093867,3.510587,3.493417,-9.894455,10.160672,3.6210637,1.06916,-4.2705355,-1.1538268,6.9873757,-4.4766526,16.61038,6.3417807,4.2469373,-9.095377,-3.0717218,-1.7782099,-1.9904779,3.2413523,-0.5631423,0.7355248,-3.5908766,-1.121664,-8.833157,2.8022687,-4.4248004,-7.3622804,2.3748312,0.5039929,4.521351,-10.2150345,-10.7736,-3.6387718,1.4552344,-4.5439568,-7.269944,0.0796601,2.1741061,-3.5270953,10.668877,-12.3881235,6.5428696,-0.66839236,4.661167,-2.54556,3.1052794,-4.2053275,4.431387,-3.208479,0.9133414,-10.050515,-11.597596,-1.1521832,5.2001686,5.301644,-0.5968254782611639,-2.7845377932155615,-9.800082,6.261572,0.5004101563248339,10.497057822760334,5.29753326899365,2,475.7448545606224,226.4079999999999,0.2164492019533264,0.961385333439772,3.0,471.5804486349593,2149.8850290366227,2231.0628303051585,0.3459385177702085,256.58933333333334
C[N+]1(Cc2ccc(F)cc2)CCCC1,-0.00012613088,-4.7755733,0.17256053,1.7351587,-0.8882065,-4.6097865,-4.836113,-1.56681,-1.5368724,-5.0572085,3.5942693,-1.5523742,-1.439084,2.5920641,-1.7966682,4.769231,4.25804,2.6389854,0.7539257,-4.7257714,6.1785674,7.598175,2.774143,-0.5238453,-3.225551,-1.5833895,1.7070662,7.811503,-4.6176786,3.2420025,-3.7023056,-2.7161067,-1.4441645,-7.5265903,3.7180274,3.5123703,-1.5088259,-0.33666646,-6.9788094,-1.3519063,-6.5330234,1.0802377,0.8967057,1.2647953,-1.326155,-2.0333054,-3.1830645,2.3770063,1.4925927,-6.065743,-0.18401018,3.984026,0.78194803,2.0355692,0.732005,0.11339906,5.3666234,-2.6795769,0.6615927,-7.2249484,-5.695279,-3.2094095,3.2236345,2.9991841,-2.5446125593200652,0.20076035849381005,-3.2532327,3.381851,0.4987059793702068,4.967891194220102,8.877371711465344,1,402.7566304966453,194.273,0.2163216194999458,0.961089107716234,2.0,322.35620633982506,1454.907461372036,1515.8335461797662,0.4421703414661713,194.66133333333337
C[N+]1(Cc2ccccc2)CCC(C2CC[N+](C)(Cc3ccccc3)CC2)CC1,0.80611706,-4.0829415,-6.151349,10.467582,1.2181939,8.556862,2.3857424,2.1936276,6.829905,3.3163776,6.6610537,1.1212654,-4.7276917,6.9316344,7.0466437,3.4245582,-6.1455493,1.1913317,1.4411266,8.71802,-4.749505,0.5890672,-0.07810825,-2.823585,-0.12912554,-1.2884686,1.4899335,2.0345023,-1.9899274,-1.9280136,1.9176098,-3.6428394,3.1369596,4.3133106,-8.819315,-3.6635954,13.582053,-3.6218154,-6.1084366,-3.8389282,-1.9868634,-2.74377,-5.1137295,-1.1111567,2.3510828,4.189864,2.4880552,5.243455,4.1578336,-13.027731,2.2328758,-2.9034555,7.2615194,-4.546829,-6.405849,1.4608791,8.930505,3.4266064,3.0529928,-10.27571,0.93673486,0.765956,1.3355722,-0.30844474,1.945314007602143,-2.7488732178321875,-3.5076208,12.290484,0.6767391561933453,6.8401807221160205,16.577638921831756,2,679.7689403013811,378.60400000000016,0.1247372383605435,0.9492432417574568,5.0,1167.8175874095082,9049.305851841356,9520.815018538346,0.1816093685171577,400.2097777777778
C[N+]1(Cc2ccccc2)CCC(CCCC2CC[N+](C)(Cc3ccccc3)CC2)CC1,6.4018035,1.2908599,-4.8002014,10.13237,-2.343597,10.032175,-0.9521915,4.1266,6.72944,3.4425209,7.3178196,2.1522322,-2.2265167,2.5054646,5.50997,4.4802012,-1.0003208,0.87760395,2.1148086,5.4004455,-1.9962174,-1.3575418,-1.3555708,1.1454437,-2.1460617,-0.23256183,5.7837496,2.1843438,-7.71341,-1.2872823,3.8491967,-2.0288184,2.0618327,8.446805,-8.055198,-0.8000075,15.361127,-5.9528303,-8.421183,-3.3191,5.3106875,-8.975534,-7.5149927,1.0142045,0.89443684,7.0944433,1.9586982,3.4759076,2.4774258,-4.7351356,3.6444888,-5.9045787,11.432845,-6.483462,-7.385845,0.6955235,11.505153,6.1574183,4.714599,-14.436448,4.6641145,-1.3351667,6.2920856,-0.7344191,3.534241669488459,-4.0595834357676495,-4.002996,16.092342,0.7718921099451449,7.037873772852757,20.06396924575777,2,773.0088783029354,420.6850000000002,0.084130018224262,0.9672105197072004,8.0,1310.7163722797627,15333.19102577031,15842.963451573643,0.1258650142894279,450.4628000000001
C[N+]1(Cc2ccccc2)CCC(CCCCCC2CC[N+](C)(Cc3ccccc3)CC2)CC1,9.518511,3.44792,-4.3835917,10.964755,-5.3250604,8.027842,0.48718488,5.3297644,2.3654463,2.037166,12.571813,0.5744749,1.3346719,-2.3941226,2.1467838,3.193781,11.135858,1.0346496,-1.0173068,1.5009288,2.922187,-7.8123646,-5.355664,1.4352636,-0.85028154,3.2143815,9.810927,3.1523914,-14.76534,4.0735545,3.6307101,-1.4679322,0.59192187,12.250495,-4.6392736,6.616522,9.483942,-1.449671,-7.5681515,-3.5633595,4.131212,-13.04634,-5.8095207,2.0202692,-2.4854147,9.875441,-2.1524894,-1.0562303,5.0983176,0.7323922,3.167602,-6.1144977,9.66814,-2.0446386,-6.5661736,-1.7941957,11.181836,6.6706686,4.139835,-19.08811,7.9606004,-6.500509,9.763157,0.01086426,4.713075798733036,-3.1450644004805732,-4.7175584,17.18593,0.8223212499378232,6.971848271470878,22.23140979538245,2,830.8760168928186,448.73900000000026,0.0641881545012073,0.9770327086583076,10.0,1331.0786794400444,20745.035878710813,21220.375450655327,0.1035340836289201,484.0456000000001
C[N+]1(Cc2ccccc2)CCCC1,-1.092562,-5.6738963,-1.2479608,1.7606132,1.0713283,-4.659185,-2.3232672,-0.6627048,0.9998305,-5.5689507,1.0186915,-0.38041407,-1.6979129,6.522921,-1.4162103,0.34396034,3.923059,-0.22151417,0.06431952,0.62467146,4.2586565,7.485899,4.1867247,-0.3850993,-1.2920892,-3.7972353,-3.1237652,4.3774304,-3.0651171,2.3806872,-1.1675125,-1.027648,-2.277162,-8.384656,4.0875516,2.43144,-0.3014866,-3.3775778,-4.476283,-1.9330747,-4.9226165,2.796726,1.2589979,3.7786884,1.8601949,-4.110638,-4.823119,0.2722028,-0.36593482,-9.183908,-1.0690076,5.6606445,-2.9706295,3.4024167,-2.8033822,-2.5161343,6.1778884,-3.3381102,-0.21963033,-0.36162636,-4.6396194,1.1619927,1.6805449,1.9592617,-4.1768076102688445,0.6544489558050646,-4.09102,1.6286889,0.4258701024606946,4.895081837543575,8.895871660402559,1,393.52921887564776,176.28300000000002,0.2598948137861092,0.934677955747832,2.0,294.6484634537036,1075.6293833468108,1153.9083896401826,0.3852996355105566,189.48320000000004
C[N+]1(Cc2ccccc2)CCCC1CO,-1.3152379,-5.8312287,-2.4825768,2.1355731,2.9702573,-2.6816165,-3.1337998,-0.11959353,2.0705156,-0.60779464,2.0983534,2.554848,-0.96623975,3.3525019,-0.985609,2.5356264,0.9858183,0.3977,-3.6802175,-0.9722779,-0.13219362,5.269487,2.2372968,-0.08339463,-0.71843076,-1.5049706,-1.4343286,5.6495576,-1.7685369,0.82196486,0.109795965,-4.099686,-0.8286812,-7.0958323,1.785836,2.3374743,-0.015048042,-4.9946094,-7.485315,-1.0614574,-3.3835218,1.4753628,2.1668012,2.8743372,1.9012017,-3.981336,-0.14464465,1.4155407,1.5303165,-6.8833013,-0.93413174,3.63222,-2.3044703,-0.09605767,0.11718026,-1.8552066,4.5964866,-0.51596236,2.0317419,-4.4396286,-1.3055478,0.58329684,-0.97541976,-1.6450983,-2.9520330283329335,0.024575114231528878,-2.1411018,1.0998689,0.3427266851881688,5.490588811370005,9.205380126310583,1,420.24805078504767,206.3089999999999,0.314137200044234,0.9010188873179515,3.0,460.2971822557551,1334.681213433376,1483.4084534108763,0.4212571895167002,215.0224000000001
C[N+]1(Cc2ccccc2)CCCCC1CCCC1CCCC[N+]1(C)Cc1ccccc1,1.3304441,-0.06589481,-7.77573,7.7647233,-1.0891265,3.6778154,-2.1228735,-1.2057389,7.686882,7.779985,3.682671,-1.7040335,-6.209126,5.4554524,12.931181,7.758064,-8.331716,3.2249494,2.1141229,3.1164036,-1.0962659,0.15198778,-2.3776507,-0.6040514,-5.210317,-2.1539598,5.356006,3.171916,-1.7436198,0.06653577,0.5203364,-2.7973137,0.51109654,9.451315,-7.174304,-2.4719937,7.335342,1.0322738,-3.231557,-5.761931,0.845738,-4.2776017,0.16856122,-2.803282,-0.42553744,5.062589,5.689691,1.3576281,4.742785,-11.545378,1.1477147,-3.8761852,11.3928585,-0.5383769,3.204121,5.030342,4.317791,-0.1222392,11.532488,-10.831726,5.821028,2.1238132,4.7787547,-3.331024,3.6205516678932463,-3.9832931468324695,-2.1519601,12.621982,0.504704960211886,8.715463874956365,16.112378860268482,2,743.8426380207513,420.6850000000002,0.2123469336351987,0.8978215846833635,8.0,2108.0691017489903,9309.385124986924,10328.55094221455,0.2278384023407424,450.4680000000001
C[N+]1(Cc2ccccc2)CCCCCC1,-1.3220754,-6.6943607,-2.9085264,4.570533,1.0336636,-3.4608,-2.561833,0.9619304,3.0504358,-4.536965,2.2481518,-1.5582854,-2.9444323,7.191081,-0.2965805,-1.1820784,1.9652693,-0.7879233,0.36562577,1.1643901,1.5298065,4.8831244,5.5790725,0.035817206,0.1280118,-2.2984662,-4.4582286,3.8700778,-3.8708627,1.3450811,1.2041987,0.41288638,-1.1756349,-4.4779663,0.8086814,1.4880581,2.6964638,-4.988399,-5.136011,-1.5245314,-4.9538755,2.6992366,2.011329,2.4120433,0.91101336,-2.2135906,-3.2513328,-1.6589866,-1.6185434,-10.17723,-0.42749438,3.2415216,-3.064819,0.23872875,-4.47244,-2.3511195,7.928351,-2.1104898,-0.30865008,-1.0082406,-2.9572835,0.20144133,1.154888,-0.3441676,-3.7350869228438475,-0.5590114050417211,-4.7842264,0.43553233,0.433885030804082,5.270552309230842,9.666872988171546,1,428.4742771536171,204.3369999999999,0.2538092577528275,0.9257973924899126,2.0,403.501104595143,1494.0105391943134,1614.6410092499814,0.3644650725758235,222.08200000000005
C[N+]1(Cc2ccccc2F)CCCC1,-0.83312666,-4.719217,-1.0207231,-0.6064097,0.25865754,-3.8349175,-2.141929,-1.161626,3.3779612,-0.2991392,0.4513129,1.2534108,-1.3553901,4.5112743,-1.7302246,0.9184011,1.216907,2.3854785,-0.9471413,-0.681297,-0.32530808,3.1791377,2.7519362,1.901865,0.56967175,-0.39015102,-1.1134135,2.6968918,-1.4785798,0.7144109,0.5282888,-0.618228,-1.6324191,-5.863754,1.8988627,2.3525486,1.0431817,-4.3740363,-6.0603905,-1.3605676,-5.370089,0.0535419,1.9312284,3.4529598,1.3736835,-2.7401621,-0.42634007,-1.0754659,-0.42015907,-7.734637,-0.49920657,3.2876322,-2.7557948,-0.25618172,-1.5116688,-1.9493291,4.0210376,-0.7478827,2.9584126,-1.2410134,-0.42479986,1.6257465,-1.2714233,-1.4210359,-3.1749862985766155,-0.6386453599702601,-2.9098074,0.8287922,0.3197601755490146,4.920472500861067,8.793353626629283,1,394.9418663749829,194.273,0.3345982014349904,0.898761696913746,2.0,399.2502758385923,1094.0726001748485,1222.0100042405395,0.4375563000208526,194.32342857142865
C[N+]12CCC(CC1)CC2,2.0248532,-4.089602,-5.299607,1.9407487,-3.1176782,-0.21367666,3.286416,0.387359,3.5064714,5.4608293,6.136966,-4.6305676,3.2582965,4.687904,4.8543267,1.5582315,-0.54799277,-0.7205416,-0.12560269,1.2580767,-5.723403,-5.6898165,-2.4967837,-3.850421,-3.4693756,2.5004137,6.431041,-2.1154897,-0.59418535,-2.026819,-2.023483,0.6228717,-0.29384786,5.797756,0.6567851,3.264552,-0.8133912,1.4260156,0.2810406,-7.5432024,-7.7636175,0.10920948,-3.5860662,0.30911577,0.8907808,0.75406194,-2.7737188,0.8156085,1.6936733,-8.789453,-1.4779799,-1.8652337,-1.1016194,4.047049,-2.4828947,-0.05278012,-1.233239,3.1668577,0.62246037,-2.3083932,-0.055722475,-3.4318,1.1876955,-2.34905,0.5680857914424786,-0.27070783714820684,-2.783648,-6.7948184,0.0694911820733734,4.043522922894611,5.554159326531767,1,314.2249074803715,126.223,0.650630225597421,0.999997095252676,0.0,208.7727716084177,320.8768313592709,320.8777634280956,0.8019685629854079,139.48000000000005
C[N+]12CCC(CCCC3CCC[N+](C)(Cc4ccc(cc4)C1)C3)CC2,-6.601182,-10.480809,-15.240576,10.985999,2.965788,5.026189,8.794955,6.243515,4.821628,7.8295302,16.813185,-7.0659585,-11.361081,14.552266,14.967005,2.9302044,-11.4040985,-1.100619,4.979557,14.633464,-12.281019,-10.752052,-10.340209,-9.6116085,-0.21005553,-3.2439382,1.1642575,-6.416861,-4.093721,-8.7346525,3.9880264,-7.004817,7.7666464,19.341293,-15.410851,-8.835509,10.763757,5.7731833,0.3998791,-0.66652477,-13.499403,-4.58956,-6.681696,-10.5933485,-3.072242,3.8114047,10.922892,4.0888205,12.429035,-24.83466,0.111772485,-8.6560335,11.408738,-2.882041,-2.2326014,5.520854,5.82151,-0.14727637,8.4894285,-16.590218,1.8105757,0.5905706,4.9141073,0.0008292217,6.538545011399038,-3.028378495999936,-7.8407307,-16.012007,0.2867036152878744,6.691205212025727,11.244779566532024,2,548.3683736143626,342.57100000000025,0.3511175460424794,0.8431522488569438,0.0,1323.460927903921,3183.193191029196,3777.093696906114,0.3668316124759638,366.7380000000001
C[N+]12CCCCC1C[C@@H]1C[C@H]2CC2CCCC[N+]21C,1.8769708,-6.8415627,-13.9828,-0.4979133,-2.8186677,-4.6605625,4.8293953,7.7824697,8.756307,2.5711412,19.816286,-10.768691,-13.243535,15.32323,8.067474,6.9085846,-7.8380737,4.567778,10.371562,0.6339851,-11.964713,-3.5591333,-0.028192103,-6.322648,-5.735535,-1.2700071,-1.9432634,-10.269218,-1.3713502,-8.05736,5.2522273,1.1510527,5.3780155,14.579453,-8.683812,-4.7763753,6.3336644,4.5116005,-1.4242309,-0.63984853,-18.71642,-6.199379,3.6332583,-4.08564,-1.0692538,1.9172353,6.1425967,2.0717347,12.055886,-23.407871,-0.880592,-10.181092,8.279984,2.6401577,-3.0319333,2.805897,6.6030564,0.7261752,10.787598,-14.982338,-2.2782118,-2.8538787,3.566684,2.3401275,3.4184975701541567,-3.54171228900776,-8.358182,-14.972681,0.3391883464632597,5.305288057586563,9.470368332394228,2,471.8804301937053,264.45699999999994,0.3220154018255847,0.946779675385066,0.0,658.4268274002698,1964.0502360219923,2075.9908336784124,0.4523529458142571,283.2346666666667
C[N+]12CCCCC1C[C@H]1C[C@@H]2CC2CCCC[N+]21C,0.08301484,-7.289984,-11.1477165,0.7565735,-0.84276855,-4.947319,3.5446413,4.658913,6.83093,0.28445154,15.093919,-9.273654,-14.762839,14.034733,6.5686216,7.5196195,-5.8949347,5.202424,9.319803,0.5357012,-6.397421,-0.74220335,-0.29969966,-4.157194,-4.8161855,-2.6510026,-0.30267456,-7.487247,-3.2500548,-4.0847526,2.2483537,0.7410374,2.5910056,10.162717,-6.222217,-3.709842,4.952436,5.9179425,0.9671787,-1.960851,-17.969437,-6.5025687,2.1264906,-5.449703,-3.8041396,1.0775303,4.048213,0.7667083,10.048591,-24.341614,-0.5229181,-6.7878456,7.012924,4.5968337,-0.73062086,1.7813556,6.4784646,-2.338596,12.473049,-13.934136,-1.1673281,-0.41709846,3.8681386,1.9001192,2.4674227264648367,-3.594711816365843,-7.9963293,-14.715584,0.3498370968484557,5.542553829915148,9.842585390573046,2,466.4983772881924,264.45699999999994,0.309862828748793,0.9525777947700802,0.0,631.8631031172506,1945.9023295616064,2043.8116145635245,0.4523844328647444,283.04800000000006
C[N+]12CCCC[C@@H]1[C@H]1C[C@@H](C2)[C@@H]2CCCCN2C1,-0.058883674,-7.4397845,-4.7317286,1.1240426,-1.8210753,-3.5456576,-0.60979784,-0.61793077,6.3014393,-0.5605728,7.8353486,-5.1963,-6.769105,8.956244,4.043235,0.62911856,0.46974197,3.6633723,5.692786,6.736107,-2.6517305,-1.9204118,3.1570067,0.4847709,1.1441653,1.0969844,0.7455119,-2.0197682,-6.4600425,0.07070637,-0.26170224,1.2011949,-0.4482879,5.8483424,-4.141475,1.1956253,8.545957,-0.46221173,-3.429331,-1.9743667,-13.378039,-7.1795483,-1.9545,-0.90827346,-6.1289396,2.355164,1.3163742,-1.5332661,0.38643983,-18.338367,1.6640663,-0.62891716,2.3202374,-2.5427244,-5.91918,-0.55952716,8.957522,-3.874986,8.050463,-8.879577,3.4645863,0.1046664,0.69881403,-1.271174,-0.3380229849082244,-3.656170617275279,-8.334452,-8.513991,0.2946443352119362,5.29643958722123,9.55415654383366,1,449.1049585833948,249.4219999999999,0.3539799729178369,0.9224276274202002,0.0,608.6871487910132,1603.8247151732917,1734.8426492703938,0.4629451924139841,263.22800000000007
C[N+]12CCCc3cccc(c31)CCC2,-1.2448153,-2.323572,1.4346802,10.4791,2.2909498,-1.4346257,0.9101137,-1.2440385,-6.417524,6.280979,-2.4563656,2.3820055,-6.805217,3.8408644,-1.099182,1.5423158,-3.3541334,-2.5837605,2.5265937,3.5061026,7.9912977,-9.948157,-4.106764,-3.472084,-1.9286125,-3.0924935,2.521601,1.216565,-4.495376,4.0245714,2.0529015,-4.668955,-1.5482306,9.272346,-3.0427356,1.4791005,5.3719153,2.4691746,5.660413,-1.079236,-1.049947,-3.4122813,-0.7154321,-3.7323358,-5.274426,3.9377036,6.772425,-5.2419887,5.9927373,-5.345348,1.8807842,-6.079901,3.5107193,2.6835833,3.1143906,-2.2190397,-3.057541,-2.19522,0.93031275,-7.9155593,5.874115,2.7318842,2.3278277,-4.483362,2.338728765452127,-0.9212943611072161,2.6306126,-10.846807,0.1699888150756306,6.764008273161357,7.010247378586902,1,380.8043162773768,188.29399999999995,0.559132929272149,0.5651094791145664,0.0,573.5085629609824,579.6387733852753,1025.7105831837644,0.3012416634066258,193.71200000000005
C[N+]12CCN(CC1)CC2,4.2827168,-2.14092,-8.088966,2.809063,-2.618363,-0.243983,3.893469,2.6202836,6.237356,5.5144477,9.05029,-5.5261903,0.18623729,5.951257,5.4509864,1.9357909,-1.7434453,0.65734977,-0.1168628,1.213612,-6.8651204,-6.424765,-0.92608124,-2.0398898,-4.928315,2.843647,3.8466067,-1.0541378,-2.7480836,-2.6708732,-1.2785,-0.4249298,0.093265355,9.542772,-1.1500139,2.984648,1.1045437,1.8332002,-2.2786314,-5.3858266,-7.169369,-1.2818127,-2.2595828,0.64019716,-0.100108,-0.33721662,1.5432106,-0.4474583,1.8416107,-8.586406,-0.77032864,-4.015706,0.2564034,1.1282012,-2.39235,-0.77993417,2.2345183,3.0764089,3.8254678,-5.790912,0.635227,-5.041061,1.5642499,-3.5548701,1.2381978070660653,-1.6014930802963045,-3.0702033,-6.7895584,0.0803365104597065,3.997484883933965,4.518966786652171,1,307.7381567658959,127.211,0.6276155105663747,0.99999214882794,0.0,202.5963336212136,322.8007268649454,322.80326124889103,0.8349020261746262,136.69600000000003
C[N+]12CC[N+](C)(CC1)CC2,6.979675,-11.386627,-16.669735,-4.4655995,-1.7890297,-8.172997,11.632977,6.411606,2.6094255,6.9389486,18.35331,-6.0687013,-11.133483,11.481144,4.781507,7.886436,-12.706667,9.85441,7.3103867,-2.9057848,-11.913185,-5.6620746,-2.7503934,-9.316138,-7.2481275,2.8072,4.9202695,-7.658604,8.914404,-7.580661,-1.4608737,-1.3283558,4.404912,5.747773,-6.6421957,2.211028,0.99477446,9.690084,11.156956,-15.840099,-17.331057,3.186431,-0.493047,-0.86507726,4.7926273,-1.9832183,-3.2252808,11.716068,16.329948,-24.29629,-3.410795,-5.708841,-0.9251762,9.15228,-3.0423224,6.9452777,-5.9663396,7.7589636,1.0578411,-9.393925,-6.6479955,-3.3015494,-1.4524267,-3.826261,3.3897845053312112,-0.40221095443753957,-15.739114,1.1811147,0.1958913112169785,3.705603106091993,6.371991841898828,2,333.8686267868765,142.24599999999998,0.4564014054403435,0.9999937255025296,0.0,215.82265427067944,472.8760637442674,472.8790308225502,0.6385072187807098,157.16800000000003
C[N+]1C(C)(C)CCCC1(C)C,6.941958,-3.3381472,3.8751507,-1.8844373,-6.3253794,-3.571227,-1.6758462,0.4123746,6.254193,3.326186,2.9749281,-0.9481614,-1.3623793,4.0709147,3.530972,-1.1239084,-0.05334983,4.4927645,8.514427,-3.3210053,2.0164804,-3.7374644,2.9695683,-2.9098613,-0.67549795,2.3481202,8.932831,-3.552735,-4.892754,-1.7268487,-5.2961893,7.8325057,-0.3834654,11.154136,-2.590946,-1.6529527,4.2348647,-1.2540283,9.096967,-13.9038515,-6.824345,-3.6591222,1.4576542,-2.8554218,-5.938839,5.8524365,-4.7032895,-4.2434793,0.17813185,-8.821944,4.8026423,-5.1689153,2.9895985,0.7706366,-2.1324964,2.4445946,2.9918494,2.7451656,3.334741,-9.695635,2.1756873,-4.1064034,4.7013416,-3.4655952,0.6359515460619206,-4.649452499154969,-4.9670706,-9.926735,0.0950001969502941,5.904495800671654,6.646277984651372,1,357.82567363079227,155.285,0.5780788592117837,0.7930539008191597,0.0,353.7630899162368,485.3199419996916,611.9633753751111,0.5883851508342925,179.99200000000005
C[N@@+]1(Cc2ccccc2)CCCC1CO,-1.8995237,-6.2803636,-2.6206212,2.7206867,3.5686455,-2.3898618,-2.7072241,-0.5312586,0.5771746,-0.9880299,0.9860225,2.756947,-1.1654547,3.574435,-1.5829109,2.0207276,0.88775027,-0.055078447,-3.8245797,-0.28339243,0.35570088,4.8844814,2.3365574,-0.6185083,-0.8714457,-1.7660046,-1.6736044,5.618878,-1.4152293,1.2313956,0.66203743,-4.353357,-1.6244123,-7.551077,1.9779043,2.393999,-0.3725468,-4.868991,-6.5202193,-0.7550782,-3.5793505,2.4953148,1.6642125,2.621782,1.8668802,-4.2970643,-0.5167209,1.6584861,1.5813284,-7.181352,-1.1361915,3.8442156,-2.906493,0.62608016,0.14811292,-2.1208289,3.3696656,-0.56866896,0.9767319,-3.2929983,-1.2284365,1.3186104,-1.3256843,-2.3468547,-3.094867677373621,0.44375592664339336,-1.9442364,1.2558877,0.3929878173265119,5.455648039168887,9.352254909687831,1,421.9125712867406,206.3089999999999,0.2770241145000552,0.9055626500584544,3.0,429.62394292683774,1411.6429859869795,1561.3738215811532,0.3748663785106777,214.93760000000003
C[N@@+]1(Cc2ccccc2)CCC[C@H]1CO,-1.8972559,-5.308205,-1.9064326,3.9049613,3.4943447,-3.9114993,-2.6521337,-0.4192213,2.4551656,0.36274987,2.8694866,1.0657254,-1.8007292,4.2173576,1.5766551,1.9203597,2.6596215,-2.1020794,-4.0156827,-0.21197753,1.4858745,7.1426945,1.1082067,-2.371208,-0.39676148,-3.8233278,-0.8829385,5.9584327,-2.1291866,1.6296707,-2.3373342,-3.6563551,-1.0793324,-3.8142583,3.6146808,1.986084,-3.1614504,-2.7109177,-3.6048782,-3.1243472,-4.3205338,1.1779349,2.8824792,0.3627387,-0.22990415,-3.0069466,-0.005426258,0.8232108,0.9885949,-7.299291,-0.44769427,4.8757086,-2.1173234,0.9478059,1.7499328,-1.207113,3.6112142,-3.3218493,4.228299,-4.9072013,-2.496081,0.9218901,0.7472939,-1.6021578,-2.7794421509733813,0.04958228563981872,-2.8489106,1.5755202,0.3008115237879378,6.32042374198556,8.766162862350967,1,423.2410900470892,206.3089999999999,0.3466201002568354,0.8676516601892342,3.0,500.2035002568544,1277.2116862673072,1472.1915731029114,0.413841127427376,215.02000000000004
C[N@@+]12CCCC[C@@H]1[C@H]1CCC[N@@+]3(C)CCC[C@H](C2)[C@@H]13,1.7692063,-4.156418,-10.650927,-2.9283445,-2.5512166,-1.8551381,7.405616,6.562735,14.632375,9.13638,16.031656,-5.6535106,-9.006852,16.991919,9.804761,2.4805412,-6.7810817,2.0467443,9.590754,4.35097,-16.2441,-5.5379763,-2.109024,-6.513466,-2.3484938,-2.8471875,-2.256687,-11.459663,-0.47028187,-10.356444,3.88343,2.06913,5.0266333,18.062115,-9.6885,-8.462945,8.06384,-1.140807,-0.5107342,-2.965283,-16.740963,-10.901559,2.6682339,-2.3235595,0.9311302,3.343943,9.942422,-0.5130767,10.295582,-22.560892,2.3335874,-11.189183,9.8145275,-0.31334853,-3.3230202,4.3169265,6.936897,0.5179274,13.596771,-12.005137,0.5153635,-2.2647932,2.72904,0.3583548,3.5275496757027134,-5.028615669312677,-8.507301,-15.067469,0.2163237650694558,5.840445725539882,8.903649213451914,2,472.21884247470217,264.45699999999994,0.4196481731930169,0.9145266073534652,0.0,794.6386699960876,1731.7819303338442,1893.606678350991,0.5423008890224187,283.744
C[N@@+]12CCCC[C@H]1[C@@H]1CC[C@@H](C1)C2,2.2358637,-4.652499,-0.81652874,-0.037366748,-4.8581567,-5.9490933,-1.0406277,0.6052835,5.457297,-0.12994282,5.0480037,-6.1319327,-3.2676415,7.2818995,0.7343054,-3.468254,0.7951901,1.6217707,5.607674,-1.3601325,-1.3108222,-3.5762527,3.9035866,1.495838,1.1301398,1.9982499,0.08371058,-4.419726,-3.4069924,-0.35437912,-0.6521244,5.2932973,-0.5410223,7.7322397,0.08232706,1.9066045,2.81698,0.7026521,0.7668745,-4.163395,-9.195883,-2.301953,2.0105476,-0.70829356,-3.9310827,2.3448608,-0.8370367,-6.5844207,-3.2003999,-10.160807,-0.5483987,-2.788131,-3.2770236,0.55397594,-3.773688,-1.0759811,4.2719197,-2.387081,4.2696624,-2.5136251,0.107482314,-2.2167263,1.5177085,-0.6238533,-1.5164579731804406,-2.4729274348802797,-7.5657477,-4.927249,0.2102580865899127,4.990459247852595,7.303361744690322,1,376.35209664434205,180.315,0.4218518574860723,0.8713204157364621,0.0,359.68633979754924,742.9196898521992,852.6366149980138,0.5256343502978308,195.18400000000003
C[N@@H+]1C=CN=C1,5.418854,-5.9414153,0.67815125,-2.4021428,-2.1509943,-3.4663312,7.921628,3.021522,-3.385841,0.26891738,1.8633025,-1.1143999,-3.0356424,2.067543,0.6147057,-5.2096043,-4.222794,3.900513,5.0317664,1.1036776,-0.90748703,0.4719553,1.6709023,-4.2694817,-1.5808921,-1.3448365,6.483495,-5.8847957,3.453389,-2.470727,-7.601064,3.960548,0.7238267,-4.053495,2.0608141,2.2315834,-4.2984624,4.916679,14.730863,-11.078585,-4.558601,9.192501,-0.21738589,0.21984959,5.7655478,-0.820398,-9.7406025,5.225242,3.3480997,-7.401459,4.2494316,5.2460694,-0.15039288,7.3792696,-2.7468216,2.7192156,-6.994751,1.2631351,-4.192071,0.99770856,-8.258592,0.7059449,3.8487232,0.45975327,-1.3779997903422552,1.4314320205658924,15.318449,9.188225,0.2601600715762424,4.228778060809585,5.053147410910916,1,247.1001600635813,83.11399999999999,0.3777128600996074,0.7482247407630233,0.0,66.64831579491974,132.0260019603123,176.45233412847998,0.3165766434206022,84.66400000000002
C[NH+](C)C,3.1028068,-8.353649,0.8736935,1.6737237,-2.6108959,-5.044202,12.210986,3.7579165,-6.5320363,2.777547,2.897269,1.7585188,-3.5440593,0.8450565,3.8738742,-6.087765,-12.766195,5.3973117,6.635142,4.858701,-1.3560611,-5.128865,-0.69264823,-11.959655,1.2581286,-1.527949,5.737845,-7.516454,7.323544,-6.5122232,-10.156527,3.9220004,4.060521,-2.7664409,-4.9300838,0.5826591,-0.86065376,6.125705,19.99743,-16.525772,-5.159229,9.891332,1.8030684,-2.3654897,9.253977,1.1842729,-10.1214285,9.202003,9.026677,-8.227851,7.6749997,4.7519584,4.1068587,6.7611694,-3.8001175,8.265206,-13.094218,4.564906,-11.510963,1.4017354,-8.028956,4.783862,0.087313384,-0.6095252,0.5804246791311506,2.153049362897578,15.801881,9.645982,0.1509659878342855,3.9719071337712224,4.141017723403017,1,236.20002913946223,60.120000000000005,0.5802537625384786,0.580283648285432,0.0,62.70402818277315,62.70725772963732,108.06311347031556,0.4421083097490881,77.56800000000001
C[NH3+],0.6599967,-1.3517132,-7.028425,-9.354902,-5.112299,-5.1507244,6.8685074,1.9939765,0.31081647,-4.188944,5.4472322,-5.513471,-6.525405,2.1912432,-0.23469497,3.0270848,-1.9339461,11.189312,5.113723,-2.6722138,0.10521781,3.6655533,-1.2368016,-0.3515514,-5.6494155,-1.0107765,6.166249,-3.28285,-1.9913181,3.1453118,-3.371261,1.4579096,-0.7851071,-5.600696,-0.47953433,5.669722,-2.0493467,9.440166,3.714143,-3.105348,-4.452266,1.7173228,-7.763977,1.9021531,2.0352101,-4.9820704,-7.324477,6.026728,9.953988,-9.728955,-1.3331995,-3.524968,2.5331018,10.535135,4.0585694,-0.39755222,-3.251104,1.3738947,0.919556,-1.628495,-6.0428185,0.7976554,6.9794974,2.6695387,0.8344443604801616,1.2428854884783782,-9.320574,3.9308496,0.4470133451490444,1.9945266846746372,2.184414651381084,1,178.52286505676386,32.066,0.2483771320587765,0.9999939764249792,0.0,6.040579188202751,24.320044088806835,24.320190583299333,0.631276592969027,42.88800000000001
C[P+](C)(C)C,-1.3505813,-0.4955468,-5.7134995,1.4486346,-2.3272283,1.30156,0.9795128,-0.3692079,5.577074,2.7021527,-0.42238784,-2.7407243,2.5538855,3.8562825,9.829305,6.440428,-6.0808616,-1.3225693,0.45614746,1.8018233,-4.6460705,-0.09861566,-1.4500222,-4.9511614,-5.588056,-1.5506356,6.8063235,-1.8719974,0.2526171,-4.6311398,-2.9288704,2.5357585,0.43480116,0.2347165,-0.75543326,-0.99689263,-0.7988036,0.38691616,2.4409268,-8.114846,-4.3100896,0.4655725,-1.164763,-1.690042,2.0506966,-1.1013783,-4.2821083,3.7751727,0.24084082,-9.322752,0.6648396,1.3158431,5.7074714,5.9130764,-0.46345994,2.3177087,-2.0469897,2.2389817,1.0670823,2.124036,2.0630844,2.0461316,0.73747754,-1.5228,0.08870497882903543,-0.6114555281867045,-14.475047,-1.6902541,3.9271414134709115e-10,4.071832095728203,4.59961575051587,1,280.1837626765322,91.114,0.9999676585878152,0.9999738745377248,0.0,145.12826634368025,145.12916848289075,145.132960148566,0.9999834818624768,103.43200000000004
C[P+](C)(C)CCC[P+](C)(C)C,10.826312,0.72480714,-0.23377518,-0.5673391,-5.8038015,-6.7537117,1.3852866,1.1838037,-4.821494,-0.5832463,15.808801,0.04492919,-6.7262344,11.302823,-2.3342633,9.48556,-3.030665,3.015891,10.961775,-11.645156,6.668025,11.809772,-2.151687,-10.17895,-8.155262,-4.6042576,-2.4125473,-1.9729241,11.073739,0.096399665,1.9480366,-5.4413066,2.4936354,-1.7408663,1.2286808,-0.63773423,-0.9381815,4.6273036,-1.0220538,-6.6970882,-7.9466534,-7.785794,2.9014914,1.999038,1.0959617,-0.8165077,2.6719499,10.724231,21.680218,-7.943095,-3.3013585,-7.6511765,6.9345636,8.012034,2.4816563,2.2322032,-2.085782,2.8374765,0.63617337,-7.2912726,-16.10819,-0.23231836,4.4645996,10.945184,1.831291807615597,1.913620252920888,-12.676822,7.0790195,0.5056060538661888,4.476438937278016,9.290818035756413,2,437.4181283518709,194.239,0.2127812836993623,0.9862336004461568,4.0,314.2821101559868,1475.739115062507,1495.0102033540732,0.4244521902370767,211.4912
C[P+](C)(c1ccccc1)c1ccccc1,-1.0519685,-5.45809,0.096385494,4.0068545,1.1520395,-2.9593418,-2.3444593,-1.5940806,3.2774425,1.6015971,2.427846,-0.71382314,-2.320826,5.2889547,0.060912564,0.31516075,1.5875616,-1.3105398,-1.7452902,-1.1603101,0.38100135,3.8792384,0.4251852,0.6979465,1.5813572,-2.1534207,-0.85042715,3.3872802,-1.208038,1.505077,-1.5415769,-1.3821573,-0.30916202,-2.1632624,3.604466,2.129901,-0.9453529,-2.8874648,-5.1561375,-2.8462243,-4.8628507,-1.409589,2.4524221,0.36164886,-0.54310834,-0.45043164,1.5813645,-2.8130515,-2.2819746,-7.7837715,-0.72977006,3.3794024,-3.361651,-0.041421786,0.7316003,-0.8321425,3.6917324,-2.9342186,5.5345654,-2.0232277,-0.91542435,1.3268461,-0.17423764,-1.3228319,-2.6518409528364004,-0.8278054317550222,-3.1546812,1.304905,0.3123594708658249,5.815462585845586,9.545911779631105,1,443.8389354767576,215.256,0.3306307469188987,0.870443994821142,2.0,533.2727639263901,1404.317379386894,1613.4025829544985,0.4197784836229428,213.77600000000007
C[n+]1ccn(CCO)c1,3.5484293,-2.0347645,5.5788593,3.1688054,-1.1835295,0.6178038,0.40394264,-0.6065458,-4.366478,-1.3305773,-3.2640812,0.91521555,-1.5940788,1.7557427,-4.4041924,-0.2984623,1.9131061,-2.047552,-0.07053974,-2.8369102,4.765925,3.688678,3.6656573,1.3376874,-2.40811,-1.9070084,4.3190002,0.30981234,0.108253226,2.7265053,-3.7717717,1.2584829,-4.6304207,-4.2541623,5.92242,2.4237766,-2.7444284,-0.992718,4.8353844,-2.5757203,-3.1961234,2.4876842,-1.2530022,0.48894095,-2.327319,-1.2196695,-2.6445115,-0.59602445,-1.1920166,-2.9550397,3.565015,1.8372476,-0.56451523,4.251802,2.029688,-3.888796,-2.0035167,-1.6456006,0.6580652,-0.36771026,-2.7710187,-0.36513764,1.9761553,-1.0584956,-2.6907138243822804,0.08038862062950083,-2.1146996,4.992711,0.3932257079307528,4.883133900762016,7.088380891464127,1,324.81408970286003,127.167,0.2738610653509946,0.7915278972279294,2.0,160.6046924800754,464.1882713804708,586.4458763944267,0.1891917393853423,126.70400000000004
C[n+]1ccn(Cc2ccc3ccccc3c2)c1,-0.117085405,-2.9863255,3.554831,4.9923882,2.6186528,-0.5818255,-3.6591668,-4.110864,-2.3062654,2.376239,-3.814195,3.2024307,-2.7131255,3.8688037,-7.3658385,3.4404483,1.9749722,1.5102314,-1.1794883,-3.0741322,3.566522,2.005724,0.9750426,4.4142456,-1.5243363,-1.4011898,1.5565995,5.7446184,-0.93949914,5.1787453,-0.98059815,-4.518632,-1.5741293,-7.735402,5.4686456,4.8277054,2.2450347,-5.0234976,-8.620196,0.05885762,-5.1423798,0.08790195,0.1920439,0.78432184,-1.6306595,0.07471098,4.104665,-3.099859,-3.2300718,-5.9043736,-0.71185863,1.8885047,-4.2260284,0.05069624,2.058849,-2.1868367,2.4819965,-1.877392,4.0898447,-1.8308824,1.9910316,2.5018675,-0.5935997,-2.851972,-2.670713122944556,-0.7062733156905313,-0.6987941,2.6013634,0.4923066793825115,5.652701974557959,10.576661602632008,1,462.46156786578905,223.29899999999995,0.2171930400221347,0.9524907334302626,2.0,481.2659589586301,2117.8896485513933,2222.4021021612534,0.3509565337041112,216.61200000000005
C[n+]1ccn(Cc2cccc3ccccc23)c1,-1.1161077,-4.5124626,-0.3090864,5.9405794,2.8921404,-1.8860744,-2.4422674,-1.7746452,-0.0072879195,1.8636233,2.5816493,-0.08769943,-1.6546428,4.0051084,0.66650045,2.979845,4.1965823,-2.4547791,-3.4389167,0.18251134,2.6719153,5.629121,-0.6622824,-2.1264927,-0.9412151,-3.6849563,1.1902572,5.6143637,-2.0013394,3.5943623,-3.0885189,-3.9261158,-0.83845466,-2.1401384,5.8193774,2.6195736,-3.6691585,-1.0413586,-3.370438,-3.777308,-5.0303893,0.74457425,1.1454268,-1.056103,-0.9614148,-0.8259902,0.29635015,-0.087515354,-0.55247235,-6.5397725,-1.2138695,4.413742,-2.9020908,2.5994177,1.9231894,-0.65547705,1.9611961,-2.6696982,4.360692,-4.712231,-1.5690389,1.6140981,1.2453347,-1.9686753,-2.0603906661977764,0.2984247126831818,-3.0096543,2.2248569,0.3399343511864596,6.68880457724467,9.64722403651096,1,453.0354976196521,223.29899999999995,0.3137229647396914,0.8641601412367723,2.0,591.8751760631519,1647.787346700355,1907.3921991805116,0.3444929910892748,216.73600000000005
Cc1c(C)[n+](C)c(C)n1C,3.1414614,-7.620256,1.381757,10.1930065,5.4084954,-1.7065276,1.3801228,-1.3642706,-6.869596,2.5822365,-2.2897103,1.5037655,-5.784728,3.8151596,-2.866609,-2.0789323,-1.0601617,-5.4429817,3.5959733,4.306403,8.188459,-6.1777487,1.498781,-2.8932652,-1.0638185,-0.48752534,-0.51033485,-2.8650413,-1.1997925,5.149909,3.4771478,-2.7220452,-5.6578665,6.953848,-0.31852847,-0.6531052,1.986019,-0.6956142,11.2433195,-2.5750308,-2.6705494,0.838893,1.6298873,-0.3693881,-2.194492,2.1378515,0.12242952,-5.073261,5.768011,-6.6398816,2.6756008,-0.9054906,-1.8830376,3.9636645,0.5593935,-4.3335776,-2.5390031,-2.0260918,-1.3663579,-4.5696106,3.0084887,1.0533974,1.4192408,-4.9648075,-0.3835572001485415,-0.24920411023930017,-6.716817,3.9296231,0.2310910653567445,6.078777367025462,6.243776218452596,1,340.7438550101924,139.222,0.5084208278938191,0.5177112629013825,0.0,331.6242268625749,337.684036291239,652.2632604103952,0.1266369482926024,150.66400000000004
Cc1c(C)[n+](C)c(C)n1CCCCCn1c(C)c(C)[n+](C)c1C,4.760181,-5.9484396,-4.047698,10.078208,1.5563864,1.963093,-1.3230984,-0.10856399,4.4229393,3.508003,6.744584,-1.0320264,-1.5166669,5.298635,7.2519283,5.172302,-1.4678715,0.029277625,0.9603398,1.9746197,1.3621742,2.1543627,4.0270033,-2.4618666,-4.443479,1.5646253,1.6506821,4.516664,-0.5591804,0.63793516,-4.9713516,-2.774042,-2.6541004,5.992898,-2.7961307,-0.9092619,4.8525424,-1.0059034,-1.6710106,-12.108749,-0.83080256,-2.3953905,-1.8285041,0.11287892,0.5539801,0.41213715,-3.300974,0.1666592,1.8833739,-9.882933,0.7321632,-1.2257869,-1.4770883,2.2593412,-0.6943377,1.9688134,4.516983,2.5695963,2.144685,-6.9061275,-1.3728428,-1.9622812,1.6734656,-1.4138014,0.41925496984931954,-2.283951644844514,-6.608692,11.256705,0.68367284823918,6.493849289656813,15.144295509282244,2,652.8075727889026,318.509,0.1200479233156187,0.9436994463662008,6.0,888.7949626774366,6987.018462282786,7403.883467037036,0.1471664168757963,340.51400000000007
Cc1c(C)[n+](CCCCCCCCCC[n+]2c(C)c(C)n(C)c2C)c(C)n1C,9.899873,1.1082729,1.0054365,14.302758,-5.166466,4.2798862,-0.80014336,2.854759,3.9047184,2.6083632,9.976805,0.9507857,1.0465541,-0.68669975,2.8592353,8.095451,11.866811,1.3836746,-1.4251246,-4.045182,8.971802,-1.215546,-0.9703527,2.526605,-0.58914196,2.1534333,9.712806,9.266442,-12.106184,5.352202,-8.179901,-0.70765394,0.2204302,6.556965,-0.5643698,6.379369,7.2377663,0.41098404,-5.286437,-15.092041,2.3557096,-12.085588,-3.8541114,2.297803,-3.3999867,5.949965,-6.0830994,-4.1149154,1.8851314,-2.9316978,5.565694,-1.9901392,3.1682625,0.9116473,-3.4601638,0.23163977,10.622536,5.0946245,3.8847916,-14.412762,3.5335298,-6.680903,7.4156594,0.366668,2.2979166099173014,-4.134054528750599,-6.79966,16.471567,0.8585308946575066,6.3369699550656815,20.993601482886397,2,798.1987976275738,388.6440000000002,0.0498069573828709,0.9772836973069892,11.0,880.5224182063281,17321.26995331521,17723.776576093846,0.0720582979313671,424.4880000000001
Cc1c(C)[n+](CCCCCCCC[n+]2c(C)c(C)n(C)c2C)c(C)n1C,7.947195,-1.0288609,-2.012263,13.351769,-1.6290469,2.7034562,-1.3359203,2.2295346,5.041154,2.1261928,8.820909,0.72592384,1.9371686,0.023953134,5.8417053,8.563778,5.563126,0.43760717,-1.8178046,-0.77072203,4.94069,0.98274964,2.4650607,0.25885844,-3.8513489,2.3637908,7.586768,7.6684127,-7.090686,2.9735532,-7.3455334,-2.8178384,-0.10218185,3.6785305,-1.4896144,3.9893687,7.087447,-1.6978905,-5.7498703,-15.396741,1.7682309,-5.0943465,-2.5444872,1.943783,0.92343795,1.6024559,-6.3677826,-0.52494246,1.2497113,-5.948688,2.3174863,0.055573523,1.9711139,1.1892807,-4.871376,0.24069181,9.238841,6.347581,1.4362057,-11.959488,1.183125,-3.8559568,3.9702847,-0.4141773,1.1778355449556557,-2.880144577409371,-6.251595,15.364573,0.8123055715398276,6.355610307578395,18.660489425180867,2,737.7164879606298,360.5900000000002,0.0675931232200067,0.971103144200288,9.0,861.5241471432091,12505.14403693752,12877.363067857255,0.0979327475539887,390.9064000000002
Cc1c(C)[n+](CCCCCC[n+]2c(C)c(C)n(C)c2C)c(C)n1C,6.2005515,-5.4261193,-4.2529087,10.992041,1.4497933,2.8922021,-1.4513228,0.6360121,6.3479104,4.170734,7.5528793,0.316244,-0.61271447,4.966402,8.365559,6.697612,-0.9254106,0.8240797,0.8097768,3.4962878,0.48952436,2.7668169,4.9002666,-2.6814635,-4.9056935,1.6044172,2.670179,6.4456406,-2.1614347,-0.00503242,-5.8317575,-3.635418,-1.5304754,6.2835293,-3.968589,-0.9549896,7.6896873,-2.677996,-3.4368148,-14.456574,0.44116884,-3.2450926,-2.818798,0.5604267,1.2279277,1.0650681,-3.9846075,1.1707203,1.7074516,-10.639947,1.9742953,-1.5608196,-0.31009024,0.8919928,-2.6664078,2.750898,7.0526705,4.4958887,1.603984,-9.515438,-0.667797,-2.4556491,2.1167843,-2.2346427,0.8785578390209405,-3.0780432159323787,-6.5149713,12.566754,0.7327272006202202,6.460866907494652,16.31511905672924,2,680.3781472562262,332.536,0.100636983895707,0.955589827386999,7.0,870.5772789213639,8526.60207450537,8933.19436240629,0.1336965005619794,357.352
Cc1c(C)[n+](CCCC[n+]2c(C)c(C)n(C)c2C)c(C)n1C,4.944057,-8.302376,-3.2238877,8.963117,2.093153,1.7926171,-1.4850619,-0.7681228,2.0980074,4.0621843,6.395259,-1.0238345,-1.1274333,6.884002,4.593247,2.4444432,1.1639419,-0.21160248,0.8532158,1.8213223,1.7871789,1.2357641,4.2782397,-3.7148676,-3.4937506,2.4676125,-0.3963358,3.7687995,0.42486653,1.7187666,-3.933134,-1.8442032,-4.89597,6.383299,-0.9741121,0.3078081,1.9543027,-0.8898303,0.25829715,-10.936405,-2.4711227,-2.7631986,-0.84313774,-0.0160397,-1.1138182,1.0079052,-3.8764374,-1.6267896,1.647315,-9.391185,0.81770205,-1.3196945,-5.751044,3.8354158,0.62532604,1.479969,2.4646986,1.6064724,1.3710104,-4.7168703,-1.8485658,-3.045665,1.0862186,-2.2862675,-0.3406339367842942,-1.7376975265772714,-6.8261147,10.486513,0.6886401016808079,6.489954236090271,14.404892789840408,2,620.3676612123304,304.482,0.1174019954095773,0.907811460739858,5.0,730.8061283372097,5650.961637189646,6224.81858677044,0.0798641135519334,323.32000000000005
Cc1c(C)[n+](CCC[n+]2c(C)c(C)n(C)c2C)c(C)n1C,0.3576403,-7.236771,-3.100259,9.243903,2.3250988,-2.013144,-0.26304412,-2.071937,-0.44707757,1.4530046,4.372999,-1.5306817,-5.892797,6.132181,2.5566657,2.0712342,0.90135074,-0.68212754,-0.025629103,-0.22819512,5.332467,3.6671822,3.7822604,-2.3047736,-3.2856576,-0.54008985,-1.4044509,3.752041,0.6493232,4.130806,-3.275361,-2.752096,-6.6802073,1.6345662,0.5484968,1.9273503,-0.8634534,2.2464728,1.3528047,-7.27107,-6.731072,-2.1826117,0.2814219,-0.4290933,-2.7374501,-0.6587579,-1.7954804,-1.4205306,4.262068,-12.062504,0.45386246,1.5596411,-3.5887635,4.238567,3.1750472,-0.11950734,0.9733887,-3.032727,3.4086292,-3.5734475,-3.9057322,0.23464476,1.4198675,-1.2995573,-1.1061655127904597,-0.8173026208621524,-6.707563,6.3057146,0.543325816075944,6.472501907534922,12.590887782607464,2,580.2556822512747,290.455,0.1860152647435356,0.8976214086326135,4.0,839.7630772514646,4052.298030019136,4514.484581253031,0.1838020303529032,306.56000000000006
Cc1c(Cn2cc[n+](C)c2)c(C)c(Cn2cc[n+](C)c2)c(C)c1Cn1cc[n+](C)c1,-3.179153,3.7670653,-5.891074,19.205576,-1.1623882,-5.9455166,-9.745591,-7.2578735,-2.5266855,12.726294,-9.192565,4.280574,-17.824425,9.667457,5.4041185,13.953904,-8.611008,4.928412,0.15069625,-7.6024814,18.018286,-8.53269,-1.0000787,1.6720446,-18.510324,-6.168228,9.751424,9.860373,-4.349833,13.246307,3.8740635,-5.6669183,-11.989376,11.875526,-4.462547,10.305555,0.046197042,6.6378,4.5438914,-2.763572,-5.8545094,-11.897338,13.929796,-6.8949776,-16.710564,6.4371285,16.50313,-13.876817,12.002616,-20.73545,4.756162,-9.667806,14.789043,12.964211,18.610157,3.4290683,-3.2689993,-8.3301,23.256506,-15.666821,20.389265,6.2273917,6.619625,-14.497666,5.410288568934139,-6.602142464208794,-1.7927018,-15.509675,0.1941293025448115,13.32129636854578,13.660487937033723,3,723.3560971580252,405.57000000000016,0.5088717053204073,0.5792177300957481,6.0,3948.222004946517,4494.02111319844,7758.776846239759,0.1929845126818197,401.9040000000001
Cc1cc(C)[n+](C)n1C,3.8502393,-9.0561,-1.8334689,6.3809075,5.7140737,-1.1705772,1.6873684,0.4510869,-3.6517553,-0.4010167,0.21268666,-0.6884056,-2.2674627,3.4789085,-2.028883,-1.7986258,-1.5407786,-5.6512904,3.402881,3.7530456,2.861916,-2.631944,2.9270024,-2.0656247,-1.633817,0.9519942,-1.6172434,-4.2860813,1.0719541,2.7567754,4.492546,-1.1152623,-3.5644913,2.618964,-0.0021860055,-0.7958684,0.83644223,-3.0263596,7.778845,-2.235412,-2.2008042,4.989069,1.0496634,1.8082697,1.4283044,-1.5994782,-3.984351,-1.3339648,3.2664144,-6.4655476,0.2672128,1.955162,-3.453418,3.2047071,-3.156464,-4.5639906,-0.14323449,0.08903685,-3.102275,-0.74090904,-0.54641336,-1.2667546,0.39450553,-2.8932617,-1.9814372171576786,0.71582844030143,-6.733593,3.019623,0.2674207245267522,5.142186010213483,6.182214252946165,1,332.19415197502923,125.195,0.4035531915877915,0.6194078751886695,0.0,225.9798897736517,346.85322072212625,559.9754761635412,0.116787435353195,136.68000000000004
Cc1cc(C)c(-n2cc[n+](-c3c(C)cc(C)cc3C)c2)c(C)c1,-6.405007,-2.8334258,3.4730432,16.395882,9.470577,3.7217748,-1.3097264,-1.4139551,-14.452738,14.829177,12.655761,5.1478543,10.347156,10.22903,-0.91817474,0.46011817,26.020977,-5.0138273,0.39285305,29.747793,2.1910186,-8.68547,-14.573872,-17.19889,0.38178295,-10.116078,-0.8390945,17.994959,-5.364178,15.774404,5.9715548,-18.069317,13.51688,7.9484644,5.829995,8.233873,5.551862,-8.353639,-19.310589,0.5856461,-7.1736493,-0.79674965,-1.0865436,-2.2754667,-4.372039,16.315205,13.754022,4.5582995,6.491505,0.010981649,-10.850985,6.9315076,-5.6951146,-4.366894,-16.122576,-3.6402707,3.107905,-5.0063853,-7.942825,-21.529783,4.0160775,6.6629233,6.7455645,0.13584542,2.569231734486946,6.203264185933572,10.542717,-9.254319,0.561466189258109,6.477949495840589,14.16501288071572,-1,585.3171954215261,305.445,0.1788619594665253,0.940084768457382,2.0,797.3502313625685,4188.400112696247,4460.013452013638,0.2132588340072961,310.91600000000005
Cc1cc(C)cc(Cn2cc[n+](C)c2)c1,1.0355794,-3.2349513,4.4524364,3.3786373,-0.023040116,-2.018629,-5.1296787,-3.5672712,0.28773528,1.1329857,-0.7447436,-0.13301225,-0.41704202,4.119822,-3.567408,2.698934,5.7017593,-0.82193524,-2.671815,-4.9845047,3.2561138,5.820574,0.984413,1.7916052,-0.21923864,-3.4181561,2.880307,6.0701184,-2.4440198,3.5014243,-4.6645217,-2.0381155,0.433806,-4.2356935,9.220467,3.532542,-2.8601964,-2.8102183,-5.768087,-2.5962915,-6.938335,0.6310741,1.6898949,-1.2965229,-2.7647686,0.91696894,1.588172,-2.6648018,-5.7523317,-5.150539,-1.0653929,3.7622962,-4.8230786,0.884328,2.9368227,0.2894067,2.6683302,-3.8972886,5.5103297,-3.4645627,-0.7687028,-0.50065917,1.1138487,-2.2798781,-3.2273118482887653,-0.7322534089514865,-3.1259851,2.7916267,0.3518417070430529,6.364654228569217,9.235909782229104,1,457.5739812498021,201.293,0.3064183798081434,0.9446141688142128,2.0,502.5106138449798,1549.1193645586934,1639.949320793403,0.426588263799997,206.52800000000005
Cc1cc(C)cc(Cn2cc[n+](C)c2C)c1,-0.501496,-4.1653314,2.2313402,4.237694,0.9522493,-1.6286606,-3.292353,-1.7957138,1.7498229,1.6434559,0.62565786,-0.4082306,-0.8699525,4.786209,-0.909285,0.3189376,3.9168468,-2.3949153,-2.4140062,-1.4136976,1.3076252,4.6792336,0.1226995,-0.073500395,1.494832,-3.4754798,0.51404846,4.418945,-2.4396913,2.068429,-2.6185577,-1.5291576,0.62213916,-1.9168652,6.050144,1.9790955,-1.8400173,-3.2043624,-4.3338003,-2.5323315,-5.3239703,0.33583155,1.6571143,-1.2689123,-1.4024942,0.9392828,1.5206032,-2.5288422,-4.125944,-5.827868,-0.3411044,3.5969107,-3.5532594,-0.040397063,1.2807496,-0.13893883,3.1983647,-3.3638976,4.7076497,-2.398831,-0.9685636,0.38881642,1.0474447,-2.0888367,-2.8018755958081014,-0.6227860348450954,-3.1365829,1.9389043,0.3451378479591822,6.265303470472548,9.529504325096507,1,465.1272146660769,215.32,0.3092855202048268,0.9238766548807822,2.0,549.068512699688,1640.14008957616,1775.2803698539228,0.3938666005739225,222.87200000000004
Cc1cc[n+](C)n1C,4.739045,-10.041847,-1.6998146,4.190738,4.4060826,0.16251025,1.0807153,1.11814,-1.902123,-0.4941073,0.14688611,-1.0270534,-0.55586976,2.9670289,-2.2945068,-2.179688,-1.9380653,-6.167737,2.523628,2.924582,-0.5942663,-1.7107425,3.416299,-1.3215857,-0.3397569,1.8968087,-0.56546867,-4.8981075,1.5389594,1.0190285,5.2441673,0.9874936,-2.1507266,1.2223674,0.90029436,0.012002394,0.5353266,-4.7177467,6.960034,-2.5586748,-2.2385895,6.3333297,0.90501785,2.4180553,2.5590181,-1.4112722,-5.6325192,-0.36800522,0.4542053,-6.027334,1.367482,2.9541163,-4.1404347,2.9268055,-4.210713,-3.8801467,-0.23786986,1.9251522,-3.296785,0.7414992,-0.50248647,-2.555961,-0.49802095,-3.7963228,-2.7064928723322597,0.5307450844103762,-6.8097734,2.7726197,0.2833294340055227,4.999246873156262,6.518031902318953,1,305.0241192758089,111.16799999999998,0.3808388517267801,0.6420718334604039,0.0,160.5142613295799,270.6175738080332,421.4755416897876,0.1181918538550884,119.71600000000004
Cc1cc[n+](CCCC[n+]2ccc(C)n2C)n1C,0.4934883,-4.3516793,-0.4530206,9.238042,2.1506279,-8.15989,-2.0640042,-3.75565,-3.7445142,-0.40854996,2.3184762,1.0787772,-5.1560917,2.9612432,0.30087984,6.0254083,0.36181507,1.256985,1.1361543,-5.8131566,10.939579,5.4232225,2.8226082,-1.0446903,-6.31263,-0.458041,1.9917021,5.977153,-0.33844307,6.22192,-5.140956,-4.742867,-7.9289846,-2.202658,1.9995815,4.575874,-3.1909432,3.301904,-0.09813391,-8.60887,-5.3436193,-1.8850238,0.16693664,-1.1180291,-4.362275,-4.741688,-2.34205,-2.0152912,5.7660856,-9.649156,0.14515567,0.88440377,-1.8738832,5.505865,5.2981634,-1.0210282,0.46098906,-2.142567,2.7406003,-5.02595,-4.9066787,1.0750041,1.9889772,-0.30146244,-1.0532926161847123,-0.40396667297173966,-7.442325,6.9862504,0.5671077553346873,6.139394906220019,12.343796881521069,2,542.1411298914143,248.374,0.1805629065693414,0.9270913526335988,5.0,610.3730380740883,3336.9373518720854,3589.690276779241,0.2268799647286526,262.7188571428572
Cc1ccc(C[n+]2ccn(C)c2C)cc1,-1.1701581,-5.341711,0.89741,2.8806462,1.5600914,-1.2350483,-2.1935341,-2.5411305,-0.14428174,0.02341707,-1.1933436,1.8209306,-1.1311338,4.8678637,-3.703157,2.0094104,3.9836946,1.1081778,-0.35731223,0.4852997,3.104839,3.8454585,2.4132195,0.5632468,-0.6722129,-2.1444526,-0.8508004,6.619459,-2.095201,3.9492064,-1.53844,-2.814995,-1.5102181,-7.967265,3.020772,2.9616678,2.844243,-4.907206,-6.140873,-2.1707964,-5.528087,0.92817116,0.81709194,3.1948664,0.7536068,0.10026617,-0.74275136,0.18967813,-0.41958234,-7.3469667,-0.110131405,3.92015,-2.3058994,0.99410725,-0.8351673,-1.0452014,3.952715,-2.0907354,0.32299122,-1.894559,-1.1218526,0.97509843,0.67473173,-0.55778,-2.9673683262414507,-0.07649044136989067,-1.4647671,2.0524929,0.4882880536001132,4.931391790965112,10.1862602320582,1,439.52747230852674,201.293,0.2221434085605589,0.9836067931967792,2.0,373.1539399598116,1660.3360719702014,1687.0706294596034,0.3718472428099854,206.33200000000005
Cc1ccc(Cn2cc[n+](C)c2)cc1,0.49622107,-2.595114,3.9754162,6.1027412,2.027583,-0.107379586,-3.6770477,-2.7870488,-2.6219923,0.80832535,-4.4696627,2.6361573,-2.1793354,5.416307,-5.927115,0.3091578,3.3387902,-1.1907045,-1.1757759,-1.9448347,4.8714113,3.9546058,2.6334374,2.6671133,-1.272702,-3.0669355,-0.8436985,5.3289113,-1.220997,4.7024918,-0.94487464,-2.9395864,-1.9025829,-6.5633783,6.377649,3.8663676,0.99530256,-5.3829484,-6.2446456,-0.19159609,-4.030068,1.5298713,0.5253922,0.71917963,-1.6388912,0.059775278,2.3768556,-3.684683,-4.0408673,-5.497855,0.61491716,2.6046796,-4.9634957,0.85394776,1.588757,-2.0898917,3.2416244,-3.2517824,2.3062897,0.3772439,-0.3662582,1.5813566,1.1661046,-2.2219386,-3.403653327330276,-0.4114891337304137,-0.98518115,2.8646739,0.4836333022111058,5.455809616613322,9.799415206230137,1,424.6971985289184,187.266,0.2200125901876281,0.9318409650639792,2.0,339.1801559599969,1436.5630784618954,1541.6397564827628,0.3060858378361518,189.78400000000005
Cc1ccc(N)cc1,0.71594876,-1.1396728,5.204844,-1.242161,2.6578882,-0.23032942,2.92509,-2.098133,-3.3168774,5.498298,-6.00527,0.541586,3.0453057,9.147033,-6.129062,-0.48282683,7.4004884,-0.8910486,7.3396435,9.991967,-0.5953146,5.0220027,0.9264316,-3.6610885,-3.6973693,-8.162235,-3.2487466,5.1811757,1.1174285,7.650218,1.6251872,-0.096561015,-1.0073845,-4.0277934,4.2069087,0.75652516,-0.48087847,-4.9854093,-2.6390626,3.2626004,-4.234488,1.8744047,5.3696594,-0.1586374,-0.250797,6.1014996,4.763685,-0.68367666,-0.037248347,-3.4835653,-0.4689155,3.06373,-0.431338,5.060429,-1.5439367,-4.190528,0.45385492,-7.2059603,0.38043055,1.3872813,-3.1209507,-0.034150556,2.5955584,2.8373902,-2.6527277568930487,1.8810286486354548,6.6352415,-3.8293693,0.4944448943566075,4.308136948437835,6.556168525669694,0,294.4066757457163,107.15599999999998,0.2138996394539978,0.7947775442337782,0.0,92.92704326575117,345.28495156525133,434.4422599239,0.0469277812229516,112.20000000000005
Cc1ccc([S+](c2ccc(C)cc2)c2ccc(C)cc2)cc1,-3.7555797,3.7039826,-0.28318092,8.480057,-2.2517927,-4.1345,-7.569036,-6.4726562,-6.237533,9.176111,-6.3792315,4.256478,-3.9363184,0.25033623,1.5424861,7.978866,-0.1992962,4.034663,-2.8943505,-1.5661207,11.9183655,-7.4821105,-3.3252413,-0.10110214,-7.423937,-3.0548394,8.254174,8.1723,-3.1450036,10.195344,2.7485683,-3.9009588,-5.7172294,6.049197,-1.1294198,9.775229,-1.7863191,4.372393,0.7586665,1.3098159,-1.4323626,-7.146178,7.171276,-3.6027002,-11.7415085,3.7480252,10.356369,-7.187341,7.2197833,-5.1975856,1.9553746,-4.593225,7.2915125,6.4826107,11.687363,0.43652752,-5.49499,-2.9946597,10.759181,-11.325176,15.369442,5.8148503,2.0580523,-10.652427,2.9069415194321,-1.926998530819635,0.32190937,-13.857898,0.1489461575477437,10.623871978140212,10.77771428010836,1,588.9594843997966,305.46600000000007,0.5574104673859324,0.6109050498608222,3.0,2042.4672725640992,2238.4824899977443,3664.206885354313,0.2449156301834478,299.0320000000001
Cc1cccc(C)[n+]1C,4.3593884,-10.22948,-2.1098874,7.968278,6.8387623,-0.10780826,2.9828904,0.7787559,-5.825596,0.1742347,0.665344,-0.83235294,-1.880894,2.2798102,-1.644763,-1.5717096,-1.7605623,-7.6697807,2.5395012,6.843247,1.545652,-2.5792944,3.5756977,-3.9742258,-1.0736322,0.09354901,-2.0639665,-3.4249105,1.7174156,1.5518867,3.4205158,-2.273269,-3.6011016,5.6184278,-0.21238297,-0.7996072,-0.5895202,-1.7799361,10.387288,-2.6994085,-1.6640894,5.4971533,0.9564769,-0.12371254,1.8008171,-0.565538,-3.6898918,-0.6283054,3.2522144,-5.424378,2.0398169,2.5300367,-3.8952987,4.3376584,-1.9893605,-3.1384716,-2.4022722,0.89245486,-5.060493,-2.5561094,-0.45085222,-1.2175404,-0.6628079,-4.0953236,-1.500963704332363,1.2105522580356094,-6.7752347,3.3226123,0.2455633036260263,5.716117437504533,6.642991127705811,1,315.59381961883,122.19099999999996,0.4504888173905535,0.5699147130365863,0.0,225.1588895154025,284.8491659551189,499.8101635899208,0.1050724283692738,131.36800000000002
Cc1cccc(C[n+]2ccn(C)c2)c1,-0.52032113,-3.7914512,2.6308615,3.8405006,1.6647369,-1.7482909,-3.5772247,-3.03935,-2.0936043,-1.3197483,-3.515254,1.716306,-1.4965739,4.4655147,-5.6584716,1.9760474,3.6977496,0.0023919959,-1.8229804,-2.3750777,4.82244,5.163773,2.520769,2.3628476,-1.5021696,-3.1658502,0.77399445,5.5683703,-1.7231115,4.391672,-2.0294797,-2.7902372,-1.809938,-9.13675,6.7901664,4.397004,-0.1707194,-4.258156,-5.831986,-0.8187405,-5.35947,2.5795596,0.34417766,1.5978312,-0.5730382,-1.8072948,-0.31904992,-1.4555154,-3.3405857,-6.610571,-0.54604495,4.377738,-4.4113317,2.3448062,0.96520615,-2.1451473,2.831696,-2.9378135,1.8608142,-0.3960698,-0.69706184,1.9734387,0.5176426,-1.5678844,-3.7464079293015984,0.16222655487982524,-1.6209475,2.987582,0.4546229276568868,5.297976728325998,9.604591795860689,1,428.1528933268903,187.266,0.2415305375275357,0.9523654391528962,2.0,352.79082881653653,1406.4131322461742,1477.0053661973154,0.353987113268179,189.6746666666667
Cc1cccc(C[n+]2ccn(C)c2C)c1,-0.75575733,-4.51786,1.655818,3.2147405,1.5788404,-1.7253951,-3.441408,-2.75794,-0.482988,-0.7411824,-2.4366195,1.4496412,-1.2818629,4.369048,-4.825138,2.3867507,3.3186255,0.27858657,-1.8529005,-1.9454976,2.9677408,4.20879,2.604983,2.029525,-0.6303297,-2.4542432,0.5955932,5.1830688,-1.8551946,3.7064238,-1.0431938,-2.4004424,-1.250365,-7.8202753,5.313214,3.5438159,0.7596793,-4.8237953,-6.136471,-0.8974754,-6.0648575,2.0132926,0.72058547,1.6351032,-0.4123442,-1.3694927,0.0009408295,-1.231621,-2.8473983,-7.0875163,-1.0548575,3.7285826,-4.1251726,1.0848242,0.008048087,-1.9851348,3.4031737,-2.2207944,2.1374733,-1.1746421,0.25238132,1.4425427,-0.43834296,-2.4907231,-3.5260201945329626,-0.19268492512164642,-1.609763,2.509634,0.4239235757682644,5.4493370649759365,9.613373019205278,1,439.8613240604152,201.293,0.2602431222126279,0.9476093401276928,2.0,413.7982929549539,1523.9832056485657,1607.7435850353986,0.3685458422342106,206.34600000000003
Cc1ccccc1C[n+]1ccn(C)c1,-0.22661287,-3.8383262,1.9198091,2.708251,1.4940526,-2.7449758,-3.4898305,-2.8833907,-1.448571,-2.2372258,-2.0547016,0.9241347,-1.2830279,3.99371,-4.8519087,3.0882683,4.2836,-0.069682896,-2.802476,-3.323321,4.656872,6.252761,2.4975975,1.6219147,-1.9755418,-3.4115021,1.8077258,5.3334904,-2.207155,3.8288236,-3.313699,-2.80257,-2.0091193,-8.882972,7.783761,4.360725,-1.9819759,-2.9290712,-4.775835,-1.567261,-6.1807065,2.7493956,0.3433686,1.2753428,-0.71988606,-3.0659857,-1.540115,-0.45134002,-2.8403726,-6.8682456,-1.1467673,4.574958,-4.407844,3.6497307,1.383589,-2.2743473,2.6284232,-2.920638,2.6743267,-1.9580826,-1.1016846,1.5716126,0.36658105,-1.5427779,-3.767104804676593,0.31915842501754205,-2.0945182,3.1543436,0.405050480937255,5.555115811723871,9.032573662295292,1,413.45225098379774,187.266,0.2718612381995497,0.9382482284509528,2.0,361.0568061776189,1255.4223027887467,1340.4195312965055,0.3879169787230504,189.66600000000005
Cc1ccccc1C[n+]1ccn(C)c1C,-0.47301447,-4.258343,1.7607102,1.8774941,1.2037013,-2.2597632,-3.7536209,-2.7612407,0.536198,-0.727445,-1.4348767,1.1942961,-0.8246739,3.8686569,-4.574556,3.1947708,3.745129,0.7802574,-2.2769103,-3.2184777,2.2615545,4.6567492,2.5488708,2.05481,-0.84013146,-2.2992332,1.2119188,5.313508,-2.2205093,3.163783,-1.7782474,-2.224161,-1.0733676,-7.4833784,5.921719,3.5749102,-0.21165459,-4.3747387,-6.421747,-1.0726812,-6.526147,1.2664685,1.4116544,1.6481493,-0.6073359,-1.5794576,0.019714981,-1.0856736,-2.555636,-6.629772,-1.2808546,3.5556417,-3.9401958,1.3697613,0.64775074,-1.7758088,3.5207782,-2.277933,3.195957,-2.5906744,0.14254898,0.6104779,-0.5883199,-2.2947867,-3.4915244248728485,-0.3398975021201825,-1.9717624,2.5142605,0.3811068487049754,5.541805068255737,9.238011076410974,1,425.1382754717763,201.293,0.2872797552254358,0.9470629443497558,2.0,417.8156202361559,1385.464740301706,1462.4235903691665,0.4192542250059504,206.41800000000003
Cc1ccn(C)[n+]1CCCC[n+]1c(C)ccn1C,0.7464459,-3.4119744,-1.5893813,8.285193,5.0377574,-8.02754,-2.9555993,-1.7160603,-3.1811876,-0.43349403,4.24329,3.0776274,-8.2959585,3.920783,0.67073387,8.833644,-2.8992958,0.890817,0.8379626,-5.3614545,9.221473,8.654864,1.9419959,-1.9957391,-6.5303698,-2.7967196,1.0110806,6.3926387,1.190323,3.9716444,-3.2627504,-8.077912,-5.070149,-3.2522647,0.5658985,1.5655651,-2.0557096,1.7943101,-1.2614826,-5.563346,-4.5844216,-1.9311321,2.8591485,-1.8331406,-4.5524635,-5.5524764,2.066043,1.8593285,8.398316,-9.681741,-0.5190228,0.24066168,1.8674161,3.6919446,5.967549,-1.9529843,2.2462773,-3.0081987,5.358511,-9.270689,-5.106997,2.3748186,1.1619608,0.40272874,-0.7120162541660076,-0.46952445099846657,-8.004076,6.7508,0.4474037348478598,6.309146921593431,10.608570380556706,2,529.2311265686455,248.374,0.2487897349375121,0.933835148915404,5.0,714.3429654907078,2785.2268991399624,3002.2831196202924,0.3575075053659216,262.6871111111112
Cc1ccncc1,-0.46794724,-2.585295,3.3161135,-1.0351472,1.7054769,-2.3963473,4.701539,-1.1840438,-5.192395,-0.67524654,-3.6833627,-1.6635996,2.2351775,2.693101,-6.3577266,0.38591325,0.14910725,0.41156298,6.13046,5.7527604,-1.2487775,5.2080126,1.9817581,-1.7635958,-2.2678406,-5.618802,-1.928723,2.5988178,3.0936,4.850157,1.0242503,0.50955176,-0.4378597,-5.388342,-0.01632703,-0.0070744306,-0.53815424,-1.9898046,-1.6471144,5.080285,-3.359283,2.9756377,3.4016945,-0.3105091,2.3389878,1.4273794,1.5574553,1.8303075,2.4840522,-2.595003,0.17990607,3.090086,2.4199784,4.6916795,-0.7749083,-3.9673302,-0.81081784,-3.7992308,-2.9533927,0.3036715,-4.7311263,0.3507796,-1.1836569,5.270593,-2.399438568983184,2.640943783149159,7.8184414,-2.4761722,0.3550579874635363,4.317622141773301,4.708734925481975,0,261.30564012813954,93.129,0.31008061527069,0.7013804004502551,0.0,87.33187885583644,197.538527543826,281.6424973099636,0.0703165745756583,96.24400000000004
Cc1cn(C)[n+](C)c1,4.9538226,-9.665713,1.1597607,5.006373,3.3081927,1.470133,0.5185742,0.7361238,-1.6471262,-1.146738,-1.0657611,-0.38338464,-1.1396905,4.769604,-2.1557949,-3.5035844,-1.4665797,-6.5715175,3.7650585,2.0730484,1.9923723,-0.43651915,3.81257,-1.8363427,-0.19009715,0.54708236,-0.845129,-5.420799,1.7536656,1.5541633,4.63808,2.7246656,-2.643633,1.018865,0.82283396,-2.376122,1.6013268,-6.5902596,7.71122,-2.4769278,-2.3844812,5.5370617,0.23789299,2.9370844,1.261105,-0.7878398,-5.093185,-1.4738264,0.5046793,-6.115264,2.4091868,1.8555753,-2.3489478,1.4506449,-3.8522809,-4.917968,1.4232247,0.6643685,-3.213418,1.4797515,-1.7559764,-3.0913315,1.069954,-2.747411,-3.0358579026680856,-0.08538378464948182,-6.6770062,2.6186204,0.3338507141816548,5.291641723787228,5.858669496037519,1,310.2669377227039,111.16799999999998,0.3266753601870692,0.6946385625506446,0.0,147.57825193309804,313.8086225519144,451.7581364760144,0.108641404345151,119.98800000000004
Cc1cn(C)[n+](CCCC[n+]2cc(C)cn2C)c1,1.1265495,-4.618112,0.16747423,10.340708,2.0680237,-7.215089,-2.9906437,-3.9102626,-3.0537865,0.98961025,2.531978,0.7862386,-3.8110862,2.9599867,0.8469143,6.8172727,2.0988326,0.41677582,-0.27850232,-6.7186227,10.6644,5.4831295,2.1514037,-1.1401091,-6.5326505,-0.55650616,3.4668815,7.0352077,-1.2351224,6.411,-6.607688,-4.6495647,-7.2366567,-1.7870716,4.001052,5.2299128,-3.946334,2.52575,-1.1481978,-10.153497,-5.5975537,-1.6982782,0.21389031,-1.3547053,-4.4516015,-4.033052,-2.751151,-2.7004027,3.78587,-9.485575,0.6348261,1.4605844,-2.6607306,5.944342,5.879883,-0.08891258,0.89613223,-1.849216,3.9040163,-5.7989774,-4.154561,0.14130972,2.7833703,-1.2528021,-1.1073517331699447,-0.7718849906746407,-7.2600546,6.955393,0.5727958424030957,6.447118091161603,12.955079533957807,2,551.0152736791247,248.374,0.1767724112631375,0.9306288426530768,5.0,620.0043790432746,3446.079263599173,3705.486523641052,0.2268965783477079,262.23600000000005
Cc1cn(C)c(C)[n+]1C,3.8629594,-9.166929,-1.76774,6.0253983,5.565015,-1.0922467,1.5120503,0.38556328,-3.3438349,-0.43848783,0.19567704,-0.6232644,-2.1535246,3.4161093,-2.006212,-1.8724875,-1.5819476,-5.444995,3.2302155,3.5234544,2.6490238,-2.3979461,2.945132,-1.9556351,-1.4131384,1.112905,-1.5305399,-4.3461275,1.2064439,2.7472897,4.5527987,-0.8928924,-3.4842398,2.019265,0.1372078,-0.7056598,0.8699862,-3.3434365,7.4456367,-2.2576985,-2.250003,5.1337748,1.1330956,2.0589442,1.6176845,-1.7028917,-4.1440315,-1.133481,3.113656,-6.473424,0.3216266,2.2396936,-3.4236917,2.9613364,-3.270173,-4.6058936,-0.05615782,0.23528409,-2.9696147,-0.48036435,-0.6177719,-1.2709762,0.28727534,-2.9468331,-2.124373702709341,0.6909644802553925,-6.721037,2.9729803,0.2692177868642268,5.134707339585715,6.076579163081092,1,323.03693053558686,125.195,0.399463211260523,0.625531800372046,0.0,210.71373904936664,329.9631626520742,527.4922273429149,0.1246609130112176,134.07200000000003
Cc1cn(C)c[n+]1C,4.776421,-8.848368,1.7241863,4.627574,2.8946056,1.160929,0.38964182,0.63502693,-1.537077,-0.8989703,-1.7230511,-0.17232235,-1.0530075,4.58301,-2.7205768,-3.625574,-1.3582672,-5.5144067,4.0224757,1.2887579,2.2715838,-0.7932527,3.423148,-0.8919528,-0.3341164,0.45352727,-0.24767545,-5.440968,1.4040774,2.1951675,4.4498796,2.9023712,-2.3182206,0.01859662,0.9929369,-2.0529993,1.8551649,-6.5162716,6.9153595,-2.0118384,-2.4105563,5.536385,0.57398784,2.9746897,1.2661835,-0.79961324,-4.736846,-1.914547,0.26739588,-5.865134,2.0974424,1.6040175,-1.9322712,1.3527571,-3.7132251,-4.950135,1.6667103,0.35132873,-2.46589,1.8359035,-1.4660592,-2.8223016,1.3558776,-2.5236564,-3.0281731479393743,-0.18320257269961002,-6.57115,2.5351288,0.342598577480219,5.187865077445031,5.788531037695522,1,305.3633010947069,111.16799999999998,0.3184313500911808,0.704315226416278,0.0,135.49945201973082,299.7014182216396,425.5217081513218,0.1145817541878166,117.51200000000004
Cc1n(C)cc[n+]1C,4.2512565,-9.760657,-1.8267356,3.976868,4.4750957,-0.53858846,1.1413478,0.86443293,-1.9627607,-0.53047925,0.105280764,-1.0263819,-0.7376439,2.7423549,-2.3197575,-2.1728766,-2.1123781,-5.505805,2.634912,2.79869,-0.1627618,-1.898907,2.93547,-1.2217374,-0.29164368,1.830343,-0.6219059,-4.9011464,1.5166055,1.6174523,5.347456,0.6204657,-2.0591214,0.49193308,0.7882964,0.3443607,0.62701046,-4.3414187,6.473715,-2.1657343,-2.31152,6.255862,1.3270378,2.527175,2.7688766,-1.6308736,-5.2999425,-0.2799204,1.1773819,-6.102002,0.96377695,3.255984,-3.673533,2.8400314,-4.1649323,-3.939556,-0.3568411,1.540447,-2.964544,0.810749,-0.4414209,-1.9403775,-0.46846703,-3.39572,-2.6395073244300873,0.6858767292803815,-6.782913,2.7699435,0.2757218917079196,4.76381581618253,6.291572957060079,1,297.3250525014273,111.16799999999998,0.3900506792672396,0.6348986032322227,0.0,153.20636620597756,249.3791539222635,392.7857981110221,0.1271535857750141,117.62133333333335
Cc1n(C)cc[n+]1CCCCC[n+]1ccn(C)c1C,2.8500302,-1.5308493,1.2648101,8.1944685,-1.0774552,-4.305081,-1.7158242,-1.6094438,0.60136247,1.5825342,1.8599267,2.6340303,-1.0141513,2.581366,1.8303778,7.374929,-0.28309163,2.4932106,2.1469994,-4.4747276,7.4606457,3.4263835,1.7206247,0.25150365,-5.0788665,0.55421627,3.3308814,7.085922,-2.2173803,2.2062383,-5.4404593,-2.9597616,-3.420189,0.44285616,-0.9770455,2.1787803,2.2442865,0.4378339,-3.4599671,-10.682484,-0.21097803,-3.7543375,-3.0511158,-0.26104665,-2.5699513,-2.8564823,-2.055014,-2.2569213,2.4487176,-5.972033,2.3970373,-1.6594856,0.13628437,1.1841172,1.4790405,1.0458361,2.8917227,1.8809546,0.509079,-5.292149,-3.3093581,-1.1096724,2.762868,0.39806795,-0.06437746559164102,-1.830616592438548,-8.041833,9.7592125,0.7258021031965898,5.330647402892061,14.33839468708281,2,563.1203076186183,262.401,0.1029778714033197,0.9753717357446732,6.0,512.1365176735306,4889.982866272277,5013.368005875637,0.1817252003465028,274.3028571428572
Cc1n(C)cc[n+]1CCC[n+]1ccn(C)c1C,-0.52313673,-2.514157,1.4586552,7.9668202,0.66881907,-8.812988,-1.094324,-4.355876,-6.647032,-2.1141086,0.28685766,2.2430255,-7.558056,4.0634885,-5.062327,5.1445966,-2.7133787,2.6254642,2.9506202,-7.088998,11.628637,3.4512203,2.471338,0.77165604,-6.2273483,0.012956977,0.43496886,4.214767,0.9748144,6.906096,-0.9755325,-4.9767547,-8.307733,-4.3985243,0.8460197,6.0801725,-0.510491,3.8973043,-1.4268738,-3.8946595,-6.232616,-3.4114966,-1.8457501,-0.61146426,-6.286813,-4.6533775,0.6116246,-2.6143801,7.921647,-9.162958,-0.17151076,-2.5096002,-1.2881622,5.5860353,5.3590913,-4.07051,-0.8669782,-2.6300387,1.8583981,-3.635509,-4.808092,3.387295,0.7890018,1.4579434,-0.9015911090133815,0.08965538628171929,-7.782122,6.9129667,0.6232116757608659,5.280834901281537,12.091980291259585,2,499.3589157352071,234.347,0.1484980481247798,0.9535001837130774,4.0,447.9163062881565,2891.1292835453414,3032.585112487905,0.2234399555071184,240.75200000000004
Cc1n(C)cc[n+]1Cc1ccc(C[n+]2ccn(C)c2C)cc1,0.35709763,-6.2811155,-1.9566736,9.19899,3.152504,-0.70640934,-0.37012583,-2.6680892,0.15731472,3.059162,1.3465436,2.767464,-6.5349493,6.398564,-2.2217598,4.4298425,-2.8386087,2.3626049,0.7066779,-2.15361,3.5999703,0.8140607,2.6800878,1.1543975,-3.6036606,0.5858017,-0.66435647,4.758055,0.39263496,4.0705395,-0.52839047,-4.2534385,-5.5277524,-1.8897902,-1.9122237,3.037553,5.7411895,-2.0206957,-4.7544813,-5.4340057,-5.116616,-4.484123,-1.6717225,1.026871,-2.635596,-0.78090346,1.8284959,-2.7484365,4.4887934,-12.3688,1.6702226,-2.4210346,-2.1667445,1.9513222,2.5907462,-2.080553,3.473298,-0.14821616,4.0121655,-5.2109156,-0.046756446,1.6819704,-0.7250179,-2.3248148,-0.6113856177901072,-2.060910638460731,-5.8113217,6.369788,0.6704283657728302,5.853628924833096,13.794349454044193,2,572.1354941860883,296.418,0.1276043925150568,0.9768440188161088,4.0,624.690067414533,4796.040802874911,4910.789380462292,0.2215677189045405,295.9059200000001
Cc1n(C)cc[n+]1Cc1cccc(C[n+]2ccn(C)c2C)c1,1.0525522,-6.9234004,-1.4599779,9.693604,3.254658,-0.38509753,-0.79203844,-2.327506,0.32783842,3.6679096,1.9553277,2.7622745,-6.161977,6.9508233,-2.2512505,4.335916,-1.9543128,2.0913222,0.47996858,-1.9986335,3.6318784,0.735883,2.9415934,0.79338574,-3.4915419,0.9050474,-0.85501254,5.532889,0.0018441379,4.0977993,-1.2585593,-4.1592903,-5.52034,-0.88145673,-1.4686453,3.4784954,5.5153575,-2.3681748,-4.602514,-6.5273004,-4.7360845,-5.1514187,-1.6521816,1.0470488,-3.17128,-0.3033498,1.2845466,-3.387455,3.7135017,-12.073024,2.3065035,-2.6311355,-3.3980982,2.563021,2.745184,-1.7753935,3.7410192,-0.11125669,4.0061584,-5.4958205,-0.10440034,0.8592675,-0.33502588,-2.5304353,-0.6494512509364023,-2.274182647719144,-5.8357234,6.369293,0.6984861591516451,5.939554606495859,14.124237131079886,2,573.1873451294882,296.418,0.1143740031987081,0.969881796324991,4.0,566.0339028168526,4800.349617532255,4949.437385134803,0.1909678754596124,295.8560000000001
Cc1n(C)cc[n+]1Cc1ccccc1,0.09509417,-3.7402203,1.4836401,0.51012236,0.479571,-3.0590498,-3.0258505,-2.697761,-1.2156932,-2.7101924,-0.09370189,0.35962147,0.04980786,2.4735622,-4.1901054,4.4165835,4.911613,1.291106,-1.9674113,-3.9259686,3.826064,5.9772363,2.3841784,0.6712682,-2.5174735,-2.4196048,2.423657,5.9611063,-2.901497,3.3290358,-3.849801,-2.8056548,-2.0528913,-8.14863,6.483748,4.0469475,-1.938907,-2.0129611,-4.9344525,-1.8168566,-6.0820065,1.7967758,0.14804727,1.9017527,-0.4670708,-2.6447163,-2.4992552,1.1037321,-0.6573237,-5.3675065,-1.2706343,3.3556085,-2.64947,3.7882826,1.5238078,-1.4885743,2.58773,-2.0546005,1.4613011,-4.1734014,-2.0826535,-0.4644574,0.71832037,-0.23699003,-3.114883532524087,0.4728396414649816,-2.3707886,3.1795788,0.3965079432492669,5.297519531273088,8.721577759455197,1,403.2512458693774,187.266,0.2766966840473127,0.960390196705058,2.0,350.5467989807202,1216.7175417608405,1266.899168624586,0.4384838921108853,189.44000000000003
Cc1n(C)cc[n+]1Cc1ccccc1C[n+]1ccn(C)c1C,0.19579089,-7.4344344,-2.494536,8.333217,2.4426188,0.093010634,0.2570088,-2.7446537,0.61542004,4.19008,1.6178056,4.6418576,-8.374879,6.6835737,-2.9374251,3.8231049,-5.330623,4.7879086,1.0566611,-0.69131315,0.95483005,0.590051,4.274611,2.9850357,-2.4119015,1.7065526,-2.9503381,5.1543946,1.7853945,2.3166585,1.4766127,-5.0621023,-4.823558,-4.6336274,-4.905935,2.117567,10.0565405,-3.6988146,-8.1188,-3.8316517,-6.9576974,-5.4137325,-0.94176877,2.632406,-1.1613486,0.5875788,4.337861,-1.3147063,6.388545,-15.085874,2.529662,-1.9871094,-0.39492345,-2.2455459,1.1446441,-1.5256813,4.3754086,1.0855398,3.5246012,-6.2464166,0.23892766,2.9954782,-2.6842034,-2.1552298,-0.5658695369412191,-2.6561273665512584,-5.55192,6.5638137,0.5816910671543544,5.480337688405804,13.914261912498723,2,563.7980915357451,296.418,0.1704832990203008,0.9834670935194646,4.0,713.814294504158,4118.816369541613,4188.310704998124,0.2790095198539221,295.7946666666667
Cc1n(CC(O)CO)cc[n+]1C,0.2644707,-2.7394986,0.31149736,2.7343764,2.185581,-1.7957015,-1.0006686,-0.7607008,-3.896926,-2.6597083,-1.7912476,3.3798013,-1.0762814,1.9828238,-4.5093074,2.7015285,1.5978656,-0.50699335,-3.039638,-1.2175534,4.3177347,4.690651,1.8818603,-1.0592146,-2.7015026,-2.2601237,2.2607453,3.541527,-0.9414737,2.6481686,-1.4009835,-3.7143,-2.6968474,-8.122787,4.693021,4.0087824,-1.8698596,-1.9256831,-0.98613524,-1.7383566,-3.1879961,3.4992173,-1.3093077,1.3778496,0.14235356,-4.8058867,-3.0896173,2.9142845,1.6449986,-4.780045,0.13063362,2.7369456,-2.211299,4.5014377,0.36388066,-3.4089391,-0.053308897,0.34792426,-0.93627584,-2.3047032,-1.0189092,2.4197655,-0.579657,-2.056908,-2.711615079897953,1.2740387316137494,-1.7208538,3.8097115,0.3829498068454345,5.06877374996637,8.402299185762855,1,375.03747777399815,171.22,0.285509939190119,0.8471169515807524,3.0,292.206738719463,891.5467129093252,1048.931167595629,0.2792867710070862,168.89300000000003
Cc1n(CC2CCCCC2)cc[n+]1C,-1.6493932,-4.6715636,-2.063888,4.680144,1.3106326,-2.5570397,-0.32581854,0.54930675,1.3744845,-2.367603,0.2029872,-0.6773643,-2.529405,7.6015067,-0.40286285,-2.5219998,1.6067846,-1.1327795,1.7903763,3.6552994,2.040362,3.286513,4.057949,-0.55503184,-0.5269888,-2.9185925,-5.9045067,3.090961,-1.6194512,1.9510044,1.5385594,-0.30020404,-1.7738068,-4.0311503,0.036894675,1.4475117,2.8553083,-4.023251,-3.706473,-1.4387159,-2.8497653,2.9631526,1.5934075,2.5169268,1.8351607,-1.3242298,-1.73538,-2.0064855,-0.67616683,-8.4196825,-0.17834038,2.771288,-2.714016,0.8198234,-3.8280494,-1.8059099,5.802218,-2.3399665,-1.672479,2.1554248,-3.9877806,1.5215179,2.1715038,1.0784447,-3.1394965755506856,0.1844246612381177,-4.9093866,0.6365199,0.4723544079511291,4.873137514174854,9.45932500439731,1,426.121419166706,193.314,0.2283223303145054,0.9354561739622872,2.0,342.9075281541856,1414.1737194247676,1511.4373449082602,0.3189025675593074,207.06112000000005
Cc1n(CCCCCCCCCC[n+]2ccn(C)c2C)cc[n+]1C,8.144086,6.49009,9.078282,10.692521,-10.785992,9.096199,-1.6654907,4.788287,6.581351,4.114434,2.5280569,3.5876741,3.7838318,-0.5439547,4.05776,10.996503,12.620337,0.2732783,-2.362441,-3.3305554,7.61757,6.002597,1.0931532,4.147932,0.14326161,-4.1779404,12.387942,11.823155,-7.0602326,1.8240647,-15.177389,1.4580986,5.4710503,-0.68375766,4.443936,2.1276288,5.038939,1.6749718,-2.5895991,-18.922281,6.039949,-11.11623,-1.792027,0.7930599,-1.7922134,5.6694236,-3.7906704,-2.1395905,-6.8431683,2.2517161,9.198037,3.2471077,5.016685,0.49757743,-1.92295,6.5557775,3.9853458,0.98189044,4.351502,-8.384584,0.11777884,-3.8135781,6.487787,2.7058172,0.6469840391671521,-4.051242408108996,-9.160512,16.344866,0.8848879954334062,5.240239534527456,20.580736560013765,2,709.9115400255489,332.536,0.040313327082791,0.9870384475389398,11.0,535.7443796537805,13325.123791554952,13500.114859613026,0.0762088277454347,358.15168000000006
Cc1n(CCCCCCCC[n+]2ccn(C)c2C)cc[n+]1C,6.5370955,3.5581512,5.266188,8.661296,-7.989071,5.511813,-1.6918308,3.4660044,5.5352573,2.8482146,2.3894079,2.0100179,3.3073792,-0.5960551,4.995094,9.006619,8.021608,0.44315213,-1.4741229,-2.8194392,5.879888,4.6477447,2.0903988,2.3580263,-1.0004709,-2.2187757,9.964319,8.979956,-4.9098883,0.86829233,-12.098524,1.1134641,3.6372347,-0.123681456,2.470752,1.4279144,3.4590771,1.1654782,-1.4898587,-16.154882,4.6628585,-6.7901692,-0.7267238,0.7129191,-0.8172009,2.8565645,-4.3200707,-1.405509,-5.0004883,0.2078112,6.6451955,2.8248389,3.701102,0.42330253,-1.7836751,5.7407856,3.0934942,1.8290131,2.503378,-6.5283194,-0.4202513,-3.1030405,4.643338,1.152245,0.17417429818093688,-3.1316762838314913,-8.789123,15.5875635,0.851689692303566,5.3110941625784855,18.320660666285363,2,653.016621407281,304.482,0.0527443787963442,0.9862324552076056,9.0,506.97077417432433,9622.676931472844,9754.364587011763,0.1021957954971258,324.57792000000006
Cc1n(CCCCCC[n+]2ccn(C)c2C)cc[n+]1C,5.4947667,0.90693927,3.9677649,7.0976267,-6.199754,4.197876,-1.8726562,2.9870331,3.941951,2.01393,2.392215,0.8872884,2.6116633,0.109816544,5.074281,6.857555,5.870489,0.3957953,0.20813176,-2.3146815,4.483167,3.9610178,2.6699734,1.5081621,-1.2421346,-1.2404292,7.5653768,7.425749,-3.5183043,0.0502121,-10.125639,1.7116921,2.1259203,1.5633532,1.3283101,-0.06829162,1.6615866,1.0566912,0.06987299,-14.009155,4.2416043,-4.854177,-0.48238337,0.06735903,-0.62922037,2.0651064,-4.8412223,-1.6412423,-5.0381966,0.038930148,5.497693,2.0559726,1.9349234,0.89214003,-0.7886059,6.1120653,1.7924503,1.4820666,1.1602095,-4.174091,-1.6617842,-3.7528973,4.2544117,1.0030029,-0.17548466884024705,-2.5820169720871307,-8.784376,14.943112,0.8377715230575355,5.404380320676983,16.618118977060696,2,598.5759543211822,276.42800000000005,0.0574776426348586,0.969067373877238,7.0,408.105126074289,6881.478427480764,7101.123196272234,0.0826879322372702,291.01472000000007
Cc1n(CCCC[n+]2ccn(C)c2C)cc[n+]1C,4.0138493,-2.1384366,1.9590775,8.3118105,-1.3224497,-0.39420125,-0.63822424,0.19315496,-0.12012306,1.6065824,2.2628336,0.56550604,-0.74177366,4.019804,1.2322701,4.5286236,2.257411,-1.0009378,0.42395446,-2.9227772,5.559875,2.176689,2.4173176,-0.98546267,-2.9135773,-0.1570856,1.4309828,5.674155,-1.4106251,1.0412221,-5.466701,-1.0619824,-2.3003078,3.814586,1.2619727,1.7806028,0.34804082,1.4613882,0.9049253,-9.956966,-0.52979755,-3.7661407,-1.7236001,-0.33061397,-3.0663517,0.10729416,-2.5581768,-2.9140434,-0.40308604,-4.0525446,2.9139273,-0.8445042,-2.827884,3.092515,1.1566181,1.7789018,0.7914685,-0.08098146,-0.11482802,-3.2679048,-3.0478604,-3.0977151,2.0340025,0.08721936,-0.6041838650254681,-1.3703139969221811,-8.188434,10.535417,0.7754223443881199,5.379393483769676,14.357746253568967,2,536.3709922843141,248.374,0.0815256809311964,0.9459875319316764,5.0,365.8662925758581,4245.352455456625,4487.7468920912615,0.0876528376991002,257.2876800000001
Cc1n(Cc2cc(Cn3cc[n+](C)c3C)cc(Cn3cc[n+](C)c3C)c2)cc[n+]1C,-2.840915,2.7383819,-6.4416924,19.23391,-1.3351845,-5.153749,-7.306224,-6.025289,-2.500414,14.089929,-5.761634,3.4680014,-17.342432,9.573379,6.279545,13.272617,-9.801432,4.0721564,0.73678756,-7.647306,15.298362,-11.375707,-3.1354744,1.1086018,-17.178595,-4.733444,8.260772,7.696203,-2.6802902,10.707235,4.6356516,-6.4206343,-10.4776745,14.627699,-6.4695783,8.244977,1.4027377,6.842861,4.1769586,-2.7225935,-6.17506,-13.285146,12.439085,-5.9200783,-14.574234,7.2907434,18.26401,-13.309096,13.48456,-20.010084,3.8063605,-10.90619,14.901399,11.318822,17.73536,4.5758996,-4.1262565,-6.9733143,21.599112,-15.018759,19.068342,5.446064,6.110377,-12.409388,6.309798893525198,-6.278484420443387,-1.8621172,-15.525885,0.1795459309393838,12.220219786282955,13.68567433286499,3,758.0670114991354,405.57000000000016,0.5324381884885314,0.5770985808254366,6.0,4427.946799284303,4799.364255847346,8316.364555953192,0.2269615713727402,402.18080000000015
Cc1n(Cc2ccc(F)cc2)cc[n+]1C,-0.7505015,-3.5861423,0.3619977,1.5469906,0.83812416,-3.7167642,-3.144015,-2.5327358,-2.1354284,-2.6790092,0.047092862,0.823108,-1.4192166,1.5934969,-4.3899174,6.49007,3.055195,3.569681,-1.3467197,-4.5023017,4.8242435,5.4394445,1.6410246,0.83082235,-3.7865388,-1.5705981,4.1462083,7.6154814,-4.1512914,4.1363864,-3.7222133,-4.425952,-2.1690552,-9.368467,4.1307745,4.8243537,-0.34592724,-1.1902318,-6.802025,-1.1981921,-6.963263,2.0037644,-1.0092628,0.9885833,-1.0764009,-3.2144356,-1.5289912,2.3344424,1.3791837,-6.4948497,-0.3925424,2.7695892,0.057719067,3.000965,1.9478092,-1.5481501,3.5902944,-1.1094311,1.6912143,-7.2713046,-2.011328,-0.76666975,1.3289032,-0.0013337713,-2.240376973282518,0.15297411379115913,-2.77665,3.4334848,0.4613349826665091,5.162500234001124,8.910620470619705,1,416.3069864734586,205.256,0.2366033994771279,0.9740353782079249,2.0,393.001568240419,1617.8864378251187,1661.0140391427883,0.4388677184133551,194.7920000000001
Cc1n(Cc2cccc(F)c2)cc[n+]1C,-0.86556154,-3.8732288,-0.3313058,0.6108512,1.3846189,-2.5219648,-2.7310607,-2.2790565,-0.6747838,-1.1272403,-0.6414893,1.6844754,-1.3403642,2.1270049,-4.5182514,5.4690676,2.1866956,3.3352382,-1.8480942,-3.3116143,2.3067524,3.5074885,1.7661769,1.6471593,-2.7448301,-0.9311447,2.50244,5.766009,-2.652601,3.4959254,-1.3828033,-3.7168357,-1.9449484,-8.7233,3.3756242,4.24514,0.7825035,-2.7119863,-7.111476,-0.3255357,-6.077789,1.3691262,-0.053989857,2.2205281,0.08589974,-2.9341745,-0.50503993,1.3426237,1.1537724,-6.486767,-1.0891846,2.2892199,-1.3158743,2.2465389,1.1159949,-2.1090508,3.1378877,-0.5650922,2.2929335,-4.980511,0.16165978,0.061440572,-0.38240236,-1.4618545,-2.432923027456302,-0.01700831150305184,-1.7520583,2.4582415,0.3920194743655167,5.106423572160125,8.73324798706425,1,416.8489268640437,205.256,0.2801315139044494,0.9448530186318936,2.0,435.24917981963006,1477.2685668615495,1563.412165805924,0.4405645870861558,194.83200000000005
Cc1n(Cc2ccccc2F)cc[n+]1C,-1.5478872,-3.9129064,-1.1746514,0.11161381,1.6055961,-3.837649,-2.4869049,-2.1864872,0.7568994,-0.49128622,-2.308123,2.5254803,-2.3372588,3.6229043,-3.742609,1.7595152,-0.6913315,3.2051322,-0.8369404,-1.1366422,0.9179483,0.98950344,1.9090471,3.5153587,-0.425937,0.4052382,-0.1018258,1.9035071,-0.46118465,2.1399698,1.8304304,-1.7337451,-2.4837666,-7.2646894,1.4759037,3.4206831,1.384641,-4.1577864,-6.7709928,0.566091,-4.3006535,0.6555658,0.838992,2.8813665,0.6167431,-4.365599,0.4816564,-1.7220213,-0.59805506,-7.672426,-1.0931515,2.2480435,-3.2486548,0.5499902,-0.56118596,-2.9264066,2.7496114,-0.3557138,3.1453598,0.11477739,2.0880952,3.3339968,-2.5757358,-2.6778665,-2.997404716069303,-0.40300965749042167,-1.9356902,1.4787083,0.3337937981413095,5.061836420560865,8.826525161261728,1,409.92059061474544,205.256,0.3159294039188974,0.8993823282891367,2.0,452.8331314525329,1289.04688641179,1433.424068172157,0.3774459752981141,194.66176000000004
Cc1ncc[nH]1,1.6719971,-3.531906,7.1665936,-5.0626945,-2.74707,-1.0741822,8.570162,-3.3071377,-1.9306254,2.0916264,-6.541254,-3.0062644,4.80131,2.3226035,-10.777344,-1.0324148,4.279417,2.9220965,8.800769,3.4131367,-5.0830398,5.039705,2.3665373,3.1766057,0.33403295,-8.135924,2.9970217,0.1777294,4.957352,6.5682573,-1.7653538,6.353161,-0.63419074,-8.333687,1.9237554,0.47956222,0.5712682,-3.7244825,-1.1515487,4.393515,-7.6467123,2.976403,5.821066,0.6475613,6.454089,4.639871,1.4638387,-0.79370385,-0.6765837,-2.160563,0.95585454,1.9241831,3.1164415,5.646565,0.69383883,-3.4784539,-3.3603582,-3.4308653,1.8840188,2.6352406,-2.3005097,0.25453216,-2.2148895,4.082102,-2.9872082376982094,1.615044882263314,13.899649,1.8503255,0.3721296469003034,3.4217835157819474,4.821395624905842,0,242.99487555339743,82.10600000000001,0.2949559387467265,0.7215705674060295,0.0,56.84180423409092,139.05593190579765,192.71286577789493,0.0920317465739431,81.25200000000001
Cc1nccn1C,-0.39467293,-3.8863575,1.0579846,2.6917005,0.94179416,-6.216631,4.7422237,0.6991638,-5.5913715,-0.890474,-0.46446848,-1.275281,1.3091514,0.5181839,-3.2712812,-3.2854834,-1.2648203,0.28058967,4.214334,5.9954953,0.93721974,0.45214546,2.0615551,-1.5761456,0.84285295,-2.902785,-1.7136554,-0.2705997,3.829458,4.9709144,1.8341227,0.8117958,0.76433486,-1.8214451,-1.8500323,1.3264989,-0.48987186,1.3271565,2.7003977,2.4468675,-3.639598,7.013738,6.090904,-0.445256,4.1936483,-0.016138434,-1.4452571,0.4801075,3.2955291,-2.9023137,-0.9724194,5.6579866,1.4271829,2.5864303,-4.0419235,-3.8820915,-2.623678,-1.9941001,-5.925203,-0.07627555,-3.6284482,2.519523,-2.2272565,4.5430617,-2.1507970744285827,3.134228426004046,7.391883,-1.7066611,0.2370078758679032,4.388835551249616,4.850357369150897,0,269.85506788387755,96.133,0.4741124518179753,0.5494323137286752,0.0,129.91660465952037,150.5558025657144,274.02065514490835,0.1318237754639902,98.04800000000004
ClCCN1CCC(C2CCN(CCCl)CC2)CC1,-3.230555,2.320676,-0.5402351,12.262397,4.9099054,4.642729,1.2422901,0.23245177,-0.80100924,7.5022655,6.746105,8.612458,1.8857132,5.650822,2.8698297,3.0208063,11.0426445,4.0973506,-1.2198954,14.833814,1.762565,-1.3176844,-7.7519307,-9.17906,2.379835,-4.954282,1.0458347,18.131336,-8.020637,10.097474,-0.3415436,-12.454167,6.7794476,0.9850787,-4.2021723,4.808781,9.712949,-1.9130819,-12.63999,-5.9559,0.07185513,-4.6070137,-2.8865702,-4.168803,-3.1252587,10.078082,6.1652985,3.9064376,6.6416974,-4.9378366,1.1674517,1.4402201,3.0108294,-5.393883,-6.340922,0.9751265,8.85279,0.075354725,-2.3403609,-17.377151,2.2380478,1.2249217,5.722892,0.9576957,2.8696246373376484,0.26908106718192426,11.07447,-7.89967,0.7309026862209511,4.870370533456827,13.663165024452676,0,539.359966970862,293.28200000000004,0.1014650505775905,0.9551245249866658,5.0,587.6024396673034,5618.430876017136,5876.3006996485365,0.2148123246964534,280.744
Cn1cc[n+](C)c1,1.2768469,-5.5762005,3.7115746,2.2893543,0.6829256,0.58597267,0.9243145,0.55275834,-1.2800577,-1.549727,-5.9399033,0.64843106,-0.44397026,4.6154175,-4.038396,-3.0473824,-1.3974576,-0.7316449,6.546689,0.09317829,2.7970774,-1.0356886,2.6419775,0.59089255,-1.1141174,-1.6707518,1.9578971,-2.487836,-1.5455598,4.0815907,2.2460778,4.3953094,-2.2164607,-3.8224905,-1.416246,-2.2273698,4.575467,-5.925844,3.0173082,-0.24985653,-1.4663768,4.1975093,-0.830853,2.020307,0.7970152,-0.10398801,-3.7409072,-3.5905316,-0.08278838,-5.68143,2.0162997,-1.7040217,1.5116234,2.0616298,-1.9991477,-4.5734468,3.6751213,-1.9716094,-2.3227646,3.0692532,-1.178873,-2.933626,2.7684965,0.039806366,-2.5816324213504096,-0.6835682027644348,-6.1075416,2.0973384,0.4512493678427134,3.97802686487792,5.9466942766083095,1,279.78112865700325,97.14099999999998,0.2390108405898729,0.7816387940592809,0.0,74.84070049244261,244.7520569991388,313.1268034024631,0.104516528251577,100.80000000000004
Cn1cc[n+](CCCCCCCCCCn2cc[n+](C)c2)c1,6.714936,5.916911,9.598065,8.81306,-11.956063,8.4577675,-2.991782,4.2485666,5.3709526,2.6216035,2.9797227,1.2378143,3.8097792,-0.80982715,6.4454784,10.569565,11.733977,-1.2079973,-0.5214211,-3.5213034,7.688903,7.4866242,1.0236893,4.3805923,-0.4495147,-4.590019,12.292202,9.8475485,-5.302616,0.85811734,-14.914942,2.4783204,4.242825,0.3740104,5.534297,-0.44226474,2.0215611,3.292875,-0.873171,-17.150314,6.9460526,-10.639435,-2.071124,0.7791028,-1.4225643,4.693131,-3.9055839,-1.2274046,-7.6743307,3.9925084,6.9084067,3.6300993,5.42,1.7216724,-0.8871455,7.830204,1.1933697,-1.2587507,4.904641,-6.1681657,-1.8575773,-3.626664,7.183694,5.2708273,0.44933073243861615,-3.2126126998022717,-9.4493475,16.00652,0.8760935935992537,5.303872158959467,19.71944669820568,2,680.9988802685988,304.482,0.043625476718195,0.9842271188752744,11.0,491.1251403187322,11360.264100601247,11536.380521109646,0.0826193347866518,324.8996000000001
Cn1cc[n+](CCCCCCCCn2cc[n+](C)c2)c1,5.7111187,4.032397,7.0808187,6.7735662,-10.584185,5.4313455,-2.315768,3.1107957,4.2652984,1.4799122,3.0240626,0.46310169,3.2607784,-0.2222864,6.3743424,8.626547,8.401768,-0.6135748,0.096146286,-3.4602766,6.964847,6.4140854,0.9361519,2.495215,-0.68280107,-2.717803,9.89141,7.187241,-3.9790716,0.16018564,-11.9899025,2.6150138,2.8697662,1.1473852,4.1628933,-0.0619628,0.74075663,3.1985073,0.020431176,-14.613116,5.153979,-8.12764,-2.1506572,0.6936318,-1.7522013,2.7118948,-4.2070146,-0.7055506,-5.467167,2.4062045,5.519024,2.748701,4.343645,1.2844785,-0.8542197,6.3474636,0.4299115,-0.5449836,3.0251153,-4.397102,-2.7139347,-3.1520977,5.733301,4.3019104,0.12869287223166911,-2.4507926240947624,-9.236176,15.322991,0.8513617442006876,5.135592532269234,17.736199787871236,2,622.4669130709989,276.42800000000005,0.0531230329812619,0.9831262829831524,9.0,425.7997231417801,8149.006885782149,8281.61057912101,0.1025498727861305,291.48320000000007
Cn1cc[n+](CCCCCCn2cc[n+](C)c2)c1,4.634013,0.71070683,3.974045,6.9616976,-7.012656,1.5872645,-1.8333054,1.4141898,1.8401151,0.36515683,3.43844,-0.6184701,1.7828677,0.9553106,5.8871946,6.647858,4.270106,-0.7390073,1.1461935,-3.5115395,6.5670066,4.8402653,1.5751019,0.6430671,-1.8149476,-0.9309807,6.3900332,5.771314,-2.3690627,-0.17608917,-9.19529,1.3036585,0.33147162,2.7193768,2.1862078,-0.3080619,-0.18480076,3.1962664,0.88743865,-12.488468,2.9059722,-4.60957,-2.476051,0.02519232,-1.5724641,0.49838555,-4.3414845,-0.7897413,-2.80609,-0.32474592,3.1849911,1.4642467,1.7844748,1.6387333,-0.10246071,4.8255734,-0.054664962,0.28545263,0.50037,-3.2057033,-4.0728927,-2.9740245,4.1641474,3.1290452,-0.128004573486371,-1.5897597939604946,-8.952216,13.584012,0.7989700969503355,5.304585054833477,15.53209892480477,2,562.787104734836,248.374,0.0736369184749287,0.974132717800706,7.0,390.9168000465515,5386.435369827639,5523.5902262888,0.1279501291276342,257.89028571428577
Cn1cc[n+](CCCC[n+]2ccn(C)c2)c1,3.9225316,0.26077464,5.1419764,6.0440445,-6.0330644,1.4262103,-0.5047953,0.4608105,0.15201595,-0.22994126,2.0050848,-0.3585149,0.5730018,2.8900545,1.08043,4.807911,3.0463653,-1.9832581,0.59682393,-4.601836,6.3160176,3.6925983,0.95880324,0.31664848,-1.1980569,-1.2070217,4.3005815,4.8629274,-1.9679457,-0.20036262,-7.4159307,0.8588229,-1.0838087,2.3541427,2.7418518,0.8457672,-0.38893044,2.8450778,1.0160486,-8.625351,1.4722013,-5.3722987,-4.218199,0.5277912,-3.7945857,0.027812496,-2.307794,-1.6352398,-1.4737937,-0.48076287,3.0851104,-1.5012851,-0.06875919,3.152045,1.4671164,1.4770105,-0.70358074,-1.1548097,-0.07877126,-2.2473288,-4.4227276,-2.9968398,2.7826765,2.6242976,-0.588506143667437,-1.0851637906318603,-8.854654,12.4396,0.8404995349483246,4.817061752263616,14.042157503611122,2,503.4732320495473,220.32,0.0564568705753109,0.9704162312190616,5.0,222.3012306880485,3821.032943767418,3937.52080350576,0.0848739611664186,224.56800000000004
Cn1cc[n+](Cc2ccccc2)c1,-0.13775301,-3.223961,1.7015878,3.4675257,1.3733917,-3.0808072,-2.4320042,-2.238691,-3.1004229,-3.8963826,-2.2821033,0.92541283,-1.9066095,4.978274,-4.614364,1.4874425,3.7605357,-0.4714225,-1.2380817,-2.1943293,6.8636866,6.6185646,2.7545984,0.66761565,-3.3588607,-4.0714855,0.2695345,4.7446866,-1.6056691,4.2076902,-3.4377174,-2.6431193,-3.0324206,-9.759175,7.281253,4.5847487,-2.125027,-1.7489849,-3.3170745,-1.8508606,-4.352391,3.510565,0.16593045,1.766006,-0.019407123,-3.7800179,-3.1690288,-0.30162877,-1.6070368,-6.959492,-0.4947507,4.5576015,-3.7658632,5.6306767,1.0750616,-2.6831315,2.471473,-3.2657092,0.5215486,-0.07609185,-3.5091019,2.2174022,1.9398981,1.0275953,-3.7505500941006797,1.0120541687369566,-2.06626,3.7012336,0.4484182762023042,5.1205703781282335,8.788129338056237,1,397.8398387550777,173.239,0.2416074841474263,0.9398279931728852,2.0,291.8662345477467,1135.9848987187383,1208.7583466372548,0.3500305873567938,173.03360000000006
Cn1ccc[n+]1CCCCCC[n+]1cccn1C,1.0995924,0.5016824,-0.024813218,9.054423,0.5414885,-8.135238,-1.9449557,-3.3575208,-2.2441254,-1.640389,2.3165843,2.190127,-1.9474082,1.2608211,2.5673232,8.60835,-1.366594,2.6877596,3.577021,-4.5592856,11.614563,5.097622,0.7162618,-0.5789249,-7.595501,-0.31992483,4.554708,6.0107493,-2.2702363,5.375126,-4.732824,-5.9357514,-6.4140577,-0.40506473,-0.8631503,1.8586061,-0.24207456,3.4951222,-2.452506,-9.616022,-0.66693634,-0.9968135,-5.024947,-1.9292367,-2.5190816,-6.7642794,-2.5223346,-0.7591474,6.395809,-5.575749,-0.93067,-1.9602723,1.6566825,3.5054238,3.1548638,-1.3322189,1.3865496,0.9680593,0.5569606,-6.076371,-5.6362243,2.086977,4.083682,2.3159533,0.4584230719194073,-0.31253787353138046,-7.8528767,8.054569,0.6803621422350175,5.572155002193432,12.499183248306675,2,547.6747197907795,248.374,0.1240571555553629,0.9655147525028502,7.0,529.2373762223929,4244.438973475878,4399.573011515965,0.2167051009350248,262.96920000000006
Cn1ccc[n+]1CCCCC[n+]1cccn1C,0.7676477,-0.03195928,1.1084573,8.236201,0.8574436,-9.008858,-2.1937082,-3.9015517,-4.040862,-2.4229522,1.1575958,2.7464845,-3.6603224,2.0537302,-0.641716,7.7997518,-1.0826398,2.2364237,3.3962348,-5.685473,12.389534,5.4369683,1.1865642,-0.42532524,-7.309448,-0.6660937,3.690582,5.2571235,-1.405013,6.3265944,-3.2250278,-5.7005305,-7.0819225,-2.3201356,0.7298358,3.676076,-1.0467825,3.2461169,-1.6771365,-7.2932377,-2.3478713,-1.9247351,-3.8677413,-1.7459562,-4.7923536,-6.632005,-1.7226399,-1.124907,6.931918,-6.4368796,-0.41159335,-2.11335,0.7892522,4.491676,3.930989,-2.6168325,0.9163257,-0.30969694,1.2902783,-5.3669868,-4.911369,2.773885,3.1640308,1.385833,-0.21056534528119616,-0.11763416684477562,-7.7517457,7.504077,0.6416078017999781,5.396414970795306,11.854223436946592,2,521.3486445440435,234.347,0.1411302654808459,0.9597366070681004,6.0,494.5603521676542,3457.2503461353217,3597.84157496368,0.2418812675296878,246.1374545454546
Cn1ccc[n+]1CCCC[n+]1cccn1C,2.2238717,-2.6254036,1.9064149,6.9957795,2.5911708,-9.758657,-2.206405,-3.8172112,-6.6584826,-1.9599788,1.8658553,3.8742335,-6.6233454,2.8124113,-4.018086,7.327905,-1.1122925,2.0231688,1.8471415,-7.410595,12.328785,7.422284,2.9290655,-1.5301958,-6.3865952,-1.0396134,2.325425,5.464499,0.9863949,5.62875,-4.411508,-6.91535,-7.6641006,-4.5940447,2.71885,4.973625,-2.9486427,3.1005905,0.93615377,-6.46237,-5.43726,-2.4214585,-0.44090486,-1.4457448,-6.6707153,-6.2431493,-0.5986701,0.76385635,8.34979,-7.8044524,0.3581302,-1.3286984,-0.99079996,5.6559796,5.649181,-3.1241148,-0.18766177,-1.8431623,2.0362613,-7.2295284,-5.5827093,2.6109266,0.37765974,-0.106636524,-1.1369915505006423,0.11496280423131101,-7.6977086,6.992746,0.5503640135864072,5.703266695248218,10.823620315808606,2,490.0901567642373,220.32,0.1889268219649739,0.9411153139720358,5.0,481.0511379492641,2522.2902466589157,2685.032895624663,0.29303736792899,229.4000000000001
Cn1ccnc1,0.48521245,-3.2498987,6.1052856,-2.3844373,-0.89426506,0.45968786,5.9415436,-2.2826614,-4.305113,0.64827794,-4.996716,-2.3863013,4.3677106,1.9389396,-8.668316,-0.41514838,2.373021,1.0683321,7.245517,4.2779727,-3.3503988,4.782613,1.4908717,0.54803354,-0.92781144,-7.02353,1.7115945,1.1190337,4.4130692,5.3952017,-0.5332865,3.3276598,0.47264677,-6.9828167,1.218974,-0.7636154,-0.4792217,-3.128531,-1.6884537,4.883,-4.5084653,3.2747128,3.9564443,-0.48697257,4.921338,3.7599983,1.3015224,0.7131617,0.15884766,-0.96721685,0.2305958,1.9592121,2.7654383,5.1528945,0.34179,-2.57323,-3.0472832,-2.9045718,-1.0222542,1.5396334,-3.6327558,-0.16421385,-1.273176,4.6865873,-2.4663454254895116,2.294406255832559,13.386613,1.7807056,0.3760207199437237,4.151222753496819,5.030042187550047,0,243.27835246633595,82.10600000000001,0.2917817789277712,0.725365081754338,0.0,55.33692620370407,137.56676017696643,189.65175417317064,0.1023954546026554,81.67400000000002
Fc1ccc(CN2CCCC2)cc1,-0.43952024,0.029165298,1.9369136,1.4853015,1.5293202,0.6064335,0.4415899,-1.8766781,1.370295,5.1972604,-1.4552356,3.7607834,1.2031147,4.5264273,-2.999059,1.9168342,5.727467,2.3460977,-0.13230035,3.3442378,-0.6450757,0.10671364,-1.6388032,-1.550559,-1.0641356,-2.7740679,2.0068994,8.656251,-5.451037,4.3417387,-1.4528259,-3.9257858,-0.517333,-2.2298841,1.7450577,4.0781326,3.7206364,-4.365538,-6.32097,-2.4319897,-1.5462415,-1.314873,-1.2226934,0.13669479,-2.946592,3.0684018,3.3933535,-0.6993859,-0.15088019,-3.4502912,1.6354544,-1.6545889,-0.56508106,-0.51955116,0.38726,-1.0985425,3.9443011,-1.0078003,2.1128376,-5.6690593,1.4424577,-0.39138526,3.3427536,-2.9208493,-0.6649663609137696,-0.8693028740366406,1.6869413,0.9828483,0.590325633849745,4.434050625112669,9.105905998161017,0,389.7378976071082,179.23799999999997,0.166684083787118,0.9753437080814544,2.0,235.84575353487284,1392.8984993279155,1428.0000390917596,0.3316882935671,174.58400000000003
Fc1cccc(CN2CCCC2)c1,-1.196893,-0.73851013,2.6069856,1.560791,3.0704088,0.18165955,0.9031055,-3.1275215,-0.2375012,4.6974893,-2.6478302,3.5487745,2.1511652,3.9922748,-4.9088674,2.862297,5.8610783,0.65082425,-1.237281,3.4033089,-1.3402134,-1.1438568,-1.7609823,-0.7426218,-1.0033481,-2.688069,2.0094175,6.805328,-4.28422,4.125666,-1.1344601,-4.455499,-0.988308,-3.2937732,3.9356973,4.150276,3.1242867,-5.4793983,-6.2699823,-1.3511164,-3.0919225,0.10570356,-1.7490025,1.0876297,-1.9372249,2.0966306,3.3817108,-1.2381124,-1.5012531,-3.5845346,-0.39144734,-0.7749185,-2.4680033,0.36505127,-0.53052425,-2.8188453,2.4708583,-1.0192502,1.0396332,-3.5843525,2.6399407,1.0029068,0.7009734,-3.7549644,-1.4442493406930872,-0.08872850371578321,1.5772841,1.3070313,0.4914210783001194,4.6417329304547055,8.968416535584,0,390.0015515039914,179.23799999999997,0.2159775248118575,0.9191646876001668,2.0,292.54729921513047,1252.7426189151724,1361.8776920927542,0.3370511980686247,174.62200000000004
Fc1ccccc1CN1CCCC1,-1.0912908,-1.3963327,3.5317955,1.8547242,3.7679276,-0.013292164,1.6792729,-3.6155515,-2.5868373,5.636693,-3.04311,3.6944509,3.2662334,5.012793,-6.597371,2.113861,6.034912,0.09403831,-0.6360215,5.4626927,-1.870066,-1.4795563,-1.128269,-0.89819753,-1.7734149,-3.3456438,-0.015935749,6.7703996,-1.6632293,4.557232,0.103201546,-4.911585,-0.39576888,-3.9099858,4.6834574,3.9344738,2.5891185,-6.2099214,-7.755869,0.30018955,-4.6945662,1.4934726,-0.3471958,2.0643198,-0.6017339,2.4198565,4.686199,-1.4162676,-1.0102593,-3.9563024,-1.9290749,0.49564868,-4.2891316,1.0573736,-1.8046637,-4.197159,1.6032648,-1.446751,-0.62408954,-2.8450212,1.9519892,1.6549213,-1.0968872,-2.8229482,-2.005161338003535,0.9772361131031073,1.879967,1.4729518,0.4368166760971426,4.691857962936035,9.232823612047053,0,388.6722125917974,179.23799999999997,0.2457376827854545,0.8881220499971431,2.0,303.7300493553104,1098.145613869241,1236.3320393398735,0.3065545490549172,174.336
N,-0.006479509,-2.7145326,4.7377048,4.9110827,-4.1851544,-3.0217497,23.131496,0.27503002,-7.469475,4.6372237,0.78278255,-8.057094,5.55592,1.4651725,-0.27799177,-10.628571,-10.872888,5.7196517,11.657705,14.016309,-14.1019535,-1.3155982,0.23036307,-9.543371,2.259764,-7.8165455,-0.44033602,-7.5831165,10.401265,2.0390425,-7.58243,3.2036126,6.990377,-2.081477,-4.707686,6.3596616,-1.2795273,7.0466223,6.753102,-2.3488498,-14.825243,11.86881,4.734868,-6.8126574,16.632341,8.38879,-1.1319826,6.2515097,10.031716,-4.636377,4.8960958,6.859359,11.648908,10.414514,-4.3399897,5.052545,-15.789832,-1.0244155,-12.284637,9.1550045,-14.738943,10.334742,0.13312456,12.921958,0.9088010898205237,6.351794886487672,16.142607,6.498586,0.0963437278719119,1.5342811132187837,1.6002316803945766,0,130.83344637200122,17.031,0.6446879381053032,0.6447018248847414,0.0,1.7213544633281048,1.7213915418405978,2.6700584291790164,0.1263909236453069,23.632000000000005
N=C(N)[NH3+],4.1078806,-12.042253,3.2390978,3.3139365,1.9987901,-0.5857104,12.9867115,0.083369225,-5.1350307,6.432776,-1.2802025,-3.0865967,0.47075832,2.5771117,-1.8476052,-6.3055797,-7.4501843,0.00869781,5.9796953,8.066496,-7.9535904,-2.460067,1.1608794,-6.866167,4.373997,-3.139363,2.753589,-4.5196104,7.660059,-0.46042335,-6.939069,1.8742542,1.1124597,-0.070382595,-0.9249806,2.4826248,-0.8135203,0.6437036,13.854562,-8.668716,-9.663686,9.421323,2.7686784,-3.171167,8.70552,5.0800905,-3.3734646,4.3777685,3.0024981,-6.9121966,5.7555356,6.557625,0.5805189,4.3802853,-1.9948019,3.8880494,-9.630773,0.9538659,-7.630274,3.2009883,-6.9576483,1.3815176,-2.2082076,-1.5877371,-1.1742147702197139,2.103980017813974,16.204174,8.167068,0.2260340734300199,3.310794955995493,3.700211912370174,1,209.759907817667,60.07999999999999,0.4839940935146278,0.5545544002287276,0.0,46.706102195950336,53.51526978813035,96.50138880163573,0.1840929324703197,60.75200000000002
NC(N)=O,-1.9045409,-3.4166844,5.2176185,-3.0862322,-7.2540336,-5.4360065,11.092374,-1.8570119,-4.3415084,-1.585925,-6.5935364,-8.585745,6.0628266,0.67322546,-6.541575,-4.712878,-2.7024393,4.76462,9.721057,6.370473,-8.031736,4.388592,2.1927736,0.7933074,1.6625357,-6.3540983,4.9533706,-4.5353084,6.013499,7.3467946,-0.37389487,8.817891,-1.0503705,-4.9956727,0.14529073,4.2725387,-2.5660846,4.355504,4.1910315,3.9785795,-12.184896,10.29847,5.236993,-6.13074,7.5670776,4.7533083,-2.1151197,0.6281625,0.66605544,-3.504935,1.5920497,7.3105626,6.4410233,6.867357,-0.61257267,-2.647772,-10.508916,-2.9443612,-5.457749,8.609022,-8.648054,6.1034527,-0.22346488,9.332627,-2.3299439185565456,4.009249161624809,14.98277,5.8570137,0.2403749895136414,2.804470546864314,3.9237914227346655,0,197.8936028045657,60.056,0.4976623607667576,0.5157138067604895,0.0,44.68289599161768,46.303655260197885,89.78556449954125,0.0645324849979497,54.84800000000001
NC(N)=[NH2+],4.6030607,-14.191082,2.4238622,3.0210629,2.8900194,0.36022887,13.753316,-1.5970896,-3.6053483,2.8874438,-4.0108266,-7.132669,4.050446,3.5921905,-4.508932,-5.9760113,-5.348839,-4.5916395,6.5099077,10.518738,-10.835601,3.3760352,2.8925083,-5.183775,4.359544,-5.6077814,2.4357026,-6.3350034,8.170933,2.4842825,-2.56085,4.3454223,-1.6850567,-1.2793589,2.9588943,4.180124,-3.7759988,-2.404763,14.005782,-4.76132,-12.227262,10.592588,2.0469806,-3.443447,10.110136,3.8835354,-5.9349246,3.3451567,0.6469592,-8.481912,7.0309052,9.933925,-0.03097932,7.794741,-2.205994,0.4194539,-9.878534,1.235779,-7.305171,7.9866357,-7.6117873,1.6860384,-2.2081568,-1.4376075,-2.986452908136482,2.959037663406022,16.406332,7.8186045,0.2500000013504871,3.6937561434300985,4.065608793276542,1,209.821901560324,60.07999999999999,0.4999768794301713,0.5000231209074538,0.0,49.74005420288746,49.7446545227844,99.48470869208332,3.478124568975776e-10,60.088000000000015
NC12CC3CC(CC(C3)C1)C2,5.2109976,4.496303,3.8784578,-3.7671027,-6.3193545,0.23198971,-0.10598971,-1.5261307,2.1286342,9.4060955,0.42898256,2.5497525,5.154895,-0.3784228,-3.7589796,0.18873107,5.977162,2.3867335,-1.5150874,-1.7198007,-2.012874,-8.187519,-3.3389463,2.2687619,0.20089918,2.9832523,4.7208467,0.10743006,-2.3838673,1.1695113,-0.097829275,-1.4435403,0.4010349,7.0568895,2.9355316,4.37381,1.7606148,-0.28004557,-5.315609,-2.1445942,-2.4588687,-5.8224206,-2.9070117,1.0742238,-3.9939032,4.6979175,5.153239,-4.5766864,-1.717698,3.1343646,-0.46942654,-6.9850564,-3.2263503,-3.4085026,2.0249264,0.41618595,-1.338302,2.190145,3.4542294,-2.8623943,4.9628634,-1.8990841,1.4401414,-5.309695,0.8492853428347713,-1.4382905687178236,10.21498,0.38985422,0.0482377162667077,4.961261671052037,5.695173371140335,0,332.08680348891056,151.253,0.7024507175822652,0.9979917451423412,0.0,302.4480389703561,429.6965447870684,430.5612214527702,0.8493190558685324,158.10400000000004
NC12CCC(CC1)C2,3.6808877,4.045456,2.0065455,1.3836961,-11.034434,0.5822747,-3.0644176,3.2518868,1.0659287,1.85298,4.498264,-4.27723,2.383345,1.6329241,0.47367406,-3.8745384,3.2031994,-1.6200392,-0.3483764,-5.0697665,0.08251374,-2.770841,3.5445783,-1.0224044,-4.383261,1.84291,4.603067,-4.9378414,1.4627343,-1.7169925,-1.2687835,5.4715333,2.5620565,4.3575826,4.5239215,1.9884353,-2.7181315,2.796653,0.27769172,-2.151456,-4.6129184,3.8458698,3.6182754,-0.22168517,-1.3771977,4.4555864,-1.8088497,-0.89794475,-3.0776737,3.0364497,-1.3093172,-2.2001991,-1.4814099,-0.75009394,-3.9941266,0.4893268,-4.329615,0.76500106,-1.439237,1.0059857,-4.3013997,-1.9333622,5.191334,1.8677913,-1.0977600371614598,0.4412178631025926,9.124966,3.4489129,0.0850360957357653,4.521635592588567,4.789852481383647,0,291.43202665597533,111.188,0.5934534845939367,0.8372958652142058,0.0,161.45764100149668,227.79840715196465,272.0644797658904,0.6830538708119139,119.91200000000003
NC1CC2CCC1C2,4.443782,4.4995637,2.1041412,2.2271745,-11.839866,0.97330415,-3.3450425,3.5529609,1.0131826,1.2897125,5.184539,-4.1279054,2.9580483,1.3217196,-0.62315905,-3.7645793,4.2040796,-1.9431609,-1.229369,-5.8875165,0.06078785,-3.2250447,2.8665655,-0.6402989,-4.1175995,2.3506656,5.5660625,-3.7019634,-0.61513805,-1.4029995,-0.7820545,5.088677,2.4726267,4.7567334,4.953635,3.5212817,-2.1592178,2.565141,-1.0613692,-2.1753905,-3.8105507,3.2744715,1.83601,-0.33056092,-2.3957214,4.9998236,-2.2590976,-1.1536984,-3.7822769,3.9773817,-0.9960028,-3.465855,-1.6941838,-1.4689045,-4.48402,0.07925096,-3.4893181,1.4936562,-2.057491,-0.009942852,-4.5818887,-3.34397,6.007966,1.5414884,-0.8691675849591856,0.25776928223407125,9.294999,3.204956,0.1198813908758029,4.182541086352417,5.518499128325215,0,292.3330262918081,111.188,0.5437483733300496,0.9088757074275584,0.0,150.06924271276034,251.8187783648339,277.0944745583238,0.7031137348570642,120.07333333333338
NC1CCC(N)CC1,1.8521065,2.292177,3.7997003,3.2082596,-7.3068357,0.071376234,-1.541963,2.8765674,0.883214,1.970996,1.4073242,-2.8253767,2.4781237,3.911054,-2.3999221,-4.8411984,3.475656,-3.2724879,0.15861592,-1.1108909,-1.1571149,-1.9877472,2.1366975,0.29292554,-1.2838805,-0.65112203,0.9784069,-1.5401555,-1.197265,-1.3001648,0.46355522,4.166196,2.941708,3.4151778,3.9145143,1.664612,0.8920704,-1.9372083,-3.2192028,0.10986073,-3.4384217,5.1568975,1.7791961,-0.3113172,-1.491268,3.941813,1.577203,-3.1106288,-6.124414,1.531668,-0.483474,-1.7847836,-1.8528153,-3.573052,-4.859427,-1.3334391,0.5410179,-0.50161815,-1.7297121,1.73317,-5.131557,-2.2972682,5.1331515,0.98618317,-2.0227345783385378,0.0808531001532522,7.1748166,2.7332985,0.2927358366191297,4.448397313343491,6.161397366442794,0,303.7678592494673,114.192,0.3543184858264267,0.8331298383696701,0.0,141.06427868439232,338.6400397817989,407.4273039194692,0.4298485662599115,125.4338461538462
NC1CCCC1,1.6520929,3.2265198,3.5193167,1.7591391,-12.006208,1.0566173,-3.2348092,2.429813,1.8546913,-0.87736744,2.7323043,-5.533474,3.0827632,1.3334785,1.538393,-4.327,0.6914065,-2.646652,-0.3784382,-2.9334583,-1.668152,1.4676945,4.194953,-1.0731472,-3.3386502,-0.017291427,5.1103635,-4.615536,1.5492271,-4.135116,-2.0713835,7.566748,2.8358839,1.392291,5.3196635,1.2955813,-4.3959694,1.9429078,0.6862496,-1.6548004,-3.8344698,6.599405,3.8414462,-1.7363157,0.13840589,3.9795537,-2.6931415,0.13371435,-6.499291,2.7679636,0.43144256,1.6357074,0.8272707,-1.2133347,-4.1658545,1.6598927,-6.0168543,0.74415624,-2.393381,4.3651233,-7.524339,0.13345395,5.14072,3.4254854,-2.152104671884863,0.8588754973735954,9.363463,4.3555775,0.1944071746198827,4.117017360000637,4.753321456268259,0,264.5409462342154,85.15,0.4585992044251732,0.7785404004629903,0.0,89.20248458094954,154.6059845837184,199.39721380258615,0.511709276870008,97.02500000000002
NC1CCCCC1,2.1557329,3.005331,3.906392,2.242911,-8.71627,1.6385455,-4.34033,2.9823804,-1.375361,0.41232198,2.398349,-3.0881324,2.7290921,-1.1490132,-1.0057003,-3.1855626,0.6192796,-1.7961062,-1.0239655,-5.0646787,-0.4894519,-3.4795702,1.7005608,0.6777257,-2.5537694,2.2201328,4.6257787,-4.354712,1.7321836,-3.2576275,0.06046862,5.198378,3.5117798,2.7753308,3.5396333,0.6043296,-2.3538785,1.092805,-1.383762,0.7742063,-1.2415655,5.7993646,3.5609987,-2.0855067,-1.311738,3.4326513,-0.1434122,-1.3113215,-6.0336375,5.6361766,-0.8208667,-1.6257727,-0.2131269,-3.1640544,-2.7084396,1.2323451,-4.2210684,2.31158,-2.060433,1.2431926,-4.143071,-1.8443699,3.5028422,1.474152,-1.3434133684392455,0.5388422592304764,8.630535,3.7530704,0.189609133808293,4.498486115761462,5.432434999555197,0,285.9377591065317,99.177,0.4638067493755163,0.7351915829259406,0.0,130.8635082343195,210.6443914865344,287.0744782052888,0.4558540378578086,113.32000000000002
NC1CCCCC1N,0.16222122,0.9859389,5.265996,-1.9933257,-5.751022,1.1207494,-1.6841441,-1.1653409,-1.8548374,3.7215402,-1.8443848,-0.23605628,5.189366,-2.2018394,-1.7144886,-1.4710144,4.4212365,1.7014916,1.0988867,0.46440804,0.03977918,-6.1695485,-1.5368257,2.1080143,0.6645969,0.29359266,7.630918,-2.7986007,-0.02094847,1.6966869,0.08523873,3.0037405,1.3030248,2.1251798,1.4807433,0.13468628,-0.16262336,-0.09685598,0.92750645,0.010550976,-3.227034,2.8149674,1.5719033,-1.5289361,-1.1017387,4.147999,1.509508,-2.131406,-3.233545,3.9553065,-2.610723,-0.5733039,1.1315897,-2.7571049,-0.894166,0.40951064,-4.793493,1.324587,0.65023875,-0.71984684,2.7227077,1.5480515,1.5925225,-1.8435009,-0.46589662400452286,0.31505947857307914,8.920035,0.8983471,0.135058678050178,4.973811791260872,5.24478396876015,0,303.1608943525129,114.192,0.5762645320210994,0.6785848129041423,0.0,207.1049873186982,248.01048996152207,369.0229833517868,0.4619036705369287,125.64400000000003
NC1CCCN1,1.7964602,3.626595,2.748279,1.0181868,-13.628183,-0.9071871,-1.9330963,2.4210553,1.276032,-1.7520107,3.998101,-6.907628,2.1260035,2.5574293,1.5462434,-4.794793,0.24294189,-2.110043,0.91960645,-3.5000477,-1.3330034,1.7344186,5.3304133,-2.1421742,-5.023027,0.232054,5.0738883,-6.5756783,3.0444977,-3.8381715,-1.9677688,8.39528,2.1161547,1.3856078,5.777852,2.3286102,-5.2664976,4.273403,2.5910053,-2.3196032,-6.6260505,6.965979,3.7998383,-1.2944138,0.1346536,3.6642265,-4.2005935,1.1095252,-4.4966393,1.1962423,-0.47488537,1.7421162,0.20761271,1.0300163,-5.3741035,0.42792168,-7.839144,0.27315918,-3.6320705,5.2797117,-9.639313,1.1902143,5.2096963,5.1289244,-2.1982396155225388,1.587837435270393,9.671071,4.42342,0.1456706890708457,3.778661299648208,4.750253167981565,0,257.35673112721463,86.138,0.5040569935995032,0.7825621116171091,0.0,89.94072255003469,140.1655676348082,179.33213334355207,0.5753924786410736,92.34400000000002
NCC1CCCC(CN)C1,1.410103,-1.1401491,4.833645,-1.0194838,-1.13806,-0.17754623,-0.116275206,-1.60538,-2.1080823,3.7116973,0.18490404,-0.31366545,7.1115613,1.9694282,-5.348365,-0.78869236,5.0539513,-1.1414909,-1.9781681,0.8588189,-4.744051,0.14937328,1.4897888,-0.8294414,-1.3966999,-1.6136653,-0.04207167,3.4377246,0.9995496,-0.6958095,-0.6154953,-1.2929814,0.9327838,-0.5561341,5.853063,2.0587263,-2.133004,-4.6664944,-6.3900485,1.9436162,-5.5105934,4.5978475,1.9289109,1.240888,1.4588593,2.942876,3.2707117,-0.5720849,-2.860504,1.518562,-2.963685,0.47545552,-5.062168,-1.2737359,-0.8103975,-1.7261138,-0.62663734,0.06981769,-2.4648025,-2.6442266,-3.2294943,-2.9404414,-1.1026499,-0.59542704,-2.6143447121022474,1.6079281825103935,5.158317,2.4543157,0.3156204316113216,4.95653162387674,7.740900139957165,0,353.7789412443062,142.24599999999998,0.3392374131162146,0.8236574803272457,2.0,249.82829239679344,619.5005035935036,751.4867566171216,0.3677721326032949,159.18533333333338
NCC1CCCO1,1.2473998,-1.3293892,4.9069815,-3.3495364,-8.364863,0.2406173,0.3180378,-0.29688433,2.102692,1.7319376,-0.15584826,-3.845624,3.1792865,2.6208715,-2.2861457,-4.263826,3.5056016,0.023654016,0.46179655,-1.1194392,-4.485243,0.51055133,1.6409643,1.5993985,1.6557903,-0.16854906,3.2205565,-1.4729472,-0.072280966,-0.9049469,-2.084528,5.287929,-0.14999345,-0.39779833,4.5699015,1.3263583,-1.7438911,-1.077345,-1.7215377,-0.7013034,-5.1256185,3.1426744,1.9303644,1.4846733,-0.012751311,4.7804923,0.29520944,-1.67272,-4.826194,-0.6593759,0.025218584,0.95330125,-1.5274246,-1.271587,-1.1931096,-0.34302947,-1.6849631,-2.1119769,1.1685508,3.0449057,-4.5475726,-1.8327185,2.932387,1.3521165,-2.603072634173649,0.025995546398243866,7.6461325,2.3344057,0.3961225824410776,3.590231463798764,5.997592669919503,0,283.6759696861064,101.149,0.2715298430824908,0.8366708703100415,1.0,90.21429780713872,278.8173173396808,333.39150179845694,0.3660053745429268,106.18400000000004
NCC1CCNCC1,2.23569,1.0731081,3.7207835,1.0349671,-6.6115336,0.24978563,-1.497075,1.9674842,0.5707983,2.1557696,3.2112887,-3.8446367,4.68476,2.044906,-1.7204076,-4.2695127,4.3813014,-2.6013737,-1.8501189,-1.2960483,-3.4885213,-0.025103465,2.4321175,-0.7169752,-0.68531346,-0.12953699,0.39493254,0.50133944,-0.5724821,-2.6720781,-1.0906712,2.8735647,2.6874497,3.3997562,5.0206904,1.7108054,-2.404447,-1.7003411,-4.1518073,0.41022712,-4.4400716,5.219063,2.7765017,-0.010913998,-0.33934864,4.266299,1.9114019,-1.5812464,-5.291768,2.784173,-0.92022026,-0.0033093095,-2.8382852,-3.8468742,-2.487257,-0.077813,-0.3811034,-0.28050134,-2.054048,-0.6194131,-6.19801,-4.0444336,3.5199769,0.87216234,-2.236816999186367,0.6668136436584187,7.1592007,3.264455,0.3337291502940686,4.528355569528444,6.193215109702817,0,305.1119719351277,114.192,0.3179378071642058,0.8331587115297189,1.0,137.36518336744004,364.1258136553034,437.7290850047493,0.3950477962410047,125.85035294117652
NCCCCCCCCCCCCN,0.16811633,7.5816016,2.3667626,6.900162,3.0140135,6.4960194,-2.6387365,1.9014866,-7.864469,-3.167133,4.6125536,5.1609216,5.021601,0.2005735,1.8346407,7.2757573,7.3882804,-3.5732415,-6.985132,12.763173,-0.25058568,0.43710423,-0.9253436,-7.420458,-0.21735841,-3.796962,-2.9185193,13.591084,0.03908834,0.27951437,-1.6089783,-11.08435,7.033747,4.838418,4.6930814,-0.27011758,-2.6763215,0.4784844,-4.7328434,-0.41466504,10.500631,-0.44008166,1.2350029,-0.41970015,-2.8002148,4.3919897,3.1185515,5.228042,-4.2464685,9.186168,-4.037488,2.361852,-2.2430856,2.6747923,-6.899367,1.3443875,-2.6998453,-0.57344604,-11.194929,-10.634246,1.8979235,3.3962944,-5.2455697,0.6254411,-0.16720183818229017,4.057865542199057,13.049242,-5.9325094,0.828329023558832,4.892942707555834,15.514628026706422,0,532.7248454597174,200.36999999999995,0.0616359097104735,0.9605357462219022,11.0,274.6935419060058,4364.789415230521,4539.93772594545,0.0846313489333702,237.36280000000005
NCCCCCCCCCCN,1.9590361,6.799763,2.6115198,6.1050415,1.2311043,4.5456443,-2.4938793,1.9390476,-6.2157702,-1.3979573,5.1688747,3.4155083,3.9182959,2.8083115,2.2118142,2.313672,7.739205,-3.6102495,-4.113681,9.840629,1.0438707,1.5534341,-0.7017289,-7.7799225,-0.91447836,-3.3490133,-5.3562093,10.206167,1.0436457,-0.05080706,-1.0125129,-8.040972,6.1854916,5.88678,5.2757387,0.12681876,-3.7152524,1.0827961,-3.6685221,-1.4254863,7.98667,-0.08898944,2.2648282,-1.0377942,-2.7967215,4.8942733,2.6665528,2.9963882,-3.1253603,7.7957206,-3.1373646,2.0111337,-3.6158893,1.8003751,-5.765868,1.949677,-1.7998315,-1.3591374,-9.125488,-6.945105,-2.6008315,1.3173348,-1.3046845,2.1736288,-0.534470908340964,3.5088188523271957,12.724638,-5.1129384,0.815637354409672,4.483918812017138,13.384874561579934,0,472.013325836239,172.316,0.0668984070908832,0.9610973087526904,9.0,190.85399823110168,2817.965085550114,2928.022775104636,0.1069998075843372,203.90720000000005
NCCCCCCCCCN,2.9086514,7.5659814,3.6063821,5.887785,-1.3223461,4.935412,-3.086047,2.5644083,-3.7757967,-0.16374438,4.126167,2.7974052,3.447686,4.7303553,2.1866374,-0.029196978,8.659214,-3.6342165,-2.4311852,8.067331,2.3425412,3.0081801,-0.9150167,-7.1829405,-0.8096288,-4.2941456,-4.8641458,9.570932,0.27087316,0.5239624,-1.1794069,-5.376668,6.785618,5.7411213,5.898932,0.65809673,-3.365799,0.93215203,-3.1790228,-2.6441202,7.6942534,-0.17367399,3.2196143,-1.7618744,-3.174547,6.1142526,2.5630026,1.5198433,-3.9205031,7.600655,-1.742144,1.8861389,-2.991847,1.108865,-5.2406797,2.6561456,-0.38356483,-1.8729577,-7.072482,-5.181962,-4.437257,0.02807276,2.1945713,3.1233013,-0.6803385993857575,2.6489406407696054,12.208603,-4.30101,0.8205998157411416,4.153408050618036,12.62599137439634,0,442.0769380249643,158.289,0.0646104452718802,0.9624057468046052,8.0,147.38713688890886,2239.642589703935,2324.9171057706167,0.1131406865329825,187.13000000000005
NCCCCCCCCN,2.1792839,11.212065,4.825331,4.1364794,-6.3585973,5.8657846,-1.0843188,4.1849647,-2.2934299,0.2100528,2.3699527,0.5520902,4.356365,7.084206,3.3849578,-3.1696897,10.190081,-3.9837677,1.953521,7.7074265,4.520919,4.9017076,-3.749345,-6.281229,-3.2777605,-9.3728485,-2.0030963,8.717208,-0.8487401,1.9210509,-4.1989293,-2.2664855,8.380148,3.0137131,6.813755,2.5674064,-4.723906,4.619469,-1.2868103,-3.7629979,10.795854,0.83824104,4.0573115,-3.7282965,-1.276929,6.783715,1.5867077,0.85053474,-4.2074437,8.472487,-0.35244444,1.1709285,2.352566,5.487899,-2.8549204,4.47206,-0.28893554,-3.3509135,-4.508718,-2.0890088,-9.189065,0.3157258,9.939859,9.30684,0.15564465146608958,2.9729545840694223,12.466823,-2.0340476,0.8517143965889067,3.414857168243821,11.811298465277613,0,413.1857119076532,144.262,0.052642442766239,0.9729433226477436,7.0,95.99548198008634,1805.7550817957515,1855.0789621371357,0.1186735896567882,170.26960000000005
NCCCCCCCN,0.2111404,7.418435,3.8211558,1.6049249,-4.179739,3.8993227,-0.2786175,1.8302578,-2.5959647,-0.5679429,0.4052778,-0.28028744,4.0957055,5.2413425,2.8626587,-3.2337651,7.2744126,-3.6127422,2.37393,6.514958,2.3918097,4.437587,-2.0275784,-4.7661886,-3.3224967,-8.129721,-2.2359521,6.157597,0.16398165,0.964574,-3.6543925,-1.1137154,4.0259647,1.141807,5.252504,0.8158544,-5.418986,3.4162772,-0.18031827,-1.4649098,8.129013,1.2669189,2.9203503,-2.4438133,0.4582097,4.0796127,0.6712252,0.9332413,-3.115378,5.996699,-0.97137034,1.2824583,2.0476387,5.677235,-1.2327056,3.4356048,-1.7776338,-3.4722288,-3.9558246,0.4202198,-7.9182715,0.6337492,6.7473764,8.165357,-0.6429581221040335,2.9582388017049297,11.943969,-1.8050315,0.7748374311481616,3.5253916987409504,10.242657930445594,0,380.9817343842057,130.235,0.0838415903781649,0.9581663997692458,6.0,103.62426029753388,1235.663581230957,1287.0784215703443,0.1592771031523234,153.53840000000002
NCCCCCCC[NH3+],2.10781,-3.2760372,3.12503,1.2767189,-1.1141378,-4.8337364,-2.233947,-2.6037285,-10.829661,-8.310681,3.6016972,3.5554845,0.70205706,1.2190533,-2.2828493,4.3582683,-2.0128102,-3.348849,0.7378392,-1.3562299,9.902716,10.868837,2.497151,-8.833107,-4.1706786,-3.463992,0.6419445,1.0064665,6.179191,-0.38891208,-1.5798182,-3.4089499,-5.087125,-7.484125,3.8281736,0.81408846,-5.5213614,2.235606,5.6777554,-2.348857,-4.8474894,-2.6761534,-2.1830194,2.4120357,-0.8999368,-6.6428914,-6.64,12.609124,12.062533,-3.4800086,-0.1093206,2.3475726,3.2367299,9.759245,-0.72689927,-3.729907,-6.40198,-0.23965856,-6.3200846,-4.8171287,-6.9784164,3.592833,-5.2625566,6.660487,-2.1647084001811834,4.193610217712067,0.37114254,7.9458046,0.2240945196021551,5.153733876010903,6.734079676889408,1,342.1207115087651,131.243,0.4190690984160214,0.7134637456267083,6.0,263.20466351699594,448.75995760887366,629.014770659653,0.3456806957130618,154.01244444444447
NCCCCCCN,-1.730917,3.5721452,4.2521825,-2.721987,-3.4711318,3.3887093,0.2147836,-1.0393437,-3.7521963,-1.7098643,-1.3941661,-1.4080374,5.205805,2.5349483,1.3333337,-1.7555228,5.0698423,-2.852085,2.7502499,5.255618,-1.2899066,4.939575,-1.3227491,-3.6390142,-2.6176496,-7.375327,-0.59678984,3.9513385,1.1118251,0.07719517,-2.7696764,0.5947047,0.48903632,-1.6381472,4.543031,-0.62403053,-6.167838,2.0145762,0.029593155,2.0358543,4.9220796,-0.14793485,1.2817019,-1.146402,1.6635983,2.745651,-0.12170401,2.8517025,-1.4331409,4.289713,-0.92329836,1.0831997,3.4835594,6.6281366,0.7208855,2.6051013,-4.1757674,-3.4519,-3.3673575,1.6491278,-6.262161,0.6280566,2.9759042,7.93172,-1.2360253182609235,3.180606705173356,11.294326,-1.095778,0.718733182460055,3.5626104755984707,8.974596301517836,0,348.58030252107875,116.208,0.1072008886982556,0.9505427566917029,5.0,91.28066357628724,839.9204342452755,882.030810381197,0.2038707964002576,136.82960000000003
NCCCCCN,0.7272166,3.6986916,7.5108166,-7.8979554,-13.081157,4.90867,-1.1082636,2.5394027,-3.2973921,-2.8343947,-1.8607154,-2.99879,5.679467,0.7424678,-2.6141796,-1.5533341,4.1077495,0.8181878,5.078166,-1.2152916,-4.0526686,2.9892936,-4.443215,0.8063359,0.6290726,-4.9835033,6.1593328,1.8092927,-3.3720706,1.4708347,-0.23263592,3.681639,3.3880062,-0.35997978,3.8853717,2.296954,-3.5957768,3.8577526,-3.0906432,4.1562343,7.5257087,-2.3692358,-2.9086065,-3.1082346,-1.8349168,5.685414,0.88261867,1.2211936,-2.0996726,8.437843,-1.0378449,-7.265948,5.8620963,5.8025074,4.1371717,3.0373974,-3.2085068,-1.6961663,-1.2254218,1.7977889,-5.5275993,-3.3028095,7.0092707,7.546548,0.3500689806155481,1.7285555663531915,9.346964,8.737438,0.73646524688279,3.089749318162821,8.129648746257939,0,319.46917415882984,102.181,0.0990926162363977,0.9542868397313358,4.0,61.16081400508315,606.6693468951617,635.1600896182214,0.2124247426923481,120.00760000000002
NCCCCN,1.8825369,0.6779245,5.660508,-6.1075015,-11.135774,-0.29901186,-1.201532,1.9323162,-4.1309237,-6.9159307,2.7970984,-4.7500324,3.9668007,-0.4769913,-1.7269871,-1.5433269,0.7290367,0.10012251,2.5736802,-3.7221882,-0.70945174,5.4820704,-0.9115742,-1.4817909,0.39977485,-1.0289207,3.7567637,0.8036386,-2.7984786,-1.8250557,-2.5780523,2.47595,0.3949471,-0.42605963,3.553839,2.2185023,-5.091894,4.402378,-1.3093842,2.5433085,3.4222386,-0.8469036,-3.2202818,-1.1288475,-2.7132316,1.9822978,-2.7558932,3.0120966,0.14850673,5.424256,0.48102856,-4.1714525,4.2079988,4.005354,3.2843263,0.88884664,-1.7710263,-1.7318996,-3.6102195,-0.6910022,-8.872813,-4.5888557,4.658322,7.851266,-0.8800728115901697,1.8711238411822082,8.598521,8.251713,0.5735779374072403,3.2224442072257995,6.489878270180169,0,285.4725498166995,88.15400000000001,0.1834897198951641,0.9341462630669196,3.0,61.49893372398441,340.08931280804325,362.93359234163165,0.3273898705978446,103.211
NCCCN,1.6282334,0.80262136,5.4747257,-5.272592,-10.668879,0.23942569,-0.046809033,0.77688396,-2.5252986,-5.157908,1.1816691,-3.6504054,3.2589316,-0.25284594,-0.65584135,-1.7963713,0.9288117,0.7069581,2.2736893,-2.225848,-0.2894845,4.3611035,-1.0936372,-1.5099376,1.4039757,-0.5937877,4.5969796,-0.10207371,-2.1120186,-1.097992,-2.6210458,3.380767,-0.3682161,-0.02128163,2.309261,0.98792267,-4.0774574,3.5623436,0.23166193,0.7722882,2.3908026,-1.1276498,-3.1867344,-1.3751686,-3.3024054,2.338285,-2.2288918,2.018511,-0.69138074,4.103347,1.8583747,-2.760958,4.2436075,1.8617495,2.5240943,0.7992517,-2.6129177,-1.6022032,-2.155,0.77493036,-7.389316,-2.7562602,4.1434965,5.4885254,-0.8855488491647225,1.0917070461952898,9.369202,7.556511,0.5092228515375015,3.008603489195113,5.405936274708387,0,255.6244063399192,74.127,0.2177211200183616,0.904275254153252,2.0,45.49369642977781,202.1306401180768,222.175698732854,0.3767500086935359,86.42492307692311
NCCCNCCCN,0.8382299,9.047967,5.127432,0.8932257,-6.251002,6.0254135,-0.1599691,2.7319348,-1.5376732,0.5239368,-1.0068668,-0.16643567,4.599103,6.296979,2.2750797,-2.988833,9.147149,-3.5276065,3.3951278,6.811114,2.668886,5.1649375,-3.2373552,-3.770828,-3.2942576,-9.976636,0.2859255,7.0148444,-1.3398789,2.2186065,-4.198452,-0.34301293,5.2008243,0.7272879,6.230683,1.6333205,-4.7233605,3.6639,0.17585552,-2.1440682,9.844482,0.9569688,2.822808,-3.6093197,-0.06031981,5.7637734,1.4025145,0.3704781,-4.7260027,7.263513,-0.6398845,0.52388054,3.4882147,6.160392,-0.5849097,3.593058,-1.4836432,-3.7752779,-2.299626,0.33276215,-7.553044,0.45013326,9.311127,8.425379,-0.21118938362437706,2.525630098164049,12.247502,-1.7204391,0.8268255072247502,3.2913771643230385,10.48540942657985,0,377.7568560789188,131.223,0.0621566956766748,0.9679543506320016,6.0,79.65796606258824,1268.4894382500588,1309.6718041321594,0.1409784983083517,149.4248
NCCCNCCNCCCN,-0.023732074,4.183513,1.071022,5.7177005,3.0328212,1.7239115,-1.1278402,-0.78711534,-8.883087,-2.5260794,4.7277308,2.9259496,3.3678112,1.6695397,2.3399005,2.5930934,3.90439,-3.139681,-3.3794892,10.33716,0.40636516,-0.34549886,0.2833472,-7.932996,-1.2024457,-2.0808384,-6.2625437,8.533913,2.453869,-0.4771725,0.86795944,-8.976998,2.933106,6.2386675,2.314918,-1.4267427,-3.1679049,1.3731871,-2.4249408,0.81029445,5.3762646,1.557235,0.6673897,-0.5826737,-1.9472399,2.802484,3.0872765,3.82223,-0.08161375,5.643643,-5.518372,0.9338512,-3.4338195,1.2498833,-5.152397,0.36609367,-4.11559,-0.7926998,-10.946388,-6.0114274,-1.8008876,3.1141367,-4.606814,0.9796581,-0.450667825361543,4.188629289418747,13.378799,-5.2133384,0.714461959651267,5.054340909370091,12.290851186011794,0,462.6792510555718,174.292,0.1098340086811756,0.9252660652531034,9.0,267.8195737618669,2385.994898041978,2567.3478619590173,0.1218610604905467,195.47800000000004
NCCCOCCOCCOCCCN,0.7904494,11.431223,0.82754403,10.239441,1.0767255,0.48729846,-0.007119313,1.9919754,-11.189903,-9.311578,9.825232,3.4988024,2.2121913,-0.42732638,5.277327,3.0195088,1.236229,-1.6875472,-1.6623396,10.45337,3.9736068,-0.30755496,0.6820108,-8.768272,-4.146259,-1.4241095,-6.6651316,8.911233,1.9331484,-0.2763297,-1.7267605,-12.164476,7.505602,4.946519,1.021301,-0.942962,-4.2113376,6.055891,-5.1866417,0.15859753,9.57025,2.3281713,1.0887238,-0.11537698,-0.017000169,1.7397225,0.840276,6.2194057,3.2663074,8.406808,-6.74211,1.1616805,2.070504,4.628649,-10.217038,0.90069056,-2.8990545,-1.6404172,-14.5390415,-9.0875,-5.661736,4.9862003,-3.3817012,8.848199,0.7604474736563065,5.915999626498466,14.375783,-5.110183,0.7759963612791061,5.014533555857136,15.011299080259072,0,536.6896455794935,220.313,0.0849276318339678,0.9531532077512797,12.0,358.0927091954348,4439.5959333378105,4634.478521520885,0.1024769296242044,231.49300000000008
NCCN,0.2615319,-0.4993036,4.2653856,-6.000936,-7.1104636,1.4539192,0.34073842,-0.3188683,-1.0786674,-1.379188,-2.916368,-1.531058,2.118722,-1.8074971,-2.0229542,-0.4477332,0.5675908,3.9394896,1.6261989,-2.6711643,-2.2894092,1.0384381,-0.6393419,2.0693228,1.191884,0.93605745,5.8313823,0.25753078,-1.513349,1.079639,-2.2322788,3.4733894,-1.6649647,-2.036884,0.6967503,0.42049283,-2.1487205,1.6833427,-0.8588944,1.5368872,0.9163546,-0.74464244,-2.3752196,-1.0954838,-2.6237679,2.0742664,-0.06897563,-0.101260506,-1.5462718,2.3765357,1.7746624,-2.5243304,2.3254402,0.89673615,4.5965815,0.70022905,-2.708315,-1.2408099,0.899423,1.1129209,-2.3040621,-2.5086272,1.9838576,1.0724281,-0.9546940205095866,-0.10742320974737628,10.717639,7.457995,0.5132965417283734,2.6637225191811367,4.522530233120542,0,227.03441136900196,60.09999999999999,0.2131887751951096,0.8800575834633805,1.0,26.572039458572352,115.62129975978031,130.40520120542945,0.3760915670576134,69.72857142857144
NCCN(CCN)CCN,-0.3336928,-0.893973,-0.1415513,3.2698448,4.4509134,-2.5468047,-3.7550366,-2.0571065,-12.296205,-1.7930712,-0.83269703,6.3063025,2.63853,-3.516574,-3.199766,1.7177982,-0.74990106,4.383642,-0.8087903,4.4122577,4.8243084,-0.3780055,4.786512,-4.6025076,-5.359304,1.783336,-1.9039782,6.01881,3.0044463,4.009313,2.7202306,-7.044238,-1.2335191,-2.6817508,-1.8358603,-0.58755773,-1.8795984,0.49397892,-3.2464244,5.053049,-3.5292573,3.869378,2.5321152,-1.028909,-0.017957538,-2.3408766,0.74576104,4.9342327,8.089876,-0.18533507,-1.8896674,2.718405,-1.0477153,2.130355,-1.2300049,-1.4621983,-3.1025655,1.0931634,-8.520549,-8.28249,-0.4621134,0.53217417,-6.978024,-0.52628374,-1.1542653227881232,3.314903953784924,1.8490862,4.76533,0.2024847619909164,6.432764675467015,7.730971795991065,0,376.173035917848,146.238,0.4658515062866904,0.6529610729268841,6.0,439.4172765378335,613.8433248769118,945.5743579564038,0.2906793163284784,162.11000000000004
NCCN1CCCC1,3.4759667,-0.15759268,6.3205423,-4.9711394,-6.702946,1.0016532,-0.6671507,-0.11035833,0.4669584,3.279904,0.19274664,-2.472881,5.569568,2.6858006,-4.2243314,-2.5952978,6.3284907,0.62117213,0.61842716,-0.49281526,-5.2373476,3.1071713,1.5796375,-0.26787865,0.9909026,-2.28358,1.6760888,4.7477527,-2.6318371,0.20348424,-1.6108475,1.964061,0.50277966,1.3728341,5.593595,3.3313315,-2.4252105,-2.5532749,-4.2586336,1.3132167,-2.7691026,0.92699033,2.4464011,0.06204161,-2.2895055,6.914296,3.4761496,-0.88049763,-2.9265327,3.0825174,-0.082706906,-2.1110394,-1.4092239,-1.2407719,2.3467803,-0.09505591,0.071509965,-2.4368527,0.99442947,-2.6711183,-4.1708803,-5.8190417,3.6761944,0.20830774,-1.8898095783571804,0.13462295070268593,5.642827,3.3695352,0.5222910473702408,3.9450756951409134,7.0589436490821145,0,317.6067490598626,114.192,0.2006568995709298,0.9092076046140528,2.0,102.23166986559382,473.2557891430829,521.1068072788104,0.302222434984519,126.50933333333334
NCCN1CCNCC1,2.3578386,0.081706256,5.559964,-2.5180228,-2.974017,-0.61641765,0.16368316,-1.16906,0.24458301,4.5595307,-0.15567118,-1.3107282,5.5537586,3.5708334,-4.0151634,-2.3507805,6.8415856,-0.14749688,-0.10572142,1.2670807,-3.9581869,3.796422,2.336402,-1.2366897,-0.6167693,-3.4738486,-0.816453,6.164407,-1.3748078,0.46272683,-2.2292516,0.22670326,0.2758546,0.22493514,6.042447,3.203119,-2.6512864,-3.8736126,-4.9347844,0.71043533,-4.6272826,2.7030568,3.8035033,0.69212604,-0.8918345,5.464702,4.272312,-0.9949123,-2.4552348,1.2484089,-0.3939499,0.71051073,-2.8938782,-1.6106465,1.2845701,-0.9458654,0.93097466,-2.9087493,0.38936183,-3.2287755,-4.654226,-4.4368587,2.7469208,0.0556055,-2.508781195030727,0.6187033287076312,5.251179,2.841405,0.4824398820843477,4.40015525049263,7.292137862213892,0,331.758725845103,129.207,0.2220694483396853,0.9001098671930404,2.0,142.22963744050028,587.1134841064202,652.9849990374275,0.3105030336663728,139.11422222222225
NCCNCCCNCCN,1.740383,9.482621,1.5374062,7.1037474,-2.9051802,-0.5186735,0.78257334,3.4113889,-7.342883,-6.472116,7.4111476,-0.14383991,1.2507232,4.731827,5.761088,-3.883967,3.6450832,-4.1709623,1.9709191,7.4538584,7.3599434,3.5902922,-0.87327105,-9.181312,-5.0886164,-5.138076,-7.631867,5.3834014,2.4219286,-0.9876752,-4.059446,-5.927837,5.782863,3.2957032,3.4789617,0.13035549,-6.428154,7.6642942,0.028409466,-3.3375,9.630475,3.2775872,2.419215,-1.3275186,1.0284357,1.6016368,-2.1087024,3.287872,1.4197199,6.25964,-2.6041424,2.1736906,1.3444939,6.815091,-5.816165,3.065211,-1.7767091,-2.9779954,-10.900479,-1.422257,-12.943729,2.6132853,5.600788,12.051521,-0.12015301676735253,5.0394109453144775,5.3462763,10.55739,0.7927434581388795,3.965049129086687,11.610298274312026,0,430.587517781741,160.265,0.0753838701495839,0.9574122174209656,8.0,154.9299219128788,2009.5115178117317,2097.218981253576,0.1243444827692754,178.60840000000005
NCCNCCN,1.5114266,1.4783361,5.5683937,-6.6041675,-9.887223,-0.53008723,-0.44898295,1.7504488,-5.858495,-7.688186,2.5506315,-5.222778,4.1370645,-0.64943856,-2.255385,-1.0527564,0.01662352,0.27672714,3.544231,-3.8369935,-1.2467382,5.178534,-0.47527546,-1.4781988,-2.1119916,-1.9470491,2.3335207,0.47257307,-1.5140727,-2.4694371,-2.9922884,2.1696851,-0.17081636,-1.8004835,3.999034,2.242214,-6.278118,5.2430973,-1.5741038,4.1130548,4.070416,-0.6667871,-2.3989565,-0.7507204,-1.0654483,1.2231406,-3.0739398,3.3018053,1.297333,5.530646,-0.08273172,-4.695809,4.5522,7.308682,3.642757,0.72729087,-2.5369968,-1.7670218,-4.4988866,-0.38543335,-9.4374275,-4.304901,3.900599,10.085821,-0.8813498702665797,2.705930596948921,7.9811597,8.567853,0.6233295551424999,3.294368328573203,7.28126876977125,0,310.4266901344307,103.169,0.1526249952815635,0.9285093826054848,4.0,77.62191247537774,504.7584569556129,541.4154932740403,0.2585710550608907,115.80560000000004
NCCNCCNCCN,0.00616049,8.006984,-1.1498964,6.916427,-1.7784961,-2.9388387,1.3559544,2.71105,-8.622066,-9.554834,8.3065195,-2.5054014,0.34311432,2.91099,7.1742005,-4.816037,0.24841264,-3.846349,2.714811,5.505139,7.490752,3.3280604,0.74047965,-8.892108,-8.261016,-4.160571,-8.458295,3.165343,2.9948235,-2.4961329,-4.833304,-4.3972178,3.1009974,1.2428315,1.8819369,-0.68035764,-8.307438,9.691439,0.76606596,-1.4450097,8.090913,4.6457257,2.5050838,-0.56943434,3.445585,-2.0736287,-5.064617,4.478763,3.8959174,3.9246817,-2.1945512,2.8002923,2.7898397,9.355829,-5.263979,2.9377732,-2.4578743,-2.687085,-11.808823,-0.23897049,-14.957094,2.4254599,4.802024,14.779761,-0.4274449451109978,5.697323714222401,4.928721,10.528572,0.7102306124918893,3.942173532785208,10.12308506671619,0,397.3533508080758,146.238,0.1132770260115632,0.945131112509244,7.0,155.42414893693527,1403.662424254509,1478.0643978262262,0.1734161198394939,161.92140000000003
NCCNCCNCCNCCN,0.10182559,7.502024,0.88023955,7.5894914,2.0468943,-0.24842757,0.5204047,-0.034762412,-10.358046,-5.603028,6.8181686,2.695374,2.4085884,0.6989784,3.8393016,2.046864,0.5456431,-2.5580719,-1.6931785,9.624546,2.2100725,-0.6076517,1.0429325,-8.452067,-3.1399744,-1.6160543,-7.32389,7.161437,3.6240664,-1.1962234,-0.33506197,-10.492033,4.3395586,5.6003146,0.7397437,-1.8847291,-3.929543,4.0959435,-2.8473203,0.62422544,6.613031,2.7018569,0.51076376,0.023489386,-0.08708772,1.1287831,2.307269,4.8700185,2.8465672,6.6033707,-6.5290236,0.33197528,-0.687489,3.0470297,-7.0581336,0.26762703,-4.46766,-1.0940694,-13.040522,-5.93229,-5.002552,4.6114206,-4.395285,5.065761,0.10632443723942246,5.266178919876396,14.021908,-5.050764,0.7303050680353291,4.94951194643739,12.88151203816073,0,480.6393557821463,189.307,0.1110794558131314,0.925485567163283,10.0,300.64022544612794,2921.137539078408,3116.53418184884,0.1153369805376179,208.1612000000001
NCCNCCNCCNCCNCCN,1.6409028,12.037526,0.19757499,11.9696245,-1.2010388,-3.229163,-2.0190885,1.6794722,-12.209114,-13.41849,12.212281,3.106716,0.40209788,-0.41952932,7.894755,-0.764634,-1.2785339,0.20658821,2.1065044,8.033932,8.674471,-1.0475581,1.6795247,-8.993749,-5.4578147,1.3461511,-8.867834,6.6974654,0.92691076,0.42777538,-0.70396954,-10.87419,6.2175813,5.1765046,-1.8700576,-1.5869063,-4.696231,8.334851,-6.1000257,0.3453936,10.234121,2.7579834,1.1939547,-0.38528907,-0.0013079345,1.2003201,-1.8459142,4.7920237,6.401277,7.7982397,-7.3403482,0.4889019,4.301728,4.325405,-11.63688,1.4664583,-1.5094309,-2.4808125,-15.645683,-7.0781865,-8.462517,4.519705,-1.264654,12.906874,1.053858429293764,5.965989442834541,14.890526,-4.788294,0.7162077181843042,5.573054760435565,14.7910664626894,0,559.2034164483845,232.376,0.1092412214082732,0.941988797224611,13.0,498.7945880133764,4645.629114439082,4903.562168216272,0.1260767418912902,254.0480000000001
NCCNCCO,2.653966,2.2383802,4.3431664,-4.7116685,-9.664411,-2.744517,0.6139966,2.097644,-6.819221,-9.540151,5.1409535,-6.208332,3.1582036,-0.051016815,-0.90003085,-2.3061767,-1.5947658,0.040834367,4.1070013,-4.181321,1.100829,5.9481964,1.1005661,-2.998661,-4.2155294,-1.4273716,0.26567605,0.14816013,-0.9219935,-3.6967106,-4.8399177,1.4206858,-0.5255199,-1.4664217,3.548601,2.7753189,-7.3338494,7.4274817,-0.20821486,2.6059487,4.1414304,0.6126203,-1.7347488,-0.4194159,-0.33473787,-0.29123157,-4.864116,3.9121215,3.1097355,4.7408414,0.10191617,-4.056704,4.618934,8.639447,2.5989594,0.54563284,-2.3826785,-1.749665,-6.20038,-0.80512166,-12.419849,-4.194875,4.3975396,12.292964,-0.8671568874064702,3.2907309901543367,7.1675606,8.957411,0.5769108623148775,3.3024824310461023,6.918380866078044,0,301.19776342669024,104.153,0.1727286498433422,0.9282680860470393,4.0,84.63871186107416,467.0205605773699,502.7204685645213,0.293583063235058,112.09200000000004
NCCO,0.7936731,1.2023733,5.726561,-5.595343,-10.42728,-2.1004522,2.4308324,-2.1356196,-1.3043451,-3.8690853,-1.5230978,-5.485623,2.8189235,-0.849496,-0.53307116,-4.0065694,0.91020167,3.027524,2.1835217,0.54599273,-0.84648925,6.060093,1.0277445,0.7083349,0.4569341,-0.8803246,5.766354,-2.3524985,0.063581675,-1.5285541,-4.354523,6.1292553,-2.7742357,-2.408475,4.8003793,1.5346959,-7.0241704,5.222002,3.9050884,-1.1131945,-4.0893188,3.7604806,-1.9273403,-2.8082325,-1.3371787,2.2637262,-3.233121,0.57907873,-3.4118938,0.77434933,2.2276862,4.6107006,1.9202874,1.139556,1.8134308,0.12631014,-7.2327275,-1.8280447,-0.73094094,4.9014635,-9.79768,2.0642526,4.1356325,5.2683673,-2.1759384358744542,1.4513144689512303,10.604886,6.1923494,0.3412812807055519,2.9934050699835355,4.008447063985792,0,219.557519095516,61.084,0.3085825314623148,0.8241028481707879,1.0,34.580719975010346,92.4269967349402,112.14751321049036,0.4578084814199664,66.2048
NCCOCCO,2.6245494,2.249883,4.3627615,-4.7362857,-9.282418,-2.7182827,0.5362071,1.9914811,-6.8235755,-9.475353,5.115097,-6.2198253,3.3477864,-0.25303298,-1.1363076,-2.1494527,-1.5484807,0.11965889,3.9908547,-4.3537655,0.8974176,6.1097836,1.5081372,-2.981396,-4.5214224,-1.512826,0.15572503,0.46197096,-0.8324876,-3.780004,-4.934428,1.4380023,-0.5447191,-1.8090192,3.6489053,2.8313115,-7.432682,7.053888,-0.4907745,2.890978,3.8875155,0.755552,-1.2882107,-0.20603466,-0.14734885,-0.3133149,-4.834061,4.0016756,3.1583037,4.778976,0.17175308,-3.8808858,4.619134,8.6552,2.667469,0.4464837,-2.2437897,-1.7122116,-6.2429233,-1.1660433,-12.317084,-4.458045,4.166888,12.1962385,-0.9847376515235792,3.3071708730167915,7.1026554,8.9101095,0.5839775875497695,3.3679085942705624,6.777941312473837,0,298.3787984290717,105.13699999999996,0.1703559753476219,0.926872446602394,4.0,81.44008890156461,460.0988990610724,495.2891494623658,0.2850546256193834,108.99040000000002
N[C@@H]1CCCC[C@H]1N,0.4036435,1.2792718,5.5077486,-2.313275,-6.5665293,1.0962543,-1.9431192,-0.9618614,-1.3350294,3.380473,-1.8386161,-0.55104876,5.194789,-2.1153772,-1.5238934,-1.8310395,4.5255218,1.9240979,1.2206266,-0.10339202,0.19474286,-5.5041814,-1.0916164,2.1712966,0.49244115,0.32879707,7.8683553,-3.229614,0.032536656,1.6163051,-0.3650406,3.662104,1.3556952,1.8870243,1.8189679,0.2098981,-0.45501852,-0.096686006,0.9510561,-0.38347661,-3.57645,3.0007288,1.7362959,-1.5144761,-1.30694,4.1795516,0.98880064,-2.1468027,-3.5436876,3.9204473,-2.2564204,-0.56835634,1.2445484,-2.8309317,-0.88244236,0.63358974,-4.654728,1.2439735,0.8645674,-0.25028774,2.0154512,1.4978704,2.206681,-1.484978,-0.6141022767426741,0.18945991769447953,8.995039,1.0457994,0.1351411832033507,4.921140340631258,5.247405996881843,0,302.2401619788848,114.192,0.574714078381138,0.6818728695887233,0.0,205.93068715612293,248.6352066360105,367.8537034166197,0.4780812892152014,125.70400000000004
N[C@@H]1C[C@H]2CC[C@@H]1C2,4.3475585,4.770969,0.75867254,2.3112223,-12.983813,-1.0868827,-3.8637755,5.0004406,2.3134062,-0.8865959,6.950205,-5.3753424,1.6323171,2.5213747,0.2820642,-5.137338,3.1409466,-2.0550673,-0.5674076,-6.5385203,-0.13160324,-2.2968524,3.9166422,-1.0471057,-4.253825,2.5068638,3.872154,-4.5243297,-1.2203399,-2.055657,0.40480137,6.500547,3.1285062,5.3760123,4.322409,3.7293346,-2.1889768,3.1710992,-1.7236022,-1.5274417,-3.9563537,3.474327,2.9435325,0.33443335,-2.4355397,4.284661,-3.1370933,-1.2354603,-3.434463,3.2295656,-0.79627573,-3.3207316,-1.2736232,-1.5691592,-6.4439564,-0.5810648,-1.7679855,0.66427743,-2.1772187,0.33485106,-6.3243127,-3.8444436,6.6370215,3.0540237,-1.255777467423877,0.24526696552198154,9.347167,3.156222,0.1526640156088512,3.908079629580813,5.553970275697283,0,291.71462963562544,111.188,0.4916203988796553,0.9052853732274968,0.0,141.08661877828655,259.8013683508124,286.98284102898543,0.67313674326088,120.00800000000002
N[C@H]1C(O)O[C@H](CO)[C@@H](O)[C@@H]1O,-2.0355878,-4.079055,-0.746504,1.6794302,2.1745806,-4.9593825,-0.71370023,-0.7370826,-7.498076,3.7864444,2.8886316,1.532283,2.3827977,-0.25659496,-2.6153955,-0.9621217,1.9744887,0.69592977,-0.40487507,4.5478005,0.824474,-5.359588,-1.649853,-1.3040903,-0.25231892,1.7505984,0.2841452,-0.66351885,3.813296,2.5300407,3.605163,-4.0583825,1.6754153,0.3896927,0.12787932,1.8674209,-1.5027792,-1.6135463,-5.651908,4.1660748,-6.432071,3.2570167,2.7533858,1.6879731,1.2991784,-1.8666605,3.3936956,0.636944,4.722056,-1.4697912,-4.7694044,2.6415746,-3.1089585,-0.7215603,-3.2161112,-3.8990889,-3.088212,0.40443924,-2.5097911,-4.475863,1.3337398,3.3003843,-4.0720162,-0.6968602,-1.2387615233815992,2.8332272270127916,5.5861793,-7.0272517,0.1923937526830668,5.527973049839924,6.900759689657257,0,343.65800488445456,179.172,0.474637484246923,0.7057500950566631,1.0,419.1074152464382,634.7983985592706,905.3422964856092,0.3378025305368646,157.04000000000002
N[C@H]1CC[C@H](N)CC1,1.9327834,2.2102518,4.6050234,3.321294,-7.0866904,0.69433165,-1.5070938,2.4884028,0.30495694,2.1263301,0.557305,-2.3672838,2.7911513,3.6900156,-2.7366266,-4.995766,3.8850613,-3.4751823,0.16269252,-0.6330316,-0.9155128,-2.2520385,1.4542642,0.5162095,-0.6606259,-0.7653313,1.3330566,-1.2053354,-1.5772097,-1.2241462,0.2898812,3.9380956,2.8003058,3.232547,4.249951,1.4377809,0.93419576,-2.2213871,-2.9678206,-0.022615522,-2.8250675,5.3231363,1.0639938,-0.77768517,-1.6996646,4.3725486,1.5660386,-3.4537642,-6.724692,1.8235861,-0.5091062,-1.8268676,-1.9442697,-3.7423968,-4.6487217,-1.1987615,0.47557843,-0.29260662,-2.0130904,2.014788,-5.004371,-2.311899,5.23399,0.774883,-1.9931760321435543,0.07043411718756078,7.115793,2.5865788,0.3020467673588118,4.513855176064368,6.288880019851121,0,302.1667378982989,114.192,0.349841197578848,0.8269424982691277,0.0,138.2889169433918,336.9169242783806,408.57511449636735,0.4206622621734951,125.42066666666672
Nc1cccc(N)n1,-0.6542741,-2.932531,0.4662604,2.0215056,5.2673607,-3.9684844,3.6227582,-0.3416883,-7.4273214,0.62516266,-0.81728506,-1.0283862,2.0843043,4.3614755,-4.629679,0.69589615,1.6705934,-3.1478996,3.4360833,10.374005,-0.560017,4.7609153,1.2381537,-4.844633,-2.2920296,-5.58681,-4.630283,4.0578704,3.26128,4.7499175,1.7708615,-3.221526,1.1854386,-1.5399672,1.5376259,1.7859514,-2.5415413,-1.3443518,-0.8546823,4.521997,-2.0816772,4.4844484,5.389104,-0.9932387,0.82056,1.0218897,2.022583,2.5859036,2.4411983,-2.5184164,-1.8492309,4.7494087,-1.3304222,6.110139,-2.5396497,-5.1760416,-1.6777068,-4.5245056,-4.891956,-2.0010972,-3.86521,2.387565,-2.2816942,4.148006,-2.3812796628820276,3.9442175810206472,7.283838,-2.8343558,0.3191104279675688,4.755131547026732,5.857879324458851,0,280.75923368160994,109.132,0.3445415707608263,0.665327505893604,0.0,134.80482508661095,260.3150553335084,391.2585200936165,0.0626505085095434,102.95200000000004
Nc1ccccc1,-0.872625,-2.3587215,3.9325995,-1.8048596,1.3086213,-2.555571,5.206847,-1.1714717,-6.518745,-0.70776004,-4.448899,-2.684665,5.019884,2.6348906,-7.694015,0.3252865,1.1925008,-0.15568656,5.8821964,8.366645,-3.8180454,6.4147377,1.9669774,-2.376904,-2.203594,-6.5599756,-1.375587,3.469223,3.7232728,5.466139,1.3524717,0.8354581,0.71931034,-5.23404,1.5548606,1.5212488,-2.9043906,-1.9843805,-2.6751306,6.7671165,-4.357734,5.37359,4.464141,-1.8188512,2.7784255,2.4102306,1.5566068,2.44287,0.48465636,-1.6804847,-0.393577,4.8853054,1.7855442,6.2024913,-1.3939474,-4.2732887,-2.6805782,-3.6254447,-4.781372,1.0256213,-5.4355245,0.9642413,-2.1877906,5.7674026,-2.836832197635416,3.8133084410040388,7.9319253,-2.4784477,0.3504974881601332,4.298638910928705,5.734964984508688,0,262.3593667615058,93.129,0.3164597725546503,0.6854303929018258,0.0,89.84687603436487,194.6022366258298,283.912471114631,0.004936766113923,95.372
Nc1ccccc1N,-1.3995949,-3.583093,-3.142603,6.0436597,8.082414,-6.5396614,5.054908,1.0812393,-8.413577,-1.007155,1.3961393,-0.49054158,-0.33343393,3.0016832,-2.8126993,0.6092057,-0.38334748,-3.9135613,2.6325727,12.020093,2.263022,3.1856763,1.7379272,-5.624305,-2.0102916,-5.121475,-7.2187667,4.1586227,2.5792346,5.204909,2.6135483,-5.9967127,0.75824267,-0.4638752,-1.2128527,2.1664333,-1.5119091,0.99099183,0.9630697,4.132524,-1.2752173,5.174725,4.9530163,-0.7724571,2.2153964,-1.9283818,0.48641542,2.6649954,5.795795,-4.270858,-1.978208,5.7004905,-1.2370522,6.4989295,-4.1957016,-5.7120285,-0.51398146,-3.754186,-7.311475,-3.815629,-3.2375097,3.7000093,-3.1053307,4.350028,-1.832838234799905,4.4596224308897074,6.872844,-2.501479,0.2724163953394194,4.942656975434639,5.291935979275174,0,277.26237168588284,108.14400000000002,0.4089941311288879,0.5959163326549166,0.0,155.0712032572374,225.9432488681373,379.1526368336752,0.024806298889292,107.33200000000002
Nc1ccccc1O,-1.4210675,-3.1917133,-0.9563702,1.776217,4.528963,-7.116205,4.623192,0.23421165,-8.134576,-2.275465,-1.0627809,-1.2359229,1.9758399,1.3747087,-5.048365,0.072393656,-0.80300164,-1.2581707,3.1219132,9.160808,-0.23958004,4.3917327,2.8927288,-3.1145103,-1.4503763,-4.1938677,-3.811639,2.5926342,3.9658113,4.782515,1.6181064,-2.2006197,0.45477897,-2.5076203,-0.3919025,2.7948306,-3.0389261,0.5370004,0.13999881,5.3466506,-3.471003,6.18341,5.5319624,-1.0403765,2.4289198,-2.2067235,-0.48555255,2.796582,3.4865968,-3.4079351,-1.3247424,6.0921535,-0.34293473,6.4908013,-3.2413383,-5.6172743,-2.2877722,-2.9546318,-6.7072086,-1.7465916,-3.6763175,3.6135693,-4.7252626,4.696758,-2.675119866005042,4.349014254358529,7.1199145,-2.255165,0.2726970894491146,4.611325343727595,5.542861522122388,0,267.76406872865846,109.128,0.4066691736906511,0.6003966463820858,0.0,151.9452314718144,224.3283074089674,373.6335117138668,0.0440877017267116,103.37600000000002
O=C(O)CCC(=O)O,2.8671517,2.2451174,3.312087,-2.9451032,-7.582606,-3.0435512,3.4276443,1.1669662,-5.737955,-7.1947837,4.5187235,-5.4972243,2.1083658,0.3268968,-0.48457974,-2.6091695,-3.0093818,1.0067426,3.3314605,-2.676506,0.811576,4.3487396,1.422101,-3.1987607,-4.123278,-0.8864887,-0.14377674,0.10987284,0.5170829,-3.7462487,-6.0004125,0.95406824,-0.8759345,-1.2960429,1.519029,2.8018615,-6.6170697,7.0925426,1.0830988,0.5155625,3.1330686,1.9185276,-0.3706966,-0.7498623,0.06273511,-0.3011887,-3.735558,2.8861518,3.1709743,2.6794264,1.5266551,-2.77471,4.5862145,7.502339,2.7437487,0.28925171,-2.8733644,-1.2409356,-4.9711366,-0.44318506,-11.553281,-2.2882469,3.4117362,9.836099,-0.7254682759388112,2.763456205344368,6.980442,8.756752,0.4491682874306036,3.0273441024727523,6.285706220395557,0,281.0494347495867,118.088,0.2550769710012333,0.9648741344322336,3.0,115.7172863872552,463.8298467810795,484.2226733442254,0.3237225665586961,101.60320000000004
O=C(O)CN(CCN(CC(=O)O)CC(=O)O)CC(=O)O,9.318078,14.837013,1.7385755,10.875953,-7.9518695,-6.723737,1.4162692,3.780594,-8.748436,-10.360921,15.421756,2.3025835,-0.96244437,0.4248293,8.450613,-10.032559,-3.2248704,6.656051,9.241057,1.1999382,12.353432,-3.093395,4.3539753,-7.581229,-7.9773316,6.2283783,-11.808277,-3.3241704,2.218056,0.32234228,-1.7752389,-3.780485,7.1986465,5.2939816,-5.3458323,0.8078751,-4.693721,10.867069,-6.9956965,-2.7399797,5.9451103,0.71133155,4.344261,0.20245647,1.1690855,2.2222795,-5.2407165,-0.9343105,11.687158,6.507771,-1.48563,-2.451547,6.7768087,3.2322161,-11.874654,1.7731369,1.2628211,-1.0847516,-11.106364,-0.62140805,-14.842083,1.5375416,4.8040104,17.34711,1.594135199559947,3.9998757482907608,17.95814,-2.9704432,0.2601483383401856,6.529125819710086,9.624227341486252,0,491.0996668752394,292.244,0.3815851000311387,0.8226894696621907,11.0,1227.7720485092136,2663.1387710925583,3250.010067244243,0.3482170326797808,249.7032000000001
O=C(O)c1ccccc1C(=O)Nc1cccc2ccccc12,-3.6248345,-4.6075583,-2.2810235,8.4980345,7.4986486,0.18616602,2.3887208,-2.287918,-7.4354453,7.1291423,7.0803347,0.5865324,3.9342868,5.5807314,-1.4138002,1.9402384,7.316949,-1.7566837,-0.5780916,16.21933,-2.3313444,-3.4510481,-5.8720164,-8.395034,-0.28492403,-4.5816565,-2.7543552,9.880295,-0.5791062,7.9011173,3.4394426,-11.06097,3.859477,4.6359506,1.7013562,4.3702283,1.6277794,-2.146874,-10.113839,1.8804202,-3.9510567,1.8406546,-0.4134764,-2.5476532,-0.496546,4.8192945,7.5513473,2.6960728,4.6909842,-2.5119088,-7.636495,1.9379125,-5.296127,1.198917,-4.7795997,-4.693342,-0.6279882,-0.5952523,-4.5745096,-11.109053,1.2645671,4.477549,-1.2136672,-0.86298406,0.7071732224898053,4.073561493154839,8.760615,-8.168547,0.4383594932787749,6.626627185741714,11.651110373816968,0,515.4965598536928,291.30600000000004,0.244662174808132,0.8819568568907923,3.0,885.6835606980358,3195.838015003217,3621.699439204532,0.1844709013747327,257.5040000000001
O=C1CCCCCN1,1.5626326,3.795717,1.7123177,1.8983872,-7.947599,-0.30577978,-3.325169,3.456113,-0.028348863,0.20852764,3.1515095,-3.2136347,1.5755949,0.22535288,-0.6520492,-3.0416527,1.3441956,-1.2044383,-0.43238604,-4.940373,0.64000744,-2.8023422,2.8588407,-0.12406826,-3.7832768,1.1795845,3.063902,-4.4456153,1.5764357,-1.4203873,0.44437748,4.746303,3.2981186,2.7737572,2.9148183,1.9183754,-1.6619844,1.684516,-1.0481935,0.5495277,-2.9722939,4.541051,4.2141094,-0.5346418,-1.2913672,2.194759,-0.4836507,-1.0225706,-3.3300192,4.030965,-1.0025352,-1.7092192,-0.44326013,-1.7253467,-3.252999,-0.07786277,-3.103382,0.8687177,-1.448424,0.7904975,-3.5749104,-1.0362158,3.9413836,1.673279,-1.3535120195336094,0.6489883257649142,8.336969,3.5521965,0.1641272840094327,4.625882914647948,4.960607912997621,0,290.76375464582827,113.16,0.4819211667096287,0.7333578162604674,0.0,169.12670558281454,257.36655711632545,350.9426795621912,0.4926649583802633,115.64000000000004
O=C1CCCN1,1.7980764,-0.8080418,5.840878,-0.5345796,-5.3181825,1.0128398,2.736801,-0.94710815,-0.8061343,1.4122313,-1.8101232,-2.68894,2.6190662,0.560704,-4.4036465,-3.2038407,2.7671568,-0.13256836,2.234913,-0.71617496,-1.5661093,0.5450529,1.7519846,1.2009556,0.8674101,-2.5192597,3.8457153,-1.4963125,2.1008575,1.0904282,-2.7544136,4.8642135,0.47503436,-2.2135131,2.923568,-0.37222964,-0.6278844,-0.8962742,1.3088464,-0.11004764,-4.1774306,3.859559,2.967509,-0.58558863,1.9076715,4.6337543,-0.30683964,-1.3399103,-3.3049471,0.7529788,0.63842577,0.7956871,0.7232974,-0.061880857,-0.5859064,-0.5747478,-3.5055497,-1.0668073,0.15452662,1.8990599,-3.0252314,-1.0133092,1.3839612,1.82459,-2.1120361725163708,0.5540609706364878,8.627169,2.1520085,0.2988244216057426,4.075072698293208,4.17917518999533,0,245.44631962412544,85.10600000000001,0.3502596528417504,0.7131253362761676,0.0,70.18622861595192,142.89849680836724,200.38342425829592,0.3527161958688845,82.87200000000001
O=C1CN=C(c2ccccc2Cl)c2cc(Cl)ccc2N1,-2.6698217,-6.504955,-4.9352894,-0.43387467,0.0031999052,-7.4423666,2.4172795,-2.2282867,-13.095649,10.63854,8.108174,0.52525586,5.4602547,-2.7064133,-3.1293075,-0.46047294,-1.7407765,4.98106,-1.2094588,7.0971017,-3.5423172,-11.841519,-8.104426,-4.86864,-1.1658013,3.4659708,1.6061369,1.4811834,5.5013757,4.6627407,8.375889,-7.535106,2.6189651,7.9862576,-4.836682,10.014434,-3.4761457,3.6927192,-9.732715,11.115987,-9.962003,-5.0142264,1.8038774,-0.3176701,-1.7428646,-0.18288077,10.692539,3.1953075,16.071903,-2.7737412,-2.6781597,-1.4537766,1.9371245,3.2411556,3.738251,-3.286157,-10.3315115,2.9824688,-1.7001282,-13.404067,4.85659,1.8208864,-6.3659587,-0.87248635,2.9349614914372415,4.290315600977038,5.8322716,-10.761553,0.1119415609805099,7.7031361433659695,9.169583102375798,0,489.7741529351432,305.164,0.5889589772754378,0.6695209884209765,1.0,1655.621409903944,1883.94821389018,2812.76446222693,0.333839604061719,246.50400000000008
OC1CC2CC[N+]1(Cc1ccccc1)CC2,-1.4665272,-5.8012166,-4.6229744,2.2901676,1.4696193,-4.045116,-2.3066282,0.8611598,2.925323,-2.6816533,3.0201356,-0.39199835,-3.6388426,5.924785,-1.594088,2.4506445,-0.37365064,1.2400123,-1.1497886,-0.9991208,-0.7401111,3.777026,4.7682977,0.70590764,-2.6560953,-1.1899365,-2.9893668,3.418712,-2.2365801,0.8594682,2.312073,-1.6513972,-1.7016282,-6.5888643,0.5777721,3.7212563,2.2481823,-4.205393,-7.6770225,0.2814842,-5.268011,1.6384764,2.5281749,3.6920798,1.3494533,-4.143969,-1.1106344,0.17812651,1.2942281,-10.090354,-0.8746522,1.9005735,-2.0683095,1.2209518,-2.6647358,-3.265029,6.0518985,-0.82857263,1.7856209,-3.1066933,-1.4887044,0.6682655,-0.40236866,-0.8410177,-3.0971444100042307,-0.3492475328661668,-3.9997935,0.54764664,0.3946177753371915,5.311614467635186,9.207542523270105,1,425.1799058559869,218.32,0.2744477962506918,0.9219510561984352,2.0,437.44908317502177,1469.5557802762512,1593.9562509912353,0.3946047885765011,220.22400000000005
OC1C[N+]2(Cc3ccccc3)CCC1CC2,-0.9079422,-5.589522,-5.06703,2.5856147,-1.5239441,-3.1189659,-1.1522235,1.2958907,2.4027052,-1.8399585,4.9087095,-1.6067253,-4.1127305,6.568521,-0.066200554,1.6411401,-0.73635685,2.9209855,1.6771967,0.24783523,0.20446885,1.8845502,3.3749595,-0.09532213,-2.4627476,-0.035582542,-3.1541858,3.612882,-1.834006,0.69681317,1.8536049,-1.2034128,-0.5925565,-5.9271374,-2.1449423,3.785698,4.75347,-1.9233979,-8.158777,-0.98718333,-5.4051356,0.5503303,1.527144,3.5332844,1.9350743,-1.4009472,-1.3685297,1.3420453,2.7231245,-10.7205105,0.66254264,1.5370426,0.9792307,0.08971582,-3.858954,-0.49651015,5.878789,0.24476929,-0.07420197,-2.6715982,-3.4304237,-0.15310474,1.699468,1.9844258,-1.8277447702475527,-0.4692988628537066,-4.745804,-0.28947407,0.4641009627351444,4.719207472232887,9.679529935206892,1,430.3605235229182,218.32,0.2331743569170775,0.9503224958590536,2.0,407.46720101941446,1662.5793338494111,1749.0915418029217,0.3870975725161262,220.80400000000003
OCC(CO)(CO)CO,6.964944,3.208289,0.3637655,0.45296198,-9.590507,-3.5644736,-4.63287,0.43535742,-1.7864647,-7.5121636,7.6448445,-2.21336,-0.067906246,3.7551925,2.0879874,-4.6519065,-3.244282,-0.16290027,3.1149404,-5.1974473,6.3922377,3.1095386,4.008122,-2.5258486,-6.267562,4.595895,-2.1903841,-6.009421,4.603668,-4.4810257,2.470602,3.1787884,-0.37633282,1.6705574,2.3223083,0.0018591136,-5.2819624,3.7076857,-1.8709401,-0.8081542,-2.2967324,1.2953169,0.81886554,2.558611,-1.0850351,-2.3578048,-4.268048,1.6896203,2.6246514,-0.18473902,-3.2894635,-0.55596364,-3.3207629,0.004523143,-5.547787,-2.0357537,-1.6097215,0.9078233,-4.303656,1.6720297,-9.586705,-0.9954099,0.6922842,7.047475,-2.0945643344945144,1.7664691367544465,3.9059699,8.60869,0.0816082157718187,4.4735764759568815,5.443683981945034,0,304.95420737773526,136.147,0.6244799970456809,0.8788844759256105,4.0,280.7855912905701,394.4387248320908,450.29189675718266,0.7498170430115402,129.1171428571429
OCC1CCCN1Cc1ccc(CN2CCCC2CO)cc1,-3.611497,0.8714855,-1.7515247,14.188791,7.459929,2.909252,-0.43460166,-0.09469524,-3.7338672,5.733916,7.55784,8.983096,1.6067111,5.709048,2.2793174,3.1619034,10.451907,3.816613,-2.4102468,14.586178,3.384075,-2.9310036,-7.821073,-9.056453,1.5161097,-3.0670931,-0.77808964,19.434723,-8.585868,10.959275,1.1469542,-15.067489,4.3228345,1.2004199,-4.0826335,4.7992554,8.431325,-2.5281487,-15.282353,-4.6770372,1.3890676,-2.3944778,-4.1666374,-4.216198,-3.0312078,7.8002367,5.35314,3.2194688,6.22449,-4.235597,-1.5207721,1.5613654,0.54784435,-4.863357,-6.1247873,-0.752208,9.0892935,0.44035673,-4.443009,-17.528435,2.2955205,1.575087,4.878235,0.5867244,2.5662214179140883,1.0775426100573358,10.996373,-7.84473,0.6365534702908642,5.524231375896092,13.558217520007096,0,576.0077969568151,304.434,0.1426827043034409,0.951671862070138,6.0,738.1046860833106,4991.79006625436,5241.718085402441,0.1924041035927875,306.1751111111112
OCC1CCCN1Cc1cccc(CN2CCCC2CO)c1,-0.611884,-0.7940953,-5.8187685,10.645757,6.1833205,-1.4513168,-2.4857192,-0.2501525,-4.503675,1.7738723,10.808086,2.5947204,0.28397638,5.3586745,5.5670857,3.309505,8.391569,4.0445833,-0.63706553,10.533112,5.1452074,-0.33242393,-5.607263,-8.285373,-2.8571966,-1.4464561,-0.4198695,13.45458,-5.4948297,10.419099,0.38843936,-11.967378,2.194368,2.3106477,-1.5579627,3.3117886,1.0078716,1.6696115,-11.330308,-3.4974954,0.6693552,2.2097056,-0.71813023,-3.4296901,-1.3377166,3.5336013,0.61479414,3.8926358,6.83333,-4.1005883,-7.16094,2.8609931,-0.733363,0.1864767,-4.637867,-1.6402941,6.3363414,-0.7519046,-1.9633598,-14.279801,-0.32027507,1.1838154,5.2281513,2.2926762,1.7012361619709457,2.308191746212812,10.042764,-7.3104787,0.4879118230748374,6.703811636782242,12.3065251859276,0,565.6268401222538,304.434,0.2233537851550243,0.9100979703198064,6.0,951.603739069247,4059.368905175104,4434.709117980785,0.2562202342247921,305.9768888888889
OCCCCCCO,-0.41063476,3.6813684,2.8829646,-2.8896008,-5.8522887,-0.96841776,1.4663976,0.28061303,-6.3520703,-7.5225224,3.1768312,-4.6195245,3.6626792,0.81076115,2.055028,-2.518755,1.3140953,-1.6131161,4.0302215,1.3634558,1.4805791,5.642238,0.29747456,-4.364273,-5.5496507,-4.8695784,-1.4026121,1.6767086,0.58428407,-2.004724,-4.9213724,0.62565225,-0.7576565,-2.838461,3.7196722,0.7536741,-7.9990497,6.6907907,0.66829515,2.0504928,4.821317,0.8106493,-0.15188879,0.075989604,2.4560294,-0.109445885,-4.6740484,4.4233794,2.6924782,3.6714492,-0.5304097,-0.047993988,5.06238,9.801065,0.5887904,1.6698043,-3.8013191,-3.087633,-6.329662,0.9303068,-11.125164,-0.8062429,4.132994,12.742963,-1.0087919970317947,4.150944314391822,6.4901576,9.121233,0.6881848979960183,3.522780709314977,8.099686284040228,0,334.191872554335,118.176,0.1251312491382829,0.939112971754314,5.0,97.2574498215566,807.9169141565568,854.0739617949124,0.2269546183926973,129.85200000000003
OCCN(CCO)CCN(CCO)CCO,7.5090036,17.378994,2.9867306,13.227459,-11.505917,-5.465603,-4.0522532,5.2560234,-9.762454,-14.105298,16.436232,4.37051,-1.1120434,-0.36033332,11.999024,-10.969079,-3.7987766,5.374365,9.077933,-1.4480969,17.450294,-3.5996528,2.834461,-8.9956,-9.303527,7.3538294,-10.930335,-5.416981,1.8126494,-2.4419956,-0.36829108,-1.5948029,9.214546,5.215363,-5.8922763,-2.6488957,-5.221831,11.280656,-7.925517,-2.7341566,7.904802,0.23096138,3.2857122,-0.04220462,-0.29546973,0.30103588,-6.846443,-0.40330333,11.1461525,8.758624,-0.18708506,-2.5978463,9.280625,0.680853,-13.739791,3.4841616,2.0064657,-0.009523541,-13.394642,0.19518128,-17.826454,0.9604381,7.0679703,20.396212,1.6643718934398266,3.892795745424286,17.936901,-2.876387,0.3067343844755472,6.139237543130037,8.959952470223952,0,476.1279717022788,236.31199999999995,0.3402674661323566,0.8518383294366759,11.0,802.4617164194607,2025.186282442638,2383.026459390497,0.3418855416981961,239.09309090909093
OCCN(CCO)CCO,0.25158298,3.7544653,-0.7907303,2.3205457,-6.1810975,-6.035085,-1.9056748,1.2231646,-10.138809,-8.375621,8.31837,1.1703384,2.137199,-0.91561836,4.8624673,-7.1874366,-6.0186944,2.5291088,5.6937447,0.98188746,8.5831375,0.9750278,1.0668371,-7.6826916,-8.870148,1.2696359,-3.9245737,-3.0085514,6.267109,-1.6383857,1.880515,-0.5408398,4.0195346,-4.783256,-3.5886335,-1.1117656,-5.9393554,7.546399,-3.3679445,2.382061,0.26591992,2.6118038,1.3741965,1.460707,4.9351854,-4.9581647,-6.250955,7.7957544,13.365867,0.6376972,-1.1484572,2.5541258,5.804054,6.90916,-6.405881,1.3735266,-4.056233,0.21176925,-9.308132,-1.6091975,-11.999825,2.1169794,0.7777009,14.631891,-0.25443034961773053,5.345927147625273,3.4949932,9.270756,0.163548637043378,5.514808031381238,6.514878574058119,0,341.2723197530264,149.19,0.5022382628669678,0.7484908970359443,6.0,361.7129052465246,541.518626256268,727.391896359595,0.4327562840017666,150.40740000000002
OCCNCCO,3.1491868,3.0822947,3.656849,-4.3856874,-11.742646,-3.8796875,1.5369923,3.3315938,-7.16644,-11.300311,6.4988174,-7.3460507,2.3226388,0.8161922,0.2440195,-3.1453252,-2.794374,-0.12285113,4.9867897,-4.1864266,2.2581956,5.9434676,0.34073645,-3.3710656,-4.597132,-1.4077313,0.053308755,-0.9972544,-1.5542324,-4.09582,-4.993907,1.4638917,-0.5788888,-0.44559756,3.0322113,3.4582756,-7.840738,10.02967,0.7759405,1.6611643,5.845253,1.1788058,-3.0620482,-1.2260631,-0.40375945,-1.0905662,-6.0095577,3.7650833,3.6158445,4.8700576,-0.09290429,-5.2447333,5.42087,9.775771,2.3387544,0.43248668,-2.6837785,-1.6453991,-7.038004,0.2648045,-14.723043,-3.4653003,6.136924,14.25948,-0.3635281545878939,3.6307722471820223,7.1493855,9.362904,0.5838649456254428,3.062968563953377,6.715193172932828,0,295.76191639938685,105.13699999999996,0.1687387194108948,0.9273685695618112,4.0,83.09814249603689,466.5839152539626,502.7948950904733,0.3088670881002032,108.6058181818182
OCCO,0.48544508,-0.57214725,2.787183,-5.1910024,-4.6745996,-1.6219867,3.0674527,-1.7468083,-1.8727634,-2.1511,-1.550754,-2.900063,1.1447518,-1.3003638,-1.8987417,-0.7206127,-1.3011883,3.7776382,2.2153316,-0.61182296,-1.233363,3.321038,1.3322697,1.1209624,-0.32308102,0.23974463,2.8126042,-0.022745496,0.17324433,0.52959424,-2.8919973,2.514828,-3.6324584,-2.3683012,0.54795116,1.7602028,-3.0217633,3.2648473,1.5386535,0.61087275,-1.4911788,0.5355369,-1.3964499,-0.7440591,-1.06568,0.42431188,-0.9702313,0.74649864,0.379221,-0.12638715,1.7973247,0.24489856,2.0097353,2.6665354,4.1958284,-1.1009178,-3.8987756,-1.4336762,-0.06538418,1.1554031,-4.796334,-0.062330678,0.61529326,3.1755612,-1.347640654172548,0.8538813832915831,11.229076,7.3640594,0.4123380153327288,2.6072578770187715,3.631180270535477,0,213.2116849113514,62.068000000000005,0.2695582152485966,0.8410753982669739,1.0,30.040697707105046,97.39906191837846,115.12634892929786,0.4306337275942595,62.74720000000002
OCCOCCOCCO,-0.08703757,7.2321677,-1.9194858,6.309251,-1.0567716,-5.5637827,4.3249283,1.3083781,-11.509931,-12.673034,10.042138,-3.946538,0.2345968,0.8438938,8.012175,-4.4584785,-3.4411187,-2.3840065,3.1440506,5.720942,7.1998386,3.412104,2.8012073,-9.794803,-10.465879,-3.0257356,-8.404627,1.8923051,4.0038953,-3.9343061,-7.6204176,-5.004677,0.61431473,-0.69494593,0.2780221,-1.5146703,-10.389155,12.217856,1.9460837,-0.9879779,6.711729,5.436033,2.0058506,0.5501658,5.577585,-4.7629075,-7.5192504,6.862113,7.5354953,2.3527336,-1.4487869,3.7958333,5.058239,12.444684,-5.6502113,1.5500231,-4.5572095,-2.8185804,-13.263633,-1.375465,-17.073986,3.727618,2.0772398,17.610394,-0.44380646734197926,6.786648705167933,4.6509943,10.631714,0.5992831037812729,4.13707902754774,8.859815231619454,0,368.2097170890756,150.174,0.1719487672402841,0.8962199017082522,7.0,187.2874890023512,1136.6200432472303,1244.2131986228533,0.1996783160171908,147.89440000000008
OCCOCCOCCOCCO,1.2590251,11.676133,-0.7607907,8.76904,-1.4447147,-6.218085,6.4474792,2.2813668,-12.78155,-12.987987,12.612387,-1.1555402,-0.46202165,2.5918365,9.07662,-3.6133184,-2.4227989,-2.6868374,3.506123,9.585061,9.281197,3.3460343,1.2726276,-12.183939,-8.4465065,-3.6682866,-10.160789,3.1820178,4.778435,-2.1658854,-7.300055,-10.774393,3.5018725,2.0728247,0.5649349,-0.50350803,-8.686376,13.670289,2.0492122,-3.8087,9.225623,5.4102945,-0.08933228,0.69059676,4.691913,-2.8142872,-5.560081,7.6532793,9.439488,4.754288,-5.055958,2.2225552,4.928347,12.097898,-8.2123575,0.94839835,-5.07392,-4.1986303,-16.03561,-2.9571385,-17.664923,6.9847555,2.91523,18.403917,0.7696046930617633,7.929846433498171,4.671436,10.858494,0.7623051873453979,4.349130043221747,12.214226315208691,0,457.7040031134845,194.227,0.0883832312227216,0.949745909582132,10.0,256.8227169386872,2871.195815779821,3015.44647068024,0.1222396906518097,190.84240000000003
OCC[N+](CCO)(CCO)CCO,0.739766,2.7760913,5.7415,10.743592,-4.7482066,-4.3546686,-5.8741655,-4.2949867,-8.977397,-5.0663524,-3.6678174,6.8529134,-2.044201,1.6655782,-3.68153,4.9353175,0.06520667,0.39468974,-0.26161477,-3.6734087,18.341698,6.205411,6.777374,-3.749256,-4.5972934,-3.4017367,4.806717,9.5607815,-0.22075966,6.212353,-3.9858477,-3.4315128,-6.602133,-4.676918,-0.07102174,2.8582358,0.45821965,2.7373002,4.099915,-5.271618,-2.9457397,-1.523746,-0.078965545,-0.8617966,-7.4880366,-3.1618745,-1.8360289,2.5799959,8.342574,-3.6781545,1.1220863,-1.2742031,3.8381698,4.057305,2.2824717,-3.0031397,-2.8428783,-0.6033938,-4.678599,-5.854191,-0.43007618,4.4369974,-1.9763132,-2.0844674,-1.1254896155586254,0.5575981823466825,-3.9025512,7.0175486,0.1588258830559541,7.910265634524341,7.910444108622407,1,389.6619583157914,194.251,0.5725527756248167,0.5725572669136256,8.0,676.318346532572,676.3236517920178,1181.233198624385,0.3644470559640269,196.5360000000001
OC[C@@H]1CCCN1Cc1cccc(F)c1,-3.520011,0.15387753,-2.9119446,4.649301,3.6652265,-2.6706831,-0.44507575,0.592721,0.15544647,1.8236858,2.8781772,4.5657616,-0.83801436,3.876874,-2.3598106,3.8265257,3.1643734,1.3618592,-3.1738844,2.836934,-0.8717848,-2.5135455,-1.6957405,-3.389675,-2.6335125,-2.1673586,1.0072459,7.141968,-5.265383,4.4398346,2.0842056,-7.4226503,2.5009768,-4.0294113,1.0397822,6.100493,4.27772,-3.508593,-10.538272,-0.22808972,-2.9461322,1.3051295,-1.5387795,1.7656269,-0.41342083,-0.947133,1.7701241,1.7824337,2.9514422,-5.274999,-1.312289,-0.9530631,-0.8736149,0.8947121,-4.330178,-3.4694617,4.3099275,0.001997441,-0.20425898,-7.5514207,3.0260952,2.0058541,1.0670888,-2.6172557,-0.6725047461866042,0.7334434945400116,0.57247555,1.6607248,0.4206924409855684,4.794289391929912,9.077434903678096,0,416.2022405018696,209.26399999999995,0.2589039299855524,0.912623553280694,3.0,441.4945106248605,1566.1790495669547,1719.8348573623432,0.3623158332618812,199.85173333333336
OC[C@@H]1CCCN1Cc1ccccc1,-0.85197806,-0.37393388,-1.7211972,3.054695,2.8008049,-1.9698976,-2.1804428,0.009028643,-1.2933583,0.7416489,2.7023175,3.539879,1.0456482,2.669528,-4.0991387,4.064583,3.4516063,0.9418997,-3.9222667,-0.05754839,-0.7158518,-1.9907534,-0.72554857,-2.2234106,-3.6778314,-0.41546446,1.3495787,5.9007306,-3.6230204,2.9503279,2.0342486,-6.184335,1.531106,-3.518273,3.3729422,5.485413,2.2323403,-3.5541732,-9.553269,0.33894992,-3.207518,2.4957628,-1.0551856,1.9710516,-0.4902149,-1.0104883,0.5502771,1.6536126,1.2639264,-2.9469125,-2.8842335,-1.0103302,-3.5724807,1.0274132,-3.199086,-3.6130903,2.8783998,1.1927165,-1.5502118,-6.94456,1.9009638,-0.058722034,-0.30578747,-2.4841092,-1.3308835268664794,1.060919220701986,0.700653,2.1459177,0.382958506168245,4.848132732223031,9.056109848743729,0,405.5894781880054,191.274,0.2814645514536332,0.8994045719561279,3.0,378.8845999589266,1212.9641187120835,1350.5417970342544,0.3791148943029425,194.75200000000004
OC[C@@H]1CCCN1Cc1ccccc1F,-2.5943997,-0.24313322,-2.158969,3.705126,3.4486861,-3.0666757,0.062251195,-0.07436243,-1.5551181,2.299878,3.066034,3.8382938,0.42595434,3.4736996,-2.990097,2.8437972,2.9884934,1.344684,-2.5770996,3.1658754,-1.382903,-3.5325487,-1.5203578,-3.3062823,-2.87582,-1.3458339,0.5007237,5.6965356,-2.860888,3.8851957,2.1375375,-6.9746814,2.5409126,-2.4519117,1.7007208,5.3122716,2.6313405,-2.8352182,-9.753123,0.46923906,-4.4123826,2.1207342,-0.8963615,1.6730559,-0.021098644,-0.6954786,2.1810958,1.4296782,3.0523393,-4.59718,-2.8591716,-0.7933757,-2.6631744,1.3763297,-4.2865405,-3.7873695,2.4024975,0.13939527,-1.3375283,-6.9297423,2.3916216,1.7971766,-0.76181,-2.17718,-0.834345167631379,1.4185929018745402,0.66393477,1.778439,0.3488158738363484,4.850725517414229,9.063738599210511,0,412.934201397664,209.26399999999995,0.3056153267091649,0.8851894852397564,3.0,469.1066918137713,1363.5382829186626,1541.6542541036174,0.3507880359049934,199.7045333333334
OC[C@H](O)[C@@H](O)[C@H](O)CO,3.3046677,2.726868,-0.9472857,1.3457468,-5.2111216,-7.8570433,-0.15168966,3.963345,-8.749103,-11.233441,10.140019,-4.3447404,0.7817442,-0.31536716,-0.09435411,-2.463273,-5.0388985,1.4971257,1.9948211,-5.108026,4.246652,2.75324,3.2938604,-4.7828894,-8.885553,1.8179573,-1.8409561,0.42479065,1.2862142,-4.9800835,-2.6660633,-1.3374016,1.9036162,-2.1993306,0.73551655,2.7778137,-8.06052,7.422592,-2.9925694,1.7578051,1.2065034,7.409701,3.136815,0.15986434,1.9981962,-4.6213098,-6.289825,4.9934993,6.374256,1.8406936,-2.198684,-1.1370404,2.1091578,7.18778,-2.5818632,-1.9797065,-0.4001689,1.539834,-8.451551,-6.1010547,-12.865952,-2.7674325,1.6173439,10.696744,-1.182175717244539,4.161528370302886,5.1280913,8.912103,0.3527235572259667,4.009273333970827,6.792835809695805,0,322.9851117064778,152.146,0.3080983060548975,0.8577633560233486,4.0,232.75504015157705,656.8405707273746,764.5927698231919,0.3664804492567894,138.09880000000004
O[C@H]1[C@H](O)[C@@H](O)[C@H](O)[C@@H](O)[C@H]1O,-3.912275,-7.9345965,-4.228376,4.292254,2.399733,-6.945404,0.10667096,1.2499784,-10.488946,5.9069657,7.488744,0.286601,0.8759217,-0.90403646,-0.60400987,-1.6527351,1.2022264,0.19289994,-0.5288509,7.3257356,1.3440913,-9.331683,-3.9020941,-2.1132307,1.2812488,3.229472,1.3033932,-2.0949233,4.7470326,2.4932256,4.7938385,-5.936168,3.468681,2.883203,-3.2398953,2.6239822,-1.4624561,0.60532343,-5.9119716,5.464984,-8.686175,4.188251,4.37971,1.5518383,1.8871996,-2.7695432,5.1809525,1.8155694,9.094968,-3.169759,-6.114937,3.84743,-2.1372395,-1.6523079,-4.094628,-4.661846,-4.4030366,0.86002994,-2.792334,-8.655,2.4525754,4.7324047,-4.060459,-0.40764964,-0.031053294243040635,3.6286456221001804,5.715733,-7.2932057,0.1821505545722881,5.455891169199978,6.413527078293243,0,332.6500346665954,180.156,0.5122718119516929,0.5992334127956291,0.0,461.2835817761821,539.5895860914482,900.4664535821821,0.3248142339118988,153.12400000000002
O[N+]12CCC(CC1)CC2Cc1ccccc1,-0.107512064,-5.3132567,-4.9324217,0.66410047,-0.6597754,-2.8193905,-2.3085248,1.5042452,3.842311,-1.3611454,5.3287134,-0.8242702,-2.7437532,5.290731,-0.72654915,3.2771893,-0.505597,2.6084363,-0.24334997,-1.4680654,-2.676839,2.6165273,3.7340982,0.3573622,-2.3196473,-0.069197655,-2.15634,3.3563619,-2.2669573,-0.33740315,2.9077318,-1.6471996,-0.25775623,-5.498576,-0.8840309,3.7058172,3.7884965,-3.880111,-9.706612,0.46267647,-5.397062,0.004673302,2.3083203,3.9107304,2.0370183,-2.0868585,-0.14435777,1.60165,2.498803,-9.074874,-0.08184644,0.6324371,0.5160869,-0.4689589,-3.115417,-1.5979991,6.141148,0.65021825,1.9427334,-4.798799,-1.7531512,-1.1226978,0.20416409,0.20641339,-2.0956983322504494,-0.7152619601587995,-4.3523936,-0.24537446,0.3929224136979571,4.955837534751868,9.2181475953497,1,425.7393674852892,218.32,0.2812183564222307,0.9496571251756772,2.0,439.14449038550686,1504.2594803979916,1582.247896672961,0.4359506258393856,220.84640000000005
Oc1ccc(O)cc1,-0.72967815,-1.4455581,4.2046595,-0.4573533,3.939828,-0.916461,2.7852437,-1.3828837,-6.6438136,2.959425,-5.198901,0.5169924,3.1556485,7.3617716,-6.2669864,0.6946281,4.9154735,-0.47968405,7.554863,10.84109,-0.1741842,6.7467966,0.74681073,-4.8997984,-4.276792,-8.494322,-3.581094,5.577379,2.9950042,8.416297,3.014543,-1.4293485,0.4128297,-4.843332,2.5112836,0.6058559,-1.8396395,-3.8572452,-3.4383173,5.687459,-2.8579578,2.6113741,5.362005,-1.2177446,0.2700645,4.1955123,4.3434577,1.8846304,2.5144405,-2.2661061,-1.0414971,3.9137557,0.8020436,6.3261333,-1.3585541,-4.4872274,-0.69429266,-6.556419,-2.2638237,-0.26906654,-4.276413,1.4527208,1.1844673,4.9346113,-2.3839208645656544,3.316312426298174,7.08016,-3.551232,0.4979180035210312,4.750853754346025,6.404231862818334,0,268.5355705759343,110.11199999999998,0.2125294197343814,0.7874705805144883,0.0,90.73040399504433,336.17709959207764,426.90750348087766,5.83315243584165e-10,100.40800000000004
Oc1cccc(O)c1,-0.96391594,-2.2138624,1.0726093,0.22324759,4.9302325,-4.755464,4.013033,-0.84780014,-7.679342,-0.5979726,-2.5902522,-0.28176934,2.6554122,4.031862,-5.9230905,0.6467422,1.059867,-0.5100269,4.986182,9.884835,-0.5731281,6.6967497,2.4905453,-4.413872,-3.2219493,-6.1623087,-5.0136075,4.8664107,3.9876213,6.2084084,2.6681588,-2.4813902,0.33641714,-4.174303,0.7238979,1.9732159,-2.5606484,-1.9705338,-2.5762293,6.2543917,-3.3705337,4.019449,5.283745,-0.6005001,1.3772004,0.059266552,2.04603,3.354297,4.0310073,-3.2959652,-1.2039428,5.25095,0.35970825,6.3622475,-2.5279346,-5.575658,-0.95721614,-4.4497185,-5.2073455,-1.5973728,-4.745948,2.3091927,-2.9889877,5.2377386,-2.718259118435394,4.119310267323771,7.313478,-2.7016575,0.337542643486396,4.822841087567546,5.257926886649931,0,271.64650638102046,110.11199999999998,0.3291791631231877,0.6708208370604515,0.0,134.67594667217537,274.4506873729462,409.1266339699895,1.9752449165874908e-10,100.53600000000004
Oc1ccccc1O,-1.4967928,-2.7231967,-1.3656942,2.0288284,5.797938,-7.0541763,4.7378764,0.06231138,-8.832838,-3.102049,-1.3567629,-0.5067739,2.3380566,1.0712776,-5.422893,0.102053285,-1.085396,-0.9033198,3.2630439,10.341941,-0.07954467,5.5299025,3.5245202,-3.802873,-2.4559548,-4.8493643,-4.997703,3.5434227,3.960826,5.556238,2.292065,-3.2007651,0.51880366,-3.877783,-0.40367323,3.0372553,-3.0740027,-0.029544607,-1.1244848,6.40459,-3.3316665,6.34825,5.125368,-0.98091483,3.3116112,-3.0283353,-0.75916314,3.6061428,4.442135,-3.5940914,-1.2993429,6.633765,0.010778785,7.032168,-3.660172,-5.8586936,-1.8770458,-2.7195966,-7.730033,-1.8643466,-4.275915,3.6347864,-5.2487288,5.132971,-2.80486076935615,4.838467783914998,7.0528536,-2.283929,0.2773486583295786,4.813163250679302,5.174191658172038,0,261.1518195633077,110.11199999999998,0.4045211045104443,0.5954788957504011,0.0,150.83720916602482,222.04125756713333,372.8784666358939,3.8972859523838007e-10,99.98400000000002
[CH]1C=CC=C1,-0.9829018,-2.9091475,4.118579,-1.5562031,-1.9879191,-1.9254059,7.698959,-1.1726266,-5.1827354,-2.9174776,-5.886918,-4.908589,6.6168027,-1.2199814,-7.032404,-3.311617,-1.4538612,1.9281353,6.327509,9.302716,-6.6867394,6.1926804,2.7547863,-0.40753487,0.53483605,-6.962843,0.6197989,1.2219223,3.8143735,6.5601287,0.8588027,3.973091,0.815587,-5.857183,0.5355851,2.7429657,-3.36029,1.2053427,-0.41299963,6.846474,-4.5600724,8.548076,4.4420977,-5.163765,7.2010956,3.1442776,-1.3699911,1.2727344,-1.3277111,-0.09954867,2.0857148,7.112044,4.017587,6.244297,-0.4455795,-1.5193001,-6.7479887,-1.4036251,-6.537291,5.1208615,-6.4502425,2.6339676,-2.2397778,6.4623656,-2.641331137118929,4.157704770078615,14.434989,5.778959,0.2523065981429597,4.073112687145603,4.387914976469991,0,223.25654466167683,65.095,0.4722715651484879,0.5277284350831349,0.0,52.73074162357968,58.92269154302255,111.65343314074074,4.752883858880711e-10,70.84000000000002
[NH3+]CC[NH2+]CC[NH3+],21.253414,-7.799077,4.159822,-11.646552,-19.242777,-11.56303,19.630886,7.1463323,-10.914588,-1.9581748,20.822424,-6.500811,-18.802258,9.776921,-8.977892,6.8154173,-13.171249,17.401176,19.885284,-20.817823,0.76025426,5.8080854,-0.88628227,-5.0635242,3.3982475,0.7434108,2.8736997,-5.409413,12.689488,-0.4895755,-11.144825,-0.09654206,-3.538611,4.869981,-4.561904,9.847271,4.332921,19.966011,17.078505,-21.10044,-3.54586,-14.296127,-6.7354307,1.5365114,-2.246906,4.713177,-3.3559713,12.8064165,27.18028,-10.775662,3.6552522,-22.95515,5.102612,18.098658,12.21317,9.88468,-13.451817,4.8239136,-4.7995677,-5.8713174,-22.834751,-3.7187665,5.6141186,11.17362,5.963666665708244,-0.01449849565622894,-14.03737,7.193698,0.8526616135964133,2.3164643763655306,9.33178972819742,3,334.76964135625286,106.193,0.0519251410388103,0.9751503020100972,4.0,40.680419911193184,763.9752722606466,783.4436093449891,0.1481216093255159,124.69600000000004
[NH4+],-5.6250496,-4.358187,-10.76278,-0.88706845,-4.1295156,-4.4531717,17.222012,-0.37715438,-6.970532,-4.035956,5.1983595,-8.62369,-5.621555,4.7746816,9.0419855,4.3837996,-15.514866,2.8807528,4.6757116,7.890157,-2.1954348,1.9492248,-3.3840399,-10.758056,-5.5926156,-2.1100035,4.0898986,-10.240735,5.883864,-2.3589997,-6.0098553,-1.2115421,-4.582124,-4.5337973,-3.1063304,7.901693,-2.1578665,15.359934,15.511438,-9.295335,-12.8068495,1.747055,-12.942208,-1.1968737,4.4592943,-7.0508795,-10.26462,15.693179,15.601683,-16.57395,-0.4697874,1.4365175,7.715752,19.303873,3.4176214,-0.9029325,-16.252773,0.7682984,-8.883384,5.9762764,-9.778712,14.143933,1.4953942,9.313734,2.424931431277906,5.373024794722737,17.255917,5.0455527,1.3364601196467162e-09,1.4772574548946409,1.574490923347593,1,139.3487511751444,18.039,0.9999420045389104,0.9999489974600808,0.0,2.8337044216287914,2.833724238649729,2.833868773154958,0.99992733227738,25.792000000000005
c1c(C[N+]23CCC(CC2)CC3)cc(C[N+]23CCC(CC2)CC3)cc1C[N+]12CCC(CC1)CC2,-0.6728554,3.3869226,-8.31427,18.031164,-1.6999401,-2.4270418,-2.7922258,-4.6299286,-2.0685625,15.689937,-2.0949798,2.7451625,-16.536522,9.789558,6.9269814,12.580626,-9.833543,3.7001119,1.1647707,-5.390725,10.552116,-13.321338,-4.1552362,0.47376817,-15.702472,-4.3842106,7.1219163,5.314457,-0.099707514,7.9985876,6.0021925,-7.6667075,-8.8045225,18.436632,-8.171872,5.4633536,3.1927567,7.8766623,4.9506626,-2.5854635,-7.2576313,-13.504563,10.379737,-5.3111506,-11.542082,8.912233,20.321245,-11.112481,15.190782,-19.344769,2.319686,-12.248702,15.113338,8.86139,15.740087,5.6828995,-5.1927037,-4.72046,19.967323,-15.279869,18.00479,4.65095,4.628128,-12.117634,7.434642204503057,-5.842110631255799,-1.9926763,-15.559071,0.2007085861699581,12.64498386404552,12.70993196752456,3,761.1848326231684,450.73500000000047,0.4769006188851438,0.6169635812437642,6.0,4480.026904787402,5795.772736252992,9394.036426447148,0.1959917773248456,468.9968000000002
c1c[n+](C2CC3CCC2C3)cn1C1CC2CCC1C2,-1.7440398,-5.0289445,-2.3265476,7.6830163,2.9796886,2.3450854,2.5496843,0.15638635,1.0709665,3.4359,2.5257633,1.9747108,-3.2917228,7.197514,1.4392865,-1.002795,2.1397517,-0.17850251,2.6474814,9.695439,0.13260376,1.3215219,2.0108995,-3.0331748,0.83886176,-2.873407,-4.267229,4.505219,-1.2290026,2.9367003,1.2844918,-3.0486705,-0.23806487,-0.14521173,-4.4235535,-0.83870035,8.421933,-3.7247255,-2.428171,-3.2313185,-4.0296564,-0.46145123,-0.666886,0.73870695,1.3662808,3.5904136,1.7202712,0.9215712,3.1786132,-9.06616,0.6397954,1.5055163,-0.12918906,-3.1084259,-4.454648,-0.42474517,4.650088,-0.85908425,-1.4570894,-2.7638516,-1.2615038,2.4233081,1.9081769,0.15244511,-0.6546143927284438,-0.4599627998440819,-1.3500686,-1.7027959,0.5586290961453871,5.43585191745818,11.132340750116438,1,493.4580960100161,257.40099999999995,0.1813048572148856,0.9451756022409336,2.0,507.2412790641668,2677.6544796846083,2830.125043340985,0.2658466446823347,260.0537777777778
c1c[n+](C2CCCC2)cn1C1CCCC1,-2.1315527,-4.8061366,-2.0822492,5.957417,2.2959936,-0.9775336,0.082871094,1.0068642,1.3363519,0.16150053,1.338636,-0.40799242,-1.9128611,5.8237414,1.2208474,-2.8384318,2.4145741,-2.972642,-0.2518096,5.304535,0.5321518,2.3504527,1.941889,-2.155343,1.685292,-2.8707201,-4.252295,2.672591,-2.6302469,1.4854462,1.2002794,-1.4126136,-0.45870984,-0.23492578,0.27529973,0.2655142,1.7891599,-3.2933476,-1.8152605,-2.39597,-2.905549,2.5016599,0.35353166,0.1778627,1.4050251,0.084157094,-0.57660615,-1.8065989,-0.7616979,-6.884668,-0.18949106,2.7731445,-2.8644445,-0.40540493,-2.9678261,-1.0821623,4.0978284,-1.7848036,-0.8232269,0.1744903,-2.1891825,1.9475224,1.8092884,-1.3540361,-2.272013366779681,0.1513835930950369,-2.0489485,-0.8524217,0.4099916015902148,5.517429811520873,9.56786918841146,1,444.6724665321372,205.325,0.266993240307644,0.8843273466195324,2.0,448.9230124236976,1513.5369269771634,1705.5492955153036,0.3064804374831944,213.7776000000001
c1c[n+](C2CCCCC2)cn1C1CCCCC1,-0.20307362,-3.7235332,0.15878727,7.124053,2.8436072,2.8197706,0.6458148,0.7119589,1.6234665,2.1603012,-1.489698,3.2878692,-3.0393472,9.207171,-1.16193,-2.579383,3.3239846,-1.2070086,3.803896,8.7713585,1.9586076,2.7543147,4.1605663,-1.723026,1.1426752,-4.106352,-6.1610637,4.5692267,-2.1442318,3.1379132,2.3309965,-0.9678727,-0.71617556,-1.0179434,-2.7758682,-1.3574417,9.596978,-7.234308,-1.8850511,-3.0479956,-1.7055621,-0.69588655,-0.37728202,1.7279569,0.46147457,4.0786576,0.764004,-1.9444692,0.046775814,-7.675005,2.1107943,0.603456,-1.5461993,-2.9277146,-5.751677,-1.9142568,6.790973,-1.5319284,-2.1138372,0.44561335,-0.6614908,2.4485269,2.4015758,-0.71853983,-1.9502849370356992,-1.1359554747529998,-1.3106554,-1.8195527,0.5972494902369945,5.055566869207177,11.514076998709548,1,491.7072003848247,233.379,0.1636898427196703,0.963000348453824,2.0,425.1834079714107,2555.980915685289,2651.1948335074458,0.2534695597969469,246.23200000000008
c1c[n+](C2CCCCCC2)cn1C1CCCCCC1,-0.47372603,-3.2791667,-0.7064739,8.374005,2.9009523,4.749574,1.6177409,1.6337055,2.2904425,3.399235,0.98618144,3.101804,-1.9636555,8.070502,1.6248813,-1.6675138,3.6736631,-2.2492228,2.6476693,11.417142,-0.1759721,2.4644783,2.5895436,-3.922091,1.4686258,-4.666769,-4.7909026,4.7850275,-2.520701,1.6239356,1.0520362,-1.7865636,1.78444,1.0545217,-3.7620442,-1.7663231,9.876746,-5.6523733,-1.0835925,-4.32677,-1.2343974,-0.86470526,-0.86032045,0.07349014,1.4831475,5.1974587,0.83164656,0.43982047,0.37939912,-7.460857,2.6462219,1.5383756,0.002606228,-3.1984859,-6.5143723,0.17908719,6.379519,-0.70288634,-2.229333,-1.9639469,-0.48761946,1.8225785,2.840017,-0.30369723,-0.9315059945119055,-0.9387811054030913,-1.2253162,-2.0731955,0.5791084194674989,5.53207758349992,12.218324903127684,1,534.1018208152415,261.43299999999994,0.1734124298806491,0.9678092322608426,2.0,590.6267709918656,3363.7171694371523,3471.1767074945005,0.2560628306338566,279.40252631578954
c1c[n+](C2CCCCCCC2)cn1C1CCCCCCC1,-1.6076976,-4.3374104,-1.8072858,11.700096,3.193843,6.696903,3.4406807,2.517476,2.3111033,6.8750854,4.7513113,3.532303,-1.9898376,9.671805,4.2830424,-2.173552,5.483396,-1.9084531,2.9970307,17.810081,-1.6566019,1.893192,1.0363148,-7.1099463,2.4022682,-5.8444567,-5.0421834,6.7610526,-2.3930593,1.9186984,0.6169141,-3.9600408,5.176137,2.557335,-6.1002793,-1.8252676,12.906337,-5.0767236,-2.5006154,-6.0683804,-4.208176,-0.95568734,-0.78028727,-0.87589574,2.7986946,8.574094,3.0852854,3.4184554,3.249685,-10.519569,2.5988529,3.973983,1.265586,-5.6959567,-9.639794,1.9857438,7.067347,-0.9535599,-2.8836038,-6.1630807,-0.80806977,2.6914725,4.1211224,0.7186112,0.3237708260559642,-0.6314736249003527,-1.1241138,-2.7213998,0.6149052670440196,5.544952361711578,13.314359589319654,1,569.5283642111278,289.487,0.1542274882343676,0.9684765895737346,2.0,678.8786977564421,4317.099425404933,4457.001338930915,0.2235883778328655,312.76400000000007
c1c[n+](CC2CCCCC2)cn1CC1CCCCC1,1.5898839,-4.839697,-1.0560393,6.531584,2.886478,4.9599104,0.00412111,0.26711294,1.3415756,5.570582,3.859649,2.84657,1.2501206,5.3289742,2.8519924,-1.264579,3.6906917,-0.67053634,-0.416167,9.855635,-2.8659234,1.0585791,2.712857,-4.2665644,0.8178332,-0.81275,-4.236608,6.91209,-0.122529894,0.62616956,-0.64610964,-3.935909,0.045901954,3.815706,-2.382797,-1.1692863,4.5075116,-4.0914946,-3.1948414,-5.6408205,-0.032511115,-0.9750559,0.35973096,-0.2671516,2.1428812,5.0793433,1.2672209,0.70499855,0.31339154,-4.256558,0.63376576,1.5005689,-3.7275684,-2.3856559,-2.8989444,1.7802598,2.3072224,1.683952,-2.79899,-4.127646,-0.9714866,-0.2208459,0.28420618,-1.7861755,-0.5550085408341634,-0.27927405169386166,-0.82877237,-1.4685408,0.5465216700908713,5.6396654054421225,12.342635437043771,1,536.2920303849793,261.43299999999994,0.1933994335258671,0.9154000221949206,4.0,662.0675163517302,3324.2162323714874,3604.39053105196,0.2265496681354458,279.826
c1c[n+]2cn1CCCCCC2,4.862774,-1.1260426,3.6264498,5.988114,-0.12832513,-2.0081735,5.0639076,2.6505432,1.1918297,7.418856,1.9489505,3.0214875,-6.490282,5.9242105,1.9809499,-4.031921,-5.694739,0.45102656,7.6221576,2.6889997,2.355667,-8.774938,-1.0934594,-4.9594603,0.6427956,-1.0169053,-0.5258366,-2.1032422,-2.2273252,-2.8039074,-1.5498785,0.40734023,2.6575363,12.070786,-5.847097,-5.7585034,7.812139,-0.4896989,7.8703203,-7.6017904,-1.1846628,-1.443455,1.7642548,-1.7581742,-0.23926827,5.755169,3.9616885,-4.0433793,5.082177,-5.6133027,3.9486518,-6.012697,4.193092,-1.8783113,-2.713366,1.3675843,1.7068311,0.5675849,-1.1169729,-7.4143977,0.3869316,-1.7673864,3.6662366,-1.3885844,1.8317670020044496,-2.567110111750043,-4.3647194,-11.79626,0.1269436381553529,5.547272970858585,5.920807126840899,1,335.9508445780058,151.233,0.5775416817535268,0.641113749764938,0.0,342.89402087546625,380.4730690547684,593.772325067468,0.4558389965718803,156.73200000000003
c1c[n+]2cn1CCCCCCn1cc[n+](c1)CCCCCC2,-0.70556194,-4.130874,-10.379284,10.238337,3.5069003,1.3813698,7.7279935,4.6598215,0.0882296,9.740602,12.016051,-2.9272196,-10.969132,10.852945,8.392445,5.6859293,-7.975098,-0.89320046,6.3379536,2.836265,-3.8563354,-10.346288,-7.599954,-8.529142,-7.336192,-2.9362974,0.47930995,-4.614942,0.9625207,-4.2074456,3.5021532,-6.666541,2.17314,17.550785,-10.421629,-5.8340054,4.346147,6.0919714,4.7432556,-2.9033508,-8.486662,-6.4555945,0.40420473,-7.068407,-2.628817,3.9576454,10.421444,-0.24580538,14.859757,-16.388851,0.63113374,-9.616471,9.137514,3.499938,3.5859797,5.4009323,0.024222143,-0.119739145,7.1130214,-12.422384,1.3340471,-2.4546509,6.081807,-0.20778674,5.994711765704085,-2.2492032972598253,-7.4528966,-15.497158,0.245240909385526,7.778905662144699,8.582230583123247,2,540.4061412281295,302.46599999999995,0.3962824342989573,0.7185345288697595,0.0,1467.9114647717472,2661.4527223392147,3704.659962473291,0.2748420155538882,313.6853333333334
c1c[nH]cn1,-1.2125367,-3.5609,4.6257267,-3.9966729,-6.978023,-7.057211,9.851876,-1.5595192,-4.5222454,-2.402812,-6.7477107,-7.8870153,6.0003552,0.3945921,-7.939917,-4.4065776,-2.1250472,5.258729,9.148305,5.630546,-7.653969,4.9068723,3.5525978,2.0514376,1.6692762,-5.5319614,4.6159835,-4.162109,6.5720916,7.4422617,0.38533944,9.269756,-0.9495265,-4.9132333,0.50770015,4.871756,-3.3295903,3.8661058,3.58863,4.829242,-12.392296,10.722426,6.8704405,-5.6723547,6.720975,3.5143898,-2.617537,0.13987297,-0.3167709,-3.5987768,1.3414954,7.5707984,4.6341815,6.8351064,-1.1543529,-3.3519058,-9.637626,-2.341283,-5.126725,7.7350574,-7.3819213,5.575758,-2.1015651,7.9884806,-2.9849543053552265,3.881766420958216,14.904796,5.894747,0.2503645543892465,3.052548140503728,4.17614618811713,0,211.0009301798653,68.079,0.4889764664965594,0.5110235341774431,0.0,51.48696278215549,53.808417148404224,105.29537985959035,9.224482920511782e-10,64.57200000000002
c1cc(-c2ccncc2)ccn1,-1.3691247,-0.22996923,5.6333714,-1.5099103,2.8965194,-4.1902113,6.2191734,-5.009594,-3.3685338,12.204625,-0.23260331,0.86458796,6.1140013,9.01187,-3.5298853,-3.4759994,15.145242,0.64411956,2.418727,17.14952,-3.2335446,2.1040409,-1.7204201,-8.035187,-0.89280254,-8.55946,-3.1021643,14.025579,-1.0116134,9.472126,-3.6323588,-4.994061,1.5685549,-0.18477312,6.952912,5.5031695,-1.928888,-3.2761345,-6.854747,0.47006512,-11.684269,2.2431095,6.658969,1.6399555,-2.367702,10.003829,10.057236,1.6186676,2.3893068,-5.4264817,-2.8579645,7.9350796,-3.9377964,1.5225194,-3.9391727,-4.516497,0.7925886,-10.363473,1.1445587,-8.246733,-1.1287054,-0.13231595,1.8393143,0.21866083,-2.0753688188618287,2.9775363339108996,6.031514,-4.6753707,0.5929971847945548,3.856290052630688,7.108146684918286,-1,344.85518819173564,156.188,0.1612295119881964,0.9061750168484912,1.0,168.06575883164447,944.5974869170944,1042.4007165880928,0.1788096456576689,146.68400000000003
c1cc(C[N+]23CCC(CC2)CC3)ccc1C[N+]12CCC(CC1)CC2,1.8308604,-4.575334,-7.395712,11.908611,-0.6431668,10.422121,8.642226,1.413395,3.876612,11.201259,9.731352,2.7727857,-9.18976,11.144803,4.613362,3.526063,-9.910821,7.370465,3.7394695,8.823252,-7.912978,-3.6565528,0.0146202445,-2.2110095,2.3920147,1.0617092,-5.1843896,1.4290875,6.52778,-0.8080405,5.5161686,-7.938543,3.7044592,3.6981637,-15.397881,-4.645139,20.334846,-0.6395743,-7.5449123,-4.9622264,-12.843506,-4.03814,-1.4104841,-0.9901252,5.5093994,9.81226,11.901756,5.309062,13.271636,-18.477,1.8138813,-4.1418695,8.88215,-10.848491,-3.7310326,3.991914,4.0644875,4.913244,1.9159573,-8.98157,-2.559328,3.8157156,-2.452874,3.0571036,3.9669047590662783,-2.84459341567518,-2.6721337,10.443255,0.7495195295400572,4.424889093817175,14.063924607565156,2,594.4664436674772,326.528,0.0936450356994627,0.9989427236114116,4.0,587.384167396242,6265.822317129494,6272.454080130503,0.1945925329550507,340.2028000000001
c1cc(C[N+]23CCN(CC2)CC3)ccc1C[N+]12CCN(CC1)CC2,1.3669708,-4.3048735,-7.141464,11.49824,-0.306729,10.16885,7.875391,1.3763969,4.015542,10.285124,8.833505,2.6412146,-8.694026,10.657046,4.4554806,3.4202433,-9.6990595,6.5573936,3.5392532,8.380206,-7.555825,-3.457248,-0.40191585,-1.9957762,2.18776,0.64230436,-4.3777742,1.180882,5.698251,-0.7741278,5.420392,-7.472672,3.7550368,3.2185273,-14.409191,-4.4196,19.39101,-0.97356915,-7.4408207,-4.317527,-11.718889,-3.7500618,-1.5445719,-1.0879806,5.2370987,9.0751915,11.303582,5.0372972,12.288481,-17.650969,1.6863527,-3.937629,8.891217,-10.013675,-3.8497112,3.5485837,4.2947764,4.436011,2.2941983,-8.648357,-1.939573,3.7015347,-2.209661,2.850438,3.6715580285568943,-2.735075578782112,-2.7045174,10.484708,0.7551242948399777,4.501453173575051,14.06051492642343,2,586.3115550480472,328.50400000000013,0.0913029499958958,0.9992627209849334,4.0,580.7275879196892,6355.758265916655,6360.447570104441,0.1986535809347166,334.31600000000003
c1cc(N2CCCC2)ccn1,1.012896,-0.22737023,4.2858386,-1.2035239,2.793584,-0.40500787,2.8854492,-2.7017243,-0.837426,7.471322,-5.600277,1.8001539,1.5748825,9.908588,-3.9978929,-1.1168243,8.19279,-0.46006507,6.202784,9.366599,0.5589889,4.2731524,0.8267335,-3.4881988,-3.4070513,-7.3283634,-3.42047,5.6897774,-0.042951018,6.9610066,-0.028829925,-0.55064005,-2.2063584,-2.4597092,3.8934236,1.0554953,0.48561907,-4.7910433,-1.2094198,0.40129262,-4.502147,-0.06742555,4.743514,0.9736915,-1.6250036,5.641326,5.7223115,-1.3632855,0.70357776,-4.6495514,0.30257586,2.666128,-1.1268111,3.084165,-0.7453027,-3.79097,1.6855308,-7.550148,2.9764125,0.55439425,-1.7809255,0.01280646,3.3313112,0.8367845,-2.340048027551251,0.6926690110457068,6.365027,-3.9307446,0.569102229311214,4.297663623024871,7.23123803793105,0,343.39220117902346,148.20899999999995,0.1730632109682019,0.8496067003604938,1.0,156.4183929429113,767.8934994927155,903.8223205729456,0.1220741366258875,147.42800000000005
c1cc[cH-]c1,-2.53751,-4.4068904,5.131346,-4.2416363,-2.1089413,-11.442466,6.2770805,-3.3532655,-12.430914,-0.10347001,-2.997356,-4.836112,9.917387,0.38142735,-9.596206,-6.0874596,3.041756,3.5084362,6.83177,12.190656,-3.7163866,6.496526,3.594836,-3.819023,-0.15258661,-5.455044,-0.9350567,1.8563656,10.667553,9.310121,0.6811114,2.7616594,2.995901,-5.2857985,2.6128454,4.9236655,-8.191261,1.8695259,-2.855886,9.09208,-14.130257,11.64199,10.520515,-2.3197136,5.600691,2.366271,0.26348916,4.5449553,4.5254707,-2.8464837,-3.2271297,13.042827,-0.91506875,7.3361597,-4.4831285,-4.9653373,-9.128475,-5.5081687,-9.0098295,0.26180092,-7.956844,4.9965267,-6.3360987,9.126208,-4.12307387301878,7.373780408549353,14.3675165,6.6336427,0.2523083740053167,4.072895236219052,4.387853021904181,-1,216.8217572348081,65.095,0.4722608924271139,0.52773910796372,0.0,52.72848340989721,58.92269134546984,111.65117471172998,6.760738877230761e-10,70.47200000000002
c1cc[nH+]cc1,5.2709618,-13.596707,1.0963252,3.6675537,3.8029313,0.037139446,10.019963,-1.2697592,-3.1726305,0.3050291,-3.0214455,-6.3335776,2.9448218,3.64599,-4.3787155,-5.297565,-3.4410865,-6.3244977,6.088081,9.248342,-7.2576714,3.899137,4.1128087,-3.6544263,2.8118966,-4.053768,0.46914354,-7.116164,6.977422,3.5266457,1.4824103,3.8688054,-2.8357716,-0.81105924,3.326093,2.7670515,-3.621944,-3.698355,12.539265,-2.637251,-9.8716545,9.666714,2.4313376,-1.5296111,8.097244,1.8375617,-6.565558,1.8574967,0.75406325,-7.9880023,5.6257095,9.283344,-1.2447649,6.8303504,-3.0925617,-1.9723731,-7.0430007,1.0038741,-5.7911777,7.1479735,-6.277471,0.9160839,-1.4849445,-1.7326894,-3.5025900116650477,2.5889991469648663,16.504322,7.763743,0.2503704086238778,4.300433108869732,4.846139208975384,1,234.00727099825843,80.10999999999999,0.4888883097949437,0.511111690698424,0.0,86.05295875677234,89.9646654636178,176.01762413354874,2.5298097318834003e-10,81.46400000000001
c1cc[nH]c1,-1.1618471,-2.7507038,3.8504643,-1.1607141,-2.3815165,-2.9481924,8.322833,-1.2395254,-5.3963523,-3.1236522,-6.1414275,-5.3008857,6.3921113,-1.1003944,-7.1076493,-3.5397906,-1.9949043,2.7063801,6.9622917,9.163773,-6.469715,5.692189,3.073474,-0.42637965,0.28432244,-7.0425453,0.7234212,0.8339659,3.9027963,6.9996467,0.83697116,4.221421,0.35714763,-5.690607,0.15341598,3.2260869,-3.0372171,2.063512,0.19995417,6.442479,-5.573605,9.120141,4.5988255,-5.7061586,7.6134543,3.135409,-1.7284436,0.8894392,-0.70957005,-0.8125261,1.798345,7.001556,4.218018,6.646089,-0.6581161,-1.6341567,-7.299751,-1.3297732,-7.180411,5.6424174,-6.7470365,3.3145607,-2.2231019,6.8403854,-2.5137031139669253,4.271543470099722,14.526607,5.8329434,0.2501384748024679,3.985424427820992,4.214068643247099,0,219.38378905242044,67.09100000000001,0.4932060078537991,0.506793992400231,0.0,54.72834351628304,56.236127026843015,110.96447051493772,4.367882813127819e-10,69.00000000000001
c1ccc(CC2CNCCN2Cc2ccccc2)cc1,2.1795917,-2.0903559,-3.0960593,4.751645,3.2943237,0.6371107,-4.311504,-1.8247777,-4.366792,3.41224,6.0514183,1.172495,2.9203086,3.492082,3.56113,1.8748087,5.402735,2.4367425,0.6411537,7.478815,2.2570555,-0.40345514,-2.4059026,-5.3978996,-2.4998553,0.73970056,-1.7488265,7.0693536,-0.528298,6.1281433,2.1606958,-5.9285398,0.58902186,3.7286255,0.27647358,1.6147386,-0.49921948,-0.26380414,-7.013122,-1.2423377,1.0328524,0.05389309,1.8057697,-2.206478,-0.97503734,4.1047244,0.8511491,1.9537289,3.7190125,-1.477996,-4.885748,2.268314,-2.3593812,0.7393236,-2.5690231,-0.29615697,1.372812,0.6995865,-2.116274,-7.556171,0.6677994,0.11216234,0.67348194,0.7110739,0.3845460705927891,1.7645861413173156,9.490846,-6.4055514,0.3514133931748535,7.258420934412517,11.293733313122624,0,512.8833559807896,266.38800000000003,0.3284253022934931,0.8009604202833728,4.0,964.3059922708824,2504.747867345468,3083.883228138218,0.2882491271627341,270.6170000000001
c1ccc(CC[NH+]2CCCC2)cc1,0.31315386,-4.408779,0.15292299,0.97867644,0.59981346,-3.6525385,-3.0692298,-0.59817207,-0.19379544,-4.307888,2.2079003,-0.38037783,0.6749389,3.0754623,-1.8216488,1.9009639,4.4812126,-1.1372596,-1.449121,-2.4497924,2.9747596,8.202879,3.1370957,-1.0475926,-1.2703059,-3.6740801,-0.55586016,5.21378,-2.3505569,1.6638011,-1.9452837,-2.0388882,-1.0498598,-6.226118,5.212069,2.7691371,-2.9697814,-2.530188,-4.152459,-1.3560798,-3.6016557,2.440522,1.1349068,1.9846983,0.51012266,-3.3650715,-3.3658562,1.6641421,-0.07222721,-4.357079,-1.0339507,3.7418568,-2.4230978,2.3341446,0.31701842,-1.2574826,3.905931,-2.1781528,-0.122843266,-3.3159418,-4.792525,-1.2051995,1.6299356,0.90032524,-3.431895964306678,0.9137137138801592,-2.5793226,2.5290978,0.3963155371945408,5.341557056434357,8.584919628910134,1,403.4487034339281,176.28300000000002,0.2740344457698611,0.9264538844008946,3.0,332.8560854507395,1125.2776727961534,1214.6756502467729,0.4127133802185361,188.94400000000005
c1ccc(CN2CCCC2)cc1,1.3411791,0.2656457,4.36331,0.83040935,0.6003214,1.1649264,0.01769106,-2.2683072,0.18913046,4.6595345,-2.6807008,2.2822373,2.8708024,4.629322,-5.5273294,1.3257676,6.8481674,0.49364537,-0.80287755,1.8208498,-1.3260196,0.46952903,0.2579804,-0.31140363,-1.2015455,-2.7257173,1.27714,7.305121,-4.2694764,3.0785708,-2.0340064,-2.3396845,-0.65710026,-1.8515624,5.2732344,3.9131186,2.2915733,-5.4229536,-5.47836,-1.4346206,-2.6618001,0.7918401,-0.059404016,0.91504276,-2.6045299,4.0362554,3.051858,-2.158202,-3.3025122,-1.7319995,0.44900784,-1.3876257,-3.227399,0.25024885,0.107251436,-2.215519,2.9162521,-1.3286133,0.8101679,-3.4667249,0.6654566,-1.6700281,2.1342466,-3.0868564,-1.8611234808052535,-0.46677178697773486,2.5436375,1.3884975,0.5100073866476889,4.446349164879062,8.885361198571196,0,380.2647340263145,161.24800000000002,0.208169430795396,0.9582190700396614,2.0,218.92797748069947,1015.092897107273,1058.564543095715,0.332699169037429,169.19733333333338
c1ccc(CN2CCCCC2)cc1,-0.27245766,-0.51316714,2.5454295,2.2992675,2.3632722,0.17204568,1.189895,-2.107761,1.0454574,4.649761,-2.3812888,3.10443,1.6025375,5.938898,-4.3009124,1.4329088,6.4510627,0.4033869,-0.035279304,4.7080383,-0.8832474,-0.0062855035,-0.40890223,-1.2814568,-0.64342034,-3.6049325,0.005306512,7.6676717,-4.9422436,4.141466,-0.7812969,-3.3461356,-0.77341026,-1.9694911,3.0097148,3.8437755,4.411025,-5.8620796,-5.7580776,-1.9578233,-2.6064126,-0.19641954,-0.8886858,1.210762,-2.106009,3.2421026,3.0075192,-1.9398177,-1.5200546,-4.3228106,0.57267463,-0.83189994,-2.2938335,-0.24172151,-1.7855016,-2.8083463,4.5305114,-1.6573546,0.75016165,-3.4267867,1.5988531,-0.08612694,2.0243342,-3.1918778,-1.5834415378703754,-0.5311150895739322,1.8938931,0.98252225,0.506958576707757,4.515726049827737,9.149544391090089,0,400.56354752214594,175.27499999999998,0.2091945330245078,0.9512175390342762,2.0,266.37864962332606,1218.983429711362,1280.5360675688228,0.3305767136113225,185.63866666666672
c1ccc(CN2CCCCCC2)cc1,-1.5389913,-0.37196392,2.2840328,4.1577396,3.7674174,0.24053779,1.0118351,-2.206316,-0.54751676,4.457649,-1.6139092,3.9097226,2.2003798,5.661077,-3.900056,2.1723418,7.451105,-0.7738102,-0.4857863,6.9727764,-0.111255534,-0.7566314,-1.6234441,-2.3208473,-0.58542335,-4.459921,-0.12934843,7.499242,-4.460209,5.0319195,0.4838174,-5.017987,0.36520147,-1.7149669,3.104047,3.6416106,4.981124,-6.2532125,-6.411669,-1.570298,-2.3283439,0.2048788,-2.007873,1.0613436,-1.5415428,2.8999715,3.1525338,-1.1903253,-1.1148053,-3.558392,-1.1136276,-0.20516086,-2.605786,-0.7820306,-3.6701477,-3.1837904,3.9337947,-1.2885108,-0.9223206,-3.7036853,2.1812317,1.9744675,1.612258,-3.0933378,-1.3401422446898723,0.3350474796444609,1.7350357,0.8365614,0.4891290680270609,4.931890461324684,9.573488519726904,0,419.3492827036076,189.3019999999999,0.2193926568392591,0.9445797982634276,2.0,326.40676570837604,1417.524080444142,1500.8302227870256,0.3377861395916187,201.94400000000005
c1ccc(CN2CCCCN(C3CCCCCCC3)CC2)cc1,-1.0986414,-3.4755526,-0.37148926,11.933013,2.292845,5.7244334,-2.2486212,1.2226936,-6.1859555,9.175068,12.369373,2.195871,5.1744537,5.7729864,3.3139,-2.845529,14.859306,-1.6376026,0.73944163,17.17337,0.9744756,-6.054872,-8.047563,-10.062415,1.9762716,-2.2660687,-0.22937402,10.1733465,-4.45622,7.5769215,3.7366846,-8.853828,6.377763,8.172368,-1.4427775,3.8370547,6.290158,-3.8492148,-11.360438,-1.8919232,-2.0401373,-2.697606,-2.2969782,-2.295397,-1.5941169,12.603464,6.109909,3.7545645,4.6087832,-0.12229672,-4.9327574,3.1669052,-1.309293,-6.412776,-10.014082,0.51912856,3.5893598,-0.11553916,-4.616757,-14.265121,0.77313167,0.5226863,7.0949306,1.6659131,2.48208849432167,2.348036303944237,10.293827,-8.256774,0.5292596994830169,6.86794810490053,13.512401474545904,0,589.3077486085523,314.5170000000001,0.2029512508722017,0.9156086530535904,3.0,974.9348052507422,4629.076557453748,5026.613766260991,0.2558548036870691,337.05116666666675
c1ccc(C[N+]23CCC(CC2)CC3)cc1,0.8961729,-4.47352,-3.6643522,1.2657709,-2.7863488,-4.061221,-3.138786,1.6284527,0.9586381,-3.7785938,6.360917,-2.7748444,-2.649998,5.0505376,-0.6342201,3.0821395,0.28899422,3.200016,2.1370625,-3.1517751,1.2805152,3.887776,4.1305847,-0.8159668,-4.1672597,0.19422609,-2.4268987,4.364852,-2.2010622,0.07888776,1.3065228,-0.91400236,-0.13273418,-5.1315913,-0.40166408,3.5670784,2.058253,-1.074818,-8.774509,0.29918975,-5.8007216,1.2344749,2.8820255,2.8004818,1.1222813,-1.0581847,-1.8430133,2.2773008,2.9749846,-7.452339,0.09834749,1.1981018,1.5114366,0.13074766,-2.682707,-0.1797384,5.9989786,0.24013314,-0.97491217,-5.056151,-6.1362514,-3.4349296,2.4998968,3.5765085,-1.9500679997689199,-0.06394452898954543,-4.874242,-0.5185207,0.4634119346541076,4.592013093327945,9.170836902496005,1,417.0689683321507,202.32100000000003,0.2355385198348441,0.975977368055806,2.0,349.95720341740537,1450.0826045904475,1485.7748263969297,0.4093637276092643,211.8400000000001
c1ccc(C[N+]23CCN(CC2)CC3)cc1,0.73950326,-3.6657474,-3.6850796,1.8413043,-4.5971246,-2.5587354,-0.034524634,1.8483874,1.6288362,-0.46938282,6.6391497,-3.233322,-3.19405,6.799432,0.87138486,1.660817,-1.3484933,3.4628139,3.5378785,-0.8844991,-0.47921938,1.0862521,1.2947607,-0.93292636,-2.181539,0.05824685,-3.2222102,3.3685932,-0.82163596,-0.62285554,1.9452583,-1.114162,0.9855524,-2.8148043,-2.7252977,2.9926383,4.1066785,0.42681682,-8.279054,-0.97218275,-5.3983126,0.23721546,2.0639372,1.7220123,2.135302,1.3490055,0.887048,1.4760118,3.7911904,-8.31149,0.34910253,-0.1639679,3.3368042,-0.9619376,-2.9153845,1.1631815,4.902353,1.1847628,-0.70366013,-3.3143635,-6.690033,-2.0538077,3.0283139,4.725584,-0.6405907103482685,-0.26029438801386506,-5.087254,-0.7680877,0.4694726628297272,4.3326476486159855,9.189617970976585,1,414.6938530628061,203.30900000000003,0.2321030641861095,0.9781722434818528,2.0,346.7849064862663,1461.485961733444,1494.0987862538525,0.4082914684760758,208.6560000000001
c1ccc(C[P+](c2ccccc2)(c2ccccc2)c2ccccc2)cc1,-3.0395436,3.1977856,-1.4911491,6.9635386,-1.58456,-2.6659825,-6.784545,-4.5438814,1.1304045,9.293716,-3.3736556,0.26342922,-6.759159,3.5133717,6.0891438,9.136073,-3.2854779,1.3138611,-3.803316,-3.4848688,6.1730394,-2.9557664,-5.3601117,0.629147,-7.4437737,-4.165303,6.182179,6.237555,-2.5234022,5.5092072,0.46924573,-1.9315364,-1.3537781,6.7559724,1.5969486,6.9339113,-2.0838904,3.1188567,-2.0042539,-0.35216886,-1.2419794,-7.4776397,7.9706306,-3.7575915,-9.950855,4.793675,10.498915,-6.2587705,2.3705907,-7.186119,2.4747448,-2.404425,8.213631,5.6259727,11.799626,1.8184643,-1.7499284,-5.8013177,16.197475,-9.816538,12.380442,3.8606637,3.9295933,-7.295932,2.1450438819520348,-3.0898355138431053,0.02469357,-13.938248,0.0693655168205393,9.40763065074934,11.76414609586304,1,613.2458031513895,353.42500000000007,0.6284746271282573,0.8682064489877888,5.0,2228.7615458746627,3078.760124040633,3547.948361192046,0.6489652951271884,341.3040000000001
c1ccc(Nc2ccccc2)cc1,0.16040182,0.84965944,5.435314,3.4083724,4.2468276,3.5314898,2.35517,-2.0027435,-3.1599874,7.1678147,-5.7547474,3.129385,3.1977694,10.678451,-4.164337,-1.1079416,11.184143,-1.8716937,4.146096,13.871961,1.5045322,5.0824866,0.53253955,-5.7120886,-2.5886505,-9.578467,-3.5937517,9.737945,-0.95907176,9.255038,-0.89933866,-2.554516,0.98947483,-1.2464093,5.121835,1.7820733,0.91911745,-5.2620387,-1.8387685,-0.78777736,-1.7181354,0.9142804,3.9984052,-0.8046733,-2.0879111,8.133862,4.855266,-1.0887654,-1.0365419,-2.420508,0.0022287145,3.6343303,-2.9701223,3.911759,-2.593461,-3.3415015,1.8897814,-7.070349,-0.9461751,-1.3685359,-0.67109257,1.5969992,3.6497595,0.40323037,-2.1023598420798257,1.617858064986571,6.5564766,-4.5160027,0.6288785389690751,4.552115637118206,9.76423785626745,0,384.3741328890832,169.227,0.1441363069550699,0.9017107580990974,2.0,200.502642377856,1254.3362147074672,1391.062714330919,0.1005274185930138,167.51200000000006
c1ccc([P+](c2ccccc2)(c2ccccc2)c2ccccc2)cc1,2.966025,7.4318566,-1.9173641,0.5993393,-3.0965238,-2.6771152,-4.415044,-5.767804,7.5963326,14.353513,-3.639962,1.5390929,-6.208905,3.4830215,6.7983522,7.7161803,-1.6364205,2.827839,-2.3267353,-1.6471821,3.0615118,-4.6899996,-1.7458079,4.352828,-8.680458,-2.073389,4.3907104,3.848847,-2.252531,2.8699522,-1.3368937,-1.9072256,-4.558831,11.98006,1.3614407,4.8360753,-1.3508815,2.733288,-2.3436024,-1.2467985,-3.77502,-13.734078,8.25782,-0.17824626,-8.635525,5.604846,14.096042,-8.322418,1.1453786,-8.387751,3.9735177,-3.3677137,7.5441413,2.351925,12.667095,2.9556627,-0.54841006,-6.9123135,21.64146,-9.489888,15.807365,2.0607405,2.4208932,-10.3182125,2.433223676504801,-5.336723478294783,-0.38527045,-14.133027,0.0016149375971376,8.856760548050179,9.043671802532147,1,594.0885412661678,339.398,0.9418364602996632,0.9999780608225174,4.0,2517.470515674563,2672.933149634965,2672.9918873616352,0.9755795973810192,324.75200000000007
c1ccc([S+](c2ccccc2)c2ccccc2)cc1,-2.347191,3.2356384,-0.16113485,6.5889087,-2.4849622,-1.7954956,-5.5551777,-4.360058,-2.3952463,6.603517,-5.8373623,3.09756,-3.9499946,1.6949592,1.3682771,6.0140676,-1.3606131,2.8112295,-1.4532965,-1.5090413,8.334126,-4.6149793,-1.701534,0.70460916,-5.2345057,-3.1677907,6.473463,5.7133446,-2.6012628,7.0331316,2.3337927,-1.6054487,-3.4657154,4.035187,-1.2128277,6.293561,0.50311816,2.083969,0.7419177,0.3156876,-0.8802206,-4.3165793,5.6745396,-2.9368026,-8.404024,3.1664524,7.81733,-5.6085668,3.6693935,-4.583555,1.748171,-3.8924658,6.465489,3.59729,7.8520517,0.34609357,-2.8629074,-1.9149323,8.930414,-7.1002707,11.328702,4.4819126,1.7798717,-8.383235,1.6203354333820637,-2.11693229949368,0.45212284,-13.619073,0.1335035929670576,8.649482725387152,8.94036365897335,1,496.62622658663474,263.385,0.5890447158584293,0.6092703199393128,3.0,1364.8775531694514,1411.6530317773872,2317.0390205013064,0.3153957048745651,248.82000000000005
c1ccc2c(c1)CC[N+]1(C2)Cc2ccccc2C1,-2.377685,-4.141406,0.96773106,8.125661,3.8998256,-1.8343047,-1.3136407,-2.9494433,0.54662055,0.18936689,-3.6086028,0.9986971,-7.9808464,9.557902,-4.0243115,1.3166722,0.49728015,-0.696888,7.5142736,4.956067,6.076309,2.6661222,2.5228865,4.046709,0.78959733,-4.727499,-3.9698222,3.0636203,-1.823665,6.9135876,2.6125333,-1.3745975,-1.2491779,-4.573104,-1.1420453,1.7639142,10.753824,-5.9455976,-4.564109,-0.41175884,-3.838355,-3.4487739,-0.30057567,1.406938,-2.4154265,1.9855467,3.7088008,-4.8957896,-2.715994,-12.030488,0.26079687,1.7443037,-0.91819316,-1.6444155,-3.958198,-3.0613449,8.067672,-5.9197803,4.030879,2.2569375,2.5406668,5.534011,1.5618604,-0.091121316,-2.412035557068776,-1.847935864571012,-10.394262,1.2915907,0.5426613634208952,5.394578253166486,11.466315177839984,1,462.176444911334,236.338,0.1897175682733946,0.963634380033878,0.0,442.70039310642784,2251.37752607128,2335.8120396155555,0.3373355534548069,233.16400000000004
c1ccc2c(c1)C[N+](C1CCCCC1)(C1CCCCC1)C2,-2.1929665,1.5030804,-0.6660357,4.71591,-3.4025793,0.52485454,-3.1465783,-3.1900597,-0.041460574,8.565423,-2.2514973,1.1812671,-2.5133514,2.5805593,3.1012232,4.28482,-1.1221849,1.537697,-0.7983265,0.564772,3.943096,-6.466924,-4.988402,-0.43914515,-1.7182133,-2.7522466,5.920689,4.1919217,-3.1266284,4.3860755,2.6687825,-1.3426657,-0.21092664,7.651739,-2.4902425,4.2646194,2.6220174,1.5230118,-0.33336365,0.25728434,-0.78539413,-6.361915,2.6357145,-2.382255,-6.999352,5.427633,8.97087,-4.192652,3.5129616,-3.7393448,1.5690509,-4.9822874,6.752355,1.1224525,6.597498,1.4737315,-2.4196734,-1.2658195,8.370104,-7.481028,10.759176,3.125184,2.434065,-7.0967164,2.4920181721312167,-2.1845672120948127,0.9330094,-13.089159,0.1738707157655318,8.501438593773225,10.144595399609113,1,535.878161542617,284.4669999999999,0.4993875661202342,0.6655803855638613,2.0,1462.4977410699098,1945.2859110344584,2925.748121940397,0.3395617840612541,300.4720000000001
c1ccc2c(c1)C[N+]1(CCC3CCCCC3C1)C2,-1.3492866,-6.0998178,-1.9928966,6.525287,1.3738073,0.26692697,3.0768769,-1.5774114,4.203915,2.081259,0.008809125,0.032448456,-7.8369055,12.380369,-0.38434875,0.06387174,3.5035226,2.3701482,8.89746,10.472718,2.9706142,3.7737262,4.9896207,0.7822537,1.4585807,-4.938238,-4.94571,4.188605,-2.6627936,6.2321076,0.4969527,0.44257253,-0.846333,-4.4063025,-4.2480626,1.4804804,14.804574,-4.883125,-2.3238459,-4.430278,-9.427575,-3.814988,-0.31059003,3.5322304,-0.51340294,5.426863,1.1812578,-0.6477821,1.3420575,-17.826887,2.600172,3.2958586,2.0117218,-2.7521405,-8.175869,-1.4249151,9.730743,-5.204384,2.1629694,-0.46703455,-0.13671535,3.3843625,2.9746532,1.4968737,-1.7840828119137848,-2.4036931912543578,-9.775337,1.7540269,0.5672683831365287,4.73482079166596,11.6378033063724,1,476.7643289288779,242.386,0.1782400269058185,0.9795345246222584,0.0,443.9572265861083,2449.4778414025604,2499.80336982279,0.3323829760066317,250.62800000000004
c1ccc2c(c1)C[N+]1(CCCCC1)C2,-2.1498117,-3.369433,0.4191489,6.747872,1.9140595,-4.586194,-0.8424988,-1.8807849,0.53743714,-3.4407804,-2.654269,-1.3362361,-6.9751596,11.17075,-2.6072266,-1.5385216,2.8129063,-1.4243735,6.011797,3.0963984,8.4156065,4.7032986,3.6872609,1.9162002,-1.5626204,-5.3115377,-6.306397,2.0591235,-1.4212385,6.844504,1.2677816,1.0453329,-2.510056,-5.6582584,2.231771,3.001317,5.3579764,-3.3656282,-2.3272781,-1.0550237,-5.0875916,0.41716105,2.0173066,2.885483,-1.855046,-0.27140963,-0.82347953,-5.1602373,-2.1075878,-12.041451,-0.23558581,3.8094943,-2.8112607,2.9334326,-3.7996578,-3.7634304,8.032602,-7.6855307,2.0123289,5.052586,-3.2758257,3.6882894,4.2097597,3.396316,-3.7607883625605814,-0.4527761990380009,-9.897556,0.9693075,0.5142442880508064,4.87735871092817,9.45840241208699,1,399.5915015018646,188.29399999999995,0.2043738616664219,0.9561486408942546,0.0,270.7298008322842,1266.8398603467713,1324.945896519922,0.3370969027856649,194.90400000000005
c1ccc2c(c1)OCCOCCOCCOCCO2,-7.1100907,-6.982824,-5.5143046,13.032624,7.423625,-1.5995286,5.011224,1.1194106,-11.588236,8.532329,12.441501,-4.6886406,2.3383064,6.1927323,3.053278,-1.9414362,9.951803,-7.4507947,2.5605001,26.0374,0.54749906,-6.9723635,-7.243987,-12.007789,-0.24481723,-6.592081,-3.9608881,3.8177063,0.43756256,7.4267645,4.2037497,-10.737016,8.765289,8.609086,-0.04492468,3.0016592,2.9440417,1.4231741,-4.5415645,2.8749428,-10.297123,5.7379823,1.0765079,-1.6205194,2.3473892,6.067103,8.317138,5.376538,9.397645,-5.373574,-10.66208,8.160446,-4.467917,0.915346,-11.230887,-5.091769,-2.1777449,-4.641715,-6.417528,-12.185274,0.71992797,7.585925,2.7918146,2.3965852,1.5118818913356933,6.3299163513435595,9.346245,-9.574205,0.3345744259756159,6.744544150314851,10.353599273170438,0,475.0511173686249,268.309,0.3214682565721651,0.7720207715625829,0.0,858.0112561868988,2084.651100975047,2702.802698629189,0.1917056518856905,251.3579130434783
c1ccc2c(c1)OCCOCCOc1ccccc1OCCOCCO2,-6.8099346,-9.363942,-6.827896,12.698203,3.915133,1.9978113,4.666575,1.921573,-11.649857,11.223728,20.840122,-6.7619934,5.5849967,4.1332603,4.6383953,-2.2478018,12.647226,-4.7138667,2.0331132,26.446648,-4.5741167,-12.394896,-12.178485,-13.801809,1.1397259,-3.717648,2.1925933,3.7328768,-1.5229882,7.244136,4.8682785,-11.343598,12.058128,14.283408,-1.4993927,6.336926,3.998107,2.3208818,-9.216595,3.3210483,-13.253395,1.0298221,-2.294062,-2.693404,0.41477612,10.399614,9.93741,7.9123883,11.977956,-5.069358,-10.936672,4.670905,-2.2945764,-0.8486146,-11.628029,-2.326328,-3.0894291,-1.250186,-5.0728555,-20.172518,2.1811142,4.50984,4.769518,2.159135,4.344050301425484,6.038018087614814,9.47922,-10.076244,0.445281113947953,7.320686248467888,13.834374829816834,0,588.4007408042927,360.4060000000002,0.2532448096070175,0.8626943961306602,0.0,1326.746253198115,4783.012589917212,5543.894382745844,0.2151052850505012,331.6535813953489
c1ccc2c(c1)cc1ccc3cccc4ccc2c1c34,-4.943904,-2.7111125,-4.766333,19.404156,18.09952,-0.9599433,4.3611736,-0.19297782,-14.66533,8.155992,7.1543136,1.760249,2.2981873,11.727377,0.98053026,5.006594,14.4860325,-13.341254,1.4589446,34.031395,5.405307,-0.108855024,-6.113283,-16.459263,-3.431939,-13.329437,-12.225052,12.253893,-1.1104907,12.178378,4.473869,-17.108576,7.437719,9.293225,4.025602,3.1568916,3.1611567,-1.2109044,-2.0326014,-0.62392396,0.51189905,5.8173037,2.2345233,-3.855612,-0.08990261,5.087877,7.536761,3.6847177,4.898637,-2.741274,-10.573955,8.871203,-10.119964,7.1034617,-11.854206,-8.5546665,0.7276958,-6.519374,-11.077571,-11.292056,1.5923142,11.00497,1.1060286,0.94318056,0.4210408097417731,7.532461807034107,9.695663,-9.088892,0.4733439384350372,7.1003006356797895,11.38933931940432,0,431.353435219026,252.316,0.2271484295723855,0.7728515705530081,0.0,580.3117556784912,1974.4571980127791,2554.7689533709186,1.6047718833069523e-10,230.9360000000001
c1ccc2nc3ccccc3cc2c1,-2.1228828,-0.3030779,1.8149232,8.71832,9.764653,-0.9817337,3.6977603,-1.5118607,-6.8570614,6.237826,-3.834934,2.7770505,1.7600865,13.257804,-4.1287503,0.47628677,11.935096,-5.4565897,6.0262537,20.946598,4.938406,5.9931345,-0.36798698,-9.286361,-4.594739,-12.499835,-6.860093,10.73675,-1.8121325,12.663407,1.0455891,-6.2979655,2.272972,-0.32006362,4.549592,3.141272,1.7349461,-4.5191,-1.0995685,-0.16640145,-2.3846292,3.698315,5.1183653,-1.6832266,-1.6548188,5.8046927,4.511427,0.30282265,2.161109,-5.5418687,-3.0919874,6.181773,-4.2466583,7.5961175,-6.2047043,-6.782869,3.1268458,-9.377422,-3.8295128,-3.7256799,-0.8308076,5.168275,4.06634,2.451279,-2.004274635428682,3.7111705267591066,6.691864,-5.13455,0.5701038872315832,4.97853838890703,9.19440553695928,0,370.4213751105284,179.22199999999998,0.173348357191688,0.8266516429916027,0.0,226.84274975779724,1081.751998264726,1308.59474778267,1.8215940939829924e-10,166.48000000000005
c1ccncc1,-1.1313447,-3.0105631,2.7371397,-0.9926109,-1.9299848,-6.3155355,7.4568386,-0.86410904,-5.7852883,-3.4562078,-4.967503,-4.676858,5.0415516,-0.49778622,-6.961106,-3.6733193,-1.5705757,3.044318,6.925965,7.787596,-4.306156,5.268904,3.7594893,-0.3186378,0.37297565,-5.862529,-0.35363635,-0.22641572,4.9628034,7.2773685,1.5376737,4.213573,-0.0061799884,-5.09296,-0.08170182,3.8915987,-2.8983746,2.3204145,0.852286,5.8118725,-6.9368954,9.381381,6.2418213,-4.42591,6.815505,1.443926,-2.306869,0.8354071,0.8063713,-2.118352,0.6311791,7.624034,3.1329842,5.950796,-2.3414018,-2.938776,-6.336129,-1.6213179,-7.183853,4.8745522,-6.6016483,4.312253,-3.0815003,6.976616,-2.9066608240556886,4.344110924196075,14.542636,5.8764677,0.250123358355944,3.883312520194658,4.305437265852882,0,229.6667058273441,79.10199999999998,0.4935875432140006,0.5064124574018984,0.0,84.2488464452375,86.43788918131219,170.68673552142388,5.693718355313577e-10,79.36800000000002
