Code,lat_0,lat_1,lat_2,lat_3,lat_4,lat_5,lat_6,lat_7,lat_8,lat_9,lat_10,lat_11,lat_12,lat_13,lat_14,lat_15,lat_16,lat_17,lat_18,lat_19,lat_20,lat_21,lat_22,lat_23,lat_24,lat_25,lat_26,lat_27,lat_28,lat_29,lat_30,lat_31,lat_32,lat_33,lat_34,lat_35,lat_36,lat_37,lat_38,lat_39,lat_40,lat_41,lat_42,lat_43,lat_44,lat_45,lat_46,lat_47,lat_48,lat_49,lat_50,lat_51,lat_52,lat_53,lat_54,lat_55,lat_56,lat_57,lat_58,lat_59,lat_60,lat_61,lat_62,lat_63,PCA 1,PCA 2,t-SNE 1,t-SNE 2,zeo_num_atoms,zeo_a,zeo_b,zeo_c,zeo_alpha,zeo_beta,zeo_gamma,zeo_volume,zeo_largest_free_sphere,zeo_largest_free_sphere_a,zeo_largest_free_sphere_b,zeo_largest_free_sphere_c,zeo_largest_included_sphere,zeo_largest_included_sphere_a,zeo_largest_included_sphere_b,zeo_largest_included_sphere_c,zeo_largest_included_sphere_fsp,zeo_num_atoms_per_vol,zeo_chan_num_channels,zeo_chan_0_dim,zeo_chan_1_dim,zeo_chan_2_dim,zeo_chan_3_dim,zeo_chan_4_dim,zeo_chan_5_dim,zeo_chan_0_di,zeo_chan_0_df,zeo_chan_0_dif,zeo_chan_1_di,zeo_chan_1_df,zeo_chan_1_dif,zeo_chan_2_di,zeo_chan_2_df,zeo_chan_2_dif,zeo_chan_3_di,zeo_chan_3_df,zeo_chan_3_dif,zeo_chan_4_di,zeo_chan_4_df,zeo_chan_4_dif,zeo_chan_5_di,zeo_chan_5_df,zeo_chan_5_dif,zeo_density,zeo_asa_a2,zeo_asa_m2_cm3,zeo_asa_m2_g,zeo_nasa_a2,zeo_nasa_m2_cm3,zeo_nasa_m2_g,zeo_sa_num_channels,zeo_chan_0_sa_a2,zeo_chan_1_sa_a2,zeo_chan_2_sa_a2,zeo_chan_3_sa_a2,zeo_chan_4_sa_a2,zeo_chan_5_sa_a2,zeo_sa_num_pockets,zeo_poc_0_sa_a2,zeo_poc_1_sa_a2,zeo_poc_2_sa_a2,zeo_poc_3_sa_a2,zeo_poc_4_sa_a2,zeo_poc_5_sa_a2,zeo_poc_6_sa_a2,zeo_poc_7_sa_a2,zeo_poc_8_sa_a2,zeo_poc_9_sa_a2,zeo_poc_10_sa_a2,zeo_poc_11_sa_a2,zeo_poc_12_sa_a2,zeo_poc_13_sa_a2,zeo_poc_14_sa_a2,zeo_poc_15_sa_a2,zeo_poc_16_sa_a2,zeo_poc_17_sa_a2,zeo_poc_18_sa_a2,zeo_poc_19_sa_a2,zeo_poc_20_sa_a2,zeo_poc_21_sa_a2,zeo_poc_22_sa_a2,zeo_poc_23_sa_a2,zeo_poc_24_sa_a2,zeo_av_a3,zeo_av_frac,zeo_av_cm3_g,zeo_nav_a3,zeo_nav_frac,zeo_nav_cm3_g,zeo_chan_0_vol_a3,zeo_chan_1_vol_a3,zeo_chan_2_vol_a3,zeo_chan_3_vol_a3,zeo_chan_4_vol_a3,zeo_chan_5_vol_a3,zeo_poc_0_vol_a3,zeo_poc_1_vol_a3,zeo_poc_2_vol_a3,zeo_poc_3_vol_a3,zeo_poc_4_vol_a3,zeo_poc_5_vol_a3,zeo_poc_6_vol_a3,zeo_poc_7_vol_a3,zeo_poc_8_vol_a3,zeo_poc_9_vol_a3,zeo_poc_10_vol_a3,zeo_poc_11_vol_a3,zeo_poc_12_vol_a3,zeo_poc_13_vol_a3,zeo_poc_14_vol_a3,zeo_poc_15_vol_a3,zeo_poc_16_vol_a3,zeo_poc_17_vol_a3,zeo_poc_18_vol_a3,zeo_poc_19_vol_a3,zeo_poc_20_vol_a3,zeo_poc_21_vol_a3,zeo_poc_22_vol_a3,zeo_poc_23_vol_a3,zeo_poc_24_vol_a3,zeo_poav_a3,zeo_poav_frac,zeo_poav_cm3_g,zeo_ponav_a3,zeo_ponav_frac,zeo_ponav_cm3_g,zeo_probe_rad,zeo_N_points,zeo_probe_ctr_A_fract,zeo_probe_ctr_NA_fract,zeo_A_fract,zeo_NA_fract,zeo_narrow_fract,zeo_ovlpvfract,zeo_deriv_mean,zeo_deriv_variance,zeo_deriv_skewness,zeo_deriv_kurtosis,zeo_cum_mean,zeo_cum_variance,zeo_cum_skewness,zeo_cum_kurtosis,zeo_num_si
CLO,-16.9997,3.8710048,-10.315743,-3.7923765,13.762295,-5.040712,-8.671482,-0.69826996,4.147429,8.336201,6.792085,-19.655897,3.7430189,-12.7845745,-4.7489495,-3.6304796,18.822926,16.254736,-2.2863548,-1.0118713,1.968258,1.0831647,-1.018212,8.596345,-7.7792363,-1.2229302,-5.4345407,2.149598,5.4894066,-2.2803853,-1.8470367,-4.3756227,21.51484,0.016461425,16.969131,-7.7101526,9.060684,-2.7606752,-4.8205338,-0.6241492,8.142279,-6.7013283,4.9024973,-9.2884655,11.777053,-7.8885026,9.073352,6.331531,-8.813346,11.399121,-0.56745327,10.4291725,-12.243757,14.280866,-4.3928633,-1.5410945,-21.34151,0.115659975,-4.54784,-12.977031,4.6142926,-4.197427,-24.403854,9.151077,-6.413503086389546,2.839619476478664,1.2960174,-6.481177,588,25.84,25.84,25.84,90.0,90.0,90.0,17253.512704,5.91098,5.91098,5.91097,5.91097,15.32075,15.32075,15.32075,15.32075,15.32075,0.0340800166370573,2,3,3,0,0,0,0,15.3208,5.91098,15.3208,10.179,3.7921,10.179,0.0,0.0,0.0,0.0,0.0,0.0,0.0,0.0,0.0,0.0,0.0,0.0,1.12876,3817.24,2212.45,1960.08,0.0,0.0,0.0,2,2780.05,1037.19,0.0,0.0,0.0,0.0,0,0.0,0.0,0.0,0.0,0.0,0.0,0.0,0.0,0.0,0.0,0.0,0.0,0.0,0.0,0.0,0.0,0.0,0.0,0.0,0.0,0.0,0.0,0.0,0.0,0.0,6254.05,0.36248,0.321133,0.0,0.0,0.0,5343.41,910.64,0.0,0.0,0.0,0.0,0.0,0.0,0.0,0.0,0.0,0.0,0.0,0.0,0.0,0.0,0.0,0.0,0.0,0.0,0.0,0.0,0.0,0.0,0.0,0.0,0.0,0.0,0.0,0.0,0.0,9926.64,0.57534,0.509712,0.0,0.0,0.0,1,50000,0.36248,0.0,0.57534,0.0,0.04888,0.37578,0.0332225993289036,0.0289759808684364,7.697942393877286,60.94767113577321,0.3916594017275748,0.1834110562990574,0.4244426326933334,-1.5763766670967836,196.0
CHI,-17.06532,12.338078,5.5594187,11.318156,7.5681195,-5.351173,22.90458,-10.363382,-7.64103,-7.2771864,-8.088483,-7.220611,5.6870117,24.899185,-1.573551,-3.866747,12.035714,-2.693588,-31.378017,1.8033216,-14.035702,-4.924608,2.684897,-2.1060734,-2.375912,8.591952,2.4406376,9.143914,5.3726296,2.4436817,6.9926705,4.6485786,-3.252625,-2.123492,-4.0125065,-21.428265,6.963369,5.6778736,-0.18658255,-6.821441,-5.4497666,5.5024667,6.081083,-3.5597646,-12.092964,-6.21551,4.8308578,4.3546863,0.1532973,-12.761977,-8.772325,4.909856,-0.8529384,2.016199,1.7867073,1.5502734,-17.929752,8.325283,0.084392995,1.9005367,-11.628046,-7.0977764,-3.25367,3.5196886,2.980558457573351,-3.4793921472659366,3.3667436,0.82637227,88,5.01,31.234,9.012,90.0,90.0,90.0,1410.21884808,3.22887,3.22887,0.82421,0.91249,3.5145,3.50689,3.51271,3.5145,3.50689,0.062401662068133,4,1,1,1,1,0,0,3.50916,3.22887,3.50916,3.51118,3.22887,3.51118,3.51112,3.22887,3.51112,3.5145,3.22887,3.5145,0.0,0.0,0.0,0.0,0.0,0.0,2.05633,156.578,1110.31,539.948,0.0,0.0,0.0,4,38.3246,39.1872,38.2932,40.7734,0.0,0.0,0,0.0,0.0,0.0,0.0,0.0,0.0,0.0,0.0,0.0,0.0,0.0,0.0,0.0,0.0,0.0,0.0,0.0,0.0,0.0,0.0,0.0,0.0,0.0,0.0,0.0,60.442,0.04286,0.0208429,0.0,0.0,0.0,14.8355,15.0329,15.8791,14.6945,0.0,0.0,0.0,0.0,0.0,0.0,0.0,0.0,0.0,0.0,0.0,0.0,0.0,0.0,0.0,0.0,0.0,0.0,0.0,0.0,0.0,0.0,0.0,0.0,0.0,0.0,0.0,271.072,0.19222,0.0934771,0.0,0.0,0.0,1,50000,0.04286,0.0,0.19222,0.0,0.12748,0.6803,0.0332225863122923,0.1609599419276781,12.142527288297916,145.47160650448518,0.119517611295681,0.1051506423905501,2.34460972506615,3.4972954942533514,29.33333333333333
IFU,-14.778504,6.0609097,-1.4268746,-9.102889,5.5853634,1.3622277,-5.302301,4.7260733,-0.73308516,2.414188,5.476924,-19.515825,4.8823028,-5.1162615,-5.425592,-4.6445723,7.237123,6.04243,0.64814794,-0.9882928,2.6083312,-6.832007,3.7646942,1.2880224,-2.1384592,0.61872095,-2.3973405,-0.29311228,1.5489386,-6.472448,3.2863896,-6.731433,11.401086,4.840023,13.709245,-8.50281,0.8311632,1.098476,-4.198863,2.3133245,5.107413,-5.136664,-0.21394947,-7.737987,3.648203,-4.793871,5.639857,0.8503077,-2.7330375,-0.25554714,-2.9312184,11.419106,-3.040464,3.9696937,2.8835354,-7.747762,-11.513396,-2.6351666,-1.9710296,-13.27155,2.5800068,-0.0030869544,-13.769305,10.60055,-5.313796020576026,3.6808848917942383,1.820483,-5.8867154,388,26.03578,25.58951,15.82481,90.0,90.0,90.0,10543.166557325929,6.44304,6.44304,5.71389,5.71389,10.4563,10.22208,10.22208,10.22208,10.22208,0.0368010879739349,1,3,0,0,0,0,0,10.4563,6.44304,10.4563,0.0,0.0,0.0,0.0,0.0,0.0,0.0,0.0,0.0,0.0,0.0,0.0,0.0,0.0,0.0,1.22137,1945.03,1844.82,1510.46,72.8289,69.0769,56.5571,1,1945.03,0.0,0.0,0.0,0.0,0.0,14,7.84885,7.60627,0.279305,4.05119,0.140183,7.70761,8.18854,8.89263,3.04837,0.159603,8.27258,7.84249,0.320267,8.47103,0.0,0.0,0.0,0.0,0.0,0.0,0.0,0.0,0.0,0.0,0.0,3755.27,0.35618,0.291624,9.91058,0.00094,0.00076963,3755.27,0.0,0.0,0.0,0.0,0.0,0.843453,1.26518,0.0,0.63259,0.0,1.47604,0.843453,0.843453,0.210863,0.0,0.843453,1.26518,0.0,1.68691,0.0,0.0,0.0,0.0,0.0,0.0,0.0,0.0,0.0,0.0,0.0,5646.29,0.53554,0.438476,112.179,0.01064,0.00871156,1,50000,0.35618,0.00094,0.53554,0.01064,0.0539,0.39992,0.033222592026578,0.0542014627664949,8.561813036900917,77.24987858972884,0.3348487993355482,0.2133170338581701,0.6897443390835938,-1.480886540509538,129.33333333333334
ITN,-2.373476,3.9207652,1.4499682,0.6620483,-0.5025824,-1.3685443,-4.8509994,1.4003778,-0.7627851,-4.617443,4.2823153,0.58404183,0.59992766,4.8565474,0.93092984,6.957053,8.221473,1.4892838,-7.50481,-0.014651716,-0.77167076,-4.6118855,0.37761304,0.49409115,-3.9518547,3.1771662,0.1062395,-3.3823957,-4.3713923,0.12317224,1.6705784,2.616416,2.2298892,1.8338228,5.041361,3.7330332,-3.7640545,-4.8154955,0.65257925,-2.457306,3.7878726,-2.9318278,8.072535,-3.0182474,1.0216821,0.165225,-5.8578568,3.333347,-1.4742783,-4.3108344,4.386208,3.216267,-1.6647415,1.0001872,11.839405,-1.3257668,4.185457,3.092966,3.1707287,-7.234015,-3.6003058,-7.8816338,2.6762524,-1.9342175,0.1505261205672675,0.3468565751843314,0.9426227,-2.5967836,163,24.20049999999997,12.539899999999978,14.2502,72.59899999999998,123.12800000000004,90.00000000000001,3382.798049576585,4.42579,4.42579,4.07354,4.3004,6.46113,6.44137,6.44137,6.33992,6.44137,0.0481849633383826,1,3,0,0,0,0,0,6.46113,4.42579,6.46113,0.0,0.0,0.0,0.0,0.0,0.0,0.0,0.0,0.0,0.0,0.0,0.0,0.0,0.0,0.0,1.60052,664.071,1963.08,1226.53,0.0,0.0,0.0,1,664.071,0.0,0.0,0.0,0.0,0.0,0,0.0,0.0,0.0,0.0,0.0,0.0,0.0,0.0,0.0,0.0,0.0,0.0,0.0,0.0,0.0,0.0,0.0,0.0,0.0,0.0,0.0,0.0,0.0,0.0,0.0,634.342,0.18752,0.117162,0.0,0.0,0.0,634.342,0.0,0.0,0.0,0.0,0.0,0.0,0.0,0.0,0.0,0.0,0.0,0.0,0.0,0.0,0.0,0.0,0.0,0.0,0.0,0.0,0.0,0.0,0.0,0.0,0.0,0.0,0.0,0.0,0.0,0.0,1333.23,0.39412,0.246245,0.0,0.0,0.0,1,50000,0.18752,0.0,0.39412,0.0,0.07582,0.53006,0.0332225534418604,0.0363960637316392,6.864439835403591,49.79075983779133,0.2028973421926909,0.1553844323038777,1.4711130262225285,0.214815836648992,54.333333333333336
IRY,-10.311182,6.004883,-0.06524515,-9.663789,-4.1481633,0.47131222,-9.307171,-3.7473483,-0.30901477,6.9004736,9.160118,-15.5076685,1.868569,9.802032,-2.3118024,2.6763003,3.364535,-0.6413752,-4.9534235,-2.4761167,-1.6209002,-3.1533396,1.7875458,-4.3712,1.7103561,-4.987756,-1.5131288,2.1735957,0.7332474,-6.3188577,1.8728853,-9.186603,3.5995853,1.9315758,18.760822,-5.782508,1.5447866,2.3580458,0.32429242,1.4409724,1.5047436,1.0617383,5.5824604,-8.293285,4.9058332,-1.1804652,3.577192,1.1298106,3.9764414,-5.7414145,1.9531723,9.630702,-5.1331296,-1.1996415,6.9906006,-6.8514385,-7.7403092,-0.64338493,-10.437519,-10.829327,5.151411,2.4852855,-7.742987,9.063847,-5.543709720869095,2.2254981431179366,2.307082,-5.768539,230,15.9499,15.949899999999984,31.0796,90.0,90.0,120.00000000000004,6847.341395098511,8.95385,8.95323,8.95385,8.27089,10.69098,10.65421,10.65421,10.65421,10.65421,0.0335896790781659,1,3,0,0,0,0,0,10.691,8.95385,10.6844,0.0,0.0,0.0,0.0,0.0,0.0,0.0,0.0,0.0,0.0,0.0,0.0,0.0,0.0,0.0,1.11515,1233.66,1801.66,1615.62,0.0,0.0,0.0,1,1233.66,0.0,0.0,0.0,0.0,0.0,0,0.0,0.0,0.0,0.0,0.0,0.0,0.0,0.0,0.0,0.0,0.0,0.0,0.0,0.0,0.0,0.0,0.0,0.0,0.0,0.0,0.0,0.0,0.0,0.0,0.0,2955.72,0.43166,0.387088,0.0,0.0,0.0,2955.72,0.0,0.0,0.0,0.0,0.0,0.0,0.0,0.0,0.0,0.0,0.0,0.0,0.0,0.0,0.0,0.0,0.0,0.0,0.0,0.0,0.0,0.0,0.0,0.0,0.0,0.0,0.0,0.0,0.0,0.0,4135.52,0.60396,0.541597,0.0,0.0,0.0,1,50000,0.43166,0.0,0.60396,0.0,0.02922,0.36682,0.0332226086378737,0.093674669865961,11.615325069910456,136.57834151395997,0.3523900565448505,0.2241899166207235,0.6075382716242204,-1.6241308501367226,76.66666666666667
ITV,-13.311287,5.440515,-3.8514822,-3.8688247,-8.410511,-10.589467,-9.190704,-7.064669,-8.264912,7.6797194,5.82301,-20.248266,1.5174253,0.46988934,-0.10809775,3.8840768,21.449392,8.837829,-5.7560587,5.1664553,6.5708194,0.761949,6.0159564,-12.160465,-0.7347808,-10.428953,1.9061325,-1.0796446,22.684275,-4.151786,5.840017,-6.581286,10.96259,3.8670144,12.390819,-0.54777783,11.232052,-6.6063347,7.3838034,-1.6431817,6.639028,5.8173327,-0.96879137,-10.135086,1.7819228,-11.932426,1.0345958,-2.4124486,-2.0430555,7.6871176,2.289024,13.459875,-9.082,-10.800232,6.8423524,-16.896942,-11.583687,5.12118,-5.042704,1.6187031,14.039786,-1.2834818,-6.8022923,-7.172937,-6.449582243775548,1.6944321140279328,1.5236099,-6.243521,592,26.31,26.31,26.31,90.0,90.0,90.0,18212.205591,6.5811,6.5811,6.5811,6.5811,8.53889,8.51567,8.51609,8.52834,8.51609,0.0325056730247187,1,3,0,0,0,0,0,8.53889,6.5811,8.52902,0.0,0.0,0.0,0.0,0.0,0.0,0.0,0.0,0.0,0.0,0.0,0.0,0.0,0.0,0.0,1.07517,3678.87,2020.0,1878.77,0.0,0.0,0.0,1,3678.87,0.0,0.0,0.0,0.0,0.0,0,0.0,0.0,0.0,0.0,0.0,0.0,0.0,0.0,0.0,0.0,0.0,0.0,0.0,0.0,0.0,0.0,0.0,0.0,0.0,0.0,0.0,0.0,0.0,0.0,0.0,7421.47,0.4075,0.379009,0.0,0.0,0.0,7421.47,0.0,0.0,0.0,0.0,0.0,0.0,0.0,0.0,0.0,0.0,0.0,0.0,0.0,0.0,0.0,0.0,0.0,0.0,0.0,0.0,0.0,0.0,0.0,0.0,0.0,0.0,0.0,0.0,0.0,0.0,10671.6,0.58596,0.544992,0.0,0.0,0.0,1,50000,0.4075,0.0,0.58596,0.0,0.05112,0.36292,0.0332226124784053,0.0496147647072812,8.427670690362193,75.18130724582024,0.2703231395348837,0.1885821405800357,1.025733578366167,-0.8954442509672011,197.3333333333333
EWT,-5.275002,1.9238346,-0.7776915,-2.6083233,-0.5585865,1.0787117,0.22287287,2.0245898,-2.7800999,0.923839,2.4676948,-7.740432,4.531716,-0.0059624612,0.70177895,-1.411721,1.6442293,-0.6573462,2.381506,-0.7874733,-0.3059843,-2.5066109,-1.0199769,1.2624892,0.46543413,2.0797734,1.6557758,3.0556898,2.8829474,-4.135319,0.3010648,-2.2803009,3.5518465,-0.61768305,3.0947435,-1.575874,1.8672808,3.2906692,1.6183258,1.1914554,0.6890842,-2.495335,0.6562475,-3.1327765,0.15975672,2.262573,-1.9154991,-3.326077,-0.18816102,0.16273496,-2.9648201,2.3022094,-0.07371023,4.304547,2.0154843,-2.103867,-2.5270698,-5.1701646,2.8652947,-6.0120907,3.9360318,1.5779132,-0.9548229,2.9884472,-1.9108457484193015,0.6096961459576083,1.5776069,-3.8791013,216,19.80114,19.80114,14.18779,90.0,90.0,120.0,4817.544912067193,5.71667,3.87565,3.87565,5.71667,7.34632,7.34632,7.20964,7.34632,7.34632,0.0448361154784367,1,3,0,0,0,0,0,7.34634,5.71669,7.34634,0.0,0.0,0.0,0.0,0.0,0.0,0.0,0.0,0.0,0.0,0.0,0.0,0.0,0.0,0.0,1.48279,976.222,2026.39,1366.6,0.0,0.0,0.0,1,976.222,0.0,0.0,0.0,0.0,0.0,0,0.0,0.0,0.0,0.0,0.0,0.0,0.0,0.0,0.0,0.0,0.0,0.0,0.0,0.0,0.0,0.0,0.0,0.0,0.0,0.0,0.0,0.0,0.0,0.0,0.0,1200.63,0.24922,0.168075,0.0,0.0,0.0,1200.63,0.0,0.0,0.0,0.0,0.0,0.0,0.0,0.0,0.0,0.0,0.0,0.0,0.0,0.0,0.0,0.0,0.0,0.0,0.0,0.0,0.0,0.0,0.0,0.0,0.0,0.0,0.0,0.0,0.0,0.0,2149.4,0.44616,0.300891,0.0,0.0,0.0,1,50000,0.24922,0.0,0.44616,0.0,0.05962,0.49422,0.0332226029966777,0.0274091526331619,7.060962719101634,54.99948571012211,0.2201190631229236,0.1586905543306981,1.330839029845522,-0.1410465514580274,72.0
NES,-0.2985592,-6.0732026,1.1524527,6.269427,-9.594589,2.1330533,-5.3982377,-1.2059836,-0.8069166,0.8092363,-2.2872217,9.018905,4.44379,-6.7392397,-1.5087017,-2.7203925,-4.5403976,1.647061,6.648127,2.6754344,-3.2381265,-5.48028,9.977881,-2.6263673,-4.014317,7.337641,2.3268554,-10.707981,10.4131365,6.155999,5.7113686,2.4232554,-1.3479304,0.14937285,-2.3892474,-6.3328886,1.6097366,-0.67312515,1.7024484,-6.7009206,9.164799,-0.7498234,-6.1957154,-11.251145,-4.0182753,-8.438105,0.8531068,2.4240398,8.594009,2.8771667,1.4704325,-0.8553597,6.097955,-4.2452073,8.707001,8.218622,-3.292351,15.765067,1.2754222,9.63411,-0.19153485,-2.102205,-5.0097947,-5.8662543,1.859634542503579,0.7247703236129821,3.050324,-1.497791,408,26.06,13.884,22.86,90.0,90.0,90.0,8271.137534399999,4.66101,4.66101,4.66101,1.41918,6.17238,6.16948,6.16948,6.17238,6.16948,0.0493281605224325,2,2,2,0,0,0,0,6.17238,4.66101,6.17238,6.16948,4.66096,6.16948,0.0,0.0,0.0,0.0,0.0,0.0,0.0,0.0,0.0,0.0,0.0,0.0,1.64052,1380.6,1669.18,1017.47,23.7903,28.763,17.5329,2,687.189,693.413,0.0,0.0,0.0,0.0,8,2.77754,2.53602,3.32098,2.71716,3.92479,2.77754,2.65678,3.07945,0.0,0.0,0.0,0.0,0.0,0.0,0.0,0.0,0.0,0.0,0.0,0.0,0.0,0.0,0.0,0.0,0.0,1343.23,0.1624,0.098993,1.65423,0.0002,0.000121913,671.947,671.286,0.0,0.0,0.0,0.0,0.330846,0.165423,0.165423,0.330846,0.165423,0.165423,0.165423,0.165423,0.0,0.0,0.0,0.0,0.0,0.0,0.0,0.0,0.0,0.0,0.0,0.0,0.0,0.0,0.0,0.0,0.0,2792.17,0.33758,0.205776,41.1903,0.00498,0.00303562,1,50000,0.1624,0.0002,0.33758,0.00498,0.11348,0.54396,0.0332225802990033,0.1067079213818253,11.618456767580804,143.07060563150168,0.2038009568106312,0.1607266694191958,1.464682748540755,0.1544977999827743,136.0
PAR,-1.6300111,-0.58647984,-0.026869416,1.6535695,-0.5166608,-1.8006475,2.4434884,1.3430806,4.64817,-1.4252259,1.8834323,-1.0468619,6.0637584,3.2232077,-6.686295,-3.8474767,1.6611894,0.33997238,-5.392384,0.55526817,0.96485716,-0.007481396,1.9256865,-1.0507913,-1.7004697,3.6570256,1.9716146,2.69529,0.3398902,2.3768704,0.83970207,-1.0666982,5.0004005,1.1967698,0.99956155,-2.3623989,2.3432777,1.4135307,0.016976431,-3.6895075,0.27629322,-0.9030785,-1.932191,1.906519,0.26242715,-0.2543085,0.3477031,0.20053712,0.2426281,3.0500236,-2.522238,-2.3791413,0.8594265,1.5088811,2.223284,1.3901598,-2.040323,3.0149655,1.7832705,4.570532,-2.9039755,0.09142986,-1.9371569,-3.2185054,0.9139587490571142,-0.24417085875482933,1.2680994,-2.35854,100,21.55499999999996,8.761,9.304,90.0,91.55,90.0,1756.355690266584,3.19544,0.39984,1.35078,3.19544,3.68714,3.68652,3.68714,3.62696,3.62696,0.0569360753941712,2,1,1,0,0,0,0,3.68714,3.19544,3.68714,3.68714,3.19544,3.68714,0.0,0.0,0.0,0.0,0.0,0.0,0.0,0.0,0.0,0.0,0.0,0.0,1.8783,253.347,1442.46,767.96,0.0,0.0,0.0,2,125.443,127.905,0.0,0.0,0.0,0.0,0,0.0,0.0,0.0,0.0,0.0,0.0,0.0,0.0,0.0,0.0,0.0,0.0,0.0,0.0,0.0,0.0,0.0,0.0,0.0,0.0,0.0,0.0,0.0,0.0,0.0,99.0233,0.05638,0.0300165,0.0,0.0,0.0,49.1428,49.8805,0.0,0.0,0.0,0.0,0.0,0.0,0.0,0.0,0.0,0.0,0.0,0.0,0.0,0.0,0.0,0.0,0.0,0.0,0.0,0.0,0.0,0.0,0.0,0.0,0.0,0.0,0.0,0.0,0.0,400.063,0.22778,0.121269,0.0,0.0,0.0,1,50000,0.05638,0.0,0.22778,0.0,0.10718,0.66504,0.03322259820598,0.1498402926233249,12.128767819102272,145.2893245077189,0.1223944318936876,0.1069050892226365,2.297545107618103,3.2801475721136963,33.333333333333336
SVY,1.5983522,3.6482148,-3.435956,2.2187226,-7.738407,-1.191489,-2.1281877,-4.885213,0.39781535,0.93683934,-0.7349732,4.348381,-1.7949649,-3.268001,-0.7103385,-0.006792888,-3.3493755,-3.3328888,-7.400392,-0.33947495,-9.587119,4.8250847,-2.7500806,0.3246429,0.9622515,1.145443,-0.70536023,1.3839834,-0.7207017,5.1208367,1.2320023,-1.332306,-0.97235185,-0.23895314,5.6555004,-4.108535,2.6186671,4.838526,1.5252731,-4.3814564,1.9204459,-4.18715,5.4534674,-1.958941,2.8300622,2.1504674,-1.3599906,-0.4577482,3.0535932,2.6986544,-1.8666798,3.3212426,-0.30186483,-5.8173313,-0.23631895,0.9263508,-3.072879,0.5466659,1.2436507,-5.015646,3.4769626,-3.6726422,-1.8151665,4.5272884,-1.4151835488651217,-0.6642262487952212,2.5027394,-3.2150922,430,14.40474,14.40474000000004,50.35448,90.0,90.0,119.99999999999991,9048.56259059475,4.15309,4.15309,4.15088,2.1246,7.57728,5.75459,5.77512,7.22222,5.75459,0.0475213599612992,3,3,2,2,0,0,0,7.57731,4.03157,7.55466,5.77514,4.15088,5.77514,5.77569,4.15309,5.77569,0.0,0.0,0.0,0.0,0.0,0.0,0.0,0.0,0.0,1.57747,1847.04,2041.25,1294.0,0.0,0.0,0.0,3,1279.25,285.155,282.63,0.0,0.0,0.0,0,0.0,0.0,0.0,0.0,0.0,0.0,0.0,0.0,0.0,0.0,0.0,0.0,0.0,0.0,0.0,0.0,0.0,0.0,0.0,0.0,0.0,0.0,0.0,0.0,0.0,1680.68,0.18574,0.117745,0.0,0.0,0.0,1209.79,236.891,233.996,0.0,0.0,0.0,0.0,0.0,0.0,0.0,0.0,0.0,0.0,0.0,0.0,0.0,0.0,0.0,0.0,0.0,0.0,0.0,0.0,0.0,0.0,0.0,0.0,0.0,0.0,0.0,0.0,3587.03,0.39642,0.251301,0.0,0.0,0.0,1,50000,0.18574,0.0,0.39642,0.0,0.0778,0.52578,0.0332225697674418,0.0359456253187966,7.57159912967797,61.727325876542594,0.2120236146179401,0.1444734264553557,1.357168009169364,0.026522714256961,143.33333333333334
RON,0.56425995,-4.693613,1.2767091,2.878374,0.23262393,-2.060996,4.0369763,-0.758005,-1.6947619,1.1130515,0.54015386,2.1556826,-1.0723602,-3.465707,1.964498,-2.516775,-1.3583475,0.30665892,2.7213938,0.2894654,-4.185197,-0.5632286,5.2682176,1.1007482,1.7687212,1.5334469,-0.43783933,-1.5030676,2.1598248,2.27582,0.23613866,0.59935164,2.3961837,0.9694165,-2.9995694,-4.2346954,2.0824416,1.157013,-0.7305789,-1.8577977,-1.7065978,-0.5655095,-2.2237008,-0.58782864,-0.7657181,0.31880084,-0.08833252,0.5789162,1.5850602,4.910309,-3.6253734,-2.3154006,-1.4011539,0.9654637,0.13864824,0.9936841,-3.5534027,0.061806794,1.5672728,-0.80833066,-3.8670049,0.5546867,-1.9114501,-1.8279119,-0.46800740491189147,-1.0693827620975864,2.0974038,-2.993675,160,18.08329,18.08329,8.98593,90.0,90.0,90.0,2938.4474293593576,4.03597,1.12749,1.12749,4.03597,5.11327,5.11327,5.11327,4.66966,4.66966,0.0544505232257578,2,1,1,0,0,0,0,5.11327,4.03167,5.11327,5.11327,4.03167,5.11327,0.0,0.0,0.0,0.0,0.0,0.0,0.0,0.0,0.0,0.0,0.0,0.0,1.82909,345.236,1174.89,642.337,0.301907,1.02744,0.56172,2,175.238,169.998,0.0,0.0,0.0,0.0,4,0.181144,0.0603814,0.0603814,0.0,0.0,0.0,0.0,0.0,0.0,0.0,0.0,0.0,0.0,0.0,0.0,0.0,0.0,0.0,0.0,0.0,0.0,0.0,0.0,0.0,0.0,246.183,0.08378,0.0458042,0.0,0.0,0.0,123.885,122.298,0.0,0.0,0.0,0.0,0.0,0.0,0.0,0.0,0.0,0.0,0.0,0.0,0.0,0.0,0.0,0.0,0.0,0.0,0.0,0.0,0.0,0.0,0.0,0.0,0.0,0.0,0.0,0.0,0.0,633.882,0.21572,0.117938,0.0,0.0,0.0,1,50000,0.08378,0.0,0.21572,0.0,0.15684,0.62744,0.0332226083056478,0.0939648766714747,10.770935184024829,119.65320993998851,0.1677260996677741,0.1358708038940867,1.759896926281045,1.131807793535069,53.333333333333336
SVR,3.565321,-0.99919444,6.122738,2.3552794,-1.5624399,3.90646,-7.7742,2.3149362,-2.8118312,5.24357,1.2368745,4.937274,2.9640012,-2.080054,5.4439683,-0.45949048,4.817749,-3.002326,-1.4802432,0.7676165,2.4127657,-2.0006464,0.3703498,-0.03168239,-0.30344516,7.6638746,-1.3987062,2.5964284,-0.677774,-2.1791792,-1.1516289,-1.0257,5.7760577,-0.20345584,2.3519194,-0.43535578,6.1028476,4.122951,-0.10249326,-2.820177,-0.60379016,-0.16024584,5.4260435,-1.5558819,-2.2120469,2.2567916,-2.4781542,5.6269846,1.7892166,2.997382,-0.12923075,2.413083,1.7215996,4.2791753,11.964576,-0.49550766,5.555525,1.0264653,7.405586,-5.5299125,-0.47486272,-5.438079,1.3444407,-0.74992657,0.24201668110726685,-0.7174803249785466,0.9916979,-3.2040572,284,20.407999999999983,13.304,20.166,90.0,102.333,90.0,5348.877511482463,4.57213,4.57213,4.57213,4.2516,5.34096,5.34096,5.34096,5.23427,5.34096,0.0530952521141745,1,3,0,0,0,0,0,5.34096,4.57213,5.34096,0.0,0.0,0.0,0.0,0.0,0.0,0.0,0.0,0.0,0.0,0.0,0.0,0.0,0.0,0.0,1.7558,877.218,1640.0,934.051,0.0,0.0,0.0,1,877.218,0.0,0.0,0.0,0.0,0.0,0,0.0,0.0,0.0,0.0,0.0,0.0,0.0,0.0,0.0,0.0,0.0,0.0,0.0,0.0,0.0,0.0,0.0,0.0,0.0,0.0,0.0,0.0,0.0,0.0,0.0,680.163,0.12716,0.072423,0.0,0.0,0.0,680.163,0.0,0.0,0.0,0.0,0.0,0.0,0.0,0.0,0.0,0.0,0.0,0.0,0.0,0.0,0.0,0.0,0.0,0.0,0.0,0.0,0.0,0.0,0.0,0.0,0.0,0.0,0.0,0.0,0.0,0.0,1633.55,0.3054,0.173938,0.0,0.0,0.0,1,50000,0.12716,0.0,0.3054,0.0,0.10738,0.58722,0.0332226282757475,0.0611414884487769,9.12408695667884,94.00560221576748,0.1738276245847176,0.140537057332152,1.7139698935993624,0.9675983661368136,94.66666666666669
SSO,-1.1421468,-4.5282226,2.2750022,2.0157137,-4.1504865,2.9075768,-4.9403634,0.09454653,-0.26212516,2.9958494,-1.560805,2.8088887,0.26003483,-2.538339,-0.11495474,0.9716976,-0.56911075,0.42498803,1.9934841,0.8237283,-0.0061129173,-3.0358512,3.7131915,1.2410322,-0.5045131,1.228132,-1.2738993,-3.8761325,3.4149427,0.3830341,0.9443472,-0.6940832,-1.0861025,0.29442936,0.14631234,-1.3031123,0.7612932,1.2880899,-0.38207453,-4.956321,1.4311244,0.7981623,1.0851331,-2.9964051,-1.1857059,-4.721056,1.372272,1.2791708,2.9625235,1.9929851,2.5510159,2.1758559,1.9396133,0.01929158,5.7947006,3.948788,-1.1135254,5.863442,0.68184924,1.2749114,-1.9940572,-1.890751,-0.32893658,-0.9056215,-0.2732879867346887,-0.8790598344859561,2.059775,-2.5856361,244,19.90202999999996,10.15609,24.68916,90.0,105.88000000000004,90.0,4799.894117190112,4.49282,1.24915,4.49282,1.09493,6.22301,6.21796,5.97588,5.93319,5.97588,0.0508344546864377,2,1,1,0,0,0,0,6.22118,4.49282,6.22118,6.22301,4.49282,6.22301,0.0,0.0,0.0,0.0,0.0,0.0,0.0,0.0,0.0,0.0,0.0,0.0,1.68504,798.729,1664.06,987.547,8.42125,17.5447,10.412,2,400.115,398.614,0.0,0.0,0.0,0.0,4,2.18997,1.92902,2.51236,1.7899,0.0,0.0,0.0,0.0,0.0,0.0,0.0,0.0,0.0,0.0,0.0,0.0,0.0,0.0,0.0,0.0,0.0,0.0,0.0,0.0,0.0,737.456,0.15364,0.0911788,0.479989,0.0001,5.93458e-05,370.072,367.384,0.0,0.0,0.0,0.0,0.0,0.191996,0.191996,0.0959979,0.0,0.0,0.0,0.0,0.0,0.0,0.0,0.0,0.0,0.0,0.0,0.0,0.0,0.0,0.0,0.0,0.0,0.0,0.0,0.0,0.0,1579.93,0.32916,0.195343,19.3916,0.00404,0.00239757,1,50000,0.15364,0.0001,0.32916,0.00404,0.10426,0.56254,0.0332225775747508,0.0552071746816257,9.73239993842246,102.1371864152692,0.198956707641196,0.1526359734230706,1.4877644094601965,0.2684380314255268,81.33333333333333
WEN,-4.0377736,2.7478335,-4.6286325,2.1736045,7.6919436,4.256856,4.125232,-0.52857816,3.3494575,-7.9869018,2.100398,-1.388725,9.88656,8.105261,-2.2216806,2.399557,5.173333,1.5555769,-12.026646,0.9457146,2.0683014,-4.153363,-1.3200787,0.9610038,-0.8949807,3.703274,2.4808576,-2.437348,2.3544586,1.0092341,3.6762104,-0.14782336,-3.2639067,-1.8822012,-1.8932426,3.6959767,-7.8201375,-2.1141083,-0.22683854,-1.4840121,0.59491104,1.2772276,5.3763013,3.2003863,-0.7330092,-4.5836706,1.6801056,4.368061,3.949789,-6.269634,3.4161174,-1.8818564,-0.39254275,2.0815463,0.42533615,5.624064,2.2539465,4.1715636,2.066853,1.725322,0.26936123,-4.8677416,-0.749034,-0.68698835,2.1141247731744763,-0.9353095315641509,0.103121065,-2.0045233,59,13.587,13.587000000000028,7.557,90.0,90.0,119.99999999999994,1208.1676552183303,3.6425,3.62371,3.6425,2.73611,4.97345,4.97092,4.97345,4.97345,4.97345,0.0488342820180349,1,3,0,0,0,0,0,4.97345,3.64249,4.97345,0.0,0.0,0.0,0.0,0.0,0.0,0.0,0.0,0.0,0.0,0.0,0.0,0.0,0.0,0.0,1.62963,261.735,2166.38,1329.37,9.24253,76.5004,46.9433,1,261.735,0.0,0.0,0.0,0.0,0.0,2,2.60309,6.63943,0.0,0.0,0.0,0.0,0.0,0.0,0.0,0.0,0.0,0.0,0.0,0.0,0.0,0.0,0.0,0.0,0.0,0.0,0.0,0.0,0.0,0.0,0.0,153.268,0.12686,0.0778458,1.47396,0.00122,0.000748635,153.268,0.0,0.0,0.0,0.0,0.0,0.14498,1.32898,0.0,0.0,0.0,0.0,0.0,0.0,0.0,0.0,0.0,0.0,0.0,0.0,0.0,0.0,0.0,0.0,0.0,0.0,0.0,0.0,0.0,0.0,0.0,452.894,0.37486,0.230027,29.0444,0.02404,0.0147518,1,50000,0.12686,0.00122,0.37486,0.02404,0.05174,0.54936,0.0332225761461794,0.081462892488511,10.959326957569742,124.01030879480598,0.1589755714285714,0.1282651752626059,1.831108259803852,1.3981051060725456,19.666666666666668
SFV,2.8792477,-9.099769,-7.7523546,7.1160574,3.3987486,-10.978895,-4.898572,-2.1335783,6.50312,-11.70067,-3.966811,-3.5263996,14.889425,-9.344241,-20.904915,11.87626,-8.646495,-5.638809,-6.9252195,0.91146445,7.0923967,15.5905695,-5.884212,-1.3401752,-7.822325,-9.43785,6.2124643,-5.843255,13.328924,15.646929,-8.207864,1.5236655,-4.3259454,5.9988437,-19.12031,9.089539,20.826159,-4.2280602,1.8499091,-1.6051451,-8.59476,7.715366,4.972244,-29.08487,-6.6205173,3.0905607,-5.545587,-19.561098,4.5098634,0.33745947,13.293652,8.907077,-4.3632855,6.385057,-6.3185363,-2.764624,20.156641,-13.868308,19.657322,-3.1694448,-15.514125,2.2634118,-7.227531,8.209343,0.02353063364171839,-4.382763822892264,5.0396385,-2.6421723,2352,20.1528,20.1528,109.7563,90.0,90.0,90.0,44575.91307813139,5.05708,5.05346,5.05708,4.42869,7.06716,6.89725,6.89725,7.06716,6.89725,0.0527639219835493,1,3,0,0,0,0,0,7.06717,5.05708,6.89726,0.0,0.0,0.0,0.0,0.0,0.0,0.0,0.0,0.0,0.0,0.0,0.0,0.0,0.0,0.0,1.75478,7153.14,1604.71,914.477,7.04162,1.57969,0.90022,1,7153.14,0.0,0.0,0.0,0.0,0.0,18,0.0,0.0,0.53919,0.940319,0.280366,0.840037,1.00176,0.0399007,0.0399007,0.899358,0.0798015,1.08156,0.438908,0.199504,0.661014,0.0,0.0,0.0,0.0,0.0,0.0,0.0,0.0,0.0,0.0,6270.94,0.14068,0.0801694,0.0,0.0,0.0,6270.94,0.0,0.0,0.0,0.0,0.0,0.0,0.0,0.0,0.0,0.0,0.0,0.0,0.0,0.0,0.0,0.0,0.0,0.0,0.0,0.0,0.0,0.0,0.0,0.0,0.0,0.0,0.0,0.0,0.0,0.0,12924.3,0.28994,0.165228,0.0,0.0,0.0,1,50000,0.14068,0.0,0.28994,0.0,0.12762,0.58244,0.0332225905747508,0.0160853456363365,4.191961898210013,18.063692622619488,0.2020726182724252,0.1496220964866943,1.4709406334161503,0.2551201039308415,784.0
LIT,-8.438663,-2.7589352,-3.5628047,3.2580488,5.8741617,-6.1156406,21.218529,-1.6939465,-13.659335,-3.1700075,9.861748,-14.003948,31.497366,8.508669,-11.012826,-8.705571,-4.176342,6.573717,-6.3472934,2.162731,-3.9244637,2.0775428,-0.043307453,0.4044417,-4.0580516,14.46898,10.656652,-5.693955,11.977648,4.736681,-0.18849058,-1.9887501,5.0120664,-10.783826,-5.367521,-4.303136,-6.5434756,-3.3253512,1.1150763,-3.4217162,0.4311896,-3.2754405,-7.4256663,-10.253379,-9.161243,-2.3476841,-3.9103382,-3.1896894,-8.52095,-3.2159605,-4.211277,-6.0910726,-1.2099035,7.678629,8.169021,1.090466,-2.8710463,2.604568,9.909272,12.012992,8.752716,-2.4821682,-9.746137,-6.5753922,2.420235688521193,0.3839639940938573,0.13445765,0.6132923,76,14.844,8.594,9.784,90.0,90.0,90.0,1248.138383424,1.39007,1.11254,1.39007,1.11254,2.78689,2.76895,2.78689,2.78689,2.78689,0.0608906840854539,0,0,0,0,0,0,0,0.0,0.0,0.0,0.0,0.0,0.0,0.0,0.0,0.0,0.0,0.0,0.0,0.0,0.0,0.0,0.0,0.0,0.0,2.00362,0.0,0.0,0.0,65.9858,528.673,263.86,0,0.0,0.0,0.0,0.0,0.0,0.0,8,3.65463,13.3672,12.7203,3.81529,12.2792,12.8205,3.87355,3.45513,0.0,0.0,0.0,0.0,0.0,0.0,0.0,0.0,0.0,0.0,0.0,0.0,0.0,0.0,0.0,0.0,0.0,0.0,0.0,0.0,8.03801,0.00644,0.00321419,0.0,0.0,0.0,0.0,0.0,0.0,0.44933,2.07191,1.79732,0.349479,1.34799,1.42288,0.399404,0.199702,0.0,0.0,0.0,0.0,0.0,0.0,0.0,0.0,0.0,0.0,0.0,0.0,0.0,0.0,0.0,0.0,0.0,0.0,0.0,0.0,181.28,0.14524,0.0724889,1,50000,0.0,0.00644,0.0,0.14524,0.17514,0.67962,0.0,0.0,0.0,0.0,0.0,0.0,0.0,0.0,25.33333333333333
IFT,-8.4160185,4.6125536,-3.1778228,-4.117543,-3.6529844,-6.5818353,-6.227511,-2.4562714,-3.3784397,5.520249,5.5085635,-12.592912,2.0037558,2.5137856,0.054076336,2.1058784,13.398739,6.1403565,-2.8701532,1.3387828,2.4832842,1.8731834,1.506487,-4.5039406,-0.43294543,-5.1661487,1.151391,-0.5610174,9.434143,-3.0720108,3.1062148,-3.8667412,7.706112,1.6589985,10.622303,0.275765,5.219812,-4.197205,3.5259,0.7143798,4.2492642,1.6173091,0.08110663,-8.390589,1.43774,-5.675129,0.6402718,-1.0320547,-1.1571617,2.8498049,1.506496,6.6449475,-5.3497114,-4.1697545,4.436292,-8.085659,-8.310288,1.7113934,-4.8982167,-2.0377104,7.063585,-1.2791991,-6.7544174,-0.6601976,-4.337916109786726,1.4790898351350212,1.5996549,-5.842384,460,18.88902,22.80229,29.08152,90.0,90.0,90.0,12525.786160392685,7.32849,6.31106,6.31106,7.32849,10.03607,10.03607,10.03607,10.03607,10.03607,0.0367242418248004,1,3,0,0,0,0,0,10.0361,7.32849,10.0361,0.0,0.0,0.0,0.0,0.0,0.0,0.0,0.0,0.0,0.0,0.0,0.0,0.0,0.0,0.0,1.21921,2492.94,1990.25,1632.4,0.0,0.0,0.0,1,2492.94,0.0,0.0,0.0,0.0,0.0,0,0.0,0.0,0.0,0.0,0.0,0.0,0.0,0.0,0.0,0.0,0.0,0.0,0.0,0.0,0.0,0.0,0.0,0.0,0.0,0.0,0.0,0.0,0.0,0.0,0.0,4549.12,0.36318,0.297881,0.0,0.0,0.0,4549.12,0.0,0.0,0.0,0.0,0.0,0.0,0.0,0.0,0.0,0.0,0.0,0.0,0.0,0.0,0.0,0.0,0.0,0.0,0.0,0.0,0.0,0.0,0.0,0.0,0.0,0.0,0.0,0.0,0.0,0.0,6861.12,0.54776,0.449274,0.0,0.0,0.0,1,50000,0.36318,0.0,0.54776,0.0,0.05208,0.40016,0.0332226116046511,0.0703917097889185,11.388857373531811,133.9353036052327,0.3238405857142856,0.208472437926343,0.722282088260632,-1.447066888116176,153.33333333333334
PON,-7.486415,-0.9020501,-0.914176,-0.8918964,1.0998492,0.26711065,3.4119234,3.0305066,2.8953469,2.642642,-5.1715245,-8.09649,5.984553,8.3151455,-4.0506644,-4.288238,0.99644744,1.7072862,-8.108478,2.3832476,2.5626698,0.049477458,-0.83418864,1.9455005,0.5806696,3.5773313,-0.06329733,5.6207204,4.5690517,-2.5771086,-2.7004936,-0.00095235184,-6.710238,-0.76913524,0.48716778,-3.0092747,-1.637591,5.1583543,-1.8061013,2.1112976,-5.7518206,3.569539,1.6500912,-2.8199642,-1.4652733,-1.5965141,3.786572,-6.4964857,-2.6705832,-4.485139,-0.007583216,-0.105704874,0.6500455,5.363439,-4.193562,-1.6860375,-3.2647188,6.82385,2.9830098,-2.7316043,-3.7476783,-0.26292554,-5.052437,8.421019,-0.6616004027407856,-1.7369163776277625,2.514294,-3.654981,72,8.89876200047647,9.142606000265353,16.038561000778532,89.99944918057923,89.9990176750284,89.99932677672147,1304.8632385015164,3.7829,3.7829,1.40761,1.62536,4.4619,4.4619,4.46168,4.46168,4.4619,0.0551781963623127,2,1,1,0,0,0,0,4.46187,3.78494,4.46187,4.46161,3.77705,4.46161,0.0,0.0,0.0,0.0,0.0,0.0,0.0,0.0,0.0,0.0,0.0,0.0,1.83508,235.467,1804.53,983.357,0.0,0.0,0.0,2,116.457,119.01,0.0,0.0,0.0,0.0,0,0.0,0.0,0.0,0.0,0.0,0.0,0.0,0.0,0.0,0.0,0.0,0.0,0.0,0.0,0.0,0.0,0.0,0.0,0.0,0.0,0.0,0.0,0.0,0.0,0.0,113.627,0.08708,0.0474531,0.0,0.0,0.0,57.414,56.2135,0.0,0.0,0.0,0.0,0.0,0.0,0.0,0.0,0.0,0.0,0.0,0.0,0.0,0.0,0.0,0.0,0.0,0.0,0.0,0.0,0.0,0.0,0.0,0.0,0.0,0.0,0.0,0.0,0.0,403.803,0.30946,0.168636,0.0,0.0,0.0,1,50000,0.08708,0.0,0.30946,0.0,0.0863,0.60424,0.0332225904983388,0.1145207130172894,11.818230189609269,139.9773783159794,0.1475047940199335,0.1240212351774002,1.973402896853229,1.905822892495605,24.0
OSI,-3.0107594,-7.061892,-0.30737203,2.0460844,-1.184055,-3.2712026,10.245732,0.063537925,-1.9219815,2.8945484,3.0122776,-2.3425393,-0.14201415,-4.606994,3.2405047,-3.6669776,-4.9233017,1.5192381,5.519612,0.61653256,-7.213243,0.01837039,7.848266,1.6812087,4.14494,2.9595895,1.7650535,-4.4505916,7.3415184,-0.10494904,-0.4070534,0.87796056,4.3723555,2.6493561,-4.738954,-11.129382,4.7418137,4.1349974,-0.14934735,-4.4540415,-2.203107,-2.291315,-1.3336489,-2.2230494,-0.7854842,0.6935066,0.306809,-3.125556,1.3938257,7.5892606,-7.7647567,-3.9021828,-2.6031008,1.2364213,-3.643266,0.66766506,-8.693201,1.000084,1.3614787,-3.212959,-3.4613366,1.3403263,-4.150647,-3.8893576,-1.5209241254203032,-1.0173454027108433,3.0640864,-3.4452455,96,18.210164980346224,18.21419863572892,5.042644007378074,90.15590700236,90.03174248275745,90.61727969517496,1672.458584737943,5.74452,1.21849,1.2333,5.74452,6.0572,5.91035,6.02136,6.0572,6.0572,0.0574005245188431,2,1,1,0,0,0,0,5.9529,5.63614,5.9529,6.0571,5.74439,6.0571,0.0,0.0,0.0,0.0,0.0,0.0,0.0,0.0,0.0,0.0,0.0,0.0,1.90898,173.356,1036.53,542.976,2.23093,13.3392,6.9876,2,84.3407,89.0151,0.0,0.0,0.0,0.0,6,0.582273,0.0603814,0.100282,1.14619,0.0603814,0.281426,0.0,0.0,0.0,0.0,0.0,0.0,0.0,0.0,0.0,0.0,0.0,0.0,0.0,0.0,0.0,0.0,0.0,0.0,0.0,162.396,0.0971,0.0508647,0.0668983,4e-05,2.09535e-05,81.2146,81.1811,0.0,0.0,0.0,0.0,0.0668983,0.0,0.0,0.0,0.0,0.0,0.0,0.0,0.0,0.0,0.0,0.0,0.0,0.0,0.0,0.0,0.0,0.0,0.0,0.0,0.0,0.0,0.0,0.0,0.0,371.319,0.22202,0.116303,6.0543,0.00362,0.0018963,1,50000,0.0971,4e-05,0.22202,0.00362,0.15074,0.62362,0.0332225989036544,0.1180422124281753,11.647022733564825,144.8968869150919,0.2007020863787375,0.159347011048742,1.4928356723470435,0.2368059395482289,32.0
SFG,-0.26861817,-1.1031097,-3.6697507,3.658712,1.5266784,-1.7756743,4.105884,0.08165184,-4.609985,-7.181203,2.3921697,0.26308283,4.299281,-6.078098,2.7440581,-5.1921506,2.0213087,1.4232651,-1.97904,0.6462035,1.2511939,-6.064106,3.115508,1.312379,2.7075071,5.1754413,-1.6134074,-2.9561315,5.2034044,0.845756,4.498412,-0.7322182,3.3996375,-1.9366596,-1.416107,-1.1134412,-2.1422262,-0.4819544,-0.3735475,2.239714,0.738802,-2.9395628,-0.19044307,-3.1952374,-0.9179318,1.7884772,0.15205674,4.91144,4.420951,4.8611035,-4.7445064,-0.6703088,-0.9632313,-0.11613804,2.4291763,-0.6306,-0.6873894,1.3348159,7.53964,-1.7139361,-1.2294704,-2.7625947,-2.9373355,-2.9503403,0.1973569345399579,-0.0759632564185283,1.0481671,-3.1284027,222,25.22846717998248,12.490934832953696,12.882881000310023,89.99948444370057,90.00060510760932,90.2790176015789,4059.697299745161,4.92178,4.3485,2.00367,4.92178,6.18167,6.17801,4.45912,6.17801,6.17801,0.0546838800060131,1,3,0,0,0,0,0,6.18184,4.92184,6.18184,0.0,0.0,0.0,0.0,0.0,0.0,0.0,0.0,0.0,0.0,0.0,0.0,0.0,0.0,0.0,1.81864,553.602,1363.65,749.821,13.6634,33.6563,18.5063,1,553.602,0.0,0.0,0.0,0.0,0.0,4,3.42689,4.02646,2.84462,3.36545,0.0,0.0,0.0,0.0,0.0,0.0,0.0,0.0,0.0,0.0,0.0,0.0,0.0,0.0,0.0,0.0,0.0,0.0,0.0,0.0,0.0,485.053,0.11948,0.0656976,1.78627,0.00044,0.000241939,485.053,0.0,0.0,0.0,0.0,0.0,0.487164,0.649552,0.243582,0.40597,0.0,0.0,0.0,0.0,0.0,0.0,0.0,0.0,0.0,0.0,0.0,0.0,0.0,0.0,0.0,0.0,0.0,0.0,0.0,0.0,0.0,1102.45,0.27156,0.149321,38.1612,0.0094,0.00516871,1,50000,0.11948,0.00044,0.27156,0.0094,0.12012,0.59892,0.0332225952159468,0.0794779712786462,11.258239840819616,130.39290253898653,0.2004783588039868,0.1560133463537774,1.4757326667370132,0.2025710224469032,74.0
FRA,0.5254733,-0.12426699,-2.7213533,-2.1002843,1.8863596,0.69821894,-2.3690574,0.2927513,0.48186263,-2.27938,2.1619394,-4.3586483,5.52265,-3.3253956,-5.280207,-0.4826226,-3.6353385,-0.5406393,-0.74289393,0.59863687,1.8070582,-1.3775868,0.86955714,0.9356787,-2.431425,0.9591792,2.567368,-0.8082465,5.909806,-0.92423606,1.3178674,-2.6047425,0.86611044,-0.5151925,-0.35131264,-1.02978,2.5233161,-2.8155403,-0.3402207,-2.8514714,2.7451859,-2.8024597,-0.18288803,-1.6868895,2.1699648,-0.99766445,2.3809469,-1.412851,-0.17682743,2.7615929,0.37138382,0.9417846,-0.13980058,4.3068204,-1.2998177,-2.5752604,-1.8434554,2.006204,4.256808,0.70105463,5.90772,-0.877844,-5.3494544,1.0462911,-1.0475671744900956,0.5049847079368307,1.3875412,-3.4019182,180,12.363955,12.36395464499648,25.399989,90.0,90.0,119.99999827431331,3362.6292530256496,1.64068,1.64068,1.63794,1.5676,5.58291,5.58291,5.58291,5.58291,5.58291,0.0535295408609314,0,0,0,0,0,0,0,0.0,0.0,0.0,0.0,0.0,0.0,0.0,0.0,0.0,0.0,0.0,0.0,0.0,0.0,0.0,0.0,0.0,0.0,1.78025,0.0,0.0,0.0,574.001,1707.0,958.857,0,0.0,0.0,0.0,0.0,0.0,0.0,10,60.1566,55.9236,57.0729,58.5772,58.0842,92.3991,19.7446,97.4634,18.6133,55.9663,0.0,0.0,0.0,0.0,0.0,0.0,0.0,0.0,0.0,0.0,0.0,0.0,0.0,0.0,0.0,0.0,0.0,0.0,321.535,0.09562,0.0537117,0.0,0.0,0.0,0.0,0.0,0.0,29.7929,33.7608,31.8777,32.8865,32.752,60.5946,5.31295,59.115,3.9679,31.4742,0.0,0.0,0.0,0.0,0.0,0.0,0.0,0.0,0.0,0.0,0.0,0.0,0.0,0.0,0.0,0.0,0.0,0.0,1122.51,0.33382,0.187513,1,50000,0.0,0.09562,0.0,0.33382,0.08196,0.58422,0.0,0.0,0.0,0.0,0.0,0.0,0.0,0.0,60.0
SAS,-9.61971,-1.1460347,-4.0535703,0.81503946,-4.2846932,-1.5941062,4.27029,-5.5213223,0.8587022,0.7526476,1.7760597,-3.2722669,-1.593584,2.9572551,-6.413795,5.7480884,-4.0797,1.7788576,-4.7670965,-0.6427001,-9.768093,-4.0452223,7.3703775,0.9544276,0.060463563,-3.73627,1.8437586,-5.08345,2.8414822,2.2697754,1.9161762,-4.955167,-9.678142,4.482362,0.6065561,-2.3147252,-1.1495255,6.6107254,-1.2496545,-3.1332965,-4.552135,1.8725965,6.2104363,0.8884023,-1.4118941,-1.8973943,-1.5689948,-5.706654,-2.6064267,-8.835099,1.5913132,6.526012,-1.220115,0.5903374,-2.7949998,-1.4091704,-3.3545566,-0.7442173,-2.9381967,-3.6807144,-5.3670855,-1.568118,0.0017663836,2.3092694,-2.0262027705728394,-1.2160826075022821,3.1191642,-3.9499495,96,13.999652,13.99965,10.205139,90.0,90.0,90.0,2000.1075206246785,3.56886,1.38973,1.38973,3.56886,8.2278,8.2278,8.2278,8.2278,8.2278,0.0479974196437284,2,1,1,0,0,0,0,8.22749,3.56883,8.22749,8.22748,3.56895,8.22748,0.0,0.0,0.0,0.0,0.0,0.0,0.0,0.0,0.0,0.0,0.0,0.0,1.59626,359.759,1798.7,1126.82,6.46963,32.3464,20.2638,2,179.569,180.19,0.0,0.0,0.0,0.0,4,2.16949,1.30579,1.26589,1.72846,0.0,0.0,0.0,0.0,0.0,0.0,0.0,0.0,0.0,0.0,0.0,0.0,0.0,0.0,0.0,0.0,0.0,0.0,0.0,0.0,0.0,358.499,0.17924,0.112287,0.760041,0.00038,0.000238056,178.57,179.93,0.0,0.0,0.0,0.0,0.160009,0.200011,0.160009,0.240013,0.0,0.0,0.0,0.0,0.0,0.0,0.0,0.0,0.0,0.0,0.0,0.0,0.0,0.0,0.0,0.0,0.0,0.0,0.0,0.0,0.0,787.082,0.39352,0.246526,32.1217,0.01606,0.010061,1,50000,0.17924,0.00038,0.39352,0.01606,0.06312,0.5273,0.0332225980066445,0.156424968154889,12.138054807673054,145.3947302900143,0.2755076611295681,0.1993688077581099,1.0037005437496629,-0.9924594331738216,32.0
HEU,-0.2129088,-0.045708396,0.8099861,4.1283755,3.8683014,3.3957858,-4.803011,1.9786931,7.135144,-9.76825,7.6605873,-0.057793558,9.88466,10.823615,-6.579462,5.4883513,5.4595113,4.5860524,-10.324847,0.87927115,10.651973,-12.058114,12.467807,1.0750731,-2.5250611,9.032382,11.513747,-7.62255,4.671224,-0.7196278,11.62892,-3.4726126,-4.524196,-1.4891343,2.6117716,6.7897444,-10.306794,0.86719275,-2.9930956,-3.3933945,-0.2989518,3.5054326,10.77782,8.987749,1.4724228,-8.899855,1.440121,4.3570485,-2.3726187,-3.9883194,0.09793052,0.1237562,-2.7936502,5.8330717,4.902957,6.518089,6.2140007,12.115432,2.7984152,-6.2114205,2.9909883,-5.382738,-2.8519378,-1.6830077,2.193231326355743,0.5359358253036749,1.3675715,-0.6499019,108,17.48290347771542,17.549897000001824,7.344072090947706,89.99999990746805,116.35666754086114,90.00004966177836,2019.0925709203264,3.28708,2.56087,0.91587,3.28708,5.21399,5.20269,5.21395,5.20269,5.20269,0.0534893751556781,2,2,2,0,0,0,0,5.21396,3.28712,5.21396,5.21399,3.2871,5.21399,0.0,0.0,0.0,0.0,0.0,0.0,0.0,0.0,0.0,0.0,0.0,0.0,1.77891,415.231,2056.52,1156.06,0.0,0.0,0.0,2,203.729,211.502,0.0,0.0,0.0,0.0,0,0.0,0.0,0.0,0.0,0.0,0.0,0.0,0.0,0.0,0.0,0.0,0.0,0.0,0.0,0.0,0.0,0.0,0.0,0.0,0.0,0.0,0.0,0.0,0.0,0.0,230.177,0.114,0.0640842,0.0,0.0,0.0,116.542,113.635,0.0,0.0,0.0,0.0,0.0,0.0,0.0,0.0,0.0,0.0,0.0,0.0,0.0,0.0,0.0,0.0,0.0,0.0,0.0,0.0,0.0,0.0,0.0,0.0,0.0,0.0,0.0,0.0,0.0,708.055,0.35068,0.197132,0.0,0.0,0.0,1,50000,0.114,0.0,0.35068,0.0,0.06258,0.58674,0.0332226077740863,0.0715825623849307,8.496330848097669,70.48119273139052,0.1649181063122923,0.1323094766279365,1.803973314616101,1.3221633236785886,36.0
POS,-1.196073,0.6495806,-0.0465914,-1.2976451,2.2153783,0.28186995,-1.9990048,-0.516389,-1.6366211,2.239051,-1.9500998,-4.3129435,-0.87480044,-3.366155,1.3188661,-3.8456023,1.047496,-1.1680292,4.1950846,-0.3536736,2.5255332,-1.4011078,-0.88062084,-0.57429916,3.1484346,5.1084785,-0.086909175,-0.21438068,5.0792184,-4.3782754,1.9743029,-0.75206715,3.4090939,4.5400224,3.848539,-2.3380888,4.836093,-0.3921696,1.7912142,-0.8372513,-0.18257084,-2.5740058,5.0688586,0.64565986,1.9269261,-1.6673056,1.5707059,2.6333268,-0.715917,1.1146795,-4.097858,5.5975294,0.79074216,-0.74559706,0.17409101,-0.3559428,-0.42209628,-3.3382213,-0.7907051,-6.5085125,6.084574,0.42729524,-2.0076396,1.3923267,-2.1542723699468094,-0.17590231460223646,1.5181465,-3.788488,192,18.699740159177,18.709228000000028,11.557731743581522,89.99999693757317,89.74994233446546,89.9999999933446,4043.522960658313,6.22026,4.63009,4.63009,6.22026,6.62043,6.61388,6.61388,6.61388,6.61388,0.0474833460494907,1,3,0,0,0,0,0,6.62041,6.22022,6.61384,0.0,0.0,0.0,0.0,0.0,0.0,0.0,0.0,0.0,0.0,0.0,0.0,0.0,0.0,0.0,1.57917,757.03,1872.2,1185.56,2.41526,5.97315,3.78247,1,757.03,0.0,0.0,0.0,0.0,0.0,4,0.905721,0.301907,0.603814,0.603814,0.0,0.0,0.0,0.0,0.0,0.0,0.0,0.0,0.0,0.0,0.0,0.0,0.0,0.0,0.0,0.0,0.0,0.0,0.0,0.0,0.0,855.609,0.2116,0.133995,0.0808705,2e-05,1.26649e-05,855.609,0.0,0.0,0.0,0.0,0.0,0.0,0.0,0.0808705,0.0,0.0,0.0,0.0,0.0,0.0,0.0,0.0,0.0,0.0,0.0,0.0,0.0,0.0,0.0,0.0,0.0,0.0,0.0,0.0,0.0,0.0,1659.87,0.4105,0.259947,3.96265,0.00098,0.000620581,1,50000,0.2116,2e-05,0.4105,0.00098,0.07198,0.51654,0.033222582026578,0.0619611771633758,10.399324740436064,118.68479445925384,0.2141764385382059,0.1625171646687797,1.369693217200178,-0.0950653260288056,64.0
IWS,-8.509438,2.4344568,1.3380038,-6.0452743,6.706435,3.5742643,-4.9414344,5.2587495,-1.9215945,3.3322296,3.7374008,-14.559047,4.436883,-4.8641233,-5.3882217,-3.4268584,3.75253,5.0564647,7.1270313,-0.117037565,5.0730305,-7.725666,5.1672482,1.9146109,1.0460271,7.7164392,4.294182,-2.6777663,4.3773494,-8.603138,4.4194174,-3.237692,11.760369,5.8245153,7.8411746,-6.151063,3.65536,4.686393,-2.5781806,-3.562664,0.8157922,-4.966637,2.8319566,-0.8208206,0.5134332,-3.2811222,1.6849543,1.7058291,-5.992531,3.8974047,-7.0123644,10.720592,-0.105000466,4.0950217,1.3897506,-1.648207,-4.4190516,-7.4136033,1.4388143,-10.615245,6.2982736,-1.0389942,-8.866234,3.3604689,-3.544228080229652,2.328554721908819,1.0185817,-5.0547934,408,26.463143,26.562549,12.919827,90.0,90.0,90.0,9081.715034962925,6.27585,5.98417,6.03594,6.27585,7.75422,7.75422,7.74496,7.74496,7.74496,0.0449254351660755,1,3,0,0,0,0,0,7.75435,6.27582,7.74909,0.0,0.0,0.0,0.0,0.0,0.0,0.0,0.0,0.0,0.0,0.0,0.0,0.0,0.0,0.0,1.4941,1671.55,1840.56,1231.89,7.99858,8.80735,5.89476,1,1671.55,0.0,0.0,0.0,0.0,0.0,12,0.724577,0.86476,0.582273,0.44209,1.10629,0.521891,0.581212,0.561792,0.803318,0.502471,0.402189,0.905721,0.0,0.0,0.0,0.0,0.0,0.0,0.0,0.0,0.0,0.0,0.0,0.0,0.0,2249.36,0.24768,0.165772,0.544903,6e-05,4.0158e-05,2249.36,0.0,0.0,0.0,0.0,0.0,0.181634,0.0,0.0,0.0,0.181634,0.0,0.0,0.181634,0.0,0.0,0.0,0.0,0.0,0.0,0.0,0.0,0.0,0.0,0.0,0.0,0.0,0.0,0.0,0.0,0.0,3941.65,0.43402,0.29049,13.0777,0.00144,0.000963793,1,50000,0.24768,6e-05,0.43402,0.00144,0.07178,0.49276,0.0332226079734219,0.0820876055644443,11.654932963365948,137.39678045418165,0.2517617275747508,0.1825182999772221,1.120658342337503,-0.720326553234365,136.0
LEV,-1.2972326,-2.4058216,1.7329805,-0.49974424,-6.243196,-2.9340727,-2.9910195,1.374092,0.91210437,0.09690675,-1.726958,-0.21656463,-0.21617183,0.11449978,-4.80557,-0.4666497,0.34207568,2.4340656,4.1336513,1.5029753,-6.0546794,2.0698948,4.3237906,0.57609004,0.17836653,-5.2995825,-6.119589,-10.558423,3.1359873,-1.1202657,-8.628031,-0.10407777,-5.479191,0.7344965,4.798684,-1.3242402,-3.9129798,0.02890502,0.98498607,-5.7582765,2.1508937,0.23731786,-2.4608288,-9.765613,-0.11081195,-2.820122,-0.6163066,-6.6388702,3.3640947,-1.8473308,4.4083023,-0.041026503,4.1152883,-1.2903519,-1.2502606,1.2676504,2.6293209,10.193418,0.11386272,2.5329216,-0.2306523,-1.140974,-2.1635244,2.6968093,-1.1997192931356992,-0.7604697872882452,2.801596,-2.9915028,162,12.97867800000031,12.978677991133342,22.461516000000444,89.9999816509124,90.000019032584,119.9999809982831,3276.654834903313,2.85884,2.85884,2.85884,2.03714,6.20208,6.19993,6.18075,6.19993,6.18075,0.0494406668271424,1,3,0,0,0,0,0,6.20212,2.85885,6.20212,0.0,0.0,0.0,0.0,0.0,0.0,0.0,0.0,0.0,0.0,0.0,0.0,0.0,0.0,0.0,1.64426,673.495,2055.43,1250.07,5.20194,15.8758,9.65526,1,673.495,0.0,0.0,0.0,0.0,0.0,3,1.9216,2.12004,1.1603,0.0,0.0,0.0,0.0,0.0,0.0,0.0,0.0,0.0,0.0,0.0,0.0,0.0,0.0,0.0,0.0,0.0,0.0,0.0,0.0,0.0,0.0,498.379,0.1521,0.0925035,0.458732,0.00014,8.51446e-05,498.379,0.0,0.0,0.0,0.0,0.0,0.0655331,0.196599,0.196599,0.0,0.0,0.0,0.0,0.0,0.0,0.0,0.0,0.0,0.0,0.0,0.0,0.0,0.0,0.0,0.0,0.0,0.0,0.0,0.0,0.0,0.0,1294.41,0.39504,0.240254,24.0506,0.00734,0.00446401,1,50000,0.1521,0.00014,0.39504,0.00734,0.05642,0.5412,0.0332225649900332,0.1091119608471264,11.581773706181275,141.16709871288708,0.2071731096345515,0.1626916093967337,1.43853222950602,0.0776616601261195,54.0
TSC,-6.0894914,5.500863,-3.1923683,-5.48561,-2.6103928,-4.6819754,-4.7599983,3.3715017,0.39165753,4.6515856,7.719242,-9.591351,2.5124075,5.5060806,1.1337928,0.86367863,11.92718,6.1693597,-0.69664013,-1.9631517,0.38875812,3.4218187,-0.7976781,1.5033582,0.5206502,-1.255737,-0.7618622,-1.1134845,-0.19128922,-4.8148236,3.6430535,-4.035104,8.093134,0.15977496,14.441578,1.6954076,-0.35135752,-4.398966,0.12569113,2.2137337,5.2071943,-2.72101,2.0715327,-7.201478,2.2069793,-0.53150976,1.9062631,-0.26510212,1.1964115,0.16802791,-1.8843858,1.5596207,-2.4135034,-0.52121323,6.42035,-3.424406,-10.017972,1.1474386,-5.120891,-7.464586,3.7164168,-0.26876494,-9.270082,2.65534,-3.8182405751579696,2.4222525542601376,1.7574095,-5.329657,1152,30.48759,30.48759,30.48759,90.0,90.0,90.0,28338.005882329915,3.60868,3.60868,3.6085,3.6085,15.64781,15.64781,15.55162,15.64631,15.64781,0.0406521194463554,1,3,0,0,0,0,0,15.6477,3.60874,15.6477,0.0,0.0,0.0,0.0,0.0,0.0,0.0,0.0,0.0,0.0,0.0,0.0,0.0,0.0,0.0,1.35198,5026.2,1773.66,1311.9,459.905,162.293,120.041,1,5026.2,0.0,0.0,0.0,0.0,0.0,40,2.00352,2.08332,2.58579,1.78142,1.80508,1.96256,2.60521,2.34215,47.9228,51.4987,48.6555,49.5492,2.32273,2.34427,1.9043,2.00246,2.84674,1.54201,2.0466,1.8019,2.46715,1.90218,1.70268,1.60239,2.02506,8126.21,0.28676,0.212104,214.235,0.00756,0.0055918,8126.21,0.0,0.0,0.0,0.0,0.0,0.56676,0.0,0.0,0.0,0.0,0.0,0.56676,0.56676,23.8039,25.5042,23.2372,34.0056,0.0,0.56676,0.0,0.56676,0.0,0.56676,1.13352,0.0,0.56676,0.56676,0.0,0.0,0.56676,13038.3,0.4601,0.340316,747.557,0.02638,0.0195121,1,50000,0.28676,0.00756,0.4601,0.02638,0.06888,0.44464,0.0332225986644518,0.1052142244217341,11.454437350467892,133.0277141118086,0.4801607277408635,0.2153740973918206,-0.0331011301126936,-1.935829441306793,384.0
ZON,-13.305394,-2.0857399,2.6561549,1.7425225,-7.1468344,2.5435352,-0.60337114,6.412806,5.69996,-3.5159352,2.5615823,-10.859276,6.704208,11.053896,-13.2266445,-3.5196168,1.975319,1.1201054,-7.2845154,-0.79768705,1.2378491,-8.129694,10.080607,-0.15471171,-1.3452138,3.9054468,0.5544131,-0.6644541,9.458747,-6.8956566,7.8957195,-8.45974,-9.065658,2.3780825,1.5496206,-5.6492977,-4.2800903,6.464232,0.4937483,-6.439235,1.3413105,0.3713569,8.39873,-0.38110584,1.1323309,-8.764139,2.5762546,-6.6026373,0.15746617,-1.0962247,-8.506214,6.3114777,0.2884883,0.59822804,4.0273104,-2.0974154,-3.536358,13.481663,1.5948097,-5.061272,-4.601883,-3.7014885,-1.7726581,4.634693,-0.9229007434979538,0.9342225284832897,1.9976125,-0.8444372,96,6.916760000008819,15.002229000004164,17.209349000025362,90.00008196273406,89.99981898804795,89.99998407814921,1785.7593762492995,3.00738,2.25565,3.00738,1.03448,5.2946,5.21569,5.27832,5.20761,5.27832,0.0537586425566654,2,2,2,0,0,0,0,5.2783,3.00739,5.2783,5.29461,2.99563,5.29461,0.0,0.0,0.0,0.0,0.0,0.0,0.0,0.0,0.0,0.0,0.0,0.0,1.78787,346.439,1940.01,1085.1,0.0,0.0,0.0,2,172.27,174.169,0.0,0.0,0.0,0.0,0,0.0,0.0,0.0,0.0,0.0,0.0,0.0,0.0,0.0,0.0,0.0,0.0,0.0,0.0,0.0,0.0,0.0,0.0,0.0,0.0,0.0,0.0,0.0,0.0,0.0,181.647,0.10172,0.0568947,0.0,0.0,0.0,91.8595,89.788,0.0,0.0,0.0,0.0,0.0,0.0,0.0,0.0,0.0,0.0,0.0,0.0,0.0,0.0,0.0,0.0,0.0,0.0,0.0,0.0,0.0,0.0,0.0,0.0,0.0,0.0,0.0,0.0,0.0,616.48,0.34522,0.193091,0.0,0.0,0.0,1,50000,0.10172,0.0,0.34522,0.0,0.0712,0.58358,0.0332226214717608,0.1409656371942285,12.105636043013565,144.87300711451385,0.1748549468438538,0.1431266991977336,1.7025173571096992,0.9012317265433878,32.0
SAO,-8.456107,5.4042435,0.85119355,-7.1192703,-0.8248496,3.5124593,-4.637435,0.46829322,1.0513322,1.9192102,1.6992718,-10.863503,4.7903247,6.3532877,-1.2964708,0.16753882,0.659248,-2.0110147,-1.0566441,-1.9047163,-0.43379948,-2.6375496,1.914312,-2.0493762,1.8855566,-0.9405887,4.07232,4.9011645,0.6071104,-5.8898864,3.3501978,-4.7001877,3.3990266,0.19996652,9.070211,-4.0128927,1.8573216,2.445007,-1.4414392,1.8022065,1.8716385,-0.83951235,-0.0683358,-3.4819288,0.6820545,-4.5434465,0.25348383,-2.8810778,2.8641295,-4.004491,-0.47604337,0.5688306,0.66470075,6.81274,0.3813841,-1.6583786,-6.2141128,-4.680402,-2.9755783,-4.2553043,5.384382,4.2791104,-6.306688,8.972298,-2.4291480450548844,2.003954324041625,2.1257434,-4.9517503,168,13.559508,13.559507,21.505838,90.0,90.0,90.0,3954.068614417339,6.1678,6.1678,6.16776,6.1676,7.93415,7.93415,7.93415,7.64096,7.93415,0.0424878818206233,1,3,0,0,0,0,0,7.93407,6.16776,7.93407,0.0,0.0,0.0,0.0,0.0,0.0,0.0,0.0,0.0,0.0,0.0,0.0,0.0,0.0,0.0,1.41303,778.643,1969.22,1393.61,7.65955,19.3713,13.7091,1,778.643,0.0,0.0,0.0,0.0,0.0,4,0.598511,3.08084,0.559671,3.42053,0.0,0.0,0.0,0.0,0.0,0.0,0.0,0.0,0.0,0.0,0.0,0.0,0.0,0.0,0.0,0.0,0.0,0.0,0.0,0.0,0.0,1077.56,0.27252,0.192862,0.237244,6e-05,4.24619e-05,1077.56,0.0,0.0,0.0,0.0,0.0,0.0,0.0790814,0.0,0.158163,0.0,0.0,0.0,0.0,0.0,0.0,0.0,0.0,0.0,0.0,0.0,0.0,0.0,0.0,0.0,0.0,0.0,0.0,0.0,0.0,0.0,1867.35,0.47226,0.334218,10.4387,0.00264,0.00186832,1,50000,0.27252,6e-05,0.47226,0.00264,0.05906,0.46604,0.0332226199667774,0.055519894097117,7.997330702139891,64.55789247268137,0.2538156212624585,0.1829638953839231,1.1266307802076403,-0.6864888927007797,56.0
ASV,-5.4264817,-1.571543,0.7534416,2.7641196,8.629269,4.8503923,4.4922786,4.0102854,-0.15461907,-2.0057507,5.050886,-5.855801,20.14606,9.525326,-7.072222,0.56141573,1.7333318,4.9658327,-8.365371,1.5051417,6.0773926,-2.255487,-1.6805813,1.1130068,-7.393142,7.0430403,1.9262793,3.228272,0.46879324,-0.84478,-10.441226,-0.99201965,3.2639441,-7.889372,0.2124453,3.2998,0.95848995,-0.15504731,0.14368723,-9.648445,2.735392,1.8738322,2.5252185,-2.2812803,-0.6877487,0.17968246,-2.0293024,1.3864378,1.6828333,-8.999753,1.8767687,-1.4011704,1.1201853,12.864089,16.919569,1.4689207,4.3225427,5.083982,8.071162,-0.25066864,-1.0831252,-7.0547857,-1.0846267,-5.9079466,3.0149245692118503,-0.7808374268724373,-0.47570577,-0.74409413,60,8.481045000004835,8.481043000004775,13.832019000000182,89.99999585773406,90.00001504026395,90.00012160342892,994.9109472205628,3.78669,0.79957,0.7973,3.78669,4.62606,4.62606,4.62162,4.62606,4.62606,0.0603069050226246,1,1,0,0,0,0,0,4.62278,3.78507,4.62278,0.0,0.0,0.0,0.0,0.0,0.0,0.0,0.0,0.0,0.0,0.0,0.0,0.0,0.0,0.0,2.00564,150.319,1510.88,753.316,0.0,0.0,0.0,1,150.319,0.0,0.0,0.0,0.0,0.0,0,0.0,0.0,0.0,0.0,0.0,0.0,0.0,0.0,0.0,0.0,0.0,0.0,0.0,0.0,0.0,0.0,0.0,0.0,0.0,0.0,0.0,0.0,0.0,0.0,0.0,72.7877,0.07316,0.0364771,0.0,0.0,0.0,72.7877,0.0,0.0,0.0,0.0,0.0,0.0,0.0,0.0,0.0,0.0,0.0,0.0,0.0,0.0,0.0,0.0,0.0,0.0,0.0,0.0,0.0,0.0,0.0,0.0,0.0,0.0,0.0,0.0,0.0,0.0,261.284,0.26262,0.130941,0.0,0.0,0.0,1,50000,0.07316,0.0,0.26262,0.0,0.08244,0.65494,0.0332225693355481,0.0976296945374593,11.513263752845262,134.5297504795059,0.1527467209302325,0.1266888272718438,1.9116369638292887,1.677898667781724,20.0
MTN,0.9965845,-13.431186,-0.9526926,2.822004,-3.9209056,-3.5955026,-0.01826556,-10.069218,-3.200222,3.3875847,0.41842225,3.3991573,-2.3825712,0.84353685,2.6530547,-2.1873465,-2.4775681,0.4095775,3.4990819,0.71596634,0.37232462,1.1795971,-4.4096727,0.23440804,6.1892734,-0.77641547,-1.5553141,-1.7286466,2.4604585,-1.699286,2.49969,7.3254566,4.3379908,-0.37742776,-3.9626112,-0.91720927,4.261539,3.984033,5.559987,-13.633497,0.29733673,1.7667382,-0.64577055,0.2933645,-1.4970026,3.5827384,-6.222386,7.1440873,3.584889,0.6560663,5.7971134,-9.334792,-0.47680888,-7.853042,0.8189651,6.5891523,3.8914778,2.2653754,4.6246777,4.915436,6.178766,5.53117,5.812133,-11.059774,0.7882698953379221,-3.6619783241545574,3.9880824,-1.8248663,408,19.10841547427884,19.11329659373984,19.16968175517108,89.89523257177282,89.78136311798694,89.95317185206281,7001.178445980532,1.48331,1.48331,1.42141,1.42141,5.8677,5.75925,5.77791,5.8677,5.75925,0.0582759035708107,0,0,0,0,0,0,0,0.0,0.0,0.0,0.0,0.0,0.0,0.0,0.0,0.0,0.0,0.0,0.0,0.0,0.0,0.0,0.0,0.0,0.0,1.9381,0.0,0.0,0.0,955.369,1364.58,704.084,0,0.0,0.0,0.0,0.0,0.0,0.0,24,25.8495,21.5165,20.9067,72.634,73.4511,23.0066,69.5531,25.0819,72.7512,24.8965,24.335,25.0886,69.1728,72.0662,71.1675,24.1719,24.4544,23.3506,24.4247,73.5913,24.4791,22.9064,23.0752,23.4378,0.0,0.0,0.0,0.0,476.78,0.0681,0.0351375,0.0,0.0,0.0,0.0,0.0,0.0,7.7013,6.72113,7.7013,49.5683,38.3665,8.40141,47.468,8.12137,46.0678,8.96151,7.98134,8.68146,42.9872,44.5275,42.8472,8.12137,6.86115,8.26139,10.2217,36.5462,7.1412,7.42125,7.98134,8.12137,0.0,0.0,0.0,0.0,1782.5,0.2546,0.131366,1,50000,0.0,0.0681,0.0,0.2546,0.10764,0.63776,0.0,0.0,0.0,0.0,0.0,0.0,0.0,0.0,136.0
IMF,-3.7932897,-5.029395,5.304449,2.031114,3.5179858,18.664286,-9.864158,2.7936773,5.0449724,-14.101739,8.939999,15.194142,-0.62595856,-9.5778,-3.0311086,-2.7133853,-0.8147733,-3.4238899,8.285062,-0.9611751,15.600161,-17.325527,14.182104,-11.2148075,-22.359884,11.139226,18.879736,-11.093042,1.7226738,13.459496,11.785686,-3.7366762,-4.07514,-7.2390575,-15.447926,2.964217,-4.5041223,4.1683364,2.5405037,-0.79271984,10.418322,-0.41260594,-5.7990484,-7.4471316,1.3629974,-6.785888,-8.86959,14.051877,21.538424,1.4046572,-7.7235374,9.69542,13.46505,7.5257745,4.675168,3.9057066,17.252117,13.470238,4.9064,16.242115,-4.735527,-13.648206,1.5052905,-6.879151,7.985980544236786,6.710171167082379,-1.7940035,-3.8198843,864,14.090268000006388,56.89717900026896,19.79094900010442,90.00035370507312,89.99990198803472,90.00005058031732,15866.334555776306,4.57983,4.57983,1.00048,4.56856,6.65692,6.06907,6.65692,6.06907,6.06907,0.0544549213280928,2,2,2,0,0,0,0,6.657,4.57647,6.06731,6.64438,4.57981,6.06925,0.0,0.0,0.0,0.0,0.0,0.0,0.0,0.0,0.0,0.0,0.0,0.0,1.81102,2537.93,1599.57,883.24,22.1609,13.9672,7.71235,2,1264.64,1273.29,0.0,0.0,0.0,0.0,12,2.42195,2.98374,3.0021,2.43925,0.0,0.0,3.08508,2.62251,2.70232,2.90394,0.0,0.0,0.0,0.0,0.0,0.0,0.0,0.0,0.0,0.0,0.0,0.0,0.0,0.0,0.0,2094.99,0.13204,0.0729091,3.80792,0.00024,0.000132522,1036.07,1058.92,0.0,0.0,0.0,0.0,0.95198,0.0,0.95198,0.317327,0.0,0.0,0.317327,0.317327,0.634653,0.317327,0.0,0.0,0.0,0.0,0.0,0.0,0.0,0.0,0.0,0.0,0.0,0.0,0.0,0.0,0.0,4736.1,0.2985,0.164824,46.3297,0.00292,0.00161235,1,50000,0.13204,0.00024,0.2985,0.00292,0.10682,0.59176,0.0332225687707641,0.0253700654543139,5.626343800498839,32.35139807966418,0.192189830564784,0.1435148521987539,1.5671020861775735,0.567045057411502,288.0
JOZ,-6.783338,7.206975,-1.6164341,0.21415025,6.059197,5.1860423,7.034834,2.9312887,10.963181,-5.0159354,-0.52232444,0.38194504,7.174171,10.662771,-6.518955,-0.043498695,7.6956196,-1.0575464,-13.379424,-0.12868705,6.388853,0.5622598,-4.825825,0.37135804,1.6839224,7.168577,4.6296554,-3.1215758,-4.923359,8.451315,2.3496268,2.7679083,0.54727584,4.207018,-3.2578003,-1.0779252,-5.3942657,2.0426743,-1.0451776,-4.4334283,-1.3684585,0.73666674,9.1846895,6.177026,-1.4948771,-8.303022,0.119399115,5.377397,1.0248071,-11.034689,8.892779,-6.862111,3.3541515,0.7135654,-0.28590092,8.311084,4.7745156,1.1363306,1.0519248,10.45802,-4.467179,-0.16795924,-2.1605413,-1.9720399,3.7203463610006167,-1.2836583058625954,-1.1233371,-1.6330951,60,7.101411000001197,12.795813000004417,13.42119100000242,90.00006549631125,89.99998766270281,90.00006809448293,1219.561175095405,3.06922,2.65992,3.06922,2.60949,4.37085,4.36982,4.37085,4.36463,4.37085,0.0491980240313129,1,3,0,0,0,0,0,4.37091,3.06925,4.37091,0.0,0.0,0.0,0.0,0.0,0.0,0.0,0.0,0.0,0.0,0.0,0.0,0.0,0.0,0.0,1.63619,314.73,2580.68,1577.25,0.0,0.0,0.0,1,314.73,0.0,0.0,0.0,0.0,0.0,0,0.0,0.0,0.0,0.0,0.0,0.0,0.0,0.0,0.0,0.0,0.0,0.0,0.0,0.0,0.0,0.0,0.0,0.0,0.0,0.0,0.0,0.0,0.0,0.0,0.0,122.2,0.1002,0.0612398,0.0,0.0,0.0,122.2,0.0,0.0,0.0,0.0,0.0,0.0,0.0,0.0,0.0,0.0,0.0,0.0,0.0,0.0,0.0,0.0,0.0,0.0,0.0,0.0,0.0,0.0,0.0,0.0,0.0,0.0,0.0,0.0,0.0,0.0,503.801,0.4131,0.252476,0.0,0.0,0.0,1,50000,0.1002,0.0,0.4131,0.0,0.0465,0.5404,0.0332225963455149,0.0787391710956925,11.008721927119003,125.03247573090374,0.1401250564784053,0.115613960678134,2.032353210639157,2.170897097231653,20.0
FAU,0.82653856,-2.6564624,0.7902982,-0.16188234,10.918667,-1.4142225,0.73969364,-2.8757777,1.5551158,2.2375395,0.25023982,-0.36869577,-0.0943273,-4.1517043,-4.4206595,1.0758328,5.341104,7.375513,1.6472303,-0.27837524,-4.3050127,6.133653,-1.266884,0.75643843,0.15039493,-4.3176985,1.3008449,-14.155664,0.42543676,5.648591,-9.750397,4.1264315,1.1392503,1.88743,-9.216061,1.8764589,1.3375741,-0.7240897,3.7281978,1.215594,-5.9228444,-1.6432443,1.88639,-11.3532095,-2.938975,-6.518255,-2.1078415,-0.1735538,-6.1553965,-3.0897186,11.883522,-0.54932415,-2.06333,7.5761867,-12.953932,0.9297001,12.684412,-0.98633766,1.7722005,7.3414836,-6.7262006,-3.4805424,-4.822285,11.642616,-0.17364037743378777,-1.640485654438036,4.455996,-3.2923024,576,24.226474,24.226474,24.226474,90.0,90.0,90.0,14219.05160199118,6.76494,6.76488,6.76494,6.76494,10.56867,10.56384,10.56867,10.56384,10.56867,0.0405090308498028,1,3,0,0,0,0,0,10.5764,6.76486,10.5764,0.0,0.0,0.0,0.0,0.0,0.0,0.0,0.0,0.0,0.0,0.0,0.0,0.0,0.0,0.0,1.34722,2277.99,1602.07,1189.16,423.937,298.147,221.305,1,2277.99,0.0,0.0,0.0,0.0,0.0,24,51.5153,1.1776,53.0499,1.31672,48.326,1.39653,47.8568,1.23692,1.23692,1.35663,1.35663,1.19702,49.1605,52.4613,1.57661,1.15712,1.43643,1.47633,49.0838,50.8147,1.61651,1.19702,1.47633,1.45691,0.0,4075.46,0.28662,0.212749,236.605,0.01664,0.0123514,4075.46,0.0,0.0,0.0,0.0,0.0,28.4381,0.284381,32.9882,0.0,29.0069,0.284381,26.4474,0.0,0.0,0.284381,0.0,0.0,28.7225,30.9975,0.0,0.0,0.284381,0.0,23.3192,35.5476,0.0,0.0,0.0,0.0,0.0,6334.59,0.4455,0.330681,786.882,0.05534,0.0410772,1,50000,0.28662,0.01664,0.4455,0.05534,0.05798,0.44118,0.033222586744186,0.1442460709215384,12.11788153349634,145.07314663579797,0.3519689077076412,0.2274601998631288,0.6190760238347578,-1.6164236286591078,192.0
SFN,-2.482806,-3.2993834,-2.384017,3.304306,-6.0655365,-3.180787,-0.52772295,-4.3792815,0.25640288,0.006108314,-1.1924042,0.95551836,1.7788066,-2.57787,-1.048321,0.19709116,-2.441857,1.1491823,-1.6641784,0.43030232,-9.531879,-1.5346556,4.192961,2.426762,-0.84059197,-1.2109696,-1.4097846,-2.271215,4.2093983,1.8657506,-1.1080712,0.3842384,-0.16645217,1.2703485,2.568849,-6.045045,1.9307228,3.8659415,-0.8486017,-3.8375387,0.2034536,-0.47996384,-0.36108008,-3.2445693,-1.6841273,-0.8652456,-0.36872566,-4.0433955,1.5437266,0.31420484,1.4424556,3.2188783,-0.12665972,1.5622602,1.227624,1.9814012,-5.734593,3.7430592,1.3545563,-2.9118574,-4.252963,-2.1735559,1.9449573,0.03040564,-1.0582971867984445,-1.5022886689956145,2.511865,-3.071117,96,25.060272602352715,5.026040178308566,14.75631828714934,88.39408083994203,103.0948899741701,91.00156407007564,1809.4559699367023,6.07256,1.1374,6.07256,1.43543,7.15358,7.15358,7.15077,7.15358,7.15077,0.0530546206124917,2,1,1,0,0,0,0,7.15062,6.07242,7.15062,7.15345,6.07227,7.15345,0.0,0.0,0.0,0.0,0.0,0.0,0.0,0.0,0.0,0.0,0.0,0.0,1.76445,244.248,1349.84,765.021,2.77754,15.3502,8.69968,2,120.434,123.814,0.0,0.0,0.0,0.0,2,1.56992,1.20763,0.0,0.0,0.0,0.0,0.0,0.0,0.0,0.0,0.0,0.0,0.0,0.0,0.0,0.0,0.0,0.0,0.0,0.0,0.0,0.0,0.0,0.0,0.0,300.442,0.16604,0.0941029,0.108567,6e-05,3.40049e-05,149.316,151.126,0.0,0.0,0.0,0.0,0.0361891,0.0723782,0.0,0.0,0.0,0.0,0.0,0.0,0.0,0.0,0.0,0.0,0.0,0.0,0.0,0.0,0.0,0.0,0.0,0.0,0.0,0.0,0.0,0.0,0.0,566.106,0.31286,0.177313,9.51774,0.00526,0.0029811,1,50000,0.16604,6e-05,0.31286,0.00526,0.10724,0.57464,0.0332226079734219,0.1566890606603747,12.138016259214,145.41803655640234,0.238984561461794,0.1816581232408788,1.222784456419267,-0.5046533192470868,32.0
ATT,-8.471393,5.6834464,-2.3468056,8.09378,10.873863,-1.2573414,11.831742,-2.0440192,2.0718586,-9.442541,-0.8911758,-0.8522854,13.886251,18.09657,-10.880663,-1.8297083,8.607293,5.0770745,-17.61514,0.011278957,-2.2642717,-1.7155161,1.5818793,0.20733233,1.1670097,3.8953385,0.30087215,-2.3966117,2.6287053,5.5263886,-2.601462,-1.3505197,1.4447248,-3.9757855,-1.0878277,-1.2960355,-5.707603,-1.5099193,-2.801645,-12.420411,-0.27634555,1.9511771,4.5897,2.9985652,-2.9691386,-7.462474,1.6084994,7.164884,4.7469306,-12.587234,4.3004723,-6.587368,0.7250323,6.399346,3.953426,7.824625,-1.992665,8.977802,4.3244815,6.8720737,-4.3068924,-4.3940988,-5.4644885,-1.6835861,4.152509824131194,-2.079341986028158,-0.5550336,-1.1431657,36,9.484187000301343,7.543526000144495,9.238710000252036,90.00048491648896,90.00070976588589,90.00053613538836,660.9762196197546,2.97754,2.97754,2.51303,0.78592,4.35359,4.35359,4.35359,4.34006,4.35359,0.0544648943962159,1,2,0,0,0,0,0,4.35358,2.97754,4.35358,0.0,0.0,0.0,0.0,0.0,0.0,0.0,0.0,0.0,0.0,0.0,0.0,0.0,0.0,0.0,1.81135,139.762,2114.47,1167.34,0.0,0.0,0.0,1,139.762,0.0,0.0,0.0,0.0,0.0,0,0.0,0.0,0.0,0.0,0.0,0.0,0.0,0.0,0.0,0.0,0.0,0.0,0.0,0.0,0.0,0.0,0.0,0.0,0.0,0.0,0.0,0.0,0.0,0.0,0.0,53.8035,0.0814,0.0449388,0.0,0.0,0.0,53.8035,0.0,0.0,0.0,0.0,0.0,0.0,0.0,0.0,0.0,0.0,0.0,0.0,0.0,0.0,0.0,0.0,0.0,0.0,0.0,0.0,0.0,0.0,0.0,0.0,0.0,0.0,0.0,0.0,0.0,0.0,235.651,0.35652,0.196825,0.0,0.0,0.0,1,50000,0.0814,0.0,0.35652,0.0,0.05476,0.58872,0.0332225722259136,0.1036471460347484,11.814839953138002,139.9185311688357,0.139932415282392,0.1149857096494312,2.0243605528162325,2.133356469071653,12.0
ETR,-0.24080151,3.446362,1.064263,-3.3508916,2.1443214,3.5296147,1.7568858,2.738689,-4.3018146,-6.357206,-1.2969604,-4.950193,-0.028505355,-2.7163322,-3.3991966,-0.6397699,-6.0129833,-4.9120893,5.2582116,-2.2949376,6.372774,-1.0125742,-2.8666234,0.45935273,1.3546771,-1.3767415,1.0815516,-1.9483095,1.7995274,-0.5622131,-1.0337828,1.3963821,-0.42434245,0.74443555,-2.0045712,1.1409962,-1.677436,2.042292,0.5129931,1.1905141,-3.8122604,0.7633278,-2.5387642,-7.0377173,-1.5844072,6.5754776,0.3483354,-1.0869471,0.55264676,-1.571926,-4.2955976,7.7268963,2.7785628,-0.38292354,1.0706509,-2.1929908,9.0411415,-4.407422,3.6724188,-4.7415633,2.1844282,4.877203,1.985822,-1.3112769,-0.9118996453711746,-0.6103768228993796,1.7741135,-3.6937675,144,20.510892000000023,20.510892044229035,8.415389,90.0,90.0,120.00000594767712,3066.01233869154,8.82644,2.36389,2.36383,8.82644,9.49106,9.48853,9.49106,9.49106,9.49106,0.0469665428879043,1,3,0,0,0,0,0,9.49085,8.82635,9.49085,0.0,0.0,0.0,0.0,0.0,0.0,0.0,0.0,0.0,0.0,0.0,0.0,0.0,0.0,0.0,1.56198,595.21,1941.32,1242.86,0.0,0.0,0.0,1,595.21,0.0,0.0,0.0,0.0,0.0,0,0.0,0.0,0.0,0.0,0.0,0.0,0.0,0.0,0.0,0.0,0.0,0.0,0.0,0.0,0.0,0.0,0.0,0.0,0.0,0.0,0.0,0.0,0.0,0.0,0.0,636.749,0.20768,0.13296,0.0,0.0,0.0,636.749,0.0,0.0,0.0,0.0,0.0,0.0,0.0,0.0,0.0,0.0,0.0,0.0,0.0,0.0,0.0,0.0,0.0,0.0,0.0,0.0,0.0,0.0,0.0,0.0,0.0,0.0,0.0,0.0,0.0,0.0,1303.55,0.42516,0.272193,0.0,0.0,0.0,1,50000,0.20768,0.0,0.42516,0.0,0.06548,0.50936,0.0332225921594684,0.0851169492405587,11.00894147455824,124.4990442401352,0.2860831857142857,0.1815906238988677,0.8669184187599944,-1.159988986007782,48.0
NAT,-6.552784,5.778722,-1.1788433,-1.3388205,2.0654075,3.1991458,3.5949798,3.5972106,20.596497,-10.164561,2.6572812,-2.133954,11.418752,19.082947,-8.839266,-4.2028556,6.0507164,1.1841745,-24.372595,0.66185176,17.270924,-4.886586,-6.571034,-0.05040275,-5.7249904,10.419518,4.246223,4.064691,-4.564763,5.5126505,-3.73411,5.16174,3.1087618,4.0357466,-2.7794337,-5.699712,-2.917115,12.399081,-0.7004962,-5.201212,0.45837384,0.1172753,8.774148,4.4836555,-1.36387,-6.78042,-1.0966755,2.8995218,3.0567465,-11.884637,8.702316,-12.246894,1.4893504,3.184699,2.5022168,8.245857,3.0724704,8.849658,3.4773254,9.795763,-11.131802,1.523386,1.7803974,-4.8221083,5.588223102089539,-1.443574596088605,-1.4494933,-1.064252,60,13.347324000001349,13.34732500000135,6.37374,90.0,90.0,89.99994848785207,1135.4886092403344,2.8731,2.31252,2.31252,2.8731,3.73135,3.73132,3.73135,3.73131,3.73131,0.0528406885914436,1,3,0,0,0,0,0,3.73133,2.87306,3.73132,0.0,0.0,0.0,0.0,0.0,0.0,0.0,0.0,0.0,0.0,0.0,0.0,0.0,0.0,0.0,1.75734,271.75,2393.24,1361.86,0.0,0.0,0.0,1,271.75,0.0,0.0,0.0,0.0,0.0,0,0.0,0.0,0.0,0.0,0.0,0.0,0.0,0.0,0.0,0.0,0.0,0.0,0.0,0.0,0.0,0.0,0.0,0.0,0.0,0.0,0.0,0.0,0.0,0.0,0.0,86.1609,0.07588,0.043179,0.0,0.0,0.0,86.1609,0.0,0.0,0.0,0.0,0.0,0.0,0.0,0.0,0.0,0.0,0.0,0.0,0.0,0.0,0.0,0.0,0.0,0.0,0.0,0.0,0.0,0.0,0.0,0.0,0.0,0.0,0.0,0.0,0.0,0.0,434.415,0.38258,0.217704,0.0,0.0,0.0,1,50000,0.07588,0.0,0.38258,0.0,0.04296,0.57446,0.0332225828571428,0.1153768247259032,11.908707225053051,141.4901162223289,0.1221065913621262,0.1035991265757372,2.267434543894999,3.1711687775179893,20.0
SOR,-2.1629403,2.9749775,-5.2744904,0.32337576,2.754528,-0.5231686,3.2520745,-0.88367784,-1.1784325,-7.850348,2.0172627,-3.5802872,2.3103013,-9.778203,2.0397646,-6.1503806,1.8234609,-1.1355034,-0.74343586,1.3026892,3.7374516,-6.016351,0.17220017,1.311118,3.93473,4.7840686,-0.21559775,-4.5970826,8.384772,0.1470377,4.6615634,3.2201598,4.1675253,3.0890787,1.3102666,-4.1150208,-0.7462358,-1.0805541,1.5375721,5.014361,0.7578178,-4.6559467,3.8747633,-4.178171,-0.09681547,1.1144557,2.5184863,3.027743,1.7418486,4.3419394,-5.1020684,2.222178,-1.6742297,-2.5003815,-3.2016392,0.033738673,-1.5178227,-0.5762321,4.3732495,-2.8070095,3.8435416,-2.4560707,-5.047196,-2.6989622,-1.022200170764475,0.08224116866265509,1.1546423,-3.741339,144,20.741556,17.29676900000003,7.544382,90.00000331251344,90.0,90.0,2706.636842015745,5.64061,2.02754,2.02754,5.64061,6.29084,6.26963,6.29084,6.29082,6.29082,0.0532025566801777,1,3,0,0,0,0,0,6.29067,5.64047,6.29067,0.0,0.0,0.0,0.0,0.0,0.0,0.0,0.0,0.0,0.0,0.0,0.0,0.0,0.0,0.0,1.76937,408.42,1508.96,852.821,9.2471,34.1645,19.3088,1,408.42,0.0,0.0,0.0,0.0,0.0,4,3.89085,3.57165,0.901479,0.883119,0.0,0.0,0.0,0.0,0.0,0.0,0.0,0.0,0.0,0.0,0.0,0.0,0.0,0.0,0.0,0.0,0.0,0.0,0.0,0.0,0.0,365.883,0.13518,0.0764,1.08265,0.0004,0.000226069,365.883,0.0,0.0,0.0,0.0,0.0,0.433062,0.59546,0.0,0.0541327,0.0,0.0,0.0,0.0,0.0,0.0,0.0,0.0,0.0,0.0,0.0,0.0,0.0,0.0,0.0,0.0,0.0,0.0,0.0,0.0,0.0,823.792,0.30436,0.172016,26.6333,0.00984,0.0055613,1,50000,0.13518,0.0004,0.30436,0.00984,0.1024,0.5834,0.0332226124186046,0.0861515856183297,10.930324588783003,126.89402454984416,0.2055657109634551,0.1604484260975984,1.4437062853076703,0.0983351541034576,48.0
STI,2.6459234,-1.61617,3.329896,2.3919015,4.123577,1.9674523,-6.17174,-2.589831,-3.5509958,1.5830371,1.4416609,5.248652,-4.3128514,-0.76827586,1.0061581,7.106183,1.965788,0.26685524,5.1240654,0.24636202,0.41935912,0.4405625,6.0867624,-1.3953056,-2.5622706,-1.2323633,3.547868,-12.098424,3.0497785,0.38217872,-2.4922273,0.3098093,0.38737088,-1.0507106,2.7358406,2.8446593,-0.49423784,-4.1488833,-1.1799741,-6.974172,-0.7699178,-1.7582724,5.1471915,-5.1527853,3.0817494,-5.311432,-0.85578805,8.782441,-0.61571914,-4.403823,1.6650841,7.985944,4.4368553,4.5618362,8.244966,0.62729055,11.820055,4.312276,-3.1910312,-4.3426185,3.4917789,-5.3722982,0.3736089,-2.1151528,-0.32009136311874103,-0.169932188352062,2.5481553,-2.0882003,216,13.425012,17.499501000000027,17.85153700000003,89.99999351629089,90.0,90.0,4193.879633868133,4.38689,4.38689,2.58392,1.28962,5.61262,5.6125,5.6125,5.61261,5.6125,0.051503624056272,2,2,2,0,0,0,0,5.61261,4.38378,5.61261,5.61262,4.387,5.6126,0.0,0.0,0.0,0.0,0.0,0.0,0.0,0.0,0.0,0.0,0.0,0.0,1.71287,864.745,2061.92,1203.78,0.0,0.0,0.0,2,428.683,436.062,0.0,0.0,0.0,0.0,0,0.0,0.0,0.0,0.0,0.0,0.0,0.0,0.0,0.0,0.0,0.0,0.0,0.0,0.0,0.0,0.0,0.0,0.0,0.0,0.0,0.0,0.0,0.0,0.0,0.0,605.009,0.14426,0.0842212,0.0,0.0,0.0,312.78,292.23,0.0,0.0,0.0,0.0,0.0,0.0,0.0,0.0,0.0,0.0,0.0,0.0,0.0,0.0,0.0,0.0,0.0,0.0,0.0,0.0,0.0,0.0,0.0,0.0,0.0,0.0,0.0,0.0,0.0,1561.3,0.37228,0.217343,0.0,0.0,0.0,1,50000,0.14426,0.0,0.37228,0.0,0.06456,0.56316,0.0332225860066445,0.1141435122929458,11.820188898419634,139.9253660617269,0.1869262491694351,0.1498617023111789,1.5923365120777249,0.5448216223897604,72.0
ITR,-2.127437,-7.3444834,2.1256738,-0.6864366,-2.746454,9.243634,-2.6668792,4.324842,-2.1951015,-2.2998056,6.7614727,-4.732182,15.0747,-1.9283763,-1.9226179,-0.20362699,-1.3211879,0.444556,-0.76592934,1.2046771,6.613511,-4.1873145,3.6213136,-0.91206956,-2.6098652,10.688537,5.1363354,1.6424654,8.098185,-8.546535,2.8055809,-6.8737483,0.9224377,-3.9807427,-5.111402,-0.04154992,3.6994145,5.2499676,-0.5859823,-5.662054,0.7066328,-1.3957481,0.30644336,-2.6464412,-1.7713721,2.1690855,-2.9335678,-5.4909143,4.8208804,11.218983,-10.537527,1.5996585,1.0933516,3.272478,7.8764706,1.3710103,3.278363,-7.1739736,11.951478,-3.3810422,1.8504117,-2.9188597,-1.2967846,1.9157698,-0.02336189202965684,1.0131820162074028,0.39653245,-3.957529,336,11.439594078360342,22.06654400427276,25.08160040278168,89.99958765533799,89.93153297705945,90.00224552254156,6331.401705341557,4.65285,4.65285,4.59193,3.40289,5.96456,5.84919,5.95802,5.96456,5.84919,0.0530688172441388,1,3,0,0,0,0,0,5.96464,4.65289,5.95964,0.0,0.0,0.0,0.0,0.0,0.0,0.0,0.0,0.0,0.0,0.0,0.0,0.0,0.0,0.0,1.76492,1079.14,1704.43,965.723,3.29838,5.20955,2.95171,1,1079.14,0.0,0.0,0.0,0.0,0.0,8,0.42267,0.562853,0.341808,0.301907,0.341808,0.42267,0.623234,0.281426,0.0,0.0,0.0,0.0,0.0,0.0,0.0,0.0,0.0,0.0,0.0,0.0,0.0,0.0,0.0,0.0,0.0,851.7,0.13452,0.0762186,0.0,0.0,0.0,851.7,0.0,0.0,0.0,0.0,0.0,0.0,0.0,0.0,0.0,0.0,0.0,0.0,0.0,0.0,0.0,0.0,0.0,0.0,0.0,0.0,0.0,0.0,0.0,0.0,0.0,0.0,0.0,0.0,0.0,0.0,2004.27,0.31656,0.179362,0.0,0.0,0.0,1,50000,0.13452,0.0,0.31656,0.0,0.10606,0.57738,0.0332225863122923,0.0793844478157745,11.453055618119626,133.72001412451286,0.189883465116279,0.1461549668223996,1.5351646250455715,0.3944699073397886,112.0
GME,-6.317507,9.736213,-2.889647,3.5018122,2.025422,5.3613267,4.392472,0.7880087,1.1931335,-5.632811,-2.3202128,-0.5205493,-1.5247389,2.0137866,0.23288217,0.058204055,13.2510395,-3.3589287,-4.6441984,-0.97878873,-2.9677725,-2.7998643,-4.734355,-0.6719257,1.8943669,0.5685473,-3.6600266,-4.134247,2.193542,1.9072149,7.5167933,-0.8481692,-5.514009,-0.5346421,1.9334022,0.5562209,-4.9392314,-1.5901543,-1.3431922,5.901989,-0.75460845,-1.5790949,9.255656,1.7184374,0.3740823,-0.41396537,4.1486053,0.8420991,4.6758885,-5.0239677,4.733082,2.205387,3.792283,-1.6789258,-6.5443897,1.6417124,-1.3734244,-6.5354595,-2.1941404,4.9081187,6.375687,-2.4839349,4.8679185,-0.7369164,0.11028884649484183,-0.14723006146274867,0.057828866,-3.0967965,72,13.558097,13.55809774452338,9.651388,90.0,90.0,120.0000006233248,1536.448123876006,6.40742,2.72283,2.72437,6.40742,7.00369,7.00272,6.78035,7.00369,7.00369,0.0468613283332763,1,3,0,0,0,0,0,7.00382,6.40761,7.00382,0.0,0.0,0.0,0.0,0.0,0.0,0.0,0.0,0.0,0.0,0.0,0.0,0.0,0.0,0.0,1.55848,344.146,2239.88,1437.22,5.0678,32.9838,21.1641,1,344.146,0.0,0.0,0.0,0.0,0.0,2,2.47352,2.59428,0.0,0.0,0.0,0.0,0.0,0.0,0.0,0.0,0.0,0.0,0.0,0.0,0.0,0.0,0.0,0.0,0.0,0.0,0.0,0.0,0.0,0.0,0.0,281.969,0.18352,0.117756,0.798953,0.00052,0.000333658,281.969,0.0,0.0,0.0,0.0,0.0,0.460934,0.338019,0.0,0.0,0.0,0.0,0.0,0.0,0.0,0.0,0.0,0.0,0.0,0.0,0.0,0.0,0.0,0.0,0.0,0.0,0.0,0.0,0.0,0.0,0.0,671.489,0.43704,0.280427,22.4014,0.01458,0.00935527,1,50000,0.18352,0.00052,0.43704,0.01458,0.03558,0.5128,0.0332225956810631,0.096828297856512,11.438760740008105,132.8016530636473,0.2177383122923588,0.1559328819764482,1.2945797035538602,-0.2553774145989926,24.0
PWN,-2.9137025,2.6889296,-0.6416038,-1.5849302,2.3422341,-2.9585373,0.4012403,2.9834578,-1.7695454,-4.1630144,-1.0930439,-4.3283315,2.4811373,-2.1642182,-3.668059,-0.1918813,0.040552348,0.3459376,0.9967015,0.3697324,0.618975,-1.0898113,1.9197417,-0.13119636,-0.364717,-2.2914588,0.19054271,-2.2028718,0.6068208,1.2824434,1.8188957,-0.77347887,1.8295403,2.2018545,0.7324446,0.31125444,-1.4429533,-2.0703933,-0.14478898,2.5289197,0.5468485,-0.5675621,-3.2753322,-6.642593,-2.3242285,-1.1565398,-0.14742179,-2.498374,0.2679308,-3.8625505,0.63400006,3.2619846,0.63905025,-0.6537108,1.1965932,-3.931334,0.06006679,-1.8031378,2.82306,-4.0456963,-1.8991282,1.4180524,-3.398185,3.9869323,-1.3089938336446971,0.2762927549926316,1.9863256,-3.512831,720,24.58551,24.58551,24.58551,90.0,90.0,90.0,14860.645186813055,3.48001,3.47994,3.48001,3.47601,9.88922,9.88921,9.88921,9.88921,9.88921,0.0484501171348138,1,3,0,0,0,0,0,9.89022,3.47997,9.89022,0.0,0.0,0.0,0.0,0.0,0.0,0.0,0.0,0.0,0.0,0.0,0.0,0.0,0.0,0.0,1.61132,3446.17,2318.99,1439.19,0.0,0.0,0.0,1,3446.17,0.0,0.0,0.0,0.0,0.0,0,0.0,0.0,0.0,0.0,0.0,0.0,0.0,0.0,0.0,0.0,0.0,0.0,0.0,0.0,0.0,0.0,0.0,0.0,0.0,0.0,0.0,0.0,0.0,0.0,0.0,2325.69,0.1565,0.0971254,0.0,0.0,0.0,2325.69,0.0,0.0,0.0,0.0,0.0,0.0,0.0,0.0,0.0,0.0,0.0,0.0,0.0,0.0,0.0,0.0,0.0,0.0,0.0,0.0,0.0,0.0,0.0,0.0,0.0,0.0,0.0,0.0,0.0,0.0,5989.43,0.40304,0.250131,0.0,0.0,0.0,1,50000,0.1565,0.0,0.40304,0.0,0.06838,0.52858,0.033222591654485,0.0375668413100974,7.975024138109325,69.50623373888536,0.2246271669435216,0.1375731218607659,1.331283199682512,0.0393963929191576,240.0
BSV,-4.424603,-1.7738712,3.0096366,0.6377011,0.0032548904,3.9103854,-11.73926,2.93229,10.171364,0.060460538,-2.7931998,5.4429626,-6.771661,5.189001,-12.501056,4.884389,-1.0624597,-1.8430253,3.589919,3.6375036,13.879736,-0.8910463,8.642675,-2.1686285,-2.454743,0.7813791,5.7695217,-17.944363,7.460228,-1.816437,-3.226358,1.798367,-7.7371173,7.5745173,1.6302747,0.5879698,-4.437335,2.751203,0.8792693,-11.0198345,-1.3905139,-0.8363686,12.046251,-4.4317956,4.4982796,-13.38814,-0.14594556,5.281483,-0.43757832,-9.878392,3.491844,11.45239,6.6682878,-0.990899,9.144296,2.208619,18.47491,18.213686,-1.4453858,-1.1273501,1.5196798,-2.640532,-1.6739507,-0.91729593,0.48186707844079674,-0.757046281526308,2.8655457,-1.0508054,288,17.392098,17.392098,17.392098,90.0,90.0,90.0,5260.850030398316,3.49556,3.49556,3.49543,3.49555,4.84688,4.83198,4.83826,4.83826,4.83198,0.0547440049299779,2,3,3,0,0,0,0,4.84562,3.49557,4.84562,4.83998,3.49556,4.83998,0.0,0.0,0.0,0.0,0.0,0.0,0.0,0.0,0.0,0.0,0.0,0.0,1.82064,1061.38,2017.51,1108.14,0.0,0.0,0.0,2,527.454,533.929,0.0,0.0,0.0,0.0,0,0.0,0.0,0.0,0.0,0.0,0.0,0.0,0.0,0.0,0.0,0.0,0.0,0.0,0.0,0.0,0.0,0.0,0.0,0.0,0.0,0.0,0.0,0.0,0.0,0.0,550.601,0.10466,0.0574854,0.0,0.0,0.0,277.247,273.354,0.0,0.0,0.0,0.0,0.0,0.0,0.0,0.0,0.0,0.0,0.0,0.0,0.0,0.0,0.0,0.0,0.0,0.0,0.0,0.0,0.0,0.0,0.0,0.0,0.0,0.0,0.0,0.0,0.0,1753.86,0.33338,0.183112,0.0,0.0,0.0,1,50000,0.10466,0.0,0.33338,0.0,0.07932,0.5873,0.033222623488372,0.1022196726152359,11.777975610247742,139.30565668253615,0.1577815946843854,0.1287881057513916,1.848395741906492,1.447841103661327,96.0
OSO,-15.896526,9.507801,1.260606,2.3367827,12.106686,16.401615,11.957405,5.9844685,-6.7745605,8.528302,-2.77609,-5.7926774,-0.19091925,11.825734,4.1337757,2.8439858,28.118645,0.8149849,-4.844515,-0.5421009,-7.4420176,2.1576402,-12.863852,-1.674144,-1.2074844,6.844435,-2.781842,-3.7999501,1.4216024,-1.7324479,10.616652,-1.6616701,-4.0885572,-2.8893058,4.1216803,-2.4042878,0.2072108,-0.21962447,-2.8023622,-0.12996721,-0.4151734,-3.011071,15.709829,-2.592664,4.1821394,-8.5534935,4.364838,5.7964487,3.6566753,-8.492518,13.000483,3.0596442,8.040678,2.6353707,-6.754428,5.099454,-9.895433,-17.01953,-13.333118,6.3340783,15.315288,-8.5366,1.1640694,3.9815435,-0.4073991809776455,1.1666943474848215,0.27033797,-6.297081,27,10.292873,10.292873186540092,7.666069,90.0,90.0,119.99999618664012,703.3582867720678,5.67106,3.01771,3.01846,5.67106,5.87921,5.87919,5.87921,5.87921,5.87921,0.0383872636574902,1,3,0,0,0,0,0,5.87922,5.67113,5.87922,0.0,0.0,0.0,0.0,0.0,0.0,0.0,0.0,0.0,0.0,0.0,0.0,0.0,0.0,0.0,1.27666,195.133,2774.31,2173.11,0.0,0.0,0.0,1,195.133,0.0,0.0,0.0,0.0,0.0,0,0.0,0.0,0.0,0.0,0.0,0.0,0.0,0.0,0.0,0.0,0.0,0.0,0.0,0.0,0.0,0.0,0.0,0.0,0.0,0.0,0.0,0.0,0.0,0.0,0.0,178.864,0.2543,0.199192,0.0,0.0,0.0,178.864,0.0,0.0,0.0,0.0,0.0,0.0,0.0,0.0,0.0,0.0,0.0,0.0,0.0,0.0,0.0,0.0,0.0,0.0,0.0,0.0,0.0,0.0,0.0,0.0,0.0,0.0,0.0,0.0,0.0,0.0,393.627,0.55964,0.438364,0.0,0.0,0.0,1,50000,0.2543,0.0,0.55964,0.0,0.0197,0.42066,0.0332225801661129,0.1127311246811929,11.891168184138747,141.5913847683908,0.1931197873754152,0.1532436776230106,1.5375200188206,0.3721782707591727,9.0
BRE,-7.4739633,3.2882104,3.0161772,1.1970782,1.9505231,6.6735196,2.2104492,5.8879514,3.6527612,-3.0691442,4.250014,-10.255446,7.202423,11.992395,-14.827594,-2.4340775,-1.1134927,-1.0637723,-1.7131795,0.81067395,4.0945854,-9.18264,11.482507,-0.9249245,9.680855,13.298568,9.474168,-0.55943716,1.2218871,-2.765222,8.25905,-4.4423842,-2.3625333,4.199543,7.549402,-6.1241293,-3.35647,7.6905775,-0.65045416,-5.8977795,-7.645909,1.9790654,14.930481,11.335717,4.78591,-3.673621,-0.8995306,1.133732,0.32161248,-4.6052475,-3.8822517,5.631949,5.2266793,0.34929925,4.000626,0.52856416,1.328149,2.479773,-0.10471049,-5.848699,5.534736,-0.19165722,-3.3108206,3.721584,-0.006015912591410866,0.5974047765625725,1.6672528,-0.34138295,48,6.729260583478545,17.070158000001904,7.592052667677695,89.9999713722611,95.31616687502492,89.9999523782055,868.3443714926937,2.70138,2.33109,1.26368,2.70138,4.8443,4.80118,4.83759,4.8443,4.8443,0.0552776082575251,2,2,2,0,0,0,0,4.84425,2.70133,4.84425,4.83756,2.70017,4.83756,0.0,0.0,0.0,0.0,0.0,0.0,0.0,0.0,0.0,0.0,0.0,0.0,1.83838,166.239,1914.44,1041.37,0.0,0.0,0.0,2,83.7659,82.4731,0.0,0.0,0.0,0.0,0,0.0,0.0,0.0,0.0,0.0,0.0,0.0,0.0,0.0,0.0,0.0,0.0,0.0,0.0,0.0,0.0,0.0,0.0,0.0,0.0,0.0,0.0,0.0,0.0,0.0,79.2625,0.09128,0.0496523,0.0,0.0,0.0,39.336,39.9265,0.0,0.0,0.0,0.0,0.0,0.0,0.0,0.0,0.0,0.0,0.0,0.0,0.0,0.0,0.0,0.0,0.0,0.0,0.0,0.0,0.0,0.0,0.0,0.0,0.0,0.0,0.0,0.0,0.0,291.347,0.33552,0.182508,0.0,0.0,0.0,1,50000,0.09128,0.0,0.33552,0.0,0.06194,0.60254,0.0332225876079734,0.1291487524616963,12.06753692234924,144.22076950420984,0.1604205647840532,0.1325025724970619,1.831271621483731,1.360787912488976,16.0
AFY,-14.56232,8.216143,1.698132,2.2846892,10.113794,15.551562,7.907612,5.167167,-6.262407,7.492246,-1.9290965,-6.671034,2.6193678,12.208851,3.4299405,2.382634,25.418095,0.11536907,-6.825733,-0.34932354,-8.079595,1.6878247,-12.023698,-0.2963627,-2.6850402,4.6455116,-0.2906711,-1.4550885,1.5074066,-2.9061882,9.093616,-0.6742475,-3.0493848,-3.8758132,4.0726304,-3.3997824,2.6133535,0.29956698,-2.0441391,-1.6435285,0.0722937,-2.1009822,13.083955,-4.285745,3.666676,-7.6664505,4.6921296,2.7873619,4.1898937,-5.7368793,10.621618,3.658162,5.4924355,5.960142,-6.0610347,5.097416,-9.60088,-12.339194,-10.649466,3.8297727,14.6100645,-8.656184,1.76985,4.7026615,-0.4408979113586687,0.898285376855662,0.31978908,-6.2543364,48,12.335337000000042,12.335339303439934,8.600827,90.00000464484829,90.0,120.00000651281736,1133.3731875344488,5.47506,3.56322,3.56322,5.47506,7.63151,7.63151,7.63151,7.63151,7.63151,0.0423514518676938,1,3,0,0,0,0,0,7.63152,5.47511,7.63152,0.0,0.0,0.0,0.0,0.0,0.0,0.0,0.0,0.0,0.0,0.0,0.0,0.0,0.0,0.0,1.40849,281.95,2487.71,1766.22,0.0,0.0,0.0,1,281.95,0.0,0.0,0.0,0.0,0.0,0,0.0,0.0,0.0,0.0,0.0,0.0,0.0,0.0,0.0,0.0,0.0,0.0,0.0,0.0,0.0,0.0,0.0,0.0,0.0,0.0,0.0,0.0,0.0,0.0,0.0,284.545,0.25106,0.178247,0.0,0.0,0.0,284.545,0.0,0.0,0.0,0.0,0.0,0.0,0.0,0.0,0.0,0.0,0.0,0.0,0.0,0.0,0.0,0.0,0.0,0.0,0.0,0.0,0.0,0.0,0.0,0.0,0.0,0.0,0.0,0.0,0.0,0.0,586.453,0.51744,0.367371,0.0,0.0,0.0,1,50000,0.25106,0.0,0.51744,0.0,0.02454,0.45802,0.0332225816943521,0.080332542422508,11.625348935629027,136.75291255095465,0.2457474119601329,0.177049352026058,1.142299524246884,-0.6691454529236185,16.0
SOS,-4.7527204,5.7871046,0.084340334,-1.986804,-2.1632397,-4.8867726,-3.3033748,3.674014,20.191061,-13.590006,3.178067,-1.8940996,9.732658,20.252342,-6.4831967,-3.309355,5.68594,4.5746584,-25.965899,-0.23789087,15.1851845,-10.075194,-3.8084354,1.7694205,-9.020953,6.026492,2.2180784,5.219176,-4.700229,2.8956554,-3.869984,6.1719093,4.9533825,2.9205205,-1.4630803,-3.235677,-5.2743483,8.946809,0.94427717,-3.2749171,4.102672,-0.44899637,4.9857883,2.134443,-1.2871192,-7.8112855,-2.8411148,1.1249615,-0.9191725,-10.436549,8.924196,-11.680788,-4.137033,6.965576,3.4324243,5.9179716,1.1957256,14.465381,5.675738,4.620407,-14.71518,-0.022238761,4.743162,-4.666059,4.894150390960867,-1.0705633309099132,-1.5420176,-0.9784867,72,20.28680400013864,7.262720000046539,9.476548,90.0,90.0,89.99958306374154,1396.249726708032,3.50896,2.14398,3.50896,2.14405,4.08376,4.07995,3.97536,3.307,3.97536,0.0515667066018025,1,3,0,0,0,0,0,4.0837,3.50901,4.08,0.0,0.0,0.0,0.0,0.0,0.0,0.0,0.0,0.0,0.0,0.0,0.0,0.0,0.0,0.0,1.71497,337.656,2418.31,1410.12,0.0,0.0,0.0,1,337.656,0.0,0.0,0.0,0.0,0.0,0,0.0,0.0,0.0,0.0,0.0,0.0,0.0,0.0,0.0,0.0,0.0,0.0,0.0,0.0,0.0,0.0,0.0,0.0,0.0,0.0,0.0,0.0,0.0,0.0,0.0,142.25,0.10188,0.0594064,0.0,0.0,0.0,142.25,0.0,0.0,0.0,0.0,0.0,0.0,0.0,0.0,0.0,0.0,0.0,0.0,0.0,0.0,0.0,0.0,0.0,0.0,0.0,0.0,0.0,0.0,0.0,0.0,0.0,0.0,0.0,0.0,0.0,0.0,513.038,0.36744,0.214255,0.0,0.0,0.0,1,50000,0.10188,0.0,0.36744,0.0,0.06916,0.5634,0.0332225790166113,0.0656563567823995,8.841286278480284,79.77781252665888,0.1262745415282392,0.1045093210149446,2.231320864379944,3.0934467430814783,24.0
MSE,-6.8763175,-2.958246,2.2880974,-4.802908,2.2819781,9.201506,-0.11463259,12.946368,-8.076898,-10.975479,4.58181,-13.859325,9.068885,-7.3239007,-4.5067134,-1.8624201,-2.551172,-3.1441238,4.1949162,-1.8009129,17.175295,-5.959281,0.9915997,-1.0379258,3.7130303,6.1100783,7.911138,-11.29012,11.192953,-8.047654,9.33904,-2.598973,1.7122962,2.5415251,-10.168501,3.30951,-4.358171,3.5032911,2.443233,1.9671267,-3.0660284,-1.8441224,1.151319,-14.650016,-6.362756,-2.2910776,-4.2482657,-4.1288095,6.4238453,7.067282,-5.356089,10.345655,4.817956,-2.8240268,5.609389,-3.9972088,12.712194,-3.240427,19.225714,-6.5707803,0.2965732,-0.9186387,-2.913928,3.131783,-0.6104199827648531,1.7844718240443236,0.24836047,-4.916591,336,18.245029000157547,18.25148747185224,19.98564398698058,90.61385907113092,90.0003185311532,89.9996412367715,6654.815866460601,5.92621,4.74983,4.54661,5.92621,6.3679,6.36128,6.20536,6.36041,6.36041,0.0504897515937887,1,3,0,0,0,0,0,6.36791,5.9263,6.36142,0.0,0.0,0.0,0.0,0.0,0.0,0.0,0.0,0.0,0.0,0.0,0.0,0.0,0.0,0.0,1.67915,1126.81,1693.22,1008.38,27.7368,41.6793,24.8216,1,1126.81,0.0,0.0,0.0,0.0,0.0,12,5.15674,5.98478,0.704096,0.724577,0.743997,0.543433,4.88062,5.42193,1.08474,0.763417,0.925141,0.803318,0.0,0.0,0.0,0.0,0.0,0.0,0.0,0.0,0.0,0.0,0.0,0.0,0.0,1148.62,0.1726,0.10279,3.5936,0.00054,0.000321591,1148.62,0.0,0.0,0.0,0.0,0.0,0.399289,0.532385,0.133096,0.133096,0.133096,0.133096,0.798578,1.33096,0.0,0.0,0.0,0.0,0.0,0.0,0.0,0.0,0.0,0.0,0.0,0.0,0.0,0.0,0.0,0.0,0.0,2343.43,0.35214,0.209713,66.0158,0.00992,0.00590775,1,50000,0.1726,0.00054,0.35214,0.00992,0.08712,0.55082,0.0332225534551494,0.04776613009431,7.529414960802956,58.465473508801765,0.1992381528239202,0.1524830311673692,1.4918268653907465,0.2846442689646378,112.0
LTF,-11.273057,36.364628,30.121923,-1.0025682,-7.393709,28.49292,-10.419943,20.85859,22.134264,-19.585958,11.746865,17.557556,5.0788007,2.041968,-12.148921,-17.189404,15.514626,4.1821504,31.398712,-16.13643,-14.175972,-30.296587,29.796768,-54.27692,-50.497982,31.946999,52.597122,0.8438866,-23.290436,57.442387,50.440956,3.281171,-14.599939,-15.795948,-13.4665165,-12.724566,-6.1492023,-12.137163,0.75329494,32.01058,35.396267,-11.71571,-27.320068,-30.352533,-6.3290744,1.733217,-34.348007,13.803191,31.101707,-18.50016,-33.313053,-21.415571,32.986774,12.857845,-27.594604,-13.953604,12.545062,9.556385,-17.927755,41.90595,-0.054992348,-16.972012,-24.901749,2.9513776,18.49701612505493,30.67912414660749,-2.056425,-3.9112902,324,30.933305,30.933304790692635,7.51158,90.0,90.0,119.99999915444204,6224.644838683894,6.88309,2.59847,2.59852,6.88309,7.57008,6.46088,6.45716,7.57008,7.57008,0.0520511624994985,5,1,3,1,1,1,0,7.57008,6.88309,7.57008,6.4711,5.8541,6.4711,3.47902,2.25589,3.47902,3.47902,2.25627,3.47902,3.47904,2.25484,3.47904,0.0,0.0,0.0,1.73108,1203.16,1932.89,1116.58,0.0,0.0,0.0,5,152.133,896.187,53.6515,50.2472,50.9372,0.0,0,0.0,0.0,0.0,0.0,0.0,0.0,0.0,0.0,0.0,0.0,0.0,0.0,0.0,0.0,0.0,0.0,0.0,0.0,0.0,0.0,0.0,0.0,0.0,0.0,0.0,817.794,0.13138,0.0758948,0.0,0.0,0.0,181.386,601.55,11.7023,12.6983,10.4574,0.0,0.0,0.0,0.0,0.0,0.0,0.0,0.0,0.0,0.0,0.0,0.0,0.0,0.0,0.0,0.0,0.0,0.0,0.0,0.0,0.0,0.0,0.0,0.0,0.0,0.0,2258.18,0.36278,0.209569,0.0,0.0,0.0,1,50000,0.13138,0.0,0.36278,0.0,0.0735,0.56372,0.0332225939568106,0.0369540526876819,6.959567922938969,49.17047078991329,0.202790810631229,0.1415916891637506,1.4488504114134604,0.2341449585069388,108.0
PUN,-3.4658425,0.41607603,-0.39614272,-1.8476367,0.98044,1.5094945,-1.6721048,1.9046222,6.405879,-1.9492201,0.15244819,-0.23685208,1.5157305,5.2426243,-2.0798419,1.7533975,4.381861,1.4558204,-4.1485815,-0.6959698,6.7626386,-1.2680936,-2.6013331,0.3472502,-1.2948714,1.9182813,-0.5650858,-2.5953374,-1.3829294,1.3438406,0.10053341,1.0472994,-2.905597,2.3713412,-2.3379722,0.20029616,-4.0799685,1.1069338,-0.03898053,-1.7462307,0.09077513,-1.2512102,4.5018535,0.7803753,-0.5177098,-5.7993093,-1.8800784,0.82746327,-2.6351748,-6.3776684,4.9135437,-4.6929626,0.75636506,-0.8683508,0.7315757,2.8571744,2.3354275,1.6308535,-0.23543361,5.203393,-4.7270923,-1.7396277,-1.0902838,0.7492031,0.9174688158785786,-0.5460728064908507,1.1759658,-2.543097,108,14.559442,8.583113,19.052018,90.0,90.0,90.0,2380.841828998974,3.86392,3.86389,3.86392,2.83961,4.909,4.9026,4.909,4.84096,4.909,0.0453621062451715,1,3,0,0,0,0,0,4.90898,3.86396,4.90898,0.0,0.0,0.0,0.0,0.0,0.0,0.0,0.0,0.0,0.0,0.0,0.0,0.0,0.0,0.0,1.50862,645.022,2709.22,1795.83,0.0,0.0,0.0,1,645.022,0.0,0.0,0.0,0.0,0.0,0,0.0,0.0,0.0,0.0,0.0,0.0,0.0,0.0,0.0,0.0,0.0,0.0,0.0,0.0,0.0,0.0,0.0,0.0,0.0,0.0,0.0,0.0,0.0,0.0,0.0,434.123,0.18234,0.120865,0.0,0.0,0.0,434.123,0.0,0.0,0.0,0.0,0.0,0.0,0.0,0.0,0.0,0.0,0.0,0.0,0.0,0.0,0.0,0.0,0.0,0.0,0.0,0.0,0.0,0.0,0.0,0.0,0.0,0.0,0.0,0.0,0.0,0.0,1133.38,0.47604,0.315547,0.0,0.0,0.0,1,50000,0.18234,0.0,0.47604,0.0,0.032,0.49196,0.0332226025315614,0.0944758403986965,11.43460274488484,140.89153789899362,0.1627600863787374,0.1339701902315153,1.815416911917984,1.3140799240981194,36.0
UOE,-6.4609857,2.313229,1.4049857,5.026727,9.258038,2.0506973,5.5432477,0.74672115,2.6246786,-6.002744,1.0515233,-3.4020202,17.931564,16.834286,-11.262989,-3.6051497,6.9720755,5.311728,-14.508456,-0.8882927,3.918734,-2.7738752,1.8875836,-0.10880731,-2.2941723,4.5479355,1.1439128,0.5122274,3.9818058,2.2038043,-5.3376083,-3.204903,3.7350342,-6.5238194,0.79754555,-2.0237381,-2.6956606,2.5169857,-3.8071508,-13.443675,0.64527255,2.5483184,0.44339392,0.95501155,-2.5505273,-4.5691442,3.3309586,2.326113,0.43081248,-7.838299,1.9742578,-8.751938,-0.41124687,10.773801,5.450531,7.7234087,-1.7328968,8.560168,4.818124,6.559196,-0.4493533,-2.8545668,-5.2724214,-3.319425,3.634872928672158,-1.3156716847408287,-0.5105615,-0.803339,36,8.99151331849122,7.579578,10.340270089730732,90.0,108.63465177155668,90.0,667.7646865415218,3.4169,3.01001,3.4169,1.93117,4.0942,4.01172,4.0942,4.06071,4.0942,0.0539112066354552,1,2,0,0,0,0,0,4.0942,3.41686,4.0942,0.0,0.0,0.0,0.0,0.0,0.0,0.0,0.0,0.0,0.0,0.0,0.0,0.0,0.0,0.0,1.79294,133.2,1994.71,1112.54,0.0603814,0.904232,0.504329,1,133.2,0.0,0.0,0.0,0.0,0.0,1,0.0603814,0.0,0.0,0.0,0.0,0.0,0.0,0.0,0.0,0.0,0.0,0.0,0.0,0.0,0.0,0.0,0.0,0.0,0.0,0.0,0.0,0.0,0.0,0.0,0.0,66.309,0.0993,0.0553839,0.0,0.0,0.0,66.309,0.0,0.0,0.0,0.0,0.0,0.0,0.0,0.0,0.0,0.0,0.0,0.0,0.0,0.0,0.0,0.0,0.0,0.0,0.0,0.0,0.0,0.0,0.0,0.0,0.0,0.0,0.0,0.0,0.0,0.0,229.631,0.34388,0.191797,0.0,0.0,0.0,1,50000,0.0993,0.0,0.34388,0.0,0.07056,0.58556,0.0332226063122923,0.1540579783880357,12.141217746475911,145.44213366719976,0.1354150132890365,0.11629694535479,2.121571372578932,2.501920884895638,12.0
MER,-3.3107467,1.6390263,-2.552345,-3.7105722,10.62958,8.152323,8.023911,5.339422,-1.3604821,-9.082525,7.2759514,-5.533253,9.045456,1.4733006,-0.48343095,7.739823,0.6940645,0.9710099,-4.9464507,-0.23772201,10.2865,0.3065288,-4.506729,-0.5567776,-7.72027,3.1527379,-1.150387,-6.1145487,-3.911211,0.8595713,-6.7476754,1.0192956,-1.3851123,-2.687178,-6.0686207,6.2082653,-3.8634605,-9.393579,-0.53874755,-1.5235938,6.1736865,-0.43745863,3.1763432,-4.7738767,4.024454,2.41027,-1.6930139,4.291038,0.2949139,-12.477935,3.2059166,0.21369901,3.7772858,8.189812,10.918326,-0.99624205,11.978581,0.21943298,2.462555,-2.1490078,-2.8856764,-3.0304542,3.0069728,-8.323254,2.0047161974094942,0.3086129160739292,-0.53019947,-2.3298452,96,13.99538700011068,13.9953190001055,9.63307100001168,90.00010265721055,89.99985902997524,89.99956604511561,1886.828707313604,3.60075,2.77171,2.77171,3.60075,5.81541,5.81541,5.81541,5.81541,5.81541,0.0508790223658835,1,3,0,0,0,0,0,5.81543,3.60065,5.81543,0.0,0.0,0.0,0.0,0.0,0.0,0.0,0.0,0.0,0.0,0.0,0.0,0.0,0.0,0.0,1.6921,450.744,2388.9,1411.8,0.0,0.0,0.0,1,450.744,0.0,0.0,0.0,0.0,0.0,0,0.0,0.0,0.0,0.0,0.0,0.0,0.0,0.0,0.0,0.0,0.0,0.0,0.0,0.0,0.0,0.0,0.0,0.0,0.0,0.0,0.0,0.0,0.0,0.0,0.0,217.627,0.11534,0.0681639,0.0,0.0,0.0,217.627,0.0,0.0,0.0,0.0,0.0,0.0,0.0,0.0,0.0,0.0,0.0,0.0,0.0,0.0,0.0,0.0,0.0,0.0,0.0,0.0,0.0,0.0,0.0,0.0,0.0,0.0,0.0,0.0,0.0,0.0,763.373,0.40458,0.2391,0.0,0.0,0.0,1,50000,0.11534,0.0,0.40458,0.0,0.03694,0.55848,0.0332225546511627,0.0511791969070583,10.058250190411412,107.84651699021538,0.169823488372093,0.1240618968137721,1.6838905999975962,1.01309818657292,32.0
NSI,-7.108001,3.5006595,3.2487772,4.0007915,2.4320378,-4.2434936,9.064614,2.2233815,6.921807,-0.11952928,1.847872,-4.3972125,11.668663,11.325322,-16.003656,-8.215474,6.300479,-0.5426729,-12.449256,-0.8307656,0.13841815,4.334901,0.9774895,-3.0946715,-2.1359928,8.743804,3.9163954,6.4934,0.21830127,6.929741,-0.05063255,-1.9049278,9.977268,0.7693975,3.1188662,-6.915141,8.126977,4.063301,0.0910209,-10.967835,-2.8400712,-2.018543,0.45972404,1.688023,-1.6360071,-1.0546092,-1.438614,-0.0251244,-2.5733814,1.9326595,-3.6949675,-5.238677,1.9419403,3.6281908,2.2948709,2.9765427,-4.8186927,1.1513385,2.765273,10.175824,-2.4977612,-1.0413035,-5.68453,-4.22612,2.557416340241261,-0.23079176848130808,0.25192067,-0.72228825,36,13.957714994282302,4.9909940000001,8.547207904954869,89.99998181679321,105.2931322077573,90.00000298746434,574.3385471872831,2.54358,1.12439,2.54358,1.06311,3.14943,3.14943,3.14943,3.14627,3.14943,0.0626808006815898,2,1,1,0,0,0,0,3.14623,2.54356,3.14623,3.1494,2.54356,3.1494,0.0,0.0,0.0,0.0,0.0,0.0,0.0,0.0,0.0,0.0,0.0,0.0,2.08459,59.9718,1044.19,500.908,0.0,0.0,0.0,2,29.8381,30.1337,0.0,0.0,0.0,0.0,0,0.0,0.0,0.0,0.0,0.0,0.0,0.0,0.0,0.0,0.0,0.0,0.0,0.0,0.0,0.0,0.0,0.0,0.0,0.0,0.0,0.0,0.0,0.0,0.0,0.0,15.1855,0.02644,0.0126835,0.0,0.0,0.0,7.60424,7.58127,0.0,0.0,0.0,0.0,0.0,0.0,0.0,0.0,0.0,0.0,0.0,0.0,0.0,0.0,0.0,0.0,0.0,0.0,0.0,0.0,0.0,0.0,0.0,0.0,0.0,0.0,0.0,0.0,0.0,114.787,0.19986,0.0958749,0.0,0.0,0.0,1,50000,0.02644,0.0,0.19986,0.0,0.11602,0.68412,0.033222615282392,0.1640071770769525,12.145159626927034,145.50620526114886,0.1062846478405315,0.0949606625118017,2.554452892094385,4.525238203766537,12.0
SZR,5.3160787,3.106494,-9.727187,3.7877188,4.6932216,-1.7598147,4.100427,-1.7258943,-1.3532497,-18.022886,6.6107044,2.6063323,12.871565,2.0416195,1.0785301,2.7276056,-1.137365,2.146473,-9.154113,1.4890085,4.122822,-8.273217,4.2806644,0.847938,-0.6586454,1.9804192,5.300591,-5.2010636,5.7123675,-0.713595,7.588268,1.8062351,-2.8544261,-5.672019,0.59038204,11.338744,-14.025391,-8.78557,1.9488252,4.399319,5.0993185,-1.9757915,-4.616978,-1.7282547,-1.3318989,2.7053416,-0.20786561,5.3417144,7.624651,0.09773293,-5.860423,-1.54988,-3.3671916,-1.1320076,5.6075535,2.719974,4.3125415,6.888741,7.3795733,-3.807189,2.7731183,-4.885522,-2.1994503,-6.2633796,2.0280562944864893,0.5047341107747135,-0.38266274,-2.6941261,108,18.59164000002133,14.214875002917648,7.456086001516948,89.99768649608949,90.00017081942404,90.00001730854203,1970.4782920236617,4.05115,2.71428,2.71428,4.05115,5.47726,5.47726,5.47708,5.299,5.299,0.0548090280604335,1,3,0,0,0,0,0,5.47728,4.05129,5.47728,0.0,0.0,0.0,0.0,0.0,0.0,0.0,0.0,0.0,0.0,0.0,0.0,0.0,0.0,0.0,1.8228,318.93,1618.54,887.943,12.4755,63.3123,34.7336,1,318.93,0.0,0.0,0.0,0.0,0.0,4,4.67051,5.57093,0.966103,1.26801,0.0,0.0,0.0,0.0,0.0,0.0,0.0,0.0,0.0,0.0,0.0,0.0,0.0,0.0,0.0,0.0,0.0,0.0,0.0,0.0,0.0,203.669,0.10336,0.056704,1.77343,0.0009,0.000493746,203.669,0.0,0.0,0.0,0.0,0.0,0.630553,0.90642,0.0394096,0.197048,0.0,0.0,0.0,0.0,0.0,0.0,0.0,0.0,0.0,0.0,0.0,0.0,0.0,0.0,0.0,0.0,0.0,0.0,0.0,0.0,0.0,590.513,0.29968,0.164407,41.2224,0.02092,0.0114769,1,50000,0.10336,0.0009,0.29968,0.02092,0.0826,0.5968,0.0332226158803986,0.0667827557201945,10.425281384809612,114.12573237027848,0.172284976744186,0.1344389949062593,1.6821036575231425,0.8755980817948026,36.0
SBS,-15.734603,10.49877,0.26541463,-8.70115,5.236213,3.0651839,-0.689595,4.1089535,-2.2885818,-3.4199672,-1.5409585,-18.211874,8.4918785,5.1031203,-6.2906547,0.19033962,0.16128191,-1.7745696,1.9752401,-2.5229461,-0.33433893,-4.7248735,4.115912,-2.4102466,1.8157474,-3.2378654,5.40289,5.0559773,2.9695258,-5.8921847,5.733932,-5.5895576,3.55843,0.318571,10.671383,-3.7225378,-2.2465339,1.9555603,-1.5511181,7.581392,0.6007484,-2.802547,-6.321883,-13.295907,-2.0286582,-5.6367254,-2.834801,-8.135141,3.8933783,-9.0941,0.5740601,3.8975477,2.774831,7.299031,-0.31300983,-5.0137916,-8.619384,-11.678849,0.73296535,-8.889024,5.095305,5.9534874,-11.17354,19.539654,-3.301233254427316,3.6692957182310124,2.6174805,-5.7302155,288,17.066999000109128,17.06700039486087,27.38483100000016,90.0000064954957,89.99998700904617,120.00040559422057,6908.01518252781,6.73965,6.73965,6.73965,5.21641,10.81169,10.7594,10.61979,10.76745,10.7594,0.041690701654569,1,3,0,0,0,0,0,10.8116,6.73966,10.807,0.0,0.0,0.0,0.0,0.0,0.0,0.0,0.0,0.0,0.0,0.0,0.0,0.0,0.0,0.0,1.38652,1240.85,1796.25,1295.51,65.5714,94.9207,68.4598,1,1240.85,0.0,0.0,0.0,0.0,0.0,6,14.7913,2.6257,16.0928,15.5116,1.54201,15.0081,0.0,0.0,0.0,0.0,0.0,0.0,0.0,0.0,0.0,0.0,0.0,0.0,0.0,0.0,0.0,0.0,0.0,0.0,0.0,1992.96,0.2885,0.208075,14.2305,0.00206,0.00148574,1992.96,0.0,0.0,0.0,0.0,0.0,3.59217,0.13816,2.34873,3.59217,0.690802,3.86849,0.0,0.0,0.0,0.0,0.0,0.0,0.0,0.0,0.0,0.0,0.0,0.0,0.0,0.0,0.0,0.0,0.0,0.0,0.0,3258.1,0.47164,0.340161,116.193,0.01682,0.0121311,1,50000,0.2885,0.00206,0.47164,0.01682,0.05658,0.45496,0.0332225648870431,0.066892801732963,9.399977311520855,90.9719089378721,0.34578603641196,0.215570887398725,0.6316207719476526,-1.5564385447887092,96.0
IRN,-5.937391,10.37312,-6.274309,-5.9850326,4.6693983,3.5449834,-10.156525,4.9505935,4.5516,1.8570026,3.2596714,-7.8090677,7.9537215,-11.879028,-7.035252,0.49960548,2.1235688,9.090175,-1.6247479,0.8463603,6.7094364,-1.4584184,2.093101,5.344814,-6.0698752,0.19396721,14.444559,-9.997033,11.210409,-2.5553496,1.0124013,0.03580978,6.462726,2.8346052,3.4315076,-3.40671,6.212671,-7.040201,-0.9168631,-3.8448844,5.842142,-5.670898,2.475464,-6.2383947,3.704968,-13.269436,3.6383107,-2.4691455,-5.93462,3.5803428,-3.5729494,7.162129,-5.32916,11.175613,-3.609453,-1.0084605,-4.85011,3.2899382,1.2779895,-1.9332923,13.451696,-8.705149,-21.418056,4.109785,-2.7913472733230553,3.412904228153837,-0.57752806,-5.3247986,276,19.45947992191862,18.1774893980119,16.35476100000153,90.00003324675798,89.99996779133755,89.8052925930467,5785.046089319936,3.10576,1.51595,3.10576,2.33858,8.25937,8.24864,8.25937,8.24864,8.25937,0.047709213675849,2,2,2,0,0,0,0,8.25938,3.10573,8.25938,8.25937,3.10575,8.25937,0.0,0.0,0.0,0.0,0.0,0.0,0.0,0.0,0.0,0.0,0.0,0.0,1.58668,1055.54,1824.6,1149.95,80.1825,138.603,87.3542,2,525.282,530.257,0.0,0.0,0.0,0.0,4,20.7514,18.8492,20.7966,19.7853,0.0,0.0,0.0,0.0,0.0,0.0,0.0,0.0,0.0,0.0,0.0,0.0,0.0,0.0,0.0,0.0,0.0,0.0,0.0,0.0,0.0,1048.25,0.1812,0.114201,24.0658,0.00416,0.00262183,541.018,507.233,0.0,0.0,0.0,0.0,6.24785,5.66935,4.97514,7.17346,0.0,0.0,0.0,0.0,0.0,0.0,0.0,0.0,0.0,0.0,0.0,0.0,0.0,0.0,0.0,0.0,0.0,0.0,0.0,0.0,0.0,2233.95,0.38616,0.243376,157.006,0.02714,0.0171049,1,50000,0.1812,0.00416,0.38616,0.02714,0.06478,0.52192,0.0332225975813953,0.125394431583702,11.948010080259342,142.143793297833,0.2650744721926911,0.1851583984463946,1.0148791264810535,-0.9539035761720438,92.0
EUO,-0.6137802,-5.838338,1.8088877,4.50694,-8.926336,10.358007,-4.9446807,2.6761966,-0.28141066,1.9433259,-3.4404209,3.7391014,1.7422038,-9.865337,-3.9841034,2.063907,-2.3353598,2.1982918,3.6287677,1.1650118,1.9404575,-0.17641157,1.8111786,3.0849023,1.7509555,2.154763,-2.5533426,-2.8250136,2.4992805,1.7473032,1.4318655,-1.6147848,-6.87101,-0.12791952,-4.135997,-0.67999387,4.9060173,-0.5953176,-2.8487024,-5.1413918,-1.5856662,1.1549432,3.0673757,-2.6804144,1.2422944,-2.3933847,3.639671,-4.8415017,5.87344,4.4131265,2.6499841,1.7512085,4.045563,-2.3287044,7.130782,3.2145286,-0.292316,0.6603873,2.551748,3.9426272,-2.8715668,1.7798874,-3.1405919,2.1976657,-0.7353590203925152,-1.167770461738766,2.546525,-2.3848405,336,13.619323273053103,22.214727000059103,20.11079897311365,89.99992168450622,89.76619289134169,90.00025250915502,6084.462487922104,4.1956,4.1956,1.49814,1.51188,5.61111,5.52712,5.60018,5.60027,5.52712,0.055222626594703,2,1,1,0,0,0,0,5.61116,4.19557,5.61116,5.61087,4.18624,5.61087,0.0,0.0,0.0,0.0,0.0,0.0,0.0,0.0,0.0,0.0,0.0,0.0,1.83655,867.863,1426.36,776.65,12.3743,20.3375,11.0737,2,441.905,425.958,0.0,0.0,0.0,0.0,12,0.0399007,2.8132,2.55014,0.0603814,2.63206,3.25423,0.241526,0.119702,0.181144,0.100282,0.0399007,0.341808,0.0,0.0,0.0,0.0,0.0,0.0,0.0,0.0,0.0,0.0,0.0,0.0,0.0,728.188,0.11968,0.0651655,0.608446,0.0001,5.44498e-05,364.459,363.729,0.0,0.0,0.0,0.0,0.0,0.121689,0.121689,0.0,0.121689,0.243378,0.0,0.0,0.0,0.0,0.0,0.0,0.0,0.0,0.0,0.0,0.0,0.0,0.0,0.0,0.0,0.0,0.0,0.0,0.0,1661.67,0.2731,0.148702,22.0258,0.00362,0.00197108,1,50000,0.11968,0.0001,0.2731,0.00362,0.1168,0.60648,0.0332225923255814,0.0733560730184254,9.548644061754306,100.66034106026716,0.1852675813953488,0.1486756340405289,1.6153436926036295,0.629294902136714,112.0
UOZ,-4.000066,-4.747448,7.293771,0.6769615,10.632502,-13.277686,-6.8846273,0.088704586,1.4355884,-0.19631806,-2.714421,-11.209561,4.939631,-2.784833,-12.953684,-9.280172,8.881495,2.7334676,-2.3994966,-2.8508058,14.066243,-0.80206716,-1.5942222,-3.15601,-2.1587596,2.8346996,-5.5037565,-0.85629785,17.024143,8.51436,4.625051,-3.016787,16.741812,4.029196,-5.7362328,-4.853032,16.743418,-7.267597,2.3582385,-9.433636,-4.7338777,0.7241358,10.264638,-6.1768394,-3.412618,-18.99955,0.24043773,10.228107,-6.87454,-0.6217263,16.813995,-5.9048176,-2.589442,7.7528644,0.32800427,-2.4727144,-3.041108,-5.8212333,4.0622354,15.888223,1.0057395,-5.0081744,-11.8884535,-3.2324557,0.718193888143056,-0.9064054095271206,-1.7255416,-3.1160119,120,8.608173000000058,8.608172000000057,27.60218100000004,90.00000207577025,89.99999792422975,90.00001331194966,2045.3391060795336,0.8584,0.8584,0.84141,0.8584,4.88444,4.87585,4.87678,4.87678,4.87585,0.0586699778258352,0,0,0,0,0,0,0,0.0,0.0,0.0,0.0,0.0,0.0,0.0,0.0,0.0,0.0,0.0,0.0,0.0,0.0,0.0,0.0,0.0,0.0,1.9512,0.0,0.0,0.0,321.408,1571.42,805.358,0,0.0,0.0,0.0,0.0,0.0,0.0,2,159.76,161.649,0.0,0.0,0.0,0.0,0.0,0.0,0.0,0.0,0.0,0.0,0.0,0.0,0.0,0.0,0.0,0.0,0.0,0.0,0.0,0.0,0.0,0.0,0.0,0.0,0.0,0.0,163.913,0.08014,0.0410721,0.0,0.0,0.0,0.0,0.0,0.0,83.3271,80.5864,0.0,0.0,0.0,0.0,0.0,0.0,0.0,0.0,0.0,0.0,0.0,0.0,0.0,0.0,0.0,0.0,0.0,0.0,0.0,0.0,0.0,0.0,0.0,0.0,0.0,0.0,566.027,0.27674,0.14183,1,50000,0.0,0.08014,0.0,0.27674,0.08604,0.63722,0.0,0.0,0.0,0.0,0.0,0.0,0.0,0.0,40.0
MOZ,-20.264511,21.056074,1.5557644,0.66216344,-7.44805,12.389042,-1.3929482,4.4096365,14.347849,-9.166692,-1.8923408,6.995585,-15.904493,-16.167711,-15.694934,-6.5231204,-2.6892946,5.165352,2.5131397,-2.3316936,-2.8161,-20.556746,25.986092,-12.472589,-11.4131975,-8.551163,24.260338,-3.38592,-3.5694213,33.92142,11.039911,3.859254,-13.30281,9.002729,-10.181352,-17.256655,4.302712,17.543581,1.5907245,6.171634,1.5982912,2.4708538,-2.3692458,-6.0197845,0.6537841,0.8163707,-9.369257,-5.7354712,-4.06629,-10.51782,-1.6398997,7.185499,1.2614682,10.629643,-21.146048,-8.196868,-2.2509637,0.9211911,-6.320623,10.227386,-7.2398505,-4.6981516,-15.414299,6.8738704,2.556019277523101,7.017223793198997,3.8261871,-4.973858,324,30.95859100416248,30.95865087987401,7.521867000011833,90.00005933166298,89.99980473805586,119.99806645818744,6243.4977058502345,6.97279,2.83672,2.83672,6.97279,9.48267,6.24733,6.13603,9.48267,9.48267,0.0518939887967617,2,1,3,0,0,0,0,9.48265,6.97291,9.48265,6.3597,5.91852,6.3597,0.0,0.0,0.0,0.0,0.0,0.0,0.0,0.0,0.0,0.0,0.0,0.0,1.72585,919.875,1473.33,853.684,100.624,161.166,93.3831,2,251.625,668.249,0.0,0.0,0.0,0.0,24,5.84672,1.42443,7.52891,1.52683,7.8806,2.24187,7.2736,1.60027,6.42263,1.44491,5.62355,1.58403,1.64017,5.95582,5.67651,1.98198,1.74788,1.28319,6.56281,6.84212,7.59599,1.48269,8.0349,1.42125,0.0,886.202,0.14194,0.0822434,17.4818,0.0028,0.00162239,352.508,533.694,0.0,0.0,0.0,0.0,0.74922,0.0,1.2487,0.12487,0.37461,0.12487,1.62331,0.12487,1.87305,0.24974,0.87409,0.0,0.24974,1.2487,1.12383,0.12487,0.37461,0.0,1.37357,0.99896,1.74818,0.49948,1.87305,0.49948,0.0,1895.9,0.30366,0.175948,237.503,0.03804,0.0220413,1,50000,0.14194,0.0028,0.30366,0.03804,0.09576,0.56254,0.0332226289900332,0.0424076336925597,7.140568557821443,51.96089230391736,0.247927993039867,0.1584459075993961,1.1858779031510618,-0.370596611460964,108.0
SBE,-6.852305,3.9308097,1.0331304,-4.6728535,9.481615,-3.038403,-3.2113953,5.0487227,-2.2251348,1.4016744,-0.21567906,-8.585659,4.0706043,2.532131,-5.8197465,-1.2616029,5.231722,3.3959973,1.7207485,-0.005599946,0.8069963,0.72253513,-1.3310531,-1.3485093,-2.5838637,-0.46190202,2.8212988,-0.6560601,-0.22750577,-0.33477873,2.2225106,0.25740758,2.7331655,3.378537,8.11864,1.29063,-0.073890135,-2.6960876,0.2953503,5.4263797,0.19776255,-0.63803864,-6.0396733,-15.086917,-2.9569037,-5.3977757,-3.0260162,-1.4153618,-0.7217877,-6.0519333,4.540733,5.03683,0.5814855,-2.5748394,1.6832373,-3.1633477,-3.1683767,-5.345721,-3.7710452,-6.0291286,-0.34012243,-4.3826156,-9.900304,13.009378,-2.124426864706017,2.027093031628909,2.1018074,-5.0102553,384,18.408909000001007,18.408910000000056,27.03631300000152,90.00000523161067,89.99996225269388,90.00000622478902,9162.280660528371,6.75426,6.75426,6.74728,3.37127,11.96449,10.45817,11.96391,11.96449,10.45817,0.0419109623714425,1,3,0,0,0,0,0,11.9646,6.75426,11.9646,0.0,0.0,0.0,0.0,0.0,0.0,0.0,0.0,0.0,0.0,0.0,0.0,0.0,0.0,0.0,1.39384,1779.42,1942.12,1393.35,0.0,0.0,0.0,1,1779.42,0.0,0.0,0.0,0.0,0.0,0,0.0,0.0,0.0,0.0,0.0,0.0,0.0,0.0,0.0,0.0,0.0,0.0,0.0,0.0,0.0,0.0,0.0,0.0,0.0,0.0,0.0,0.0,0.0,0.0,0.0,2575.33,0.28108,0.201658,0.0,0.0,0.0,2575.33,0.0,0.0,0.0,0.0,0.0,0.0,0.0,0.0,0.0,0.0,0.0,0.0,0.0,0.0,0.0,0.0,0.0,0.0,0.0,0.0,0.0,0.0,0.0,0.0,0.0,0.0,0.0,0.0,0.0,0.0,4385.8,0.47868,0.343424,0.0,0.0,0.0,1,50000,0.28108,0.0,0.47868,0.0,0.06242,0.4589,0.0332225972558139,0.0760287373133307,11.825711945487242,140.2033313589475,0.3723544568106312,0.2105545923326464,0.4411761823183091,-1.7717131959310863,128.0
IHW,1.7677643,-5.2564526,-0.010145783,-0.8322439,1.7837136,11.491802,-9.346076,1.4045396,0.32600752,0.9703295,7.5647507,3.4027479,1.3822114,-12.030934,-5.467135,6.1881337,0.8298558,3.3355436,5.0698905,1.8615291,7.069779,-2.6233578,6.93063,1.1062351,-6.3066463,1.8324138,6.1884365,-11.310615,4.166462,2.057955,-0.60547024,-3.764752,-1.5777817,-0.6859853,-1.6142858,5.083143,2.8452423,-2.386885,-2.6094856,-8.818007,2.2776008,-1.968678,5.597053,-3.5089223,7.521883,-3.6953075,2.7456906,4.0416603,1.3299395,6.472253,-2.267307,10.684735,1.9332888,7.4821925,6.8172717,1.1150026,11.445383,-0.38124463,2.0657725,-2.1772456,5.5599465,-5.9608207,-6.815371,-1.3292165,-0.9299971752908288,1.4585429010914064,-0.51131827,-4.2617946,336,13.631322621733704,23.9731970833114,18.06530800042601,89.99997548189772,89.99921582476476,90.0345252355444,5903.495599855745,3.09764,3.09764,1.00417,3.09764,5.98191,5.98191,5.95537,5.96865,5.98191,0.0569154315975454,2,2,2,0,0,0,0,5.98195,3.09767,5.98195,5.98199,3.09766,5.98199,0.0,0.0,0.0,0.0,0.0,0.0,0.0,0.0,0.0,0.0,0.0,0.0,1.89285,842.703,1427.46,754.134,3.9509,6.69248,3.53566,2,421.673,421.03,0.0,0.0,0.0,0.0,8,0.642654,0.721395,0.541311,0.621113,0.520831,0.100282,0.361228,0.44209,0.0,0.0,0.0,0.0,0.0,0.0,0.0,0.0,0.0,0.0,0.0,0.0,0.0,0.0,0.0,0.0,0.0,635.452,0.10764,0.0568666,0.11807,2e-05,1.05661e-05,319.733,315.719,0.0,0.0,0.0,0.0,0.0,0.0,0.0,0.0,0.0,0.11807,0.0,0.0,0.0,0.0,0.0,0.0,0.0,0.0,0.0,0.0,0.0,0.0,0.0,0.0,0.0,0.0,0.0,0.0,0.0,1567.14,0.26546,0.140243,4.60473,0.00078,0.000412077,1,50000,0.10764,2e-05,0.26546,0.00078,0.11442,0.61934,0.0332225811295681,0.1127544228626173,11.829486573449612,140.11788958659588,0.1970929302325582,0.1562855598186181,1.5107530086159688,0.2898827574885749,112.0
TON,8.260472,-1.9400216,-1.2404041,4.2924843,5.6362143,-3.0486486,4.5798497,-3.2923884,-0.8640162,-4.349528,0.3228918,5.729886,7.6575027,0.97243583,0.22677043,0.04646474,-3.9402335,-1.4231817,-5.7616024,0.14140916,-3.9228468,-1.6573925,5.609367,0.958603,-0.7388744,-0.70528066,6.259962,4.0153184,-1.1758596,4.723197,4.407422,3.6750612,7.891918,-2.2044795,-1.082111,2.0521753,0.25984854,-1.2956767,0.5717321,-3.6776109,0.7551329,0.6979292,-9.490502,3.7007277,-0.76918507,3.818258,2.5526383,6.02375,6.7297378,5.9847355,-6.3389187,-1.1675298,-2.5615427,7.522499,1.8883852,6.0915184,-1.3092583,3.4863486,5.744918,-4.9364367,-1.8725476,4.147285,-1.5083075,-3.6148143,1.6923261349330219,-1.3646291311985659,1.0243084,-1.7831135,72,13.961365000000036,17.330885000000027,5.013066,90.0,89.99999589611907,90.0000033059927,1212.9755423820225,4.59422,1.23944,0.69811,4.59422,4.85068,4.85068,4.85068,4.85068,4.85068,0.059358163033203,2,1,1,0,0,0,0,4.85066,4.59418,4.85066,4.85068,4.5942,4.85068,0.0,0.0,0.0,0.0,0.0,0.0,0.0,0.0,0.0,0.0,0.0,0.0,1.97409,143.033,1179.19,597.332,0.0,0.0,0.0,2,72.7359,70.2967,0.0,0.0,0.0,0.0,0,0.0,0.0,0.0,0.0,0.0,0.0,0.0,0.0,0.0,0.0,0.0,0.0,0.0,0.0,0.0,0.0,0.0,0.0,0.0,0.0,0.0,0.0,0.0,0.0,0.0,95.4612,0.0787,0.0398665,0.0,0.0,0.0,48.5433,46.9179,0.0,0.0,0.0,0.0,0.0,0.0,0.0,0.0,0.0,0.0,0.0,0.0,0.0,0.0,0.0,0.0,0.0,0.0,0.0,0.0,0.0,0.0,0.0,0.0,0.0,0.0,0.0,0.0,0.0,265.52,0.2189,0.110887,0.0,0.0,0.0,1,50000,0.0787,0.0,0.2189,0.0,0.13148,0.64962,0.0332225935215946,0.1649670341217321,12.14523288025934,145.50668908369406,0.162789853820598,0.1362884736741832,1.826828292469845,1.3373016214665563,24.0
NAB,-10.060442,8.9735155,-0.82528865,-1.9673998,8.83115,6.3552337,2.3877034,4.5331655,17.270386,-8.959419,-0.086984836,-2.4097743,13.29646,18.089611,-7.7482457,0.032141507,11.891671,-0.87889504,-22.059404,-2.3510094,16.32803,-2.9936562,-6.9058623,0.531763,0.8380202,10.804908,5.8270597,-2.9242058,-3.8552547,10.057964,6.1472588,2.022642,0.052213013,3.680789,-4.4541454,-0.2658651,-9.817267,1.5550126,-1.6736758,-4.757597,-1.3012073,3.2342722,13.123803,8.065523,-3.0360496,-17.034075,0.74804646,7.855829,-1.5511839,-16.521727,14.4366455,-13.547301,2.3029997,2.4099026,0.983201,14.268524,4.695886,4.0969405,-0.47589317,15.875436,-6.01087,-2.4161975,-3.5360072,-2.851338,5.8427021890901765,-1.0988230132484316,-1.5951658,-1.4941365,30,7.156164,7.156164,12.030816,90.0,90.0,90.0,616.106306752086,3.02601,3.02601,3.02601,3.02601,3.76154,3.76154,3.73752,3.76154,3.76154,0.0486928954812203,1,3,0,0,0,0,0,3.76155,3.02598,3.76155,0.0,0.0,0.0,0.0,0.0,0.0,0.0,0.0,0.0,0.0,0.0,0.0,0.0,0.0,0.0,1.61939,167.656,2721.22,1680.4,0.0,0.0,0.0,1,167.656,0.0,0.0,0.0,0.0,0.0,0,0.0,0.0,0.0,0.0,0.0,0.0,0.0,0.0,0.0,0.0,0.0,0.0,0.0,0.0,0.0,0.0,0.0,0.0,0.0,0.0,0.0,0.0,0.0,0.0,0.0,63.1263,0.10246,0.0632706,0.0,0.0,0.0,63.1263,0.0,0.0,0.0,0.0,0.0,0.0,0.0,0.0,0.0,0.0,0.0,0.0,0.0,0.0,0.0,0.0,0.0,0.0,0.0,0.0,0.0,0.0,0.0,0.0,0.0,0.0,0.0,0.0,0.0,0.0,267.563,0.43428,0.268175,0.0,0.0,0.0,1,50000,0.10246,0.0,0.43428,0.0,0.0302,0.53552,0.0332225780730897,0.0680373897422495,9.120368326886704,87.4143318452292,0.119099392026578,0.1004131799854817,2.33081660889461,3.5266862315003173,10.0
SBN,-11.558599,4.4141016,4.640999,-0.7189205,9.253546,2.937116,2.4330435,5.046085,9.857985,-1.1337094,-1.5112054,-3.3104029,7.9278593,11.057401,-7.4357004,-5.7275844,15.083735,0.32600057,-12.804421,-2.1339767,9.794309,-1.8578215,-7.1595225,0.29177758,-0.78180593,9.875764,1.3348789,-2.4874015,-0.98582304,9.716269,4.568334,1.2382613,3.305721,3.3398254,-2.7731767,-2.9558327,-2.233269,3.1591291,-1.3396121,-5.1056833,-3.0246632,0.97291356,12.125534,2.3675013,-4.37095,-16.240475,-1.3619031,7.6580215,-4.7986383,-12.006547,15.359884,-8.895591,2.2021372,1.9753776,-0.84006226,10.203856,2.5325203,-4.4014983,-1.2640444,14.993823,-3.242056,-5.2863245,-3.4968534,-0.6194346,3.9471707211259606,-0.7897978661600761,-1.562451,-1.7401624,30,7.16315,7.163150111614652,13.740627,90.0,90.0,119.99999948455876,610.5838070471739,3.33492,3.33492,3.33492,2.17149,4.36287,4.36287,4.35141,4.36053,4.35141,0.0491333043126087,1,3,0,0,0,0,0,4.36287,3.33489,4.35143,0.0,0.0,0.0,0.0,0.0,0.0,0.0,0.0,0.0,0.0,0.0,0.0,0.0,0.0,0.0,1.63404,156.811,2568.22,1571.7,0.0,0.0,0.0,1,156.811,0.0,0.0,0.0,0.0,0.0,0,0.0,0.0,0.0,0.0,0.0,0.0,0.0,0.0,0.0,0.0,0.0,0.0,0.0,0.0,0.0,0.0,0.0,0.0,0.0,0.0,0.0,0.0,0.0,0.0,0.0,71.0231,0.11632,0.0711855,0.0,0.0,0.0,71.0231,0.0,0.0,0.0,0.0,0.0,0.0,0.0,0.0,0.0,0.0,0.0,0.0,0.0,0.0,0.0,0.0,0.0,0.0,0.0,0.0,0.0,0.0,0.0,0.0,0.0,0.0,0.0,0.0,0.0,0.0,262.16,0.42936,0.26276,0.0,0.0,0.0,1,50000,0.11632,0.0,0.42936,0.0,0.03378,0.53686,0.0332225872990033,0.1611585643184337,12.144083426560565,145.488867318245,0.1460594451827243,0.1246072444874553,2.003061048006338,2.0123178593520548,10.0
ITW,2.6486673,0.28747174,3.8838112,3.569458,6.6821375,-3.6711426,3.8103557,2.4640484,3.873973,-0.9517435,4.0897555,0.3121465,10.107035,11.2668705,-3.1704905,-4.716771,4.536755,-0.7933384,-10.648992,0.9395393,1.9138027,2.4170403,1.9948422,-1.2469709,-3.865162,4.23083,7.8989754,4.6582084,2.0405612,2.3713953,1.0689896,4.6938148,9.46449,-1.1831373,3.7506309,-0.9079863,4.484017,6.3546515,0.80727875,-8.45343,-1.5433135,2.50918,-1.7222579,5.2203,1.7298392,-3.504853,1.7798649,4.7462487,2.0187187,1.6412536,-2.0173085,-5.202775,-0.15772423,11.374224,1.5357088,6.5528784,-1.5234437,5.7002234,1.6301042,0.5495909,4.8068285,0.83096504,0.39888537,-7.625302,2.7911042009806746,-1.2379552970234164,0.3695862,-1.2385889,72,10.177924223295436,15.04479600232044,8.834203358799195,89.99835797200384,105.18886880918488,89.99928895823251,1305.481013259982,3.2713,1.62049,1.13832,3.2713,4.00092,4.00074,3.92567,4.00092,4.00092,0.0551520851461525,2,1,1,0,0,0,0,4.00073,3.26837,4.00073,4.0009,3.27126,4.0009,0.0,0.0,0.0,0.0,0.0,0.0,0.0,0.0,0.0,0.0,0.0,0.0,1.83421,244.457,1872.55,1020.9,0.0,0.0,0.0,2,126.583,117.874,0.0,0.0,0.0,0.0,0,0.0,0.0,0.0,0.0,0.0,0.0,0.0,0.0,0.0,0.0,0.0,0.0,0.0,0.0,0.0,0.0,0.0,0.0,0.0,0.0,0.0,0.0,0.0,0.0,0.0,106.136,0.0813,0.0443243,0.0,0.0,0.0,52.7153,53.4203,0.0,0.0,0.0,0.0,0.0,0.0,0.0,0.0,0.0,0.0,0.0,0.0,0.0,0.0,0.0,0.0,0.0,0.0,0.0,0.0,0.0,0.0,0.0,0.0,0.0,0.0,0.0,0.0,0.0,416.71,0.3192,0.174026,0.0,0.0,0.0,1,50000,0.0813,0.0,0.3192,0.0,0.07782,0.60298,0.0332226018604651,0.0785478605165428,10.42950864035579,120.566795699558,0.130986099667774,0.1105686688073389,2.16956548254694,2.750890476625167,24.0
JNT,-6.2799196,0.3458614,-2.119654,-1.7294242,4.0003915,2.7885642,5.237787,2.3418546,-4.073415,-3.501317,4.1949596,-7.5927634,9.051139,4.0671654,-0.9286596,-2.062804,0.044656128,1.2049453,-0.8520441,1.0099826,7.2798676,0.35124218,0.4700543,-0.9933971,1.8587224,5.5686755,7.347065,-2.5775785,7.2953815,-4.691504,1.8685936,0.54663676,4.1889105,-3.187264,-2.6299632,0.7040098,-2.3067439,1.7776706,3.6213386,-1.2864364,1.2963965,-1.3580495,-0.17126742,-4.3644156,-1.5431035,-3.638417,-2.2963045,-0.07297948,2.1472235,1.4196992,-4.397252,-1.3464972,1.7763019,3.3365176,2.743654,1.8034697,1.2216213,0.36460677,6.746303,1.1941956,6.498548,0.035651207,-3.3996692,-2.0993395,0.5025225543933582,0.4203675575422801,0.74496186,-3.2699451,96,8.352272068509324,14.039156000010292,15.72842790216562,90.00006551286472,119.52003866729144,89.99986204151692,1604.8770024055807,1.50075,1.50075,1.33231,1.33231,4.39048,4.37798,4.39048,4.332,4.37798,0.0598176681802429,0,0,0,0,0,0,0,0.0,0.0,0.0,0.0,0.0,0.0,0.0,0.0,0.0,0.0,0.0,0.0,0.0,0.0,0.0,0.0,0.0,0.0,1.98937,0.0,0.0,0.0,180.906,1127.22,566.623,0,0.0,0.0,0.0,0.0,0.0,0.0,6,2.7627,3.10026,85.9156,83.4831,2.64193,3.0021,0.0,0.0,0.0,0.0,0.0,0.0,0.0,0.0,0.0,0.0,0.0,0.0,0.0,0.0,0.0,0.0,0.0,0.0,0.0,0.0,0.0,0.0,77.3551,0.0482,0.0242287,0.0,0.0,0.0,0.0,0.0,0.0,0.0641951,0.0641951,38.5812,38.164,0.320975,0.160488,0.0,0.0,0.0,0.0,0.0,0.0,0.0,0.0,0.0,0.0,0.0,0.0,0.0,0.0,0.0,0.0,0.0,0.0,0.0,0.0,0.0,0.0,341.068,0.21252,0.106828,1,50000,0.0,0.0482,0.0,0.21252,0.13366,0.65382,0.0,0.0,0.0,0.0,0.0,0.0,0.0,0.0,32.0
JSN,-6.289962,1.6104475,-1.5258127,3.2087069,9.555429,1.0345886,8.246037,1.2427012,2.6383727,-5.593918,1.671065,-2.7450461,13.313104,12.704855,-7.616841,-0.25889534,3.9215553,4.7880116,-9.554728,0.514385,2.8337643,-2.3590298,-0.1830543,-0.2763847,-2.3751378,4.1019397,0.7122403,-1.6399223,0.5856744,2.3837328,-6.5409865,-1.5271443,1.3517058,-3.771898,-1.7180204,1.7049468,-2.255893,-1.6806444,-0.8716057,-9.827909,3.1099494,1.3811345,3.074557,2.1775053,-0.48922592,-5.358799,-0.66683286,4.939162,3.4218307,-12.145473,4.0343876,-4.140393,1.3984923,8.502556,8.280334,4.103368,1.9498029,5.1414905,3.6027975,4.088087,-2.871399,-3.5258183,-0.915551,-5.649255,3.280698823478928,-1.1744334890074204,-0.36456218,-1.2842033,48,8.64179241803493,6.9140970000292885,14.997941857610664,90.00014911719003,95.56458362410083,90.0002859131161,891.9069049413132,3.07067,1.03545,2.30552,3.07067,4.42427,4.4108,4.4108,4.42099,4.42099,0.0538172759220407,1,2,0,0,0,0,0,4.42426,3.07071,4.42426,0.0,0.0,0.0,0.0,0.0,0.0,0.0,0.0,0.0,0.0,0.0,0.0,0.0,0.0,0.0,1.78982,175.391,1966.47,1098.7,0.0,0.0,0.0,1,175.391,0.0,0.0,0.0,0.0,0.0,0,0.0,0.0,0.0,0.0,0.0,0.0,0.0,0.0,0.0,0.0,0.0,0.0,0.0,0.0,0.0,0.0,0.0,0.0,0.0,0.0,0.0,0.0,0.0,0.0,0.0,88.5307,0.09926,0.0554582,0.0,0.0,0.0,88.5307,0.0,0.0,0.0,0.0,0.0,0.0,0.0,0.0,0.0,0.0,0.0,0.0,0.0,0.0,0.0,0.0,0.0,0.0,0.0,0.0,0.0,0.0,0.0,0.0,0.0,0.0,0.0,0.0,0.0,0.0,311.918,0.34972,0.195394,0.0,0.0,0.0,1,50000,0.09926,0.0,0.34972,0.0,0.06444,0.58584,0.033222592026578,0.1273804553864856,11.996244117011514,142.99382687476938,0.1480149102990033,0.1247515501581545,1.969574069757054,1.8852697707279,16.0
MAR,-1.7587888,1.3123076,-1.9410353,1.3977644,2.1526957,0.444925,-1.0938227,2.617407,2.8813815,-3.766543,-1.239872,-3.0653894,8.805817,4.579832,-5.9284897,0.38555348,0.025844246,-1.6096152,-3.6202796,0.7346376,3.3919241,2.208406,-0.5482763,0.42334807,-2.7005913,0.23943196,4.966157,0.71571636,2.8884068,1.8029238,-0.1452535,0.9074086,2.741311,0.83638275,-0.33815265,-0.7994088,5.7751875,1.1858084,-0.16920565,-7.914452,2.3019817,3.2275176,-1.5103492,-2.0717366,0.5001766,-4.3527555,0.26979232,-3.7166054,1.2284542,-4.5691977,1.684029,-3.153381,1.6212579,5.9524827,1.9372648,2.1630409,3.0240185,2.564912,4.723937,2.8193715,5.4069486,2.9514284,-1.6585975,-4.8712807,1.1132883613546176,-0.9773172153496604,0.9767898,-2.3423977,216,12.329757000057626,12.329777783859369,30.546217001025017,89.99907291354297,90.0003239536692,119.99981210999027,4021.597974441108,1.60224,1.60196,1.60224,1.54446,5.55611,5.5023,5.5075,5.54865,5.5075,0.0537099932347211,0,0,0,0,0,0,0,0.0,0.0,0.0,0.0,0.0,0.0,0.0,0.0,0.0,0.0,0.0,0.0,0.0,0.0,0.0,0.0,0.0,0.0,1.78625,0.0,0.0,0.0,662.813,1648.13,922.679,0,0.0,0.0,0.0,0.0,0.0,0.0,12,162.394,55.5246,53.3646,159.735,19.3965,18.2362,18.9777,55.7184,58.6686,19.9745,19.8901,20.9325,0.0,0.0,0.0,0.0,0.0,0.0,0.0,0.0,0.0,0.0,0.0,0.0,0.0,0.0,0.0,0.0,389.773,0.09692,0.054259,0.0,0.0,0.0,0.0,0.0,0.0,113.329,33.2988,32.0924,114.696,5.30851,3.86073,6.99758,32.4945,32.4141,4.98678,5.7911,4.50419,0.0,0.0,0.0,0.0,0.0,0.0,0.0,0.0,0.0,0.0,0.0,0.0,0.0,0.0,0.0,0.0,1283.13,0.31906,0.17862,1,50000,0.0,0.09692,0.0,0.31906,0.0939,0.58704,0.0,0.0,0.0,0.0,0.0,0.0,0.0,0.0,72.0
AFG,-6.500359,4.359446,-3.5620153,0.9263837,2.719802,1.9146757,3.969924,3.3020592,1.129647,-3.4396725,2.328849,-6.790558,9.875007,5.8521533,-2.2227,-1.1852493,2.3373084,0.59876204,-1.8406676,1.3953216,3.7778115,0.50440437,5.218509,-1.4735996,0.540348,6.3059607,10.519983,0.8474496,7.1526265,-4.1179495,4.4273343,-0.23785958,3.9678466,0.06996682,1.9050055,-0.2773069,2.8148663,0.8011311,-1.507411,-1.574082,4.3466125,-2.5975914,-3.9183168,-0.9326238,1.2424507,-6.698474,-1.5619637,-3.3410342,2.946938,2.146812,-5.032674,-3.911666,2.8437612,6.7156963,0.37201652,1.1427064,-5.6061563,-0.34528813,4.011414,1.0995975,9.220947,3.9753935,-6.302467,-2.766302,0.31523615434241886,1.598810295517454,0.6990792,-3.1756275,144,12.304503000000082,12.304501362981153,20.39223300000005,90.00000849459246,89.99999253382465,120.0000117459177,2673.7663925908687,1.54847,1.54847,1.54847,1.54845,5.5264,5.51484,5.40769,5.52509,5.51484,0.0538566123050355,0,0,0,0,0,0,0,0.0,0.0,0.0,0.0,0.0,0.0,0.0,0.0,0.0,0.0,0.0,0.0,0.0,0.0,0.0,0.0,0.0,0.0,1.79112,0.0,0.0,0.0,435.843,1630.07,910.083,0,0.0,0.0,0.0,0.0,0.0,0.0,8,19.0826,18.3414,162.526,159.032,19.2884,21.4071,18.9812,17.1846,0.0,0.0,0.0,0.0,0.0,0.0,0.0,0.0,0.0,0.0,0.0,0.0,0.0,0.0,0.0,0.0,0.0,0.0,0.0,0.0,254.115,0.09504,0.0530617,0.0,0.0,0.0,0.0,0.0,0.0,4.7593,5.24058,112.245,112.512,4.06412,5.56143,3.74327,5.98924,0.0,0.0,0.0,0.0,0.0,0.0,0.0,0.0,0.0,0.0,0.0,0.0,0.0,0.0,0.0,0.0,0.0,0.0,0.0,0.0,853.145,0.31908,0.178145,1,50000,0.0,0.09504,0.0,0.31908,0.08906,0.59186,0.0,0.0,0.0,0.0,0.0,0.0,0.0,0.0,48.0
LTA,-1.1778793,-2.6492007,5.853757,-0.39232984,9.25099,-2.4752357,-6.009958,0.5700086,0.7460753,8.064425,-2.7245977,-0.9370383,-0.39202228,1.3580422,-1.1344802,-4.4162903,10.284417,3.3278031,0.41852835,0.38646445,-2.6955845,0.35712063,-2.5374165,-0.8674569,-6.207661,2.288915,0.60124266,2.613865,0.7166016,5.720308,2.1255774,-0.61122,3.1969628,0.9309653,4.803809,2.506847,5.927971,1.3801517,0.13159303,0.31317306,-2.0056007,3.2528076,-2.1516867,-6.3755546,-2.5920987,-9.42888,-0.39276594,6.279131,-4.511774,-0.2540588,10.796356,-0.23069617,-0.9699638,2.542863,-5.035281,2.6932752,-1.2515112,-8.529675,-8.458813,6.036161,2.046976,-8.299366,-5.768736,6.7535,-0.17340650100391325,0.2017526838297337,1.1800923,-4.3977647,72,11.82797,11.827970000000043,11.827970000000043,89.99999031181522,90.0,90.0,1654.743344441364,3.57635,3.57623,3.57635,3.57527,10.09629,9.99468,10.08406,10.08406,10.08406,0.0435112794028532,1,3,0,0,0,0,0,10.1,3.57632,10.1,0.0,0.0,0.0,0.0,0.0,0.0,0.0,0.0,0.0,0.0,0.0,0.0,0.0,0.0,0.0,1.44707,286.469,1731.2,1196.35,58.2739,352.163,243.363,1,286.469,0.0,0.0,0.0,0.0,0.0,1,58.2739,0.0,0.0,0.0,0.0,0.0,0.0,0.0,0.0,0.0,0.0,0.0,0.0,0.0,0.0,0.0,0.0,0.0,0.0,0.0,0.0,0.0,0.0,0.0,0.0,366.493,0.22148,0.153054,32.1351,0.01942,0.0134203,366.493,0.0,0.0,0.0,0.0,0.0,32.1351,0.0,0.0,0.0,0.0,0.0,0.0,0.0,0.0,0.0,0.0,0.0,0.0,0.0,0.0,0.0,0.0,0.0,0.0,0.0,0.0,0.0,0.0,0.0,0.0,686.023,0.41458,0.286497,116.163,0.0702,0.0485119,1,50000,0.22148,0.01942,0.41458,0.0702,0.03872,0.4765,0.0332226053156146,0.1518866896371514,12.136507117713675,145.36558190456034,0.3382332225913621,0.2232140025345029,0.6810973330258566,-1.535759089690044,24.0
GOO,-7.180297,1.9907615,-3.0384085,2.7021136,3.3395977,3.49601,9.4062395,2.5653336,11.478502,-6.922019,4.112895,0.29795763,16.195583,16.840902,-9.033374,-5.8622913,2.0824926,2.1336267,-19.730366,1.2288461,12.70598,-2.717383,-1.698656,-0.7187841,-5.0934086,11.749667,1.8142817,7.013108,-1.0963248,3.064732,-10.56233,-2.276265,5.2575755,-3.4878378,-3.5243742,-4.7699957,1.9130362,10.208299,-2.8264663,-10.927455,2.5281384,-1.6950357,2.078251,1.8108888,1.2593765,-0.4824393,-2.5707197,2.698448,5.698379,-7.3748026,-0.722854,-9.839667,2.8998554,9.234089,9.788775,3.9185784,1.6520377,7.407427,9.790221,5.1681147,-10.285326,-0.64470613,-0.9979046,-4.836823,5.032357499484794,-1.0033474058716347,-0.907963,-0.5913944,96,8.628786031939256,11.569201413490042,16.918182000707198,89.99903477090382,89.99970676500979,91.16212155868992,1688.5636476534803,2.3559,2.3559,2.3559,2.02315,3.64799,3.64795,3.64795,3.64799,3.64795,0.0568530538563984,1,3,0,0,0,0,0,3.64797,2.35586,3.64793,0.0,0.0,0.0,0.0,0.0,0.0,0.0,0.0,0.0,0.0,0.0,0.0,0.0,0.0,0.0,1.89078,317.352,1879.42,993.994,0.0,0.0,0.0,1,317.352,0.0,0.0,0.0,0.0,0.0,0,0.0,0.0,0.0,0.0,0.0,0.0,0.0,0.0,0.0,0.0,0.0,0.0,0.0,0.0,0.0,0.0,0.0,0.0,0.0,0.0,0.0,0.0,0.0,0.0,0.0,95.978,0.05684,0.0300617,0.0,0.0,0.0,95.978,0.0,0.0,0.0,0.0,0.0,0.0,0.0,0.0,0.0,0.0,0.0,0.0,0.0,0.0,0.0,0.0,0.0,0.0,0.0,0.0,0.0,0.0,0.0,0.0,0.0,0.0,0.0,0.0,0.0,0.0,515.518,0.3053,0.161468,0.0,0.0,0.0,1,50000,0.05684,0.0,0.3053,0.0,0.07716,0.61754,0.0332225907641196,0.0675451951838832,10.680489953318869,120.57791479491183,0.1164754551495016,0.0983222427213313,2.354947567445079,3.6218925229749983,32.0
IFW,-6.1156464,-1.6072941,-2.425411,-1.2508442,1.8987279,-2.469521,2.511551,-0.62544954,0.47137645,1.4810356,1.2856349,-9.532812,0.5627607,-8.071326,1.7220879,-7.2212744,0.15128133,1.2979316,5.5252895,1.8107767,-1.4058609,-3.7874045,2.779982,1.3809146,4.552645,6.494338,0.73177147,-5.9284196,13.16534,-5.1829906,1.2439846,1.8834441,5.893298,6.9942975,4.0921774,-10.777213,5.360067,2.9072447,2.6594212,-2.297359,0.76028925,-4.6514754,6.4197507,-2.8223639,0.72166383,-4.1559634,3.0123353,-1.1081831,-1.4502536,5.6192446,-7.0609403,4.4951854,-2.2010493,-0.26123714,-6.546644,1.3914018,-7.086225,0.5354208,0.13298056,-7.047382,6.6165857,-1.8665985,-5.806762,-1.5221899,-3.000183967743726,-0.19943659648755774,1.3796544,-4.413953,192,21.391662328822623,17.951555626175967,12.35361852962896,89.61000129077307,124.90866465128674,90.04794218510023,3890.238136134801,4.93726,2.74646,2.74646,4.93726,7.04522,7.03826,7.04508,7.03826,7.03826,0.049354305130216,1,3,0,0,0,0,0,7.0454,4.93727,7.0454,0.0,0.0,0.0,0.0,0.0,0.0,0.0,0.0,0.0,0.0,0.0,0.0,0.0,0.0,0.0,1.64139,681.406,1751.58,1067.13,1.9442,4.99764,3.04476,1,681.406,0.0,0.0,0.0,0.0,0.0,8,0.622174,0.401129,0.0,0.0399007,0.0399007,0.340747,0.0399007,0.460449,0.0,0.0,0.0,0.0,0.0,0.0,0.0,0.0,0.0,0.0,0.0,0.0,0.0,0.0,0.0,0.0,0.0,721.561,0.18548,0.113002,0.0,0.0,0.0,721.561,0.0,0.0,0.0,0.0,0.0,0.0,0.0,0.0,0.0,0.0,0.0,0.0,0.0,0.0,0.0,0.0,0.0,0.0,0.0,0.0,0.0,0.0,0.0,0.0,0.0,0.0,0.0,0.0,0.0,0.0,1452.38,0.37334,0.227454,0.0,0.0,0.0,1,50000,0.18548,0.0,0.37334,0.0,0.08666,0.54,0.0332225896013289,0.1137751901984699,11.696925346323171,138.0724188537846,0.2342307342192691,0.177961037402647,1.2483131176151283,-0.4367886196109243,64.0
LTJ,-6.9653287,4.2663765,-1.7473488,1.5675831,5.9001613,4.1314955,8.304986,2.5645785,14.797322,-10.186511,3.081589,-2.2612255,16.97693,20.876942,-12.962323,-4.1238527,4.1548343,4.4169803,-22.158503,0.4621794,15.269012,-4.0712104,-3.2269988,0.4568892,-5.020623,10.213357,3.4728403,4.6663575,-2.275752,4.8945622,-7.2525597,0.91418046,5.442988,-1.1566145,-3.5303428,-5.0561504,-1.4543635,9.06283,-3.109299,-11.001948,0.47040004,0.7447006,4.2083745,2.4605544,-1.6458708,-4.027896,0.13672392,3.2463715,2.9448204,-11.212305,4.9193993,-12.611369,1.0240266,7.3600955,7.1719255,8.26171,1.1313678,7.9660296,6.284043,10.257611,-10.8009815,0.42390993,-2.6813073,-5.1846104,5.724372211337511,-1.5474750432748487,-1.0893208,-0.77303535,48,9.18776200000136,9.187077000001745,9.976460000001252,90.00004791863114,90.00003593757408,90.00004989063164,842.0997892609082,2.63006,2.63006,2.62676,2.62719,3.64662,3.58024,3.56706,3.58024,3.58024,0.0570003705168107,1,3,0,0,0,0,0,3.64662,2.63007,3.64662,0.0,0.0,0.0,0.0,0.0,0.0,0.0,0.0,0.0,0.0,0.0,0.0,0.0,0.0,0.0,1.89568,159.552,1894.7,999.483,0.0,0.0,0.0,1,159.552,0.0,0.0,0.0,0.0,0.0,0,0.0,0.0,0.0,0.0,0.0,0.0,0.0,0.0,0.0,0.0,0.0,0.0,0.0,0.0,0.0,0.0,0.0,0.0,0.0,0.0,0.0,0.0,0.0,0.0,0.0,43.6039,0.05178,0.0273148,0.0,0.0,0.0,43.6039,0.0,0.0,0.0,0.0,0.0,0.0,0.0,0.0,0.0,0.0,0.0,0.0,0.0,0.0,0.0,0.0,0.0,0.0,0.0,0.0,0.0,0.0,0.0,0.0,0.0,0.0,0.0,0.0,0.0,0.0,269.556,0.3201,0.168858,0.0,0.0,0.0,1,50000,0.05178,0.0,0.3201,0.0,0.06034,0.61956,0.0332225744186046,0.0886195858257784,11.331905823601794,131.28554468543678,0.1164523122923587,0.0979405252396376,2.3458467496555984,3.5798022972390493,16.0
VNI,-4.873545,2.0608764,-0.056042194,1.0892305,-5.951115,1.4195347,-0.9056035,8.30522,7.433724,0.17591539,-1.6763717,1.1582443,2.8564215,1.3896974,-11.348257,-0.776039,-0.34481707,-0.55390656,-4.7103167,-0.64480317,4.8229585,2.7367558,1.8749696,-0.44855943,-2.5262485,0.4464742,2.9968793,1.5862184,4.5579505,-0.9336415,0.28599292,-3.8146732,-2.8941228,5.8952947,-0.899435,-0.60263586,5.025096,1.7724749,2.0948126,-6.7950163,2.4727798,-3.3274474,1.4492581,-3.290522,1.7082664,-3.1295707,-1.8585128,-6.35186,1.6340538,1.9784418,-6.1797543,3.7660408,1.6364584,-1.4034853,5.4661093,-3.1335573,0.1397601,6.7651715,4.9933615,0.35200983,-3.7956257,-2.5455055,-5.409039,2.6354046,-0.4281913581545239,0.7281030021648931,1.93633,-1.8734671,180,9.919816000636354,9.91984600007994,33.90344900210628,89.9997102677579,90.00124570442304,89.99964189684938,3336.202687277766,2.65314,2.64921,2.65314,1.90517,4.24751,4.24526,4.24751,4.24751,4.24751,0.0539535564449995,2,2,2,0,0,0,0,4.24585,2.64917,4.24528,4.24738,2.65302,4.24738,0.0,0.0,0.0,0.0,0.0,0.0,0.0,0.0,0.0,0.0,0.0,0.0,1.79435,573.79,1719.89,958.504,99.0956,297.031,165.537,2,286.102,287.688,0.0,0.0,0.0,0.0,4,24.2375,24.7863,22.5822,27.4896,0.0,0.0,0.0,0.0,0.0,0.0,0.0,0.0,0.0,0.0,0.0,0.0,0.0,0.0,0.0,0.0,0.0,0.0,0.0,0.0,0.0,198.17,0.0594,0.0331039,23.1532,0.00694,0.0038677,99.2854,98.885,0.0,0.0,0.0,0.0,4.80413,6.00516,6.13861,6.20534,0.0,0.0,0.0,0.0,0.0,0.0,0.0,0.0,0.0,0.0,0.0,0.0,0.0,0.0,0.0,0.0,0.0,0.0,0.0,0.0,0.0,900.908,0.27004,0.150495,181.69,0.05446,0.0303509,1,50000,0.0594,0.00694,0.27004,0.05446,0.08548,0.59002,0.0332225880398671,0.0692830448888257,10.13390438310432,107.98007067559932,0.131587196013289,0.1069523667135402,2.14214695551455,2.708441706875683,60.0
ESV,1.1384311,4.9064803,2.214033,0.59909254,-6.0249286,0.053272545,-3.8456073,3.5881062,2.196631,0.46730813,-4.694701,7.2107096,-2.5808496,-5.353807,-4.9411817,4.0945773,-2.2602327,-0.49017727,-1.2108945,-2.2426221,0.97648054,3.5701764,2.0498025,1.262555,-0.20293345,-5.9683022,4.2710447,-7.675857,3.8978736,3.0711277,-1.8317611,0.8529489,-6.43105,2.4927688,-3.7169406,2.0681043,0.9996286,-2.7001748,2.1621225,-5.107255,-1.3926973,-0.1471143,1.0919578,-5.0063453,-2.0938063,-3.0065746,-2.6413295,-5.9303613,-0.09289634,0.7613543,-2.1024327,2.3809335,-2.1967938,-2.2519672,1.3362496,0.69520897,3.966674,3.1640193,2.7131367,2.201818,0.11859657,-4.9147487,-7.2787147,3.0955493,-0.6848149976442777,-0.3759154456555432,2.7752733,-2.8450282,144,9.765037000004556,12.25216988297424,22.58279154127133,89.07500272915611,90.00009744246229,89.9999429818494,2701.5183990770925,2.89111,1.41051,2.89111,1.40968,5.77068,5.76946,5.77068,5.74765,5.77068,0.0533033571228661,2,1,1,0,0,0,0,5.76449,2.89102,5.76449,5.77067,2.891,5.77067,0.0,0.0,0.0,0.0,0.0,0.0,0.0,0.0,0.0,0.0,0.0,0.0,1.77272,406.34,1504.12,848.477,69.4885,257.22,145.099,2,202.128,204.211,0.0,0.0,0.0,0.0,4,16.8107,17.6603,17.9795,17.0381,0.0,0.0,0.0,0.0,0.0,0.0,0.0,0.0,0.0,0.0,0.0,0.0,0.0,0.0,0.0,0.0,0.0,0.0,0.0,0.0,0.0,275.501,0.10198,0.0575273,18.0461,0.00668,0.00376821,142.64,132.861,0.0,0.0,0.0,0.0,4.59258,4.70064,4.97079,3.78213,0.0,0.0,0.0,0.0,0.0,0.0,0.0,0.0,0.0,0.0,0.0,0.0,0.0,0.0,0.0,0.0,0.0,0.0,0.0,0.0,0.0,772.958,0.28612,0.161401,148.151,0.05484,0.0309354,1,50000,0.10198,0.00668,0.28612,0.05484,0.07926,0.57978,0.033222577641196,0.1445053918221757,12.110489017697484,144.9841647956519,0.1920108073089701,0.1544973370402725,1.5590825692506491,0.4319423626136358,48.0
UFI,-3.2643633,-0.8640676,-3.1217735,-0.21609789,1.975711,-7.7132235,-6.523821,-6.0911775,-2.1074822,1.1880294,4.484806,2.4674034,-5.590707,3.3000793,-1.4725205,7.0672293,2.1959603,0.3751431,2.8440669,-0.16869715,-6.1340365,-1.2837166,8.339247,-0.45154762,-4.3081865,-6.7068253,4.6997857,-14.746051,2.447581,2.2878587,-0.8328065,-3.1726067,-3.2071528,1.9063232,6.7856483,8.120608,-6.155189,-2.427129,0.021727815,-2.4185228,-1.4106736,-2.7411916,6.0237966,-6.2889104,1.7886028,-9.414774,-4.8660007,5.9631457,-1.0844022,-9.194794,1.7784222,14.860535,2.006122,4.501826,3.2448466,-2.6482346,11.127483,-0.6257173,-5.575086,-5.513362,1.7447307,-8.350215,2.7961943,-0.71694255,-1.7098248296320373,0.5124212186866216,3.1985893,-2.208568,192,12.094352000045353,12.09436000004287,27.91209600004657,90.00013611592016,90.00015380167196,90.00027476900388,4082.798496405677,3.16276,3.16275,3.16276,1.33068,9.0016,8.98851,8.99155,8.99743,8.99155,0.0470265677253062,2,2,2,0,0,0,0,8.99728,3.1626,8.99728,9.00161,3.16262,9.00161,0.0,0.0,0.0,0.0,0.0,0.0,0.0,0.0,0.0,0.0,0.0,0.0,1.56398,801.334,1962.71,1254.95,0.0,0.0,0.0,2,399.648,401.686,0.0,0.0,0.0,0.0,0,0.0,0.0,0.0,0.0,0.0,0.0,0.0,0.0,0.0,0.0,0.0,0.0,0.0,0.0,0.0,0.0,0.0,0.0,0.0,0.0,0.0,0.0,0.0,0.0,0.0,806.679,0.19758,0.126332,0.0,0.0,0.0,396.848,409.831,0.0,0.0,0.0,0.0,0.0,0.0,0.0,0.0,0.0,0.0,0.0,0.0,0.0,0.0,0.0,0.0,0.0,0.0,0.0,0.0,0.0,0.0,0.0,0.0,0.0,0.0,0.0,0.0,0.0,1721.96,0.42176,0.269672,0.0,0.0,0.0,1,50000,0.19758,0.0,0.42176,0.0,0.05982,0.51842,0.0332225907906976,0.0846341457033602,10.783104802742605,127.29057464512124,0.2803779669435217,0.1841479873511293,0.9029549370744262,-1.136602579774595,64.0
JST,-2.3937225,0.09864014,-0.42703003,-3.2255793,1.6949515,1.2047741,-4.379374,1.0673171,1.6659921,1.8483936,1.8147376,-1.1190811,1.6375793,1.2803897,3.5650585,0.05609013,5.116631,0.2806834,-1.0552863,0.34797144,6.0375986,-2.0008454,-1.2080294,-0.028088037,0.10456549,5.8373604,1.7199817,-3.0386825,1.0849253,-1.8996129,1.6519369,0.20334417,2.9207652,2.9139693,0.25266892,-1.3431017,1.2142788,0.9133632,0.31193602,-1.0667758,1.0359566,-2.0284271,6.54227,0.9323229,1.116591,-6.151396,-2.2003691,4.879067,-1.1557066,-2.5581915,1.70628,-0.28903922,1.1379843,2.1387475,2.3946524,0.6339056,2.3162048,-1.3843929,-0.32122532,-0.8232997,1.437063,-2.3088908,-1.7166774,-0.07422453,-0.3222205967616317,0.1943742117841612,1.2915801,-3.1898587,144,15.210502000000163,15.210500000000264,15.210504000000164,89.9999849325742,90.00000753371167,89.9999849325732,3519.092176713471,3.65961,3.65961,3.65961,3.65961,5.0953,5.0953,5.0953,5.0953,5.0953,0.0409196442630507,1,3,0,0,0,0,0,5.09528,3.6594,5.09528,0.0,0.0,0.0,0.0,0.0,0.0,0.0,0.0,0.0,0.0,0.0,0.0,0.0,0.0,0.0,1.36088,1052.54,2990.95,2197.81,0.0,0.0,0.0,1,1052.54,0.0,0.0,0.0,0.0,0.0,0,0.0,0.0,0.0,0.0,0.0,0.0,0.0,0.0,0.0,0.0,0.0,0.0,0.0,0.0,0.0,0.0,0.0,0.0,0.0,0.0,0.0,0.0,0.0,0.0,0.0,727.115,0.20662,0.151829,0.0,0.0,0.0,727.115,0.0,0.0,0.0,0.0,0.0,0.0,0.0,0.0,0.0,0.0,0.0,0.0,0.0,0.0,0.0,0.0,0.0,0.0,0.0,0.0,0.0,0.0,0.0,0.0,0.0,0.0,0.0,0.0,0.0,0.0,1803.68,0.51254,0.376625,0.0,0.0,0.0,1,50000,0.20662,0.0,0.51254,0.0,0.0367,0.45076,0.0332225777408637,0.0498173008940456,8.041341559156582,68.6430131629846,0.1558239534883721,0.1245799458849637,1.8896577104488967,1.6665569175413992,48.0
APC,-10.680266,7.402647,8.341414,2.2370958,2.1426415,3.102849,15.61688,-3.0348916,-11.571009,-2.5637062,-8.555682,-13.319452,1.1697872,18.999182,1.7509165,-2.311988,5.9929075,-1.8333133,-16.122492,-2.7166214,-4.0018077,-6.8037734,1.631625,-5.570746,-5.446086,5.182787,-1.9783509,6.4756866,1.1751662,-8.26891,4.8106303,-2.0229628,-9.798417,-1.6619633,-9.028655,-23.254927,4.09045,0.43646407,-0.031537756,-2.4840302,2.1093938,2.9162207,-2.5079906,-10.57492,-9.134264,-5.937474,5.1540766,-2.746246,-7.1090035,-11.789842,-12.777199,6.8890333,-1.452312,-2.7153246,6.7039814,-7.087654,-18.039143,4.61325,-3.3475728,2.5424616,-10.84046,-6.8447356,-1.3959639,9.289473,-0.1541903148725859,-0.35951449050760115,3.4969084,0.6165596,96,8.899207,19.242302000000024,10.012255,90.0,90.0,90.00000297759487,1714.510847802301,2.60142,2.60142,1.65069,1.90307,3.51516,3.42117,3.51095,3.42049,3.42117,0.055992646604164,4,1,1,1,1,0,0,3.50866,2.58486,3.50866,3.51502,2.5918,3.51502,3.50912,2.60144,3.50912,3.51087,2.58286,3.51087,0.0,0.0,0.0,0.0,0.0,0.0,1.86216,300.023,1749.9,939.716,0.0,0.0,0.0,4,75.8093,75.4601,74.2447,74.5088,0.0,0.0,0,0.0,0.0,0.0,0.0,0.0,0.0,0.0,0.0,0.0,0.0,0.0,0.0,0.0,0.0,0.0,0.0,0.0,0.0,0.0,0.0,0.0,0.0,0.0,0.0,0.0,85.2112,0.0497,0.0266894,0.0,0.0,0.0,20.917,20.5741,21.6028,22.1172,0.0,0.0,0.0,0.0,0.0,0.0,0.0,0.0,0.0,0.0,0.0,0.0,0.0,0.0,0.0,0.0,0.0,0.0,0.0,0.0,0.0,0.0,0.0,0.0,0.0,0.0,0.0,494.396,0.28836,0.154852,0.0,0.0,0.0,1,50000,0.0497,0.0,0.28836,0.0,0.09956,0.61208,0.0332225833222591,0.0849808588493007,9.94185650124813,103.16641780953351,0.1160183687707641,0.1006921205264903,2.390810126811924,3.747389609133252,32.0
MSO,4.398045,1.63788,-10.196942,-3.5654714,-0.35449797,1.7308409,-8.280517,-0.7981539,5.0522118,-3.3252294,4.981107,-5.0493813,8.754407,-7.3681984,-11.992585,2.4345832,-7.827297,-0.85654306,-2.5419266,1.7275608,1.3207603,-2.4747705,1.8124887,2.3270178,-5.1411834,0.52763104,5.7824793,-4.042577,11.095874,-0.062061016,1.3270911,-6.4630136,-1.8099725,-0.35573032,0.72014254,-2.759189,8.327303,-7.36278,-2.4345498,-8.683444,8.404555,-5.3003807,1.8129919,0.3446048,8.124018,-1.7602619,7.624043,-3.617686,-0.07632996,6.6137724,2.8902762,1.0931734,-0.36952755,10.1364975,-5.159963,-6.0417843,-6.05164,9.645805,6.2702374,5.5838447,13.492839,-2.3102279,-13.273558,-1.1975384,-1.8436016162529085,1.688323614324721,-0.9459636,-5.11551,270,17.17192700000946,17.17191038152989,18.91573500001068,90.00004839982975,89.99988269785004,119.9999908037804,4830.493921232358,1.56201,1.49507,1.49507,1.56201,6.07056,6.07049,5.87645,6.07049,6.07049,0.0558949052421367,0,0,0,0,0,0,0,0.0,0.0,0.0,0.0,0.0,0.0,0.0,0.0,0.0,0.0,0.0,0.0,0.0,0.0,0.0,0.0,0.0,0.0,1.85891,0.0,0.0,0.0,660.707,1367.78,735.798,0,0.0,0.0,0.0,0.0,0.0,0.0,12,7.32974,202.69,2.83262,212.402,2.20939,210.263,6.88659,2.65254,2.47246,6.26972,2.42831,2.27083,0.0,0.0,0.0,0.0,0.0,0.0,0.0,0.0,0.0,0.0,0.0,0.0,0.0,0.0,0.0,0.0,485.561,0.10052,0.0540746,0.0,0.0,0.0,0.0,0.0,0.0,0.676269,163.271,0.483049,157.861,0.19322,160.372,1.15932,0.0,0.483049,0.579659,0.28983,0.19322,0.0,0.0,0.0,0.0,0.0,0.0,0.0,0.0,0.0,0.0,0.0,0.0,0.0,0.0,0.0,0.0,1292.35,0.26754,0.143923,1,50000,0.0,0.10052,0.0,0.26754,0.12268,0.60978,0.0,0.0,0.0,0.0,0.0,0.0,0.0,0.0,90.0
ITE,-3.1096075,-7.0436864,0.0114851,4.0542088,-3.402267,-3.1956575,-2.943571,-4.875496,-3.6855826,3.9447618,0.89207745,3.3854637,-1.4682924,-0.7396704,1.8710425,0.86622626,0.3059475,-1.3830231,3.6958745,2.9923553,-3.5772042,-1.1444207,7.2003436,-0.53187233,-0.2955234,0.41305867,1.8228989,-13.716717,10.596054,0.5036677,0.5286822,0.07567349,-3.2230504,-0.5145004,0.2887261,-0.5677657,-2.0669744,-0.34915453,2.3878994,-4.4292846,2.447312,-0.45471245,3.9059741,-7.428345,-0.91217256,-10.408981,-0.39353734,3.9201918,2.7205305,-2.4600286,1.437718,6.1135173,2.7545493,0.004430473,5.7537985,2.8835404,3.1386645,10.024181,-0.9792042,-1.6527045,1.1846769,-4.4490795,1.5894461,-3.6389823,-0.5264951077074935,-1.1218652231223634,2.7127721,-2.0100589,192,20.54708800004502,9.708708000000051,19.550173000043017,89.99999706930791,90.00024006485346,89.99999131000561,3899.9795089121394,3.54133,1.41576,3.54133,2.33181,7.53983,7.53133,6.62616,7.53975,6.62616,0.0492310278967482,2,2,2,0,0,0,0,7.53997,3.54134,7.53997,7.53998,3.54134,7.53128,0.0,0.0,0.0,0.0,0.0,0.0,0.0,0.0,0.0,0.0,0.0,0.0,1.63729,747.399,1916.42,1170.48,0.0,0.0,0.0,2,374.807,372.592,0.0,0.0,0.0,0.0,0,0.0,0.0,0.0,0.0,0.0,0.0,0.0,0.0,0.0,0.0,0.0,0.0,0.0,0.0,0.0,0.0,0.0,0.0,0.0,0.0,0.0,0.0,0.0,0.0,0.0,677.036,0.1736,0.106029,0.0,0.0,0.0,335.71,341.326,0.0,0.0,0.0,0.0,0.0,0.0,0.0,0.0,0.0,0.0,0.0,0.0,0.0,0.0,0.0,0.0,0.0,0.0,0.0,0.0,0.0,0.0,0.0,0.0,0.0,0.0,0.0,0.0,0.0,1521.15,0.39004,0.238223,0.0,0.0,0.0,1,50000,0.1736,0.0,0.39004,0.0,0.06994,0.54002,0.0332225767674418,0.1408544681011675,12.102640209608657,144.80810729892482,0.2513576079734219,0.1871127498531555,1.1405786271004963,-0.6974619392099095,64.0
SVV,4.7975016,-8.5083,17.5194,-6.9486704,2.1955516,-15.55233,-28.791328,-2.371541,-1.2068385,4.236205,4.919782,-19.814892,14.960262,-11.662033,-32.78779,-11.736854,3.1689584,-1.0138087,4.9964933,-2.7253535,10.167478,-1.1007121,6.356236,-4.3715367,-9.856899,4.914506,-1.636018,-4.895892,31.75866,4.3735723,9.20454,-16.774897,23.485012,0.4359899,2.6579142,-13.757006,34.708603,-8.771381,-2.8540075,-30.510302,1.5825388,-6.602306,6.8595996,-16.098545,1.045557,-9.594271,11.001882,-0.021429867,-19.148254,15.625127,15.380928,-6.593341,-5.254293,16.116638,-5.42397,-9.106591,-7.063789,-4.508247,10.448543,19.631037,29.845156,-5.3611717,-26.965866,-2.5615177,-3.543061918469094,2.711949645874746,-1.7877706,-4.595594,168,13.160424213795618,13.275955000000035,21.31107191252552,90.00000700428073,123.27089448691063,89.99999326770393,3113.0922055753754,1.53467,1.53467,1.1053,1.4165,6.21105,5.3301,6.21105,6.21105,5.3301,0.0539656357428544,0,0,0,0,0,0,0,0.0,0.0,0.0,0.0,0.0,0.0,0.0,0.0,0.0,0.0,0.0,0.0,0.0,0.0,0.0,0.0,0.0,0.0,1.79475,0.0,0.0,0.0,512.676,1646.84,917.587,0,0.0,0.0,0.0,0.0,0.0,0.0,6,154.555,153.783,5.34498,3.67584,100.319,94.9991,0.0,0.0,0.0,0.0,0.0,0.0,0.0,0.0,0.0,0.0,0.0,0.0,0.0,0.0,0.0,0.0,0.0,0.0,0.0,0.0,0.0,0.0,333.91,0.10726,0.0597632,0.0,0.0,0.0,0.0,0.0,0.0,96.6304,94.0776,0.498095,0.373571,69.9201,72.4105,0.0,0.0,0.0,0.0,0.0,0.0,0.0,0.0,0.0,0.0,0.0,0.0,0.0,0.0,0.0,0.0,0.0,0.0,0.0,0.0,0.0,0.0,1016.55,0.32654,0.181942,1,50000,0.0,0.10726,0.0,0.32654,0.08576,0.5877,0.0,0.0,0.0,0.0,0.0,0.0,0.0,0.0,56.0
CAN,-6.262063,-2.4762852,0.48421973,10.3963995,15.099104,-14.436218,13.508145,-0.36112365,0.81655335,-9.678341,2.0652673,-1.3934879,8.9961815,4.95318,-4.8123913,-22.137451,14.58781,3.96033,-14.004738,0.03370288,10.87702,-1.4326801,-0.68411875,-1.9278058,-4.24528,8.516833,-2.0432642,-5.0764546,12.722176,13.500378,1.0798037,4.6308546,16.854095,-1.8955009,-8.649967,-7.44442,4.7694983,3.2959661,1.5102086,-4.2903514,1.9804788,-1.2185462,2.2792096,-3.741383,-2.186751,-16.820389,-0.2227995,17.076674,3.5633497,-3.3586466,9.349024,-12.782886,-0.8647423,10.063465,-1.7053884,7.105356,-2.2893243,5.6242905,7.7488275,14.974961,-2.4262526,-3.4201117,-1.5643873,-12.484705,5.983922968757922,-1.6897183129745426,-1.6812049,-2.1419683,36,12.258741738245162,12.31536921212864,5.092593690535011,90.64302552394312,89.65247666154576,120.14528145994434,664.8106024205448,5.16392,1.42824,1.42514,5.16392,5.46977,5.46463,5.46977,5.46977,5.46977,0.0541507609369129,1,1,0,0,0,0,0,5.46978,5.16388,5.46978,0.0,0.0,0.0,0.0,0.0,0.0,0.0,0.0,0.0,0.0,0.0,0.0,0.0,0.0,0.0,1.80091,67.7374,1018.9,565.77,34.6175,520.712,289.139,1,67.7374,0.0,0.0,0.0,0.0,0.0,2,18.4883,16.1292,0.0,0.0,0.0,0.0,0.0,0.0,0.0,0.0,0.0,0.0,0.0,0.0,0.0,0.0,0.0,0.0,0.0,0.0,0.0,0.0,0.0,0.0,0.0,54.315,0.0817,0.045366,9.52009,0.01432,0.00795155,54.315,0.0,0.0,0.0,0.0,0.0,5.13234,4.38775,0.0,0.0,0.0,0.0,0.0,0.0,0.0,0.0,0.0,0.0,0.0,0.0,0.0,0.0,0.0,0.0,0.0,0.0,0.0,0.0,0.0,0.0,0.0,137.802,0.20728,0.115098,77.8759,0.11714,0.065045,1,50000,0.0817,0.01432,0.20728,0.11714,0.08472,0.59086,0.0332226046179402,0.164968693713666,12.145232900241208,145.506689025352,0.1827234385382059,0.1493347697929107,1.6420427903103445,0.6963045339855607,12.0
ISV,-5.715385,-0.03784553,3.5713618,-8.187677,0.5951443,4.1485066,-7.73673,4.5355763,0.039272875,2.9244044,5.325874,-11.221102,9.38327,0.69849944,1.7477556,-2.371261,3.292398,1.0346901,-0.820994,-0.7312335,4.1699624,-5.19425,-0.692533,0.96848047,-3.1323974,5.8295827,6.083731,1.6079098,2.862122,-7.9700885,3.461464,-2.1764066,7.62885,0.67971814,2.7802215,-3.913193,3.5738895,4.9399147,-0.8721532,-0.49444723,2.5484483,-1.3140972,0.98019314,-2.9877646,-3.4074721,-5.20297,0.07731809,-2.146353,-3.6118665,3.914565,-3.823364,2.9165316,-0.6410667,7.10914,0.5567986,0.29837233,-2.0750828,-4.0776978,1.5783162,-4.4757133,3.9579263,-3.0066478,-2.565227,2.7092948,-1.5518456094906965,1.7987635714061694,0.8722375,-4.335564,192,12.819627,12.819627,25.330128,90.0,90.0,90.0,4162.8250823796,5.72554,5.7227,5.72554,5.71866,6.33092,6.3261,6.28412,6.33092,6.28412,0.0461225240552857,1,3,0,0,0,0,0,6.33092,5.72551,6.33092,0.0,0.0,0.0,0.0,0.0,0.0,0.0,0.0,0.0,0.0,0.0,0.0,0.0,0.0,0.0,1.53391,775.045,1861.82,1213.78,6.12676,14.7178,9.59495,1,775.045,0.0,0.0,0.0,0.0,0.0,8,0.803318,1.04378,0.643715,0.483051,0.963981,0.862639,0.844279,0.481991,0.0,0.0,0.0,0.0,0.0,0.0,0.0,0.0,0.0,0.0,0.0,0.0,0.0,0.0,0.0,0.0,0.0,942.797,0.22648,0.147649,0.582796,0.00014,9.12701e-05,942.797,0.0,0.0,0.0,0.0,0.0,0.0832565,0.0832565,0.0832565,0.0,0.0832565,0.0,0.24977,0.0,0.0,0.0,0.0,0.0,0.0,0.0,0.0,0.0,0.0,0.0,0.0,0.0,0.0,0.0,0.0,0.0,0.0,1764.79,0.42394,0.276379,25.7263,0.00618,0.00402892,1,50000,0.22648,0.00014,0.42394,0.00618,0.06656,0.50332,0.0332226013289036,0.0848039308380475,9.175964582819878,85.6868800808481,0.209431415282392,0.1639371756849401,1.427031621795967,0.0500294484222281,64.0
VET,-2.6491368,-1.4585869,10.962708,7.3188915,-0.23676038,3.2460427,3.0772104,3.1132243,-8.747676,6.9128895,-0.03552761,-2.560755,17.708952,1.4923757,-7.8512697,-10.78564,6.885938,-0.4650302,-4.806435,-2.3789477,-4.612862,-0.32724786,-3.2840075,2.1015413,-4.1119466,12.471405,0.23871118,11.382462,-4.549243,10.363089,-0.6975444,-1.556998,12.587525,-7.1757045,1.789674,-6.4003954,13.061168,11.562969,0.033355072,-10.913193,-8.254181,2.4880595,3.9942176,-2.8670092,-7.952011,9.732438,-1.2029297,1.4591483,-2.009635,2.5530794,-0.8828577,0.66862416,3.2931836,13.647938,13.807859,2.6880424,5.1647887,-5.0937514,13.584125,-0.8820631,-1.431795,-3.3337564,2.4040818,-4.4127774,2.810854566904807,-1.7829410956103553,0.43562752,-0.08590155,51,12.989593000022824,12.989592000023482,4.983424000001807,90.00007418984569,90.0000697789439,90.00020290132582,840.8507061642543,5.59262,1.09354,1.09348,5.59262,5.76617,5.76455,5.76617,5.76617,5.76617,0.0606528598074787,1,1,0,0,0,0,0,5.76613,5.59263,5.76613,0.0,0.0,0.0,0.0,0.0,0.0,0.0,0.0,0.0,0.0,0.0,0.0,0.0,0.0,0.0,2.01715,82.146,976.94,484.317,0.0,0.0,0.0,1,82.146,0.0,0.0,0.0,0.0,0.0,0,0.0,0.0,0.0,0.0,0.0,0.0,0.0,0.0,0.0,0.0,0.0,0.0,0.0,0.0,0.0,0.0,0.0,0.0,0.0,0.0,0.0,0.0,0.0,0.0,0.0,73.0531,0.08688,0.0430707,0.0,0.0,0.0,73.0531,0.0,0.0,0.0,0.0,0.0,0.0,0.0,0.0,0.0,0.0,0.0,0.0,0.0,0.0,0.0,0.0,0.0,0.0,0.0,0.0,0.0,0.0,0.0,0.0,0.0,0.0,0.0,0.0,0.0,0.0,172.845,0.20556,0.101906,0.0,0.0,0.0,1,50000,0.08688,0.0,0.20556,0.0,0.131,0.66344,0.0332225892358804,0.1612964709920962,12.1438597742677,145.48582462561836,0.1925908405315614,0.1554004357143959,1.5583360837405338,0.4284504269950484,17.0
CAS,-21.671734,15.694299,5.432131,17.518175,4.5192137,-9.879352,19.819561,-14.598152,-6.7630095,-10.416095,-9.452614,-3.968992,1.718597,22.70779,-2.92955,-6.1636014,16.953922,-6.239934,-35.8188,0.88746727,-19.26669,-1.960428,0.45665947,0.7600874,1.2361759,5.983894,-2.1797612,8.716248,11.072058,7.3305573,7.7768984,5.4128685,-0.9544725,-2.929405,-0.6755678,-23.18841,10.305337,11.338107,2.6481502,-14.61046,-6.575662,2.0139055,17.473898,-2.7364714,-10.517694,-6.9285274,2.6626592,6.435516,7.115891,-11.627997,-5.5903783,6.943315,0.37481168,0.5594135,1.171512,4.135211,-19.301811,9.921596,4.5905995,-2.751899,-9.92153,-10.480539,-0.7825063,4.10472,3.1683798990621246,-4.95402251793491,3.3481312,0.8663838,72,4.9951460000001,13.9496890118922,16.530549014905887,89.99520101596111,89.99999653345866,89.99997620776104,1151.860772657274,2.25123,2.25123,1.00644,1.06723,3.98216,3.88613,3.97815,3.91059,3.88613,0.0625075544797834,4,1,1,1,1,0,0,3.91073,2.2511,3.91073,3.97605,2.24612,3.97605,3.90597,2.25115,3.90597,3.97818,2.24611,3.97818,0.0,0.0,0.0,0.0,0.0,0.0,2.07883,119.931,1041.19,500.855,0.0,0.0,0.0,4,30.634,29.6764,30.9003,28.7202,0.0,0.0,0,0.0,0.0,0.0,0.0,0.0,0.0,0.0,0.0,0.0,0.0,0.0,0.0,0.0,0.0,0.0,0.0,0.0,0.0,0.0,0.0,0.0,0.0,0.0,0.0,0.0,37.735,0.03276,0.0157589,0.0,0.0,0.0,9.56044,8.63896,9.65259,9.88297,0.0,0.0,0.0,0.0,0.0,0.0,0.0,0.0,0.0,0.0,0.0,0.0,0.0,0.0,0.0,0.0,0.0,0.0,0.0,0.0,0.0,0.0,0.0,0.0,0.0,0.0,0.0,222.355,0.19304,0.0928599,0.0,0.0,0.0,1,50000,0.03276,0.0,0.19304,0.0,0.12426,0.6827,0.0332225999003322,0.1604871166725398,12.14414154340407,145.48932431366148,0.1325496046511627,0.1146433023321793,2.1630422280727064,2.6789742965937515,24.0
ITH,-1.7522881,-2.8056824,6.3627405,-5.8281918,1.0300324,5.957781,-8.579587,4.2149935,-0.55468166,3.3322294,4.3512807,-7.5804873,11.436251,1.0861818,2.2170274,-1.8396981,1.5408084,-1.1695408,-1.7528081,-0.24890974,9.367489,-4.2113857,-2.5947587,-0.2646836,-3.6306846,7.593005,3.530101,4.9509945,5.493431,-9.16521,-0.8979661,-1.0411681,9.103725,-1.7362764,0.11070685,-2.6576688,5.4431653,8.070731,1.6126957,-2.9981327,-1.2586653,0.06581253,4.0042834,-3.447981,-4.6308427,-0.65002096,-1.4797264,0.30653444,-2.3461175,4.5573416,-2.319438,1.915374,-0.22081229,8.606726,7.245291,0.4920153,3.3306248,-2.3429263,8.536905,-3.1017482,2.7448752,-6.147472,-1.0391576,0.9277147,-0.160383791607333,0.24836978821064415,0.5010201,-4.0253224,168,12.534618,11.383216,22.053567000000022,89.99999740197224,90.0,90.0,3146.6969797516103,4.57524,3.43597,4.57524,4.46749,6.09847,6.09146,6.09146,6.03855,6.09146,0.0533893161880688,1,3,0,0,0,0,0,6.09806,4.57518,6.09144,0.0,0.0,0.0,0.0,0.0,0.0,0.0,0.0,0.0,0.0,0.0,0.0,0.0,0.0,0.0,1.77558,528.962,1681.01,946.735,1.20657,3.83439,2.15951,1,528.962,0.0,0.0,0.0,0.0,0.0,4,0.42267,0.221045,0.301907,0.260946,0.0,0.0,0.0,0.0,0.0,0.0,0.0,0.0,0.0,0.0,0.0,0.0,0.0,0.0,0.0,0.0,0.0,0.0,0.0,0.0,0.0,404.476,0.12854,0.0723931,0.0,0.0,0.0,404.476,0.0,0.0,0.0,0.0,0.0,0.0,0.0,0.0,0.0,0.0,0.0,0.0,0.0,0.0,0.0,0.0,0.0,0.0,0.0,0.0,0.0,0.0,0.0,0.0,0.0,0.0,0.0,0.0,0.0,0.0,1001.91,0.3184,0.179321,0.0,0.0,0.0,1,50000,0.12854,0.0,0.3184,0.0,0.10052,0.58108,0.033222584551495,0.0426666482314035,7.892974430288661,63.71222710325412,0.1886543887043189,0.1440983200324373,1.552951159030166,0.4672068098878492,56.0
ERI,-6.017483,-1.246652,-2.5097902,1.2328172,5.440062,2.5476668,10.1977415,-0.52446926,-3.459357,-3.3745809,3.8984854,-2.9134903,3.549702,6.62204,0.02601889,4.773622,2.2154772,2.5472405,-3.8126657,-0.34314445,-6.4965353,0.83739173,6.135855,-0.1422712,0.5464567,-2.6412508,0.09503889,-11.541348,3.3359537,-2.51368,-1.6788248,-3.1216867,-11.5264015,-4.957347,-5.2056136,3.8038664,-12.253089,-4.9650855,0.06439951,-4.085441,0.8729641,1.7965062,0.42389992,-1.8409826,0.743031,-3.2243855,-1.0223845,-2.3745787,1.2419853,-6.597239,-3.6278577,-4.9798803,-2.2231743,1.7850614,-2.7645063,2.224888,3.0196588,7.4784226,-0.79859316,-3.1189368,1.1182181,-2.3742714,-1.9322276,-0.018746376,0.07224913479789119,-0.6244797465061723,2.4882398,-2.7411392,108,12.912428,12.912428283590852,15.105324,90.0,90.0,119.99999927348216,2181.1047083791323,2.77605,2.77605,2.77594,2.77603,6.14649,5.94676,6.13329,6.14649,5.94676,0.0495161922236457,1,3,0,0,0,0,0,6.14649,2.77605,6.14649,0.0,0.0,0.0,0.0,0.0,0.0,0.0,0.0,0.0,0.0,0.0,0.0,0.0,0.0,0.0,1.64677,432.26,1981.84,1203.47,20.4133,93.5918,56.8334,1,432.26,0.0,0.0,0.0,0.0,0.0,4,2.00246,8.65495,2.30225,7.45368,0.0,0.0,0.0,0.0,0.0,0.0,0.0,0.0,0.0,0.0,0.0,0.0,0.0,0.0,0.0,0.0,0.0,0.0,0.0,0.0,0.0,344.309,0.15786,0.0958602,2.48646,0.00114,0.000692263,344.309,0.0,0.0,0.0,0.0,0.0,0.0872442,0.785198,0.174488,1.43953,0.0,0.0,0.0,0.0,0.0,0.0,0.0,0.0,0.0,0.0,0.0,0.0,0.0,0.0,0.0,0.0,0.0,0.0,0.0,0.0,0.0,821.448,0.37662,0.228702,54.6585,0.02506,0.0152176,1,50000,0.15786,0.00114,0.37662,0.02506,0.0588,0.53952,0.0332226060465116,0.1351723736526949,12.045690113649991,145.11104555060456,0.2050704784053156,0.1622086861412189,1.4560645696378471,0.122818375516851,36.0
TUN,-3.3815014,-4.3638067,-1.2403063,4.5385785,13.598534,0.66102415,4.9282227,-0.9986559,-7.8651137,-15.290266,-3.4336548,2.3409748,2.432311,-14.857486,-3.464289,-9.281357,-4.1815367,4.3300858,-0.58319116,1.6064109,13.736744,-11.2204895,7.525471,0.8821261,-3.9026115,2.2558322,1.5977452,-4.519809,3.6086152,12.63987,2.4147356,3.493524,5.9361663,-2.3270977,-15.366837,-1.879714,-1.0928247,-0.791999,-2.8565419,4.8676543,0.8159741,1.9482276,-8.928254,-10.932919,-2.7060516,-5.3287773,-0.38918406,10.195974,6.163897,-0.5283328,2.2773852,2.8850567,0.5743631,6.679167,4.1097894,-1.8461907,2.4207852,2.456284,12.16925,1.8035479,-11.088952,0.069396585,-8.413948,1.8551546,2.8819378454901887,-0.1114910448029209,-0.65639067,-3.0679293,576,28.08351530117875,19.828378,19.396511582795835,90.0,92.22216040357068,90.0,10792.835896212298,5.02365,4.59866,5.02365,4.59866,8.04585,8.04585,8.04585,7.79142,8.04585,0.0533687351071598,1,3,0,0,0,0,0,8.04522,5.02366,8.04521,0.0,0.0,0.0,0.0,0.0,0.0,0.0,0.0,0.0,0.0,0.0,0.0,0.0,0.0,0.0,1.7749,1741.02,1613.13,908.855,12.9304,11.9805,6.74997,1,1741.02,0.0,0.0,0.0,0.0,0.0,6,0.984462,2.23974,3.11968,1.34675,2.73797,2.50175,0.0,0.0,0.0,0.0,0.0,0.0,0.0,0.0,0.0,0.0,0.0,0.0,0.0,0.0,0.0,0.0,0.0,0.0,0.0,1567.34,0.14522,0.0818188,0.863427,8e-05,4.5073e-05,1567.34,0.0,0.0,0.0,0.0,0.0,0.0,0.215857,0.215857,0.215857,0.215857,0.0,0.0,0.0,0.0,0.0,0.0,0.0,0.0,0.0,0.0,0.0,0.0,0.0,0.0,0.0,0.0,0.0,0.0,0.0,0.0,3394.56,0.31452,0.177204,20.7222,0.00192,0.00108175,1,50000,0.14522,8e-05,0.31452,0.00192,0.09682,0.58674,0.03322256910299,0.0284036187164819,6.867888822348404,49.892772648499125,0.2177413588039868,0.1501174746343586,1.37483496955589,0.051075375447076,192.0
RTE,-1.3573554,-3.1720068,0.6487949,2.1976573,-0.070096195,1.595937,0.6572741,-1.6012038,-1.1241306,-0.34029904,2.0625908,-0.86136234,5.1533794,4.5871687,-5.3533826,3.2353902,-1.2861792,1.3389574,-0.74444044,-0.16948834,-1.7136139,-5.302794,6.1340303,-0.32856196,1.1215748,5.1283236,4.8723783,-1.9171304,2.2432332,-0.22438852,5.259014,-3.254083,-0.6467041,0.38395205,0.85933036,-0.33760154,-0.3864978,3.3595495,0.37354767,-7.1382027,-1.5512497,1.9372652,4.748743,6.7354584,-0.7934003,-2.512235,-0.62762004,2.0837579,1.0455073,-0.9824594,-2.4505439,4.2738457,0.7307264,0.5772423,5.0010657,3.1304002,0.5969887,0.9516499,1.415979,-2.3813455,0.47749823,-1.9106654,1.3426409,-2.4216747,0.21729696582464336,-0.7489653315897347,1.7790335,-2.239992,72,13.95003064047481,13.563264622974222,7.376306881404949,90.20333381016836,102.31099541124,90.11312065505616,1363.5484792014015,3.45338,1.52113,1.34756,3.45338,6.15631,6.15631,6.15472,6.13616,6.13616,0.052803403104647,2,1,1,0,0,0,0,6.15637,3.45341,6.15637,6.15636,3.45342,6.15636,0.0,0.0,0.0,0.0,0.0,0.0,0.0,0.0,0.0,0.0,0.0,0.0,1.7561,226.087,1658.08,944.183,7.68534,56.3628,32.0955,2,113.615,112.471,0.0,0.0,0.0,0.0,2,3.98338,3.70195,0.0,0.0,0.0,0.0,0.0,0.0,0.0,0.0,0.0,0.0,0.0,0.0,0.0,0.0,0.0,0.0,0.0,0.0,0.0,0.0,0.0,0.0,0.0,163.871,0.12018,0.0684358,0.57269,0.00042,0.000239167,82.631,81.2402,0.0,0.0,0.0,0.0,0.190897,0.381794,0.0,0.0,0.0,0.0,0.0,0.0,0.0,0.0,0.0,0.0,0.0,0.0,0.0,0.0,0.0,0.0,0.0,0.0,0.0,0.0,0.0,0.0,0.0,443.426,0.3252,0.185183,19.7987,0.01452,0.00826834,1,50000,0.12018,0.00042,0.3252,0.01452,0.08128,0.579,0.0332225906976744,0.1555287997278552,12.138992915963891,145.4056005536158,0.2055040365448504,0.1628078389303988,1.4542859769914604,0.1153300007280879,24.0
UEI,-8.760892,-0.715255,1.4895378,0.5363158,-4.914193,1.586195,-2.9381156,5.2572365,4.68448,-0.5051867,-0.33044997,-3.4868984,2.612585,5.151116,-6.4696884,-0.50923747,3.1330407,0.7338878,-5.6329412,0.24601844,3.174414,-4.483892,3.7636757,1.0965189,-1.7889122,0.5295429,0.42969474,-3.0756874,4.6837177,-3.0983982,2.8812249,-3.2660139,-5.282142,2.2898257,-0.1302766,-1.0071001,-3.3567832,1.3770554,0.43632644,-3.9428506,2.6184576,0.064163625,5.2216997,-1.6117071,0.70178306,-9.038895,1.7835879,-2.5025232,-0.56798255,-2.4369261,-0.32869747,4.6312265,0.8393847,2.1411219,4.408944,-0.43266088,0.22201028,12.3762455,1.5063707,-1.6319982,-4.3154097,-3.1091235,0.22018594,1.5329096,-0.34943538918761,-0.008235886312808456,1.8361365,-1.8951898,144,19.064593,9.170559,14.806092,90.0,90.0,90.0,2588.593111262005,3.18559,1.42581,3.18559,2.32828,4.94142,4.92525,4.66471,4.94142,4.66471,0.0556286731095395,2,2,2,0,0,0,0,4.92931,3.18558,4.92931,4.92931,3.18532,4.92931,0.0,0.0,0.0,0.0,0.0,0.0,0.0,0.0,0.0,0.0,0.0,0.0,1.85006,469.593,1814.09,980.556,0.0,0.0,0.0,2,233.916,235.677,0.0,0.0,0.0,0.0,0,0.0,0.0,0.0,0.0,0.0,0.0,0.0,0.0,0.0,0.0,0.0,0.0,0.0,0.0,0.0,0.0,0.0,0.0,0.0,0.0,0.0,0.0,0.0,0.0,0.0,187.259,0.07234,0.0391015,0.0,0.0,0.0,94.9496,92.3092,0.0,0.0,0.0,0.0,0.0,0.0,0.0,0.0,0.0,0.0,0.0,0.0,0.0,0.0,0.0,0.0,0.0,0.0,0.0,0.0,0.0,0.0,0.0,0.0,0.0,0.0,0.0,0.0,0.0,783.878,0.30282,0.163681,0.0,0.0,0.0,1,50000,0.07234,0.0,0.30282,0.0,0.09338,0.6038,0.0332226212624584,0.0700377355848902,10.495290655844157,115.149508449745,0.1538893986710963,0.1217265943412144,1.8729699338314727,1.6006449234816973,48.0
AET,-9.695855,-2.6838367,0.55412453,-2.4139118,-1.1749468,8.557412,3.043147,1.3686229,-3.4121022,4.8658996,0.06962953,-10.643621,3.051258,-5.688239,-4.609528,-2.3193302,-6.3118067,3.3213394,5.0125685,0.4875081,-1.8032876,-6.0900774,4.5174727,2.213212,2.8819041,3.7911205,2.185353,-0.91495955,4.819976,-3.1602266,-1.510811,-1.0436168,5.1314564,3.8112452,-1.3353652,-14.823925,8.393191,9.737558,-1.6203207,-8.727312,-2.1101282,-0.42010915,3.4680874,-1.6400452,0.094914675,1.0356414,4.29485,-3.6388578,-0.39519203,0.52285326,-4.752782,7.6316967,0.5750756,3.4175782,3.3123565,-2.2374845,-6.772372,-3.1669722,2.021463,-7.861907,-1.3927078,1.5808734,-4.066015,0.25086194,-2.7398428705086864,-0.5430215190783163,2.1344984,-4.526811,216,32.80259792089628,14.494602374351013,8.29512200000048,90.00002564986256,90.00002776441919,90.1929770630156,3943.981426547912,7.39772,1.14973,1.14973,7.39772,8.10565,8.10565,8.10322,8.00009,8.00009,0.0547669921937387,2,1,1,0,0,0,0,8.10553,7.39772,8.10553,8.10561,7.39767,8.10561,0.0,0.0,0.0,0.0,0.0,0.0,0.0,0.0,0.0,0.0,0.0,0.0,1.8214,424.019,1075.1,590.262,8.25528,20.9313,11.4919,2,213.203,210.816,0.0,0.0,0.0,0.0,8,1.24647,0.562853,1.22493,1.5678,0.663135,1.7048,0.602754,0.682555,0.0,0.0,0.0,0.0,0.0,0.0,0.0,0.0,0.0,0.0,0.0,0.0,0.0,0.0,0.0,0.0,0.0,593.727,0.15054,0.0826507,0.631037,0.00016,8.78445e-05,297.376,296.351,0.0,0.0,0.0,0.0,0.0788796,0.0,0.0,0.157759,0.0,0.0788796,0.157759,0.157759,0.0,0.0,0.0,0.0,0.0,0.0,0.0,0.0,0.0,0.0,0.0,0.0,0.0,0.0,0.0,0.0,0.0,1051.78,0.26668,0.146415,26.2669,0.00666,0.00365653,1,50000,0.15054,0.00016,0.26668,0.00666,0.13344,0.59322,0.033222609667774,0.1142134761639213,11.385278093438512,131.86908878468208,0.271143488372093,0.1965849321144897,1.0258637768181431,-0.94363114654181,72.0
EZT,-15.177378,-2.9335282,-4.269122,-5.5128474,-9.438446,3.9647434,2.5716176,0.3021802,4.1597786,2.8853068,-0.32145253,-14.186632,6.87818,4.332476,-2.9768593,1.5901768,-6.109921,3.9310086,-9.566602,-0.1431773,-2.275054,-6.954962,4.7039075,3.9970434,-1.1206418,-1.8879408,0.41876918,2.1759887,5.9307523,-4.5690417,-3.1536753,-4.542204,-11.379697,-0.0326142,0.4109937,-10.33666,-2.9355462,12.662936,-5.2629585,1.8747159,-4.600695,3.078228,1.9286449,-6.4077215,-1.818629,2.0104792,3.7386093,-17.753754,-5.5503583,-6.2195287,0.9644542,2.3115163,-2.3313377,7.142729,-7.484146,-2.8726237,-9.093671,5.055509,2.3873591,-8.695135,-7.267968,0.5246037,-3.1664395,11.491455,-3.267449836977926,-0.8595074432521,3.6669545,-4.5868616,144,10.211584,12.47483,21.645266,90.0,90.0,90.0,2757.342262700933,5.50197,5.50197,1.65993,1.65993,5.82656,5.82656,5.81981,5.7374,5.82656,0.0522242022500848,2,1,1,0,0,0,0,5.82673,5.502,5.82673,5.82673,5.502,5.82673,0.0,0.0,0.0,0.0,0.0,0.0,0.0,0.0,0.0,0.0,0.0,0.0,1.73683,448.217,1625.54,935.92,2.04554,7.41853,4.2713,2,220.469,227.747,0.0,0.0,0.0,0.0,8,0.299786,0.301907,0.240465,0.120763,0.239404,0.420549,0.301907,0.120763,0.0,0.0,0.0,0.0,0.0,0.0,0.0,0.0,0.0,0.0,0.0,0.0,0.0,0.0,0.0,0.0,0.0,399.704,0.14496,0.0834622,0.110294,4e-05,2.30304e-05,199.025,200.679,0.0,0.0,0.0,0.0,0.0,0.0551468,0.0,0.0551468,0.0,0.0,0.0,0.0,0.0,0.0,0.0,0.0,0.0,0.0,0.0,0.0,0.0,0.0,0.0,0.0,0.0,0.0,0.0,0.0,0.0,902.919,0.32746,0.188538,8.87864,0.00322,0.00185395,1,50000,0.14496,4e-05,0.32746,0.00322,0.09906,0.57026,0.0332225810631229,0.0944873026495731,10.085515411009816,105.34040706439224,0.1939625415282392,0.1549201840859315,1.5434008282019491,0.39432280524119,48.0
MTW,1.3911135,-7.163578,1.7480365,4.4680147,-2.643468,0.8619326,-1.9371362,-4.629239,-2.7977035,-1.6145434,1.1287137,3.9559908,0.16232932,-3.3548849,-1.2569336,0.715608,0.36102155,0.5813068,0.508863,-0.13735393,-4.456148,-3.6783872,4.4838815,0.5015739,-1.8281552,2.738114,-2.2904508,0.30989763,0.27380013,3.7321684,3.8910472,-2.1831093,1.6667702,-0.6716428,-1.2657712,-2.0611331,0.9993705,0.9674686,-0.3677792,-4.038245,-0.72387534,1.2969112,-1.2143316,0.6758316,-1.2974992,0.99781346,-1.8167189,1.7074293,2.74857,4.7362094,-1.4160025,1.3281807,0.3368007,-3.7341537,9.076445,3.2140925,-3.6300418,-3.483399,1.6971008,2.3846269,-7.0168567,-3.717845,2.6224687,-1.9569459,0.2318935589873004,-1.0519578170959745,2.2278078,-2.5065842,84,25.02818440879573,5.05501700000089,12.301233918822534,90.00006194467811,108.04121690319288,89.9999751810408,1479.80787464595,5.26055,1.05119,5.26055,1.43371,5.58957,5.58947,5.54736,5.47172,5.54736,0.0567641255592705,2,1,1,0,0,0,0,5.58956,5.26046,5.58956,5.58954,5.26054,5.58954,0.0,0.0,0.0,0.0,0.0,0.0,0.0,0.0,0.0,0.0,0.0,0.0,1.88782,181.685,1227.76,650.36,3.98517,26.9303,14.2653,2,93.6546,88.0307,0.0,0.0,0.0,0.0,2,2.41526,1.56992,0.0,0.0,0.0,0.0,0.0,0.0,0.0,0.0,0.0,0.0,0.0,0.0,0.0,0.0,0.0,0.0,0.0,0.0,0.0,0.0,0.0,0.0,0.0,153.663,0.10384,0.0550052,0.177577,0.00012,6.35654e-05,76.5357,77.1276,0.0,0.0,0.0,0.0,0.0887885,0.0887885,0.0,0.0,0.0,0.0,0.0,0.0,0.0,0.0,0.0,0.0,0.0,0.0,0.0,0.0,0.0,0.0,0.0,0.0,0.0,0.0,0.0,0.0,0.0,355.835,0.24046,0.127374,14.3245,0.00968,0.00512761,1,50000,0.10384,0.00012,0.24046,0.00968,0.12666,0.6232,0.0332225839202657,0.1436035917465494,12.07906097770564,144.94455534629873,0.1855211694352159,0.1506230368270084,1.6146045443530364,0.6085000925097042,28.0
OFF,-4.4233937,7.3970027,-5.6816816,2.008774,6.4665284,8.615701,5.309337,1.98498,-0.9521624,-9.057809,0.8344417,-1.7776834,3.2374606,-0.7570783,1.5121977,1.7600517,11.424117,-3.1026556,-6.2930536,-1.000614,0.4353033,-4.65105,-6.716498,0.23562713,-0.99417514,1.8232595,-2.6458993,-4.288477,2.6652663,-0.35020542,8.517494,-0.90730554,-6.7265806,-2.3700302,0.063421905,5.2460423,-7.4931607,-5.5909014,0.2689147,5.8838863,1.0404408,-2.57418,9.396881,1.3892502,1.8433175,1.2377558,2.9950767,3.3657386,6.2771673,-3.6122026,3.1064718,4.4073124,1.9559246,-1.3750303,-2.8960602,1.7898037,2.2456396,-6.13692,1.121127,0.6846006,7.7067456,-6.600815,4.9961615,-2.3909523,0.5279718522933083,0.30303017515329084,-0.13277648,-3.055893,54,12.920705,12.92070495368519,7.544376,90.0,90.0,119.99999755836453,1090.7529283079089,5.83644,2.79946,2.79946,5.83644,6.32669,6.02105,6.32669,6.32669,6.32669,0.0495070868925105,1,3,0,0,0,0,0,6.32674,5.83644,6.32674,0.0,0.0,0.0,0.0,0.0,0.0,0.0,0.0,0.0,0.0,0.0,0.0,0.0,0.0,0.0,1.64647,213.997,1961.92,1191.59,10.0794,92.4075,56.1246,1,213.997,0.0,0.0,0.0,0.0,0.0,2,2.24611,7.83327,0.0,0.0,0.0,0.0,0.0,0.0,0.0,0.0,0.0,0.0,0.0,0.0,0.0,0.0,0.0,0.0,0.0,0.0,0.0,0.0,0.0,0.0,0.0,171.379,0.15712,0.0954284,1.5925,0.00146,0.000886745,171.379,0.0,0.0,0.0,0.0,0.0,0.196336,1.39616,0.0,0.0,0.0,0.0,0.0,0.0,0.0,0.0,0.0,0.0,0.0,0.0,0.0,0.0,0.0,0.0,0.0,0.0,0.0,0.0,0.0,0.0,0.0,412.785,0.37844,0.229849,29.9521,0.02746,0.0166781,1,50000,0.15712,0.00146,0.37844,0.02746,0.05118,0.54292,0.0332226148504983,0.0631167899530528,9.136307866765575,88.56002356641855,0.2040639335548172,0.1569099524963291,1.4537269398856771,0.1579212853222142,18.0
JSR,-9.663415,4.8596945,-4.376848,-2.5356593,-2.677571,-6.8723364,-5.2070394,-3.1357265,-3.9647624,5.4433103,3.5220492,-10.197383,0.49826172,-0.058036506,0.7136245,1.020535,15.905669,6.3885536,-3.9234264,2.4019766,1.6575845,-1.7405643,1.7725157,-4.648838,-1.8691413,-4.307471,0.30394292,-1.7987779,10.47642,0.45613772,4.754634,-3.2963698,6.5045133,2.6719959,8.520592,-0.90694165,4.708095,-3.8328433,3.6752782,0.670345,4.1615067,1.8268347,1.0615199,-5.065251,1.3533578,-9.793013,0.5131596,2.2133372,-3.1690526,0.91773295,4.728053,6.6673245,-4.7599306,-4.529822,2.4910407,-7.8841324,-7.8617883,-0.14403209,-6.3270097,2.0787165,7.988198,-3.817625,-5.0921016,-2.782267,-3.6108070225713633,1.2313445421370437,1.5423461,-5.8841705,288,20.003905,20.003905,20.003905,90.0,90.0,90.0,8004.686915001047,4.57865,4.57471,4.56933,4.57865,7.47471,7.47444,7.47441,7.47464,7.47464,0.0359789212317946,1,3,0,0,0,0,0,7.4747,4.57863,7.4747,0.0,0.0,0.0,0.0,0.0,0.0,0.0,0.0,0.0,0.0,0.0,0.0,0.0,0.0,0.0,1.19656,2096.28,2618.82,2188.62,0.0,0.0,0.0,1,2096.28,0.0,0.0,0.0,0.0,0.0,0,0.0,0.0,0.0,0.0,0.0,0.0,0.0,0.0,0.0,0.0,0.0,0.0,0.0,0.0,0.0,0.0,0.0,0.0,0.0,0.0,0.0,0.0,0.0,0.0,0.0,2575.11,0.3217,0.268854,0.0,0.0,0.0,2575.11,0.0,0.0,0.0,0.0,0.0,0.0,0.0,0.0,0.0,0.0,0.0,0.0,0.0,0.0,0.0,0.0,0.0,0.0,0.0,0.0,0.0,0.0,0.0,0.0,0.0,0.0,0.0,0.0,0.0,0.0,4591.81,0.57364,0.479407,0.0,0.0,0.0,1,50000,0.3217,0.0,0.57364,0.0,0.03444,0.39192,0.0332225817275747,0.0627832936293242,10.550048615048258,117.88545093167257,0.2416322358803986,0.1780544765275769,1.192437501713015,-0.5483794409515488,96.0
UTL,-9.165502,1.2263478,3.6248858,-3.1553154,3.745452,9.163881,-1.6500182,3.2507324,-1.3540677,7.8625693,-2.3271604,-12.727078,0.6722592,-1.965155,-3.1055143,-2.5049121,0.19082579,2.4265091,8.979722,0.39958018,4.287601,-2.1634316,1.5964552,1.2919396,1.0595311,3.6974084,2.5029218,-0.07372892,6.6077394,-6.346374,-3.288391,0.57144487,9.907734,2.8014474,3.6020966,-10.090614,9.198563,8.505996,-1.0778382,-9.869594,-0.30396503,-0.61366504,5.4104853,-1.5608894,1.2759883,-1.019067,5.354209,-0.30893728,-1.9664136,2.2990444,-6.168063,10.118569,3.0533426,9.274099,1.0572263,-1.3622437,-2.9914253,-3.9759378,0.912995,-7.681529,5.9949093,3.19217,-4.44923,-2.5559216,-2.6436309909638385,-0.08402778429861138,1.3157151,-4.659877,228,29.213333550553266,13.87348900000018,12.311594406006153,89.9999911612635,105.38709733710154,90.00001689249859,4810.919064541798,6.80649,0.9831,5.2877,6.80649,8.80711,7.93044,8.80711,8.80711,8.80711,0.0473921919993295,2,2,2,0,0,0,0,8.80704,6.80649,8.80704,8.80711,6.80649,8.80711,0.0,0.0,0.0,0.0,0.0,0.0,0.0,0.0,0.0,0.0,0.0,0.0,1.57614,812.854,1689.6,1071.99,0.0,0.0,0.0,2,408.372,404.482,0.0,0.0,0.0,0.0,0,0.0,0.0,0.0,0.0,0.0,0.0,0.0,0.0,0.0,0.0,0.0,0.0,0.0,0.0,0.0,0.0,0.0,0.0,0.0,0.0,0.0,0.0,0.0,0.0,0.0,1124.6,0.23376,0.148312,0.0,0.0,0.0,564.128,560.472,0.0,0.0,0.0,0.0,0.0,0.0,0.0,0.0,0.0,0.0,0.0,0.0,0.0,0.0,0.0,0.0,0.0,0.0,0.0,0.0,0.0,0.0,0.0,0.0,0.0,0.0,0.0,0.0,0.0,1978.83,0.41132,0.260967,0.0,0.0,0.0,1,50000,0.23376,0.0,0.41132,0.0,0.07356,0.51512,0.0332225889269102,0.067500325253925,11.41072188341046,132.91661711341632,0.2804614299003323,0.189059392291406,0.9247203400844992,-1.1108558269572455,76.0
ATV,-3.3248672,-0.50471914,0.61491597,1.9998448,3.0480938,-2.826244,8.229868,0.29815528,3.3968174,-1.4661208,4.1004095,-2.8690772,11.194557,6.179512,-8.664857,-5.2282767,1.161874,0.51406175,-9.345369,0.6759963,1.6189437,2.1571171,0.97968996,-1.3046862,-3.4482484,7.242225,3.9595015,5.479509,0.7891574,3.9822967,-0.34269792,-1.3165929,8.197545,-1.3155737,-0.10465093,-2.3824618,4.1714654,2.611326,-0.24309717,-5.573313,-1.0974088,-1.7851179,-2.8871207,-0.016983543,-1.2560637,1.2822022,-1.3274757,0.9897262,-1.4065846,3.5594509,-4.1564236,-4.646104,0.16220093,3.8917217,2.4825845,2.3003628,-2.5689504,-0.6036967,4.2257686,6.4943657,-2.4261594,-0.15124634,-4.2015977,-3.4708772,1.8496834391223418,-0.28831777503281664,0.5717153,-1.4577832,72,8.2863440000003,14.975963270683792,9.203357699279866,93.46810305368868,90.00002648552002,89.99998119810921,1140.0081168948743,2.15332,2.15332,1.17548,1.17548,3.66428,3.66349,3.65609,3.08595,3.66349,0.0631574450505771,2,1,1,0,0,0,0,3.66359,2.15332,3.66359,3.66415,2.15309,3.66415,0.0,0.0,0.0,0.0,0.0,0.0,0.0,0.0,0.0,0.0,0.0,0.0,2.10044,95.7072,839.531,399.692,1.38135,12.117,5.76878,2,47.3727,48.3345,0.0,0.0,0.0,0.0,4,0.760235,0.0,0.581212,0.0399007,0.0,0.0,0.0,0.0,0.0,0.0,0.0,0.0,0.0,0.0,0.0,0.0,0.0,0.0,0.0,0.0,0.0,0.0,0.0,0.0,0.0,19.1521,0.0168,0.00799831,0.0912006,8e-05,3.80872e-05,10.1461,9.00606,0.0,0.0,0.0,0.0,0.0228002,0.0,0.0684005,0.0,0.0,0.0,0.0,0.0,0.0,0.0,0.0,0.0,0.0,0.0,0.0,0.0,0.0,0.0,0.0,0.0,0.0,0.0,0.0,0.0,0.0,166.51,0.14606,0.0695377,10.2373,0.00898,0.00427529,1,50000,0.0168,8e-05,0.14606,0.00898,0.1548,0.69016,0.0332225780730897,0.0800177599165696,8.687940565888002,74.55775925854398,0.1151400066445182,0.0974571573562064,2.3977549625362826,3.850124547784435,24.0
MRT,-7.1665425,7.5297375,-1.5243623,4.680331,4.921457,-5.4218116,6.2904487,-1.6444727,2.1026974,-8.317729,-3.0218935,2.655034,3.4702437,10.097862,-4.748979,-0.6452778,7.4572124,2.9701831,-14.162618,0.13707766,-6.7615685,-4.641882,1.1379958,2.5319386,0.76323825,1.7046843,0.8628791,-2.1314802,-4.442729,7.8055277,2.3999934,3.005007,1.3001921,1.6981329,-1.1381546,0.4746883,-6.3727307,-3.8239155,-0.16787358,-4.4030585,1.1133336,-0.21547127,4.585071,2.715058,-2.6237,-7.8744187,-0.96118635,6.549198,0.5170501,-9.499135,5.7053204,-0.5281522,-1.9314096,2.851381,0.9167017,3.5573843,-0.0736002,4.398726,3.4173732,3.3785436,-7.9268384,-3.6393805,-0.75852025,0.26757568,2.4213800958991145,-1.5317712588408539,-0.1326089,-1.8938423,72,13.434577000000038,7.522219000000066,13.466689000000184,90.00001612613211,89.9999914805703,90.00000000000058,1360.9143725585325,3.03896,3.03896,3.00742,0.78857,5.34029,5.02991,5.32385,5.32166,5.02991,0.0529056062980944,1,2,0,0,0,0,0,5.34028,3.03886,5.34028,0.0,0.0,0.0,0.0,0.0,0.0,0.0,0.0,0.0,0.0,0.0,0.0,0.0,0.0,0.0,1.7595,287.443,2112.13,1200.42,0.0,0.0,0.0,1,287.443,0.0,0.0,0.0,0.0,0.0,0,0.0,0.0,0.0,0.0,0.0,0.0,0.0,0.0,0.0,0.0,0.0,0.0,0.0,0.0,0.0,0.0,0.0,0.0,0.0,0.0,0.0,0.0,0.0,0.0,0.0,142.842,0.10496,0.0596534,0.0,0.0,0.0,142.842,0.0,0.0,0.0,0.0,0.0,0.0,0.0,0.0,0.0,0.0,0.0,0.0,0.0,0.0,0.0,0.0,0.0,0.0,0.0,0.0,0.0,0.0,0.0,0.0,0.0,0.0,0.0,0.0,0.0,0.0,502.94,0.36956,0.210037,0.0,0.0,0.0,1,50000,0.10496,0.0,0.36956,0.0,0.05498,0.57546,0.0332226012425249,0.075350049394293,11.129303338577344,127.88255004622587,0.1646974485049833,0.1267499307619,1.745376273641844,1.1465558900345725,24.0
SOD,-3.6330147,-4.709933,1.3374437,-1.3107538,9.9853115,-7.5340657,-0.080624804,-0.7034581,-0.1227909,-0.9357505,-0.37670842,-5.6807175,0.7873975,-1.7076743,-2.3488295,-5.8295865,4.318633,6.105537,-1.1705757,-0.7861502,11.886904,-2.1310863,-2.894459,0.73377687,-1.532378,2.6483648,-4.9830017,-1.0427911,7.1581497,4.492474,0.80405694,-0.3597052,11.078323,1.8835008,-7.9543886,-1.3659216,6.4540977,-6.047118,0.7571415,-0.2229135,-2.2354858,0.9340622,5.4522557,-4.565459,-2.0682547,-14.809422,-0.7327952,11.903233,-5.080868,-4.342888,12.763399,-4.644254,-2.0506382,5.265594,1.2368678,-0.69252497,-1.1442232,-4.4265523,-0.4581124,10.467292,-7.130474,-4.303868,-6.2854304,-0.70381,0.7046535827909881,-1.0999957588848002,-1.479747,-2.9860153,36,8.584619415108044,8.584573907831476,8.584378831647925,92.38103407696627,92.37815413322004,92.37951703079746,630.9450105715293,1.85982,1.85982,1.85982,1.85982,4.76672,4.76672,4.76201,4.76201,4.76672,0.0570572702800044,0,0,0,0,0,0,0,0.0,0.0,0.0,0.0,0.0,0.0,0.0,0.0,0.0,0.0,0.0,0.0,0.0,0.0,0.0,0.0,0.0,0.0,1.89757,0.0,0.0,0.0,89.2754,1414.95,745.663,0,0.0,0.0,0.0,0.0,0.0,0.0,2,44.5757,44.6997,0.0,0.0,0.0,0.0,0.0,0.0,0.0,0.0,0.0,0.0,0.0,0.0,0.0,0.0,0.0,0.0,0.0,0.0,0.0,0.0,0.0,0.0,0.0,0.0,0.0,0.0,41.1376,0.0652,0.0343597,0.0,0.0,0.0,0.0,0.0,0.0,21.0609,20.0767,0.0,0.0,0.0,0.0,0.0,0.0,0.0,0.0,0.0,0.0,0.0,0.0,0.0,0.0,0.0,0.0,0.0,0.0,0.0,0.0,0.0,0.0,0.0,0.0,0.0,0.0,183.555,0.29092,0.153312,1,50000,0.0,0.0652,0.0,0.29092,0.0894,0.61968,0.0,0.0,0.0,0.0,0.0,0.0,0.0,0.0,12.0
EMT,-1.7138088,10.020796,5.7246923,2.6644359,0.8660523,12.731596,0.7689093,-0.4363887,-1.0903699,2.5733073,-9.496465,12.540172,-6.697876,-14.463489,-0.2948854,-0.35847172,13.302833,0.74695766,-3.0158784,-0.1939877,6.4376297,2.0512404,-4.956833,1.5377412,5.2157273,-3.8990364,-5.5995502,-9.116412,0.7899812,6.475826,-12.884856,12.802179,-3.0444221,-1.0505846,-4.7988224,-3.3644693,0.40888423,19.091328,-2.9420693,-2.3383274,-7.7366347,0.5355274,0.03719759,-2.758243,-3.4447937,7.6008015,1.3906183,-11.375897,-6.639779,1.2629584,9.724931,-2.5541503,1.0659819,-0.70823425,-11.757855,5.4503093,9.840821,-5.3704977,7.459928,9.941886,11.008404,5.4773574,-8.432374,9.630297,-0.11066733826320464,-3.1300924637264873,4.924182,-3.8496575,288,17.134231000000028,17.134229972602707,27.969918,90.0,90.0,119.99999284771204,7111.3338147466175,6.76488,5.94413,5.94413,6.76488,10.85599,10.85598,10.85598,10.85598,10.85598,0.0404987316729219,1,3,0,0,0,0,0,10.856,6.76509,10.856,0.0,0.0,0.0,0.0,0.0,0.0,0.0,0.0,0.0,0.0,0.0,0.0,0.0,0.0,0.0,1.34688,1134.4,1595.2,1184.37,213.515,300.245,222.92,1,1134.4,0.0,0.0,0.0,0.0,0.0,12,1.81601,51.945,50.3878,1.77611,1.27682,1.83756,50.0524,1.33721,50.1675,0.837916,0.899358,1.18078,0.0,0.0,0.0,0.0,0.0,0.0,0.0,0.0,0.0,0.0,0.0,0.0,0.0,2032.7,0.28584,0.212224,116.484,0.01638,0.0121615,2032.7,0.0,0.0,0.0,0.0,0.0,0.0,31.1476,26.3119,0.142227,0.142227,0.142227,27.8764,0.142227,29.8676,0.142227,0.142227,0.42668,0.0,0.0,0.0,0.0,0.0,0.0,0.0,0.0,0.0,0.0,0.0,0.0,0.0,3199.25,0.44988,0.334017,436.067,0.06132,0.0455275,1,50000,0.28584,0.01638,0.44988,0.06132,0.04748,0.44132,0.0332225880598006,0.0845972799446567,11.460692593287474,133.73495156885733,0.3418653807641196,0.2075269056128215,0.6100200966519261,-1.5828616190709024,96.0
THO,-9.97586,8.420406,-2.6018362,-0.17113179,8.0720215,8.6406975,5.358217,2.715711,10.7974825,-5.5363803,-0.6611621,-1.0469365,6.603272,11.04092,-4.018501,1.3718812,13.82185,-2.079705,-17.186584,0.36442396,8.301714,-1.3044636,-8.982469,1.0292772,1.6312603,9.410971,3.2826066,-4.068657,-4.3729506,8.382,7.8616543,3.4338048,-2.1716573,4.3901234,-4.345862,-1.1372418,-7.568272,-0.62664545,-1.0835674,-2.0428643,-0.8214199,0.820501,15.941367,7.075282,-0.63800377,-11.682798,1.2241651,7.7758446,0.7216119,-13.081515,13.7563305,-6.6955576,2.3636827,-2.4249954,-0.9262121,9.900691,3.3035798,-0.5838047,-1.858399,10.410561,-2.692435,-2.829248,-0.55873245,-1.3574421,3.70738097879091,-1.320649743543614,-1.4601421,-1.6866612,30,13.74718,6.875793,6.356739,90.0,90.0,90.0,600.8565403939376,3.1505,2.56159,2.34878,3.1505,4.29641,4.29146,4.29146,4.29036,4.29036,0.0499287233860035,1,3,0,0,0,0,0,4.29638,3.15103,4.29034,0.0,0.0,0.0,0.0,0.0,0.0,0.0,0.0,0.0,0.0,0.0,0.0,0.0,0.0,0.0,1.66049,149.347,2485.58,1496.89,0.0,0.0,0.0,1,149.347,0.0,0.0,0.0,0.0,0.0,0,0.0,0.0,0.0,0.0,0.0,0.0,0.0,0.0,0.0,0.0,0.0,0.0,0.0,0.0,0.0,0.0,0.0,0.0,0.0,0.0,0.0,0.0,0.0,0.0,0.0,68.8942,0.11466,0.0690518,0.0,0.0,0.0,68.8942,0.0,0.0,0.0,0.0,0.0,0.0,0.0,0.0,0.0,0.0,0.0,0.0,0.0,0.0,0.0,0.0,0.0,0.0,0.0,0.0,0.0,0.0,0.0,0.0,0.0,0.0,0.0,0.0,0.0,0.0,257.743,0.42896,0.258333,0.0,0.0,0.0,1,50000,0.11466,0.0,0.42896,0.0,0.03324,0.5378,0.0332225877740863,0.1300528174271853,12.06474949609206,144.18426655671257,0.1408138338870432,0.1191264258250465,2.046544194519301,2.197415740930512,10.0
FAR,-0.13218933,0.014744004,-0.21561313,-0.40811247,0.2551961,-0.24592239,0.23221637,0.28944436,0.30347505,0.30478248,0.014266827,-0.31680956,0.19119492,0.094070286,0.022817882,-0.17286366,-0.22698894,0.20054613,0.16755787,0.1981158,-0.00015251266,0.697773,-0.37207374,-0.04993092,-0.10639341,0.0043438547,0.2997759,0.36426985,0.046051122,-0.12083082,-0.2386721,-0.05233595,0.28130656,0.119944364,0.21140675,0.16347098,0.13293011,-0.20358743,0.03002812,0.2515465,0.28196746,-0.5716129,-0.194608,-0.052237812,0.25970268,-0.3392885,0.19534747,0.08429113,-0.14673173,-0.18409833,-0.17228332,-0.21845338,0.31882504,0.3482986,-0.27850828,-0.54268247,-0.19822338,-0.008493994,-0.27047768,-0.14597575,0.13376,0.4983655,-0.4755054,0.30308485,-0.6221307607947142,-0.4777441861298984,1.7799482,-3.0947044,252,12.337585000000162,12.33758658887572,35.61764600000024,89.99998897920669,90.0000016086357,120.00001307153462,4695.22229946257,1.61462,1.61462,1.61455,1.54807,5.56138,5.54063,5.55262,5.56138,5.54063,0.0536715801568851,0,0,0,0,0,0,0,0.0,0.0,0.0,0.0,0.0,0.0,0.0,0.0,0.0,0.0,0.0,0.0,0.0,0.0,0.0,0.0,0.0,0.0,1.78497,0.0,0.0,0.0,777.218,1655.34,927.376,0,0.0,0.0,0.0,0.0,0.0,0.0,14,55.1708,161.553,56.4603,59.5991,19.4844,18.0593,19.2768,57.544,57.776,56.1743,159.413,18.4784,17.0511,21.1779,0.0,0.0,0.0,0.0,0.0,0.0,0.0,0.0,0.0,0.0,0.0,0.0,0.0,0.0,458.16,0.09758,0.0546676,0.0,0.0,0.0,0.0,0.0,0.0,34.6507,118.038,30.9885,33.5239,5.25865,4.41351,5.44646,32.0214,31.0824,31.8336,113.718,6.19769,6.94893,4.03789,0.0,0.0,0.0,0.0,0.0,0.0,0.0,0.0,0.0,0.0,0.0,0.0,0.0,0.0,1512.89,0.32222,0.180518,1,50000,0.0,0.09758,0.0,0.32222,0.0925,0.58528,0.0,0.0,0.0,0.0,0.0,0.0,0.0,0.0,84.0
SAT,-11.866179,-2.6721442,0.72850347,1.8291163,1.9602537,9.317625,5.1000705,7.269611,-1.7906455,-7.6019616,7.433423,-7.4335804,17.968637,2.9523041,-8.263949,-1.9140718,1.5366906,4.6026754,-3.61596,1.8164691,3.633353,-8.167921,11.857958,0.23439656,-2.0820577,11.141254,5.405274,-5.5686193,8.228896,-8.55599,1.2849933,-6.5671043,-3.822467,-2.69904,-5.3459272,-0.45708823,-7.691357,3.2118936,-2.6200244,-2.8740144,0.99932045,-3.4782221,-3.4424088,-5.813515,-4.1150804,-4.475826,-4.509113,-7.820264,5.460159,3.794805,-7.7850094,1.692375,2.1440024,2.5276558,8.658829,2.200922,1.5248543,-1.4817835,12.224535,-2.7117846,-1.2095653,-6.458851,-2.1280963,7.2025476,0.8765438678952718,1.9846927894952315,2.424124,-0.56517094,216,12.725150001453224,12.725139294749626,30.368414004681,90.00177045743186,89.99827706461159,119.9999315203834,4258.714221129262,2.60047,2.60044,2.60047,2.60047,6.02013,6.00795,6.00969,6.0081,6.0081,0.0507195338274481,1,3,0,0,0,0,0,6.01976,2.60034,6.01976,0.0,0.0,0.0,0.0,0.0,0.0,0.0,0.0,0.0,0.0,0.0,0.0,0.0,0.0,0.0,1.68679,725.49,1703.54,1009.93,78.2764,183.803,108.966,1,725.49,0.0,0.0,0.0,0.0,0.0,9,12.8862,1.94102,11.4336,11.9307,11.5307,1.48163,12.2757,12.8968,1.90006,0.0,0.0,0.0,0.0,0.0,0.0,0.0,0.0,0.0,0.0,0.0,0.0,0.0,0.0,0.0,0.0,573.904,0.13476,0.0798912,16.609,0.0039,0.00231208,573.904,0.0,0.0,0.0,0.0,0.0,3.74767,0.0,2.6404,2.12936,3.66249,0.170349,1.87383,2.38488,0.0,0.0,0.0,0.0,0.0,0.0,0.0,0.0,0.0,0.0,0.0,0.0,0.0,0.0,0.0,0.0,0.0,1402.05,0.32922,0.195175,157.572,0.037,0.0219351,1,50000,0.13476,0.0039,0.32922,0.037,0.08088,0.5529,0.0332225704983388,0.1216065776263451,11.77138377652727,144.54111491513498,0.2012215182724252,0.1596790544375805,1.4862422810886626,0.2155473913384105,72.0
LOS,-3.8582416,0.37533304,-8.844723,1.9357934,20.818258,-7.72995,-0.94521356,-5.2485046,4.680028,-0.55745137,-3.599984,-4.3489704,2.51812,-2.2448177,-5.020043,-5.604284,9.446622,9.927481,-9.962131,-1.7718527,9.229633,-4.839488,-3.3143837,0.26143646,1.5001875,-0.09275563,0.68458635,-5.8604755,8.784065,10.985227,-1.5917047,4.7576265,8.810142,4.765039,-9.185684,1.0901171,6.7924137,-8.707011,3.8136864,4.0734677,-6.816814,1.4180431,9.310601,-2.1088157,0.023174882,-27.390692,-0.07517834,17.895355,-7.8939295,-9.499024,22.43175,-4.467917,-6.5555997,9.92764,-7.7618613,3.5207698,1.1336803,-0.3373545,-4.560257,17.670742,-8.616344,-9.872316,-11.368431,2.5880332,1.9671387402941352,-1.9675865565588797,-1.7905296,-2.904139,72,12.325143000022598,12.325211920921644,10.193768000015352,89.99994255252568,89.99986747043188,119.99999191666949,1341.0710099597793,1.61364,1.56152,1.56154,1.61364,5.54523,5.53659,5.51378,3.84179,3.84179,0.053688432204764,0,0,0,0,0,0,0,0.0,0.0,0.0,0.0,0.0,0.0,0.0,0.0,0.0,0.0,0.0,0.0,0.0,0.0,0.0,0.0,0.0,0.0,1.78553,0.0,0.0,0.0,219.975,1640.29,918.658,0,0.0,0.0,0.0,0.0,0.0,0.0,4,20.4011,88.1795,92.1639,19.2302,0.0,0.0,0.0,0.0,0.0,0.0,0.0,0.0,0.0,0.0,0.0,0.0,0.0,0.0,0.0,0.0,0.0,0.0,0.0,0.0,0.0,0.0,0.0,0.0,128.421,0.09576,0.0536311,0.0,0.0,0.0,0.0,0.0,0.0,5.52521,59.0608,58.3366,5.49839,0.0,0.0,0.0,0.0,0.0,0.0,0.0,0.0,0.0,0.0,0.0,0.0,0.0,0.0,0.0,0.0,0.0,0.0,0.0,0.0,0.0,0.0,0.0,0.0,451.485,0.33666,0.188549,1,50000,0.0,0.09576,0.0,0.33666,0.0769,0.58644,0.0,0.0,0.0,0.0,0.0,0.0,0.0,0.0,24.0
RRO,-4.171663,1.689121,2.457209,2.9713647,10.755121,7.3110433,0.9842055,5.8255095,9.58995,-2.8676834,3.1443117,-3.9905117,16.136034,13.61309,-6.862,-1.0281177,7.559134,2.3957598,-15.248281,0.22304687,17.486567,0.28944373,-3.9401546,1.610469,-4.967711,8.501875,4.5117254,3.5222306,0.63733447,3.2721376,-5.849322,0.60142434,11.976676,0.0026187003,-1.7076764,-0.0048890114,7.808727,1.7283255,-1.4048662,-13.114009,1.697123,5.3508234,10.886167,2.8917854,1.391204,-10.351019,2.3052638,9.717092,2.3105679,-10.650524,10.052122,-7.3090725,1.5811396,17.592476,14.878429,5.8773794,4.895898,8.929647,7.1740456,7.219092,-3.133441,-4.488035,-4.464718,-9.6917,4.845370083246968,-1.6978289919107858,-0.97586906,-0.7803334,54,7.3287204332451505,8.738566,17.07485758544703,89.99999664443588,114.1455252142815,90.0,997.8443067656036,3.42763,3.42763,0.94335,2.31094,4.03714,4.00181,3.96806,3.71839,4.00181,0.0541166589154922,1,2,0,0,0,0,0,4.03716,3.42757,4.03716,0.0,0.0,0.0,0.0,0.0,0.0,0.0,0.0,0.0,0.0,0.0,0.0,0.0,0.0,0.0,1.79977,217.024,2174.93,1208.44,0.0,0.0,0.0,1,217.024,0.0,0.0,0.0,0.0,0.0,0,0.0,0.0,0.0,0.0,0.0,0.0,0.0,0.0,0.0,0.0,0.0,0.0,0.0,0.0,0.0,0.0,0.0,0.0,0.0,0.0,0.0,0.0,0.0,0.0,0.0,97.2299,0.09744,0.0541402,0.0,0.0,0.0,97.2299,0.0,0.0,0.0,0.0,0.0,0.0,0.0,0.0,0.0,0.0,0.0,0.0,0.0,0.0,0.0,0.0,0.0,0.0,0.0,0.0,0.0,0.0,0.0,0.0,0.0,0.0,0.0,0.0,0.0,0.0,348.627,0.34938,0.194125,0.0,0.0,0.0,1,50000,0.09744,0.0,0.34938,0.0,0.05894,0.59168,0.0332225499335548,0.0559739769428759,7.2791304425135905,52.50338944969153,0.130195465116279,0.1104177991400491,2.1937505159734574,2.857884499772233,18.0
IFO,-3.9205287,-0.13978298,-4.2987623,3.1601355,-8.679144,-8.427648,-1.6904542,-6.133663,3.5910847,-0.18539825,-2.0547426,-0.4670072,1.4798175,-2.3826795,-1.8201427,0.027083188,-3.137882,0.52606845,-4.1305437,-0.027992994,-15.967436,1.0235606,4.907705,3.300557,-1.2623047,-4.482941,-2.5265367,-2.9594574,5.3160505,3.0509827,-4.787126,1.6414506,-0.6324956,2.3217864,8.467995,-9.204029,2.5355353,5.5162334,-2.2938786,-3.8381643,0.27790588,-2.3682137,-0.29838827,-7.1454225,-0.8199117,-0.35328177,-1.0710603,-7.725234,0.2602008,-0.46072277,2.6712377,4.524803,-1.6423416,3.8144207,-4.015281,1.107485,-7.496119,6.844465,0.12808093,-7.8715534,-2.4472709,-2.851532,0.41814226,3.5668988,-2.206103992618263,-1.4859042417711148,3.093855,-3.5410764,96,16.305915000002482,4.916542000000101,23.02212900000445,89.99997341396741,89.99993602232664,89.99999999999358,1845.654520270884,7.12438,1.60186,7.12438,0.58628,7.55394,7.54422,7.54408,7.55084,7.54408,0.0520140681506906,2,1,1,0,0,0,0,7.55415,7.12459,7.55415,7.54954,7.10549,7.54954,0.0,0.0,0.0,0.0,0.0,0.0,0.0,0.0,0.0,0.0,0.0,0.0,1.72985,254.72,1380.11,797.82,0.0,0.0,0.0,2,125.448,129.271,0.0,0.0,0.0,0.0,0,0.0,0.0,0.0,0.0,0.0,0.0,0.0,0.0,0.0,0.0,0.0,0.0,0.0,0.0,0.0,0.0,0.0,0.0,0.0,0.0,0.0,0.0,0.0,0.0,0.0,354.846,0.19226,0.111143,0.0,0.0,0.0,180.985,173.861,0.0,0.0,0.0,0.0,0.0,0.0,0.0,0.0,0.0,0.0,0.0,0.0,0.0,0.0,0.0,0.0,0.0,0.0,0.0,0.0,0.0,0.0,0.0,0.0,0.0,0.0,0.0,0.0,0.0,634.536,0.3438,0.198746,0.0,0.0,0.0,1,50000,0.19226,0.0,0.3438,0.0,0.09302,0.56318,0.0332225931196013,0.1584093414715586,12.13748120793074,145.38306692975533,0.2523565647840531,0.1885403940371184,1.139480662064266,-0.7015103696899172,32.0
CFI,1.9047377,-2.201594,-0.0029879212,5.250829,-8.953457,-10.018297,-4.3771973,-5.9729743,0.71655536,0.28612116,-1.652129,3.8696404,1.9631517,-3.9388883,-1.459234,-1.6780393,-0.8732388,-1.1502167,-1.2113367,-0.9378295,-16.728683,1.3594918,6.72739,2.0859168,-1.3512564,-2.686146,-3.2679684,1.4713017,2.8055778,4.2804523,-0.1149617,0.60082793,5.753862,1.3289375,7.1794252,-7.4790115,4.637983,2.5016494,-0.21029769,-5.1153502,0.4596492,-2.220367,-6.661961,-3.5239046,-1.9505804,1.0866497,-1.6086415,-3.9035232,1.0507331,6.956031,-2.0174062,2.3188925,-2.1150465,1.1882658,3.1648824,2.559502,-7.908424,0.615574,1.6232251,-3.7908752,-3.7665157,-2.1080008,1.4306321,1.2639682,-1.4664087046526277,-1.2117356382135283,3.09526,-3.0970204,96,13.609392339229291,5.044208331727586,25.677289366534737,89.92201245126404,90.16284110208052,89.77244843020411,1762.687548535561,6.62102,1.52049,6.62102,1.33062,6.82277,6.82277,6.78035,6.82277,6.78035,0.0544622897459942,2,1,1,0,0,0,0,6.82298,6.61946,6.82298,6.7831,6.62099,6.7831,0.0,0.0,0.0,0.0,0.0,0.0,0.0,0.0,0.0,0.0,0.0,0.0,1.81127,205.917,1168.2,644.963,21.6037,122.561,67.6661,2,100.692,105.225,0.0,0.0,0.0,0.0,4,4.44913,5.15429,5.95867,6.04165,0.0,0.0,0.0,0.0,0.0,0.0,0.0,0.0,0.0,0.0,0.0,0.0,0.0,0.0,0.0,0.0,0.0,0.0,0.0,0.0,0.0,237.469,0.13472,0.0743789,2.43251,0.00138,0.000761898,121.625,115.844,0.0,0.0,0.0,0.0,0.493553,0.423045,0.740329,0.775583,0.0,0.0,0.0,0.0,0.0,0.0,0.0,0.0,0.0,0.0,0.0,0.0,0.0,0.0,0.0,0.0,0.0,0.0,0.0,0.0,0.0,469.686,0.26646,0.147112,54.6786,0.03102,0.0171261,1,50000,0.13472,0.00138,0.26646,0.03102,0.10702,0.5955,0.0332226039867109,0.1207807498464821,11.664911989714808,145.3507423527987,0.2274415880398671,0.1747904947776886,1.299949126454283,-0.3033593485495816,32.0
SAV,-6.7017894,0.47121617,-1.4895568,-2.1819186,1.0695477,0.06749898,4.5174704,1.9952428,-0.31358966,-0.9341916,3.2868056,-5.9754558,1.5858127,-2.4905417,-1.4882829,1.0503974,2.4325774,2.3216484,0.05606416,-0.20421925,-4.263648,-0.12287414,2.5268335,1.8057517,-2.7998004,-2.1682167,-1.8278251,-6.846867,2.93708,-1.7226179,-2.1042914,-1.1303539,-0.94051665,1.5587395,0.0039380044,-2.9719844,-2.606457,0.10692315,-0.99424744,-0.23527789,0.8320103,-2.8206677,-0.9500191,-5.4590755,0.2851339,-0.833097,-0.48648798,-5.732568,-3.7665672,-0.38890234,0.040981025,2.7033496,-0.80774367,4.1368046,-4.756314,-1.2250996,-1.0204487,0.07687762,0.02773258,-2.9159796,0.6031252,-1.0351498,-1.3909116,1.6380858,-1.9068770963114745,0.2735408635555893,2.205509,-3.6740332,144,18.291874,18.291874,9.231992,90.0,90.0,90.0,3088.9567089738434,3.48744,3.20522,3.20524,3.48744,7.9634,7.9634,7.95344,7.9634,7.9634,0.0466176814915081,1,3,0,0,0,0,0,7.96344,3.48754,7.9538,0.0,0.0,0.0,0.0,0.0,0.0,0.0,0.0,0.0,0.0,0.0,0.0,0.0,0.0,0.0,1.55038,691.879,2239.85,1444.71,9.05966,29.3292,18.9175,1,691.879,0.0,0.0,0.0,0.0,0.0,4,2.24823,2.24929,2.09075,2.4714,0.0,0.0,0.0,0.0,0.0,0.0,0.0,0.0,0.0,0.0,0.0,0.0,0.0,0.0,0.0,0.0,0.0,0.0,0.0,0.0,0.0,573.249,0.18558,0.1197,0.864908,0.00028,0.000180601,573.249,0.0,0.0,0.0,0.0,0.0,0.0617791,0.247117,0.308896,0.247117,0.0,0.0,0.0,0.0,0.0,0.0,0.0,0.0,0.0,0.0,0.0,0.0,0.0,0.0,0.0,0.0,0.0,0.0,0.0,0.0,0.0,1350.49,0.4372,0.281996,31.4456,0.01018,0.00656615,1,50000,0.18558,0.00028,0.4372,0.01018,0.0438,0.50882,0.0332225600398671,0.0781849174967353,10.464525626939071,113.58232296021215,0.2423308489700996,0.1671307838138631,1.148445477611203,-0.5838190226608706,48.0
BEC,-4.2854443,-0.51319927,4.5425005,-9.834835,-2.9673433,4.5367713,-10.71306,6.123465,0.27853504,5.1252737,5.15844,-10.07708,11.999028,2.0915916,3.1723588,-0.5799204,6.7334137,2.0476367,-4.186467,-0.015108705,1.1864778,-5.8245173,-4.635872,0.104827896,-4.4552355,3.6672127,3.2503011,4.027873,2.300671,-9.74998,3.4437234,-1.3777268,8.403397,-3.1707952,5.087279,-3.0023599,3.484596,6.89554,1.8540971,-1.4272751,2.9501107,-1.8762386,0.65828085,-3.902404,-3.6574137,-2.9170554,0.691379,-3.9700158,-4.258845,8.211771,-1.5957166,1.3112321,-1.61406,8.3476095,-0.10598168,2.3881834,-3.3184764,-2.8349586,1.9954079,-0.92751926,5.2705727,-7.6699934,-0.7524366,3.1698039,-1.4624796598126273,1.6933544810085277,0.63098574,-4.3786144,96,12.61938500000008,12.619474000000078,13.018588000000076,89.999991058658,90.000008941374,90.00000908056609,2073.210150762125,5.8123,5.55914,5.56135,5.8123,6.31016,6.20314,6.19435,6.31016,6.31016,0.046305001914403,1,3,0,0,0,0,0,6.31009,5.81222,6.31009,0.0,0.0,0.0,0.0,0.0,0.0,0.0,0.0,0.0,0.0,0.0,0.0,0.0,0.0,0.0,1.53998,387.792,1870.49,1214.62,1.80402,8.70157,5.65045,1,387.792,0.0,0.0,0.0,0.0,0.0,4,0.561792,0.48093,0.48093,0.280366,0.0,0.0,0.0,0.0,0.0,0.0,0.0,0.0,0.0,0.0,0.0,0.0,0.0,0.0,0.0,0.0,0.0,0.0,0.0,0.0,0.0,457.765,0.2208,0.143379,0.0829284,4e-05,2.59744e-05,457.765,0.0,0.0,0.0,0.0,0.0,0.0,0.0,0.0414642,0.0414642,0.0,0.0,0.0,0.0,0.0,0.0,0.0,0.0,0.0,0.0,0.0,0.0,0.0,0.0,0.0,0.0,0.0,0.0,0.0,0.0,0.0,882.358,0.4256,0.276368,8.3343,0.00402,0.00261043,1,50000,0.2208,4e-05,0.4256,0.00402,0.0646,0.50578,0.0332225946843853,0.0725809697121423,8.384585776709438,70.0958015852624,0.2075710830564784,0.1620421803795155,1.442166438999054,0.1023168094844382,32.0
ITT,-4.8554025,3.1970494,2.7861288,-6.150137,0.016597152,4.1216407,-5.189712,-1.2533637,1.223159,4.623579,3.5259597,-7.275284,-0.2790859,7.612293,-2.4387383,0.76060736,-3.8858984,-3.6648746,-1.0677303,-2.1584642,-1.9849094,-2.6457896,0.56851065,-2.1953106,1.8755187,-1.4520851,-0.27990037,2.44902,-2.857272,-3.8097892,-0.2865458,-4.530302,-0.35593337,1.5664835,11.082756,-4.7513666,-0.07788639,4.56832,-0.86891824,0.3687119,-1.7113216,0.49521405,3.5647748,-4.155433,3.0135033,0.77786756,2.2571402,1.7992824,3.2656932,-6.1435637,0.9310559,5.914504,-0.7681861,0.9446346,3.089831,-1.9953701,-1.569335,-2.6250787,-7.4842362,-7.6445785,2.0731528,2.5946903,-3.7535076,8.393234,-2.8877793891801065,0.7785598551903361,2.385308,-4.9223094,138,18.918730598365208,18.918730717188083,11.43058,90.0,90.0,119.76852378575684,3551.331101175621,11.72254,4.65245,4.65245,11.72254,12.86793,12.86793,12.86793,12.86793,12.86793,0.0388586690647675,1,3,0,0,0,0,0,12.868,11.7223,12.868,0.0,0.0,0.0,0.0,0.0,0.0,0.0,0.0,0.0,0.0,0.0,0.0,0.0,0.0,0.0,1.29233,624.134,1757.46,1359.92,0.0,0.0,0.0,1,624.134,0.0,0.0,0.0,0.0,0.0,0,0.0,0.0,0.0,0.0,0.0,0.0,0.0,0.0,0.0,0.0,0.0,0.0,0.0,0.0,0.0,0.0,0.0,0.0,0.0,0.0,0.0,0.0,0.0,0.0,0.0,1240.76,0.34938,0.270348,0.0,0.0,0.0,1240.76,0.0,0.0,0.0,0.0,0.0,0.0,0.0,0.0,0.0,0.0,0.0,0.0,0.0,0.0,0.0,0.0,0.0,0.0,0.0,0.0,0.0,0.0,0.0,0.0,0.0,0.0,0.0,0.0,0.0,0.0,1875.81,0.5282,0.408718,0.0,0.0,0.0,1,50000,0.34938,0.0,0.5282,0.0,0.05006,0.42174,0.0332225792026578,0.1113693178659482,12.068705556957596,144.2543663894905,0.4135494861129568,0.2278547950133652,0.2946653768275893,-1.9049392844927289,46.0
MAZ,-1.6544623,6.4652433,2.0433395,4.9755144,3.4550738,-3.0291433,-6.055551,-4.5789065,8.269416,-7.235546,-6.647485,9.5750065,-13.519807,-5.8546824,-6.4136076,-2.0005841,5.2199774,-1.6478549,-4.8059525,0.36215317,4.2864003,-6.8731875,6.3731146,-0.5071299,1.4697117,-7.649727,1.7772384,-11.500461,0.7347852,13.59206,-1.971001,4.924759,-10.548625,5.4516253,-5.420646,0.6309599,-3.0511672,6.484702,2.4147928,3.920875,-8.4222555,4.3378987,8.626268,3.9002306,-2.6315782,-5.1027126,0.5032545,3.7333543,-3.7042885,-7.2199802,9.569403,6.3959064,-2.7175136,1.1974254,-9.936674,0.782834,12.0523205,2.378284,-0.548239,8.271493,-2.5236385,-1.730853,1.228406,3.255662,1.223788310595211,-2.6071112619228325,0.21886228,-2.673134,108,17.95318400000003,17.953183633830324,7.50683,90.0,90.0,120.00000386608724,2095.4154933297305,6.91325,2.63257,2.63257,6.91325,7.59745,5.55358,5.55463,7.59745,7.59745,0.05154109070196,2,1,3,0,0,0,0,7.59753,6.91335,7.59753,5.5546,2.63252,5.5546,0.0,0.0,0.0,0.0,0.0,0.0,0.0,0.0,0.0,0.0,0.0,0.0,1.71412,397.424,1896.64,1106.48,0.0,0.0,0.0,2,149.979,247.446,0.0,0.0,0.0,0.0,0,0.0,0.0,0.0,0.0,0.0,0.0,0.0,0.0,0.0,0.0,0.0,0.0,0.0,0.0,0.0,0.0,0.0,0.0,0.0,0.0,0.0,0.0,0.0,0.0,0.0,300.985,0.14364,0.0837983,0.0,0.0,0.0,184.648,116.337,0.0,0.0,0.0,0.0,0.0,0.0,0.0,0.0,0.0,0.0,0.0,0.0,0.0,0.0,0.0,0.0,0.0,0.0,0.0,0.0,0.0,0.0,0.0,0.0,0.0,0.0,0.0,0.0,0.0,789.301,0.37668,0.219752,0.0,0.0,0.0,1,50000,0.14364,0.0,0.37668,0.0,0.06156,0.56176,0.0332225837209302,0.0754707776889079,9.83343431423208,100.36468633196225,0.2216051395348837,0.1519001219058739,1.266349675021093,-0.2656711397577656,36.0
SFO,-12.308795,6.258969,-0.74328005,-1.3201677,-5.7096663,1.3989792,1.2592877,-3.3061137,2.6769917,0.059028476,-0.55263174,-11.928676,-0.7260562,6.467797,-5.9047184,5.2532516,-3.7005632,1.6946214,3.9820313,-1.4518397,-4.854155,-5.387603,11.169289,-1.1289861,4.253086,-3.7852151,5.589144,-6.268478,9.998254,-5.7125416,-2.1514907,-3.256489,-3.6682317,6.190172,6.809145,-8.798304,2.339883,10.313518,-2.183771,-2.4286385,-5.269137,-1.3311869,7.0447993,-4.241841,-1.6650872,-2.944905,-2.815178,-12.031675,-1.1532549,-9.51837,2.3533292,9.854655,3.6090653,6.810393,-5.0761137,-3.1293342,-4.952066,-5.220291,-3.06879,-5.800666,2.9845288,4.4223166,1.8043115,3.7163289,-3.389159955671135,0.13719539267384065,3.3833566,-4.7116537,96,22.203939505877376,13.568482000890334,6.932948722560769,90.00123057286721,98.3767404265152,89.9993351298282,2066.43213735804,6.49854,1.30733,3.12792,6.49854,7.39642,7.39642,7.39639,7.3849,7.3849,0.0464568849198876,2,2,2,0,0,0,0,7.39662,6.49765,7.39662,7.38467,6.49845,7.38467,0.0,0.0,0.0,0.0,0.0,0.0,0.0,0.0,0.0,0.0,0.0,0.0,1.54503,410.83,1988.11,1286.78,0.0,0.0,0.0,2,206.414,204.416,0.0,0.0,0.0,0.0,0,0.0,0.0,0.0,0.0,0.0,0.0,0.0,0.0,0.0,0.0,0.0,0.0,0.0,0.0,0.0,0.0,0.0,0.0,0.0,0.0,0.0,0.0,0.0,0.0,0.0,433.372,0.20972,0.135739,0.0,0.0,0.0,217.306,216.066,0.0,0.0,0.0,0.0,0.0,0.0,0.0,0.0,0.0,0.0,0.0,0.0,0.0,0.0,0.0,0.0,0.0,0.0,0.0,0.0,0.0,0.0,0.0,0.0,0.0,0.0,0.0,0.0,0.0,903.155,0.43706,0.282881,0.0,0.0,0.0,1,50000,0.20972,0.0,0.43706,0.0,0.05636,0.50658,0.0332225952159468,0.1392739945227951,12.102148811582186,144.8117808254586,0.240998122923588,0.178281410878027,1.1827502244433117,-0.5976751200138533,32.0
SFH,-16.653498,9.954153,11.531004,-4.1465106,-8.358841,12.438214,-3.5310278,-15.680213,-10.073609,-7.2021446,0.28111395,-17.107439,-4.647173,18.97906,-11.595552,2.0280688,-23.360018,-20.593616,-15.5789795,-5.5352464,-12.513288,-20.165688,7.5076966,-5.0636244,9.503306,-7.846707,-6.4834976,8.380284,-5.437902,-6.1678348,2.4712965,-10.821642,-12.001782,-0.40903422,7.4976263,-31.500742,0.3600163,21.68207,-1.6913848,-8.486355,-10.239418,4.1521535,16.708393,-0.2737649,5.880893,4.5997424,8.93904,4.4959273,16.148306,-27.925999,-0.9396161,25.340988,-2.4214218,-2.5343087,13.950418,-6.4998817,-3.0878189,-3.8245544,-7.585984,-22.954746,-6.1762557,12.912103,11.23089,21.282528,-4.306623829184237,-2.425799089800408,3.9280164,-5.592548,192,5.038926578511241,34.06926092100898,21.23963500011845,90.00029146688155,89.99974941356736,91.10297221640268,3645.5857343307057,6.25219,6.25219,0.86012,1.37456,7.35092,7.31795,7.30907,6.64494,7.31795,0.0526664338714967,4,1,1,1,1,0,0,7.35083,6.25211,7.35083,7.31903,6.23543,7.31903,7.35075,6.25216,7.35075,7.31902,6.23554,7.31902,0.0,0.0,0.0,0.0,0.0,0.0,1.75154,484.714,1329.59,759.097,15.3856,42.2034,24.095,4,123.207,118.712,121.1,121.694,0.0,0.0,8,1.75106,1.87182,2.23093,2.41314,1.81144,1.38877,1.58615,2.33227,0.0,0.0,0.0,0.0,0.0,0.0,0.0,0.0,0.0,0.0,0.0,0.0,0.0,0.0,0.0,0.0,0.0,597.657,0.16394,0.0935975,1.16659,0.00032,0.000182696,150.271,144.074,154.281,149.032,0.0,0.0,0.0,0.145823,0.0729117,0.291647,0.0729117,0.145823,0.364559,0.0729117,0.0,0.0,0.0,0.0,0.0,0.0,0.0,0.0,0.0,0.0,0.0,0.0,0.0,0.0,0.0,0.0,0.0,1115.99,0.30612,0.174772,42.8721,0.01176,0.00671408,1,50000,0.16394,0.00032,0.30612,0.01176,0.10628,0.57584,0.0332226009634551,0.1479618960287597,12.113904397243116,145.00028830175765,0.2453604086378737,0.1846939282437278,1.1808754931590977,-0.6049749783478706,64.0
BCT,-9.933867,-1.6363456,-0.6645527,2.381322,7.3071632,-3.1748252,18.448189,-0.037231296,-9.627865,-2.2717505,5.4024777,-11.50607,22.99025,10.287337,-8.319293,-7.9962354,0.1192368,5.959753,-7.0721755,1.0400661,0.3811992,1.3154761,-2.1805153,0.2824496,-1.8100628,11.763669,5.5046177,-1.2399318,6.4558225,3.5194447,-2.1787896,-1.4808232,4.3774385,-8.413578,-4.916993,-2.754063,-4.9169717,-1.5233938,0.24864008,-1.5819771,-3.3210225,-0.8059349,-2.2019906,-7.4755435,-8.138328,-4.198735,-4.240825,-0.37284544,-6.5688543,-7.025444,-1.270928,-5.7261868,0.038226604,6.2289276,7.5649114,1.3100953,-1.3470206,-0.75380194,6.936867,10.832495,1.3806411,-3.0199635,-7.0637827,-2.9576762,2.499137378094066,-0.4658926533577343,0.09095082,0.44403747,24,8.800671000000113,8.512801000005933,4.966308000003725,90.00013652681282,89.99998195272411,89.99998675907628,372.0676550317254,1.56552,1.18762,1.09629,1.56552,2.52914,2.52914,2.51399,2.5147,2.5147,0.0645043977229183,0,0,0,0,0,0,0,0.0,0.0,0.0,0.0,0.0,0.0,0.0,0.0,0.0,0.0,0.0,0.0,0.0,0.0,0.0,0.0,0.0,0.0,2.14524,0.0,0.0,0.0,11.3125,304.043,141.729,0,0.0,0.0,0.0,0.0,0.0,0.0,4,0.844279,4.22809,5.39476,0.84534,0.0,0.0,0.0,0.0,0.0,0.0,0.0,0.0,0.0,0.0,0.0,0.0,0.0,0.0,0.0,0.0,0.0,0.0,0.0,0.0,0.0,0.0,0.0,0.0,1.19062,0.0032,0.00149167,0.0,0.0,0.0,0.0,0.0,0.0,0.0148827,0.565543,0.60275,0.00744135,0.0,0.0,0.0,0.0,0.0,0.0,0.0,0.0,0.0,0.0,0.0,0.0,0.0,0.0,0.0,0.0,0.0,0.0,0.0,0.0,0.0,0.0,0.0,0.0,48.1232,0.12934,0.0602916,1,50000,0.0,0.0032,0.0,0.12934,0.16464,0.70602,0.0,0.0,0.0,0.0,0.0,0.0,0.0,0.0,8.0
ABW,-7.39191,7.5840173,6.5661383,2.8124516,7.7155333,-2.4595554,12.617833,4.0087824,9.605703,3.0749578,1.3056281,-4.8154864,14.790772,16.97983,-18.061766,-9.856051,9.106877,-2.034156,-17.322237,-2.2020936,3.427137,6.63202,-1.8164998,-5.4048476,-4.5403004,13.864397,7.592036,9.640793,-4.012929,10.286731,-2.7159314,-0.7268206,13.378376,0.24191204,3.7104058,-10.328907,12.711931,5.634586,-1.5343881,-12.16767,-5.338918,-1.5595965,0.26111075,1.7710522,-3.1384907,-2.9845169,-2.9790294,1.7574488,-5.966274,-0.3949922,-1.2628703,-9.178308,2.61961,7.894137,1.7037783,5.6413364,-5.5513015,-2.1669168,1.4188606,16.070593,-0.41207406,-2.101384,-7.896092,-4.585996,4.37837805745121,0.12628046173283355,-0.00035909843,-0.37056866,24,9.117549299341846,5.170055488149717,8.526287528140605,90.1407254348123,89.99180272540978,89.94128349189282,401.9127243593898,2.07879,1.6768,2.07879,1.67701,2.7459,2.72352,2.74144,2.7459,2.74144,0.0597144567598691,2,1,1,0,0,0,0,2.74373,2.07883,2.74373,2.74588,2.07277,2.74588,0.0,0.0,0.0,0.0,0.0,0.0,0.0,0.0,0.0,0.0,0.0,0.0,1.98594,45.4653,1131.22,569.616,0.0,0.0,0.0,2,22.8728,22.5924,0.0,0.0,0.0,0.0,0,0.0,0.0,0.0,0.0,0.0,0.0,0.0,0.0,0.0,0.0,0.0,0.0,0.0,0.0,0.0,0.0,0.0,0.0,0.0,0.0,0.0,0.0,0.0,0.0,0.0,5.41778,0.01348,0.00678772,0.0,0.0,0.0,2.41148,3.00631,0.0,0.0,0.0,0.0,0.0,0.0,0.0,0.0,0.0,0.0,0.0,0.0,0.0,0.0,0.0,0.0,0.0,0.0,0.0,0.0,0.0,0.0,0.0,0.0,0.0,0.0,0.0,0.0,0.0,97.2388,0.24194,0.121826,0.0,0.0,0.0,1,50000,0.01348,0.0,0.24194,0.0,0.10426,0.6538,0.0332225787375415,0.1415853250872548,12.051538007449976,143.9338637043285,0.0924564019933554,0.0833807000432972,2.804371483474659,5.868973037961435,8.0
DFO,-17.413452,8.789217,-0.35710418,-7.732171,3.9555938,2.8230336,2.8308222,8.016416,-6.7049356,-5.055264,0.29883608,-22.86872,10.23679,-3.278147,-8.456629,-2.4190788,-1.0523816,0.65666187,6.050577,-3.7720833,-0.29985955,-10.7002125,4.2677617,1.488819,0.9871382,-2.3417618,1.9208901,4.760937,5.223899,-7.3669267,4.8743005,-8.105769,8.166679,0.41191843,7.577552,-7.2224627,-3.407184,7.689688,-2.5490806,6.237351,-1.8973973,-6.0114017,-8.1843815,-13.442756,-2.8269148,2.8108306,-3.0621102,-10.265431,-1.065858,-3.1711788,-3.4572444,8.626278,0.7052233,7.9368653,1.1623234,-8.633155,-8.684275,-13.770743,9.165625,-14.347774,2.256948,7.0510807,-9.994562,17.62701,-4.52177067175848,3.6117521246146023,2.7229238,-5.8679132,396,21.91941300000009,21.919413554197224,21.02784,90.0,90.0,119.99998940831806,8749.499125038366,6.72673,4.64229,4.64229,6.72673,10.94923,8.24334,8.24345,10.13802,10.13802,0.0452597336534122,1,3,0,0,0,0,0,10.9492,6.72683,10.9492,0.0,0.0,0.0,0.0,0.0,0.0,0.0,0.0,0.0,0.0,0.0,0.0,0.0,0.0,0.0,1.50522,1734.89,1982.85,1317.32,2.35063,2.68659,1.78486,1,1734.89,0.0,0.0,0.0,0.0,0.0,6,0.48093,0.0798015,0.462571,0.483051,0.583333,0.260946,0.0,0.0,0.0,0.0,0.0,0.0,0.0,0.0,0.0,0.0,0.0,0.0,0.0,0.0,0.0,0.0,0.0,0.0,0.0,2098.83,0.23988,0.159366,0.0,0.0,0.0,2098.83,0.0,0.0,0.0,0.0,0.0,0.0,0.0,0.0,0.0,0.0,0.0,0.0,0.0,0.0,0.0,0.0,0.0,0.0,0.0,0.0,0.0,0.0,0.0,0.0,0.0,0.0,0.0,0.0,0.0,0.0,3873.05,0.44266,0.294084,0.0,0.0,0.0,1,50000,0.23988,0.0,0.44266,0.0,0.06342,0.49392,0.0332225966112956,0.0354963295449693,7.912446942538067,63.644803594504936,0.29895236910299,0.1779493053099947,0.8537787576726937,-1.1090348013721565,132.0
LTL,-12.455655,1.8289814,-3.7198515,-5.146389,10.044533,12.662113,12.674718,4.657054,-2.9972672,-11.039871,4.412246,-5.907438,0.76883066,-6.0883875,-4.2043633,-1.9195776,-3.8652782,-0.98155355,-3.3485117,1.309183,13.836292,-3.9218507,2.1874366,-0.035796273,-1.6274276,0.22502194,6.4228096,-6.2182374,0.2593449,1.2612963,0.3165819,0.7894374,-8.836661,-3.3642561,-11.238128,3.3215153,-11.507267,2.4977403,2.9999838,3.9973512,2.095374,0.25355524,-2.8662696,-7.309632,2.1672351,0.96397996,-1.0009314,-2.919175,5.4501276,-1.9383565,-7.1896887,3.921605,1.3072878,-1.0480692,-5.0508375,-1.2446218,8.233184,2.159025,9.422768,-5.2977304,0.5360086,-0.27990523,-2.9056268,4.1202765,0.826606143493039,1.0726196417159601,-0.13083638,-3.255878,108,18.011355,18.011355261622178,7.512947,90.0,90.0,120.00000135610796,2110.735086936113,6.97938,1.31149,1.31149,6.97938,9.48327,9.48327,9.48327,9.48327,9.48327,0.0511670084362741,1,1,0,0,0,0,0,9.48325,6.97936,9.48325,0.0,0.0,0.0,0.0,0.0,0.0,0.0,0.0,0.0,0.0,0.0,0.0,0.0,0.0,0.0,1.70168,247.501,1172.58,689.074,40.9966,194.229,114.14,1,247.501,0.0,0.0,0.0,0.0,0.0,10,6.86048,6.89189,1.44491,1.32203,6.50667,1.24329,7.10518,1.9668,1.51941,6.1359,0.0,0.0,0.0,0.0,0.0,0.0,0.0,0.0,0.0,0.0,0.0,0.0,0.0,0.0,0.0,348.018,0.16488,0.0968928,5.61456,0.00266,0.00156317,348.018,0.0,0.0,0.0,0.0,0.0,0.886509,0.844294,0.0844294,0.126644,1.39309,0.168859,1.09758,0.168859,0.168859,0.675435,0.0,0.0,0.0,0.0,0.0,0.0,0.0,0.0,0.0,0.0,0.0,0.0,0.0,0.0,0.0,628.239,0.29764,0.17491,119.848,0.05678,0.0333671,1,50000,0.16488,0.00266,0.29764,0.05678,0.08894,0.55664,0.0332225755481727,0.1416356960155434,12.103151521716097,144.81548107612417,0.3143028817375414,0.2142807616567572,0.7945773614559163,-1.3671753949638386,36.0
BEA,3.394637,2.2057183,3.4362168,2.1802948,-1.0263478,-0.3120113,-6.6360073,1.6963605,1.4661528,3.2364106,1.380828,3.1784167,0.59330523,2.4270973,0.05882439,4.12646,5.1435995,0.74994034,-0.82040215,-0.16192904,0.9189699,2.6354358,0.046296865,0.028658364,-0.8312258,1.277138,-0.5378438,-0.31641304,-0.9192417,-1.252231,-0.33357233,0.5419675,3.8168392,0.54841423,6.695838,1.4397231,0.8231817,-0.8309448,-0.53416204,-2.2070847,-1.4977794,-0.51963276,4.128704,-1.8554865,-1.229069,0.8908005,-0.76347685,3.0772793,-0.8960408,0.34482768,2.616031,0.3208671,-0.24151447,-1.2671347,8.149752,0.46188945,1.5442585,2.719561,0.5726347,-2.1987553,1.1480495,-4.8112745,-2.7733624,0.5596498,-0.6081162008147872,-0.4779463429398041,1.6687231,-2.886875,192,12.464330024594744,12.464201019321775,26.22526508970777,89.99366812271725,90.00714732193215,90.00004616844093,4074.302448018158,5.44844,5.33997,5.33633,5.44844,6.06183,6.06183,5.98737,6.06183,6.06183,0.0471246311361576,1,3,0,0,0,0,0,6.06188,5.44651,6.06188,0.0,0.0,0.0,0.0,0.0,0.0,0.0,0.0,0.0,0.0,0.0,0.0,0.0,0.0,0.0,1.56724,770.91,1892.13,1207.3,0.0,0.0,0.0,1,770.91,0.0,0.0,0.0,0.0,0.0,0,0.0,0.0,0.0,0.0,0.0,0.0,0.0,0.0,0.0,0.0,0.0,0.0,0.0,0.0,0.0,0.0,0.0,0.0,0.0,0.0,0.0,0.0,0.0,0.0,0.0,889.257,0.21826,0.139264,0.0,0.0,0.0,889.257,0.0,0.0,0.0,0.0,0.0,0.0,0.0,0.0,0.0,0.0,0.0,0.0,0.0,0.0,0.0,0.0,0.0,0.0,0.0,0.0,0.0,0.0,0.0,0.0,0.0,0.0,0.0,0.0,0.0,0.0,1703.47,0.4181,0.266775,0.0,0.0,0.0,1,50000,0.21826,0.0,0.4181,0.0,0.06688,0.51502,0.0332225819933554,0.1266931210952063,11.764691441445546,145.61264318153533,0.2005249634551495,0.1595483829512667,1.497570068191699,0.2495947492119556,64.0
CON,-1.0950522,-1.9303929,5.9636707,4.0185723,1.3371432,-1.2110674,-0.8772948,-0.46103778,-5.4203677,2.6821399,-1.1717919,-0.023540169,-1.1183974,-0.15377274,5.4091787,-3.4524121,4.2883644,-5.0364885,-4.4321556,1.453767,-0.4996414,-0.81969726,0.88973033,-3.1768954,-1.5551523,3.1813457,-4.7148604,0.20486987,2.1907427,0.5605541,-4.902315,0.1959432,-0.11360067,-3.130968,-0.10510762,-2.919152,4.564665,1.9913558,1.2789915,0.8152412,1.8757746,2.0960326,4.7885413,-5.7414985,-0.23283046,0.37647352,-2.2355807,3.1468263,4.018572,-4.2304487,0.14991128,3.461071,1.6528796,5.4432096,9.184142,-4.2822785,3.5929482,5.278436,4.9998975,-9.911973,-2.4719214,-1.7343134,5.03667,0.50399035,0.16754703293353893,-1.399590477001071,1.3724021,-2.9525154,168,22.506878306213142,13.398811,12.356787293857414,90.0,69.34601199740631,90.0,3486.8762150999505,5.00106,4.30273,4.30245,5.00106,6.73502,6.73156,6.73502,6.70689,6.70689,0.0481806607508676,1,3,0,0,0,0,0,6.73505,5.00098,6.70676,0.0,0.0,0.0,0.0,0.0,0.0,0.0,0.0,0.0,0.0,0.0,0.0,0.0,0.0,0.0,1.60236,650.729,1866.22,1164.67,0.0,0.0,0.0,1,650.729,0.0,0.0,0.0,0.0,0.0,0,0.0,0.0,0.0,0.0,0.0,0.0,0.0,0.0,0.0,0.0,0.0,0.0,0.0,0.0,0.0,0.0,0.0,0.0,0.0,0.0,0.0,0.0,0.0,0.0,0.0,719.97,0.20648,0.12886,0.0,0.0,0.0,719.97,0.0,0.0,0.0,0.0,0.0,0.0,0.0,0.0,0.0,0.0,0.0,0.0,0.0,0.0,0.0,0.0,0.0,0.0,0.0,0.0,0.0,0.0,0.0,0.0,0.0,0.0,0.0,0.0,0.0,0.0,1413.37,0.40534,0.252965,0.0,0.0,0.0,1,50000,0.20648,0.0,0.40534,0.0,0.07148,0.52318,0.0332225891362126,0.0758784557805055,10.31208937913582,116.45366856904056,0.2217591860465116,0.1697986835528184,1.330601605475577,-0.2140304662923919,56.0
MWF,-2.3937702,-1.5792117,-13.429189,3.8622327,23.320862,-22.390968,-7.262025,-10.6312895,-3.4338932,-19.935278,-10.50319,-8.200735,12.499024,-7.7016544,-24.29768,14.441501,-9.510604,-5.5949616,-5.5817633,3.1283042,2.5589542,10.273821,-4.362429,-0.217162,-5.1061487,-20.191038,9.561779,-13.107945,11.746883,21.887749,-10.464824,10.2923155,2.5759363,6.914137,-24.706985,9.987523,14.623827,-11.073885,13.210546,3.8844986,-11.28139,14.226727,5.5172563,-46.65966,-13.731041,-8.766673,-10.431794,-10.590666,-0.22819364,-21.365337,27.724266,18.43658,-9.2066555,6.123293,-7.69335,-0.21797448,25.539356,-12.733996,17.141756,-8.4251995,-22.750475,-7.7843227,-7.668028,18.195042,0.451703288301648,-6.483165052252156,5.1694736,-2.6295156,4320,44.22398100000001,44.223979000000014,44.223979,90.0,90.0,89.99999740883659,86491.50716998601,3.4723,3.4723,3.46138,3.45813,9.87895,9.87895,9.49966,9.87895,9.87895,0.0499471004882559,1,3,0,0,0,0,0,9.8806,3.47242,9.8806,0.0,0.0,0.0,0.0,0.0,0.0,0.0,0.0,0.0,0.0,0.0,0.0,0.0,0.0,0.0,1.6611,20683.7,2391.41,1439.65,0.0,0.0,0.0,1,20683.7,0.0,0.0,0.0,0.0,0.0,0,0.0,0.0,0.0,0.0,0.0,0.0,0.0,0.0,0.0,0.0,0.0,0.0,0.0,0.0,0.0,0.0,0.0,0.0,0.0,0.0,0.0,0.0,0.0,0.0,0.0,11323.5,0.13092,0.078815,0.0,0.0,0.0,11323.5,0.0,0.0,0.0,0.0,0.0,0.0,0.0,0.0,0.0,0.0,0.0,0.0,0.0,0.0,0.0,0.0,0.0,0.0,0.0,0.0,0.0,0.0,0.0,0.0,0.0,0.0,0.0,0.0,0.0,0.0,25622.2,0.29624,0.178339,0.0,0.0,0.0,1,50000,0.13092,0.0,0.29624,0.0,0.1583,0.54546,0.033222574551495,0.0232140929579097,6.031620444849173,39.74961499705134,0.1770348852491694,0.1230109061476831,1.7302097942378751,1.1872228308291826,1440.0
MFS,0.16548175,-3.54765,4.4989805,-3.0162902,-2.9472592,2.8178108,-7.216456,3.0806127,-2.9681363,7.027731,-9.235838,-3.516055,-7.9163737,-4.7126546,0.04202369,-6.315176,-5.9192023,-0.43305397,3.2943907,5.124307,2.131032,-4.434576,8.442749,3.9889023,9.002719,-0.59390557,-0.62030154,1.2361118,-0.13653138,3.8423512,-6.41224,3.5328605,-10.464757,-0.76145136,0.28091866,-0.6109009,-0.51323134,10.017953,-1.665269,3.9445481,-16.02909,10.299581,3.8486617,-3.8192222,1.7976141,3.6876667,3.6364655,-2.874637,-7.0036535,0.24805096,1.3890585,7.6556463,1.2564714,7.4340377,-7.0437217,-5.540514,9.640302,2.1736348,1.3533332,-7.4256005,-2.0048947,0.79472375,-4.376228,12.426876,-2.6199501150985127,-3.121717494008756,4.180134,-3.9705794,108,7.43231006871928,14.087758432367478,18.59139063739488,90.0001412982253,89.81043631424704,89.74021507414432,1946.5732493352784,4.3408,4.3408,2.38161,0.73147,5.82055,5.82055,5.76573,5.77717,5.82055,0.0554821145502128,2,2,2,0,0,0,0,5.77713,4.19056,5.77713,5.82034,4.34076,5.82034,0.0,0.0,0.0,0.0,0.0,0.0,0.0,0.0,0.0,0.0,0.0,0.0,1.84518,324.255,1665.77,902.767,0.0,0.0,0.0,2,163.414,160.841,0.0,0.0,0.0,0.0,0,0.0,0.0,0.0,0.0,0.0,0.0,0.0,0.0,0.0,0.0,0.0,0.0,0.0,0.0,0.0,0.0,0.0,0.0,0.0,0.0,0.0,0.0,0.0,0.0,0.0,222.415,0.11426,0.0619234,0.0,0.0,0.0,108.813,113.602,0.0,0.0,0.0,0.0,0.0,0.0,0.0,0.0,0.0,0.0,0.0,0.0,0.0,0.0,0.0,0.0,0.0,0.0,0.0,0.0,0.0,0.0,0.0,0.0,0.0,0.0,0.0,0.0,0.0,621.424,0.31924,0.173013,0.0,0.0,0.0,1,50000,0.11426,0.0,0.31924,0.0,0.07786,0.6029,0.0332226155813953,0.059728182626003,10.70953244268475,127.4516162907356,0.1847770398671096,0.1423331106327153,1.5754888532559426,0.5217063740220667,36.0
CGF,-1.4077098,0.7998758,-0.42269868,1.7505224,0.94951695,1.4581375,-0.5255448,3.2155914,3.9422042,-4.6689634,4.5171204,-3.07448,6.418494,7.7124567,-8.2625885,2.093642,0.40711567,2.5305514,-3.0328772,0.5313163,3.8040683,-6.9993606,8.874989,0.17684697,2.080705,7.453018,8.264775,-2.414752,1.9382579,-2.3023667,8.142874,-2.7244458,-2.126978,1.7468585,3.772893,1.5201361,-5.3566394,0.8144934,-0.6685426,-2.9369173,-1.4229295,0.5013599,6.925449,7.8396764,2.1382406,-3.3862112,-0.5331897,0.9567516,-1.5852543,-1.5545927,-3.8110301,2.4484608,-0.008635372,1.0705638,3.3180604,2.0880089,2.1489933,5.2773876,1.247145,-5.85526,2.080245,-1.8203839,-2.5286765,0.21844923,0.26206037695639045,0.5549604123600137,1.5713704,-1.3918923,108,15.546533617789562,17.154842046188474,7.227998276851344,90.00505081738959,95.51880625477868,90.0062591267087,1918.759565083555,2.89609,2.09746,0.74415,2.89609,5.20704,5.20704,5.20687,5.20704,5.20704,0.0562863643602459,2,2,2,0,0,0,0,5.20691,2.89595,5.20691,5.20702,2.89609,5.20702,0.0,0.0,0.0,0.0,0.0,0.0,0.0,0.0,0.0,0.0,0.0,0.0,1.87193,340.006,1772.01,946.621,0.0,0.0,0.0,2,170.387,169.619,0.0,0.0,0.0,0.0,0,0.0,0.0,0.0,0.0,0.0,0.0,0.0,0.0,0.0,0.0,0.0,0.0,0.0,0.0,0.0,0.0,0.0,0.0,0.0,0.0,0.0,0.0,0.0,0.0,0.0,173.955,0.09066,0.0484313,0.0,0.0,0.0,87.2652,86.6896,0.0,0.0,0.0,0.0,0.0,0.0,0.0,0.0,0.0,0.0,0.0,0.0,0.0,0.0,0.0,0.0,0.0,0.0,0.0,0.0,0.0,0.0,0.0,0.0,0.0,0.0,0.0,0.0,0.0,595.698,0.31046,0.16585,0.0,0.0,0.0,1,50000,0.09066,0.0,0.31046,0.0,0.07778,0.61176,0.0332226019269103,0.1042249272399981,11.477609280558116,140.72773713157594,0.1731825514950166,0.1413861227919282,1.7200230251596085,0.971034550393552,36.0
IWW,2.234755,-5.717758,6.0503807,-3.2590845,2.7453434,0.71150845,-0.114727005,9.428953,-11.768471,2.203946,2.147841,-13.910243,5.565515,-8.949293,1.7166355,-2.8929486,-8.338248,0.9736446,17.074541,-1.0746651,5.0164976,-7.402416,6.960702,2.7470262,10.805344,7.3900113,2.9155986,-8.49801,12.946057,-13.932721,0.84469336,-1.2378632,19.44803,6.4171505,-1.1923349,-9.716286,8.688983,8.907704,-2.5423164,-9.492201,-8.019004,-4.510933,-1.0611377,-6.260691,-2.8819408,3.6106339,-2.7828255,2.0655475,-1.4736241,12.50554,-9.982836,10.522309,2.2464106,9.300475,6.48602,-3.5936158,5.259052,-4.019157,12.814896,-15.493279,3.243213,5.940174,-6.376732,-3.5963151,-3.630306408903843,-0.13722434787378232,0.56993276,-5.1477575,336,41.627919001344345,12.81286388843314,12.50263215500012,89.84876840315495,89.99908284189073,89.99984768753731,6668.541441089689,5.5659,4.44828,4.44828,5.5659,6.17643,6.17643,6.17643,6.07662,6.07662,0.0503858306900009,1,3,0,0,0,0,0,6.17671,5.5658,6.17671,0.0,0.0,0.0,0.0,0.0,0.0,0.0,0.0,0.0,0.0,0.0,0.0,0.0,0.0,0.0,1.6757,1238.51,1857.25,1108.35,1.64335,2.46434,1.47064,1,1238.51,0.0,0.0,0.0,0.0,0.0,8,0.321327,0.180084,0.340747,0.181144,0.180084,0.219984,0.0603814,0.159603,0.0,0.0,0.0,0.0,0.0,0.0,0.0,0.0,0.0,0.0,0.0,0.0,0.0,0.0,0.0,0.0,0.0,1146.06,0.17186,0.10256,0.0,0.0,0.0,1146.06,0.0,0.0,0.0,0.0,0.0,0.0,0.0,0.0,0.0,0.0,0.0,0.0,0.0,0.0,0.0,0.0,0.0,0.0,0.0,0.0,0.0,0.0,0.0,0.0,0.0,0.0,0.0,0.0,0.0,0.0,2482.56,0.37228,0.222164,0.0,0.0,0.0,1,50000,0.17186,0.0,0.37228,0.0,0.0822,0.54552,0.0332226321860465,0.0460496971861992,7.1692986749227225,51.80481660448313,0.1955605481727575,0.1510017187860398,1.5133408890996525,0.3291474751828458,112.0
PAU,-0.9163814,-0.5038305,-4.1855183,1.2755487,7.570146,-7.601937,-2.0554638,-2.7516325,-1.1483835,-7.24128,-3.879521,-3.120214,4.409971,-2.4544165,-8.584634,4.9537535,-3.5339637,-2.3256469,-1.6439587,1.4277557,0.9718019,3.4825094,-1.1755021,-0.3889227,-1.8003131,-7.0656347,3.2934768,-3.9864511,4.2543864,7.3836207,-2.938147,2.92503,0.85946953,2.4428742,-7.8825054,3.5691326,4.8035383,-3.5684795,4.6869726,1.091683,-3.6180751,4.654178,1.9896986,-15.772111,-4.7209044,-2.702989,-3.2716937,-4.1626477,0.8034364,-7.7423763,8.495234,6.3488965,-2.4095116,1.6338196,-1.9606761,-1.175792,8.370392,-4.5734096,6.516012,-3.450691,-7.244774,-1.6650583,-2.7241256,5.927301,-0.26544157859608447,-2.478857372222614,4.5928826,-2.7927587,2016,34.404759,34.404759,34.404759,90.0,90.0,90.0,40724.48116810973,3.47145,3.47136,3.47145,3.46894,9.87514,9.87514,9.87514,9.87514,9.87514,0.0495033930985639,1,3,0,0,0,0,0,9.87525,3.4714,9.87525,0.0,0.0,0.0,0.0,0.0,0.0,0.0,0.0,0.0,0.0,0.0,0.0,0.0,0.0,0.0,1.64635,9651.19,2369.87,1439.47,0.0,0.0,0.0,1,9651.19,0.0,0.0,0.0,0.0,0.0,0,0.0,0.0,0.0,0.0,0.0,0.0,0.0,0.0,0.0,0.0,0.0,0.0,0.0,0.0,0.0,0.0,0.0,0.0,0.0,0.0,0.0,0.0,0.0,0.0,0.0,5655.0,0.13886,0.0843443,0.0,0.0,0.0,5655.0,0.0,0.0,0.0,0.0,0.0,0.0,0.0,0.0,0.0,0.0,0.0,0.0,0.0,0.0,0.0,0.0,0.0,0.0,0.0,0.0,0.0,0.0,0.0,0.0,0.0,0.0,0.0,0.0,0.0,0.0,14260.1,0.35016,0.212689,0.0,0.0,0.0,1,50000,0.13886,0.0,0.35016,0.0,0.10988,0.53996,0.0332225747508305,0.0262177081643518,7.213346731087936,62.71558144744273,0.1919833430897009,0.1266653383279972,1.6016855528416796,0.7826027766943429,672.0
AHT,-5.0430617,4.3669357,-0.76147974,1.7027576,1.5608294,-1.7958663,7.338601,3.4119768,7.5186486,-1.9871861,1.4625102,-3.1984596,7.919618,9.505387,-9.112173,-4.178459,2.3945372,0.07171197,-11.388691,0.400547,2.6565585,2.6047711,-0.039203197,-0.96702504,-0.64464813,5.302309,4.2371893,4.6058927,-0.4824485,2.5962708,-0.9210758,0.22917971,4.730278,1.2114943,1.817578,-3.4768455,2.7200108,2.837635,-0.08003335,-4.6920075,-1.4442406,-1.0206736,1.6761382,2.9571931,0.5187107,-1.9965929,0.135558,0.30404964,0.34555894,-0.7663771,-2.8714373,-3.133469,2.0764804,4.179401,1.0216249,1.3120358,-2.4384556,5.7077184,1.8023065,4.516027,-2.91265,0.39058328,-3.3071024,-2.4142206,1.7462515637486933,-0.4612368558480309,0.6044965,-1.6228464,72,15.40998,9.275366,8.336973,90.0,90.0,90.0,1191.6302671591702,2.10916,1.17562,1.17556,2.10916,3.67529,3.61384,3.67529,3.62005,3.62005,0.0604214259945301,2,1,1,0,0,0,0,3.67521,2.10904,3.67521,3.67522,2.1091,3.67522,0.0,0.0,0.0,0.0,0.0,0.0,0.0,0.0,0.0,0.0,0.0,0.0,2.00945,168.986,1418.11,705.72,0.0,0.0,0.0,2,86.3117,82.6747,0.0,0.0,0.0,0.0,0,0.0,0.0,0.0,0.0,0.0,0.0,0.0,0.0,0.0,0.0,0.0,0.0,0.0,0.0,0.0,0.0,0.0,0.0,0.0,0.0,0.0,0.0,0.0,0.0,0.0,38.9425,0.03268,0.0162631,0.0,0.0,0.0,20.1386,18.8039,0.0,0.0,0.0,0.0,0.0,0.0,0.0,0.0,0.0,0.0,0.0,0.0,0.0,0.0,0.0,0.0,0.0,0.0,0.0,0.0,0.0,0.0,0.0,0.0,0.0,0.0,0.0,0.0,0.0,272.883,0.229,0.113961,0.0,0.0,0.0,1,50000,0.03268,0.0,0.229,0.0,0.11786,0.65314,0.0332225947840531,0.0761212732573298,10.698516391298712,126.78938391454436,0.1167121461794019,0.0989170918385114,2.3562183162544685,3.6184293418362463,24.0
WEI,-6.966702,7.756092,-2.874018,-1.7626333,4.200261,4.0667233,3.2257628,2.6655533,17.723127,-10.0816965,0.28976724,-0.67977494,8.287281,15.991152,-6.3831778,0.79542667,7.333744,-0.10799767,-20.041826,-0.39879695,14.957528,-2.9314373,-6.851573,0.56453407,-0.46964413,9.419749,4.955595,-0.73699725,-5.760311,7.7527046,3.0298944,5.29113,-1.5849402,5.147105,-4.2009835,-1.9981534,-8.585544,3.6041982,-0.16702996,-2.2391381,-0.42295378,0.37040633,11.399525,6.0960026,-2.1579442,-11.188328,-2.3161166,4.689049,0.94570506,-14.262418,10.876782,-11.886703,1.6757861,-2.2680902,1.1823211,10.008033,3.65958,4.695232,0.536484,12.013244,-9.700466,0.10892901,-1.2415357,-1.5941893,4.927707378898949,-1.2405396239569912,-1.4986509,-1.4501501,60,12.005978000450485,10.20158900000397,10.07569100038831,89.99989827395098,89.99900326865422,89.99999522729124,1234.0711685952024,3.07223,3.07223,3.07223,2.9977,3.8339,3.83378,3.83378,3.83389,3.83378,0.048619562248019,1,3,0,0,0,0,0,3.83389,3.07223,3.8338,0.0,0.0,0.0,0.0,0.0,0.0,0.0,0.0,0.0,0.0,0.0,0.0,0.0,0.0,0.0,1.61695,325.752,2639.65,1632.49,0.0,0.0,0.0,1,325.752,0.0,0.0,0.0,0.0,0.0,0,0.0,0.0,0.0,0.0,0.0,0.0,0.0,0.0,0.0,0.0,0.0,0.0,0.0,0.0,0.0,0.0,0.0,0.0,0.0,0.0,0.0,0.0,0.0,0.0,0.0,151.346,0.12264,0.0758463,0.0,0.0,0.0,151.346,0.0,0.0,0.0,0.0,0.0,0.0,0.0,0.0,0.0,0.0,0.0,0.0,0.0,0.0,0.0,0.0,0.0,0.0,0.0,0.0,0.0,0.0,0.0,0.0,0.0,0.0,0.0,0.0,0.0,0.0,526.134,0.42634,0.263669,0.0,0.0,0.0,1,50000,0.12264,0.0,0.42634,0.0,0.03836,0.5353,0.0332225634551495,0.1007441680210978,11.1695247120382,130.92802227132148,0.1271202990033222,0.1091455594941162,2.2246017503608093,2.969733897327691,20.0
AFV,-7.9750485,-0.2619792,1.0984204,-0.033147633,4.385353,3.0963914,9.058044,0.94933724,-2.759554,2.5654368,1.5071641,-2.084901,-3.5428672,1.6859808,1.3070244,-1.2546787,9.539073,-0.5967289,-3.3610477,0.17920706,-8.249911,1.67666,1.2432569,-0.55667794,0.28172642,-1.6510928,-3.6086633,-10.09867,0.9729075,1.6000863,0.59819674,-1.2777761,-7.1600475,0.6672338,-6.128297,-1.3754973,-5.2422442,-0.4573781,0.24955036,-2.4141898,-0.760889,1.1382439,5.188215,-1.3909374,0.80494964,-4.7598233,1.4023252,0.49437305,-2.3992648,-4.5602036,1.5093997,-2.7749796,-1.1115127,1.3271271,-8.463713,0.8508796,1.974642,0.73870623,-3.7410398,2.7411146,0.43148306,-2.9586248,-0.44060692,-0.024546325,-0.4775311073817209,-0.923121079421991,2.3129764,-3.3878925,90,13.142849000044436,13.142856590770515,12.435226000006432,89.99991279909256,90.00010760407419,120.0002588289717,1860.2121170749483,2.97666,2.97666,2.97664,2.06947,6.32536,6.31597,6.32536,6.32536,6.31597,0.0483815792693139,1,3,0,0,0,0,0,6.32549,2.97666,6.32549,0.0,0.0,0.0,0.0,0.0,0.0,0.0,0.0,0.0,0.0,0.0,0.0,0.0,0.0,0.0,1.60904,399.507,2147.64,1334.73,3.87004,20.8043,12.9296,1,399.507,0.0,0.0,0.0,0.0,0.0,2,2.0639,1.80614,0.0,0.0,0.0,0.0,0.0,0.0,0.0,0.0,0.0,0.0,0.0,0.0,0.0,0.0,0.0,0.0,0.0,0.0,0.0,0.0,0.0,0.0,0.0,303.921,0.16338,0.101539,0.483655,0.00026,0.000161587,303.921,0.0,0.0,0.0,0.0,0.0,0.26043,0.223225,0.0,0.0,0.0,0.0,0.0,0.0,0.0,0.0,0.0,0.0,0.0,0.0,0.0,0.0,0.0,0.0,0.0,0.0,0.0,0.0,0.0,0.0,0.0,775.894,0.4171,0.259223,20.0159,0.01076,0.00668722,1,50000,0.16338,0.00026,0.4171,0.01076,0.04386,0.52828,0.0332225993355481,0.1096287028173814,11.625779440160484,144.47178640695114,0.2100209401993355,0.1643667197093093,1.4195090296566688,0.0234395575846693,30.0
AVE,-17.190296,15.723669,-8.739239,-14.946992,-7.9501157,-12.9480915,-14.062464,9.114591,0.55597633,12.751395,22.076653,-26.87348,6.837743,15.590792,3.2039778,2.795166,34.575195,17.291615,-2.306982,-5.9904466,1.1134522,8.497791,-1.5907471,4.397749,1.68908,-3.6037652,-2.740113,-3.8671246,-0.63354796,-13.561584,10.876241,-11.456572,22.649654,0.23399507,40.958004,4.5500107,-1.2537766,-12.216612,0.30394912,5.870063,14.384835,-6.7261853,6.294247,-20.523335,5.8355246,-0.88969374,5.094374,-0.91615963,3.6992173,0.8241781,-5.074709,4.8728747,-7.5049095,-2.141457,18.902966,-8.794195,-28.316042,3.3013976,-14.159125,-21.102045,10.392322,-1.6982318,-25.65785,7.0385194,-9.773854608376602,7.826091320409253,1.9213604,-6.8884273,432,12.754458000006272,12.754466704521912,60.54328500006267,89.99983842352275,90.00010879548677,119.99993870669978,8529.453263751593,2.63443,2.63441,2.63443,1.49614,6.04206,6.02309,6.0237,6.03804,6.0237,0.0506480294388751,6,2,2,2,2,2,2,6.03472,2.63443,6.03472,6.0382,2.61204,6.0382,6.04205,2.61202,6.04205,6.03455,2.63439,6.03455,6.04204,2.61204,6.04204,6.03344,2.63439,6.03344,1.68442,1578.09,1850.17,1098.4,85.3396,100.053,59.3992,6,294.471,227.361,233.68,298.996,229.962,293.622,12,1.41913,12.1592,1.66065,13.823,2.35733,11.3827,2.08226,12.007,1.37817,12.6218,1.46009,12.9883,0.0,0.0,0.0,0.0,0.0,0.0,0.0,0.0,0.0,0.0,0.0,0.0,0.0,1152.33,0.1351,0.0802059,16.8883,0.00198,0.00117548,218.525,168.201,162.06,222.278,155.577,225.689,0.170589,2.55884,0.0,1.70589,0.170589,3.24119,0.341178,3.58237,0.170589,2.21766,0.0,2.72943,0.0,0.0,0.0,0.0,0.0,0.0,0.0,0.0,0.0,0.0,0.0,0.0,0.0,2939.93,0.34468,0.204629,159.671,0.01872,0.0111136,1,50000,0.1351,0.00198,0.34468,0.01872,0.08358,0.55302,0.0332226119601328,0.1048487326381679,11.407597936243391,134.89550698669876,0.2007101926910298,0.1589266789369753,1.4875784101859246,0.2215641790819149,144.0
TOL,-2.5711334,8.220769,-4.01542,4.347011,15.851141,7.0234494,-3.6789362,-6.405724,0.69016004,6.9777627,-9.43883,4.1663637,-1.0135821,-13.296064,-3.2143977,-0.9229452,19.125704,7.303051,-10.643407,-2.1341476,4.1801605,-1.6758485,-6.54149,-1.3827463,4.5363483,-1.9250511,-2.6230369,-11.782594,7.104753,9.089152,-7.4622097,11.473699,-1.8140137,3.4993122,-3.1309438,-1.2931831,4.4928913,7.849931,-1.1974202,1.7553905,-9.528994,1.1262357,5.593648,-1.4162198,1.1621617,-13.248498,4.2984743,1.7717925,-11.115913,-4.6616845,21.397362,-3.5200632,-4.1752267,2.4077818,-18.55548,7.098128,6.150532,-3.9114258,-4.0397882,17.215227,11.444864,-3.1852555,-14.471445,10.221334,-0.06995287109342191,-2.6279402297900982,5.0248218,-3.8385272,216,12.310966,12.310966605242212,30.58743000000002,89.99999837777801,90.0,119.99999837370603,4014.7445055789904,1.5548,1.55398,1.5548,1.5455,5.5346,5.44022,5.53145,5.53156,5.53145,0.053801680206509,0,0,0,0,0,0,0,0.0,0.0,0.0,0.0,0.0,0.0,0.0,0.0,0.0,0.0,0.0,0.0,0.0,0.0,0.0,0.0,0.0,0.0,1.7893,0.0,0.0,0.0,652.489,1625.23,908.308,0,0.0,0.0,0.0,0.0,0.0,0.0,12,19.4251,160.407,159.049,17.7379,18.8333,20.3096,88.1043,19.2538,90.4019,19.2722,19.8241,19.8707,0.0,0.0,0.0,0.0,0.0,0.0,0.0,0.0,0.0,0.0,0.0,0.0,0.0,0.0,0.0,0.0,389.992,0.09714,0.0542895,0.0,0.0,0.0,0.0,0.0,0.0,5.29946,112.814,117.632,6.50389,5.62064,5.05858,59.8197,5.37976,57.4108,3.69356,6.263,4.49651,0.0,0.0,0.0,0.0,0.0,0.0,0.0,0.0,0.0,0.0,0.0,0.0,0.0,0.0,0.0,0.0,1265.05,0.3151,0.176103,1,50000,0.0,0.09714,0.0,0.3151,0.09614,0.58876,0.0,0.0,0.0,0.0,0.0,0.0,0.0,0.0,72.0
UOV,-6.79747,-4.014474,5.2134094,-7.093994,-1.3215218,13.904952,-5.8405485,10.24839,-2.4683654,-1.921656,6.8804307,-14.327947,14.293553,-8.818788,-5.7747264,-0.24662364,-1.0810577,-2.245913,3.9896119,1.1124953,13.245432,-4.2016716,1.7911314,-1.4206395,-0.8542207,11.467007,10.584136,-3.192584,10.026768,-10.645499,7.2697005,-4.7462683,4.214952,5.673545,-7.0799427,-2.3232431,8.788202,6.1588936,-0.6945033,-3.2014275,-2.2990935,-2.5718946,4.1008162,-8.5050955,-5.572648,-1.2795756,-2.046192,-9.243112,2.6446228,9.985292,-8.244243,8.719561,3.8109324,2.2149034,6.0590334,-2.0035102,7.1943593,-15.321637,14.077281,-6.541578,4.1280785,-0.44367287,-4.745455,4.8185954,-1.814019024634998,2.1772133602466095,0.33101422,-4.8708477,528,12.518083000001958,21.888583,38.7749270000057,90.00000147765023,90.0000630699419,90.0,10624.450151661807,5.55462,5.55462,4.75057,4.37119,6.46347,6.19506,6.46347,6.16704,6.19506,0.0496966894721995,1,3,0,0,0,0,0,6.46343,5.55468,6.1951,0.0,0.0,0.0,0.0,0.0,0.0,0.0,0.0,0.0,0.0,0.0,0.0,0.0,0.0,0.0,1.65278,1905.19,1793.21,1084.97,4.6098,4.33886,2.62519,1,1905.19,0.0,0.0,0.0,0.0,0.0,16,0.199504,0.140183,0.200564,0.221045,0.982341,0.320267,0.0399007,0.420549,0.120763,0.120763,0.402189,0.140183,0.520831,0.50035,0.180084,0.100282,0.0,0.0,0.0,0.0,0.0,0.0,0.0,0.0,0.0,1947.67,0.18332,0.110916,0.212489,2e-05,1.21009e-05,1947.67,0.0,0.0,0.0,0.0,0.0,0.0,0.0,0.0,0.0,0.0,0.0,0.0,0.212489,0.0,0.0,0.0,0.0,0.0,0.0,0.0,0.0,0.0,0.0,0.0,0.0,0.0,0.0,0.0,0.0,0.0,3937.21,0.37058,0.224217,3.8248,0.00036,0.000217815,1,50000,0.18332,2e-05,0.37058,0.00036,0.0872,0.54186,0.0332226161661129,0.0559380500114734,8.53510064793828,77.77804119072808,0.2030583388704318,0.158253441356876,1.4738468873044597,0.192888053579574,176.0
UOS,-7.785647,-1.8561308,4.2054806,1.5635552,-1.6747775,2.985863,-6.442134,3.293182,5.805245,-3.8197312,2.2854064,-3.1712193,6.198527,7.6819086,-5.5504375,0.07064229,4.4137044,3.2266808,-10.246521,1.0482831,6.820405,-11.549483,9.290855,1.4980685,-4.316412,4.3247104,5.0470767,-4.423777,6.659069,-0.52313435,5.8342814,-3.6337242,-6.50669,-1.125107,-0.5633294,0.64686584,-6.3090568,5.9690228,-1.4652243,-3.473343,1.1787633,4.21992,8.423784,1.4603467,-1.1502236,-11.278733,2.6646564,-0.67539704,-2.7340903,-2.3405137,1.7726641,3.5641909,-2.3386462,6.682647,2.897871,2.822711,1.6071215,14.130928,3.1182475,-4.006677,-1.7401217,-5.7778597,-1.4556116,2.4904006,0.9390868119240172,0.010343732748555757,1.578723,-0.9166013,72,19.581688,7.577884000021378,8.9956170000269,89.99972377883796,90.0,90.0,1334.8394581330688,3.55022,1.92526,3.55022,2.2697,5.15221,5.15221,5.14023,5.14023,5.14023,0.0539390707708779,2,2,2,0,0,0,0,5.14022,3.55013,5.14022,5.15219,3.53658,5.15219,0.0,0.0,0.0,0.0,0.0,0.0,0.0,0.0,0.0,0.0,0.0,0.0,1.79387,255.293,1912.54,1066.15,0.221045,1.65597,0.923127,2,128.439,126.854,0.0,0.0,0.0,0.0,2,0.160664,0.0603814,0.0,0.0,0.0,0.0,0.0,0.0,0.0,0.0,0.0,0.0,0.0,0.0,0.0,0.0,0.0,0.0,0.0,0.0,0.0,0.0,0.0,0.0,0.0,132.763,0.09946,0.0554445,0.0,0.0,0.0,67.5696,65.1936,0.0,0.0,0.0,0.0,0.0,0.0,0.0,0.0,0.0,0.0,0.0,0.0,0.0,0.0,0.0,0.0,0.0,0.0,0.0,0.0,0.0,0.0,0.0,0.0,0.0,0.0,0.0,0.0,0.0,444.795,0.33322,0.185755,0.0,0.0,0.0,1,50000,0.09946,0.0,0.33322,0.0,0.08232,0.58446,0.0332225725581395,0.0605129032984535,9.581590743532503,97.60237540217985,0.1619215481727574,0.1289214088060955,1.8124275496920408,1.3642959321473829,24.0
IRR,-6.9495254,3.9605787,2.424564,-8.60648,-0.80695677,4.2039027,-7.1866117,-2.145545,1.4882115,6.2652893,7.023058,-10.126203,1.2523823,10.695037,-2.6618004,1.6027858,-2.443658,-3.340754,-3.2085178,-3.3716502,-3.577565,-3.480156,-0.21598634,-2.3107579,1.2871075,-1.9936503,-1.3318112,3.482017,-4.6508946,-5.2114177,0.052061364,-7.3132133,-0.14542073,0.92099345,16.194931,-6.003625,-0.5441964,5.3351364,-1.2401302,1.4618107,-1.1439557,0.12504464,5.3259788,-6.1562715,4.36074,1.2594076,2.6555903,2.0199943,4.6064286,-7.981386,2.0765254,6.5057163,-2.4101303,0.99871,4.823089,-2.5176077,-4.433421,-2.9612718,-10.285585,-10.515462,2.691442,2.3112338,-6.033291,11.869789,-3.914502606736559,1.6249847466495513,2.4668434,-5.4521413,156,19.01281300087176,19.01305884496445,14.141029000000884,90.0000054367035,90.00003127452109,120.0006687823522,4426.975177933422,11.77572,5.53573,5.53573,11.77572,14.00654,14.003,14.003,14.00654,14.00654,0.0352385079495347,1,3,0,0,0,0,0,14.006,11.7745,14.006,0.0,0.0,0.0,0.0,0.0,0.0,0.0,0.0,0.0,0.0,0.0,0.0,0.0,0.0,0.0,1.17194,783.821,1770.56,1510.8,0.0,0.0,0.0,1,783.821,0.0,0.0,0.0,0.0,0.0,0,0.0,0.0,0.0,0.0,0.0,0.0,0.0,0.0,0.0,0.0,0.0,0.0,0.0,0.0,0.0,0.0,0.0,0.0,0.0,0.0,0.0,0.0,0.0,0.0,0.0,1769.46,0.3997,0.341059,0.0,0.0,0.0,1769.46,0.0,0.0,0.0,0.0,0.0,0.0,0.0,0.0,0.0,0.0,0.0,0.0,0.0,0.0,0.0,0.0,0.0,0.0,0.0,0.0,0.0,0.0,0.0,0.0,0.0,0.0,0.0,0.0,0.0,0.0,2546.48,0.57522,0.490829,0.0,0.0,0.0,1,50000,0.3997,0.0,0.57522,0.0,0.04336,0.38142,0.033222589936877,0.0970968338382837,11.994646221713502,143.01850575003385,0.4519600741196014,0.2319129203253489,0.1360333781028147,-1.9692622711454435,52.0
MFI,3.4293952,-0.53989875,1.3473969,2.2726462,0.8792959,-0.65357476,-1.6504217,-1.112536,-4.42312,1.2956659,-2.5115023,6.1773434,-0.9169204,-4.5935636,5.4791474,-2.7219095,1.2598858,-1.4688072,-0.03457208,0.10560146,-0.47773835,-3.3399415,2.793857,0.05136932,2.611846,1.5057458,-0.90826494,0.76470757,-0.34243038,2.9916482,0.96059066,-0.28526768,2.9630578,-0.52523863,-1.4271779,0.9069785,2.3422625,-0.24405248,-0.40223455,0.8578216,0.27094203,-0.27410573,-1.0341897,0.7517815,-0.5183414,-0.51990366,-0.68040353,6.4315805,2.5998,2.080601,0.24073589,0.6755712,0.16907366,4.6833224,3.4566479,-0.6499385,1.8685691,0.6323465,4.401023,-2.7886252,-0.09696148,0.106253,-0.25827986,-0.069574624,0.05084494007432411,-0.8012910273207612,1.5807093,-2.919432,288,19.979928,19.74027198536244,13.320308451337004,90.81260051799596,90.0,90.0,5253.124009070798,4.47828,4.47824,4.47828,4.47828,6.1816,6.17626,6.16572,6.1816,6.1816,0.0548245195625874,1,3,0,0,0,0,0,6.18176,4.47817,6.18176,0.0,0.0,0.0,0.0,0.0,0.0,0.0,0.0,0.0,0.0,0.0,0.0,0.0,0.0,0.0,1.82331,824.974,1570.45,861.314,0.0,0.0,0.0,1,824.974,0.0,0.0,0.0,0.0,0.0,0,0.0,0.0,0.0,0.0,0.0,0.0,0.0,0.0,0.0,0.0,0.0,0.0,0.0,0.0,0.0,0.0,0.0,0.0,0.0,0.0,0.0,0.0,0.0,0.0,0.0,673.24,0.12816,0.0702896,0.0,0.0,0.0,673.24,0.0,0.0,0.0,0.0,0.0,0.0,0.0,0.0,0.0,0.0,0.0,0.0,0.0,0.0,0.0,0.0,0.0,0.0,0.0,0.0,0.0,0.0,0.0,0.0,0.0,0.0,0.0,0.0,0.0,0.0,1594.74,0.30358,0.166499,0.0,0.0,0.0,1,50000,0.12816,0.0,0.30358,0.0,0.0974,0.59902,0.0332225810631229,0.0514667682533052,10.225585072198966,112.1888322871932,0.1926132624584718,0.1465888811404267,1.5271374217098506,0.4063435418166059,96.0
USI,-1.9738901,3.3255515,3.148472,-1.5858738,1.502501,3.7379897,-1.1843917,0.6079391,-0.84052455,1.9308704,-0.10227337,-4.315032,-0.16363296,5.0364304,-1.0272,4.0463586,0.17048952,0.79723585,8.642672,-0.80008066,1.640704,-0.35791934,4.3463907,-0.62976193,4.814388,3.7777288,5.933524,-5.492304,4.328832,-5.90091,0.1741908,0.03296789,3.0692334,1.33381,4.5122676,-1.6867383,1.9967982,4.326007,-0.5787593,-3.9994774,-3.2693257,-2.422473,5.9387994,-0.9134712,-0.7577809,-1.279503,-2.1894147,-0.9707109,-1.1338674,-2.8452463,-2.9364135,3.22612,4.7199845,4.052863,0.13285324,2.0042984,1.8559818,-7.010139,-1.5111102,-3.6212149,7.281265,2.9282103,-1.1471555,0.040860683,-1.4244830173731609,0.2110898669482475,1.6982231,-3.820512,120,21.20911707339712,12.935136,9.576766736225435,90.0,108.27786803593528,90.0,2494.760299253033,5.8359,1.07442,3.63765,5.8359,6.31115,6.30842,6.31113,6.31113,6.31113,0.0481008135474697,2,2,2,0,0,0,0,6.31108,5.83586,6.31108,6.31107,5.83586,6.31107,0.0,0.0,0.0,0.0,0.0,0.0,0.0,0.0,0.0,0.0,0.0,0.0,1.5997,504.03,2020.35,1262.96,0.0,0.0,0.0,2,247.905,256.125,0.0,0.0,0.0,0.0,0,0.0,0.0,0.0,0.0,0.0,0.0,0.0,0.0,0.0,0.0,0.0,0.0,0.0,0.0,0.0,0.0,0.0,0.0,0.0,0.0,0.0,0.0,0.0,0.0,0.0,499.401,0.20018,0.125136,0.0,0.0,0.0,246.782,252.619,0.0,0.0,0.0,0.0,0.0,0.0,0.0,0.0,0.0,0.0,0.0,0.0,0.0,0.0,0.0,0.0,0.0,0.0,0.0,0.0,0.0,0.0,0.0,0.0,0.0,0.0,0.0,0.0,0.0,1043.61,0.41832,0.261499,0.0,0.0,0.0,1,50000,0.20018,0.0,0.41832,0.0,0.05574,0.52594,0.0332225730897009,0.0785997851263436,11.18147934938026,128.86086492129243,0.2037395548172758,0.1550100071366647,1.431635438783894,0.0832408913718856,40.0
ITG,-2.1298559,-3.7269504,6.9250717,-7.8177524,0.26474762,5.951669,-10.68804,5.155146,-0.83594394,3.6593156,5.4524965,-10.252859,13.142485,0.73623455,2.946175,-1.8473144,1.2266284,-0.17438261,-1.3121406,-0.39773068,9.386552,-6.101696,-2.7438943,0.39816523,-4.123753,7.595381,4.368086,4.609513,6.486023,-11.117165,-0.07494511,-1.2486615,10.333637,-1.9006343,0.5216828,-3.0189805,5.3267317,8.993985,1.8844208,-2.8824606,-0.64481765,-0.01993817,3.478377,-4.544592,-5.630305,-1.5744824,-1.5717589,-0.89536273,-3.2743793,6.333954,-2.804444,2.763367,-0.8723365,9.746798,6.8038793,0.50096637,2.7742903,-2.441759,8.774048,-4.1237893,2.8983245,-6.6953163,-1.3251741,1.390877,-0.5984827862128225,0.6540560187040272,0.4524658,-4.190217,168,12.837633684732907,12.503265683712756,20.9827640188718,90.24651232089188,96.58535740803596,89.77455513634061,3345.7199521982434,5.49887,4.27881,5.49887,4.69047,6.11822,6.09849,5.97608,6.11822,5.97608,0.0502134076970843,1,3,0,0,0,0,0,6.11824,5.49879,6.11824,0.0,0.0,0.0,0.0,0.0,0.0,0.0,0.0,0.0,0.0,0.0,0.0,0.0,0.0,0.0,1.66996,611.139,1826.63,1093.82,0.940319,2.81051,1.68298,1,611.139,0.0,0.0,0.0,0.0,0.0,4,0.300846,0.219984,0.279305,0.140183,0.0,0.0,0.0,0.0,0.0,0.0,0.0,0.0,0.0,0.0,0.0,0.0,0.0,0.0,0.0,0.0,0.0,0.0,0.0,0.0,0.0,587.174,0.1755,0.105092,0.0,0.0,0.0,587.174,0.0,0.0,0.0,0.0,0.0,0.0,0.0,0.0,0.0,0.0,0.0,0.0,0.0,0.0,0.0,0.0,0.0,0.0,0.0,0.0,0.0,0.0,0.0,0.0,0.0,0.0,0.0,0.0,0.0,0.0,1252.84,0.37446,0.224233,0.0,0.0,0.0,1,50000,0.1755,0.0,0.37446,0.0,0.07696,0.54858,0.0332225804352159,0.0378393096328913,6.740365809257777,44.69558114088976,0.1928106677740864,0.1474185111667987,1.52119756257906,0.3570829113171356,56.0
AFN,-9.820904,1.0619998,2.5335672,1.7234685,-1.6199609,5.3656955,-1.9613717,8.850845,7.919673,-3.7105012,3.866967,-9.062246,9.937693,12.080479,-11.217499,-1.3388116,3.3710606,2.3260083,-5.570077,1.4014847,9.922813,-10.0262165,11.481028,0.94062805,2.9184313,11.698829,9.127256,-3.1979585,8.268385,-6.2270722,9.881207,-5.6344576,-7.1589923,2.0760176,3.265141,-1.6783314,-7.0444,4.9136357,-1.6447151,-2.837709,-1.0075803,1.4625373,13.158669,6.9087157,1.6574277,-11.768942,0.8582321,-3.360212,-1.9268631,-3.207106,-2.9730766,2.8795824,2.1100721,2.5199203,4.6502786,1.0818212,-0.055155873,12.813966,2.9594097,-6.3413396,3.6311154,-2.8437185,-3.9874706,3.4975405,0.3270928855682054,1.17896749687243,1.701126,-0.5426286,96,13.907476487544749,13.256679000001094,10.160747621359809,90.00001980296626,107.94191162506662,90.00003445710078,1782.2059146613683,2.85597,2.85597,1.95775,2.85597,4.61882,4.61882,4.60622,4.6187,4.61882,0.0538658295375709,2,2,2,0,0,0,0,4.6188,2.85587,4.6188,4.6188,2.85586,4.6188,0.0,0.0,0.0,0.0,0.0,0.0,0.0,0.0,0.0,0.0,0.0,0.0,1.79143,347.215,1948.23,1087.53,0.0,0.0,0.0,2,172.048,175.167,0.0,0.0,0.0,0.0,0,0.0,0.0,0.0,0.0,0.0,0.0,0.0,0.0,0.0,0.0,0.0,0.0,0.0,0.0,0.0,0.0,0.0,0.0,0.0,0.0,0.0,0.0,0.0,0.0,0.0,161.254,0.09048,0.0505071,0.0,0.0,0.0,79.7002,81.5537,0.0,0.0,0.0,0.0,0.0,0.0,0.0,0.0,0.0,0.0,0.0,0.0,0.0,0.0,0.0,0.0,0.0,0.0,0.0,0.0,0.0,0.0,0.0,0.0,0.0,0.0,0.0,0.0,0.0,602.956,0.33832,0.188855,0.0,0.0,0.0,1,50000,0.09048,0.0,0.33832,0.0,0.07732,0.58436,0.0332225953488372,0.0770695146806,11.069860927997976,126.74381468958848,0.1477149601328903,0.1191615001421095,1.932721379385737,1.7896882093109203,32.0
IFR,-1.9500897,-1.7342606,-0.9067677,1.4494984,-1.8267326,-0.5917737,0.48704082,-2.1699717,-1.1481354,0.8355453,-2.0011938,-0.48983577,1.751137,-0.7097852,-0.7321128,1.1927471,-2.747189,1.0067732,1.0559936,0.36607364,-3.448794,-4.236406,4.324721,0.66572714,0.4943872,-2.0341048,1.0278451,-2.9527836,4.634916,-0.9331768,-2.153171,0.79195607,-0.09205338,1.3316722,1.0518824,-4.635068,2.503474,3.8098974,0.22048135,-4.4387393,-0.423742,0.12146264,0.0059108436,-0.8524532,-1.1687186,-0.7903712,-0.11293502,-2.4530756,1.0081794,-1.8356111,1.6283013,3.6850038,-0.5431335,4.1111026,-0.21446466,0.8155946,-1.6102777,3.9389927,1.9126076,-4.6824617,-0.07329348,0.41831586,1.9487557,-1.7255092,-0.9457162594558384,-1.3885287867419618,2.136855,-3.030479,96,18.59847920509486,13.42369400005401,7.633059326334821,89.99971674989928,102.0360059431625,90.00021991851365,1863.7789754119765,5.87649,0.83243,0.6788,5.87649,6.51994,6.51994,6.51994,6.43487,6.43487,0.0515082535356853,2,1,1,0,0,0,0,6.51991,5.87654,6.51991,6.51991,5.87655,6.51991,0.0,0.0,0.0,0.0,0.0,0.0,0.0,0.0,0.0,0.0,0.0,0.0,1.71302,313.658,1682.91,982.423,0.0,0.0,0.0,2,155.577,158.081,0.0,0.0,0.0,0.0,0,0.0,0.0,0.0,0.0,0.0,0.0,0.0,0.0,0.0,0.0,0.0,0.0,0.0,0.0,0.0,0.0,0.0,0.0,0.0,0.0,0.0,0.0,0.0,0.0,0.0,315.612,0.16934,0.0988544,0.0,0.0,0.0,161.59,154.023,0.0,0.0,0.0,0.0,0.0,0.0,0.0,0.0,0.0,0.0,0.0,0.0,0.0,0.0,0.0,0.0,0.0,0.0,0.0,0.0,0.0,0.0,0.0,0.0,0.0,0.0,0.0,0.0,0.0,671.408,0.36024,0.210295,0.0,0.0,0.0,1,50000,0.16934,0.0,0.36024,0.0,0.0766,0.56316,0.033222593116279,0.1257946862601935,11.74193273094352,145.68578376031743,0.2180013322259136,0.169692461563958,1.3646375965921038,-0.1313824710099611,32.0
GIU,-0.13218933,0.014744004,-0.21561313,-0.40811247,0.2551961,-0.24592239,0.23221637,0.28944436,0.30347505,0.30478248,0.014266827,-0.31680956,0.19119492,0.094070286,0.022817882,-0.17286366,-0.22698894,0.20054613,0.16755787,0.1981158,-0.00015251266,0.697773,-0.37207374,-0.04993092,-0.10639341,0.0043438547,0.2997759,0.36426985,0.046051122,-0.12083082,-0.2386721,-0.05233595,0.28130656,0.119944364,0.21140675,0.16347098,0.13293011,-0.20358743,0.03002812,0.2515465,0.28196746,-0.5716129,-0.194608,-0.052237812,0.25970268,-0.3392885,0.19534747,0.08429113,-0.14673173,-0.18409833,-0.17228332,-0.21845338,0.31882504,0.3482986,-0.27850828,-0.54268247,-0.19822338,-0.008493994,-0.27047768,-0.14597575,0.13376,0.4983655,-0.4755054,0.30308485,-0.6221307607947142,-0.4777441861298984,1.7804366,-3.0961514,288,12.280396631874192,12.308633936153637,40.75706763224859,89.71297409277521,90.42332672381389,119.71541223109703,5350.344293582372,1.65897,1.65897,1.6165,1.65897,5.49808,5.4704,5.10865,5.45018,5.4704,0.0538283116369632,0,0,0,0,0,0,0,0.0,0.0,0.0,0.0,0.0,0.0,0.0,0.0,0.0,0.0,0.0,0.0,0.0,0.0,0.0,0.0,0.0,0.0,1.79018,0.0,0.0,0.0,879.272,1643.39,918.003,0,0.0,0.0,0.0,0.0,0.0,0.0,16,230.822,58.4003,60.3357,18.2005,18.3785,18.4668,17.1836,18.7761,60.4229,56.2241,235.902,19.4156,15.8778,16.4526,17.7153,16.6973,0.0,0.0,0.0,0.0,0.0,0.0,0.0,0.0,0.0,0.0,0.0,0.0,508.069,0.09496,0.0530449,0.0,0.0,0.0,0.0,0.0,0.0,169.178,30.497,33.1721,5.24334,3.53123,3.63823,5.24334,3.74524,31.9951,30.1759,167.466,4.81531,4.6013,7.27647,3.95925,3.53123,0.0,0.0,0.0,0.0,0.0,0.0,0.0,0.0,0.0,0.0,0.0,0.0,1645.34,0.30752,0.171781,1,50000,0.0,0.09496,0.0,0.30752,0.10262,0.58986,0.0,0.0,0.0,0.0,0.0,0.0,0.0,0.0,96.0
SFE,-0.02550441,-3.3940368,8.713145,3.6371708,-2.1829982,1.6790361,-9.360299,-2.7162466,-11.417173,5.7189317,-2.6993568,2.2063332,3.183163,-1.0512145,0.007769378,0.19399685,-0.31927457,-4.130138,-3.0413876,-0.06311306,-11.399633,-2.4258518,0.49749961,0.7971958,-3.1584508,5.7674685,-5.2065773,4.051284,-8.547327,5.2275724,-1.8118516,-2.4978304,-2.7031085,-5.2248106,6.2473736,2.3980646,3.045975,3.367209,0.9418321,-6.3788457,-1.1835432,5.6228886,6.4514995,-7.119445,-5.025487,5.3137355,-1.719313,4.7171364,1.2879375,-3.62998,-2.990331,14.598438,1.3895934,0.85960704,18.72871,-1.6511824,10.641543,0.0621933,6.1446505,-11.195552,-4.51714,-8.939796,5.9036093,1.5300435,-0.13857627005441686,-1.8843848882444663,3.4363952,-1.5566949,42,11.159361484808397,4.997019699161592,13.814167189762328,89.21673429548547,100.71416826518806,89.90901857786572,756.8203588337964,5.44394,1.19902,5.44394,1.19902,5.83956,5.83956,5.83956,5.83956,5.83956,0.0554953358611003,1,1,0,0,0,0,0,5.83954,5.44393,5.83954,0.0,0.0,0.0,0.0,0.0,0.0,0.0,0.0,0.0,0.0,0.0,0.0,0.0,0.0,0.0,1.84562,105.813,1398.13,757.538,0.0,0.0,0.0,1,105.813,0.0,0.0,0.0,0.0,0.0,0,0.0,0.0,0.0,0.0,0.0,0.0,0.0,0.0,0.0,0.0,0.0,0.0,0.0,0.0,0.0,0.0,0.0,0.0,0.0,0.0,0.0,0.0,0.0,0.0,0.0,99.0981,0.13094,0.0709462,0.0,0.0,0.0,99.0981,0.0,0.0,0.0,0.0,0.0,0.0,0.0,0.0,0.0,0.0,0.0,0.0,0.0,0.0,0.0,0.0,0.0,0.0,0.0,0.0,0.0,0.0,0.0,0.0,0.0,0.0,0.0,0.0,0.0,0.0,215.225,0.28438,0.154083,0.0,0.0,0.0,1,50000,0.13094,0.0,0.28438,0.0,0.10708,0.60854,0.0332225893023255,0.1472420289661165,12.09934959518477,144.74609668426936,0.1955570963455149,0.1568811709400052,1.532008800327852,0.347847073923301,14.0
STO,-2.5081408,1.7442137,-0.6236329,7.083093,-7.5739045,0.5728262,1.8894502,-0.10114068,-10.73738,-7.163466,-2.3816466,-2.3498409,-4.4205146,-2.4600313,-13.537826,1.0494051,-3.5758495,0.9344559,3.0429068,0.8860831,-2.7871542,0.42049432,3.048036,2.0017571,8.604549,-3.4438803,0.41823506,-0.48426956,0.6195709,3.9016669,4.596704,2.881014,1.775449,0.9597074,-4.7291408,-4.656662,3.8958976,6.101226,2.944076,-11.939365,-4.452035,-2.761845,2.0540855,6.757314,2.2830172,3.3800128,-3.3508146,-1.012703,6.632464,-6.4332376,-5.405454,8.317669,3.274103,-11.666043,11.609355,-2.5133474,0.03877254,-3.934418,8.348665,-3.1692834,-0.4351224,8.89646,8.559511,-4.4504104,-0.8880307440525627,-2.520975297289992,3.9622872,-1.8255498,336,29.807521924425604,8.417275,24.71309519360912,90.0,105.25668691640512,90.00000384438397,5981.943369429909,5.54335,1.23837,5.54335,1.25373,6.47217,6.12548,6.47217,6.31184,6.47217,0.0561690372592112,4,1,1,1,1,0,0,6.47219,5.54336,6.47219,5.84798,4.95974,5.84798,6.38003,5.50668,6.38003,6.12384,5.26682,6.12384,0.0,0.0,0.0,0.0,0.0,0.0,1.86803,648.619,1084.29,580.448,27.9501,46.7241,25.0125,4,161.451,160.887,161.263,165.018,0.0,0.0,22,0.623234,0.119702,2.7853,3.48727,0.0399007,0.0,0.160664,0.119702,5.81,0.0603814,0.801197,0.280366,0.0798015,4.80612,0.279305,3.40747,0.0,0.0,0.100282,3.96714,0.0603814,0.96186,0.0,0.0,0.0,667.944,0.11166,0.0597742,2.99097,0.0005,0.000267662,175.51,159.479,173.237,159.718,0.0,0.0,0.0,0.0,0.119639,0.358917,0.0,0.0,0.0,0.0,0.957111,0.0,0.0,0.0,0.0,0.717833,0.119639,0.478555,0.0,0.0,0.0,0.239278,0.0,0.0,0.0,0.0,0.0,1378.96,0.23052,0.123403,59.8194,0.01,0.00535324,1,50000,0.11166,0.0005,0.23052,0.01,0.14408,0.6154,0.0332225887043189,0.0435957797719332,6.620394820718712,43.6843671916122,0.2055159136212624,0.1587162807002901,1.4539720378204526,0.1503135057828988,112.0
EEI,-9.3930025,-1.669544,1.1318797,3.1920636,-5.1785264,6.9418993,-0.16941209,4.11288,-2.9684389,-1.7176965,5.483856,-7.7437134,-0.83964634,0.25609335,-9.478307,5.534654,5.6129284,-0.24068208,2.7293072,2.0214925,1.3673322,-2.0894995,9.095809,1.6310822,4.099643,-2.1376112,-1.6654286,-2.374014,1.2450024,-4.675753,4.585566,-6.426835,-9.848692,1.3387583,-5.311968,2.7903216,-1.6575619,3.5080748,-0.9459955,-5.431869,0.1193884,-1.3974575,1.8551223,5.5173697,4.505654,-2.6257336,-2.6295068,-5.6254,-1.733474,-5.1990314,-7.2603335,5.5215216,-1.4880311,-3.4089043,10.357312,-4.1832685,-1.9494591,1.4727814,4.116027,-2.3248868,-3.9901514,1.500142,4.0343075,2.5187526,-2.1137670078532333,-0.27081140983587687,2.5700746,-1.5780511,600,13.63593605314846,34.80057594578371,22.062381639618284,90.01966813713202,90.0194262814436,89.92546542923218,10469.43783021856,2.18843,2.18843,1.71829,1.27328,5.95708,5.88132,5.91362,5.95708,5.88132,0.0573096674081376,4,1,1,1,1,0,0,5.90439,2.10583,5.90439,5.95709,2.02851,5.95709,5.88948,2.06677,5.88948,5.91691,2.18838,5.91691,0.0,0.0,0.0,0.0,0.0,0.0,1.90596,1317.73,1258.64,660.371,21.1222,20.1751,10.5852,4,335.102,332.51,318.462,331.654,0.0,0.0,26,0.0,0.299786,0.0,0.140183,1.02648,0.0,1.0459,0.0603814,2.05191,0.985523,0.0,0.0,0.0,0.100282,0.241526,0.419488,0.804378,0.159603,3.86017,3.15607,2.35063,2.93503,0.381709,0.681494,0.341808,980.568,0.09366,0.0491405,0.837555,8e-05,4.19735e-05,254.617,244.985,237.866,243.1,0.0,0.0,0.0,0.0,0.0,0.0,0.0,0.0,0.209389,0.0,0.0,0.209389,0.0,0.0,0.0,0.0,0.0,0.0,0.0,0.0,0.209389,0.0,0.209389,0.0,0.0,0.0,0.0,2455.71,0.23456,0.123066,20.1013,0.00192,0.00100736,1,50000,0.09366,8e-05,0.23456,0.00192,0.1416,0.62192,0.0332225963122923,0.0592478914291699,9.317458519994217,98.2217255715048,0.1918531794019934,0.1502124005040078,1.5437987188289053,0.4090601932594393,200.0
CDO,-1.3869007,-0.39430073,-0.5334127,0.66876763,-1.7443259,2.1874254,1.1447902,5.943869,1.767267,-3.484011,5.473453,-5.6740055,3.3577032,4.8729343,-7.875706,-0.20694917,-3.330378,1.1527153,2.7826722,1.3197565,3.0826173,-5.1477833,10.695143,-0.15975903,3.6299157,8.009302,7.5392776,1.8919255,0.26247737,-3.3444343,5.9980874,-2.0349457,0.927985,1.5076237,6.1921043,-1.2173364,-2.1938565,0.9527973,-0.41922307,-3.3098278,-3.444267,-0.6035941,3.54231,6.216852,5.967315,2.1223042,-2.2762916,-0.8023914,0.066393316,4.1201572,-9.275314,4.798276,4.6334915,-0.73300546,5.5507874,-2.3516967,-0.11123863,2.0204268,-0.47477344,-6.6328025,1.2278652,-1.2321557,-2.1397567,-0.6692867,-0.722165898804758,1.2992886771525967,1.7475821,-1.4195794,108,7.360576651966882,18.14139300042844,13.746757942466216,90.00008240514671,90.09722111136873,90.00078080010155,1835.6172557970035,2.68155,2.68155,0.64799,2.65216,4.66839,4.41407,4.60967,4.53308,4.41407,0.058835794694634,2,2,2,0,0,0,0,4.66837,2.68159,4.65244,4.66833,2.68154,4.65253,0.0,0.0,0.0,0.0,0.0,0.0,0.0,0.0,0.0,0.0,0.0,0.0,1.95672,302.064,1645.57,840.984,0.0,0.0,0.0,2,152.025,150.038,0.0,0.0,0.0,0.0,0,0.0,0.0,0.0,0.0,0.0,0.0,0.0,0.0,0.0,0.0,0.0,0.0,0.0,0.0,0.0,0.0,0.0,0.0,0.0,0.0,0.0,0.0,0.0,0.0,0.0,133.67,0.07282,0.0372154,0.0,0.0,0.0,67.0735,66.5962,0.0,0.0,0.0,0.0,0.0,0.0,0.0,0.0,0.0,0.0,0.0,0.0,0.0,0.0,0.0,0.0,0.0,0.0,0.0,0.0,0.0,0.0,0.0,0.0,0.0,0.0,0.0,0.0,0.0,524.913,0.28596,0.146143,0.0,0.0,0.0,1,50000,0.07282,0.0,0.28596,0.0,0.07666,0.63738,0.033222587641196,0.1203651347968011,12.057997547828222,144.098490713592,0.1520976079734219,0.1252782587730354,1.9026566212184384,1.6336113074473095,36.0
LAU,0.6582826,-1.8038056,0.37394428,2.6094615,1.5628773,0.59517914,1.9488207,0.17608419,0.9753885,-1.8547884,3.586418,-0.45764908,8.30142,7.258765,-6.990544,2.4482884,-1.1346383,1.3518184,-2.9666393,-0.056730658,-0.68255264,-4.5985208,7.516928,-0.41794237,0.899342,5.8651843,7.951521,-0.9419774,1.7332777,-0.4269098,6.8592186,-2.312314,1.7641737,0.63564885,1.992835,0.46689916,-1.5567933,2.9837174,0.41405118,-7.758921,-0.9479465,1.5948496,2.3041422,8.656413,0.11676064,-2.1100626,0.5027433,2.2384522,0.92197907,0.2700967,-4.81039,2.0853276,0.13875446,2.7732813,4.5011477,5.077593,0.38633928,2.8626447,2.1821308,-3.296358,1.7395163,-0.45337024,-0.18962193,-3.3007722,0.8577644334856301,-0.44613031967638134,1.4714884,-1.9064264,72,14.166286491060282,12.986619000039155,7.58500856328508,89.99978682336656,109.78628177417654,89.99990233117693,1313.0468106291205,3.30327,1.27262,1.27262,3.30327,5.12643,5.11641,5.1195,5.12643,5.12643,0.0548342979223281,2,1,1,0,0,0,0,5.12678,3.3032,5.12678,5.12169,3.3032,5.12169,0.0,0.0,0.0,0.0,0.0,0.0,0.0,0.0,0.0,0.0,0.0,0.0,1.82364,223.885,1705.08,934.989,0.0,0.0,0.0,2,113.134,110.752,0.0,0.0,0.0,0.0,0,0.0,0.0,0.0,0.0,0.0,0.0,0.0,0.0,0.0,0.0,0.0,0.0,0.0,0.0,0.0,0.0,0.0,0.0,0.0,0.0,0.0,0.0,0.0,0.0,0.0,139.839,0.1065,0.0583997,0.0,0.0,0.0,69.3026,70.5369,0.0,0.0,0.0,0.0,0.0,0.0,0.0,0.0,0.0,0.0,0.0,0.0,0.0,0.0,0.0,0.0,0.0,0.0,0.0,0.0,0.0,0.0,0.0,0.0,0.0,0.0,0.0,0.0,0.0,408.016,0.31074,0.170396,0.0,0.0,0.0,1,50000,0.1065,0.0,0.31074,0.0,0.09128,0.59798,0.03322259910299,0.1550094209386136,12.1401275769976,145.42410076403928,0.1722932890365448,0.1421541835400018,1.7315128921055574,0.9985530565786598,24.0
OKO,-4.3264813,-2.6721923,4.4154253,-1.5528529,1.6631705,4.879291,-6.644473,2.83804,1.9360069,0.31855127,-0.3893043,-4.1966414,0.6561626,-0.5744442,-0.54182875,-1.8074653,-0.25794926,0.87520784,-1.671626,-0.43051085,8.674723,-7.471998,2.9770284,0.5816884,-3.2246728,2.5197074,2.1986284,-2.7008114,4.7213273,-1.2122451,-0.4871447,-0.4325094,3.858604,1.6071756,-2.8851314,-1.927561,1.9371715,5.255963,-0.51390624,-5.40121,1.0208299,2.7649539,3.3049283,-1.3260149,-0.7416111,-5.2183676,2.3169353,1.9317453,-0.49110103,2.1368284,1.2349162,5.2783585,-0.16304281,8.104708,2.4247277,0.81698257,2.5865397,5.937246,3.9244957,-3.634157,-2.1864057,-1.2845906,0.31273663,-2.160776,0.07791099085149739,-0.4573044167438622,1.1665285,-2.8330848,204,24.054604501564373,13.73658900271119,12.296002104951876,89.99925092362912,109.58623720374982,90.00226974700432,3827.855861498367,5.61364,0.75488,4.49108,5.61364,6.35445,5.91424,6.35424,6.35445,6.35445,0.0532935427511491,2,2,2,0,0,0,0,6.35432,5.61362,6.35432,6.35447,5.61357,6.35447,0.0,0.0,0.0,0.0,0.0,0.0,0.0,0.0,0.0,0.0,0.0,0.0,1.7724,613.829,1603.58,904.754,0.0,0.0,0.0,2,305.499,308.33,0.0,0.0,0.0,0.0,2,0.0,0.0,0.0,0.0,0.0,0.0,0.0,0.0,0.0,0.0,0.0,0.0,0.0,0.0,0.0,0.0,0.0,0.0,0.0,0.0,0.0,0.0,0.0,0.0,0.0,587.729,0.15354,0.0866284,0.0,0.0,0.0,295.281,292.448,0.0,0.0,0.0,0.0,0.0,0.0,0.0,0.0,0.0,0.0,0.0,0.0,0.0,0.0,0.0,0.0,0.0,0.0,0.0,0.0,0.0,0.0,0.0,0.0,0.0,0.0,0.0,0.0,0.0,1274.52,0.33296,0.187858,0.0,0.0,0.0,1,50000,0.15354,0.0,0.33296,0.0,0.08824,0.5788,0.0332225682392026,0.0469284535728405,6.917094506968204,47.5174864760594,0.200349926910299,0.1539856198142269,1.4890577409072492,0.2692793425482054,68.0
APD,-18.113604,7.999138,10.020933,10.034981,4.8048296,-3.832352,16.573011,-10.322823,-14.8116045,-6.510751,-9.514832,-10.946601,0.5087913,22.144417,4.9742312,-0.41587132,12.992097,-3.129739,-22.243195,0.8100494,-12.425438,-6.713279,3.118935,-1.6492596,-1.2179859,2.8129866,-3.0915542,4.876187,10.0725975,-5.8017235,8.548803,2.0504951,-10.916085,-3.8723795,-7.368787,-20.6221,3.3453,4.0642376,-0.1715992,-5.2363186,-3.8781579,7.2713313,7.0146937,-7.042642,-11.711666,-7.4181657,7.070511,1.614291,-0.65913534,-15.321635,-9.080088,8.289828,-0.65198565,-0.29431206,4.689,-2.7470856,-17.070843,9.713026,-1.2306716,-4.1032043,-10.1291275,-6.928491,1.2995508,6.673861,0.5947204395054725,-3.603710779382826,3.4281647,0.7621623,96,8.351635,19.849189000000223,9.982684000000202,90.00002013869857,90.0,90.0,1654.8612873279642,3.13963,3.13963,1.19525,1.39249,4.1108,4.07121,4.02039,3.70157,4.07121,0.0580109044396145,4,1,1,1,1,0,0,4.10152,3.13961,4.10152,4.11079,3.13963,4.11079,4.10152,3.13961,4.10152,4.11079,3.13963,4.11079,0.0,0.0,0.0,0.0,0.0,0.0,1.92928,247.568,1496.0,775.418,0.0,0.0,0.0,4,62.6939,60.9069,63.2575,60.7095,0.0,0.0,0,0.0,0.0,0.0,0.0,0.0,0.0,0.0,0.0,0.0,0.0,0.0,0.0,0.0,0.0,0.0,0.0,0.0,0.0,0.0,0.0,0.0,0.0,0.0,0.0,0.0,93.3342,0.0564,0.0292336,0.0,0.0,0.0,23.4659,22.6385,23.135,24.0948,0.0,0.0,0.0,0.0,0.0,0.0,0.0,0.0,0.0,0.0,0.0,0.0,0.0,0.0,0.0,0.0,0.0,0.0,0.0,0.0,0.0,0.0,0.0,0.0,0.0,0.0,0.0,440.921,0.26644,0.138103,0.0,0.0,0.0,1,50000,0.0564,0.0,0.26644,0.0,0.09946,0.6341,0.0332225754152823,0.1169339735351635,11.580108868177287,143.0456448900826,0.1377194219269103,0.1177410134394048,2.100193110431852,2.425889122518903,32.0
RHO,-5.553722,4.1538105,-2.3352065,2.704761,-1.9666605,-5.678267,-3.2334986,-9.2691765,3.5642912,1.1373925,1.3787313,0.73979414,-6.770135,10.411758,-8.917767,11.711102,1.0829772,4.1789565,0.21803334,-1.5320746,-8.193273,2.7115717,10.533869,-0.29434767,-1.8212811,-10.707033,3.1681514,-13.26664,2.9809551,2.8543837,-3.9852118,-4.697753,-10.940257,3.0755951,7.731012,4.815049,-1.3618721,5.3625546,-2.0578842,-1.7937797,-8.208771,-0.8233945,10.890918,-6.9853888,2.1822772,-6.060054,-3.9700863,-4.064242,-2.904911,-17.642004,7.1546097,9.190928,0.43773082,8.414658,-3.0203762,-0.96669394,3.2373102,-4.4790835,-9.2420025,-1.9812101,-0.5691211,0.29350218,-0.8397251,6.328855,-2.550708809222409,-0.7698639036451738,3.7094169,-4.2232757,144,14.770846,14.770846,14.770846,90.0,90.0,90.0,3222.672036774182,3.4881,3.4881,3.4881,3.4881,9.84002,9.84002,9.83978,9.01839,9.83978,0.0446834174737,2,3,3,0,0,0,0,9.84001,3.48812,9.84001,9.84001,3.48812,9.84001,0.0,0.0,0.0,0.0,0.0,0.0,0.0,0.0,0.0,0.0,0.0,0.0,1.48605,686.142,2129.11,1432.73,0.0,0.0,0.0,2,343.9,342.242,0.0,0.0,0.0,0.0,0,0.0,0.0,0.0,0.0,0.0,0.0,0.0,0.0,0.0,0.0,0.0,0.0,0.0,0.0,0.0,0.0,0.0,0.0,0.0,0.0,0.0,0.0,0.0,0.0,0.0,725.359,0.22508,0.151462,0.0,0.0,0.0,358.168,367.191,0.0,0.0,0.0,0.0,0.0,0.0,0.0,0.0,0.0,0.0,0.0,0.0,0.0,0.0,0.0,0.0,0.0,0.0,0.0,0.0,0.0,0.0,0.0,0.0,0.0,0.0,0.0,0.0,0.0,1524.84,0.47316,0.318401,0.0,0.0,0.0,1,50000,0.22508,0.0,0.47316,0.0,0.04088,0.48596,0.0332226078504983,0.1282610566072297,12.052698291286395,143.95612445243103,0.3145031604418605,0.2023249235544854,0.7367849753469482,-1.445240342821617,48.0
AWW,-3.359104,-2.6860547,0.515852,1.5112174,0.58249104,1.0241203,1.0735462,-2.5463526,-1.9364737,0.740204,0.9685056,-1.5063394,2.70289,2.5767257,-3.6204834,2.2053704,0.14507398,0.6011455,-0.95712364,-0.08769855,-2.8370128,-3.557271,3.3909292,-0.3903675,0.6907727,3.5549052,2.127546,-2.2319078,2.1601236,0.7791621,3.0413623,-2.784727,-1.8034153,0.67952096,-0.2549305,-0.7103401,0.69356775,2.921746,0.009440646,-5.2912354,-1.500675,1.6592026,5.2237024,3.8819532,-0.9641788,-2.7428102,-0.84594613,1.9868661,0.1857866,-2.3534093,0.039326698,4.1769753,0.6324791,0.2124667,2.7761838,1.4707696,0.74740386,-0.4533262,0.42207995,-1.3349789,-0.026772216,-2.1549063,1.2296641,-1.318939,-0.2076905828822854,-0.9759221232122195,1.8536116,-2.6126165,72,13.520449000000037,13.520445000000038,7.611524,90.0,90.0,89.99999152457318,1391.405517667618,3.57592,1.49443,1.49471,3.57592,6.80725,6.74766,6.79988,6.80725,6.80725,0.0517462372297416,2,1,1,0,0,0,0,6.79985,3.57627,6.79985,6.80721,3.57606,6.80721,0.0,0.0,0.0,0.0,0.0,0.0,0.0,0.0,0.0,0.0,0.0,0.0,1.72094,230.926,1659.66,964.391,15.5592,111.824,64.9784,2,116.115,114.811,0.0,0.0,0.0,0.0,2,6.47101,9.08823,0.0,0.0,0.0,0.0,0.0,0.0,0.0,0.0,0.0,0.0,0.0,0.0,0.0,0.0,0.0,0.0,0.0,0.0,0.0,0.0,0.0,0.0,0.0,179.519,0.12902,0.0749707,2.28191,0.00164,0.000952968,88.6882,90.831,0.0,0.0,0.0,0.0,1.36358,0.918328,0.0,0.0,0.0,0.0,0.0,0.0,0.0,0.0,0.0,0.0,0.0,0.0,0.0,0.0,0.0,0.0,0.0,0.0,0.0,0.0,0.0,0.0,0.0,466.288,0.33512,0.194731,43.3005,0.03112,0.0180832,1,50000,0.12902,0.00164,0.33512,0.03112,0.06948,0.56428,0.0332226127508305,0.1179603731817332,11.673859701082833,145.6435589189551,0.2269405315614618,0.174002597411119,1.2998626164509774,-0.303258523608588,24.0
CHA,-6.673772,-1.2293541,0.95976996,-0.6765551,2.7181358,2.4004457,8.0847435,0.834811,-2.8893902,3.1364436,2.409586,-2.0402932,-4.4650826,0.4306366,1.9395533,-0.56695795,7.2721367,-0.2947657,-1.1578051,-0.15982404,-8.879453,2.229364,2.833386,-0.73494864,-0.07199432,-3.2534022,-3.6645925,-10.682939,1.2425842,0.406092,-0.75404865,-2.001946,-7.7604127,0.19121489,-5.5756545,-0.8694848,-5.6027093,-0.97873765,0.24031468,-1.4132013,-0.033977658,0.7795498,2.746334,-2.495395,1.3986073,-3.5031252,0.9709945,-1.8287696,-2.3828878,-3.0933795,-0.22202078,-3.0199637,-1.3629745,1.5730779,-8.939255,-0.41351697,1.8617504,1.6586717,-4.0907936,1.2435042,1.0015492,-1.8908416,-0.21238631,0.33825946,-1.0991988047001215,-0.5601543344561687,2.4180288,-3.4204073,108,13.536508000000072,13.536507801523516,14.552790000000067,89.99999038913676,90.00000816978499,120.00000960519527,2309.351997401261,3.15152,3.15152,3.15152,3.15148,6.57102,6.56548,6.56732,6.57102,6.56548,0.0467663656824657,1,3,0,0,0,0,0,6.57102,3.15153,6.57102,0.0,0.0,0.0,0.0,0.0,0.0,0.0,0.0,0.0,0.0,0.0,0.0,0.0,0.0,0.0,1.55532,525.396,2275.08,1462.77,8.1031,35.0882,22.5601,1,525.396,0.0,0.0,0.0,0.0,0.0,3,2.51448,2.95657,2.63206,0.0,0.0,0.0,0.0,0.0,0.0,0.0,0.0,0.0,0.0,0.0,0.0,0.0,0.0,0.0,0.0,0.0,0.0,0.0,0.0,0.0,0.0,426.168,0.18454,0.118651,0.738993,0.00032,0.000205745,426.168,0.0,0.0,0.0,0.0,0.0,0.0923741,0.369496,0.277122,0.0,0.0,0.0,0.0,0.0,0.0,0.0,0.0,0.0,0.0,0.0,0.0,0.0,0.0,0.0,0.0,0.0,0.0,0.0,0.0,0.0,0.0,1000.87,0.4334,0.278656,31.1763,0.0135,0.00867988,1,50000,0.18454,0.00032,0.4334,0.0135,0.03946,0.51364,0.0332225714285714,0.1438649032229579,12.079667909403453,144.42575498422053,0.218690488372093,0.1703219648114068,1.3576998806678018,-0.1556170483222998,36.0
DFT,-6.7678337,-1.8456435,0.69521594,4.875902,14.475134,2.7226624,8.495397,3.172052,2.21037,-5.721377,4.931547,-7.60038,25.289146,16.784138,-12.560899,-3.8486311,4.5566173,7.4920115,-12.549254,0.6132754,9.123033,-3.3118482,1.2245861,-0.26175177,-7.2368293,7.399322,3.0367014,1.2960433,5.2561145,-0.13747244,-11.438204,-2.970878,7.4046764,-8.273544,-0.91934246,0.97197366,1.4083456,0.12381373,-1.6167622,-16.638727,3.4007072,1.7958841,0.8657806,0.4079376,-0.18205547,-5.476942,-0.42364937,4.294851,3.2795668,-9.823896,2.9764984,-6.87375,0.46842507,17.778696,14.966279,5.170491,1.2871573,8.361134,8.593415,5.3397117,0.85166967,-5.436745,-3.6345096,-9.250614,4.7477724702350494,-0.9266868451900376,-0.70181566,-0.42492208,24,7.073023000464441,7.073034000781136,8.39203400044161,90.00112989660397,89.99994838185182,90.00131229754106,419.8344291486683,3.29641,1.39788,1.40118,3.29641,3.92829,3.92802,3.92829,3.92828,3.92828,0.0571653926731705,1,1,0,0,0,0,0,3.92828,3.29639,3.92828,0.0,0.0,0.0,0.0,0.0,0.0,0.0,0.0,0.0,0.0,0.0,0.0,0.0,0.0,0.0,1.90117,65.1607,1552.06,816.371,0.0,0.0,0.0,1,65.1607,0.0,0.0,0.0,0.0,0.0,0,0.0,0.0,0.0,0.0,0.0,0.0,0.0,0.0,0.0,0.0,0.0,0.0,0.0,0.0,0.0,0.0,0.0,0.0,0.0,0.0,0.0,0.0,0.0,0.0,0.0,26.4664,0.06304,0.0331586,0.0,0.0,0.0,26.4664,0.0,0.0,0.0,0.0,0.0,0.0,0.0,0.0,0.0,0.0,0.0,0.0,0.0,0.0,0.0,0.0,0.0,0.0,0.0,0.0,0.0,0.0,0.0,0.0,0.0,0.0,0.0,0.0,0.0,0.0,121.945,0.29046,0.15278,0.0,0.0,0.0,1,50000,0.06304,0.0,0.29046,0.0,0.0854,0.62414,0.0332225732225913,0.1582286269923196,12.140379415342911,145.4364364833379,0.1327080166112956,0.1149175596181417,2.163043899498067,2.678980921435911,8.0
EWS,0.018818378,-4.920124,5.544733,2.7910504,-0.5663565,3.1142232,-8.628492,-2.8210416,-2.2084076,6.1996026,-2.0307987,6.702447,-4.3707337,-0.34813008,0.49225643,6.1122675,0.45152137,-1.8370427,5.0028577,1.3545834,-0.5481048,-2.2314348,7.0532765,-0.06524611,-1.4987022,-0.30115497,1.5779219,-10.654408,4.421036,1.1396606,-1.6963898,-0.028466258,-1.5825131,-0.65135765,1.523512,-0.7884953,0.9496054,0.83848274,-0.30809903,-9.8285475,-0.5116737,1.9150927,6.5474477,-2.7771733,0.3768015,-8.29218,0.6308783,6.8916597,1.856145,-2.674495,2.9890125,8.860816,3.901207,3.546592,9.472023,4.62544,7.36492,8.542012,-1.5570794,-4.206404,1.5102575,-5.048864,2.5371482,-2.4522262,-0.1397644842640388,-1.4638710324615638,2.6113882,-1.9283144,288,19.345723000042387,15.805365000030529,18.070537000004787,89.99998640856464,90.00008268222346,89.9997750786745,5525.359669026632,3.44137,1.32177,3.4377,3.44137,5.67815,5.67663,5.67815,5.66164,5.66164,0.0521233036854477,2,2,2,0,0,0,0,5.67677,3.43872,5.67677,5.67819,3.44129,5.67819,0.0,0.0,0.0,0.0,0.0,0.0,0.0,0.0,0.0,0.0,0.0,0.0,1.73348,1062.25,1922.5,1109.04,0.0,0.0,0.0,2,532.456,529.792,0.0,0.0,0.0,0.0,0,0.0,0.0,0.0,0.0,0.0,0.0,0.0,0.0,0.0,0.0,0.0,0.0,0.0,0.0,0.0,0.0,0.0,0.0,0.0,0.0,0.0,0.0,0.0,0.0,0.0,820.295,0.14846,0.0856428,0.0,0.0,0.0,407.109,413.186,0.0,0.0,0.0,0.0,0.0,0.0,0.0,0.0,0.0,0.0,0.0,0.0,0.0,0.0,0.0,0.0,0.0,0.0,0.0,0.0,0.0,0.0,0.0,0.0,0.0,0.0,0.0,0.0,0.0,1983.38,0.35896,0.207075,0.0,0.0,0.0,1,50000,0.14846,0.0,0.35896,0.0,0.07282,0.56822,0.0332225856810631,0.0790408526495126,10.598891996908485,118.33326370329009,0.1852279169435215,0.1479299516879708,1.607835541622357,0.6087222040455642,96.0
SFW,-14.20173,0.92518276,1.0518825,1.2028806,1.3218288,8.885998,3.7246847,8.771497,0.25141636,-5.643366,5.522525,-6.469758,12.331045,-0.8100854,-15.114505,0.84700733,4.812816,6.3814173,-1.4814721,3.6116781,0.11660488,-5.0753593,14.210396,0.9883919,-1.9435161,4.3639565,1.8616791,-12.312495,4.3499117,-3.090465,-0.67618376,-5.590458,-8.413831,3.9079363,-1.6643623,1.5365865,-8.4067335,-1.2921714,-4.361928,-1.7419499,1.5975418,-2.3410068,-5.5026755,-10.2592535,-2.249109,-6.6356416,-1.6194476,-11.045793,3.9639964,-1.6587921,-0.3819162,3.5890887,2.2079766,-1.4021122,6.2925806,1.3850329,1.083205,-0.48928902,6.3208494,0.3753205,-2.9380474,-4.8371944,-8.625078,11.257814,-0.6935631503025408,2.1602905131654877,2.623138,-0.6279615,324,13.551296,13.55129635489509,43.504261,90.0,90.0,119.9999991336744,6918.693727081485,3.11465,3.11465,3.11465,3.11464,6.99658,6.57742,6.99516,6.99366,6.99516,0.0468296491766622,1,3,0,0,0,0,0,6.99658,3.11466,6.99658,0.0,0.0,0.0,0.0,0.0,0.0,0.0,0.0,0.0,0.0,0.0,0.0,0.0,0.0,0.0,1.55743,1531.68,2213.82,1421.46,25.2419,36.4836,23.4256,1,1531.68,0.0,0.0,0.0,0.0,0.0,9,2.33227,2.81639,3.11935,3.23799,3.11617,2.89725,2.59534,2.41101,2.7161,0.0,0.0,0.0,0.0,0.0,0.0,0.0,0.0,0.0,0.0,0.0,0.0,0.0,0.0,0.0,0.0,1267.09,0.18314,0.117591,2.21398,0.00032,0.000205467,1267.09,0.0,0.0,0.0,0.0,0.0,0.138374,0.138374,0.0,0.415122,0.0,0.415122,0.276748,0.415122,0.415122,0.0,0.0,0.0,0.0,0.0,0.0,0.0,0.0,0.0,0.0,0.0,0.0,0.0,0.0,0.0,0.0,2937.82,0.42462,0.272642,55.7647,0.00806,0.0051752,1,50000,0.18314,0.00032,0.42462,0.00806,0.05598,0.51134,0.0332225771096345,0.0629966312522037,10.435169238401867,115.71495362634916,0.2175958172757474,0.1585365015976733,1.3104653061456035,-0.2306973120579827,108.0
MRE,-0.05453503,-3.722932,2.2217395,3.0970547,-7.2954187,-3.1582518,-0.25162363,-2.2399824,0.96573806,0.20936495,-0.7124874,3.0622942,2.8158088,-4.158778,-4.680246,-3.1315393,-1.0840055,-0.5276644,1.884218,-0.5216068,-8.963952,-0.455382,4.274044,-0.7334757,-3.023076,2.3615813,-2.5821807,9.698083,-2.9449096,3.9011734,1.212748,-2.4977777,5.5616817,-0.53572226,1.3238573,-6.5382433,7.215344,3.796423,0.2866857,-2.7007852,-0.7578767,-1.8633268,-9.620189,0.70893884,-1.5591373,6.4398656,-2.5729034,-4.485021,-0.7545852,10.527088,-7.218509,-1.952764,0.41850862,-2.556724,5.0719843,0.16685075,-7.234037,-8.728413,1.1993083,5.3381853,-7.8784366,-0.3862011,0.72808,1.1276239,-0.3839666962568149,-0.11324867325848668,3.1989746,-2.9452722,144,8.321504000019527,14.243238007619968,19.812916010634403,89.99625265650063,89.9999181988045,89.99976629181285,2348.3290758710423,3.8729,3.8729,1.12965,1.14586,4.74126,4.74126,4.73231,4.73725,4.74126,0.0613201963385764,2,1,1,0,0,0,0,4.73997,3.86883,4.73997,4.74117,3.87291,4.74117,0.0,0.0,0.0,0.0,0.0,0.0,0.0,0.0,0.0,0.0,0.0,0.0,2.03934,218.063,928.588,455.337,2.38205,10.1436,4.97395,2,108.941,109.122,0.0,0.0,0.0,0.0,8,0.181144,0.260946,0.200564,0.0798015,0.140183,0.399007,0.51871,0.601693,0.0,0.0,0.0,0.0,0.0,0.0,0.0,0.0,0.0,0.0,0.0,0.0,0.0,0.0,0.0,0.0,0.0,139.585,0.05944,0.0291466,0.0939332,4e-05,1.96142e-05,68.1485,71.4362,0.0,0.0,0.0,0.0,0.0,0.0,0.0,0.0469666,0.0,0.0469666,0.0,0.0,0.0,0.0,0.0,0.0,0.0,0.0,0.0,0.0,0.0,0.0,0.0,0.0,0.0,0.0,0.0,0.0,0.0,401.47,0.17096,0.0838309,8.87668,0.00378,0.00185354,1,50000,0.05944,4e-05,0.17096,0.00378,0.15468,0.67058,0.0332225916943521,0.1413606982058168,12.076295843165187,144.44729106519193,0.1588021993355481,0.1329608469129237,1.8614373798265595,1.4668923755342158,48.0
SFS,-1.9113901,0.10964354,-0.40245503,-0.26191786,0.66065896,-0.3340558,-0.44223082,-2.917673,-2.960249,4.098131,-2.6353695,-1.8720921,-0.5683116,-4.9805436,3.0544958,-4.8403764,1.6960789,-1.5481387,0.5396261,0.15680763,-1.1157042,0.84184146,-3.9025953,-0.7834426,0.025832698,5.2785034,-3.269089,2.6776853,2.6745515,-0.3494888,-1.7953773,-0.14616987,1.7618668,2.9272172,3.4688702,-3.5903163,7.5542245,-0.8265563,2.7312758,-1.1170155,2.4453006,-2.243147,5.73719,-0.66725415,3.265108,-0.26086676,2.3315403,2.0905926,-0.8540888,-1.1635164,-2.50471,4.9278235,0.62829435,0.23878473,1.6263013,-0.35814315,-1.1214678,-1.3691939,-1.4836452,-7.0094056,5.4945154,-0.5620128,-0.23574644,1.8226792,-1.840790881843693,-0.7565970572816083,1.5885969,-3.7044325,168,14.000480992601648,19.86925600000005,12.391011866974225,89.99999712938683,106.48099284343571,89.99999803678736,3305.300496629508,5.38307,1.10156,5.38307,4.59533,7.05963,6.95247,7.04344,7.04344,7.04344,0.0508274512926475,1,2,0,0,0,0,0,7.05961,5.38307,7.05961,0.0,0.0,0.0,0.0,0.0,0.0,0.0,0.0,0.0,0.0,0.0,0.0,0.0,0.0,0.0,1.69038,569.093,1721.76,1018.56,0.0,0.0,0.0,1,569.093,0.0,0.0,0.0,0.0,0.0,0,0.0,0.0,0.0,0.0,0.0,0.0,0.0,0.0,0.0,0.0,0.0,0.0,0.0,0.0,0.0,0.0,0.0,0.0,0.0,0.0,0.0,0.0,0.0,0.0,0.0,586.889,0.17756,0.105041,0.0,0.0,0.0,586.889,0.0,0.0,0.0,0.0,0.0,0.0,0.0,0.0,0.0,0.0,0.0,0.0,0.0,0.0,0.0,0.0,0.0,0.0,0.0,0.0,0.0,0.0,0.0,0.0,0.0,0.0,0.0,0.0,0.0,0.0,1191.89,0.3606,0.213325,0.0,0.0,0.0,1,50000,0.17756,0.0,0.3606,0.0,0.0827,0.5567,0.0332225969435215,0.0482056623620319,10.28467637203534,113.71225002291098,0.2219054352159468,0.1626456123280643,1.2990743859477758,-0.2580970430941098,56.0
MVY,-5.1342716,0.35614166,2.9638965,9.247957,5.92158,-5.916339,10.340423,-1.1068157,5.487831,-6.2904897,2.4691093,-1.2661406,14.176828,15.050528,-17.20545,-7.0192184,7.0227866,1.7819701,-13.259734,-1.961551,-1.562092,2.7288046,4.3487573,-2.892444,-4.1605697,7.416414,-0.48259252,7.0195775,1.9940306,6.6552453,-2.3489482,-4.6979456,9.778844,-4.5268025,1.8995428,-6.5741262,6.185505,3.3615468,-2.5158198,-16.547132,-1.7867548,-1.3523808,-2.3697398,3.0775476,-1.2198213,1.2481842,-1.6210265,2.370934,3.721281,1.8978022,-5.21089,-8.471038,1.3063084,3.971702,6.0032525,7.211337,-7.618484,0.67237747,4.42687,9.226694,-5.5464582,-1.8909851,-2.929494,-4.939252,3.90988412441966,-0.9333679854979993,-0.015767135,-0.5018609,36,4.832008000000103,8.46820500000614,13.936076000010404,90.00013755246229,89.99999588868646,89.99997461047195,570.242410283557,2.8577,2.8577,0.85019,0.67877,3.36703,3.36703,3.34762,3.36699,3.36703,0.0631310462897678,2,1,1,0,0,0,0,3.36702,2.85558,3.36702,3.36707,2.85772,3.36707,0.0,0.0,0.0,0.0,0.0,0.0,0.0,0.0,0.0,0.0,0.0,0.0,2.09957,68.1581,1195.25,569.283,0.0,0.0,0.0,2,34.3681,33.79,0.0,0.0,0.0,0.0,0,0.0,0.0,0.0,0.0,0.0,0.0,0.0,0.0,0.0,0.0,0.0,0.0,0.0,0.0,0.0,0.0,0.0,0.0,0.0,0.0,0.0,0.0,0.0,0.0,0.0,22.1596,0.03886,0.0185086,0.0,0.0,0.0,11.3478,10.8118,0.0,0.0,0.0,0.0,0.0,0.0,0.0,0.0,0.0,0.0,0.0,0.0,0.0,0.0,0.0,0.0,0.0,0.0,0.0,0.0,0.0,0.0,0.0,0.0,0.0,0.0,0.0,0.0,0.0,121.519,0.2131,0.101497,0.0,0.0,0.0,1,50000,0.03886,0.0,0.2131,0.0,0.10568,0.68122,0.0332226137541528,0.1640734588248913,12.145085243605752,145.5059411949518,0.112938,0.1001642864179084,2.4454655550919684,3.980310244689073,12.0
PCR,-2.0267823,0.9028825,0.06467116,-0.21021432,-1.0499632,1.235718,-3.4385889,1.72952,3.659055,-1.7491053,0.25820017,1.6378968,0.7594249,0.2932982,-4.0922885,0.18489617,2.0858328,1.2260932,-5.270136,0.46841797,3.5722318,-3.8643656,1.6581744,0.22576837,-1.3145066,-0.1768172,0.9799224,-2.6302428,-0.3843077,2.6724064,0.8416688,-0.41265246,-1.9618969,1.542844,-0.12940319,1.5614731,-2.9628332,1.018793,-0.3841884,-0.33440876,0.47474205,1.0534418,2.2308655,0.37368783,-0.13067895,-3.1184409,1.2465266,1.1298829,-1.6923194,-1.2188169,2.4125478,1.9820466,-0.43643358,1.1445289,1.2887732,0.7917432,3.5513852,6.158527,0.97835743,1.9459761,-2.3220353,-2.7079098,-1.3048007,0.59334487,0.25119748181488644,-0.3834450537755433,1.5787828,-2.650745,180,19.94114462553005,13.848518000000324,12.295379427593318,90.00000003373991,115.11708746254466,90.00002271693266,3074.36957550608,3.42963,0.90264,2.73312,3.42963,5.08302,4.60184,5.08106,4.60182,4.60182,0.058548588768925,2,2,2,0,0,0,0,5.08107,3.4297,4.60205,5.08306,3.42969,4.6028,0.0,0.0,0.0,0.0,0.0,0.0,0.0,0.0,0.0,0.0,0.0,0.0,1.94717,416.91,1356.08,696.439,24.8742,80.9083,41.5518,2,214.12,202.79,0.0,0.0,0.0,0.0,2,12.4371,12.4371,0.0,0.0,0.0,0.0,0.0,0.0,0.0,0.0,0.0,0.0,0.0,0.0,0.0,0.0,0.0,0.0,0.0,0.0,0.0,0.0,0.0,0.0,0.0,231.746,0.07538,0.0387127,5.16494,0.00168,0.000862792,116.519,115.227,0.0,0.0,0.0,0.0,2.70545,2.4595,0.0,0.0,0.0,0.0,0.0,0.0,0.0,0.0,0.0,0.0,0.0,0.0,0.0,0.0,0.0,0.0,0.0,0.0,0.0,0.0,0.0,0.0,0.0,735.082,0.2391,0.122794,51.342,0.0167,0.00857657,1,50000,0.07538,0.00168,0.2391,0.0167,0.10316,0.64104,0.0332225837541528,0.0682861522369136,8.677251305959443,80.00520143574586,0.1594931162790697,0.1299541369057639,1.8637071907768223,1.525135923701865,60.0
JBW,-9.632262,-2.0403287,3.8297317,9.039175,17.635908,4.1260967,11.827479,3.6092653,1.7059342,-6.9567556,5.5225286,-9.015138,33.400753,23.245205,-22.436903,-9.592003,8.103595,9.612917,-18.405882,-0.014831334,12.408373,-3.1213026,2.997348,-0.09850322,-8.641754,11.021669,1.7312279,5.108865,8.581527,0.8356759,-14.956401,-5.8410945,13.356171,-11.678036,-0.8044819,-3.721039,4.2112994,4.40983,-5.2513633,-25.426409,0.23454505,1.5059502,-0.49151805,-2.4539168,-2.033452,-2.4435787,1.4027377,3.5644019,1.7232996,-7.7377033,1.8168539,-11.745625,-0.44537923,21.654804,17.561277,7.8117676,-0.9535048,8.723817,14.316341,9.282826,-0.061830133,-5.9047613,-9.114044,-8.068085,6.235912393120545,-1.4011954938176938,-0.779826,-0.06816837,18,5.051974490618396,7.476953897788591,7.838602124598747,89.98274861162527,89.98996979329371,91.88252192604408,295.9306761050866,2.77522,2.77522,1.16178,0.8193,3.36756,3.36756,3.36319,2.90749,3.36756,0.0608250561817663,1,1,0,0,0,0,0,3.36756,2.77522,3.36756,0.0,0.0,0.0,0.0,0.0,0.0,0.0,0.0,0.0,0.0,0.0,0.0,0.0,0.0,0.0,2.02288,34.7227,1173.34,580.035,0.0,0.0,0.0,1,34.7227,0.0,0.0,0.0,0.0,0.0,0,0.0,0.0,0.0,0.0,0.0,0.0,0.0,0.0,0.0,0.0,0.0,0.0,0.0,0.0,0.0,0.0,0.0,0.0,0.0,0.0,0.0,0.0,0.0,0.0,0.0,9.96695,0.03368,0.0166496,0.0,0.0,0.0,9.96695,0.0,0.0,0.0,0.0,0.0,0.0,0.0,0.0,0.0,0.0,0.0,0.0,0.0,0.0,0.0,0.0,0.0,0.0,0.0,0.0,0.0,0.0,0.0,0.0,0.0,0.0,0.0,0.0,0.0,0.0,61.3168,0.2072,0.102428,0.0,0.0,0.0,1,50000,0.03368,0.0,0.2072,0.0,0.12552,0.66728,0.0332225913621262,0.1650092162338177,12.145233178626532,145.50668896321065,0.1129568106312292,0.1001975695632494,2.445461510725661,3.980282000440626,6.0
MWW,0.7829016,-0.099437274,1.4483833,-3.501271,4.507196,-1.9142921,-4.856536,-2.0345838,-4.2962804,-0.48235843,-0.17155232,2.931814,-5.431153,0.26501718,-0.3295991,4.2138376,-5.2590427,-2.5608046,4.668024,-0.21341148,-0.52921873,-3.453373,4.7021174,-0.43067074,0.25335282,-3.344302,4.4945917,-6.69392,-3.195251,2.1115212,-0.5015088,0.3603553,-0.45040828,1.6223984,2.0622776,8.159602,-5.9632945,-0.5230886,1.0510569,-3.3913574,0.050985694,0.18202078,0.02197048,-2.2942758,-1.1810548,-2.196709,-2.3525515,8.153704,0.041560993,-3.325553,-2.636149,13.213,0.86806667,0.69138557,3.8464756,-1.8239367,13.657798,-0.52557623,-0.007922113,-4.4868097,1.3960866,-2.4203367,2.9990015,-1.7718639,-0.7336996311677132,-0.29066682158893975,2.4809816,-2.3563557,216,14.167163000000883,14.1671573700302,24.930723000002608,90.00005022199997,89.99996773554156,119.99998933816153,4333.423763325055,4.10656,4.10656,4.10656,2.01769,9.07385,9.07385,9.07385,8.99575,9.07385,0.0498451136554118,2,3,2,0,0,0,0,9.07407,4.10639,9.07407,5.49334,3.96218,5.49334,0.0,0.0,0.0,0.0,0.0,0.0,0.0,0.0,0.0,0.0,0.0,0.0,1.65771,803.877,1855.06,1119.05,0.0,0.0,0.0,2,543.978,259.9,0.0,0.0,0.0,0.0,0,0.0,0.0,0.0,0.0,0.0,0.0,0.0,0.0,0.0,0.0,0.0,0.0,0.0,0.0,0.0,0.0,0.0,0.0,0.0,0.0,0.0,0.0,0.0,0.0,0.0,801.25,0.1849,0.111539,0.0,0.0,0.0,599.053,202.198,0.0,0.0,0.0,0.0,0.0,0.0,0.0,0.0,0.0,0.0,0.0,0.0,0.0,0.0,0.0,0.0,0.0,0.0,0.0,0.0,0.0,0.0,0.0,0.0,0.0,0.0,0.0,0.0,0.0,1684.84,0.3888,0.23454,0.0,0.0,0.0,1,50000,0.1849,0.0,0.3888,0.0,0.06826,0.54294,0.0332225555481727,0.0380392374004698,8.570712776985147,79.47647988401778,0.2527062558139536,0.1594848004311269,1.0725446692972855,-0.6554366384890722,72.0
IFY,-1.5419879,-0.9594539,-0.36971515,1.104773,3.698019,-0.093649566,2.8087273,-0.6172315,-1.6217204,-1.0661881,1.0132529,-0.9729985,2.9568787,2.3867807,0.14448382,-0.5385184,1.487636,0.77300966,-3.8386037,0.8965529,-2.7570074,-0.28973103,1.2469393,-0.485339,-2.009021,0.70740587,-0.9357042,-0.31770062,0.1373603,1.222775,-1.4980776,-1.5173117,-2.362664,-2.8702612,-0.55535483,2.0788288,-2.4943109,-1.4368637,-0.47162038,-0.58688956,1.5437815,1.7661173,-0.52915454,-1.3522587,-0.08050871,-0.7473587,0.48963785,2.0799384,1.2518116,-3.0826976,-0.8354528,-0.8534361,-0.0965212,2.98743,1.2370313,0.35971332,1.2684633,2.0068946,0.215134,-1.3820264,-1.3675787,-1.87013,-0.6188614,0.476326,0.2848929183267875,-0.6673114343704294,1.6023451,-2.8190272,144,15.250995000000032,15.250995,11.813448,90.0,89.99999624314484,90.0,2747.7235208087886,3.36283,3.36283,3.36283,1.23632,6.41637,6.17855,6.40764,5.42369,6.17855,0.0524070194506373,1,2,0,0,0,0,0,6.41644,3.36291,6.41644,0.0,0.0,0.0,0.0,0.0,0.0,0.0,0.0,0.0,0.0,0.0,0.0,0.0,0.0,0.0,1.74291,445.353,1620.81,929.941,63.7114,231.87,133.036,1,445.353,0.0,0.0,0.0,0.0,0.0,2,32.0691,31.6422,0.0,0.0,0.0,0.0,0.0,0.0,0.0,0.0,0.0,0.0,0.0,0.0,0.0,0.0,0.0,0.0,0.0,0.0,0.0,0.0,0.0,0.0,0.0,345.004,0.12556,0.0720403,18.5746,0.00676,0.00387856,345.004,0.0,0.0,0.0,0.0,0.0,9.7819,8.79272,0.0,0.0,0.0,0.0,0.0,0.0,0.0,0.0,0.0,0.0,0.0,0.0,0.0,0.0,0.0,0.0,0.0,0.0,0.0,0.0,0.0,0.0,0.0,867.566,0.31574,0.181156,114.25,0.04158,0.0238566,1,50000,0.12556,0.00676,0.31574,0.04158,0.07058,0.5721,0.0332226182724252,0.0518745724367305,10.596485923320332,118.793140110282,0.2024360764119601,0.1518622742630227,1.441152397654974,0.1403721903429846,48.0
EON,-2.682022,-0.09905688,2.6630268,5.167636,4.078182,-1.1420419,0.0445161,-0.6279751,0.72260106,-7.591843,-2.0342839,0.3114632,5.116712,4.969939,-10.066117,6.437698,2.2567756,4.1229005,-5.6264544,-0.77400005,-4.045629,1.2081141,6.1100283,0.90425855,-2.0068917,-0.94543874,-1.4336379,-3.7298508,-1.1914715,6.9566035,1.1742067,-0.5487336,-3.829181,0.22497585,-0.13342245,2.2791414,-5.852885,-4.0142655,-2.5515618,-1.3293073,-0.81939214,3.5082607,-0.6365695,-6.6965103,-4.698922,-1.186378,-1.2437344,-2.5335515,2.5159478,-7.592017,4.170538,-0.6463759,-2.1003933,-4.487391,3.3863559,2.4992478,2.341244,-0.66373265,2.9955845,-2.3527458,-8.11126,-6.415165,-5.8210397,8.234897,0.6517776667879837,-0.855607529588462,2.6564422,-2.5169208,180,7.485561,17.976786,25.592057,90.0,90.0,90.0,3443.829141241029,6.28064,6.28064,2.61801,0.79331,7.0698,7.06572,5.53234,7.06572,7.06572,0.0522674013772746,1,2,0,0,0,0,0,7.06988,6.2805,7.06988,0.0,0.0,0.0,0.0,0.0,0.0,0.0,0.0,0.0,0.0,0.0,0.0,0.0,0.0,0.0,1.73827,638.842,1855.04,1067.17,0.0,0.0,0.0,1,638.842,0.0,0.0,0.0,0.0,0.0,0,0.0,0.0,0.0,0.0,0.0,0.0,0.0,0.0,0.0,0.0,0.0,0.0,0.0,0.0,0.0,0.0,0.0,0.0,0.0,0.0,0.0,0.0,0.0,0.0,0.0,476.213,0.13828,0.0795503,0.0,0.0,0.0,476.213,0.0,0.0,0.0,0.0,0.0,0.0,0.0,0.0,0.0,0.0,0.0,0.0,0.0,0.0,0.0,0.0,0.0,0.0,0.0,0.0,0.0,0.0,0.0,0.0,0.0,0.0,0.0,0.0,0.0,0.0,1252.11,0.36358,0.209162,0.0,0.0,0.0,1,50000,0.13828,0.0,0.36358,0.0,0.06654,0.56988,0.0332226011295681,0.0560652012824784,10.262224208764938,111.51641622135284,0.2113171063122923,0.1492558433605025,1.33781500356488,-0.1074478840993919,60.0
MTF,8.496795,-2.7380044,0.9451599,4.055208,4.5532393,-4.859658,4.258842,-1.91357,-2.6056395,-0.8282703,3.11824,3.8751097,8.865854,4.6145935,-3.8995326,4.936611,-3.7604961,1.2490867,-0.98952806,-1.9212422,-6.5749235,-0.5474534,6.2736597,0.84859985,-0.9410926,0.9143219,8.559818,0.11357576,-0.8534404,2.4305665,7.0276504,2.0666244,6.8383813,-0.85220313,1.3165007,2.933453,0.019050315,-0.35699564,2.2774138,-8.880094,-1.1386635,-0.5452301,-5.5806427,7.7616563,-1.4735581,4.357087,0.3753093,3.776368,1.6360263,3.6657376,-6.7425647,0.34076884,-2.590081,6.4842944,2.9908676,7.7140017,0.92072165,1.7061015,3.8523836,-7.0228524,1.5721687,3.380376,1.3099685,-5.5792556,1.0422002481441879,-1.1763396539188664,1.2307068,-1.7375665,132,9.303382643553848,30.40319900108952,7.185327485021542,90.00039539192632,89.98146132245004,89.99909448906556,2032.3884104357955,3.17647,0.96636,0.53381,3.17647,5.12254,5.10692,5.03656,5.10435,5.10435,0.0649482152733275,2,1,1,0,0,0,0,5.11207,3.17651,5.11207,5.12261,3.17544,5.12261,0.0,0.0,0.0,0.0,0.0,0.0,0.0,0.0,0.0,0.0,0.0,0.0,2.16,211.156,1038.96,480.998,0.0,0.0,0.0,2,104.332,106.824,0.0,0.0,0.0,0.0,0,0.0,0.0,0.0,0.0,0.0,0.0,0.0,0.0,0.0,0.0,0.0,0.0,0.0,0.0,0.0,0.0,0.0,0.0,0.0,0.0,0.0,0.0,0.0,0.0,0.0,133.934,0.0659,0.0305093,0.0,0.0,0.0,66.7843,67.1501,0.0,0.0,0.0,0.0,0.0,0.0,0.0,0.0,0.0,0.0,0.0,0.0,0.0,0.0,0.0,0.0,0.0,0.0,0.0,0.0,0.0,0.0,0.0,0.0,0.0,0.0,0.0,0.0,0.0,391.316,0.19254,0.0891389,0.0,0.0,0.0,1,50000,0.0659,0.0,0.19254,0.0,0.10558,0.70188,0.0332225624584717,0.1446356341615511,12.116659074470231,145.07417350378643,0.1719306910299003,0.1415857057476534,1.7323003277218705,1.002561645333265,44.0
ETL,3.7040308,-2.5291116,-2.3383696,-0.5689168,5.1039987,6.030696,-3.908451,0.87823427,-1.7479662,-2.3940144,9.544451,2.6679199,1.2917241,-3.3608747,-3.5038896,8.09456,0.23734036,5.8803763,4.7043324,0.8554219,5.887887,-2.9098747,8.091925,-0.9844455,-5.3588085,2.7681983,9.970867,-11.128337,0.08143786,0.048933014,1.105368,-2.7577727,0.14124209,-1.7456588,1.5400606,8.197634,-3.622913,-5.9596753,-1.9919508,-6.7054367,1.7495568,-3.9725113,3.9329455,-0.79482985,7.5348063,-1.9276636,-1.7306474,7.19232,-1.8972259,-0.25832608,-2.701965,7.043307,2.9822795,5.272856,7.3439865,-0.13230732,12.720179,0.7867016,-1.6339011,-5.415537,4.9741607,-6.821924,-5.206878,-2.4433496,-0.2227706073749547,2.1618645080010253,-0.55857193,-4.1041265,216,7.422950000000068,28.703531000000297,17.648051,89.99999800387697,90.0,89.99998429677345,3760.179788011046,2.64991,2.51393,0.74188,2.64991,5.51178,5.50352,5.50371,5.43003,5.43003,0.0574440617676564,2,2,2,0,0,0,0,5.5119,2.64984,5.5119,5.5119,2.64983,5.5119,0.0,0.0,0.0,0.0,0.0,0.0,0.0,0.0,0.0,0.0,0.0,0.0,1.91043,633.109,1683.72,881.329,0.0,0.0,0.0,2,317.414,315.695,0.0,0.0,0.0,0.0,0,0.0,0.0,0.0,0.0,0.0,0.0,0.0,0.0,0.0,0.0,0.0,0.0,0.0,0.0,0.0,0.0,0.0,0.0,0.0,0.0,0.0,0.0,0.0,0.0,0.0,275.772,0.07334,0.0383892,0.0,0.0,0.0,138.149,137.623,0.0,0.0,0.0,0.0,0.0,0.0,0.0,0.0,0.0,0.0,0.0,0.0,0.0,0.0,0.0,0.0,0.0,0.0,0.0,0.0,0.0,0.0,0.0,0.0,0.0,0.0,0.0,0.0,0.0,1067.44,0.28388,0.148595,0.0,0.0,0.0,1,50000,0.07334,0.0,0.28388,0.0,0.0893,0.62682,0.0332225937541528,0.0854707448045828,11.51241930559829,134.4852789685078,0.1698746112956811,0.1284006322148817,1.6741739221645138,0.891950232513762,72.0
GON,-2.5822186,-9.159624,0.46960616,3.7035294,0.29643512,-5.72657,13.52898,0.15916374,-3.0252461,2.4962146,4.1384983,-1.046615,-0.25553885,-5.0389156,4.0708065,-6.5820107,-4.5803366,0.9180678,5.9689527,1.0179863,-8.548908,1.4105146,9.850018,1.6634473,3.6422534,3.5222132,1.4846721,-5.446654,8.259831,1.3794738,0.10023181,1.3359863,4.195232,1.8845011,-7.229412,-10.340179,3.4046028,3.839182,0.72852385,-4.1089115,-1.6266735,-2.420582,-4.487056,-2.923853,-0.6921171,0.30836907,-0.16398503,-2.3241484,1.6602911,9.886018,-10.770559,-6.2717485,-3.6913092,1.3316507,-4.937971,1.117718,-7.948856,1.5342928,2.4025059,-2.1589644,-4.0900183,2.2977526,-4.2206,-5.454826,-0.9839020339499864,-1.1069137023582414,3.4103844,-3.39007,96,16.494387,19.944623,5.027264,90.0,90.0,90.0,1653.840807797652,4.88943,1.17039,1.17039,4.88943,5.6469,5.64569,5.64569,5.64569,5.64569,0.0580466992635397,2,1,1,0,0,0,0,5.64684,4.88946,5.64684,5.64684,4.88946,5.64684,0.0,0.0,0.0,0.0,0.0,0.0,0.0,0.0,0.0,0.0,0.0,0.0,1.93047,170.907,1033.39,535.305,11.6232,70.2799,36.4055,2,85.1794,85.7274,0.0,0.0,0.0,0.0,6,4.8266,0.724577,0.483051,4.26057,0.784958,0.543433,0.0,0.0,0.0,0.0,0.0,0.0,0.0,0.0,0.0,0.0,0.0,0.0,0.0,0.0,0.0,0.0,0.0,0.0,0.0,151.426,0.09156,0.0474287,1.12461,0.00068,0.000352245,76.4074,75.0182,0.0,0.0,0.0,0.0,0.496152,0.0,0.0,0.62846,0.0,0.0,0.0,0.0,0.0,0.0,0.0,0.0,0.0,0.0,0.0,0.0,0.0,0.0,0.0,0.0,0.0,0.0,0.0,0.0,0.0,354.484,0.21434,0.11103,25.3368,0.01532,0.00793587,1,50000,0.09156,0.00068,0.21434,0.01532,0.13718,0.63316,0.0332225697009966,0.1360201997128356,12.034115752844231,143.64666204410383,0.1883484318936877,0.1519364736677046,1.5875175940832946,0.5230393674839644,32.0
MON,-8.170515,3.1798618,0.083678246,2.2757692,6.244203,4.81856,6.58188,4.2663765,13.217408,-8.359394,3.0194662,-0.8342029,21.362045,21.810896,-11.92011,-5.3359933,6.1405983,3.7189486,-21.198107,-0.26095226,16.415897,-5.0863876,0.24721208,0.17144306,-4.53885,12.092029,3.5602076,6.2898526,-0.19828215,3.1607795,-7.8970923,-2.5429993,5.818938,-4.516719,-3.3369534,-3.4554236,-0.6136357,9.059601,-4.541799,-13.109774,0.7937954,0.5622255,0.5116483,3.1069732,-1.382632,-2.9189928,-0.39779514,1.1874396,1.1646272,-8.39183,1.5560564,-15.149793,0.5284939,12.083546,8.948154,8.842197,1.2281415,7.63508,9.507119,9.123379,-8.65046,0.30733845,-3.4822392,-5.3583946,5.903105014026052,-1.0662911874384478,-0.9765424,-0.5636052,48,7.031322000119537,7.031321000000071,17.077173000304732,89.99998514113088,89.99932368423056,89.9999999999525,844.286587735927,2.82014,2.82014,2.82014,2.82014,3.45838,3.45838,3.44895,3.45838,3.44895,0.0568527330615528,1,3,0,0,0,0,0,3.45833,2.82012,3.45833,0.0,0.0,0.0,0.0,0.0,0.0,0.0,0.0,0.0,0.0,0.0,0.0,0.0,0.0,0.0,1.89077,161.962,1918.33,1014.58,0.0,0.0,0.0,1,161.962,0.0,0.0,0.0,0.0,0.0,0,0.0,0.0,0.0,0.0,0.0,0.0,0.0,0.0,0.0,0.0,0.0,0.0,0.0,0.0,0.0,0.0,0.0,0.0,0.0,0.0,0.0,0.0,0.0,0.0,0.0,49.8467,0.05904,0.0312254,0.0,0.0,0.0,49.8467,0.0,0.0,0.0,0.0,0.0,0.0,0.0,0.0,0.0,0.0,0.0,0.0,0.0,0.0,0.0,0.0,0.0,0.0,0.0,0.0,0.0,0.0,0.0,0.0,0.0,0.0,0.0,0.0,0.0,0.0,271.236,0.32126,0.16991,0.0,0.0,0.0,1,50000,0.05904,0.0,0.32126,0.0,0.06062,0.61812,0.0332226063122923,0.1466343858851683,12.11379834398188,144.99008764390808,0.115458634551495,0.1013470648022118,2.3955918829733496,3.741862731473161,16.0
SBT,-12.576106,8.137322,-1.3614373,-5.66369,9.576141,0.026954114,4.552304,6.4453387,-4.801415,-5.9375606,-0.4433004,-12.440352,10.154473,0.89606106,-7.150578,-1.4785147,5.2069283,5.870602,3.4574583,0.31920102,-0.5895495,-2.6616898,6.666049,-1.7263964,0.47026938,-1.400911,3.326076,-5.2016187,3.4878497,-3.0525494,3.1955433,-2.5967064,2.3185856,0.2878842,4.341217,1.2832718,-9.1969795,-4.9170337,-1.7619556,8.271137,2.5269294,-4.866418,-12.194547,-16.767397,-4.914261,-6.127963,-3.531319,-6.9283395,1.5719744,-7.896745,1.3220856,2.1463356,2.8650548,1.6074903,1.5859319,-3.8725073,-5.4292006,-7.943078,3.8089013,-5.742581,0.061840802,-0.36403373,-13.33689,18.867678,-2.124783770676599,3.6029090512360895,2.6135767,-5.5938754,432,17.070804,17.070804063198196,41.039287,90.0,90.0,119.9999998775348,10357.105323814872,6.73102,6.73102,6.73101,5.22722,10.32632,10.31506,10.32626,10.32611,10.31506,0.0417104959825666,1,3,0,0,0,0,0,10.3262,6.73106,10.3262,0.0,0.0,0.0,0.0,0.0,0.0,0.0,0.0,0.0,0.0,0.0,0.0,0.0,0.0,0.0,1.38718,1865.44,1801.12,1298.4,90.9929,87.8555,63.334,1,1865.44,0.0,0.0,0.0,0.0,0.0,9,13.6624,2.33897,13.4682,14.1906,1.39865,15.0102,14.9766,1.67901,14.2683,0.0,0.0,0.0,0.0,0.0,0.0,0.0,0.0,0.0,0.0,0.0,0.0,0.0,0.0,0.0,0.0,2967.72,0.28654,0.206563,21.5428,0.00208,0.00149945,2967.72,0.0,0.0,0.0,0.0,0.0,3.72856,0.0,2.89999,3.9357,0.414284,2.27856,3.72856,0.0,4.55713,0.0,0.0,0.0,0.0,0.0,0.0,0.0,0.0,0.0,0.0,0.0,0.0,0.0,0.0,0.0,0.0,4860.59,0.4693,0.338313,159.707,0.01542,0.0111161,1,50000,0.28654,0.00208,0.4693,0.01542,0.06094,0.45434,0.0332226014385382,0.1318994299629529,12.101908282296938,144.83988383417702,0.3435072601328903,0.2231776143056929,0.6506222959885349,-1.5752275679387695,144.0
CZP,-7.2019978,-3.4397585,1.4204977,4.8497014,11.738047,3.8353508,7.7768683,5.327718,4.5540805,-5.7349095,8.227705,-7.589588,25.265442,17.559303,-10.856571,-3.5383012,3.6356416,6.1201944,-15.69473,2.086021,11.417622,-3.3989563,-1.5833248,-0.766708,-12.732194,9.941405,-0.10289186,4.424465,3.9980114,-3.4443376,-17.965849,-1.3403137,4.919978,-9.994854,0.050041005,0.66077924,1.2961591,4.762895,-0.008607432,-13.140353,5.2571387,0.26168597,3.0593326,-4.4904337,-0.16088924,-0.2443488,-4.298451,1.0848174,5.7735915,-11.62319,1.8826383,-5.070369,0.95720553,16.010752,20.85163,2.643234,3.8819315,9.794843,11.825373,-0.6243934,-3.642501,-8.55378,1.6758101,-7.8921666,5.047331817830874,-0.892717719136652,-0.77196455,-0.27191702,72,9.400455,9.400454025022036,15.240128,90.0,90.0,119.9999999119487,1166.3179274999304,3.23975,0.64983,0.64243,3.23975,3.75733,3.75733,3.75733,3.74067,3.74067,0.0617327388204828,1,1,0,0,0,0,0,3.75735,3.23716,3.75735,0.0,0.0,0.0,0.0,0.0,0.0,0.0,0.0,0.0,0.0,0.0,0.0,0.0,0.0,0.0,2.05306,182.07,1561.06,760.358,0.0,0.0,0.0,1,182.07,0.0,0.0,0.0,0.0,0.0,0,0.0,0.0,0.0,0.0,0.0,0.0,0.0,0.0,0.0,0.0,0.0,0.0,0.0,0.0,0.0,0.0,0.0,0.0,0.0,0.0,0.0,0.0,0.0,0.0,0.0,73.8046,0.06328,0.0308222,0.0,0.0,0.0,73.8046,0.0,0.0,0.0,0.0,0.0,0.0,0.0,0.0,0.0,0.0,0.0,0.0,0.0,0.0,0.0,0.0,0.0,0.0,0.0,0.0,0.0,0.0,0.0,0.0,0.0,0.0,0.0,0.0,0.0,0.0,314.113,0.26932,0.13118,0.0,0.0,0.0,1,50000,0.06328,0.0,0.26932,0.0,0.0707,0.65998,0.0332225933222591,0.1523257028265978,12.121911815269463,145.1533432399057,0.1259255913621262,0.109759405910016,2.2510965140116803,3.068236715965999,24.0
BOG,-0.32316238,-1.1340452,0.15375757,0.7365609,2.7856443,0.24585116,1.351695,1.288512,-3.4139488,-3.1223264,-0.015907787,-2.0287523,1.1980234,-1.4109508,-0.84052473,0.042189956,-1.0374511,-0.822875,0.29308257,-0.76224244,2.5472233,-2.362706,1.1778283,0.16740577,0.88312525,-0.45159945,1.0825794,-1.2127459,2.0770683,0.24252273,1.547757,-0.9261444,1.7760584,0.15562049,-1.59623,1.2818763,-0.8957407,0.7636701,0.037319496,0.62250155,-1.6234834,0.04001987,-0.7589766,-3.9159825,-1.3072317,1.4027059,-2.1417367,0.2744417,3.2361188,-0.062758386,-0.18407208,2.728476,0.37370935,1.27419,2.9117377,-2.0486898,1.825088,-0.7533409,5.328675,-4.901768,-1.6603355,1.4279158,-1.3009262,2.0966995,-0.5362943494721029,-0.42514268643193864,1.7072427,-3.1271522,288,19.980359,23.55146300000002,12.59843900000004,89.99999301936182,90.0,90.0,5928.405685415313,6.43807,6.43807,4.56054,4.49899,7.81387,7.81341,6.96679,7.81341,7.81341,0.0485796713791904,1,3,0,0,0,0,0,7.81389,6.43824,7.81344,0.0,0.0,0.0,0.0,0.0,0.0,0.0,0.0,0.0,0.0,0.0,0.0,0.0,0.0,0.0,1.61563,1062.46,1792.15,1109.26,0.0,0.0,0.0,1,1062.46,0.0,0.0,0.0,0.0,0.0,0,0.0,0.0,0.0,0.0,0.0,0.0,0.0,0.0,0.0,0.0,0.0,0.0,0.0,0.0,0.0,0.0,0.0,0.0,0.0,0.0,0.0,0.0,0.0,0.0,0.0,1199.55,0.20234,0.125239,0.0,0.0,0.0,1199.55,0.0,0.0,0.0,0.0,0.0,0.0,0.0,0.0,0.0,0.0,0.0,0.0,0.0,0.0,0.0,0.0,0.0,0.0,0.0,0.0,0.0,0.0,0.0,0.0,0.0,0.0,0.0,0.0,0.0,0.0,2332.95,0.39352,0.243571,0.0,0.0,0.0,1,50000,0.20234,0.0,0.39352,0.0,0.07866,0.52782,0.0332226270764119,0.0481738924484671,8.649608841512016,79.02646351503554,0.2505460132890366,0.1793114121385367,1.1180917489115356,-0.7221944715063842,96.0
PWW,-2.382832,2.304179,1.439657,2.461391,2.1000035,7.0229635,-3.818964,3.5308635,6.5453396,-6.6737127,3.9115446,-0.07411817,5.810975,8.328545,-6.5161633,5.0933695,4.9423685,3.4667795,-6.3732567,-0.13569674,11.136431,-9.363647,9.294292,0.48134816,-0.08947714,7.2083206,7.621634,-7.047632,2.7462106,-0.009679869,7.3297644,-3.045913,-3.02542,0.6248696,2.3289046,3.5119305,-7.624685,0.9005369,-3.3676193,-3.6262536,0.289658,2.2178628,9.727704,5.780313,1.1130707,-7.315856,1.3492464,2.9991357,-1.0885317,-4.608832,1.4426663,0.26178274,1.4743133,3.9973505,6.3921294,5.027027,5.466728,8.981206,1.9822747,-1.8471051,1.927974,-3.4656434,-2.5679047,-1.3895953,1.6763412266486617,0.6062810343466447,1.3760757,-0.9072069,120,20.33766061114656,11.652196000000217,10.901991183237351,90.00002038716858,118.30099681127416,89.99999675554315,2274.7240800825625,4.14596,0.91076,2.27198,4.14596,4.56523,4.56523,4.56112,4.51428,4.51428,0.0527536508936259,2,2,2,0,0,0,0,4.56526,4.14446,4.56526,4.56513,4.14447,4.56513,0.0,0.0,0.0,0.0,0.0,0.0,0.0,0.0,0.0,0.0,0.0,0.0,1.75444,472.135,2075.57,1183.04,0.0,0.0,0.0,2,233.478,238.657,0.0,0.0,0.0,0.0,0,0.0,0.0,0.0,0.0,0.0,0.0,0.0,0.0,0.0,0.0,0.0,0.0,0.0,0.0,0.0,0.0,0.0,0.0,0.0,0.0,0.0,0.0,0.0,0.0,0.0,283.522,0.12464,0.0710425,0.0,0.0,0.0,139.577,143.945,0.0,0.0,0.0,0.0,0.0,0.0,0.0,0.0,0.0,0.0,0.0,0.0,0.0,0.0,0.0,0.0,0.0,0.0,0.0,0.0,0.0,0.0,0.0,0.0,0.0,0.0,0.0,0.0,0.0,824.042,0.36226,0.206482,0.0,0.0,0.0,1,50000,0.12464,0.0,0.36226,0.0,0.05996,0.57778,0.0332225963488372,0.0881792102696952,11.021127148772766,125.38790852169588,0.1488145016611295,0.1235893243621454,1.9535570747811668,1.8478783249988944,40.0
AWO,-11.408092,-1.6540883,-0.26006722,3.2393801,-6.519772,0.56015617,2.9612782,6.201528,5.397736,-2.833675,0.36205593,-6.347259,2.415508,4.7674847,-12.454384,-4.2537804,2.7737186,-1.8711873,-3.3522973,-0.043758363,1.1319124,-0.20673525,4.2726536,-0.8240331,-1.874444,1.6481436,-0.92944306,0.18803085,7.481442,-3.2469478,4.2155714,-5.88094,-3.266754,4.3214874,0.044596538,-5.2832136,1.3602959,2.8893383,2.0025067,-6.872111,2.4462821,-3.574072,4.8649445,-3.5410311,2.7538648,-5.5458326,0.37693036,-5.7101536,4.239262,1.0341982,-7.5557876,7.283135,5.035341,-3.049718,5.9437475,-3.8784604,-2.3455486,7.3912745,2.5786905,-1.4639847,-6.5357604,-1.7066725,0.7084028,1.4606401,-0.7336037844010681,0.6064776545497429,2.0475345,-1.4624373,144,9.17592100000921,14.76385400001497,18.980008000000108,90.00000991830196,89.99999999999145,90.00016267098825,2571.25884584242,3.17828,3.17828,2.2732,1.41728,4.41741,4.39771,4.30496,4.35221,4.39771,0.0560036964900829,2,2,2,0,0,0,0,4.40076,3.17404,4.39774,4.41749,3.17512,4.41749,0.0,0.0,0.0,0.0,0.0,0.0,0.0,0.0,0.0,0.0,0.0,0.0,1.86253,472.133,1836.2,985.861,0.0,0.0,0.0,2,236.697,235.436,0.0,0.0,0.0,0.0,0,0.0,0.0,0.0,0.0,0.0,0.0,0.0,0.0,0.0,0.0,0.0,0.0,0.0,0.0,0.0,0.0,0.0,0.0,0.0,0.0,0.0,0.0,0.0,0.0,0.0,181.479,0.07058,0.0378947,0.0,0.0,0.0,92.9767,88.5027,0.0,0.0,0.0,0.0,0.0,0.0,0.0,0.0,0.0,0.0,0.0,0.0,0.0,0.0,0.0,0.0,0.0,0.0,0.0,0.0,0.0,0.0,0.0,0.0,0.0,0.0,0.0,0.0,0.0,750.808,0.292,0.156776,0.0,0.0,0.0,1,50000,0.07058,0.0,0.292,0.0,0.09438,0.61362,0.0332225881395348,0.1088875367431,11.815013916739908,143.38316744821768,0.1447315049833887,0.1211272575596855,2.001519433557509,2.019296657199264,48.0
SSF,-1.4393523,-4.073186,1.748421,0.012217969,-2.1670947,1.5272596,-3.81282,-0.36717436,-0.1989102,3.3248925,-0.93261427,0.3116475,0.7639569,0.07415742,0.0036839452,1.6547079,-0.7506684,0.2734328,0.7951919,0.5323937,-0.24358901,-1.63813,1.5844637,1.0953546,-1.3150834,0.5846787,-0.40731353,-2.8147588,2.3997107,-0.6866718,-0.293082,-0.88375837,-2.1525118,-0.9421271,0.46923977,-0.79549,-0.013912216,2.2177796,-0.054880083,-3.6145473,-0.069894105,1.564069,2.2964745,-1.2575474,-0.79255295,-3.1570075,0.84122074,-0.1784493,0.018804565,-0.36486086,0.9868094,2.4308636,0.22877535,1.7015088,2.490737,2.6131089,0.40149805,4.238163,0.170551,-1.832605,-1.1478018,-1.7823154,0.80746454,-0.12358558,-0.6169291558011973,-1.1180061233168468,1.9252132,-2.7968335,162,16.941674000000294,16.941673076267616,12.549985000000358,90.0000102300531,89.99997615795169,119.99999842170536,3119.510579393411,5.47689,5.47375,5.47689,2.00625,6.94116,6.83944,6.93122,3.56704,6.93122,0.0519312231444654,2,1,2,0,0,0,0,3.56779,2.00634,3.56779,6.94119,5.47682,6.94119,0.0,0.0,0.0,0.0,0.0,0.0,0.0,0.0,0.0,0.0,0.0,0.0,1.72709,459.444,1472.81,852.768,4.80367,15.3988,8.91603,2,32.8495,426.594,0.0,0.0,0.0,0.0,2,2.49188,2.31179,0.0,0.0,0.0,0.0,0.0,0.0,0.0,0.0,0.0,0.0,0.0,0.0,0.0,0.0,0.0,0.0,0.0,0.0,0.0,0.0,0.0,0.0,0.0,505.049,0.1619,0.0937415,0.436731,0.00014,8.10612e-05,6.05185,498.997,0.0,0.0,0.0,0.0,0.0,0.436731,0.0,0.0,0.0,0.0,0.0,0.0,0.0,0.0,0.0,0.0,0.0,0.0,0.0,0.0,0.0,0.0,0.0,0.0,0.0,0.0,0.0,0.0,0.0,1020.83,0.32724,0.189475,9.60809,0.00308,0.00178335,1,50000,0.1619,0.00014,0.32724,0.00308,0.104,0.56568,0.0332226150166112,0.0624390591877176,10.126846914446055,109.98104107410845,0.2254260299003321,0.1692822771623214,1.291921984674141,-0.3073861976133458,54.0
RWR,-17.377592,9.307833,7.7285357,9.81167,0.24624908,-2.8135889,15.845874,-7.7610745,-9.256919,-8.590737,-7.813084,-8.624961,-0.024125546,20.994986,0.19795147,-3.0248823,12.766538,-2.8745122,-24.603798,-1.9935999,-8.559046,-5.545269,0.47827998,-0.47109354,-1.9562175,2.153058,-5.849434,6.9549212,6.6269546,-3.7070987,6.4311156,-0.85139894,-6.4840217,-3.1107461,-7.0309854,-20.905567,5.654211,7.6686144,0.58152795,-11.158307,-1.2665555,1.0365231,8.058318,-8.290061,-9.040249,-5.1670876,4.6316166,1.6405381,0.3121258,-12.184546,-9.96664,6.9536843,-0.2966796,-2.1462994,5.9584203,-2.1279387,-16.897186,6.8739104,1.6368262,-1.5532023,-14.6884365,-9.251463,1.3696938,7.4462485,1.0325625460075534,-2.754073698518102,3.4231687,0.7370865,96,7.676448,7.676427000182963,26.89747000065004,90.00079392358145,90.0,90.0,1585.0058462572722,2.72277,2.72277,2.72271,0.85052,3.92306,3.90891,3.91403,3.92167,3.90891,0.0605675999408381,4,1,1,1,1,0,0,3.91865,2.72284,3.91865,3.92302,2.72277,3.92302,3.92322,2.72265,3.92322,3.92155,2.72221,3.92155,0.0,0.0,0.0,0.0,0.0,0.0,2.01431,224.89,1418.86,704.39,0.0,0.0,0.0,4,59.0173,53.4962,57.0851,55.2917,0.0,0.0,0,0.0,0.0,0.0,0.0,0.0,0.0,0.0,0.0,0.0,0.0,0.0,0.0,0.0,0.0,0.0,0.0,0.0,0.0,0.0,0.0,0.0,0.0,0.0,0.0,0.0,83.3396,0.05258,0.0261032,0.0,0.0,0.0,22.412,19.9711,19.5907,21.3659,0.0,0.0,0.0,0.0,0.0,0.0,0.0,0.0,0.0,0.0,0.0,0.0,0.0,0.0,0.0,0.0,0.0,0.0,0.0,0.0,0.0,0.0,0.0,0.0,0.0,0.0,0.0,403.479,0.25456,0.126376,0.0,0.0,0.0,1,50000,0.05258,0.0,0.25456,0.0,0.08622,0.65922,0.0332225959136212,0.080426265632902,8.499918486902123,70.2618180508303,0.129394976744186,0.1108722075967199,2.206933562153567,2.903780899470568,32.0
KFI,-11.78267,1.3825448,0.91666496,-1.2409693,1.0215535,5.1268716,7.5012364,12.6392,-8.525885,-13.893752,1.9526193,-16.324938,4.7948456,-5.9441485,-13.992261,4.6528645,-3.8730347,2.1718254,4.1018786,-1.3333678,6.253024,-3.6948423,9.86073,0.30580968,4.2146745,-5.5085936,2.5267975,-15.510503,8.9995,-2.5584848,8.297036,-5.9025555,-6.4659996,6.9975834,-8.728033,4.6817274,-11.4699,-2.2026148,-0.8874235,2.401608,-6.01986,-0.06600267,-5.5464053,-18.305721,-5.645867,-2.412614,-6.093637,-15.17799,3.0867877,-6.12065,1.703672,10.053192,3.3215458,-4.800284,7.27217,-8.153355,7.3008776,-4.473579,15.850641,-10.168137,-7.0564,5.628386,-7.8030562,12.024097,-2.7083677403909814,1.4134101531527574,3.46997,-5.7591624,288,18.377526,18.377526,18.377526,90.0,90.0,90.0,6206.705476782132,3.50124,3.50114,3.50114,3.50124,10.00358,10.00357,9.98768,9.98768,9.98768,0.0464014284353176,1,3,0,0,0,0,0,10.0035,3.50131,10.0035,0.0,0.0,0.0,0.0,0.0,0.0,0.0,0.0,0.0,0.0,0.0,0.0,0.0,0.0,0.0,1.54318,1378.85,2221.55,1439.59,18.9272,30.4948,19.7609,1,1378.85,0.0,0.0,0.0,0.0,0.0,8,2.34957,1.887,2.26765,2.85098,3.05155,2.24399,1.82874,2.44773,0.0,0.0,0.0,0.0,0.0,0.0,0.0,0.0,0.0,0.0,0.0,0.0,0.0,0.0,0.0,0.0,0.0,1176.17,0.1895,0.122798,2.11028,0.00034,0.000220324,1176.17,0.0,0.0,0.0,0.0,0.0,0.248268,0.124134,0.248268,0.620671,0.0,0.248268,0.496536,0.124134,0.0,0.0,0.0,0.0,0.0,0.0,0.0,0.0,0.0,0.0,0.0,0.0,0.0,0.0,0.0,0.0,0.0,2687.63,0.43302,0.280601,47.2951,0.00762,0.00493784,1,50000,0.1895,0.00034,0.43302,0.00762,0.05452,0.50484,0.0332226036877076,0.0707771947664533,9.354524142475,89.92167822847264,0.2788204759368768,0.1663538794147571,0.9104836421772392,-0.9579516658749944,96.0
BOZ,-9.171078,8.019513,-4.3784666,-2.9448254,-3.5987468,-4.2625847,-1.2335352,2.001717,-0.8657403,1.6451538,5.8963604,-6.776093,3.0696976,1.1016018,1.9145344,0.6519616,10.205136,2.2795887,-0.5881232,0.33030975,-3.6541984,-1.0596348,-0.59885645,2.3424256,-1.7028497,-1.3374001,1.0944963,2.6864333,-0.3975118,1.3094113,1.9241697,-1.9726678,3.678218,-2.1600702,8.670899,1.2509291,-0.906406,0.57129365,2.3506708,5.680911,4.014943,-2.3614547,-0.7956803,-4.7056117,0.74632025,0.38103786,-1.9441499,-3.3405023,-2.211738,-1.6454479,-0.37949347,1.0089989,-2.6617143,2.4002936,1.9521161,-3.846145,-8.00535,-5.7261887,-3.2437227,-2.599807,3.6941063,-0.9957323,-1.9898124,2.0273151,-2.493405414934733,1.6913321374541048,1.7909205,-4.7287107,276,14.232252,36.217975,14.094518,90.0,90.0,90.0,7265.207424459806,4.69254,4.69254,3.12115,4.69254,8.53302,8.53302,8.52947,7.22682,7.22682,0.0379892801230684,1,3,0,0,0,0,0,8.53298,4.69248,8.53298,0.0,0.0,0.0,0.0,0.0,0.0,0.0,0.0,0.0,0.0,0.0,0.0,0.0,0.0,0.0,1.26342,1962.66,2701.45,2138.21,0.0,0.0,0.0,1,1962.66,0.0,0.0,0.0,0.0,0.0,0,0.0,0.0,0.0,0.0,0.0,0.0,0.0,0.0,0.0,0.0,0.0,0.0,0.0,0.0,0.0,0.0,0.0,0.0,0.0,0.0,0.0,0.0,0.0,0.0,0.0,1955.36,0.26914,0.213025,0.0,0.0,0.0,1955.36,0.0,0.0,0.0,0.0,0.0,0.0,0.0,0.0,0.0,0.0,0.0,0.0,0.0,0.0,0.0,0.0,0.0,0.0,0.0,0.0,0.0,0.0,0.0,0.0,0.0,0.0,0.0,0.0,0.0,0.0,3993.1,0.54962,0.435026,0.0,0.0,0.0,1,50000,0.26914,0.0,0.54962,0.0,0.0336,0.41678,0.0332226055016611,0.0624677054249437,9.859372638903526,102.24783121720678,0.2598914121262458,0.1743359987751136,1.036809833786829,-0.8391318129812246,92.0
AEN,-9.055773,1.5086346,-2.802525,-3.004101,-4.776511,2.1672738,3.2826507,9.649219,8.38044,1.9865261,2.630367,-7.2130623,9.303573,5.9909616,-10.313634,-3.3061051,0.5848218,2.72452,-7.233588,1.14594,3.9922276,1.3220546,-1.0321856,0.43499243,-1.1008601,4.1027613,3.9965334,1.9966403,0.7887548,-3.9327295,0.6986534,-3.498969,-3.0245793,3.6359413,2.2585864,0.28948212,-2.8390236,1.8743509,-0.6299426,1.2250013,1.5444503,-2.2427552,1.3228266,0.45345706,1.4186566,-3.6606429,1.5425094,-7.849287,-4.7971897,-0.52063334,-4.448084,0.70753,1.3628337,1.5663953,-0.29557678,-3.6922393,0.55539405,8.768539,0.8606571,0.91440755,-2.738748,0.7096256,-4.5168424,1.7059938,-0.7735788260712011,1.0056488725040118,1.6416576,-1.8142081,144,17.793886,13.690063,9.524709,90.0,90.0,90.0,2320.2135914483183,2.98823,0.53344,2.72311,2.98823,3.72512,3.72512,3.72512,3.65934,3.65934,0.0620632516466351,2,2,2,0,0,0,0,3.72533,2.98831,3.6672,3.72532,2.98833,3.66568,0.0,0.0,0.0,0.0,0.0,0.0,0.0,0.0,0.0,0.0,0.0,0.0,2.06405,311.998,1344.7,651.483,0.0,0.0,0.0,2,153.426,158.572,0.0,0.0,0.0,0.0,0,0.0,0.0,0.0,0.0,0.0,0.0,0.0,0.0,0.0,0.0,0.0,0.0,0.0,0.0,0.0,0.0,0.0,0.0,0.0,0.0,0.0,0.0,0.0,0.0,0.0,106.08,0.04572,0.0221506,0.0,0.0,0.0,53.2721,52.8081,0.0,0.0,0.0,0.0,0.0,0.0,0.0,0.0,0.0,0.0,0.0,0.0,0.0,0.0,0.0,0.0,0.0,0.0,0.0,0.0,0.0,0.0,0.0,0.0,0.0,0.0,0.0,0.0,0.0,523.162,0.22548,0.109241,0.0,0.0,0.0,1,50000,0.04572,0.0,0.22548,0.0,0.09678,0.67774,0.033222588372093,0.0795966358270229,9.62552248521722,98.14217116745412,0.1224585282392026,0.1055439345649456,2.2975892604816703,3.3105928061159275,48.0
BIK,0.65164036,-1.6970439,2.591298,5.2177563,8.247017,-6.452185,10.414575,0.1133329,5.3007565,-4.964603,6.1075735,-2.4594574,19.524683,12.729217,-13.5220995,-5.6582007,1.8418564,0.35239905,-13.908541,-0.719522,1.1008569,2.6375134,3.9188337,-1.7049112,-6.133642,6.451326,7.217307,8.085325,2.0287654,5.1510367,0.7090133,0.11302307,15.866695,-3.5517964,0.2740854,-2.6664996,5.712297,3.454906,0.53545725,-14.865506,-1.6646364,-0.23018101,-7.708148,5.0446153,-1.0235417,2.366702,0.44961393,3.886065,2.1825342,6.124774,-6.917692,-7.998562,-1.1225691,10.970245,5.18225,8.785879,-3.6540818,2.294899,7.3314734,6.207193,-1.6191208,1.3399464,-2.339891,-9.365494,4.149554266203623,-1.0600671624201277,0.036727432,-0.5428623,36,7.4655600001742,15.570289000381528,4.977752,90.0,90.0,90.00079250845967,578.6185055682649,2.75585,1.19052,0.73795,2.75585,3.34739,3.34302,3.34333,3.29464,3.29464,0.0622171597582143,2,1,1,0,0,0,0,3.34732,2.7558,3.34732,3.34731,2.75578,3.34731,0.0,0.0,0.0,0.0,0.0,0.0,0.0,0.0,0.0,0.0,0.0,0.0,2.06917,64.4114,1113.19,537.989,0.0,0.0,0.0,2,33.4765,30.9349,0.0,0.0,0.0,0.0,0,0.0,0.0,0.0,0.0,0.0,0.0,0.0,0.0,0.0,0.0,0.0,0.0,0.0,0.0,0.0,0.0,0.0,0.0,0.0,0.0,0.0,0.0,0.0,0.0,0.0,18.6431,0.03222,0.0155714,0.0,0.0,0.0,9.45463,9.18846,0.0,0.0,0.0,0.0,0.0,0.0,0.0,0.0,0.0,0.0,0.0,0.0,0.0,0.0,0.0,0.0,0.0,0.0,0.0,0.0,0.0,0.0,0.0,0.0,0.0,0.0,0.0,0.0,0.0,115.053,0.19884,0.0960964,0.0,0.0,0.0,1,50000,0.03222,0.0,0.19884,0.0,0.1234,0.67776,0.0332225913621262,0.1650092162338177,12.145233178626532,145.50668896321065,0.1129568106312292,0.1001975695632494,2.445461510725661,3.980282000440626,12.0
JSW,-15.181632,-2.907275,13.331342,4.8365664,-0.83625054,3.5436862,3.0099378,-2.4491103,-6.516917,-0.8841208,-3.3852358,-15.441619,-3.046543,15.641802,5.2342105,5.8099694,12.745744,-5.5332723,-5.3946457,-3.651356,4.2385244,-2.1670694,5.949921,-0.021784056,-0.13058145,-4.4080935,-8.510889,-1.3114399,10.9423065,-16.49663,5.516824,-9.128666,-19.244915,-6.269596,-12.606124,-11.556826,-1.157509,-0.37780297,-2.5805285,-5.636412,-0.110230505,5.8026137,6.4198046,-4.250035,-2.4233046,-9.245608,6.4265113,-5.780643,-7.0566587,-11.849019,-10.095583,2.5939603,-0.49915263,-0.3209207,11.21452,-6.7133975,-10.141357,13.5602865,-1.8174038,-8.252847,-10.111551,-3.2782161,7.0288243,7.5455384,-2.05374824298468,-2.058799949380692,3.8925767,-0.0692599,144,15.802337000000032,9.719553000000053,16.74943900000006,90.00000931565674,90.000007046537,89.99999999999962,2572.5740060055014,2.1734,1.589,2.1734,1.25943,4.68262,4.6825,4.68255,4.67775,4.68255,0.0559750660870558,4,1,1,1,1,0,0,4.68261,2.17335,4.68261,4.68261,2.17095,4.68261,4.68261,2.17196,4.68261,4.68261,2.1698,4.68261,0.0,0.0,0.0,0.0,0.0,0.0,1.86158,412.885,1604.95,862.144,0.0,0.0,0.0,4,103.017,105.565,104.161,100.141,0.0,0.0,0,0.0,0.0,0.0,0.0,0.0,0.0,0.0,0.0,0.0,0.0,0.0,0.0,0.0,0.0,0.0,0.0,0.0,0.0,0.0,0.0,0.0,0.0,0.0,0.0,0.0,206.372,0.08022,0.0430925,0.0,0.0,0.0,54.1784,50.6797,51.2457,50.2681,0.0,0.0,0.0,0.0,0.0,0.0,0.0,0.0,0.0,0.0,0.0,0.0,0.0,0.0,0.0,0.0,0.0,0.0,0.0,0.0,0.0,0.0,0.0,0.0,0.0,0.0,0.0,727.421,0.28276,0.151893,0.0,0.0,0.0,1,50000,0.08022,0.0,0.28276,0.0,0.11102,0.60622,0.0332225823255813,0.1417967283455614,12.108002545797866,144.91797564479825,0.1546030830564783,0.12924118167874,1.896649207258448,1.6008945887366623,48.0
FER,1.8729119,2.8778226,1.1376398,1.3195324,0.20687121,-0.38676733,-11.261197,-0.87198436,8.444824,-9.210222,1.2632865,6.1396923,0.60624385,2.8490896,-1.9555804,1.952163,4.7040725,1.7440771,-12.804975,0.34981412,8.174599,-11.993042,5.2644424,0.53618467,-5.035112,-0.68977964,1.8263555,-3.647521,-0.79488045,5.7826056,3.6063182,0.32582596,-1.8903666,-0.862391,0.5601076,3.9301968,-7.214171,1.1389343,-0.70664334,0.12287128,1.9669919,4.013164,3.9410641,3.4529126,-0.35909587,-5.166034,2.752649,5.6849923,-1.213292,-1.1607612,5.4072227,0.056791574,-4.4939113,4.0453463,0.6683823,4.2123775,5.2883024,11.590758,2.2751083,1.5808382,-3.1289914,-6.55394,0.28154945,-0.6607343,2.055159541248005,-0.4774466148159835,0.71983224,-1.8979489,108,18.578981997072443,13.979958942074935,7.38146037077962,90.02276013858099,89.46859258892842,89.79831001479953,1917.117323822924,4.06192,0.65278,2.79092,4.06192,5.06395,4.62478,5.06395,4.63523,4.63523,0.0563345803921051,2,2,2,0,0,0,0,5.06393,4.06185,4.63514,5.05216,4.0223,4.58412,0.0,0.0,0.0,0.0,0.0,0.0,0.0,0.0,0.0,0.0,0.0,0.0,1.87353,326.321,1702.14,908.519,0.0,0.0,0.0,2,166.887,159.433,0.0,0.0,0.0,0.0,0,0.0,0.0,0.0,0.0,0.0,0.0,0.0,0.0,0.0,0.0,0.0,0.0,0.0,0.0,0.0,0.0,0.0,0.0,0.0,0.0,0.0,0.0,0.0,0.0,0.0,189.373,0.09878,0.0527239,0.0,0.0,0.0,94.859,94.5139,0.0,0.0,0.0,0.0,0.0,0.0,0.0,0.0,0.0,0.0,0.0,0.0,0.0,0.0,0.0,0.0,0.0,0.0,0.0,0.0,0.0,0.0,0.0,0.0,0.0,0.0,0.0,0.0,0.0,591.201,0.30838,0.164598,0.0,0.0,0.0,1,50000,0.09878,0.0,0.30838,0.0,0.07768,0.61394,0.0332225583056478,0.0660676931279703,8.306810373110801,70.62508625316511,0.1605601627906976,0.1305928866168869,1.8480134845218263,1.468232797465686,36.0
RWY,-21.846058,11.390961,-1.1793234,-17.595922,0.2365551,3.2750041,-15.008498,-2.5394254,1.2217103,16.206045,15.951645,-26.108603,1.3357905,18.476017,-2.8259127,0.85736924,12.470853,0.32532585,-10.583741,-6.4304457,-5.767086,-9.392301,-1.0433873,-4.534395,1.7128351,-3.3043885,-5.830047,2.170311,-4.4506035,-7.9602485,7.7784195,-15.968539,4.8224173,5.608191,35.790493,-11.372534,-0.93233865,3.2114067,-2.1733425,5.794221,2.3411186,0.8201143,13.769558,-12.861268,9.464636,-9.142105,6.719561,9.958251,6.808445,-15.833467,11.248295,15.030381,-6.8055716,-1.4450884,9.960216,-7.120475,-17.130497,-6.966142,-26.455395,-16.809511,7.7217264,-2.3897638,-17.254654,20.692589,-8.543592574470116,5.477674921671614,2.3102312,-6.391098,144,18.473579004296408,18.473469003687235,18.473538005946345,90.00194773774955,90.0021586351973,90.00120336669579,6304.484425737279,6.30201,6.30201,6.30201,6.30201,15.03674,15.03661,15.03674,15.03674,15.03674,0.0228408844047798,1,3,0,0,0,0,0,15.0367,6.30212,15.0367,0.0,0.0,0.0,0.0,0.0,0.0,0.0,0.0,0.0,0.0,0.0,0.0,0.0,0.0,0.0,0.759626,1385.09,2196.98,2892.19,0.0,0.0,0.0,1,1385.09,0.0,0.0,0.0,0.0,0.0,0,0.0,0.0,0.0,0.0,0.0,0.0,0.0,0.0,0.0,0.0,0.0,0.0,0.0,0.0,0.0,0.0,0.0,0.0,0.0,0.0,0.0,0.0,0.0,0.0,0.0,3308.97,0.52486,0.690946,0.0,0.0,0.0,3308.97,0.0,0.0,0.0,0.0,0.0,0.0,0.0,0.0,0.0,0.0,0.0,0.0,0.0,0.0,0.0,0.0,0.0,0.0,0.0,0.0,0.0,0.0,0.0,0.0,0.0,0.0,0.0,0.0,0.0,0.0,4609.08,0.73108,0.962422,0.0,0.0,0.0,1,50000,0.52486,0.0,0.73108,0.0,0.01674,0.25218,0.0332225719933554,0.1461088358258641,12.126654673980678,145.20582385271885,0.5017169408637873,0.249343730493441,-0.0067238990630246,-1.9997083049763813,48.0
RTH,1.798053,-4.4385786,4.056941,-1.4095671,6.8505874,2.001555,-6.351645,-6.689755,-5.2423997,4.6039844,3.6513894,0.64035213,2.4413981,3.16241,-9.311781,4.3016143,-1.6171676,3.857653,1.0122973,-0.5242945,-5.791091,-8.654524,6.8475213,-1.0152982,1.6854389,4.041145,3.6963603,-10.310477,-3.1576679,1.6977731,-0.8447581,-5.2447615,-3.7890732,1.3990276,4.389661,2.7418025,-0.60149646,8.401835,-1.0604639,-6.9279885,-6.4490566,0.31314057,10.532837,0.29701903,0.2692366,-1.453457,-1.7040926,8.282146,-6.120192,-9.42283,4.5629473,9.954684,-2.2718732,5.6122203,-0.627805,4.3910055,14.6872425,-3.3678927,-0.8598021,-7.2325206,3.351206,-2.9343798,-1.9774125,7.7006507,-1.1123301964486811,-0.9280098482529607,3.0116558,-1.978571,96,9.706886681144011,20.544592000003167,9.832209539715729,89.99995154396706,96.54756382721654,89.99996582516594,1947.989710441681,3.51923,3.51923,1.15733,2.33142,7.48639,7.48639,7.44975,7.44975,7.48639,0.0492815744792785,2,2,2,0,0,0,0,7.48637,3.51916,7.48637,7.48637,3.51918,7.48637,0.0,0.0,0.0,0.0,0.0,0.0,0.0,0.0,0.0,0.0,0.0,0.0,1.63897,369.531,1896.99,1157.43,0.0,0.0,0.0,2,184.56,184.971,0.0,0.0,0.0,0.0,0,0.0,0.0,0.0,0.0,0.0,0.0,0.0,0.0,0.0,0.0,0.0,0.0,0.0,0.0,0.0,0.0,0.0,0.0,0.0,0.0,0.0,0.0,0.0,0.0,0.0,336.223,0.1726,0.10531,0.0,0.0,0.0,167.488,168.735,0.0,0.0,0.0,0.0,0.0,0.0,0.0,0.0,0.0,0.0,0.0,0.0,0.0,0.0,0.0,0.0,0.0,0.0,0.0,0.0,0.0,0.0,0.0,0.0,0.0,0.0,0.0,0.0,0.0,771.794,0.3962,0.241737,0.0,0.0,0.0,1,50000,0.1726,0.0,0.3962,0.0,0.06754,0.53626,0.0332225868704318,0.1492258030784057,12.124610663546587,145.17200340939968,0.2485257674418604,0.1861435130257477,1.1602739906244044,-0.6531073008873731,32.0
POR,-3.2975245,-0.7749386,0.8423681,-0.5828766,0.15162332,2.5686553,1.3607731,1.9754086,2.0403767,-0.50862193,2.8143938,-1.8679689,5.804161,3.7279441,-3.2198286,-2.3538685,1.1907067,-0.16232337,-3.9923408,1.8612714,2.214669,0.33635437,-1.4678012,-1.1302887,-2.8822794,4.802788,-0.27711952,0.8436584,0.020073272,-1.048248,-6.664201,0.12166941,1.0367141,-1.1416631,0.29632694,-2.9653535,1.6061283,4.550913,0.9586401,-4.432712,2.8985498,-1.5506933,1.8844395,-2.842601,0.76855385,1.7210424,-2.132963,-1.8399487,2.4752135,-2.3961697,-1.6492398,-0.94663024,2.7877429,2.0031812,4.959506,0.23300463,2.3767483,1.6176203,4.3739467,-0.9140741,-1.7719598,-1.6608926,0.6606205,-0.7082238,0.7258388646259778,-0.39650942422057955,1.1623267,-2.7097163,192,14.061550000028484,14.061441001667005,17.63665800226758,90.0017930073914,90.00020174999456,89.99987775876981,3487.219766424648,3.10291,3.10291,3.10256,2.81168,5.22101,5.19041,5.15225,5.22101,5.19041,0.0550581875706825,1,3,0,0,0,0,0,5.22101,3.1029,5.22101,0.0,0.0,0.0,0.0,0.0,0.0,0.0,0.0,0.0,0.0,0.0,0.0,0.0,0.0,0.0,1.83109,692.063,1984.57,1083.82,0.0,0.0,0.0,1,692.063,0.0,0.0,0.0,0.0,0.0,0,0.0,0.0,0.0,0.0,0.0,0.0,0.0,0.0,0.0,0.0,0.0,0.0,0.0,0.0,0.0,0.0,0.0,0.0,0.0,0.0,0.0,0.0,0.0,0.0,0.0,352.418,0.10106,0.0551913,0.0,0.0,0.0,352.418,0.0,0.0,0.0,0.0,0.0,0.0,0.0,0.0,0.0,0.0,0.0,0.0,0.0,0.0,0.0,0.0,0.0,0.0,0.0,0.0,0.0,0.0,0.0,0.0,0.0,0.0,0.0,0.0,0.0,0.0,1185.1,0.33984,0.185595,0.0,0.0,0.0,1,50000,0.10106,0.0,0.33984,0.0,0.05904,0.60112,0.0332226106312292,0.0643797133510408,10.940490751587449,130.55857744663442,0.1654969003322259,0.131280625106081,1.7652044388439592,1.172834897997987,64.0
MTT,10.090638,-3.3508751,3.4585986,2.3976371,2.9660301,-3.3796384,-2.6235435,-2.350511,-1.4020053,0.70779026,-0.55520093,6.444525,6.3160815,1.6135592,2.7411897,-2.3795843,0.70780003,0.3149528,-6.2492657,0.5382339,-9.09808,-2.354354,5.6065607,0.6054098,-4.201504,0.06485002,3.8120556,8.035421,-6.813451,7.9464,6.676816,-1.4500939,6.801087,-2.949125,3.1846669,6.9743223,2.0411878,1.2028922,-0.19988056,-2.0494223,0.26119334,5.8147035,-11.0660925,2.5278354,-2.796454,2.2113655,4.441389,7.717671,2.41615,5.8127584,-4.2471333,0.61630356,-2.2217212,8.723762,1.6276755,5.613324,2.3914392,-0.37132803,1.7873636,-3.288634,-4.598431,1.2423663,0.29285175,-0.5076933,1.371361391702271,-1.0177205193915815,1.1575574,-1.7674979,72,5.0145450000001,21.60674200083548,11.206134000428918,89.9989951029579,89.99997323539895,89.99999469639013,1214.1619831150354,4.49427,4.49427,1.15277,0.76736,5.36181,5.19323,5.36181,5.36181,5.19323,0.0593001601114852,2,1,1,0,0,0,0,5.36182,4.49426,5.36182,5.35725,4.48371,5.35725,0.0,0.0,0.0,0.0,0.0,0.0,0.0,0.0,0.0,0.0,0.0,0.0,1.97216,137.161,1129.68,572.812,0.0,0.0,0.0,2,69.0922,68.0689,0.0,0.0,0.0,0.0,0,0.0,0.0,0.0,0.0,0.0,0.0,0.0,0.0,0.0,0.0,0.0,0.0,0.0,0.0,0.0,0.0,0.0,0.0,0.0,0.0,0.0,0.0,0.0,0.0,0.0,96.3802,0.07938,0.0402503,0.0,0.0,0.0,49.1978,47.1823,0.0,0.0,0.0,0.0,0.0,0.0,0.0,0.0,0.0,0.0,0.0,0.0,0.0,0.0,0.0,0.0,0.0,0.0,0.0,0.0,0.0,0.0,0.0,0.0,0.0,0.0,0.0,0.0,0.0,267.626,0.22042,0.111766,0.0,0.0,0.0,1,50000,0.07938,0.0,0.22042,0.0,0.13158,0.648,0.03322258910299,0.1462886376391616,12.112293613628443,144.9826563349412,0.178826099667774,0.146298533275559,1.6717888620822063,0.7959358554870501,24.0
ATN,-22.637177,5.0584803,10.091942,16.12247,8.606735,-8.61289,14.3243885,-16.843409,-13.23702,-4.790737,-8.278985,-8.378812,0.3104687,21.422173,7.1078415,3.4060385,18.120432,-6.057395,-23.347115,4.6807613,-19.48945,-2.189395,6.4344273,1.6546229,4.5849166,2.0291514,-1.6796441,0.723287,18.72634,-1.8278646,10.91442,4.6475315,-14.555157,-5.52211,-4.5082297,-14.062043,2.003198,4.370916,-1.1669587,-4.407309,-11.266896,13.108505,17.037485,0.61754483,-11.598087,-11.216551,6.895806,4.121363,2.2508254,-17.406092,-3.4001458,5.7480626,-0.27518693,2.7985299,1.7443193,2.6000829,-13.129597,16.125164,-0.34166357,-10.240212,-4.679806,-4.9106855,2.1415017,2.6068528,0.9397085147653637,-6.5862961442786725,3.3826816,0.843042,48,12.9672860000005,12.967287000000503,5.106464000000195,89.9999799427846,90.00002005721608,89.99997348908276,858.6545727385552,3.50814,1.41399,1.41499,3.50814,5.26128,5.15511,5.26128,5.26128,5.26128,0.0559014084638376,4,1,1,1,1,0,0,5.2463,3.49972,5.2463,2.45332,2.14175,2.45332,2.44846,2.14175,2.44846,5.26132,3.50787,5.26132,0.0,0.0,0.0,0.0,0.0,0.0,1.85913,130.069,1514.8,814.788,0.0,0.0,0.0,4,60.3857,6.31035,6.51622,56.8564,0.0,0.0,0,0.0,0.0,0.0,0.0,0.0,0.0,0.0,0.0,0.0,0.0,0.0,0.0,0.0,0.0,0.0,0.0,0.0,0.0,0.0,0.0,0.0,0.0,0.0,0.0,0.0,62.1322,0.07236,0.0389215,0.0,0.0,0.0,29.8984,0.480847,0.412154,31.3409,0.0,0.0,0.0,0.0,0.0,0.0,0.0,0.0,0.0,0.0,0.0,0.0,0.0,0.0,0.0,0.0,0.0,0.0,0.0,0.0,0.0,0.0,0.0,0.0,0.0,0.0,0.0,254.196,0.29604,0.159236,0.0,0.0,0.0,1,50000,0.07236,0.0,0.29604,0.0,0.09364,0.61032,0.0332226099667774,0.1598510090032898,12.141323495445072,145.44319393827251,0.1746958837209303,0.142814003188708,1.7011377535425738,0.8943406443120572,16.0
AFT,-10.875691,2.7960615,-0.2011534,-0.4571448,-2.0815067,1.4949393,1.7606995,6.959412,0.7599292,-4.3429494,1.8775228,-7.2204704,2.8553975,-2.9844244,-10.111027,1.1087818,2.2383244,2.8038905,0.90206087,0.6607894,-0.05006568,-2.7518978,9.912201,1.4225807,0.43767768,-2.3715649,1.3028533,-9.106418,4.044308,-0.028442904,3.1784062,-4.316717,-5.641102,7.7911863,-1.1906663,2.1307755,-4.561064,-0.40982175,-1.6775815,2.1735988,-1.5319109,-1.3730392,-2.2570543,-8.1513,-2.821574,-6.667662,-2.5795436,-9.894509,0.39599717,-3.54983,2.7200673,6.4662533,1.9634671,-0.78784615,1.5622119,-3.9194388,-0.05302885,-2.8152988,3.9092116,-0.23136936,-4.998365,-1.1179993,-5.799142,8.442011,-2.010698408560714,1.3177639138827781,2.8076851,-4.311205,216,13.544156,13.544155853798088,29.053064,90.0,90.0,120.000000357078,4615.581891553065,3.13196,3.13195,3.13195,3.13196,6.98724,6.61844,6.55827,6.98652,6.98652,0.0467979997051508,1,3,0,0,0,0,0,6.9875,3.13184,6.9875,0.0,0.0,0.0,0.0,0.0,0.0,0.0,0.0,0.0,0.0,0.0,0.0,0.0,0.0,0.0,1.55637,1029.01,2229.43,1432.45,16.1275,34.9414,22.4505,1,1029.01,0.0,0.0,0.0,0.0,0.0,6,2.494,3.07627,2.29131,2.6137,2.89619,2.756,0.0,0.0,0.0,0.0,0.0,0.0,0.0,0.0,0.0,0.0,0.0,0.0,0.0,0.0,0.0,0.0,0.0,0.0,0.0,849.913,0.18414,0.118313,1.5693,0.00034,0.000218457,849.913,0.0,0.0,0.0,0.0,0.0,0.184623,0.184623,0.184623,0.461558,0.184623,0.369247,0.0,0.0,0.0,0.0,0.0,0.0,0.0,0.0,0.0,0.0,0.0,0.0,0.0,0.0,0.0,0.0,0.0,0.0,0.0,1970.58,0.42694,0.274317,43.4788,0.00942,0.00605253,1,50000,0.18414,0.00034,0.42694,0.00942,0.04998,0.51366,0.0332226038870431,0.0548931701888979,8.402695445438228,72.14580856359511,0.2192113720930232,0.1633405616858305,1.3313626051548644,-0.1939284650508783,72.0
STT,-4.713004,-4.0907316,-0.37809205,0.32780427,7.2559047,3.7880538,-5.9945745,-1.2596077,-0.86318207,4.1756663,7.5310893,-2.9177587,1.4903618,-6.626493,-3.3853772,2.8031838,6.209056,6.8386755,4.1465054,2.542169,0.6039035,-5.8598366,9.281352,2.4455547,-4.118424,3.933263,5.4815593,-8.483226,4.7061324,-1.4715385,0.48027152,-3.6115048,5.2162385,-0.1231979,5.0507545,0.5179073,1.0508717,2.2865055,-2.0398974,-5.2355313,0.8601312,-3.9119108,8.164825,0.59234476,5.930258,-8.17497,0.48357552,6.135015,-3.4660444,3.0386739,-2.9873297,11.663738,-1.5866427,9.566943,2.7017236,1.0333583,2.6247709,-1.2166895,-0.4042996,-8.324438,5.7333612,-6.4078965,-5.4578,2.0740259,-2.0339133638627125,1.260667923674188,-0.26669908,-4.401523,192,13.069770465654704,21.629356000000023,13.71973164398404,89.99999735103624,102.59690252650972,90.0000005873669,3785.081112761791,3.56761,3.56761,1.67046,3.56761,6.72956,6.71216,6.72345,6.72345,6.72345,0.0507254651301004,2,2,2,0,0,0,0,6.72639,3.56758,6.72639,6.72951,3.56758,6.72951,0.0,0.0,0.0,0.0,0.0,0.0,0.0,0.0,0.0,0.0,0.0,0.0,1.68699,709.988,1875.75,1111.89,1.94738,5.14489,3.04974,2,356.626,353.363,0.0,0.0,0.0,0.0,4,0.521891,0.462571,0.481991,0.48093,0.0,0.0,0.0,0.0,0.0,0.0,0.0,0.0,0.0,0.0,0.0,0.0,0.0,0.0,0.0,0.0,0.0,0.0,0.0,0.0,0.0,595.847,0.15742,0.0933141,0.0757016,2e-05,1.18554e-05,299.854,295.993,0.0,0.0,0.0,0.0,0.0757016,0.0,0.0,0.0,0.0,0.0,0.0,0.0,0.0,0.0,0.0,0.0,0.0,0.0,0.0,0.0,0.0,0.0,0.0,0.0,0.0,0.0,0.0,0.0,0.0,1388.9,0.36694,0.217512,4.7692,0.00126,0.000746892,1,50000,0.15742,2e-05,0.36694,0.00126,0.07782,0.55398,0.0332225655913621,0.1013322438084925,11.328262106370872,130.98220983607666,0.2238090897009966,0.1720276965619512,1.3179145715495346,-0.2549194695912784,64.0
RUT,8.676264,7.2514534,-5.6771126,-4.461356,-4.475959,-7.3753843,-9.460358,1.3210987,4.9705334,-1.1624619,-3.5923455,-0.56221086,7.14681,1.8847584,-4.72707,6.4265847,-3.9613736,2.418842,-3.3172805,1.5335882,-1.2684902,-3.08576,1.8047146,-4.4588013,6.8261647,-6.670377,5.403371,2.192287,-0.113782905,-1.4273707,2.2317135,6.5053945,6.5358396,3.582017,11.227753,3.4006379,-0.008350775,-2.9528,6.1471324,-1.1107074,-1.4643135,-0.45672983,-5.482398,3.4451008,0.9109211,-3.7489514,0.8249853,0.6915716,-1.6099613,3.2032652,2.140674,-1.3411348,-1.2498113,-2.3161724,3.1963944,0.7978088,-0.99799263,9.772197,-1.0788747,6.365046,2.5369503,-3.9315476,-7.966746,-1.4939172,-0.8725181373612302,-0.21771033106909599,3.7413826,-2.7449493,108,13.207125066135095,13.201284000000758,12.398032847360463,89.99998213930719,114.34610313637069,90.00004108907413,1969.3816103214672,1.55845,1.55845,1.03501,1.55845,5.43461,5.43461,5.4346,5.37463,5.43461,0.0548395493458329,0,0,0,0,0,0,0,0.0,0.0,0.0,0.0,0.0,0.0,0.0,0.0,0.0,0.0,0.0,0.0,0.0,0.0,0.0,0.0,0.0,0.0,1.82381,0.0,0.0,0.0,313.758,1593.18,873.544,0,0.0,0.0,0.0,0.0,0.0,0.0,4,150.314,3.87641,156.056,3.512,0.0,0.0,0.0,0.0,0.0,0.0,0.0,0.0,0.0,0.0,0.0,0.0,0.0,0.0,0.0,0.0,0.0,0.0,0.0,0.0,0.0,0.0,0.0,0.0,195.008,0.09902,0.0542928,0.0,0.0,0.0,0.0,0.0,0.0,96.6179,0.708977,97.4056,0.275713,0.0,0.0,0.0,0.0,0.0,0.0,0.0,0.0,0.0,0.0,0.0,0.0,0.0,0.0,0.0,0.0,0.0,0.0,0.0,0.0,0.0,0.0,0.0,0.0,622.6,0.31614,0.17334,1,50000,0.0,0.09902,0.0,0.31614,0.08568,0.59818,0.0,0.0,0.0,0.0,0.0,0.0,0.0,0.0,36.0
VSV,-6.613588,-0.6710642,-3.0537252,-0.62378496,2.1873488,5.0266824,5.1285253,8.798369,12.6965,-2.1801028,6.0720835,5.211227,15.618609,12.309326,10.2939,-10.285253,5.65773,-8.479041,-17.717234,-1.2526401,26.262917,-3.921039,3.345936,-4.283096,-0.5621267,18.315142,5.030367,11.415092,3.7780704,-3.9582574,-5.651714,-11.283209,11.410298,-3.361336,-8.997035,1.9520802,7.5416894,10.170844,0.2409413,-6.182075,5.2091074,-4.681234,-0.31280294,9.280904,8.228626,-6.6678133,-6.528868,10.261673,8.38772,0.999998,-11.50032,-10.6102915,8.959773,23.249834,12.4497595,-3.4896972,10.285819,9.2394495,17.294678,0.29008418,-8.629715,-0.58076787,4.4029922,-8.707254,5.567561454650693,1.3331049409843603,-1.5258356,-0.008031239,108,7.078069965386963,7.07791396885297,40.97514500009442,90.00003355481839,90.00024295090046,90.76559085989312,2052.5883428901525,2.91138,2.9105,2.91138,2.24366,3.7101,3.67937,3.67965,3.67695,3.67965,0.0526164929144683,1,3,0,0,0,0,0,3.70979,2.91152,3.67967,0.0,0.0,0.0,0.0,0.0,0.0,0.0,0.0,0.0,0.0,0.0,0.0,0.0,0.0,0.0,1.74988,470.763,2293.51,1310.67,0.0,0.0,0.0,1,470.763,0.0,0.0,0.0,0.0,0.0,0,0.0,0.0,0.0,0.0,0.0,0.0,0.0,0.0,0.0,0.0,0.0,0.0,0.0,0.0,0.0,0.0,0.0,0.0,0.0,0.0,0.0,0.0,0.0,0.0,0.0,162.811,0.07932,0.0453288,0.0,0.0,0.0,162.811,0.0,0.0,0.0,0.0,0.0,0.0,0.0,0.0,0.0,0.0,0.0,0.0,0.0,0.0,0.0,0.0,0.0,0.0,0.0,0.0,0.0,0.0,0.0,0.0,0.0,0.0,0.0,0.0,0.0,0.0,745.705,0.3633,0.207614,0.0,0.0,0.0,1,50000,0.07932,0.0,0.3633,0.0,0.06024,0.57646,0.0332225947508305,0.0522359800063648,7.706430588548618,60.75054790507106,0.1181320332225913,0.1009011491187691,2.3604333964750275,3.626717532382132,36.0
PHI,-5.6728044,3.3977892,0.11235571,0.17319417,3.5551353,4.684252,5.793595,2.4688241,7.3579726,-2.0780556,1.3035367,-0.7536983,6.665199,7.906872,-6.1991053,-0.7005195,3.6317935,-1.4453657,-10.183176,1.3814286,3.4864569,1.0291594,-3.2256262,-1.382033,-2.1853585,5.515172,1.6829743,0.2636801,-4.101261,4.819677,-4.7119994,1.611378,-0.17883867,1.450574,-1.9319463,-2.4115555,-0.9670729,4.195073,-0.41104096,-5.2012177,1.9716961,0.2517867,4.589934,1.8489683,0.24563682,-0.64359,-0.16344167,0.6623584,1.5660344,-8.1082735,3.2962089,-3.979703,3.0211635,2.787537,2.9558954,3.3039567,3.8914,2.5779223,3.0676193,4.2112665,-4.2888684,0.10889989,-0.016418159,-2.0944977,2.46821952417036,-1.0475243853613672,0.24622235,-1.8507003,96,9.625907000001764,14.007321000000893,13.956825000001611,90.0000245869047,90.00005439253586,89.99996578158482,1881.842947628361,3.18876,3.18876,2.74698,2.62559,4.88046,4.06845,4.88046,4.88046,4.06845,0.0510138213823775,1,3,0,0,0,0,0,4.88048,3.1888,4.88048,0.0,0.0,0.0,0.0,0.0,0.0,0.0,0.0,0.0,0.0,0.0,0.0,0.0,0.0,0.0,1.69658,453.731,2411.1,1421.15,0.0,0.0,0.0,1,453.731,0.0,0.0,0.0,0.0,0.0,0,0.0,0.0,0.0,0.0,0.0,0.0,0.0,0.0,0.0,0.0,0.0,0.0,0.0,0.0,0.0,0.0,0.0,0.0,0.0,0.0,0.0,0.0,0.0,0.0,0.0,209.411,0.11128,0.0655908,0.0,0.0,0.0,209.411,0.0,0.0,0.0,0.0,0.0,0.0,0.0,0.0,0.0,0.0,0.0,0.0,0.0,0.0,0.0,0.0,0.0,0.0,0.0,0.0,0.0,0.0,0.0,0.0,0.0,0.0,0.0,0.0,0.0,0.0,766.437,0.40728,0.240059,0.0,0.0,0.0,1,50000,0.11128,0.0,0.40728,0.0,0.03714,0.55558,0.0332225906644518,0.0720946863640324,10.751051609505131,120.91258182602591,0.15287526910299,0.1223786057791977,1.88828386827786,1.6416183981542574,32.0
AFS,-12.977188,9.249528,-1.7041674,-2.0562456,1.61959,4.4789205,1.4718596,5.9079037,0.5366305,2.108926,2.262444,-7.465388,2.812172,3.267583,-2.167629,1.4000096,10.925479,4.015843,0.71059155,0.40436217,-4.676289,-2.1352768,3.4936395,2.3078783,-0.116744116,-0.72329557,3.5779557,-2.6378603,-0.4025897,-0.42626148,5.175009,-2.511121,-3.4936056,1.5310246,7.713419,2.267213,-4.1053176,-0.409132,-2.2292056,7.057392,0.1972081,-2.8465495,-0.65541923,-5.304603,0.84160376,-8.174425,-1.1613402,-6.112248,0.28629673,-6.692252,4.183175,2.53361,2.077416,4.7140164,-1.5373118,-1.1096535,-8.318478,-8.754747,-6.2922416,-0.31363913,4.4030704,-1.635238,-5.100414,9.82925,-2.235857938440846,2.569922109484285,2.0043275,-5.0886335,168,12.951424000000154,12.951423461476734,25.96646400000002,89.99999808908916,90.00000000000034,120.0000153315372,3772.0583541598185,5.57976,3.38913,3.38915,5.57976,8.94418,8.94418,8.94418,8.94418,8.94418,0.0445380172379173,1,3,0,0,0,0,0,8.94416,5.57982,8.94416,0.0,0.0,0.0,0.0,0.0,0.0,0.0,0.0,0.0,0.0,0.0,0.0,0.0,0.0,0.0,1.48121,813.334,2156.21,1455.7,0.840037,2.227,1.5035,1,813.334,0.0,0.0,0.0,0.0,0.0,4,0.200564,0.159603,0.339687,0.140183,0.0,0.0,0.0,0.0,0.0,0.0,0.0,0.0,0.0,0.0,0.0,0.0,0.0,0.0,0.0,0.0,0.0,0.0,0.0,0.0,0.0,885.151,0.23466,0.158424,0.0,0.0,0.0,885.151,0.0,0.0,0.0,0.0,0.0,0.0,0.0,0.0,0.0,0.0,0.0,0.0,0.0,0.0,0.0,0.0,0.0,0.0,0.0,0.0,0.0,0.0,0.0,0.0,0.0,0.0,0.0,0.0,0.0,0.0,1743.97,0.46234,0.312136,0.0,0.0,0.0,1,50000,0.23466,0.0,0.46234,0.0,0.05126,0.4864,0.0332225860431893,0.0839079456191081,11.812339775132273,139.95130953208354,0.2872852342192691,0.194638696325925,0.8966116780148479,-1.174307046502658,56.0
NPT,-12.3945875,7.722888,-1.0058215,-0.29138416,5.633114,5.533918,1.9319046,5.1035542,-2.1864102,7.8250394,0.9584851,-5.7141523,1.7508427,9.252999,2.1679373,1.2848499,21.702862,4.5231504,-2.6405241,-0.9553251,-7.345188,0.40163493,-6.7203956,1.977419,-3.465088,1.4876294,1.4601591,-1.4315809,0.5729394,-0.027387425,6.9657702,-0.6620376,-0.12526077,-1.9555662,8.926849,-0.3958761,0.73972,0.27780282,-0.13373958,1.6692338,0.13965596,-2.6070287,6.221799,-5.9617,1.6576033,-8.679317,0.30370623,0.5336515,0.37631023,-5.119066,8.961099,0.9349483,2.7563016,5.5042586,-4.5944304,2.7185738,-10.387082,-10.772601,-10.625982,3.5171711,10.56123,-7.93731,-3.481698,5.7590065,-1.3230685789377807,1.9191345952546544,0.7674505,-5.944107,108,13.894138,13.894138,13.894138,90.0,90.0,90.0,2682.2226416774984,3.16997,3.16997,3.16997,3.16997,9.8526,5.74222,5.74222,5.74222,5.74222,0.0402651138357609,1,3,0,0,0,0,0,9.85281,3.17,5.74226,0.0,0.0,0.0,0.0,0.0,0.0,0.0,0.0,0.0,0.0,0.0,0.0,0.0,0.0,0.0,1.33911,754.344,2812.38,2100.19,0.0,0.0,0.0,1,754.344,0.0,0.0,0.0,0.0,0.0,0,0.0,0.0,0.0,0.0,0.0,0.0,0.0,0.0,0.0,0.0,0.0,0.0,0.0,0.0,0.0,0.0,0.0,0.0,0.0,0.0,0.0,0.0,0.0,0.0,0.0,623.402,0.23242,0.173563,0.0,0.0,0.0,623.402,0.0,0.0,0.0,0.0,0.0,0.0,0.0,0.0,0.0,0.0,0.0,0.0,0.0,0.0,0.0,0.0,0.0,0.0,0.0,0.0,0.0,0.0,0.0,0.0,0.0,0.0,0.0,0.0,0.0,0.0,1435.26,0.5351,0.399594,0.0,0.0,0.0,1,50000,0.23242,0.0,0.5351,0.0,0.02322,0.44168,0.0332226114053156,0.0656476838776799,9.906127942142454,102.9141423921554,0.2729152565448506,0.1635051673900193,0.9357541648479444,-0.9056591739552916,36.0
OBW,-15.037242,10.899225,-3.0011241,-2.3293371,2.6380742,-3.350823,-2.6140976,2.6701307,-0.7715149,6.255141,2.5667171,-9.345414,2.635747,7.949541,-0.040391892,1.4952981,19.125511,7.328588,0.7561847,-0.7833499,-5.580208,-1.594487,0.5689956,1.4061903,-2.8491395,-1.0996267,4.3035407,-1.9125012,3.0278146,1.4640114,5.631588,-1.3047949,2.7032661,0.41263977,15.82087,0.5240501,-0.6695823,-0.4692763,0.038661018,6.215926,1.3903959,-2.574809,-0.2710946,-9.349078,-0.22036713,-11.737625,-3.4081013,-1.7500688,-1.7923902,-7.574702,7.6252165,2.1896105,1.0429978,3.3090284,-1.1810476,-1.6898513,-12.437953,-9.401803,-11.961085,1.0694705,9.545623,-5.0897236,-7.7805524,7.800373,-2.7486924265646455,3.258829114339886,1.56366,-5.6353045,228,13.959185,13.959185,31.116363,90.0,90.0,90.0,6063.298581672274,4.84473,4.84473,4.84473,3.22112,8.91252,8.91252,8.91252,8.91252,8.91252,0.0376032941358327,1,3,0,0,0,0,0,8.91246,4.84478,8.91246,0.0,0.0,0.0,0.0,0.0,0.0,0.0,0.0,0.0,0.0,0.0,0.0,0.0,0.0,0.0,1.25058,1691.72,2790.11,2231.04,0.0,0.0,0.0,1,1691.72,0.0,0.0,0.0,0.0,0.0,0,0.0,0.0,0.0,0.0,0.0,0.0,0.0,0.0,0.0,0.0,0.0,0.0,0.0,0.0,0.0,0.0,0.0,0.0,0.0,0.0,0.0,0.0,0.0,0.0,0.0,1657.34,0.27334,0.21857,0.0,0.0,0.0,1657.34,0.0,0.0,0.0,0.0,0.0,0.0,0.0,0.0,0.0,0.0,0.0,0.0,0.0,0.0,0.0,0.0,0.0,0.0,0.0,0.0,0.0,0.0,0.0,0.0,0.0,0.0,0.0,0.0,0.0,0.0,3385.14,0.5583,0.446432,0.0,0.0,0.0,1,50000,0.27334,0.0,0.5583,0.0,0.02876,0.41294,0.0332225790863787,0.0877776514514269,11.527797491565966,134.79171844292378,0.2746353868770762,0.1799550672396692,0.9323543240802163,-1.0618575153283198,76.0
STF,3.117104,-5.74182,1.2959311,1.5392447,0.9369302,0.09005672,-1.8446798,-1.873798,-5.4620757,3.7025619,-0.73885316,5.560297,2.9382803,-0.011466533,-1.2033422,4.598859,-2.766912,1.8724881,3.5853763,-0.059069842,-3.9012518,-6.2154746,5.078607,1.9961463,0.085560426,0.86201966,2.6911714,-5.5570216,1.243853,-0.68477774,1.0254706,0.23374274,-0.2349059,0.062051803,0.2672847,2.4026718,1.4798535,3.6369777,1.1064664,-9.1475725,-0.99296135,0.5833972,1.2083412,3.6426828,-1.5425713,-1.1312969,-0.613882,3.7049992,0.43501496,-2.2489672,-0.047667414,6.430452,-1.0577128,4.9866767,5.81291,5.684642,3.7678134,1.84808,3.1043615,-6.350489,1.2136121,-1.5669492,2.8893416,-4.7723126,-0.15802268977813394,-1.7649210272454214,2.1101363,-2.2981098,96,13.964050144457158,17.94297171620175,7.291705502080978,88.9460114027038,99.138699770514,89.01614789817168,1803.1154565143129,5.04559,0.98445,0.98445,5.04559,6.93397,6.93397,6.93397,6.93397,6.93397,0.0532411830053201,2,1,1,0,0,0,0,6.9339,5.04547,6.9339,6.9339,5.04547,6.9339,0.0,0.0,0.0,0.0,0.0,0.0,0.0,0.0,0.0,0.0,0.0,0.0,1.77066,297.371,1649.21,931.41,0.0,0.0,0.0,2,148.601,148.77,0.0,0.0,0.0,0.0,0,0.0,0.0,0.0,0.0,0.0,0.0,0.0,0.0,0.0,0.0,0.0,0.0,0.0,0.0,0.0,0.0,0.0,0.0,0.0,0.0,0.0,0.0,0.0,0.0,0.0,289.148,0.16036,0.0905653,0.0,0.0,0.0,145.764,143.384,0.0,0.0,0.0,0.0,0.0,0.0,0.0,0.0,0.0,0.0,0.0,0.0,0.0,0.0,0.0,0.0,0.0,0.0,0.0,0.0,0.0,0.0,0.0,0.0,0.0,0.0,0.0,0.0,0.0,628.53,0.34858,0.196865,0.0,0.0,0.0,1,50000,0.16036,0.0,0.34858,0.0,0.07044,0.58098,0.0332226124252491,0.1542918388111782,12.137290643864686,145.39021128671098,0.2321968239202658,0.1779298922902208,1.2662881472574632,-0.3962414460242565,32.0
LTN,-0.13218933,0.014744004,-0.21561313,-0.40811247,0.2551961,-0.24592239,0.23221637,0.28944436,0.30347505,0.30478248,0.014266827,-0.31680956,0.19119492,0.094070286,0.022817882,-0.17286366,-0.22698894,0.20054613,0.16755787,0.1981158,-0.00015251266,0.697773,-0.37207374,-0.04993092,-0.10639341,0.0043438547,0.2997759,0.36426985,0.046051122,-0.12083082,-0.2386721,-0.05233595,0.28130656,0.119944364,0.21140675,0.16347098,0.13293011,-0.20358743,0.03002812,0.2515465,0.28196746,-0.5716129,-0.194608,-0.052237812,0.25970268,-0.3392885,0.19534747,0.08429113,-0.14673173,-0.18409833,-0.17228332,-0.21845338,0.31882504,0.3482986,-0.27850828,-0.54268247,-0.19822338,-0.008493994,-0.27047768,-0.14597575,0.13376,0.4983655,-0.4755054,0.30308485,-0.6221307607947142,-0.4777441861298984,1.780491,-3.0944855,2304,35.535538,35.535539,35.535538,90.0,90.0,90.0,44873.37110527296,1.73027,1.73027,1.73027,1.72361,9.54776,9.54412,9.54412,9.54412,9.54412,0.0513444821115582,0,0,0,0,0,0,0,0.0,0.0,0.0,0.0,0.0,0.0,0.0,0.0,0.0,0.0,0.0,0.0,0.0,0.0,0.0,0.0,0.0,0.0,1.70758,0.0,0.0,0.0,8048.73,1793.65,1050.41,0,0.0,0.0,0.0,0.0,0.0,0.0,80,56.7856,17.436,58.8872,762.027,1.40077,17.5956,762.343,766.399,17.9396,56.758,1.8418,16.7104,757.287,754.394,56.9582,1.68432,17.2161,16.5466,61.2788,16.2704,54.9656,1.64017,18.3679,764.086,16.292,0.0,0.0,0.0,5868.54,0.13078,0.076588,0.0,0.0,0.0,0.0,0.0,0.0,30.5139,5.3848,36.7962,613.868,0.0,3.58987,643.484,592.328,4.48734,25.1291,0.897467,6.28227,617.458,599.508,37.6936,0.897467,1.79493,6.28227,28.719,3.58987,36.7962,0.0,5.3848,627.33,1.79493,0.0,0.0,0.0,13419.8,0.29906,0.175137,1,50000,0.0,0.13078,0.0,0.29906,0.13732,0.56362,0.0,0.0,0.0,0.0,0.0,0.0,0.0,0.0,768.0
LOV,-6.116093,4.0998087,-0.7996326,-0.9179147,5.449659,4.8610797,3.2191205,5.510835,13.230849,-5.2364388,1.1772944,-0.57045245,14.477958,14.508955,-2.5280883,-3.909595,5.9584637,-1.1295809,-17.532965,-1.0440086,16.872566,-2.6945932,-2.0671728,0.46102363,-0.035544112,10.565979,5.530717,4.546568,-0.739622,3.721834,-0.84494907,-1.4316136,6.564392,-0.16893932,-4.916113,-0.19948745,0.64141244,5.1445155,-1.0374548,-6.502498,0.9459631,1.9270608,4.5848613,6.902524,0.50006366,-9.825241,-0.19857831,6.0670543,2.361013,-6.976402,3.6065602,-11.932929,2.4498003,13.241093,4.7982306,7.0624304,3.874859,7.148406,7.2501483,8.653998,-5.781982,0.8221724,-2.1566334,-5.135893,4.93205048247936,-0.785508272441499,-1.0752991,-0.92148644,54,7.111984890473545,7.111795890715228,20.575923000593168,89.99917433369876,89.99974059811042,90.10331446763244,1040.7076071141398,3.19433,3.15695,3.15627,3.19433,4.17616,3.66322,3.66406,4.17616,4.17616,0.0518877729257124,1,3,0,0,0,0,0,4.17617,3.19428,4.17617,0.0,0.0,0.0,0.0,0.0,0.0,0.0,0.0,0.0,0.0,0.0,0.0,0.0,0.0,0.0,1.72565,228.445,2195.1,1272.04,0.0,0.0,0.0,1,228.445,0.0,0.0,0.0,0.0,0.0,0,0.0,0.0,0.0,0.0,0.0,0.0,0.0,0.0,0.0,0.0,0.0,0.0,0.0,0.0,0.0,0.0,0.0,0.0,0.0,0.0,0.0,0.0,0.0,0.0,0.0,98.0138,0.09418,0.0545767,0.0,0.0,0.0,98.0138,0.0,0.0,0.0,0.0,0.0,0.0,0.0,0.0,0.0,0.0,0.0,0.0,0.0,0.0,0.0,0.0,0.0,0.0,0.0,0.0,0.0,0.0,0.0,0.0,0.0,0.0,0.0,0.0,0.0,0.0,395.864,0.38038,0.220428,0.0,0.0,0.0,1,50000,0.09418,0.0,0.38038,0.0,0.05572,0.5639,0.0332225784053156,0.0578264445025557,8.63946377908707,82.74133585330182,0.1258810963455149,0.1052195373671773,2.2650908344916645,3.212785702266915,18.0
MEL,1.2541928,-8.21706,1.2371377,-0.13488811,5.876815,2.4874642,0.43349624,-0.15231451,-5.165258,-7.262313,4.9595933,-4.482096,6.0321574,-2.8268886,2.9135115,-2.9669204,-4.3859196,1.7919582,0.61791265,0.83824694,13.635429,-8.501677,5.0153337,0.17922325,-1.8668789,5.718257,3.0674527,0.2127968,8.858846,-3.0827649,1.4045615,-2.4711413,8.121625,-2.38211,-8.810209,0.8385993,1.3950341,3.0018167,0.1250477,-0.45220196,-0.8120796,1.246264,0.6520674,-3.2628658,-1.1203839,-1.2619427,-3.4377592,5.7733436,4.555017,4.1237707,-2.4123263,2.1254,-0.3244746,9.033673,8.726517,-3.8599904,4.35192,0.3029044,11.870302,-5.2739906,-3.1140356,-0.5570525,-1.6995764,-1.2830398,0.7696567767316097,-0.18517674980937293,0.40655673,-3.341494,288,19.88178500000368,19.88176800001069,13.335832000009749,90.00011778579133,90.00006607106127,90.00002881820753,5271.454842816024,4.6302,4.6302,4.62172,4.62172,6.60737,6.59372,6.54532,6.59372,6.59372,0.0546338740608749,1,3,0,0,0,0,0,6.60735,4.63021,6.59374,0.0,0.0,0.0,0.0,0.0,0.0,0.0,0.0,0.0,0.0,0.0,0.0,0.0,0.0,0.0,1.81697,821.706,1558.78,857.901,0.0,0.0,0.0,1,821.706,0.0,0.0,0.0,0.0,0.0,0,0.0,0.0,0.0,0.0,0.0,0.0,0.0,0.0,0.0,0.0,0.0,0.0,0.0,0.0,0.0,0.0,0.0,0.0,0.0,0.0,0.0,0.0,0.0,0.0,0.0,686.976,0.13032,0.0717237,0.0,0.0,0.0,686.976,0.0,0.0,0.0,0.0,0.0,0.0,0.0,0.0,0.0,0.0,0.0,0.0,0.0,0.0,0.0,0.0,0.0,0.0,0.0,0.0,0.0,0.0,0.0,0.0,0.0,0.0,0.0,0.0,0.0,0.0,1612.43,0.30588,0.168346,0.0,0.0,0.0,1,50000,0.13032,0.0,0.30588,0.0,0.09758,0.59654,0.0332225647840531,0.0265065688671363,6.020428008197487,38.96923655446261,0.1962789302325581,0.1460896225264456,1.5175422337985864,0.4024648071633443,96.0
YUG,-3.3355663,5.8133936,1.7112827,-0.8678625,2.0907555,5.8781977,1.184006,10.238507,9.493437,-4.927808,2.5777557,-6.6202826,8.887173,13.760682,-2.9855847,-2.9431927,-0.13074604,-2.3994172,-10.454758,4.058555,13.223377,-1.9496636,5.6069245,2.2427762,6.6795177,10.597145,11.251761,5.2365007,-0.32800522,-0.2452722,3.6507275,5.836783,1.0825782,-0.4945881,4.666717,-1.9390996,-4.2733006,4.779622,-0.9102106,-1.6363009,-6.9292393,7.2328753,7.97656,8.785847,5.9376936,-4.625379,2.8279412,0.5771347,0.57770115,-0.98672307,-2.658803,-4.486886,5.215052,6.647693,2.5828962,3.1312275,-0.22482279,11.921178,-0.2444711,-1.762081,3.3995185,1.554641,-2.9529002,-2.9553106,2.1742034548405966,-0.8510041916338419,1.2755507,-0.070472956,48,9.897324634749534,13.85347900000148,6.593634097449903,89.99996209421235,110.64141629762656,90.00004605021303,846.0321227907259,2.69739,2.4574,0.72329,2.69739,3.76009,3.44389,3.60454,3.75115,3.75115,0.0567354343965888,2,2,2,0,0,0,0,3.76012,2.69733,3.76012,3.74646,2.69733,3.74646,0.0,0.0,0.0,0.0,0.0,0.0,0.0,0.0,0.0,0.0,0.0,0.0,1.88687,158.511,1873.58,992.957,0.0,0.0,0.0,2,82.2108,76.2998,0.0,0.0,0.0,0.0,0,0.0,0.0,0.0,0.0,0.0,0.0,0.0,0.0,0.0,0.0,0.0,0.0,0.0,0.0,0.0,0.0,0.0,0.0,0.0,0.0,0.0,0.0,0.0,0.0,0.0,48.5115,0.05734,0.030389,0.0,0.0,0.0,24.0781,24.4334,0.0,0.0,0.0,0.0,0.0,0.0,0.0,0.0,0.0,0.0,0.0,0.0,0.0,0.0,0.0,0.0,0.0,0.0,0.0,0.0,0.0,0.0,0.0,0.0,0.0,0.0,0.0,0.0,0.0,267.532,0.31622,0.16759,0.0,0.0,0.0,1,50000,0.05734,0.0,0.31622,0.0,0.06482,0.61896,0.0332225597342192,0.0494140777652106,7.838916162550881,64.43008442798497,0.1178944252491694,0.0993652211255275,2.3517203229489683,3.617560931792778,16.0
SOV,-7.107488,0.2710304,2.3551893,-7.3223677,7.7952,6.393533,-3.616372,7.190389,-6.928882,0.09990558,3.3325603,-19.430317,7.7908206,-7.5459476,-3.7021246,-4.8836894,-0.15572229,0.51298535,9.721352,-1.618707,8.124876,-8.812647,2.181175,1.6544095,3.3381324,9.610236,5.382983,-3.9300346,9.490458,-12.845186,5.49154,-3.2025235,12.919831,7.6609344,3.7467031,-6.8067265,5.006395,4.6788206,-1.1375144,-2.6544638,-2.1441963,-5.469581,4.175314,-5.276899,-1.3117298,-1.8718394,-0.63916075,0.46337673,-3.025279,5.2995167,-9.056528,14.734263,1.9425644,3.8602843,3.855701,-3.1665568,1.098322,-9.777411,7.1732955,-16.134432,7.392452,-0.035811692,-6.5249863,4.639168,-3.8436136373735876,2.1302339979362284,0.75426096,-5.0816503,384,24.572655651570223,26.47275900000999,12.578364982484526,89.99999989499811,90.24058611058692,90.00009874493453,8182.229644647866,5.70862,5.70862,5.50873,5.35585,6.70914,6.69784,6.7091,6.69893,6.69784,0.0469309731793192,1,3,0,0,0,0,0,6.70916,5.70851,6.70916,0.0,0.0,0.0,0.0,0.0,0.0,0.0,0.0,0.0,0.0,0.0,0.0,0.0,0.0,0.0,1.5608,1520.29,1858.04,1190.45,5.04095,6.16085,3.94725,1,1520.29,0.0,0.0,0.0,0.0,0.0,12,0.159603,0.362288,0.301907,0.441029,0.963981,0.743997,0.44209,0.402189,0.260946,0.260946,0.340747,0.361228,0.0,0.0,0.0,0.0,0.0,0.0,0.0,0.0,0.0,0.0,0.0,0.0,0.0,1811.22,0.22136,0.141825,0.163645,2e-05,1.2814e-05,1811.22,0.0,0.0,0.0,0.0,0.0,0.0,0.0,0.0,0.0,0.0,0.0,0.163645,0.0,0.0,0.0,0.0,0.0,0.0,0.0,0.0,0.0,0.0,0.0,0.0,0.0,0.0,0.0,0.0,0.0,0.0,3368.46,0.41168,0.263763,3.92747,0.00048,0.000307535,1,50000,0.22136,2e-05,0.41168,0.00048,0.07638,0.51146,0.0332225971860465,0.033795348411798,7.037946560657002,55.29691522523613,0.2125468338870432,0.160717737948136,1.3920590121168992,-0.0167948233860029,128.0
OWE,-9.312268,6.9563184,-0.05296409,5.324341,6.950697,-2.5642476,7.3067827,-1.8734123,-1.8201393,-5.0379653,-2.0512233,0.27322683,5.522709,11.638599,-2.9915626,-0.46762913,9.4530735,0.19984518,-15.015233,0.63979745,-9.875274,-4.0415983,0.19049028,0.62168676,-0.40314454,3.0547917,-0.13098183,-1.4920629,-3.2327116,6.1852846,0.8879351,0.9566691,-1.5361867,-1.1284356,0.53933996,0.44605708,-4.3626657,-2.5650961,0.5915898,-5.8989053,2.7175689,1.5588999,6.70548,2.3269484,-2.3145015,-5.939426,-0.44385654,6.654954,2.712634,-11.4341955,3.536534,2.702529,-0.18195793,5.053859,3.5772917,3.0528572,1.1308267,5.179932,2.8344283,-1.4696842,-3.7443454,-5.4891996,2.991029,-1.4986714,2.367997353260598,-1.6175627060272184,-0.05727778,-1.8323296,48,14.101536000000175,7.115975000000351,8.995626000000556,89.9999647886978,89.99998956762167,90.00001617788631,902.6766845573032,3.26115,3.26115,3.05079,1.07577,5.13477,5.07783,5.13477,5.13477,5.07783,0.0531751853361987,1,2,0,0,0,0,0,5.13477,3.26118,5.13477,0.0,0.0,0.0,0.0,0.0,0.0,0.0,0.0,0.0,0.0,0.0,0.0,0.0,0.0,0.0,1.76846,188.524,2088.5,1180.97,0.0,0.0,0.0,1,188.524,0.0,0.0,0.0,0.0,0.0,0,0.0,0.0,0.0,0.0,0.0,0.0,0.0,0.0,0.0,0.0,0.0,0.0,0.0,0.0,0.0,0.0,0.0,0.0,0.0,0.0,0.0,0.0,0.0,0.0,0.0,106.678,0.11818,0.0668264,0.0,0.0,0.0,106.678,0.0,0.0,0.0,0.0,0.0,0.0,0.0,0.0,0.0,0.0,0.0,0.0,0.0,0.0,0.0,0.0,0.0,0.0,0.0,0.0,0.0,0.0,0.0,0.0,0.0,0.0,0.0,0.0,0.0,0.0,333.449,0.3694,0.208882,0.0,0.0,0.0,1,50000,0.11818,0.0,0.3694,0.0,0.052,0.5786,0.0332225917275747,0.1049001287201682,11.795917520915468,139.55804782468118,0.1691389169435215,0.1374628233179252,1.7435606384553308,1.0572211254010062,16.0
SGT,0.6444711,-4.162985,11.620233,0.6844564,-9.080492,-2.445029,1.0305786,-9.467478,-5.3500123,-2.3194659,8.576539,-3.8073025,-2.8607364,-0.32220855,-6.289165,8.248028,0.9884734,3.6703312,1.0191747,4.3675723,6.9548974,3.2093241,16.117613,-7.892387,-4.6719913,2.4814281,8.635167,-1.7544361,7.8842025,3.660122,6.6289396,-2.9619124,-1.304894,-3.272061,8.533163,7.7032156,5.3505096,2.176665,-0.5855534,-6.86636,3.2530186,12.811479,-2.6746914,-6.1896157,0.16885093,3.5333433,-0.520276,0.6066227,-4.905927,-3.9764152,-9.499555,-1.7409896,1.7725332,2.0393054,5.6999397,-0.56714284,5.7689667,-3.7757587,0.5233954,4.156173,4.316713,2.3528724,-5.8159394,-7.2035866,-0.19295995699875734,0.3810206326524118,3.6284814,-1.1552643,192,10.1742317997526,10.17423477657283,34.28870196567145,90.6589267701426,89.34102898744649,90.5519164443296,3548.766115225173,1.55091,1.55091,1.55091,1.55091,7.09782,7.08002,7.09712,7.0329,7.09712,0.0541033119022038,0,0,0,0,0,0,0,0.0,0.0,0.0,0.0,0.0,0.0,0.0,0.0,0.0,0.0,0.0,0.0,0.0,0.0,0.0,0.0,0.0,0.0,1.79933,0.0,0.0,0.0,536.841,1512.76,840.733,0,0.0,0.0,0.0,0.0,0.0,0.0,12,130.335,125.172,4.27117,3.81072,4.11475,3.12817,125.001,3.29095,2.44667,127.989,3.65324,3.62852,0.0,0.0,0.0,0.0,0.0,0.0,0.0,0.0,0.0,0.0,0.0,0.0,0.0,0.0,0.0,0.0,429.33,0.12098,0.0672362,0.0,0.0,0.0,0.0,0.0,0.0,108.379,104.334,0.354877,0.709753,0.567803,0.567803,106.96,0.283901,0.496827,105.114,0.922679,0.638778,0.0,0.0,0.0,0.0,0.0,0.0,0.0,0.0,0.0,0.0,0.0,0.0,0.0,0.0,0.0,0.0,1138.02,0.32068,0.178222,1,50000,0.0,0.12098,0.0,0.32068,0.08746,0.59186,0.0,0.0,0.0,0.0,0.0,0.0,0.0,0.0,64.0
BOF,-3.4712682,-0.9585112,-0.13745701,-0.59151393,0.33760428,-0.21003829,1.3950528,1.1626205,0.8367491,1.1573851,-2.246543,-5.0061703,5.4105086,6.5098133,-3.442972,-2.3475888,-0.41905823,0.71162385,-5.84902,1.2095232,-0.5345823,-1.0863595,0.8750402,0.9998915,1.0340995,2.3466222,0.6760525,3.7652836,1.6221821,-1.5487734,0.38207406,-1.7556294,-4.074019,-0.8356596,1.8089262,-0.46039784,-1.8117296,4.0269585,-0.8971443,0.060572743,-4.1366925,3.183353,0.96593976,-0.19775969,-0.65934503,-0.25470224,3.1770883,-2.4643924,-0.6564201,-3.0366805,-1.4829131,1.1380733,0.51258564,4.359527,-1.8064502,-0.09207016,-0.09951684,4.4133034,1.851904,-3.4785135,-2.1435444,0.65894973,-2.357619,5.3094034,-0.5535347634710731,-1.3276559161327774,1.9711691,-3.104917,72,7.494479000550338,12.967265000133644,13.31878600090849,90.00018743247348,89.99868768000418,90.00048766029103,1294.35818423128,3.75962,3.75962,1.20329,1.20184,4.93072,4.92008,4.77905,4.93072,4.92008,0.0556260244475997,2,1,1,0,0,0,0,4.93075,3.75966,4.93075,4.92461,3.75871,4.92461,0.0,0.0,0.0,0.0,0.0,0.0,0.0,0.0,0.0,0.0,0.0,0.0,1.84997,219.435,1695.32,916.402,0.0,0.0,0.0,2,109.818,109.616,0.0,0.0,0.0,0.0,0,0.0,0.0,0.0,0.0,0.0,0.0,0.0,0.0,0.0,0.0,0.0,0.0,0.0,0.0,0.0,0.0,0.0,0.0,0.0,0.0,0.0,0.0,0.0,0.0,0.0,130.083,0.1005,0.0543252,0.0,0.0,0.0,64.9509,65.1321,0.0,0.0,0.0,0.0,0.0,0.0,0.0,0.0,0.0,0.0,0.0,0.0,0.0,0.0,0.0,0.0,0.0,0.0,0.0,0.0,0.0,0.0,0.0,0.0,0.0,0.0,0.0,0.0,0.0,399.128,0.30836,0.166684,0.0,0.0,0.0,1,50000,0.1005,0.0,0.30836,0.0,0.08884,0.6028,0.0332225749169435,0.1582881434717863,12.14307535895524,145.47188374055227,0.1657394119601329,0.13790210921292,1.7943573855148909,1.2199712382766474,24.0
AEI,-4.705005,1.1189139,0.23165384,-2.6865036,-1.7120373,-5.8099294,1.5072207,2.386248,2.596346,-0.590968,-0.85719216,-4.3269777,-1.4232229,-0.83081484,-0.47646245,-1.6823912,1.4973427,1.2025727,2.3596163,-0.23007646,-6.5382614,1.1359086,4.2013593,0.7591641,0.34369528,-4.982977,-3.989827,-8.529212,2.1976292,-1.5892663,-5.7755265,0.5853301,-2.9391658,3.1127503,2.0308409,-1.8738818,-5.5169063,-1.7552794,-0.5061406,2.7950726,1.3548646,-2.334692,-3.8681414,-7.225404,-2.45314,-4.6197395,-2.135993,-7.3434124,-1.2705885,-3.649303,2.6355512,0.4676297,1.0316098,3.1478784,-6.2775583,-3.6580126,0.447283,5.911846,-0.19753912,-2.1982477,-3.203742,0.15361688,-0.232333,5.251371,-1.8088253569882835,0.05323086358154734,2.596192,-3.7104676,144,13.52808,12.483907,18.253702,90.0,90.0,90.0,3082.745296055457,3.25161,3.25161,3.25161,3.21564,6.75786,6.75786,6.74151,6.75786,6.75786,0.0467116112979739,1,3,0,0,0,0,0,6.75793,3.25169,6.74666,0.0,0.0,0.0,0.0,0.0,0.0,0.0,0.0,0.0,0.0,0.0,0.0,0.0,0.0,0.0,1.5535,686.139,2225.74,1432.73,10.8128,35.0754,22.5783,1,686.139,0.0,0.0,0.0,0.0,0.0,4,3.21751,2.85098,2.21151,2.53284,0.0,0.0,0.0,0.0,0.0,0.0,0.0,0.0,0.0,0.0,0.0,0.0,0.0,0.0,0.0,0.0,0.0,0.0,0.0,0.0,0.0,576.227,0.18692,0.120322,1.10979,0.00036,0.000231735,576.227,0.0,0.0,0.0,0.0,0.0,0.12331,0.431584,0.24662,0.308275,0.0,0.0,0.0,0.0,0.0,0.0,0.0,0.0,0.0,0.0,0.0,0.0,0.0,0.0,0.0,0.0,0.0,0.0,0.0,0.0,0.0,1345.56,0.43648,0.280965,36.8696,0.01196,0.00769874,1,50000,0.18692,0.00036,0.43648,0.01196,0.03898,0.51258,0.0332225982192691,0.1272473245036597,11.9557176984365,142.51224183639692,0.2247483720930232,0.1731947131828735,1.3130833830240076,-0.2728059111423482,48.0
AFX,-11.580952,4.887093,-3.7619407,-0.52458805,-1.8636832,-0.8200067,4.2310705,4.108092,3.9928362,-0.6626227,1.8405356,-4.0017786,-2.8204794,-3.6670973,-5.688388,0.6260298,5.8163323,2.979843,-3.6527488,0.93835187,-3.256289,-1.6503553,7.101417,1.5261549,-1.2020301,-4.7857842,-0.6166261,-7.51919,0.46337396,4.150189,3.6102326,-3.6693902,-5.7117877,9.270384,0.27948797,0.7706634,-2.8978662,-0.77430356,-1.8347754,3.9329762,0.08554357,-1.8214707,1.0814769,-3.3479414,0.12882292,-8.002462,-0.6450249,-6.3299828,-3.2908454,-5.7728615,6.0781665,5.251935,0.16877267,0.49280554,-4.064309,-4.9638915,-4.173668,-1.21162,-2.7977464,1.9605902,-5.8699145,-2.478782,-4.5765595,5.9807763,-2.219085438357082,0.9879844271536188,2.7426062,-4.25724,144,13.547990000000038,13.5479900581387,19.351086,90.0,90.0,120.0000089704846,3075.995332656721,3.11884,3.11884,3.11884,3.11884,6.99306,6.8666,6.56351,6.99306,6.8666,0.0468141152462763,1,3,0,0,0,0,0,6.99312,3.11869,6.99312,0.0,0.0,0.0,0.0,0.0,0.0,0.0,0.0,0.0,0.0,0.0,0.0,0.0,0.0,0.0,1.55691,687.326,2234.48,1435.2,10.1529,33.0068,21.2002,1,687.326,0.0,0.0,0.0,0.0,0.0,4,2.89619,2.6536,2.7334,1.8697,0.0,0.0,0.0,0.0,0.0,0.0,0.0,0.0,0.0,0.0,0.0,0.0,0.0,0.0,0.0,0.0,0.0,0.0,0.0,0.0,0.0,565.306,0.18378,0.118042,1.10736,0.00036,0.000231227,565.306,0.0,0.0,0.0,0.0,0.0,0.12304,0.24608,0.24608,0.492159,0.0,0.0,0.0,0.0,0.0,0.0,0.0,0.0,0.0,0.0,0.0,0.0,0.0,0.0,0.0,0.0,0.0,0.0,0.0,0.0,0.0,1335.97,0.43432,0.278963,37.3426,0.01214,0.0077975,1,50000,0.18378,0.00036,0.43432,0.01214,0.04314,0.5104,0.0332226170398671,0.0534625310647211,9.210785333297144,92.391405859621,0.2193623754152824,0.1613687268203404,1.310445306425134,-0.2405804035639538,48.0
NPO,-5.820641,-0.0027242098,-1.2556527,1.9664912,11.602631,2.8436499,7.1402555,2.3795264,2.3311086,-3.7064428,3.2551296,-5.783655,18.117096,10.628484,-7.1391087,-0.9116511,2.8380148,4.2845755,-8.861544,0.43106225,4.691368,-2.7651515,-0.38919088,-0.07419036,-4.476929,5.579987,4.9617953,-0.8335594,1.9030863,2.0137594,-6.2748375,-0.7502104,4.39214,-4.1291437,-1.1877558,2.458554,0.69727093,-1.5375637,0.40407896,-11.611519,4.6868186,1.3290672,2.9111907,3.8261964,0.7567925,-7.5048695,-1.1903555,5.404103,4.0778,-9.451372,3.760684,-2.0479748,1.8086363,13.693106,10.7814455,4.297531,2.4323866,5.765652,4.833058,3.5755484,2.5629377,-4.1895313,-0.5061714,-9.162756,3.5910974878153015,-0.6035513496052204,-0.4894899,-1.041969,18,8.843231869529488,9.086292672257755,4.992335142483425,89.97431422544209,90.01273852087567,120.92538050818074,344.1171894016875,4.26699,0.94549,0.94549,4.26699,4.56291,4.56288,4.56291,4.56291,4.56291,0.0523077618740766,1,1,0,0,0,0,0,4.56288,4.26699,4.56288,0.0,0.0,0.0,0.0,0.0,0.0,0.0,0.0,0.0,0.0,0.0,0.0,0.0,0.0,0.0,1.73961,62.8019,1825.01,1049.09,0.0,0.0,0.0,1,62.8019,0.0,0.0,0.0,0.0,0.0,0,0.0,0.0,0.0,0.0,0.0,0.0,0.0,0.0,0.0,0.0,0.0,0.0,0.0,0.0,0.0,0.0,0.0,0.0,0.0,0.0,0.0,0.0,0.0,0.0,0.0,38.2727,0.11122,0.0639337,0.0,0.0,0.0,38.2727,0.0,0.0,0.0,0.0,0.0,0.0,0.0,0.0,0.0,0.0,0.0,0.0,0.0,0.0,0.0,0.0,0.0,0.0,0.0,0.0,0.0,0.0,0.0,0.0,0.0,0.0,0.0,0.0,0.0,0.0,116.979,0.33994,0.195411,0.0,0.0,0.0,1,50000,0.11122,0.0,0.33994,0.0,0.0877,0.57236,0.0332225603654485,0.1633422644415064,12.14501936356025,145.50324385989742,0.1527133953488372,0.1292819932763239,1.9297468930593915,1.7239482355493587,6.0
ANA,-6.5296764,-0.53726405,-2.4198043,-0.1258375,7.749184,7.026873,7.512209,2.10636,0.63278437,-7.6132083,0.50578505,2.3386304,-8.600265,-2.1362402,-3.0099833,-1.0800138,2.5920413,2.7676651,-5.072805,0.22517723,20.323275,-0.90938413,0.01331082,-0.5458008,-1.6418313,0.12768875,1.3987663,-5.217583,-6.709522,6.33065,-1.0429872,0.2792047,1.857563,-0.50344324,-11.36938,1.4424099,0.94953865,3.3085327,-1.2222588,-3.9507284,0.80717736,2.551681,2.3065977,0.20737737,5.865459,-0.9672022,1.7989199,9.189349,4.159561,-2.4405003,2.3155663,-0.9035609,4.394426,-0.763616,-4.3298793,-1.0136913,9.368849,5.9220963,3.4183693,6.568229,-4.863382,1.1437142,-0.4642824,-3.3453896,2.2836687336399577,-0.6350020822343133,-0.028134625,-2.5370238,144,13.411254,13.411254,13.411254,90.0,90.0,90.0,2412.17139757649,1.88888,1.88888,1.88888,1.88888,3.56666,3.56666,3.54697,3.55259,3.55259,0.0596972504294996,0,0,0,0,0,0,0,0.0,0.0,0.0,0.0,0.0,0.0,0.0,0.0,0.0,0.0,0.0,0.0,0.0,0.0,0.0,0.0,0.0,0.0,1.98537,0.0,0.0,0.0,265.747,1101.69,554.907,0,0.0,0.0,0.0,0.0,0.0,0.0,16,16.7549,16.4229,15.1687,17.6143,17.6186,16.5532,14.5035,15.1062,15.9893,15.7111,16.4304,17.4201,16.4088,17.198,18.4166,18.4307,0.0,0.0,0.0,0.0,0.0,0.0,0.0,0.0,0.0,0.0,0.0,0.0,64.8874,0.0269,0.0135491,0.0,0.0,0.0,0.0,0.0,0.0,4.72786,3.85947,4.14893,4.29367,4.34191,3.23231,3.61826,3.81123,4.24542,5.1138,3.90772,3.95596,4.48664,4.24542,3.57001,3.3288,0.0,0.0,0.0,0.0,0.0,0.0,0.0,0.0,0.0,0.0,0.0,0.0,538.059,0.22306,0.112352,1,50000,0.0,0.0269,0.0,0.22306,0.12592,0.65102,0.0,0.0,0.0,0.0,0.0,0.0,0.0,0.0,48.0
VFI,-13.681813,3.9211297,1.8844147,-8.225621,-2.406181,20.989311,1.5798861,4.6422515,0.40165648,2.8897092,1.2960256,-11.213332,2.9618669,-6.8163595,-8.449578,-2.317979,-11.324454,1.006821,2.4818711,2.4445138,1.5699985,-12.573016,8.992195,-1.104537,3.8287115,-1.2095075,3.1550877,-1.6025149,-0.44259158,-3.505572,-3.298336,-3.2056015,-7.036266,6.54329,-0.79032606,-14.426408,0.29807812,10.427295,-2.59103,-2.687264,-1.0588169,2.0904326,-1.0175433,-4.657105,3.954625,2.372564,6.0200925,-9.394446,-2.0628214,-8.024044,-0.10869755,6.923417,-0.37146327,2.7990408,1.7944368,-2.3726223,-1.0590789,-3.39826,-1.506841,-9.342018,-1.062913,3.7129745,-7.2481585,10.238367,-3.365256130063898,0.9665173719301713,3.2834427,-5.1724634,108,18.29011358876281,18.290547673410494,8.305967000282028,90.00053085741591,90.00039480805223,119.85448274901194,2409.8993129697024,11.08958,1.16529,1.17098,11.08958,11.56,11.42253,11.56,11.42253,11.42253,0.0448151503337757,1,1,0,0,0,0,0,11.5601,11.0895,11.5601,0.0,0.0,0.0,0.0,0.0,0.0,0.0,0.0,0.0,0.0,0.0,0.0,0.0,0.0,0.0,1.49043,319.591,1326.16,889.784,5.79555,24.049,16.1356,1,319.591,0.0,0.0,0.0,0.0,0.0,4,2.07239,1.6303,0.88524,1.20763,0.0,0.0,0.0,0.0,0.0,0.0,0.0,0.0,0.0,0.0,0.0,0.0,0.0,0.0,0.0,0.0,0.0,0.0,0.0,0.0,0.0,667.301,0.2769,0.185785,0.626574,0.00026,0.000174446,667.301,0.0,0.0,0.0,0.0,0.0,0.289188,0.096396,0.048198,0.192792,0.0,0.0,0.0,0.0,0.0,0.0,0.0,0.0,0.0,0.0,0.0,0.0,0.0,0.0,0.0,0.0,0.0,0.0,0.0,0.0,0.0,1002.86,0.41614,0.279208,26.0269,0.0108,0.00724623,1,50000,0.2769,0.00026,0.41614,0.0108,0.08604,0.48702,0.0332225920930232,0.1522436261225767,12.122723874680574,145.2518474709153,0.385310069833887,0.2365809198789028,0.471106494911857,-1.7778872441123208,36.0
AST,2.5158439,7.651409,-7.6589212,0.13399923,2.24005,-2.030641,-11.51225,-0.52009475,7.1029162,-0.5784588,-2.2549453,-5.927177,10.018818,1.8695606,-9.06856,1.5847611,-2.607447,-2.6312096,-5.9076185,-0.8986347,0.72696346,1.0987811,2.0292988,-1.9475359,-1.8976375,-1.4834257,8.917811,1.2476841,9.867485,-0.021549448,1.7500776,1.6119716,1.8826241,2.5691733,6.8801465,-3.0229268,9.243084,-5.825444,0.81248754,-8.994716,4.138124,0.85049826,-1.8688366,6.287567,6.3108926,-10.711586,4.915675,-3.28176,-2.3936224,2.8894897,2.680096,-2.6799226,-2.2523386,9.05806,-4.013085,1.2489023,-5.3083572,15.78139,0.5029367,6.2814193,17.329458,-0.18956497,-9.926058,-5.821451,-0.3271080903953553,0.29364303643205303,-1.0029377,-5.0724335,120,13.007382002583302,13.008313030973463,13.481147028106992,89.99251376293019,90.00084811564751,89.997885768514,2281.0652854859068,1.1731,1.1731,1.1731,1.15312,6.09532,6.0952,6.0952,6.0952,6.0952,0.0526069993540048,0,0,0,0,0,0,0,0.0,0.0,0.0,0.0,0.0,0.0,0.0,0.0,0.0,0.0,0.0,0.0,0.0,0.0,0.0,0.0,0.0,0.0,1.74957,0.0,0.0,0.0,389.073,1705.66,974.907,0,0.0,0.0,0.0,0.0,0.0,0.0,4,98.0789,94.7071,99.39,96.897,0.0,0.0,0.0,0.0,0.0,0.0,0.0,0.0,0.0,0.0,0.0,0.0,0.0,0.0,0.0,0.0,0.0,0.0,0.0,0.0,0.0,0.0,0.0,0.0,276.146,0.12106,0.0691943,0.0,0.0,0.0,0.0,0.0,0.0,67.337,71.5342,69.025,68.2495,0.0,0.0,0.0,0.0,0.0,0.0,0.0,0.0,0.0,0.0,0.0,0.0,0.0,0.0,0.0,0.0,0.0,0.0,0.0,0.0,0.0,0.0,0.0,0.0,794.404,0.34826,0.199055,1,50000,0.0,0.12106,0.0,0.34826,0.07676,0.57498,0.0,0.0,0.0,0.0,0.0,0.0,0.0,0.0,40.0
PWO,-4.8441358,2.6121962,-2.433398,-0.5727134,6.784065,0.04237336,3.6600409,2.1855268,7.0287347,-6.5239186,2.3277612,-1.2591916,8.353895,9.083431,-2.5296674,2.8861396,3.1352103,3.67195,-10.6792345,0.6552384,6.265195,-3.9133425,-1.2752396,1.5469226,-3.6378589,3.367145,2.8403375,-1.8713945,-2.9003825,4.0568624,-2.7728937,1.7852255,2.4732883,1.2476515,-3.346309,3.9796362,-1.15003,-3.0228713,0.9122322,-5.030403,4.3888264,1.3317301,5.3059034,3.9388309,1.4623467,-8.696258,-1.9299589,5.9515705,1.0482291,-11.8504925,7.468628,-3.356192,0.08202389,9.346342,6.326111,3.5141046,4.5361886,5.0622783,2.4880154,3.1321702,-5.438701,-2.3341255,1.556951,-7.1682744,2.9980678389601394,-0.9319874000557745,-0.3707245,-1.6867454,60,9.052030297597604,11.684742,10.833531154954834,90.0,92.63483218854044,90.0,1144.6581038022784,3.75783,0.69012,3.75783,3.75783,4.50549,4.5042,4.50549,4.50549,4.50549,0.052417398523362,1,2,0,0,0,0,0,4.5055,3.75779,4.5055,0.0,0.0,0.0,0.0,0.0,0.0,0.0,0.0,0.0,0.0,0.0,0.0,0.0,0.0,0.0,1.74326,240.782,2103.53,1206.66,0.0,0.0,0.0,1,240.782,0.0,0.0,0.0,0.0,0.0,0,0.0,0.0,0.0,0.0,0.0,0.0,0.0,0.0,0.0,0.0,0.0,0.0,0.0,0.0,0.0,0.0,0.0,0.0,0.0,0.0,0.0,0.0,0.0,0.0,0.0,152.949,0.13362,0.0766495,0.0,0.0,0.0,152.949,0.0,0.0,0.0,0.0,0.0,0.0,0.0,0.0,0.0,0.0,0.0,0.0,0.0,0.0,0.0,0.0,0.0,0.0,0.0,0.0,0.0,0.0,0.0,0.0,0.0,0.0,0.0,0.0,0.0,0.0,433.001,0.37828,0.216996,0.0,0.0,0.0,1,50000,0.13362,0.0,0.37828,0.0,0.05086,0.57086,0.0332225906378737,0.0722107320004879,9.847496635143544,105.46149151175383,0.1476707109634552,0.1224763117059021,1.9716767894197769,1.931841523902344,20.0
BPH,-12.339447,5.2854195,4.028371,0.15488893,7.4015403,12.636527,1.5867038,6.5167637,-3.6359804,9.730974,1.2504406,-7.158149,4.2618566,7.49069,-0.4370335,0.31592256,23.552876,2.6195583,-2.731741,0.16131848,-5.1034093,1.9790865,-7.623679,0.21377085,-2.4508615,4.5882945,1.0509195,-1.4938136,1.9366641,-1.2892914,8.375828,-2.3005545,0.4903521,-1.8788126,6.1893377,-0.44997764,4.359606,-0.23125882,-1.7619034,-2.295206,-0.51464814,-1.789516,9.688723,-5.015069,3.0379868,-8.367929,3.0727298,0.8408667,0.43737566,-2.4843874,9.933723,0.37585405,3.05157,6.0717173,-3.867814,4.5816536,-7.664762,-13.165616,-9.289199,5.1745563,15.115001,-7.1289988,-3.1071384,4.552427,-1.1097605683747662,1.6103540989333684,0.46190536,-6.127425,84,12.953651000000155,12.95365015845534,12.982696,90.0,90.0,120.00001865642729,1886.5998420759008,5.58367,2.9541,2.9541,5.58367,8.95063,8.95063,8.95063,8.95063,8.95063,0.0445245452303078,1,3,0,0,0,0,0,8.95062,5.58364,8.95062,0.0,0.0,0.0,0.0,0.0,0.0,0.0,0.0,0.0,0.0,0.0,0.0,0.0,0.0,0.0,1.48076,396.342,2100.83,1418.74,0.380648,2.01764,1.36257,1,396.342,0.0,0.0,0.0,0.0,0.0,2,0.240465,0.140183,0.0,0.0,0.0,0.0,0.0,0.0,0.0,0.0,0.0,0.0,0.0,0.0,0.0,0.0,0.0,0.0,0.0,0.0,0.0,0.0,0.0,0.0,0.0,441.502,0.23402,0.15804,0.0,0.0,0.0,441.502,0.0,0.0,0.0,0.0,0.0,0.0,0.0,0.0,0.0,0.0,0.0,0.0,0.0,0.0,0.0,0.0,0.0,0.0,0.0,0.0,0.0,0.0,0.0,0.0,0.0,0.0,0.0,0.0,0.0,0.0,882.929,0.468,0.316053,0.0,0.0,0.0,1,50000,0.23402,0.0,0.468,0.0,0.04666,0.48534,0.033222618372093,0.0856893811175067,11.823028559175432,140.13806536122092,0.2882608674418603,0.1958559145192644,0.894897513868426,-1.1793843411704836,28.0
IWR,-2.9509149,-2.9095595,1.9095736,-3.2675216,1.3828325,4.1715784,-2.235198,3.2406535,-4.1261377,3.394229,1.8692105,-9.06371,4.852519,-2.8381627,0.806315,-2.0141196,1.2799951,0.872295,3.9335427,-0.09543052,2.5058722,-4.1904607,-0.67135835,0.3840093,1.5111115,5.8105087,0.98378384,-0.7827438,6.9095855,-8.342641,2.0770617,-1.7049918,7.337824,2.301837,2.0516152,-4.3255167,4.931458,4.2204685,1.4242342,-4.3267045,-0.952439,-3.0434322,4.0949063,-2.4557354,0.064549565,-0.045268625,0.11412044,-0.21771005,-0.37414134,5.8156853,-4.0007176,6.164219,0.87056017,3.3440976,2.9950445,-0.11353654,-0.91064966,-3.2442527,4.1390615,-7.293424,4.9467063,-1.8935918,-1.953392,1.3290431,-2.2186410391077303,0.2759742083510319,1.1437829,-4.0654426,168,20.9831390000006,13.437025000314952,12.490873000310346,89.99920405289036,89.99997258615099,89.99999999990654,3521.8136749061214,5.17334,4.34377,4.34376,5.17334,7.04589,7.04582,7.04572,6.52835,6.52835,0.0477026939832296,1,3,0,0,0,0,0,7.04599,5.17323,7.04599,0.0,0.0,0.0,0.0,0.0,0.0,0.0,0.0,0.0,0.0,0.0,0.0,0.0,0.0,0.0,1.58646,665.949,1890.93,1191.91,0.982341,2.7893,1.75819,1,665.949,0.0,0.0,0.0,0.0,0.0,4,0.420549,0.221045,0.100282,0.240465,0.0,0.0,0.0,0.0,0.0,0.0,0.0,0.0,0.0,0.0,0.0,0.0,0.0,0.0,0.0,0.0,0.0,0.0,0.0,0.0,0.0,735.073,0.20872,0.131563,0.0,0.0,0.0,735.073,0.0,0.0,0.0,0.0,0.0,0.0,0.0,0.0,0.0,0.0,0.0,0.0,0.0,0.0,0.0,0.0,0.0,0.0,0.0,0.0,0.0,0.0,0.0,0.0,0.0,0.0,0.0,0.0,0.0,0.0,1445.35,0.4104,0.258689,0.0,0.0,0.0,1,50000,0.20872,0.0,0.4104,0.0,0.07122,0.51838,0.0332226066777408,0.0439474520925364,8.395634548449662,79.18162122628989,0.2267126710963455,0.16987244947504,1.2941598455007948,-0.289220226980504,56.0
MEP,-0.79072386,-6.0365553,4.277858,-1.5358243,2.086245,-9.643692,0.7938125,-1.8723446,-8.722386,-2.3318634,9.032316,-12.240184,19.483541,-2.238292,-13.913389,-8.705656,-3.8121154,2.1858625,-0.35460314,1.6784093,2.2000082,0.7622837,3.6614933,-0.9749726,-6.000469,7.9525785,3.8347073,-6.2736363,17.072178,0.65221924,2.3182056,-5.186473,10.87929,-4.318432,-1.7068384,-3.9001267,5.080007,-3.2067523,-0.20732103,-8.970674,2.0473204,-5.034595,-6.9494505,-14.66826,-4.199441,-0.39758042,0.8035863,-2.5471766,-11.995563,6.9541745,0.0680432,-3.2406,-3.4541347,5.9168715,2.1837752,-2.4942253,0.3450736,-0.9155265,8.809135,9.0860815,14.284058,-0.32472923,-11.683857,-4.8047204,-0.8037605168964679,1.0119343621239492,0.3220034,0.6393972,138,13.240400036839596,13.201772833820842,13.28155448311296,89.62299496877853,89.52914032256707,90.16480939651902,2321.4339853017527,1.09516,1.07807,1.09516,1.06633,4.47738,4.46052,4.47738,4.2709,4.47738,0.0594460152103192,0,0,0,0,0,0,0,0.0,0.0,0.0,0.0,0.0,0.0,0.0,0.0,0.0,0.0,0.0,0.0,0.0,0.0,0.0,0.0,0.0,0.0,1.97701,0.0,0.0,0.0,302.893,1304.77,659.969,0,0.0,0.0,0.0,0.0,0.0,0.0,8,23.9279,43.1694,41.1369,42.681,43.9868,42.5002,22.4417,43.0489,0.0,0.0,0.0,0.0,0.0,0.0,0.0,0.0,0.0,0.0,0.0,0.0,0.0,0.0,0.0,0.0,0.0,0.0,0.0,0.0,125.822,0.0542,0.0274151,0.0,0.0,0.0,0.0,0.0,0.0,7.38216,18.8036,17.9679,17.8286,19.5929,18.1536,7.84645,18.2465,0.0,0.0,0.0,0.0,0.0,0.0,0.0,0.0,0.0,0.0,0.0,0.0,0.0,0.0,0.0,0.0,0.0,0.0,0.0,0.0,577.341,0.2487,0.125796,1,50000,0.0,0.0542,0.0,0.2487,0.09714,0.65416,0.0,0.0,0.0,0.0,0.0,0.0,0.0,0.0,46.0
STW,-1.0411116,-3.3413868,7.7671566,-1.0701067,-0.7626076,7.3051805,-6.494582,5.007918,-0.16200617,6.3538504,8.1393,-2.0720723,6.9259815,1.3393725,0.035674363,-0.39528883,6.0818825,-4.1376195,0.50984967,2.6979468,5.170249,3.0979438,-2.93444,-2.4356062,-5.5247474,10.978939,1.763134,-0.18351734,1.0894771,-6.620863,-7.828745,0.37798563,7.101371,0.5146334,4.6513453,-4.0466375,8.467221,7.647962,1.8941926,-8.233971,2.1971288,-0.7887369,8.484617,-4.5934577,0.39658254,4.171283,-3.6321018,0.54731226,1.802427,1.775471,-3.317656,4.4889703,6.189255,2.9372215,14.102105,0.6266485,8.2230835,-0.6695764,5.9662614,-4.391544,2.7115335,-7.7573614,3.0527208,-5.309367,0.4322957958299482,0.005333985279675022,0.03551715,-3.7663038,180,11.931681000000545,11.931698829320744,29.559913000000424,90.00000964770793,89.99998070455939,119.9999788376458,3644.49863811864,4.34432,2.77705,2.77729,4.34432,4.95174,4.93881,4.94941,4.94629,4.94629,0.0493895094697907,1,3,0,0,0,0,0,4.95174,4.34442,4.95174,0.0,0.0,0.0,0.0,0.0,0.0,0.0,0.0,0.0,0.0,0.0,0.0,0.0,0.0,0.0,1.64256,832.32,2283.77,1390.37,0.0,0.0,0.0,1,832.32,0.0,0.0,0.0,0.0,0.0,0,0.0,0.0,0.0,0.0,0.0,0.0,0.0,0.0,0.0,0.0,0.0,0.0,0.0,0.0,0.0,0.0,0.0,0.0,0.0,0.0,0.0,0.0,0.0,0.0,0.0,586.91,0.16104,0.0980421,0.0,0.0,0.0,586.91,0.0,0.0,0.0,0.0,0.0,0.0,0.0,0.0,0.0,0.0,0.0,0.0,0.0,0.0,0.0,0.0,0.0,0.0,0.0,0.0,0.0,0.0,0.0,0.0,0.0,0.0,0.0,0.0,0.0,0.0,1516.55,0.41612,0.253336,0.0,0.0,0.0,1,50000,0.16104,0.0,0.41612,0.0,0.04764,0.53624,0.0332226135215946,0.0762383333236311,10.48014863803058,115.65719164208534,0.160947611295681,0.131354438098893,1.8271508250534945,1.3760362571507176,60.0
SSY,1.0316963,-5.2817745,1.936373,-4.080653,0.92494726,1.3775833,-2.673831,-2.8191779,-3.458595,6.7373166,-3.5006406,-3.3842404,2.4531245,1.7246591,2.1033058,-2.76967,-5.0206323,1.3005768,-5.1341953,2.4920073,-6.1237316,-3.1406684,2.5069227,2.265601,0.31713802,-1.1860768,-0.6236853,5.1046295,-3.1853406,2.269171,-2.1805933,-2.1118832,-5.985193,-2.5425124,2.6856403,2.43254,-0.62951225,8.019306,-2.262546,2.5720234,-6.9780836,7.2264156,-1.0300064,-4.9382806,-1.009695,3.1428394,5.8639693,-0.41727647,-3.2358527,-4.9454274,1.4421964,4.9095945,-2.0792847,10.38809,-6.4995456,-1.0966806,6.6724825,1.9772469,1.433379,-10.684466,-4.0683236,2.6851053,-2.48032,11.780411,-1.8622264174509544,-2.26355491123393,3.8337903,-3.892501,84,4.997759886621705,21.97518914269365,13.828231308384634,90.04378987938883,90.14273683710267,90.23595663664597,1518.6912247221896,5.14583,5.14583,1.17336,0.7198,6.46567,6.45276,3.67168,6.30536,6.45276,0.0553107824899468,2,1,1,0,0,0,0,6.46572,5.14579,6.46572,6.45912,5.14578,6.45912,0.0,0.0,0.0,0.0,0.0,0.0,0.0,0.0,0.0,0.0,0.0,0.0,1.83949,207.883,1368.83,744.136,0.0,0.0,0.0,2,104.113,103.77,0.0,0.0,0.0,0.0,0,0.0,0.0,0.0,0.0,0.0,0.0,0.0,0.0,0.0,0.0,0.0,0.0,0.0,0.0,0.0,0.0,0.0,0.0,0.0,0.0,0.0,0.0,0.0,0.0,0.0,197.521,0.13006,0.0707045,0.0,0.0,0.0,100.507,97.014,0.0,0.0,0.0,0.0,0.0,0.0,0.0,0.0,0.0,0.0,0.0,0.0,0.0,0.0,0.0,0.0,0.0,0.0,0.0,0.0,0.0,0.0,0.0,0.0,0.0,0.0,0.0,0.0,0.0,427.026,0.28118,0.152858,0.0,0.0,0.0,1,50000,0.13006,0.0,0.28118,0.0,0.11268,0.60614,0.0332226028770764,0.143413461702899,12.08123214615527,144.59441485249565,0.2153864053156146,0.16847125826226,1.381371386208376,-0.0907607827272807,28.0
SEW,-1.0030878,-1.474538,-0.19853649,-0.44547683,-1.9017429,-0.9379726,-0.86072254,-0.90440965,-0.45589492,1.1443511,-0.14970995,-1.1965233,0.3681609,-1.9720279,1.5974178,-0.9612786,-0.5222644,0.17042722,0.58837533,0.45427766,-2.1165743,0.4013451,-0.09378484,0.71065396,0.63039166,1.6039726,-1.1528363,-0.9014108,1.7488527,-0.81765264,-1.5288708,0.09799531,0.83251256,0.5933552,1.4734844,-2.3683121,1.7357869,0.97087073,0.21096553,-0.7944423,0.5553389,-1.1820705,1.6996493,-2.358665,-0.29090548,-0.90797687,-0.7386808,-1.2283007,0.98544323,0.5209204,-0.58839774,1.5300491,0.75553083,0.99158597,0.47375622,-0.5073185,-1.2398666,1.0967133,0.7556845,-3.1868064,-0.7085626,-0.77787054,0.06428468,1.3238175,-1.1261184761922138,-0.6623345549217005,1.8755598,-3.176471,198,24.32263700099498,11.429119000482322,14.24545000000007,90.00000402207763,90.00000637773364,89.99895537580174,3960.040117450229,5.12233,4.57732,5.12233,1.06733,6.40124,6.40124,6.38899,6.38093,6.38899,0.0499994934716689,1,2,0,0,0,0,0,6.39664,5.12234,6.39539,0.0,0.0,0.0,0.0,0.0,0.0,0.0,0.0,0.0,0.0,0.0,0.0,0.0,0.0,0.0,1.66285,668.637,1688.46,1015.4,11.2327,28.365,17.0581,1,668.637,0.0,0.0,0.0,0.0,0.0,6,3.52399,1.006,0.784958,0.764478,1.36829,3.78494,0.0,0.0,0.0,0.0,0.0,0.0,0.0,0.0,0.0,0.0,0.0,0.0,0.0,0.0,0.0,0.0,0.0,0.0,0.0,699.581,0.17666,0.106239,0.475205,0.00012,7.21654e-05,699.581,0.0,0.0,0.0,0.0,0.0,0.0792008,0.0,0.0792008,0.0792008,0.0,0.237602,0.0,0.0,0.0,0.0,0.0,0.0,0.0,0.0,0.0,0.0,0.0,0.0,0.0,0.0,0.0,0.0,0.0,0.0,0.0,1413.18,0.35686,0.214608,25.7403,0.0065,0.00390896,1,50000,0.17666,0.00012,0.35686,0.0065,0.08744,0.5492,0.0332225963455149,0.1047005803199073,11.45797701245356,133.579767970854,0.2094185481727575,0.162769656133491,1.4119145005826834,0.0025087552275149,66.0
AEL,-7.2326303,-2.485213,-2.9938197,-1.0191014,-6.466521,-2.3892677,5.3628955,-1.1701722,3.1479342,1.5336142,0.20959793,-3.0473344,1.4696132,-2.5762374,-2.9771602,-2.3666809,-3.6639698,0.5662972,-1.4529096,1.1122967,-7.1796985,-0.8728037,5.376721,1.2781652,-2.3713398,-1.6981473,0.17117846,6.0991397,0.616409,2.1475968,-1.8608744,-2.2768807,-3.976228,0.7331308,-1.2846413,-5.59991,1.4585748,6.497197,-0.65682185,2.495585,-2.0820515,0.25926673,-7.3206754,-2.0112295,-0.6582821,5.279681,-1.4070967,-11.847911,-4.484509,3.205853,-4.465522,-2.711138,-2.6525004,2.2535393,-6.3777566,-2.7122605,-7.3171906,-3.7330003,0.6420945,-0.16937177,-6.6152854,2.3436594,-2.235028,5.269116,-1.8202554493347813,-0.4235770225051994,3.0284023,-3.7857862,120,8.273437,18.307783514539217,13.375136553446698,89.77356782880564,90.0,90.0,2025.8932888029549,3.88264,3.88264,1.129,1.1315,4.92836,4.92212,4.10996,4.91609,4.92212,0.0592331297325658,2,1,1,0,0,0,0,4.9284,3.88218,4.9284,4.92221,3.88273,4.92221,0.0,0.0,0.0,0.0,0.0,0.0,0.0,0.0,0.0,0.0,0.0,0.0,1.96993,216.919,1070.73,543.538,3.72774,18.4005,9.34066,2,109.696,107.223,0.0,0.0,0.0,0.0,8,0.742936,0.540251,0.0,0.339687,0.0,0.720335,0.823798,0.560732,0.0,0.0,0.0,0.0,0.0,0.0,0.0,0.0,0.0,0.0,0.0,0.0,0.0,0.0,0.0,0.0,0.0,139.989,0.0691,0.0350773,0.0810357,4e-05,2.03053e-05,72.2028,67.7864,0.0,0.0,0.0,0.0,0.0,0.0,0.0,0.0,0.0,0.0405179,0.0405179,0.0,0.0,0.0,0.0,0.0,0.0,0.0,0.0,0.0,0.0,0.0,0.0,0.0,0.0,0.0,0.0,0.0,0.0,406.354,0.20058,0.101821,9.72429,0.0048,0.00243663,1,50000,0.0691,4e-05,0.20058,0.0048,0.14792,0.6467,0.0332225930232558,0.1010237885085747,11.414182360804697,139.51274155402828,0.1634580332225913,0.1350496749231675,1.8130032192913708,1.3008904334369236,40.0
AVL,-8.869147,3.8600757,-3.1827948,0.39375776,-1.4883156,-0.4414571,4.6742296,2.9414897,2.808818,-0.83355176,0.83547956,-2.5477614,-3.00551,-2.4485168,-4.1157246,1.3389096,5.2868814,2.6512413,-3.9795349,0.23459443,-2.9284744,-0.61727285,4.3496637,1.085793,-1.5407807,-4.2331085,-1.0520825,-6.6106296,0.3620105,4.1074944,3.0937352,-2.666517,-4.674938,7.4366827,-0.86503285,-0.17241335,-1.5712293,-1.0398386,-1.5832719,1.6194938,-0.38764435,-1.3936546,2.4376156,-2.688793,0.25431496,-5.996438,-0.09408502,-4.08915,-3.0846338,-5.2296343,6.349399,3.7254188,0.9315368,0.34315482,-3.8538256,-3.8825195,-2.794152,-0.6659299,-2.8740132,2.83528,-5.1511064,-2.6609437,-3.301294,3.4183779,-1.5882147676509508,0.37211531017759486,2.5526497,-3.9563277,126,13.24026000000064,13.240259823929362,17.31202700000003,90.00000598218887,89.99999236301527,120.0000377368264,2628.2786575160294,3.13823,3.13823,3.13822,2.08588,6.66368,6.66368,6.25027,6.29064,6.66368,0.0479401221935431,1,3,0,0,0,0,0,6.66553,3.13824,6.65666,0.0,0.0,0.0,0.0,0.0,0.0,0.0,0.0,0.0,0.0,0.0,0.0,0.0,0.0,0.0,1.59436,570.688,2171.34,1361.89,7.22562,27.4918,17.2432,1,570.688,0.0,0.0,0.0,0.0,0.0,3,2.88982,1.90642,2.42937,0.0,0.0,0.0,0.0,0.0,0.0,0.0,0.0,0.0,0.0,0.0,0.0,0.0,0.0,0.0,0.0,0.0,0.0,0.0,0.0,0.0,0.0,449.909,0.17118,0.107366,0.841049,0.00032,0.000200708,449.909,0.0,0.0,0.0,0.0,0.0,0.420525,0.315393,0.105131,0.0,0.0,0.0,0.0,0.0,0.0,0.0,0.0,0.0,0.0,0.0,0.0,0.0,0.0,0.0,0.0,0.0,0.0,0.0,0.0,0.0,0.0,1102.93,0.41964,0.263203,27.4918,0.01046,0.00656064,1,50000,0.17118,0.00032,0.41964,0.01046,0.04606,0.52384,0.0332225781727574,0.0535742025267175,9.08230258223912,89.81821092917002,0.2096031428571428,0.1567871627771196,1.39493108286359,0.0051204819202657,42.0
SFF,3.8611526,-6.4665937,1.8133566,0.80054814,1.542864,0.7493518,-3.1438084,-2.1770356,-5.9858418,4.512592,0.25681773,6.3695884,3.5164473,0.31909415,-1.9435587,6.39976,-3.3957996,2.691219,4.037477,-0.05184704,-4.569463,-7.5053596,6.3635874,2.124442,-0.22278734,0.93114245,3.5892355,-7.1053843,0.6632731,-1.1186672,1.1498995,-0.22987804,-1.1396666,0.17876616,0.8606774,4.0377617,0.9279257,4.047475,1.2611957,-10.542086,-1.2114248,0.69881314,1.7861218,4.3333335,-1.0923127,-1.544244,-0.75954884,4.534926,-0.37391913,-3.4042943,0.06281641,8.139793,-1.6639346,5.7537413,7.142544,6.8009834,5.7352204,1.2393733,2.6041079,-7.6003284,2.0838802,-2.205484,3.144332,-4.6629915,-0.2821788336449528,-1.7179502846735137,2.244921,-2.1293976,96,11.476887386362426,21.705864000001704,7.303416523934329,90.00002914082654,94.76128310638228,89.9999606830131,1813.117718337449,5.06102,0.96004,0.96979,5.06102,7.20886,7.20025,7.20025,7.20886,7.20886,0.0529474722071702,2,1,1,0,0,0,0,7.20024,5.06079,7.20024,7.20884,5.061,7.20884,0.0,0.0,0.0,0.0,0.0,0.0,0.0,0.0,0.0,0.0,0.0,0.0,1.76089,299.182,1650.1,937.083,0.0,0.0,0.0,2,151.513,147.669,0.0,0.0,0.0,0.0,0,0.0,0.0,0.0,0.0,0.0,0.0,0.0,0.0,0.0,0.0,0.0,0.0,0.0,0.0,0.0,0.0,0.0,0.0,0.0,0.0,0.0,0.0,0.0,0.0,0.0,301.413,0.16624,0.0944069,0.0,0.0,0.0,149.183,152.229,0.0,0.0,0.0,0.0,0.0,0.0,0.0,0.0,0.0,0.0,0.0,0.0,0.0,0.0,0.0,0.0,0.0,0.0,0.0,0.0,0.0,0.0,0.0,0.0,0.0,0.0,0.0,0.0,0.0,642.569,0.3544,0.201262,0.0,0.0,0.0,1,50000,0.16624,0.0,0.3544,0.0,0.07198,0.57362,0.0332225734219269,0.1469228426815482,12.129584996290829,145.25369523165236,0.2415780431893687,0.1823095407053918,1.202089307946807,-0.5540274603108832,32.0
EDI,-14.362676,6.898245,5.9946604,2.6479917,16.164925,9.693325,10.126731,6.1108246,1.907751,4.7045364,-1.6881601,-4.472103,7.751799,10.557884,-8.766853,-7.327734,25.375717,-2.5401983,-13.272596,-1.0869073,1.5308646,3.1542797,-12.715094,-2.582022,-0.57368684,12.413024,-0.093856394,-3.3247933,-1.5767459,10.208812,8.096557,-0.49519825,5.7426124,3.9886444,-1.1346419,-5.1833,3.7196448,1.3865875,-2.5503736,-9.050991,-3.4644506,0.20518142,17.33135,3.2428772,-0.9226086,-13.200508,3.228293,13.351003,-2.2062469,-10.888907,17.285795,-3.031187,5.0840654,2.0054631,-2.5030494,9.768169,1.1501344,-11.437625,-5.177497,15.573023,7.238752,-8.585081,-1.8197956,-2.3314018,3.4557276335019247,-0.7133464482837905,-1.833644,-2.00068,15,6.875971,6.875971,6.355157,90.0,90.0,90.0,300.46532285992384,2.96322,2.56012,2.56474,2.96322,4.79132,4.79132,4.79132,4.79132,4.79132,0.0499225662955886,1,3,0,0,0,0,0,4.79131,2.9632,4.79131,0.0,0.0,0.0,0.0,0.0,0.0,0.0,0.0,0.0,0.0,0.0,0.0,0.0,0.0,0.0,1.66029,75.0621,2498.2,1504.68,0.0,0.0,0.0,1,75.0621,0.0,0.0,0.0,0.0,0.0,0,0.0,0.0,0.0,0.0,0.0,0.0,0.0,0.0,0.0,0.0,0.0,0.0,0.0,0.0,0.0,0.0,0.0,0.0,0.0,0.0,0.0,0.0,0.0,0.0,0.0,33.598,0.11182,0.0673497,0.0,0.0,0.0,33.598,0.0,0.0,0.0,0.0,0.0,0.0,0.0,0.0,0.0,0.0,0.0,0.0,0.0,0.0,0.0,0.0,0.0,0.0,0.0,0.0,0.0,0.0,0.0,0.0,0.0,0.0,0.0,0.0,0.0,0.0,128.545,0.42782,0.257678,0.0,0.0,0.0,1,50000,0.11182,0.0,0.42782,0.0,0.03026,0.54192,0.0332225912093023,0.1138524184172654,11.96535009834356,142.5139302086103,0.1559738538205979,0.1286172739864279,1.8716969043319385,1.5208223228831432,5.0
CGS,-5.577293,0.052918874,-1.6636395,2.9930804,7.327514,4.2849455,9.630344,0.99495876,1.179794,-4.4903555,3.3043444,-2.9067483,12.70541,9.785234,-6.939831,-1.6011038,0.16331491,1.1078378,-9.520293,1.6037073,1.007529,-0.19677508,-0.30141148,-0.69487095,-3.8950038,4.7630596,0.772304,3.0196967,0.4210361,0.046220973,-7.767212,-1.1779933,-0.66794604,-5.3864202,-1.4334161,-0.69762707,-3.0301816,2.1379397,-1.3976872,-5.896585,3.0894587,-0.10136372,-0.9976417,-0.93976617,0.09695113,2.9052072,-0.48438305,-0.2875292,5.0858636,-6.3109913,-2.8725617,-2.8624914,1.7701546,5.577683,6.500407,2.9183428,1.0276327,3.570813,6.063477,-1.0688736,-2.4559805,-1.1185731,-0.10194796,-0.67498064,2.3447314047130456,-0.8909704920961128,0.12698165,-1.4926285,96,8.441635000000117,14.107268000000037,15.700816000000032,90.00000000000027,90.00001043650767,89.99998915127843,1869.785170800256,3.62646,3.62646,2.45821,2.45821,5.16648,5.12663,5.14181,5.15803,5.12663,0.0513427967550478,1,3,0,0,0,0,0,5.16645,3.62693,5.16645,0.0,0.0,0.0,0.0,0.0,0.0,0.0,0.0,0.0,0.0,0.0,0.0,0.0,0.0,0.0,1.70752,405.953,2171.12,1271.5,0.0,0.0,0.0,1,405.953,0.0,0.0,0.0,0.0,0.0,0,0.0,0.0,0.0,0.0,0.0,0.0,0.0,0.0,0.0,0.0,0.0,0.0,0.0,0.0,0.0,0.0,0.0,0.0,0.0,0.0,0.0,0.0,0.0,0.0,0.0,236.528,0.1265,0.074084,0.0,0.0,0.0,236.528,0.0,0.0,0.0,0.0,0.0,0.0,0.0,0.0,0.0,0.0,0.0,0.0,0.0,0.0,0.0,0.0,0.0,0.0,0.0,0.0,0.0,0.0,0.0,0.0,0.0,0.0,0.0,0.0,0.0,0.0,698.814,0.37374,0.218879,0.0,0.0,0.0,1,50000,0.1265,0.0,0.37374,0.0,0.0678,0.55846,0.0332225913754152,0.1289616982671389,12.027225713901377,143.5941842262824,0.1708292524916944,0.1398747012411783,1.7348666789832043,1.0153528254724329,32.0
LIO,2.022701,2.364734,-9.759417,-1.8481123,1.5834181,0.51955813,-7.938722,-1.4199862,4.454754,0.1614928,1.1422132,-4.8107767,7.531037,-4.8710904,-9.422012,2.440796,-4.167396,-0.4041022,-3.55881,0.68423796,0.27547997,-1.5415149,0.60464764,0.97418034,-2.5776572,-0.3509199,6.6257744,-2.9698997,9.691162,1.6628449,1.8285843,-2.4792135,-0.6515908,1.5153975,1.0408413,-2.6579585,8.4459505,-7.1939044,-0.5218849,-7.0947127,5.42884,-2.3787303,2.7771583,1.7744106,6.2918067,-7.3351026,5.8058014,-1.3785809,-1.0601199,3.9208064,5.362929,0.8026409,-1.4130672,8.970326,-5.319547,-2.5469844,-5.4910474,9.489692,2.6187522,5.377759,11.03211,-3.2448132,-11.531204,-1.4394355,-1.3083180266675338,0.7213970199648213,-0.8699867,-5.0671234,108,12.341470222106643,12.34163725568893,15.335298505485898,90.54983987720595,89.45095922939448,120.18530033806132,2018.9335079613963,1.70618,1.65566,1.65566,1.70618,5.52699,5.42056,5.42409,5.50802,5.50802,0.0534935893500783,0,0,0,0,0,0,0,0.0,0.0,0.0,0.0,0.0,0.0,0.0,0.0,0.0,0.0,0.0,0.0,0.0,0.0,0.0,0.0,0.0,0.0,1.77905,0.0,0.0,0.0,330.689,1637.94,920.682,0,0.0,0.0,0.0,0.0,0.0,0.0,6,19.7595,162.195,18.9756,90.9867,17.7196,21.0526,0.0,0.0,0.0,0.0,0.0,0.0,0.0,0.0,0.0,0.0,0.0,0.0,0.0,0.0,0.0,0.0,0.0,0.0,0.0,0.0,0.0,0.0,195.433,0.0968,0.054411,0.0,0.0,0.0,0.0,0.0,0.0,4.9262,116.856,4.88582,58.4683,4.60317,5.69339,0.0,0.0,0.0,0.0,0.0,0.0,0.0,0.0,0.0,0.0,0.0,0.0,0.0,0.0,0.0,0.0,0.0,0.0,0.0,0.0,0.0,0.0,661.564,0.32768,0.184188,1,50000,0.0,0.0968,0.0,0.32768,0.08744,0.58488,0.0,0.0,0.0,0.0,0.0,0.0,0.0,0.0,36.0
DAC,-9.826342,-0.13771205,1.4924147,0.9925404,-1.9555933,4.8039675,-1.6932031,7.718404,9.012915,-3.9761963,3.3754287,-7.631411,9.37666,10.909053,-11.031289,-0.012678444,3.9014566,3.1674936,-8.414073,0.3343395,9.120674,-8.513308,8.093706,0.78715247,-0.44281918,7.9970593,6.583291,-3.8338199,7.0843797,-4.611492,8.680761,-5.595133,-7.0446777,2.5411162,0.6876057,-0.016955376,-7.7124996,3.6155581,-0.9070992,-3.5287437,1.6273503,1.1485841,10.238511,4.318585,0.075942755,-11.771559,1.527424,-3.583506,-1.515824,-3.4462228,-1.6526445,2.1896553,0.71095276,2.2115662,3.9995894,1.6482725,0.50036645,13.615975,3.3422804,-3.5285108,-0.9927199,-3.2689462,-3.0375211,2.8911028,0.6303231117350542,0.9375448292626292,1.6869427,-0.7400529,72,18.389785957938145,7.3906000359641295,9.895814914407858,89.99757408276483,109.0458417748614,89.99038107285959,1271.329704858664,3.11355,0.68516,2.80372,3.11355,4.3483,4.33583,4.34768,4.3483,4.3483,0.0566336173258882,2,2,2,0,0,0,0,4.34768,3.11284,4.34768,4.34835,3.11367,4.34835,0.0,0.0,0.0,0.0,0.0,0.0,0.0,0.0,0.0,0.0,0.0,0.0,1.88348,236.665,1861.56,988.36,0.0,0.0,0.0,2,119.25,117.415,0.0,0.0,0.0,0.0,0,0.0,0.0,0.0,0.0,0.0,0.0,0.0,0.0,0.0,0.0,0.0,0.0,0.0,0.0,0.0,0.0,0.0,0.0,0.0,0.0,0.0,0.0,0.0,0.0,0.0,113.275,0.0891,0.0473061,0.0,0.0,0.0,56.2182,57.0573,0.0,0.0,0.0,0.0,0.0,0.0,0.0,0.0,0.0,0.0,0.0,0.0,0.0,0.0,0.0,0.0,0.0,0.0,0.0,0.0,0.0,0.0,0.0,0.0,0.0,0.0,0.0,0.0,0.0,402.071,0.31626,0.167913,0.0,0.0,0.0,1,50000,0.0891,0.0,0.31626,0.0,0.0717,0.61204,0.0332225954485049,0.099142760622165,11.640672731509326,141.14817556512975,0.1426222458471761,0.1194142657346651,2.020568995063357,2.104529693838286,24.0
SOF,-1.6197011,1.3937191,3.9335883,-0.20243132,-0.13873243,1.2555776,-2.6779854,2.8891346,9.291191,-3.0420847,3.4958537,-1.3087174,6.1929646,10.198734,-3.0820496,-1.1787739,4.07809,-0.88834393,-13.708415,1.8516138,8.850655,-1.2486552,-3.7584083,-1.7437485,-7.114489,6.3610067,-0.81158274,3.4497242,-3.8418472,0.8600078,-7.97766,3.7797399,1.5957127,-0.10516372,1.4676675,-2.8722312,0.7462519,7.5104957,0.8850658,-2.5343165,2.5083551,1.0269198,6.035218,-2.8409097,-0.5273514,1.0622804,-2.1958165,0.07569876,1.0342577,-8.109524,3.7891862,-4.6814623,1.1588641,3.9343114,8.498189,1.3759058,5.863969,8.35503,4.350876,-1.2615157,-6.9297767,-1.3279669,4.054376,-2.2763124,2.6005226051599974,-1.1866908402963903,0.16727117,-1.8167956,120,20.07175886156283,12.21402500000004,9.975769467690853,89.99999997501769,105.600666707718,90.0000073793657,2355.53100023356,3.66182,3.1859,3.1859,3.66182,4.61938,4.61938,4.61938,4.61938,4.61938,0.0509439272877756,1,3,0,0,0,0,0,4.6193,3.66177,4.6193,0.0,0.0,0.0,0.0,0.0,0.0,0.0,0.0,0.0,0.0,0.0,0.0,0.0,0.0,0.0,1.69426,538.314,2285.32,1348.86,0.0,0.0,0.0,1,538.314,0.0,0.0,0.0,0.0,0.0,0,0.0,0.0,0.0,0.0,0.0,0.0,0.0,0.0,0.0,0.0,0.0,0.0,0.0,0.0,0.0,0.0,0.0,0.0,0.0,0.0,0.0,0.0,0.0,0.0,0.0,328.738,0.13956,0.0823724,0.0,0.0,0.0,328.738,0.0,0.0,0.0,0.0,0.0,0.0,0.0,0.0,0.0,0.0,0.0,0.0,0.0,0.0,0.0,0.0,0.0,0.0,0.0,0.0,0.0,0.0,0.0,0.0,0.0,0.0,0.0,0.0,0.0,0.0,934.298,0.39664,0.234109,0.0,0.0,0.0,1,50000,0.13956,0.0,0.39664,0.0,0.04708,0.55628,0.0332226161461794,0.072529110669009,11.058858748187166,126.92195220960092,0.1473991827242524,0.1192383042974906,1.9486990156900188,1.867825543184586,40.0
ATS,-8.599701,1.0349054,-4.021962,-1.1637135,-3.8900566,2.6070828,3.6382763,-3.7855024,3.0303624,-1.7068695,1.6031476,-4.9613314,1.334524,1.253482,-2.3314483,3.8267283,-7.4083886,0.51414573,-3.8370254,-1.6870542,-6.397005,-6.382464,6.013104,0.3621562,-0.9857862,-3.829904,2.0999734,-1.5991231,2.5284867,-0.5741739,-1.0133753,-3.3768277,-5.489666,2.4296901,1.135197,-8.770398,0.79778796,6.061412,-1.4799088,-1.2442046,-0.73025364,-0.47702473,3.0290706,-0.84647757,1.326031,0.50818896,0.2656867,-6.7898607,0.076218486,-6.2857,1.8019636,4.2171545,-1.4538792,2.738194,-1.9618702,-1.7435806,-6.1889234,0.1760824,-3.2000074,-5.5447593,-2.828734,-0.07086572,1.6241114,2.6405334,-1.963727654722203,-0.2749695575822621,2.9017174,-4.0168014,72,13.020298238800407,21.307487000001736,5.098117706590738,89.99995857164362,88.9111585840278,89.99997317702925,1414.1145664521443,6.1475,1.42886,0.81818,6.1475,6.40477,6.30804,6.40477,6.40477,6.40477,0.0509152523480752,2,1,1,0,0,0,0,6.40473,6.14754,6.40473,6.40474,6.14757,6.40474,0.0,0.0,0.0,0.0,0.0,0.0,0.0,0.0,0.0,0.0,0.0,0.0,1.6933,221.078,1563.37,923.266,4.45125,31.4773,18.5893,2,111.195,109.883,0.0,0.0,0.0,0.0,4,1.16136,1.16455,1.22175,0.9036,0.0,0.0,0.0,0.0,0.0,0.0,0.0,0.0,0.0,0.0,0.0,0.0,0.0,0.0,0.0,0.0,0.0,0.0,0.0,0.0,0.0,226.739,0.16034,0.0946907,0.226258,0.00016,9.44899e-05,114.543,112.196,0.0,0.0,0.0,0.0,0.0848469,0.0282823,0.0282823,0.0848469,0.0,0.0,0.0,0.0,0.0,0.0,0.0,0.0,0.0,0.0,0.0,0.0,0.0,0.0,0.0,0.0,0.0,0.0,0.0,0.0,0.0,473.559,0.33488,0.197767,22.1168,0.01564,0.00923639,1,50000,0.16034,0.00016,0.33488,0.01564,0.09202,0.55746,0.0332225859634551,0.1365462246487928,11.960723871215766,145.58347150260946,0.2152162591362126,0.1683266634715364,1.3835572519362975,-0.0823775335639935,24.0
NON,5.8102946,2.7833521,-0.1371125,-0.9269852,-3.8582177,-6.2866473,-1.5978706,-1.7857722,-3.9755023,-7.545519,1.9149293,-1.5890459,4.177809,1.3804046,-7.2200146,3.8883755,-11.368916,1.5662421,4.0661016,-0.6890681,-1.3892578,4.19471,1.4098145,0.27020043,-3.8437276,0.3693552,-2.1857536,-6.6618905,2.943337,-2.1725981,-3.138005,1.5369151,2.0770125,-0.517414,-0.28934687,-5.2261143,0.6454004,0.5130811,-4.0140977,-8.861706,-0.44098753,0.48031098,-12.322084,-2.6778407,-0.5814453,5.9584723,1.0718862,-3.7890773,-9.851025,-4.1937885,-1.9152015,0.059062034,0.7591634,-4.541988,3.6018915,2.8531573,7.179597,2.3997874,-1.6705254,2.55251,7.7184825,8.219382,3.3721642,-9.628021,-0.804428144316661,-1.5527187959102287,3.7092416,-2.6895604,264,22.097120206929272,14.997027002009498,13.612896124357116,90.00115704668484,90.01553064419886,89.99853778210304,4511.192567204495,1.56532,1.24597,1.56532,1.43127,5.58485,5.57564,5.57729,5.5528,5.57729,0.0585211107854781,0,0,0,0,0,0,0,0.0,0.0,0.0,0.0,0.0,0.0,0.0,0.0,0.0,0.0,0.0,0.0,0.0,0.0,0.0,0.0,0.0,0.0,1.94625,0.0,0.0,0.0,501.039,1110.66,570.665,0,0.0,0.0,0.0,0.0,0.0,0.0,21,117.087,1.28425,121.207,1.22281,120.619,0.362288,0.402189,128.119,1.9269,1.38559,0.260946,0.260946,1.46327,1.30261,1.68644,1.36511,0.0,0.221045,0.240465,0.280366,0.341808,0.0,0.0,0.0,0.0,0.0,0.0,0.0,339.242,0.0752,0.0386384,0.0,0.0,0.0,0.0,0.0,0.0,81.1112,0.451119,90.7652,0.0,85.8029,0.0,0.0,80.7503,0.0,0.0902239,0.0,0.0,0.0,0.0,0.180448,0.0902239,0.0,0.0,0.0,0.0,0.0,0.0,0.0,0.0,0.0,0.0,0.0,0.0,959.17,0.21262,0.109246,1,50000,0.0,0.0752,0.0,0.21262,0.14794,0.63944,0.0,0.0,0.0,0.0,0.0,0.0,0.0,0.0,88.0
SIV,-4.3272815,-2.5602772,5.90176,-2.745665,-0.1093716,8.504799,-1.9865773,5.8203053,0.8588543,4.7881355,8.474339,-3.3035314,9.036667,1.8010796,0.073545724,-4.2670646,6.3805337,-4.631471,-1.9840926,2.6338243,9.152252,2.1469975,-3.5788069,-2.5220065,-3.8438203,14.181346,3.0704286,-0.1265662,1.4161271,-4.7916837,-7.8730583,-1.4467492,10.588601,1.6867785,0.90244466,-6.3832264,10.984562,10.363461,1.9291877,-10.517044,2.5517542,-2.1795435,9.808318,-2.9734275,2.1161914,1.2990298,-4.3314414,2.9960096,3.4894753,1.3708597,-3.963405,3.270742,8.977092,5.978632,12.491704,0.018247068,9.835722,-2.484539,8.8785925,-1.631014,1.6202186,-6.478097,2.705977,-6.8024535,1.366392509142273,0.2987556583070617,-0.12266711,-3.7623587,192,9.615523000000051,13.983955000000035,27.90149,90.0,90.0,89.99998994407328,3751.719191974636,3.16402,3.16402,2.67933,2.62042,4.85587,4.75853,4.85587,4.75853,4.75853,0.0511765380550629,1,3,0,0,0,0,0,4.85592,3.16402,4.85591,0.0,0.0,0.0,0.0,0.0,0.0,0.0,0.0,0.0,0.0,0.0,0.0,0.0,0.0,0.0,1.70199,918.267,2447.59,1438.07,0.0,0.0,0.0,1,918.267,0.0,0.0,0.0,0.0,0.0,0,0.0,0.0,0.0,0.0,0.0,0.0,0.0,0.0,0.0,0.0,0.0,0.0,0.0,0.0,0.0,0.0,0.0,0.0,0.0,0.0,0.0,0.0,0.0,0.0,0.0,408.562,0.1089,0.0639838,0.0,0.0,0.0,408.562,0.0,0.0,0.0,0.0,0.0,0.0,0.0,0.0,0.0,0.0,0.0,0.0,0.0,0.0,0.0,0.0,0.0,0.0,0.0,0.0,0.0,0.0,0.0,0.0,0.0,0.0,0.0,0.0,0.0,0.0,1487.56,0.3965,0.232962,0.0,0.0,0.0,1,50000,0.1089,0.0,0.3965,0.0,0.04456,0.55894,0.0332225944850498,0.0490525361126914,8.107968333287204,67.53961745379885,0.1496005049833887,0.1206711087511324,1.9452239112286505,1.852742240369364,64.0
EAB,-6.2564325,2.808615,-1.5766522,1.4109244,1.5524595,0.27692562,5.7550454,1.6175948,0.48294464,-1.2075216,0.93649685,-0.806797,-1.9504086,0.95229936,-1.5842397,1.1261196,6.906893,2.0498507,-4.939232,-0.040780157,-3.4968417,0.6708647,1.075684,0.8755683,-1.695253,-1.467007,-1.333149,-6.059837,-0.662637,3.7167804,2.0128586,-1.3084981,-3.5923212,3.6423156,-2.7516456,0.8961544,-2.5720592,-2.5752482,-1.4609972,-0.9544499,0.02262503,-0.52992356,3.9358284,-0.92213184,0.67279714,-4.710081,0.09772749,0.3689581,-2.687776,-5.451313,5.1250844,0.4172913,0.1516566,1.5691006,-3.0675385,-1.101085,0.3324729,-0.20649543,-2.1306553,2.7770038,-3.1626837,-2.3677645,-1.6083882,0.15566063,-0.36836295997657353,-0.36565437195040945,2.037602,-3.2824655,108,12.988908,12.988907744159706,14.94392,90.0,90.0,120.00000065156588,2183.4358447049976,2.88997,2.88967,2.88997,2.04584,6.41607,6.38601,5.5412,6.19835,5.5412,0.0494633264640719,1,3,0,0,0,0,0,6.41417,2.88998,6.41417,0.0,0.0,0.0,0.0,0.0,0.0,0.0,0.0,0.0,0.0,0.0,0.0,0.0,0.0,0.0,1.64502,442.965,2028.75,1233.27,3.30507,15.137,9.20174,1,442.965,0.0,0.0,0.0,0.0,0.0,2,1.70374,1.60133,0.0,0.0,0.0,0.0,0.0,0.0,0.0,0.0,0.0,0.0,0.0,0.0,0.0,0.0,0.0,0.0,0.0,0.0,0.0,0.0,0.0,0.0,0.0,327.952,0.1502,0.0913061,0.698699,0.00032,0.000194527,327.952,0.0,0.0,0.0,0.0,0.0,0.436687,0.262012,0.0,0.0,0.0,0.0,0.0,0.0,0.0,0.0,0.0,0.0,0.0,0.0,0.0,0.0,0.0,0.0,0.0,0.0,0.0,0.0,0.0,0.0,0.0,869.75,0.39834,0.24215,19.4762,0.00892,0.00542244,1,50000,0.1502,0.00032,0.39834,0.00892,0.05228,0.54046,0.0332225771063122,0.067173382973602,9.605170074851058,96.69545959805352,0.2052174053156145,0.1560489069882228,1.439541030906306,0.1293527958122129,36.0
MOR,5.190165,7.974391,1.0592414,4.284543,5.6048646,0.90280336,-3.9658022,-1.9756795,0.10486281,-8.046154,-6.077209,12.191357,-7.94844,-8.924863,-1.3341335,-2.8452148,5.319637,-4.1191835,-3.2171075,-0.665779,5.031501,-7.8243237,1.8410248,-0.18387233,4.3169174,-3.8765852,-1.4101436,-5.2598996,-3.3880327,11.886148,1.0252014,5.281908,-1.562207,1.5522194,-2.6638443,2.1521015,-1.6295465,-0.285334,0.30926645,4.786934,-3.7744968,1.3288789,3.7209818,1.5336792,-2.116657,1.2574489,1.9866412,10.4911785,3.4817295,-1.8314228,4.973757,3.9093761,-0.75900257,0.87140185,-3.0482037,1.1146832,9.853112,0.4403642,4.674908,2.9612381,-0.30100405,-1.856001,0.012091339,-0.05120623,1.66335253193813,-1.617739247989104,0.36905265,-2.700356,144,18.023194,20.041512,7.432044,90.0,90.0,90.0,2684.5439145501546,5.69638,0.68106,2.30015,5.69638,5.92579,5.91603,5.92157,5.92278,5.92278,0.0536403965006956,2,2,2,0,0,0,0,5.92578,5.69649,5.92578,5.92283,5.69648,5.92283,0.0,0.0,0.0,0.0,0.0,0.0,0.0,0.0,0.0,0.0,0.0,0.0,1.78393,463.656,1727.13,968.158,0.0,0.0,0.0,2,231.08,232.576,0.0,0.0,0.0,0.0,0,0.0,0.0,0.0,0.0,0.0,0.0,0.0,0.0,0.0,0.0,0.0,0.0,0.0,0.0,0.0,0.0,0.0,0.0,0.0,0.0,0.0,0.0,0.0,0.0,0.0,347.004,0.12926,0.0724579,0.0,0.0,0.0,175.408,171.596,0.0,0.0,0.0,0.0,0.0,0.0,0.0,0.0,0.0,0.0,0.0,0.0,0.0,0.0,0.0,0.0,0.0,0.0,0.0,0.0,0.0,0.0,0.0,0.0,0.0,0.0,0.0,0.0,0.0,905.228,0.3372,0.189021,0.0,0.0,0.0,1,50000,0.12926,0.0,0.3372,0.0,0.07442,0.58838,0.0332226018936877,0.0982052709734261,11.543774372226592,134.81211009986794,0.1866911162790698,0.1416938024695112,1.5468649043818683,0.4509416283375023,48.0
AFR,-12.7302265,6.141844,-0.8006925,-0.95205766,-5.613665,1.7061362,1.79405,-3.8873553,2.7740371,0.061128825,-0.7029942,-11.600839,-1.1440126,6.656958,-6.348086,5.3793044,-4.1468754,1.5641303,3.1097667,-1.4144634,-5.5750103,-5.3205485,11.240539,-1.1866384,4.1244826,-4.5213833,5.279832,-5.993485,9.690528,-4.898726,-2.3450801,-3.3810253,-4.6527095,6.372053,6.3462496,-8.698276,2.3643606,10.811461,-2.2476845,-2.4655085,-5.86832,-0.811231,7.2697864,-4.1376767,-1.6287972,-2.7502954,-2.4046779,-11.925779,-0.9828311,-10.4143505,2.6840575,9.983193,3.5365102,6.9499106,-5.294949,-3.405158,-4.6898675,-5.1228185,-3.3051836,-5.330752,2.1024044,4.5834317,1.7829859,3.8746963,-3.325335569182167,-0.07976542063656618,3.4102545,-4.7051854,96,21.949734,13.570129,6.941736,90.0,90.0,90.0,2067.6704961692712,6.34411,1.32582,3.19361,6.34411,7.78281,7.66276,7.25596,7.64764,7.64764,0.0464290611960934,2,2,2,0,0,0,0,7.78297,6.3442,7.78297,7.78106,6.3442,7.78106,0.0,0.0,0.0,0.0,0.0,0.0,0.0,0.0,0.0,0.0,0.0,0.0,1.5441,410.651,1986.05,1286.22,0.0,0.0,0.0,2,203.787,206.864,0.0,0.0,0.0,0.0,0,0.0,0.0,0.0,0.0,0.0,0.0,0.0,0.0,0.0,0.0,0.0,0.0,0.0,0.0,0.0,0.0,0.0,0.0,0.0,0.0,0.0,0.0,0.0,0.0,0.0,430.034,0.20798,0.134693,0.0,0.0,0.0,215.286,214.748,0.0,0.0,0.0,0.0,0.0,0.0,0.0,0.0,0.0,0.0,0.0,0.0,0.0,0.0,0.0,0.0,0.0,0.0,0.0,0.0,0.0,0.0,0.0,0.0,0.0,0.0,0.0,0.0,0.0,898.568,0.43458,0.281445,0.0,0.0,0.0,1,50000,0.20798,0.0,0.43458,0.0,0.05618,0.50924,0.0332225612857142,0.129146510918378,12.074172999929408,144.48834846316282,0.2534648305647839,0.1838479223540256,1.1026005899885625,-0.7796980638280386,32.0
CSV,-1.3620346,-0.60974556,0.79150367,-0.7217975,6.124224,3.8214042,-3.7636719,2.0933087,1.4996556,4.7906394,-0.5585804,-0.21484175,3.675315,1.4445926,1.0554266,2.8177686,4.8712997,1.7627238,-1.0553814,0.7637037,-3.689409,-1.7245016,0.132041,0.68676895,-5.217154,0.2561854,4.825363,0.6970837,-1.4188031,2.785701,0.87745005,-0.14128944,-1.1781366,0.21997568,3.4579537,6.167575,3.364037,-0.8752046,0.8394741,-4.444312,4.945237,2.4390407,0.84425867,2.9786642,1.6257076,-7.385706,0.70748484,3.2863107,1.8069344,-2.0335572,4.256999,4.6010475,0.14846927,8.251031,1.1338271,2.206428,0.9140862,0.6350683,-3.2804232,-1.4288315,5.7310977,-4.5795217,0.35346746,-1.9834173,0.20775605833025906,0.20953820878295853,1.19111,-2.825699,60,12.917724512692589,11.114704603338811,9.285361249256058,93.32502848290424,106.41066527819405,103.53165051523406,1232.2930326861842,4.78424,1.3335,2.48513,4.78424,7.15736,7.15736,7.15736,7.15692,7.15692,0.0486897177931862,1,2,0,0,0,0,0,7.15738,4.78422,7.15738,0.0,0.0,0.0,0.0,0.0,0.0,0.0,0.0,0.0,0.0,0.0,0.0,0.0,0.0,0.0,1.61929,231.154,1875.8,1158.41,0.0603814,0.489992,0.302598,1,231.154,0.0,0.0,0.0,0.0,0.0,1,0.0603814,0.0,0.0,0.0,0.0,0.0,0.0,0.0,0.0,0.0,0.0,0.0,0.0,0.0,0.0,0.0,0.0,0.0,0.0,0.0,0.0,0.0,0.0,0.0,0.0,245.177,0.19896,0.122869,0.0,0.0,0.0,245.177,0.0,0.0,0.0,0.0,0.0,0.0,0.0,0.0,0.0,0.0,0.0,0.0,0.0,0.0,0.0,0.0,0.0,0.0,0.0,0.0,0.0,0.0,0.0,0.0,0.0,0.0,0.0,0.0,0.0,0.0,503.441,0.40854,0.252296,0.0,0.0,0.0,1,50000,0.19896,0.0,0.40854,0.0,0.05902,0.53244,0.0332225780730897,0.1470081125801686,12.08480972895194,144.67355347911075,0.2387778571428571,0.1813644759576148,1.2231592363463188,-0.5032153015094347,20.0
ATO,-21.060297,0.40993902,3.6701233,3.0127168,-8.59746,9.514639,4.09267,-13.186647,0.1755611,-9.787239,3.0789704,-7.342019,1.5785375,7.0173464,0.33671573,6.426113,0.106845945,-1.5170065,-24.771502,-2.0959494,-5.7255054,-14.851204,6.013802,1.4073635,-4.7315793,-1.8233725,-3.581701,-0.872738,8.792297,2.97003,2.078803,0.72376156,-13.230863,-3.5222998,-2.327757,-19.888226,-6.569677,21.549335,-3.6625392,-5.271942,-1.3679616,5.5656304,8.240144,-8.232979,-5.7668676,2.770878,-0.29189807,-16.918531,1.9286917,-9.555283,1.8187405,1.5481236,-5.1711564,-2.3861635,0.49145928,5.117363,-12.938033,7.2890797,4.2235837,-10.907185,-11.424419,-2.8156443,3.1605434,9.526022,-0.3851495605930692,-2.3691010717519707,4.2865043,-4.6141906,108,20.468251000000315,20.4682485920928,4.961425,89.99999440149662,90.00000559850272,119.999987413039,1800.107885818621,4.91411,1.30018,1.30018,4.91411,5.14766,5.14766,5.14749,5.14766,5.14766,0.0599964040215765,3,1,1,1,0,0,0,5.14757,4.91408,5.14757,5.14757,4.91409,5.14757,5.14757,4.91409,5.14757,0.0,0.0,0.0,0.0,0.0,0.0,0.0,0.0,0.0,1.99532,180.857,1004.7,503.529,0.0,0.0,0.0,3,59.9001,60.4654,60.4912,0.0,0.0,0.0,0,0.0,0.0,0.0,0.0,0.0,0.0,0.0,0.0,0.0,0.0,0.0,0.0,0.0,0.0,0.0,0.0,0.0,0.0,0.0,0.0,0.0,0.0,0.0,0.0,0.0,137.276,0.07626,0.0382195,0.0,0.0,0.0,47.7749,44.5347,44.9667,0.0,0.0,0.0,0.0,0.0,0.0,0.0,0.0,0.0,0.0,0.0,0.0,0.0,0.0,0.0,0.0,0.0,0.0,0.0,0.0,0.0,0.0,0.0,0.0,0.0,0.0,0.0,0.0,359.338,0.19962,0.100044,0.0,0.0,0.0,1,50000,0.07626,0.0,0.19962,0.0,0.14464,0.65574,0.0332226033222591,0.1501264470083473,12.10237430879796,145.52607782174562,0.172425511627907,0.1423956421231024,1.7321054414969637,1.0014751857886814,36.0
AFI,-9.047735,-1.1613299,-2.7056863,-0.43167692,-3.2363296,4.6039686,7.937651,-0.94119084,1.3246447,3.0053837,-0.05846324,-4.9697266,1.4670721,-1.7783091,-2.4231203,0.9141359,-4.8470902,1.6435567,-0.34885082,0.20081586,-4.5070357,-0.07315171,2.2146468,-0.13659889,0.032112554,-1.4824036,2.3279011,-1.9332005,2.991378,1.7910854,-4.5948334,0.85610414,-2.2950714,0.9321604,-1.7932765,-11.426329,3.2428858,5.444953,0.29840165,-5.47994,1.2066107,0.26576012,1.3484565,-1.576552,0.8596662,2.0975351,0.6057674,-9.213665,-1.4832281,-1.307759,-0.7621032,-1.3764124,0.057008058,2.5469513,-5.3661466,0.0036122203,-6.3730855,5.6471705,-0.19016078,-3.8626964,-1.1090394,1.623883,-2.2814827,-0.7751633,-1.2577723872901312,-0.8744467878410529,2.6099837,-3.6576872,72,13.6187347376445,13.59125880243449,8.322777,90.0,90.0,119.74454896852944,1337.542229444557,6.7218,1.17144,1.16073,6.7218,7.34222,7.20866,7.26468,7.34222,7.34222,0.053830076101522,1,1,0,0,0,0,0,7.34219,6.72178,7.34219,0.0,0.0,0.0,0.0,0.0,0.0,0.0,0.0,0.0,0.0,0.0,0.0,0.0,0.0,0.0,1.79024,167.538,1252.58,699.673,4.54272,33.9632,18.9713,1,167.538,0.0,0.0,0.0,0.0,0.0,4,0.902539,0.542372,1.6303,1.46751,0.0,0.0,0.0,0.0,0.0,0.0,0.0,0.0,0.0,0.0,0.0,0.0,0.0,0.0,0.0,0.0,0.0,0.0,0.0,0.0,0.0,189.69,0.14182,0.0792184,0.187256,0.00014,7.82017e-05,189.69,0.0,0.0,0.0,0.0,0.0,0.0535017,0.0267508,0.0802525,0.0267508,0.0,0.0,0.0,0.0,0.0,0.0,0.0,0.0,0.0,0.0,0.0,0.0,0.0,0.0,0.0,0.0,0.0,0.0,0.0,0.0,0.0,376.01,0.28112,0.157029,21.8287,0.01632,0.00911609,1,50000,0.14182,0.00014,0.28112,0.01632,0.11614,0.58642,0.0332225921528239,0.1331851042068127,11.904186832127106,145.6200612923902,0.2449874451827242,0.184329894399771,1.1839168388971055,-0.5947869450435839,24.0
GIS,-7.2879047,8.055338,-2.1423192,-0.21141833,7.475147,5.534162,6.4702363,2.6143398,11.952742,-6.4375267,-1.3418225,0.026142955,7.050661,11.299233,-6.3494368,0.6120804,8.537986,-0.8999753,-14.495716,-0.08802405,7.8425817,-0.7212039,-5.2797284,0.77990216,2.8014312,7.1851068,5.095792,-4.5784125,-5.1047487,9.358688,4.115447,3.8797765,-0.005638778,5.1708884,-4.1273737,-0.452388,-7.6270804,0.3811159,-0.49936694,-3.8690052,-1.5381708,1.4253685,11.158929,7.0231066,-2.1832347,-10.911412,0.3648463,7.070671,0.9437815,-13.318941,11.429165,-7.371645,3.0966237,-0.21119541,-0.83627236,9.433916,5.5734143,1.6985637,0.37220302,11.687378,-5.2815423,-0.44048646,-2.8724418,-1.6347021,4.083625282472095,-1.4729899245984657,-1.3378973,-1.6292742,48,9.602318000003851,9.602318000003851,10.128867000002469,90.0000581177374,90.0000581177374,90.00008353615908,933.9272284458372,2.61955,2.61955,2.61955,2.61955,4.3758,4.3758,4.3758,4.37576,4.3758,0.0513958674059407,1,3,0,0,0,0,0,4.37573,2.61957,4.37573,0.0,0.0,0.0,0.0,0.0,0.0,0.0,0.0,0.0,0.0,0.0,0.0,0.0,0.0,0.0,1.70929,225.685,2416.52,1413.76,0.0,0.0,0.0,1,225.685,0.0,0.0,0.0,0.0,0.0,0,0.0,0.0,0.0,0.0,0.0,0.0,0.0,0.0,0.0,0.0,0.0,0.0,0.0,0.0,0.0,0.0,0.0,0.0,0.0,0.0,0.0,0.0,0.0,0.0,0.0,96.8856,0.10374,0.060692,0.0,0.0,0.0,96.8856,0.0,0.0,0.0,0.0,0.0,0.0,0.0,0.0,0.0,0.0,0.0,0.0,0.0,0.0,0.0,0.0,0.0,0.0,0.0,0.0,0.0,0.0,0.0,0.0,0.0,0.0,0.0,0.0,0.0,0.0,381.789,0.4088,0.239164,0.0,0.0,0.0,1,50000,0.10374,0.0,0.4088,0.0,0.03156,0.55964,0.0332225941528239,0.111515896798016,11.83663497238337,140.23648948520776,0.1435930764119601,0.1207124185595978,2.01201749711833,2.062376195146056,16.0
MEI,-10.702346,8.913373,-2.7034223,-0.33620328,0.0036892295,4.295718,2.5239062,3.8848333,-0.9651742,2.8558695,2.5255983,-5.278405,4.3648314,5.749144,2.2287438,1.9389274,13.212372,1.059148,-0.6775174,-0.108947694,-6.8196106,-0.035175562,-3.8022227,3.8258598,-1.3021787,0.7162468,3.916707,3.6743817,-1.010152,0.41381782,4.9206676,-0.8399807,-0.10839844,-4.014617,7.2015476,1.5153832,-0.29964018,2.738316,0.16047086,3.9956427,0.9422286,-2.7773232,2.088552,-2.5317585,1.2722957,-2.097941,-0.9945647,-4.4783545,0.49274218,-1.9071803,2.5090237,-0.55987525,0.79795337,6.760019,-3.7822294,1.462425,-9.431431,-10.418578,-5.128438,1.6313101,9.063438,-1.9231249,-0.06780261,3.7481394,-1.296659643670706,1.4669098735781843,1.545669,-4.992012,102,13.035480000005524,13.035487744848677,15.591836,90.0,90.0,120.0000838439643,2294.4671072664214,6.31897,2.2737,2.27915,6.31897,7.62675,7.62675,7.62675,7.62675,7.62675,0.0444547667198945,1,3,0,0,0,0,0,7.62675,6.31895,7.62675,0.0,0.0,0.0,0.0,0.0,0.0,0.0,0.0,0.0,0.0,0.0,0.0,0.0,0.0,0.0,1.47844,509.765,2221.71,1502.74,0.0,0.0,0.0,1,509.765,0.0,0.0,0.0,0.0,0.0,0,0.0,0.0,0.0,0.0,0.0,0.0,0.0,0.0,0.0,0.0,0.0,0.0,0.0,0.0,0.0,0.0,0.0,0.0,0.0,0.0,0.0,0.0,0.0,0.0,0.0,531.353,0.23158,0.156638,0.0,0.0,0.0,531.353,0.0,0.0,0.0,0.0,0.0,0.0,0.0,0.0,0.0,0.0,0.0,0.0,0.0,0.0,0.0,0.0,0.0,0.0,0.0,0.0,0.0,0.0,0.0,0.0,0.0,0.0,0.0,0.0,0.0,0.0,1086.02,0.47332,0.320147,0.0,0.0,0.0,1,50000,0.23158,0.0,0.47332,0.0,0.04206,0.48462,0.0332225922790697,0.092284583172108,11.70318653110985,138.13797983909035,0.2505171129568105,0.1832461034860146,1.130420555446506,-0.7092145407979613,34.0
EPI,-2.7137785,2.7146783,1.261252,1.7569027,1.633378,4.957331,2.595994,7.3278375,3.9283292,-3.7426515,5.5583034,-7.090727,7.821483,11.070942,-10.576679,-1.141195,-1.777485,0.27817953,-1.659003,2.2519283,5.394688,-7.1599655,12.637598,0.3134756,8.504602,12.344529,12.097437,1.1241866,1.0117639,-3.1380007,8.706869,-1.1056461,-0.02188772,2.4903958,7.756909,-2.197992,-3.902291,4.917013,-0.67026365,-4.586697,-6.8410788,2.478005,9.827869,12.061805,5.6483526,-1.8218145,-0.67065865,0.9009017,0.1169585,-0.25529572,-6.722304,2.7017055,4.41412,2.141431,4.2435684,1.3334551,0.54515195,4.99221,0.5707576,-7.268748,6.116281,0.362753,-3.9091206,0.14473248,0.35541610683752534,0.5728103015994982,1.5925407,-0.4229496,72,8.92777321066418,17.398627,9.878478591795652,90.0,124.10810294717903,90.0,1270.482190543075,3.10543,3.05152,0.63203,3.10543,4.58017,4.5623,4.57555,4.55443,4.55443,0.0566713965264032,2,2,2,0,0,0,0,4.56502,3.10559,4.56502,4.58027,3.10558,4.58027,0.0,0.0,0.0,0.0,0.0,0.0,0.0,0.0,0.0,0.0,0.0,0.0,1.88474,232.028,1826.3,968.995,0.0,0.0,0.0,2,118.624,113.404,0.0,0.0,0.0,0.0,0,0.0,0.0,0.0,0.0,0.0,0.0,0.0,0.0,0.0,0.0,0.0,0.0,0.0,0.0,0.0,0.0,0.0,0.0,0.0,0.0,0.0,0.0,0.0,0.0,0.0,112.946,0.0889,0.0471684,0.0,0.0,0.0,56.0029,56.943,0.0,0.0,0.0,0.0,0.0,0.0,0.0,0.0,0.0,0.0,0.0,0.0,0.0,0.0,0.0,0.0,0.0,0.0,0.0,0.0,0.0,0.0,0.0,0.0,0.0,0.0,0.0,0.0,0.0,398.322,0.31352,0.166347,0.0,0.0,0.0,1,50000,0.0889,0.0,0.31352,0.0,0.06784,0.61864,0.0332225859800664,0.1156382850521085,11.988808868692953,142.91768543064626,0.1499927109634551,0.1249818133511785,1.937962846036976,1.7687731426188948,24.0
SWY,-12.078036,-0.50492436,0.4351635,1.5936234,1.0413251,8.26389,4.92862,8.579652,-1.8972584,-6.57367,5.1947975,-7.5560555,12.035959,-1.3886193,-11.093419,0.431104,1.837201,2.8231962,-1.5637746,1.5788318,3.0289521,-4.250009,10.563409,0.8793986,0.4205808,6.0052447,4.253212,-9.078773,6.8252115,-4.246289,2.5993073,-5.914357,-6.1916523,3.5188901,-5.89428,1.816705,-5.6791387,0.90999186,-2.5265236,-1.2228135,-1.3974397,-2.207014,-1.7706649,-7.272834,-3.3503013,-4.941543,-3.917775,-9.591652,4.335865,0.4418086,-2.9658694,4.9204154,2.0874734,-0.11408633,6.570377,-0.36307722,3.28817,-4.1650004,10.975452,-2.1048193,-2.6273637,-3.6010427,-4.8912473,8.101234,-0.4463409940113454,1.4546841494366063,2.5213602,-0.7611555,216,12.915844,12.915843986735243,30.196456,90.0,90.0,120.00000003397336,4362.4673335306015,2.79399,2.79399,2.79399,2.77953,6.32645,5.98435,6.32645,6.31846,5.98435,0.049513264738922,1,3,0,0,0,0,0,6.32646,2.79396,6.32646,0.0,0.0,0.0,0.0,0.0,0.0,0.0,0.0,0.0,0.0,0.0,0.0,0.0,0.0,0.0,1.64668,837.354,1919.45,1165.65,39.3041,90.096,54.7139,1,837.354,0.0,0.0,0.0,0.0,0.0,8,7.53455,1.74152,1.78354,7.73193,1.86016,8.79195,2.14583,7.71463,0.0,0.0,0.0,0.0,0.0,0.0,0.0,0.0,0.0,0.0,0.0,0.0,0.0,0.0,0.0,0.0,0.0,680.719,0.15604,0.0947606,5.84571,0.00134,0.000813761,680.719,0.0,0.0,0.0,0.0,0.0,1.48324,0.0872493,0.0872493,1.48324,0.174499,0.785244,0.261748,1.48324,0.0,0.0,0.0,0.0,0.0,0.0,0.0,0.0,0.0,0.0,0.0,0.0,0.0,0.0,0.0,0.0,0.0,1626.59,0.37286,0.226432,90.7393,0.0208,0.0126315,1,50000,0.15604,0.00134,0.37286,0.0208,0.06612,0.54022,0.033222572757475,0.0598846421607859,8.903964612359871,85.49586681271201,0.2047213355481727,0.1589935706493783,1.4551258662836537,0.1401689992826118,72.0
TER,1.0278485,-0.96992725,-0.799605,-0.15999627,7.6440954,5.325073,-5.961375,-0.63586605,-2.1477516,0.844779,6.155274,3.4601722,-2.3737245,-7.246682,-1.2226582,7.219166,4.4895306,3.8620293,3.791962,0.9487077,3.4912863,-0.3001215,4.9623523,0.25736856,-5.449998,-0.76140827,4.788727,-11.041521,0.4511214,2.0183027,-2.7630877,-1.0445503,2.420139,-1.1835706,2.848679,6.0797396,-0.66978705,-4.7102537,-2.2227712,-5.361173,1.6175203,-3.7817605,5.261839,-3.4338176,7.021625,-3.916052,0.23976539,9.433526,-1.958025,-0.5205599,-0.100147456,9.889475,1.4174364,7.893856,6.1148596,-0.5625704,11.273836,0.95291334,-1.7478138,-4.808338,4.756914,-6.732275,-4.366755,-1.3817215,-0.8809448953232194,1.1507253570429172,-0.4245669,-4.1253414,240,9.638191000495114,23.36795600107036,19.767095000200666,89.99975276577092,89.99954801534038,89.99893046685695,4452.040476224942,4.51185,4.51185,0.97796,4.09354,6.03684,6.03684,6.03684,6.00369,6.03684,0.0539078656812898,2,2,2,0,0,0,0,6.03306,4.51172,6.03306,6.02043,4.50886,6.02043,0.0,0.0,0.0,0.0,0.0,0.0,0.0,0.0,0.0,0.0,0.0,0.0,1.79283,765.942,1720.43,959.618,0.0,0.0,0.0,2,379.705,386.237,0.0,0.0,0.0,0.0,0,0.0,0.0,0.0,0.0,0.0,0.0,0.0,0.0,0.0,0.0,0.0,0.0,0.0,0.0,0.0,0.0,0.0,0.0,0.0,0.0,0.0,0.0,0.0,0.0,0.0,592.923,0.13318,0.0742848,0.0,0.0,0.0,298.91,294.013,0.0,0.0,0.0,0.0,0.0,0.0,0.0,0.0,0.0,0.0,0.0,0.0,0.0,0.0,0.0,0.0,0.0,0.0,0.0,0.0,0.0,0.0,0.0,0.0,0.0,0.0,0.0,0.0,0.0,1438.81,0.32318,0.180263,0.0,0.0,0.0,1,50000,0.13318,0.0,0.32318,0.0,0.08662,0.5902,0.0332226013289036,0.0526960833386323,10.546462439941248,118.19937458788353,0.1887221827242525,0.1435659254471698,1.552721327301217,0.4888443465084124,80.0
ACO,-13.073333,10.376591,2.0252526,-0.32580763,0.95987153,6.2426553,7.2280874,14.625608,9.371873,-2.0029578,-2.346916,-12.148472,4.4595637,14.110388,-9.691374,-8.429035,4.0993032,-3.4434035,-9.42769,3.969736,10.528154,-0.521448,4.0815096,1.3693558,10.395813,13.064973,8.279179,5.4180098,1.0242821,-0.7213014,3.8599293,5.7010403,-1.5986991,4.501681,5.248636,-9.908022,-1.4085447,4.0287275,0.3186376,-0.7969574,-8.138339,3.7768316,13.180117,5.710138,5.3453197,-7.870713,0.76304954,-2.4044013,-0.92117494,-3.954808,-3.145671,0.43037608,8.827069,0.94532114,2.0295687,-1.9542415,-4.343879,10.5621805,-1.3754297,0.2818094,1.8129325,-0.11487904,-5.172626,1.8820289,1.1005102586720568,-0.21733216526990956,1.4161315,0.07343271,48,9.304415030076582,9.838804170392558,9.3041772661683,89.92220393683179,90.00127173049567,90.00887860732354,851.7437612328995,2.16156,2.16156,1.4433,2.15418,3.85632,3.85632,3.85139,3.85632,3.85632,0.0563549769129156,2,2,2,0,0,0,0,3.85632,2.16156,3.85632,3.85142,2.15724,3.85142,0.0,0.0,0.0,0.0,0.0,0.0,0.0,0.0,0.0,0.0,0.0,0.0,1.87421,145.617,1709.64,912.19,0.0,0.0,0.0,2,73.3719,72.2455,0.0,0.0,0.0,0.0,0,0.0,0.0,0.0,0.0,0.0,0.0,0.0,0.0,0.0,0.0,0.0,0.0,0.0,0.0,0.0,0.0,0.0,0.0,0.0,0.0,0.0,0.0,0.0,0.0,0.0,39.7424,0.04666,0.0248958,0.0,0.0,0.0,19.5901,20.1523,0.0,0.0,0.0,0.0,0.0,0.0,0.0,0.0,0.0,0.0,0.0,0.0,0.0,0.0,0.0,0.0,0.0,0.0,0.0,0.0,0.0,0.0,0.0,0.0,0.0,0.0,0.0,0.0,0.0,255.898,0.30044,0.160302,0.0,0.0,0.0,1,50000,0.04666,0.0,0.30044,0.0,0.08514,0.61442,0.0332226090365448,0.0643145766048127,10.280222572232107,111.665809390059,0.1209413388704318,0.1005601937022039,2.28967531164698,3.346451789251727,16.0
SAF,-17.260311,-9.055089,1.7502446,-3.7691336,-1.2778718,4.087501,18.509415,8.762776,-9.605398,6.647241,15.499353,-19.83415,4.8957872,-9.08176,3.1062398,-7.426329,-5.578024,7.705209,14.133798,2.7853017,-4.723116,-3.273569,14.594619,1.9481639,10.374236,13.968706,12.384309,-17.123932,19.912544,-9.768728,7.5006065,-0.51323557,7.9202933,6.6030374,-11.750612,-21.61247,4.334048,11.678376,5.0519767,-9.022333,-2.5496047,-6.8481708,5.3783154,-8.426828,-2.8807533,-4.9532967,-1.2465429,-8.213198,-1.9436916,11.257237,-19.426361,-2.19048,-4.7011085,-2.2896826,-3.7057486,-0.7129608,-12.15142,-2.9204352,5.8645477,-9.688945,3.2790723,-1.4465929,-9.678753,-5.3160787,-3.958356529762939,1.549388248639293,0.45859447,-5.5278606,192,14.545542988072876,27.446472979136846,8.301335000000302,89.99998264685206,89.99997043300587,89.88811606970924,3314.0846216793634,5.61597,1.1492,1.13047,5.61597,6.23342,6.23183,6.23179,6.23183,6.23183,0.0579345496322018,2,1,1,0,0,0,0,6.23379,5.61588,6.23379,6.23336,5.61584,6.23336,0.0,0.0,0.0,0.0,0.0,0.0,0.0,0.0,0.0,0.0,0.0,0.0,1.92675,326.939,986.513,512.01,3.61897,10.92,5.66758,2,165.588,161.351,0.0,0.0,0.0,0.0,16,0.918778,0.0,0.0,0.0603814,0.140183,0.0798015,0.0,0.53919,0.0399007,0.100282,0.0,0.559671,0.919838,0.181144,0.0,0.0798015,0.0,0.0,0.0,0.0,0.0,0.0,0.0,0.0,0.0,350.696,0.10582,0.0549216,0.0,0.0,0.0,177.304,173.393,0.0,0.0,0.0,0.0,0.0,0.0,0.0,0.0,0.0,0.0,0.0,0.0,0.0,0.0,0.0,0.0,0.0,0.0,0.0,0.0,0.0,0.0,0.0,0.0,0.0,0.0,0.0,0.0,0.0,723.465,0.2183,0.1133,0.0,0.0,0.0,1,50000,0.10582,0.0,0.2183,0.0,0.15182,0.62988,0.0332225917275747,0.123634353331305,11.723631033082537,144.89354061775106,0.2079893720930232,0.1638860291022809,1.4369861383382554,0.0716966840465751,64.0
JRY,-11.227538,-0.42196497,5.03864,4.157562,-0.37791198,-2.4135823,4.463369,3.968061,5.052981,-1.1074215,-0.9419938,-7.595746,6.891089,12.397821,-11.297258,-8.669773,7.961891,-0.08105953,-12.33991,-1.0915277,-0.0048965653,-0.14464957,-0.27571872,-1.964938,-5.240487,5.854557,-1.586793,6.424104,6.478495,-0.3166781,0.9051711,-2.6698687,0.1957677,1.1477101,1.9667631,-9.721518,5.6601777,9.236141,1.6786242,-7.025459,-1.3322537,-0.7132999,4.264943,-3.9931357,-2.3296695,-5.5525208,-1.1176395,-4.462915,0.46703267,-1.5483981,-3.7960656,0.32042226,1.6430705,1.3808112,3.1106272,0.3177368,-7.929079,5.095711,2.6532898,2.5497172,-5.794315,-4.5593157,-0.52317655,2.2729964,1.1717554851656227,-0.42028445858665436,0.87783945,-1.0774864,72,8.069894000040147,9.041274941952876,17.125067965262446,90.71622368977904,89.99974092448136,90.00025534093743,1249.383820405984,3.54063,1.54597,3.54063,0.90359,4.01032,4.01032,4.01032,3.86734,4.01032,0.0576284075590188,2,1,1,0,0,0,0,4.01033,3.54062,4.01033,4.01027,3.53682,4.01027,0.0,0.0,0.0,0.0,0.0,0.0,0.0,0.0,0.0,0.0,0.0,0.0,1.91656,194.784,1559.04,813.457,0.0,0.0,0.0,2,98.1783,96.6059,0.0,0.0,0.0,0.0,0,0.0,0.0,0.0,0.0,0.0,0.0,0.0,0.0,0.0,0.0,0.0,0.0,0.0,0.0,0.0,0.0,0.0,0.0,0.0,0.0,0.0,0.0,0.0,0.0,0.0,93.5539,0.07488,0.0390699,0.0,0.0,0.0,46.8019,46.7519,0.0,0.0,0.0,0.0,0.0,0.0,0.0,0.0,0.0,0.0,0.0,0.0,0.0,0.0,0.0,0.0,0.0,0.0,0.0,0.0,0.0,0.0,0.0,0.0,0.0,0.0,0.0,0.0,0.0,347.004,0.27774,0.144916,0.0,0.0,0.0,1,50000,0.07488,0.0,0.27774,0.0,0.09388,0.62838,0.0332225880398671,0.1116969830277889,11.23894379166112,130.18701882193926,0.1348088272425249,0.1155691641563815,2.131325433131088,2.556002436038584,24.0
CTH,-1.9877841,-3.6233313,-1.0211236,-4.4739003,1.5019741,8.848193,-9.570366,3.6892486,0.07247454,3.94244,11.983412,-7.324595,7.0538836,-11.871398,1.6193154,0.759087,5.259184,3.4273164,6.7189746,1.6744964,6.672869,0.8037805,2.8073583,-0.02447142,-3.997393,5.7040596,9.074027,-8.771699,9.916323,-5.076516,3.1243124,-4.2934175,8.078146,0.011668436,2.5034053,0.27645963,4.9637475,-3.2676473,-1.362544,-3.7741356,3.2578955,-4.780679,5.019525,-5.640348,6.5539265,-6.2279243,1.9272627,0.97761214,0.9793173,10.86831,-7.564614,8.575135,2.6545596,7.3017545,4.840955,-0.64144063,5.9888816,-8.513821,1.0655401,-6.70711,11.233301,-4.582101,-9.887788,-0.91190696,-2.7108772140189394,3.187388574533574,-0.2291811,-4.665959,384,10.065944,27.288496000000293,27.353839000000164,89.99998531762795,90.0,90.0,7513.674838759241,6.70205,6.70205,3.18649,1.3431,7.71002,7.71002,7.48029,7.70342,7.71002,0.0511068163369458,2,2,2,0,0,0,0,7.70336,6.70213,7.70336,7.71006,6.70211,7.71006,0.0,0.0,0.0,0.0,0.0,0.0,0.0,0.0,0.0,0.0,0.0,0.0,1.69967,1227.95,1634.29,961.531,0.0798015,0.106208,0.0624875,2,614.263,613.688,0.0,0.0,0.0,0.0,8,0.0,0.0399007,0.0,0.0,0.0399007,0.0,0.0,0.0,0.0,0.0,0.0,0.0,0.0,0.0,0.0,0.0,0.0,0.0,0.0,0.0,0.0,0.0,0.0,0.0,0.0,1352.61,0.18002,0.105914,0.0,0.0,0.0,680.138,672.474,0.0,0.0,0.0,0.0,0.0,0.0,0.0,0.0,0.0,0.0,0.0,0.0,0.0,0.0,0.0,0.0,0.0,0.0,0.0,0.0,0.0,0.0,0.0,0.0,0.0,0.0,0.0,0.0,0.0,2609.5,0.3473,0.204333,0.0,0.0,0.0,1,50000,0.18002,0.0,0.3473,0.0,0.09868,0.55402,0.0332225604651162,0.10031962140104,11.626144225463843,142.558281913531,0.2486087774086378,0.1775058842462062,1.1123586601532285,-0.7485672600433779,128.0
PCS,-1.3276253,-2.683184,2.751407,-0.3366801,4.614113,0.5282616,-5.1730485,1.2978227,0.88309777,-6.246131,1.062876,-0.38638237,1.2317383,-2.6863186,0.5458968,-3.7325315,-0.05289924,1.1066144,-4.815324,0.2647652,10.864964,-11.231087,4.0318155,1.6420649,-3.0601883,1.9738795,2.112455,-3.1663613,4.3313403,2.4398177,0.67696947,0.95328057,4.029967,-0.08154854,-5.78141,1.4776644,-1.8747731,3.7019265,0.018472686,-0.8322915,-0.25151747,2.5393267,2.7586184,-0.84945625,-1.5025563,-4.768067,0.6419437,6.1572566,0.31304455,2.3829622,2.3758342,3.8366985,-3.441449,9.055295,2.2744002,0.48081475,5.017343,6.0328584,7.963925,-1.9027554,-3.8942451,-3.0979648,-0.38833058,-2.4686599,1.2506177626459163,-0.7560436315490572,0.711737,-2.6511176,192,20.7642648602952,13.800229524341722,12.29932130500907,89.95842834492792,101.17098495275562,89.89842538651087,3457.607724215716,5.75277,0.94059,4.52508,5.75277,6.43695,6.00481,6.43695,6.43695,6.43695,0.0555297232405249,2,2,2,0,0,0,0,6.43695,5.75264,6.43695,5.40174,3.4561,4.39248,0.0,0.0,0.0,0.0,0.0,0.0,0.0,0.0,0.0,0.0,0.0,0.0,1.84677,520.469,1505.29,815.093,13.1684,38.0852,20.6226,2,314.338,206.131,0.0,0.0,0.0,0.0,1,13.1684,0.0,0.0,0.0,0.0,0.0,0.0,0.0,0.0,0.0,0.0,0.0,0.0,0.0,0.0,0.0,0.0,0.0,0.0,0.0,0.0,0.0,0.0,0.0,0.0,418.924,0.12116,0.0656065,2.55863,0.00074,0.0004007,308.349,110.574,0.0,0.0,0.0,0.0,2.55863,0.0,0.0,0.0,0.0,0.0,0.0,0.0,0.0,0.0,0.0,0.0,0.0,0.0,0.0,0.0,0.0,0.0,0.0,0.0,0.0,0.0,0.0,0.0,0.0,1018.33,0.29452,0.159479,21.6446,0.00626,0.00338971,1,50000,0.12116,0.00074,0.29452,0.00626,0.0944,0.60482,0.0332226005813953,0.0334899641063929,6.18806679104519,38.57365822677118,0.1914521727574751,0.1418289148333745,1.5353536100022238,0.4621551181111458,64.0
BEB,2.3113523,1.200528,2.8958938,2.3308103,0.71735716,-0.9064775,-4.431066,-0.096239835,-1.7946197,3.5819893,-1.0593426,2.8072891,-0.888299,-0.917598,2.7528498,-0.24227655,4.184971,-1.5506705,0.03334102,0.5565835,0.5515397,0.52106094,0.40006998,-1.6982692,0.62206095,2.9185007,-2.3274887,0.4607324,0.6769669,-0.52312857,-1.618214,0.029444125,2.4945207,0.9657469,4.7664757,0.7051245,3.4255335,-1.592162,1.1430528,-0.5080292,0.69349647,-0.69056827,3.839743,-1.5627655,0.4031579,0.49264923,-0.7175289,4.2601,0.6013733,-0.99990165,0.6849431,2.0486858,0.5825142,0.63133556,6.9165955,-1.2199972,2.3661172,1.7283665,1.3651723,-5.2083654,2.4256809,-2.6460311,-0.7080454,0.67259645,-0.7384526801510553,-0.632982671340373,1.6036303,-3.056918,192,17.604573534985672,17.64269800013745,14.328733230650398,90.00012431974913,113.83926706881851,90.00034481250599,4070.697778699367,5.44618,5.44618,5.28375,5.44618,6.00112,5.96411,6.00107,6.00112,6.00112,0.0471663607661254,1,3,0,0,0,0,0,6.00109,5.44616,6.00109,0.0,0.0,0.0,0.0,0.0,0.0,0.0,0.0,0.0,0.0,0.0,0.0,0.0,0.0,0.0,1.56862,772.244,1897.08,1209.39,0.0,0.0,0.0,1,772.244,0.0,0.0,0.0,0.0,0.0,0,0.0,0.0,0.0,0.0,0.0,0.0,0.0,0.0,0.0,0.0,0.0,0.0,0.0,0.0,0.0,0.0,0.0,0.0,0.0,0.0,0.0,0.0,0.0,0.0,0.0,879.841,0.21614,0.13779,0.0,0.0,0.0,879.841,0.0,0.0,0.0,0.0,0.0,0.0,0.0,0.0,0.0,0.0,0.0,0.0,0.0,0.0,0.0,0.0,0.0,0.0,0.0,0.0,0.0,0.0,0.0,0.0,0.0,0.0,0.0,0.0,0.0,0.0,1689.42,0.41502,0.264576,0.0,0.0,0.0,1,50000,0.21614,0.0,0.41502,0.0,0.0687,0.51628,0.0332225857142857,0.1105802643471304,11.190672043134764,130.9943400096505,0.2001806411960132,0.1590188841056634,1.4982320152816235,0.2528541000508921,64.0
EWO,4.2838445,-3.532575,0.0041776896,4.849965,6.7506533,-6.2616267,7.434247,-2.571832,-1.7651421,-5.735258,2.9213367,1.8895382,7.117693,1.0718967,-2.0761313,-4.927713,-0.53750694,-0.3659417,-4.85757,-0.14922547,-1.846176,-0.8377917,7.53599,-0.18171023,-0.9612469,1.4110843,3.9781635,0.765282,3.3444674,5.4850307,4.88171,2.1592176,9.672137,-2.571244,-3.8066573,-0.29867077,0.4451751,-2.0629606,1.8150777,-5.300163,0.5192855,0.15996528,-8.217845,0.761797,-0.24151355,0.9578713,0.8704973,6.9538875,3.8054576,7.157645,-6.742751,-5.50342,-2.857504,6.048934,1.1548356,5.098468,-2.2473743,2.2893074,5.046138,1.1075674,-1.6733011,1.9694734,-3.0082586,-6.56992,2.0328993379486384,-0.9134883409579804,0.9090887,-1.7849085,72,13.818602000053152,17.006432000001176,4.998986000019705,90.00001819966745,89.99968198066915,90.00004094580527,1174.7872810442334,3.14928,1.12164,1.12142,3.14928,4.54591,4.50116,4.54591,4.54258,4.54258,0.0612876911094929,2,1,1,0,0,0,0,4.54595,3.14938,4.54595,4.54262,3.14937,4.54262,0.0,0.0,0.0,0.0,0.0,0.0,0.0,0.0,0.0,0.0,0.0,0.0,2.03826,95.3834,811.921,398.34,31.5109,268.226,131.596,2,46.9595,48.4239,0.0,0.0,0.0,0.0,2,16.073,15.4378,0.0,0.0,0.0,0.0,0.0,0.0,0.0,0.0,0.0,0.0,0.0,0.0,0.0,0.0,0.0,0.0,0.0,0.0,0.0,0.0,0.0,0.0,0.0,45.2998,0.03856,0.0189181,7.94156,0.00676,0.00331655,23.0493,22.2505,0.0,0.0,0.0,0.0,4.08826,3.8533,0.0,0.0,0.0,0.0,0.0,0.0,0.0,0.0,0.0,0.0,0.0,0.0,0.0,0.0,0.0,0.0,0.0,0.0,0.0,0.0,0.0,0.0,0.0,172.999,0.14726,0.0722478,68.96,0.0587,0.0287991,1,50000,0.03856,0.00676,0.14726,0.0587,0.1249,0.66914,0.0332225909634551,0.154755232799699,12.134924925320616,145.34065283614373,0.1525068571428571,0.1289389904861137,1.929951818080761,1.7251048846992685,24.0
PTY,-5.1372705,4.877719,-1.1380906,4.1644363,10.658367,3.9957197,6.530073,1.276446,3.5307312,-4.7124248,-0.014916143,-2.511609,13.807223,13.110214,-7.602311,-0.10776013,7.2282166,1.8815447,-10.986892,-0.7568041,2.0561025,0.31607616,-0.15026888,-0.09682749,1.134635,4.0991693,5.3298926,-2.3844252,0.7387123,3.9562266,0.42778623,-1.6971588,2.390163,-1.6513344,0.90450937,1.4518832,-2.1002865,-2.4110346,-2.3557973,-10.979154,1.4361744,3.0582159,4.827637,6.6115227,0.19252002,-9.042191,2.9401054,6.6271977,3.4214664,-9.778579,4.579619,-5.3865085,2.0594387,8.738804,3.6585836,7.812147,1.155803,5.340121,0.52643216,6.6973534,4.298399,-1.535354,-3.5949688,-5.560373,3.3068388021426,-1.067853641923612,-0.49176827,-1.3369817,30,7.087625831257318,9.044599123329126,9.052799802131991,84.19018358189606,83.13780974036665,87.89255682527565,573.0315858566773,3.8755,3.8755,0.7005,2.79524,4.43465,4.43465,4.41814,4.43465,4.43465,0.052353135046038,1,2,0,0,0,0,0,4.43464,3.87557,4.43464,0.0,0.0,0.0,0.0,0.0,0.0,0.0,0.0,0.0,0.0,0.0,0.0,0.0,0.0,0.0,1.74112,122.469,2137.21,1227.49,0.0,0.0,0.0,1,122.469,0.0,0.0,0.0,0.0,0.0,0,0.0,0.0,0.0,0.0,0.0,0.0,0.0,0.0,0.0,0.0,0.0,0.0,0.0,0.0,0.0,0.0,0.0,0.0,0.0,0.0,0.0,0.0,0.0,0.0,0.0,75.1703,0.13118,0.0753422,0.0,0.0,0.0,75.1703,0.0,0.0,0.0,0.0,0.0,0.0,0.0,0.0,0.0,0.0,0.0,0.0,0.0,0.0,0.0,0.0,0.0,0.0,0.0,0.0,0.0,0.0,0.0,0.0,0.0,0.0,0.0,0.0,0.0,0.0,218.761,0.38176,0.219261,0.0,0.0,0.0,1,50000,0.13118,0.0,0.38176,0.0,0.04584,0.5724,0.0332226011661129,0.0955307854803609,11.470422160899714,133.95576415896193,0.1461834584717608,0.1221739640487598,1.9840102330989289,1.9614898412411224,10.0
ETV,-8.935241,4.5977397,-0.21761167,3.8224664,10.347933,2.6243355,8.9901495,1.1143929,1.4588788,-2.253674,-0.52113134,-2.5834105,8.746689,10.258134,-6.6476026,-1.8287668,11.025772,1.1969118,-10.942329,-0.0895004,-1.5666145,-0.26247627,-3.0807593,-0.6799731,0.030672833,4.879088,0.51277775,-2.6111007,0.39504072,5.191445,0.29587537,-0.41344067,1.6831262,0.16952847,-1.3471568,-0.8990989,-0.49730998,-0.76501304,-1.1953516,-8.194227,-0.008679807,1.274991,7.7368917,3.6395745,-1.3188862,-7.492299,1.5002004,7.416989,1.7230395,-10.485021,7.144621,-1.7840145,2.4588811,5.196916,1.4948533,5.6149683,1.0551672,0.8456265,0.2646121,6.4265313,0.41221896,-4.845809,-1.0159372,-3.7122078,2.7181412698045704,-1.3455779811011468,-0.42243037,-1.6479379,42,8.652329300732202,9.539252344688707,10.375930402090455,105.45768674175544,99.62566594234652,98.29051438468514,797.5800382143403,2.71854,2.44153,2.71854,2.37201,5.2934,5.18439,5.2934,5.25322,5.2934,0.0526592918423981,1,3,0,0,0,0,0,5.29339,2.7186,5.29339,0.0,0.0,0.0,0.0,0.0,0.0,0.0,0.0,0.0,0.0,0.0,0.0,0.0,0.0,0.0,1.7513,171.771,2153.65,1229.74,0.0,0.0,0.0,1,171.771,0.0,0.0,0.0,0.0,0.0,0,0.0,0.0,0.0,0.0,0.0,0.0,0.0,0.0,0.0,0.0,0.0,0.0,0.0,0.0,0.0,0.0,0.0,0.0,0.0,0.0,0.0,0.0,0.0,0.0,0.0,95.2789,0.11946,0.068212,0.0,0.0,0.0,95.2789,0.0,0.0,0.0,0.0,0.0,0.0,0.0,0.0,0.0,0.0,0.0,0.0,0.0,0.0,0.0,0.0,0.0,0.0,0.0,0.0,0.0,0.0,0.0,0.0,0.0,0.0,0.0,0.0,0.0,0.0,296.381,0.3716,0.212185,0.0,0.0,0.0,1,50000,0.11946,0.0,0.3716,0.0,0.0542,0.5742,0.0332225747508305,0.1332412141710761,12.08539609538697,144.54333900057208,0.1741730332225913,0.1420630805923301,1.703833912560644,0.9077418557288222,14.0
UWY,-2.6968913,-2.7036092,1.355509,-3.0652168,3.6307058,4.770803,-0.2569034,2.4907196,-4.4412513,0.21351817,2.271509,-8.4895525,4.1903086,-3.8799536,0.27027228,-2.3221922,0.49045298,-0.17031099,2.6108506,0.04813662,4.063964,-4.0046535,-1.4675395,0.2848181,0.35703123,4.7345104,0.5792205,-0.08716735,6.5450373,-6.667909,1.6571071,-0.9214341,6.655151,1.0554404,-0.014529899,-3.2712505,3.2076437,4.0501738,1.508585,-2.5779634,-1.6014955,-2.5564194,3.2301881,-3.3310237,0.14440271,1.8429382,0.18080176,0.6007432,0.6664156,5.8439555,-4.871751,6.652589,0.368213,3.063055,2.5703187,-0.8962919,0.55597234,-4.267936,5.599834,-6.642995,3.7194347,-2.0467277,-1.1244028,0.983917,-1.7053806463566112,0.0647609375412236,1.1350038,-3.9037983,180,24.744491240800627,12.567561192963652,11.479323259011087,89.97203858565047,90.14388062266448,90.65796430270834,3569.5689188307365,5.59674,4.61621,4.59129,5.59674,8.05861,8.05861,8.05861,8.05694,8.05694,0.0504262570895988,1,3,0,0,0,0,0,8.05863,5.5967,8.05863,0.0,0.0,0.0,0.0,0.0,0.0,0.0,0.0,0.0,0.0,0.0,0.0,0.0,0.0,0.0,1.67704,634.729,1778.17,1060.3,1.80826,5.06577,3.02066,1,634.729,0.0,0.0,0.0,0.0,0.0,4,0.904661,0.119702,0.381709,0.402189,0.0,0.0,0.0,0.0,0.0,0.0,0.0,0.0,0.0,0.0,0.0,0.0,0.0,0.0,0.0,0.0,0.0,0.0,0.0,0.0,0.0,611.896,0.17142,0.102216,0.0713914,2e-05,1.19258e-05,611.896,0.0,0.0,0.0,0.0,0.0,0.0,0.0,0.0,0.0713914,0.0,0.0,0.0,0.0,0.0,0.0,0.0,0.0,0.0,0.0,0.0,0.0,0.0,0.0,0.0,0.0,0.0,0.0,0.0,0.0,0.0,1290.4,0.3615,0.215558,3.14122,0.00088,0.000524734,1,50000,0.17142,2e-05,0.3615,0.00088,0.08356,0.55406,0.0332226200664451,0.0378305404149455,9.57359573607332,100.4339887298689,0.2278400631229235,0.1516579954033958,1.2387682554713295,-0.2868523558555358,60.0
IWV,-1.7435553,-2.1885266,0.87018585,-1.4418304,-1.1105413,2.1339712,-4.7266006,-10.672177,-2.9346986,-4.7545705,5.323524,0.7411351,-3.1176453,2.108709,-2.365299,4.9498754,-7.1873407,-4.409462,-8.819422,-2.0952616,-5.2484865,-7.770694,3.8734846,-1.5067545,-0.58630556,0.10187062,-0.16399509,-1.226926,-4.654078,6.0701785,3.5819428,-3.8861125,-4.166728,1.1812994,5.3342357,0.8148856,-7.6293473,6.0535383,0.7172353,-2.3064632,-1.5421374,1.8523126,5.7763324,-2.647114,-1.8252954,2.7040694,-4.9642587,3.5409694,5.9371796,-3.3995748,0.44177267,9.343151,-3.0532389,-6.475616,9.152183,0.11363143,3.291791,-3.508234,1.5363301,-6.0061326,-5.576833,-4.2159686,2.3610868,5.101378,-0.7158196349246742,-0.5912883334656777,3.1499844,-2.4096885,114,14.327485103223523,15.5105759746718,18.782428677327143,48.45011789072634,53.85161035081042,77.91197618954038,2405.476240408845,6.27239,6.27239,6.20886,6.20886,8.13269,7.84622,8.00479,8.00495,7.84622,0.0473918628190748,1,2,0,0,0,0,0,8.13276,6.27241,8.13276,0.0,0.0,0.0,0.0,0.0,0.0,0.0,0.0,0.0,0.0,0.0,0.0,0.0,0.0,0.0,1.57612,403.154,1675.98,1063.36,0.0,0.0,0.0,1,403.154,0.0,0.0,0.0,0.0,0.0,2,0.0,0.0,0.0,0.0,0.0,0.0,0.0,0.0,0.0,0.0,0.0,0.0,0.0,0.0,0.0,0.0,0.0,0.0,0.0,0.0,0.0,0.0,0.0,0.0,0.0,555.954,0.23112,0.146638,0.0,0.0,0.0,555.954,0.0,0.0,0.0,0.0,0.0,0.0,0.0,0.0,0.0,0.0,0.0,0.0,0.0,0.0,0.0,0.0,0.0,0.0,0.0,0.0,0.0,0.0,0.0,0.0,0.0,0.0,0.0,0.0,0.0,0.0,985.427,0.40966,0.259916,0.0,0.0,0.0,1,50000,0.23112,0.0,0.40966,0.0,0.07436,0.51598,0.0332226368770764,0.0684923432245172,8.464977281201778,71.37377196183776,0.2682045813953488,0.1938656264846429,1.0428704812082894,-0.9003178328531392,38.0
PTT,-2.0086,-1.1042902,1.4953926,2.2496345,5.3460393,-2.9202447,2.0973108,-1.0663346,-0.49015805,-1.0210093,-0.9838611,-1.4609476,3.9462183,3.4002063,-2.2807474,-2.41535,3.975272,1.6549945,-3.5391884,0.009892136,-1.0506256,-0.21373683,0.64451206,-0.33811662,-1.7457541,1.8918692,-0.47121137,0.8892009,1.5318485,4.409846,0.78189796,-0.9862058,3.1956975,-1.7254316,-1.1367307,-0.0723691,1.4366342,-1.3729237,0.10149957,-2.8512158,-0.09705895,2.4099984,0.39401022,-0.6514874,-2.1120799,-4.960765,0.66586924,4.7686796,0.6744232,-2.8627703,2.773709,-1.3059995,0.33297685,3.75079,1.8992139,2.4374707,-0.96289814,-0.5572393,-0.08181968,3.032307,-2.9198914,-2.4298778,-1.2408118,-0.32188284,1.0406875679971537,-1.0263716474297555,1.2761556,-2.5960033,72,12.793193000232352,12.793144852569323,10.049410000000648,89.9999986771071,89.9999649813888,120.00068913841692,1424.3753524766294,2.66112,2.66112,2.66112,1.77433,6.07081,6.07081,6.07081,6.07081,6.07081,0.0505484736693949,1,2,0,0,0,0,0,6.07075,2.66109,6.07075,0.0,0.0,0.0,0.0,0.0,0.0,0.0,0.0,0.0,0.0,0.0,0.0,0.0,0.0,0.0,1.6811,229.434,1610.77,958.16,57.1968,401.557,238.865,1,229.434,0.0,0.0,0.0,0.0,0.0,2,55.5987,1.59815,0.0,0.0,0.0,0.0,0.0,0.0,0.0,0.0,0.0,0.0,0.0,0.0,0.0,0.0,0.0,0.0,0.0,0.0,0.0,0.0,0.0,0.0,0.0,162.92,0.11438,0.0680386,29.2567,0.02054,0.0122182,162.92,0.0,0.0,0.0,0.0,0.0,29.1427,0.11395,0.0,0.0,0.0,0.0,0.0,0.0,0.0,0.0,0.0,0.0,0.0,0.0,0.0,0.0,0.0,0.0,0.0,0.0,0.0,0.0,0.0,0.0,0.0,443.807,0.31158,0.185342,116.77,0.08198,0.0487656,1,50000,0.11438,0.02054,0.31158,0.08198,0.055,0.55144,0.0332225811627907,0.1167437634634953,11.67983059102405,137.3384517416444,0.2012153953488372,0.159486903644407,1.483397161273914,0.2057410376223125,24.0
PTO,-2.201405,-1.2255241,2.8278377,-3.5558362,0.48773026,6.2391725,-4.926227,4.17643,1.1035528,2.1413975,5.779229,-5.004757,13.287477,3.4899774,0.52544934,1.04738,1.4824135,-0.3555042,-4.286253,0.97406816,5.881524,-3.0649393,-2.2893934,-0.06889139,-5.0699153,8.5381775,4.540276,3.1928434,1.7333986,-6.703607,-3.2097223,-0.71496093,3.7105627,-2.6682239,2.2848716,0.24995208,3.0947392,5.817542,1.0888537,-3.6320062,1.6467278,-0.7361368,3.4953535,-2.500882,-2.4085846,0.88209796,-3.115373,-1.567372,-0.5521965,1.0072447,-3.2926683,2.0608158,0.5756438,6.493455,9.681667,0.3506769,4.1571174,0.02548566,6.6166744,-4.0193405,2.48284,-6.820119,0.31152028,-1.9537313,0.47806565483903596,0.45653749642558195,0.5042586,-3.663532,144,13.692138982002811,14.290244,17.09681514898678,90.0,128.59119976860126,90.0,2614.687312250463,3.41482,1.26148,3.41482,3.41199,4.80516,4.79349,4.79826,4.80178,4.79826,0.0550735070022805,1,2,0,0,0,0,0,4.80518,3.41493,4.80518,0.0,0.0,0.0,0.0,0.0,0.0,0.0,0.0,0.0,0.0,0.0,0.0,0.0,0.0,0.0,1.83159,438.26,1676.15,915.131,1.66065,6.35125,3.46761,1,438.26,0.0,0.0,0.0,0.0,0.0,4,0.379587,0.48093,0.339687,0.460449,0.0,0.0,0.0,0.0,0.0,0.0,0.0,0.0,0.0,0.0,0.0,0.0,0.0,0.0,0.0,0.0,0.0,0.0,0.0,0.0,0.0,284.635,0.10886,0.0594345,0.0522937,2e-05,1.09194e-05,284.635,0.0,0.0,0.0,0.0,0.0,0.0,0.0,0.0,0.0522937,0.0,0.0,0.0,0.0,0.0,0.0,0.0,0.0,0.0,0.0,0.0,0.0,0.0,0.0,0.0,0.0,0.0,0.0,0.0,0.0,0.0,785.714,0.3005,0.164065,5.22937,0.002,0.00109194,1,50000,0.10886,2e-05,0.3005,0.002,0.09754,0.59996,0.0332226051528239,0.0600773345034927,8.832955798266442,85.79960392319312,0.1569323255813952,0.1291528255326719,1.87693601367442,1.555678471316826,48.0
ANO,-12.722419,-15.330263,11.22617,1.1542149,-5.2290106,11.895627,-3.0220523,2.8902419,-0.02774629,5.719303,3.519924,-19.14558,-3.617203,11.761126,-1.550895,13.558781,10.851889,-3.917189,6.9108768,-6.2762666,12.698445,4.032919,8.603948,-0.3805094,2.8220282,-8.664727,-12.147154,-4.65273,9.536735,-22.136826,2.6476948,-18.044355,-28.549574,-2.9897592,-17.160093,-0.80837274,-3.3803165,-1.5218666,-4.9619207,-9.091408,-1.006036,5.1347203,4.5534897,2.3387663,3.0446198,-7.870308,2.923979,-12.226594,-15.303045,-11.861551,-13.728937,-4.679154,0.41984695,-3.488462,14.697803,-9.293105,-2.649507,16.432222,-0.12231353,-4.798225,-12.5380125,0.39229771,6.73982,4.1623,-3.7054503828554153,-1.4394274539469307,4.0024724,-0.26018715,288,12.75584300004837,12.755845186324349,40.34410400000132,89.99997398445205,90.00002625679949,120.00030973211332,5684.96448468921,2.63683,2.63683,2.63683,1.49142,6.15839,6.03569,5.91181,6.15839,6.03569,0.0506599470894926,4,2,2,2,2,0,0,6.03559,2.63684,6.03559,6.15382,2.62703,6.15382,6.04007,2.63682,6.04007,6.15833,2.62704,6.15833,0.0,0.0,0.0,0.0,0.0,0.0,1.68481,1049.96,1846.91,1096.21,57.8518,101.763,60.4001,4,303.056,229.673,289.608,227.625,0.0,0.0,8,12.3273,2.00246,1.48269,12.4201,1.78354,13.1285,1.58085,13.1264,0.0,0.0,0.0,0.0,0.0,0.0,0.0,0.0,0.0,0.0,0.0,0.0,0.0,0.0,0.0,0.0,0.0,761.558,0.13396,0.0795104,9.66444,0.0017,0.00100901,225.125,156.791,218.985,160.657,0.0,0.0,2.72878,0.227399,0.113699,2.84248,0.227399,1.47809,0.454797,1.59179,0.0,0.0,0.0,0.0,0.0,0.0,0.0,0.0,0.0,0.0,0.0,0.0,0.0,0.0,0.0,0.0,0.0,1979.73,0.34824,0.206694,119.384,0.021,0.0124643,1,50000,0.13396,0.0017,0.34824,0.021,0.07726,0.5535,0.0332225922591362,0.0644954493861795,9.413761689876518,95.05691587015586,0.1999992059800664,0.1570199642410251,1.4930298717799804,0.2494020062496984,96.0
RSN,0.13458174,0.068608485,-3.6590636,-0.40052074,9.782579,8.031741,9.82409,4.0778103,7.8714685,-7.84162,8.097087,1.9667677,23.991236,13.087813,5.4114876,-1.011776,-2.6202664,-9.84421,-22.352518,0.9401251,15.359908,1.1898322,-0.77297664,1.224088,-3.7144578,12.751386,12.059477,12.255503,2.7793264,-3.4720438,3.8519013,-0.42536286,4.4691005,-4.2885985,-6.6478877,7.543515,-2.4218683,8.188856,2.909931,-2.5949593,1.2620609,0.9558577,-3.4921482,9.5462055,4.377136,2.5347202,-0.21018906,3.2581892,9.703391,1.4256486,-12.504562,-8.891224,-0.1561496,17.139387,5.658991,7.4256415,8.360821,6.0779166,17.101025,-9.215219,0.9553995,6.789102,4.607987,-5.214052,4.812651786128887,-1.1836689734264358,-1.4144667,0.029212669,108,7.084686848249893,41.076033,7.10774810638658,90.0,89.57644217778018,90.0,2068.375163032882,3.10694,3.10694,2.27811,2.9766,4.1126,3.64127,4.1126,3.58418,3.64127,0.0522148988878972,1,3,0,0,0,0,0,4.11258,3.1068,4.11258,0.0,0.0,0.0,0.0,0.0,0.0,0.0,0.0,0.0,0.0,0.0,0.0,0.0,0.0,0.0,1.73653,478.303,2312.46,1331.66,0.0,0.0,0.0,1,478.303,0.0,0.0,0.0,0.0,0.0,0,0.0,0.0,0.0,0.0,0.0,0.0,0.0,0.0,0.0,0.0,0.0,0.0,0.0,0.0,0.0,0.0,0.0,0.0,0.0,0.0,0.0,0.0,0.0,0.0,0.0,181.81,0.0879,0.0506183,0.0,0.0,0.0,181.81,0.0,0.0,0.0,0.0,0.0,0.0,0.0,0.0,0.0,0.0,0.0,0.0,0.0,0.0,0.0,0.0,0.0,0.0,0.0,0.0,0.0,0.0,0.0,0.0,0.0,0.0,0.0,0.0,0.0,0.0,768.195,0.3714,0.213875,0.0,0.0,0.0,1,50000,0.0879,0.0,0.3714,0.0,0.0589,0.5697,0.0332225824916943,0.0650487963517852,10.013651408508126,112.68459256942404,0.1224246877076411,0.1035005612716762,2.312985277879944,3.4013714730868747,36.0
DOH,5.481839,-6.349476,9.097228,2.2462952,-5.909808,-10.396645,-9.430991,2.2527232,-1.9096805,-3.821127,-1.122229,-8.110098,9.183437,-5.797231,-15.735687,1.5683873,-2.363731,-1.7654101,5.7342033,-2.192693,3.2843008,6.689335,-0.0009305179,-2.812022,-1.5325273,-2.7563474,-1.1833513,-4.125175,15.284208,5.104752,5.30251,-4.2388725,6.472014,1.4826864,-2.4293013,-1.0354376,14.528352,-1.7244854,1.8373922,-11.966602,-5.4820604,-0.53673035,4.2384167,-10.524606,-5.174522,1.5698268,-0.4195041,-9.4986,-1.4895564,5.266062,4.9306664,0.053571254,-0.05514109,0.38559538,2.503634,-4.498639,6.2999687,-9.639861,11.668688,3.9379556,7.257073,3.7349772,-4.8244967,-2.0932035,-1.6012904402068777,-1.1147387820950168,4.3976707,-2.4346101,102,13.663102224688982,13.70769809399813,11.141500007423822,90.00401919430193,89.99695626563089,119.91295213899508,1808.707827905962,1.75906,1.49131,1.49131,1.75906,6.80197,6.80197,6.80197,6.8018,6.8018,0.0563938511385174,0,0,0,0,0,0,0,0.0,0.0,0.0,0.0,0.0,0.0,0.0,0.0,0.0,0.0,0.0,0.0,0.0,0.0,0.0,0.0,0.0,0.0,1.87551,0.0,0.0,0.0,260.048,1437.75,766.596,0,0.0,0.0,0.0,0.0,0.0,0.0,6,133.783,23.9017,23.3665,24.2581,27.1623,27.5765,0.0,0.0,0.0,0.0,0.0,0.0,0.0,0.0,0.0,0.0,0.0,0.0,0.0,0.0,0.0,0.0,0.0,0.0,0.0,0.0,0.0,0.0,150.593,0.08326,0.0443934,0.0,0.0,0.0,0.0,0.0,0.0,103.567,8.97119,9.04354,9.18824,10.2373,9.58615,0.0,0.0,0.0,0.0,0.0,0.0,0.0,0.0,0.0,0.0,0.0,0.0,0.0,0.0,0.0,0.0,0.0,0.0,0.0,0.0,0.0,0.0,536.824,0.2968,0.158251,1,50000,0.0,0.08326,0.0,0.2968,0.08596,0.61724,0.0,0.0,0.0,0.0,0.0,0.0,0.0,0.0,34.0
DDR,-1.076777,-13.462265,2.6207082,-0.60811824,-6.841621,0.70646733,-1.8680463,-0.17090139,-2.8877032,-0.89248574,3.2907736,-5.9251537,-0.9674901,2.0764978,-7.153565,3.2244933,-0.74846554,0.9645574,7.685787,-3.369784,0.40905294,-1.6607234,3.9620223,-1.5899888,-3.8888187,-6.2468185,-8.401307,-0.17034721,-0.5532682,-5.746906,1.5056303,-9.442731,-5.405585,0.14478543,-5.577653,1.9864595,0.28186607,3.6771116,0.38540328,-12.659315,1.593015,0.03841597,-5.128542,-2.5529113,1.76914,6.006008,-0.80883676,-3.4089034,-3.4666128,1.9968041,-10.982209,2.8876765,-0.38613877,-4.725569,6.697399,-3.11567,1.1987101,-1.7426814,1.4612516,1.645959,-11.342438,-2.1963074,4.9210267,-2.7661507,-1.7864090761336167,-0.43087757039806923,3.4968047,-2.1921537,360,13.726157000013297,13.726152215784072,40.624118000063525,89.99980953795692,90.00015829160998,119.99999595163612,6628.455838151509,3.07197,3.07184,3.07197,1.83821,6.84402,6.67429,6.62289,6.83641,6.62289,0.0543112919192947,2,2,2,0,0,0,0,6.844,2.94114,6.84324,6.76693,3.07187,6.76693,0.0,0.0,0.0,0.0,0.0,0.0,0.0,0.0,0.0,0.0,0.0,0.0,1.80625,817.498,1233.32,682.806,250.023,377.196,208.829,2,546.787,270.711,0.0,0.0,0.0,0.0,15,4.32625,27.3711,24.5794,24.2948,5.01199,4.58613,26.1977,24.0921,24.3594,4.34885,4.33155,26.0307,23.8774,22.9685,3.64688,0.0,0.0,0.0,0.0,0.0,0.0,0.0,0.0,0.0,0.0,669.739,0.10104,0.0559392,81.1323,0.01224,0.00677649,451.663,218.076,0.0,0.0,0.0,0.0,0.530276,10.3404,9.14727,7.95415,0.0,0.530276,7.42387,7.68901,7.55644,0.265138,0.265138,9.14727,9.14727,10.3404,0.795415,0.0,0.0,0.0,0.0,0.0,0.0,0.0,0.0,0.0,0.0,1596.93,0.24092,0.133382,474.73,0.07162,0.0396513,1,50000,0.10104,0.01224,0.24092,0.07162,0.09528,0.59218,0.0332225751063122,0.1128415096431609,11.72085403142508,144.1188878362101,0.2272334518272426,0.1741022588591056,1.2960052464866791,-0.313535405451367,120.0
AFO,-3.2204323,-10.656203,1.5804448,3.7542543,0.74078655,-8.979926,16.790253,1.464763,-2.9762607,4.105116,6.635121,-1.788455,-1.0778593,-4.156744,5.6128325,-8.316981,-4.3166127,0.46308148,7.255377,1.3277385,-10.099317,3.3855214,11.8471775,1.6403123,4.142101,3.6629832,1.9442723,-8.066777,10.988361,0.46147078,-0.10932477,1.6931106,4.401414,3.0762587,-8.4698925,-10.957916,2.8073215,4.70044,2.0254893,-4.7463255,-1.8612902,-3.0697243,-5.452979,-3.6420598,-0.8825208,-0.8210243,-0.6919939,-3.1985223,0.6375891,11.750668,-13.436786,-8.676863,-5.4519806,1.7495627,-7.8711624,1.1738391,-8.01335,2.9023166,2.306992,-2.2521255,-3.4355469,2.9280682,-4.669706,-7.4235373,-1.2043112117372399,-1.1595354545430165,3.6227024,-3.4331808,120,9.591386000043842,25.456866000002297,8.27856900000006,90.0000204251789,90.00000000002093,89.99984701985973,2021.3502786911763,4.28461,1.17733,1.06923,4.28461,5.03499,5.02297,5.03161,5.02802,5.02802,0.059366256934795,2,1,1,0,0,0,0,5.03514,4.284,5.03514,5.03171,4.28463,5.03171,0.0,0.0,0.0,0.0,0.0,0.0,0.0,0.0,0.0,0.0,0.0,0.0,1.97436,219.291,1084.87,549.481,5.71184,28.2575,14.3123,2,109.081,110.21,0.0,0.0,0.0,0.0,8,0.681494,1.30473,0.400068,0.841097,0.9036,0.438908,0.599572,0.542372,0.0,0.0,0.0,0.0,0.0,0.0,0.0,0.0,0.0,0.0,0.0,0.0,0.0,0.0,0.0,0.0,0.0,153.461,0.07592,0.038453,0.242562,0.00012,6.07792e-05,77.1347,76.3262,0.0,0.0,0.0,0.0,0.0,0.040427,0.040427,0.040427,0.121281,0.0,0.0,0.0,0.0,0.0,0.0,0.0,0.0,0.0,0.0,0.0,0.0,0.0,0.0,0.0,0.0,0.0,0.0,0.0,0.0,416.196,0.2059,0.104287,19.405,0.0096,0.00486234,1,50000,0.07592,0.00012,0.2059,0.0096,0.13594,0.64856,0.033222572192691,0.1595709014984414,12.14279602257172,145.4750369232623,0.1692776777408637,0.1404675116226502,1.7624343874094537,1.1062806463110322,40.0
YFI,-2.058191,-9.881257,3.8978956,5.1531367,-9.3288555,9.506042,-7.91631,1.0341476,0.19967642,4.3688765,-3.992051,8.693201,-0.21426651,-6.878945,0.0023766737,2.2508135,-1.6941131,-0.94819605,5.756065,0.9504502,0.36346647,-7.135286,6.0647426,2.844758,-0.37250382,3.7012892,-2.9326062,-6.276505,5.506906,0.11014892,3.1762967,-2.0801618,-4.374666,1.3156697,-2.8099105,-3.745331,2.5983086,2.5485084,0.21232785,-9.446039,1.9433808,1.4853768,3.5149107,-2.744748,-2.2054243,-8.835915,0.7111502,1.5986913,11.071897,4.249826,6.601479,3.449682,6.4042234,-1.8115754,10.622919,9.944772,-2.3327055,11.015851,2.460995,6.583286,-5.8430657,-2.9959111,2.2298245,-1.7382989,0.8877167351433591,-1.3042547515631797,2.8907926,-1.6225309,360,18.0478510000041,31.59271000000648,12.416768000000404,90.00001005512419,90.00002019248446,89.99992563256751,7079.799269303525,5.46557,5.46557,5.46557,3.08878,7.17845,7.17845,7.17845,7.08453,7.17845,0.0508488992846,3,1,3,1,0,0,0,4.61248,2.99654,4.61248,7.17843,5.46556,7.17843,4.6125,2.99654,4.6125,0.0,0.0,0.0,0.0,0.0,0.0,0.0,0.0,0.0,1.6911,1236.62,1746.69,1032.87,4.63876,6.55211,3.87448,3,106.291,1020.89,109.435,0.0,0.0,0.0,4,1.24435,1.16455,0.92302,1.30685,0.0,0.0,0.0,0.0,0.0,0.0,0.0,0.0,0.0,0.0,0.0,0.0,0.0,0.0,0.0,0.0,0.0,0.0,0.0,0.0,0.0,1197.05,0.16908,0.0999825,0.424788,6e-05,3.548e-05,51.1162,1092.13,53.8065,0.0,0.0,0.0,0.283192,0.0,0.0,0.141596,0.0,0.0,0.0,0.0,0.0,0.0,0.0,0.0,0.0,0.0,0.0,0.0,0.0,0.0,0.0,0.0,0.0,0.0,0.0,0.0,0.0,2556.37,0.36108,0.213518,10.9029,0.00154,0.000910652,1,50000,0.16908,6e-05,0.36108,0.00154,0.08136,0.55602,0.033222571820598,0.0534632026574761,10.737534136706673,122.0878652076494,0.2216737607973422,0.1592685730158409,1.278865055320504,-0.301420055219566,120.0
PSI,-3.8991103,3.4837265,-2.0978746,-3.6187153,-1.5567728,-3.050927,-2.9244604,2.2382905,0.3592346,3.0533526,4.8862762,-6.1812863,1.6589439,3.5161922,0.72530955,0.48256272,7.4583344,3.9747458,-0.3788918,-1.1684967,0.24576342,2.4202414,-0.64119184,0.9322448,0.2900988,-0.7924304,-0.37151903,-0.5701437,-0.10402391,-3.0889359,2.2158206,-2.5707195,5.220881,0.14513004,9.209428,1.1321452,-0.17329462,-2.8564088,0.09051775,1.4922765,3.3962865,-1.9307196,1.238318,-4.572845,1.4910046,-0.46083382,1.2771935,-0.13663718,0.7025645,0.03855811,-1.2548798,0.9058583,-1.4088807,-0.20151109,3.9573135,-2.3648539,-6.407447,0.7224253,-3.3374908,-4.773679,2.3991454,0.013293594,-6.0364914,1.7904626,-2.6430947087628858,1.355981563887022,1.7882161,-4.4231577,432,8.30336600000024,22.235895916076736,37.91122926290497,89.95244279284582,90.00000624404296,90.00000258245376,6999.653321539395,4.37151,4.37151,1.15052,1.14454,5.27865,5.19943,5.22694,5.27865,5.19943,0.0617173422961742,4,1,1,1,1,0,0,5.22695,4.31549,5.22695,5.2786,4.32363,5.2786,5.19951,4.37166,5.19951,5.26551,4.31909,5.26551,0.0,0.0,0.0,0.0,0.0,0.0,2.05255,440.196,628.882,306.391,114.972,164.254,80.0242,4,108.769,109.539,111.029,110.86,0.0,0.0,39,15.0405,12.5342,0.200564,0.199504,0.299786,10.3294,9.93038,0.299786,0.540251,0.340747,1.72952,0.420549,1.0858,0.620052,0.441029,1.48375,1.04378,1.12571,1.20233,0.240465,0.460449,0.340747,10.5169,10.7909,12.995,297.905,0.04256,0.0207352,14.1393,0.00202,0.000984141,70.4165,75.1763,73.6364,78.6761,0.0,0.0,1.9599,2.37988,0.0,0.0,0.0,1.11994,1.39993,0.0,0.0,0.0,0.0,0.0,0.0,0.0,0.0,0.0,0.0,0.0,0.0,0.0,0.0,0.0,2.23989,1.81991,1.67992,797.68,0.11396,0.0555212,169.252,0.02418,0.0117805,1,50000,0.04256,0.00202,0.11396,0.02418,0.18754,0.67432,0.0332226203322259,0.1215511329795448,11.652620733507511,144.96510782199627,0.1743951926910298,0.1430803159312102,1.7152990741234306,0.952320023016684,144.0
DON,-17.490856,0.57205755,0.23559827,-7.8831396,-4.852068,19.170286,-0.048322424,1.3259233,-2.6673496,5.783212,5.3854938,-17.32939,6.4289193,-6.0079594,-9.3188925,0.32945448,-7.951923,4.088826,3.112177,-0.11828402,-2.0107417,-12.857412,7.879643,1.3170174,2.056532,4.6032205,7.0048614,-3.066637,3.9361508,-5.3961406,0.896226,-5.2760725,1.0647895,6.6153383,-0.33820575,-19.320175,8.321777,15.399342,-1.6715255,-9.362153,-1.8442271,0.43809777,8.011359,-2.7764494,0.8835995,0.77328765,3.9317925,-8.222264,-1.8217686,-4.8274117,-4.7352686,13.634205,0.5669887,4.1883206,5.7436132,-2.8603034,-6.4223194,-8.876045,-0.53460276,-11.572692,-0.27086684,0.6768564,-5.0371375,5.0449877,-4.126078234166369,1.237530475408438,3.154823,-5.257095,192,18.91580000016917,22.99171200054987,8.468475000000058,89.9999982182647,89.9999999999714,89.99936144975986,3682.9958882340097,7.32586,1.31493,1.31493,7.32586,7.9313,7.92838,7.92854,7.92838,7.92838,0.0521314728081501,2,1,1,0,0,0,0,7.92859,7.32334,7.92859,7.92837,7.32575,7.92837,0.0,0.0,0.0,0.0,0.0,0.0,0.0,0.0,0.0,0.0,0.0,0.0,1.73375,440.207,1195.24,689.397,4.7348,12.8558,7.41505,2,218.783,221.424,0.0,0.0,0.0,0.0,12,0.764478,0.360167,0.279305,0.280366,0.0399007,0.783898,0.360167,0.219984,0.180084,0.140183,0.46151,0.86476,0.0,0.0,0.0,0.0,0.0,0.0,0.0,0.0,0.0,0.0,0.0,0.0,0.0,619.922,0.16832,0.0970843,0.22098,6e-05,3.46071e-05,308.046,311.876,0.0,0.0,0.0,0.0,0.0,0.0,0.0,0.0,0.0,0.0736599,0.0736599,0.0736599,0.0,0.0,0.0,0.0,0.0,0.0,0.0,0.0,0.0,0.0,0.0,0.0,0.0,0.0,0.0,0.0,0.0,1097.9,0.2981,0.171939,14.2164,0.00386,0.00222639,1,50000,0.16832,6e-05,0.2981,0.00386,0.13302,0.56502,0.0332225701860465,0.1564243811844149,12.134247316244634,145.38496602163588,0.265588877076412,0.1948655889018708,1.06052013152396,-0.8751534932247025,64.0
SYT,-27.87731,21.402908,-15.512678,-13.373454,-7.928222,-13.493003,-13.439298,11.966328,5.4024568,9.41187,32.50534,-30.494522,10.494501,12.522859,-1.3226191,5.561023,41.321236,11.945013,-9.198267,3.1504462,-4.3738885,5.8235335,8.555941,8.144124,-0.55809647,-2.7968764,-3.4340794,-4.342263,-0.9742756,-13.040538,10.866834,-14.775065,19.22437,3.3577785,46.77909,14.056358,-5.182141,-9.385151,-3.032298,12.392302,19.319427,-8.450555,4.641105,-16.24242,12.040774,-6.255376,2.9199622,-4.740668,2.7521062,3.0017362,-4.0043387,14.703304,-16.86098,5.207747,20.58449,-10.914903,-32.609596,4.9128346,-13.28516,-20.907063,10.882176,-5.859712,-23.651394,11.570848,-11.25735818287004,8.655977867566913,1.9131979,-6.9451146,392,27.342,27.342,13.9854,90.0,90.0,90.0,10455.2747555256,6.41824,3.32544,3.32544,6.41824,7.8894,7.8894,7.8894,7.8894,7.8894,0.0374930366887611,3,1,3,1,0,0,0,6.56975,3.79682,6.56975,7.8894,6.41824,7.8894,6.57866,3.79682,6.57866,0.0,0.0,0.0,0.0,0.0,0.0,0.0,0.0,0.0,1.2418,2386.71,2282.78,1838.29,0.0,0.0,0.0,3,249.399,1887.71,249.601,0.0,0.0,0.0,0,0.0,0.0,0.0,0.0,0.0,0.0,0.0,0.0,0.0,0.0,0.0,0.0,0.0,0.0,0.0,0.0,0.0,0.0,0.0,0.0,0.0,0.0,0.0,0.0,0.0,3172.34,0.30342,0.244339,0.0,0.0,0.0,191.332,2788.63,192.377,0.0,0.0,0.0,0.0,0.0,0.0,0.0,0.0,0.0,0.0,0.0,0.0,0.0,0.0,0.0,0.0,0.0,0.0,0.0,0.0,0.0,0.0,0.0,0.0,0.0,0.0,0.0,0.0,5591.48,0.5348,0.430666,0.0,0.0,0.0,1,50000,0.30342,0.0,0.5348,0.0,0.04956,0.41564,0.0332225759003322,0.0954982003904823,11.388209836356875,138.31539321954625,0.2550317388936878,0.1848305357900042,1.104280345557976,-0.7643291510933286,130.66666666666666
