Si/Al,Al/P,Si/Ge,Si/B,Na/T,K/T,OH/T,F/T,H2O/T,sda1/T,cryst_temp,cryst_time,zeo,osda
0.0,0.4545455,0.0,0.0,0.0,0.0,0.0,0.0,54.6875,0.78124994,180.0,72.0,CHA,CN1CCCCC1
0.0,0.0,0.0,0.0,0.0,0.0,0.0,0.0,200.0,0.0,160.55627,150.0,NON,CC1CCCN1
0.0,0.0,0.0,0.0,0.0,0.0,0.0,0.0,200.0,0.0,185.36514,160.0001,NON,CC1CCCN1
0.0,0.0,0.0,0.0,0.0,0.0,0.0,0.0,200.0,0.0,140.57173,170.0,NON,CC1CCCN1
0.0,0.0,0.0,0.0,0.0,0.0,0.0,0.0,200.0,0.0,169.43051,180.0,NON,CC1CCCN1
0.0,0.0,0.0,0.0,0.0,0.0,0.0,0.0,200.0,0.0,185.78699,189.99998,NON,CC1CCCN1
0.0,0.0,0.0,0.0,0.0,0.0,0.0,0.0,200.0,0.0,176.79135,199.99991,NON,CC1CCCN1
0.0,0.0,0.0,0.0,0.0,0.0,0.0,0.0,200.0,0.0,176.30368,450.44067,NON,CC1CCCN1
0.0,0.0,0.0,0.0,0.0,0.0,0.0,0.0,200.0,0.0,167.5521,160.0001,DOH,CC1CNCCN1
0.0,0.0,0.0,0.0,0.0,0.0,0.0,0.0,200.0,0.0,155.41805,170.0,DOH,CC1CNCCN1
0.0,0.0,0.0,0.0,0.0,0.0,0.0,0.0,200.0,0.0,181.54152,180.0,DOH,CC1CNCCN1
0.0,0.0,0.0,0.0,0.0,0.0,0.0,0.0,200.0,0.0,214.96593,189.99998,DOH,CC1CNCCN1
0.0,0.0,0.0,0.0,0.0,0.0,0.0,0.0,200.0,0.0,130.17387,199.99991,DOH,CC1CNCCN1
50.0,1.7179967,99.0,250.0,0.0,0.0,0.0,0.52941185,7.107843,0.52941173,175.0,72.0,Dense/Amorphous,CCCC[N+]1(C2CCCCC2)CCCC1
25.0,1.7179967,99.0,250.0,0.0,0.0,0.0,0.5192309,6.9711537,0.5192306,150.0,192.0,Dense/Amorphous,CCCC[N+]1(C2CCCCC2)CCCC1
1.0,1.7179967,99.0,250.0,0.0,0.7500002,0.76,0.0,200.0,1.0,100.0,336.0,Dense/Amorphous,C[N+]1(CCC[N+]2(C)CCCCC2)CCCCC1
400.0,0.0,99.0,250.0,0.0,0.0,0.5,0.0,10.0,0.25,175.0,336.0,Dense/Amorphous,C[N+]1(CCC[N+]2(C)CCCCC2)CCCCC1
400.0,0.0,99.0,250.0,0.0,0.0,0.5,0.0,30.0,0.25,175.0,336.0,Dense/Amorphous,C[N+]1(CCC[N+]2(C)CCCCC2)CCCCC1
30.03003,1.7179967,99.0,250.0,0.0,0.0,0.48388657,0.0,9.6777315,0.24194328,175.0,336.0,Dense/Amorphous,C[N+]1(CCC[N+]2(C)CCCCC2)CCCCC1
30.03003,1.7179967,99.0,250.0,0.0,0.0,0.48388657,0.0,29.033195,0.24194328,175.0,336.0,Dense/Amorphous,C[N+]1(CCC[N+]2(C)CCCCC2)CCCCC1
14.992504,1.7179967,99.0,250.0,0.0,0.0,0.46873534,0.0,9.374707,0.23436768,175.0,336.0,Dense/Amorphous,C[N+]1(CCC[N+]2(C)CCCCC2)CCCCC1
14.992504,1.7179967,99.0,250.0,0.0,0.0,0.46873534,0.0,28.124123,0.23436768,175.0,336.0,Dense/Amorphous,C[N+]1(CCC[N+]2(C)CCCCC2)CCCCC1
0.0,1.7011478,0.0,0.0,0.0,0.0,0.0,0.0,23.617023,0.3276596,180.0,120.0,Dense/Amorphous,C[N+](C)(C)CCCN
0.0,1.7011478,0.0,0.0,0.0,0.0,0.0,0.0,23.617023,0.3276596,220.0,120.0,Dense/Amorphous,C[N+](C)(C)CCCN
15.629031,1.7179967,99.0,250.0,0.0,0.0,0.0,0.46556747,4.4616876,0.52376336,150.0,240.0,Dense/Amorphous,c1ccc(CC[NH+]2CCCC2)cc1
15.629031,1.7179967,99.0,250.0,0.0,0.0,0.0,0.46556747,4.4616876,0.52376336,150.0,1080.0002,Dense/Amorphous,c1ccc(CC[NH+]2CCCC2)cc1
15.629031,1.7179967,99.0,250.0,0.0,0.0,0.0,0.46556747,4.4616876,0.52376336,150.0,2352.0095,Dense/Amorphous,c1ccc(CC[NH+]2CCCC2)cc1
60.0,1.7179967,99.0,250.0,0.098360665,0.0,0.1967213,0.0,4.9180326,0.1967213,125.0,168.0,MFI,CCCC[N+]1(C)CCCC1
15.151515,1.7179967,99.0,250.0,0.0,0.0,0.37523448,0.0,14.071295,0.3752345,150.0,336.0,MFI,CCCC[N+]1(C)CCCC1
29.411764,1.7179967,99.0,250.0,0.0,0.0,0.3868472,0.0,14.50677,0.38684717,150.0,336.0,MFI,CCCC[N+]1(C)CCCC1
400.0,0.0,99.0,250.0,0.1,0.0,0.3,0.0,50.0,0.1,150.0,347.9999,MTW,C(CC[N+]12CCN(CC1)CC2)C[N+]12CCN(CC1)CC2
400.0,0.0,99.0,250.0,0.0,0.0,0.0,0.5,3.5,0.5,150.0,180.0,BEA,C1CC[N+]2(CC1)CCCC2
400.0,0.0,99.0,250.0,0.0,0.0,0.0,0.5,7.0,0.5,150.0,180.0,BEA,C1CC[N+]2(CC1)CCCC2
5.0,1.7179967,99.0,250.0,0.45000008,0.0,0.36,0.0,8.333333,0.08333333,110.0,360.0,FAU,C1COCCOCCOCCOCCOCCO1
5.0,1.7179967,99.0,250.0,0.0625,0.0,0.06249998,0.0,11.25,0.08083333,100.0,72.0,FAU,C1COCCOCCOCCOCCOCCO1
5.0,1.7179967,99.0,250.0,0.0625,0.0,0.06249998,0.0,11.25,0.08083333,100.0,72.0,FAU,C1COCCOCCOCCOCCOCCO1
5.0,1.7179967,99.0,250.0,0.0625,0.0,0.06249998,0.0,11.25,0.08083333,100.0,72.0,FAU,C1COCCOCCOCCOCCOCCO1
5.0,1.7179967,99.0,250.0,0.0625,0.0,0.06249998,0.0,11.25,0.08083333,100.0,72.0,FAU,C1COCCOCCOCCOCCOCCO1
5.0,1.7179967,99.0,250.0,0.0625,0.0,0.06249998,0.0,11.25,0.08083333,100.0,72.0,FAU,C1COCCOCCOCCOCCOCCO1
5.0,1.7179967,99.0,250.0,0.0625,0.0,0.06249998,0.0,11.25,0.08083333,100.0,20.0,FAU,C1COCCOCCOCCOCCOCCO1
5.0,1.7179967,99.0,250.0,0.0625,0.0,0.06249998,0.0,11.25,0.08083333,100.0,24.0,FAU,C1COCCOCCOCCOCCOCCO1
5.0,1.7179967,99.0,250.0,0.0625,0.0,0.06249998,0.0,11.25,0.08083333,100.0,48.0,FAU,C1COCCOCCOCCOCCOCCO1
5.0,1.7179967,99.0,250.0,0.0625,0.0,0.06249998,0.0,11.25,0.08083333,100.0,72.0,FAU,C1COCCOCCOCCOCCOCCO1
5.0,1.7179967,99.0,250.0,0.0625,0.0,0.06249998,0.0,11.25,0.08083333,100.0,96.0,FAU,C1COCCOCCOCCOCCOCCO1
5.0,1.7179967,99.0,250.0,0.0625,0.0,0.06249998,0.0,11.25,0.08083333,100.0,120.0,FAU,C1COCCOCCOCCOCCOCCO1
5.0,1.7179967,99.0,250.0,0.31120312,0.0,0.0,0.0,12.448132,0.049792536,100.0,144.0,FAU,C1COCCOCCOCCOCCOCCO1
5.0,1.7179967,99.0,250.0,0.625,0.0,0.5,0.0,11.25,0.08083333,100.0,264.0,FAU,C1COCCOCCOCCOCCOCCO1
4.840002,1.7179967,99.0,250.0,0.3356164,0.0,0.2684932,0.0,7.4486294,0.0032534308,110.0,288.0,FAU,C1COCCOCCOCCOCCOCCO1
4.840002,1.7179967,99.0,250.0,0.3356164,0.0,0.2684932,0.0,7.4486294,0.0016267068,110.0,288.0,FAU,C1COCCOCCOCCOCCOCCO1
5.0,1.7179967,99.0,250.0,0.34999996,0.0,0.28,0.0,8.333333,0.041666668,110.0,192.0,FAU,C1COCCOCCOCCOCCOCCO1
5.0,1.7179967,99.0,250.0,0.34999996,0.0,0.28,0.0,8.333333,0.041666668,110.0,192.0,FAU,C1COCCOCCOCCOCCOCCO1
5.0,1.7179967,99.0,250.0,0.34999996,0.0,0.28,0.0,8.333333,0.041666668,110.0,192.0,FAU,C1COCCOCCOCCOCCOCCO1
5.0,1.7179967,99.0,250.0,0.34999996,0.0,0.28,0.0,8.333333,0.041666668,110.0,192.0,FAU,C1COCCOCCOCCOCCOCCO1
5.0,1.7179967,99.0,250.0,0.34999996,0.0,0.28,0.0,8.333333,0.041666668,110.0,192.0,FAU,C1COCCOCCOCCOCCOCCO1
5.0,1.7179967,99.0,250.0,0.34999996,0.0,0.28,0.0,8.333333,0.041666668,110.0,192.0,FAU,C1COCCOCCOCCOCCOCCO1
5.0,1.7179967,99.0,250.0,0.34999996,0.0,0.28,0.0,8.333333,0.041666668,110.0,192.0,FAU,C1COCCOCCOCCOCCOCCO1
5.0,1.7179967,99.0,250.0,0.4,0.0,0.0,0.0,11.666667,0.058333337,110.0,144.0,FAU,C1COCCOCCOCCOCCOCCO1
5.0,1.7179967,99.0,250.0,0.43333367,0.0,0.34666672,0.0,8.333333,0.033333343,110.0,192.0,FAU,C1COCCOCCOCCOCCOCCO1
400.0,0.0,99.0,250.0,0.56000006,0.0,0.44799995,0.0,14.0,0.039999988,110.0,192.0,FAU,C1COCCOCCOCCOCCOCCO1
400.0,0.0,99.0,250.0,0.6,0.0,0.0,0.0,15.0,0.033333343,110.0,816.00024,FAU,C1COCCOCCOCCOCCOCCO1
400.0,0.0,99.0,250.0,0.6833334,0.0,0.0,0.0,15.0,0.033333343,110.0,336.0,FAU,C1COCCOCCOCCOCCOCCO1
10.0,0.5,99.0,250.0,0.6307694,0.0,0.0,0.0,13.846155,0.030769227,110.0,336.0,FAU,C1COCCOCCOCCOCCOCCO1
0.0,0.0,0.0,0.0,0.0,0.0,0.0,0.0,200.0,0.0,145.04709,696.58856,SFG,CCC[N+]1(C2CCCCCCC2)CCCC1
33.333332,1.7179967,99.0,250.0,0.0,0.19417475,0.1553398,0.0,40.7767,0.19417475,160.0,372.0,Dense/Amorphous,CC(C)CNCC(C)(C)CNCC(C)C
62.5,1.7179967,99.0,250.0,0.0,0.19685036,0.15748031,0.0,41.33858,0.19685039,160.0,204.0,Dense/Amorphous,CC(C)CNCC(C)(C)CNCC(C)C
62.5,1.7179967,99.0,250.0,0.0,0.19685036,0.15748031,0.0,41.33858,0.19685039,160.0,204.0,Dense/Amorphous,CN(C)CCCNCCCN(C)C
0.0,0.33000004,0.0,0.0,0.0,0.0,0.0,0.0,34.586464,0.6578945,180.0,72.0,CHA,CN1CCNCC1
0.0,0.22000019,0.0,0.0,0.0,0.0,0.0,0.0,25.136616,0.546448,180.0,72.0,CHA,CN1CCNCC1
0.0,0.16499993,0.0,0.0,0.0,0.0,0.0,0.0,19.74249,0.8583691,180.0,72.0,CHA,CN1CCNCC1
0.0,0.4545455,0.0,0.0,0.0,0.0,0.0,0.0,54.6875,0.78124994,180.0,72.0,CHA,CN1CCNCC1
0.0,0.33000004,0.0,0.0,0.0,0.0,0.0,0.0,34.586464,0.6578945,180.0,72.0,CHA,CN1CCNCC1
0.0,0.22000019,0.0,0.0,0.0,0.0,0.0,0.0,25.136616,0.546448,180.0,72.0,CHA,CN1CCNCC1
0.0,0.16499993,0.0,0.0,0.0,0.0,0.0,0.0,19.74249,0.8583691,180.0,72.0,CHA,CN1CCNCC1
13.333333,1.7179967,2.0,250.0,0.0,0.0,0.0,0.0952381,2.857143,0.23809524,175.0,336.0,UOZ,C[N+](C)(C)CCCCCC[N+](C)(C)C
16.666666,1.7179967,5.0,250.0,0.0,0.0,0.0,0.0952381,2.857143,0.23809524,175.0,336.0,UOZ,C[N+](C)(C)CCCCCC[N+](C)(C)C
0.0,0.0,0.0,0.0,0.0,0.0,0.0,0.5,5.0,0.25,170.0,168.0,UOZ,C[N+](C)(C)CCCCCC[N+](C)(C)C
400.0,0.0,1.0,250.0,0.0,0.0,0.0,0.5,5.0,0.25,170.0,168.0,UOZ,C[N+](C)(C)CCCCCC[N+](C)(C)C
13.333333,1.7179967,2.0,250.0,0.0,0.0,0.0,0.09523812,2.857143,0.23809524,175.0,120.0,UOZ,C[N+](C)(C)CCCCCC[N+](C)(C)C
16.666666,1.7179967,5.0,250.0,0.0,0.0,0.0,0.09523812,2.857143,0.23809524,175.0,120.0,UOZ,C[N+](C)(C)CCCCCC[N+](C)(C)C
0.0,0.0,0.0,0.0,0.0,0.0,0.0,0.5,0.0,0.5,152.9563,0.0,AST,CC(C)[N+](C)(C)C
400.0,0.0,0.1248593,250.0,0.0,0.0,0.0,0.5,0.0,0.5,165.38225,0.0,AST,CC(C)[N+](C)(C)C
400.0,0.0,0.24999899,250.0,0.0,0.0,0.0,0.5,0.0,0.5,126.056625,0.0,AST,CC(C)[N+](C)(C)C
400.0,0.0,0.49924976,250.0,0.0,0.0,0.0,0.5,0.0,0.5,190.18536,0.0,AST,CC(C)[N+](C)(C)C
400.0,0.0,1.0,250.0,0.0,0.0,0.0,0.5,0.0,0.5,175.2901,0.0,AST,CC(C)[N+](C)(C)C
400.0,0.0,2.030303,250.0,0.0,0.0,0.0,0.5,0.0,0.5,238.70389,0.0,AST,CC(C)[N+](C)(C)C
400.0,0.0,4.0,250.0,0.0,0.0,0.0,0.5,0.0,0.5,213.4985,0.0,AST,CC(C)[N+](C)(C)C
400.0,0.0,99.0,250.0,0.0,0.0,0.0,0.5,0.0,0.5,180.99976,0.0,AST,CC(C)[N+](C)(C)C
120.0,1.7179967,99.0,250.0,0.07140504,0.0,0.35702476,0.0,2.7768598,0.1785124,140.0,72.0,MEL,CCCC[N+]1(C)CC[N+](CCC)(CCC)CC1
120.0,1.7179967,99.0,250.0,0.07537192,0.0,0.3371901,0.0,2.479339,0.16859503,140.0,72.0,MEL,CCCC[N+]1(C)CC[N+](CCC)(CCC)CC1
1.8750005,1.7179967,99.0,250.0,0.0,5.217438,2.4341676,0.0,22.956524,0.0,100.0,29.999996,LTJ,OSDA-free
2.0,1.7179967,99.0,250.0,0.0,5.3333335,2.4341676,0.0,27.333334,0.0,180.0,1.3333333,LTJ,OSDA-free
1.9841264,1.7179967,99.0,250.0,0.0,5.319186,2.4341676,0.0,23.936169,0.0,100.0,393.75305,LTJ,OSDA-free
17.647058,1.7179967,99.0,30.000065,0.27522925,0.0,0.4587155,0.0,15.290519,0.18348624,170.0,240.0,LEV,C[N+]12CCC(CC1)CC2
400.0,0.0,99.0,1.9999998,0.2,0.0,0.0,0.0,11.111111,0.13333334,170.0,192.0,LEV,C[N+]12CCC(CC1)CC2
400.0,0.0,99.0,1.9999998,0.2,0.0,0.0,0.0,11.111111,0.13333334,190.0,192.0,LEV,C[N+]12CCC(CC1)CC2
400.0,0.0,99.0,1.5000006,0.18000005,0.0,0.0,0.0,10.0,0.11999999,170.0,192.0,LEV,C[N+]12CCC(CC1)CC2
400.0,0.0,99.0,1.5000006,0.18000005,0.0,0.0,0.0,10.0,0.11999999,190.0,192.0,LEV,C[N+]12CCC(CC1)CC2
400.0,0.0,99.0,1.0000039,0.15,0.0,0.0,0.0,8.333333,0.1,170.0,192.0,LEV,C[N+]12CCC(CC1)CC2
400.0,0.0,99.0,1.0000039,0.15,0.0,0.0,0.0,8.333333,0.1,190.0,192.0,LEV,C[N+]12CCC(CC1)CC2
400.0,0.0,99.0,0.75,0.12857151,0.0,0.0,0.0,7.1428585,0.085714296,170.0,192.0,LEV,C[N+]12CCC(CC1)CC2
400.0,0.0,99.0,0.75,0.12857151,0.0,0.0,0.0,7.1428585,0.085714296,190.0,192.0,LEV,C[N+]12CCC(CC1)CC2
18.750002,1.7179967,99.0,250.0,0.2848101,0.0,0.18987341,0.0,15.822785,0.18987341,150.0,66.0,LEV,C[N+]12CCC(CC1)CC2
18.750002,1.7179967,99.0,250.0,0.2848101,0.0,0.18987341,0.0,15.822785,0.18987341,150.0,72.0,LEV,C[N+]12CCC(CC1)CC2
18.750002,1.7179967,99.0,250.0,0.2848101,0.0,0.18987341,0.0,15.822785,0.18987341,150.0,77.99999,LEV,C[N+]12CCC(CC1)CC2
18.750002,1.7179967,99.0,250.0,0.2848101,0.0,0.18987341,0.0,15.822785,0.18987341,150.0,120.0,LEV,C[N+]12CCC(CC1)CC2
18.750002,1.7179967,99.0,250.0,0.2848101,0.0,0.18987341,0.0,15.822785,0.18987341,150.0,144.0,LEV,C[N+]12CCC(CC1)CC2
18.750002,1.7179967,99.0,250.0,0.2848101,0.0,0.18987341,0.0,15.822785,0.18987341,150.0,168.0,LEV,C[N+]12CCC(CC1)CC2
18.750002,1.7179967,99.0,250.0,0.2848101,0.0,0.18987341,0.0,15.822785,0.18987341,150.0,180.0,LEV,C[N+]12CCC(CC1)CC2
12.5,1.7179967,99.0,250.0,0.2777777,0.0,0.18518515,0.0,15.432098,0.18518518,150.0,120.0,LEV,C[N+]12CCC(CC1)CC2
12.5,1.7179967,99.0,250.0,0.2777777,0.0,0.18518515,0.0,15.432098,0.18518518,150.0,144.0,LEV,C[N+]12CCC(CC1)CC2
12.5,1.7179967,99.0,250.0,0.2777777,0.0,0.18518515,0.0,15.432098,0.18518518,150.0,156.0,LEV,C[N+]12CCC(CC1)CC2
12.5,1.7179967,99.0,250.0,0.2777777,0.0,0.18518515,0.0,15.432098,0.18518518,150.0,168.0,LEV,C[N+]12CCC(CC1)CC2
12.5,1.7179967,99.0,250.0,0.2777777,0.0,0.18518515,0.0,15.432098,0.18518518,150.0,180.0,LEV,C[N+]12CCC(CC1)CC2
15.0,1.7179967,99.0,250.0,0.28124994,0.0,0.18749997,0.0,15.625001,0.1875,150.0,120.0,LEV,C[N+]12CCC(CC1)CC2
15.0,1.7179967,99.0,250.0,0.28124994,0.0,0.18749997,0.0,15.625001,0.1875,150.0,180.0,LEV,C[N+]12CCC(CC1)CC2
10.0,1.7179967,99.0,250.0,0.27272725,0.0,0.18181816,0.0,15.151513,0.18181819,150.0,168.0,LEV,C[N+]12CCC(CC1)CC2
10.0,1.7179967,99.0,250.0,0.27272725,0.0,0.18181816,0.0,15.151513,0.18181819,150.0,180.0,LEV,C[N+]12CCC(CC1)CC2
10.0,1.7179967,99.0,250.0,0.27272725,0.0,0.18181816,0.0,15.151513,0.18181819,150.0,216.0,LEV,C[N+]12CCC(CC1)CC2
10.0,1.7179967,99.0,250.0,0.27272725,0.0,0.18181816,0.0,15.151513,0.18181819,150.0,240.0,LEV,C[N+]12CCC(CC1)CC2
10.0,1.7179967,99.0,250.0,0.27272725,0.0,0.18181816,0.0,15.151513,0.18181819,150.0,288.0,LEV,C[N+]12CCC(CC1)CC2
10.0,1.7179967,99.0,250.0,0.27272725,0.0,0.18181816,0.0,15.151513,0.18181819,150.0,336.0,LEV,C[N+]12CCC(CC1)CC2
10.0,1.7179967,99.0,250.0,0.27272725,0.0,0.18181816,0.0,15.151513,0.18181819,150.0,360.0,LEV,C[N+]12CCC(CC1)CC2
10.0,1.7179967,99.0,250.0,0.27272725,0.0,0.18181816,0.0,15.151513,0.18181819,150.0,384.0,LEV,C[N+]12CCC(CC1)CC2
7.5,1.7179967,99.0,250.0,0.264706,0.0,0.17647056,0.0,14.705882,0.17647061,150.0,288.0,LEV,C[N+]12CCC(CC1)CC2
7.5,1.7179967,99.0,250.0,0.264706,0.0,0.17647056,0.0,14.705882,0.17647061,150.0,312.0,LEV,C[N+]12CCC(CC1)CC2
7.5,1.7179967,99.0,250.0,0.264706,0.0,0.17647056,0.0,14.705882,0.17647061,150.0,384.0,LEV,C[N+]12CCC(CC1)CC2
7.5,1.7179967,99.0,250.0,0.264706,0.0,0.17647056,0.0,14.705882,0.17647061,150.0,408.0,LEV,C[N+]12CCC(CC1)CC2
5.0,1.7179967,99.0,250.0,0.25,0.0,0.16666666,0.0,13.88889,0.16666667,150.0,360.0,LEV,C[N+]12CCC(CC1)CC2
5.0,1.7179967,99.0,250.0,0.25,0.0,0.16666666,0.0,13.88889,0.16666667,150.0,420.0001,LEV,C[N+]12CCC(CC1)CC2
5.0,1.7179967,99.0,250.0,0.25,0.0,0.16666666,0.0,13.88889,0.16666667,190.0,60.0,LEV,C[N+]12CCC(CC1)CC2
5.0,1.7179967,99.0,250.0,0.25,0.0,0.16666666,0.0,13.88889,0.16666667,190.0,72.0,LEV,C[N+]12CCC(CC1)CC2
5.0,1.7179967,99.0,250.0,0.25,0.0,0.16666666,0.0,13.88889,0.16666667,190.0,120.0,LEV,C[N+]12CCC(CC1)CC2
5.0,1.7179967,99.0,250.0,0.25,0.0,0.16666666,0.0,13.88889,0.16666667,190.0,168.0,LEV,C[N+]12CCC(CC1)CC2
5.0,1.7179967,99.0,250.0,0.25,0.0,0.16666666,0.0,13.88889,0.16666667,190.0,192.0,LEV,C[N+]12CCC(CC1)CC2
5.0,1.7179967,99.0,250.0,0.25,0.0,0.16666666,0.0,13.88889,0.16666667,170.0,240.0,LEV,C[N+]12CCC(CC1)CC2
5.0,1.7179967,99.0,250.0,0.25,0.0,0.16666666,0.0,13.88889,0.16666667,170.0,300.00003,LEV,C[N+]12CCC(CC1)CC2
5.0,1.7179967,99.0,250.0,0.25,0.0,0.16666666,0.0,13.88889,0.16666667,170.0,336.0,LEV,C[N+]12CCC(CC1)CC2
5.0,1.7179967,99.0,250.0,0.25,0.0,0.16666666,0.0,13.88889,0.16666667,150.0,360.0,LEV,C[N+]12CCC(CC1)CC2
5.0,1.7179967,99.0,250.0,0.25,0.0,0.16666666,0.0,13.88889,0.16666667,150.0,408.0,LEV,C[N+]12CCC(CC1)CC2
5.0,1.7179967,99.0,250.0,0.25,0.0,0.16666666,0.0,13.88889,0.16666667,150.0,504.0,LEV,C[N+]12CCC(CC1)CC2
400.0,0.0,99.0,0.76923066,0.0,0.0,0.0,0.0,91.30434,0.43478262,160.0,427.04205,LEV,C[N+]12CCC(CC1)CC2
400.0,0.0,99.0,0.76923066,0.0,0.0,0.0,0.0,91.30434,0.43478262,180.0,257.43906,LEV,C[N+]12CCC(CC1)CC2
3.2500005,1.7179967,99.0,250.0,1.4682357,0.0,0.15294115,0.0,33.03529,0.15294117,140.0,72.0,ANA,CCCC[N+](CCCC)(CCCC)CCCC
200.00102,1.7179967,99.0,250.0,1.910447,0.0,0.199005,0.0,42.985073,0.19900498,140.0,72.0,ANA,CCCC[N+](CCCC)(CCCC)CCCC
200.0,1.7179967,99.0,250.0,0.55721396,0.0,0.199005,0.0,12.537313,0.19900498,140.0,72.0,ANA,CCCC[N+](CCCC)(CCCC)CCCC
400.0,0.0,8.000006,250.0,0.0,0.0,0.0,0.4444444,4.4444447,0.44444445,160.0,2.5787408,CTH,Cc1ccccc1C[n+]1ccn(C)c1C
400.0,0.0,99.0,250.0,0.0,0.09999998,0.0,0.25,3.0,0.15,175.0,336.0,Dense/Amorphous,C[N+]1(C)CC2C3C=CC(CC3)C2C1
400.0,0.0,99.0,250.0,0.0,0.25000027,0.0,0.4,3.0,0.15,175.0,336.0,Dense/Amorphous,C[N+]1(C)CC2C3C=CC(CC3)C2C1
400.0,0.0,99.0,250.0,0.0,0.09999998,0.0,0.34999993,3.0,0.25,175.0,336.0,Dense/Amorphous,C[N+]1(C)CC2C3C=CC(CC3)C2C1
400.0,0.0,99.0,250.0,0.0,0.25000027,0.0,0.5,3.0,0.25,175.0,336.0,Dense/Amorphous,C[N+]1(C)CC2C3C=CC(CC3)C2C1
400.0,0.0,99.0,250.0,0.0,0.09999998,0.0,0.6000002,3.0,0.5,175.0,336.0,Dense/Amorphous,C[N+]1(C)CC2C3C=CC(CC3)C2C1
400.0,0.0,99.0,250.0,0.0,0.25000027,0.0,0.75000006,3.0,0.5,175.0,336.0,Dense/Amorphous,C[N+]1(C)CC2C3C=CC(CC3)C2C1
400.0,0.0,99.0,250.0,0.0,0.0,0.0,0.14999987,7.25,0.15,175.0,336.0,Dense/Amorphous,C[N+]1(C)CC2C3C=CC(CC3)C2C1
400.0,0.0,99.0,250.0,0.0,0.1,0.0,0.25,7.25,0.15,175.0,336.0,Dense/Amorphous,C[N+]1(C)CC2C3C=CC(CC3)C2C1
400.0,0.0,99.0,250.0,0.0,0.25000027,0.0,0.4,7.25,0.15,175.0,336.0,Dense/Amorphous,C[N+]1(C)CC2C3C=CC(CC3)C2C1
400.0,0.0,99.0,250.0,0.0,0.0,0.0,0.14999987,14.999999,0.15,175.0,336.0,Dense/Amorphous,C[N+]1(C)CC2C3C=CC(CC3)C2C1
400.0,0.0,99.0,250.0,0.0,0.09999998,0.0,0.25,15.0,0.15,175.0,336.0,Dense/Amorphous,C[N+]1(C)CC2C3C=CC(CC3)C2C1
400.0,0.0,99.0,250.0,0.0,0.25000027,0.0,0.4,15.0,0.15,175.0,336.0,Dense/Amorphous,C[N+]1(C)CC2C3C=CC(CC3)C2C1
400.0,0.0,99.0,250.0,0.0,0.0,0.0,0.25,15.0,0.25,175.0,336.0,Dense/Amorphous,C[N+]1(C)CC2C3C=CC(CC3)C2C1
400.0,0.0,99.0,250.0,0.0,0.1,0.0,0.34999993,15.0,0.25,175.0,336.0,Dense/Amorphous,C[N+]1(C)CC2C3C=CC(CC3)C2C1
400.0,0.0,99.0,250.0,0.0,0.25000027,0.0,0.5,15.0,0.25,175.0,336.0,Dense/Amorphous,C[N+]1(C)CC2C3C=CC(CC3)C2C1
400.0,0.0,99.0,250.0,0.0,0.0,0.0,0.5,15.0,0.5,175.0,336.0,Dense/Amorphous,C[N+]1(C)CC2C3C=CC(CC3)C2C1
400.0,0.0,99.0,250.0,0.0,0.1,0.0,0.6000002,15.0,0.5,175.0,336.0,Dense/Amorphous,C[N+]1(C)CC2C3C=CC(CC3)C2C1
400.0,0.0,99.0,250.0,0.0,0.25000027,0.0,0.75000006,15.0,0.5,175.0,336.0,Dense/Amorphous,C[N+]1(C)CC2C3C=CC(CC3)C2C1
400.0,0.0,99.0,250.0,0.0,0.25000027,0.0,1.0,3.0,0.5,175.0,336.0,Dense/Amorphous,C[N+]1(C)CC2C3C=CC(CC3)C2C1
400.0,0.0,99.0,250.0,0.0,0.0,0.0,1.0,7.25,0.5,175.0,336.0,Dense/Amorphous,C[N+]1(C)CC2C3C=CC(CC3)C2C1
400.0,0.0,99.0,250.0,0.0,0.25000027,0.0,0.5,7.25,0.5,175.0,336.0,Dense/Amorphous,C[N+]1(C)CC2C3C=CC(CC3)C2C1
400.0,0.0,99.0,250.0,0.0,0.25000027,0.0,1.0,7.25,0.5,175.0,336.0,Dense/Amorphous,C[N+]1(C)CC2C3C=CC(CC3)C2C1
400.0,0.0,99.0,250.0,0.0,0.0,0.0,0.5,15.0,0.5,175.0,336.0,Dense/Amorphous,C[N+]1(C)CC2C3C=CC(CC3)C2C1
400.0,0.0,99.0,250.0,0.0,0.0,0.0,0.75000006,15.0,0.5,175.0,336.0,Dense/Amorphous,C[N+]1(C)CC2C3C=CC(CC3)C2C1
400.0,0.0,99.0,250.0,0.0,0.0,0.0,1.0,15.0,0.5,175.0,336.0,Dense/Amorphous,C[N+]1(C)CC2C3C=CC(CC3)C2C1
400.0,0.0,99.0,250.0,0.0,0.25000027,0.0,0.5,15.0,0.5,175.0,336.0,Dense/Amorphous,C[N+]1(C)CC2C3C=CC(CC3)C2C1
400.0,0.0,99.0,250.0,0.0,0.25000027,0.0,0.75000006,15.0,0.5,175.0,336.0,Dense/Amorphous,C[N+]1(C)CC2C3C=CC(CC3)C2C1
400.0,0.0,99.0,250.0,0.0,0.25000027,0.0,1.0,15.0,0.5,175.0,336.0,Dense/Amorphous,C[N+]1(C)CC2C3C=CC(CC3)C2C1
16.66667,1.7179967,99.0,250.0,0.1415094,0.0,0.28301886,0.0,25.471703,0.14150944,160.0,144.0,Dense/Amorphous,C[N+]1(C)CC2C3C=CC(CC3)C2C1
400.0,0.0,99.0,250.0,0.0,0.24509807,0.0,0.49019608,14.705882,0.49019608,177.77696,168.0,Dense/Amorphous,C[N+]1(C)CC2C3C=CC(CC3)C2C1
400.0,0.0,99.0,250.0,0.0,0.25000027,0.0,0.5,20.0,0.5,171.45299,336.0,Dense/Amorphous,C[N+]1(C)CC2C3C=CC(CC3)C2C1
30.0,1.7179967,99.0,250.0,0.0,0.58064526,0.7741935,0.0,38.70968,0.09677419,160.0,168.0,MFI,CC[N+](CC)(CC)CCCC[N+](CC)(CC)CC
0.0,0.0,0.0,0.0,0.0,0.0,0.0,0.0,200.0,0.0,125.0,504.0,Dense/Amorphous,C[N+](C)(C)CCC(CC[N+](C)(C)C)CC[N+](C)(C)C
400.0,0.0,99.0,250.0,0.0,0.0,0.0,0.5,3.5,0.5,150.0,180.0,MEL,CC1CC(C)C[N+]2(CCCC2C)C1
400.0,0.0,99.0,250.0,0.0,0.0,0.0,0.5,7.0,0.5,150.0,180.0,MEL,CC1CC(C)C[N+]2(CCCC2C)C1
400.0,0.0,99.0,250.0,0.0,0.0,0.0,0.5,14.0,0.5,150.0,180.0,MEL,CC1CC(C)C[N+]2(CCCC2C)C1
1.0,1.7179967,99.0,250.0,0.0,0.7500002,0.76,0.0,200.0,1.0,100.0,336.0,Dense/Amorphous,CC[N+](C)(CC)CCC[N+](C)(CC)CC
23.038458,1.7179967,99.0,250.0,0.0,0.0,0.0,0.4983679,5.6,0.27,160.0,336.0,Dense/Amorphous,C[N+]1(CCCCCC[N+]2(C)CCCC2)CCCC1
400.0,1.7179967,99.0,250.0,0.024306327,0.0,0.32397327,0.0,39.955605,0.14983352,160.0,336.0,Dense/Amorphous,C[N+]1(CCCCCC[N+]2(C)CCCC2)CCCC1
400.0,1.7179967,99.0,250.0,0.02432658,0.0,0.32424328,0.0,39.98889,0.14995834,160.0,336.0,Dense/Amorphous,C[N+]1(CCCCCC[N+]2(C)CCCC2)CCCC1
400.0,0.0,99.0,250.0,0.024333341,0.0,0.32433328,0.0,40.0,0.15,160.0,336.0,Dense/Amorphous,C[N+]1(CCCCCC[N+]2(C)CCCC2)CCCC1
400.0,1.7179967,99.0,250.0,0.0,0.0,0.29966703,0.0,39.955605,0.14983352,160.0,336.0,Dense/Amorphous,C[N+]1(CCCCCC[N+]2(C)CCCC2)CCCC1
400.0,1.7179967,99.0,250.0,0.0,0.024306098,0.29966703,0.0,39.955605,0.14983352,160.0,336.0,Dense/Amorphous,C[N+]1(CCCCCC[N+]2(C)CCCC2)CCCC1
400.0,0.0,9.009015,250.0,0.0,0.0,0.0,0.0,0.0,0.0,170.0,831.793,Dense/Amorphous,C[N+]1(CCCCCC[N+]2(C)CCCC2)CCCC1
29.645172,1.7179967,99.0,250.0,0.7073684,0.0,0.3221053,0.0,38.68421,0.16105266,170.0,216.0,IMF,C[N+]1(CCCCC[N+]2(C)CCCC2)CCCC1
29.645172,1.7179967,99.0,250.0,0.7073684,0.0,0.3221053,0.0,38.68421,0.16105266,170.0,288.0,IMF,C[N+]1(CCCCC[N+]2(C)CCCC2)CCCC1
31.186428,1.7179967,99.0,250.0,0.68246454,0.0,0.32438123,0.0,38.715115,0.16219063,170.0,288.0,IMF,C[N+]1(CCCCC[N+]2(C)CCCC2)CCCC1
29.645172,1.7179967,99.0,250.0,0.7073684,0.0,0.3221053,0.0,38.68421,0.16105266,170.0,216.0,IMF,C[N+]1(CCCCC[N+]2(C)CCCC2)CCCC1
29.645172,1.7179967,99.0,250.0,0.7073684,0.0,0.3221053,0.0,38.68421,0.16105266,170.0,288.0,IMF,C[N+]1(CCCCC[N+]2(C)CCCC2)CCCC1
31.186428,1.7179967,99.0,250.0,0.68246454,0.0,0.32438123,0.0,38.715115,0.16219063,170.0,288.0,IMF,C[N+]1(CCCCC[N+]2(C)CCCC2)CCCC1
20.0,1.7179967,99.0,250.0,0.6980436,0.0,0.0,0.0,38.075092,0.1427816,170.0,192.0,IMF,C[N+]1(CCCCC[N+]2(C)CCCC2)CCCC1
20.0,1.7179967,99.0,250.0,0.3492064,0.0,0.63492054,0.0,38.095238,0.14285715,170.0,288.0,IMF,C[N+]1(CCCCC[N+]2(C)CCCC2)CCCC1
20.0,1.7179967,99.0,250.0,0.69523805,0.0,1.1238102,0.0,38.09524,0.14285715,170.0,288.0,IMF,C[N+]1(CCCCC[N+]2(C)CCCC2)CCCC1
20.0,1.7179967,99.0,250.0,0.69523805,0.0,0.32380953,0.0,38.09524,0.16190477,175.0,288.0,IMF,C[N+]1(CCCCC[N+]2(C)CCCC2)CCCC1
20.0,1.7179967,99.0,250.0,0.69523805,0.0,0.32380953,0.0,38.09524,0.16190477,175.0,288.0,IMF,C[N+]1(CCCCC[N+]2(C)CCCC2)CCCC1
20.0,1.7179967,99.0,250.0,0.69523805,0.0,0.32380953,0.0,38.09524,0.16190477,175.0,240.0,IMF,C[N+]1(CCCCC[N+]2(C)CCCC2)CCCC1
20.0,1.7179967,99.0,250.0,0.69523805,0.0,0.32380953,0.0,38.09524,0.16190477,175.0,240.0,IMF,C[N+]1(CCCCC[N+]2(C)CCCC2)CCCC1
20.0,1.7179967,99.0,250.0,0.69523805,0.0,0.32380953,0.0,38.09524,0.16190477,175.0,240.0,IMF,C[N+]1(CCCCC[N+]2(C)CCCC2)CCCC1
20.0,1.7179967,99.0,250.0,0.69523805,0.0,0.3238095,0.0,47.61904,0.16190475,175.0,384.0,IMF,C[N+]1(CCCCC[N+]2(C)CCCC2)CCCC1
20.0,1.7179967,99.0,250.0,0.69523805,0.0,0.3238095,0.0,33.33333,0.16190475,170.0,288.0,IMF,C[N+]1(CCCCC[N+]2(C)CCCC2)CCCC1
20.0,1.7179967,99.0,250.0,0.69523805,0.0,0.3238095,0.0,33.33333,0.16190475,170.0,336.0,IMF,C[N+]1(CCCCC[N+]2(C)CCCC2)CCCC1
20.0,1.7179967,99.0,250.0,0.69523805,0.0,0.3238095,0.0,33.33333,0.16190475,170.0,384.0,IMF,C[N+]1(CCCCC[N+]2(C)CCCC2)CCCC1
20.0,1.7179967,99.0,250.0,0.69523805,0.0,0.3238095,0.0,33.33333,0.16190475,165.0,192.0,IMF,C[N+]1(CCCCC[N+]2(C)CCCC2)CCCC1
20.0,1.7179967,99.0,250.0,0.69523805,0.0,0.3238095,0.0,33.33333,0.16190475,165.0,240.0,IMF,C[N+]1(CCCCC[N+]2(C)CCCC2)CCCC1
20.0,1.7179967,99.0,250.0,0.69523805,0.0,0.3238095,0.0,33.33333,0.16190475,165.0,288.0,IMF,C[N+]1(CCCCC[N+]2(C)CCCC2)CCCC1
20.0,1.7179967,99.0,250.0,0.69523805,0.0,0.3238095,0.0,33.33333,0.16190475,165.0,336.0,IMF,C[N+]1(CCCCC[N+]2(C)CCCC2)CCCC1
20.0,1.7179967,99.0,250.0,0.69523805,0.0,0.3238095,0.0,33.33333,0.16190475,165.0,384.0,IMF,C[N+]1(CCCCC[N+]2(C)CCCC2)CCCC1
20.0,1.7179967,99.0,250.0,0.69523805,0.0,0.3238095,0.0,33.33333,0.16190475,160.0,192.0,IMF,C[N+]1(CCCCC[N+]2(C)CCCC2)CCCC1
20.0,1.7179967,99.0,250.0,0.69523805,0.0,0.3238095,0.0,33.33333,0.16190475,160.0,240.0,IMF,C[N+]1(CCCCC[N+]2(C)CCCC2)CCCC1
20.0,1.7179967,99.0,250.0,0.69523805,0.0,0.3238095,0.0,33.33333,0.16190475,160.0,288.0,IMF,C[N+]1(CCCCC[N+]2(C)CCCC2)CCCC1
20.0,1.7179967,99.0,250.0,0.69523805,0.0,0.3238095,0.0,33.33333,0.16190475,160.0,336.0,IMF,C[N+]1(CCCCC[N+]2(C)CCCC2)CCCC1
20.0,1.7179967,99.0,250.0,0.69523805,0.0,0.3238095,0.0,33.33333,0.16190475,160.0,384.0,IMF,C[N+]1(CCCCC[N+]2(C)CCCC2)CCCC1
20.0,1.7179967,99.0,250.0,0.69523805,0.0,0.3238095,0.0,33.33333,0.16190475,160.0,144.0,IMF,C[N+]1(CCCCC[N+]2(C)CCCC2)CCCC1
20.0,1.7179967,99.0,250.0,0.69523805,0.0,0.3238095,0.0,33.33333,0.16190475,160.0,192.0,IMF,C[N+]1(CCCCC[N+]2(C)CCCC2)CCCC1
20.0,1.7179967,99.0,250.0,0.69523805,0.0,0.3238095,0.0,33.33333,0.16190475,160.0,240.0,IMF,C[N+]1(CCCCC[N+]2(C)CCCC2)CCCC1
20.0,1.7179967,99.0,250.0,0.69523805,0.0,0.3238095,0.0,33.33333,0.16190475,160.0,288.0,IMF,C[N+]1(CCCCC[N+]2(C)CCCC2)CCCC1
20.0,1.7179967,99.0,250.0,0.69523805,0.0,0.3238095,0.0,33.33333,0.16190475,160.0,336.0,IMF,C[N+]1(CCCCC[N+]2(C)CCCC2)CCCC1
20.0,1.7179967,99.0,250.0,0.69523805,0.0,0.3238095,0.0,33.33333,0.16190475,160.0,144.0,IMF,C[N+]1(CCCCC[N+]2(C)CCCC2)CCCC1
20.0,1.7179967,99.0,250.0,0.69523805,0.0,0.3238095,0.0,33.33333,0.16190475,160.0,168.0,IMF,C[N+]1(CCCCC[N+]2(C)CCCC2)CCCC1
20.0,1.7179967,99.0,250.0,0.69523805,0.0,0.3238095,0.0,33.33333,0.16190475,160.0,192.0,IMF,C[N+]1(CCCCC[N+]2(C)CCCC2)CCCC1
20.0,1.7179967,99.0,250.0,0.69523805,0.0,0.3238095,0.0,33.33333,0.16190475,160.0,216.0,IMF,C[N+]1(CCCCC[N+]2(C)CCCC2)CCCC1
20.0,1.7179967,99.0,250.0,0.69523805,0.0,0.3238095,0.0,33.33333,0.16190475,160.0,240.0,IMF,C[N+]1(CCCCC[N+]2(C)CCCC2)CCCC1
20.0,1.7179967,99.0,250.0,0.69523805,0.0,0.3238095,0.0,33.33333,0.16190475,160.0,288.0,IMF,C[N+]1(CCCCC[N+]2(C)CCCC2)CCCC1
20.0,1.7179967,99.0,250.0,0.69523805,0.0,0.3238095,0.0,33.33333,0.16190475,160.0,336.0,IMF,C[N+]1(CCCCC[N+]2(C)CCCC2)CCCC1
15.0,1.7179967,99.0,250.0,0.6843752,0.0,0.0,0.004166804,42.187496,0.15625,170.0,288.0,IMF,C[N+]1(CCCCC[N+]2(C)CCCC2)CCCC1
20.0,1.7179967,99.0,250.0,0.69523805,0.0,0.0,0.0042327484,42.857136,0.1587302,170.0,288.0,IMF,C[N+]1(CCCCC[N+]2(C)CCCC2)CCCC1
20.0,1.7179967,99.0,250.0,0.69523805,0.0,0.0,0.0042327484,42.857136,0.1587302,170.0,288.0,IMF,C[N+]1(CCCCC[N+]2(C)CCCC2)CCCC1
25.0,1.7179967,99.0,250.0,0.7019229,0.0,0.0,0.0042733606,43.269234,0.16025642,170.0,288.0,IMF,C[N+]1(CCCCC[N+]2(C)CCCC2)CCCC1
25.0,1.7179967,99.0,250.0,0.70512813,0.0,0.99358976,0.0,38.461544,0.14423077,160.0,240.0,IMF,C[N+]1(CCCCC[N+]2(C)CCCC2)CCCC1
20.0,1.7179967,99.0,250.0,0.6349208,0.0,0.3174603,0.0,38.095238,0.1587302,175.0,144.0,IMF,C[N+]1(CCCCC[N+]2(C)CCCC2)CCCC1
20.0,1.7179967,99.0,250.0,0.70476174,0.0,0.28571427,0.0,38.09524,0.14285715,160.0,336.0,IMF,C[N+]1(CCCCC[N+]2(C)CCCC2)CCCC1
20.0,1.7179967,99.0,250.0,0.6349208,0.0,0.3174603,0.0,38.095238,0.1587302,175.0,168.0,IMF,C[N+]1(CCCCC[N+]2(C)CCCC2)CCCC1
34.883675,1.7179967,99.0,250.0,0.7096565,0.0,0.90408254,0.0,38.88529,0.09721322,160.0,336.0,IMF,C[N+]1(CCCCC[N+]2(C)CCCC2)CCCC1
20.0,1.7179967,99.0,250.0,0.6349208,0.0,0.3174603,0.0,38.095238,0.1587302,175.0,240.0,IMF,C[N+]1(CCCCC[N+]2(C)CCCC2)CCCC1
400.0,1.7179967,99.0,250.0,0.024306327,0.0,0.32397327,0.0,39.955605,0.14983352,160.0,336.0,IMF,C[N+]1(CCCCC[N+]2(C)CCCC2)CCCC1
400.0,1.7179967,99.0,250.0,0.024279378,0.0,0.32361418,0.0,39.91131,0.14966741,160.0,336.0,IMF,C[N+]1(CCCCC[N+]2(C)CCCC2)CCCC1
400.0,1.7179967,99.0,250.0,0.024292838,0.0,0.32379368,0.0,39.933445,0.14975041,160.0,336.0,IMF,C[N+]1(CCCCC[N+]2(C)CCCC2)CCCC1
400.0,1.7179967,99.0,250.0,0.024319818,0.0,0.32415327,0.0,39.97779,0.14991671,160.0,336.0,IMF,C[N+]1(CCCCC[N+]2(C)CCCC2)CCCC1
0.0,0.0,0.0,0.0,0.0,0.3795236,0.0,0.0,9.807591,1.6010585,180.0,168.0,Dense/Amorphous,NCCCCN
37.99998,1.7179967,99.0,250.0,0.0,0.0,0.0,0.0,0.0,0.0,160.0,96.0,Dense/Amorphous,NCCCCN
400.0,0.0,99.0,250.0,0.0,0.0,0.0,0.5,10.0,0.25,150.0,528.0,BEA,CC1C[N+]2(CCCC[N+]34CCN(CC3)C(C)C4)CCN1CC2
100.0,1.7179967,99.0,250.0,0.099674396,0.0,0.24254104,0.0,43.325134,0.14286663,170.0,146.10866,Dense/Amorphous,C[N+]1(C)CCCCC2CCCCC21
399.46378,1.7179967,99.0,250.0,0.10041975,0.0,0.24435474,0.0,43.649124,0.143935,170.0,499.684,Dense/Amorphous,C[N+]1(C)CCCCC2CCCCC21
30.0,1.7179967,99.0,250.0,0.0,0.0,0.0,0.0,0.0,0.0,135.0,300.2765,CHA,CC[N+]1(C)C2CCCC1CCC2
0.0,0.0,0.0,0.0,0.0,0.0,0.0,0.0,200.0,0.0,0.0,0.0,ISV,CC1(C)CC2CC(C)(C1)C[N+]21CCCCC1
400.0,0.0,99.0,250.0,0.0,0.0,0.5,0.0,16.0,0.5,165.0,144.0,ISV,CC1(C)CC2CC(C)(C1)C[N+]21CCCCC1
400.0,0.0,99.0,250.0,0.0,0.0,0.5,0.0,4.1300006,0.5,150.0,232.80005,ISV,CC1(C)CC2CC(C)(C1)C[N+]21CCCCC1
400.0,0.0,99.0,250.0,0.0,0.0,0.5,0.0,8.329998,0.5,150.0,232.80005,ISV,CC1(C)CC2CC(C)(C1)C[N+]21CCCCC1
400.0,0.0,99.0,250.0,0.0,0.0,0.5,0.0,2.97,0.5,165.0,144.0,ISV,CC1(C)CC2CC(C)(C1)C[N+]21CCCCC1
400.0,0.0,99.0,250.0,0.0,0.0,0.5,0.0,3.9199996,0.5,165.0,144.0,ISV,CC1(C)CC2CC(C)(C1)C[N+]21CCCCC1
400.0,0.0,99.0,250.0,0.0,0.0,0.5,0.0,8.329998,0.5,165.0,144.0,ISV,CC1(C)CC2CC(C)(C1)C[N+]21CCCCC1
400.0,0.0,99.0,250.0,0.0,0.0,0.5,0.0,3.450001,0.5,170.0,153.59985,ISV,CC1(C)CC2CC(C)(C1)C[N+]21CCCCC1
400.0,0.0,99.0,250.0,0.0,0.0,0.0,0.5,7.5,0.5,150.0,312.0,ISV,CC1(C)CC2CC(C)(C1)C[N+]21CCCCC1
400.0,0.0,99.0,250.0,0.0,0.0,0.0,0.5,7.5,0.5,150.0,744.0002,ISV,CC1(C)CC2CC(C)(C1)C[N+]21CCCCC1
400.0,0.0,99.0,250.0,0.0,0.0,0.0,0.5,5.0,0.5,150.0,312.0,ISV,CC1(C)CC2CC(C)(C1)C[N+]21CCCCC1
80.0,1.7179967,99.0,250.0,0.5925925,0.0,0.0,0.0,59.259254,0.09876543,170.0,0.0,MTW,c1c[n+]2cn1CCCCCCn1cc[n+](c1)CCCCCC2
80.0,1.7179967,99.0,250.0,0.5925925,0.0,0.0,0.0,59.259254,0.09876543,170.0,0.0,MTW,c1c[n+]2cn1CCCCCCn1cc[n+](c1)CCCCCC2
400.0,1.7179967,99.0,250.0,0.119700745,0.0,0.095760636,0.0,29.925186,0.9975062,160.0,65.0,MEL,CCCCCCCCN
400.0,1.7179967,99.0,250.0,0.1695761,0.0,0.13566081,0.0,29.925186,0.9975062,160.0,65.0,MEL,CCCCCCCCN
30.0,1.7179967,99.0,250.0,0.19354838,0.0,0.38709676,0.0,38.70968,0.09677419,160.0,168.0,MFI,CC[N+](CC)(CC)CCCCCCC[N+](CC)(CC)CC
30.0,1.7179967,99.0,250.0,0.3193548,0.0,0.5129033,0.0,38.70968,0.09677419,160.0,168.0,MFI,CC[N+](CC)(CC)CCCCCCC[N+](CC)(CC)CC
30.0,1.7179967,99.0,250.0,0.0,0.0,0.7741935,0.0,38.70968,0.09677419,160.0,168.0,MFI,CC[N+](CC)(CC)CCCCCCC[N+](CC)(CC)CC
30.0,1.7179967,99.0,250.0,0.0,0.58064526,0.7741935,0.0,38.70968,0.09677419,160.0,168.0,MFI,CC[N+](CC)(CC)CCCCCCC[N+](CC)(CC)CC
0.0,0.0,0.0,0.0,0.0,0.0,0.0,0.0,200.0,0.0,132.82219,208.03809,STF,CC1(C)CC2CC(C)(C1)C[N+]2(C)C
0.0,0.0,0.0,0.0,0.0,0.0,0.0,0.0,200.0,0.0,150.0,384.0,STF,CC1(C)CC2CC(C)(C1)C[N+]2(C)C
0.0,0.0,0.0,0.0,0.0,0.0,0.0,0.0,200.0,0.0,150.0,912.00037,STF,CC1(C)CC2CC(C)(C1)C[N+]2(C)C
40.0,1.7179967,99.0,250.0,0.0,0.0,0.0,0.0,0.0,0.0,160.0,307.76102,STF,CC1(C)CC2CC(C)(C1)C[N+]2(C)C
70.0,1.7179967,99.0,250.0,0.0,0.0,0.0,0.0,0.0,0.0,170.0,60.148575,STF,CC1(C)CC2CC(C)(C1)C[N+]2(C)C
1.0,1.7179967,99.0,250.0,0.0,0.7500002,0.76,0.0,200.0,1.0,100.0,336.0,ERI,C[N+]1(CCCCC[N+]2(C)CCCC2)CCCC1
400.0,0.0,99.0,250.0,1.7094017,0.39316252,0.08547012,0.0,25.641026,0.08547009,180.0,120.0,Dense/Amorphous,CC1CCCC(C)[N+]12CCCC2
400.0,0.0,99.0,250.0,1.7094017,0.3931624,0.17094016,0.0,25.641026,0.17094018,180.0,120.0,Dense/Amorphous,CC1CCCC(C)[N+]12CCCC2
400.0,0.0,99.0,250.0,1.7094017,0.3931624,0.25641027,0.0,25.641026,0.25641027,180.0,120.0,Dense/Amorphous,CC1CCCC(C)[N+]12CCCC2
400.0,0.0,99.0,250.0,1.7094017,0.3931624,0.34188035,0.0,25.641026,0.34188032,180.0,120.0,Dense/Amorphous,CC1CCCC(C)[N+]12CCCC2
400.0,0.0,99.0,250.0,1.7094017,0.3931624,0.23213676,0.0,25.641026,0.42735043,180.0,120.0,Dense/Amorphous,CC1CCCC(C)[N+]12CCCC2
400.0,0.0,99.0,250.0,1.7094017,0.39316252,0.08547012,0.0,25.641026,0.08547009,230.0,120.0,Dense/Amorphous,CC1CCCC(C)[N+]12CCCC2
400.0,0.0,99.0,250.0,1.7094017,0.3931624,0.17094016,0.0,25.641026,0.17094018,230.0,120.0,Dense/Amorphous,CC1CCCC(C)[N+]12CCCC2
400.0,0.0,99.0,250.0,1.7094017,0.3931624,0.25641027,0.0,25.641026,0.25641027,230.0,120.0,Dense/Amorphous,CC1CCCC(C)[N+]12CCCC2
400.0,0.0,99.0,250.0,1.7094017,0.3931624,0.34188035,0.0,25.641026,0.34188032,230.0,120.0,Dense/Amorphous,CC1CCCC(C)[N+]12CCCC2
400.0,0.0,99.0,250.0,1.7094017,0.3931624,0.23213676,0.0,25.641026,0.42735043,230.0,120.0,Dense/Amorphous,CC1CCCC(C)[N+]12CCCC2
400.0,0.0,1.9099997,21.22223,0.0,0.0,0.3266666,0.0,25.0,0.41666666,175.0,240.0,Dense/Amorphous,CC1CCCC(C)[N+]12CCCC2
400.0,1.7179967,99.0,250.0,0.10972567,0.0,0.08778055,0.0,29.925186,0.49875313,160.0,65.0,MTW,N[C@H]1CC[C@H](N)CC1
400.0,1.7179967,99.0,250.0,0.0798005,0.0,0.0638404,0.0,29.925186,0.99750626,160.0,65.0,MTW,N[C@H]1CC[C@H](N)CC1
400.0,1.7179967,99.0,250.0,0.10972567,0.0,0.08778055,0.0,29.925186,0.99750626,160.0,65.0,MTW,N[C@H]1CC[C@H](N)CC1
400.0,1.7179967,99.0,250.0,0.1396509,0.0,0.11172071,0.0,29.925186,0.99750626,160.0,65.0,MTW,N[C@H]1CC[C@H](N)CC1
400.0,0.0,1.5,250.0,0.0,0.0,0.0,0.0,20.0,0.5,170.0,336.0,TON,CCn1cc[n+](C)c1
33.333332,1.7179967,99.0,250.0,0.0,0.19417475,0.1553398,0.0,40.7767,0.19417475,160.0,372.0,MFI,CC(C)NCCNC(C)C
30.0,1.7179967,99.0,250.0,0.7064516,0.0,0.19354838,0.0,38.70968,0.09677419,160.0,168.0,MOR,C[N+](C)(C)CCCCCCC[N+](C)(C)C
30.0,1.7179967,99.0,250.0,0.8419353,0.0,0.19354838,0.0,38.70968,0.09677419,160.0,168.0,MOR,C[N+](C)(C)CCCCCCC[N+](C)(C)C
30.0,1.7179967,99.0,250.0,0.96774215,0.0,0.19354838,0.0,38.70968,0.09677419,160.0,168.0,MOR,C[N+](C)(C)CCCCCCC[N+](C)(C)C
9.999999,1.7179967,99.0,250.0,0.0,0.0,0.0,0.90909094,4.5454545,0.45454547,175.0,336.0,FER,Cc1cn(C)[n+](C)c1
33.333332,1.7179967,99.0,250.0,0.0,0.19417475,0.1553398,0.0,40.7767,0.19417475,160.0,372.0,MFI,CC(C)NCCN
30.0,1.7179967,99.0,250.0,0.0,0.0,0.0,0.0,0.0,0.0,135.0,277.75073,MOR,C[N+]1(C)CC2CC(C1)[N+](C)(C)C2
400.0,0.0,99.0,250.0,0.47257403,0.0,0.0,0.08438845,71.98316,0.03797467,150.0,624.00024,MTW,CC(C)(C)c1cccc(C(C)(C)C)n1
400.0,0.0,99.0,250.0,0.47257403,0.0,0.0,0.16877623,71.98316,0.03797467,150.0,624.00024,MTW,CC(C)(C)c1cccc(C(C)(C)C)n1
400.0,0.0,99.0,250.0,0.47257403,0.0,0.0,0.25316453,71.98316,0.03797467,150.0,624.00024,MTW,CC(C)(C)c1cccc(C(C)(C)C)n1
400.0,0.0,99.0,250.0,0.47257403,0.0,0.0,0.08438845,71.98316,0.03797467,150.0,624.00024,MTW,CC(C)(C)c1cccc(C(C)(C)C)n1
400.0,0.0,99.0,250.0,0.47257403,0.0,0.0,0.16877623,71.98316,0.03797467,150.0,624.00024,MTW,CC(C)(C)c1cccc(C(C)(C)C)n1
400.0,0.0,99.0,250.0,0.47257403,0.0,0.0,0.25316453,71.98316,0.03797467,150.0,624.00024,MTW,CC(C)(C)c1cccc(C(C)(C)C)n1
400.0,0.0,99.0,250.0,0.47257403,0.0,0.47257388,0.0,71.98316,0.03797467,150.0,624.00024,MTW,CC(C)(C)c1cccc(C(C)(C)C)n1
14.925373,1.7179967,99.0,250.0,0.28116217,0.0,0.37488285,0.0,14.058107,0.3748829,145.99998,240.0,Dense/Amorphous,CC1CC(C)C[N+](C)(C)C1
400.0,0.0,99.0,250.0,1.7094017,0.39316252,0.08547012,0.0,25.641026,0.08547009,180.0,120.0,Dense/Amorphous,CC1CC(C)C[N+](C)(C)C1
400.0,0.0,99.0,250.0,1.7094017,0.3931624,0.17094016,0.0,25.641026,0.17094018,180.0,120.0,Dense/Amorphous,CC1CC(C)C[N+](C)(C)C1
400.0,0.0,99.0,250.0,1.7094017,0.3931624,0.25641027,0.0,25.641026,0.25641027,180.0,120.0,Dense/Amorphous,CC1CC(C)C[N+](C)(C)C1
400.0,0.0,99.0,250.0,1.7094017,0.3931624,0.34188035,0.0,25.641026,0.34188032,180.0,120.0,Dense/Amorphous,CC1CC(C)C[N+](C)(C)C1
400.0,0.0,99.0,250.0,1.7094017,0.3931624,0.23213676,0.0,25.641026,0.42735043,180.0,120.0,Dense/Amorphous,CC1CC(C)C[N+](C)(C)C1
400.0,0.0,99.0,250.0,1.7094017,0.39316252,0.08547012,0.0,25.641026,0.08547009,230.0,120.0,Dense/Amorphous,CC1CC(C)C[N+](C)(C)C1
400.0,0.0,99.0,250.0,1.7094017,0.3931624,0.17094016,0.0,25.641026,0.17094018,230.0,120.0,Dense/Amorphous,CC1CC(C)C[N+](C)(C)C1
400.0,0.0,99.0,250.0,1.7094017,0.3931624,0.25641027,0.0,25.641026,0.25641027,230.0,120.0,Dense/Amorphous,CC1CC(C)C[N+](C)(C)C1
400.0,0.0,99.0,250.0,1.7094017,0.3931624,0.34188035,0.0,25.641026,0.34188032,230.0,120.0,Dense/Amorphous,CC1CC(C)C[N+](C)(C)C1
400.0,0.0,99.0,250.0,1.7094017,0.3931624,0.23213676,0.0,25.641026,0.42735043,230.0,120.0,Dense/Amorphous,CC1CC(C)C[N+](C)(C)C1
30.30303,1.7179967,99.0,250.0,0.56147146,0.0,0.116166525,0.0,38.722168,0.1161665,79.74508,279.97693,Dense/Amorphous,CC1CC(C)C[N+](C)(C)C1
30.30303,1.7179967,99.0,250.0,0.56147146,0.0,0.116166525,0.0,38.722168,0.1161665,150.56306,118.09268,Dense/Amorphous,CC1CC(C)C[N+](C)(C)C1
400.0,0.0,99.0,250.0,0.0,0.0,0.0,0.25,3.5,0.25,150.0,130.64557,Dense/Amorphous,Cc1cc(C)c(-n2cc[n+](-c3c(C)cc(C)cc3C)c2)c(C)c1
400.0,0.0,99.0,250.0,0.0,0.0,0.0,0.25,7.5,0.25,150.0,103.3702,Dense/Amorphous,Cc1cc(C)c(-n2cc[n+](-c3c(C)cc(C)cc3C)c2)c(C)c1
400.0,0.0,99.0,250.0,0.0,0.0,0.0,0.25,14.5,0.25,150.0,21.257828,Dense/Amorphous,Cc1cc(C)c(-n2cc[n+](-c3c(C)cc(C)cc3C)c2)c(C)c1
71.428566,1.7179967,99.0,250.0,0.09861933,0.0,0.295858,0.0,29.5858,0.19723865,150.0,230.82393,Dense/Amorphous,Cc1cc(C)c(-n2cc[n+](-c3c(C)cc(C)cc3C)c2)c(C)c1
400.0,0.0,99.0,250.0,1.7094017,0.39316252,0.08547012,0.0,25.641026,0.08547009,180.0,120.0,Dense/Amorphous,C1CC[N+]2(CC1)CCCC1CCCCC12
400.0,0.0,99.0,250.0,1.7094017,0.3931624,0.17094016,0.0,25.641026,0.17094018,180.0,120.0,Dense/Amorphous,C1CC[N+]2(CC1)CCCC1CCCCC12
400.0,0.0,99.0,250.0,1.7094017,0.3931624,0.25641027,0.0,25.641026,0.25641027,180.0,120.0,Dense/Amorphous,C1CC[N+]2(CC1)CCCC1CCCCC12
400.0,0.0,99.0,250.0,1.7094017,0.3931624,0.34188035,0.0,25.641026,0.34188032,180.0,120.0,Dense/Amorphous,C1CC[N+]2(CC1)CCCC1CCCCC12
400.0,0.0,99.0,250.0,1.7094017,0.39316252,0.08547012,0.0,25.641026,0.08547009,230.0,120.0,Dense/Amorphous,C1CC[N+]2(CC1)CCCC1CCCCC12
400.0,0.0,99.0,250.0,1.7094017,0.3931624,0.17094016,0.0,25.641026,0.17094018,230.0,120.0,Dense/Amorphous,C1CC[N+]2(CC1)CCCC1CCCCC12
400.0,0.0,99.0,250.0,1.7094017,0.3931624,0.25641027,0.0,25.641026,0.25641027,230.0,120.0,Dense/Amorphous,C1CC[N+]2(CC1)CCCC1CCCCC12
400.0,0.0,99.0,250.0,1.7094017,0.3931624,0.34188035,0.0,25.641026,0.34188032,230.0,120.0,Dense/Amorphous,C1CC[N+]2(CC1)CCCC1CCCCC12
400.0,0.0,99.0,250.0,1.7094017,0.3931624,0.23213676,0.0,25.641026,0.42735043,230.0,120.0,Dense/Amorphous,C1CC[N+]2(CC1)CCCC1CCCCC12
400.0,0.0,99.0,250.0,0.117999926,0.0,0.288,0.0,38.670002,0.17000002,160.0,336.0,Dense/Amorphous,C1CC[N+]2(CC1)CCCC1CCCCC12
400.0,0.0,99.0,250.0,0.117999926,0.0,0.288,0.0,38.670002,0.17000002,160.0,672.0,Dense/Amorphous,C1CC[N+]2(CC1)CCCC1CCCCC12
400.0,0.0,99.0,250.0,0.117999926,0.0,0.288,0.0,38.670002,0.17000002,160.0,1440.0007,Dense/Amorphous,C1CC[N+]2(CC1)CCCC1CCCCC12
400.0,0.0,99.0,250.0,0.0,0.0,0.23000002,0.0,35.0,0.18,175.0,120.0,Dense/Amorphous,C1CC[N+]2(CC1)CCCC1CCCCC12
400.0,0.0,99.0,250.0,0.0,0.0,0.28,0.0,34.999996,0.18,175.0,120.0,Dense/Amorphous,C1CC[N+]2(CC1)CCCC1CCCCC12
400.0,0.0,99.0,250.0,0.0,0.0,0.42300007,0.0,62.999985,0.39000005,160.0,480.0,Dense/Amorphous,C1CC[N+]2(CC1)CCCC1CCCCC12
25.0,1.7179967,99.0,250.0,0.038461573,0.0,0.42307696,0.0,142.78835,0.4230769,130.0,144.0,Dense/Amorphous,C1CC[N+]2(CC1)CCCC1CCCCC12
400.0,0.0,99.0,25.0,0.019230828,0.0,0.19230768,0.0,40.38461,0.1923077,160.0,336.0,Dense/Amorphous,C1CC[N+]2(CC1)CCCC1CCCCC12
16.499996,1.7179967,1.9411764,250.0,0.0,0.0,0.0,0.48076928,4.8076925,0.24038461,175.0,336.0,IWR,CC[N+]1(CC)CC2C3C(C)=CC(C)(C2C1)C1C[N+](CC)(CC)CC31
20.83249,1.7179967,4.9988003,250.0,0.0,0.0,0.0,0.48076928,4.8076925,0.24038461,175.0,336.0,IWR,CC[N+]1(CC)CC2C3C(C)=CC(C)(C2C1)C1C[N+](CC)(CC)CC31
23.437496,1.7179967,15.0,250.0,0.0,0.0,0.0,0.48076928,4.8076925,0.24038461,175.0,336.0,IWR,CC[N+]1(CC)CC2C3C(C)=CC(C)(C2C1)C1C[N+](CC)(CC)CC31
24.0375,1.7179967,24.974026,250.0,0.0,0.0,0.0,0.48076928,4.807692,0.24038461,175.0,336.0,IWR,CC[N+]1(CC)CC2C3C(C)=CC(C)(C2C1)C1C[N+](CC)(CC)CC31
24.509998,1.7179967,50.020428,250.0,0.0,0.0,0.0,0.48076928,4.8076925,0.24038461,175.0,336.0,IWR,CC[N+]1(CC)CC2C3C(C)=CC(C)(C2C1)C1C[N+](CC)(CC)CC31
25.000002,1.7179967,99.0,250.0,0.0,0.0,0.0,0.48076928,4.807692,0.24038461,175.0,336.0,IWR,CC[N+]1(CC)CC2C3C(C)=CC(C)(C2C1)C1C[N+](CC)(CC)CC31
400.0,0.0,1.9411764,32.999943,0.0,0.0,0.0,0.49019608,4.901961,0.24509804,175.0,336.0,IWR,CC[N+]1(CC)CC2C3C(C)=CC(C)(C2C1)C1C[N+](CC)(CC)CC31
400.0,0.0,4.9988003,41.66504,0.0,0.0,0.0,0.49019608,4.901961,0.24509804,175.0,336.0,IWR,CC[N+]1(CC)CC2C3C(C)=CC(C)(C2C1)C1C[N+](CC)(CC)CC31
400.0,0.0,15.0,46.875015,0.0,0.0,0.0,0.49019608,4.901961,0.24509804,175.0,336.0,IWR,CC[N+]1(CC)CC2C3C(C)=CC(C)(C2C1)C1C[N+](CC)(CC)CC31
400.0,0.0,24.974026,48.07499,0.0,0.0,0.0,0.4901961,4.901961,0.24509804,175.0,336.0,IWR,CC[N+]1(CC)CC2C3C(C)=CC(C)(C2C1)C1C[N+](CC)(CC)CC31
400.0,0.0,1.9411764,250.0,0.0,0.0,0.0,0.5,5.0,0.25,175.0,336.0,IWR,CC[N+]1(CC)CC2C3C(C)=CC(C)(C2C1)C1C[N+](CC)(CC)CC31
400.0,0.0,4.9988003,250.0,0.0,0.0,0.0,0.5,5.0,0.25,175.0,336.0,IWR,CC[N+]1(CC)CC2C3C(C)=CC(C)(C2C1)C1C[N+](CC)(CC)CC31
400.0,0.0,15.0,250.0,0.0,0.0,0.0,0.5,5.0,0.25,175.0,336.0,IWR,CC[N+]1(CC)CC2C3C(C)=CC(C)(C2C1)C1C[N+](CC)(CC)CC31
400.0,0.0,1.9411764,250.0,0.0,0.0,0.0,0.5,15.0,0.25,175.0,336.0,IWR,CC[N+]1(CC)CC2C3C(C)=CC(C)(C2C1)C1C[N+](CC)(CC)CC31
400.0,0.0,4.9988003,250.0,0.0,0.0,0.0,0.5,15.0,0.25,175.0,336.0,IWR,CC[N+]1(CC)CC2C3C(C)=CC(C)(C2C1)C1C[N+](CC)(CC)CC31
400.0,0.0,15.0,250.0,0.0,0.0,0.0,0.5,15.0,0.25,175.0,336.0,IWR,CC[N+]1(CC)CC2C3C(C)=CC(C)(C2C1)C1C[N+](CC)(CC)CC31
16.499996,1.7179967,1.9411763,250.0,0.0,0.0,0.0,0.48076928,14.423077,0.24038461,175.0,336.0,IWR,CC[N+]1(CC)CC2C3C(C)=CC(C)(C2C1)C1C[N+](CC)(CC)CC31
20.83249,1.7179967,4.9988003,250.0,0.0,0.0,0.0,0.48076928,14.423077,0.24038461,175.0,336.0,IWR,CC[N+]1(CC)CC2C3C(C)=CC(C)(C2C1)C1C[N+](CC)(CC)CC31
23.437496,1.7179967,15.0,250.0,0.0,0.0,0.0,0.48076928,14.423077,0.24038461,175.0,336.0,IWR,CC[N+]1(CC)CC2C3C(C)=CC(C)(C2C1)C1C[N+](CC)(CC)CC31
400.0,0.0,1.9411764,32.999943,0.0,0.0,0.0,0.49019608,14.705882,0.24509804,175.0,336.0,IWR,CC[N+]1(CC)CC2C3C(C)=CC(C)(C2C1)C1C[N+](CC)(CC)CC31
400.0,0.0,4.9988003,41.66504,0.0,0.0,0.0,0.49019608,14.705882,0.24509804,175.0,336.0,IWR,CC[N+]1(CC)CC2C3C(C)=CC(C)(C2C1)C1C[N+](CC)(CC)CC31
400.0,0.0,15.0,46.875015,0.0,0.0,0.0,0.49019608,14.705882,0.24509804,175.0,336.0,IWR,CC[N+]1(CC)CC2C3C(C)=CC(C)(C2C1)C1C[N+](CC)(CC)CC31
400.0,0.0,1.9411764,250.0,0.0,0.0,0.5,0.0,5.0,0.25,175.0,336.0,IWR,CC[N+]1(CC)CC2C3C(C)=CC(C)(C2C1)C1C[N+](CC)(CC)CC31
400.0,0.0,4.9880238,250.0,0.0,0.0,0.5,0.0,5.0,0.25,175.0,336.0,IWR,CC[N+]1(CC)CC2C3C(C)=CC(C)(C2C1)C1C[N+](CC)(CC)CC31
400.0,0.0,15.0,250.0,0.0,0.0,0.5,0.0,5.0,0.25,175.0,336.0,IWR,CC[N+]1(CC)CC2C3C(C)=CC(C)(C2C1)C1C[N+](CC)(CC)CC31
400.0,0.0,1.9411764,250.0,0.0,0.0,0.5,0.0,14.999999,0.25,175.0,336.0,IWR,CC[N+]1(CC)CC2C3C(C)=CC(C)(C2C1)C1C[N+](CC)(CC)CC31
1.6500016,1.7179967,1.9411764,250.0,0.0,0.0,0.3571429,0.0,10.714286,0.1785714,175.0,336.0,IWR,CC[N+]1(CC)CC2C3C(C)=CC(C)(C2C1)C1C[N+](CC)(CC)CC31
400.0,0.0,4.9880238,250.0,0.0,0.0,0.5,0.0,14.999999,0.25,175.0,336.0,IWR,CC[N+]1(CC)CC2C3C(C)=CC(C)(C2C1)C1C[N+](CC)(CC)CC31
400.0,0.0,1.9411763,250.0,0.0,0.0,0.4999999,0.0,30.0,0.25,175.0,336.0,IWR,CC[N+]1(CC)CC2C3C(C)=CC(C)(C2C1)C1C[N+](CC)(CC)CC31
1.6500016,1.7179967,1.9411763,250.0,0.0,0.0,0.3571429,0.0,21.428572,0.1785714,175.0,336.0,IWR,CC[N+]1(CC)CC2C3C(C)=CC(C)(C2C1)C1C[N+](CC)(CC)CC31
400.0,0.0,4.9880238,250.0,0.0,0.0,0.4999999,0.0,30.0,0.25,175.0,336.0,IWR,CC[N+]1(CC)CC2C3C(C)=CC(C)(C2C1)C1C[N+](CC)(CC)CC31
400.0,0.0,99.0,250.0,0.0,0.0,0.0,0.5,3.0,0.25,175.0,336.0,IWR,CC[N+]1(CC)CC2C3C(C)=CC(C)(C2C1)C1C[N+](CC)(CC)CC31
400.0,0.0,2.0,250.0,0.0,0.0,0.0,0.5,5.0,0.25,175.0,336.0,IWR,CC[N+]1(CC)CC2C3C(C)=CC(C)(C2C1)C1C[N+](CC)(CC)CC31
33.333332,1.7179967,2.0,250.0,0.0,0.0,0.0,0.49019608,4.901961,0.24509804,175.0,336.0,IWR,CC[N+]1(CC)CC2C3C(C)=CC(C)(C2C1)C1C[N+](CC)(CC)CC31
400.0,0.0,2.0,33.333363,0.0,0.0,0.0,0.49019608,4.901961,0.24509804,175.0,336.0,IWR,CC[N+]1(CC)CC2C3C(C)=CC(C)(C2C1)C1C[N+](CC)(CC)CC31
400.0,0.0,2.0,250.0,0.0,0.0,0.0,0.5,15.0,0.25,175.0,336.0,IWR,CC[N+]1(CC)CC2C3C(C)=CC(C)(C2C1)C1C[N+](CC)(CC)CC31
33.333332,1.7179967,2.0,250.0,0.0,0.0,0.0,0.49019608,14.705882,0.24509804,175.0,336.0,IWR,CC[N+]1(CC)CC2C3C(C)=CC(C)(C2C1)C1C[N+](CC)(CC)CC31
400.0,0.0,2.0,33.333363,0.0,0.0,0.0,0.49019608,14.705882,0.24509804,175.0,336.0,IWR,CC[N+]1(CC)CC2C3C(C)=CC(C)(C2C1)C1C[N+](CC)(CC)CC31
400.0,0.0,5.0,250.0,0.0,0.0,0.0,0.5,5.0,0.25,175.0,336.0,IWR,CC[N+]1(CC)CC2C3C(C)=CC(C)(C2C1)C1C[N+](CC)(CC)CC31
41.666714,1.7179967,5.0,250.0,0.0,0.0,0.0,0.4901961,4.901961,0.24509804,175.0,336.0,IWR,CC[N+]1(CC)CC2C3C(C)=CC(C)(C2C1)C1C[N+](CC)(CC)CC31
400.0,0.0,5.0,41.666626,0.0,0.0,0.0,0.4901961,4.901961,0.24509804,175.0,336.0,IWR,CC[N+]1(CC)CC2C3C(C)=CC(C)(C2C1)C1C[N+](CC)(CC)CC31
400.0,0.0,5.0,250.0,0.0,0.0,0.0,0.5,15.0,0.25,175.0,336.0,IWR,CC[N+]1(CC)CC2C3C(C)=CC(C)(C2C1)C1C[N+](CC)(CC)CC31
41.666714,1.7179967,5.0,250.0,0.0,0.0,0.0,0.49019608,14.705882,0.24509804,175.0,336.0,IWR,CC[N+]1(CC)CC2C3C(C)=CC(C)(C2C1)C1C[N+](CC)(CC)CC31
400.0,0.0,5.0,41.666626,0.0,0.0,0.0,0.49019608,14.705882,0.24509804,175.0,336.0,IWR,CC[N+]1(CC)CC2C3C(C)=CC(C)(C2C1)C1C[N+](CC)(CC)CC31
400.0,0.0,15.0,250.0,0.0,0.0,0.0,0.5,5.0,0.25,175.0,336.0,IWR,CC[N+]1(CC)CC2C3C(C)=CC(C)(C2C1)C1C[N+](CC)(CC)CC31
46.875015,1.7179967,15.0,250.0,0.0,0.0,0.0,0.49019608,4.901961,0.24509804,175.0,336.0,IWR,CC[N+]1(CC)CC2C3C(C)=CC(C)(C2C1)C1C[N+](CC)(CC)CC31
400.0,0.0,15.0,46.875015,0.0,0.0,0.0,0.49019608,4.901961,0.24509804,175.0,336.0,IWR,CC[N+]1(CC)CC2C3C(C)=CC(C)(C2C1)C1C[N+](CC)(CC)CC31
400.0,0.0,15.0,250.0,0.0,0.0,0.0,0.5,15.0,0.25,175.0,336.0,IWR,CC[N+]1(CC)CC2C3C(C)=CC(C)(C2C1)C1C[N+](CC)(CC)CC31
46.875015,1.7179967,15.0,250.0,0.0,0.0,0.0,0.49019608,14.705882,0.24509804,175.0,336.0,IWR,CC[N+]1(CC)CC2C3C(C)=CC(C)(C2C1)C1C[N+](CC)(CC)CC31
400.0,0.0,15.0,46.875015,0.0,0.0,0.0,0.49019608,14.705882,0.24509804,175.0,336.0,IWR,CC[N+]1(CC)CC2C3C(C)=CC(C)(C2C1)C1C[N+](CC)(CC)CC31
0.0,0.0,0.0,0.0,0.0,0.0,0.0,0.0,0.81666684,0.34999996,170.0,168.0,AFI,C1CN2CCN1CC2
400.0,0.0,99.0,250.0,0.0,0.0,0.0,0.0,0.8032791,0.3442623,170.0,168.0,AFI,C1CN2CCN1CC2
400.0,0.0,99.0,250.0,0.0,0.0,0.0,0.0,0.8032791,0.3442623,170.0,168.0,AFI,C1CN2CCN1CC2
0.0,0.33333334,0.0,0.0,0.0,0.0,0.0,0.1749998,0.0,6.097583,160.0,24.0,AFI,Cn1cc[n+](Cc2ccccc2)c1
14.925373,1.7179967,99.0,250.0,0.0,0.0,0.0,0.46860355,6.5604496,0.23430178,175.0,336.0,IHW,C[N+]1(C)CC2C(C1)C1C[N+](C)(C)CC21
20.0,1.7179967,99.0,250.0,0.0,0.0,0.0,0.47619054,6.6666665,0.23809524,175.0,336.0,IHW,C[N+]1(C)CC2C(C1)C1C[N+](C)(C)CC21
50.0,1.7179967,99.0,250.0,0.0,0.0,0.0,0.4901961,6.8627453,0.24509804,175.0,336.0,IHW,C[N+]1(C)CC2C(C1)C1C[N+](C)(C)CC21
1.0,1.7179967,99.0,250.0,0.25,0.0,2.4341676,0.0,131.24994,5.0,95.0,264.0,LOS,CCCC[N+](CCCC)(CCCC)CCCC
100.0,1.7179967,99.0,250.0,0.099674396,0.0,0.24254104,0.0,43.325134,0.14286663,170.0,94.92132,MTW,CC[N+]1(CC)CCCC2CCCCC2C1
150.0504,1.7179967,99.0,250.0,0.10000467,0.0,0.2433447,0.0,43.468693,0.14334002,170.0,363.29395,MTW,CC[N+]1(CC)CCCC2CCCCC2C1
200.0,1.7179967,99.0,250.0,0.100170285,0.0,0.24374771,0.0,43.540684,0.14357741,170.0,280.0492,MTW,CC[N+]1(CC)CCCC2CCCCC2C1
399.46378,1.7179967,99.0,250.0,0.10041975,0.0,0.24435474,0.0,43.649124,0.143935,170.0,477.45178,MTW,CC[N+]1(CC)CCCC2CCCCC2C1
0.0,1.3333334,0.0,0.0,0.0,0.0,0.0,0.0,18.82353,0.47058824,160.0,288.0,AFI,C[N+](CCO)(CCO)CCO
0.0,1.3333334,0.0,0.0,0.0,0.0,0.0,0.0,18.82353,0.47058824,140.0,288.0,AFI,C[N+](CCO)(CCO)CCO
5.1020427,1.7179967,99.0,250.0,0.0,0.0,0.0,0.0,0.0,0.0,150.0,144.0,ANA,CC[N+](C)(C)C1CCCCC1
0.0,0.8,0.0,0.0,0.0,0.0,0.0,0.0,9.166667,0.16666667,150.0,6.0,AFI,CN(C)C(=N)N(C)C
400.0,0.0,99.0,250.0,0.1,0.0,0.25,0.0,44.0,0.15,150.0,192.0,MTW,C[N+](C)(C)C1CC2CC1C1CCCC21
16.66667,1.7179967,99.0,250.0,0.1415094,0.0,0.28301886,0.0,25.471703,0.14150944,160.0,144.0,MTW,C[N+](C)(C)C1CC2CC1C1CCCC21
400.0,0.0,99.0,20.0,0.14285709,0.0,0.28571427,0.0,41.90476,0.14285715,160.0,144.0,MTW,C[N+](C)(C)C1CC2CC1C1CCCC21
0.0,0.0,0.0,0.0,0.0,0.0,0.0,0.0,200.0,0.0,0.0,0.0,AEN,CC[N+](CC)(CC)CC
0.0,1.7179967,0.0,0.0,0.0,0.0,0.0,0.0,0.020000007,0.33333334,150.0,0.0,AEN,CC[N+](CC)(CC)CC
0.0,1.7179967,0.0,0.0,0.0,0.0,0.0,0.0,0.20000005,0.33333334,150.0,142.41624,AEN,CC[N+](CC)(CC)CC
0.0,1.7179967,0.0,0.0,0.0,0.0,0.0,0.0,0.20000005,0.33333334,150.0,319.44818,AEN,CC[N+](CC)(CC)CC
0.0,1.7179967,0.0,0.0,0.0,0.0,0.0,0.0,0.20000005,0.33333334,150.0,686.42944,AEN,CC[N+](CC)(CC)CC
0.0,1.7179967,0.0,0.0,0.0,0.0,0.0,0.0,0.20000005,0.33333334,150.0,406.47208,AEN,CC[N+](CC)(CC)CC
0.0,1.0,0.0,0.0,0.0,0.0,0.0,0.0,8.750001,0.25,170.0,24.0,AEN,CC[N+](CC)(CC)CC
0.0,1.0,0.0,0.0,0.0,0.0,0.0,0.0,13.749999,0.25,170.0,20.0,AEN,CC[N+](CC)(CC)CC
0.0,1.0,0.0,0.0,0.0,0.0,0.0,0.0,13.749999,0.25,190.0,20.0,AEN,CC[N+](CC)(CC)CC
0.0,0.0,0.0,0.0,0.0,0.0,0.0,0.0,200.0,0.0,186.48645,187.15414,NON,C[N+](C)(C)C1CCCC1
400.0,0.0,99.0,250.0,0.1,0.0,0.25,0.0,45.000004,0.15,160.0,168.0,NON,C[N+](C)(C)C1CCCC1
0.0,0.0,0.0,0.0,0.0,0.0,0.0,0.0,200.0,0.0,160.0,168.0,NON,C[N+](C)(C)C1CCCC1
400.0,0.0,1.0,250.0,0.0,0.0,0.0,0.5,50.0,0.25,150.0,96.0,LTA,C1COCCN2CCOCCOCCN(CCO1)CCOCCOCC2
400.0,0.0,99.0,250.0,0.0,0.0,0.0,0.5,50.0,0.25,150.0,96.0,LTA,C1COCCN2CCOCCOCCN(CCO1)CCOCCOCC2
400.0,0.0,5.666662,250.0,0.0,0.0,0.0,0.5,50.0,0.25,150.0,96.0,LTA,C1COCCN2CCOCCOCCN(CCO1)CCOCCOCC2
400.0,0.0,2.030303,250.0,0.0,0.0,0.0,0.5,50.0,0.25,150.0,96.0,LTA,C1COCCN2CCOCCOCCN(CCO1)CCOCCOCC2
400.0,0.0,1.0,250.0,0.0,0.0,0.0,0.5,50.0,0.25,150.0,96.0,LTA,C1COCCN2CCOCCOCCN(CCO1)CCOCCOCC2
400.0,0.0,5.666662,250.0,0.0,0.0,0.0,0.5,50.0,0.25,175.0,72.0,LTA,C1COCCN2CCOCCOCCN(CCO1)CCOCCOCC2
400.0,0.0,5.666662,250.0,0.0,0.0,0.0,0.5,50.0,0.25,150.0,96.0,LTA,C1COCCN2CCOCCOCCN(CCO1)CCOCCOCC2
0.0,1.0,0.0,0.0,0.0,0.0,0.0,0.12500006,20.0,0.125,170.0,6.0,LTA,C1COCCN2CCOCCOCCN(CCO1)CCOCCOCC2
0.0,1.0,0.0,0.0,0.0,0.0,0.0,0.074999645,20.0,0.075,170.0,120.0,LTA,C1COCCN2CCOCCOCCN(CCO1)CCOCCOCC2
0.0,1.0,0.0,0.0,0.0,0.0,0.0,0.12500006,20.0,0.125,170.0,1.0,LTA,C1COCCN2CCOCCOCCN(CCO1)CCOCCOCC2
0.0,1.0,0.0,0.0,0.0,0.0,0.0,0.12500006,20.0,0.125,170.0,120.0,LTA,C1COCCN2CCOCCOCCN(CCO1)CCOCCOCC2
0.0,1.0,0.0,0.0,0.0,0.0,0.0,0.12500006,20.0,0.125,200.0,24.0,LTA,C1COCCN2CCOCCOCCN(CCO1)CCOCCOCC2
0.0,1.0,0.0,0.0,0.0,0.0,0.0,0.12500006,125.00026,0.125,170.0,120.0,LTA,C1COCCN2CCOCCOCCN(CCO1)CCOCCOCC2
0.0,1.0,0.0,0.0,0.0,0.0,0.0,0.0,20.0,0.25,170.0,24.0,LTA,C1COCCN2CCOCCOCCN(CCO1)CCOCCOCC2
0.0,0.5,0.0,0.0,0.0,0.0,0.0,0.0,83.33329,0.16666667,170.0,120.0,LTA,C1COCCN2CCOCCOCCN(CCO1)CCOCCOCC2
0.0,1.0,0.0,0.0,0.0,0.0,0.0,0.0,20.0,0.25,170.0,120.0,LTA,C1COCCN2CCOCCOCCN(CCO1)CCOCCOCC2
0.0,1.0,0.0,0.0,0.0,0.0,0.0,0.0,20.0,0.125,170.0,180.0,LTA,C1COCCN2CCOCCOCCN(CCO1)CCOCCOCC2
0.0,0.5,0.0,0.0,0.0,0.0,0.0,0.0,83.33329,0.16666667,170.0,120.0,LTA,C1COCCN2CCOCCOCCN(CCO1)CCOCCOCC2
0.0,1.0,0.0,0.0,0.0,0.0,0.0,0.0,20.0,0.25,170.0,120.0,LTA,C1COCCN2CCOCCOCCN(CCO1)CCOCCOCC2
0.0,1.0,0.0,0.0,0.0,0.0,0.0,0.12500006,20.000004,0.125,170.0,120.0,LTA,C1COCCN2CCOCCOCCN(CCO1)CCOCCOCC2
0.0,1.0,0.0,0.0,0.0,0.0,0.0,0.125,125.00026,0.125,170.0,120.0,LTA,C1COCCN2CCOCCOCCN(CCO1)CCOCCOCC2
0.0,0.5,0.0,0.0,0.0,0.0,0.0,0.08333325,83.33329,0.083333336,170.0,120.0,LTA,C1COCCN2CCOCCOCCN(CCO1)CCOCCOCC2
0.0,1.0,0.0,0.0,0.0,0.0,0.0,0.12500006,20.000004,0.125,170.0,120.0,LTA,C1COCCN2CCOCCOCCN(CCO1)CCOCCOCC2
0.0,1.0,0.0,0.0,0.0,0.0,0.0,0.25,20.0,0.125,170.0,120.0,LTA,C1COCCN2CCOCCOCCN(CCO1)CCOCCOCC2
0.0,1.0,0.0,0.0,0.0,0.0,0.0,0.125,125.00026,0.125,170.0,120.0,LTA,C1COCCN2CCOCCOCCN(CCO1)CCOCCOCC2
0.0,1.0,0.0,0.0,0.0,0.0,0.0,0.24999999,125.00026,0.25,170.0,120.0,LTA,C1COCCN2CCOCCOCCN(CCO1)CCOCCOCC2
0.0,0.8,0.0,0.0,0.0,0.0,0.0,0.0,200.0,0.2777778,190.0,48.0,LTA,C1COCCN2CCOCCOCCN(CCO1)CCOCCOCC2
0.0,0.8,0.0,0.0,0.0,0.0,0.0,0.0,200.0,0.2777778,190.0,48.0,LTA,C1COCCN2CCOCCOCCN(CCO1)CCOCCOCC2
0.0,1.0,0.0,0.0,0.0,0.0,0.0,0.12500006,20.0,0.125,175.0,4.0,LTA,C1COCCN2CCOCCOCCN(CCO1)CCOCCOCC2
0.0,1.0,0.0,0.0,0.0,0.0,0.0,0.12500006,20.0,0.125,175.0,5.0,LTA,C1COCCN2CCOCCOCCN(CCO1)CCOCCOCC2
0.0,1.0,0.0,0.0,0.0,0.0,0.0,0.12500006,20.0,0.125,175.0,6.0,LTA,C1COCCN2CCOCCOCCN(CCO1)CCOCCOCC2
0.0,1.0,0.0,0.0,0.0,0.0,0.0,0.12500006,20.0,0.125,175.0,7.0,LTA,C1COCCN2CCOCCOCCN(CCO1)CCOCCOCC2
0.0,1.0,0.0,0.0,0.0,0.0,0.0,0.125,30.0,0.125,175.0,8.0,LTA,C1COCCN2CCOCCOCCN(CCO1)CCOCCOCC2
0.0,1.0,0.0,0.0,0.0,0.0,0.0,0.125,30.0,0.125,175.0,8.0,LTA,C1COCCN2CCOCCOCCN(CCO1)CCOCCOCC2
0.0,1.0,0.0,0.0,0.0,0.0,0.0,0.125,30.0,0.125,175.0,8.0,LTA,C1COCCN2CCOCCOCCN(CCO1)CCOCCOCC2
0.0,1.0,0.0,0.0,0.0,0.0,0.0,0.125,30.0,0.125,175.0,8.0,LTA,C1COCCN2CCOCCOCCN(CCO1)CCOCCOCC2
0.0,1.0,0.0,0.0,0.0,0.0,0.0,0.12500006,20.0,0.125,175.0,7.0,LTA,C1COCCN2CCOCCOCCN(CCO1)CCOCCOCC2
0.0,1.0,0.0,0.0,0.0,0.0,0.0,0.125,30.0,0.125,175.0,8.0,LTA,C1COCCN2CCOCCOCCN(CCO1)CCOCCOCC2
0.0,1.0,0.0,0.0,0.0,0.0,0.0,0.125,50.0,0.125,175.0,10.0,LTA,C1COCCN2CCOCCOCCN(CCO1)CCOCCOCC2
0.0,1.0,0.0,0.0,0.0,0.0,0.0,0.125,74.99994,0.125,175.0,20.0,LTA,C1COCCN2CCOCCOCCN(CCO1)CCOCCOCC2
0.0,1.0,0.0,0.0,0.0,0.0,0.0,0.12500006,125.00026,0.125,175.0,22.0,LTA,C1COCCN2CCOCCOCCN(CCO1)CCOCCOCC2
0.0,1.0,0.0,0.0,0.0,0.0,0.0,0.125,200.0,0.125,175.0,24.0,LTA,C1COCCN2CCOCCOCCN(CCO1)CCOCCOCC2
0.0,1.0,0.0,0.0,0.0,0.0,0.0,0.125,50.0,0.125,175.0,10.0,LTA,C1COCCN2CCOCCOCCN(CCO1)CCOCCOCC2
0.0,1.0,0.0,0.0,0.0,0.0,0.0,0.125,50.0,0.125,175.0,10.0,LTA,C1COCCN2CCOCCOCCN(CCO1)CCOCCOCC2
0.0,1.0,0.0,0.0,0.0,0.0,0.0,0.125,50.0,0.125,200.0,4.0,LTA,C1COCCN2CCOCCOCCN(CCO1)CCOCCOCC2
0.0,1.0,0.0,0.0,0.0,0.0,0.0,0.125,50.0,0.125,200.0,4.0,LTA,C1COCCN2CCOCCOCCN(CCO1)CCOCCOCC2
0.0,1.0,0.0,0.0,0.0,0.0,0.0,0.125,50.0,0.125,200.0,4.0,LTA,C1COCCN2CCOCCOCCN(CCO1)CCOCCOCC2
0.0,1.0,0.0,0.0,0.0,0.0,0.0,0.125,50.0,0.125,200.0,4.0,LTA,C1COCCN2CCOCCOCCN(CCO1)CCOCCOCC2
0.0,0.85,0.0,0.0,0.0,0.0,0.0,0.125,50.0,0.125,200.0,4.0,LTA,C1COCCN2CCOCCOCCN(CCO1)CCOCCOCC2
0.0,0.5,0.0,0.0,0.0,0.0,0.0,0.125,50.0,0.125,200.0,4.0,LTA,C1COCCN2CCOCCOCCN(CCO1)CCOCCOCC2
0.0,0.0,0.0,0.0,0.0,0.0,0.0,0.125,50.0,0.125,200.0,4.0,LTA,C1COCCN2CCOCCOCCN(CCO1)CCOCCOCC2
0.0,1.0,0.0,0.0,0.0,0.0,0.0,0.125,50.0,0.125,175.0,10.0,LTA,C1COCCN2CCOCCOCCN(CCO1)CCOCCOCC2
0.0,1.0,0.0,0.0,0.0,0.0,0.0,0.125,50.0,0.125,200.0,4.0,LTA,C1COCCN2CCOCCOCCN(CCO1)CCOCCOCC2
0.0,1.0,0.0,0.0,0.0,0.0,0.0,0.125,74.99994,0.125,175.0,20.0,LTA,C1COCCN2CCOCCOCCN(CCO1)CCOCCOCC2
0.0,1.0,0.0,0.0,0.0,0.0,0.0,0.125,74.99994,0.125,200.0,6.0,LTA,C1COCCN2CCOCCOCCN(CCO1)CCOCCOCC2
0.0,1.0,0.0,0.0,0.0,0.0,0.0,0.25,50.0,0.125,190.0,4.0,LTA,C1COCCN2CCOCCOCCN(CCO1)CCOCCOCC2
0.0,0.0,0.0,0.0,0.0,0.0,0.0,0.25,25.0,0.125,150.0,24.0,LTA,C1COCCN2CCOCCOCCN(CCO1)CCOCCOCC2
0.0,1.0,0.0,0.0,0.0,0.0,0.0,0.12500006,20.0,0.125,170.0,247.38068,LTA,C1COCCN2CCOCCOCCN(CCO1)CCOCCOCC2
0.0,1.0,0.0,0.0,0.0,0.0,0.0,0.12500006,20.0,0.125,170.0,6.0,LTA,C1COCCN2CCOCCOCCN(CCO1)CCOCCOCC2
0.0,1.0,0.0,0.0,0.0,0.0,0.0,0.0,20.0,0.125,170.0,120.0,LTA,C1COCCN2CCOCCOCCN(CCO1)CCOCCOCC2
400.0,0.0,99.0,20.0,0.0,0.0,0.0,0.0,0.0,0.0,160.0,490.60806,Dense/Amorphous,CC[N+]1(CC)CCCC2CC1C2(C)C
0.0,0.25,0.0,0.0,0.0,0.0,0.0,0.0,0.0,1.0199994,180.0,168.0,LAU,c1c[nH]cn1
0.0,0.36363688,0.0,0.0,0.0,0.0,0.0,0.0,0.0,1.3599999,180.0,168.0,LAU,c1c[nH]cn1
400.0,0.0,99.0,250.0,0.0,0.0,0.0,0.0,0.8114758,0.8196722,160.0,168.0,LAU,c1c[nH]cn1
400.0,0.0,99.0,250.0,0.0,0.0,0.0,0.0,0.8114758,0.8196722,160.0,168.0,LAU,c1c[nH]cn1
0.0,0.0,0.0,0.0,0.0,0.0,0.0,0.0,0.82500046,0.8333334,160.0,168.0,LAU,c1c[nH]cn1
0.0,0.25,0.0,0.0,0.0,0.0,0.0,0.0,0.0,0.96000016,180.0,168.0,LAU,c1c[nH]cn1
0.0,0.25,0.0,0.0,0.0,0.0,0.0,0.0,0.0,0.96000016,180.0,168.0,LAU,c1c[nH]cn1
0.0,0.24999967,0.0,0.0,0.0,0.0,0.0,0.0,0.0,1.0,180.0,168.0,LAU,c1c[nH]cn1
0.0,0.25,0.0,0.0,0.0,0.0,0.0,0.0,0.0,1.5,180.0,168.0,LAU,c1c[nH]cn1
0.0,0.0,0.0,0.0,0.0,0.0,0.0,0.0,200.0,0.0,169.66286,320.09622,SFS,CC[N+]1(CC)C(C)CCC2CCCCC21
400.0,0.0,99.0,0.76923066,0.0,0.0,0.0,0.0,91.30434,0.43478262,160.0,190.72511,MFI,CCCCC[N+]12CCC(CC1)CC2
400.0,0.0,99.0,0.76923066,0.0,0.0,0.0,0.0,91.30434,0.43478262,180.0,35.91002,MFI,CCCCC[N+]12CCC(CC1)CC2
400.0,0.0,99.0,0.76923066,0.0,0.0,0.0,0.0,91.30434,0.43478262,200.0,261.15298,MFI,CCCCC[N+]12CCC(CC1)CC2
10.416673,1.7179967,99.0,250.0,0.4927007,0.0,0.100365035,0.0,16.423359,0.10036496,135.0,48.0,SFW,CC[N+]1(C2CC(C)CC(C)(C)C2)CCCC1
10.416673,1.7179967,99.0,250.0,0.4927007,0.0,0.1605839,0.0,16.423359,0.080291964,135.0,252.00003,SFW,CC[N+]1(C2CC(C)CC(C)(C)C2)CCCC1
400.0,0.0,99.0,4.0,0.16000003,0.0,0.0,0.0,80.0,0.2,170.0,168.0,RTH,CN1CCCCC1
150.0,1.7179967,99.0,4.0000005,0.15915118,0.0,0.0,0.0,79.5756,0.198939,170.0,168.0,RTH,CN1CCCCC1
200.0,1.7179967,99.0,4.0,0.15936254,0.0,0.0,0.0,79.6813,0.1992032,170.0,168.0,RTH,CN1CCCCC1
0.0,0.1714285,0.0,0.0,0.0,0.0,0.0,0.2195122,0.0,6.097583,180.0,1.0,Dense/Amorphous,CC[n+]1ccccc1
0.0,0.1714285,0.0,0.0,0.0,0.0,0.0,0.2195122,0.6429176,6.097583,150.0,1.0,Dense/Amorphous,CC[n+]1ccccc1
0.0,0.1714285,0.0,0.0,0.0,0.0,0.0,0.2195122,1.319672,6.097583,150.0,1.0,Dense/Amorphous,CC[n+]1ccccc1
0.0,0.1714285,0.0,0.0,0.0,0.0,0.0,0.2195122,3.2145846,6.097583,150.0,1.0,Dense/Amorphous,CC[n+]1ccccc1
0.0,0.1714285,0.0,0.0,0.0,0.0,0.0,0.2195122,6.429171,6.097583,150.0,1.0,Dense/Amorphous,CC[n+]1ccccc1
0.0,0.1714285,0.0,0.0,0.0,0.0,0.0,0.2195122,6.429171,5.6375556,150.0,1.0,Dense/Amorphous,CC[n+]1ccccc1
0.0,0.1714285,0.0,0.0,0.0,0.0,0.0,0.2195122,12.926018,5.6375556,150.0,1.0,Dense/Amorphous,CC[n+]1ccccc1
0.0,0.1714285,0.0,0.0,0.0,0.0,0.0,0.2195122,32.281197,5.6375556,150.0,1.0,Dense/Amorphous,CC[n+]1ccccc1
0.0,0.1714285,0.0,0.0,0.0,0.0,0.0,0.2195122,0.0,6.097583,150.0,1.0,Dense/Amorphous,CC[n+]1ccccc1
0.0,0.1714285,0.0,0.0,0.0,0.0,0.0,0.2195122,0.6429176,6.097583,150.0,1.0,Dense/Amorphous,CC[n+]1ccccc1
0.0,0.1714285,0.0,0.0,0.0,0.0,0.0,0.2195122,6.429171,5.6375556,150.0,1.0,Dense/Amorphous,CC[n+]1ccccc1
0.0,0.1714285,0.0,0.0,0.0,0.0,0.0,0.2195122,0.0,6.097583,150.0,1.0,Dense/Amorphous,CC[n+]1ccccc1
0.0,0.1714285,0.0,0.0,0.0,0.0,0.0,0.2195122,0.6429176,6.097583,180.0,1.0,Dense/Amorphous,CC[n+]1ccccc1
0.0,0.1714285,0.0,0.0,0.0,0.0,0.0,0.2195122,1.319672,6.097583,180.0,1.0,Dense/Amorphous,CC[n+]1ccccc1
0.0,0.1714285,0.0,0.0,0.0,0.0,0.0,0.2195122,3.2145846,6.097583,180.0,1.0,Dense/Amorphous,CC[n+]1ccccc1
0.0,0.1714285,0.0,0.0,0.0,0.0,0.0,0.2195122,6.429171,6.097583,180.0,1.0,Dense/Amorphous,CC[n+]1ccccc1
0.0,0.1714285,0.0,0.0,0.0,0.0,0.0,0.2195122,6.429171,5.6375556,180.0,1.0,Dense/Amorphous,CC[n+]1ccccc1
0.0,0.1714285,0.0,0.0,0.0,0.0,0.0,0.2195122,12.926018,6.097583,180.0,1.0,Dense/Amorphous,CC[n+]1ccccc1
0.0,0.1714285,0.0,0.0,0.0,0.0,0.0,0.2195122,32.281197,5.6375556,180.0,1.0,Dense/Amorphous,CC[n+]1ccccc1
0.0,0.1714285,0.0,0.0,0.0,0.0,0.0,0.2195122,0.0,6.097583,180.0,1.0,Dense/Amorphous,CC[n+]1ccccc1
0.0,0.1714285,0.0,0.0,0.0,0.0,0.0,0.2195122,0.6429176,6.097583,180.0,1.0,Dense/Amorphous,CC[n+]1ccccc1
0.0,0.1714285,0.0,0.0,0.0,0.0,0.0,0.2195122,1.319672,6.097583,180.0,1.0,Dense/Amorphous,CC[n+]1ccccc1
0.0,0.1714285,0.0,0.0,0.0,0.0,0.0,0.2195122,3.2145846,6.097583,180.0,1.0,Dense/Amorphous,CC[n+]1ccccc1
0.0,0.2857142,0.0,0.0,0.0,0.0,0.0,0.22222221,0.0,0.0035555454,150.0,72.0,Dense/Amorphous,CC[n+]1ccccc1
0.0,0.0,0.0,0.0,0.0,0.0,0.0,0.0,200.0,0.0,150.0,0.0,RTE,NC1CC2CCC1C2
70.0,1.7179967,99.0,250.0,0.0,0.0,0.0,0.0,0.0,0.0,170.0,332.93317,EUO,CC[N@@+]1(C)CCCC(C)(C)C1
0.0,1.0,0.0,0.0,0.0,0.0,0.0,0.0,10.0,0.5,180.0,1.0,AEN,OSDA-free
0.0,1.0,0.0,0.0,0.0,0.0,0.0,0.0,10.0,0.5,180.0,2.0,AEN,OSDA-free
0.0,0.20618586,0.0,0.0,0.6495729,0.0,0.0,0.0,61.66666,0.0,180.0,72.0,AEN,OSDA-free
0.0,0.0,0.0,0.0,0.0,0.0,0.0,0.0,200.0,0.0,206.06877,350.6482,EMT,CC[N+](CC)(CC)CC
15.099999,1.7179967,99.0,250.0,0.07763977,0.0,0.81987566,0.0,8.291925,0.81987566,123.25988,155.88274,EMT,CC[N+](CC)(CC)CC
2.5750008,1.7179967,99.0,250.0,1.920999,0.0,0.27972028,0.0,62.937057,0.27972028,40.0,24.0,EMT,CC[N+](CC)(CC)CC
0.0,0.0,0.0,0.0,0.0,0.0,0.0,0.0,200.0,0.0,211.97089,458.42123,EMT,CC[N+](CC)(CC)CC
10.0,1.7179967,99.0,250.0,0.090909086,0.0,0.36363637,0.0,20.38637,0.36363637,160.0,144.0,FER,CCCCCCCCCCCCCCCC[N+](C)(C)C
400.0,0.0,99.0,250.0,0.5263158,0.0,0.16842107,0.0,33.684216,0.16842104,180.0,96.0,FER,CCCCCCCCCCCCCCCC[N+](C)(C)C
5.0,1.7179967,99.0,250.0,0.099999994,0.0,0.08000003,0.0,26.0,0.8333334,160.0,192.0,MFI,CN(C)CC(C)(C)CN(C)C
10.0,1.7179967,99.0,250.0,0.10909089,0.0,0.08727272,0.0,28.36364,0.90909094,160.0,144.0,MFI,CN(C)CC(C)(C)CN(C)C
10.0,1.7179967,99.0,250.0,0.10909089,0.0,0.08727272,0.0,28.36364,0.90909094,160.0,288.0,MFI,CN(C)CC(C)(C)CN(C)C
20.0,1.7179967,99.0,250.0,0.1142857,0.0,0.09142862,0.0,29.714285,0.95238113,160.0,144.0,MFI,CN(C)CC(C)(C)CN(C)C
20.0,1.7179967,99.0,250.0,0.1142857,0.0,0.09142862,0.0,29.714285,0.95238113,160.0,288.0,MFI,CN(C)CC(C)(C)CN(C)C
70.0,1.7179967,99.0,250.0,0.0,0.0,0.0,0.0,0.0,0.0,170.0,383.64328,AFI,CC[N+]1(C)CC2CC3CC(C2)CC1C3
400.0,0.0,99.0,250.0,0.0,0.0,0.1,0.0,40.0,0.1,175.0,240.0,Dense/Amorphous,C1CC[N+]23CCCCC2(C1)CCCC3
50.0,1.7179967,99.0,250.0,0.04901962,0.0,0.14705883,0.0,39.215687,0.09803922,175.0,134.00006,Dense/Amorphous,C1CC[N+]23CCCCC2(C1)CCCC3
400.0,0.0,99.0,250.0,0.05,0.0,0.15,0.0,40.0,0.1,175.0,480.0,Dense/Amorphous,C1CC[N+]23CCCCC2(C1)CCCC3
400.0,0.0,99.0,250.0,0.1,0.0,0.2,0.0,40.0,0.1,175.0,139.99995,Dense/Amorphous,C1CC[N+]23CCCCC2(C1)CCCC3
100.0,1.7179967,99.0,250.0,0.0,0.0,0.14851484,0.0,39.603962,0.14851485,175.0,408.0,Dense/Amorphous,C1CC[N+]23CCCCC2(C1)CCCC3
99.999954,1.7179967,99.0,250.0,0.0990099,0.0,0.19801982,0.0,25.742575,0.0990099,175.0,144.0,Dense/Amorphous,C1CC[N+]23CCCCC2(C1)CCCC3
30.303026,1.7179967,99.0,250.0,0.0,0.09680543,0.09680544,0.0,25.169413,0.09680542,175.0,144.0,Dense/Amorphous,C1CC[N+]23CCCCC2(C1)CCCC3
0.3,1.0,99.0,250.0,0.0,0.0,0.0,0.0,10.869565,0.26086962,200.0,96.0,AEL,CCCCNCCCC
0.3,1.0,99.0,250.0,0.0,0.0,0.0,0.0,10.869565,0.26086962,200.0,96.0,AEL,CCCCNCCCC
0.0,1.0,0.0,0.0,0.0,0.0,0.0,0.0,10.0,0.25,180.0,48.0,AEL,CCCCNCCCC
0.0,1.0,0.0,0.0,0.0,0.0,0.0,0.0,10.0,0.25,155.0,24.0,AEL,CCCCNCCCC
0.0,0.9,0.0,0.0,0.0,0.0,0.0,0.0,52.63158,0.52631575,170.0,24.0,AEL,CCCCNCCCC
0.0,0.5555556,0.0,0.0,0.0,0.0,0.0,0.0,0.0,0.42857146,180.0,720.0,AEL,CCCCNCCCC
400.0,0.0,99.0,250.0,0.1,0.0,0.3,0.0,50.0,0.1,150.0,347.9999,MTW,CC1C[N+]2(CCCCCCCC[N+]34CCN(CC3)C(C)C4)CCN1CC2
30.0,1.7179967,99.0,250.0,0.0,0.0,0.0,0.0,0.0,0.0,135.0,567.911,CHA,CC[N+]1(C)CC2CC1CN(C)C2
28.011206,1.7179967,99.0,250.0,1.4965726,0.43448874,0.43448868,0.0,0.0,0.0,140.0,24.0,MAZ,OSDA-free
28.011206,1.7179967,99.0,250.0,1.4241569,0.50690323,0.7,0.0,0.0,0.0,140.0,24.0,MAZ,OSDA-free
40.0,1.7179967,99.0,250.0,1.3658544,0.58536625,0.79999995,0.0,0.0,0.0,140.0,24.0,MAZ,OSDA-free
40.0,1.7179967,99.0,250.0,1.3219501,0.6292673,0.8600001,0.0,0.0,0.0,140.0,24.0,MAZ,OSDA-free
50.0,1.7179967,99.0,250.0,1.4460788,0.5147065,0.7,0.0,0.0,0.0,140.0,24.0,MAZ,OSDA-free
50.0,1.7179967,99.0,250.0,1.3725492,0.58823544,0.8,0.0,0.0,0.0,140.0,24.0,MAZ,OSDA-free
20.0,1.7179967,99.0,250.0,0.17142862,0.0,0.13714287,0.0,8.571429,0.045714285,100.0,10.0,MAZ,OSDA-free
20.0,1.7179967,99.0,250.0,0.17142862,0.0,0.13714287,0.0,8.571429,0.045714285,100.0,16.999998,MAZ,OSDA-free
20.0,1.7179967,99.0,250.0,0.17142862,0.0,0.13714287,0.0,8.571429,0.045714285,100.0,24.0,MAZ,OSDA-free
20.0,1.7179967,99.0,250.0,0.17142862,0.0,0.13714287,0.0,8.571429,0.045714285,100.0,48.0,MAZ,OSDA-free
20.0,1.7179967,99.0,250.0,0.17142862,0.0,0.13714287,0.0,8.571429,0.045714285,100.0,72.0,MAZ,OSDA-free
20.0,1.7179967,99.0,250.0,0.17142862,0.0,0.13714287,0.0,8.571429,0.045714285,100.0,96.0,MAZ,OSDA-free
20.0,1.7179967,99.0,250.0,0.17142862,0.0,0.13714287,0.0,8.571429,0.045714285,100.0,70.0,MAZ,OSDA-free
20.0,1.7179967,99.0,250.0,0.17142862,0.0,0.13714287,0.0,8.571429,0.045714285,100.0,360.0,MAZ,OSDA-free
20.0,1.7179967,99.0,250.0,0.17142862,0.0,0.13714287,0.0,8.571429,0.045714285,90.0,72.0,MAZ,OSDA-free
20.0,1.7179967,99.0,250.0,0.17142862,0.0,0.13714287,0.0,8.571429,0.045714285,110.0,72.0,MAZ,OSDA-free
15.0,1.7179967,99.0,250.0,0.22499998,0.0,0.17999996,0.0,11.25,0.06000001,100.0,72.0,MAZ,OSDA-free
25.0,1.7179967,99.0,250.0,0.13846155,0.0,0.11076926,0.0,6.923077,0.036923077,100.0,72.0,MAZ,OSDA-free
20.0,1.7179967,99.0,250.0,0.1142857,0.0,0.09142862,0.0,8.571429,0.045714285,100.0,72.0,MAZ,OSDA-free
20.0,1.7179967,99.0,250.0,0.22857144,0.0,0.18285716,0.0,8.571429,0.045714285,100.0,72.0,MAZ,OSDA-free
20.0,1.7179967,99.0,250.0,0.17142862,0.0,0.13714287,0.0,8.571429,0.022857156,100.0,72.0,MAZ,OSDA-free
20.0,1.7179967,99.0,250.0,0.17142862,0.0,0.13714287,0.0,8.571429,0.06857144,100.0,72.0,MAZ,OSDA-free
16.900002,1.7179967,99.0,250.0,0.56648034,0.0,0.45318434,0.0,0.0,0.0,50.0,336.0,MAZ,OSDA-free
16.900002,1.7179967,99.0,250.0,0.56648034,0.0,0.45318434,0.0,0.0,0.0,70.0,336.0,MAZ,OSDA-free
16.900002,1.7179967,99.0,250.0,0.56648034,0.0,0.45318434,0.0,0.0,0.0,100.0,336.0,MAZ,OSDA-free
27.599995,1.7179967,99.0,250.0,0.57902086,0.0,0.46321675,0.0,0.0,0.0,70.0,336.0,MAZ,OSDA-free
44.000046,1.7179967,99.0,250.0,0.5866667,0.0,0.4693332,0.0,0.0,0.0,70.0,336.0,MAZ,OSDA-free
71.99997,1.7179967,99.0,250.0,0.5917807,0.0,0.47342455,0.0,0.0,0.0,70.0,336.0,MAZ,OSDA-free
16.900002,1.7179967,99.0,250.0,0.0,0.0,0.45318434,0.0,0.0,0.0,70.0,336.0,MAZ,OSDA-free
16.900002,1.7179967,99.0,250.0,0.0,0.5664805,0.45318434,0.0,0.0,0.0,70.0,336.0,MAZ,OSDA-free
16.900002,1.7179967,99.0,250.0,0.0,0.0,0.45318434,0.0,0.0,0.0,70.0,336.0,MAZ,OSDA-free
16.900002,1.7179967,99.0,250.0,0.05586589,0.0,0.57000023,0.0,0.0,0.0,70.0,336.0,MAZ,OSDA-free
6.9930043,1.7179967,99.0,250.0,0.6299212,0.0,0.5039369,0.0,10.645669,0.0,120.0,240.0,MAZ,OSDA-free
6.9930043,1.7179967,99.0,250.0,0.80489933,0.0,0.6439194,0.0,13.6028,0.0,120.0,240.0,MAZ,OSDA-free
6.9930043,1.7179967,99.0,250.0,0.6299212,0.0,0.5039369,0.0,15.055118,0.0,120.0,240.0,MAZ,OSDA-free
6.9930043,1.7179967,99.0,250.0,0.6299212,0.0,0.5039369,0.0,10.645669,0.0,120.0,240.0,MAZ,OSDA-free
400.0,0.0,99.0,250.0,0.30007496,0.0,0.30007505,0.0,11.252812,0.0,150.0,72.0,MAZ,OSDA-free
400.0,0.0,99.0,250.0,0.32,0.0,0.32,0.0,12.000001,0.0,150.0,168.0,MAZ,OSDA-free
4.077353,1.7179967,99.0,250.0,1.0881381,0.0,0.8705113,0.0,15.233951,0.0,100.0,480.0,MAZ,OSDA-free
40.0,1.7179967,99.0,250.0,0.0,0.0,0.0,0.0,0.0,0.0,160.0,404.0856,ITE,CC1(C)[C@H]2CC[C@]1(C)[C@H]([N+](C)(C)C)C2
12.5,1.7179967,99.0,250.0,0.3703702,0.0,0.23148148,0.0,41.666664,0.23148148,170.0,336.0,MOR,C1CCC[N+]2(CC1)CCCCC2
25.0,1.7179967,99.0,250.0,0.1923077,0.0,0.2403846,0.0,43.269234,0.24038461,170.0,336.0,MOR,C1CCC[N+]2(CC1)CCCCC2
12.5,1.7179967,99.0,250.0,0.3703702,0.0,0.23148148,0.0,41.666664,0.23148148,170.0,336.0,MOR,C1CCC[N+]2(CC1)CCCCC2
400.0,0.0,99.0,250.0,0.19607843,0.0,0.19607843,0.0,23.529413,0.14705883,160.0,72.0,Dense/Amorphous,NCCCCCCCCN
400.0,0.0,99.0,250.0,0.0,0.0,0.0,0.0,50.0,0.33333334,180.0,0.0,Dense/Amorphous,NCCCCCCCCN
400.0,0.0,99.0,250.0,0.0,0.0,0.0,0.0,50.0,0.33333334,180.0,8.0,Dense/Amorphous,NCCCCCCCCN
400.0,0.0,99.0,250.0,0.0,0.0,0.0,0.0,50.0,0.33333334,180.0,33.000008,Dense/Amorphous,NCCCCCCCCN
7.6000004,1.7179967,99.0,250.0,0.50000006,0.0,0.4,0.0,34.302326,0.5813952,180.0,29.999996,Dense/Amorphous,NCCCCCCCCN
37.99998,1.7179967,99.0,250.0,0.0,0.0,0.0,0.0,0.0,0.0,160.0,96.0,Dense/Amorphous,NCCCCCCCCN
0.0,0.0,0.0,0.0,0.0,0.0,0.0,1.25,184.99925,0.6666667,180.0,192.0,Dense/Amorphous,c1cc(-c2ccncc2)ccn1
0.0,0.0,0.0,0.0,0.0,0.0,0.0,1.25,127.49988,1.0,180.0,168.0,Dense/Amorphous,c1cc(-c2ccncc2)ccn1
0.375,1.3333334,99.0,250.0,0.0,0.0,0.0,0.0,18.82353,0.47058824,160.0,576.0,MEI,CN(CCO)CCO
0.375,1.3333334,99.0,250.0,0.0,0.0,0.0,0.0,18.82353,0.47058824,160.0,288.0,MEI,CN(CCO)CCO
0.375,1.3333334,99.0,250.0,0.0,0.0,0.0,0.0,18.82353,0.47058824,160.0,288.0,MEI,CN(CCO)CCO
0.375,1.3333334,99.0,250.0,0.0,0.0,0.0,0.0,18.82353,0.47058824,160.0,576.0,MEI,CN(CCO)CCO
0.375,1.3333334,99.0,250.0,0.0,0.0,0.0,0.0,18.82353,0.47058824,160.0,288.0,MEI,CN(CCO)CCO
0.375,1.3333334,99.0,250.0,0.0,0.0,0.0,0.0,18.82353,0.47058824,160.0,288.0,MEI,CN(CCO)CCO
0.0,0.33333334,0.0,0.0,0.0,0.0,0.0,0.0,1.4375001,6.097583,170.0,120.0,AFI,Cc1n(C)cc[n+]1Cc1ccccc1
400.0,0.0,99.0,250.0,0.0,0.0,0.0,0.25,14.5,0.25,150.0,102.65802,Dense/Amorphous,CC(C)(C)n1cc[n+](C(C)(C)C)c1
400.0,0.0,99.0,72.00003,0.0,0.0,0.0,0.0,0.0,0.0,150.0,43.483387,Dense/Amorphous,CC(C)(C)n1cc[n+](C(C)(C)C)c1
400.0,0.0,99.0,21.999996,0.0,0.0,0.0,0.0,0.0,0.0,150.0,525.85034,Dense/Amorphous,CC(C)(C)n1cc[n+](C(C)(C)C)c1
400.0,0.0,99.0,16.000002,0.0,0.0,0.058823477,0.0,21.647058,0.23529412,150.0,20.690208,Dense/Amorphous,CC(C)(C)n1cc[n+](C(C)(C)C)c1
400.0,0.0,99.0,100.0,0.0,0.0,0.2178217,0.0,22.772276,0.24752475,150.0,544.53754,Dense/Amorphous,CC(C)(C)n1cc[n+](C(C)(C)C)c1
400.0,0.0,99.0,199.99924,0.0,0.0,0.23383087,0.0,22.885572,0.24875621,150.0,420.52603,Dense/Amorphous,CC(C)(C)n1cc[n+](C(C)(C)C)c1
400.0,0.0,99.0,250.0,0.0,0.0,0.25,0.0,23.000002,0.25,150.0,823.01276,Dense/Amorphous,CC(C)(C)n1cc[n+](C(C)(C)C)c1
71.428566,1.7179967,99.0,250.0,0.09861933,0.0,0.295858,0.0,29.5858,0.19723865,150.0,607.58044,Dense/Amorphous,CC(C)(C)n1cc[n+](C(C)(C)C)c1
100.0,1.7179967,99.0,250.0,0.0990099,0.0,0.29702967,0.0,29.70297,0.1980198,150.0,619.49976,Dense/Amorphous,CC(C)(C)n1cc[n+](C(C)(C)C)c1
200.0,1.7179967,99.0,250.0,0.09950248,0.0,0.29850745,0.0,29.850746,0.19900498,150.0,413.78366,Dense/Amorphous,CC(C)(C)n1cc[n+](C(C)(C)C)c1
0.0,1.1476997,0.0,0.0,0.0,0.0,0.0,0.0,8.6693945,0.0015585369,142.0,24.0,VFI,C1=Cc2nc1c(-c1ccncc1)c1ccc([nH]1)c(-c1ccncc1)c1nc(c(-c3ccncc3)c3ccc([nH]3)c2-c2ccncc2)C=C1
400.0,0.0,99.0,250.0,0.117999926,0.0,0.288,0.0,38.670002,0.17000002,160.0,336.0,BEA,CC1CC[N+]2(CCCC3CCCCC32)CC1
400.0,0.0,99.0,250.0,0.05,0.0,0.2,0.0,30.0,0.15,150.0,336.0,BEA,CC1CC[N+]2(CCCC3CCCCC32)CC1
25.0,1.7179967,99.0,250.0,0.038461573,0.0,0.42307696,0.0,142.78835,0.4230769,130.0,144.0,BEA,CC1CC[N+]2(CCCC3CCCCC32)CC1
5.0,1.7179967,99.0,250.0,0.0691667,0.0,0.2133334,0.0,31.91668,0.14416666,175.0,144.0,BEA,CC1CC[N+]2(CCCC3CCCCC32)CC1
20.0,1.7179967,99.0,250.0,0.0,0.0,0.5714286,0.0,42.460316,0.2857143,180.0,720.0,Dense/Amorphous,C[N+](C)(C)CCCCCC[N+](C)(C)C
20.0,1.7179967,99.0,250.0,0.0,0.0,0.28571427,0.0,42.460316,0.14285715,180.0,3023.974,Dense/Amorphous,C[N+](C)(C)CCCCCC[N+](C)(C)C
20.0,1.7179967,99.0,250.0,0.0,0.0,0.5714286,0.0,42.460316,0.2857143,150.0,1775.9935,Dense/Amorphous,C[N+](C)(C)CCCCCC[N+](C)(C)C
20.0,1.7179967,99.0,250.0,0.0,0.0,0.5714286,0.0,42.460316,0.2857143,100.0,4368.189,Dense/Amorphous,C[N+](C)(C)CCCCCC[N+](C)(C)C
15.0,1.7179967,99.0,250.0,0.0,0.0,0.5625001,0.0,41.796875,0.28125,180.0,720.0,Dense/Amorphous,C[N+](C)(C)CCCCCC[N+](C)(C)C
400.0,0.0,14.992504,250.0,0.0,0.0,0.5,0.0,5.0,0.25,175.0,336.0,Dense/Amorphous,C[N+](C)(C)CCCCCC[N+](C)(C)C
400.0,0.0,14.992503,213.34006,0.0,0.0,0.48468736,0.0,4.9781246,0.24890624,175.0,336.0,Dense/Amorphous,C[N+](C)(C)CCCCCC[N+](C)(C)C
400.0,0.0,14.992503,53.335022,0.0,0.0,0.43954304,0.0,4.913633,0.24568164,175.0,336.0,Dense/Amorphous,C[N+](C)(C)CCCCCC[N+](C)(C)C
400.0,0.0,30.03003,250.0,0.0,0.0,0.5,0.0,5.0,0.25,175.0,336.0,Dense/Amorphous,C[N+](C)(C)CCCCCC[N+](C)(C)C
400.0,0.0,30.03003,206.65993,0.0,0.0,0.4836861,0.0,4.9766946,0.24883473,175.0,336.0,Dense/Amorphous,C[N+](C)(C)CCCCCC[N+](C)(C)C
400.0,0.0,30.03003,51.66498,0.0,0.0,0.43564454,0.0,4.908064,0.24540319,175.0,336.0,Dense/Amorphous,C[N+](C)(C)CCCCCC[N+](C)(C)C
400.0,0.0,30.03003,20.666002,0.0,0.0,0.34342977,0.0,4.776328,0.23881641,175.0,336.0,Dense/Amorphous,C[N+](C)(C)CCCCCC[N+](C)(C)C
400.0,0.0,14.992503,250.0,0.0,0.0,0.5,0.0,13.3,0.25,175.0,336.0,Dense/Amorphous,C[N+](C)(C)CCCCCC[N+](C)(C)C
400.0,0.0,14.992503,213.34006,0.0,0.0,0.48468736,0.0,13.241813,0.24890624,175.0,336.0,Dense/Amorphous,C[N+](C)(C)CCCCCC[N+](C)(C)C
400.0,0.0,14.992503,53.335022,0.0,0.0,0.43954304,0.0,13.070263,0.24568164,175.0,336.0,Dense/Amorphous,C[N+](C)(C)CCCCCC[N+](C)(C)C
400.0,0.0,14.992503,21.333994,0.0,0.0,0.3526749,0.0,12.740165,0.23947677,175.0,336.0,Dense/Amorphous,C[N+](C)(C)CCCCCC[N+](C)(C)C
400.0,0.0,30.03003,250.0,0.0,0.0,0.5,0.0,13.3,0.25,175.0,336.0,Dense/Amorphous,C[N+](C)(C)CCCCCC[N+](C)(C)C
400.0,0.0,30.03003,20.666002,0.0,0.0,0.34342977,0.0,12.705033,0.23881641,175.0,336.0,Dense/Amorphous,C[N+](C)(C)CCCCCC[N+](C)(C)C
400.0,0.0,14.992504,213.34006,0.0,0.0,0.48468736,0.0,21.605062,0.24890624,175.0,336.0,Dense/Amorphous,C[N+](C)(C)CCCCCC[N+](C)(C)C
400.0,0.0,14.992504,53.335022,0.0,0.0,0.43954304,0.0,21.32517,0.24568164,175.0,336.0,Dense/Amorphous,C[N+](C)(C)CCCCCC[N+](C)(C)C
400.0,0.0,14.992504,21.333994,0.0,0.0,0.3526749,0.0,20.786583,0.23947677,175.0,336.0,Dense/Amorphous,C[N+](C)(C)CCCCCC[N+](C)(C)C
400.0,0.0,30.03003,206.65993,0.0,0.0,0.4836861,0.0,21.598856,0.24883473,175.0,336.0,Dense/Amorphous,C[N+](C)(C)CCCCCC[N+](C)(C)C
400.0,0.0,30.03003,51.66498,0.0,0.0,0.43564454,0.0,21.300999,0.24540319,175.0,336.0,Dense/Amorphous,C[N+](C)(C)CCCCCC[N+](C)(C)C
400.0,0.0,30.03003,20.666002,0.0,0.0,0.34342977,0.0,20.729263,0.23881641,175.0,336.0,Dense/Amorphous,C[N+](C)(C)CCCCCC[N+](C)(C)C
400.0,0.0,14.992503,213.34006,0.0,0.0,0.48468736,0.0,29.868748,0.24890624,175.0,336.0,Dense/Amorphous,C[N+](C)(C)CCCCCC[N+](C)(C)C
400.0,0.0,14.992503,53.335022,0.0,0.0,0.43954304,0.0,29.481796,0.24568164,175.0,336.0,Dense/Amorphous,C[N+](C)(C)CCCCCC[N+](C)(C)C
400.0,0.0,14.992504,21.333994,0.0,0.0,0.3526749,0.0,28.737211,0.23947677,175.0,336.0,Dense/Amorphous,C[N+](C)(C)CCCCCC[N+](C)(C)C
400.0,0.0,30.03003,206.65993,0.0,0.0,0.4836861,0.0,29.860167,0.24883473,175.0,336.0,Dense/Amorphous,C[N+](C)(C)CCCCCC[N+](C)(C)C
400.0,0.0,30.03003,51.66498,0.0,0.0,0.43564454,0.0,29.44838,0.24540319,175.0,336.0,Dense/Amorphous,C[N+](C)(C)CCCCCC[N+](C)(C)C
400.0,0.0,30.03003,20.666002,0.0,0.0,0.34342977,0.0,28.657967,0.23881641,175.0,336.0,Dense/Amorphous,C[N+](C)(C)CCCCCC[N+](C)(C)C
400.0,0.0,4.0,249.99994,0.0,0.0,0.48883575,0.0,4.9840508,0.24920255,175.0,336.0,Dense/Amorphous,C[N+](C)(C)CCCCCC[N+](C)(C)C
400.0,0.0,14.992504,250.0,0.0,0.0,0.5,0.0,5.0,0.25,175.0,336.0,Dense/Amorphous,C[N+](C)(C)CCCCCC[N+](C)(C)C
400.0,0.0,14.992503,213.34006,0.0,0.0,0.48468736,0.0,4.9781246,0.24890624,175.0,336.0,Dense/Amorphous,C[N+](C)(C)CCCCCC[N+](C)(C)C
400.0,0.0,14.992503,53.335022,0.0,0.0,0.43954304,0.0,4.913633,0.24568164,175.0,336.0,Dense/Amorphous,C[N+](C)(C)CCCCCC[N+](C)(C)C
400.0,0.0,30.03003,250.0,0.0,0.0,0.5,0.0,5.0,0.25,175.0,336.0,Dense/Amorphous,C[N+](C)(C)CCCCCC[N+](C)(C)C
400.0,0.0,30.03003,206.65993,0.0,0.0,0.4836861,0.0,4.9766946,0.24883473,175.0,336.0,Dense/Amorphous,C[N+](C)(C)CCCCCC[N+](C)(C)C
400.0,0.0,30.03003,51.66498,0.0,0.0,0.43564454,0.0,4.908064,0.24540319,175.0,336.0,Dense/Amorphous,C[N+](C)(C)CCCCCC[N+](C)(C)C
400.0,0.0,30.03003,20.666002,0.0,0.0,0.34342977,0.0,4.776328,0.23881641,175.0,336.0,Dense/Amorphous,C[N+](C)(C)CCCCCC[N+](C)(C)C
400.0,0.0,14.992503,250.0,0.0,0.0,0.5,0.0,13.3,0.25,175.0,336.0,Dense/Amorphous,C[N+](C)(C)CCCCCC[N+](C)(C)C
400.0,0.0,14.992503,213.34006,0.0,0.0,0.48468736,0.0,13.241813,0.24890624,175.0,336.0,Dense/Amorphous,C[N+](C)(C)CCCCCC[N+](C)(C)C
400.0,0.0,14.992503,53.335022,0.0,0.0,0.43954304,0.0,13.070263,0.24568164,175.0,336.0,Dense/Amorphous,C[N+](C)(C)CCCCCC[N+](C)(C)C
400.0,0.0,14.992503,21.333994,0.0,0.0,0.3526749,0.0,12.740165,0.23947677,175.0,336.0,Dense/Amorphous,C[N+](C)(C)CCCCCC[N+](C)(C)C
400.0,0.0,30.03003,250.0,0.0,0.0,0.5,0.0,13.3,0.25,175.0,336.0,Dense/Amorphous,C[N+](C)(C)CCCCCC[N+](C)(C)C
400.0,0.0,30.03003,206.65993,0.0,0.0,0.4836861,0.0,13.238007,0.24883473,175.0,336.0,Dense/Amorphous,C[N+](C)(C)CCCCCC[N+](C)(C)C
400.0,0.0,30.03003,51.66498,0.0,0.0,0.43564454,0.0,13.055449,0.24540319,175.0,336.0,Dense/Amorphous,C[N+](C)(C)CCCCCC[N+](C)(C)C
400.0,0.0,30.03003,20.666002,0.0,0.0,0.34342977,0.0,12.705033,0.23881641,175.0,336.0,Dense/Amorphous,C[N+](C)(C)CCCCCC[N+](C)(C)C
400.0,0.0,4.0,250.0,0.0,0.0,0.48883575,0.0,21.630783,0.24920255,175.0,336.0,Dense/Amorphous,C[N+](C)(C)CCCCCC[N+](C)(C)C
400.0,0.0,14.992503,250.0,0.0,0.0,0.4999999,0.0,21.699997,0.25,175.0,336.0,Dense/Amorphous,C[N+](C)(C)CCCCCC[N+](C)(C)C
400.0,0.0,14.992504,213.34006,0.0,0.0,0.48468736,0.0,21.605062,0.24890624,175.0,336.0,Dense/Amorphous,C[N+](C)(C)CCCCCC[N+](C)(C)C
400.0,0.0,14.992504,53.335022,0.0,0.0,0.43954304,0.0,21.32517,0.24568164,175.0,336.0,Dense/Amorphous,C[N+](C)(C)CCCCCC[N+](C)(C)C
400.0,0.0,14.992504,21.333994,0.0,0.0,0.3526749,0.0,20.786583,0.23947677,175.0,336.0,Dense/Amorphous,C[N+](C)(C)CCCCCC[N+](C)(C)C
400.0,0.0,30.03003,206.65993,0.0,0.0,0.4836861,0.0,21.598856,0.24883473,175.0,336.0,Dense/Amorphous,C[N+](C)(C)CCCCCC[N+](C)(C)C
400.0,0.0,30.03003,51.66498,0.0,0.0,0.43564454,0.0,21.300999,0.24540319,175.0,336.0,Dense/Amorphous,C[N+](C)(C)CCCCCC[N+](C)(C)C
400.0,0.0,30.03003,20.666002,0.0,0.0,0.34342977,0.0,20.729263,0.23881641,175.0,336.0,Dense/Amorphous,C[N+](C)(C)CCCCCC[N+](C)(C)C
400.0,0.0,14.992503,53.335022,0.0,0.0,0.43954304,0.0,29.481796,0.24568164,175.0,336.0,Dense/Amorphous,C[N+](C)(C)CCCCCC[N+](C)(C)C
400.0,0.0,14.992504,21.333994,0.0,0.0,0.3526749,0.0,28.737211,0.23947677,175.0,336.0,Dense/Amorphous,C[N+](C)(C)CCCCCC[N+](C)(C)C
400.0,0.0,30.03003,51.66498,0.0,0.0,0.43564454,0.0,29.44838,0.24540319,175.0,336.0,Dense/Amorphous,C[N+](C)(C)CCCCCC[N+](C)(C)C
400.0,0.0,30.03003,20.666002,0.0,0.0,0.34342977,0.0,28.657967,0.23881641,175.0,336.0,Dense/Amorphous,C[N+](C)(C)CCCCCC[N+](C)(C)C
400.0,0.0,2.0,250.0,0.0,0.0,0.5,0.0,5.0,0.25,175.0,336.0,Dense/Amorphous,C[N+](C)(C)CCCCCC[N+](C)(C)C
400.0,0.0,2.0,250.0,0.0,0.0,0.49223942,0.0,4.9889135,0.24944568,175.0,336.0,Dense/Amorphous,C[N+](C)(C)CCCCCC[N+](C)(C)C
400.0,0.0,4.0,250.0,0.0,0.0,0.5,0.0,5.0,0.25,175.0,336.0,Dense/Amorphous,C[N+](C)(C)CCCCCC[N+](C)(C)C
400.0,0.0,4.0,249.99994,0.0,0.0,0.48883575,0.0,4.9840508,0.24920255,175.0,336.0,Dense/Amorphous,C[N+](C)(C)CCCCCC[N+](C)(C)C
400.0,0.0,4.0,62.500008,0.0,0.0,0.45576617,0.0,4.936809,0.24684043,175.0,336.0,Dense/Amorphous,C[N+](C)(C)CCCCCC[N+](C)(C)C
400.0,0.0,14.992504,250.0,0.0,0.0,0.5,0.0,5.0,0.25,175.0,336.0,Dense/Amorphous,C[N+](C)(C)CCCCCC[N+](C)(C)C
400.0,0.0,14.992503,213.34006,0.0,0.0,0.48468736,0.0,4.9781246,0.24890624,175.0,336.0,Dense/Amorphous,C[N+](C)(C)CCCCCC[N+](C)(C)C
400.0,0.0,14.992503,53.335022,0.0,0.0,0.43954304,0.0,4.913633,0.24568164,175.0,336.0,Dense/Amorphous,C[N+](C)(C)CCCCCC[N+](C)(C)C
400.0,0.0,14.992503,21.333994,0.0,0.0,0.3526749,0.0,4.7895355,0.23947677,175.0,336.0,Dense/Amorphous,C[N+](C)(C)CCCCCC[N+](C)(C)C
400.0,0.0,30.03003,250.0,0.0,0.0,0.5,0.0,5.0,0.25,175.0,336.0,Dense/Amorphous,C[N+](C)(C)CCCCCC[N+](C)(C)C
400.0,0.0,30.03003,206.65993,0.0,0.0,0.4836861,0.0,4.9766946,0.24883473,175.0,336.0,Dense/Amorphous,C[N+](C)(C)CCCCCC[N+](C)(C)C
400.0,0.0,30.03003,51.66498,0.0,0.0,0.43564454,0.0,4.908064,0.24540319,175.0,336.0,Dense/Amorphous,C[N+](C)(C)CCCCCC[N+](C)(C)C
400.0,0.0,30.03003,20.666002,0.0,0.0,0.34342977,0.0,4.776328,0.23881641,175.0,336.0,Dense/Amorphous,C[N+](C)(C)CCCCCC[N+](C)(C)C
400.0,0.0,2.0,250.0,0.0,0.0,0.5,0.0,13.3,0.25,175.0,336.0,Dense/Amorphous,C[N+](C)(C)CCCCCC[N+](C)(C)C
400.0,0.0,2.0,250.0,0.0,0.0,0.49223942,0.0,13.270511,0.24944568,175.0,336.0,Dense/Amorphous,C[N+](C)(C)CCCCCC[N+](C)(C)C
400.0,0.0,4.0,250.0,0.0,0.0,0.5,0.0,13.3,0.25,175.0,336.0,Dense/Amorphous,C[N+](C)(C)CCCCCC[N+](C)(C)C
400.0,0.0,4.0,250.0,0.0,0.0,0.48883575,0.0,13.257575,0.24920255,175.0,336.0,Dense/Amorphous,C[N+](C)(C)CCCCCC[N+](C)(C)C
400.0,0.0,4.0,62.500008,0.0,0.0,0.45576617,0.0,13.131911,0.24684043,175.0,336.0,Dense/Amorphous,C[N+](C)(C)CCCCCC[N+](C)(C)C
400.0,0.0,4.0,25.0,0.0,0.0,0.39147288,0.0,12.887597,0.24224806,175.0,336.0,Dense/Amorphous,C[N+](C)(C)CCCCCC[N+](C)(C)C
400.0,0.0,14.992503,250.0,0.0,0.0,0.5,0.0,13.3,0.25,175.0,336.0,Dense/Amorphous,C[N+](C)(C)CCCCCC[N+](C)(C)C
400.0,0.0,14.992503,213.34006,0.0,0.0,0.48468736,0.0,13.241813,0.24890624,175.0,336.0,Dense/Amorphous,C[N+](C)(C)CCCCCC[N+](C)(C)C
400.0,0.0,14.992503,53.335022,0.0,0.0,0.43954304,0.0,13.070263,0.24568164,175.0,336.0,Dense/Amorphous,C[N+](C)(C)CCCCCC[N+](C)(C)C
400.0,0.0,14.992503,21.333994,0.0,0.0,0.3526749,0.0,12.740165,0.23947677,175.0,336.0,Dense/Amorphous,C[N+](C)(C)CCCCCC[N+](C)(C)C
400.0,0.0,30.03003,250.0,0.0,0.0,0.5,0.0,13.3,0.25,175.0,336.0,Dense/Amorphous,C[N+](C)(C)CCCCCC[N+](C)(C)C
400.0,0.0,30.03003,206.65993,0.0,0.0,0.4836861,0.0,13.238007,0.24883473,175.0,336.0,Dense/Amorphous,C[N+](C)(C)CCCCCC[N+](C)(C)C
400.0,0.0,30.03003,51.66498,0.0,0.0,0.43564454,0.0,13.055449,0.24540319,175.0,336.0,Dense/Amorphous,C[N+](C)(C)CCCCCC[N+](C)(C)C
400.0,0.0,30.03003,20.666002,0.0,0.0,0.34342977,0.0,12.705033,0.23881641,175.0,336.0,Dense/Amorphous,C[N+](C)(C)CCCCCC[N+](C)(C)C
400.0,0.0,2.0,250.0,0.0,0.0,0.5,0.0,21.699997,0.25,175.0,336.0,Dense/Amorphous,C[N+](C)(C)CCCCCC[N+](C)(C)C
400.0,0.0,2.0,250.0,0.0,0.0,0.49223942,0.0,21.651886,0.24944568,175.0,336.0,Dense/Amorphous,C[N+](C)(C)CCCCCC[N+](C)(C)C
400.0,0.0,2.0,74.99985,0.0,0.0,0.469163,0.0,21.508812,0.24779737,175.0,336.0,Dense/Amorphous,C[N+](C)(C)CCCCCC[N+](C)(C)C
400.0,0.0,2.0,30.000065,0.0,0.0,0.42391303,0.0,21.228258,0.24456522,175.0,336.0,Dense/Amorphous,C[N+](C)(C)CCCCCC[N+](C)(C)C
400.0,0.0,4.0,250.0,0.0,0.0,0.5,0.0,21.699997,0.25,175.0,336.0,Dense/Amorphous,C[N+](C)(C)CCCCCC[N+](C)(C)C
400.0,0.0,4.0,250.0,0.0,0.0,0.48883575,0.0,21.630783,0.24920255,175.0,336.0,Dense/Amorphous,C[N+](C)(C)CCCCCC[N+](C)(C)C
400.0,0.0,4.0,62.500008,0.0,0.0,0.45576617,0.0,21.425749,0.24684043,175.0,336.0,Dense/Amorphous,C[N+](C)(C)CCCCCC[N+](C)(C)C
400.0,0.0,4.0,24.999987,0.0,0.0,0.39147288,0.0,21.02713,0.24224806,175.0,336.0,Dense/Amorphous,C[N+](C)(C)CCCCCC[N+](C)(C)C
400.0,0.0,14.992503,250.0,0.0,0.0,0.4999999,0.0,21.699997,0.25,175.0,336.0,Dense/Amorphous,C[N+](C)(C)CCCCCC[N+](C)(C)C
400.0,0.0,14.992504,213.34006,0.0,0.0,0.48468736,0.0,21.605062,0.24890624,175.0,336.0,Dense/Amorphous,C[N+](C)(C)CCCCCC[N+](C)(C)C
400.0,0.0,14.992504,53.335022,0.0,0.0,0.43954304,0.0,21.32517,0.24568164,175.0,336.0,Dense/Amorphous,C[N+](C)(C)CCCCCC[N+](C)(C)C
400.0,0.0,14.992504,21.333994,0.0,0.0,0.3526749,0.0,20.786583,0.23947677,175.0,336.0,Dense/Amorphous,C[N+](C)(C)CCCCCC[N+](C)(C)C
400.0,0.0,30.03003,250.0,0.0,0.0,0.5,0.0,21.699997,0.25,175.0,336.0,Dense/Amorphous,C[N+](C)(C)CCCCCC[N+](C)(C)C
400.0,0.0,30.03003,206.65993,0.0,0.0,0.4836861,0.0,21.598856,0.24883473,175.0,336.0,Dense/Amorphous,C[N+](C)(C)CCCCCC[N+](C)(C)C
400.0,0.0,30.03003,51.66498,0.0,0.0,0.43564454,0.0,21.300999,0.24540319,175.0,336.0,Dense/Amorphous,C[N+](C)(C)CCCCCC[N+](C)(C)C
400.0,0.0,30.03003,20.666002,0.0,0.0,0.34342977,0.0,20.729263,0.23881641,175.0,336.0,Dense/Amorphous,C[N+](C)(C)CCCCCC[N+](C)(C)C
400.0,0.0,2.0,250.0,0.0,0.0,0.49223942,0.0,29.93348,0.24944568,175.0,336.0,Dense/Amorphous,C[N+](C)(C)CCCCCC[N+](C)(C)C
400.0,0.0,2.0,74.99985,0.0,0.0,0.469163,0.0,29.735683,0.24779737,175.0,336.0,Dense/Amorphous,C[N+](C)(C)CCCCCC[N+](C)(C)C
400.0,0.0,2.0,30.000065,0.0,0.0,0.42391303,0.0,29.347828,0.24456522,175.0,336.0,Dense/Amorphous,C[N+](C)(C)CCCCCC[N+](C)(C)C
400.0,0.0,4.0,250.0,0.0,0.0,0.48883575,0.0,29.904306,0.24920255,175.0,336.0,Dense/Amorphous,C[N+](C)(C)CCCCCC[N+](C)(C)C
400.0,0.0,4.0,62.500008,0.0,0.0,0.45576617,0.0,29.620853,0.24684043,175.0,336.0,Dense/Amorphous,C[N+](C)(C)CCCCCC[N+](C)(C)C
400.0,0.0,4.0,24.999987,0.0,0.0,0.39147288,0.0,29.069769,0.24224806,175.0,336.0,Dense/Amorphous,C[N+](C)(C)CCCCCC[N+](C)(C)C
400.0,0.0,14.992503,213.34006,0.0,0.0,0.48468736,0.0,29.868748,0.24890624,175.0,336.0,Dense/Amorphous,C[N+](C)(C)CCCCCC[N+](C)(C)C
400.0,0.0,14.992503,53.335022,0.0,0.0,0.43954304,0.0,29.481796,0.24568164,175.0,336.0,Dense/Amorphous,C[N+](C)(C)CCCCCC[N+](C)(C)C
400.0,0.0,14.992504,21.333994,0.0,0.0,0.3526749,0.0,28.737211,0.23947677,175.0,336.0,Dense/Amorphous,C[N+](C)(C)CCCCCC[N+](C)(C)C
400.0,0.0,30.03003,250.0,0.0,0.0,0.5,0.0,30.0,0.25,175.0,336.0,Dense/Amorphous,C[N+](C)(C)CCCCCC[N+](C)(C)C
400.0,0.0,30.03003,206.65993,0.0,0.0,0.4836861,0.0,29.860167,0.24883473,175.0,336.0,Dense/Amorphous,C[N+](C)(C)CCCCCC[N+](C)(C)C
400.0,0.0,30.03003,51.66498,0.0,0.0,0.43564454,0.0,29.44838,0.24540319,175.0,336.0,Dense/Amorphous,C[N+](C)(C)CCCCCC[N+](C)(C)C
400.0,0.0,30.03003,20.666002,0.0,0.0,0.34342977,0.0,28.657967,0.23881641,175.0,336.0,Dense/Amorphous,C[N+](C)(C)CCCCCC[N+](C)(C)C
400.0,0.0,2.0,9.5238085,0.0,0.0,0.2710281,0.0,1.8691591,0.23364484,175.0,336.0,Dense/Amorphous,C[N+](C)(C)CCCCCC[N+](C)(C)C
13.333333,1.7179967,2.0,250.0,0.0,0.0,0.47619042,0.0,4.7619047,0.23809524,175.0,336.0,Dense/Amorphous,C[N+](C)(C)CCCCCC[N+](C)(C)C
400.0,0.0,14.925346,18.744139,0.0,0.0,0.0,0.0952381,2.857143,0.23809524,175.0,336.0,Dense/Amorphous,C[N+](C)(C)CCCCCC[N+](C)(C)C
18.744135,1.7179967,14.925346,250.0,0.0,0.0,0.0,0.0952381,2.857143,0.23809524,175.0,336.0,Dense/Amorphous,C[N+](C)(C)CCCCCC[N+](C)(C)C
400.0,0.0,99.0,250.0,0.0,0.0,0.0,0.10000002,3.0,0.25,175.0,336.0,Dense/Amorphous,C[N+](C)(C)CCCCCC[N+](C)(C)C
400.0,0.0,99.0,20.0,0.0,0.0,0.0,0.0952381,2.857143,0.23809524,175.0,336.0,Dense/Amorphous,C[N+](C)(C)CCCCCC[N+](C)(C)C
20.0,1.7179967,99.0,250.0,0.0,0.0,0.0,0.0952381,2.857143,0.23809524,175.0,336.0,Dense/Amorphous,C[N+](C)(C)CCCCCC[N+](C)(C)C
400.0,0.0,99.0,20.0,0.0,0.0,0.0,0.28571427,2.857143,0.23809524,175.0,336.0,Dense/Amorphous,C[N+](C)(C)CCCCCC[N+](C)(C)C
400.0,0.0,99.0,250.0,0.0,0.0,0.0,0.5,3.0,0.25,175.0,336.0,Dense/Amorphous,C[N+](C)(C)CCCCCC[N+](C)(C)C
400.0,0.0,99.0,19.999998,0.0,0.0,0.0,0.47619054,2.857143,0.23809524,175.0,336.0,Dense/Amorphous,C[N+](C)(C)CCCCCC[N+](C)(C)C
400.0,0.0,99.0,250.0,0.0,0.0,0.0,0.6400001,7.0,0.29,135.0,72.0,Dense/Amorphous,C[N+](C)(C)CCCCCC[N+](C)(C)C
400.0,0.0,99.0,250.0,0.0,0.0,0.0,0.6400001,7.9999995,0.29,135.0,72.0,Dense/Amorphous,C[N+](C)(C)CCCCCC[N+](C)(C)C
400.0,0.0,99.0,250.0,0.0,0.0,0.0,0.6400001,7.9999995,0.29,135.0,288.0,Dense/Amorphous,C[N+](C)(C)CCCCCC[N+](C)(C)C
400.0,0.0,99.0,250.0,0.0,0.0,0.0,0.6400001,9.0,0.29,135.0,72.0,Dense/Amorphous,C[N+](C)(C)CCCCCC[N+](C)(C)C
400.0,0.0,99.0,250.0,0.0,0.0,0.0,0.6400001,9.0,0.29,135.0,120.0,Dense/Amorphous,C[N+](C)(C)CCCCCC[N+](C)(C)C
400.0,0.0,99.0,250.0,0.0,0.0,0.0,0.6400001,9.0,0.29,135.0,192.0,Dense/Amorphous,C[N+](C)(C)CCCCCC[N+](C)(C)C
400.0,0.0,99.0,250.0,0.0,0.0,0.0,0.6400001,9.0,0.29,135.0,288.0,Dense/Amorphous,C[N+](C)(C)CCCCCC[N+](C)(C)C
400.0,0.0,99.0,250.0,0.0,0.0,0.0,0.6400001,10.0,0.29,135.0,72.0,Dense/Amorphous,C[N+](C)(C)CCCCCC[N+](C)(C)C
400.0,0.0,99.0,250.0,0.0,0.0,0.0,0.6400001,10.0,0.29,135.0,120.0,Dense/Amorphous,C[N+](C)(C)CCCCCC[N+](C)(C)C
400.0,0.0,99.0,250.0,0.0,0.0,0.0,0.6400001,10.0,0.29,135.0,192.0,Dense/Amorphous,C[N+](C)(C)CCCCCC[N+](C)(C)C
400.0,0.0,99.0,250.0,0.0,0.0,0.0,0.6400001,10.0,0.29,135.0,240.0,Dense/Amorphous,C[N+](C)(C)CCCCCC[N+](C)(C)C
400.0,0.0,99.0,250.0,0.0,0.0,0.0,0.6400001,12.0,0.29,135.0,72.0,Dense/Amorphous,C[N+](C)(C)CCCCCC[N+](C)(C)C
400.0,0.0,99.0,250.0,0.0,0.0,0.0,0.6400001,12.0,0.29,135.0,120.0,Dense/Amorphous,C[N+](C)(C)CCCCCC[N+](C)(C)C
400.0,0.0,99.0,250.0,0.0,0.0,0.0,0.6400001,12.0,0.29,135.0,192.0,Dense/Amorphous,C[N+](C)(C)CCCCCC[N+](C)(C)C
400.0,0.0,99.0,250.0,0.0,0.0,0.0,0.6400001,12.0,0.29,135.0,240.0,Dense/Amorphous,C[N+](C)(C)CCCCCC[N+](C)(C)C
400.0,0.0,99.0,250.0,0.0,0.0,0.0,0.6400001,12.0,0.29,135.0,288.0,Dense/Amorphous,C[N+](C)(C)CCCCCC[N+](C)(C)C
1.0,1.7179967,99.0,250.0,0.0,0.0,0.76,0.0,200.0,1.0,100.0,336.0,Dense/Amorphous,C[N+](C)(C)CCCCCC[N+](C)(C)C
1.0,1.7179967,99.0,250.0,0.75,0.0,0.76,0.0,200.0,1.0,100.0,672.0,Dense/Amorphous,C[N+](C)(C)CCCCCC[N+](C)(C)C
10.0,1.7179967,99.0,250.0,0.0,0.36931854,0.5545455,0.0,14.659091,0.09261364,210.0,1.0,Dense/Amorphous,C[N+](C)(C)CCCCCC[N+](C)(C)C
10.0,1.7179967,99.0,250.0,0.0,0.36931854,0.5545455,0.0,14.659091,0.09261364,210.0,2.0,Dense/Amorphous,C[N+](C)(C)CCCCCC[N+](C)(C)C
10.0,1.7179967,99.0,250.0,0.0,0.44318274,0.6284092,0.0,14.659091,0.09261364,210.0,0.16669996,Dense/Amorphous,C[N+](C)(C)CCCCCC[N+](C)(C)C
10.0,1.7179967,99.0,250.0,0.0,0.44318274,0.6284092,0.0,14.659091,0.09261364,210.0,0.5,Dense/Amorphous,C[N+](C)(C)CCCCCC[N+](C)(C)C
400.0,0.0,10.001101,250.0,0.0,0.0,0.0,0.0,5.0,0.25,175.0,168.0,Dense/Amorphous,C[N+](C)(C)CCCCCC[N+](C)(C)C
400.0,0.0,10.001101,250.0,0.0,0.0,0.0,0.0,5.0,0.25,175.0,432.0,Dense/Amorphous,C[N+](C)(C)CCCCCC[N+](C)(C)C
400.0,0.0,10.001101,250.0,0.0,0.0,0.0,0.0700001,5.0,0.25,175.0,168.0,Dense/Amorphous,C[N+](C)(C)CCCCCC[N+](C)(C)C
400.0,0.0,19.833351,250.0,0.0,0.0,0.0,0.0,5.0,0.25,175.0,168.0,Dense/Amorphous,C[N+](C)(C)CCCCCC[N+](C)(C)C
400.0,0.0,19.833351,250.0,0.0,0.0,0.0,0.0,5.0,0.25,175.0,432.0,Dense/Amorphous,C[N+](C)(C)CCCCCC[N+](C)(C)C
400.0,0.0,19.833351,250.0,0.0,0.0,0.0,0.0,5.0,0.25,175.0,96.0,Dense/Amorphous,C[N+](C)(C)CCCCCC[N+](C)(C)C
400.0,0.0,19.833351,250.0,0.0,0.0,0.0,0.0700001,5.0,0.25,175.0,168.0,Dense/Amorphous,C[N+](C)(C)CCCCCC[N+](C)(C)C
400.0,0.0,19.833351,250.0,0.0,0.0,0.0,0.0700001,5.0,0.25,175.0,168.0,Dense/Amorphous,C[N+](C)(C)CCCCCC[N+](C)(C)C
49.019627,1.7179967,49.99971,250.0,0.0,0.0,0.0,0.49019608,4.901961,0.24509804,150.0,0.0,Dense/Amorphous,C[N+](C)(C)CCCCCC[N+](C)(C)C
29.032227,1.7179967,29.999937,250.0,0.0,0.0,0.0,0.48387098,4.83871,0.24193548,150.0,0.0,Dense/Amorphous,C[N+](C)(C)CCCCCC[N+](C)(C)C
20.0,1.7179967,99.0,250.0,0.06349208,0.0,0.19047618,0.0,0.5714286,0.0952381,180.0,168.0,Dense/Amorphous,C[N+](C)(C)CCCCCC[N+](C)(C)C
50.0,1.7179967,20.0,250.0,0.0,0.0,0.0,0.0,4.6728973,0.23364484,180.0,72.0,Dense/Amorphous,C[N+](C)(C)CCCCCC[N+](C)(C)C
13.000003,1.7179967,20.0,250.0,0.0,0.0,0.0,0.49692833,4.4368606,0.22184302,180.0,336.0,Dense/Amorphous,C[N+](C)(C)CCCCCC[N+](C)(C)C
15.0,1.7179967,20.0,250.0,0.0,0.0,0.0,0.5014924,4.477612,0.22388057,180.0,336.0,Dense/Amorphous,C[N+](C)(C)CCCCCC[N+](C)(C)C
0.2,1.0,99.0,250.0,0.0,0.0,0.0,0.0,10.227273,0.11363635,160.0,44.0,Dense/Amorphous,C[N+](C)(C)CCCCCC[N+](C)(C)C
0.1000001,1.0,99.0,250.0,0.0,0.0,0.0,0.0,10.714286,0.119047605,130.0,24.0,Dense/Amorphous,C[N+](C)(C)CCCCCC[N+](C)(C)C
0.0,1.0,0.0,0.0,0.0,0.0,0.0,0.25,11.25,0.125,130.0,48.0,Dense/Amorphous,C[N+](C)(C)CCCCCC[N+](C)(C)C
0.1000001,1.0,99.0,250.0,0.0,0.0,0.0,0.23809524,10.714286,0.119047605,160.0,48.0,Dense/Amorphous,C[N+](C)(C)CCCCCC[N+](C)(C)C
0.3,1.0,99.0,250.0,0.0,0.0,0.0,0.21739125,9.782609,0.10869563,160.0,48.0,Dense/Amorphous,C[N+](C)(C)CCCCCC[N+](C)(C)C
0.3,1.0,99.0,250.0,0.0,0.0,0.0,0.21739125,9.782609,0.10869563,160.0,24.0,Dense/Amorphous,C[N+](C)(C)CCCCCC[N+](C)(C)C
0.3,1.0,99.0,250.0,0.0,0.0,0.0,0.21739125,9.782609,0.10869563,130.0,48.0,Dense/Amorphous,C[N+](C)(C)CCCCCC[N+](C)(C)C
0.40000027,1.0,99.0,250.0,0.0,0.0,0.0,0.20833321,9.375,0.10416661,160.0,48.0,Dense/Amorphous,C[N+](C)(C)CCCCCC[N+](C)(C)C
0.5,1.0,99.0,250.0,0.0,0.0,0.0,0.2,9.0,0.1,160.0,48.0,Dense/Amorphous,C[N+](C)(C)CCCCCC[N+](C)(C)C
0.1000001,1.0,99.0,250.0,0.0,0.0,0.0,0.23809524,10.714286,0.119047605,130.0,48.0,Dense/Amorphous,C[N+](C)(C)CCCCCC[N+](C)(C)C
0.2,1.0,99.0,250.0,0.0,0.0,0.0,0.22727273,10.227273,0.11363635,130.0,48.0,Dense/Amorphous,C[N+](C)(C)CCCCCC[N+](C)(C)C
400.0,0.0,6.1428595,250.0,0.0,0.0,0.5,0.0,55.0,0.25,175.0,144.0,Dense/Amorphous,C[N+](C)(C)CCCCCC[N+](C)(C)C
400.0,0.0,23.999954,250.0,0.0,0.0,0.0,0.5600002,7.0,0.28,135.0,144.0,Dense/Amorphous,C[N+](C)(C)CCCCCC[N+](C)(C)C
20.0,1.7179967,99.0,250.0,0.0,0.0,0.5714286,0.0,42.460316,0.2857143,180.0,720.0,Dense/Amorphous,C[N+](C)(C)CCCCCC[N+](C)(C)C
20.0,1.7179967,99.0,250.0,0.0,0.0,0.28571427,0.0,42.460316,0.14285715,180.0,3023.974,Dense/Amorphous,C[N+](C)(C)CCCCCC[N+](C)(C)C
20.0,1.7179967,99.0,250.0,0.0,0.0,0.6031747,0.0,42.460316,0.30158734,150.0,1775.9935,Dense/Amorphous,C[N+](C)(C)CCCCCC[N+](C)(C)C
20.0,1.7179967,99.0,250.0,0.0,0.0,0.5714286,0.0,42.460316,0.2857143,100.0,4368.189,Dense/Amorphous,C[N+](C)(C)CCCCCC[N+](C)(C)C
20.0,1.7179967,99.0,250.0,0.0,0.0,0.5714286,0.0,42.460316,0.2857143,180.0,720.0,Dense/Amorphous,C[N+](C)(C)CCCCCC[N+](C)(C)C
400.0,1.7179967,99.0,250.0,0.33296698,0.0,0.19978024,0.0,39.956047,0.09989012,160.0,336.0,Dense/Amorphous,C[N+](C)(C)CCCCCC[N+](C)(C)C
30.0,1.7179967,99.0,250.0,0.19354838,0.0,0.19354838,0.0,38.70968,0.09677419,160.0,336.0,Dense/Amorphous,C[N+](C)(C)CCCCCC[N+](C)(C)C
30.0,1.7179967,99.0,250.0,0.0,0.0,0.19354838,0.0,38.70968,0.09677419,160.0,168.0,Dense/Amorphous,C[N+](C)(C)CCCCCC[N+](C)(C)C
30.0,1.7179967,99.0,250.0,0.0,0.58064526,0.19354838,0.0,38.70968,0.09677419,160.0,168.0,Dense/Amorphous,C[N+](C)(C)CCCCCC[N+](C)(C)C
400.0,0.0,4.0,250.0,0.0,0.0,0.0,0.5,5.0,0.25,170.0,168.0,Dense/Amorphous,C[N+](C)(C)CCCCCC[N+](C)(C)C
400.0,0.0,99.0,250.0,1.0,0.0,0.0,1.0,33.0,0.0625,170.0,48.0,Dense/Amorphous,C[N+](C)(C)CCCCCC[N+](C)(C)C
400.0,0.0,99.0,250.0,1.0,0.0,0.0,1.0,33.0,0.0625,170.0,72.0,Dense/Amorphous,C[N+](C)(C)CCCCCC[N+](C)(C)C
400.0,0.0,99.0,250.0,1.0,0.0,0.0,1.0,33.0,0.0625,170.0,75.00001,Dense/Amorphous,C[N+](C)(C)CCCCCC[N+](C)(C)C
400.0,0.0,99.0,0.7518798,0.12875535,0.0,0.0,0.0,12.875537,0.042918473,175.0,168.0,Dense/Amorphous,C[N+](C)(C)CCCCCC[N+](C)(C)C
400.0,0.0,99.0,1.4992533,0.119976014,0.0,0.0,0.0,17.9964,0.17996399,175.0,168.0,Dense/Amorphous,C[N+](C)(C)CCCCCC[N+](C)(C)C
400.0,0.0,99.0,2.5000038,0.071428634,0.0,0.0,0.0,10.714286,0.07142857,175.0,360.0,Dense/Amorphous,C[N+](C)(C)CCCCCC[N+](C)(C)C
400.0,0.0,99.0,2.5000038,0.035714407,0.0,0.0,0.0,21.428572,0.14285715,175.0,168.0,Dense/Amorphous,C[N+](C)(C)CCCCCC[N+](C)(C)C
400.0,0.0,99.0,2.5000038,0.0,0.0,0.0,0.0,28.57143,0.1785714,175.0,168.0,Dense/Amorphous,C[N+](C)(C)CCCCCC[N+](C)(C)C
10.0,1.7179967,5.0,250.0,0.0,0.0,0.46153852,0.0,3.8461537,0.23076922,175.0,552.00037,Dense/Amorphous,C[N+](C)(C)CCCCCC[N+](C)(C)C
400.0,0.0,15.0,18.75,0.0,0.0,0.0,0.09523812,2.857143,0.23809524,175.0,120.0,Dense/Amorphous,C[N+](C)(C)CCCCCC[N+](C)(C)C
18.750002,1.7179967,15.0,250.0,0.0,0.0,0.0,0.09523812,2.857143,0.23809524,175.0,120.0,Dense/Amorphous,C[N+](C)(C)CCCCCC[N+](C)(C)C
400.0,0.0,99.0,250.0,0.0,0.0,0.0,0.10000002,3.0,0.25,175.0,120.0,Dense/Amorphous,C[N+](C)(C)CCCCCC[N+](C)(C)C
400.0,0.0,99.0,20.0,0.0,0.0,0.0,0.0952381,2.857143,0.23809524,175.0,120.0,Dense/Amorphous,C[N+](C)(C)CCCCCC[N+](C)(C)C
20.0,1.7179967,99.0,250.0,0.0,0.0,0.0,0.0952381,2.857143,0.23809524,175.0,120.0,Dense/Amorphous,C[N+](C)(C)CCCCCC[N+](C)(C)C
400.0,0.0,99.0,20.0,0.0,0.0,0.0,0.28571427,2.857143,0.23809524,175.0,120.0,Dense/Amorphous,C[N+](C)(C)CCCCCC[N+](C)(C)C
400.0,0.0,99.0,250.0,0.0,0.0,0.0,0.5,3.0,0.25,175.0,120.0,Dense/Amorphous,C[N+](C)(C)CCCCCC[N+](C)(C)C
400.0,0.0,99.0,19.999998,0.0,0.0,0.0,0.47619054,2.857143,0.23809524,175.0,120.0,Dense/Amorphous,C[N+](C)(C)CCCCCC[N+](C)(C)C
0.0,0.0,0.0,0.0,0.0,0.0,0.0,0.0,0.03264687,6.097583,150.0,168.0,MER,CC(C)(C)CC(C)(C)N
10.0,1.7179967,99.0,250.0,0.54545456,0.0,0.8181819,0.0,18.181818,0.27272728,180.0,240.0,MOR,C[N+]1(C)CCCCC1
0.0,1.0,0.0,0.0,0.0,0.0,0.0,0.0,20.0,0.1,150.0,44.0,AFN,C[N+](C)(C)C
400.0,0.0,2.0,74.99985,0.0,0.0,0.469163,0.0,4.9559474,0.24779737,175.0,336.0,ITT,C[N+](C)(C)CCCCCC[N+](C)(C)C
400.0,0.0,2.0,30.000065,0.0,0.0,0.42391303,0.0,4.8913045,0.24456522,175.0,336.0,ITT,C[N+](C)(C)CCCCCC[N+](C)(C)C
400.0,0.0,1.0,50.0,0.0,0.0,0.46534652,0.0,4.950495,0.24752475,175.0,336.0,ITT,C[N+](C)(C)CCCCCC[N+](C)(C)C
400.0,0.0,1.0,25.0,0.0,0.0,0.43137255,0.0,4.901961,0.24509804,175.0,336.0,ITT,C[N+](C)(C)CCCCCC[N+](C)(C)C
400.0,0.0,1.0,10.0,0.0,0.0,0.33333334,0.0,4.7619047,0.23809524,175.0,336.0,ITT,C[N+](C)(C)CCCCCC[N+](C)(C)C
400.0,0.0,1.0,7.1428466,0.0,0.0,0.2710281,0.0,4.6728973,0.23364484,175.0,336.0,ITT,C[N+](C)(C)CCCCCC[N+](C)(C)C
400.0,0.0,2.0,66.6667,0.0,0.0,0.46534652,0.0,1.9801981,0.24752475,175.0,336.0,ITT,C[N+](C)(C)CCCCCC[N+](C)(C)C
400.0,0.0,2.0,33.333363,0.0,0.0,0.43137255,0.0,1.9607843,0.24509804,175.0,336.0,ITT,C[N+](C)(C)CCCCCC[N+](C)(C)C
400.0,0.0,2.0,13.33334,0.0,0.0,0.33333343,0.0,1.9047617,0.23809524,175.0,336.0,ITT,C[N+](C)(C)CCCCCC[N+](C)(C)C
400.0,0.0,2.0,66.6667,0.0,0.0,0.46534652,0.0,4.950495,0.24752475,175.0,336.0,ITT,C[N+](C)(C)CCCCCC[N+](C)(C)C
400.0,0.0,2.0,33.333363,0.0,0.0,0.43137255,0.0,4.901961,0.24509804,175.0,336.0,ITT,C[N+](C)(C)CCCCCC[N+](C)(C)C
400.0,0.0,2.0,13.33334,0.0,0.0,0.33333343,0.0,4.7619047,0.23809524,175.0,336.0,ITT,C[N+](C)(C)CCCCCC[N+](C)(C)C
400.0,0.0,2.0,9.5238085,0.0,0.0,0.2710281,0.0,4.6728973,0.23364484,175.0,336.0,ITT,C[N+](C)(C)CCCCCC[N+](C)(C)C
66.66666,1.7179967,2.0,250.0,0.0,0.0,0.49504948,0.0,1.9801981,0.24752475,175.0,336.0,ITT,C[N+](C)(C)CCCCCC[N+](C)(C)C
33.333332,1.7179967,2.0,250.0,0.0,0.0,0.49019605,0.0,1.9607843,0.24509804,175.0,336.0,ITT,C[N+](C)(C)CCCCCC[N+](C)(C)C
13.333333,1.7179967,2.0,250.0,0.0,0.0,0.47619042,0.0,1.9047617,0.23809524,175.0,336.0,ITT,C[N+](C)(C)CCCCCC[N+](C)(C)C
66.66666,1.7179967,2.0,250.0,0.0,0.0,0.49504948,0.0,4.950495,0.24752475,175.0,336.0,ITT,C[N+](C)(C)CCCCCC[N+](C)(C)C
33.333332,1.7179967,2.0,250.0,0.0,0.0,0.49019605,0.0,4.901961,0.24509804,175.0,336.0,ITT,C[N+](C)(C)CCCCCC[N+](C)(C)C
13.333333,1.7179967,2.0,250.0,0.0,0.0,0.0,0.28571427,2.857143,0.23809524,175.0,336.0,ITT,C[N+](C)(C)CCCCCC[N+](C)(C)C
66.00007,1.7179967,2.0,250.0,0.0,0.0,0.0,0.29999983,3.0,0.25,175.0,504.0,ITT,C[N+](C)(C)CCCCCC[N+](C)(C)C
13.400001,1.7179967,2.030303,250.0,0.0,0.0,0.0,0.28571427,1.0952384,0.24761905,175.0,96.0,ITT,C[N+](C)(C)CCCCCC[N+](C)(C)C
13.333333,1.7179967,2.0,250.0,0.0,0.0,0.0,0.28571427,2.857143,0.23809524,175.0,120.0,ITT,C[N+](C)(C)CCCCCC[N+](C)(C)C
0.0,1.0,0.0,0.0,0.0,0.0,0.0,0.25,0.0,0.25,150.0,24.0,LTA,C1COCCN1
400.0,0.0,0.80000114,250.0,0.0,0.0,0.0,0.0,13.333333,6.097583,170.0,744.0002,Dense/Amorphous,CCN(CC)CCN
400.0,0.0,0.80000114,250.0,0.0,0.0,0.0,1.25,1.1111107,6.097583,170.0,48.0,Dense/Amorphous,CCN(CC)CCN
400.0,0.0,0.80000114,250.0,0.0,0.0,0.0,1.25,26.666666,6.097583,170.0,48.0,Dense/Amorphous,CCN(CC)CCN
400.0,0.0,6.0000005,250.0,0.0,0.0,0.0,0.4285717,1.714285,6.097583,170.0,48.0,Dense/Amorphous,CCN(CC)CCN
400.0,0.0,9.0,250.0,0.0,0.0,0.0,1.25,32.00001,6.097583,170.0,48.0,Dense/Amorphous,CCN(CC)CCN
0.0,0.0,0.0,0.0,0.0,0.0,0.0,0.0,200.0,0.0,170.0,96.0,CHA,C1CNCCNCCCNCCNC1
400.0,0.0,99.0,250.0,0.0,0.0,0.5,0.0,15.0,0.5,150.0,336.0,Dense/Amorphous,C[N+](C)(C)C1CCCCC1
400.0,0.0,99.0,10.0,0.0,0.0,0.45454544,0.0,13.636364,0.45454547,150.0,336.0,Dense/Amorphous,C[N+](C)(C)C1CCCCC1
400.0,0.0,99.0,5.000001,0.0,0.0,0.41666666,0.0,12.5,0.41666666,150.0,336.0,Dense/Amorphous,C[N+](C)(C)C1CCCCC1
400.0,0.0,99.0,3.333336,0.0,0.0,0.3846154,0.0,7.692309,0.38461542,150.0,336.0,Dense/Amorphous,C[N+](C)(C)C1CCCCC1
400.0,0.0,99.0,1.6666671,0.0,0.0,0.31249994,0.0,6.25,0.3125,150.0,336.0,Dense/Amorphous,C[N+](C)(C)C1CCCCC1
400.0,0.0,99.0,3.333336,0.0,0.0,0.3846154,0.0,15.384616,0.38461542,150.0,336.0,Dense/Amorphous,C[N+](C)(C)C1CCCCC1
400.0,0.0,99.0,1.6666671,0.0,0.0,0.31249994,0.0,12.5,0.3125,150.0,336.0,Dense/Amorphous,C[N+](C)(C)C1CCCCC1
400.0,0.0,99.0,3.333336,0.0,0.0,0.3846154,0.0,11.538461,0.38461542,150.0,72.0,Dense/Amorphous,C[N+](C)(C)C1CCCCC1
400.0,0.0,99.0,1.6666671,0.0,0.0,0.31249994,0.0,9.375,0.3125,150.0,72.0,Dense/Amorphous,C[N+](C)(C)C1CCCCC1
60.0,1.7179967,99.0,250.0,0.098360665,0.0,0.1967213,0.0,4.9180326,0.1967213,125.0,168.0,Dense/Amorphous,C[N+](C)(C)C1CCCCC1
400.0,0.0,99.0,250.0,0.0,0.0,0.3,0.0,50.0,0.15,150.0,192.0,MTW,C[N+]1(Cc2ccccc2)CCC(CCCCCC2CC[N+](C)(Cc3ccccc3)CC2)CC1
400.0,0.0,99.0,250.0,0.0,0.0,0.2,0.0,50.0,0.1,150.0,204.0,MTW,C[N+]1(Cc2ccccc2)CCC(CCCCCC2CC[N+](C)(Cc3ccccc3)CC2)CC1
400.0,0.0,99.0,250.0,0.0,0.0,0.2,0.0,50.0,0.1,150.0,312.0,MTW,C[N+]1(Cc2ccccc2)CCC(CCCCCC2CC[N+](C)(Cc3ccccc3)CC2)CC1
400.0,0.0,99.0,250.0,0.0,0.0,0.2,0.0,50.0,0.1,150.0,168.0,MTW,C[N+]1(Cc2ccccc2)CCC(CCCCCC2CC[N+](C)(Cc3ccccc3)CC2)CC1
400.0,0.0,99.0,250.0,0.0,0.0,0.1,0.0,50.0,0.049999997,150.0,144.0,MTW,C[N+]1(Cc2ccccc2)CCC(CCCCCC2CC[N+](C)(Cc3ccccc3)CC2)CC1
400.0,0.0,99.0,250.0,0.0,0.0,0.15,0.0,50.0,0.075,135.0,2136.0,MTW,C[N+]1(Cc2ccccc2)CCC(CCCCCC2CC[N+](C)(Cc3ccccc3)CC2)CC1
400.0,0.0,99.0,250.0,0.0,0.0,0.15,0.0,50.0,0.075,135.0,767.9998,MTW,C[N+]1(Cc2ccccc2)CCC(CCCCCC2CC[N+](C)(Cc3ccccc3)CC2)CC1
400.0,0.0,99.0,250.0,0.0,0.0,0.15,0.0,50.0,0.075,150.0,192.0,MTW,C[N+]1(Cc2ccccc2)CCC(CCCCCC2CC[N+](C)(Cc3ccccc3)CC2)CC1
400.0,0.0,99.0,250.0,0.0,0.0,0.15,0.0,50.0,0.075,150.0,480.0,MTW,C[N+]1(Cc2ccccc2)CCC(CCCCCC2CC[N+](C)(Cc3ccccc3)CC2)CC1
400.0,0.0,99.0,250.0,0.0,0.0,0.15,0.0,50.0,0.075,150.0,240.0,MTW,C[N+]1(Cc2ccccc2)CCC(CCCCCC2CC[N+](C)(Cc3ccccc3)CC2)CC1
400.0,0.0,99.0,250.0,0.0,0.0,0.075,0.0,50.0,0.0375,150.0,240.0,MTW,C[N+]1(Cc2ccccc2)CCC(CCCCCC2CC[N+](C)(Cc3ccccc3)CC2)CC1
400.0,0.0,99.0,250.0,0.0,0.0,0.1,0.0,50.0,0.05,135.0,936.0009,MTW,C[N+]1(Cc2ccccc2)CCC(CCCCCC2CC[N+](C)(Cc3ccccc3)CC2)CC1
400.0,0.0,99.0,250.0,0.0,0.0,0.1,0.0,50.0,0.05,135.0,4488.2173,MTW,C[N+]1(Cc2ccccc2)CCC(CCCCCC2CC[N+](C)(Cc3ccccc3)CC2)CC1
400.0,0.0,99.0,250.0,0.0,0.0,0.1,0.0,50.0,0.05,135.0,1104.0002,MTW,C[N+]1(Cc2ccccc2)CCC(CCCCCC2CC[N+](C)(Cc3ccccc3)CC2)CC1
400.0,0.0,99.0,250.0,0.0,0.0,0.1,0.0,50.0,0.05,150.0,384.0,MTW,C[N+]1(Cc2ccccc2)CCC(CCCCCC2CC[N+](C)(Cc3ccccc3)CC2)CC1
400.0,0.0,99.0,250.0,0.0,0.0,0.1,0.0,50.0,0.05,150.0,3528.0066,MTW,C[N+]1(Cc2ccccc2)CCC(CCCCCC2CC[N+](C)(Cc3ccccc3)CC2)CC1
400.0,0.0,99.0,250.0,0.0,0.0,0.1,0.0,50.0,0.05,150.0,480.0,MTW,C[N+]1(Cc2ccccc2)CCC(CCCCCC2CC[N+](C)(Cc3ccccc3)CC2)CC1
25.0,1.7179967,99.0,250.0,0.024038453,0.0,0.024038462,0.0,25.961538,0.48076922,180.0,72.0,MFI,OCC(CO)(CO)CO
0.044999942,1.0,99.0,250.0,0.0,0.0,0.0,0.2200489,146.69939,0.31784838,170.0,44.999996,GIS,CCCNCCC
0.044999942,1.0,99.0,250.0,0.0,0.0,0.0,0.2200489,146.69939,0.31784838,190.0,44.999996,GIS,CCCNCCC
0.044999942,1.0,99.0,250.0,0.0,0.0,0.0,0.2200489,146.69939,0.31784838,170.0,20.0,GIS,CCCNCCC
0.044999942,1.0,99.0,250.0,0.0,0.0,0.0,0.2200489,146.69939,0.31784838,170.0,40.0,GIS,CCCNCCC
0.044999942,1.0,99.0,250.0,0.0,0.0,0.0,0.2200489,146.69939,0.31784838,170.0,60.0,GIS,CCCNCCC
0.044999942,1.0,99.0,250.0,0.0,0.0,0.0,0.2200489,146.69939,0.31784838,170.0,79.99999,GIS,CCCNCCC
0.02000023,1.0,99.0,250.0,0.0,0.0,0.0,0.22277224,148.51479,0.3217822,170.0,60.0,GIS,CCCNCCC
0.03999982,1.0,99.0,250.0,0.0,0.0,0.0,0.22058828,147.05887,0.31862742,170.0,60.0,GIS,CCCNCCC
0.07999998,1.0,99.0,250.0,0.0,0.0,0.0,0.21634619,144.2307,0.3125,170.0,60.0,GIS,CCCNCCC
0.16000013,1.0,99.0,250.0,0.0,0.0,0.0,0.20833321,138.88882,0.30092585,170.0,60.0,GIS,CCCNCCC
0.03999982,1.0,99.0,250.0,0.0,0.0,0.0,0.22058828,147.05887,0.31862742,170.0,60.0,GIS,CCCNCCC
0.03999982,1.0,99.0,250.0,0.0,0.0,0.0,0.22058828,147.05887,0.31862742,170.0,60.0,GIS,CCCNCCC
0.03999982,1.0,99.0,250.0,0.0,0.0,0.0,0.22058828,147.05887,0.31862742,170.0,60.0,GIS,CCCNCCC
0.03999982,1.0,99.0,250.0,0.0,0.0,0.0,0.14705892,147.05887,0.31862742,170.0,60.0,GIS,CCCNCCC
0.03999982,1.0,99.0,250.0,0.0,0.0,0.0,0.24509804,147.05887,0.31862742,170.0,60.0,GIS,CCCNCCC
0.03999982,1.0,99.0,250.0,0.0,0.0,0.0,0.34313783,147.05887,0.31862742,170.0,60.0,GIS,CCCNCCC
0.03999982,1.0,99.0,250.0,0.0,0.0,0.0,0.44117653,147.05887,0.31862742,170.0,60.0,GIS,CCCNCCC
0.03999982,1.0,99.0,250.0,0.0,0.0,0.0,0.22058828,147.05887,0.29411766,170.0,60.0,GIS,CCCNCCC
0.03999982,1.0,99.0,250.0,0.0,0.0,0.0,0.22058828,147.05887,0.36764702,170.0,60.0,GIS,CCCNCCC
0.03999982,1.0,99.0,250.0,0.0,0.0,0.0,0.22058828,147.05887,0.4411765,170.0,60.0,GIS,CCCNCCC
0.03999982,1.0,99.0,250.0,0.0,0.0,0.0,0.22058828,147.05887,0.514706,170.0,60.0,GIS,CCCNCCC
0.0,0.85,0.0,0.0,0.0,0.0,0.0,0.0,13.513514,0.7027027,190.0,48.0,GIS,CCCNCCC
0.0,0.85,0.0,0.0,0.0,0.0,0.0,0.0,13.513514,0.54054046,150.0,221.99998,GIS,CCCNCCC
0.0,0.84999967,0.0,0.0,0.0,0.0,0.0,0.0,13.513514,0.6351351,150.0,240.0,GIS,CCCNCCC
0.0,1.7011478,0.0,0.0,0.0,0.0,0.0,0.0,23.617023,0.2893617,220.0,120.0,Dense/Amorphous,CCCN(CCC)CCC
0.0,0.91100013,0.0,0.0,0.0,0.0,0.0,0.0,10.465725,0.47095758,150.0,24.0,Dense/Amorphous,CCCN(CCC)CCC
0.0,0.91100013,0.0,0.0,0.0,0.0,0.0,0.0,10.465725,0.47095758,150.0,24.0,Dense/Amorphous,CCCN(CCC)CCC
0.0,0.91100013,0.0,0.0,0.0,0.0,0.0,0.0,10.465725,0.47095758,150.0,24.0,Dense/Amorphous,CCCN(CCC)CCC
400.0,0.0,99.0,250.0,0.6,0.0,0.0,0.0,60.0,0.1,150.0,316.15506,Dense/Amorphous,CCCN(CCC)CCC
0.0,0.0,0.0,0.0,0.0,0.0,0.0,0.0,200.0,0.0,200.0,24.0,Dense/Amorphous,CCCN(CCC)CCC
0.0,0.0,0.0,0.0,0.0,0.0,0.0,0.0,200.0,0.0,200.0,24.0,Dense/Amorphous,CCCN(CCC)CCC
0.0,0.59999996,0.0,0.0,0.0,0.0,0.0,0.0,62.499992,0.625,170.0,24.0,Dense/Amorphous,CCCN(CCC)CCC
0.0,0.9,0.0,0.0,0.0,0.0,0.0,0.0,52.63158,0.26315793,170.0,24.0,Dense/Amorphous,CCCN(CCC)CCC
0.0,0.8999999,0.0,0.0,0.0,0.0,0.0,0.0,131.57913,0.52631575,170.0,24.0,Dense/Amorphous,CCCN(CCC)CCC
0.0,1.7179967,0.0,0.0,0.0,0.0,0.0,0.0,14.084507,0.35211265,100.0,24.0,Dense/Amorphous,CCCN(CCC)CCC
0.0,1.7179967,0.0,0.0,0.0,0.0,0.0,0.0,14.084507,0.35211265,120.0,120.0,Dense/Amorphous,CCCN(CCC)CCC
0.0,1.7179967,0.0,0.0,0.0,0.0,0.0,0.0,14.084507,0.35211265,140.0,72.0,Dense/Amorphous,CCCN(CCC)CCC
0.0,1.0,0.0,0.0,0.0,0.0,0.0,0.0,10.0,0.625,100.0,24.0,Dense/Amorphous,CCCN(CCC)CCC
0.0,1.0,0.0,0.0,0.0,0.0,0.0,0.0,10.0,0.625,120.0,48.0,Dense/Amorphous,CCCN(CCC)CCC
0.0,1.0,0.0,0.0,0.0,0.0,0.0,0.0,10.0,0.625,120.0,120.0,Dense/Amorphous,CCCN(CCC)CCC
400.0,0.0,99.0,250.0,0.0,0.049999986,0.25,0.0,31.000006,0.2,150.0,504.0,AFI,C[N+]12CCCC[C@@H]1[C@H]1C[C@@H](C2)[C@@H]2CCCCN2C1
400.0,0.0,99.0,250.0,0.0,0.0,0.0,0.5,7.5,0.5,175.0,168.0,AFI,C[N+]12CCCC[C@@H]1[C@H]1C[C@@H](C2)[C@@H]2CCCCN2C1
400.0,0.0,99.0,250.0,0.1,0.0,0.0,0.0,39.600002,0.2,150.0,144.0,AFI,C[N+]12CCCC[C@@H]1[C@H]1C[C@@H](C2)[C@@H]2CCCCN2C1
400.0,0.0,99.0,20.0,0.071428634,0.0,0.3095238,0.0,47.61904,0.1904762,160.0,168.0,AFI,C[N+]12CCCC[C@@H]1[C@H]1C[C@@H](C2)[C@@H]2CCCCN2C1
0.0,0.0,0.0,0.0,0.0,0.0,0.0,0.0,200.0,0.0,175.0,25.999998,AFI,C[N+]12CCCC[C@@H]1[C@H]1C[C@@H](C2)[C@@H]2CCCCN2C1
400.0,0.0,99.0,250.0,0.0,0.0,0.0,0.0,6.25,0.0,175.0,240.0,AFI,C[N+]12CCCC[C@@H]1[C@H]1C[C@@H](C2)[C@@H]2CCCCN2C1
400.0,0.0,99.0,250.0,0.1,0.0,0.3,0.0,40.0,0.20000002,175.0,168.0,AFI,C[N+]12CCCC[C@@H]1[C@H]1C[C@@H](C2)[C@@H]2CCCCN2C1
400.0,0.0,99.0,100.0,0.049504947,0.0,0.26732677,0.0,39.603962,0.19801979,175.0,120.0,AFI,C[N+]12CCCC[C@@H]1[C@H]1C[C@@H](C2)[C@@H]2CCCCN2C1
400.0,0.0,99.0,25.0,0.09615385,0.0,0.2884615,0.0,38.461544,0.1923077,175.0,480.0,AFI,C[N+]12CCCC[C@@H]1[C@H]1C[C@@H](C2)[C@@H]2CCCCN2C1
400.0,0.0,99.0,24.999987,0.09615385,0.0,0.29,0.0,38.461544,0.1923077,175.0,48.0,AFI,C[N+]12CCCC[C@@H]1[C@H]1C[C@@H](C2)[C@@H]2CCCCN2C1
400.0,0.0,99.0,24.999987,0.09615385,0.0,0.29,0.0,38.461544,0.1923077,175.0,24.0,AFI,C[N+]12CCCC[C@@H]1[C@H]1C[C@@H](C2)[C@@H]2CCCCN2C1
400.0,0.0,99.0,250.0,0.1,0.0,0.2,0.0,50.0,0.2,175.0,240.0,AFI,C[N+]12CCCC[C@@H]1[C@H]1C[C@@H](C2)[C@@H]2CCCCN2C1
400.0,0.0,99.0,250.0,0.05,0.0,0.25,0.0,69.99999,0.2,175.0,240.0,AFI,C[N+]12CCCC[C@@H]1[C@H]1C[C@@H](C2)[C@@H]2CCCCN2C1
400.0,0.0,99.0,250.0,0.0,0.0,0.098765425,0.0,0.0,0.0,160.0,336.0,AFI,C[N+]12CCCC[C@@H]1[C@H]1C[C@@H](C2)[C@@H]2CCCCN2C1
0.0,0.0,0.0,0.0,0.0,0.0,0.0,0.5,3.0,0.5,175.0,120.0,AFI,C[N+]12CCCC[C@@H]1[C@H]1C[C@@H](C2)[C@@H]2CCCCN2C1
0.0,0.0,0.0,0.0,0.0,0.0,0.0,0.5,7.5,0.5,175.0,120.0,AFI,C[N+]12CCCC[C@@H]1[C@H]1C[C@@H](C2)[C@@H]2CCCCN2C1
400.0,0.0,99.0,250.0,0.0,0.0,0.0,0.5,7.5,0.5,175.0,72.0,AFI,C[N+]12CCCC[C@@H]1[C@H]1C[C@@H](C2)[C@@H]2CCCCN2C1
400.0,0.0,99.0,250.0,0.0,0.0,0.0,0.5,7.5,0.5,175.0,336.0,AFI,C[N+]12CCCC[C@@H]1[C@H]1C[C@@H](C2)[C@@H]2CCCCN2C1
400.0,0.0,99.0,250.0,0.0,0.0,0.0,0.5,7.5,0.5,150.0,1128.0004,AFI,C[N+]12CCCC[C@@H]1[C@H]1C[C@@H](C2)[C@@H]2CCCCN2C1
0.0,0.8,0.0,0.0,0.0,0.0,0.0,0.0,11.111111,0.2777778,200.0,2.833,ATS,CCCNCCC
0.0,0.8,0.0,0.0,0.0,0.0,0.0,0.0,11.111111,0.2777778,125.0,2.0,ATS,CCCNCCC
0.0,0.8,0.0,0.0,0.0,0.0,0.0,0.0,11.111111,0.2777778,170.0,460.41974,ATS,CCCNCCC
0.0,0.8,0.0,0.0,0.0,0.0,0.0,0.0,11.111111,0.2777778,170.0,99.72176,ATS,CCCNCCC
0.15,1.0,99.0,250.0,0.0,0.0,0.0,0.0,11.627906,0.2558139,200.0,48.0,AEL,CCCNCCC
0.0,1.0,0.0,0.0,0.0,0.0,0.0,0.0,12.5,0.27500007,200.0,48.0,AEL,CCCNCCC
0.0,1.0,0.0,0.0,0.0,0.0,0.0,0.0,12.5,0.3,200.0,48.0,AEL,CCCNCCC
0.0,1.0,0.0,0.0,0.0,0.0,0.0,0.0,12.5,0.3,200.0,48.0,AEL,CCCNCCC
0.0,1.0,0.0,0.0,0.0,0.0,0.0,0.0,12.5,0.3,200.0,48.0,AEL,CCCNCCC
0.0,1.0,0.0,0.0,0.0,0.0,0.0,0.0,12.5,0.3,200.0,48.0,AEL,CCCNCCC
0.0,1.0,0.0,0.0,0.0,0.0,0.0,0.0,12.5,0.3,200.0,48.0,AEL,CCCNCCC
0.0,1.7179967,0.0,0.0,0.0,0.0,0.0,0.0,9.893047,0.20855612,180.0,96.0,AEL,CCCNCCC
0.25,1.0,99.0,250.0,0.0,0.0,0.0,0.0,10.888889,0.22222222,120.0,4.0,AEL,CCCNCCC
0.0,0.8461537,0.0,0.0,0.0,0.0,0.0,0.0,10.416667,0.41666666,160.0,48.0,AEL,CCCNCCC
0.0,1.0,0.0,0.0,0.0,0.0,0.0,0.22500007,149.99994,0.32500005,170.0,60.0,AEL,CCCNCCC
0.005000025,1.0,99.0,250.0,0.0,0.0,0.0,0.2244389,149.62599,0.32418954,170.0,60.0,AEL,CCCNCCC
0.0,0.8,0.0,0.0,0.0,0.0,0.0,0.40000042,34.666664,0.52666664,145.0,18.0,AEL,CCCNCCC
0.1,1.0,99.0,250.0,0.0,0.0,0.0,0.0,0.0,0.0,123.27979,488.4052,AEL,CCCNCCC
0.0,1.0,0.0,0.0,0.0,0.0,0.0,0.0,0.0,0.0,0.0,0.0,AEL,CCCNCCC
0.0,1.0,0.0,0.0,0.0,0.0,0.0,0.0,9.302325,0.23255815,200.0,96.0,AEL,CCCNCCC
0.0,0.98,0.0,0.0,0.0,0.0,0.0,0.0,5.0,0.25,200.0,24.0,AEL,CCCNCCC
0.0,0.98,0.0,0.0,0.0,0.0,0.0,0.0,12.5,0.25,170.0,24.0,AEL,CCCNCCC
0.0,0.98,0.0,0.0,0.0,0.0,0.0,0.0,12.5,0.5,170.0,60.0,AEL,CCCNCCC
0.0,0.98,0.0,0.0,0.0,0.0,0.0,0.0,12.5,0.25,200.0,60.0,AEL,CCCNCCC
0.0,0.92,0.0,0.0,0.0,0.0,0.0,0.0,5.0,0.25,200.0,60.0,AEL,CCCNCCC
0.0,0.9200001,0.0,0.0,0.0,0.0,0.0,0.0,12.5,0.25,170.0,60.0,AEL,CCCNCCC
0.0,0.9200001,0.0,0.0,0.0,0.0,0.0,0.0,12.5,0.25,200.0,24.0,AEL,CCCNCCC
0.0,0.95000005,0.0,0.0,0.0,0.0,0.0,0.0,8.75,0.37499994,206.00006,42.0,AEL,CCCNCCC
0.0,0.95,0.0,0.0,0.0,0.0,0.0,0.0,14.0,0.375,185.0,42.0,AEL,CCCNCCC
0.0,0.95000005,0.0,0.0,0.0,0.0,0.0,0.0,8.75,0.37499994,185.0,42.0,AEL,CCCNCCC
0.0,0.95000005,0.0,0.0,0.0,0.0,0.0,0.0,8.75,0.37499994,185.0,42.0,AEL,CCCNCCC
0.0,0.95000005,0.0,0.0,0.0,0.0,0.0,0.0,8.75,0.37499994,185.0,42.0,AEL,CCCNCCC
0.0,0.0,0.0,0.0,0.0,0.0,0.0,0.0,200.0,0.0,0.0,0.0,AEL,CCCNCCC
0.04999994,1.0,99.0,250.0,0.0,0.0,0.0,0.0,9.756098,0.24390243,200.0,24.0,AEL,CCCNCCC
0.0,0.9615385,0.0,0.0,0.0,0.0,0.0,0.0,122.54908,0.4215687,190.0,10.0,AEL,CCCNCCC
0.0,0.9615385,0.0,0.0,0.0,0.0,0.0,0.0,122.54908,0.4215687,190.0,40.0,AEL,CCCNCCC
0.0,0.9615385,0.0,0.0,0.0,0.0,0.0,0.0,122.54908,0.4215687,190.0,60.0,AEL,CCCNCCC
0.0,0.9615385,0.0,0.0,0.0,0.0,0.0,0.0,122.54908,0.4215687,190.0,79.99999,AEL,CCCNCCC
0.0,0.9615385,0.0,0.0,0.0,0.0,0.0,0.0,122.54908,0.4215687,160.0,60.0,AEL,CCCNCCC
0.0,0.9615385,0.0,0.0,0.0,0.0,0.0,0.0,122.54908,0.4215687,170.0,60.0,AEL,CCCNCCC
0.0,0.9615385,0.0,0.0,0.0,0.0,0.0,0.0,122.54908,0.4215687,180.0,60.0,AEL,CCCNCCC
0.0,0.9615385,0.0,0.0,0.0,0.0,0.0,0.0,122.54908,0.4215687,190.0,60.0,AEL,CCCNCCC
0.0,0.9615385,0.0,0.0,0.0,0.0,0.0,0.0,122.54908,0.4215687,180.0,60.0,AEL,CCCNCCC
0.0,0.9615385,0.0,0.0,0.0,0.0,0.0,0.0,122.54908,0.4215687,180.0,60.0,AEL,CCCNCCC
0.0,0.9615385,0.0,0.0,0.0,0.0,0.0,0.0,122.54908,0.4215687,180.0,60.0,AEL,CCCNCCC
0.0,0.9615385,0.0,0.0,0.0,0.0,0.0,0.0,122.54908,0.4215687,180.0,60.0,AEL,CCCNCCC
0.0,0.9615385,0.0,0.0,0.0,0.0,0.0,0.0,122.54908,0.2696079,180.0,60.0,AEL,CCCNCCC
0.0,0.9615385,0.0,0.0,0.0,0.0,0.0,0.0,122.54908,0.38480392,180.0,60.0,AEL,CCCNCCC
0.0,0.9615385,0.0,0.0,0.0,0.0,0.0,0.0,122.54908,0.4656863,180.0,60.0,AEL,CCCNCCC
0.0,0.9615385,0.0,0.0,0.0,0.0,0.0,0.0,122.54908,0.5759803,180.0,60.0,AEL,CCCNCCC
0.0,0.9615385,0.0,0.0,0.0,0.0,0.0,0.09803924,122.54908,0.4656863,180.0,60.0,AEL,CCCNCCC
0.0,0.9615385,0.0,0.0,0.0,0.0,0.0,0.34313783,122.54908,0.4656863,180.0,60.0,AEL,CCCNCCC
0.0,0.9615385,0.0,0.0,0.0,0.0,0.0,0.39215708,122.54908,0.4656863,180.0,60.0,AEL,CCCNCCC
0.0,0.9615385,0.0,0.0,0.0,0.0,0.0,0.5098042,122.54908,0.4656863,180.0,60.0,AEL,CCCNCCC
0.0,0.9615385,0.0,0.0,0.0,0.0,0.0,0.0,122.54908,0.4656863,180.0,60.0,AEL,CCCNCCC
0.0,0.9615385,0.0,0.0,0.0,0.0,0.0,0.0,122.54908,0.4656863,180.0,60.0,AEL,CCCNCCC
0.0,0.9615385,0.0,0.0,0.0,0.0,0.0,0.0,122.54908,0.4656863,180.0,60.0,AEL,CCCNCCC
0.0,1.0,0.0,0.0,0.0,0.0,0.0,0.0,0.0,0.27500007,186.28464,420.66467,AEL,CCCNCCC
0.0,1.0,0.0,0.0,0.0,0.0,0.0,0.0,0.0,0.27500007,167.71774,326.41113,AEL,CCCNCCC
0.0,1.0,0.0,0.0,0.0,0.0,0.0,0.0,0.0,0.27500007,101.165344,643.495,AEL,CCCNCCC
0.0,1.0,0.0,0.0,0.0,0.0,0.0,0.0,125.00026,0.575,170.0,40.0,AEL,CCCNCCC
0.0,0.85,0.0,0.0,0.0,0.0,0.0,0.0,13.513514,1.081082,200.0,96.0,AEL,CCCNCCC
0.0,1.1904762,0.0,0.0,0.0,0.0,0.0,0.0,0.0,0.5434783,200.0,48.0,AEL,CCCNCCC
0.0,1.0,0.0,0.0,0.0,0.0,0.0,0.0,12.5,0.25,180.0,0.24999991,AEL,CCCNCCC
0.2,1.0,99.0,250.0,0.0,0.0,0.0,0.0,0.0,0.11363635,190.0,24.0,AEL,CCCNCCC
0.15,1.0,99.0,250.0,0.0,0.0,0.0,0.0,11.627906,0.23255815,200.0,24.0,AEL,CCCNCCC
0.2,1.0,99.0,250.0,0.0,0.0,0.0,0.0,0.0,0.11363635,175.0,24.0,AEL,CCCNCCC
0.3300001,1.0,99.0,250.0,0.0,0.0,0.0,0.0,8.58369,0.3218884,200.0,24.0,AEL,CCCNCCC
0.3,1.0,99.0,250.0,0.0,0.0,0.0,0.0,10.869565,0.21739131,200.0,24.0,AEL,CCCNCCC
0.1,1.0,99.0,250.0,0.0,0.0,0.0,0.0,11.904761,0.30952382,200.0,24.0,AEL,CCCNCCC
0.2,1.0,99.0,250.0,0.0,0.0,0.0,0.0,11.363636,0.29545456,200.0,24.0,AEL,CCCNCCC
0.3,1.0,99.0,250.0,0.0,0.0,0.0,0.0,10.869565,0.28260875,200.0,24.0,AEL,CCCNCCC
0.40000027,1.0,99.0,250.0,0.0,0.0,0.0,0.0,10.416667,0.2708333,200.0,24.0,AEL,CCCNCCC
0.15,1.0,99.0,250.0,0.0,0.0,0.0,0.0,11.627906,0.46511632,200.0,24.0,AEL,CCCNCCC
0.04999994,0.8,99.0,250.0,0.0,0.0,0.0,0.0,18.478266,0.43478262,160.0,18.0,AEL,CCCNCCC
0.0,1.0,0.0,0.0,0.0,0.0,0.0,0.0,12.5,0.25,200.0,24.0,AEL,CCCNCCC
0.15,1.0,99.0,250.0,0.0,0.0,0.0,0.0,11.627906,0.23255815,200.0,24.0,AEL,CCCNCCC
0.2,1.0,99.0,250.0,0.0,0.0,0.0,0.0,6.3636365,0.22727273,190.0,24.0,AEL,CCCNCCC
0.2,1.0,99.0,250.0,0.0,0.0,0.0,0.22727273,6.3636365,0.22727273,190.0,18.0,AEL,CCCNCCC
0.15,1.0,99.0,250.0,0.0,0.0,0.0,0.0,11.627906,0.23255815,200.0,4.0,AEL,CCCNCCC
0.05,1.0,99.0,250.0,0.0,0.0,0.0,0.0,7.317072,0.12195119,225.2145,545.52814,AEL,CCCNCCC
0.1000001,1.0,99.0,250.0,0.0,0.0,0.0,0.0,7.1428585,0.119047605,175.81172,13.409991,AEL,CCCNCCC
0.19999999,1.0,99.0,250.0,0.0,0.0,0.0,0.0,6.818182,0.11363635,163.83453,316.26468,AEL,CCCNCCC
0.40000027,1.0,99.0,250.0,0.0,0.0,0.0,0.0,6.25,0.10416661,0.0,0.0,AEL,CCCNCCC
0.054666538,1.7179967,99.0,250.0,0.0,0.0,0.0,0.0,9.872966,0.33542675,185.0,24.0,AEL,CCCNCCC
0.2,1.0,99.0,250.0,0.0,0.0,0.0,0.0,11.363636,0.34090906,200.0,24.0,AEL,CCCNCCC
0.19999999,1.0,99.0,250.0,0.0,0.0,0.0,0.0,11.363636,0.25,200.0,24.0,AEL,CCCNCCC
0.19999999,1.0,99.0,250.0,0.0,0.0,0.0,0.0,11.363636,0.25,200.0,24.0,AEL,CCCNCCC
0.0,0.96,0.0,0.0,0.0,0.0,0.0,0.0,40.81633,0.5102041,160.0,40.0,AEL,CCCNCCC
0.1,1.0,99.0,250.0,0.0,0.0,0.0,0.0,22.023808,0.14285715,190.0,24.0,AEL,CCCNCCC
0.19999999,1.0,99.0,250.0,0.0,0.0,0.0,0.0,21.02273,0.13636366,190.0,24.0,AEL,CCCNCCC
0.3,1.0,99.0,250.0,0.0,0.0,0.0,0.0,20.108696,0.13043477,190.0,24.0,AEL,CCCNCCC
0.15,1.0,99.0,250.0,0.0,0.0,0.0,0.0,10.4651165,0.27906978,200.0,24.0,AEL,CCCNCCC
0.12000016,1.249999,99.0,250.0,0.0,0.0,0.0,0.0,0.62500024,0.41666666,200.0,13.000001,AEL,CCCNCCC
0.25000003,0.8,99.0,250.0,0.0,0.0,0.0,0.0,16.666666,0.33333334,180.0,48.0,AEL,CCCNCCC
0.15,1.0,99.0,250.0,0.0,0.0,0.0,0.0,11.627906,0.23255815,200.0,24.0,AEL,CCCNCCC
0.25,1.0,99.0,250.0,0.0,0.0,0.0,0.0,7.7777786,0.22222222,194.99991,24.0,AEL,CCCNCCC
0.25000003,1.0,99.0,250.0,0.0,0.0,0.0,0.0,7.7777786,0.22222222,194.99991,24.0,AEL,CCCNCCC
0.19999999,1.0,99.0,250.0,0.0,0.0,0.0,0.0,1.3636364,0.43181813,200.0,24.0,AEL,CCCNCCC
0.19999999,1.0,99.0,250.0,0.0,0.0,0.0,0.0,1.3636364,0.43181813,200.0,24.0,AEL,CCCNCCC
0.2,1.0,99.0,250.0,0.0,0.0,0.0,0.0,1.3636364,0.43181813,200.0,24.0,AEL,CCCNCCC
0.19999999,1.0,99.0,250.0,0.0,0.0,0.0,0.0,1.3636364,0.43181813,200.0,24.0,AEL,CCCNCCC
0.2,1.0,99.0,250.0,0.0,0.0,0.0,0.0,1.3636364,0.43181813,200.0,24.0,AEL,CCCNCCC
0.15,1.0,99.0,250.0,0.0,0.0,0.0,0.0,27.906975,0.27906978,185.0,48.0,AEL,CCCNCCC
0.15,1.0526313,99.0,250.0,0.0,0.0,0.0,0.0,9.523809,0.2857143,185.0,24.0,AEL,CCCNCCC
0.15,1.0526313,99.0,250.0,0.0,0.0,0.0,0.0,9.523809,0.2857143,185.0,24.0,AEL,CCCNCCC
0.15,1.0526313,99.0,250.0,0.0,0.0,0.0,0.0,9.523809,0.2857143,185.0,24.0,AEL,CCCNCCC
0.15,1.0526313,99.0,250.0,0.0,0.0,0.0,0.0,9.523809,0.2857143,185.0,24.0,AEL,CCCNCCC
0.1000001,1.0,99.0,250.0,0.0,0.0,0.0,0.0,11.904761,0.2857143,185.0,48.0,AEL,CCCNCCC
0.2,1.0,99.0,250.0,0.0,0.0,0.0,0.0,20.454544,0.25,124.58675,244.15604,AEL,CCCNCCC
0.2,1.0,99.0,250.0,0.0,0.0,0.0,0.0,20.454544,0.25,119.35877,344.49835,AEL,CCCNCCC
0.2,1.0,99.0,250.0,0.0,0.0,0.0,0.0,20.454544,0.25,0.0,0.0,AEL,CCCNCCC
0.1,0.5555556,99.0,250.0,0.0,0.0,0.0,0.0,0.0,0.86206883,200.0,144.0,AEL,CCCNCCC
0.2,0.5555556,99.0,250.0,0.0,0.0,0.0,0.0,0.0,0.8333334,200.0,144.0,AEL,CCCNCCC
0.1,1.0,99.0,250.0,0.0,0.0,0.0,0.0,13.095238,0.297619,200.0,48.0,AEL,CCCNCCC
0.20000005,1.0,99.0,250.0,0.0,0.0,0.0,0.0,6.818182,0.18181819,200.0,24.0,AEL,CCCNCCC
0.15,1.0,99.0,250.0,0.0,0.0,0.0,0.0,18.604649,0.27906978,194.99991,48.0,AEL,CCCNCCC
0.15,1.0,99.0,250.0,0.0,0.0,0.0,0.0,10.4651165,0.27906978,200.0,48.0,AEL,CCCNCCC
0.04999994,1.0,99.0,250.0,0.0,0.0,0.0,0.0,12.195124,0.29268295,200.0,24.0,AEL,CCCNCCC
0.0,1.0,0.0,0.0,0.0,0.0,0.0,0.0,21.249998,0.5,180.0,83.99999,AEL,CCCNCCC
0.005000025,1.0,99.0,250.0,0.0,0.0,0.0,0.39900264,99.750626,0.4488779,190.0,40.0,AEL,CCCNCCC
0.02000023,1.0,99.0,250.0,0.0,0.0,0.0,0.39603943,99.00985,0.44554454,190.0,40.0,AEL,CCCNCCC
0.06000005,1.0,99.0,250.0,0.0,0.0,0.0,0.38834938,97.08732,0.43689317,190.0,40.0,AEL,CCCNCCC
0.2,1.0,99.0,250.0,0.0,0.0,0.0,0.0,20.454544,0.25,160.0,2.0,AEL,CCCNCCC
0.2,1.0,99.0,250.0,0.0,0.0,0.0,0.0,0.0,0.25,160.0,2.0,AEL,CCCNCCC
0.0,1.0,0.0,0.0,0.0,0.0,0.0,0.0,13.73494,0.21686748,300.0001,24.0,AEL,CCCNCCC
0.0,1.0,0.0,0.0,0.0,0.0,0.0,0.0,13.83495,0.21844658,300.0001,24.0,AEL,CCCNCCC
0.0,1.0,0.0,0.0,0.0,0.0,0.0,0.0,10.0,0.25,200.0,1.3299999,AEL,CCCNCCC
0.0,1.0,0.0,0.0,0.0,0.0,0.0,0.0,10.0,0.25,200.0,1.6670008,AEL,CCCNCCC
0.23255807,0.8599995,99.0,250.0,0.0,0.0,0.0,0.0,13.349514,0.26699027,170.09526,585.86646,AEL,CCCNCCC
0.2,1.0,99.0,250.0,0.0,0.0,0.0,0.0,9.090909,0.22727273,200.0,48.0,AEL,CCCNCCC
0.2,1.0,99.0,250.0,0.0,0.0,0.0,0.0,11.363636,0.22727273,180.0,24.0,AEL,CCCNCCC
0.1,1.0,99.0,250.0,0.0,0.0,0.0,0.0,11.904761,0.23809524,200.0,24.0,AEL,CCCNCCC
0.3,1.0,99.0,250.0,0.0,0.0,0.0,0.0,10.869565,0.21739131,200.0,24.0,AEL,CCCNCCC
0.1,0.5555556,99.0,250.0,0.0,0.0,0.0,0.0,0.0,0.86206883,200.0,144.0,AEL,CCCNCCC
0.3,0.5555556,99.0,250.0,0.0,0.0,0.0,0.0,0.0,0.8064521,200.0,144.0,AEL,CCCNCCC
0.3,0.5555556,99.0,250.0,0.0,0.0,0.0,0.0,0.0,0.32258064,200.0,144.0,AEL,CCCNCCC
0.3,0.5555556,99.0,250.0,0.0,0.0,0.0,0.0,0.0,0.8064521,200.0,144.0,AEL,CCCNCCC
0.05,1.7179967,99.0,250.0,0.0,0.0,0.0,0.0,23.809525,0.47619042,200.0,3.0,AEL,CCCNCCC
0.04999994,1.7179967,99.0,250.0,0.0,0.0,0.0,0.0,0.0,0.47619048,200.0,5.0,AEL,CCCNCCC
0.3,1.0,99.0,250.0,0.0,0.0,0.0,0.0,10.869565,0.26086962,200.0,48.0,AEL,CCCNCCC
0.3,1.0,99.0,250.0,0.0,0.0,0.0,0.0,10.869565,0.26086962,200.0,96.0,AEL,CCCNCCC
0.3,1.0,99.0,250.0,0.0,0.0,0.0,0.0,10.869565,0.26086962,200.0,96.0,AEL,CCCNCCC
0.3,1.0,99.0,250.0,0.0,0.0,0.0,0.0,10.869565,0.26086962,200.0,96.0,AEL,CCCNCCC
0.3,1.0,99.0,250.0,0.0,0.0,0.0,0.0,10.869565,0.26086962,200.0,96.0,AEL,CCCNCCC
0.3,1.0,99.0,250.0,0.0,0.0,0.0,0.0,10.869565,0.26086962,200.0,96.0,AEL,CCCNCCC
0.3,1.0,99.0,250.0,0.0,0.0,0.0,0.0,10.869565,0.26086962,200.0,96.0,AEL,CCCNCCC
0.3,1.0,99.0,250.0,0.0,0.0,0.0,0.0,10.869565,0.26086962,200.0,96.0,AEL,CCCNCCC
0.3,1.0,99.0,250.0,0.0,0.0,0.0,0.0,10.869565,0.26086962,200.0,96.0,AEL,CCCNCCC
0.1,1.0,99.0,250.0,0.0,0.0,0.0,0.0,9.523809,0.23809524,180.0,48.0,AEL,CCCNCCC
0.3,1.0,99.0,250.0,0.0,0.0,0.0,0.0,8.695652,0.2173913,180.0,3.0,AEL,CCCNCCC
0.3,1.0,99.0,250.0,0.0,0.0,0.0,0.0,8.695652,0.2173913,180.0,48.0,AEL,CCCNCCC
0.40000027,1.0,99.0,250.0,0.0,0.0,0.0,0.0,8.333333,0.20833336,180.0,48.0,AEL,CCCNCCC
0.3,1.0,99.0,250.0,0.0,0.0,0.0,0.0,8.695652,0.2173913,180.0,3.0,AEL,CCCNCCC
0.40000027,1.0,99.0,250.0,0.0,0.0,0.0,0.0,8.333333,0.20833336,180.0,3.0,AEL,CCCNCCC
0.0,1.0,0.0,0.0,0.0,0.0,0.0,0.0,47.500004,0.25,160.0,24.0,AEL,CCCNCCC
0.0,0.8999999,0.0,0.0,0.0,0.0,0.0,0.0,10.526316,0.26315793,150.0,72.0,AEL,CCCNCCC
0.0,0.0,0.0,0.0,0.0,0.0,0.0,0.0,200.0,0.0,159.92497,769.4889,AEL,CCCNCCC
0.0,1.0,0.0,0.0,0.0,0.0,0.0,0.0,10.0,0.25,180.0,48.0,AEL,CCCNCCC
0.0,1.0,0.0,0.0,0.0,0.0,0.0,0.0,10.0,0.375,180.0,48.0,AEL,CCCNCCC
0.1,1.0,99.0,250.0,0.0,0.0,0.0,0.0,9.523809,0.23809524,180.0,48.0,AEL,CCCNCCC
0.1,1.0,99.0,250.0,0.0,0.0,0.0,0.0,9.523809,0.3571429,180.0,48.0,AEL,CCCNCCC
0.0,1.0,0.0,0.0,0.0,0.0,0.0,0.0,10.0,0.25,180.0,48.0,AEL,CCCNCCC
0.1,1.0,99.0,250.0,0.0,0.0,0.0,0.0,9.523809,0.23809524,180.0,48.0,AEL,CCCNCCC
0.1,1.0,99.0,250.0,0.0,0.0,0.0,0.0,9.523809,0.3571429,180.0,48.0,AEL,CCCNCCC
0.1,1.0,99.0,250.0,0.0,0.0,0.0,0.0,9.523809,0.47619048,180.0,48.0,AEL,CCCNCCC
0.0,1.0,0.0,0.0,0.0,0.0,0.0,0.0,10.0,0.25,200.0,24.0,AEL,CCCNCCC
0.2,1.0,99.0,250.0,0.0,0.0,0.0,0.0,11.363636,0.22727273,200.0,24.0,AEL,CCCNCCC
0.0,1.0,0.0,0.0,0.0,0.0,0.0,0.0,12.5,0.25,200.0,40.0,AEL,CCCNCCC
0.0,1.0,0.0,0.0,0.0,0.0,0.0,0.0,12.5,0.25,200.0,40.0,AEL,CCCNCCC
0.0,1.0,0.0,0.0,0.0,0.0,0.0,0.0,12.5,0.25,200.0,40.0,AEL,CCCNCCC
0.0,1.0,0.0,0.0,0.0,0.0,0.0,0.0,12.5,0.25,200.0,40.0,AEL,CCCNCCC
0.0,1.0,0.0,0.0,0.0,0.0,0.0,0.0,12.345678,0.24691358,200.0,40.0,AEL,CCCNCCC
0.0,1.0,0.0,0.0,0.0,0.0,0.0,0.0,25.0,0.375,190.0,0.016670054,AEL,CCCNCCC
0.0,1.0,0.0,0.0,0.0,0.0,0.0,0.0,25.0,0.375,190.0,0.03330006,AEL,CCCNCCC
0.0,1.0,0.0,0.0,0.0,0.0,0.0,0.0,25.0,0.375,190.0,0.08333005,AEL,CCCNCCC
0.0,1.0,0.0,0.0,0.0,0.0,0.0,0.0,25.0,0.375,190.0,0.16669996,AEL,CCCNCCC
0.0,1.0,0.0,0.0,0.0,0.0,0.0,0.0,25.0,0.375,190.0,6.0,AEL,CCCNCCC
0.0,1.0,0.0,0.0,0.0,0.0,0.0,0.0,25.0,0.375,190.0,12.0,AEL,CCCNCCC
0.0,1.0,0.0,0.0,0.0,0.0,0.0,0.0,25.0,0.375,190.0,24.0,AEL,CCCNCCC
0.0,1.0,0.0,0.0,0.0,0.0,0.0,0.0,25.0,0.375,190.0,48.0,AEL,CCCNCCC
0.0,1.0,0.0,0.0,0.0,0.0,0.0,0.0,20.0,0.25,200.0,120.0,AEL,CCCNCCC
0.0,1.0,0.0,0.0,0.0,0.0,0.0,0.0,20.0,0.25,200.0,120.0,AEL,CCCNCCC
0.0,1.0,0.0,0.0,0.0,0.0,0.0,0.0,20.0,0.25,200.0,120.0,AEL,CCCNCCC
0.0,1.0,0.0,0.0,0.0,0.0,0.0,0.25,20.0,0.25,200.0,120.0,AEL,CCCNCCC
0.0,1.0,0.0,0.0,0.0,0.0,0.0,0.25,20.0,0.25,200.0,120.0,AEL,CCCNCCC
0.0,1.0,0.0,0.0,0.0,0.0,0.0,0.24999999,20.0,0.25,200.0,120.0,AEL,CCCNCCC
0.0,1.0,0.0,0.0,0.0,0.0,0.0,0.0,20.0,0.25,200.0,120.0,AEL,CCCNCCC
0.0,1.0,0.0,0.0,0.0,0.0,0.0,0.0,20.0,0.25,200.0,120.0,AEL,CCCNCCC
0.0,1.0,0.0,0.0,0.0,0.0,0.0,0.0,20.0,0.25,200.0,120.0,AEL,CCCNCCC
0.0,1.0,0.0,0.0,0.0,0.0,0.0,0.25,20.0,0.25,200.0,120.0,AEL,CCCNCCC
0.0,1.0,0.0,0.0,0.0,0.0,0.0,0.25,20.0,0.25,200.0,120.0,AEL,CCCNCCC
0.0,1.0,0.0,0.0,0.0,0.0,0.0,0.24999999,20.0,0.25,200.0,120.0,AEL,CCCNCCC
0.0,1.0,0.0,0.0,0.0,0.0,0.0,0.0,19.851116,0.24813896,200.0,120.0,AEL,CCCNCCC
0.0,1.0,0.0,0.0,0.0,0.0,0.0,0.0,19.704432,0.24630544,200.0,120.0,AEL,CCCNCCC
0.0,1.0,0.0,0.0,0.0,0.0,0.0,0.0,19.559902,0.24449877,200.0,120.0,AEL,CCCNCCC
0.0,1.0,0.0,0.0,0.0,0.0,0.0,0.24813884,19.851116,0.24813896,200.0,120.0,AEL,CCCNCCC
0.0,1.0,0.0,0.0,0.0,0.0,0.0,0.24630548,19.704432,0.24630544,200.0,120.0,AEL,CCCNCCC
0.0,1.0,0.0,0.0,0.0,0.0,0.0,0.24449879,19.559902,0.24449877,200.0,120.0,AEL,CCCNCCC
0.0,1.0,0.0,0.0,0.0,0.0,0.0,0.0,10.0,0.375,150.0,40.0,AEL,CCCNCCC
0.0,1.0,0.0,0.0,0.0,0.0,0.0,0.0,10.0,0.5,150.0,40.0,AEL,CCCNCCC
0.0,1.0,0.0,0.0,0.0,0.0,0.0,0.0,10.0,0.25,200.0,356.04608,AEL,CCCNCCC
0.0,0.95,0.0,0.0,0.0,0.0,0.0,0.0,25.641026,0.9230769,200.0,72.0,AEL,CCCNCCC
0.0,0.95,0.0,0.0,0.0,0.0,0.0,0.0,76.92303,0.9230769,200.0,216.0,AEL,CCCNCCC
0.0,0.95,0.0,0.0,0.0,0.0,0.0,0.0,76.92303,1.1282046,200.0,72.0,AEL,CCCNCCC
0.0,0.85,0.0,0.0,0.0,0.0,0.0,0.0,27.027021,0.97297263,200.0,216.0,AEL,CCCNCCC
0.0,0.85,0.0,0.0,0.0,0.0,0.0,0.0,81.08111,0.97297263,200.0,72.0,AEL,CCCNCCC
0.0,0.9,0.0,0.0,0.0,0.0,0.0,0.0,52.63158,1.0526309,200.0,144.0,AEL,CCCNCCC
0.0,0.9,0.0,0.0,0.0,0.0,0.0,0.0,52.63158,0.52631575,170.0,24.0,AEL,CCCNCCC
0.0,1.0,0.0,0.0,0.0,0.0,0.0,0.0,10.0,0.25,170.0,319.01962,AEL,CCCNCCC
0.0,0.8,0.0,0.0,0.0,0.0,0.0,0.0,11.111111,0.2777778,170.0,621.0905,AEL,CCCNCCC
0.0,0.0,0.0,0.0,0.0,0.0,0.0,0.0,200.0,0.0,107.05409,168.97476,AEL,CCCNCCC
0.0,1.0,0.0,0.0,0.0,0.0,0.0,0.0,9.756098,0.24390243,200.0,192.0,AEL,CCCNCCC
0.0,0.8399997,0.0,0.0,0.08967393,0.0,0.0,0.0,10.869565,0.29891303,200.0,24.0,AEL,CCCNCCC
0.0,0.8846154,0.0,0.0,0.0433673,0.0,0.0,0.0,10.204082,0.255102,200.0,24.0,AEL,CCCNCCC
0.0,0.5555556,0.0,0.0,0.0,0.0,0.0,0.0,0.0,0.89285725,180.0,360.0,AEL,CCCNCCC
0.0,1.3333334,0.0,0.0,0.0,0.0,0.0,0.0,9.523809,0.7142858,200.0,48.0,AEL,CCCNCCC
0.2,1.0,99.0,250.0,0.0,0.0,0.0,0.0,0.0,0.22727273,200.0,3.0,AEL,CCCNCCC
0.2,1.0,99.0,250.0,0.0,0.0,0.0,0.0,0.0,0.22727273,200.0,4.0,AEL,CCCNCCC
0.2,1.0,99.0,250.0,0.0,0.0,0.0,0.0,0.0,0.22727273,200.0,8.0,AEL,CCCNCCC
0.2,1.0,99.0,250.0,0.0,0.0,0.0,0.0,0.0,0.22727273,200.0,24.0,AEL,CCCNCCC
0.2,1.0,99.0,250.0,0.0,0.0,0.0,0.0,0.0,0.22727273,200.0,3.0,AEL,CCCNCCC
0.2,1.0,99.0,250.0,0.0,0.0,0.0,0.0,0.0,0.22727273,200.0,4.0,AEL,CCCNCCC
0.2,1.0,99.0,250.0,0.0,0.0,0.0,0.0,0.0,0.22727273,200.0,8.0,AEL,CCCNCCC
0.2,1.0,99.0,250.0,0.0,0.0,0.0,0.0,0.0,0.22727273,200.0,24.0,AEL,CCCNCCC
0.0,1.0,0.0,0.0,0.0,0.0,0.0,0.5,25.0,0.5,170.0,24.0,AEL,CCCNCCC
0.0,1.0,0.0,0.0,0.0,0.0,0.0,0.25,25.0,0.5,170.0,24.0,AEL,CCCNCCC
0.0,1.0,0.0,0.0,0.0,0.0,0.0,0.5,25.0,0.5,170.0,24.0,AEL,CCCNCCC
0.3,1.0,99.0,250.0,0.0,0.0,0.0,0.0,10.652173,0.26086962,200.0,24.0,AEL,CCCNCCC
0.3,1.0,99.0,250.0,0.0,0.0,0.0,0.0,10.652173,0.4347826,200.0,24.0,AEL,CCCNCCC
0.3,1.0,99.0,250.0,0.0,0.0,0.0,0.0,10.652173,0.34782606,200.0,24.0,AEL,CCCNCCC
0.3,1.0,99.0,250.0,0.0,0.0,0.0,0.0,10.652173,0.26086962,200.0,24.0,AEL,CCCNCCC
0.3,1.0,99.0,250.0,0.0,0.0,0.0,0.0,10.652173,0.17391305,200.0,24.0,AEL,CCCNCCC
400.0,0.0,99.0,250.0,0.0,0.19999991,0.6,0.0,41.999996,0.2,160.0,924.65765,MRE,C[N+](C)(C)CCC[N+](C)(C)CCC[N+](C)(C)C
400.0,0.0,99.0,0.76923066,0.0,0.0,0.0,0.0,91.30434,0.43478262,200.0,181.22679,DOH,C[N+]12CCC(CC1)CC2
40.0,1.7179967,99.0,250.0,0.1756098,0.0,0.1404878,0.0,0.0,0.0,160.0,392.38992,Dense/Amorphous,C[N+]1(CCCC[N+]2(C)CCCCCC2)CCCCCC1
250.00137,1.7179967,99.0,250.0,0.09960159,0.0,0.079681285,0.0,0.0,0.0,160.0,308.93448,Dense/Amorphous,C[N+]1(CCCC[N+]2(C)CCCCCC2)CCCCCC1
0.0,0.0,0.0,0.0,0.0,0.0,0.0,0.0,200.0,0.0,170.0,173.88016,Dense/Amorphous,C[N+]1(CCCC[N+]2(C)CCCCCC2)CCCCCC1
30.0,1.7179967,99.0,250.0,0.0,0.0,0.0,0.0,0.0,0.0,135.0,521.9223,ITE,C[N+]1(C)CC2CCCC1C1CCC2C1
400.0,0.0,99.0,250.0,0.0,0.0,0.0,0.25,3.5,0.25,150.0,29.993088,TON,CCn1cc[n+](CC)c1
400.0,0.0,99.0,250.0,0.0,0.0,0.0,0.25,7.5,0.25,150.0,753.5212,TON,CCn1cc[n+](CC)c1
400.0,0.0,99.0,250.0,0.0,0.0,0.0,0.25,14.5,0.25,150.0,614.7758,TON,CCn1cc[n+](CC)c1
400.0,0.0,99.0,250.0,0.0,0.0,0.25,0.0,23.000002,0.25,150.0,387.69748,TON,CCn1cc[n+](CC)c1
0.0,0.0,0.0,0.0,0.0,0.0,0.0,0.1874999,16.0,1.5,150.0,24.0,CLO,C1CN2CCC1CC2
0.0,0.0,0.0,0.0,0.0,0.0,0.0,0.24999999,16.250002,1.5,150.0,18.0,CLO,C1CN2CCC1CC2
0.0,0.0,0.0,0.0,0.0,0.0,0.0,0.24999999,16.250002,1.5,150.0,48.0,CLO,C1CN2CCC1CC2
0.0,0.0,0.0,0.0,0.0,0.0,0.0,0.1874999,17.825,1.5,150.0,24.999998,CLO,C1CN2CCC1CC2
0.0,0.0,0.0,0.0,0.0,0.0,0.0,0.25,32.500008,1.5,170.0,88.69928,CLO,C1CN2CCC1CC2
0.0,0.0,0.0,0.0,0.0,0.0,0.0,0.25,32.500008,1.5,170.0,405.802,CLO,C1CN2CCC1CC2
0.0,0.0,0.0,0.0,0.0,0.0,0.0,0.25,32.500008,1.5,170.0,106.50369,CLO,C1CN2CCC1CC2
0.0,0.0,0.0,0.0,0.0,0.0,0.0,0.25,32.500008,1.5,170.0,443.0267,CLO,C1CN2CCC1CC2
0.0,0.0,0.0,0.0,0.0,0.0,0.0,0.7999996,50.0,1.5,111.08596,407.75073,CLO,C1CN2CCC1CC2
0.0,0.0,0.0,0.0,0.0,0.0,0.0,0.25,16.250002,1.0,150.0,40.0,CLO,C1CN2CCC1CC2
400.0,0.0,99.0,250.0,0.0,0.0,0.0,0.5,3.5,0.5,170.0,180.0,CON,CC[N+]1(CC)CCCC(C)(C)C1
400.0,0.0,99.0,250.0,0.0,0.0,0.0,0.5,7.0,0.5,170.0,180.0,CON,CC[N+]1(CC)CCCC(C)(C)C1
0.25,1.0,99.0,250.0,0.0,0.0,0.0,0.0,10.888889,0.22222222,120.0,4.0,AEL,CCNCC
0.25,1.0,99.0,250.0,0.0,0.0,0.0,0.0,10.888889,0.11111112,120.0,4.0,AEL,CCNCC
0.0,1.0,0.0,0.0,0.0,0.0,0.0,0.0,15.0,0.75,200.0,48.0,AEL,CCNCC
0.3,1.0,99.0,250.0,0.0,0.0,0.0,0.0,10.869565,0.26086962,200.0,96.0,AEL,CCNCC
0.3,1.0,99.0,250.0,0.0,0.0,0.0,0.0,10.869565,0.26086962,200.0,96.0,AEL,CCNCC
0.3,1.0,99.0,250.0,0.0,0.0,0.0,0.0,10.652173,0.26086962,200.0,24.0,AEL,CCNCC
400.0,0.0,99.0,250.0,0.1,0.0,0.45,0.0,45.0,0.34999996,170.0,96.0,STO,CCC1CCCC[N+]12CCCCC2
400.0,0.0,99.0,250.0,0.0,0.19999991,0.2,0.0,41.999996,0.2,160.0,168.0,MTT,CCCCC[N+](C)(C)C
400.0,0.0,99.0,250.0,0.0,0.0,0.4,0.0,30.0,0.2,180.0,192.0,MRE,CC[N+](C)(C)CCCCCC[N+](C)(C)CC
400.0,0.0,99.0,250.0,0.0,0.0,0.39801,0.0,29.850746,0.19900498,180.0,192.0,MRE,CC[N+](C)(C)CCCCCC[N+](C)(C)CC
400.0,0.0,99.0,250.0,0.0,0.0,0.3960396,0.0,29.70297,0.1980198,180.0,192.0,MRE,CC[N+](C)(C)CCCCCC[N+](C)(C)CC
400.0,0.0,99.0,250.0,0.0,0.0,0.39215687,0.0,29.411764,0.19607843,180.0,192.0,MRE,CC[N+](C)(C)CCCCCC[N+](C)(C)CC
50.0,1.7179967,99.0,250.0,0.09869719,0.0,0.24016319,0.0,42.90038,0.14146598,170.0,191.83836,ITE,C[N+]1(C)CCCCC2CCCCC21
150.0504,1.7179967,99.0,250.0,0.10000467,0.0,0.2433447,0.0,43.468693,0.14334002,170.0,457.06827,ITE,C[N+]1(C)CCCCC2CCCCC21
200.0,1.7179967,99.0,250.0,0.100170285,0.0,0.24374771,0.0,43.540684,0.14357741,170.0,248.13425,ITE,C[N+]1(C)CCCCC2CCCCC21
50.0,1.7179967,99.0,250.0,0.09869719,0.0,0.24016319,0.0,42.90038,0.14146598,170.0,157.31364,ITE,C[N+]1(C)CCCCC2CCCCC21
150.0504,1.7179967,99.0,250.0,0.10000467,0.0,0.2433447,0.0,43.468693,0.14334002,170.0,31.056023,ITE,C[N+]1(C)CCCCC2CCCCC21
200.0,1.7179967,99.0,250.0,0.100170285,0.0,0.24374771,0.0,43.540684,0.14357741,170.0,378.94955,ITE,C[N+]1(C)CCCCC2CCCCC21
11.000001,1.7179967,99.0,250.0,0.09166666,0.0,0.18333332,0.0,4.5833335,0.18333332,125.0,168.0,BEA,CCC[N+]1(C)CCCC1
18.000002,1.7179967,99.0,250.0,0.09473683,0.0,0.1894737,0.0,4.736842,0.18947369,125.0,168.0,BEA,CCC[N+]1(C)CCCC1
18.000002,1.7179967,99.0,250.0,0.09473683,0.0,0.1894737,0.0,4.736842,0.18947369,125.0,168.0,BEA,CCC[N+]1(C)CCCC1
0.0,0.5,0.0,0.0,0.0,0.0,0.0,0.0,41.999996,0.3333333,200.0,72.0,AEN,C[N+](C)(C)C
0.0,0.5,0.0,0.0,0.0,0.0,0.0,0.0,41.999996,0.3333333,200.0,96.0,AEN,C[N+](C)(C)C
0.0,0.5,0.0,0.0,0.0,0.0,0.0,0.0,41.999996,0.3333333,200.0,120.0,AEN,C[N+](C)(C)C
0.0,0.5,0.0,0.0,0.0,0.0,0.0,0.0,41.999996,0.3333333,200.0,144.0,AEN,C[N+](C)(C)C
0.0,0.5,0.0,0.0,0.0,0.0,0.0,0.0,41.999996,0.3333333,200.0,168.0,AEN,C[N+](C)(C)C
2.080001,1.7179967,99.0,250.0,0.0,0.0,0.7694805,0.0,37.662346,0.76948076,0.0,0.0,GIS,C[N+](C)(C)C
2.0849998,1.7179967,99.0,250.0,0.0,0.0,0.7747165,0.0,41.004868,0.77471656,100.0,312.0,GIS,C[N+](C)(C)C
2.0,1.7179967,99.0,250.0,0.0,0.0,0.53333336,0.0,23.333334,0.5333333,150.0,144.0,GIS,C[N+](C)(C)C
0.0,1.7179967,0.0,0.0,0.0,0.2857142,0.8571434,0.0,35.714275,0.5714284,110.0,120.0,GIS,C[N+](C)(C)C
0.0,1.7179967,0.0,0.0,0.5,0.0,1.0,0.0,50.0,1.0,110.0,120.0,GIS,C[N+](C)(C)C
0.0,1.7179967,0.0,0.0,0.5,0.0,0.5,0.0,50.0,0.5,110.0,120.0,GIS,C[N+](C)(C)C
400.0,0.0,99.0,250.0,1.7094017,0.39316252,0.08547012,0.0,25.641026,0.08547009,180.0,120.0,Dense/Amorphous,CC[N+]1(CC)C(C)CCCC1C
400.0,0.0,99.0,250.0,1.7094017,0.3931624,0.17094016,0.0,25.641026,0.17094018,180.0,120.0,Dense/Amorphous,CC[N+]1(CC)C(C)CCCC1C
400.0,0.0,99.0,250.0,1.7094017,0.3931624,0.25641027,0.0,25.641026,0.25641027,180.0,120.0,Dense/Amorphous,CC[N+]1(CC)C(C)CCCC1C
400.0,0.0,99.0,250.0,1.7094017,0.3931624,0.34188035,0.0,25.641026,0.34188032,180.0,120.0,Dense/Amorphous,CC[N+]1(CC)C(C)CCCC1C
400.0,0.0,99.0,250.0,1.7094017,0.3931624,0.23213676,0.0,25.641026,0.42735043,180.0,120.0,Dense/Amorphous,CC[N+]1(CC)C(C)CCCC1C
400.0,0.0,99.0,250.0,1.7094017,0.39316252,0.08547012,0.0,25.641026,0.08547009,230.0,120.0,Dense/Amorphous,CC[N+]1(CC)C(C)CCCC1C
400.0,0.0,99.0,250.0,1.7094017,0.3931624,0.17094016,0.0,25.641026,0.17094018,230.0,120.0,Dense/Amorphous,CC[N+]1(CC)C(C)CCCC1C
400.0,0.0,99.0,250.0,1.7094017,0.3931624,0.25641027,0.0,25.641026,0.25641027,230.0,120.0,Dense/Amorphous,CC[N+]1(CC)C(C)CCCC1C
400.0,0.0,99.0,250.0,1.7094017,0.3931624,0.34188035,0.0,25.641026,0.34188032,230.0,120.0,Dense/Amorphous,CC[N+]1(CC)C(C)CCCC1C
400.0,0.0,99.0,250.0,1.7094017,0.3931624,0.23213676,0.0,25.641026,0.42735043,230.0,120.0,Dense/Amorphous,CC[N+]1(CC)C(C)CCCC1C
400.0,0.0,99.0,250.0,0.0,0.0,0.0,0.5,14.0,0.5,150.0,180.0,Dense/Amorphous,CC[N+]1(CC)C(C)CCCC1C
33.333332,1.7179967,99.0,250.0,0.0,0.19417475,0.1553398,0.0,40.7767,0.19417475,160.0,372.0,Dense/Amorphous,CC(C)(C)CNCCCNCC(C)(C)C
62.5,1.7179967,99.0,250.0,0.0,0.19685036,0.15748031,0.0,41.33858,0.19685039,160.0,204.0,Dense/Amorphous,CC(C)(C)CNCCCNCC(C)(C)C
400.0,0.0,99.0,62.500008,0.0,0.09842518,0.0,0.0,41.33858,0.39370078,160.0,156.0,Dense/Amorphous,CC(C)(C)CNCCCNCC(C)(C)C
50.0,1.7179967,99.0,250.0,0.25490186,0.0,0.1960588,0.0,44.11765,0.032676477,150.0,144.0,MTW,CCCCCCCCCCCCCCCCCCCCCC[N+](C)(C)CCCCCC[N+](C)(C)Cc1ccc([N+](C)(C)CCCCCC[N+](C)(C)Cc2ccc([N+](C)(C)CCCCCC[N+](C)(C)CCCCCCCCCCCCCCCCCCCCCC)cc2)cc1
50.0,1.7179967,99.0,250.0,0.25490186,0.0,0.1960588,0.0,44.11765,0.032676477,150.0,144.0,MTW,CCCCCCCCCCCCCCCCCCCCCC[N+](C)(C)CCCCCC[N+](C)(C)Cc1ccc([N+](C)(C)CCCCCC[N+](C)(C)Cc2ccc([N+](C)(C)CCCCCC[N+](C)(C)CCCCCCCCCCCCCCCCCCCCCC)cc2)cc1
0.0,0.9,0.0,0.0,0.0,0.0,0.0,0.0,52.63158,0.52631575,170.0,24.0,Dense/Amorphous,CC(C)CN(CC(C)C)CC(C)C
62.5,1.7179967,99.0,250.0,0.0,0.19685036,0.15748031,0.0,41.33858,0.19685039,160.0,204.0,MTT,CCNCCN(C)C
14.97,1.7179967,99.0,250.0,0.060000006,0.0,0.0,0.48,4.5000005,0.48,150.0,600.0,LEV,C[N@@+]1(Cc2ccccc2)CCC[C@H]1CO
14.97,1.7179967,99.0,250.0,0.060000006,0.0,0.0,0.48,4.5000005,0.48,150.0,1248.0006,LEV,C[N@@+]1(Cc2ccccc2)CCC[C@H]1CO
14.97,1.7179967,99.0,250.0,0.060000006,0.0,0.0,0.48,4.5000005,0.48,135.0,1248.0006,LEV,C[N@@+]1(Cc2ccccc2)CCC[C@H]1CO
400.0,0.0,99.0,250.0,0.0,0.09699997,0.10699987,0.0,59.999996,0.010000004,175.0,48.0,NON,NCCCCCCN
400.0,0.0,99.0,250.0,0.0,0.09699997,0.147,0.0,60.0,0.05,175.0,48.0,NON,NCCCCCCN
0.0,1.0,0.0,0.0,0.0,0.0,0.0,0.03125026,25.0,1.5,185.0,192.0,CHA,C1COCCN1
0.0,1.0,0.0,0.0,0.0,0.0,0.0,0.062499814,25.0,1.0,200.0,120.0,CHA,C1COCCN1
0.0,1.0,0.0,0.0,0.0,0.0,0.0,0.125,25.0,0.75,200.0,120.0,CHA,C1COCCN1
0.0,1.0,0.0,0.0,0.0,0.0,0.0,0.25,25.0,0.75,200.0,120.0,CHA,C1COCCN1
0.0,1.0,0.0,0.0,0.0,0.0,0.0,0.25,25.0,0.5,200.0,120.0,CHA,C1COCCN1
0.0,1.0,0.0,0.0,0.0,0.0,0.0,0.25,25.0,0.5,200.0,120.0,CHA,C1COCCN1
0.0,1.0,0.0,0.0,0.0,0.0,0.0,0.5,25.0,0.5,200.0,120.0,CHA,C1COCCN1
0.5,1.0,99.0,250.0,0.0,0.0,0.0,0.0,13.0,0.0,200.0,24.0,CHA,C1COCCN1
0.0,1.0,0.0,0.0,0.0,0.0,0.0,0.25,25.0,0.375,194.99991,48.0,CHA,C1COCCN1
0.0,1.0,0.0,0.0,0.0,0.0,0.0,0.25,25.0,0.375,194.99991,96.0,CHA,C1COCCN1
0.0,0.59999996,0.0,0.0,0.0,0.0,0.0,0.15625009,36.250004,0.54687506,190.0,240.0,CHA,C1COCCN1
0.0,0.92,0.0,0.0,0.0,0.0,0.0,0.18229169,26.041662,0.6510416,194.99991,240.0,CHA,C1COCCN1
0.25000003,1.6129029,99.0,250.0,0.0,0.0,0.0,0.0,21.390371,0.14438502,190.0,14.0,CHA,C1COCCN1
0.0,0.0,0.0,0.0,0.0,0.0,0.0,0.0,200.0,0.0,129.23166,155.40439,CHA,C1COCCN1
0.5,1.0,99.0,250.0,0.0,0.0,0.0,0.0,13.0,0.4,200.0,24.0,CHA,C1COCCN1
0.25,1.0,99.0,250.0,0.0,0.0,0.0,0.0,6.6666665,0.44444445,200.0,36.0,CHA,C1COCCN1
0.5399998,0.9433962,99.0,250.0,0.0,0.0,0.0,0.0,12.692307,0.4019231,0.0,0.0,CHA,C1COCCN1
0.3,1.25,99.0,250.0,0.0,0.0,0.0,0.0,19.047617,0.5952382,200.0,48.0,CHA,C1COCCN1
0.14705883,0.85,99.0,250.0,0.0,0.0,0.0,0.0,17.721518,2.5316517,211.96158,94.43834,CHA,C1COCCN1
0.14705883,0.85,99.0,250.0,0.0,0.0,0.0,0.0,17.721518,2.5316517,179.20905,226.18834,CHA,C1COCCN1
0.14705883,0.85,99.0,250.0,0.0,0.0,0.0,0.0,17.721518,2.5316517,150.73505,247.97134,CHA,C1COCCN1
0.14705883,0.85,99.0,250.0,0.0,0.0,0.0,0.0,17.721518,2.5316517,104.42395,150.4299,CHA,C1COCCN1
0.14705883,0.85,99.0,250.0,0.0,0.0,0.0,0.0,17.721518,2.5316517,184.69453,192.82942,CHA,C1COCCN1
0.14705883,0.85,99.0,250.0,0.0,0.0,0.0,0.0,17.721518,2.5316517,144.01385,145.9217,CHA,C1COCCN1
0.14705883,0.85,99.0,250.0,0.0,0.0,0.0,0.0,17.721518,2.5316517,210.41734,68.943726,CHA,C1COCCN1
0.14705883,0.85,99.0,250.0,0.0,0.0,0.0,0.0,17.721518,2.5316517,180.1717,369.1034,CHA,C1COCCN1
0.14705883,0.85,99.0,250.0,0.0,0.0,0.0,0.0,17.721518,2.5316517,183.21645,683.4196,CHA,C1COCCN1
0.5399998,1.0,99.0,250.0,0.0,0.0,0.0,0.0,12.9921255,0.41141742,200.0,24.0,CHA,C1COCCN1
0.5399998,0.9433962,99.0,250.0,0.0,0.0,0.0,0.0,12.692307,0.4019231,200.0,72.0,CHA,C1COCCN1
0.5,1.0,99.0,250.0,0.0,0.0,0.0,0.0,13.0,0.4,0.0,0.0,CHA,C1COCCN1
0.40000027,1.0,99.0,250.0,0.0,0.0,0.0,0.0,12.5,0.41666666,0.0,0.0,CHA,C1COCCN1
0.53763413,0.94897944,99.0,250.0,0.0,0.0,0.0,0.0,12.6556015,0.4004148,200.0,24.0,CHA,C1COCCN1
0.4500004,1.2048192,99.0,250.0,0.0,0.0,0.0,0.0,13.157894,0.43859655,200.0,48.0,CHA,C1COCCN1
0.1000001,1.0,99.0,250.0,0.0,0.0,0.0,0.0,15.476191,0.47619048,200.0,24.0,CHA,C1COCCN1
0.3,1.0,99.0,250.0,0.0,0.0,0.0,0.0,14.130434,0.43478262,200.0,24.0,CHA,C1COCCN1
0.3,1.1111112,99.0,250.0,0.0,0.0,0.0,0.0,1.2931818,0.45454547,186.07011,59.683544,CHA,C1COCCN1
0.3,1.1111112,99.0,250.0,0.0,0.0,0.0,0.0,1.2931818,0.45454547,168.02234,491.13925,CHA,C1COCCN1
0.3,1.1111112,99.0,250.0,0.0,0.0,0.0,0.0,1.2931818,0.45454547,176.04407,422.26245,CHA,C1COCCN1
0.3,1.1111112,99.0,250.0,0.0,0.0,0.0,0.0,1.2931818,0.45454547,0.0,0.0,CHA,C1COCCN1
0.19999999,1.25,99.0,250.0,0.0,0.0,0.0,0.0,25.0,0.625,200.0,2.5,CHA,C1COCCN1
0.21739125,1.0222223,99.0,250.0,0.0,0.0,0.0,0.004950498,24.752476,0.61881196,0.0,48.0,CHA,C1COCCN1
0.2,1.0,99.0,250.0,0.0,0.0,0.0,0.0,13.636364,0.45454547,190.0,24.0,CHA,C1COCCN1
0.16666664,1.1999997,99.0,250.0,0.0,0.0,0.0,0.0,8.020832,0.125,200.0,72.0,CHA,C1COCCN1
0.5399998,0.9433962,99.0,250.0,0.0,0.0,0.0,0.0,12.692307,0.20096156,200.0,24.0,CHA,C1COCCN1
0.3,1.0,99.0,250.0,0.0,0.0,0.0,0.0,15.217391,0.2173913,200.0,24.0,CHA,C1COCCN1
0.35000014,0.9433962,99.0,250.0,0.0,0.0,0.0,0.0,13.6929455,0.5186723,190.0,24.0,CHA,C1COCCN1
0.15,1.0,99.0,250.0,0.0,0.0,0.0,0.0,12.093024,0.46511632,180.0,24.0,CHA,C1COCCN1
0.3,1.666668,99.0,250.0,0.0,0.0,0.0,0.0,2.8947368,0.42105266,190.0,24.0,CHA,C1COCCN1
0.5,1.0,99.0,250.0,0.0,0.0,0.0,0.0,10.0,0.4,200.0,60.0,CHA,C1COCCN1
0.5,1.0,99.0,250.0,0.0,0.0,0.0,0.0,10.0,0.4,200.0,60.0,CHA,C1COCCN1
0.3,1.0,99.0,250.0,0.0,0.0,0.0,0.0,15.217391,0.86956525,200.0,14.0,CHA,C1COCCN1
0.3,1.0,99.0,250.0,0.0,0.0,0.0,0.0,15.217391,0.65217394,200.0,14.0,CHA,C1COCCN1
0.3,1.0,99.0,250.0,0.0,0.0,0.0,0.0,15.217391,0.4347826,200.0,14.0,CHA,C1COCCN1
0.3,1.0,99.0,250.0,0.0,0.0,0.0,0.0,15.217391,0.2173913,200.0,14.0,CHA,C1COCCN1
0.26595724,1.0444448,99.0,250.0,0.0,0.0,0.0,0.16746424,23.923447,0.598086,190.0,204.0,CHA,C1COCCN1
0.5,1.0,99.0,250.0,0.0,0.0,0.0,0.2,12.0,0.42000002,200.0,5.0,CHA,C1COCCN1
0.0,1.0,0.0,0.0,0.0,0.0,0.0,0.0,6.25,2.2499974,200.0,120.0,CHA,C1COCCN1
0.0,1.0,0.0,0.0,0.0,0.0,0.0,0.0,3.299999,2.2499974,170.0,336.0,CHA,C1COCCN1
0.0,1.0,0.0,0.0,0.0,0.0,0.0,0.062499814,25.0,1.5,200.0,120.0,CHA,C1COCCN1
0.0,0.6666666,0.0,0.0,0.0,0.0,0.0,0.2,20.0,0.6,200.0,72.0,CHA,C1COCCN1
0.3,1.0,99.0,250.0,0.0,0.0,0.0,0.0,17.391302,0.65217394,180.0,18.0,CHA,C1COCCN1
0.3,1.0,99.0,250.0,0.0,0.0,0.0,0.0,17.391302,0.65217394,180.0,36.0,CHA,C1COCCN1
0.3,1.0,99.0,250.0,0.0,0.0,0.0,0.0,17.391302,0.65217394,180.0,54.000004,CHA,C1COCCN1
0.3,1.0,99.0,250.0,0.0,0.0,0.0,0.0,15.217391,0.86956525,200.0,3.0,CHA,C1COCCN1
0.3,1.0,99.0,250.0,0.0,0.0,0.0,0.0,15.217391,0.86956525,200.0,3.0,CHA,C1COCCN1
0.3,1.0,99.0,250.0,0.0,0.0,0.0,0.0,15.217391,0.86956525,200.0,4.499998,CHA,C1COCCN1
0.3,1.0,99.0,250.0,0.0,0.0,0.0,0.0,15.217391,0.86956525,200.0,6.0,CHA,C1COCCN1
0.3,1.0,99.0,250.0,0.0,0.0,0.0,0.0,15.217391,0.86956525,200.0,6.0,CHA,C1COCCN1
0.3,1.0,99.0,250.0,0.0,0.0,0.0,0.0,15.217391,0.86956525,200.0,6.0,CHA,C1COCCN1
0.3,1.0,99.0,250.0,0.0,0.0,0.0,0.0,15.217391,0.86956525,200.0,6.0,CHA,C1COCCN1
0.2,1.0,99.0,250.0,0.0,0.0,0.0,0.0,17.045454,0.45454547,190.0,24.0,CHA,C1COCCN1
0.0,0.96,0.0,0.0,0.0,0.0,0.0,0.17857122,25.5102,0.63775516,194.99991,240.0,CHA,C1COCCN1
0.20833355,1.0666676,99.0,250.0,0.0,0.0,0.0,0.0,24.27184,0.60679615,194.99991,240.0,CHA,C1COCCN1
0.3,1.0,99.0,250.0,0.0,0.0,0.0,0.0,13.043478,0.65217394,200.0,72.0,CHA,C1COCCN1
0.15,1.0,99.0,250.0,0.0,0.0,0.0,0.0,13.953486,0.69767445,194.99991,360.0,CHA,C1COCCN1
0.3,1.0,99.0,250.0,0.0,0.0,0.0,0.0,13.043478,0.65217394,200.0,168.0,CHA,C1COCCN1
0.0,1.0,0.0,0.0,0.0,0.0,0.0,0.0,25.0,0.625,190.0,120.0,CHA,C1COCCN1
0.005000025,1.0,99.0,250.0,0.0,0.0,0.0,0.24937658,24.937658,0.6234413,190.0,120.0,CHA,C1COCCN1
0.010000191,1.0,99.0,250.0,0.0,0.0,0.0,0.24875624,24.875622,0.62189054,190.0,120.0,CHA,C1COCCN1
0.025000006,1.0,99.0,250.0,0.0,0.0,0.0,0.24691346,24.691359,0.61728406,190.0,120.0,CHA,C1COCCN1
0.05,1.0,99.0,250.0,0.0,0.0,0.0,0.24390237,24.390244,0.6097557,190.0,120.0,CHA,C1COCCN1
0.5,1.0,99.0,250.0,0.0,0.0,0.0,0.0,0.0,0.4,245.66125,128.2898,CHA,C1COCCN1
15.599999,1.7179967,99.0,250.0,0.0,0.0,0.0,0.48,4.5000005,0.48,150.0,1128.0004,NON,C[N@@+]1(Cc2ccccc2)CCC[C@H]1CO
0.0,0.37036985,0.0,0.0,0.0,0.0,0.0,0.0,21.081083,1.4189194,180.0,48.0,AWO,CNC
0.0,0.5555556,0.0,0.0,0.0,0.0,0.0,0.0,0.60714257,0.53571427,180.0,480.0,AWO,CNC
0.0,0.3333334,0.0,0.0,0.0,0.0,0.0,0.0,63.749985,1.2499995,180.0,120.0,AWO,CNC
0.0,0.5555556,0.0,0.0,0.0,0.0,0.0,0.0,0.0,0.4821428,180.0,240.0,AWO,CNC
0.0,0.5555556,0.0,0.0,0.0,0.0,0.0,0.0,0.0,0.4821428,180.0,240.0,AWO,CNC
17.513134,1.7179967,99.0,250.0,0.09459843,0.0,0.07567873,0.0,26.487556,0.0,150.0,288.0,BEA,c1ccc(C[N+]23CCN(CC2)CC3)cc1
17.513134,1.7179967,99.0,250.0,0.09459843,0.0,0.07567873,0.0,26.487556,0.0,150.0,336.0,BEA,c1ccc(C[N+]23CCN(CC2)CC3)cc1
0.2,1.0,99.0,250.0,0.0,0.0,0.0,0.0,11.363636,0.22727273,200.0,48.0,CHA,CN(CCO)CCO
0.1,1.0,99.0,250.0,0.0,0.0,0.0,0.0,11.904761,0.7142858,200.0,48.0,CHA,CN(CCO)CCO
0.2,1.0,99.0,250.0,0.0,0.0,0.0,0.0,11.363636,0.68181837,200.0,48.0,CHA,CN(CCO)CCO
0.3750001,1.0,99.0,250.0,0.0,0.0,0.0,0.0,10.526316,0.631579,200.0,48.0,CHA,CN(CCO)CCO
0.5,1.0,99.0,250.0,0.0,0.0,0.0,0.0,10.000001,0.6,200.0,48.0,CHA,CN(CCO)CCO
0.3750001,1.0,99.0,250.0,0.0,0.0,0.0,0.0,10.526316,0.631579,160.0,48.0,CHA,CN(CCO)CCO
0.19999999,1.0,99.0,250.0,0.0,0.0,0.0,0.0,3.4090903,1.8181832,200.0,16.999998,CHA,CN(CCO)CCO
0.0,0.0,0.0,0.0,0.0,0.25000027,0.0,0.25,25.0,0.25,150.0,24.0,AFI,C1COCCOCCOCCOCCOCCO1
0.0,0.0,0.0,0.0,0.0,0.25000027,0.0,0.25,25.0,0.25,150.0,24.0,AFI,C1COCCOCCOCCOCCOCCO1
33.333332,1.7179967,99.0,250.0,0.0,0.19417475,0.1553398,0.0,40.7767,0.19417475,160.0,372.0,Dense/Amorphous,CNC(C)(C)C
62.5,1.7179967,99.0,250.0,0.0,0.19685036,0.15748031,0.0,41.33858,0.19685039,160.0,204.0,Dense/Amorphous,CNC(C)(C)C
31.000006,1.7179967,99.0,250.0,0.5812499,0.0,0.0009374743,0.0,18.96875,0.00093749305,130.0,108.0,EON,C[N+](C)(C)C
400.0,0.0,99.0,250.0,0.0,0.0,0.0,0.5,14.0,0.5,150.0,180.0,MTW,CC1CC[N+]2(CCCC2)CC1
17.857143,1.7179967,99.0,250.0,0.12689401,0.0106056025,0.18939394,0.0,14.204546,0.17878792,100.0,528.0,FAU,CC[N+](CC)(CC)CC
17.857143,1.7179967,99.0,250.0,0.12689401,0.0,0.18939394,0.0,14.204546,0.18939394,100.0,528.0,FAU,CC[N+](CC)(CC)CC
5.0,1.7179967,99.0,250.0,0.36666682,0.0,0.53333336,0.0,7.5,0.16666667,120.0,336.0,FAU,CC[N+](CC)(CC)CC
5.0,1.7179967,99.0,250.0,0.2833334,0.0,0.53333354,0.0,7.5,0.25,120.0,336.0,FAU,CC[N+](CC)(CC)CC
5.0,1.7179967,99.0,250.0,0.29999995,0.0,0.53333336,0.0,7.5,0.23333332,120.0,336.0,FAU,CC[N+](CC)(CC)CC
5.0,1.7179967,99.0,250.0,0.16666667,0.0,0.46666664,0.0,7.5,0.3,120.0,504.0,FAU,CC[N+](CC)(CC)CC
5.0,1.7179967,99.0,250.0,0.18333335,0.0,0.46666664,0.0,7.5,0.28333327,120.0,504.0,FAU,CC[N+](CC)(CC)CC
5.0,1.7179967,99.0,250.0,0.2,0.0,0.46666664,0.0,7.5,0.2666667,120.0,504.0,FAU,CC[N+](CC)(CC)CC
5.0,1.7179967,99.0,250.0,0.2,0.0,0.5,0.0,7.5,0.3,120.0,336.0,FAU,CC[N+](CC)(CC)CC
5.0,1.7179967,99.0,250.0,0.2166667,0.0,0.46666664,0.0,7.5,0.25,120.0,336.0,FAU,CC[N+](CC)(CC)CC
5.0,1.7179967,99.0,250.0,0.25,0.0,0.5,0.0,7.5,0.25,120.0,336.0,FAU,CC[N+](CC)(CC)CC
5.0,1.7179967,99.0,250.0,0.25,0.0,0.46666664,0.0,7.5,0.21666665,120.0,336.0,FAU,CC[N+](CC)(CC)CC
5.0,1.7179967,99.0,250.0,0.29999995,0.0,0.5,0.0,7.5,0.2,120.0,288.0,FAU,CC[N+](CC)(CC)CC
5.0,1.7179967,99.0,250.0,0.29999995,0.0,0.46666664,0.0,7.5,0.16666667,120.0,288.0,FAU,CC[N+](CC)(CC)CC
5.0,1.7179967,99.0,250.0,0.3333333,0.0,0.5,0.0,7.5,0.16666669,120.0,192.0,FAU,CC[N+](CC)(CC)CC
5.0,1.7179967,99.0,250.0,0.18333335,0.0,0.3,0.0,7.5,0.11666666,120.0,192.0,FAU,CC[N+](CC)(CC)CC
5.0,1.7179967,99.0,250.0,0.18333335,0.0,0.33333334,0.0,7.5,0.15,120.0,96.0,FAU,CC[N+](CC)(CC)CC
5.0,1.7179967,99.0,250.0,0.38333344,0.0,0.5,0.0,7.5,0.11666666,120.0,96.0,FAU,CC[N+](CC)(CC)CC
5.0,1.7179967,99.0,250.0,0.38333344,0.0,0.46666664,0.0,7.5,0.083333336,120.0,96.0,FAU,CC[N+](CC)(CC)CC
5.0,1.7179967,99.0,250.0,0.41666672,0.0,0.5,0.0,7.5,0.083333336,120.0,96.0,FAU,CC[N+](CC)(CC)CC
5.0,1.7179967,99.0,250.0,0.2166667,0.0,0.46666664,0.0,7.5,0.25,120.0,336.0,FAU,CC[N+](CC)(CC)CC
5.0,1.7179967,99.0,250.0,0.25,0.0,0.46666664,0.0,7.5,0.21666665,120.0,336.0,FAU,CC[N+](CC)(CC)CC
5.0,1.7179967,99.0,250.0,0.29999995,0.0,0.46666664,0.0,7.5,0.16666667,120.0,336.0,FAU,CC[N+](CC)(CC)CC
5.0,1.7179967,99.0,250.0,0.34999996,0.0,0.46666664,0.0,7.5,0.11666666,120.0,336.0,FAU,CC[N+](CC)(CC)CC
400.0,0.0,99.0,250.0,0.10909089,0.0,0.32727265,0.0,12.727273,0.32727277,136.51413,144.0,FAU,CC[N+](CC)(CC)CC
400.0,0.0,99.0,250.0,0.1142857,0.0,0.34285715,0.0,12.857142,0.34285712,100.0,72.0,FAU,CC[N+](CC)(CC)CC
2.5,1.7179967,99.0,250.0,0.085714266,0.0,0.06857138,0.0,22.285717,0.7142858,180.0,96.0,MOR,CN(C)CCCN(C)C
2.5,1.7179967,99.0,250.0,0.085714266,0.0,0.06857138,0.0,22.285717,0.7142858,180.0,192.0,MOR,CN(C)CCCN(C)C
5.0,1.7179967,99.0,250.0,0.099999994,0.0,0.08000003,0.0,26.0,0.8333334,160.0,96.0,MOR,CN(C)CCCN(C)C
5.0,1.7179967,99.0,250.0,0.099999994,0.0,0.08000003,0.0,26.0,0.8333334,160.0,192.0,MOR,CN(C)CCCN(C)C
0.0,0.0,0.0,0.0,0.0,0.0,0.0,0.0,200.0,0.0,180.0,144.0,Dense/Amorphous,NCCN(CCN)CCN
0.0,1.7179967,0.0,0.0,0.0,0.0,0.5,0.0,3.0,0.5,150.0,336.0,PUN,CC[N+](C)(C)C
400.0,0.0,99.0,250.0,0.0,0.0,0.0,1.25,30.0,5.0,170.0,720.0,STF,CCCNCCC
9.0,1.7179967,99.0,250.0,0.0,0.0,0.8499998,0.0,13.5,0.85000026,175.0,336.0,BEA,c1ccc(C[N+]23CCC(CC2)CC3)cc1
9.0,1.7179967,99.0,250.0,0.0,0.0,0.8499998,0.0,13.5,0.85000026,175.0,864.00037,BEA,c1ccc(C[N+]23CCC(CC2)CC3)cc1
9.0,1.7179967,99.0,250.0,0.0,0.0,0.8499998,0.0,13.5,0.85000026,175.0,336.0,BEA,c1ccc(C[N+]23CCC(CC2)CC3)cc1
9.0,1.7179967,99.0,250.0,0.0,0.0,0.8499998,0.0,13.5,0.85000026,175.0,840.0,BEA,c1ccc(C[N+]23CCC(CC2)CC3)cc1
37.46153,1.7179967,99.0,250.0,0.0,0.0,0.59099996,0.0,7.305001,0.591,175.0,144.0,BEA,c1ccc(C[N+]23CCC(CC2)CC3)cc1
400.0,0.0,99.0,250.0,0.0,0.0,0.5,0.0,3.6000001,0.5,175.0,24.0,BEA,c1ccc(C[N+]23CCC(CC2)CC3)cc1
400.0,0.0,99.0,250.0,0.0,0.0,0.5,0.0,3.6000001,0.5,175.0,144.0,BEA,c1ccc(C[N+]23CCC(CC2)CC3)cc1
38.022827,1.7179967,99.0,250.0,0.0,0.0,0.5896912,0.0,7.3078055,0.5896911,175.0,76.79997,BEA,c1ccc(C[N+]23CCC(CC2)CC3)cc1
0.0,0.0,0.0,0.0,0.0,0.0,0.0,0.0,200.0,0.0,0.0,0.0,NSI,OSDA-free
10.0,1.7179967,99.0,250.0,0.10909089,0.0,0.36363637,0.0,18.181818,0.36363637,150.0,168.0,ETL,C[N+](C)(C)CCO
10.0,1.7179967,99.0,250.0,0.2545452,0.0,0.7272727,0.0,18.181818,0.36363637,150.0,168.0,ETL,C[N+](C)(C)CCO
10.0,1.7179967,99.0,250.0,0.10909089,0.0,0.7272727,0.0,18.181818,0.36363637,150.0,168.0,ETL,C[N+](C)(C)CCO
10.0,1.7179967,99.0,250.0,0.2545452,0.0,0.7272727,0.0,18.181818,0.36363637,150.0,168.0,ETL,C[N+](C)(C)CCO
10.0,1.7179967,99.0,250.0,0.18181819,0.0,0.7272727,0.0,18.181818,0.36363637,150.0,168.0,ETL,C[N+](C)(C)CCO
10.0,1.7179967,99.0,250.0,0.10909089,0.0,0.36363637,0.0,18.181818,0.36363637,150.0,168.0,ETL,C[N+](C)(C)CCO
29.411764,1.7179967,99.0,250.0,0.0,0.12572533,0.3191489,0.0,38.68472,0.1934236,150.0,20.99999,IFR,OC1C[N+]2(Cc3ccccc3)CCC1CC2
29.411764,1.7179967,99.0,250.0,0.0,0.12572533,0.3191489,0.0,38.68472,0.1934236,160.0,20.99999,IFR,OC1C[N+]2(Cc3ccccc3)CCC1CC2
29.411764,1.7179967,99.0,250.0,0.0,0.12572533,0.3191489,0.0,38.68472,0.1934236,150.0,7.0,IFR,OC1C[N+]2(Cc3ccccc3)CCC1CC2
0.06250002,1.3333334,99.0,250.0,0.0,0.0,0.0,0.0,3.3563225,6.097583,200.0,48.0,CHA,CC(C)NC(C)C
0.12500007,1.3333334,99.0,250.0,0.0,0.0,0.0,0.0,3.2444434,6.097583,200.0,48.0,CHA,CC(C)NC(C)C
0.20833355,1.3333334,99.0,250.0,0.0,0.0,0.0,0.0,3.1063826,6.097583,200.0,48.0,CHA,CC(C)NC(C)C
0.31249982,1.3333334,99.0,250.0,0.0,0.0,0.0,0.0,2.949495,6.097583,200.0,48.0,CHA,CC(C)NC(C)C
0.4166665,1.3333327,99.0,250.0,0.0,0.0,0.0,0.0,2.8076925,6.097583,200.0,48.0,CHA,CC(C)NC(C)C
0.20833355,1.3333334,99.0,250.0,0.0,0.0,0.0,0.0,3.1063826,6.097583,200.0,3.0,CHA,CC(C)NC(C)C
0.20833355,1.3333334,99.0,250.0,0.0,0.0,0.0,0.0,3.1063826,6.097583,200.0,7.0,CHA,CC(C)NC(C)C
0.20833355,1.3333334,99.0,250.0,0.0,0.0,0.0,0.0,3.1063826,6.097583,200.0,12.0,CHA,CC(C)NC(C)C
0.1,1.1111112,99.0,250.0,0.0,0.0,0.0,0.0,10.0,0.75,200.0,48.0,CHA,CC(C)NC(C)C
0.12500007,1.3333334,99.0,250.0,0.0,0.0,0.0,0.0,8.888889,0.6666667,200.0,48.0,CHA,CC(C)NC(C)C
0.20833355,1.3333334,99.0,250.0,0.0,0.0,0.0,0.0,8.510639,0.6382979,200.0,48.0,CHA,CC(C)NC(C)C
0.31249982,1.3333327,99.0,250.0,0.0,0.0,0.0,0.0,8.080808,0.60606045,200.0,48.0,CHA,CC(C)NC(C)C
400.0,0.0,99.0,250.0,1.7094017,0.39316252,0.08547012,0.0,25.641026,0.08547009,180.0,120.0,Dense/Amorphous,CC1CC(C)C[N+]2(CCCC2)C1
400.0,0.0,99.0,250.0,1.7094017,0.3931624,0.17094016,0.0,25.641026,0.17094018,180.0,120.0,Dense/Amorphous,CC1CC(C)C[N+]2(CCCC2)C1
400.0,0.0,99.0,250.0,1.7094017,0.3931624,0.34188035,0.0,25.641026,0.34188032,180.0,120.0,Dense/Amorphous,CC1CC(C)C[N+]2(CCCC2)C1
400.0,0.0,99.0,250.0,1.7094017,0.3931624,0.23213676,0.0,25.641026,0.42735043,180.0,120.0,Dense/Amorphous,CC1CC(C)C[N+]2(CCCC2)C1
400.0,0.0,99.0,250.0,1.7094017,0.39316252,0.08547012,0.0,25.641026,0.08547009,230.0,120.0,Dense/Amorphous,CC1CC(C)C[N+]2(CCCC2)C1
400.0,0.0,99.0,250.0,1.7094017,0.3931624,0.17094016,0.0,25.641026,0.17094018,230.0,120.0,Dense/Amorphous,CC1CC(C)C[N+]2(CCCC2)C1
400.0,0.0,99.0,250.0,1.7094017,0.3931624,0.25641027,0.0,25.641026,0.25641027,230.0,120.0,Dense/Amorphous,CC1CC(C)C[N+]2(CCCC2)C1
400.0,0.0,99.0,250.0,1.7094017,0.3931624,0.34188035,0.0,25.641026,0.34188032,230.0,120.0,Dense/Amorphous,CC1CC(C)C[N+]2(CCCC2)C1
400.0,0.0,99.0,250.0,1.7094017,0.3931624,0.23213676,0.0,25.641026,0.42735043,230.0,120.0,Dense/Amorphous,CC1CC(C)C[N+]2(CCCC2)C1
20.999998,1.7179967,99.0,250.0,0.047727276,0.0,0.38181815,0.0,5.2500005,0.38181818,125.0,168.0,BEA,C[N+](C)(C)Cc1ccccc1
76.999985,1.7179967,99.0,250.0,0.09871794,0.0,0.1974359,0.0,5.4294868,0.1974359,120.0,504.0,BEA,C[N+](C)(C)Cc1ccccc1
22.988504,1.7179967,99.0,250.0,0.0,0.0,0.38332537,0.0,9.583134,0.38332537,125.0,168.0,BEA,C[N+](C)(C)Cc1ccccc1
22.988504,1.7179967,99.0,250.0,0.0,0.0,0.38332537,0.0,9.583134,0.38332537,125.0,168.0,BEA,C[N+](C)(C)Cc1ccccc1
0.3,1.4285669,99.0,250.0,0.0,0.0,0.0,0.0,20.0,0.05,190.0,168.0,SWY,C1CCCC(CCCCCCC2(N3CCCCCCN3)CCCCCCC2)(N2CCCCCCN2)CCC1
0.2,1.25,99.0,250.0,0.0,0.0,0.0,0.0,20.0,0.05,160.0,168.0,SWY,C1CCCC(CCCCCCC2(N3CCCCCCN3)CCCCCCC2)(N2CCCCCCN2)CCC1
0.2,1.25,99.0,250.0,0.0,0.0,0.0,0.0,20.0,0.05,160.0,168.0,SWY,C1CCCC(CCCCCCC2(N3CCCCCCN3)CCCCCCC2)(N2CCCCCCN2)CCC1
0.2,1.25,99.0,250.0,0.0,0.0,0.0,0.0,20.0,0.05,160.0,24.0,SWY,C1CCCC(CCCCCCC2(N3CCCCCCN3)CCCCCCC2)(N2CCCCCCN2)CCC1
0.1,1.1111112,99.0,250.0,0.0,0.0,0.0,0.0,20.0,0.05,160.0,24.0,SWY,C1CCCC(CCCCCCC2(N3CCCCCCN3)CCCCCCC2)(N2CCCCCCN2)CCC1
0.1,1.1111112,99.0,250.0,0.0,0.0,0.0,0.0,20.0,0.05,160.0,24.0,SWY,C1CCCC(CCCCCCC2(N3CCCCCCN3)CCCCCCC2)(N2CCCCCCN2)CCC1
0.1,1.1111112,99.0,250.0,0.0,0.0,0.0,0.0,20.0,0.05,160.0,24.0,SWY,C1CCCC(CCCCCCC2(N3CCCCCCN3)CCCCCCC2)(N2CCCCCCN2)CCC1
0.1,1.1111112,99.0,250.0,0.0,0.0,0.0,0.0,20.0,0.05,160.0,24.0,SWY,C1CCCC(CCCCCCC2(N3CCCCCCN3)CCCCCCC2)(N2CCCCCCN2)CCC1
0.1,1.1111112,99.0,250.0,0.0,0.0,0.0,0.0,20.0,0.05,160.0,24.0,SWY,C1CCCC(CCCCCCC2(N3CCCCCCN3)CCCCCCC2)(N2CCCCCCN2)CCC1
0.1,1.1111112,99.0,250.0,0.0,0.0,0.0,0.0,20.0,0.05,160.0,24.0,SWY,C1CCCC(CCCCCCC2(N3CCCCCCN3)CCCCCCC2)(N2CCCCCCN2)CCC1
0.1,1.1111112,99.0,250.0,0.0,0.0,0.0,0.0,20.0,0.05,160.0,24.0,SWY,C1CCCC(CCCCCCC2(N3CCCCCCN3)CCCCCCC2)(N2CCCCCCN2)CCC1
0.2,1.25,99.0,250.0,0.0,0.0,0.0,0.0,20.0,0.05,160.0,24.0,SWY,C1CCCC(CCCCCCC2(N3CCCCCCN3)CCCCCCC2)(N2CCCCCCN2)CCC1
0.2,1.25,99.0,250.0,0.0,0.0,0.0,0.0,20.0,0.05,160.0,24.0,SWY,C1CCCC(CCCCCCC2(N3CCCCCCN3)CCCCCCC2)(N2CCCCCCN2)CCC1
18.182,1.7179967,10.001101,250.0,0.0,0.0,0.0,0.19047621,2.857143,0.23809524,175.0,168.0,BEA,CC1CC(C)C[N+]2(Cc3ccccc3C2)C1
18.182,1.7179967,10.001101,250.0,0.0,0.0,0.0,0.1904762,6.6666665,0.23809524,175.0,168.0,BEA,CC1CC(C)C[N+]2(Cc3ccccc3C2)C1
9.091,1.7179967,10.001101,250.0,0.0,0.0,0.0,0.18181819,6.3636365,0.22727273,175.0,168.0,BEA,CC1CC(C)C[N+]2(Cc3ccccc3C2)C1
18.182,1.7179967,10.001101,250.0,0.0,0.0,0.0,0.23809518,6.666666,0.23809524,175.0,168.0,BEA,CC1CC(C)C[N+]2(Cc3ccccc3C2)C1
9.091,1.7179967,10.001101,250.0,0.0,0.0,0.0,0.22727273,6.3636365,0.22727273,175.0,168.0,BEA,CC1CC(C)C[N+]2(Cc3ccccc3C2)C1
41.650005,1.7179967,4.9880238,250.0,0.0,0.0,0.49019605,0.0,9.803922,0.24509804,175.0,336.0,ITG,C[N+]1(C)CCC([N+]2(C)CCCC2)CC1
16.659996,1.7179967,4.9880238,250.0,0.0,0.0,0.47619042,0.0,9.523809,0.23809524,175.0,336.0,ITG,C[N+]1(C)CCC([N+]2(C)CCCC2)CC1
400.0,0.0,1.9411763,32.999943,0.0,0.0,0.43137255,0.0,9.803922,0.24509804,175.0,336.0,ITG,C[N+]1(C)CCC([N+]2(C)CCCC2)CC1
400.0,0.0,4.9880238,41.649956,0.0,0.0,0.43137255,0.0,9.803922,0.24509804,175.0,336.0,ITG,C[N+]1(C)CCC([N+]2(C)CCCC2)CC1
400.0,0.0,1.9411763,13.200001,0.0,0.0,0.33333334,0.0,9.523809,0.23809524,175.0,336.0,ITG,C[N+]1(C)CCC([N+]2(C)CCCC2)CC1
400.0,0.0,4.9880238,16.659998,0.0,0.0,0.33333334,0.0,9.523809,0.23809524,175.0,336.0,ITG,C[N+]1(C)CCC([N+]2(C)CCCC2)CC1
41.650005,1.7179967,4.9880238,250.0,0.0,0.0,0.49019605,0.0,9.803922,0.24509804,175.0,336.0,ITG,C[N+]1(C)CCC([N+]2(C)CCCC2)CC1
45.455,1.7179967,10.001101,250.0,0.0,0.0,0.49019605,0.0,9.803922,0.24509804,175.0,336.0,ITG,C[N+]1(C)CCC([N+]2(C)CCCC2)CC1
16.659996,1.7179967,4.9880238,250.0,0.0,0.0,0.47619042,0.0,9.523809,0.23809524,175.0,336.0,ITG,C[N+]1(C)CCC([N+]2(C)CCCC2)CC1
400.0,0.0,4.9880238,41.649956,0.0,0.0,0.43137255,0.0,9.803922,0.24509804,175.0,336.0,ITG,C[N+]1(C)CCC([N+]2(C)CCCC2)CC1
400.0,0.0,10.001101,45.454967,0.0,0.0,0.43137255,0.0,9.803922,0.24509804,175.0,336.0,ITG,C[N+]1(C)CCC([N+]2(C)CCCC2)CC1
400.0,0.0,15.0,46.875015,0.0,0.0,0.43137255,0.0,9.803922,0.24509804,175.0,336.0,ITG,C[N+]1(C)CCC([N+]2(C)CCCC2)CC1
400.0,0.0,4.9880238,16.659998,0.0,0.0,0.33333334,0.0,9.523809,0.23809524,175.0,336.0,ITG,C[N+]1(C)CCC([N+]2(C)CCCC2)CC1
400.0,0.0,10.001101,18.182,0.0,0.0,0.33333334,0.0,9.523809,0.23809524,175.0,336.0,ITG,C[N+]1(C)CCC([N+]2(C)CCCC2)CC1
400.0,0.0,15.0,18.75,0.0,0.0,0.33333334,0.0,9.523809,0.23809524,175.0,336.0,ITG,C[N+]1(C)CCC([N+]2(C)CCCC2)CC1
41.650005,1.7179967,4.9880238,250.0,0.0,0.0,0.49019605,0.0,19.607843,0.24509804,175.0,336.0,ITG,C[N+]1(C)CCC([N+]2(C)CCCC2)CC1
45.455,1.7179967,10.001101,250.0,0.0,0.0,0.49019605,0.0,19.607843,0.24509804,175.0,336.0,ITG,C[N+]1(C)CCC([N+]2(C)CCCC2)CC1
16.659996,1.7179967,4.9880238,250.0,0.0,0.0,0.47619042,0.0,19.047617,0.23809524,175.0,336.0,ITG,C[N+]1(C)CCC([N+]2(C)CCCC2)CC1
400.0,0.0,4.9880238,41.649956,0.0,0.0,0.43137255,0.0,19.607843,0.24509804,175.0,336.0,ITG,C[N+]1(C)CCC([N+]2(C)CCCC2)CC1
400.0,0.0,10.001101,45.454967,0.0,0.0,0.43137255,0.0,19.607843,0.24509804,175.0,336.0,ITG,C[N+]1(C)CCC([N+]2(C)CCCC2)CC1
400.0,0.0,4.9880238,16.659998,0.0,0.0,0.33333334,0.0,19.047617,0.23809524,175.0,336.0,ITG,C[N+]1(C)CCC([N+]2(C)CCCC2)CC1
30.0,1.7179967,99.0,250.0,0.0,0.0,0.17741933,0.0,14.5161295,0.17741938,70.0,300.00003,Dense/Amorphous,CCC[N+](CCC)(CCC)CCC
30.0,1.7179967,99.0,250.0,0.0,0.0,0.17741933,0.0,14.5161295,0.17741938,90.0,124.99994,Dense/Amorphous,CCC[N+](CCC)(CCC)CCC
400.0,0.0,99.0,250.0,0.0,0.0,0.0,0.5,7.0,0.5,150.0,1728.0065,Dense/Amorphous,CCC[N+](CCC)(CCC)CCC
400.0,0.0,99.0,250.0,0.0,0.0,0.0,0.5,7.0,0.5,150.0,1080.0002,Dense/Amorphous,CCC[N+](CCC)(CCC)CCC
400.0,0.0,99.0,250.0,0.0,0.0,0.4,0.0,19.5,0.4,80.0,1.5,Dense/Amorphous,CCC[N+](CCC)(CCC)CCC
0.26315796,0.95000005,99.0,250.0,0.0,0.0,0.0,0.0,27.272728,0.45454547,180.0,72.0,Dense/Amorphous,CCC[N+](CCC)(CCC)CCC
2.5,1.7179967,99.0,250.0,0.0,0.0,1.1428573,0.0,25.714285,1.1428571,100.0,72.0,Dense/Amorphous,CCC[N+](CCC)(CCC)CCC
2.5,1.7179967,99.0,250.0,0.0,0.0,1.1428573,0.0,25.714285,1.1428571,100.0,72.0,Dense/Amorphous,CCC[N+](CCC)(CCC)CCC
400.0,0.0,99.0,250.0,0.0,0.0,0.0,0.0,58.33333,0.5333333,190.0,168.0,Dense/Amorphous,CCC[N+](CCC)(CCC)CCC
400.0,0.0,99.0,250.0,0.0,0.0,0.0,0.0,0.0,0.0,80.0,24.999998,Dense/Amorphous,CCC[N+](CCC)(CCC)CCC
400.0,0.0,99.0,250.0,0.0,0.0,0.0,0.0,0.0,0.0,80.0,24.999998,Dense/Amorphous,CCC[N+](CCC)(CCC)CCC
400.0,0.0,99.0,250.0,0.0,0.0,0.0,0.0,0.0,0.0,80.0,24.999998,Dense/Amorphous,CCC[N+](CCC)(CCC)CCC
400.0,0.0,99.0,250.0,0.0,0.0,0.0,0.0,0.0,0.0,80.0,24.999998,Dense/Amorphous,CCC[N+](CCC)(CCC)CCC
400.0,0.0,99.0,250.0,0.0,0.0,0.0,0.0,0.0,0.0,80.0,24.999998,Dense/Amorphous,CCC[N+](CCC)(CCC)CCC
400.0,0.0,99.0,250.0,0.0,0.0,0.0,0.0,0.0,0.0,80.0,24.999998,Dense/Amorphous,CCC[N+](CCC)(CCC)CCC
0.0,0.8999999,0.0,0.0,0.0,0.0,0.0,0.78947204,131.57913,0.39473683,180.0,12.0,Dense/Amorphous,CCC[N+](CCC)(CCC)CCC
0.0,1.3000002,0.0,0.0,0.0,0.0,0.0,0.652174,108.695496,0.326087,180.0,12.0,Dense/Amorphous,CCC[N+](CCC)(CCC)CCC
400.0,0.0,99.0,250.0,0.0,0.0,0.5,0.0,10.0,0.5,140.0,1.0,Dense/Amorphous,CCC[N+](CCC)(CCC)CCC
400.0,0.0,99.0,250.0,0.0,0.0,0.25,0.0,10.0,0.25,140.0,1.0,Dense/Amorphous,CCC[N+](CCC)(CCC)CCC
400.0,0.0,99.0,250.0,0.0,0.0,0.16666667,0.0,10.0,0.16666669,140.0,1.0,Dense/Amorphous,CCC[N+](CCC)(CCC)CCC
400.0,0.0,99.0,250.0,0.0,0.0,0.12500001,0.0,10.0,0.12499996,140.0,1.0,Dense/Amorphous,CCC[N+](CCC)(CCC)CCC
400.0,0.0,99.0,250.0,0.0,0.0,0.083333395,0.0,10.0,0.083333336,140.0,1.0,Dense/Amorphous,CCC[N+](CCC)(CCC)CCC
400.0,0.0,99.0,250.0,0.0,0.0,0.06249998,0.0,1.0,0.0625,140.0,1.0,Dense/Amorphous,CCC[N+](CCC)(CCC)CCC
400.0,0.0,99.0,250.0,0.0,0.0,0.16666667,0.0,10.0,0.16666669,140.0,2.0,Dense/Amorphous,CCC[N+](CCC)(CCC)CCC
400.0,0.0,99.0,250.0,0.0,0.0,0.12500001,0.0,10.0,0.12499996,140.0,2.0,Dense/Amorphous,CCC[N+](CCC)(CCC)CCC
400.0,0.0,99.0,250.0,0.0,0.0,0.083333395,0.0,10.0,0.083333336,140.0,2.0,Dense/Amorphous,CCC[N+](CCC)(CCC)CCC
400.0,0.0,99.0,250.0,0.0,0.0,0.06249998,0.0,1.0,0.0625,140.0,2.0,Dense/Amorphous,CCC[N+](CCC)(CCC)CCC
400.0,0.0,99.0,250.0,0.0,0.0,0.06249998,0.0,1.0,0.0625,140.0,4.0,Dense/Amorphous,CCC[N+](CCC)(CCC)CCC
400.0,0.0,99.0,250.0,0.0,0.0,0.5,0.0,10.0,0.5,140.0,1.0,Dense/Amorphous,CCC[N+](CCC)(CCC)CCC
400.0,0.0,99.0,250.0,0.0,0.0,0.25,0.0,10.0,0.25,140.0,1.0,Dense/Amorphous,CCC[N+](CCC)(CCC)CCC
400.0,0.0,99.0,250.0,0.0,0.0,0.16666667,0.0,10.0,0.16666669,140.0,1.0,Dense/Amorphous,CCC[N+](CCC)(CCC)CCC
400.0,0.0,99.0,250.0,0.0,0.0,0.12500001,0.0,10.0,0.12499996,140.0,1.0,Dense/Amorphous,CCC[N+](CCC)(CCC)CCC
400.0,0.0,99.0,250.0,0.0,0.0,0.083333395,0.0,10.0,0.083333336,140.0,1.0,Dense/Amorphous,CCC[N+](CCC)(CCC)CCC
400.0,0.0,99.0,250.0,0.0,0.0,0.06249998,0.0,1.0,0.0625,140.0,1.0,Dense/Amorphous,CCC[N+](CCC)(CCC)CCC
400.0,0.0,99.0,250.0,0.0,0.0,0.12500001,0.0,10.0,0.12499996,140.0,2.0,Dense/Amorphous,CCC[N+](CCC)(CCC)CCC
400.0,0.0,99.0,250.0,0.0,0.0,0.083333395,0.0,10.0,0.083333336,140.0,2.0,Dense/Amorphous,CCC[N+](CCC)(CCC)CCC
400.0,0.0,99.0,250.0,0.0,0.0,0.06249998,0.0,1.0,0.0625,140.0,2.0,Dense/Amorphous,CCC[N+](CCC)(CCC)CCC
400.0,0.0,99.0,250.0,0.0,0.0,0.5,0.0,10.0,0.5,140.0,1.0,Dense/Amorphous,CCC[N+](CCC)(CCC)CCC
400.0,0.0,99.0,250.0,0.0,0.0,0.25,0.0,10.0,0.25,140.0,1.0,Dense/Amorphous,CCC[N+](CCC)(CCC)CCC
400.0,0.0,99.0,250.0,0.0,0.0,0.16666667,0.0,10.0,0.16666669,140.0,1.0,Dense/Amorphous,CCC[N+](CCC)(CCC)CCC
400.0,0.0,99.0,250.0,0.0,0.0,0.12500001,0.0,10.0,0.12499996,140.0,1.0,Dense/Amorphous,CCC[N+](CCC)(CCC)CCC
400.0,0.0,99.0,250.0,0.0,0.0,0.083333395,0.0,10.0,0.083333336,140.0,1.0,Dense/Amorphous,CCC[N+](CCC)(CCC)CCC
400.0,0.0,99.0,250.0,0.0,0.0,0.06249998,0.0,1.0,0.0625,140.0,1.0,Dense/Amorphous,CCC[N+](CCC)(CCC)CCC
400.0,0.0,99.0,250.0,0.0,0.0,0.5,0.0,10.0,0.5,140.0,2.0,Dense/Amorphous,CCC[N+](CCC)(CCC)CCC
400.0,0.0,99.0,250.0,0.0,0.0,0.25,0.0,10.0,0.25,140.0,2.0,Dense/Amorphous,CCC[N+](CCC)(CCC)CCC
400.0,0.0,99.0,250.0,0.0,0.0,0.16666667,0.0,10.0,0.16666669,140.0,2.0,Dense/Amorphous,CCC[N+](CCC)(CCC)CCC
400.0,0.0,99.0,250.0,0.0,0.0,0.12500001,0.0,10.0,0.12499996,140.0,2.0,Dense/Amorphous,CCC[N+](CCC)(CCC)CCC
400.0,0.0,99.0,250.0,0.0,0.0,0.083333395,0.0,10.0,0.083333336,140.0,2.0,Dense/Amorphous,CCC[N+](CCC)(CCC)CCC
400.0,0.0,99.0,250.0,0.0,0.0,0.06249998,0.0,1.0,0.0625,140.0,2.0,Dense/Amorphous,CCC[N+](CCC)(CCC)CCC
400.0,0.0,99.0,250.0,0.0,0.0,0.12500001,0.0,10.0,0.12499996,140.0,4.0,Dense/Amorphous,CCC[N+](CCC)(CCC)CCC
400.0,0.0,99.0,250.0,0.0,0.0,0.083333395,0.0,10.0,0.083333336,140.0,4.0,Dense/Amorphous,CCC[N+](CCC)(CCC)CCC
400.0,0.0,99.0,250.0,0.0,0.0,0.06249998,0.0,1.0,0.0625,140.0,4.0,Dense/Amorphous,CCC[N+](CCC)(CCC)CCC
400.0,0.0,99.0,250.0,0.0,0.0,0.083333395,0.0,10.0,0.083333336,140.0,6.0,Dense/Amorphous,CCC[N+](CCC)(CCC)CCC
400.0,0.0,99.0,250.0,0.0,0.0,0.06249998,0.0,1.0,0.0625,140.0,6.0,Dense/Amorphous,CCC[N+](CCC)(CCC)CCC
400.0,0.0,99.0,250.0,0.0,0.0,0.0,0.0,17.424974,0.0,170.0,72.0,Dense/Amorphous,CCC[N+](CCC)(CCC)CCC
20.0,1.7179967,99.0,250.0,0.0,0.0,0.095238104,0.0,38.09524,0.0952381,180.0,72.0,Dense/Amorphous,CCC[N+](CCC)(CCC)CCC
20.0,1.7179967,99.0,250.0,0.0,0.0,0.095238104,0.0,38.09524,0.0952381,180.0,72.0,Dense/Amorphous,CCC[N+](CCC)(CCC)CCC
20.0,1.7179967,99.0,250.0,1.920999,0.0,0.0952381,0.0,44.80953,0.0952381,150.0,24.0,Dense/Amorphous,CCC[N+](CCC)(CCC)CCC
40.0,1.7179967,99.0,250.0,0.0,0.0,0.25609744,0.0,11.500002,0.25609753,170.0,72.0,Dense/Amorphous,CCC[N+](CCC)(CCC)CCC
39.999958,1.7179967,99.0,250.0,0.0,0.0,0.24390244,0.0,78.048805,0.24390243,180.0,24.0,Dense/Amorphous,CCC[N+](CCC)(CCC)CCC
25.0,1.7179967,99.0,250.0,0.04423073,0.0,0.275,0.0,38.865387,0.23076922,170.0,48.0,Dense/Amorphous,CCC[N+](CCC)(CCC)CCC
50.0,1.7179967,99.0,250.0,0.028823499,0.0,0.2641177,0.0,20.745096,0.23529412,170.0,48.0,Dense/Amorphous,CCC[N+](CCC)(CCC)CCC
10.0,1.7179967,99.0,250.0,1.920999,0.0,0.45454544,0.0,42.045452,0.22727273,170.0,48.0,Dense/Amorphous,CCC[N+](CCC)(CCC)CCC
400.0,0.0,99.0,250.0,0.0,0.0,0.8,0.0,20.0,0.4,120.0,1.0,Dense/Amorphous,CCC[N+](CCC)(CCC)CCC
40.0,1.7179967,99.0,250.0,0.19512196,0.0,0.29268298,0.0,36.585373,0.09756098,190.0,14.0,Dense/Amorphous,CCC[N+](CCC)(CCC)CCC
40.0,1.7179967,99.0,250.0,0.19512196,0.0,0.24390244,0.0,36.585373,0.048780497,190.0,14.0,Dense/Amorphous,CCC[N+](CCC)(CCC)CCC
40.0,1.7179967,99.0,250.0,0.19512196,0.0,0.27317074,0.0,36.585373,0.07804877,190.0,8.0,Dense/Amorphous,CCC[N+](CCC)(CCC)CCC
40.0,1.7179967,99.0,250.0,0.19512196,0.0,0.27317074,0.0,36.585373,0.07804877,190.0,8.0,Dense/Amorphous,CCC[N+](CCC)(CCC)CCC
40.0,1.7179967,99.0,250.0,0.19512196,0.0,0.27317074,0.0,36.585373,0.07804877,190.0,8.0,Dense/Amorphous,CCC[N+](CCC)(CCC)CCC
0.2,1.0,99.0,250.0,0.0,0.0,0.0,0.0,11.363636,0.45454547,170.0,0.0,Dense/Amorphous,CCC[N+](CCC)(CCC)CCC
0.2,1.0,99.0,250.0,0.0,0.0,0.0,0.0,11.363636,0.45454547,170.0,6.0,Dense/Amorphous,CCC[N+](CCC)(CCC)CCC
0.2,1.0,99.0,250.0,0.0,0.0,0.0,0.0,11.363636,0.45454547,170.0,16.5,Dense/Amorphous,CCC[N+](CCC)(CCC)CCC
0.2,1.0,99.0,250.0,0.0,0.0,0.0,0.0,11.363636,0.45454547,170.0,18.999996,Dense/Amorphous,CCC[N+](CCC)(CCC)CCC
0.2,1.0,99.0,250.0,0.0,0.0,0.0,0.0,11.363636,0.45454547,170.0,22.0,Dense/Amorphous,CCC[N+](CCC)(CCC)CCC
400.0,0.0,99.0,250.0,0.0,0.0,0.42,0.0,40.0,0.36,150.0,0.0,Dense/Amorphous,CCC[N+](CCC)(CCC)CCC
50.0,1.7179967,99.0,250.0,0.09803922,0.0,0.34313726,0.0,78.431366,0.24509804,170.0,0.75000006,Dense/Amorphous,CCC[N+](CCC)(CCC)CCC
50.0,1.7179967,99.0,250.0,0.09803922,0.0,0.34313726,0.0,78.431366,0.24509804,170.0,0.8666999,Dense/Amorphous,CCC[N+](CCC)(CCC)CCC
20.0,1.7179967,99.0,250.0,0.019047625,0.0,0.24761902,0.0,18.285717,0.22857143,100.0,72.0,Dense/Amorphous,CCC[N+](CCC)(CCC)CCC
400.0,0.0,99.0,250.0,0.4,0.0,0.5,0.0,144.00006,0.1,150.0,10.0,Dense/Amorphous,CCC[N+](CCC)(CCC)CCC
400.0,0.0,99.0,250.0,0.4,0.0,0.5,0.0,144.00006,0.1,150.0,10.0,Dense/Amorphous,CCC[N+](CCC)(CCC)CCC
25.0,1.7179967,99.0,250.0,0.09615385,0.0,0.0,1.25,4.807692,0.5384615,170.0,455.99985,Dense/Amorphous,CCC[N+](CCC)(CCC)CCC
0.0,1.0,0.0,0.0,0.0,0.0,0.0,0.0,25.0,0.625,150.0,120.0,Dense/Amorphous,CCC[N+](CCC)(CCC)CCC
5.0,1.7179967,99.0,250.0,0.0,0.0,0.6666667,0.0,29.16667,0.6666667,100.0,624.00024,Dense/Amorphous,CCC[N+](CCC)(CCC)CCC
2.0,1.7179967,99.0,250.0,0.0,0.0,0.53333336,0.0,23.333334,0.5333333,100.0,624.00024,Dense/Amorphous,CCC[N+](CCC)(CCC)CCC
5.0,1.7179967,99.0,250.0,0.0,0.0,0.6666667,0.0,29.16667,0.6666667,150.0,120.0,Dense/Amorphous,CCC[N+](CCC)(CCC)CCC
5.0,1.7179967,99.0,250.0,0.0,0.0,0.6666667,0.0,29.16667,0.6666667,150.0,312.0,Dense/Amorphous,CCC[N+](CCC)(CCC)CCC
2.0,1.7179967,99.0,250.0,0.0,0.0,0.53333336,0.0,23.333334,0.5333333,150.0,120.0,Dense/Amorphous,CCC[N+](CCC)(CCC)CCC
2.0,1.7179967,99.0,250.0,0.0,0.0,0.53333336,0.0,23.333334,0.5333333,150.0,312.0,Dense/Amorphous,CCC[N+](CCC)(CCC)CCC
5.0,1.7179967,99.0,250.0,0.0,0.0,0.6666667,0.0,29.16667,0.6666667,200.0,120.0,Dense/Amorphous,CCC[N+](CCC)(CCC)CCC
5.0,1.7179967,99.0,250.0,0.0,0.0,0.6666667,0.0,29.16667,0.6666667,200.0,312.0,Dense/Amorphous,CCC[N+](CCC)(CCC)CCC
2.0,1.7179967,99.0,250.0,0.0,0.0,0.53333336,0.0,23.333334,0.5333333,200.0,120.0,Dense/Amorphous,CCC[N+](CCC)(CCC)CCC
2.0,1.7179967,99.0,250.0,0.0,0.0,0.53333336,0.0,23.333334,0.5333333,200.0,312.0,Dense/Amorphous,CCC[N+](CCC)(CCC)CCC
400.0,0.0,99.0,22.999994,0.0,0.0,0.13541666,0.0,36.458332,0.2604167,185.0,12.0,Dense/Amorphous,CCC[N+](CCC)(CCC)CCC
400.0,0.0,99.0,22.999994,0.0,0.0,0.0,0.52083325,36.458332,0.5208333,185.0,12.0,Dense/Amorphous,CCC[N+](CCC)(CCC)CCC
400.0,0.0,99.0,22.999994,0.0,0.0,0.0,0.52083325,36.458332,0.5208333,185.0,24.0,Dense/Amorphous,CCC[N+](CCC)(CCC)CCC
400.0,0.0,99.0,250.0,0.0,0.0,0.0,0.52083325,36.458332,0.5208333,185.0,24.0,Dense/Amorphous,CCC[N+](CCC)(CCC)CCC
400.0,0.0,99.0,250.0,0.0,0.0,0.0,0.0,36.458332,0.2604167,185.0,96.0,Dense/Amorphous,CCC[N+](CCC)(CCC)CCC
400.0,0.0,99.0,250.0,0.0,0.0,0.0,0.0,36.458332,0.2604167,185.0,144.0,Dense/Amorphous,CCC[N+](CCC)(CCC)CCC
0.0,0.9,0.0,0.0,0.0,0.0,0.0,0.0,52.63158,0.52631575,170.0,24.0,Dense/Amorphous,CCC[N+](CCC)(CCC)CCC
16.666666,1.7179967,99.0,250.0,0.0,0.18867917,0.18867923,0.0,41.50943,0.20754717,170.0,156.0,MFI,C1CCNCC1
16.666666,1.7179967,99.0,250.0,0.0,0.18867917,0.18867923,0.0,41.50943,0.20754717,170.0,156.0,MFI,C1CCNCC1
0.0,0.0,0.0,0.0,0.0,0.0,2.4341676,0.0,0.0,6.097583,170.0,355.13312,NON,C[N+]1(CCCCC[N+]2(C)CCCCCC2)CCCCCC1
8.0,1.7179967,99.0,250.0,0.0,0.0,1.7777778,0.0,26.666666,0.8888889,150.0,96.0,UFI,CC[N+](CC)(CC)CC
8.0,1.7179967,99.0,250.0,0.0,0.0,1.7777778,0.0,26.666666,0.8888889,150.0,336.0,UFI,CC[N+](CC)(CC)CC
8.0,1.7179967,99.0,250.0,0.0,0.0,1.7777778,0.0,26.666666,0.8888889,150.0,168.0,UFI,CC[N+](CC)(CC)CC
8.0,1.7179967,99.0,250.0,0.055555567,0.0,1.7777778,0.0,26.666666,0.8888889,150.0,240.0,UFI,CC[N+](CC)(CC)CC
8.0,1.7179967,99.0,250.0,0.055555567,0.0,1.7777778,0.0,26.666666,0.8888889,150.0,240.0,UFI,CC[N+](CC)(CC)CC
8.0,1.7179967,99.0,250.0,0.0,0.0,1.7777778,0.0,26.666666,0.8888889,150.0,336.0,UFI,CC[N+](CC)(CC)CC
8.0,1.7179967,99.0,250.0,0.055555567,0.0,1.7777778,0.0,26.666666,0.8888889,140.0,168.0,UFI,CC[N+](CC)(CC)CC
8.0,1.7179967,99.0,250.0,0.055555567,0.0,1.7777778,0.0,26.666666,0.8888889,150.0,72.0,UFI,CC[N+](CC)(CC)CC
8.0,1.7179967,99.0,250.0,0.0,0.0,1.7777778,0.0,31.111105,0.8888889,150.0,96.0,UFI,CC[N+](CC)(CC)CC
8.0,1.7179967,99.0,250.0,0.0,0.0,1.7777778,0.0,31.111105,0.8888889,150.0,96.0,UFI,CC[N+](CC)(CC)CC
8.0,1.7179967,99.0,250.0,0.0,0.0,1.7777778,0.0,26.666666,0.8888889,125.0,672.0,UFI,CC[N+](CC)(CC)CC
120.0,1.7179967,99.0,250.0,0.9917358,0.0,1.2892563,0.0,39.669422,0.14876033,160.0,336.0,MOR,C[N+]1(CCCC[N+]2(C)CCCC2)CCCC1
15.0,1.7179967,99.0,250.0,0.022812517,0.0,0.30406252,0.0,37.5,0.140625,160.0,336.0,MOR,C[N+]1(CCCC[N+]2(C)CCCC2)CCCC1
0.0,0.9,0.0,0.0,0.0,0.0,0.0,0.0,52.63158,0.52631575,170.0,24.0,AFI,CC(C)CNCC(C)C
400.0,0.0,99.0,250.0,0.0,0.0,0.3,0.0,50.999977,0.15,135.0,216.0,Dense/Amorphous,CCCCCCCC[N+]1(C)CCC(CCCC2CC[N+](C)(CCCCCCCC)CC2)CC1
400.0,0.0,99.0,250.0,0.0,0.0,0.3,0.0,50.999977,0.15,150.0,108.0,Dense/Amorphous,CCCCCCCC[N+]1(C)CCC(CCCC2CC[N+](C)(CCCCCCCC)CC2)CC1
0.0,1.0,0.0,0.0,0.0,0.0,0.0,0.0,5.0,0.3,135.0,120.0,Dense/Amorphous,CN(C)c1cccc2cccc(N(C)C)c12
0.0,1.0,0.0,0.0,0.0,0.0,0.0,0.0,5.0,0.5,135.0,120.0,Dense/Amorphous,CN(C)c1cccc2cccc(N(C)C)c12
0.0,1.0,0.0,0.0,0.0,0.0,0.0,0.0,10.0,0.3,135.0,120.0,Dense/Amorphous,CN(C)c1cccc2cccc(N(C)C)c12
0.0,1.0,0.0,0.0,0.0,0.0,0.0,0.0,10.0,0.5,135.0,120.0,Dense/Amorphous,CN(C)c1cccc2cccc(N(C)C)c12
0.0,1.0,0.0,0.0,0.0,0.0,0.0,0.0,30.0,0.3,135.0,120.0,Dense/Amorphous,CN(C)c1cccc2cccc(N(C)C)c12
0.0,1.0,0.0,0.0,0.0,0.0,0.0,0.0,30.0,0.5,135.0,120.0,Dense/Amorphous,CN(C)c1cccc2cccc(N(C)C)c12
0.18999997,1.1111112,99.0,250.0,0.0,0.0,0.0,0.0,4.5454545,0.27272728,135.0,120.0,Dense/Amorphous,CN(C)c1cccc2cccc(N(C)C)c12
0.18999997,1.1111112,99.0,250.0,0.0,0.0,0.0,0.0,4.5454545,0.45454547,135.0,120.0,Dense/Amorphous,CN(C)c1cccc2cccc(N(C)C)c12
0.18999997,1.1111112,99.0,250.0,0.0,0.0,0.0,0.0,9.090909,0.27272728,135.0,120.0,Dense/Amorphous,CN(C)c1cccc2cccc(N(C)C)c12
0.18999997,1.1111112,99.0,250.0,0.0,0.0,0.0,0.0,9.090909,0.45454547,135.0,120.0,Dense/Amorphous,CN(C)c1cccc2cccc(N(C)C)c12
0.18999997,1.1111112,99.0,250.0,0.0,0.0,0.0,0.0,27.272728,0.27272728,135.0,120.0,Dense/Amorphous,CN(C)c1cccc2cccc(N(C)C)c12
0.18999997,1.1111112,99.0,250.0,0.0,0.0,0.0,0.0,27.272728,0.45454547,135.0,120.0,Dense/Amorphous,CN(C)c1cccc2cccc(N(C)C)c12
0.36,1.25,99.0,250.0,0.0,0.0,0.0,0.0,4.166666,0.25,135.0,120.0,Dense/Amorphous,CN(C)c1cccc2cccc(N(C)C)c12
0.36,1.25,99.0,250.0,0.0,0.0,0.0,0.0,4.166666,0.41666666,135.0,120.0,Dense/Amorphous,CN(C)c1cccc2cccc(N(C)C)c12
0.36000007,1.25,99.0,250.0,0.0,0.0,0.0,0.0,8.333333,0.25,135.0,120.0,Dense/Amorphous,CN(C)c1cccc2cccc(N(C)C)c12
0.36000007,1.249999,99.0,250.0,0.0,0.0,0.0,0.0,8.333333,0.41666666,135.0,120.0,Dense/Amorphous,CN(C)c1cccc2cccc(N(C)C)c12
0.36000007,1.25,99.0,250.0,0.0,0.0,0.0,0.0,25.0,0.25,135.0,120.0,Dense/Amorphous,CN(C)c1cccc2cccc(N(C)C)c12
0.36000007,1.25,99.0,250.0,0.0,0.0,0.0,0.0,25.0,0.41666666,135.0,120.0,Dense/Amorphous,CN(C)c1cccc2cccc(N(C)C)c12
0.0,1.0,0.0,0.0,0.0,0.0,0.0,0.0,5.0,0.3,150.0,120.0,Dense/Amorphous,CN(C)c1cccc2cccc(N(C)C)c12
0.0,1.0,0.0,0.0,0.0,0.0,0.0,0.0,10.0,0.5,150.0,120.0,Dense/Amorphous,CN(C)c1cccc2cccc(N(C)C)c12
0.0,1.0,0.0,0.0,0.0,0.0,0.0,0.0,10.0,0.5,150.0,120.0,Dense/Amorphous,CN(C)c1cccc2cccc(N(C)C)c12
0.18999997,1.1111112,99.0,250.0,0.0,0.0,0.0,0.0,4.5454545,0.27272728,150.0,120.0,Dense/Amorphous,CN(C)c1cccc2cccc(N(C)C)c12
0.18999997,1.1111112,99.0,250.0,0.0,0.0,0.0,0.0,9.090909,0.45454547,150.0,120.0,Dense/Amorphous,CN(C)c1cccc2cccc(N(C)C)c12
0.18999997,1.1111112,99.0,250.0,0.0,0.0,0.0,0.0,9.090909,0.45454547,150.0,120.0,Dense/Amorphous,CN(C)c1cccc2cccc(N(C)C)c12
0.36,1.25,99.0,250.0,0.0,0.0,0.0,0.0,4.166666,0.25,150.0,120.0,Dense/Amorphous,CN(C)c1cccc2cccc(N(C)C)c12
0.36000007,1.249999,99.0,250.0,0.0,0.0,0.0,0.0,8.333333,0.41666666,150.0,120.0,Dense/Amorphous,CN(C)c1cccc2cccc(N(C)C)c12
0.36,1.25,99.0,250.0,0.0,0.0,0.0,0.0,4.166666,0.25,150.0,120.0,Dense/Amorphous,CN(C)c1cccc2cccc(N(C)C)c12
0.36000007,1.249999,99.0,250.0,0.0,0.0,0.0,0.0,8.333333,0.41666666,150.0,120.0,Dense/Amorphous,CN(C)c1cccc2cccc(N(C)C)c12
400.0,1.7179967,99.0,250.0,0.06982545,0.0,0.055860337,0.0,29.925186,0.99750626,160.0,65.0,TON,CCC(C)N
400.0,1.7179967,99.0,250.0,0.10972567,0.0,0.08778055,0.0,29.925186,0.99750626,160.0,20.0,TON,CCC(C)N
400.0,1.7179967,99.0,250.0,0.1396509,0.0,0.11172071,0.0,29.925186,0.99750626,160.0,20.0,TON,CCC(C)N
400.0,1.7179967,99.0,250.0,0.039900243,0.0,0.031920183,0.0,29.925186,1.9950125,160.0,65.0,TON,CCC(C)N
400.0,1.7179967,99.0,250.0,0.06982545,0.0,0.055860337,0.0,29.925186,1.9950125,160.0,65.0,TON,CCC(C)N
400.0,0.0,99.0,250.0,0.0,0.0,0.0,0.3060022,7.0615926,0.19615535,170.0,180.0,Dense/Amorphous,C1C[N+]2(C[N+]34CCN(CC3)CC4)CCN1CC2
100.0,1.7179967,99.0,250.0,0.0,0.0,0.0,0.0,0.0,0.0,170.0,294.98297,Dense/Amorphous,CC[N@+]1(C)CCCC[C@H]1C
300.0,1.7179967,99.0,250.0,0.0,0.0,0.0,0.0,0.0,0.0,160.0,601.61597,Dense/Amorphous,CC[N@+]1(C)CCCC[C@H]1C
14.925373,1.7179967,99.0,250.0,0.47797564,0.0,0.13120894,0.0,26.241795,0.13120897,140.0,72.0,MOR,C[C@H]1CCC[C@@H](C)[N+]1(C)C
0.0,0.0,0.0,0.0,0.0,0.0,0.0,0.0,200.0,0.0,170.0,168.0,AFX,NCCCOCCOCCOCCCN
30.03003,1.7179967,99.0,250.0,0.5806638,0.0,0.7742185,0.0,43.065903,0.09677732,160.0,720.0,EUO,C[N+](C)(C)CCCCC[N+](C)(C)C
400.0,1.7179967,99.0,250.0,0.33296698,0.0,0.19978024,0.0,39.956047,0.09989012,160.0,336.0,EUO,C[N+](C)(C)CCCCC[N+](C)(C)C
30.0,1.7179967,99.0,250.0,0.09677418,0.0,0.38709676,0.0,38.70968,0.19354838,160.0,72.0,EUO,C[N+](C)(C)CCCCC[N+](C)(C)C
50.0,1.7179967,99.0,250.0,0.39215705,0.19607845,0.19607843,0.0,4.901961,0.012745118,160.0,120.0,MOR,N
400.0,0.0,1.6315792,250.0,0.0,0.0,0.0,0.25,1.5,0.29,200.0,48.0,IFU,c1ccc2c(c1)C[N+](C1CCCCC1)(C1CCCCC1)C2
400.0,0.0,2.1249993,250.0,0.0,0.0,0.0,0.22999997,1.0999999,0.25,200.0,48.0,IFU,c1ccc2c(c1)C[N+](C1CCCCC1)(C1CCCCC1)C2
400.0,0.0,0.80000114,250.0,0.0,0.0,0.0,1.25,15.388889,6.097583,140.0,120.0,STW,CC(C)NC(C)C
0.0,1.7179967,0.0,0.0,0.0,0.0,0.0,0.0,200.0,6.097583,160.0,168.0,JST,NCCN
0.0,1.7179967,0.0,0.0,0.0,0.0,0.0,0.0,200.0,6.097583,160.0,168.0,JST,NCCN
0.0,0.0,0.0,0.0,0.0,0.0,0.0,0.0,200.0,6.097583,160.0,168.0,JST,NCCN
0.0,0.0,0.0,0.0,0.0,0.0,0.0,0.0,200.0,6.097583,160.0,168.0,JST,NCCN
0.0,0.0,0.0,0.0,0.0,0.0,0.0,0.9946241,39.82258,5.3763657,180.0,192.0,JST,NCCN
0.0,1.0,0.0,0.0,0.0,0.0,0.0,0.0,10.0,0.125,200.0,67.999985,AWO,NCCN
0.0,0.0,0.0,0.0,0.0,0.0,0.0,0.0,200.0,0.0,180.0,240.0,AST,C[N+](C)(C)C
400.0,0.0,99.0,250.0,0.0,0.0,0.0,0.54,86.000015,0.0,180.0,240.0,AST,C[N+](C)(C)C
400.0,0.0,1.0,250.0,0.0,0.0,0.0,0.25,5.0,0.25,170.0,168.0,UOS,CC[NH+]1C=CN(C)C1
0.0,1.0,0.0,0.0,0.0,0.0,0.0,0.0,10.0,0.25,174.46027,263.86887,AFI,ClCCN1CCC(C2CCN(CCCl)CC2)CC1
0.25,1.0,99.0,250.0,0.0,0.0,0.0,0.0,8.888889,0.22222222,129.18436,68.88593,AFI,ClCCN1CCC(C2CCN(CCCl)CC2)CC1
400.0,0.0,2.0,250.0,0.0,0.0,0.50050044,0.0,3.503503,0.5005005,150.0,48.0,BEC,C[N+]12CCN(CC1)CC2
400.0,0.0,2.0,250.0,0.0,0.0,0.50050044,0.0,3.503503,0.5005005,150.0,144.0,BEC,C[N+]12CCN(CC1)CC2
400.0,0.0,2.0,250.0,0.0,0.0,0.50050044,0.0,3.503503,0.5005005,150.0,288.0,BEC,C[N+]12CCN(CC1)CC2
400.0,0.0,99.0,250.0,0.0,0.13999991,0.20000012,0.0,30.0,0.20000002,150.0,240.0,MWW,C[N+](C)(C)C12CC3CC(CC(C3)C1)C2
400.0,0.0,99.0,250.0,0.0,0.13725486,0.19607843,0.0,29.411766,0.19607843,150.0,240.0,MWW,C[N+](C)(C)C12CC3CC(CC(C3)C1)C2
400.0,0.0,99.0,250.0,0.0,0.13548802,0.19355462,0.0,29.033195,0.19355462,150.0,240.0,MWW,C[N+](C)(C)C12CC3CC(CC(C3)C1)C2
400.0,0.0,99.0,250.0,0.0,0.07000004,0.9100003,0.0,42.999996,0.9100003,150.0,120.0,MWW,C[N+](C)(C)C12CC3CC(CC(C3)C1)C2
400.0,0.0,99.0,250.0,0.0,0.0,0.25,0.0,44.000004,0.25,150.0,72.0,MWW,C[N+](C)(C)C12CC3CC(CC(C3)C1)C2
400.0,0.0,99.0,250.0,0.0,0.0,0.25,0.0,44.0,0.25,150.0,408.0,MWW,C[N+](C)(C)C12CC3CC(CC(C3)C1)C2
400.0,0.0,99.0,250.0,0.0,0.0,0.26000002,0.0,42.999996,0.26,150.0,336.0,MWW,C[N+](C)(C)C12CC3CC(CC(C3)C1)C2
400.0,0.0,99.0,250.0,0.0,0.0,0.25,0.0,44.0,0.25,150.0,408.0,MWW,C[N+](C)(C)C12CC3CC(CC(C3)C1)C2
400.0,0.0,99.0,250.0,0.0,0.0,0.25,0.0,44.000004,0.25,150.0,216.0,MWW,C[N+](C)(C)C12CC3CC(CC(C3)C1)C2
400.0,0.0,99.0,250.0,0.0,0.0,0.25,0.0,44.000004,0.25,150.0,336.0,MWW,C[N+](C)(C)C12CC3CC(CC(C3)C1)C2
400.0,0.0,99.0,250.0,0.0,0.0,0.25,0.0,44.000004,0.25,150.0,672.0,MWW,C[N+](C)(C)C12CC3CC(CC(C3)C1)C2
400.0,0.0,99.0,250.0,0.0,0.0,0.25,0.0,44.000004,0.25,150.0,72.0,MWW,C[N+](C)(C)C12CC3CC(CC(C3)C1)C2
400.0,0.0,99.0,250.0,0.0,0.0,0.25,0.0,44.000004,0.25,150.0,120.0,MWW,C[N+](C)(C)C12CC3CC(CC(C3)C1)C2
400.0,0.0,99.0,250.0,0.0,0.0,0.25,0.0,44.000004,0.25,150.0,168.0,MWW,C[N+](C)(C)C12CC3CC(CC(C3)C1)C2
400.0,0.0,99.0,250.0,0.0,0.0,0.25,0.0,44.000004,0.25,150.0,216.0,MWW,C[N+](C)(C)C12CC3CC(CC(C3)C1)C2
400.0,0.0,99.0,250.0,0.0,0.0,0.25,0.0,44.000004,0.25,150.0,336.0,MWW,C[N+](C)(C)C12CC3CC(CC(C3)C1)C2
400.0,0.0,99.0,250.0,0.0,0.0,0.25,0.0,44.000004,0.25,150.0,672.0,MWW,C[N+](C)(C)C12CC3CC(CC(C3)C1)C2
400.0,0.0,99.0,250.0,0.0,0.0,0.25,0.0,44.000004,0.25,150.0,72.0,MWW,C[N+](C)(C)C12CC3CC(CC(C3)C1)C2
400.0,0.0,99.0,250.0,0.0,0.0,0.25,0.0,44.000004,0.25,150.0,168.0,MWW,C[N+](C)(C)C12CC3CC(CC(C3)C1)C2
400.0,0.0,99.0,250.0,0.0,0.0,0.25,0.0,44.0,0.25,150.0,408.0,MWW,C[N+](C)(C)C12CC3CC(CC(C3)C1)C2
400.0,0.0,99.0,250.0,0.0,0.0,0.25,0.0,44.0,0.25,150.0,72.0,MWW,C[N+](C)(C)C12CC3CC(CC(C3)C1)C2
400.0,0.0,99.0,250.0,0.15,0.0,0.4,0.0,44.0,0.25,150.0,120.0,MWW,C[N+](C)(C)C12CC3CC(CC(C3)C1)C2
400.0,0.0,99.0,250.0,0.15,0.0,0.4,0.0,44.0,0.25,150.0,168.0,MWW,C[N+](C)(C)C12CC3CC(CC(C3)C1)C2
400.0,0.0,99.0,250.0,0.15,0.0,0.4,0.0,44.0,0.25,150.0,336.0,MWW,C[N+](C)(C)C12CC3CC(CC(C3)C1)C2
400.0,0.0,99.0,250.0,0.2,0.0,0.45,0.0,44.0,0.25,150.0,120.0,MWW,C[N+](C)(C)C12CC3CC(CC(C3)C1)C2
400.0,0.0,99.0,250.0,0.2,0.0,0.45,0.0,44.0,0.25,150.0,168.0,MWW,C[N+](C)(C)C12CC3CC(CC(C3)C1)C2
400.0,0.0,99.0,250.0,0.2,0.0,0.45,0.0,44.0,0.25,150.0,336.0,MWW,C[N+](C)(C)C12CC3CC(CC(C3)C1)C2
400.0,0.0,99.0,250.0,0.29999995,0.0,0.5500001,0.0,44.0,0.25,150.0,120.0,MWW,C[N+](C)(C)C12CC3CC(CC(C3)C1)C2
400.0,0.0,99.0,250.0,0.29999995,0.0,0.5500001,0.0,44.0,0.25,150.0,168.0,MWW,C[N+](C)(C)C12CC3CC(CC(C3)C1)C2
400.0,0.0,99.0,250.0,0.2,0.0,0.45,0.0,44.0,0.25,150.0,168.0,MWW,C[N+](C)(C)C12CC3CC(CC(C3)C1)C2
400.0,0.0,99.0,250.0,0.0,0.0,0.25,0.0,44.000004,0.25,150.0,312.0,MWW,C[N+](C)(C)C12CC3CC(CC(C3)C1)C2
15.151515,1.7179967,99.0,250.0,0.09380863,0.0,0.18761727,0.0,18.761724,0.18761726,150.0,120.0,MWW,C[N+](C)(C)C12CC3CC(CC(C3)C1)C2
400.0,0.0,99.0,250.0,0.0,0.0,0.25,0.0,44.000004,0.25,150.0,72.0,MWW,C[N+](C)(C)C12CC3CC(CC(C3)C1)C2
0.0,0.0,0.0,0.0,0.0,0.0,0.0,0.0,200.0,0.0,150.0,408.0,MWW,C[N+](C)(C)C12CC3CC(CC(C3)C1)C2
0.0,0.0,0.0,0.0,0.0,0.0,0.0,0.0,200.0,0.0,150.0,76.79762,MWW,C[N+](C)(C)C12CC3CC(CC(C3)C1)C2
0.0,0.0,0.0,0.0,0.0,0.0,0.0,0.0,200.0,0.0,150.0,82.74871,MWW,C[N+](C)(C)C12CC3CC(CC(C3)C1)C2
14.992504,1.7179967,99.0,250.0,0.5624824,0.0,0.0,0.0,37.49883,0.13124593,100.0,767.9998,FER,NCCCCN
45.045044,1.7179967,99.0,250.0,0.5869693,0.0,0.0,0.0,39.131287,0.29348466,100.0,2208.0103,FER,NCCCCN
14.992504,1.7179967,99.0,250.0,0.5624824,0.0,0.0,0.0,37.49883,0.5624825,100.0,2352.0095,FER,NCCCCN
14.992504,1.7179967,99.0,250.0,0.5624824,0.0,0.0,0.0,37.49883,0.2812412,100.0,2352.0095,FER,NCCCCN
14.992504,1.7179967,99.0,250.0,0.5624824,0.0,0.0,0.0,37.49883,0.14062059,100.0,1200.0006,FER,NCCCCN
14.992504,1.7179967,99.0,250.0,0.5624824,0.0,0.0,0.0,37.49883,0.13124593,100.0,767.9998,FER,NCCCCN
14.992504,1.7179967,99.0,250.0,0.5624824,0.0,0.0,0.0,37.49883,0.2812412,100.0,888.00037,FER,NCCCCN
14.992504,1.7179967,99.0,250.0,0.5624824,0.0,0.0,0.0,37.49883,0.2812412,100.0,5039.6997,FER,NCCCCN
7.5018764,1.7179967,99.0,250.0,0.52942747,0.0,0.0,0.0,35.29516,0.09706168,160.0,168.0,FER,NCCCCN
1.7211524,1.7179967,99.0,250.0,1.70848,0.0,0.21731445,0.0,80.388664,0.21731448,0.0,0.0,FAU,C[N+](C)(CCO)CCO
3.600004,1.7179967,99.0,250.0,0.0,0.0,0.0,0.0,0.0,0.0,100.0,40.19023,FAU,C[N+](C)(CCO)CCO
0.0,0.0,0.0,0.0,0.0,0.0,0.0,0.0,200.0,0.0,0.0,0.0,Dense/Amorphous,OSDA-free
0.0,0.0,0.0,0.0,0.0,0.0,0.0,0.0,200.0,0.0,0.0,0.0,Dense/Amorphous,OSDA-free
0.0,0.0,0.0,0.0,0.0,0.0,0.0,0.0,200.0,0.0,175.12279,166.18513,Dense/Amorphous,OSDA-free
0.0,0.0,0.0,0.0,0.0,0.0,0.0,0.0,200.0,0.0,0.0,0.0,Dense/Amorphous,OSDA-free
10.500001,1.7179967,99.0,250.0,0.0,0.68695825,0.68695635,0.0,21.739134,0.0,160.0,144.0,Dense/Amorphous,OSDA-free
10.500001,1.7179967,99.0,250.0,0.0,0.68695825,0.68695635,0.0,21.739134,0.0,160.0,144.0,Dense/Amorphous,OSDA-free
0.0,0.0,0.0,0.0,0.0,0.0,0.0,0.0,200.0,0.0,0.0,0.0,Dense/Amorphous,OSDA-free
0.0,0.0,0.0,0.0,0.0,0.0,0.0,0.0,200.0,0.0,191.32317,100.45903,Dense/Amorphous,OSDA-free
1.0,1.7179967,99.0,250.0,0.0,0.0,0.0,1.25,50.0,0.0,150.0,168.0,Dense/Amorphous,OSDA-free
10.600003,1.7179967,99.0,250.0,0.0,0.34051725,0.34051722,0.0,21.491379,0.0,150.0,96.0,Dense/Amorphous,OSDA-free
10.600003,1.7179967,99.0,250.0,0.0,0.34051725,0.34051722,0.0,21.491379,0.0,150.0,96.0,Dense/Amorphous,OSDA-free
10.600003,1.7179967,99.0,250.0,0.0,0.34051725,0.34051722,0.0,21.491379,0.0,150.0,48.0,Dense/Amorphous,OSDA-free
10.600003,1.7179967,99.0,250.0,0.0,0.34051725,0.34051722,0.0,21.491379,0.0,150.0,96.0,Dense/Amorphous,OSDA-free
10.600003,1.7179967,99.0,250.0,0.0,0.34051725,0.34051722,0.0,21.491379,0.0,150.0,96.0,Dense/Amorphous,OSDA-free
0.5,1.0,99.0,250.0,0.0,0.6000002,0.0,0.0,20.0,0.0,140.0,72.0,Dense/Amorphous,OSDA-free
0.5,1.0,99.0,250.0,0.0,0.6000002,0.0,0.0,20.0,0.0,170.0,168.0,Dense/Amorphous,OSDA-free
0.0,0.0,0.0,0.0,0.0,0.0,0.0,0.0,200.0,0.0,0.0,0.0,Dense/Amorphous,OSDA-free
28.011206,1.7179967,99.0,250.0,1.4241569,0.50690323,0.7,0.0,0.0,0.0,100.0,144.0,Dense/Amorphous,OSDA-free
0.0,0.0,0.0,0.0,0.0,0.0,0.0,0.0,200.0,0.0,0.0,0.0,Dense/Amorphous,OSDA-free
50.0,1.7179967,99.0,250.0,1.920999,0.0,2.3529408,0.0,45.686283,0.0,50.0,72.0,Dense/Amorphous,OSDA-free
12.5,1.7179967,99.0,250.0,1.920999,0.0,2.222225,0.0,43.148148,0.0,50.0,72.0,Dense/Amorphous,OSDA-free
7.5000005,1.7179967,99.0,250.0,1.7647069,0.0,1.4117647,0.0,41.11765,0.0,50.0,72.0,Dense/Amorphous,OSDA-free
7.5000005,1.7179967,99.0,250.0,0.88235354,0.0,0.7058825,0.0,41.11765,0.0,50.0,168.0,Dense/Amorphous,OSDA-free
5.0,1.7179967,99.0,250.0,0.83333313,0.0,0.6666667,0.0,38.833332,0.0,50.0,168.0,Dense/Amorphous,OSDA-free
25.0,1.7179967,99.0,250.0,0.76923054,0.0,0.61538446,0.0,44.80769,0.0,50.0,72.0,Dense/Amorphous,OSDA-free
25.0,1.7179967,99.0,250.0,0.76923054,0.0,0.61538446,0.0,44.80769,0.0,50.0,168.0,Dense/Amorphous,OSDA-free
25.0,1.7179967,99.0,250.0,0.576923,0.0,0.46153852,0.0,44.80769,0.0,50.0,72.0,Dense/Amorphous,OSDA-free
25.0,1.7179967,99.0,250.0,0.576923,0.0,0.46153852,0.0,44.80769,0.0,50.0,168.0,Dense/Amorphous,OSDA-free
17.500004,1.7179967,99.0,250.0,1.8918899,0.0,1.5135137,0.0,37.837845,0.0,50.0,72.0,Dense/Amorphous,OSDA-free
17.500004,1.7179967,99.0,250.0,1.8918899,0.0,1.5135137,0.0,33.108112,0.0,50.0,72.0,Dense/Amorphous,OSDA-free
12.5,1.7179967,99.0,250.0,1.8518525,0.0,1.4814818,0.0,27.777782,0.0,55.0,24.0,Dense/Amorphous,OSDA-free
12.5,1.7179967,99.0,250.0,1.8518525,0.0,1.4814818,0.0,27.777782,0.0,70.0,20.0,Dense/Amorphous,OSDA-free
25.0,1.7179967,99.0,250.0,1.5384611,0.0,1.2307686,0.0,44.80769,0.0,50.0,72.0,Dense/Amorphous,OSDA-free
0.0,0.0,0.0,0.0,0.0,0.0,0.0,0.0,200.0,0.0,0.0,0.0,Dense/Amorphous,OSDA-free
43.478302,1.7179967,99.0,250.0,1.920999,0.0,1.9550353,0.0,200.0,0.0,150.0,15.0,Dense/Amorphous,OSDA-free
5.4945025,1.7179967,99.0,250.0,1.920999,0.0,2.4341676,0.0,200.0,0.0,90.0,15.0,Dense/Amorphous,OSDA-free
1.9999998,1.7179967,99.0,250.0,1.920999,0.0,2.4341676,0.0,200.0,0.0,130.0,1.0,Dense/Amorphous,OSDA-free
400.0,0.0,99.0,250.0,0.4,0.0,0.4,0.0,24.399998,0.0,160.0,24.0,Dense/Amorphous,OSDA-free
0.0,0.0,0.0,0.0,0.0,0.0,0.0,0.0,200.0,0.0,0.0,0.0,Dense/Amorphous,OSDA-free
0.0,0.0,0.0,0.0,0.0,0.0,0.0,0.0,200.0,0.0,195.0039,0.0,Dense/Amorphous,OSDA-free
0.0,0.0,0.0,0.0,0.0,0.0,0.0,0.0,200.0,0.0,0.0,0.0,Dense/Amorphous,OSDA-free
0.0,0.0,0.0,0.0,0.0,0.0,0.0,0.0,200.0,0.0,0.0,0.0,Dense/Amorphous,OSDA-free
0.0,0.0,0.0,0.0,0.0,0.0,0.0,0.0,200.0,0.0,0.0,0.0,Dense/Amorphous,OSDA-free
400.0,1.7179967,99.0,250.0,0.109725684,0.0,0.08778055,0.0,29.925186,0.0,160.0,65.0,Dense/Amorphous,OSDA-free
400.0,1.7179967,99.0,250.0,0.1396509,0.0,0.11172071,0.0,29.925186,0.0,160.0,65.0,Dense/Amorphous,OSDA-free
400.0,1.7179967,99.0,250.0,0.1695761,0.0,0.13566081,0.0,29.925186,0.0,160.0,65.0,Dense/Amorphous,OSDA-free
400.0,1.7179967,99.0,250.0,0.18952619,0.0,0.15162094,0.0,29.925186,0.0,160.0,111.99998,Dense/Amorphous,OSDA-free
400.0,1.7179967,99.0,250.0,0.20947629,0.0,0.16758113,0.0,29.925186,0.0,160.0,65.0,Dense/Amorphous,OSDA-free
400.0,1.7179967,99.0,250.0,0.20947629,0.0,0.16758113,0.0,29.925186,0.0,160.0,111.99998,Dense/Amorphous,OSDA-free
400.0,1.7179967,99.0,250.0,0.059970014,0.0,0.047976006,0.0,29.985008,0.0,160.0,65.0,Dense/Amorphous,OSDA-free
400.0,1.7179967,99.0,250.0,0.10994502,0.0,0.087956026,0.0,29.985008,0.0,160.0,65.0,Dense/Amorphous,OSDA-free
400.0,1.7179967,99.0,250.0,0.15992004,0.0,0.12793598,0.0,29.985008,0.0,160.0,65.0,Dense/Amorphous,OSDA-free
200.0,1.7179967,99.0,250.0,0.12935324,0.0,0.10348266,0.0,29.850746,0.0,160.0,65.0,Dense/Amorphous,OSDA-free
200.00102,1.7179967,99.0,250.0,0.14925374,0.0,0.119403034,0.0,29.850746,0.0,160.0,65.0,Dense/Amorphous,OSDA-free
200.0,1.7179967,99.0,250.0,0.19900498,0.0,0.15920396,0.0,29.850746,0.0,160.0,111.99998,Dense/Amorphous,OSDA-free
200.0,1.7179967,99.0,250.0,0.19900498,0.0,0.15920396,0.0,29.850746,0.0,160.0,20.0,Dense/Amorphous,OSDA-free
200.0,1.7179967,99.0,250.0,0.23880602,0.0,0.19104476,0.0,29.850746,0.0,160.0,20.0,Dense/Amorphous,OSDA-free
80.0,1.7179967,99.0,250.0,0.20740739,0.0,0.16592595,0.0,29.629631,0.0,160.0,20.0,Dense/Amorphous,OSDA-free
80.0,1.7179967,99.0,250.0,0.25679,0.0,0.20543195,0.0,29.62963,0.0,160.0,20.0,Dense/Amorphous,OSDA-free
80.0,1.7179967,99.0,250.0,0.15802471,0.0,0.12641977,0.0,29.629631,0.0,160.0,65.0,Dense/Amorphous,OSDA-free
200.0,1.7179967,99.0,4.0000005,0.15936254,0.0,0.0,0.0,159.36261,0.0,170.0,168.0,Dense/Amorphous,OSDA-free
20.0,1.7179967,99.0,250.0,0.2857143,0.2857142,0.28571427,0.0,13.333333,0.0,120.0,192.0,Dense/Amorphous,OSDA-free
50.0,1.7179967,20.0,250.0,0.0,0.0,0.0,0.52336466,4.6728973,0.0,180.0,288.0,Dense/Amorphous,OSDA-free
20.0,1.7179967,99.0,250.0,0.17142862,0.0,0.13714287,0.0,8.571429,0.045714285,100.0,0.0,Dense/Amorphous,OSDA-free
20.0,1.7179967,99.0,250.0,0.17142862,0.0,0.13714287,0.0,8.571429,0.045714285,100.0,8.999997,Dense/Amorphous,OSDA-free
20.0,1.7179967,99.0,250.0,0.17142862,0.0,0.13714287,0.0,8.571429,0.045714285,100.0,72.0,Dense/Amorphous,OSDA-free
400.0,0.0,99.0,250.0,0.0,0.0,0.0,0.0,0.7000001,0.1,150.0,120.0,Dense/Amorphous,OSDA-free
400.0,0.0,99.0,250.0,0.0,0.0,0.0,0.0,1.0,0.07042254,150.0,72.0,Dense/Amorphous,OSDA-free
400.0,0.0,99.0,250.0,0.0,0.0,0.0,0.0,1.0,0.07042254,150.0,312.0,Dense/Amorphous,OSDA-free
400.0,0.0,99.0,250.0,0.0,0.0,0.0,0.0,4.2999997,0.5,150.0,24.0,Dense/Amorphous,OSDA-free
400.0,0.0,99.0,250.0,0.0,0.0,0.0,0.0,4.2999997,0.5,150.0,24.0,Dense/Amorphous,OSDA-free
400.0,0.0,99.0,250.0,0.0,0.0,0.0,0.0,0.53750026,0.0625,150.0,192.0,Dense/Amorphous,OSDA-free
400.0,0.0,99.0,250.0,0.0,0.0,0.0,0.0,2.15,0.25,150.0,48.0,Dense/Amorphous,OSDA-free
0.0,0.0,0.0,0.0,0.0,0.0,0.0,0.0,200.0,0.0,200.0,24.0,Dense/Amorphous,OSDA-free
0.0,0.0,0.0,0.0,0.0,0.0,0.0,0.0,200.0,0.0,200.0,72.0,Dense/Amorphous,OSDA-free
400.0,0.0,99.0,250.0,1.0461539,0.46153855,0.0,0.0,19.076923,0.0,230.0,72.0,Dense/Amorphous,OSDA-free
1.0,1.7179967,99.0,250.0,1.920999,0.0,1.9500003,0.0,25.0,0.0,80.0,0.0,Dense/Amorphous,OSDA-free
1.0,1.7179967,99.0,250.0,1.920999,0.0,1.9500003,0.0,25.0,0.0,80.0,0.5,Dense/Amorphous,OSDA-free
1.0,1.7179967,99.0,250.0,1.920999,0.0,1.9500003,0.0,25.0,0.0,80.0,1.0,Dense/Amorphous,OSDA-free
0.0,0.0,0.0,0.0,0.0,0.0,0.0,0.0,200.0,0.0,200.0,0.0,Dense/Amorphous,OSDA-free
0.0,0.0,0.0,0.0,0.0,0.0,0.0,0.0,200.0,0.0,200.0,1.5,Dense/Amorphous,OSDA-free
0.0,0.0,0.0,0.0,0.0,0.0,0.0,0.0,200.0,0.0,200.0,2.0,Dense/Amorphous,OSDA-free
0.0,0.0,0.0,0.0,0.0,0.0,0.0,0.0,200.0,0.0,200.0,2.5,Dense/Amorphous,OSDA-free
0.0,0.0,0.0,0.0,0.0,0.0,0.0,0.0,200.0,0.0,200.0,3.0,Dense/Amorphous,OSDA-free
0.0,0.0,0.0,0.0,0.0,0.0,0.0,0.0,200.0,0.0,200.0,3.4999995,Dense/Amorphous,OSDA-free
0.0,0.0,0.0,0.0,0.0,0.0,0.0,0.0,200.0,0.0,200.0,4.0,Dense/Amorphous,OSDA-free
0.0,0.0,0.0,0.0,0.0,0.0,0.0,0.0,200.0,0.0,200.0,4.499998,Dense/Amorphous,OSDA-free
0.0,0.0,0.0,0.0,0.0,0.0,0.0,0.0,200.0,0.0,200.0,5.0,Dense/Amorphous,OSDA-free
1.0,1.7179967,99.0,250.0,1.920999,0.0,2.4341676,0.0,100.0,0.0,40.0,1.0,Dense/Amorphous,OSDA-free
1.0,1.7179967,99.0,250.0,1.920999,0.0,2.4341676,0.0,100.0,0.0,40.0,10.0,Dense/Amorphous,OSDA-free
1.0,1.7179967,99.0,250.0,1.920999,0.0,2.4341676,0.0,100.0,0.0,40.0,14.0,Dense/Amorphous,OSDA-free
50.0,1.7179967,99.0,250.0,0.0,0.03430337,0.03430346,0.0,43.57299,0.0,150.0,48.0,Dense/Amorphous,OSDA-free
50.0,1.7179967,99.0,250.0,0.0,0.03817733,0.038177315,0.0,43.57299,0.0,150.0,48.0,Dense/Amorphous,OSDA-free
50.0,1.7179967,99.0,250.0,0.0,0.041262235,0.041262276,0.0,43.57299,0.0,150.0,48.0,Dense/Amorphous,OSDA-free
50.0,1.7179967,99.0,250.0,0.0,0.04901961,0.049019553,0.0,43.57299,0.0,150.0,48.0,Dense/Amorphous,OSDA-free
50.0,1.7179967,99.0,250.0,0.0,0.058846936,0.05884712,0.0,43.57299,0.0,150.0,48.0,Dense/Amorphous,OSDA-free
25.0,1.7179967,99.0,250.0,0.0,0.040468745,0.040468775,0.0,42.735035,0.0,150.0,48.0,Dense/Amorphous,OSDA-free
39.999958,1.7179967,99.0,250.0,0.0,0.04106104,0.041060988,0.0,43.36044,0.0,150.0,48.0,Dense/Amorphous,OSDA-free
60.0,1.7179967,99.0,250.0,0.0,0.041397654,0.041397516,0.0,43.715843,0.0,150.0,48.0,Dense/Amorphous,OSDA-free
74.99998,1.7179967,99.0,250.0,0.0,0.041533716,0.0415338,0.0,43.85965,0.0,150.0,48.0,Dense/Amorphous,OSDA-free
50.0,1.7179967,99.0,250.0,0.0,0.041262235,0.041262276,0.0,14.698534,0.0,150.0,48.0,Dense/Amorphous,OSDA-free
50.0,1.7179967,99.0,250.0,0.0,0.041262235,0.041262276,0.0,29.708853,0.0,150.0,48.0,Dense/Amorphous,OSDA-free
50.0,1.7179967,99.0,250.0,0.0,0.041262235,0.041262276,0.0,49.01961,0.0,150.0,48.0,Dense/Amorphous,OSDA-free
50.0,1.7179967,99.0,250.0,0.0,0.041262235,0.041262276,0.0,53.867683,0.0,150.0,48.0,Dense/Amorphous,OSDA-free
50.0,1.7179967,99.0,250.0,0.0,0.041262235,0.041262276,0.0,43.57299,0.0,135.0,48.0,Dense/Amorphous,OSDA-free
50.0,1.7179967,99.0,250.0,0.0,0.041262235,0.041262276,0.0,43.57299,0.0,165.0,48.0,Dense/Amorphous,OSDA-free
50.0,1.7179967,99.0,250.0,0.0,0.041262235,0.041262276,0.0,43.57299,0.0,150.0,48.0,Dense/Amorphous,OSDA-free
50.0,1.7179967,99.0,250.0,0.0,0.041262235,0.041262276,0.0,43.57299,0.0,150.0,25.999998,Dense/Amorphous,OSDA-free
50.0,1.7179967,99.0,250.0,0.0,0.041262235,0.041262276,0.0,43.57299,0.0,150.0,48.0,Dense/Amorphous,OSDA-free
50.0,1.7179967,99.0,250.0,0.0,0.041262235,0.041262276,0.0,43.57299,0.0,150.0,60.0,Dense/Amorphous,OSDA-free
400.0,0.0,99.0,250.0,0.8615381,0.23076883,0.0,0.23076922,34.15385,0.0,200.0,72.0,Dense/Amorphous,OSDA-free
27.5,1.7179967,99.0,250.0,0.835821,0.22388065,0.0,0.22388074,33.134323,0.0,200.0,72.0,Dense/Amorphous,OSDA-free
400.0,0.0,99.0,250.0,0.8615381,0.23076883,0.0,0.23076922,34.15385,0.0,200.0,72.0,Dense/Amorphous,OSDA-free
400.0,0.0,99.0,250.0,1.1384602,0.29230776,0.0,0.0,26.30769,0.0,200.0,48.0,Dense/Amorphous,OSDA-free
400.0,0.0,99.0,250.0,1.076923,0.49230853,0.0,0.49230763,27.846153,0.0,230.0,63.999947,Dense/Amorphous,OSDA-free
400.0,0.0,99.0,250.0,1.5192297,0.23076883,0.0,0.23076922,37.019226,0.0,200.0,170.0,Dense/Amorphous,OSDA-free
400.0,0.0,99.0,250.0,0.1538461,0.30769268,0.0,0.30769253,36.923073,0.0,200.0,170.0,Dense/Amorphous,OSDA-free
400.0,0.0,99.0,250.0,1.791045,0.28358236,0.0,0.2835821,21.492537,0.0,200.0,18.0,Dense/Amorphous,OSDA-free
0.0,0.0,0.0,0.0,0.0,0.0,0.0,0.0,158.73004,0.0,165.28407,359.65085,Dense/Amorphous,OSDA-free
0.0,0.0,0.0,0.0,0.0,0.0,0.0,0.0,158.73004,0.0,132.85631,232.41945,Dense/Amorphous,OSDA-free
0.0,0.0,0.0,0.0,0.0,0.0,0.0,0.0,158.73004,0.0,0.0,0.0,Dense/Amorphous,OSDA-free
0.0,0.0,0.0,0.0,0.0,0.0,0.0,0.0,200.0,0.0,180.0,120.0,Dense/Amorphous,OSDA-free
400.0,0.0,99.0,250.0,1.3174375,0.2831596,1.2804765,0.0,12.202683,0.0,150.0,168.0,Dense/Amorphous,OSDA-free
400.0,0.0,99.0,250.0,1.3174375,0.2831596,1.2804765,0.0,12.202683,0.0,150.0,288.0,Dense/Amorphous,OSDA-free
400.0,0.0,99.0,250.0,1.3174375,0.2831596,1.2804765,0.0,12.202683,0.0,150.0,384.0,Dense/Amorphous,OSDA-free
7.5,1.7179967,99.0,250.0,1.0235299,0.0,0.9470584,0.0,29.411766,0.0,170.0,3.0,Dense/Amorphous,OSDA-free
7.5,1.7179967,99.0,250.0,1.0235299,0.0,0.9470584,0.0,29.411766,0.0,170.0,6.0,Dense/Amorphous,OSDA-free
7.5,1.7179967,99.0,250.0,1.0235299,0.0,0.9470584,0.0,29.411766,0.0,170.0,8.999997,Dense/Amorphous,OSDA-free
7.5,1.7179967,99.0,250.0,1.0235299,0.0,0.9470584,0.0,29.411766,0.0,170.0,12.0,Dense/Amorphous,OSDA-free
400.0,0.0,99.0,250.0,1.5192297,0.23076883,0.0,0.23076922,37.019226,0.0,200.0,170.0,Dense/Amorphous,OSDA-free
400.0,0.0,99.0,250.0,1.2844048,0.0,1.0275223,0.0,61.926624,0.0,180.0,72.0,Dense/Amorphous,OSDA-free
0.0,0.0,0.0,0.0,0.0,0.0,0.0,0.0,158.73004,0.0,180.0,2.0,Dense/Amorphous,OSDA-free
40.0,1.7179967,99.0,250.0,0.31707302,0.0,0.25365856,0.0,8.536585,0.0,120.0,168.0,Dense/Amorphous,OSDA-free
30.0,1.7179967,99.0,250.0,0.41935483,0.0,0.33548385,0.0,11.290324,0.0,120.0,168.0,Dense/Amorphous,OSDA-free
5.0,1.7179967,99.0,250.0,1.920999,0.0,1.7333372,0.0,58.33333,0.0,120.0,168.0,Dense/Amorphous,OSDA-free
0.15,1.0,99.0,250.0,0.0,0.0,0.0,0.0,10.4651165,0.27906978,200.0,48.0,Dense/Amorphous,OSDA-free
0.15,1.0,99.0,250.0,0.0,0.0,0.0,0.0,10.4651165,0.27906978,200.0,48.0,Dense/Amorphous,OSDA-free
0.0,0.0,0.0,0.0,0.0,0.0,0.0,0.0,200.0,0.0,180.0,120.0,Dense/Amorphous,OSDA-free
224.99953,1.7179967,99.0,25.0,0.21276605,0.0,0.0,0.0,39.148933,0.0,180.0,36.0,Dense/Amorphous,OSDA-free
0.0,0.22222178,0.0,0.0,0.0,0.0,0.0,0.0,45.45455,0.0,180.0,1.0,Dense/Amorphous,OSDA-free
0.0,0.22222178,0.0,0.0,0.0,0.0,0.0,0.0,45.45455,0.0,180.0,2.0,Dense/Amorphous,OSDA-free
0.0,0.22222178,0.0,0.0,0.0,0.0,0.0,0.0,45.45455,0.0,180.0,6.0,Dense/Amorphous,OSDA-free
0.0,0.22222178,0.0,0.0,0.0,0.0,0.0,0.0,45.45455,0.0,180.0,8.0,Dense/Amorphous,OSDA-free
0.0,0.22222178,0.0,0.0,0.0,0.50909084,0.0,0.0,45.45455,0.0,180.0,1.0,Dense/Amorphous,OSDA-free
0.0,0.22222178,0.0,0.0,0.0,0.50909084,0.0,0.0,45.45455,0.0,180.0,3.0,Dense/Amorphous,OSDA-free
0.0,0.22222178,0.0,0.0,0.509091,0.0,0.0,0.0,45.45455,0.0,180.0,2.0,Dense/Amorphous,OSDA-free
0.0,0.22222178,0.0,0.0,0.509091,0.0,0.0,0.0,45.45455,0.0,180.0,4.0,Dense/Amorphous,OSDA-free
0.59999996,1.7179967,99.0,250.0,0.78124946,0.0,0.7812498,0.0,45.312504,0.0,100.0,24.0,Dense/Amorphous,OSDA-free
0.59999996,1.7179967,99.0,250.0,0.78124946,0.0,0.7812498,0.0,45.312504,0.0,100.0,24.0,Dense/Amorphous,OSDA-free
400.0,0.0,99.0,250.0,1.1153854,0.0,0.8923074,0.0,19.423077,0.0,230.0,93.00003,Dense/Amorphous,OSDA-free
1.0,1.7179967,99.0,250.0,1.920999,0.0,1.6000001,0.0,120.00007,0.0,80.0,1.0,Dense/Amorphous,OSDA-free
1.0,1.7179967,99.0,250.0,1.920999,0.0,1.6000001,0.0,120.00007,0.0,80.0,2.0,Dense/Amorphous,OSDA-free
1.0,1.7179967,99.0,250.0,1.920999,0.0,1.6000001,0.0,120.00007,0.0,80.0,6.0,Dense/Amorphous,OSDA-free
1.0,1.7179967,99.0,250.0,1.920999,0.0,1.6000001,0.0,120.00007,0.0,80.0,16.0,Dense/Amorphous,OSDA-free
0.0,0.3333334,0.0,0.0,1.0,0.0,0.0,0.0,12.5,0.0,180.0,1.0,Dense/Amorphous,OSDA-free
0.0,0.3333334,0.0,0.0,1.0,0.0,0.0,0.0,12.5,0.0,180.0,2.0,Dense/Amorphous,OSDA-free
0.0,0.3333334,0.0,0.0,1.0,0.0,0.0,0.0,12.5,0.0,180.0,4.0,Dense/Amorphous,OSDA-free
0.0,0.3333334,0.0,0.0,1.0,0.0,0.0,0.0,12.5,0.0,180.0,8.0,Dense/Amorphous,OSDA-free
400.0,0.0,99.0,250.0,1.1153854,0.0,0.8923074,0.0,19.423077,0.0,230.0,96.0,Dense/Amorphous,OSDA-free
400.0,0.0,99.0,250.0,1.7142851,0.0,1.3714277,0.0,64.28571,0.0,200.0,72.0,Dense/Amorphous,OSDA-free
10.0,1.7179967,99.0,250.0,1.920999,0.0,2.4341676,0.0,90.90909,0.0,75.0,4.0,Dense/Amorphous,OSDA-free
0.0,0.0,0.0,0.0,0.0,0.0,0.0,1.0,40.0,0.0,180.0,144.0,Dense/Amorphous,OSDA-free
400.0,0.0,99.0,250.0,1.3723084,0.23076883,0.0,0.23076922,46.153847,0.0,0.0,0.0,Dense/Amorphous,OSDA-free
400.0,0.0,99.0,250.0,1.920999,0.0,0.0,0.0,50.04348,0.0,175.0,72.0,Dense/Amorphous,OSDA-free
400.0,0.0,99.0,250.0,1.920999,0.0,0.0,0.0,50.04348,0.0,175.0,72.0,Dense/Amorphous,OSDA-free
400.0,0.0,99.0,250.0,1.4999999,0.0,0.0,0.0,2.0,0.0,180.0,24.0,Dense/Amorphous,OSDA-free
400.0,0.0,99.0,250.0,1.4999999,0.0,0.0,0.0,3.5000002,0.0,180.0,24.0,Dense/Amorphous,OSDA-free
400.0,0.0,2.0303037,250.0,1.4999999,0.0,0.0,0.0,3.5,0.0,180.0,24.0,Dense/Amorphous,OSDA-free
400.0,0.0,99.0,250.0,1.9166683,0.0,0.0,0.4166669,16.333334,0.0,190.0,24.0,Dense/Amorphous,OSDA-free
400.0,0.0,99.0,250.0,1.2844048,0.0,1.0275223,0.0,61.926624,0.0,180.0,72.0,Dense/Amorphous,OSDA-free
400.0,0.0,99.0,250.0,1.2727282,0.0,1.0181823,0.0,61.36363,0.0,200.0,72.0,Dense/Amorphous,OSDA-free
400.0,0.0,99.0,250.0,0.0,4.352866,2.4341676,0.0,38.23529,0.0,210.0,15.0,Dense/Amorphous,OSDA-free
42.553204,1.7179967,99.0,250.0,0.3566195,0.0,0.28529558,0.0,34.196377,0.0,120.0,72.0,Dense/Amorphous,OSDA-free
42.553204,1.7179967,99.0,250.0,0.3566195,0.0,0.28529558,0.0,34.196377,0.0,120.0,72.0,Dense/Amorphous,OSDA-free
42.553204,1.7179967,99.0,250.0,0.3566195,0.0,0.28529558,0.0,34.196377,0.0,120.0,72.0,Dense/Amorphous,OSDA-free
400.0,0.0,99.0,250.0,0.0,0.3500004,0.35,0.0,20.0,0.0,150.0,168.0,Dense/Amorphous,OSDA-free
250.00137,1.7179967,99.0,4.31035,0.5809062,0.0,0.15048541,0.0,12.944983,0.0,115.000015,144.0,Dense/Amorphous,OSDA-free
2.5,1.7179967,99.0,250.0,0.0,0.55714285,0.0,0.21428572,25.0,0.0,160.0,24.0,Dense/Amorphous,OSDA-free
2.5,1.7179967,99.0,250.0,0.0,0.55714285,0.0,0.21428572,25.0,0.0,160.0,29.999996,Dense/Amorphous,OSDA-free
2.5,1.7179967,99.0,250.0,0.0,0.55714285,0.0,0.21428572,25.0,0.0,160.0,6.0,Dense/Amorphous,OSDA-free
2.5,1.7179967,99.0,250.0,0.0,0.55714285,0.0,0.21428572,25.0,0.0,160.0,8.999997,Dense/Amorphous,OSDA-free
2.5,1.7179967,99.0,250.0,0.0,0.55714285,0.0,0.21428572,25.0,0.0,160.0,12.0,Dense/Amorphous,OSDA-free
10.0,1.7179967,99.0,250.0,0.0,0.70909065,0.0,0.27272707,31.818182,0.0,160.0,96.0,Dense/Amorphous,OSDA-free
1.4992498,1.7179967,99.0,250.0,0.0,0.46790645,0.0,0.17996383,20.995804,0.0,160.0,120.0,Dense/Amorphous,OSDA-free
14.992504,1.7179967,99.0,250.0,0.0,0.73122686,0.0,0.28124133,32.81147,0.0,160.0,48.0,Dense/Amorphous,OSDA-free
2.5,1.7179967,99.0,250.0,0.0,0.55714285,0.0,0.21428572,25.0,0.0,120.0,144.0,Dense/Amorphous,OSDA-free
2.5,1.7179967,99.0,250.0,0.0,0.55714285,0.0,0.3571426,25.0,0.0,160.0,72.0,Dense/Amorphous,OSDA-free
9.090909,1.7179967,99.0,250.0,0.41441447,0.14414398,0.5585586,0.0,12.612614,0.0,100.0,48.0,Dense/Amorphous,OSDA-free
9.090909,1.7179967,99.0,250.0,0.41441447,0.14414398,0.5585586,0.0,12.612614,0.0,100.0,72.0,Dense/Amorphous,OSDA-free
9.090909,1.7179967,99.0,250.0,0.41441447,0.14414398,0.5585586,0.0,12.612614,0.0,100.0,96.0,Dense/Amorphous,OSDA-free
11.600005,1.7179967,99.0,250.0,0.2896825,0.0,0.23174605,0.0,5.861905,0.0,165.0,6.0,Dense/Amorphous,OSDA-free
11.600005,1.7179967,99.0,250.0,0.2896825,0.0,0.23174605,0.0,5.861905,0.0,165.0,11.000003,Dense/Amorphous,OSDA-free
200.0,1.7179967,99.0,250.0,0.55721396,0.0,0.4457711,0.0,34.825867,0.19900498,140.0,18.0,Dense/Amorphous,OSDA-free
2.2499998,1.7179967,99.0,250.0,0.0,0.9230771,0.9230771,0.0,24.615385,0.0,150.0,0.0,Dense/Amorphous,OSDA-free
2.2499998,1.7179967,99.0,250.0,0.0,0.9230771,0.9230771,0.0,24.615385,0.0,150.0,2.0,Dense/Amorphous,OSDA-free
2.2499998,1.7179967,99.0,250.0,0.0,0.9230771,0.9230771,0.0,24.615385,0.0,150.0,5.0,Dense/Amorphous,OSDA-free
1.5,1.7179967,99.0,250.0,1.2000016,0.0,0.96000004,0.0,23.400002,0.0,100.0,0.32999986,Dense/Amorphous,OSDA-free
1.5,1.7179967,99.0,250.0,1.2000016,0.0,0.96000004,0.0,23.400002,0.0,100.0,0.65999997,Dense/Amorphous,OSDA-free
1.5,1.7179967,99.0,250.0,1.2000016,0.0,0.96000004,0.0,23.400002,0.0,100.0,1.0,Dense/Amorphous,OSDA-free
1.994682,1.7179967,99.0,250.0,0.8880997,0.0,0.71047956,0.0,15.364121,0.0,65.0,2.0,Dense/Amorphous,OSDA-free
2.0,1.7179967,99.0,250.0,1.333334,0.0,1.0666671,0.0,23.06666,0.0,65.0,2.0,Dense/Amorphous,OSDA-free
2.0,1.7179967,99.0,250.0,1.333334,0.0,1.0666671,0.0,23.06666,0.0,65.0,4.0,Dense/Amorphous,OSDA-free
2.0,1.7179967,99.0,250.0,1.333334,0.0,1.0666671,0.0,23.06666,0.0,65.0,6.0,Dense/Amorphous,OSDA-free
2.166667,1.7179967,99.0,250.0,1.7543857,0.0,1.4035087,0.0,30.350874,0.0,65.0,2.0,Dense/Amorphous,OSDA-free
2.166667,1.7179967,99.0,250.0,1.7543857,0.0,1.4035087,0.0,30.350874,0.0,65.0,4.0,Dense/Amorphous,OSDA-free
1.9841264,1.7179967,99.0,250.0,1.920999,0.0,2.1276581,0.0,46.01063,0.0,65.0,2.0,Dense/Amorphous,OSDA-free
1.9841264,1.7179967,99.0,250.0,1.920999,0.0,2.1276581,0.0,46.01063,0.0,65.0,4.0,Dense/Amorphous,OSDA-free
1.9841264,1.7179967,99.0,250.0,1.920999,0.0,2.1276581,0.0,46.01063,0.0,65.0,6.0,Dense/Amorphous,OSDA-free
2.0,1.7179967,99.0,250.0,1.920999,0.0,2.4341676,0.0,115.33342,0.0,65.0,2.0,Dense/Amorphous,OSDA-free
5.0,1.7179967,99.0,250.0,1.1111119,0.0,0.8888886,0.0,19.222221,0.0,65.0,2.0,Dense/Amorphous,OSDA-free
5.0,1.7179967,99.0,250.0,1.1111119,0.0,0.8888886,0.0,19.222221,0.0,65.0,4.0,Dense/Amorphous,OSDA-free
5.0,1.7179967,99.0,250.0,1.1111119,0.0,0.8888886,0.0,19.222221,0.0,65.0,6.0,Dense/Amorphous,OSDA-free
5.0,1.7179967,99.0,250.0,1.1111119,0.0,0.8888886,0.0,19.222221,0.0,65.0,12.0,Dense/Amorphous,OSDA-free
5.0,1.7179967,99.0,250.0,1.6666662,0.0,1.3333341,0.0,28.833334,0.0,65.0,2.0,Dense/Amorphous,OSDA-free
5.0,1.7179967,99.0,250.0,1.6666662,0.0,1.3333341,0.0,28.833334,0.0,65.0,4.0,Dense/Amorphous,OSDA-free
5.0,1.7179967,99.0,250.0,1.6666662,0.0,1.3333341,0.0,28.833334,0.0,65.0,6.0,Dense/Amorphous,OSDA-free
5.0,1.7179967,99.0,250.0,1.920999,0.0,2.4341676,0.0,57.666656,0.0,65.0,2.0,Dense/Amorphous,OSDA-free
5.0,1.7179967,99.0,250.0,1.920999,0.0,2.4341676,0.0,57.666656,0.0,65.0,4.0,Dense/Amorphous,OSDA-free
5.0,1.7179967,99.0,250.0,1.920999,0.0,2.4341676,0.0,144.16673,0.0,65.0,2.0,Dense/Amorphous,OSDA-free
400.0,1.7179967,99.0,250.0,0.024987513,0.0,0.019989982,0.0,0.9995003,0.0,90.0,3.0,Dense/Amorphous,OSDA-free
400.0,1.7179967,99.0,250.0,0.024987513,0.0,0.019989982,0.0,0.9995003,0.0,90.0,1.5,Dense/Amorphous,OSDA-free
400.0,0.0,99.0,250.0,1.920999,0.0,2.4341676,0.0,52.173885,0.0,175.0,180.0,Dense/Amorphous,OSDA-free
20.0,1.7179967,99.0,250.0,0.6190476,0.0,0.4952381,0.0,23.809525,0.0,140.0,20.0,Dense/Amorphous,OSDA-free
20.0,1.7179967,99.0,250.0,0.6190476,0.0,0.4952381,0.0,23.809525,0.0,140.0,10.0,Dense/Amorphous,OSDA-free
20.0,1.7179967,99.0,250.0,0.6190476,0.0,0.4952381,0.0,23.809525,0.0,140.0,5.0,Dense/Amorphous,OSDA-free
20.0,1.7179967,99.0,250.0,0.6190476,0.0,0.4952381,0.0,23.809525,0.0,140.0,0.0,Dense/Amorphous,OSDA-free
20.0,1.7179967,99.0,250.0,0.6190476,0.0,0.4952381,0.0,23.809525,0.0,140.0,72.0,Dense/Amorphous,OSDA-free
20.0,1.7179967,99.0,250.0,0.6190476,0.0,0.4952381,0.0,23.809525,0.0,140.0,40.0,Dense/Amorphous,OSDA-free
20.0,1.7179967,99.0,250.0,0.6190476,0.0,0.4952381,0.0,23.809525,0.0,140.0,20.0,Dense/Amorphous,OSDA-free
20.0,1.7179967,99.0,250.0,0.6190476,0.0,0.4952381,0.0,23.809525,0.0,140.0,0.0,Dense/Amorphous,OSDA-free
0.0,0.0,0.0,0.0,1.920999,2.5999618,2.4341676,0.0,200.0,0.0,230.0,40.0,Dense/Amorphous,OSDA-free
400.0,0.0,99.0,250.0,1.1044782,0.28358236,1.1104474,0.0,25.522385,0.0,200.0,16.0,Dense/Amorphous,OSDA-free
4.900001,1.7179967,99.0,250.0,1.920999,0.0,1.9525417,0.0,50.0,0.0,75.0,4.0,Dense/Amorphous,OSDA-free
10.0,1.7179967,99.0,250.0,0.54545456,0.181818,0.18181816,0.0,90.90909,0.0,170.0,0.0,Dense/Amorphous,OSDA-free
10.0,1.7179967,99.0,250.0,0.54545456,0.181818,0.18181816,0.0,90.90909,0.0,170.0,2.0,Dense/Amorphous,OSDA-free
10.0,1.7179967,99.0,250.0,0.54545456,0.181818,0.18181816,0.0,90.90909,0.0,170.0,4.0,Dense/Amorphous,OSDA-free
10.0,1.7179967,99.0,250.0,0.7272726,0.0,0.58181816,0.0,90.90909,0.0,170.0,24.0,Dense/Amorphous,OSDA-free
10.0,1.7179967,99.0,250.0,0.54545456,0.0,0.43636364,0.0,90.90909,0.0,170.0,24.0,Dense/Amorphous,OSDA-free
10.0,1.7179967,99.0,250.0,0.36363623,0.0,0.29090908,0.0,90.909065,0.0,170.0,24.0,Dense/Amorphous,OSDA-free
10.0,1.7179967,99.0,250.0,0.36363623,0.181818,0.18181819,0.0,90.90909,0.0,170.0,24.0,Dense/Amorphous,OSDA-free
10.0,1.7179967,99.0,250.0,0.18181819,0.0,0.14545456,0.0,90.90909,0.0,170.0,24.0,Dense/Amorphous,OSDA-free
10.0,1.7179967,99.0,250.0,0.18181819,0.181818,0.18181819,0.0,90.909065,0.0,170.0,24.0,Dense/Amorphous,OSDA-free
10.0,1.7179967,99.0,250.0,0.18181819,0.36363637,0.36363637,0.0,90.90909,0.0,170.0,24.0,Dense/Amorphous,OSDA-free
1.5,1.7179967,99.0,250.0,0.32,0.0,0.32,0.0,24.0,0.0,80.0,0.0,Dense/Amorphous,OSDA-free
1.5,1.7179967,99.0,250.0,0.32,0.0,0.32,0.0,24.0,0.0,80.0,2.0,Dense/Amorphous,OSDA-free
1.5,1.7179967,99.0,250.0,0.32,0.0,0.32,0.0,24.0,0.0,60.0,6.0,Dense/Amorphous,OSDA-free
400.0,0.0,99.0,250.0,1.1153854,0.0,0.8923074,0.0,13.076923,0.0,230.0,96.0,Dense/Amorphous,OSDA-free
6.9930043,1.7179967,99.0,250.0,0.45494303,0.0,0.36395457,0.0,7.6885395,0.0,120.0,240.0,Dense/Amorphous,OSDA-free
6.9930043,1.7179967,99.0,250.0,0.6299212,0.0,0.5039369,0.0,6.8661413,0.0,120.0,240.0,Dense/Amorphous,OSDA-free
6.9930043,1.7179967,99.0,250.0,0.6299212,0.0,0.5039369,0.0,10.645669,0.0,120.0,240.0,Dense/Amorphous,OSDA-free
400.0,0.0,99.0,250.0,1.1333325,0.5000003,1.3066666,0.0,21.066668,0.0,220.0,72.0,Dense/Amorphous,OSDA-free
400.0,0.0,99.0,250.0,1.1333325,0.5000003,1.3066666,0.0,42.13333,0.0,225.00006,96.0,Dense/Amorphous,OSDA-free
400.0,0.0,99.0,250.0,1.920999,0.46153855,2.0430803,0.0,19.70769,0.0,225.00006,96.0,Dense/Amorphous,OSDA-free
400.0,0.0,99.0,250.0,1.920999,0.46153855,2.0430803,0.0,39.415386,0.0,225.00006,96.0,Dense/Amorphous,OSDA-free
400.0,0.0,99.0,250.0,1.2000016,0.46153855,1.3292313,0.0,37.38462,0.0,225.00006,24.0,Dense/Amorphous,OSDA-free
400.0,0.0,99.0,250.0,1.2000016,0.46153855,1.3292313,0.0,35.43076,0.0,225.00006,24.0,Dense/Amorphous,OSDA-free
400.0,0.0,99.0,250.0,1.2000016,0.46153855,1.3292313,0.0,35.03077,0.0,225.00006,40.0,Dense/Amorphous,OSDA-free
400.0,0.0,99.0,250.0,1.2000016,0.46153855,1.3292313,0.0,37.38462,0.0,225.00006,66.0,Dense/Amorphous,OSDA-free
400.0,0.0,99.0,250.0,1.2000016,0.46153855,1.3292313,0.0,35.369225,0.0,225.00006,72.0,Dense/Amorphous,OSDA-free
400.0,0.0,99.0,250.0,1.0624994,0.4687507,1.2249993,0.0,19.468748,0.0,225.00006,72.0,Dense/Amorphous,OSDA-free
400.0,0.0,99.0,250.0,1.0624994,0.4687507,1.2249993,0.0,19.468748,0.0,225.00006,72.0,Dense/Amorphous,OSDA-free
400.0,0.0,99.0,250.0,1.0624994,0.4687507,1.2249993,0.0,19.468748,0.0,225.00006,72.0,Dense/Amorphous,OSDA-free
400.0,0.0,99.0,250.0,1.1384602,0.46153855,1.2800004,0.0,35.184612,0.0,210.0,15.0,Dense/Amorphous,OSDA-free
400.0,0.0,99.0,250.0,1.090908,0.45454496,1.2363636,0.0,27.10606,0.0,210.0,22.0,Dense/Amorphous,OSDA-free
400.0,0.0,99.0,250.0,1.1212124,0.48484886,1.2848483,0.0,23.545454,0.0,230.0,18.0,Dense/Amorphous,OSDA-free
400.0,0.0,99.0,250.0,1.1212124,0.48484886,1.2848483,0.0,19.681816,0.0,230.0,24.0,Dense/Amorphous,OSDA-free
400.0,0.0,99.0,250.0,1.2068958,0.5172414,1.3793113,0.0,40.431026,0.0,230.0,24.0,Dense/Amorphous,OSDA-free
400.0,0.0,99.0,250.0,1.2000016,0.46153855,1.3292313,0.0,36.24616,0.0,230.0,24.0,Dense/Amorphous,OSDA-free
400.0,0.0,99.0,250.0,1.181818,0.45454496,1.3090901,0.0,35.015152,0.0,227.99982,24.0,Dense/Amorphous,OSDA-free
400.0,0.0,99.0,250.0,1.2000016,0.46153855,1.3292313,0.0,35.43076,0.0,227.99982,24.0,Dense/Amorphous,OSDA-free
400.0,0.0,99.0,250.0,1.2000016,0.46153855,1.3292313,0.0,35.907692,0.0,227.99982,29.999996,Dense/Amorphous,OSDA-free
400.0,0.0,99.0,250.0,1.2000016,0.46153855,1.3292313,0.0,35.03077,0.0,230.0,24.0,Dense/Amorphous,OSDA-free
400.0,0.0,99.0,250.0,1.2000016,0.46153855,1.3292313,0.0,35.369225,0.0,230.0,24.0,Dense/Amorphous,OSDA-free
11.250007,1.7179967,99.0,250.0,0.0,0.40816334,0.40816325,0.0,20.408167,0.0,160.0,120.0,Dense/Amorphous,OSDA-free
40.0,1.7179967,99.0,250.0,0.19512196,0.0,0.19512197,0.0,36.585373,0.0,190.0,24.0,Dense/Amorphous,OSDA-free
400.0,0.0,99.0,250.0,1.7094017,5.3333335,2.4341676,0.0,25.641026,0.0,230.0,72.0,Dense/Amorphous,OSDA-free
400.0,0.0,99.0,250.0,0.7509293,0.765799,0.0,0.0,51.425014,0.0,255.0019,5.0,Dense/Amorphous,OSDA-free
50.0,1.7179967,99.0,250.0,0.0,0.18568024,0.18568034,0.0,44.563282,0.0,140.0,48.0,Dense/Amorphous,OSDA-free
50.0,1.7179967,99.0,250.0,0.0,0.18568024,0.18568034,0.0,44.563282,0.0,140.0,48.0,Dense/Amorphous,OSDA-free
50.0,1.7179967,99.0,250.0,0.0,0.18568024,0.18568034,0.0,44.563282,0.0,140.0,48.0,Dense/Amorphous,OSDA-free
50.0,1.7179967,99.0,250.0,0.0,0.18568024,0.18568034,0.0,44.563282,0.0,140.0,48.0,Dense/Amorphous,OSDA-free
50.0,1.7179967,99.0,250.0,0.0,0.18568024,0.18568034,0.0,44.563282,0.0,140.0,48.0,Dense/Amorphous,OSDA-free
50.0,1.7179967,99.0,250.0,0.0,0.18568024,0.18568034,0.0,44.563282,0.0,140.0,48.0,Dense/Amorphous,OSDA-free
50.0,1.7179967,99.0,250.0,0.0,0.18568024,0.18568034,0.0,44.563282,0.0,130.0,48.0,Dense/Amorphous,OSDA-free
50.0,1.7179967,99.0,250.0,0.0,0.18568024,0.18568034,0.0,44.563282,0.0,150.0,48.0,Dense/Amorphous,OSDA-free
50.0,1.7179967,99.0,250.0,0.0,0.09803919,0.09803923,0.0,44.563282,0.0,140.0,48.0,Dense/Amorphous,OSDA-free
50.0,1.7179967,99.0,250.0,0.0,0.12691164,0.1269116,0.0,44.563282,0.0,140.0,48.0,Dense/Amorphous,OSDA-free
50.0,1.7179967,99.0,250.0,0.0,0.15686262,0.15686275,0.0,44.563282,0.0,140.0,48.0,Dense/Amorphous,OSDA-free
50.0,1.7179967,99.0,250.0,0.0,0.18568024,0.18568034,0.0,44.563282,0.0,140.0,48.0,Dense/Amorphous,OSDA-free
50.0,1.7179967,99.0,250.0,0.0,0.21570805,0.21570776,0.0,44.563282,0.0,140.0,48.0,Dense/Amorphous,OSDA-free
50.0,1.7179967,99.0,250.0,0.0,0.2549782,0.25497863,0.0,44.563282,0.0,140.0,48.0,Dense/Amorphous,OSDA-free
20.0,1.7179967,99.0,250.0,0.0,0.18037517,0.18037522,0.0,43.290043,0.0,140.0,48.0,Dense/Amorphous,OSDA-free
40.0,1.7179967,99.0,250.0,0.0,0.1847745,0.18477455,0.0,44.3459,0.0,140.0,48.0,Dense/Amorphous,OSDA-free
60.0,1.7179967,99.0,250.0,0.0,0.18628919,0.18628915,0.0,44.709393,0.0,140.0,48.0,Dense/Amorphous,OSDA-free
74.99998,1.7179967,99.0,250.0,0.0,0.18690187,0.18690193,0.0,44.85646,0.0,140.0,48.0,Dense/Amorphous,OSDA-free
89.99999,1.7179967,99.0,250.0,0.0,0.18731275,0.18731266,0.0,44.95505,0.0,140.0,48.0,Dense/Amorphous,OSDA-free
50.0,1.7179967,99.0,250.0,0.0,0.18568024,0.18568034,0.0,14.417531,0.0,140.0,48.0,Dense/Amorphous,OSDA-free
50.0,1.7179967,99.0,250.0,0.0,0.18568024,0.18568034,0.0,29.708853,0.0,140.0,48.0,Dense/Amorphous,OSDA-free
50.0,1.7179967,99.0,250.0,0.0,0.18568024,0.18568034,0.0,57.670124,0.0,140.0,48.0,Dense/Amorphous,OSDA-free
50.0,1.7179967,99.0,250.0,0.0,0.18568024,0.18568034,0.0,75.41484,0.0,140.0,48.0,Dense/Amorphous,OSDA-free
50.0,1.7179967,99.0,250.0,0.0,0.18568024,0.18568034,0.0,44.563282,0.0,140.0,48.0,Dense/Amorphous,OSDA-free
12.5,1.7179967,99.0,250.0,0.2777777,0.2777778,0.5555556,0.0,7.8703713,0.0,140.0,120.0,Dense/Amorphous,OSDA-free
400.0,0.0,99.0,250.0,1.920999,0.0,0.0,0.0,50.04348,0.0,175.0,72.0,Dense/Amorphous,OSDA-free
400.0,0.0,99.0,250.0,1.920999,0.0,0.0,0.0,50.04348,0.0,175.0,480.0,Dense/Amorphous,OSDA-free
400.0,0.0,99.0,250.0,1.920999,0.0,0.0,0.0,47.720936,0.0,175.0,480.0,Dense/Amorphous,OSDA-free
400.0,0.0,99.0,250.0,1.920999,0.0,0.0,0.0,47.720936,0.0,175.0,72.0,Dense/Amorphous,OSDA-free
400.0,0.0,99.0,250.0,1.920999,0.0,0.0,0.0,47.720936,0.0,175.0,480.0,Dense/Amorphous,OSDA-free
400.0,0.0,99.0,250.0,1.920999,0.0,0.0,0.0,47.720936,0.0,175.0,72.0,Dense/Amorphous,OSDA-free
400.0,0.0,99.0,250.0,1.920999,0.0,0.0,0.0,47.720936,0.0,175.0,480.0,Dense/Amorphous,OSDA-free
400.0,0.0,99.0,250.0,1.920999,0.0,0.0,0.0,47.720936,0.0,175.0,480.0,Dense/Amorphous,OSDA-free
400.0,0.0,99.0,250.0,1.920999,0.0,0.0,0.0,47.720936,0.0,175.0,480.0,Dense/Amorphous,OSDA-free
400.0,0.0,99.0,250.0,1.920999,0.0,0.0,0.0,48.25001,0.0,175.0,72.0,Dense/Amorphous,OSDA-free
400.0,0.0,99.0,250.0,1.920999,0.0,0.0,0.0,48.25001,0.0,175.0,480.0,Dense/Amorphous,OSDA-free
400.0,0.0,99.0,250.0,1.1627901,1.1628007,0.0,0.0,47.720936,0.0,175.0,2160.0034,Dense/Amorphous,OSDA-free
20.0,1.7179967,99.0,250.0,0.1904762,0.0,0.15238096,0.0,9.523809,0.0,165.0,15.0,Dense/Amorphous,OSDA-free
20.0,1.7179967,99.0,250.0,0.1904762,0.0,0.15238096,0.0,9.523809,0.0,180.0,0.0,Dense/Amorphous,OSDA-free
20.0,1.7179967,99.0,250.0,0.1904762,0.0,0.15238096,0.0,9.523809,0.0,180.0,2.0,Dense/Amorphous,OSDA-free
20.0,1.7179967,99.0,250.0,0.1904762,0.0,0.15238096,0.0,9.523809,0.0,180.0,5.0,Dense/Amorphous,OSDA-free
2.5,1.7179967,99.0,250.0,0.0,1.9999918,2.0000017,0.0,23.714283,0.0,180.0,0.0,Dense/Amorphous,OSDA-free
2.5,1.7179967,99.0,250.0,0.0,1.9999918,2.0000017,0.0,23.714283,0.0,180.0,1.5,Dense/Amorphous,OSDA-free
2.5,1.7179967,99.0,250.0,0.0,1.9999918,2.0000017,0.0,23.714283,0.0,180.0,2.3000002,Dense/Amorphous,OSDA-free
2.5,1.7179967,99.0,250.0,0.0,1.9999918,2.0000017,0.0,23.714283,0.0,180.0,3.0,Dense/Amorphous,OSDA-free
5.0,1.7179967,99.0,250.0,0.7666667,0.0,0.6133332,0.0,15.0,0.0,100.0,0.5,Dense/Amorphous,OSDA-free
5.0,1.7179967,99.0,250.0,0.7666667,0.0,0.6133332,0.0,15.0,0.0,125.0,0.5,Dense/Amorphous,OSDA-free
5.0,1.7179967,99.0,250.0,0.7666667,0.0,0.6133332,0.0,15.0,0.0,125.0,1.0,Dense/Amorphous,OSDA-free
0.5,1.7179967,99.0,250.0,0.0,1.9999918,2.0000017,0.0,136.66669,0.0,150.0,10.0,Dense/Amorphous,OSDA-free
1.0,1.7179967,99.0,250.0,0.0,3.0000563,2.4341676,0.0,200.0,0.0,150.0,10.0,Dense/Amorphous,OSDA-free
1.9999998,1.7179967,99.0,250.0,0.0,3.9999094,2.4341676,0.0,200.0,0.0,150.0,4.0,Dense/Amorphous,OSDA-free
5.0,1.7179967,99.0,250.0,0.0,4.9999537,2.4341676,0.0,200.0,0.0,150.0,4.0,Dense/Amorphous,OSDA-free
50.0,1.7179967,99.0,250.0,0.0,5.3333335,2.4341676,0.0,200.0,0.0,150.0,4.0,Dense/Amorphous,OSDA-free
400.0,1.7179967,99.0,250.0,0.0,5.3333335,2.4341676,0.0,200.0,0.0,150.0,4.0,Dense/Amorphous,OSDA-free
5.0,1.7179967,99.0,250.0,0.0,3.3332767,2.4341676,0.0,200.0,0.0,150.0,6.0,Dense/Amorphous,OSDA-free
5.0,1.7179967,99.0,250.0,0.0,5.3333335,2.4341676,0.0,200.0,0.0,150.0,2.0,Dense/Amorphous,OSDA-free
5.0,1.7179967,99.0,250.0,0.0,5.3333335,2.4341676,0.0,200.0,0.0,150.0,3.0,Dense/Amorphous,OSDA-free
5.0,1.7179967,99.0,250.0,0.0,5.3333335,2.4341676,0.0,200.0,0.0,150.0,4.0,Dense/Amorphous,OSDA-free
400.0,0.0,99.0,250.0,1.920999,0.0,0.0,0.0,50.04348,0.0,175.0,0.0,Dense/Amorphous,OSDA-free
400.0,0.0,99.0,250.0,1.920999,0.0,0.0,0.0,50.04348,0.0,175.0,0.0,Dense/Amorphous,OSDA-free
400.0,0.0,99.0,250.0,1.920999,0.0,0.0,0.0,50.04348,0.0,175.0,0.0,Dense/Amorphous,OSDA-free
400.0,0.0,99.0,250.0,1.920999,0.0,0.0,0.0,50.04348,0.0,175.0,0.0,Dense/Amorphous,OSDA-free
400.0,0.0,99.0,250.0,1.920999,0.0,0.0,0.0,50.04348,0.0,175.0,0.0,Dense/Amorphous,OSDA-free
400.0,0.0,99.0,250.0,1.920999,0.0,0.0,0.0,50.04348,0.0,175.0,0.0,Dense/Amorphous,OSDA-free
400.0,0.0,99.0,250.0,1.920999,0.0,0.0,0.0,50.04348,0.0,175.0,0.0,Dense/Amorphous,OSDA-free
400.0,0.0,99.0,250.0,1.920999,0.0,0.0,0.0,50.04348,0.0,175.0,0.0,Dense/Amorphous,OSDA-free
400.0,0.0,99.0,250.0,1.3369224,0.23076883,0.0,0.23076922,46.153847,0.0,200.0,0.0,Dense/Amorphous,OSDA-free
400.0,0.0,99.0,250.0,1.4215388,0.23076883,0.0,0.23076922,46.153847,0.0,200.0,0.0,Dense/Amorphous,OSDA-free
400.0,0.0,99.0,250.0,1.5738461,0.23076883,0.0,0.23076922,46.153847,0.0,200.0,0.0,Dense/Amorphous,OSDA-free
400.0,0.0,99.0,250.0,1.362856,0.23809557,0.0,0.23809524,47.61904,0.0,200.0,0.0,Dense/Amorphous,OSDA-free
400.0,0.0,99.0,250.0,1.381764,0.22058803,0.0,0.22058828,44.117645,0.0,200.0,0.0,Dense/Amorphous,OSDA-free
400.0,0.0,99.0,250.0,1.395,0.2083333,0.0,0.20833321,41.666664,0.0,200.0,0.0,Dense/Amorphous,OSDA-free
400.0,0.0,99.0,250.0,1.3453853,0.23076883,0.0,0.23076922,46.153847,0.0,200.0,0.0,Dense/Amorphous,OSDA-free
400.0,0.0,99.0,250.0,1.3561763,0.22058803,0.0,0.22058828,44.117645,0.0,200.0,0.0,Dense/Amorphous,OSDA-free
400.0,0.0,99.0,250.0,1.370769,0.23076883,0.0,0.23076922,46.153847,0.0,200.0,0.0,Dense/Amorphous,OSDA-free
400.0,0.0,99.0,250.0,0.8661536,0.23076883,0.0,0.23076922,46.153847,0.0,200.0,0.0,Dense/Amorphous,OSDA-free
400.0,0.0,99.0,250.0,0.63538456,0.23076883,0.0,0.0,46.153847,0.0,200.0,0.0,Dense/Amorphous,OSDA-free
400.0,0.0,99.0,250.0,0.8661536,0.0,0.0,0.0,46.153847,0.0,200.0,0.0,Dense/Amorphous,OSDA-free
400.0,0.0,99.0,250.0,1.0969229,0.0,0.0,0.23076922,46.153847,0.0,200.0,0.0,Dense/Amorphous,OSDA-free
400.0,0.0,99.0,250.0,1.2861538,0.08615392,0.086153835,0.0,46.153847,0.0,200.0,120.0,Dense/Amorphous,OSDA-free
400.0,0.0,99.0,250.0,1.2461522,0.12615402,0.12615381,0.0,46.153847,0.0,200.0,120.0,Dense/Amorphous,OSDA-free
400.0,0.0,99.0,250.0,1.212309,0.16000013,0.16000006,0.0,46.153847,0.0,200.0,120.0,Dense/Amorphous,OSDA-free
400.0,0.0,99.0,250.0,1.1415368,0.23076883,0.23076922,0.0,46.153847,0.0,200.0,72.0,Dense/Amorphous,OSDA-free
400.0,0.0,99.0,250.0,0.9138463,0.4584617,0.45846164,0.0,46.153847,0.0,200.0,240.0,Dense/Amorphous,OSDA-free
400.0,0.0,99.0,250.0,0.82461554,0.5476914,0.5476923,0.0,46.153847,0.0,200.0,360.0,Dense/Amorphous,OSDA-free
400.0,0.0,99.0,250.0,0.68615365,0.6861556,0.6861537,0.0,46.153847,0.0,200.0,480.0,Dense/Amorphous,OSDA-free
400.0,0.0,99.0,250.0,0.5107692,0.8615403,0.8615379,0.0,46.153847,0.0,200.0,840.0,Dense/Amorphous,OSDA-free
400.0,0.0,99.0,250.0,0.5,0.12499989,0.0,0.125,15.750001,0.0,220.0,48.0,Dense/Amorphous,OSDA-free
400.0,0.0,99.0,250.0,0.5,0.12499989,0.0,0.125,15.750001,0.0,220.0,51.99998,Dense/Amorphous,OSDA-free
400.0,0.0,99.0,250.0,0.5,0.12499989,0.0,0.125,15.750001,0.0,220.0,72.0,Dense/Amorphous,OSDA-free
400.0,0.0,99.0,250.0,0.31578946,0.113684274,0.0,0.113684416,4.4736843,0.0,220.0,48.0,Dense/Amorphous,OSDA-free
400.0,0.0,99.0,250.0,0.31578946,0.113684274,0.0,0.113684416,4.4736843,0.0,220.0,48.0,Dense/Amorphous,OSDA-free
400.0,0.0,99.0,250.0,0.31578946,0.113684274,0.0,0.113684416,4.4736843,0.0,220.0,51.99998,Dense/Amorphous,OSDA-free
400.0,0.0,99.0,250.0,0.31578946,0.113684274,0.0,0.113684416,4.4736843,0.0,220.0,51.99998,Dense/Amorphous,OSDA-free
400.0,0.0,99.0,250.0,0.31578946,0.113684274,0.0,0.113684416,4.4736843,0.0,220.0,72.0,Dense/Amorphous,OSDA-free
400.0,0.0,99.0,250.0,0.31578946,0.113684274,0.0,0.113684416,4.4736843,0.0,220.0,72.0,Dense/Amorphous,OSDA-free
400.0,0.0,99.0,250.0,1.0461539,0.46153855,0.0,0.46153834,27.692305,0.0,220.0,48.0,Dense/Amorphous,OSDA-free
400.0,0.0,99.0,250.0,1.0461539,0.46153855,0.0,0.46153834,27.692305,0.0,220.0,51.99998,Dense/Amorphous,OSDA-free
400.0,0.0,99.0,250.0,1.0461539,0.46153855,0.0,0.46153834,27.692305,0.0,220.0,72.0,Dense/Amorphous,OSDA-free
9.090909,1.7179967,99.0,250.0,0.41981998,0.13873877,0.5585586,0.0,10.450451,0.0,100.0,48.0,Dense/Amorphous,OSDA-free
9.090909,1.7179967,99.0,250.0,0.41981998,0.13873877,0.5585586,0.0,10.450451,0.0,100.0,72.0,Dense/Amorphous,OSDA-free
9.090909,1.7179967,99.0,250.0,0.41981998,0.13873877,0.5585586,0.0,10.450451,0.0,100.0,5.0,Dense/Amorphous,OSDA-free
9.090909,1.7179967,99.0,250.0,0.41981998,0.13873877,0.5585586,0.0,10.450451,0.0,100.0,10.0,Dense/Amorphous,OSDA-free
9.090909,1.7179967,99.0,250.0,0.41981998,0.13873877,0.5585586,0.0,10.450451,0.0,100.0,20.0,Dense/Amorphous,OSDA-free
9.090909,1.7179967,99.0,250.0,0.41981998,0.13873877,0.5585586,0.0,10.450451,0.0,100.0,48.0,Dense/Amorphous,OSDA-free
9.090909,1.7179967,99.0,250.0,0.41981998,0.13873877,0.5585586,0.0,10.450451,0.0,100.0,72.0,Dense/Amorphous,OSDA-free
9.090909,1.7179967,99.0,250.0,0.41981998,0.13873877,0.5585586,0.0,10.450451,0.0,100.0,5.0,Dense/Amorphous,OSDA-free
9.090909,1.7179967,99.0,250.0,0.41981998,0.13873877,0.5585586,0.0,10.450451,0.0,100.0,10.0,Dense/Amorphous,OSDA-free
9.090909,1.7179967,99.0,250.0,0.41981998,0.13873877,0.5585586,0.0,10.450451,0.0,100.0,15.0,Dense/Amorphous,OSDA-free
50.0,1.7179967,99.0,250.0,0.078431375,0.0,0.062745094,0.0,39.215687,0.0,210.0,3.0,Dense/Amorphous,OSDA-free
50.0,1.7179967,99.0,250.0,0.6274511,0.0,0.5019609,0.0,39.215687,0.0,210.0,3.0,Dense/Amorphous,OSDA-free
50.0,1.7179967,99.0,250.0,0.1568627,0.0,0.12549017,0.0,39.215687,0.0,210.0,3.0,Dense/Amorphous,OSDA-free
50.0,1.7179967,99.0,250.0,0.6274511,0.0,0.5019609,0.0,39.215687,0.0,210.0,3.0,Dense/Amorphous,OSDA-free
50.0,1.7179967,99.0,250.0,0.23529416,0.0,0.1882353,0.0,39.215687,0.0,210.0,3.0,Dense/Amorphous,OSDA-free
50.0,1.7179967,99.0,250.0,0.6274511,0.0,0.5019609,0.0,39.215687,0.0,210.0,3.0,Dense/Amorphous,OSDA-free
10.600003,1.7179967,99.0,250.0,0.0,0.5300006,0.5300001,0.0,21.565517,0.0,150.0,96.0,Dense/Amorphous,OSDA-free
10.600003,1.7179967,99.0,250.0,0.0,0.6853454,0.68534476,0.0,21.565517,0.0,150.0,96.0,Dense/Amorphous,OSDA-free
60.0,1.7179967,99.0,250.0,0.53312004,0.0,0.53312004,0.0,34.426228,0.0,160.0,10.0,Dense/Amorphous,OSDA-free
60.0,1.7179967,99.0,250.0,0.53312004,0.0,0.53312004,0.0,34.426228,0.0,160.0,10.0,Dense/Amorphous,OSDA-free
60.0,1.7179967,99.0,250.0,0.53312004,0.0,0.53312004,0.0,34.426228,0.0,160.0,10.0,Dense/Amorphous,OSDA-free
10.0,1.7179967,99.0,250.0,0.045454584,0.27272713,0.31818175,0.0,90.90909,0.0,170.0,24.0,Dense/Amorphous,OSDA-free
10.0,1.7179967,99.0,250.0,0.045454584,0.22727257,0.27272728,0.0,90.90909,0.0,170.0,24.0,Dense/Amorphous,OSDA-free
10.0,1.7179967,99.0,250.0,0.045454584,0.181818,0.22727275,0.0,90.90909,0.0,170.0,24.0,Dense/Amorphous,OSDA-free
10.0,1.7179967,99.0,250.0,0.045454584,0.13636346,0.18181819,0.0,90.90909,0.0,170.0,24.0,Dense/Amorphous,OSDA-free
10.0,1.7179967,99.0,250.0,0.045454584,0.09090907,0.13636366,0.0,90.90909,0.0,170.0,24.0,Dense/Amorphous,OSDA-free
10.0,1.7179967,99.0,250.0,0.090909086,0.27272713,0.36363637,0.0,90.90909,0.0,170.0,24.0,Dense/Amorphous,OSDA-free
10.0,1.7179967,99.0,250.0,0.090909086,0.22727257,0.31818175,0.0,90.90909,0.0,170.0,24.0,Dense/Amorphous,OSDA-free
10.0,1.7179967,99.0,250.0,0.090909086,0.181818,0.27272728,0.0,90.90909,0.0,170.0,24.0,Dense/Amorphous,OSDA-free
10.0,1.7179967,99.0,250.0,0.090909086,0.13636346,0.22727275,0.0,90.90909,0.0,170.0,24.0,Dense/Amorphous,OSDA-free
10.0,1.7179967,99.0,250.0,0.090909086,0.09090907,0.18181819,0.0,90.90909,0.0,170.0,24.0,Dense/Amorphous,OSDA-free
10.0,1.7179967,99.0,250.0,0.090909086,0.045454636,0.13636366,0.0,90.90909,0.0,170.0,24.0,Dense/Amorphous,OSDA-free
10.0,1.7179967,99.0,250.0,0.1363636,0.27272713,0.4090909,0.0,90.90909,0.0,170.0,24.0,Dense/Amorphous,OSDA-free
10.0,1.7179967,99.0,250.0,0.1363636,0.22727257,0.36363637,0.0,90.90909,0.0,170.0,24.0,Dense/Amorphous,OSDA-free
10.0,1.7179967,99.0,250.0,0.1363636,0.181818,0.31818175,0.0,90.90909,0.0,170.0,24.0,Dense/Amorphous,OSDA-free
10.0,1.7179967,99.0,250.0,0.1363636,0.13636346,0.27272728,0.0,90.90909,0.0,170.0,24.0,Dense/Amorphous,OSDA-free
10.0,1.7179967,99.0,250.0,0.1363636,0.09090907,0.22727275,0.0,90.90909,0.0,170.0,24.0,Dense/Amorphous,OSDA-free
10.0,1.7179967,99.0,250.0,0.1363636,0.045454636,0.18181819,0.0,90.90909,0.0,170.0,24.0,Dense/Amorphous,OSDA-free
10.0,1.7179967,99.0,250.0,0.1363636,0.0,0.13636366,0.0,90.90909,0.0,170.0,24.0,Dense/Amorphous,OSDA-free
10.0,1.7179967,99.0,250.0,0.18181819,0.22727257,0.4090909,0.0,90.90909,0.0,170.0,24.0,Dense/Amorphous,OSDA-free
10.0,1.7179967,99.0,250.0,0.18181819,0.181818,0.36363637,0.0,90.90909,0.0,170.0,24.0,Dense/Amorphous,OSDA-free
10.0,1.7179967,99.0,250.0,0.18181819,0.13636346,0.31818175,0.0,90.90909,0.0,170.0,24.0,Dense/Amorphous,OSDA-free
10.0,1.7179967,99.0,250.0,0.18181819,0.09090907,0.27272728,0.0,90.90909,0.0,170.0,24.0,Dense/Amorphous,OSDA-free
10.0,1.7179967,99.0,250.0,0.18181819,0.045454636,0.22727275,0.0,90.90909,0.0,170.0,24.0,Dense/Amorphous,OSDA-free
10.0,1.7179967,99.0,250.0,0.18181819,0.0,0.18181819,0.0,90.90909,0.0,170.0,24.0,Dense/Amorphous,OSDA-free
10.0,1.7179967,99.0,250.0,0.22727282,0.09090907,0.31818175,0.0,90.90909,0.0,170.0,24.0,Dense/Amorphous,OSDA-free
10.0,1.7179967,99.0,250.0,0.22727282,0.045454636,0.27272728,0.0,90.90909,0.0,170.0,24.0,Dense/Amorphous,OSDA-free
10.0,1.7179967,99.0,250.0,0.22727282,0.0,0.22727275,0.0,90.90909,0.0,170.0,24.0,Dense/Amorphous,OSDA-free
10.0,1.7179967,99.0,250.0,0.27272725,0.0,0.27272728,0.0,90.90909,0.0,170.0,24.0,Dense/Amorphous,OSDA-free
0.0,0.3333334,0.0,0.0,0.0,0.0,0.0,0.25,15.625,0.0,200.0,1.0,Dense/Amorphous,OSDA-free
10.0,1.7179967,99.0,250.0,0.54545456,0.0,0.54545456,0.0,22.727274,0.0,140.0,24.0,Dense/Amorphous,OSDA-free
10.0,1.7179967,99.0,250.0,0.54545456,0.0,0.54545456,0.0,22.727274,0.0,140.0,48.0,Dense/Amorphous,OSDA-free
10.0,1.7179967,99.0,250.0,0.54545456,0.0,0.54545456,0.0,22.727274,0.0,140.0,24.0,Dense/Amorphous,OSDA-free
10.0,1.7179967,99.0,250.0,0.36363623,0.0,0.36363637,0.0,22.727274,0.0,140.0,96.0,Dense/Amorphous,OSDA-free
10.0,1.7179967,99.0,250.0,0.54545456,0.0,0.54545456,0.0,22.727274,0.0,140.0,96.0,Dense/Amorphous,OSDA-free
5.500002,1.7179967,99.0,250.0,0.5076922,0.0,0.5076923,0.0,21.15385,0.0,140.0,24.0,Dense/Amorphous,OSDA-free
400.0,0.0,99.0,250.0,0.0,0.0,0.0,0.7000008,30.0,0.0,180.0,24.0,Dense/Amorphous,OSDA-free
0.8333332,1.7179967,99.0,250.0,0.54545456,0.0,0.43636364,0.0,1.3636364,0.0,80.0,0.0,Dense/Amorphous,OSDA-free
0.8333332,1.7179967,99.0,250.0,0.54545456,0.0,0.43636364,0.0,1.3636364,0.0,80.0,1.0,Dense/Amorphous,OSDA-free
0.8333332,1.7179967,99.0,250.0,0.54545456,0.0,0.43636364,0.0,1.3636364,0.0,80.0,2.0,Dense/Amorphous,OSDA-free
0.8333332,1.7179967,99.0,250.0,0.54545456,0.0,0.43636364,0.0,1.3636364,0.0,80.0,3.0,Dense/Amorphous,OSDA-free
0.8333332,1.7179967,99.0,250.0,0.54545456,0.0,0.43636364,0.0,1.3636364,0.0,80.0,3.3000007,Dense/Amorphous,OSDA-free
0.8333332,1.7179967,99.0,250.0,0.54545456,0.0,0.43636364,0.0,1.3636364,0.0,80.0,3.6600008,Dense/Amorphous,OSDA-free
10.0,1.7179967,99.0,250.0,0.7575756,0.0,0.75757575,0.0,45.45455,0.0,150.0,24.0,Dense/Amorphous,OSDA-free
10.0,1.7179967,99.0,250.0,0.7575756,0.0,0.75757575,0.0,45.45455,0.0,180.0,24.0,Dense/Amorphous,OSDA-free
10.0,1.7179967,99.0,250.0,0.7575756,0.0,0.75757575,0.0,45.45455,0.0,165.0,48.0,Dense/Amorphous,OSDA-free
10.0,1.7179967,99.0,250.0,0.30303022,0.0,0.30303028,0.0,45.45455,0.0,165.0,24.0,Dense/Amorphous,OSDA-free
10.0,1.7179967,99.0,250.0,1.0606068,0.0,1.0606065,0.0,45.45455,0.0,165.0,24.0,Dense/Amorphous,OSDA-free
400.0,0.0,99.0,250.0,0.0,0.3500004,0.28,0.0,20.0,0.0,150.0,168.0,Dense/Amorphous,OSDA-free
400.0,0.0,99.0,250.0,0.0,0.3500004,0.28,0.0,20.0,0.0,150.0,168.0,Dense/Amorphous,OSDA-free
400.0,0.0,99.0,250.0,0.0,0.3500004,0.28,0.0,20.0,0.0,150.0,168.0,Dense/Amorphous,OSDA-free
400.0,0.0,99.0,250.0,0.34999996,0.0,0.28,0.0,20.0,0.0,150.0,168.0,Dense/Amorphous,OSDA-free
400.0,0.0,99.0,250.0,0.0,0.0,0.35,0.0,20.0,0.0,150.0,168.0,Dense/Amorphous,OSDA-free
2.5,1.7179967,99.0,250.0,0.0,0.55714285,0.0,0.21428572,25.0,0.0,160.0,120.0,Dense/Amorphous,OSDA-free
2.5,1.7179967,99.0,250.0,0.0,0.55714285,0.0,0.21428572,20.35714,0.0,160.0,120.0,Dense/Amorphous,OSDA-free
2.5,1.7179967,99.0,250.0,0.0,0.55714285,0.0,0.21428572,17.857147,0.0,160.0,120.0,Dense/Amorphous,OSDA-free
2.5,1.7179967,99.0,250.0,0.0,0.55714285,0.0,0.21428572,14.285714,0.0,160.0,120.0,Dense/Amorphous,OSDA-free
2.5,1.7179967,99.0,250.0,0.0,0.557143,0.0,0.21428572,10.714286,0.0,160.0,72.0,Dense/Amorphous,OSDA-free
2.5,1.7179967,99.0,250.0,0.0,0.557143,0.0,0.21428572,10.714286,0.0,160.0,48.0,Dense/Amorphous,OSDA-free
5.0,1.7179967,99.0,250.0,0.0,0.6499994,0.0,0.25,12.5,0.0,160.0,96.0,Dense/Amorphous,OSDA-free
2.5,1.7179967,99.0,250.0,0.0,0.55714285,0.0,0.28571427,10.714286,0.0,160.0,72.0,Dense/Amorphous,OSDA-free
2.5,1.7179967,99.0,250.0,0.0,0.42857113,0.0,0.21428572,10.714286,0.0,160.0,72.0,Dense/Amorphous,OSDA-free
2.0,1.7179967,99.0,250.0,0.0,0.0,2.1333342,0.0,27.333334,0.0,180.0,1.3333333,Dense/Amorphous,OSDA-free
3.0,1.7179967,99.0,250.0,0.0,0.0,2.4341676,0.0,20.5,0.0,180.0,1.3333333,Dense/Amorphous,OSDA-free
2.0,1.7179967,99.0,250.0,0.0,0.0,2.4341676,0.0,27.333334,0.0,140.0,1.3333333,Dense/Amorphous,OSDA-free
2.0,1.7179967,99.0,250.0,0.0,0.0,2.4341676,0.0,27.333334,0.0,160.0,1.3333333,Dense/Amorphous,OSDA-free
2.0,1.7179967,99.0,250.0,0.0,0.0,2.4341676,0.0,27.333334,0.0,180.0,0.16666657,Dense/Amorphous,OSDA-free
2.0,1.7179967,99.0,250.0,0.0,0.0,2.4341676,0.0,27.333334,0.0,180.0,0.28333336,Dense/Amorphous,OSDA-free
2.0,1.7179967,99.0,250.0,0.0,0.0,2.4341676,0.0,27.333334,0.0,180.0,0.5,Dense/Amorphous,OSDA-free
22.499996,1.7179967,99.0,250.0,0.3404254,0.0,0.27234042,0.0,17.872337,0.0,100.0,26.999994,Dense/Amorphous,OSDA-free
15.0,1.7179967,99.0,250.0,0.35624984,0.3375,0.33750007,0.0,15.625,0.0,170.0,0.0,Dense/Amorphous,OSDA-free
15.0,1.7179967,99.0,250.0,0.35624984,0.3375,0.33750007,0.0,15.625,0.0,170.0,1.0,Dense/Amorphous,OSDA-free
15.0,1.7179967,99.0,250.0,0.35624984,0.3375,0.33750007,0.0,15.625,0.0,170.0,2.0,Dense/Amorphous,OSDA-free
15.0,1.7179967,99.0,250.0,0.35624984,0.3375,0.33750007,0.0,15.625,0.0,150.0,0.0,Dense/Amorphous,OSDA-free
15.0,1.7179967,99.0,250.0,0.35624984,0.3375,0.33750007,0.0,15.625,0.0,150.0,10.0,Dense/Amorphous,OSDA-free
15.0,1.7179967,99.0,250.0,0.35624984,0.3375,0.33750007,0.0,15.625,0.0,150.0,12.0,Dense/Amorphous,OSDA-free
15.0,1.7179967,99.0,250.0,0.35624984,0.3375,0.33750007,0.0,15.625,0.0,130.0,1.0,Dense/Amorphous,OSDA-free
15.0,1.7179967,99.0,250.0,0.35624984,0.3375,0.33750007,0.0,15.625,0.0,130.0,5.0,Dense/Amorphous,OSDA-free
15.0,1.7179967,99.0,250.0,0.35624984,0.3375,0.33750007,0.0,15.625,0.0,100.0,24.0,Dense/Amorphous,OSDA-free
15.0,1.7179967,99.0,250.0,0.35624984,0.3375,0.33750007,0.0,15.625,0.0,100.0,48.0,Dense/Amorphous,OSDA-free
15.0,1.7179967,99.0,250.0,0.35624984,0.3375,0.33750007,0.0,15.625,0.0,100.0,72.0,Dense/Amorphous,OSDA-free
15.0,1.7179967,99.0,250.0,0.35624984,0.3375,0.33750007,0.0,15.625,0.0,100.0,96.0,Dense/Amorphous,OSDA-free
15.0,1.7179967,99.0,250.0,0.35624984,0.3375,0.33750007,0.0,15.625,0.0,100.0,120.0,Dense/Amorphous,OSDA-free
15.0,1.7179967,99.0,250.0,0.35624984,0.3375,0.33750007,0.0,15.625,0.0,100.0,144.0,Dense/Amorphous,OSDA-free
15.0,1.7179967,99.0,250.0,0.35624984,0.3375,0.33750007,0.0,15.625,0.0,100.0,168.0,Dense/Amorphous,OSDA-free
15.0,1.7179967,99.0,250.0,0.35624984,0.3375,0.33750007,0.0,15.625,0.0,100.0,192.0,Dense/Amorphous,OSDA-free
2.994012,1.7179967,99.0,250.0,0.749625,0.0,0.59970015,0.0,16.866568,0.0,80.0,8.999997,Dense/Amorphous,OSDA-free
2.994012,1.7179967,99.0,250.0,0.749625,0.0,0.59970015,0.0,16.866568,0.0,80.0,8.999997,Dense/Amorphous,OSDA-free
2.994012,1.7179967,99.0,250.0,0.749625,0.0,0.59970015,0.0,16.866568,0.0,80.0,8.999997,Dense/Amorphous,OSDA-free
2.994012,1.7179967,99.0,250.0,0.749625,0.0,0.59970015,0.0,16.866568,0.0,80.0,8.999997,Dense/Amorphous,OSDA-free
2.994012,1.7179967,99.0,250.0,0.749625,0.0,0.59970015,0.0,16.866568,0.0,80.0,8.999997,Dense/Amorphous,OSDA-free
2.5,1.7179967,99.0,250.0,0.0,0.55714285,0.0,0.21428572,25.0,0.0,150.0,48.0,Dense/Amorphous,OSDA-free
2.5,1.7179967,99.0,250.0,0.0,0.55714285,0.0,0.21428572,25.0,0.0,160.0,48.0,Dense/Amorphous,OSDA-free
2.5,1.7179967,99.0,250.0,0.0,0.55714285,0.0,0.21428572,25.0,0.0,170.0,48.0,Dense/Amorphous,OSDA-free
2.5,1.7179967,99.0,250.0,0.0,0.55714285,0.0,0.21428572,25.0,0.0,190.0,48.0,Dense/Amorphous,OSDA-free
2.5,1.7179967,99.0,250.0,0.0,0.55714285,0.0,0.21428572,25.0,0.0,150.0,60.0,Dense/Amorphous,OSDA-free
2.5,1.7179967,99.0,250.0,0.0,0.55714285,0.0,0.21428572,25.0,0.0,160.0,60.0,Dense/Amorphous,OSDA-free
2.5,1.7179967,99.0,250.0,0.0,0.55714285,0.0,0.21428572,25.0,0.0,190.0,72.0,Dense/Amorphous,OSDA-free
12.5,1.7179967,99.0,250.0,0.48148152,0.16666666,0.16666667,0.0,12.962963,0.0,120.0,72.0,Dense/Amorphous,OSDA-free
12.5,1.7179967,99.0,250.0,0.48148152,0.16666666,0.16666667,0.0,12.962963,0.0,120.0,12.0,Dense/Amorphous,OSDA-free
2.5,1.7179967,99.0,250.0,0.0,0.57142866,0.0,0.1428573,25.0,0.0,160.0,48.0,Dense/Amorphous,OSDA-free
2.5,1.7179967,99.0,250.0,0.0,0.57142866,0.0,0.1428573,25.0,0.0,160.0,10.0,Dense/Amorphous,OSDA-free
400.0,0.0,99.0,250.0,1.6363636,0.0,1.3090901,0.0,61.36363,0.0,200.0,72.0,Dense/Amorphous,OSDA-free
400.0,0.0,99.0,250.0,1.7973051,0.0,1.4378437,0.0,67.39889,0.0,200.0,24.0,Dense/Amorphous,OSDA-free
400.0,0.0,99.0,250.0,0.8977559,0.0,0.7182042,0.0,33.91521,0.0,200.0,24.0,Dense/Amorphous,OSDA-free
400.0,0.0,99.0,250.0,0.8977559,0.0,0.7182042,0.0,19.950123,0.0,200.0,24.0,Dense/Amorphous,OSDA-free
400.0,0.0,99.0,250.0,1.181818,0.0,0.94545454,0.0,61.36363,0.0,200.0,24.0,Dense/Amorphous,OSDA-free
0.5,1.7179967,99.0,250.0,1.920999,0.0,1.6000001,0.0,136.66669,0.0,110.0,0.5,Dense/Amorphous,OSDA-free
400.0,0.0,99.0,250.0,0.8666673,0.7999983,0.0,0.16666676,50.0,0.0,200.0,168.0,Dense/Amorphous,OSDA-free
400.0,0.0,99.0,250.0,0.8666673,0.7999983,0.0,0.16666676,50.0,0.0,200.0,168.0,Dense/Amorphous,OSDA-free
400.0,0.0,99.0,250.0,1.6507932,0.15872997,0.0,0.15873039,17.460316,0.0,200.0,48.0,Dense/Amorphous,OSDA-free
400.0,0.0,99.0,250.0,1.6507932,0.15872997,0.0,0.15873039,17.460316,0.0,200.0,168.0,Dense/Amorphous,OSDA-free
400.0,0.0,99.0,250.0,1.5625005,0.28124958,0.0,0.15625009,15.625,0.0,200.0,48.0,Dense/Amorphous,OSDA-free
400.0,0.0,99.0,250.0,1.5625005,0.28124958,0.0,0.15625009,15.625,0.0,200.0,168.0,Dense/Amorphous,OSDA-free
400.0,0.0,99.0,250.0,1.7575753,0.121211976,0.0,0.15151516,16.666666,0.0,200.0,168.0,Dense/Amorphous,OSDA-free
400.0,0.0,99.0,250.0,1.7575753,0.121211976,0.0,0.15151516,16.666666,0.0,200.0,168.0,Dense/Amorphous,OSDA-free
400.0,0.0,99.0,250.0,1.7575753,0.121211976,0.0,0.15151516,16.666666,0.0,200.0,168.0,Dense/Amorphous,OSDA-free
400.0,0.0,99.0,250.0,1.6507932,0.15872997,1.4476204,0.0,17.460316,0.0,200.0,42.0,Dense/Amorphous,OSDA-free
400.0,0.0,99.0,250.0,1.6507932,0.15872997,0.0,0.15873039,17.460316,0.0,200.0,72.0,Dense/Amorphous,OSDA-free
7.5,1.7179967,99.0,250.0,1.920999,0.0,1.6000001,0.0,21.176474,0.0,0.0,0.0,Dense/Amorphous,OSDA-free
23.500004,1.7179967,99.0,250.0,0.6938775,0.0,0.6938775,0.0,29.734695,0.0,120.0,168.0,Dense/Amorphous,OSDA-free
23.500004,1.7179967,99.0,250.0,0.6938775,0.0,0.6938775,0.0,29.734695,0.0,120.0,168.0,Dense/Amorphous,OSDA-free
23.500004,1.7179967,99.0,250.0,0.6938775,0.0,0.6938775,0.0,29.734695,0.0,120.0,168.0,Dense/Amorphous,OSDA-free
23.500004,1.7179967,99.0,250.0,0.6938775,0.0,0.6938775,0.0,29.734695,0.0,120.0,168.0,Dense/Amorphous,OSDA-free
23.500004,1.7179967,99.0,250.0,0.6938775,0.0,0.6938775,0.0,29.734695,0.0,120.0,168.0,Dense/Amorphous,OSDA-free
23.500004,1.7179967,99.0,250.0,0.6938775,0.0,0.6938775,0.0,29.734695,0.0,120.0,168.0,Dense/Amorphous,OSDA-free
23.500004,1.7179967,99.0,250.0,0.6938775,0.0,0.6938775,0.0,29.734695,0.0,120.0,168.0,Dense/Amorphous,OSDA-free
23.500004,1.7179967,99.0,250.0,0.34693888,0.0,0.34693885,0.0,29.734695,0.0,120.0,336.0,Dense/Amorphous,OSDA-free
23.500004,1.7179967,99.0,250.0,0.5212245,0.0,0.52122456,0.0,29.734695,0.0,120.0,336.0,Dense/Amorphous,OSDA-free
23.500004,1.7179967,99.0,250.0,0.65265316,0.0,0.65265286,0.0,29.734695,0.0,120.0,216.0,Dense/Amorphous,OSDA-free
23.500004,1.7179967,99.0,250.0,0.7767341,0.0,0.7767346,0.0,29.734695,0.0,120.0,168.0,Dense/Amorphous,OSDA-free
23.5,1.7179967,99.0,250.0,1.0424484,0.0,1.0424492,0.0,29.734695,0.0,120.0,168.0,Dense/Amorphous,OSDA-free
23.500004,1.7179967,99.0,250.0,0.6938775,0.0,0.6938775,0.0,29.734695,0.0,80.0,336.0,Dense/Amorphous,OSDA-free
23.500004,1.7179967,99.0,250.0,0.6938775,0.0,0.6938775,0.0,29.734695,0.0,100.0,336.0,Dense/Amorphous,OSDA-free
23.500004,1.7179967,99.0,250.0,0.6938775,0.0,0.6938775,0.0,29.734695,0.0,110.0,168.0,Dense/Amorphous,OSDA-free
23.500004,1.7179967,99.0,250.0,0.6938775,0.0,0.6938775,0.0,29.734695,0.0,130.0,120.0,Dense/Amorphous,OSDA-free
23.500004,1.7179967,99.0,250.0,0.6938775,0.0,0.6938775,0.0,29.734695,0.0,140.0,120.0,Dense/Amorphous,OSDA-free
47.00002,1.7179967,99.0,250.0,0.7083334,0.0,0.70833325,0.0,30.354166,0.0,160.0,120.0,Dense/Amorphous,OSDA-free
15.666667,1.7179967,99.0,250.0,0.67999965,0.0,0.67999977,0.0,29.140001,0.0,120.0,120.0,Dense/Amorphous,OSDA-free
23.500004,1.7179967,99.0,250.0,0.6938775,0.0,0.6938775,0.0,29.734695,0.0,120.0,216.0,Dense/Amorphous,OSDA-free
23.500004,1.7179967,99.0,250.0,0.6938775,0.0,0.6938775,0.0,29.734695,0.0,120.0,168.0,Dense/Amorphous,OSDA-free
23.500004,1.7179967,99.0,12.983426,0.7232991,0.0,0.51691365,0.0,27.689096,0.0,120.0,72.0,Dense/Amorphous,OSDA-free
23.500004,1.7179967,99.0,12.983426,0.7232991,0.0,0.51691365,0.0,27.689096,0.0,120.0,72.0,Dense/Amorphous,OSDA-free
23.500004,1.7179967,99.0,12.983426,0.7232991,0.0,0.51691365,0.0,27.689096,0.0,120.0,83.99999,Dense/Amorphous,OSDA-free
23.5,1.7179967,99.0,12.983426,0.68453074,0.0,0.47814515,0.0,27.689096,0.0,120.0,168.0,Dense/Amorphous,OSDA-free
23.500004,1.7179967,99.0,12.983426,0.6472825,0.0,0.44089708,0.0,27.689096,0.0,120.0,168.0,Dense/Amorphous,OSDA-free
23.500004,1.7179967,99.0,25.99558,0.70894384,0.0,0.6021888,0.0,28.676584,0.0,120.0,168.0,Dense/Amorphous,OSDA-free
23.500004,1.7179967,99.0,51.991154,0.72178584,0.0,0.6674415,0.0,29.196054,0.0,120.0,168.0,Dense/Amorphous,OSDA-free
23.500004,1.7179967,99.0,250.0,0.75232255,0.0,0.7523226,0.0,28.800154,0.0,120.0,72.0,Dense/Amorphous,OSDA-free
23.500004,1.7179967,99.0,250.0,0.71199816,0.0,0.71199834,0.0,28.800154,0.0,120.0,144.0,Dense/Amorphous,OSDA-free
23.500004,1.7179967,99.0,250.0,0.67325544,0.0,0.6732555,0.0,28.800154,0.0,120.0,216.0,Dense/Amorphous,OSDA-free
23.5,1.7179967,99.0,250.0,0.68947375,0.0,0.6894736,0.0,29.49393,0.0,120.0,216.0,Dense/Amorphous,OSDA-free
23.500004,1.7179967,99.0,250.0,0.7767341,0.0,0.7767346,0.0,29.734695,0.0,120.0,120.0,Dense/Amorphous,OSDA-free
23.500004,1.7179967,99.0,250.0,0.7767341,0.0,0.7767346,0.0,29.734695,0.0,120.0,144.0,Dense/Amorphous,OSDA-free
23.500004,1.7179967,99.0,250.0,0.73510194,0.0,0.73510206,0.0,29.734695,0.0,120.0,240.0,Dense/Amorphous,OSDA-free
26.999998,1.7179967,99.0,250.0,0.7678574,0.11785692,0.7678571,0.0,26.946423,0.0,140.0,72.0,Dense/Amorphous,OSDA-free
26.999998,1.7179967,99.0,250.0,0.7678574,0.11785692,0.7678571,0.0,26.946423,0.0,140.0,6.0,Dense/Amorphous,OSDA-free
26.999998,1.7179967,99.0,250.0,0.7678574,0.11785692,0.7678571,0.0,26.946423,0.0,140.0,6.0,Dense/Amorphous,OSDA-free
26.999998,1.7179967,99.0,250.0,0.7678574,0.11785692,0.7678571,0.0,26.946423,0.0,140.0,6.0,Dense/Amorphous,OSDA-free
26.999998,1.7179967,99.0,250.0,0.7678574,0.11785692,0.7678571,0.0,26.946423,0.0,85.0,168.0,Dense/Amorphous,OSDA-free
26.999998,1.7179967,99.0,250.0,0.83928555,0.11785692,0.83928543,0.0,26.946423,0.0,140.0,6.0,Dense/Amorphous,OSDA-free
26.999998,1.7179967,99.0,250.0,0.83928555,0.11785692,0.83928543,0.0,26.946423,0.0,180.0,1.0,Dense/Amorphous,OSDA-free
26.999998,1.7179967,99.0,250.0,0.83928555,0.11785692,0.83928543,0.0,26.946423,0.0,180.0,1.5,Dense/Amorphous,OSDA-free
26.999998,1.7179967,99.0,250.0,0.83928555,0.11785692,0.83928543,0.0,26.946423,0.0,180.0,2.0,Dense/Amorphous,OSDA-free
26.999998,1.7179967,99.0,250.0,0.83928555,0.11785692,0.83928543,0.0,26.946423,0.0,180.0,3.0,Dense/Amorphous,OSDA-free
20.0,1.7179967,99.0,250.0,0.85714245,0.0,0.0,0.4285717,25.714285,0.0,160.0,48.0,Dense/Amorphous,OSDA-free
20.0,1.7179967,99.0,250.0,1.0476189,0.0,0.0,0.4285717,25.714285,0.0,180.0,48.0,Dense/Amorphous,OSDA-free
10.0,1.7179967,99.0,250.0,0.4181819,0.0,0.33454537,0.0,13.636362,0.0,150.0,72.0,Dense/Amorphous,OSDA-free
400.0,0.0,99.0,250.0,0.46,0.0,0.36800006,0.0,15.0,0.0,150.0,72.0,Dense/Amorphous,OSDA-free
0.0,0.0,0.0,0.0,0.0,0.0,0.0,0.0,200.0,0.0,179.56628,128.82838,Dense/Amorphous,OSDA-free
23.500004,1.7179967,99.0,250.0,1.0102042,0.0,0.808163,0.0,4.7959185,0.0,90.0,8.0,Dense/Amorphous,OSDA-free
23.500004,1.7179967,99.0,250.0,1.0102042,0.0,0.808163,0.0,4.7959185,0.0,90.0,8.0,Dense/Amorphous,OSDA-free
23.500004,1.7179967,99.0,250.0,0.50612235,0.0,0.404898,0.0,4.7959185,0.0,90.0,8.0,Dense/Amorphous,OSDA-free
0.7500004,1.7179967,99.0,250.0,0.85714245,0.0,0.68571424,0.0,2.1428573,0.0,90.0,8.0,Dense/Amorphous,OSDA-free
9.0,1.7179967,99.0,250.0,0.5,0.0,0.4,0.0,4.5,0.0,90.0,8.0,Dense/Amorphous,OSDA-free
12.250002,1.7179967,99.0,250.0,0.7169815,0.0,0.5735849,0.0,4.6226416,0.0,90.0,8.0,Dense/Amorphous,OSDA-free
15.499995,1.7179967,99.0,250.0,0.6969696,0.0,0.55757576,0.0,4.6969695,0.0,90.0,8.0,Dense/Amorphous,OSDA-free
23.500004,1.7179967,99.0,250.0,1.0102042,0.0,0.808163,0.0,4.7959185,0.0,90.0,8.0,Dense/Amorphous,OSDA-free
15.0,1.7179967,99.0,250.0,0.6,0.0,0.47999996,0.0,43.750004,0.0,150.0,96.0,Dense/Amorphous,OSDA-free
15.0,1.7179967,99.0,250.0,0.6,0.0,0.47999996,0.0,43.750004,0.0,150.0,96.0,Dense/Amorphous,OSDA-free
400.0,0.0,99.0,250.0,0.09000002,0.0,0.07199998,0.0,21.099997,0.0,180.0,22.0,Dense/Amorphous,OSDA-free
0.0,0.0,0.0,0.0,0.0,0.0,0.0,0.0,200.0,0.0,158.71709,387.94223,Dense/Amorphous,OSDA-free
0.0,0.0,0.0,0.0,0.0,0.0,0.0,0.0,200.0,0.0,153.77025,450.6064,Dense/Amorphous,OSDA-free
400.0,0.0,99.0,250.0,1.0,0.0,0.79999995,0.0,4.5,0.0,175.0,48.0,Dense/Amorphous,OSDA-free
83.33329,1.7179967,99.0,250.0,0.98814195,0.0,0.7905137,0.0,4.44664,0.0,175.0,48.0,Dense/Amorphous,OSDA-free
38.461514,1.7179967,99.0,250.0,0.97465897,0.0,0.7797271,0.0,4.3859653,0.0,175.0,48.0,Dense/Amorphous,OSDA-free
20.0,1.7179967,99.0,250.0,0.95238066,0.0,0.76190495,0.0,4.285714,0.0,175.0,48.0,Dense/Amorphous,OSDA-free
13.513507,1.7179967,99.0,250.0,0.9310979,0.0,0.744879,0.0,4.189944,0.0,175.0,48.0,Dense/Amorphous,OSDA-free
14.7,1.7179967,99.0,250.0,0.15917197,0.0,0.12733757,0.0,14.044585,0.0,150.0,72.0,Dense/Amorphous,OSDA-free
29.349968,1.7179967,99.0,250.0,0.08703465,0.0,0.06962769,0.0,14.505766,0.0,150.0,168.0,Dense/Amorphous,OSDA-free
10.0,1.7179967,99.0,250.0,1.6909083,0.089090966,1.4240003,0.0,13.636364,0.84363645,100.0,17.09338,Dense/Amorphous,OSDA-free
5.0,1.7179967,99.0,250.0,0.0,0.3833331,0.38333336,0.0,13.333333,0.0,130.0,168.0,Dense/Amorphous,OSDA-free
400.0,0.0,99.0,250.0,0.90000033,0.0,0.0,0.0,12.0,0.0,150.0,144.0,Dense/Amorphous,OSDA-free
400.0,0.0,99.0,250.0,0.0,0.0,0.0,0.0,12.0,0.0,150.0,120.0,Dense/Amorphous,OSDA-free
400.0,0.0,99.0,250.0,0.2,0.6000002,0.6,0.0,12.0,0.0,150.0,168.0,Dense/Amorphous,OSDA-free
400.0,0.0,99.0,250.0,0.1,0.70000046,0.7,0.0,12.0,0.0,150.0,168.0,Dense/Amorphous,OSDA-free
400.0,0.0,99.0,250.0,0.0,0.6000002,0.6,0.0,12.0,0.0,150.0,168.0,Dense/Amorphous,OSDA-free
400.0,0.0,99.0,250.0,0.6,0.0,0.0,0.0,60.0,0.0,150.0,375.78708,Dense/Amorphous,OSDA-free
400.0,0.0,99.0,250.0,0.0,0.0,0.0,0.0,0.0,0.0,160.0,164.60785,Dense/Amorphous,OSDA-free
0.0,0.0,0.0,0.0,0.0,0.0,0.0,0.0,200.0,0.0,209.81967,301.92056,Dense/Amorphous,OSDA-free
235.00009,1.7179967,99.0,2.3737385,0.4567165,0.0,0.0,0.0,20.14926,0.0,170.0,168.0,Dense/Amorphous,OSDA-free
235.00009,1.7179967,99.0,2.3737385,0.014925366,0.4417908,0.0,0.0,20.14926,0.0,170.0,168.0,Dense/Amorphous,OSDA-free
0.0,0.0,0.0,0.0,0.0,0.0,0.0,0.0,200.0,0.0,163.03299,178.71492,Dense/Amorphous,OSDA-free
400.0,0.0,99.0,250.0,0.16000003,0.0,0.16000006,0.0,40.0,0.0,170.0,40.0,Dense/Amorphous,OSDA-free
400.0,0.0,99.0,250.0,0.16000003,0.0,0.16000006,0.0,40.0,0.0,170.0,40.0,Dense/Amorphous,OSDA-free
400.0,0.0,99.0,250.0,0.0,0.39436603,0.3154929,0.0,15.492957,0.0,220.0,72.0,Dense/Amorphous,OSDA-free
400.0,0.0,99.0,250.0,0.0,0.4444447,0.35555556,0.0,13.88889,0.0,160.0,44.999996,Dense/Amorphous,OSDA-free
400.0,0.0,99.0,250.0,0.0,0.45454496,0.36363637,0.0,19.090908,0.0,160.0,168.0,Dense/Amorphous,OSDA-free
0.0,0.0,0.0,0.0,0.0,0.0,0.0,0.0,200.0,0.0,154.32587,63.3072,Dense/Amorphous,OSDA-free
20.0,1.7179967,99.0,250.0,0.14285709,0.0,0.114285626,0.0,9.523809,0.0,160.0,168.0,Dense/Amorphous,OSDA-free
20.0,1.7179967,99.0,250.0,0.1904762,0.0,0.15238096,0.0,9.523809,0.0,160.0,192.0,Dense/Amorphous,OSDA-free
30.0,1.7179967,99.0,250.0,0.19354838,0.0,0.15483871,0.0,9.677419,0.0,160.0,168.0,Dense/Amorphous,OSDA-free
50.0,1.7179967,99.0,250.0,0.19607843,0.0,0.15686275,0.0,9.803922,0.0,160.0,168.0,Dense/Amorphous,OSDA-free
30.0,1.7179967,99.0,250.0,0.24193549,0.0,0.19354838,0.0,9.677419,0.0,160.0,168.0,Dense/Amorphous,OSDA-free
20.0,1.7179967,99.0,250.0,0.2857143,0.0,0.22857146,0.0,9.523809,0.0,160.0,240.0,Dense/Amorphous,OSDA-free
20.0,1.7179967,99.0,250.0,0.3333333,0.0,0.26666668,0.0,9.523809,0.0,160.0,168.0,Dense/Amorphous,OSDA-free
30.0,1.7179967,99.0,250.0,0.33870968,0.0,0.27096772,0.0,9.677419,0.0,160.0,168.0,Dense/Amorphous,OSDA-free
40.0,1.7179967,99.0,250.0,0.34146324,0.0,0.27317074,0.0,9.756098,0.0,160.0,168.0,Dense/Amorphous,OSDA-free
20.0,1.7179967,99.0,250.0,0.14285709,0.0,0.114285626,0.0,9.523809,0.0,160.0,120.0,Dense/Amorphous,OSDA-free
30.0,1.7179967,99.0,250.0,0.14516132,0.0,0.11612903,0.0,9.677419,0.0,160.0,120.0,Dense/Amorphous,OSDA-free
20.0,1.7179967,99.0,250.0,0.1904762,0.0,0.15238096,0.0,9.523809,0.0,160.0,120.0,Dense/Amorphous,OSDA-free
40.0,1.7179967,99.0,250.0,0.19512196,0.0,0.15609756,0.0,9.756098,0.0,160.0,120.0,Dense/Amorphous,OSDA-free
50.0,1.7179967,99.0,250.0,0.19607843,0.0,0.15686275,0.0,9.803922,0.0,160.0,120.0,Dense/Amorphous,OSDA-free
40.0,1.7179967,99.0,250.0,0.24390249,0.0,0.19512197,0.0,9.756098,0.0,160.0,120.0,Dense/Amorphous,OSDA-free
50.0,1.7179967,99.0,250.0,0.245098,0.0,0.19607843,0.0,9.803922,0.0,160.0,120.0,Dense/Amorphous,OSDA-free
15.0,1.7179967,99.0,250.0,0.37500024,0.0,0.3,0.0,24.375,0.0,180.0,6.0,Dense/Amorphous,OSDA-free
0.0,1.0,0.0,0.0,0.0,0.0,0.0,0.25,0.0,0.0,150.0,12.0,Dense/Amorphous,OSDA-free
5.0,1.7179967,99.0,250.0,0.0,0.8333324,0.8333335,0.0,16.666668,0.0,100.0,336.0,Dense/Amorphous,OSDA-free
400.0,0.0,99.0,250.0,1.0,0.0,0.0,1.0,33.0,0.0417,170.0,132.0,Dense/Amorphous,OSDA-free
400.0,0.0,99.0,250.0,1.0,0.0,0.0,1.0,33.0,0.0417,170.0,180.0,Dense/Amorphous,OSDA-free
400.0,0.0,99.0,250.0,1.0,0.0,0.0,1.0,33.0,0.0417,170.0,216.0,Dense/Amorphous,OSDA-free
400.0,0.0,99.0,250.0,1.0,0.0,0.0,1.0,33.0,0.0417,170.0,255.83989,Dense/Amorphous,OSDA-free
400.0,0.0,99.0,250.0,1.0,0.0,0.0,1.0,33.0,0.0417,170.0,264.0,Dense/Amorphous,OSDA-free
400.0,0.0,99.0,250.0,1.0,0.0,0.0,1.0,33.0,0.0417,170.0,288.0,Dense/Amorphous,OSDA-free
400.0,0.0,99.0,250.0,1.0,0.0,0.0,0.5,33.0,0.0417,170.0,186.00003,Dense/Amorphous,OSDA-free
400.0,0.0,99.0,250.0,1.0,0.0,0.0,0.5,33.0,0.0417,170.0,209.99986,Dense/Amorphous,OSDA-free
400.0,0.0,99.0,250.0,1.0,0.0,0.0,0.5,33.0,0.0417,170.0,252.00003,Dense/Amorphous,OSDA-free
400.0,0.0,99.0,250.0,1.0,0.0,0.0,0.5,33.0,0.0417,170.0,275.99985,Dense/Amorphous,OSDA-free
400.0,0.0,99.0,250.0,1.0,0.0,0.0,0.5,33.0,0.0417,170.0,300.00003,Dense/Amorphous,OSDA-free
400.0,0.0,99.0,250.0,1.0,0.0,0.0,0.5,33.0,0.0417,170.0,360.0,Dense/Amorphous,OSDA-free
400.0,0.0,99.0,250.0,1.0,0.0,0.0,0.5,33.0,0.0417,170.0,408.0,Dense/Amorphous,OSDA-free
400.0,0.0,99.0,250.0,1.0,0.0,0.0,0.2,33.0,0.0417,170.0,336.0,Dense/Amorphous,OSDA-free
400.0,0.0,99.0,250.0,1.0,0.0,0.0,0.2,33.0,0.0417,170.0,396.00018,Dense/Amorphous,OSDA-free
400.0,0.0,99.0,250.0,1.0,0.0,0.0,0.2,33.0,0.0417,170.0,437.9998,Dense/Amorphous,OSDA-free
400.0,0.0,99.0,250.0,1.0,0.0,0.0,0.2,33.0,0.0417,170.0,480.0,Dense/Amorphous,OSDA-free
400.0,0.0,99.0,250.0,1.0,0.0,0.0,0.0,33.0,0.0417,170.0,720.0,Dense/Amorphous,OSDA-free
400.0,0.0,99.0,250.0,1.0,0.0,0.0,1.0,33.0,0.0417,170.0,480.0,Dense/Amorphous,OSDA-free
400.0,0.0,99.0,250.0,0.0,0.0,0.0,1.0,33.0,0.0417,170.0,1919.9921,Dense/Amorphous,OSDA-free
400.0,0.0,99.0,250.0,0.0,1.0000026,0.0,1.0,33.0,0.0417,170.0,192.0,Dense/Amorphous,OSDA-free
400.0,0.0,99.0,250.0,0.0,0.0,0.0,1.0,33.0,0.0417,170.0,959.99854,Dense/Amorphous,OSDA-free
400.0,0.0,99.0,250.0,0.0,0.0,0.0,1.0,33.0,0.0417,170.0,959.99854,Dense/Amorphous,OSDA-free
400.0,0.0,99.0,250.0,1.0,0.0,0.0,1.0,33.0,0.0417,170.0,720.0,Dense/Amorphous,OSDA-free
400.0,0.0,99.0,250.0,1.0,0.0,0.0,1.0,33.0,0.0417,170.0,720.0,Dense/Amorphous,OSDA-free
400.0,0.0,99.0,250.0,1.0,0.0,0.0,1.0,33.0,0.0625,170.0,480.0,Dense/Amorphous,OSDA-free
400.0,0.0,99.0,250.0,1.0,0.0,0.0,1.0,33.0,0.1,170.0,480.0,Dense/Amorphous,OSDA-free
400.0,0.0,99.0,250.0,1.0,0.0,0.0,1.0,33.0,0.1,170.0,720.0,Dense/Amorphous,OSDA-free
400.0,0.0,99.0,250.0,1.0,0.0,0.0,1.0,33.0,0.087500006,170.0,480.0,Dense/Amorphous,OSDA-free
400.0,0.0,99.0,250.0,1.0,0.0,0.0,1.0,33.0,0.0625,170.0,624.00024,Dense/Amorphous,OSDA-free
400.0,0.0,99.0,250.0,1.0,0.0,0.0,1.0,33.0,0.0417,170.0,384.0,Dense/Amorphous,OSDA-free
400.0,0.0,99.0,250.0,1.0,0.0,0.0,1.0,33.0,0.05,170.0,480.0,Dense/Amorphous,OSDA-free
5.0,1.7179967,99.0,250.0,0.4,0.0,0.0,0.0,11.666667,0.058333337,110.0,144.0,Dense/Amorphous,OSDA-free
5.0,1.7179967,99.0,250.0,0.43333367,0.0,0.34666672,0.0,8.333333,0.0,110.0,192.0,Dense/Amorphous,OSDA-free
400.0,0.0,99.0,250.0,0.0,0.0,0.6,0.0,30.0,0.0,200.0,24.0,Dense/Amorphous,OSDA-free
400.0,0.0,99.0,250.0,0.0,0.0,0.6,0.0,30.0,0.0,200.0,24.0,Dense/Amorphous,OSDA-free
400.0,0.0,99.0,250.0,0.40000018,0.0,0.6,0.0,30.0,0.0,200.0,96.0,Dense/Amorphous,OSDA-free
400.0,0.0,99.0,250.0,0.40000018,0.0,0.6,0.0,30.0,0.0,200.0,240.0,Dense/Amorphous,OSDA-free
400.0,0.0,99.0,250.0,0.40000018,0.0,0.6,0.0,30.0,0.0,150.0,168.0,Dense/Amorphous,OSDA-free
400.0,0.0,99.0,250.0,0.0,0.0,0.20000012,0.0,30.0,0.0,150.0,168.0,Dense/Amorphous,OSDA-free
400.0,0.0,99.0,250.0,0.0,0.40000013,0.6,0.0,30.0,0.0,150.0,384.0,Dense/Amorphous,OSDA-free
400.0,0.0,99.0,250.0,0.0,0.0,0.2,0.0,30.0,0.0,200.0,96.0,Dense/Amorphous,OSDA-free
400.0,0.0,99.0,250.0,0.0,0.0,0.2,0.0,30.0,0.0,150.0,240.0,Dense/Amorphous,OSDA-free
400.0,0.0,99.0,250.0,0.0,0.0,0.2,0.0,30.0,0.0,150.0,240.0,Dense/Amorphous,OSDA-free
35.0,1.7179967,99.0,250.0,0.0,0.6805561,0.6805555,0.0,38.88889,0.0,160.0,72.0,Dense/Amorphous,OSDA-free
0.0,0.0,0.0,0.0,0.0,0.0,0.0,0.0,200.0,0.0,223.77063,394.56778,Dense/Amorphous,OSDA-free
0.0,0.0,0.0,0.0,0.0,0.0,0.0,0.0,200.0,0.0,127.76912,220.20927,Dense/Amorphous,OSDA-free
400.0,0.0,99.0,250.0,0.390244,0.0,0.39024392,0.0,14.634147,0.0,150.0,168.0,Dense/Amorphous,OSDA-free
2.4999998,1.7179967,99.0,250.0,0.2857143,0.0,0.28571427,0.0,10.714286,0.0,150.0,168.0,Dense/Amorphous,OSDA-free
3.0030036,1.7179967,99.0,250.0,0.30007496,0.0,0.30007505,0.0,11.252812,0.0,150.0,336.0,Dense/Amorphous,OSDA-free
3.0030036,1.7179967,99.0,250.0,0.30007496,0.0,0.30007505,0.0,11.252812,0.0,150.0,336.0,Dense/Amorphous,OSDA-free
400.0,0.0,99.0,250.0,0.44000003,0.0,0.50599986,0.0,20.0,0.0,150.0,96.0,Dense/Amorphous,OSDA-free
400.0,0.0,99.0,250.0,0.5,0.0,0.5,0.0,20.0,0.0,150.0,72.0,Dense/Amorphous,OSDA-free
400.0,0.0,99.0,250.0,0.5,0.0,0.5,0.0,20.0,0.0,150.0,120.0,Dense/Amorphous,OSDA-free
400.0,0.0,99.0,250.0,0.53999984,0.0,0.6059998,0.0,20.0,0.0,150.0,96.0,Dense/Amorphous,OSDA-free
400.0,1.7179967,99.0,250.0,0.41895264,0.0,0.0798005,0.0,19.950123,0.0,150.0,72.0,Dense/Amorphous,OSDA-free
50.0,1.7179967,99.0,250.0,0.41176462,0.0,0.49019605,0.0,19.607843,0.0,150.0,72.0,Dense/Amorphous,OSDA-free
400.0,0.0,99.0,250.0,0.44000003,0.0,0.50599986,0.0,20.0,0.0,150.0,72.0,Dense/Amorphous,OSDA-free
400.0,0.0,99.0,250.0,0.46,0.0,0.5,0.0,20.0,0.0,150.0,96.0,Dense/Amorphous,OSDA-free
400.0,0.0,99.0,250.0,0.46,0.0,0.5,0.0,20.0,0.0,150.0,96.0,Dense/Amorphous,OSDA-free
12.5,1.7179967,99.0,250.0,0.32407415,0.0,0.25925928,0.0,60.185177,0.0,150.0,24.0,Dense/Amorphous,OSDA-free
6.0,1.7179967,99.0,250.0,0.42857146,0.0,0.34285715,0.0,81.428535,0.0,150.0,40.0,Dense/Amorphous,OSDA-free
40.0,1.7179967,99.0,250.0,0.48780492,0.0,0.39024392,0.0,92.68294,0.0,150.0,40.0,Dense/Amorphous,OSDA-free
0.0,0.0,0.0,0.0,0.0,0.0,0.0,0.0,200.0,0.0,136.75958,330.0159,Dense/Amorphous,OSDA-free
0.0,0.0,0.0,0.0,0.0,0.0,0.0,0.0,200.0,0.0,176.0979,340.49295,Dense/Amorphous,OSDA-free
0.0,0.0,0.0,0.0,0.0,0.0,0.0,0.0,200.0,0.0,144.1928,325.17142,Dense/Amorphous,OSDA-free
0.0,0.0,0.0,0.0,0.0,0.0,0.0,0.0,200.0,0.0,158.16064,256.5608,Dense/Amorphous,OSDA-free
12.0048065,1.7179967,99.0,250.0,0.20308317,0.0,0.1624666,0.0,16.615894,0.0,130.0,12.0,Dense/Amorphous,OSDA-free
0.0,0.0,0.0,0.0,0.0,0.0,0.0,0.0,200.0,0.0,220.33249,444.97296,Dense/Amorphous,OSDA-free
33.333332,1.7179967,99.0,250.0,0.29126212,0.0,0.29126212,0.0,14.563107,0.0,160.0,72.0,Dense/Amorphous,OSDA-free
2.7999995,1.7179967,99.0,250.0,0.5263158,0.0,0.4210526,0.0,0.0,0.0,200.0,72.0,Dense/Amorphous,OSDA-free
3.2000036,1.7179967,99.0,250.0,0.0,0.5238099,0.41904765,0.0,0.0,0.0,200.0,72.0,Dense/Amorphous,OSDA-free
2.7999995,1.7179967,99.0,250.0,0.0,1.052632,0.8421054,0.0,0.0,0.0,200.0,72.0,Dense/Amorphous,OSDA-free
1.1999984,1.7179967,99.0,250.0,0.0,0.9090926,0.72727275,0.0,0.0,0.0,200.0,73.00003,Dense/Amorphous,OSDA-free
2.5,1.7179967,99.0,250.0,0.0,0.57142866,0.4571429,0.0,0.0,0.0,200.0,120.0,Dense/Amorphous,OSDA-free
7.0,1.7179967,99.0,250.0,0.0,0.5250008,0.42,0.0,0.0,0.0,250.00012,29.999996,Dense/Amorphous,OSDA-free
2.7999995,1.7179967,99.0,250.0,0.0,1.052632,0.8421054,0.0,0.0,0.0,250.00012,1.5,Dense/Amorphous,OSDA-free
2.7999995,1.7179967,99.0,250.0,0.0,1.052632,0.8421054,0.0,0.0,0.0,250.00012,20.99999,Dense/Amorphous,OSDA-free
0.0,0.0,0.0,0.0,0.0,0.0,0.0,0.0,200.0,0.0,25.0,1.0,Dense/Amorphous,OSDA-free
0.0,0.0,0.0,0.0,0.0,0.0,0.0,0.0,200.0,0.0,200.0,2.0,Dense/Amorphous,OSDA-free
0.0,0.0,0.0,0.0,0.0,0.0,0.0,0.0,200.0,0.0,200.0,12.0,Dense/Amorphous,OSDA-free
20.0,1.7179967,99.0,250.0,0.1904762,0.0,0.15238096,0.0,17.047619,0.0,65.0,48.0,Dense/Amorphous,OSDA-free
9.005763,1.7179967,99.0,250.0,0.14400919,0.0,0.11520728,0.0,16.129032,0.0,65.0,48.0,Dense/Amorphous,OSDA-free
400.0,0.0,99.0,250.0,0.0,0.40000013,0.32,0.0,14.799998,0.0,150.0,168.0,Dense/Amorphous,OSDA-free
20.0,1.7179967,99.0,250.0,0.0,0.38095266,0.30476192,0.0,14.095237,0.0,150.0,168.0,Dense/Amorphous,OSDA-free
5.0,1.7179967,99.0,250.0,0.0,0.33333296,0.26666668,0.0,12.333334,0.0,150.0,168.0,Dense/Amorphous,OSDA-free
15.0,1.7179967,99.0,250.0,0.0,0.6250005,0.5,0.0,46.875008,0.0,150.0,78.99999,Dense/Amorphous,OSDA-free
30.0,1.7179967,99.0,250.0,0.0,0.16129044,0.1290323,0.0,48.387108,0.0,150.0,163.20004,Dense/Amorphous,OSDA-free
15.0,1.7179967,99.0,250.0,0.0,0.15624991,0.12500001,0.0,46.875008,0.0,150.0,168.0,Dense/Amorphous,OSDA-free
12.487016,1.7179967,99.0,250.0,0.2407319,0.0,0.19258545,0.0,50.09628,0.0,190.0,24.0,Dense/Amorphous,OSDA-free
15.0,1.7179967,99.0,250.0,0.0,0.6250005,0.5,0.0,46.875008,0.0,150.0,78.99999,Dense/Amorphous,OSDA-free
30.0,1.7179967,99.0,250.0,0.0,0.16129044,0.1290323,0.0,48.387108,0.0,150.0,163.20004,Dense/Amorphous,OSDA-free
285.71353,1.7179967,99.0,250.0,0.0,0.4982561,0.39860493,0.0,49.825615,0.0,150.0,168.0,Dense/Amorphous,OSDA-free
15.0,1.7179967,99.0,250.0,0.0,0.15624991,0.12500001,0.0,46.875008,0.0,150.0,168.0,Dense/Amorphous,OSDA-free
0.0,1.7179967,0.0,0.0,0.72815543,0.0,1.092233,0.0,12.305823,0.0,225.00006,336.0,Dense/Amorphous,OSDA-free
5.0,1.7179967,99.0,250.0,0.4,0.0,0.32,0.0,11.666666,0.05,110.0,360.0,FAU,C(CCN1CCOCCOCCOCCOCC1)CN1CCOCCOCCOCCOCC1
5.0,1.7179967,99.0,250.0,0.4,0.0,0.32,0.0,15.0,0.05,110.0,360.0,FAU,C(CCN1CCOCCOCCOCCOCC1)CN1CCOCCOCCOCCOCC1
5.0,1.7179967,99.0,250.0,0.45000008,0.0,0.36000004,0.0,15.0,0.05,110.0,360.0,FAU,C(CCN1CCOCCOCCOCCOCC1)CN1CCOCCOCCOCCOCC1
400.0,0.0,99.0,250.0,0.0,0.0,0.0,0.5,14.0,0.5,140.0,70.0,Dense/Amorphous,CCc1n(C)cc(C)[n+]1C
400.0,0.0,99.0,250.0,0.0,0.0,0.0,0.5,14.0,0.5,160.0,47.000015,Dense/Amorphous,CCc1n(C)cc(C)[n+]1C
400.0,0.0,99.0,250.0,0.0,0.0,0.0,0.5,7.0,0.5,175.0,20.0,Dense/Amorphous,CCc1n(C)cc(C)[n+]1C
400.0,0.0,99.0,250.0,0.0,0.0,0.0,0.5,14.0,0.5,175.0,20.0,Dense/Amorphous,CCc1n(C)cc(C)[n+]1C
400.0,0.0,99.0,250.0,0.0,0.0,0.0,0.5,7.0,0.5,175.0,480.0,Dense/Amorphous,CCc1n(C)cc(C)[n+]1C
15.0,1.7179967,99.0,250.0,0.0,0.0,0.0,0.0,0.0,0.0,160.0,76.168396,Dense/Amorphous,CCc1n(C)cc(C)[n+]1C
15.0,1.7179967,99.0,250.0,0.0,0.0,0.0,0.0,0.0,0.0,160.0,419.70667,Dense/Amorphous,CCc1n(C)cc(C)[n+]1C
30.0,1.7179967,99.0,250.0,0.0,0.0,0.0,0.0,0.0,0.0,175.0,207.37428,Dense/Amorphous,CCc1n(C)cc(C)[n+]1C
30.0,1.7179967,99.0,250.0,0.0,0.0,0.0,0.0,0.0,0.0,175.0,290.75873,Dense/Amorphous,CCc1n(C)cc(C)[n+]1C
0.0,0.0,0.0,0.0,0.0,0.0,0.0,0.0,200.0,0.0,200.0,24.0,AFI,CCCN(CCC)CCC
0.0,0.0,0.0,0.0,0.0,0.0,0.0,0.0,200.0,0.0,0.0,0.0,AFI,CCCN(CCC)CCC
0.0,0.96,0.0,0.0,0.0,0.0,0.0,0.0,30.612259,0.30612233,150.0,18.0,AFI,CCCN(CCC)CCC
0.0,1.0,0.0,0.0,0.0,0.0,0.0,0.0,10.0,0.375,150.0,24.0,AFI,CCCN(CCC)CCC
0.0,0.96,0.0,0.0,0.0,0.0,0.0,0.0,10.204082,0.3826531,150.0,24.0,AFI,CCCN(CCC)CCC
0.0,1.0526313,0.0,0.0,0.0,0.0,0.0,0.0,10.0,0.25,150.0,20.0,AFI,CCCN(CCC)CCC
0.0,1.0,0.0,0.0,0.0,0.0,0.0,0.0,9.9009905,0.24752475,150.0,47.000015,AFI,CCCN(CCC)CCC
0.0,0.95000005,0.0,0.0,0.0,0.0,0.0,0.0,12.5,0.34999996,170.0,24.0,AFI,CCCN(CCC)CCC
0.0,0.92,0.0,0.0,0.0,0.0,0.0,0.0,10.416667,0.46875,190.0,24.0,AFI,CCCN(CCC)CCC
0.0,1.0,0.0,0.0,0.0,0.0,0.0,0.0,9.803922,0.24509804,190.0,24.0,AFI,CCCN(CCC)CCC
0.0,0.92,0.0,0.0,0.0,0.0,0.0,0.0,10.416667,0.46875,190.0,24.0,AFI,CCCN(CCC)CCC
0.0,1.0,0.0,0.0,0.0,0.0,0.0,0.0,9.803922,0.24509804,190.0,24.0,AFI,CCCN(CCC)CCC
0.0,1.0,0.0,0.0,0.0,0.0,0.0,0.0,10.0,0.375,150.0,48.0,AFI,CCCN(CCC)CCC
0.0,1.0,0.0,0.0,0.0,0.0,0.0,0.0,56.25,0.125,180.0,0.75000006,AFI,CCCN(CCC)CCC
0.0,1.0,0.0,0.0,0.0,0.0,0.0,0.0,56.25,0.25,180.0,0.75000006,AFI,CCCN(CCC)CCC
0.0,1.0,0.0,0.0,0.0,0.0,0.0,0.0,56.25,0.375,180.0,0.75000006,AFI,CCCN(CCC)CCC
0.0,1.0,0.0,0.0,0.0,0.0,0.0,0.0,56.25,0.5,180.0,0.75000006,AFI,CCCN(CCC)CCC
0.0,1.0,0.0,0.0,0.0,0.0,0.0,0.0,56.25,0.5,180.0,0.75000006,AFI,CCCN(CCC)CCC
0.0,0.76923066,0.0,0.0,0.0,0.0,0.0,0.0,32.608704,0.5217391,180.0,24.0,AFI,CCCN(CCC)CCC
0.0,0.76923066,0.0,0.0,0.0,0.0,0.0,0.0,32.608704,0.5217391,180.0,24.0,AFI,CCCN(CCC)CCC
0.0,0.7692308,0.0,0.0,0.0,0.0,0.0,0.0,32.608704,0.5217391,180.0,24.0,AFI,CCCN(CCC)CCC
0.0,0.7692308,0.0,0.0,0.0,0.0,0.0,0.0,32.608704,0.5217391,180.0,24.0,AFI,CCCN(CCC)CCC
0.0,0.76923066,0.0,0.0,0.0,0.0,0.0,0.0,32.608704,0.5217391,180.0,24.0,AFI,CCCN(CCC)CCC
0.0,1.0,0.0,0.0,0.0,0.0,0.0,0.24999999,17.5,0.25,170.0,16.0,AFI,CCCN(CCC)CCC
0.0,1.0,0.0,0.0,0.0,0.0,0.0,0.0,17.0,0.25,170.0,63.999947,AFI,CCCN(CCC)CCC
0.0,1.0,0.0,0.0,0.0,0.0,0.0,0.0,10.0,0.5,150.0,70.0,AFI,CCCN(CCC)CCC
0.2,1.0,99.0,250.0,0.0,0.0,0.0,0.0,10.227273,0.45454547,200.0,24.0,AFI,CCCN(CCC)CCC
0.0,0.0,0.0,0.0,0.0,0.0,0.0,0.0,200.0,0.0,200.0,24.0,AFI,CCCN(CCC)CCC
0.0,0.0,0.0,0.0,0.0,0.0,0.0,0.0,200.0,0.0,200.0,24.0,AFI,CCCN(CCC)CCC
0.0,0.92,0.0,0.0,0.0,0.0,0.0,0.0,11.71875,0.46875,105.00001,48.0,AFI,CCCN(CCC)CCC
0.0,0.92,0.0,0.0,0.0,0.0,0.0,0.0,11.71875,0.46875,105.00001,48.0,AFI,CCCN(CCC)CCC
0.0,1.0526313,0.0,0.0,0.0,0.0,0.0,0.0,10.0,0.25,150.0,48.0,AFI,CCCN(CCC)CCC
0.0,0.9,0.0,0.0,0.0,0.0,0.0,0.0,52.63158,0.52631575,170.0,24.0,AFI,CCCN(CCC)CCC
0.0,1.0,0.0,0.0,0.0,0.0,0.0,0.0,50.0,0.5,170.0,24.0,AFI,CCCN(CCC)CCC
0.0,0.95,0.0,0.0,0.0,0.0,0.0,0.0,51.282043,0.5128206,170.0,24.0,AFI,CCCN(CCC)CCC
0.0,0.8,0.0,0.0,0.0,0.0,0.0,0.0,55.555553,0.55555546,170.0,24.0,AFI,CCCN(CCC)CCC
0.0,0.7000004,0.0,0.0,0.0,0.0,0.0,0.0,58.823524,0.5882352,170.0,24.0,AFI,CCCN(CCC)CCC
0.0,0.9000001,0.0,0.0,0.0,0.0,0.0,0.0,52.63158,0.78947395,170.0,24.0,AFI,CCCN(CCC)CCC
0.0,0.9,0.0,0.0,0.0,0.0,0.0,0.0,52.63158,1.0526309,170.0,24.0,AFI,CCCN(CCC)CCC
0.0,0.8999999,0.0,0.0,0.0,0.0,0.0,0.0,13.157894,0.52631575,170.0,24.0,AFI,CCCN(CCC)CCC
0.0,0.8999999,0.0,0.0,0.0,0.0,0.0,0.0,26.315788,0.52631575,170.0,24.0,AFI,CCCN(CCC)CCC
0.0,0.8999999,0.0,0.0,0.0,0.0,0.0,0.0,131.57913,0.52631575,170.0,72.0,AFI,CCCN(CCC)CCC
0.0,0.9,0.0,0.0,0.0,0.0,0.0,0.0,200.0,0.52631575,170.0,144.0,AFI,CCCN(CCC)CCC
0.0,0.9000001,0.0,0.0,0.0,0.0,0.0,0.0,200.0,0.78947395,170.0,144.0,AFI,CCCN(CCC)CCC
0.0,0.96,0.0,0.0,0.0,0.0,0.0,0.0,6.428571,0.4872449,170.0,460.85983,AFI,CCCN(CCC)CCC
0.0,0.0,0.0,0.0,0.0,0.0,0.0,0.0,200.0,0.0,196.83655,438.75308,AFI,CCCN(CCC)CCC
0.0,0.92,0.0,0.0,0.0,0.0,0.0,0.20833321,78.12497,0.41666666,170.0,18.0,AFI,CCCN(CCC)CCC
400.0,0.0,99.0,250.0,0.0,0.0,0.0,0.0,0.0,0.2754098,160.0,168.0,CGF,C1CN2CCN1CC2
400.0,1.7179967,99.0,250.0,0.5993347,0.0,0.19977824,0.0,39.95565,0.09988912,160.0,168.0,FER,C[N+](C)(C)CCC[N+](C)(C)C
30.0,1.7179967,99.0,250.0,0.8419353,0.0,0.19354838,0.0,38.70968,0.09677419,160.0,168.0,FER,C[N+](C)(C)CCC[N+](C)(C)C
300.0025,1.7179967,99.0,250.0,0.09966777,0.0,0.3986711,0.0,39.867107,0.19933555,160.0,468.31232,MRE,CC(C)n1cc[n+](CCCCCCn2cc[n+](C(C)C)c2)c1
0.0,0.8,0.0,0.0,0.0,0.0,0.0,0.0,200.0,0.2777778,190.0,48.0,Dense/Amorphous,CN1CCCN(C)CCN(C)CCCN(C)CC1
400.0,1.7179967,99.0,250.0,0.0798005,0.0,0.0638404,0.0,29.925186,0.99750626,160.0,65.0,MTW,NCC1CCNCC1
400.0,1.7179967,99.0,250.0,0.10972567,0.0,0.08778055,0.0,29.925186,0.99750626,160.0,65.0,MTW,NCC1CCNCC1
400.0,0.0,99.0,4.0000005,0.0,0.0,0.2,0.0,55.500008,1.0,140.0,5303.7627,MTW,NCC1CCNCC1
0.0,0.41666666,0.0,0.0,0.0,0.0,0.0,0.0,0.0,0.88235307,194.99991,120.0,AWW,C1N2CN3CN1CN(C2)C3
0.0,0.31250024,0.0,0.0,0.0,0.0,0.0,0.0,0.0,0.85714245,200.0,120.0,AWW,C1N2CN3CN1CN(C2)C3
400.0,0.0,99.0,10.000007,0.0,0.018181935,0.018181864,0.0,27.272728,0.27272728,170.0,168.0,MWW,CCCCCCC[N+](C)(C)C
400.0,0.0,99.0,9.999998,0.0,0.027272433,0.027272787,0.0,27.272728,0.27272728,170.0,168.0,MWW,CCCCCCC[N+](C)(C)C
400.0,0.0,99.0,9.999998,0.0,0.0363637,0.03636369,0.0,27.272728,0.27272728,170.0,168.0,MWW,CCCCCCC[N+](C)(C)C
400.0,0.0,99.0,9.999998,0.0,0.045454636,0.045454465,0.0,27.272728,0.27272737,170.0,168.0,MWW,CCCCCCC[N+](C)(C)C
400.0,0.0,99.0,10.0,0.0,0.054545555,0.054545492,0.0,27.272728,0.27272728,170.0,168.0,MWW,CCCCCCC[N+](C)(C)C
400.0,0.0,99.0,10.0,0.009090868,0.0,0.0,0.0,27.272728,0.27272728,170.0,168.0,MWW,CCCCCCC[N+](C)(C)C
400.0,0.0,99.0,10.000007,0.01818179,0.0,0.0,0.0,27.272728,0.27272728,170.0,168.0,MWW,CCCCCCC[N+](C)(C)C
400.0,0.0,99.0,10.000007,0.0,0.0,0.009090728,0.0,27.272728,0.27272728,170.0,168.0,MWW,CCCCCCC[N+](C)(C)C
400.0,0.0,99.0,10.000007,0.0,0.0,0.018181864,0.0,27.272728,0.27272728,170.0,168.0,MWW,CCCCCCC[N+](C)(C)C
400.0,0.0,99.0,9.999998,0.0,0.0,0.03636369,0.0,27.272728,0.27272728,170.0,168.0,MWW,CCCCCCC[N+](C)(C)C
400.0,0.0,99.0,10.0,0.0,0.053333446,0.053333394,0.0,26.666666,0.2666667,170.0,168.0,MWW,CCCCCCC[N+](C)(C)C
400.0,0.0,99.0,10.0,0.0,0.08888886,0.088888876,0.0,26.666666,0.2666667,170.0,168.0,MWW,CCCCCCC[N+](C)(C)C
400.0,0.0,99.0,10.0,0.0,0.03571432,0.035714306,0.0,26.785717,0.26785713,170.0,168.0,MWW,CCCCCCC[N+](C)(C)C
400.0,0.0,99.0,9.999998,0.0,0.053571526,0.053571448,0.0,26.785717,0.26785713,170.0,168.0,MWW,CCCCCCC[N+](C)(C)C
400.0,0.0,99.0,10.0,0.0,0.036036007,0.03603601,0.0,27.027021,0.27027032,170.0,168.0,MWW,CCCCCCC[N+](C)(C)C
400.0,0.0,99.0,10.0,0.0,0.05405394,0.05405406,0.0,27.027021,0.27027032,170.0,168.0,MWW,CCCCCCC[N+](C)(C)C
0.0,0.5,0.0,0.0,0.0,0.0,0.0,0.0,8.333333,0.3333333,200.0,168.0,LEV,CC1CCCCC1N
0.0,0.3000005,0.0,0.0,0.0,0.0,0.0,0.0,9.615384,0.38461542,200.0,168.0,LEV,CC1CCCCC1N
0.0,0.8,0.0,0.0,0.0,0.0,0.0,0.0,6.9444447,0.2777778,200.0,168.0,LEV,CC1CCCCC1N
29.645172,1.7179967,99.0,250.0,0.7073684,0.0,0.3221053,0.0,38.68421,0.16105266,170.0,144.0,Dense/Amorphous,C[N+]1(CCCCC[N+]2(C)CCCC2)CCCC1
29.645172,1.7179967,99.0,250.0,0.7073684,0.0,0.3221053,0.0,38.68421,0.16105266,170.0,144.0,Dense/Amorphous,C[N+]1(CCCCC[N+]2(C)CCCC2)CCCC1
0.0,0.0,0.0,0.0,0.0,0.0,0.5,0.0,1.5,0.25,150.0,360.0,Dense/Amorphous,C[N+]1(CCCCC[N+]2(C)CCCC2)CCCC1
400.0,0.0,15.0,250.0,0.0,0.0,0.0,0.5,7.9999995,0.25,150.0,288.0,Dense/Amorphous,C[N+]1(CCCCC[N+]2(C)CCCC2)CCCC1
400.0,0.0,99.0,250.0,0.024333341,0.0,0.32433328,0.0,40.0,0.15,160.0,336.0,Dense/Amorphous,C[N+]1(CCCCC[N+]2(C)CCCC2)CCCC1
250.00137,1.7179967,99.0,250.0,0.09960159,0.0,0.079681285,0.0,0.0,0.0,160.0,51.48986,Dense/Amorphous,C[N+]1(CCCCC[N+]2(C)CCCC2)CCCC1
0.0,1.0,0.0,0.0,0.0,0.0,0.0,0.0,0.0,0.0,190.0,246.71513,Dense/Amorphous,C[N+]1(CCCCC[N+]2(C)CCCC2)CCCC1
400.0,0.0,99.0,250.0,0.0,0.0,0.0,0.0,0.0,0.46875,160.0,168.0,CGS,C1CN2CCC1CC2
400.0,0.0,99.0,250.0,0.0,0.0,0.0,0.0,0.7231643,0.47457632,160.0,168.0,CGS,C1CN2CCC1CC2
400.0,0.0,99.0,250.0,0.0,0.0,0.0,0.0,0.7782804,0.38009048,160.0,168.0,CGS,C1CN2CCC1CC2
400.0,0.0,99.0,250.0,0.0,0.0,0.0,0.0,0.7231643,0.47457632,160.0,168.0,CGS,C1CN2CCC1CC2
15.0,1.7179967,99.0,250.0,0.5625,0.0,0.7499999,0.0,37.5,0.09375,160.0,168.0,MFI,CC[N+](CC)(CC)CCC[N+](CC)(CC)CC
30.0,1.7179967,99.0,250.0,0.58064514,0.0,0.7741935,0.0,38.70968,0.09677419,160.0,168.0,MFI,CC[N+](CC)(CC)CCC[N+](CC)(CC)CC
30.0,1.7179967,99.0,250.0,0.3193548,0.0,0.5129033,0.0,38.70968,0.09677419,160.0,168.0,MFI,CC[N+](CC)(CC)CCC[N+](CC)(CC)CC
30.0,1.7179967,99.0,250.0,0.45483884,0.0,0.64838713,0.0,38.70968,0.09677419,160.0,168.0,MFI,CC[N+](CC)(CC)CCC[N+](CC)(CC)CC
30.0,1.7179967,99.0,250.0,0.58064514,0.0,0.7741935,0.0,38.70968,0.09677419,160.0,168.0,MFI,CC[N+](CC)(CC)CCC[N+](CC)(CC)CC
30.0,1.7179967,99.0,250.0,0.0,0.0,0.7741935,0.0,38.70968,0.09677419,160.0,168.0,MFI,CC[N+](CC)(CC)CCC[N+](CC)(CC)CC
30.0,1.7179967,99.0,250.0,0.58064514,0.0,0.7741935,0.0,38.70968,0.09677419,160.0,168.0,MFI,CC[N+](CC)(CC)CCC[N+](CC)(CC)CC
30.0,1.7179967,99.0,250.0,0.0,0.58064526,0.7741935,0.0,38.70968,0.09677419,160.0,168.0,MFI,CC[N+](CC)(CC)CCC[N+](CC)(CC)CC
30.0,1.7179967,99.0,250.0,0.0,0.0,0.9,0.0,38.70968,0.09677419,160.0,168.0,MFI,CC[N+](CC)(CC)CCC[N+](CC)(CC)CC
30.0,1.7179967,99.0,250.0,0.0,0.70645064,0.9,0.0,38.70968,0.09677419,160.0,168.0,MFI,CC[N+](CC)(CC)CCC[N+](CC)(CC)CC
0.0,0.5555556,0.0,0.0,0.0,0.0,0.0,0.0,6.25,0.8035717,200.0,96.0,AWW,C1CCCNCC1
0.0,0.0,0.0,0.0,0.0,0.0,0.0,1.25,171.42894,0.5,160.0,120.0,Dense/Amorphous,NCCNCCNCCN
0.0,0.0,0.0,0.0,0.0,0.0,0.0,1.25,138.75,0.5,180.0,240.0,Dense/Amorphous,NCCNCCNCCN
45.045044,1.7179967,99.0,250.0,0.6343182,0.0,0.50745445,0.0,41.14655,0.28017998,180.0,16.0,Dense/Amorphous,NCCNCCNCCN
400.0,0.0,99.0,250.0,0.6268999,0.0,0.50152,0.0,40.840004,0.28750005,180.0,67.0,Dense/Amorphous,NCCNCCNCCN
86.20698,1.7179967,99.0,250.0,0.0,0.6002369,0.4801898,0.0,40.45077,0.2869711,180.0,67.0,Dense/Amorphous,NCCNCCNCCN
400.0,0.0,99.0,250.0,0.0,0.6072007,0.48576003,0.0,40.92,0.29029998,180.0,67.0,Dense/Amorphous,NCCNCCNCCN
0.0,0.0,0.0,0.0,0.0,0.0,0.0,0.0,22.2,1.3333327,75.0,72.0,Dense/Amorphous,C1CNCCNC1
0.0,0.0,0.0,0.0,0.0,0.0,0.0,0.0,16.65,1.5,75.0,72.0,Dense/Amorphous,C1CNCCNC1
0.0,0.0,0.0,0.0,0.0,0.0,0.0,0.0,16.65,1.5,75.0,72.0,Dense/Amorphous,C1CNCCNC1
0.0,0.0,0.0,0.0,0.0,0.0,0.0,0.0,22.2,1.3333327,75.0,72.0,Dense/Amorphous,C1CNCCNC1
0.0,0.0,0.0,0.0,0.0,0.0,0.0,0.0,16.65,1.5,75.0,72.0,Dense/Amorphous,C1CNCCNC1
0.0,0.0,0.0,0.0,0.0,0.0,0.0,0.0,90.00003,3.000001,170.0,120.0,Dense/Amorphous,C1CNCCNC1
400.0,1.7179967,99.0,250.0,0.0798005,0.0,0.0638404,0.0,29.925186,0.49875313,160.0,65.0,Dense/Amorphous,C1CNCCNC1
400.0,1.7179967,99.0,250.0,0.0798005,0.0,0.0638404,0.0,29.925186,0.99750626,160.0,65.0,Dense/Amorphous,C1CNCCNC1
80.0,1.7179967,99.0,250.0,0.069135875,0.0,0.055308662,0.0,29.629631,0.9876543,160.0,42.0,Dense/Amorphous,C1CNCCNC1
0.0,0.0,0.0,0.0,0.0,0.0,0.0,0.0,200.0,0.0,216.95119,150.0,NON,CC1CCCCN1
0.0,0.0,0.0,0.0,0.0,0.0,0.0,0.0,200.0,0.0,165.60397,160.0001,NON,CC1CCCCN1
0.0,0.0,0.0,0.0,0.0,0.0,0.0,0.0,200.0,0.0,90.11656,170.0,NON,CC1CCCCN1
0.0,0.0,0.0,0.0,0.0,0.0,0.0,0.0,200.0,0.0,230.78174,180.0,NON,CC1CCCCN1
0.0,0.0,0.0,0.0,0.0,0.0,0.0,0.0,200.0,0.0,157.15642,189.99998,NON,CC1CCCCN1
0.0,0.0,0.0,0.0,0.0,0.0,0.0,0.0,200.0,0.0,141.67163,199.99991,NON,CC1CCCCN1
0.0,0.0,0.0,0.0,0.0,0.0,0.0,0.0,200.0,0.0,144.80402,119.036255,NON,CC1CCCCN1
32.99999,1.7179967,1.9411764,250.0,0.0,0.0,0.49019605,0.0,2.9411767,0.24509804,175.0,336.0,BEA,CCC[N+]1(CCC)CCC([N+]2(CCC)CCCC2)CC1
41.650005,1.7179967,4.9880238,250.0,0.0,0.0,0.49019605,0.0,2.9411767,0.24509804,175.0,336.0,BEA,CCC[N+]1(CCC)CCC([N+]2(CCC)CCCC2)CC1
13.2,1.7179967,1.9411764,250.0,0.0,0.0,0.47619042,0.0,2.857143,0.23809524,175.0,336.0,BEA,CCC[N+]1(CCC)CCC([N+]2(CCC)CCCC2)CC1
400.0,0.0,1.9411764,32.999943,0.0,0.0,0.43137255,0.0,2.9411767,0.24509804,175.0,336.0,BEA,CCC[N+]1(CCC)CCC([N+]2(CCC)CCCC2)CC1
400.0,0.0,1.9411764,13.200001,0.0,0.0,0.33333334,0.0,2.857143,0.23809524,175.0,336.0,BEA,CCC[N+]1(CCC)CCC([N+]2(CCC)CCCC2)CC1
13.2,1.7179967,1.9411763,250.0,0.0,0.0,0.47619042,0.0,9.523809,0.23809524,175.0,336.0,BEA,CCC[N+]1(CCC)CCC([N+]2(CCC)CCCC2)CC1
400.0,0.0,1.9411763,13.200001,0.0,0.0,0.33333334,0.0,9.523809,0.23809524,175.0,336.0,BEA,CCC[N+]1(CCC)CCC([N+]2(CCC)CCCC2)CC1
400.0,0.0,1.0,250.0,0.0,0.0,0.25,0.0,5.0,0.25,175.0,336.0,ASV,CC[P+](CC)(c1ccccc1)c1ccccc1
15.151515,1.7179967,1.0,250.0,0.0,0.0,0.24201356,0.0,4.840271,0.24201356,175.0,336.0,ASV,CC[P+](CC)(c1ccccc1)c1ccccc1
400.0,0.0,1.0,15.151518,0.0,0.0,0.24201356,0.0,4.840271,0.24201356,175.0,336.0,ASV,CC[P+](CC)(c1ccccc1)c1ccccc1
400.0,0.0,99.0,250.0,0.15,0.0,0.15,0.0,45.000004,0.15,187.7342,300.70627,STO,C[N+](C)(C)C12CCCC1CCC2
400.0,0.0,99.0,250.0,0.0,0.0,0.0,0.0,110.99998,1.0,150.0,9600.135,MTN,N[C@@H]1C[C@H]2CC[C@@H]1C2
400.0,0.0,99.0,250.0,0.0,0.0,0.0,0.0,110.99998,1.0,160.0,4320.1777,MTN,N[C@@H]1C[C@H]2CC[C@@H]1C2
400.0,0.0,99.0,250.0,0.0,0.0,0.0,0.0,73.999985,5.2999787,150.0,3600.0066,MTN,N[C@@H]1C[C@H]2CC[C@@H]1C2
400.0,0.0,99.0,250.0,0.0,0.0,0.0,0.0,73.999985,5.2999787,150.0,3600.0066,MTN,N[C@@H]1C[C@H]2CC[C@@H]1C2
400.0,0.0,99.0,250.0,0.0,0.0,0.13,0.0,73.999985,1.5,150.0,153.60268,MTN,N[C@@H]1C[C@H]2CC[C@@H]1C2
400.0,0.0,99.0,250.0,0.0,0.0,0.13,0.0,73.999985,2.3000042,150.0,451.63037,MTN,N[C@@H]1C[C@H]2CC[C@@H]1C2
400.0,0.0,99.0,250.0,0.0,0.0,0.13,0.0,73.999985,3.400002,150.0,587.10254,MTN,N[C@@H]1C[C@H]2CC[C@@H]1C2
1.0,1.7179967,99.0,250.0,0.0,0.0,0.76,0.0,200.0,1.0,100.0,336.0,ANA,C[N+](C)(C)CCCC[N+](C)(C)C
30.0,1.7179967,99.0,250.0,0.96774215,0.0,0.19354838,0.0,38.70968,0.09677419,160.0,168.0,ANA,C[N+](C)(C)CCCC[N+](C)(C)C
30.0,1.7179967,99.0,250.0,1.0935487,0.0,0.19354838,0.0,38.70968,0.09677419,160.0,168.0,ANA,C[N+](C)(C)CCCC[N+](C)(C)C
400.0,0.0,99.0,250.0,0.4,0.0,0.0,0.4,40.0,1.0,180.0,48.0,MFI,CCN
400.0,0.0,99.0,250.0,0.4,0.0,0.0,0.4,40.0,0.90000004,180.0,96.0,MFI,CCN
400.0,0.0,99.0,250.0,0.4,0.0,0.0,0.4,40.0,0.70000005,180.0,312.0,MFI,CCN
400.0,0.0,99.0,250.0,0.4,0.0,0.0,0.4,40.0,0.6,180.0,360.0,MFI,CCN
400.0,1.7179967,99.0,250.0,0.0798005,0.0,0.06384039,0.0,29.925186,1.9950125,160.0,65.0,MFI,CCN
400.0,1.7179967,99.0,250.0,0.109725684,0.0,0.08778058,0.0,29.925186,1.9950125,160.0,65.0,MFI,CCN
400.0,1.7179967,99.0,250.0,0.10994502,0.0,0.087956026,0.0,29.985008,1.9990005,160.0,65.0,MFI,CCN
238.09558,1.7179967,99.0,250.0,0.02987453,0.0,0.02389962,0.0,29.874527,1.991635,160.0,65.0,MFI,CCN
200.0,1.7179967,99.0,250.0,0.059701495,0.0,0.047761176,0.0,29.850746,0.49751237,160.0,65.0,MFI,CCN
200.0,1.7179967,99.0,250.0,0.08955224,0.0,0.071641736,0.0,29.850746,0.49751237,160.0,65.0,MFI,CCN
200.0,1.7179967,99.0,250.0,0.059701495,0.0,0.047761176,0.0,29.850746,0.99502486,160.0,65.0,MFI,CCN
200.0,1.7179967,99.0,250.0,0.08955224,0.0,0.071641736,0.0,29.850746,0.99502486,160.0,65.0,MFI,CCN
200.0,1.7179967,99.0,250.0,0.029850747,0.0,0.023880558,0.0,29.850746,1.9900498,160.0,65.0,MFI,CCN
200.0,1.7179967,99.0,250.0,0.059701495,0.0,0.047761176,0.0,29.850746,1.9900498,160.0,65.0,MFI,CCN
199.9998,1.7179967,99.0,250.0,0.029850747,0.0,0.023880558,0.0,29.850746,2.985073,160.0,65.0,MFI,CCN
30.0,1.7179967,99.0,250.0,0.0,0.0,0.0,0.0,0.0,0.0,135.0,455.5099,AEI,CC1(C)CC2CC(C)(C1)C[N+]2(C)C
400.0,0.0,99.0,250.0,0.0,0.0,0.0,0.54,4.6,0.8,135.0,168.0,BEA,C[N+](C)(Cc1ccccc1)Cc1ccccc1
400.0,0.0,99.0,250.0,0.0,0.0,0.0,0.54,7.930001,0.8,135.0,360.0,BEA,C[N+](C)(Cc1ccccc1)Cc1ccccc1
400.0,0.0,99.0,250.0,0.0,0.0,0.0,0.54,7.930001,0.54,135.0,360.0,BEA,C[N+](C)(Cc1ccccc1)Cc1ccccc1
400.0,0.0,99.0,250.0,0.0,0.0,0.0,0.54,7.930001,0.54,135.0,720.0,BEA,C[N+](C)(Cc1ccccc1)Cc1ccccc1
400.0,0.0,99.0,250.0,0.0,0.0,0.0,0.54,7.930001,0.54,135.0,1080.0002,BEA,C[N+](C)(Cc1ccccc1)Cc1ccccc1
12.0,1.7179967,99.0,250.0,0.18461539,0.0,0.46153852,0.0,4.6153846,0.46153846,125.0,168.0,Dense/Amorphous,C[N+](C)(C)CCO
30.0,1.7179967,99.0,250.0,0.19354838,0.0,0.48387095,0.0,4.83871,0.48387092,125.0,504.0,Dense/Amorphous,C[N+](C)(C)CCO
45.0,1.7179967,99.0,250.0,0.19565219,0.0,0.48913047,0.0,4.8913045,0.48913044,125.0,168.0,Dense/Amorphous,C[N+](C)(C)CCO
22.0,1.7179967,99.0,250.0,0.19130437,0.0,0.47826087,0.0,4.7826085,0.47826082,135.0,168.0,Dense/Amorphous,C[N+](C)(C)CCO
22.0,1.7179967,99.0,250.0,0.19130437,0.0,0.47826087,0.0,4.7826085,0.47826082,125.0,168.0,Dense/Amorphous,C[N+](C)(C)CCO
5.0,1.7179967,99.0,250.0,0.0,0.0,0.6666667,0.0,9.416667,0.666667,100.0,336.0,Dense/Amorphous,C[N+](C)(C)CCO
5.0,1.7179967,99.0,250.0,0.0,0.0,0.6666667,0.0,8.666668,0.6666667,100.0,336.0,Dense/Amorphous,C[N+](C)(C)CCO
5.0,1.7179967,99.0,250.0,0.0,0.0,0.6666667,0.0,11.333335,0.6666667,100.0,360.0,Dense/Amorphous,C[N+](C)(C)CCO
10.0,1.7179967,99.0,250.0,0.0,0.0,0.7272727,0.0,7.7727256,0.72727287,100.0,360.0,Dense/Amorphous,C[N+](C)(C)CCO
10.0,1.7179967,99.0,250.0,0.0,0.0,0.7272727,0.0,7.3636365,0.72727287,100.0,360.0,Dense/Amorphous,C[N+](C)(C)CCO
10.0,1.7179967,99.0,250.0,0.0,0.0,0.72727275,0.0,8.181818,0.72727287,100.0,336.0,Dense/Amorphous,C[N+](C)(C)CCO
5.0,1.7179967,99.0,250.0,0.0,0.0,0.6666667,0.0,5.4666667,0.6666667,90.0,312.0,Dense/Amorphous,C[N+](C)(C)CCO
22.222212,1.7179967,99.0,250.0,0.0,0.0,0.0,0.1913876,4.784689,0.47846884,125.0,168.0,Dense/Amorphous,C[N+](C)(C)CCO
0.0,0.0,0.0,0.0,0.0,0.0,0.0,0.0,200.0,0.0,185.73302,191.94344,Dense/Amorphous,C[N+](C)(C)CCO
0.0,0.0,0.0,0.0,0.0,0.0,0.0,0.0,200.0,0.0,0.0,0.0,Dense/Amorphous,C[N+](C)(C)CCO
0.375,1.3333334,99.0,250.0,0.0,0.0,0.0,0.0,18.82353,0.47058824,160.0,576.0,Dense/Amorphous,C[N+](C)(C)CCO
0.0,1.3333334,0.0,0.0,0.0,0.0,0.0,0.0,18.82353,0.47058824,160.0,576.0,Dense/Amorphous,C[N+](C)(C)CCO
0.0,1.3333334,0.0,0.0,0.0,0.0,0.0,0.0,18.82353,0.47058824,140.0,384.0,Dense/Amorphous,C[N+](C)(C)CCO
0.0,1.3333334,0.0,0.0,0.0,0.0,0.0,0.0,18.82353,0.47058824,160.0,384.0,Dense/Amorphous,C[N+](C)(C)CCO
0.0,0.14999971,0.0,0.0,0.0,0.0,0.0,0.0,0.50724626,0.6543477,180.0,83.99999,Dense/Amorphous,C[N+](C)(C)CCO
0.0,0.14999971,0.0,0.0,0.0,0.0,0.0,0.0,0.50724626,0.6543477,180.0,83.99999,Dense/Amorphous,C[N+](C)(C)CCO
0.0,0.14999971,0.0,0.0,0.0,0.0,0.0,0.0,0.50724626,1.3543475,180.0,108.0,Dense/Amorphous,C[N+](C)(C)CCO
0.0,0.14999971,0.0,0.0,0.0,0.0,0.0,0.0,0.50724626,1.3543475,180.0,83.99999,Dense/Amorphous,C[N+](C)(C)CCO
0.0,0.13333328,0.0,0.0,0.0,0.0,0.0,0.0,0.5147059,0.6639705,180.0,108.0,Dense/Amorphous,C[N+](C)(C)CCO
0.0,0.13333328,0.0,0.0,0.0,0.0,0.0,0.0,0.5147059,0.6639705,180.0,83.99999,Dense/Amorphous,C[N+](C)(C)CCO
0.0,0.13333328,0.0,0.0,0.0,0.0,0.0,0.0,0.5147059,1.3742633,180.0,83.99999,Dense/Amorphous,C[N+](C)(C)CCO
0.0,0.13333328,0.0,0.0,0.0,0.0,0.0,0.0,0.5147059,1.3742633,180.0,108.0,Dense/Amorphous,C[N+](C)(C)CCO
0.0,0.14999971,0.0,0.0,0.0,0.0,0.0,0.0,0.50724626,1.0469561,180.0,83.99999,Dense/Amorphous,C[N+](C)(C)CCO
0.0,0.14999971,0.0,0.0,0.0,0.0,0.0,0.0,0.50724626,1.0469561,180.0,83.99999,Dense/Amorphous,C[N+](C)(C)CCO
0.0,0.14999971,0.0,0.0,0.0,0.0,0.0,0.0,0.50724626,2.1669517,180.0,108.0,Dense/Amorphous,C[N+](C)(C)CCO
0.0,0.13333328,0.0,0.0,0.0,0.0,0.0,0.0,0.5147059,2.1988196,180.0,83.99999,Dense/Amorphous,C[N+](C)(C)CCO
0.0,0.13333328,0.0,0.0,0.0,0.0,0.0,0.0,0.5147059,1.0623533,180.0,108.0,Dense/Amorphous,C[N+](C)(C)CCO
0.0,0.13333328,0.0,0.0,0.0,0.0,0.0,0.0,0.5147059,1.0623533,180.0,108.0,Dense/Amorphous,C[N+](C)(C)CCO
0.0,0.14166684,0.0,0.0,0.0,0.0,0.0,0.0,0.5109489,0.7081755,180.0,108.0,Dense/Amorphous,C[N+](C)(C)CCO
0.0,0.15833336,0.0,0.0,0.0,0.0,0.0,0.0,0.5035974,1.2962595,180.0,96.0,Dense/Amorphous,C[N+](C)(C)CCO
0.0,0.12499992,0.0,0.0,0.0,0.0,0.0,0.0,0.5185186,1.3346667,180.0,96.0,Dense/Amorphous,C[N+](C)(C)CCO
0.0,0.14166684,0.0,0.0,0.0,0.0,0.0,0.0,0.5109489,0.3985401,180.0,96.0,Dense/Amorphous,C[N+](C)(C)CCO
0.0,0.14166684,0.0,0.0,0.0,0.0,0.0,0.0,0.5109489,2.2318215,180.0,96.0,Dense/Amorphous,C[N+](C)(C)CCO
0.0,0.14166684,0.0,0.0,0.0,0.0,0.0,0.0,0.5109489,1.3151827,180.0,96.0,Dense/Amorphous,C[N+](C)(C)CCO
0.0,0.14166684,0.0,0.0,0.0,0.0,0.0,0.0,0.5109489,1.3151827,180.0,72.0,Dense/Amorphous,C[N+](C)(C)CCO
0.0,0.14166684,0.0,0.0,0.0,0.0,0.0,0.0,0.5109489,1.3151827,180.0,96.0,Dense/Amorphous,C[N+](C)(C)CCO
0.0,0.46840137,0.0,0.0,0.0,0.0,0.0,0.0,0.0,0.0,150.0,144.0,Dense/Amorphous,C[N+](C)(C)CCO
0.0,0.38848972,0.0,0.0,0.0,0.0,0.0,0.0,0.0,0.0,180.0,72.0,Dense/Amorphous,C[N+](C)(C)CCO
0.0,0.38848972,0.0,0.0,0.0,0.0,0.0,0.0,0.0,0.0,180.0,72.0,Dense/Amorphous,C[N+](C)(C)CCO
0.0,0.0,0.0,0.0,0.0,0.0,0.0,0.0,198.41277,2.5714238,180.0,48.0,Dense/Amorphous,C[N+](C)(C)CCO
400.0,0.0,99.0,250.0,0.1,0.0,0.5,0.0,5.5000005,0.4,150.0,48.0,Dense/Amorphous,C[N+](C)(C)CCO
0.375,1.3333334,99.0,250.0,0.0,0.0,0.0,0.0,18.82353,0.47058824,160.0,576.0,Dense/Amorphous,C[N+](C)(C)CCO
0.0,1.3333334,0.0,0.0,0.0,0.0,0.0,0.0,18.82353,0.47058824,140.0,576.0,Dense/Amorphous,C[N+](C)(C)CCO
0.0,1.3333334,0.0,0.0,0.0,0.0,0.0,0.0,18.82353,0.47058824,140.0,384.0,Dense/Amorphous,C[N+](C)(C)CCO
0.0,1.3333334,0.0,0.0,0.0,0.0,0.0,0.0,18.82353,0.47058824,140.0,384.0,Dense/Amorphous,C[N+](C)(C)CCO
3.0000007,1.7179967,99.0,250.0,0.09000002,0.0,0.6,0.0,15.0,0.3,150.0,168.0,Dense/Amorphous,C[N+](C)(C)CCO
20.0,1.7179967,99.0,250.0,0.1142857,0.0,0.76190495,0.0,19.047617,0.38095236,150.0,168.0,Dense/Amorphous,C[N+](C)(C)CCO
400.0,0.0,99.0,250.0,0.011999931,0.0,0.69200003,0.0,20.0,0.4,150.0,168.0,Dense/Amorphous,C[N+](C)(C)CCO
10.0,1.7179967,99.0,250.0,0.0,0.0,0.7272727,0.0,18.181818,0.36363637,150.0,168.0,Dense/Amorphous,C[N+](C)(C)CCO
10.0,1.7179967,99.0,250.0,0.10909089,0.0,0.7272727,0.0,18.181818,0.36363637,150.0,168.0,Dense/Amorphous,C[N+](C)(C)CCO
10.0,1.7179967,99.0,250.0,0.10909089,0.25454536,0.7272727,0.0,18.181818,0.36363637,150.0,168.0,Dense/Amorphous,C[N+](C)(C)CCO
0.1000001,0.90909094,99.0,250.0,0.0,0.0,0.0,0.0,0.0,0.82727265,180.0,1.0,Dense/Amorphous,C[N+](C)(C)CCO
0.1,0.90909094,99.0,250.0,0.0,0.0,0.0,0.0,0.0,0.8282829,180.0,1.0,Dense/Amorphous,C[N+](C)(C)CCO
0.1,0.90909094,99.0,250.0,0.0,0.0,0.0,0.0,0.0,0.8286711,180.0,1.0,Dense/Amorphous,C[N+](C)(C)CCO
0.1,0.90909094,99.0,250.0,0.0,0.0,0.0,0.0,0.0,0.8288769,180.0,1.0,Dense/Amorphous,C[N+](C)(C)CCO
0.1,0.90909094,99.0,250.0,0.0,0.0,0.0,0.0,0.0,0.8288769,180.0,2.0,Dense/Amorphous,C[N+](C)(C)CCO
6.493508,1.7179967,99.0,250.0,0.2599652,0.0,0.25996536,0.0,17.331022,0.2599653,150.0,480.0,Dense/Amorphous,C[N+](C)(C)CCO
6.493508,1.7179967,99.0,250.0,0.21663779,0.0,0.40467936,0.0,17.331022,0.25996533,150.0,480.0,Dense/Amorphous,C[N+](C)(C)CCO
6.493508,1.7179967,99.0,250.0,0.17331025,0.0,0.5485269,0.0,17.331022,0.25996533,150.0,480.0,Dense/Amorphous,C[N+](C)(C)CCO
6.4935036,1.7179967,99.0,250.0,0.12998268,0.0,0.69324094,0.0,17.331022,0.25996536,150.0,480.0,Dense/Amorphous,C[N+](C)(C)CCO
6.4935064,1.7179967,99.0,250.0,0.2599652,0.0,0.3639515,0.0,17.331022,0.36395147,150.0,480.0,Dense/Amorphous,C[N+](C)(C)CCO
6.493508,1.7179967,99.0,250.0,0.21663779,0.0,0.50866556,0.0,17.331022,0.36395147,150.0,480.0,Dense/Amorphous,C[N+](C)(C)CCO
6.4935064,1.7179967,99.0,250.0,0.17331025,0.0,0.6525131,0.0,17.331022,0.36395147,150.0,480.0,Dense/Amorphous,C[N+](C)(C)CCO
6.4935064,1.7179967,99.0,250.0,0.12998268,0.0,0.7972271,0.0,17.331022,0.36395147,150.0,480.0,Dense/Amorphous,C[N+](C)(C)CCO
6.4935064,1.7179967,99.0,250.0,0.2599652,0.0,0.4679376,0.0,17.331022,0.46793762,150.0,480.0,Dense/Amorphous,C[N+](C)(C)CCO
6.4935064,1.7179967,99.0,250.0,0.21663779,0.0,0.6126517,0.0,17.331022,0.46793762,150.0,480.0,Dense/Amorphous,C[N+](C)(C)CCO
6.493508,1.7179967,99.0,250.0,0.17331025,0.0,0.7564991,0.0,17.331022,0.46793762,150.0,480.0,Dense/Amorphous,C[N+](C)(C)CCO
6.493508,1.7179967,99.0,250.0,0.12998268,0.0,0.90121317,0.0,17.331022,0.46793762,150.0,480.0,Dense/Amorphous,C[N+](C)(C)CCO
6.4935064,1.7179967,99.0,250.0,0.0,0.25996536,0.5199308,0.0,17.331022,0.25996533,150.0,480.0,Dense/Amorphous,C[N+](C)(C)CCO
6.4935064,1.7179967,99.0,250.0,0.0,0.21663731,0.6213169,0.0,17.331022,0.25996533,150.0,480.0,Dense/Amorphous,C[N+](C)(C)CCO
6.4935064,1.7179967,99.0,250.0,0.0,0.17331009,0.7218373,0.0,17.331022,0.25996536,150.0,480.0,Dense/Amorphous,C[N+](C)(C)CCO
6.4935036,1.7179967,99.0,250.0,0.0,0.12998264,0.82322365,0.0,17.331022,0.25996533,150.0,480.0,Dense/Amorphous,C[N+](C)(C)CCO
6.4935064,1.7179967,99.0,250.0,0.0,0.25996536,0.6239168,0.0,17.331022,0.36395147,150.0,480.0,Dense/Amorphous,C[N+](C)(C)CCO
6.4935064,1.7179967,99.0,250.0,0.0,0.21663731,0.7253032,0.0,17.331022,0.36395147,150.0,480.0,Dense/Amorphous,C[N+](C)(C)CCO
6.4935064,1.7179967,99.0,250.0,0.0,0.17331009,0.8258231,0.0,17.331022,0.36395147,150.0,480.0,Dense/Amorphous,C[N+](C)(C)CCO
6.4935064,1.7179967,99.0,250.0,0.0,0.12998264,0.92720973,0.0,17.331022,0.36395147,150.0,480.0,Dense/Amorphous,C[N+](C)(C)CCO
6.4935064,1.7179967,99.0,250.0,0.0,0.25996536,0.7279031,0.0,17.331022,0.46793762,150.0,480.0,Dense/Amorphous,C[N+](C)(C)CCO
6.4935064,1.7179967,99.0,250.0,0.0,0.21663731,0.82928914,0.0,17.331022,0.46793762,150.0,480.0,Dense/Amorphous,C[N+](C)(C)CCO
6.493508,1.7179967,99.0,250.0,0.0,0.17331009,0.92980987,0.0,17.331022,0.46793762,150.0,480.0,Dense/Amorphous,C[N+](C)(C)CCO
6.493508,1.7179967,99.0,250.0,0.0,0.12998264,1.0311958,0.0,17.331022,0.46793762,150.0,480.0,Dense/Amorphous,C[N+](C)(C)CCO
6.4935064,1.7179967,99.0,250.0,0.0,0.25996536,0.6239168,0.0,17.331022,0.36395147,150.0,480.0,Dense/Amorphous,C[N+](C)(C)CCO
6.4935064,1.7179967,99.0,250.0,0.0,0.17331009,0.8258231,0.0,17.331022,0.36395147,150.0,480.0,Dense/Amorphous,C[N+](C)(C)CCO
6.4935064,1.7179967,99.0,250.0,0.0,0.12998264,0.92720973,0.0,17.331022,0.36395147,150.0,480.0,Dense/Amorphous,C[N+](C)(C)CCO
6.4935064,1.7179967,99.0,250.0,0.0,0.25996536,0.7279031,0.0,17.331022,0.46793762,150.0,480.0,Dense/Amorphous,C[N+](C)(C)CCO
6.4935064,1.7179967,99.0,250.0,0.0,0.21663731,0.82928914,0.0,17.331022,0.46793762,150.0,480.0,Dense/Amorphous,C[N+](C)(C)CCO
6.493508,1.7179967,99.0,250.0,0.0,0.17331009,0.92980987,0.0,17.331022,0.46793762,150.0,480.0,Dense/Amorphous,C[N+](C)(C)CCO
6.493508,1.7179967,99.0,250.0,0.0,0.12998264,1.0311958,0.0,17.331022,0.46793762,150.0,480.0,Dense/Amorphous,C[N+](C)(C)CCO
6.4935064,1.7179967,99.0,250.0,0.30329302,0.0,0.40467936,0.0,17.331022,0.25996533,150.0,480.0,Dense/Amorphous,C[N+](C)(C)CCO
6.493508,1.7179967,99.0,250.0,0.24263442,0.0,0.5485269,0.0,17.331022,0.25996536,150.0,480.0,Dense/Amorphous,C[N+](C)(C)CCO
6.4935064,1.7179967,99.0,250.0,0.18197575,0.0,0.69324094,0.0,17.331022,0.25996533,150.0,480.0,Dense/Amorphous,C[N+](C)(C)CCO
6.4935036,1.7179967,99.0,250.0,0.30329302,0.0,0.50866556,0.0,17.331022,0.36395147,150.0,480.0,Dense/Amorphous,C[N+](C)(C)CCO
6.4935064,1.7179967,99.0,250.0,0.24263442,0.0,0.6525131,0.0,17.331022,0.36395147,150.0,480.0,Dense/Amorphous,C[N+](C)(C)CCO
6.4935064,1.7179967,99.0,250.0,0.18197575,0.0,0.7972271,0.0,17.331022,0.36395147,150.0,480.0,Dense/Amorphous,C[N+](C)(C)CCO
6.4935064,1.7179967,99.0,250.0,0.30329302,0.0,0.6126517,0.0,17.331022,0.46793762,150.0,480.0,Dense/Amorphous,C[N+](C)(C)CCO
6.4935064,1.7179967,99.0,250.0,0.18197575,0.0,0.90121317,0.0,17.331022,0.46793762,150.0,480.0,Dense/Amorphous,C[N+](C)(C)CCO
6.493508,1.7179967,99.0,250.0,0.0,0.24263413,0.79116094,0.0,17.331022,0.25996533,150.0,480.0,Dense/Amorphous,C[N+](C)(C)CCO
6.4935064,1.7179967,99.0,250.0,0.0,0.18197574,0.8752164,0.0,17.331022,0.25996536,150.0,480.0,Dense/Amorphous,C[N+](C)(C)CCO
6.4935036,1.7179967,99.0,250.0,0.0,0.3032927,0.81195813,0.0,17.331022,0.36395147,150.0,480.0,Dense/Amorphous,C[N+](C)(C)CCO
6.4935036,1.7179967,99.0,250.0,0.0,0.24263413,0.8951471,0.0,17.331022,0.36395147,150.0,480.0,Dense/Amorphous,C[N+](C)(C)CCO
6.4935064,1.7179967,99.0,250.0,0.0,0.18197574,0.97920275,0.0,17.331022,0.36395147,150.0,480.0,Dense/Amorphous,C[N+](C)(C)CCO
6.4935064,1.7179967,99.0,250.0,0.0,0.3032927,0.9159452,0.0,17.331022,0.46793762,150.0,480.0,Dense/Amorphous,C[N+](C)(C)CCO
6.4935064,1.7179967,99.0,250.0,0.0,0.24263413,0.9991334,0.0,17.331022,0.46793762,150.0,480.0,Dense/Amorphous,C[N+](C)(C)CCO
6.4935064,1.7179967,99.0,250.0,0.0,0.18197574,1.0831887,0.0,17.331022,0.46793762,150.0,480.0,Dense/Amorphous,C[N+](C)(C)CCO
6.493508,1.7179967,99.0,250.0,0.24263442,0.0,0.5485269,0.0,17.331022,0.25996536,150.0,480.0,Dense/Amorphous,C[N+](C)(C)CCO
6.4935064,1.7179967,99.0,250.0,0.18197575,0.0,0.69324094,0.0,17.331022,0.25996533,150.0,480.0,Dense/Amorphous,C[N+](C)(C)CCO
6.4935064,1.7179967,99.0,250.0,0.36395165,0.0,0.3639515,0.0,17.331022,0.36395147,150.0,480.0,Dense/Amorphous,C[N+](C)(C)CCO
6.4935064,1.7179967,99.0,250.0,0.0,0.3032927,0.7079724,0.0,17.331022,0.2599653,150.0,480.0,Dense/Amorphous,C[N+](C)(C)CCO
6.493508,1.7179967,99.0,250.0,0.0,0.24263413,0.79116094,0.0,17.331022,0.25996533,150.0,480.0,Dense/Amorphous,C[N+](C)(C)CCO
6.4935036,1.7179967,99.0,250.0,0.0,0.36395147,0.83188915,0.0,17.331022,0.46793762,150.0,480.0,Dense/Amorphous,C[N+](C)(C)CCO
6.4935064,1.7179967,99.0,250.0,0.23396878,0.0,0.69324094,0.0,17.331022,0.25996533,150.0,480.0,Dense/Amorphous,C[N+](C)(C)CCO
6.4935064,1.7179967,99.0,250.0,0.46793774,0.0,0.3639515,0.0,17.331022,0.36395147,150.0,480.0,Dense/Amorphous,C[N+](C)(C)CCO
6.4935064,1.7179967,99.0,250.0,0.31195825,0.0,0.6499134,0.0,17.331022,0.36395147,150.0,480.0,Dense/Amorphous,C[N+](C)(C)CCO
6.4935064,1.7179967,99.0,250.0,0.0,0.46793798,0.7279031,0.0,17.331022,0.25996536,150.0,480.0,Dense/Amorphous,C[N+](C)(C)CCO
6.4935064,1.7179967,99.0,250.0,0.0,0.3899482,0.79462725,0.0,17.331022,0.25996533,150.0,480.0,Dense/Amorphous,C[N+](C)(C)CCO
6.4935064,1.7179967,99.0,250.0,0.0,0.23396865,0.92720973,0.0,17.331022,0.25996533,150.0,480.0,Dense/Amorphous,C[N+](C)(C)CCO
6.4935064,1.7179967,99.0,250.0,0.0,0.46793798,0.83188915,0.0,17.331022,0.36395147,150.0,480.0,Dense/Amorphous,C[N+](C)(C)CCO
6.493508,1.7179967,99.0,250.0,0.0,0.3899482,0.89861333,0.0,17.331022,0.36395147,150.0,480.0,Dense/Amorphous,C[N+](C)(C)CCO
6.4935064,1.7179967,99.0,250.0,0.0,0.46793798,0.9358754,0.0,17.331022,0.46793762,150.0,480.0,Dense/Amorphous,C[N+](C)(C)CCO
6.4935064,1.7179967,99.0,250.0,0.0,0.3899482,1.002599,0.0,17.331022,0.46793762,150.0,480.0,Dense/Amorphous,C[N+](C)(C)CCO
6.4935064,1.7179967,99.0,250.0,0.0,0.23396865,1.1351815,0.0,17.331022,0.46793762,150.0,480.0,Dense/Amorphous,C[N+](C)(C)CCO
6.4935064,1.7179967,99.0,250.0,0.38994813,0.0,0.40467936,0.0,17.331022,0.25996533,150.0,480.0,Dense/Amorphous,C[N+](C)(C)CCO
6.4935064,1.7179967,99.0,250.0,0.23396878,0.0,0.69324094,0.0,17.331022,0.25996533,150.0,480.0,Dense/Amorphous,C[N+](C)(C)CCO
6.493508,1.7179967,99.0,250.0,0.0,0.3899482,0.89861333,0.0,17.331022,0.36395147,150.0,480.0,Dense/Amorphous,C[N+](C)(C)CCO
6.4935064,1.7179967,99.0,250.0,0.0,0.3119586,0.96187156,0.0,17.331022,0.36395147,150.0,480.0,Dense/Amorphous,C[N+](C)(C)CCO
6.4935064,1.7179967,99.0,250.0,0.0,0.3899482,1.002599,0.0,17.331022,0.46793762,150.0,480.0,Dense/Amorphous,C[N+](C)(C)CCO
6.4935064,1.7179967,99.0,250.0,0.0,0.3119586,1.0658576,0.0,17.331022,0.46793762,150.0,480.0,Dense/Amorphous,C[N+](C)(C)CCO
6.4935064,1.7179967,99.0,250.0,0.0,0.46793798,0.7279031,0.0,17.331022,0.25996536,150.0,480.0,Dense/Amorphous,C[N+](C)(C)CCO
6.4935064,1.7179967,99.0,250.0,0.0,0.3899482,0.79462725,0.0,17.331022,0.25996533,150.0,480.0,Dense/Amorphous,C[N+](C)(C)CCO
6.4935064,1.7179967,99.0,250.0,0.0,0.46793798,0.83188915,0.0,17.331022,0.36395147,150.0,480.0,Dense/Amorphous,C[N+](C)(C)CCO
6.493508,1.7179967,99.0,250.0,0.0,0.3899482,0.89861333,0.0,17.331022,0.36395147,150.0,480.0,Dense/Amorphous,C[N+](C)(C)CCO
6.4935064,1.7179967,99.0,250.0,0.0,0.46793798,0.9358754,0.0,17.331022,0.46793762,150.0,480.0,Dense/Amorphous,C[N+](C)(C)CCO
25.0,1.7179967,99.0,250.0,0.0,0.0,0.76923066,0.0,28.846157,0.7692306,150.0,672.0,Dense/Amorphous,C[N+](C)(C)CCO
25.0,1.7179967,99.0,250.0,0.1923077,0.0,0.76923066,0.0,28.846157,0.7692306,150.0,672.0,Dense/Amorphous,C[N+](C)(C)CCO
25.0,1.7179967,99.0,250.0,0.0,0.19230779,0.76923066,0.0,28.846157,0.7692306,150.0,336.0,Dense/Amorphous,C[N+](C)(C)CCO
25.0,1.7179967,99.0,250.0,0.0,0.0,0.76923066,0.0,28.846157,0.7692306,150.0,336.0,Dense/Amorphous,C[N+](C)(C)CCO
99.999954,1.7179967,99.0,250.0,0.0,0.0,0.79207927,0.0,29.70297,0.79207915,150.0,672.0,Dense/Amorphous,C[N+](C)(C)CCO
99.999954,1.7179967,99.0,250.0,0.0,0.0,0.79207927,0.0,29.70297,0.79207915,150.0,672.0,Dense/Amorphous,C[N+](C)(C)CCO
400.0,0.0,99.0,250.0,0.0,0.0,0.8,0.0,30.0,0.80000013,150.0,672.0,Dense/Amorphous,C[N+](C)(C)CCO
400.0,0.0,99.0,250.0,0.2,0.0,0.8,0.0,30.0,0.80000013,150.0,336.0,Dense/Amorphous,C[N+](C)(C)CCO
400.0,0.0,99.0,250.0,0.0,0.19999991,0.8,0.0,30.0,0.80000013,150.0,336.0,Dense/Amorphous,C[N+](C)(C)CCO
400.0,0.0,99.0,250.0,0.0,0.0,0.8,0.0,30.0,0.80000013,150.0,336.0,Dense/Amorphous,C[N+](C)(C)CCO
400.0,0.0,99.0,250.0,0.0,0.0,0.8,0.0,30.0,0.80000013,150.0,672.0,Dense/Amorphous,C[N+](C)(C)CCO
15.599999,1.7179967,99.0,250.0,0.0,0.0,0.0,0.48,4.5000005,0.48,135.0,480.0,FER,C[N@@+]1(Cc2ccccc2)CCC[C@H]1CO
15.599999,1.7179967,99.0,250.0,0.0,0.0,0.0,0.48,4.5000005,0.48,135.0,1128.0004,FER,C[N@@+]1(Cc2ccccc2)CCC[C@H]1CO
400.0,1.7179967,99.0,250.0,0.029925184,0.0,0.02394015,0.0,29.925186,0.49875313,160.0,65.0,MTN,C1CCNC1
400.0,1.7179967,99.0,250.0,0.04987531,0.0,0.039900247,0.0,29.925186,0.49875307,160.0,65.0,MTN,C1CCNC1
400.0,1.7179967,99.0,250.0,0.029925184,0.0,0.02394015,0.0,29.925186,0.99750626,160.0,65.0,MTN,C1CCNC1
400.0,1.7179967,99.0,250.0,0.04987531,0.0,0.039900247,0.0,29.925186,0.9975062,160.0,65.0,MTN,C1CCNC1
400.0,0.0,99.0,250.0,0.0,0.0,0.0,0.32000023,0.51,6.0000014,160.0,336.0,MTN,C1CCNC1
400.0,0.0,99.0,250.0,0.0,0.0,0.0,0.32000023,0.51,6.097583,160.0,336.0,MTN,C1CCNC1
400.0,0.0,99.0,250.0,0.0,0.0,0.0,0.32000023,0.51,6.097583,160.0,336.0,MTN,C1CCNC1
400.0,0.0,99.0,250.0,0.0,0.0,0.0,0.32000023,0.51,6.097583,160.0,336.0,MTN,C1CCNC1
400.0,0.0,99.0,250.0,0.0,0.0,0.0,0.32000023,0.51,6.097583,160.0,336.0,MTN,C1CCNC1
400.0,0.0,99.0,250.0,0.0,0.0,0.7499999,0.0,37.5,0.375,175.0,144.0,Dense/Amorphous,CC1C[N+]2(CCCCC2)CC[N+]12CCCCC2
10.500001,1.7179967,99.0,250.0,0.13043495,0.13043493,0.13043481,0.0,69.56521,0.43478262,220.0,20.0,FER,NC1CCCCC1
49.411747,1.7179967,99.0,250.0,0.1400233,0.14002348,0.14002334,0.0,74.67912,0.46674445,220.0,14.0,FER,NC1CCCCC1
26.582281,1.7179967,99.0,250.0,0.13767792,0.13767779,0.1376779,0.0,73.42817,0.4589261,220.0,14.0,FER,NC1CCCCC1
24.165707,1.7179967,99.0,250.0,0.1371805,0.13718049,0.13718046,0.0,73.16296,0.45726827,220.0,14.0,FER,NC1CCCCC1
17.500004,1.7179967,99.0,250.0,0.13513523,0.0,0.10810814,0.0,20.270266,0.24324325,160.0,48.0,FER,NC1CCCCC1
30.30303,1.7179967,99.0,250.0,0.5517911,0.0,0.2652468,0.0,27.105516,0.13262343,140.0,72.0,AEI,C[C@H]1C[C@@H](C)C[N+](C)(C)C1
30.30303,1.7179967,99.0,250.0,0.5517911,0.0,0.12971933,0.0,27.105516,0.06485963,140.0,72.0,AEI,C[C@H]1C[C@@H](C)C[N+](C)(C)C1
14.925373,1.7179967,99.0,250.0,0.47797564,0.0,0.2567948,0.0,26.241795,0.12839742,140.0,144.0,AEI,C[C@H]1C[C@@H](C)C[N+](C)(C)C1
14.925373,1.7179967,99.0,250.0,0.47797564,0.0,0.18931583,0.0,26.241795,0.09465791,140.0,144.0,AEI,C[C@H]1C[C@@H](C)C[N+](C)(C)C1
14.925373,1.7179967,99.0,250.0,0.47797564,0.0,0.1255858,0.0,26.241795,0.06279287,140.0,144.0,AEI,C[C@H]1C[C@@H](C)C[N+](C)(C)C1
30.30303,1.7179967,99.0,250.0,0.5517911,0.0,0.20038724,0.0,27.105516,0.06679575,140.0,72.0,AEI,C[C@H]1C[C@@H](C)C[N+](C)(C)C1
30.30303,1.7179967,99.0,250.0,0.5517911,0.0,0.2652468,0.0,27.105516,0.13262343,140.0,72.0,AEI,C[C@H]1C[C@@H](C)C[N+](C)(C)C1
30.303026,1.7179967,99.0,250.0,0.5517911,0.0,0.09874155,0.0,27.105516,0.03291385,140.0,72.0,AEI,C[C@H]1C[C@@H](C)C[N+](C)(C)C1
15.151515,1.7179967,99.0,250.0,0.47842395,0.0,0.3602251,0.0,26.266417,0.12007503,140.0,144.0,AEI,C[C@H]1C[C@@H](C)C[N+](C)(C)C1
14.925373,1.7179967,99.0,250.0,0.54358006,0.0,0.09559512,0.0,26.241795,0.031865053,140.0,83.99999,AEI,C[C@H]1C[C@@H](C)C[N+](C)(C)C1
14.925373,1.7179967,99.0,250.0,0.54358006,0.0,0.13308342,0.0,26.241795,0.06654168,140.0,72.0,AEI,C[C@H]1C[C@@H](C)C[N+](C)(C)C1
14.925373,1.7179967,99.0,250.0,0.50609165,0.0,0.19400185,0.0,26.241795,0.06466727,140.0,88.79998,AEI,C[C@H]1C[C@@H](C)C[N+](C)(C)C1
14.925373,1.7179967,99.0,250.0,0.50609165,0.0,0.2567948,0.0,26.241795,0.12839742,140.0,88.79998,AEI,C[C@H]1C[C@@H](C)C[N+](C)(C)C1
14.925373,1.7179967,99.0,250.0,0.50609165,0.0,0.09559512,0.0,26.241795,0.031865053,140.0,88.79998,AEI,C[C@H]1C[C@@H](C)C[N+](C)(C)C1
40.0,1.7179967,99.0,250.0,0.0,0.0,0.0,0.0,0.0,0.0,160.0,402.06268,STF,CC1(C)C2CCC[N+](C)(C)C1C2
69.93005,1.7179967,99.0,250.0,0.0,0.0,0.0,0.0,0.0,0.0,170.0,39.856133,STF,CC1(C)C2CCC[N+](C)(C)C1C2
100.0,1.7179967,99.0,250.0,0.0,0.0,0.0,0.0,0.0,0.0,170.0,74.018715,STF,CC1(C)C2CCC[N+](C)(C)C1C2
400.0,0.0,99.0,20.0,0.0,0.0,0.0,0.0,0.0,0.0,160.0,111.37291,STF,CC1(C)C2CCC[N+](C)(C)C1C2
40.0,1.7179967,99.0,250.0,0.0,0.0,0.0,0.0,0.0,0.0,160.0,293.32153,STF,CC1(C)C2CCC[N+](C)(C)C1C2
70.0,1.7179967,99.0,250.0,0.0,0.0,0.0,0.0,0.0,0.0,170.0,617.7125,STF,CC1(C)C2CCC[N+](C)(C)C1C2
100.0,1.7179967,99.0,250.0,0.0,0.0,0.0,0.0,0.0,0.0,170.0,199.35732,STF,CC1(C)C2CCC[N+](C)(C)C1C2
300.0,1.7179967,99.0,250.0,0.0,0.0,0.0,0.0,0.0,0.0,160.0,226.70058,STF,CC1(C)C2CCC[N+](C)(C)C1C2
400.0,0.0,99.0,60.000008,0.0,0.0,0.0,0.0,0.0,0.0,160.0,596.94446,STF,CC1(C)C2CCC[N+](C)(C)C1C2
400.0,1.7179967,99.0,250.0,0.3331482,0.0,0.19988893,0.0,39.977787,0.099944465,160.0,336.0,MTW,C[N+](C)(C)CCCC[N+](C)(C)C
30.0,1.7179967,99.0,250.0,0.3193548,0.0,0.19354838,0.0,38.70968,0.09677419,160.0,336.0,MTW,C[N+](C)(C)CCCC[N+](C)(C)C
30.0,1.7179967,99.0,250.0,0.45483884,0.0,0.19354838,0.0,38.70968,0.09677419,160.0,168.0,MTW,C[N+](C)(C)CCCC[N+](C)(C)C
30.0,1.7179967,99.0,250.0,0.7064516,0.0,0.19354838,0.0,38.70968,0.09677419,160.0,168.0,MTW,C[N+](C)(C)CCCC[N+](C)(C)C
339.99844,1.7179967,99.0,250.0,0.0,0.014662441,0.011730296,0.0,0.0,0.058651026,180.0,96.0,Dense/Amorphous,CCCCCC(N)N
11.000001,1.7179967,99.0,250.0,0.0,0.41666627,0.33333334,0.0,0.0,1.6666664,180.0,96.0,Dense/Amorphous,CCCCCC(N)N
58.000042,1.7179967,99.0,250.0,0.0,0.08474603,0.06779661,0.0,0.0,0.565,180.0,96.0,Dense/Amorphous,CCCCCC(N)N
58.000042,1.7179967,99.0,250.0,0.0,0.08474603,0.06779661,0.0,0.0,0.4237288,180.0,96.0,Dense/Amorphous,CCCCCC(N)N
58.000042,1.7179967,99.0,250.0,0.0,0.08474603,0.06779661,0.0,0.0,0.28248295,180.0,96.0,Dense/Amorphous,CCCCCC(N)N
58.000042,1.7179967,99.0,250.0,0.0,0.08474603,0.06779661,0.0,0.0,0.24211864,180.0,96.0,Dense/Amorphous,CCCCCC(N)N
55.500004,1.7179967,99.0,250.0,0.0,0.08849556,0.07079651,0.0,0.0,0.42477873,180.0,99.999985,Dense/Amorphous,CCCCCC(N)N
55.500004,1.7179967,99.0,250.0,0.0,0.08849556,0.07079651,0.0,0.0,0.2654867,180.0,99.999985,Dense/Amorphous,CCCCCC(N)N
55.500004,1.7179967,99.0,250.0,0.0,0.08849556,0.07079651,0.0,0.0,0.17699115,180.0,99.999985,Dense/Amorphous,CCCCCC(N)N
400.0,0.0,99.0,250.0,0.0,0.0,0.0,0.5,15.0,0.25,175.0,24.0,MTW,C(CC[N+]12CCC(CC1)CC2)C[N+]12CCC(CC1)CC2
400.0,0.0,99.0,250.0,0.0,0.0,0.0,0.5,15.0,0.25,175.0,96.0,MTW,C(CC[N+]12CCC(CC1)CC2)C[N+]12CCC(CC1)CC2
400.0,0.0,99.0,250.0,0.0,0.0,0.0,0.0,7.0,0.0,150.0,334.31415,MTW,C(CC[N+]12CCC(CC1)CC2)C[N+]12CCC(CC1)CC2
400.0,0.0,99.0,250.0,0.0,0.0,0.0,0.0,14.0,0.0,150.0,587.02295,MTW,C(CC[N+]12CCC(CC1)CC2)C[N+]12CCC(CC1)CC2
400.0,0.0,99.0,250.0,0.0,0.0,0.0,0.5,15.0,0.25,175.0,72.0,MTW,C(CC[N+]12CCC(CC1)CC2)C[N+]12CCC(CC1)CC2
400.0,0.0,99.0,250.0,0.0,0.0,0.0,0.5,15.0,0.25,175.0,336.0,MTW,C(CC[N+]12CCC(CC1)CC2)C[N+]12CCC(CC1)CC2
400.0,0.0,99.0,250.0,0.0,0.0,0.0,0.5,15.0,0.25,150.0,192.0,MTW,C(CC[N+]12CCC(CC1)CC2)C[N+]12CCC(CC1)CC2
400.0,0.0,99.0,250.0,0.0,0.0,0.0,0.5,15.0,0.25,150.0,384.0,MTW,C(CC[N+]12CCC(CC1)CC2)C[N+]12CCC(CC1)CC2
400.0,0.0,99.0,250.0,0.0,0.0,0.0,0.5,15.0,0.25,135.0,216.0,MTW,C(CC[N+]12CCC(CC1)CC2)C[N+]12CCC(CC1)CC2
400.0,0.0,99.0,250.0,0.0,0.0,0.0,0.5,15.0,0.25,135.0,408.0,MTW,C(CC[N+]12CCC(CC1)CC2)C[N+]12CCC(CC1)CC2
400.0,1.7179967,99.0,250.0,0.0798005,0.0,0.06384039,0.0,29.925186,0.30922693,160.0,65.0,TON,CC(N)CN
400.0,1.7179967,99.0,250.0,0.04987531,0.0,0.039900247,0.0,29.925186,0.49875307,160.0,65.0,TON,CC(N)CN
400.0,1.7179967,99.0,250.0,0.0798005,0.0,0.0638404,0.0,29.925186,0.49875313,160.0,65.0,TON,CC(N)CN
400.0,1.7179967,99.0,250.0,0.119700745,0.0,0.095760636,0.0,29.925186,0.49875313,160.0,65.0,TON,CC(N)CN
400.0,1.7179967,99.0,250.0,0.04987531,0.0,0.039900247,0.0,29.925186,0.9975062,160.0,65.0,TON,CC(N)CN
400.0,1.7179967,99.0,250.0,0.0798005,0.0,0.0638404,0.0,29.925186,0.99750626,160.0,65.0,TON,CC(N)CN
0.375,1.3333334,99.0,250.0,0.0,0.0,0.0,0.0,18.82353,0.47058824,160.0,864.00037,Dense/Amorphous,OCC[N+](CCO)(CCO)CCO
0.375,1.3333334,99.0,250.0,0.0,0.0,0.0,0.0,18.82353,0.47058824,160.0,864.00037,Dense/Amorphous,OCC[N+](CCO)(CCO)CCO
0.375,1.3333334,99.0,250.0,0.0,0.0,0.0,0.0,18.82353,0.47058824,160.0,864.00037,Dense/Amorphous,OCC[N+](CCO)(CCO)CCO
0.0,1.3333334,0.0,0.0,0.0,0.0,0.0,0.0,18.82353,0.47058824,140.0,864.00037,Dense/Amorphous,OCC[N+](CCO)(CCO)CCO
0.0,1.3333334,0.0,0.0,0.0,0.0,0.0,0.0,18.82353,0.47058824,140.0,864.00037,Dense/Amorphous,OCC[N+](CCO)(CCO)CCO
0.0,1.3333334,0.0,0.0,0.0,0.0,0.0,0.0,18.82353,0.47058824,140.0,864.00037,Dense/Amorphous,OCC[N+](CCO)(CCO)CCO
400.0,0.0,99.0,250.0,0.32857156,0.0,0.57857144,0.0,40.0,0.25,160.0,144.0,DDR,C[N+]1(C)C2CCC1CC(O)C2
50.0,1.7179967,99.0,250.0,0.3221291,0.0,0.24509805,0.0,39.215687,0.24509804,130.0,240.0,DDR,C[N+]1(C)C2CCC1CC(O)C2
140.00026,1.7179967,99.0,250.0,0.3262409,0.0,0.24822697,0.0,39.71631,0.24822696,130.0,240.0,DDR,C[N+]1(C)C2CCC1CC(O)C2
200.0,1.7179967,99.0,250.0,0.3269367,0.0,0.24875621,0.0,39.800995,0.24875621,130.0,240.0,DDR,C[N+]1(C)C2CCC1CC(O)C2
50.0,1.7179967,99.0,250.0,0.3221291,0.0,0.24509805,0.0,39.215687,0.24509804,160.0,120.0,DDR,C[N+]1(C)C2CCC1CC(O)C2
200.0,1.7179967,99.0,250.0,0.0,0.0,0.0,0.0,0.0,0.0,160.0,120.0,DDR,C[N+]1(C)C2CCC1CC(O)C2
79.99998,1.7179967,99.0,250.0,0.32451475,0.0,0.2469136,0.0,39.506172,0.24691358,160.0,168.0,DDR,C[N+]1(C)C2CCC1CC(O)C2
391.06226,1.7179967,99.0,250.0,0.32773343,0.0,0.2493624,0.0,39.897972,0.24936235,160.0,96.0,DDR,C[N+]1(C)C2CCC1CC(O)C2
175.00008,1.7179967,99.0,250.0,0.0,0.0,0.24857956,0.0,43.323864,0.24857955,160.0,72.0,DDR,C[N+]1(C)C2CCC1CC(O)C2
400.0,0.0,99.0,250.0,0.0,0.0,0.0,0.5,14.0,0.5,140.0,55.999996,Dense/Amorphous,CCn1cc[n+](C)c1C(C)C
400.0,0.0,99.0,250.0,0.0,0.0,0.0,0.5,14.0,0.5,175.0,18.999996,Dense/Amorphous,CCn1cc[n+](C)c1C(C)C
0.0,1.0,0.0,0.0,0.0,0.0,0.0,0.0,12.5,0.25,120.0,36.0,AHT,CCCCCNCCCCC
400.0,0.0,99.0,250.0,0.0,0.19999991,0.4,0.0,41.999996,0.2,160.0,287.51453,MRE,C[N+](C)(C)CCCCCCCCCCCC[N+](C)(C)C
400.0,0.0,99.0,250.0,0.1,0.0,0.4,0.0,40.0,0.2,180.0,72.0,MRE,C[N+](C)(C)CCCCCCCCCCCC[N+](C)(C)C
400.0,0.0,99.0,250.0,0.0,0.0,0.3,0.0,30.0,0.3,150.0,144.0,VET,CC1CCOC2(CC[N+](C)(C)CC2)O1
62.5,1.7179967,99.0,250.0,0.0,0.19685036,0.15748031,0.0,41.33858,0.19685039,160.0,204.0,MTT,CC(C)CNCCCCCCCNCC(C)C
400.0,0.0,99.0,62.500008,0.0,0.09842518,0.0,0.0,41.33858,0.39370078,160.0,156.0,MTT,CC(C)CNCCCCCCCNCC(C)C
0.0,1.0,0.0,0.0,0.0,0.0,0.0,0.0,0.0,3.684998,150.0,72.0,Dense/Amorphous,Cn1ccnc1
0.0,1.0,0.0,0.0,0.0,0.0,0.0,0.13500006,0.0,3.684998,150.0,16.0,Dense/Amorphous,Cn1ccnc1
0.3,1.4285669,99.0,250.0,0.0,0.0,0.0,0.0,20.0,0.05,190.0,168.0,Dense/Amorphous,C(CCC[N+]12CCN(CC1)CC2)CC[N+]12CCN(CC1)CC2
2.5,1.7179967,99.0,250.0,0.085714266,0.0,0.06857138,0.0,22.285717,0.7142858,180.0,48.0,Dense/Amorphous,CN(C)CCCN(C)C
5.0,1.7179967,99.0,250.0,0.099999994,0.0,0.08000003,0.0,26.0,0.8333334,160.0,48.0,Dense/Amorphous,CN(C)CCCN(C)C
10.0,1.7179967,99.0,250.0,0.10909089,0.0,0.08727272,0.0,28.36364,0.90909094,160.0,48.0,Dense/Amorphous,CN(C)CCCN(C)C
400.0,0.0,99.0,250.0,0.0,0.0,0.0,0.5,10.0,0.25,150.0,528.0,BEA,CC1C[N+]2(CCCCCCCC[N+]34CCN(CC3)C(C)C4)CCN1CC2
15.666669,1.7179967,99.0,250.0,0.0,0.0,0.0,0.48,4.7,0.06000001,135.0,240.0,Dense/Amorphous,C1C[NH+]2CCC1CC2
15.666669,1.7179967,99.0,250.0,0.0,0.0,0.0,0.48,4.7,0.06000001,135.0,720.0,Dense/Amorphous,C1C[NH+]2CCC1CC2
15.666669,1.7179967,99.0,250.0,0.0,0.0,0.0,0.48,4.7,0.06000001,150.0,480.0,Dense/Amorphous,C1C[NH+]2CCC1CC2
15.666669,1.7179967,99.0,250.0,0.0,0.0,0.0,0.48,4.7,0.06000001,150.0,720.0,Dense/Amorphous,C1C[NH+]2CCC1CC2
400.0,1.7179967,99.0,250.0,0.0798005,0.0,0.0638404,0.0,29.925186,0.49875313,160.0,20.0,Dense/Amorphous,CC(N)CN
400.0,1.7179967,99.0,250.0,0.119700745,0.0,0.095760636,0.0,29.925186,0.49875313,160.0,20.0,Dense/Amorphous,CC(N)CN
400.0,1.7179967,99.0,250.0,0.0798005,0.0,0.0638404,0.0,29.925186,0.99750626,160.0,20.0,Dense/Amorphous,CC(N)CN
400.0,1.7179967,99.0,250.0,0.0798005,0.0,0.06384039,0.0,29.925186,1.9950125,160.0,20.0,Dense/Amorphous,CC(N)CN
0.0,0.6666666,0.0,0.0,0.0,0.0,0.0,0.0,45.4,1.0999994,180.0,114.65555,Dense/Amorphous,CC(N)CN
0.0,0.0,0.0,0.0,0.0,0.0,0.0,0.0,92.49997,0.38333336,180.0,72.0,Dense/Amorphous,CC(N)CN
400.0,0.0,0.9000011,250.0,0.0,0.0,0.0,1.25,50.0,6.097583,175.0,240.0,Dense/Amorphous,CC(N)CN
31.250006,1.7179967,99.0,250.0,0.0,0.09689922,0.5813954,0.0,9.689922,0.5813952,150.0,2.0,ERI,C[N+]1(C)CCCCC1
31.250006,1.7179967,99.0,250.0,0.0,0.09689922,0.5813954,0.0,9.689922,0.5813952,150.0,4.0,ERI,C[N+]1(C)CCCCC1
31.250006,1.7179967,99.0,250.0,0.0,0.09689922,0.5813954,0.0,9.689922,0.5813952,150.0,6.0,ERI,C[N+]1(C)CCCCC1
31.250006,1.7179967,99.0,250.0,0.0,0.09689922,0.5813954,0.0,9.689922,0.5813952,150.0,8.0,ERI,C[N+]1(C)CCCCC1
31.250006,1.7179967,99.0,250.0,0.0,0.09689922,0.5813954,0.0,9.689922,0.5813952,150.0,24.0,ERI,C[N+]1(C)CCCCC1
31.250006,1.7179967,99.0,250.0,0.0,0.09689922,0.67829466,0.0,9.689922,0.6782949,150.0,8.0,ERI,C[N+]1(C)CCCCC1
31.250006,1.7179967,99.0,250.0,0.0,0.19379857,0.48449612,0.0,9.689922,0.48449615,150.0,8.0,ERI,C[N+]1(C)CCCCC1
0.0,1.0,0.0,0.0,0.0,0.0,0.0,0.0,12.5,0.25,190.0,48.0,AWO,CCCNCCC
0.0,0.0,0.0,0.0,0.0,0.0,0.0,0.0,200.0,0.0,160.0,168.0,GIS,NCCN
0.0,0.0,0.0,0.0,0.0,0.0,0.0,0.0,12.757143,0.21428569,160.0,72.0,GIS,NCCN
0.0,0.0,0.0,0.0,0.0,0.0,0.0,0.0,12.757143,0.21428569,160.0,72.0,GIS,NCCN
0.0,0.26041645,0.0,0.0,0.0,0.0,0.0,0.0,0.8842973,6.097583,150.0,89.99999,AEN,CC[n+]1ccn(C)c1C
0.0,0.6666667,0.0,0.0,0.0,0.0,0.0,0.0,18.0,0.3,180.0,10.0,AEN,CC[n+]1ccn(C)c1C
0.0,0.6666667,0.0,0.0,0.0,0.0,0.0,0.0,18.0,0.3,180.0,12.0,AEN,CC[n+]1ccn(C)c1C
0.0,0.6666667,0.0,0.0,0.0,0.0,0.0,0.0,18.0,0.3,180.0,14.0,AEN,CC[n+]1ccn(C)c1C
0.0,0.6666667,0.0,0.0,0.0,0.0,0.0,0.0,18.0,0.3,160.0,14.0,AEN,CC[n+]1ccn(C)c1C
0.0,0.6666667,0.0,0.0,0.0,0.0,0.0,0.0,18.0,0.3,180.0,14.0,AEN,CC[n+]1ccn(C)c1C
0.0,0.6666667,0.0,0.0,0.0,0.0,0.0,0.0,18.0,0.3,180.0,14.0,AEN,CC[n+]1ccn(C)c1C
0.0,0.6666667,0.0,0.0,0.0,0.0,0.0,0.0,18.0,0.4,180.0,14.0,AEN,CC[n+]1ccn(C)c1C
0.0,0.6666666,0.0,0.0,0.0,0.0,0.0,0.0,16.0,0.3,180.0,14.0,AEN,CC[n+]1ccn(C)c1C
0.0,0.6666667,0.0,0.0,0.0,0.0,0.0,0.0,18.0,0.3,180.0,14.0,AEN,CC[n+]1ccn(C)c1C
0.0,0.6666667,0.0,0.0,0.0,0.0,0.0,0.0,22.000002,0.3,180.0,14.0,AEN,CC[n+]1ccn(C)c1C
0.0,0.6666666,0.0,0.0,0.0,0.0,0.0,0.0,30.0,0.3,180.0,14.0,AEN,CC[n+]1ccn(C)c1C
0.0,0.6666667,0.0,0.0,0.0,0.0,0.0,0.0,18.0,0.3,180.0,14.0,AEN,CC[n+]1ccn(C)c1C
0.0,0.5882352,0.0,0.0,0.0,0.0,0.0,0.0,16.666666,0.2777778,180.0,14.0,AEN,CC[n+]1ccn(C)c1C
0.0,0.4761899,0.0,0.0,0.0,0.0,0.0,0.0,14.5161295,0.24193548,180.0,14.0,AEN,CC[n+]1ccn(C)c1C
0.0,0.4761899,0.0,0.0,0.0,0.0,0.0,0.032258023,0.0,1.9354858,150.0,24.0,AEN,CC[n+]1ccn(C)c1C
0.0,0.41666666,0.0,0.0,0.0,0.0,0.0,0.029411174,0.0,1.7647036,150.0,24.0,AEN,CC[n+]1ccn(C)c1C
0.0,0.35714284,0.0,0.0,0.0,0.0,0.0,0.026316054,0.0,1.5789474,150.0,24.0,AEN,CC[n+]1ccn(C)c1C
0.0,0.41666666,0.0,0.0,0.0,0.0,0.0,0.029411174,0.0,1.4705887,150.0,24.0,AEN,CC[n+]1ccn(C)c1C
0.0,0.41666666,0.0,0.0,0.0,0.0,0.0,0.029411174,0.0,1.7647036,150.0,24.0,AEN,CC[n+]1ccn(C)c1C
0.0,0.41666666,0.0,0.0,0.0,0.0,0.0,0.029411174,0.0,2.058826,150.0,24.0,AEN,CC[n+]1ccn(C)c1C
0.0,0.41666666,0.0,0.0,0.0,0.0,0.0,0.029411174,0.0,2.352942,150.0,24.0,AEN,CC[n+]1ccn(C)c1C
0.0,0.41666666,0.0,0.0,0.0,0.0,0.0,0.029411174,0.0,1.7647036,150.0,24.0,AEN,CC[n+]1ccn(C)c1C
0.0,0.41666687,0.0,0.0,0.0,0.0,0.0,0.029411174,0.0,1.7647036,150.0,24.0,AEN,CC[n+]1ccn(C)c1C
0.0,0.41666666,0.0,0.0,0.0,0.0,0.0,0.029411174,0.0,1.7647036,150.0,24.0,AEN,CC[n+]1ccn(C)c1C
0.0,0.41666687,0.0,0.0,0.0,0.0,0.0,0.029411174,0.0,1.7647036,150.0,24.0,AEN,CC[n+]1ccn(C)c1C
0.0,0.41666666,0.0,0.0,0.0,0.0,0.0,0.0,0.0,1.7647036,150.0,24.0,AEN,CC[n+]1ccn(C)c1C
0.0,0.41666687,0.0,0.0,0.0,0.0,0.0,0.014705984,0.0,1.7647036,150.0,24.0,AEN,CC[n+]1ccn(C)c1C
0.0,0.41666666,0.0,0.0,0.0,0.0,0.0,0.029411174,0.0,1.7647036,150.0,24.0,AEN,CC[n+]1ccn(C)c1C
0.0,0.41666666,0.0,0.0,0.0,0.0,0.0,0.044117596,0.8088234,1.7647036,150.0,24.0,AEN,CC[n+]1ccn(C)c1C
0.0,0.6666666,0.0,0.0,0.0,0.0,0.0,0.0,30.0,0.3,180.0,0.08333005,AEN,CC[n+]1ccn(C)c1C
0.0,0.26041645,0.0,0.0,0.0,0.0,0.0,0.0,0.8842973,6.097583,150.0,79.99999,AEN,CC[n+]1ccn(C)c1C
0.0,0.26041645,0.0,0.0,0.0,0.0,0.0,0.0,0.8842973,6.097583,150.0,89.99999,AEN,CC[n+]1ccn(C)c1C
400.0,0.0,99.0,250.0,0.0,0.19999991,0.4,0.0,41.999996,0.2,160.0,429.56332,MRE,C[N+](C)(C)CCCCCCCC[N+](C)(C)C
400.0,1.7179967,99.0,250.0,0.59866893,0.0,0.19955634,0.0,39.911263,0.09977816,160.0,168.0,MRE,C[N+](C)(C)CCCCCCCC[N+](C)(C)C
100.0,1.7179967,99.0,250.0,0.0990099,0.0,0.3960396,0.0,39.603962,0.1980198,160.0,120.0,MRE,C[N+](C)(C)CCCCCCCC[N+](C)(C)C
400.0,0.0,2.0,250.0,0.0,0.0,0.33333334,0.0,25.0,0.33333334,175.0,72.0,STF,CCC1CCCC[N+]12CCCCC2
400.0,0.0,1.5500007,3.444447,0.0,0.0,0.33333334,0.0,25.0,0.33333334,175.0,360.0,STF,CCC1CCCC[N+]12CCCCC2
400.0,0.0,1.9699998,250.0,0.0,0.0,0.33670035,0.0,25.252523,0.33670032,175.0,120.0,STF,CCC1CCCC[N+]12CCCCC2
400.0,0.0,1.9699998,250.0,0.0,0.0,0.33333334,0.0,25.0,0.33333334,175.0,168.0,STF,CCC1CCCC[N+]12CCCCC2
400.0,0.0,1.9399998,250.0,0.0,0.0,0.33333334,0.0,25.0,0.33333334,175.0,552.00037,STF,CCC1CCCC[N+]12CCCCC2
400.0,0.0,1.9399998,250.0,0.0,0.0,0.33333334,0.0,25.0,0.33333334,175.0,504.0,STF,CCC1CCCC[N+]12CCCCC2
65.66662,1.7179967,1.9699998,250.0,0.0,0.0,0.33333334,0.0,25.0,0.33333334,175.0,480.0,STF,CCC1CCCC[N+]12CCCCC2
32.333344,1.7179967,1.9399998,250.0,0.0,0.0,0.33333334,0.0,25.0,0.33333334,175.0,672.0,STF,CCC1CCCC[N+]12CCCCC2
32.333344,1.7179967,1.9399998,250.0,0.0,0.0,0.33333334,0.0,25.0,0.33333334,175.0,624.00024,STF,CCC1CCCC[N+]12CCCCC2
400.0,0.0,1.97,250.0,0.0,0.0,0.33670035,0.0,25.252523,0.33670032,175.0,144.0,STF,CCC1CCCC[N+]12CCCCC2
400.0,0.0,1.7899997,250.0,0.0,0.0,0.35842296,0.0,26.881716,0.35842288,175.0,336.0,STF,CCC1CCCC[N+]12CCCCC2
400.0,0.0,1.8499998,12.333337,0.0,0.0,0.4333333,0.0,25.0,0.5833333,175.0,216.0,STF,CCC1CCCC[N+]12CCCCC2
400.0,0.0,2.0,6.0000005,0.0,0.0,0.15,0.0,5.0,0.22500001,175.0,240.0,IWR,C[N+](C)(C)CCCCCC[N+](C)(C)C
400.0,0.0,4.0,62.500008,0.0,0.0,0.45576617,0.0,4.936809,0.24684043,175.0,336.0,IWR,C[N+](C)(C)CCCCCC[N+](C)(C)C
400.0,0.0,4.0,24.999987,0.0,0.0,0.39147288,0.0,4.844961,0.24224806,175.0,336.0,IWR,C[N+](C)(C)CCCCCC[N+](C)(C)C
400.0,0.0,14.992503,21.333994,0.0,0.0,0.3526749,0.0,4.7895355,0.23947677,175.0,336.0,IWR,C[N+](C)(C)CCCCCC[N+](C)(C)C
400.0,0.0,4.0,25.0,0.0,0.0,0.39147288,0.0,12.887597,0.24224806,175.0,336.0,IWR,C[N+](C)(C)CCCCCC[N+](C)(C)C
400.0,0.0,2.0,250.0,0.0,0.0,0.5,0.0,5.0,0.25,175.0,336.0,IWR,C[N+](C)(C)CCCCCC[N+](C)(C)C
400.0,0.0,2.0,250.0,0.0,0.0,0.49223942,0.0,4.9889135,0.24944568,175.0,336.0,IWR,C[N+](C)(C)CCCCCC[N+](C)(C)C
400.0,0.0,2.0,74.99985,0.0,0.0,0.469163,0.0,4.9559474,0.24779737,175.0,336.0,IWR,C[N+](C)(C)CCCCCC[N+](C)(C)C
400.0,0.0,2.0,30.000065,0.0,0.0,0.42391303,0.0,4.8913045,0.24456522,175.0,336.0,IWR,C[N+](C)(C)CCCCCC[N+](C)(C)C
400.0,0.0,4.0,62.500008,0.0,0.0,0.45576617,0.0,4.936809,0.24684043,175.0,336.0,IWR,C[N+](C)(C)CCCCCC[N+](C)(C)C
400.0,0.0,4.0,24.999987,0.0,0.0,0.39147288,0.0,4.844961,0.24224806,175.0,336.0,IWR,C[N+](C)(C)CCCCCC[N+](C)(C)C
400.0,0.0,14.992503,21.333994,0.0,0.0,0.3526749,0.0,4.7895355,0.23947677,175.0,336.0,IWR,C[N+](C)(C)CCCCCC[N+](C)(C)C
400.0,0.0,2.0,74.99985,0.0,0.0,0.469163,0.0,13.18282,0.24779737,175.0,336.0,IWR,C[N+](C)(C)CCCCCC[N+](C)(C)C
400.0,0.0,2.0,30.000065,0.0,0.0,0.42391303,0.0,13.010869,0.24456522,175.0,336.0,IWR,C[N+](C)(C)CCCCCC[N+](C)(C)C
400.0,0.0,4.0,25.0,0.0,0.0,0.39147288,0.0,12.887597,0.24224806,175.0,336.0,IWR,C[N+](C)(C)CCCCCC[N+](C)(C)C
400.0,0.0,2.0,30.000065,0.0,0.0,0.42391303,0.0,21.228258,0.24456522,175.0,336.0,IWR,C[N+](C)(C)CCCCCC[N+](C)(C)C
400.0,0.0,4.0,24.999987,0.0,0.0,0.39147288,0.0,21.02713,0.24224806,175.0,336.0,IWR,C[N+](C)(C)CCCCCC[N+](C)(C)C
400.0,0.0,2.0,74.99985,0.0,0.0,0.469163,0.0,4.9559474,0.24779737,175.0,336.0,IWR,C[N+](C)(C)CCCCCC[N+](C)(C)C
400.0,0.0,2.0,30.000065,0.0,0.0,0.42391303,0.0,4.8913045,0.24456522,175.0,336.0,IWR,C[N+](C)(C)CCCCCC[N+](C)(C)C
400.0,0.0,4.0,24.999987,0.0,0.0,0.39147288,0.0,4.844961,0.24224806,175.0,336.0,IWR,C[N+](C)(C)CCCCCC[N+](C)(C)C
400.0,0.0,2.0,74.99985,0.0,0.0,0.469163,0.0,13.18282,0.24779737,175.0,336.0,IWR,C[N+](C)(C)CCCCCC[N+](C)(C)C
400.0,0.0,2.0,30.000065,0.0,0.0,0.42391303,0.0,13.010869,0.24456522,175.0,336.0,IWR,C[N+](C)(C)CCCCCC[N+](C)(C)C
400.0,0.0,5.0,16.666668,0.0,0.0,0.0,0.28571427,2.857143,0.23809524,175.0,336.0,IWR,C[N+](C)(C)CCCCCC[N+](C)(C)C
400.0,0.0,5.0,16.666666,0.0,0.0,0.0,0.47619054,2.857143,0.23809524,175.0,336.0,IWR,C[N+](C)(C)CCCCCC[N+](C)(C)C
400.0,0.0,14.925346,18.744139,0.0,0.0,0.0,0.28571427,2.857143,0.23809524,175.0,336.0,IWR,C[N+](C)(C)CCCCCC[N+](C)(C)C
400.0,0.0,14.925346,18.744139,0.0,0.0,0.0,0.47619054,2.857143,0.23809524,175.0,336.0,IWR,C[N+](C)(C)CCCCCC[N+](C)(C)C
16.66667,1.7179967,99.0,250.0,0.0,0.0,0.0,0.0,4.7619047,0.23809524,175.0,336.0,IWR,C[N+](C)(C)CCCCCC[N+](C)(C)C
400.0,0.0,1.9411764,6.6,0.0,0.0,0.0,0.0,4.5454545,0.22727273,175.0,336.0,IWR,C[N+](C)(C)CCCCCC[N+](C)(C)C
400.0,0.0,1.9411764,4.4000006,0.0,0.0,0.0,0.0,4.347826,0.2173913,175.0,336.0,IWR,C[N+](C)(C)CCCCCC[N+](C)(C)C
400.0,0.0,4.0,7.9999914,0.0,0.0,0.0,0.0,4.5454545,0.22727273,175.0,336.0,IWR,C[N+](C)(C)CCCCCC[N+](C)(C)C
400.0,0.0,5.9930096,8.570002,0.0,0.0,0.0,0.0,4.5454545,0.22727273,175.0,336.0,IWR,C[N+](C)(C)CCCCCC[N+](C)(C)C
400.0,0.0,10.111178,9.1,0.0,0.0,0.0,0.0,4.5454545,0.22727273,175.0,336.0,IWR,C[N+](C)(C)CCCCCC[N+](C)(C)C
400.0,0.0,5.0,20.833332,0.0,0.0,0.47619042,0.0,4.7619047,0.23809524,175.0,720.0,IWR,C[N+](C)(C)CCCCCC[N+](C)(C)C
16.666666,1.7179967,5.0,250.0,0.0,0.0,0.47619042,0.0,4.7619047,0.23809524,175.0,360.0,IWR,C[N+](C)(C)CCCCCC[N+](C)(C)C
400.0,0.0,4.9988003,16.666002,0.0,0.0,0.0,0.47619048,2.857143,0.23809524,175.0,336.0,IWR,C[N+](C)(C)CCCCCC[N+](C)(C)C
400.0,0.0,15.0,18.75,0.0,0.0,0.0,0.47619048,2.857143,0.23809524,175.0,336.0,IWR,C[N+](C)(C)CCCCCC[N+](C)(C)C
400.0,0.0,24.974026,19.230005,0.0,0.0,0.0,0.47619048,2.857143,0.23809524,175.0,336.0,IWR,C[N+](C)(C)CCCCCC[N+](C)(C)C
400.0,0.0,50.020428,19.608006,0.0,0.0,0.0,0.47619054,2.857143,0.23809524,175.0,336.0,IWR,C[N+](C)(C)CCCCCC[N+](C)(C)C
400.0,0.0,99.0,19.999998,0.0,0.0,0.0,0.47619054,2.857143,0.23809524,175.0,336.0,IWR,C[N+](C)(C)CCCCCC[N+](C)(C)C
400.0,0.0,1.9819819,8.250008,0.0,0.0,0.0,0.4659832,2.7958996,0.23299162,175.0,336.0,IWR,C[N+](C)(C)CCCCCC[N+](C)(C)C
400.0,0.0,4.9988003,10.416257,0.0,0.0,0.0,0.46296284,2.7777777,0.23148148,175.0,336.0,IWR,C[N+](C)(C)CCCCCC[N+](C)(C)C
400.0,0.0,15.0,11.718757,0.0,0.0,0.0,0.46296284,2.7777777,0.23148148,175.0,336.0,IWR,C[N+](C)(C)CCCCCC[N+](C)(C)C
400.0,0.0,24.974026,12.018744,0.0,0.0,0.0,0.46296284,2.7777777,0.23148148,175.0,336.0,IWR,C[N+](C)(C)CCCCCC[N+](C)(C)C
400.0,0.0,50.020428,12.255,0.0,0.0,0.0,0.46296284,2.7777777,0.23148148,175.0,336.0,IWR,C[N+](C)(C)CCCCCC[N+](C)(C)C
400.0,0.0,99.0,12.500002,0.0,0.0,0.0,0.46296284,2.7777777,0.23148148,175.0,336.0,IWR,C[N+](C)(C)CCCCCC[N+](C)(C)C
400.0,0.0,1.9819819,6.6,0.0,0.0,0.0,0.45745656,2.744739,0.22872825,175.0,336.0,IWR,C[N+](C)(C)CCCCCC[N+](C)(C)C
400.0,0.0,4.9988003,8.33301,0.0,0.0,0.0,0.45454547,2.7272727,0.22727273,175.0,336.0,IWR,C[N+](C)(C)CCCCCC[N+](C)(C)C
400.0,0.0,15.0,9.374998,0.0,0.0,0.0,0.45454547,2.7272727,0.22727273,175.0,336.0,IWR,C[N+](C)(C)CCCCCC[N+](C)(C)C
400.0,0.0,24.974026,9.614999,0.0,0.0,0.0,0.45454547,2.7272727,0.22727273,175.0,336.0,IWR,C[N+](C)(C)CCCCCC[N+](C)(C)C
400.0,0.0,50.020428,9.804002,0.0,0.0,0.0,0.45454547,2.7272727,0.22727273,175.0,336.0,IWR,C[N+](C)(C)CCCCCC[N+](C)(C)C
400.0,0.0,99.0,10.0,0.0,0.0,0.0,0.45454547,2.7272727,0.22727273,175.0,336.0,IWR,C[N+](C)(C)CCCCCC[N+](C)(C)C
400.0,0.0,1.9819819,4.4000006,0.0,0.0,0.0,0.43744507,2.624672,0.2187227,175.0,336.0,IWR,C[N+](C)(C)CCCCCC[N+](C)(C)C
400.0,0.0,4.9988003,5.55533,0.0,0.0,0.0,0.4347823,2.6086955,0.2173913,175.0,336.0,IWR,C[N+](C)(C)CCCCCC[N+](C)(C)C
400.0,0.0,15.0,6.249999,0.0,0.0,0.0,0.4347823,2.6086955,0.2173913,175.0,336.0,IWR,C[N+](C)(C)CCCCCC[N+](C)(C)C
400.0,0.0,2.0,250.0,0.0,0.0,0.0,0.16666676,7.666666,0.5,170.0,336.0,IWR,C[N+](C)(C)CCCCCC[N+](C)(C)C
20.0,1.7179967,10.0,250.0,0.0,0.0,0.47826087,0.0,4.347826,0.23913044,175.0,408.0,IWR,C[N+](C)(C)CCCCCC[N+](C)(C)C
30.03003,1.7179967,5.0,250.0,0.0,0.0,0.48649958,0.0,4.054163,0.24324982,175.0,240.0,IWR,C[N+](C)(C)CCCCCC[N+](C)(C)C
20.0,1.7179967,5.0,250.0,0.0,0.0,0.47999996,0.0,4.0,0.24,175.0,240.0,IWR,C[N+](C)(C)CCCCCC[N+](C)(C)C
400.0,0.0,5.0,16.666666,0.0,0.0,0.0,0.28571427,2.857143,0.23809524,175.0,120.0,IWR,C[N+](C)(C)CCCCCC[N+](C)(C)C
400.0,0.0,5.0,16.666666,0.0,0.0,0.0,0.47619054,2.857143,0.23809524,175.0,120.0,IWR,C[N+](C)(C)CCCCCC[N+](C)(C)C
400.0,0.0,15.0,18.75,0.0,0.0,0.0,0.28571427,2.857143,0.23809524,175.0,120.0,IWR,C[N+](C)(C)CCCCCC[N+](C)(C)C
400.0,0.0,15.0,18.75,0.0,0.0,0.0,0.47619048,2.857143,0.23809524,175.0,120.0,IWR,C[N+](C)(C)CCCCCC[N+](C)(C)C
400.0,0.0,8.000006,250.0,0.0,0.0,0.0,0.4444444,4.4444447,0.44444445,160.0,336.0,LTA,Cc1ccc(C[n+]2ccn(C)c2C)cc1
400.0,0.0,15.99999,250.0,0.0,0.0,0.0,0.47058833,4.7058825,0.47058824,160.0,336.0,LTA,Cc1ccc(C[n+]2ccn(C)c2C)cc1
400.0,0.0,15.99999,250.0,0.0,0.0,0.0,0.47058833,4.7058825,0.47058824,140.0,336.0,LTA,Cc1ccc(C[n+]2ccn(C)c2C)cc1
400.0,0.0,99.0,250.0,0.0,0.0,0.0,0.5,5.0,0.45000002,125.0,168.0,LTA,Cc1ccc(C[n+]2ccn(C)c2C)cc1
400.0,0.0,99.0,250.0,0.0,0.0,0.0,0.5,5.0,0.45000002,125.0,168.0,LTA,Cc1ccc(C[n+]2ccn(C)c2C)cc1
400.0,0.0,99.0,250.0,0.0,0.0,0.0,0.5,5.0,0.5,160.0,336.0,LTA,Cc1ccc(C[n+]2ccn(C)c2C)cc1
0.04999994,1.7179967,99.0,250.0,0.0,0.0,0.0,0.023809196,0.23809502,0.021428566,125.0,216.0,LTA,Cc1ccc(C[n+]2ccn(C)c2C)cc1
0.02000023,1.7179967,99.0,250.0,0.0,0.0,0.0,0.009804254,0.098039486,0.008823528,125.0,168.0,LTA,Cc1ccc(C[n+]2ccn(C)c2C)cc1
0.0133332135,1.7179967,99.0,250.0,0.0,0.0,0.0,0.006579007,0.06578963,0.0059210677,125.0,168.0,LTA,Cc1ccc(C[n+]2ccn(C)c2C)cc1
0.010000191,1.7179967,99.0,250.0,0.0,0.0,0.0,0.004950498,0.049505025,0.0044554607,125.0,168.0,LTA,Cc1ccc(C[n+]2ccn(C)c2C)cc1
400.0,0.0,99.0,250.0,0.0,0.0,0.0,0.49504954,4.950495,0.0,125.0,170.04466,LTA,Cc1ccc(C[n+]2ccn(C)c2C)cc1
400.0,0.0,15.99999,250.0,0.0,0.0,0.0,0.47058833,4.7058825,0.47058824,160.0,270.50238,LTA,Cc1ccc(C[n+]2ccn(C)c2C)cc1
400.0,0.0,15.99999,250.0,0.0,0.0,0.0,0.47058833,4.7058825,0.47058824,160.0,175.90158,LTA,Cc1ccc(C[n+]2ccn(C)c2C)cc1
400.0,0.0,99.0,250.0,0.0,0.0,0.0,0.5,4.0,0.25,175.0,48.0,BEA,C(CCCC[N+]12CCC(CC1)CC2)CCC[N+]12CCC(CC1)CC2
400.0,0.0,99.0,250.0,0.0,0.0,0.0,0.5,4.0,0.25,175.0,192.0,BEA,C(CCCC[N+]12CCC(CC1)CC2)CCC[N+]12CCC(CC1)CC2
400.0,0.0,99.0,250.0,0.0,0.0,0.0,0.5,7.5,0.25,175.0,96.0,BEA,C(CCCC[N+]12CCC(CC1)CC2)CCC[N+]12CCC(CC1)CC2
400.0,0.0,99.0,250.0,0.0,0.0,0.0,0.5,7.5,0.25,175.0,288.0,BEA,C(CCCC[N+]12CCC(CC1)CC2)CCC[N+]12CCC(CC1)CC2
400.0,0.0,99.0,250.0,0.0,0.0,0.0,0.5,10.0,0.25,175.0,72.0,BEA,C(CCCC[N+]12CCC(CC1)CC2)CCC[N+]12CCC(CC1)CC2
400.0,0.0,99.0,250.0,0.0,0.0,0.0,0.5,10.0,0.25,175.0,672.0,BEA,C(CCCC[N+]12CCC(CC1)CC2)CCC[N+]12CCC(CC1)CC2
400.0,0.0,99.0,250.0,0.0,0.0,0.0,0.5,12.5,0.25,175.0,72.0,BEA,C(CCCC[N+]12CCC(CC1)CC2)CCC[N+]12CCC(CC1)CC2
400.0,0.0,99.0,250.0,0.0,0.0,0.0,0.5,12.5,0.25,175.0,672.0,BEA,C(CCCC[N+]12CCC(CC1)CC2)CCC[N+]12CCC(CC1)CC2
400.0,0.0,99.0,250.0,0.0,0.0,0.0,0.5,4.0,0.25,150.0,48.0,BEA,C(CCCC[N+]12CCC(CC1)CC2)CCC[N+]12CCC(CC1)CC2
400.0,0.0,99.0,250.0,0.0,0.0,0.0,0.5,4.0,0.25,150.0,192.0,BEA,C(CCCC[N+]12CCC(CC1)CC2)CCC[N+]12CCC(CC1)CC2
400.0,0.0,99.0,250.0,0.0,0.0,0.0,0.5,7.5,0.25,150.0,96.0,BEA,C(CCCC[N+]12CCC(CC1)CC2)CCC[N+]12CCC(CC1)CC2
400.0,0.0,99.0,250.0,0.0,0.0,0.0,0.5,7.5,0.25,150.0,288.0,BEA,C(CCCC[N+]12CCC(CC1)CC2)CCC[N+]12CCC(CC1)CC2
400.0,0.0,99.0,250.0,0.0,0.0,0.0,0.5,4.0,0.25,135.0,72.0,BEA,C(CCCC[N+]12CCC(CC1)CC2)CCC[N+]12CCC(CC1)CC2
400.0,0.0,99.0,250.0,0.0,0.0,0.0,0.5,4.0,0.25,135.0,216.0,BEA,C(CCCC[N+]12CCC(CC1)CC2)CCC[N+]12CCC(CC1)CC2
400.0,0.0,99.0,250.0,0.0,0.0,0.0,0.5,7.5,0.25,135.0,96.0,BEA,C(CCCC[N+]12CCC(CC1)CC2)CCC[N+]12CCC(CC1)CC2
400.0,0.0,99.0,250.0,0.0,0.0,0.0,0.5,7.5,0.25,135.0,288.0,BEA,C(CCCC[N+]12CCC(CC1)CC2)CCC[N+]12CCC(CC1)CC2
400.0,0.0,99.0,250.0,0.0,0.0,0.0,0.5,15.0,0.25,135.0,480.0,BEA,C(CCCC[N+]12CCC(CC1)CC2)CCC[N+]12CCC(CC1)CC2
400.0,0.0,99.0,250.0,0.0,0.0,0.0,0.5,12.5,0.25,175.0,72.0,BEA,C(CCCC[N+]12CCC(CC1)CC2)CCC[N+]12CCC(CC1)CC2
400.0,0.0,99.0,250.0,0.0,0.0,0.0,0.5,12.5,0.25,175.0,336.0,BEA,C(CCCC[N+]12CCC(CC1)CC2)CCC[N+]12CCC(CC1)CC2
400.0,0.0,99.0,250.0,0.0,0.0,0.0,0.5,12.5,0.25,175.0,672.0,BEA,C(CCCC[N+]12CCC(CC1)CC2)CCC[N+]12CCC(CC1)CC2
20.0,1.7179967,99.0,250.0,0.4,0.0,0.22857146,0.0,66.476204,0.114285715,150.0,120.0,BEA,CN(C)CCCCCC[N+](C)(C)Cc1ccc(C[N+](C)(C)CCCCCCN(C)C)cc1
400.0,0.0,2.0,250.0,0.0,0.0,0.0,1.25,54.45,6.097583,175.0,240.0,MFI,CN(C)CCCCCCN(C)C
33.333332,1.7179967,99.0,250.0,0.0,0.19417475,0.1553398,0.0,40.7767,0.19417475,160.0,372.0,MFI,CN(C)CCCCCCN(C)C
62.5,1.7179967,99.0,250.0,0.0,0.19685036,0.15748031,0.0,41.33858,0.19685039,160.0,204.0,MFI,CN(C)CCCCCCN(C)C
30.0,1.7179967,99.0,250.0,1.0935487,0.0,1.2870967,0.0,38.70968,0.09677419,160.0,168.0,ANA,CC[N+](CC)(CC)CCCCCCCCCC[N+](CC)(CC)CC
30.0,1.7179967,99.0,250.0,1.0935487,0.0,0.19354838,0.0,38.70968,0.09677419,160.0,168.0,ANA,C[N+](C)(C)CCCCCCCCCC[N+](C)(C)C
0.0,0.0,0.0,0.0,0.0,0.0,0.0,0.0,200.0,0.0,123.094795,635.2571,MTW,CC[N+]1(C2CCCCC2)CCCC1
45.045044,1.7179967,99.0,250.0,0.5869693,0.0,0.0,0.0,39.131287,0.29348466,100.0,3600.0066,MEL,NCCCCCCCN
45.045044,1.7179967,99.0,250.0,0.5869693,0.0,0.0,0.0,39.131287,0.29348466,160.0,240.0,MEL,NCCCCCCCN
0.0,0.0,0.0,0.0,0.0,0.0,0.0,0.0,200.0,0.0,0.0,0.0,ITW,CC1=CN(C)CN1C
400.0,0.0,1.0,250.0,0.0,0.0,0.0,0.0,1.5,0.5,150.0,360.0,Dense/Amorphous,Cc1ccc(Cn2cc[n+](C)c2)cc1
400.0,0.0,1.0,250.0,0.0,0.0,0.0,0.0,2.5,0.5,150.0,360.0,Dense/Amorphous,Cc1ccc(Cn2cc[n+](C)c2)cc1
400.0,0.0,2.0,250.0,0.0,0.0,0.0,0.0,2.0,0.6666667,150.0,360.0,Dense/Amorphous,Cc1ccc(Cn2cc[n+](C)c2)cc1
400.0,0.0,5.0,250.0,0.0,0.0,0.0,0.0,8.333333,0.8333334,150.0,360.0,Dense/Amorphous,Cc1ccc(Cn2cc[n+](C)c2)cc1
400.0,0.0,5.0,250.0,0.0,0.0,0.0,0.0,8.333333,0.41666666,150.0,360.0,Dense/Amorphous,Cc1ccc(Cn2cc[n+](C)c2)cc1
33.333332,1.7179967,99.0,250.0,0.0,0.19417475,0.1553398,0.0,40.7767,0.19417475,160.0,372.0,MFI,CC(C)NCCCCCNC(C)C
0.0,0.8,0.0,0.0,0.0,0.0,0.0,0.0,200.0,0.2777778,190.0,48.0,SAV,CN1CCN(C)CCN(C)CCN(C)CCN(C)CCN(C)CC1
0.0,0.8,0.0,0.0,0.0,0.0,0.0,0.0,200.0,0.16666667,190.0,48.0,SAV,CN1CCN(C)CCN(C)CCN(C)CCN(C)CCN(C)CC1
0.17999995,1.0,99.0,250.0,0.0,0.0,0.0,0.0,18.348625,0.4587156,150.0,120.0,AFR,CCC[N+](CCC)(CCC)CCC
0.17999995,1.0,99.0,250.0,0.0,0.0,0.0,0.0,18.348625,0.4587156,150.0,120.0,AFR,CCC[N+](CCC)(CCC)CCC
0.15,1.0,99.0,250.0,0.0,0.0,0.0,0.0,15.503876,0.38759694,150.0,120.0,AFR,CCC[N+](CCC)(CCC)CCC
0.15,1.0,99.0,250.0,0.0,0.0,0.0,0.0,15.503876,0.38759694,150.0,120.0,AFR,CCC[N+](CCC)(CCC)CCC
0.05,0.90909094,99.0,250.0,0.0,0.0,0.0,0.0,27.906975,0.5813952,200.0,24.0,AFR,CCC[N+](CCC)(CCC)CCC
0.0,1.0,0.0,0.0,0.0,0.0,0.0,0.0,25.0,0.625,150.0,120.0,AFR,CCC[N+](CCC)(CCC)CCC
0.0,1.0,0.0,0.0,0.0,0.0,0.0,0.0,25.0,0.6250001,150.0,120.0,AFR,CCC[N+](CCC)(CCC)CCC
0.0,1.0,0.0,0.0,0.0,0.0,0.0,0.0,25.0,0.6250001,150.0,120.0,AFR,CCC[N+](CCC)(CCC)CCC
0.0,1.0,0.0,0.0,0.0,0.0,0.0,0.0,25.0,0.625,150.0,120.0,AFR,CCC[N+](CCC)(CCC)CCC
0.0,1.0,0.0,0.0,0.0,0.0,0.0,0.0,25.0,0.625,150.0,120.0,AFR,CCC[N+](CCC)(CCC)CCC
0.0,1.0,0.0,0.0,0.0,0.0,0.0,0.0,25.0,0.6250001,150.0,139.99995,AFR,CCC[N+](CCC)(CCC)CCC
0.0,1.0,0.0,0.0,0.0,0.0,0.0,0.0,20.0,0.5,150.0,139.99995,AFR,CCC[N+](CCC)(CCC)CCC
0.0,1.0,0.0,0.0,0.0,0.0,0.0,0.0,20.0,0.5,150.0,139.99995,AFR,CCC[N+](CCC)(CCC)CCC
0.0,0.0,0.0,0.0,0.0,0.0,0.0,0.0,200.0,0.0,163.4379,715.77545,AFR,CCC[N+](CCC)(CCC)CCC
400.0,0.0,99.0,15.151518,0.09380863,0.0,0.28142592,0.0,38.46154,0.18761726,160.0,192.0,SFN,C[N+]1(CC2(c3ccccc3)CCCC2)CCCCCCC1
0.0,0.0,0.0,0.0,0.0,0.0,0.0,0.0,200.0,0.0,191.60646,507.08344,MTW,C[N+]1(C2CCCCC2)CCCC1
400.0,0.0,99.0,250.0,0.0,0.0,0.0,0.5,7.25,0.5,135.0,15.0,MTW,C[N+]1(C2CCCCC2)CCCC1
400.0,0.0,99.0,250.0,0.0,0.0,0.0,0.5,7.25,0.5,175.0,96.0,MTW,C[N+]1(C2CCCCC2)CCCC1
30.30303,1.7179967,99.0,250.0,0.09680543,0.0,0.19361085,0.0,38.722168,0.09680542,175.0,139.99995,ITE,C1CC[N+]23CCCCC2(C1)CCCC3
45.454563,1.7179967,99.0,250.0,0.09784736,0.0,0.19569474,0.0,25.440317,0.09784736,175.0,146.0001,ITE,C1CC[N+]23CCCCC2(C1)CCCC3
30.303026,1.7179967,99.0,250.0,0.09680543,0.0,0.19361085,0.0,25.169413,0.09680542,175.0,139.99995,ITE,C1CC[N+]23CCCCC2(C1)CCCC3
20.0,1.7179967,99.0,250.0,0.09523809,0.0,0.19047618,0.0,24.761906,0.0952381,175.0,209.99986,ITE,C1CC[N+]23CCCCC2(C1)CCCC3
15.151515,1.7179967,99.0,250.0,0.09380863,0.0,0.18761727,0.0,24.390244,0.09380863,175.0,209.99986,ITE,C1CC[N+]23CCCCC2(C1)CCCC3
20.0,1.7179967,99.0,250.0,0.09523809,0.0,0.19047618,0.0,24.761906,0.0952381,177.96204,209.99986,ITE,C1CC[N+]23CCCCC2(C1)CCCC3
30.303026,1.7179967,99.0,250.0,0.09680543,0.0,0.19361085,0.0,25.169413,0.09680542,76.49049,209.99986,ITE,C1CC[N+]23CCCCC2(C1)CCCC3
45.454563,1.7179967,99.0,250.0,0.09784736,0.0,0.19569474,0.0,25.440317,0.09784736,147.736,209.99986,ITE,C1CC[N+]23CCCCC2(C1)CCCC3
400.0,0.0,99.0,250.0,0.0,0.19999991,0.6,0.0,41.999996,0.2,160.0,21.293901,Dense/Amorphous,C[N+](C)(C)CCC[N+](C)(C)CCC[N+](C)(C)C
400.0,0.0,99.0,250.0,0.0,0.0,0.0,0.25,3.5,0.25,150.0,396.34396,MTW,CCC(CC)n1cc[n+](C(CC)CC)c1
400.0,0.0,99.0,250.0,0.0,0.0,0.0,0.25,7.5,0.25,150.0,262.60245,MTW,CCC(CC)n1cc[n+](C(CC)CC)c1
400.0,0.0,99.0,250.0,0.0,0.0,0.0,0.25,14.5,0.25,150.0,96.528145,MTW,CCC(CC)n1cc[n+](C(CC)CC)c1
400.0,0.0,99.0,72.00003,0.0,0.0,0.0,0.0,0.0,0.0,150.0,784.7601,MTW,CCC(CC)n1cc[n+](C(CC)CC)c1
400.0,0.0,99.0,100.0,0.0,0.0,0.2178217,0.0,22.772276,0.24752475,150.0,594.19116,MTW,CCC(CC)n1cc[n+](C(CC)CC)c1
400.0,0.0,99.0,199.99924,0.0,0.0,0.23383087,0.0,22.885572,0.24875621,150.0,567.4075,MTW,CCC(CC)n1cc[n+](C(CC)CC)c1
400.0,0.0,99.0,250.0,0.0,0.0,0.25,0.0,23.000002,0.25,150.0,570.42535,MTW,CCC(CC)n1cc[n+](C(CC)CC)c1
71.428566,1.7179967,99.0,250.0,0.09861933,0.0,0.295858,0.0,29.5858,0.19723865,150.0,161.13599,MTW,CCC(CC)n1cc[n+](C(CC)CC)c1
71.428566,1.7179967,99.0,250.0,0.09861933,0.0,0.295858,0.0,29.5858,0.19723865,150.0,291.9317,MTW,CCC(CC)n1cc[n+](C(CC)CC)c1
200.0,1.7179967,99.0,250.0,0.09950248,0.0,0.29850745,0.0,29.850746,0.19900498,150.0,123.32553,MTW,CCC(CC)n1cc[n+](C(CC)CC)c1
400.0,0.0,4.0,79.200096,0.0,0.0,0.0,1.25,54.45,6.097583,175.0,240.0,Dense/Amorphous,CN(C)CCCCCCN(C)C
79.20005,1.7179967,4.0,250.0,0.0,0.0,0.0,1.25,54.45,6.097583,175.0,240.0,Dense/Amorphous,CN(C)CCCCCCN(C)C
400.0,0.0,4.0,250.0,0.0,0.0,0.0,1.25,54.45,6.097583,175.0,240.0,Dense/Amorphous,CN(C)CCCCCCN(C)C
400.0,0.0,1.0,250.0,0.0,0.0,0.0,1.25,26.250002,6.097583,170.0,168.0,Dense/Amorphous,CN(C)CCCCCCN(C)C
400.0,0.0,0.80000114,250.0,0.0,0.0,0.0,1.25,37.5,6.097583,170.0,168.0,Dense/Amorphous,CN(C)CCCCCCN(C)C
400.0,0.0,0.80000114,250.0,0.0,0.0,0.0,1.25,20.833336,6.097583,170.0,168.0,Dense/Amorphous,CN(C)CCCCCCN(C)C
400.0,0.0,99.0,250.0,0.0,0.0,0.0,1.25,112.49999,6.097583,170.0,168.0,Dense/Amorphous,CN(C)CCCCCCN(C)C
400.0,0.0,2.0,250.0,0.0,0.0,0.0,1.25,44.444447,6.097583,175.0,144.0,Dense/Amorphous,CN(C)CCCCCCN(C)C
400.0,0.0,1.0,250.0,0.0,0.0,0.0,1.25,55.0,6.097583,180.0,168.0,Dense/Amorphous,CN(C)CCCCCCN(C)C
400.0,0.0,1.0,250.0,0.0,0.0,0.0,1.25,44.0,6.097583,180.0,168.0,Dense/Amorphous,CN(C)CCCCCCN(C)C
400.0,0.0,1.0,250.0,0.0,0.0,0.0,0.0,44.0,6.097583,180.0,168.0,Dense/Amorphous,CN(C)CCCCCCN(C)C
400.0,0.0,2.030303,250.0,0.0,0.0,0.0,1.25,55.0,6.097583,180.0,168.0,Dense/Amorphous,CN(C)CCCCCCN(C)C
400.0,0.0,3.0000014,250.0,0.0,0.0,0.0,1.25,55.0,6.097583,180.0,168.0,Dense/Amorphous,CN(C)CCCCCCN(C)C
400.0,0.0,4.0,250.0,0.0,0.0,0.0,1.25,77.000015,6.097583,180.0,168.0,Dense/Amorphous,CN(C)CCCCCCN(C)C
400.0,0.0,4.0,250.0,0.0,0.0,0.0,1.25,55.0,6.097583,180.0,168.0,Dense/Amorphous,CN(C)CCCCCCN(C)C
400.0,0.0,0.7241373,250.0,0.0,0.0,0.0,1.25,55.0,6.097583,180.0,168.0,Dense/Amorphous,CN(C)CCCCCCN(C)C
400.0,0.0,0.4925387,250.0,0.0,0.0,0.0,1.25,55.0,6.097583,180.0,168.0,Dense/Amorphous,CN(C)CCCCCCN(C)C
400.0,0.0,0.24999899,250.0,0.0,0.0,0.0,1.25,33.0,6.097583,180.0,168.0,Dense/Amorphous,CN(C)CCCCCCN(C)C
400.0,0.0,0.24999899,250.0,0.0,0.0,0.0,1.25,33.0,6.097583,180.0,168.0,Dense/Amorphous,CN(C)CCCCCCN(C)C
400.0,0.0,1.0,250.0,0.0,0.0,0.0,1.25,55.0,2.7500072,180.0,168.0,Dense/Amorphous,CN(C)CCCCCCN(C)C
400.0,0.0,1.0,250.0,0.0,0.0,0.0,1.25,55.0,6.097583,180.0,168.0,Dense/Amorphous,CN(C)CCCCCCN(C)C
0.0,0.8928571,0.0,0.0,0.0,0.0,0.0,0.35377297,0.0,3.4764154,160.0,24.0,LTA,CCCC[n+]1ccccc1
0.7249992,1.0,99.0,250.0,0.0,0.0,0.0,0.0,16.51376,0.21284406,200.0,96.0,AFI,C1CCCNCC1
0.0,1.0,0.0,0.0,0.0,0.0,0.0,0.0,11.25,0.29,200.0,96.0,AFI,C1CCCNCC1
0.3409091,1.0731721,99.0,250.0,0.0,0.0,0.0,0.0,55.0,1.5,200.0,24.0,AFI,C1CCCNCC1
0.15,1.0,99.0,250.0,0.0,0.0,0.0,0.0,12.790698,0.23255815,200.0,24.0,AFI,C1CCCNCC1
0.0,0.5555556,0.0,0.0,0.0,0.0,0.0,0.0,0.0,0.87499994,200.0,360.0,AFI,C1CCCNCC1
0.0,1.0,0.0,0.0,0.0,0.0,0.0,0.0,11.25,0.29,200.0,24.0,AFI,C1CCCNCC1
0.15,1.0,99.0,250.0,0.0,0.0,0.0,0.0,10.4651165,0.26976743,200.0,24.0,AFI,C1CCCNCC1
100.0,1.7179967,99.0,250.0,0.5503961,0.0,0.030990075,0.0,20.925743,0.030990109,145.0,43.0,Dense/Amorphous,CCCC[N+](CC)(CC)CC
100.0,1.7179967,99.0,250.0,0.5503961,0.0,0.030990075,0.0,20.925743,0.030990109,145.0,43.0,Dense/Amorphous,CCCC[N+](CC)(CC)CC
100.0,1.7179967,99.0,250.0,0.5503961,0.0,0.030990075,0.0,20.925743,0.030990109,145.0,44.999996,Dense/Amorphous,CCCC[N+](CC)(CC)CC
100.0,1.7179967,99.0,250.0,0.5503961,0.0,0.030990075,0.0,20.925743,0.030990109,145.0,44.999996,Dense/Amorphous,CCCC[N+](CC)(CC)CC
100.0,1.7179967,99.0,250.0,0.5503961,0.0,0.030990075,0.0,20.925743,0.030990109,145.0,44.999996,Dense/Amorphous,CCCC[N+](CC)(CC)CC
100.0,1.7179967,99.0,250.0,0.5503961,0.0,0.030990075,0.0,20.925743,0.030990109,145.0,43.0,Dense/Amorphous,CCCC[N+](CC)(CC)CC
100.0,1.7179967,99.0,250.0,0.5503961,0.0,0.030990075,0.0,20.925743,0.030990109,145.0,43.0,Dense/Amorphous,CCCC[N+](CC)(CC)CC
100.0,1.7179967,99.0,250.0,0.5503961,0.0,0.030990075,0.0,20.925743,0.030990109,170.0,24.0,Dense/Amorphous,CCCC[N+](CC)(CC)CC
400.0,0.0,99.0,250.0,0.0,0.0,0.5,0.0,20.0,0.5,150.0,360.0,Dense/Amorphous,CC(C)[N+](C)(C)C
0.59999996,0.41666666,99.0,250.0,0.0,0.0,0.0,0.0,24.700003,0.90000004,150.0,180.0,BPH,CC[N+](C)(C)C
1.9999998,1.7179967,99.0,250.0,0.0,0.0,0.9333337,0.0,26.666666,0.9333333,150.0,240.0,BPH,CC[N+](C)(C)C
3.600004,1.7179967,99.0,250.0,0.0,0.0,0.0,0.0,0.0,0.0,150.0,4.8504934,EON,C[N+](C)(CCO)CCO
400.0,1.7179967,99.0,250.0,0.0798005,0.0,0.0638404,0.0,29.925186,0.99750626,160.0,65.0,MFI,C1CCNC1
400.0,1.7179967,99.0,250.0,0.119700745,0.0,0.095760636,0.0,29.925186,0.9975062,160.0,65.0,MFI,C1CCNC1
400.0,1.7179967,99.0,250.0,0.0798005,0.0,0.06384039,0.0,29.925186,1.9950125,160.0,65.0,MFI,C1CCNC1
400.0,1.7179967,99.0,250.0,0.119700745,0.0,0.095760636,0.0,29.925186,1.9950125,160.0,65.0,MFI,C1CCNC1
50.0,1.7179967,99.0,250.0,0.08137253,0.0,0.065098025,0.0,44.117645,0.980392,180.0,72.0,MFI,C1CCNC1
50.0,1.7179967,99.0,250.0,0.08137253,0.0,0.065098025,0.0,44.117645,1.4705887,180.0,72.0,MFI,C1CCNC1
35.0,1.7179967,99.0,250.0,0.07777782,0.0,0.062222198,0.0,36.94444,0.097222224,180.0,96.0,MFI,C1CCNC1
25.0,1.7179967,99.0,250.0,0.07692308,0.0,0.061538514,0.0,36.538467,0.09615385,180.0,96.0,MFI,C1CCNC1
400.0,0.0,99.0,250.0,0.0,0.0,0.0,0.5,3.5,0.5,150.0,180.0,NON,CC1CC[N+](C)(C)CC1
400.0,0.0,99.0,250.0,0.0,0.0,0.0,0.5,7.0,0.5,150.0,180.0,NON,CC1CC[N+](C)(C)CC1
400.0,0.0,99.0,250.0,0.0,0.0,0.0,0.5,14.0,0.5,150.0,180.0,NON,CC1CC[N+](C)(C)CC1
400.0,0.0,2.0,250.0,0.0,0.0,0.0,0.5,10.0,0.5,160.0,504.0,CTH,Cc1cc(C)cc(Cn2cc[n+](C)c2C)c1
400.0,0.0,4.0,250.0,0.0,0.0,0.0,0.5,10.0,0.5,160.0,504.0,CTH,Cc1cc(C)cc(Cn2cc[n+](C)c2C)c1
400.0,0.0,8.000006,250.0,0.0,0.0,0.0,0.5,10.0,0.5,160.0,504.0,CTH,Cc1cc(C)cc(Cn2cc[n+](C)c2C)c1
400.0,0.0,15.99999,250.0,0.0,0.0,0.0,0.5,10.0,0.5,160.0,1344.0004,CTH,Cc1cc(C)cc(Cn2cc[n+](C)c2C)c1
0.0,0.0,0.0,0.0,0.0,0.0,0.0,0.0,200.0,0.0,207.68387,199.99991,DOH,NCC1CCCO1
254.16655,1.7179967,99.0,250.0,0.0,0.046374988,0.046374947,0.0,41.149574,0.19595036,160.0,336.0,EEI,C1CCCC(C2CCCC2)(N2CCCCCCN2)CCC1
0.0,1.0,0.0,0.0,0.0,0.0,0.0,0.0,4.5,0.025000028,200.0,72.0,Dense/Amorphous,CCN(CC)CCO
0.0,1.0,0.0,0.0,0.0,0.0,0.0,0.0,4.5,0.1,200.0,72.0,Dense/Amorphous,CCN(CC)CCO
2.2499998,1.7179967,99.0,250.0,1.3846158,0.0,0.46153852,0.0,58.46155,0.93846154,200.0,72.0,ANA,CCN(CC)CC
0.2,1.25,99.0,250.0,0.0,0.0,0.0,0.0,20.0,0.0625,190.0,144.0,SAV,C1CNCCCNCCNCCNC1
0.40000027,1.666668,99.0,250.0,0.0,0.0,0.0,0.0,20.0,0.0625,190.0,144.0,SAV,C1CNCCCNCCNCCNC1
0.5,1.7179967,99.0,250.0,0.0,0.0,0.0,0.0,19.999998,0.0625,190.0,144.0,SAV,C1CNCCCNCCNCCNC1
0.59999996,1.7179967,99.0,250.0,0.0,0.0,0.0,0.0,20.0,0.0625,190.0,144.0,SAV,C1CNCCCNCCNCCNC1
0.5,1.0,99.0,250.0,0.0,0.0,0.0,0.0,19.999998,0.0625,190.0,144.0,SAV,C1CNCCCNCCNCCNC1
1.3333309,1.0,99.0,250.0,0.0,0.0,0.0,0.0,20.0,0.0625,190.0,144.0,SAV,C1CNCCCNCCNCCNC1
3.0,1.0,99.0,250.0,0.0,0.0,0.0,0.0,20.0,0.0625,190.0,144.0,SAV,C1CNCCCNCCNCCNC1
0.55555576,1.500005,99.0,250.0,0.0,0.0,0.0,0.0,20.0,0.0625,190.0,144.0,SAV,C1CNCCCNCCNCCNC1
1.0,1.7179967,99.0,250.0,0.0,0.0,0.0,0.0,19.999998,0.0625,190.0,144.0,SAV,C1CNCCCNCCNCCNC1
0.2,1.25,99.0,250.0,0.0,0.0,0.0,0.25,20.0,0.0625,190.0,144.0,SAV,C1CNCCCNCCNCCNC1
0.40000027,1.666668,99.0,250.0,0.0,0.0,0.0,0.25,20.0,0.0625,190.0,144.0,SAV,C1CNCCCNCCNCCNC1
0.59999996,1.7179967,99.0,250.0,0.0,0.0,0.0,0.25,20.0,0.0625,190.0,144.0,SAV,C1CNCCCNCCNCCNC1
0.083333425,1.0,99.0,250.0,0.0,0.0,0.0,0.25,20.0,0.0625,190.0,144.0,SAV,C1CNCCCNCCNCCNC1
0.5,1.0,99.0,250.0,0.0,0.0,0.0,0.25,20.0,0.0625,190.0,144.0,SAV,C1CNCCCNCCNCCNC1
1.3333309,1.0,99.0,250.0,0.0,0.0,0.0,0.25,20.0,0.0625,190.0,144.0,SAV,C1CNCCCNCCNCCNC1
0.55555576,1.500005,99.0,250.0,0.0,0.0,0.0,0.25,19.999998,0.0625,190.0,144.0,SAV,C1CNCCCNCCNCCNC1
1.0,1.7179967,99.0,250.0,0.0,0.0,0.0,0.25,20.0,0.0625,190.0,144.0,SAV,C1CNCCCNCCNCCNC1
0.1,1.1111112,99.0,250.0,0.0,0.0,0.0,0.0,20.0,0.0625,190.0,144.0,SAV,C1CNCCCNCCNCCNC1
0.2,1.25,99.0,250.0,0.0,0.0,0.0,0.0,20.0,0.0625,190.0,144.0,SAV,C1CNCCCNCCNCCNC1
0.3,1.4285669,99.0,250.0,0.0,0.0,0.0,0.0,20.0,0.0625,190.0,144.0,SAV,C1CNCCCNCCNCCNC1
400.0,0.0,2.0,250.0,0.0,0.0,0.0,0.5,10.0,0.5,160.0,168.0,CTH,Cc1cc(C)cc(Cn2cc[n+](C)c2)c1
400.0,0.0,4.0,250.0,0.0,0.0,0.0,0.5,10.0,0.5,160.0,168.0,CTH,Cc1cc(C)cc(Cn2cc[n+](C)c2)c1
400.0,0.0,8.000006,250.0,0.0,0.0,0.0,0.5,10.0,0.5,160.0,336.0,CTH,Cc1cc(C)cc(Cn2cc[n+](C)c2)c1
400.0,0.0,15.99999,250.0,0.0,0.0,0.0,0.5,10.0,0.5,160.0,504.0,CTH,Cc1cc(C)cc(Cn2cc[n+](C)c2)c1
0.25,1.0,99.0,250.0,0.0,0.0,0.0,0.0,8.888889,0.22222222,150.0,3.0,AFI,Fc1cccc(CN2CCCC2)c1
0.0,1.0,0.0,0.0,0.0,0.0,0.0,0.0,10.0,0.25,141.62733,167.20056,AFI,Fc1cccc(CN2CCCC2)c1
0.0,1.0,0.0,0.0,0.0,0.0,0.0,0.0,10.0,0.25,177.6585,112.781204,AFI,Fc1cccc(CN2CCCC2)c1
0.25,1.0,99.0,250.0,0.0,0.0,0.0,0.0,8.888889,0.22222222,166.70387,487.0559,AFI,Fc1cccc(CN2CCCC2)c1
0.25,1.0,99.0,250.0,0.0,0.0,0.0,0.0,8.888889,0.22222222,165.87405,260.05466,AFI,Fc1cccc(CN2CCCC2)c1
400.0,0.0,99.0,10.000007,0.0,0.018181935,0.018181864,0.0,27.272728,0.27272728,170.0,168.0,MWW,CCCCCC[N+](C)(C)C
400.0,0.0,99.0,9.999998,0.0,0.027272433,0.027272787,0.0,27.272728,0.27272728,170.0,168.0,MWW,CCCCCC[N+](C)(C)C
400.0,0.0,99.0,10.000007,0.01818179,0.0,0.0,0.0,27.272728,0.27272728,170.0,168.0,MWW,CCCCCC[N+](C)(C)C
400.0,0.0,99.0,10.000007,0.0,0.0,0.018181864,0.0,27.272728,0.27272728,170.0,168.0,MWW,CCCCCC[N+](C)(C)C
400.0,0.0,99.0,10.0,0.0,0.03571432,0.035714306,0.0,26.785717,0.26785713,170.0,168.0,MWW,CCCCCC[N+](C)(C)C
400.0,0.0,99.0,10.0,0.0,0.036036007,0.03603601,0.0,27.027021,0.27027032,170.0,168.0,MWW,CCCCCC[N+](C)(C)C
6.8000026,1.7179967,99.0,250.0,0.087179564,0.0,0.174359,0.0,4.3589745,0.17435896,125.0,168.0,FAU,CCC[N+]1(C)CCCC1
400.0,0.0,99.0,250.0,0.0,0.0,0.0,0.5,3.5,0.5,150.0,180.0,MEL,CC1CC(C)C[N+](C)(C(C)C)C1
400.0,0.0,99.0,250.0,0.0,0.0,0.0,0.5,7.0,0.5,150.0,180.0,MEL,CC1CC(C)C[N+](C)(C(C)C)C1
400.0,0.0,99.0,250.0,0.0,0.0,0.0,0.5,14.0,0.5,150.0,180.0,MEL,CC1CC(C)C[N+](C)(C(C)C)C1
0.0,0.95238096,0.0,0.0,0.0,0.0,0.0,0.0,12.195124,0.24390243,130.0,3.0,VFI,CCN(CC)CC
400.0,1.7179967,99.0,250.0,0.04987531,0.0,0.039900247,0.0,29.925186,0.49875307,160.0,65.0,MFI,CCCNCCC
400.0,1.7179967,99.0,250.0,0.0798005,0.0,0.0638404,0.0,29.925186,0.49875313,160.0,65.0,MFI,CCCNCCC
400.0,1.7179967,99.0,250.0,0.10972567,0.0,0.08778055,0.0,29.925186,0.49875313,160.0,65.0,MFI,CCCNCCC
400.0,1.7179967,99.0,250.0,0.0798005,0.0,0.0638404,0.0,29.925186,0.99750626,160.0,65.0,MFI,CCCNCCC
400.0,1.7179967,99.0,250.0,0.10972567,0.0,0.08778055,0.0,29.925186,0.99750626,160.0,65.0,MFI,CCCNCCC
400.0,0.0,99.0,250.0,0.0,0.0,0.0,1.25,30.0,1.0,170.0,1200.0006,MFI,CCCNCCC
0.0,0.85,0.0,0.0,0.0,0.0,0.0,0.0,21.62162,0.21621622,160.0,72.0,BPH,CC[N+](CC)(CC)Cc1cc(C[N+](CC)(CC)CC)cc(C[N+](CC)(CC)CC)c1
0.0,0.85,0.0,0.0,0.0,0.0,0.0,0.0,21.62162,0.21621622,190.0,24.0,BPH,CC[N+](CC)(CC)Cc1cc(C[N+](CC)(CC)CC)cc(C[N+](CC)(CC)CC)c1
31.250006,1.7179967,99.0,250.0,0.0,0.09689922,0.5813954,0.0,9.689922,0.5813952,150.0,0.0,FAU,C[N+]1(C)CCCCC1
18.000002,1.7179967,99.0,250.0,0.2842105,0.0,0.47368428,0.0,4.736842,0.18947369,170.0,0.0,FAU,C[N+]1(C)CCCCC1
0.0,0.0,0.0,0.0,0.0,0.0,2.4341676,0.0,0.0,6.097583,170.0,146.17056,AST,C[N+]1(CCCCC[N+]2(C)CCCC2)CCCC1
400.0,0.0,99.0,250.0,0.11999998,0.0,0.13500005,0.0,28.000002,0.015000026,200.0,72.0,MFI,O=C(O)CN(CCN(CC(=O)O)CC(=O)O)CC(=O)O
400.0,0.0,99.0,250.0,0.11999998,0.0,0.13500005,0.0,28.000002,0.015000026,200.0,72.0,MFI,O=C(O)CN(CCN(CC(=O)O)CC(=O)O)CC(=O)O
400.0,0.0,99.0,250.0,0.11999998,0.0,0.13500005,0.0,28.000002,0.015000026,200.0,72.0,MFI,O=C(O)CN(CCN(CC(=O)O)CC(=O)O)CC(=O)O
80.0,1.7179967,99.0,250.0,0.11851853,0.0,0.13333334,0.0,27.65433,0.014814804,200.0,72.0,MFI,O=C(O)CN(CCN(CC(=O)O)CC(=O)O)CC(=O)O
160.00104,1.7179967,99.0,250.0,0.11925465,0.0,0.13416144,0.0,27.826084,0.0149068115,200.0,72.0,MFI,O=C(O)CN(CCN(CC(=O)O)CC(=O)O)CC(=O)O
238.09558,1.7179967,99.0,250.0,0.11949811,0.0,0.36000004,0.0,27.882887,0.01493728,200.0,72.0,MFI,O=C(O)CN(CCN(CC(=O)O)CC(=O)O)CC(=O)O
30.0,1.7179967,99.0,250.0,0.8419353,0.0,0.8419357,0.0,38.70968,0.09677419,160.0,168.0,MOR,CC(C)CN(CCCCCN(CC(C)C)CC(C)C)CC(C)C
30.0,1.7179967,99.0,250.0,0.9677417,0.0,0.9677419,0.0,38.70968,0.09677419,160.0,168.0,MOR,CC(C)CN(CCCCCN(CC(C)C)CC(C)C)CC(C)C
400.0,0.0,99.0,250.0,0.0,0.0,0.3,0.0,40.0,0.20000002,175.0,432.0,Dense/Amorphous,CC1C[N+]2(C)CCN1CC2
400.0,0.0,99.0,250.0,0.0,0.0,0.3,0.0,40.0,0.25,150.0,983.999,Dense/Amorphous,CC1C[N+]2(C)CCN1CC2
400.0,0.0,99.0,250.0,0.0,0.0,0.3,0.0,40.0,0.25,175.0,576.0,Dense/Amorphous,CC1C[N+]2(C)CCN1CC2
400.0,0.0,4.9880238,250.0,0.0,0.0,0.0,0.5,3.0,0.25,175.0,336.0,BEC,CCC[N+]1(CCC)CCC([N+]2(CCC)CCCC2)CC1
400.0,0.0,15.0,250.0,0.0,0.0,0.0,0.5,3.0,0.25,175.0,336.0,BEC,CCC[N+]1(CCC)CCC([N+]2(CCC)CCCC2)CC1
25.242428,1.7179967,4.9880238,250.0,0.0,0.0,0.0,0.48402718,2.9041626,0.24201356,175.0,336.0,BEC,CCC[N+]1(CCC)CCC([N+]2(CCC)CCCC2)CC1
28.40909,1.7179967,15.0,250.0,0.0,0.0,0.0,0.48402718,2.9041626,0.24201356,175.0,336.0,BEC,CCC[N+]1(CCC)CCC([N+]2(CCC)CCCC2)CC1
400.0,0.0,4.9880238,25.242418,0.0,0.0,0.0,0.48402718,2.9041626,0.24201356,175.0,336.0,BEC,CCC[N+]1(CCC)CCC([N+]2(CCC)CCCC2)CC1
400.0,0.0,15.0,28.409103,0.0,0.0,0.0,0.48402718,2.9041626,0.24201356,175.0,336.0,BEC,CCC[N+]1(CCC)CCC([N+]2(CCC)CCCC2)CC1
400.0,0.0,4.9880238,250.0,0.0,0.0,0.0,0.5,10.0,0.25,175.0,336.0,BEC,CCC[N+]1(CCC)CCC([N+]2(CCC)CCCC2)CC1
400.0,0.0,4.9880238,25.242418,0.0,0.0,0.0,0.48402718,9.680542,0.24201356,175.0,336.0,BEC,CCC[N+]1(CCC)CCC([N+]2(CCC)CCCC2)CC1
30.0,1.7179967,99.0,250.0,0.96774215,0.0,0.19354838,0.0,38.70968,0.09677419,160.0,336.0,Dense/Amorphous,CC[N+](CC)(CC)CCCCC[N+](CC)(CC)CC
1.0,1.7179967,99.0,250.0,0.0,0.7500002,0.76,0.0,200.0,1.0,100.0,672.0,Dense/Amorphous,CC[N+](CC)(CC)CCCCC[N+](CC)(CC)CC
400.0,0.0,99.0,250.0,0.29000005,0.0,0.17800002,0.0,37.182003,0.08900001,150.0,168.0,Dense/Amorphous,CC[N+](CC)(CC)CCCCC[N+](CC)(CC)CC
100.0,1.7179967,99.0,250.0,0.21782176,0.0,0.17623764,0.0,36.813858,0.08811882,150.0,168.0,Dense/Amorphous,CC[N+](CC)(CC)CCCCC[N+](CC)(CC)CC
33.0033,1.7179967,99.0,250.0,0.21353002,0.0,0.17276518,0.0,36.088524,0.08638261,140.0,168.0,Dense/Amorphous,CC[N+](CC)(CC)CCCCC[N+](CC)(CC)CC
33.0033,1.7179967,99.0,250.0,0.21353002,0.0,0.17276518,0.0,36.088524,0.08638261,150.0,72.0,Dense/Amorphous,CC[N+](CC)(CC)CCCCC[N+](CC)(CC)CC
33.0033,1.7179967,99.0,250.0,0.21353002,0.0,0.17276518,0.0,36.088524,0.08638261,180.0,72.0,Dense/Amorphous,CC[N+](CC)(CC)CCCCC[N+](CC)(CC)CC
25.0,1.7179967,99.0,250.0,0.2115384,0.0,0.17115387,0.0,35.75193,0.08557693,150.0,168.0,Dense/Amorphous,CC[N+](CC)(CC)CCCCC[N+](CC)(CC)CC
14.992504,1.7179967,99.0,250.0,0.14062062,0.0,0.16686979,0.0,34.85704,0.08343488,150.0,168.0,Dense/Amorphous,CC[N+](CC)(CC)CCCCC[N+](CC)(CC)CC
14.992504,1.7179967,99.0,250.0,0.14062062,0.0,0.16686979,0.0,34.85704,0.08343488,170.0,168.0,Dense/Amorphous,CC[N+](CC)(CC)CCCCC[N+](CC)(CC)CC
12.5,1.7179967,99.0,250.0,0.111111015,0.0,0.16481479,0.0,34.427776,0.08240741,170.0,168.0,Dense/Amorphous,CC[N+](CC)(CC)CCCCC[N+](CC)(CC)CC
32.99999,1.7179967,99.0,250.0,0.28823525,0.0,0.17352939,0.0,36.088234,0.08676471,150.0,72.0,Dense/Amorphous,CC[N+](CC)(CC)CCCCC[N+](CC)(CC)CC
32.99999,1.7179967,99.0,250.0,0.28823525,0.0,0.17352939,0.0,36.088234,0.08676471,150.0,72.0,Dense/Amorphous,CC[N+](CC)(CC)CCCCC[N+](CC)(CC)CC
30.0,1.7179967,99.0,250.0,0.01935483,0.0,0.21290326,0.0,38.70968,0.09677419,160.0,504.0,Dense/Amorphous,CC[N+](CC)(CC)CCCCC[N+](CC)(CC)CC
60.0,1.7179967,99.0,250.0,0.01967212,0.0,0.21639355,0.0,39.34426,0.09836066,160.0,168.0,Dense/Amorphous,CC[N+](CC)(CC)CCCCC[N+](CC)(CC)CC
400.0,0.0,99.0,250.0,0.020000078,0.0,0.2200001,0.0,40.0,0.1,160.0,168.0,Dense/Amorphous,CC[N+](CC)(CC)CCCCC[N+](CC)(CC)CC
30.0,1.7179967,99.0,250.0,0.012903322,0.0,0.20645164,0.0,38.70968,0.09677419,160.0,336.0,Dense/Amorphous,CC[N+](CC)(CC)CCCCC[N+](CC)(CC)CC
60.0,1.7179967,99.0,250.0,0.59016395,0.0,0.7868852,0.0,39.34426,0.09836066,160.0,168.0,Dense/Amorphous,CC[N+](CC)(CC)CCCCC[N+](CC)(CC)CC
400.0,0.0,99.0,250.0,0.6,0.0,0.79999995,0.0,40.0,0.1,160.0,168.0,Dense/Amorphous,CC[N+](CC)(CC)CCCCC[N+](CC)(CC)CC
30.0,1.7179967,99.0,250.0,0.19354838,0.0,0.38709676,0.0,38.70968,0.09677419,160.0,168.0,Dense/Amorphous,CC[N+](CC)(CC)CCCCC[N+](CC)(CC)CC
30.0,1.7179967,99.0,250.0,0.3193548,0.0,0.5129033,0.0,38.70968,0.09677419,160.0,168.0,Dense/Amorphous,CC[N+](CC)(CC)CCCCC[N+](CC)(CC)CC
30.0,1.7179967,99.0,250.0,0.45483884,0.0,0.64838713,0.0,38.70968,0.09677419,160.0,168.0,Dense/Amorphous,CC[N+](CC)(CC)CCCCC[N+](CC)(CC)CC
30.0,1.7179967,99.0,250.0,0.0,0.0,0.7741935,0.0,38.70968,0.09677419,160.0,168.0,Dense/Amorphous,CC[N+](CC)(CC)CCCCC[N+](CC)(CC)CC
30.0,1.7179967,99.0,250.0,0.0,0.58064526,0.7741935,0.0,38.70968,0.09677419,160.0,168.0,Dense/Amorphous,CC[N+](CC)(CC)CCCCC[N+](CC)(CC)CC
30.0,1.7179967,99.0,250.0,0.0,0.0,0.9,0.0,38.70968,0.09677419,160.0,168.0,Dense/Amorphous,CC[N+](CC)(CC)CCCCC[N+](CC)(CC)CC
7.5,1.7179967,99.0,250.0,0.0,0.4117646,0.5882353,0.0,35.294113,0.088235274,160.0,168.0,Dense/Amorphous,CC[N+](CC)(CC)CCCCC[N+](CC)(CC)CC
60.0,1.7179967,99.0,250.0,0.0,0.45901644,0.65573746,0.0,39.34426,0.09836066,160.0,168.0,Dense/Amorphous,CC[N+](CC)(CC)CCCCC[N+](CC)(CC)CC
400.0,0.0,99.0,250.0,0.0,0.46666655,0.6666667,0.0,40.0,0.1,160.0,168.0,Dense/Amorphous,CC[N+](CC)(CC)CCCCC[N+](CC)(CC)CC
400.0,0.0,0.4285709,250.0,0.0,0.0,0.0,0.5,5.0,0.5,175.0,504.0,STI,CC[N+](CC)(CC)CC
400.0,0.0,0.24999899,250.0,0.0,0.0,0.0,0.5,3.0,0.5,175.0,504.0,STI,CC[N+](CC)(CC)CC
400.0,0.0,0.24999899,250.0,0.0,0.0,0.0,0.5,5.0,0.5,175.0,504.0,STI,CC[N+](CC)(CC)CC
400.0,0.0,0.24999899,250.0,0.0,0.0,0.0,0.6000002,5.0,0.5,175.0,504.0,STI,CC[N+](CC)(CC)CC
400.0,0.0,0.24999899,250.0,0.0,0.0,0.0,0.5,5.0,0.5,175.0,168.0,STI,CC[N+](CC)(CC)CC
400.0,0.0,0.24999899,250.0,0.0,0.0,0.0,0.5,5.0,0.5,175.0,336.0,STI,CC[N+](CC)(CC)CC
400.0,0.0,0.111110814,250.0,0.0,0.0,0.0,0.5,5.0,0.5,175.0,504.0,STI,CC[N+](CC)(CC)CC
400.0,0.0,0.24999899,250.0,0.0,0.0,0.0,0.5,6.0000005,0.5,165.0,504.0,STI,CC[N+](CC)(CC)CC
400.0,0.0,0.019991742,250.0,0.0,0.0,0.0,0.5,3.0,0.5,140.0,96.0,STI,CC[N+](CC)(CC)CC
400.0,0.0,2.0303037,250.0,0.0,0.0,0.0,0.25,5.0,0.25,170.0,24.0,BEC,CC[N+](CC)(CC)Cc1ccccc1
400.0,0.0,2.030303,66.99998,0.0,0.0,0.0,0.24752474,4.950495,0.24752475,170.0,24.0,BEC,CC[N+](CC)(CC)Cc1ccccc1
400.0,0.0,2.0303037,13.400003,0.0,0.0,0.0,0.23809524,4.7619047,0.23809524,170.0,24.0,BEC,CC[N+](CC)(CC)Cc1ccccc1
66.99991,1.7179967,2.030303,250.0,0.0,0.0,0.0,0.24752474,4.950495,0.24752475,170.0,24.0,BEC,CC[N+](CC)(CC)Cc1ccccc1
13.400001,1.7179967,2.0303037,250.0,0.0,0.0,0.0,0.23809524,4.7619047,0.23809524,170.0,24.0,BEC,CC[N+](CC)(CC)Cc1ccccc1
400.0,0.0,2.030303,250.0,0.0,0.0,0.0,0.24752474,4.950495,0.24752475,170.0,24.0,BEC,CC[N+](CC)(CC)Cc1ccccc1
400.0,0.0,2.0303037,250.0,0.0,0.0,0.0,0.23809524,4.7619047,0.23809524,170.0,24.0,BEC,CC[N+](CC)(CC)Cc1ccccc1
400.0,0.0,99.0,250.0,0.0,0.0,0.45,0.0,200.0,0.22500001,50.0,4032.1091,MEL,CCC[N+](CCC)(CCC)CCCCCC[N+](CCC)(CCC)CCC
50.0,1.7179967,99.0,250.0,0.04901962,0.0,0.14705883,0.0,39.215687,0.09803922,175.0,336.0,IFR,C1CC[N+]23CCCCC2(C1)CCCC3
50.0,1.7179967,99.0,250.0,0.09803921,0.0,0.19607843,0.0,39.215687,0.09803922,175.0,144.0,IFR,C1CC[N+]23CCCCC2(C1)CCCC3
45.045044,1.7179967,99.0,250.0,0.5869693,0.0,0.0,0.0,39.131287,0.29348466,100.0,3600.0066,MEL,NCCCCCCCCCN
0.0,0.0,0.0,0.0,0.0,0.0,0.0,0.0,16.65,1.5,75.0,72.0,ABW,C1CNCCNC1
0.0,0.0,0.0,0.0,0.0,0.0,0.0,0.0,200.0,0.0,200.0,168.0,ERI,C1CCNCC1
400.0,0.0,4.9988003,250.0,0.0,0.0,0.0,0.4,5.0,0.4,170.0,144.0,Dense/Amorphous,Cc1ccc([S+](c2ccc(C)cc2)c2ccc(C)cc2)cc1
5.0,1.7179967,99.0,250.0,0.0691667,0.0,0.2133334,0.0,31.91668,0.14416666,175.0,168.0,GIS,CC1CC[N+]2(CCCC3CCCCC32)CC1
5.0,1.7179967,99.0,250.0,0.34999996,0.0,0.28,0.0,11.666667,0.05,110.0,360.0,Dense/Amorphous,C(CCN1CCOCCOCCOCCOCC1)CCN1CCOCCOCCOCCOCC1
5.0,1.7179967,99.0,250.0,0.4,0.0,0.32,0.0,8.333333,0.05,110.0,360.0,Dense/Amorphous,C(CCN1CCOCCOCCOCCOCC1)CCN1CCOCCOCCOCCOCC1
5.0,1.7179967,99.0,250.0,0.45000008,0.0,0.36,0.0,8.333333,0.05,110.0,360.0,Dense/Amorphous,C(CCN1CCOCCOCCOCCOCC1)CCN1CCOCCOCCOCCOCC1
30.0,1.7179967,99.0,250.0,0.45483884,0.0,0.19354838,0.0,38.70968,0.09677419,160.0,168.0,MOR,C[N+](C)(C)CCCCCCCC[N+](C)(C)C
30.0,1.7179967,99.0,250.0,0.7064516,0.0,0.19354838,0.0,38.70968,0.09677419,160.0,168.0,MOR,C[N+](C)(C)CCCCCCCC[N+](C)(C)C
30.0,1.7179967,99.0,250.0,0.8419353,0.0,0.19354838,0.0,38.70968,0.09677419,160.0,168.0,MOR,C[N+](C)(C)CCCCCCCC[N+](C)(C)C
0.0,0.0,0.0,0.0,0.0,0.0,0.0,0.0,200.0,0.0,210.0,0.16669996,CHA,OSDA-free
19.230764,1.7179967,99.0,250.0,0.19011413,0.0,0.19011407,0.0,41.825092,0.0,160.0,48.0,CHA,OSDA-free
2.5900002,1.7179967,99.0,250.0,0.0,0.5571035,0.44568256,0.0,31.197779,0.0,97.0,96.0,CHA,OSDA-free
10.0,1.7179967,99.0,250.0,0.7272726,0.0,0.58181816,0.0,54.545464,0.0,170.0,60.0,CHA,OSDA-free
20.0,1.7179967,99.0,250.0,0.6190476,0.0,0.4952381,0.0,16.666666,0.0,120.0,168.0,CHA,OSDA-free
10.0,1.7179967,99.0,250.0,1.181818,0.0,0.94545454,0.0,31.818182,0.0,120.0,168.0,CHA,OSDA-free
6.0,1.7179967,99.0,250.0,0.0,1.0000026,0.99999946,0.0,55.714283,0.0,140.0,18.0,CHA,OSDA-free
6.0,1.7179967,99.0,250.0,0.0,0.8571431,0.8571434,0.0,55.714283,0.0,140.0,20.0,CHA,OSDA-free
6.0,1.7179967,99.0,250.0,0.0,0.8571431,0.8571434,0.0,55.714283,0.0,150.0,15.0,CHA,OSDA-free
20.0,1.7179967,99.0,250.0,0.71428585,0.17142865,0.17142858,0.0,95.23818,0.0,175.0,24.0,CHA,OSDA-free
50.0,1.7179967,99.0,250.0,0.7058824,0.17647076,0.17647056,0.0,98.03917,0.0,175.0,24.0,CHA,OSDA-free
100.0,1.7179967,99.0,250.0,0.7029702,0.17821805,0.17821775,0.0,99.00985,0.0,175.0,24.0,CHA,OSDA-free
400.0,0.0,99.0,250.0,0.7,0.17999978,0.17999996,0.0,100.0,0.0,175.0,24.0,CHA,OSDA-free
20.0,1.7179967,99.0,250.0,0.71428585,0.17142865,0.17142858,0.0,95.23818,0.0,175.0,48.0,CHA,OSDA-free
50.0,1.7179967,99.0,250.0,0.7058824,0.17647076,0.17647056,0.0,98.03917,0.0,175.0,48.0,CHA,OSDA-free
400.0,0.0,99.0,250.0,0.7,0.17999978,0.17999996,0.0,100.0,0.0,175.0,48.0,CHA,OSDA-free
20.0,1.7179967,99.0,250.0,0.71428585,0.17142865,0.17142858,0.0,95.23818,0.0,175.0,72.0,CHA,OSDA-free
50.0,1.7179967,99.0,250.0,0.7058824,0.17647076,0.17647056,0.0,98.03917,0.0,175.0,72.0,CHA,OSDA-free
2.5,1.7179967,99.0,250.0,0.0,0.55714285,0.0,0.21428572,25.0,0.0,160.0,36.0,CHA,OSDA-free
2.5,1.7179967,99.0,250.0,0.0,0.55714285,0.0,0.21428572,25.0,0.0,160.0,48.0,CHA,OSDA-free
2.5,1.7179967,99.0,250.0,0.0,0.55714285,0.0,0.21428572,25.0,0.0,160.0,72.0,CHA,OSDA-free
2.5,1.7179967,99.0,250.0,0.0,0.55714285,0.0,0.21428572,25.0,0.0,160.0,96.0,CHA,OSDA-free
2.5,1.7179967,99.0,250.0,0.0,0.55714285,0.0,0.21428572,25.0,0.0,160.0,120.0,CHA,OSDA-free
2.5,1.7179967,99.0,250.0,0.0,0.55714285,0.0,0.21428572,25.0,0.0,160.0,14.0,CHA,OSDA-free
2.5,1.7179967,99.0,250.0,0.0,0.55714285,0.0,0.21428572,25.0,0.0,160.0,18.0,CHA,OSDA-free
2.5,1.7179967,99.0,250.0,0.0,0.55714285,0.0,0.21428572,25.0,0.0,160.0,24.0,CHA,OSDA-free
2.5,1.7179967,99.0,250.0,0.0,0.55714285,0.0,0.21428572,25.0,0.0,160.0,36.0,CHA,OSDA-free
2.5,1.7179967,99.0,250.0,0.0,0.55714285,0.0,0.21428572,25.0,0.0,160.0,48.0,CHA,OSDA-free
2.5,1.7179967,99.0,250.0,0.0,0.55714285,0.0,0.21428572,25.0,0.0,160.0,72.0,CHA,OSDA-free
2.5,1.7179967,99.0,250.0,0.0,0.55714285,0.0,0.21428572,25.0,0.0,160.0,96.0,CHA,OSDA-free
5.0,1.7179967,99.0,250.0,0.0,0.6499994,0.0,0.25,29.16667,0.0,160.0,72.0,CHA,OSDA-free
5.0,1.7179967,99.0,250.0,0.0,0.6499994,0.0,0.25,29.16667,0.0,160.0,48.0,CHA,OSDA-free
10.0,1.7179967,99.0,250.0,0.0,0.70909065,0.0,0.27272707,31.818182,0.0,160.0,96.0,CHA,OSDA-free
2.5,1.7179967,99.0,250.0,0.0,0.55714285,0.0,0.21428572,25.0,0.0,140.0,120.0,CHA,OSDA-free
2.5,1.7179967,99.0,250.0,0.0,0.55714285,0.0,0.21428572,25.0,0.0,180.0,60.0,CHA,OSDA-free
2.5,1.7179967,99.0,250.0,0.0,0.557143,0.0,0.1428573,25.0,0.0,160.0,72.0,CHA,OSDA-free
2.5,1.7179967,99.0,250.0,0.0,0.55714285,0.0,0.28571427,25.0,0.0,160.0,72.0,CHA,OSDA-free
2.5,1.7179967,99.0,250.0,0.0,0.55714285,0.0,0.21428572,25.0,0.0,160.0,72.0,CHA,OSDA-free
2.2499998,1.7179967,99.0,250.0,0.0,0.9230771,0.9230771,0.0,24.615385,0.0,150.0,7.0,CHA,OSDA-free
2.2499998,1.7179967,99.0,250.0,0.0,0.9230771,0.9230771,0.0,24.615385,0.0,150.0,10.0,CHA,OSDA-free
2.2499998,1.7179967,99.0,250.0,0.0,0.9230771,0.9230771,0.0,24.615385,0.0,150.0,50.0,CHA,OSDA-free
2.2499998,1.7179967,99.0,250.0,0.0,0.9230771,0.9230771,0.0,24.615385,0.0,150.0,99.999985,CHA,OSDA-free
2.2499998,1.7179967,99.0,250.0,0.0,0.9230771,0.9230771,0.0,24.615385,0.0,150.0,120.0,CHA,OSDA-free
10.0,1.7179967,99.0,250.0,0.54545456,0.181818,0.18181816,0.0,90.90909,0.0,170.0,6.0,CHA,OSDA-free
10.0,1.7179967,99.0,250.0,0.54545456,0.181818,0.18181816,0.0,90.90909,0.0,170.0,8.0,CHA,OSDA-free
10.0,1.7179967,99.0,250.0,0.54545456,0.181818,0.18181816,0.0,90.90909,0.0,170.0,12.0,CHA,OSDA-free
10.0,1.7179967,99.0,250.0,0.54545456,0.181818,0.18181816,0.0,90.90909,0.0,170.0,18.0,CHA,OSDA-free
10.0,1.7179967,99.0,250.0,0.54545456,0.181818,0.18181816,0.0,90.90909,0.0,170.0,24.0,CHA,OSDA-free
10.0,1.7179967,99.0,250.0,0.7272726,0.181818,0.18181816,0.0,90.90909,0.0,170.0,24.0,CHA,OSDA-free
10.0,1.7179967,99.0,250.0,0.7272726,0.36363637,0.36363637,0.0,90.909065,0.0,170.0,24.0,CHA,OSDA-free
10.0,1.7179967,99.0,250.0,0.54545456,0.181818,0.18181816,0.0,90.90909,0.0,170.0,24.0,CHA,OSDA-free
10.0,1.7179967,99.0,250.0,0.54545456,0.36363637,0.36363637,0.0,90.90909,0.0,170.0,24.0,CHA,OSDA-free
10.0,1.7179967,99.0,250.0,0.54545456,0.5454545,0.54545456,0.0,90.90909,0.0,170.0,24.0,CHA,OSDA-free
10.0,1.7179967,99.0,250.0,0.54545456,0.7272728,0.72727275,0.0,90.90909,0.0,170.0,24.0,CHA,OSDA-free
10.0,1.7179967,99.0,250.0,0.36363623,0.36363637,0.36363637,0.0,90.90909,0.0,170.0,24.0,CHA,OSDA-free
10.0,1.7179967,99.0,250.0,0.36363623,0.5454545,0.54545456,0.0,90.90909,0.0,170.0,24.0,CHA,OSDA-free
10.0,1.7179967,99.0,250.0,0.36363623,0.7272728,0.7272727,0.0,90.909065,0.0,170.0,24.0,CHA,OSDA-free
10.0,1.7179967,99.0,250.0,0.18181819,0.5454545,0.54545456,0.0,90.90909,0.0,170.0,24.0,CHA,OSDA-free
10.0,1.7179967,99.0,250.0,0.18181819,0.7272728,0.7272727,0.0,90.90909,0.0,170.0,24.0,CHA,OSDA-free
2.5974023,1.7179967,99.0,250.0,0.0,0.5776174,0.4620939,0.0,25.270754,0.0,100.0,120.0,CHA,OSDA-free
10.0,1.7179967,99.0,250.0,0.7272726,0.0,0.58181816,0.0,181.81757,0.0,170.0,72.0,CHA,OSDA-free
10.0,1.7179967,99.0,250.0,0.7272726,0.0,0.58181816,0.0,181.81757,0.0,170.0,72.0,CHA,OSDA-free
10.0,1.7179967,99.0,250.0,0.7272726,0.0,0.58181816,0.0,90.90909,0.0,170.0,24.0,CHA,OSDA-free
10.0,1.7179967,99.0,250.0,0.7272726,0.16363633,0.1636364,0.0,90.90909,0.0,170.0,24.0,CHA,OSDA-free
10.0,1.7179967,99.0,250.0,0.045454584,0.045454636,0.09090906,0.0,90.90909,0.0,170.0,24.0,CHA,OSDA-free
10.0,1.7179967,99.0,250.0,0.045454584,0.0,0.045454465,0.0,90.90909,0.0,170.0,24.0,CHA,OSDA-free
10.0,1.7179967,99.0,250.0,0.090909086,0.0,0.09090906,0.0,90.909065,0.0,170.0,24.0,CHA,OSDA-free
10.0,1.7179967,99.0,250.0,0.18181819,0.27272713,0.45454544,0.0,90.90909,0.0,170.0,24.0,CHA,OSDA-free
10.0,1.7179967,99.0,250.0,0.22727282,0.27272713,0.5,0.0,90.90909,0.0,170.0,24.0,CHA,OSDA-free
10.0,1.7179967,99.0,250.0,0.22727282,0.22727257,0.45454544,0.0,90.90909,0.0,170.0,24.0,CHA,OSDA-free
10.0,1.7179967,99.0,250.0,0.22727282,0.181818,0.4090909,0.0,90.90909,0.0,170.0,24.0,CHA,OSDA-free
10.0,1.7179967,99.0,250.0,0.22727282,0.13636346,0.36363637,0.0,90.90909,0.0,170.0,24.0,CHA,OSDA-free
10.0,1.7179967,99.0,250.0,0.27272725,0.27272713,0.54545456,0.0,90.90909,0.0,170.0,24.0,CHA,OSDA-free
10.0,1.7179967,99.0,250.0,0.27272725,0.22727257,0.5,0.0,90.90909,0.0,170.0,24.0,CHA,OSDA-free
10.0,1.7179967,99.0,250.0,0.27272725,0.181818,0.45454544,0.0,90.90909,0.0,170.0,24.0,CHA,OSDA-free
10.0,1.7179967,99.0,250.0,0.27272725,0.13636346,0.4090909,0.0,90.90909,0.0,170.0,24.0,CHA,OSDA-free
10.0,1.7179967,99.0,250.0,0.27272725,0.09090907,0.36363637,0.0,90.90909,0.0,170.0,24.0,CHA,OSDA-free
10.0,1.7179967,99.0,250.0,0.27272725,0.045454636,0.31818175,0.0,90.90909,0.0,170.0,24.0,CHA,OSDA-free
10.0,1.7179967,99.0,250.0,0.3181818,0.27272713,0.59090906,0.0,90.90909,0.0,170.0,24.0,CHA,OSDA-free
10.0,1.7179967,99.0,250.0,0.3181818,0.22727257,0.54545456,0.0,90.90909,0.0,170.0,24.0,CHA,OSDA-free
10.0,1.7179967,99.0,250.0,0.3181818,0.181818,0.5,0.0,90.90909,0.0,170.0,24.0,CHA,OSDA-free
10.0,1.7179967,99.0,250.0,0.3181818,0.13636346,0.45454544,0.0,90.90909,0.0,170.0,24.0,CHA,OSDA-free
10.0,1.7179967,99.0,250.0,0.3181818,0.09090907,0.4090909,0.0,90.90909,0.0,170.0,24.0,CHA,OSDA-free
10.0,1.7179967,99.0,250.0,0.3181818,0.045454636,0.36363637,0.0,90.90909,0.0,170.0,24.0,CHA,OSDA-free
10.0,1.7179967,99.0,250.0,0.3181818,0.0,0.31818175,0.0,90.90909,0.0,170.0,24.0,CHA,OSDA-free
10.0,1.7179967,99.0,250.0,0.7272726,0.16363633,0.1636364,0.0,90.90909,0.0,170.0,24.0,CHA,OSDA-free
10.0,1.7179967,99.0,250.0,0.63636357,0.16363633,0.79999995,0.0,90.90909,0.0,170.0,24.0,CHA,OSDA-free
10.0,1.7179967,99.0,250.0,0.54545456,0.09090907,0.6363636,0.0,90.90909,0.0,170.0,24.0,CHA,OSDA-free
10.0,1.7179967,99.0,250.0,0.54545456,0.0,0.54545456,0.0,90.90909,0.0,170.0,24.0,CHA,OSDA-free
10.0,1.7179967,99.0,250.0,0.2181819,0.0,0.21818176,0.0,90.90909,0.0,170.0,24.0,CHA,OSDA-free
10.0,1.7179967,99.0,250.0,0.2181819,0.0,0.21818176,0.0,90.90909,0.0,170.0,24.0,CHA,OSDA-free
400.0,0.0,99.0,3.8461578,0.5714285,0.0,0.5714286,0.0,79.36506,0.0,170.0,24.0,CHA,OSDA-free
10.0,1.7179967,99.0,3.8461578,0.52941185,0.0,0.52941185,0.0,73.5294,0.0,170.0,24.0,CHA,OSDA-free
100.0,1.7179967,99.0,3.8461578,0.566929,0.0,0.566929,0.0,78.74016,0.0,170.0,24.0,CHA,OSDA-free
10.0,1.7179967,99.0,3.8461578,0.35294127,0.0,0.35294122,0.0,73.5294,0.0,170.0,24.0,CHA,OSDA-free
10.0,1.7179967,99.0,3.8461578,0.35294127,0.0,0.35294122,0.0,73.5294,0.0,150.0,72.0,CHA,OSDA-free
2.5,1.7179967,99.0,250.0,0.0,0.557143,0.0,0.21428572,10.714286,0.0,160.0,120.0,CHA,OSDA-free
2.4999998,1.7179967,99.0,250.0,0.0,0.55714285,0.0,0.21428572,7.1428585,0.0,160.0,120.0,CHA,OSDA-free
2.5,1.7179967,99.0,250.0,0.0,0.557143,0.0,0.21428572,10.714286,0.0,160.0,108.0,CHA,OSDA-free
2.5,1.7179967,99.0,250.0,0.0,0.557143,0.0,0.21428572,10.714286,0.0,160.0,96.0,CHA,OSDA-free
2.5,1.7179967,99.0,250.0,0.0,0.557143,0.0,0.21428572,10.714286,0.0,160.0,72.0,CHA,OSDA-free
2.5,1.7179967,99.0,250.0,0.0,0.557143,0.0,0.21428572,10.714286,0.0,160.0,96.0,CHA,OSDA-free
2.5,1.7179967,99.0,250.0,0.0,0.557143,0.0,0.21428572,10.714286,0.0,160.0,120.0,CHA,OSDA-free
2.5,1.7179967,99.0,250.0,0.0,0.557143,0.0,0.21428572,10.714286,0.0,160.0,60.0,CHA,OSDA-free
2.5,1.7179967,99.0,250.0,0.0,0.557143,0.0,0.21428572,10.714286,0.0,160.0,72.0,CHA,OSDA-free
2.5,1.7179967,99.0,250.0,0.0,0.557143,0.0,0.21428572,10.714286,0.0,160.0,96.0,CHA,OSDA-free
2.5,1.7179967,99.0,250.0,0.0,0.557143,0.0,0.21428572,10.714286,0.0,160.0,120.0,CHA,OSDA-free
2.5,1.7179967,99.0,250.0,0.0,0.557143,0.0,0.21428572,10.714286,0.0,160.0,60.0,CHA,OSDA-free
2.5,1.7179967,99.0,250.0,0.0,0.557143,0.0,0.21428572,10.714286,0.0,160.0,72.0,CHA,OSDA-free
2.5,1.7179967,99.0,250.0,0.0,0.557143,0.0,0.21428572,10.714286,0.0,160.0,96.0,CHA,OSDA-free
2.5,1.7179967,99.0,250.0,0.0,0.55714285,0.0,0.17857122,10.714286,0.0,160.0,72.0,CHA,OSDA-free
2.5,1.7179967,99.0,250.0,0.0,0.55714285,0.0,0.21428572,25.0,0.0,180.0,48.0,CHA,OSDA-free
2.5,1.7179967,99.0,250.0,0.0,0.55714285,0.0,0.21428572,25.0,0.0,170.0,60.0,CHA,OSDA-free
2.5,1.7179967,99.0,250.0,0.0,0.55714285,0.0,0.21428572,25.0,0.0,180.0,60.0,CHA,OSDA-free
2.5,1.7179967,99.0,250.0,0.0,0.55714285,0.0,0.21428572,25.0,0.0,150.0,72.0,CHA,OSDA-free
2.5,1.7179967,99.0,250.0,0.0,0.55714285,0.0,0.21428572,25.0,0.0,160.0,72.0,CHA,OSDA-free
2.5,1.7179967,99.0,250.0,0.0,0.55714285,0.0,0.21428572,25.0,0.0,170.0,72.0,CHA,OSDA-free
2.5,1.7179967,99.0,250.0,0.0,0.55714285,0.0,0.21428572,25.0,0.0,180.0,72.0,CHA,OSDA-free
2.5,1.7179967,99.0,250.0,0.0,0.57142866,0.0,0.1428573,25.0,0.0,160.0,24.0,CHA,OSDA-free
2.5,1.7179967,99.0,250.0,0.0,0.57142866,0.0,0.1428573,25.0,0.0,160.0,48.0,CHA,OSDA-free
2.5,1.7179967,99.0,250.0,0.0,0.57142866,0.0,0.1428573,25.0,0.0,160.0,10.0,CHA,OSDA-free
2.5,1.7179967,99.0,250.0,0.0,0.57142866,0.0,0.1428573,25.0,0.0,160.0,24.0,CHA,OSDA-free
2.5,1.7179967,99.0,250.0,0.0,0.57142866,0.0,0.1428573,25.0,0.0,160.0,36.0,CHA,OSDA-free
2.5,1.7179967,99.0,250.0,0.0,0.57142866,0.0,0.1428573,25.0,0.0,160.0,10.0,CHA,OSDA-free
2.5,1.7179967,99.0,250.0,0.0,0.57142866,0.0,0.1428573,25.0,0.0,160.0,24.0,CHA,OSDA-free
2.549999,1.7179967,99.0,250.0,0.0,0.39436603,0.3154929,0.0,15.492957,0.0,100.0,48.0,CHA,OSDA-free
2.549999,1.7179967,99.0,250.0,0.0,0.39436603,0.3154929,0.0,15.492957,0.0,100.0,168.0,CHA,OSDA-free
2.5,1.7179967,99.0,250.0,0.0,0.714285,0.71428597,0.0,71.42855,0.0,90.0,120.0,CHA,OSDA-free
5.0,1.7179967,99.0,250.0,0.66666645,0.16666666,0.16666667,0.0,16.666666,0.0,100.0,48.0,CHA,OSDA-free
5.0,1.7179967,99.0,250.0,0.5499999,0.28333333,0.28333333,0.0,16.666666,0.0,100.0,72.0,CHA,OSDA-free
5.0,1.7179967,99.0,250.0,0.41666672,0.41666627,0.41666666,0.0,16.666668,0.0,100.0,120.0,CHA,OSDA-free
5.0,1.7179967,99.0,250.0,0.2833334,0.5499998,0.5500001,0.0,16.666666,0.0,100.0,168.0,CHA,OSDA-free
0.0,0.0,0.0,0.0,0.0,0.0,0.0,0.0,200.0,0.0,140.01447,310.22604,CHA,OSDA-free
40.0,1.7179967,99.0,250.0,0.48780492,0.0,0.39024392,0.0,92.68294,0.0,150.0,40.0,CHA,OSDA-free
40.0,1.7179967,99.0,250.0,0.6634143,0.0,0.5307318,0.0,92.68294,0.0,150.0,40.0,CHA,OSDA-free
39.999958,1.7179967,99.0,250.0,0.82926834,0.0,0.6634146,0.0,92.68294,0.0,150.0,40.0,CHA,OSDA-free
40.0,1.7179967,99.0,250.0,0.48780492,0.0,0.39024392,0.0,92.68294,0.0,155.0,40.0,CHA,OSDA-free
0.0,0.0,0.0,0.0,0.0,0.0,0.0,0.0,200.0,0.0,200.0,2.0,CHA,OSDA-free
0.0,0.0,0.0,0.0,0.0,0.0,0.0,0.0,200.0,0.0,200.0,72.0,CHA,OSDA-free
2.0,1.7179967,99.0,250.0,0.0,0.8250826,0.66006577,0.0,45.874584,0.0,80.0,96.0,CHA,OSDA-free
3.0000007,1.7179967,99.0,250.0,0.0,0.61881196,0.49504948,0.0,34.40594,0.0,80.0,96.0,CHA,OSDA-free
4.0,1.7179967,99.0,250.0,0.0,0.49504945,0.3960396,0.0,27.524752,0.0,80.0,192.0,CHA,OSDA-free
2.0,1.7179967,99.0,250.0,0.0,0.41254124,0.33003303,0.0,45.874584,0.0,80.0,96.0,CHA,OSDA-free
2.0,1.7179967,99.0,250.0,0.0,0.5775575,0.46204612,0.0,45.874584,0.0,80.0,96.0,CHA,OSDA-free
2.0,1.7179967,99.0,250.0,0.0,0.74257433,0.5940595,0.0,45.874584,0.0,80.0,96.0,CHA,OSDA-free
3.0000007,1.7179967,99.0,250.0,0.0,0.55693084,0.44554448,0.0,34.40594,0.0,80.0,96.0,CHA,OSDA-free
0.6733672,1.7179967,99.0,250.0,0.0,3.0029306,2.402403,0.0,63.964012,0.0,86.0,410.7435,CHA,OSDA-free
0.6733672,1.7179967,99.0,250.0,0.60060024,2.4024055,2.402403,0.0,63.964012,0.0,86.0,365.10715,CHA,OSDA-free
5.5510216,1.7179967,99.0,250.0,0.45690545,0.0,0.41536865,0.0,8.15161,0.0,90.0,6.0,CHA,OSDA-free
6.1020384,1.7179967,99.0,250.0,0.4214559,0.0,0.38314182,0.0,7.519156,0.0,90.0,16.0,CHA,OSDA-free
5.0,1.7179967,99.0,250.0,0.390539,0.11001059,0.44004405,0.0,9.075908,0.0,90.0,96.0,CHA,OSDA-free
5.0,1.7179967,99.0,250.0,0.390539,0.11001059,0.44004405,0.0,9.075908,0.0,90.0,192.0,CHA,OSDA-free
3.0030036,1.7179967,99.0,250.0,0.75018746,0.0,0.6001501,0.0,18.379599,0.0,100.0,16.0,CHA,OSDA-free
3.0078125,1.7179967,99.0,250.0,1.920999,0.0,1.5594536,0.0,81.87134,0.0,100.0,16.0,CHA,OSDA-free
2.9985008,1.7179967,99.0,250.0,0.0,0.3749529,0.2999625,0.0,5.0618668,0.0,125.0,72.0,CHA,OSDA-free
0.91058034,1.7179967,99.0,250.0,0.046801936,0.733229,0.6240249,0.0,1.716069,0.0,140.0,96.0,CHA,OSDA-free
2.5,1.7179967,99.0,250.0,0.0,2.1977596,1.7582425,0.0,22.417585,0.0,165.0,72.0,CHA,OSDA-free
4.988828,1.7179967,99.0,250.0,0.0,0.9328351,0.7462687,0.0,13.246269,0.0,165.0,72.0,CHA,OSDA-free
400.0,0.0,99.0,250.0,0.0,0.8266647,0.66133356,0.0,45.333336,0.0,80.0,96.0,CHA,OSDA-free
400.0,0.0,99.0,250.0,0.0,0.0,0.3,0.0,41.000004,0.15,135.0,156.0,BEA,C[N+]1(CC2CCCCC2)CCC(CCCC2CC[N+](C)(CC3CCCCC3)CC2)CC1
400.0,0.0,99.0,250.0,0.0,0.0,0.3,0.0,41.000004,0.15,150.0,156.0,BEA,C[N+]1(CC2CCCCC2)CCC(CCCC2CC[N+](C)(CC3CCCCC3)CC2)CC1
400.0,0.0,99.0,250.0,0.0,0.19999991,0.2,0.0,41.999996,0.2,160.0,168.0,MRE,CCCCCCCCC[N+](C)(C)C
400.0,0.0,99.0,62.500008,0.0,0.09842518,0.39370075,0.0,41.33858,0.39370078,160.0,168.0,MRE,CCCCCCCCC[N+](C)(C)C
33.333332,1.7179967,99.0,250.0,0.0,0.19417475,0.1553398,0.0,40.7767,0.19417475,160.0,372.0,Dense/Amorphous,CC(C)CCNC(C)(C)C
62.5,1.7179967,99.0,250.0,0.0,0.19685036,0.15748031,0.0,41.33858,0.19685039,160.0,204.0,Dense/Amorphous,CC(C)CCNC(C)(C)C
400.0,0.0,99.0,250.0,0.0,0.0,0.3,0.0,30.0,0.15,160.0,240.0,Dense/Amorphous,C[N+]1(CCCCCC[N+]2(C)CCCCC2)CCCCC1
400.0,0.0,99.0,250.0,0.015000002,0.0,0.31499994,0.0,30.0,0.15,160.0,96.0,Dense/Amorphous,C[N+]1(CCCCCC[N+]2(C)CCCCC2)CCCCC1
400.0,0.0,99.0,250.0,0.040000025,0.0,0.33999997,0.0,30.0,0.15,160.0,96.0,Dense/Amorphous,C[N+]1(CCCCCC[N+]2(C)CCCCC2)CCCCC1
400.0,0.0,99.0,250.0,0.11999998,0.0,0.42,0.0,30.0,0.15,160.0,96.0,Dense/Amorphous,C[N+]1(CCCCCC[N+]2(C)CCCCC2)CCCCC1
400.0,0.0,99.0,250.0,0.015000002,0.0,0.31499994,0.0,30.0,0.15,180.0,168.0,Dense/Amorphous,C[N+]1(CCCCCC[N+]2(C)CCCCC2)CCCCC1
400.0,0.0,99.0,250.0,0.040000025,0.0,0.33999997,0.0,30.0,0.15,180.0,168.0,Dense/Amorphous,C[N+]1(CCCCCC[N+]2(C)CCCCC2)CCCCC1
1.0,1.7179967,99.0,250.0,0.0,0.7500002,0.76,0.0,200.0,1.0,100.0,672.0,Dense/Amorphous,C[N+]1(CCCCCC[N+]2(C)CCCCC2)CCCCC1
400.0,0.0,99.0,250.0,0.0,0.0,0.3,0.0,28.130001,0.15,160.0,144.0,Dense/Amorphous,C[N+]1(CCCCCC[N+]2(C)CCCCC2)CCCCC1
120.0,1.7179967,99.0,250.0,0.33057848,0.0,0.3305785,0.0,33.057854,0.16528922,170.0,168.0,Dense/Amorphous,C[N+]1(CCCCCC[N+]2(C)CCCCC2)CCCCC1
40.0,1.7179967,99.0,250.0,0.1756098,0.0,0.1404878,0.0,0.0,0.0,160.0,1061.4237,Dense/Amorphous,C[N+]1(CCCCCC[N+]2(C)CCCCC2)CCCCC1
4.2068934,1.7179967,99.0,250.0,0.4966888,0.16556284,0.16556293,0.0,13.311258,0.0,100.0,168.0,PHI,OSDA-free
4.0,1.7179967,99.0,250.0,0.32,0.0,0.32,0.0,25.600002,0.0,100.0,1128.0004,PHI,OSDA-free
9.090909,1.7179967,99.0,250.0,0.41981998,0.13873877,0.5585586,0.0,10.450451,0.0,100.0,20.0,PHI,OSDA-free
9.090909,1.7179967,99.0,250.0,0.41981998,0.13873877,0.5585586,0.0,10.450451,0.0,100.0,29.999996,PHI,OSDA-free
23.500004,1.7179967,99.0,250.0,0.6938775,0.0,0.6938775,0.0,29.734695,0.0,120.0,168.0,PHI,OSDA-free
5.0,1.7179967,99.0,250.0,0.24666665,0.06000003,0.24533336,0.0,12.5,0.52666664,100.0,140.34816,PHI,OSDA-free
5.0,1.7179967,99.0,250.0,0.3533334,0.046666566,0.32,0.0,12.5,0.41666666,100.0,295.32886,PHI,OSDA-free
5.0,1.7179967,99.0,250.0,0.24,0.0,0.19199999,0.0,12.5,0.52666664,100.0,527.1307,PHI,OSDA-free
5.0,1.7179967,99.0,250.0,0.24666665,0.0046669915,0.20106661,0.0,12.5,0.52666664,100.0,307.41183,PHI,OSDA-free
5.0,1.7179967,99.0,250.0,0.24666665,0.08666659,0.26666668,0.0,12.5,0.52666664,100.0,166.38626,PHI,OSDA-free
5.0,1.7179967,99.0,250.0,0.18666664,0.06000003,0.19733334,0.0,12.5,0.52666664,120.0,112.64571,PHI,OSDA-free
5.0,1.7179967,99.0,250.0,0.24666665,0.06000003,0.24533336,0.0,12.5,0.4866667,120.0,288.72165,PHI,OSDA-free
5.0,1.7179967,99.0,250.0,0.19333334,0.0046669915,0.15840003,0.0,12.5,0.52666664,120.0,164.60606,PHI,OSDA-free
5.0,1.7179967,99.0,250.0,0.3533334,0.046666566,0.32,0.0,12.5,0.41666666,120.0,379.69812,PHI,OSDA-free
5.0,1.7179967,99.0,250.0,0.18666664,0.056666642,0.19466665,0.0,12.5,0.52666664,120.0,520.34,PHI,OSDA-free
5.0,1.7179967,99.0,250.0,0.18000005,0.0,0.14400005,0.0,12.5,0.52666664,120.0,176.02472,PHI,OSDA-free
5.0,1.7179967,99.0,250.0,0.18000005,0.06000003,0.19199999,0.0,12.5,0.52666664,120.0,437.20816,PHI,OSDA-free
5.0,1.7179967,99.0,250.0,0.18666664,0.0046669915,0.1530667,0.0,12.5,0.52666664,120.0,136.94643,PHI,OSDA-free
5.0,1.7179967,99.0,250.0,0.66666645,0.16666666,0.16666667,0.0,16.666666,0.0,110.0,72.0,PHI,OSDA-free
5.0,1.7179967,99.0,250.0,0.83333313,0.0,0.6666667,0.0,16.666666,0.0,100.0,48.0,PHI,OSDA-free
4.0,1.7179967,99.0,250.0,0.32,0.0,0.25599986,0.0,25.439997,0.0,100.0,1128.0004,PHI,OSDA-free
4.0,1.7179967,99.0,250.0,0.32,0.0,0.25599986,0.0,25.439997,0.0,100.0,1296.0005,PHI,OSDA-free
9.968753,1.7179967,99.0,250.0,0.6267806,0.32288694,0.7597341,0.0,14.33998,0.0,100.0,67.999985,PHI,OSDA-free
400.0,0.0,99.0,250.0,0.6923076,0.35164794,0.8351645,0.0,15.384616,0.0,100.0,67.999985,PHI,OSDA-free
30.03003,1.7179967,99.0,250.0,0.0,0.0,0.7742185,0.0,43.065903,0.09677732,160.0,168.0,MTW,C[N+](C)(C)CCCCC[N+](C)(C)C
30.03003,1.7179967,99.0,250.0,0.0,0.0,0.900029,0.0,43.065903,0.09677732,160.0,168.0,MTW,C[N+](C)(C)CCCCC[N+](C)(C)C
30.0,1.7179967,99.0,250.0,0.45483884,0.0,0.19354838,0.0,38.70968,0.09677419,160.0,168.0,MTW,C[N+](C)(C)CCCCC[N+](C)(C)C
400.0,0.0,1.0,250.0,0.0,0.0,0.0,0.5,5.0,0.25,150.0,168.0,BEC,OCC1CCCN1Cc1cccc(CN2CCCC2CO)c1
400.0,0.0,1.0,250.0,0.0,0.0,0.0,0.5,5.0,0.25,150.0,336.0,BEC,OCC1CCCN1Cc1cccc(CN2CCCC2CO)c1
400.0,0.0,1.0,250.0,0.0,0.0,0.0,0.5,5.0,0.25,175.0,168.0,BEC,OCC1CCCN1Cc1cccc(CN2CCCC2CO)c1
400.0,0.0,4.9880238,250.0,0.0,0.0,0.0,0.5,5.0,0.25,150.0,168.0,BEC,OCC1CCCN1Cc1cccc(CN2CCCC2CO)c1
400.0,0.0,4.9880238,250.0,0.0,0.0,0.0,0.5,5.0,0.25,150.0,336.0,BEC,OCC1CCCN1Cc1cccc(CN2CCCC2CO)c1
400.0,0.0,4.9880238,250.0,0.0,0.0,0.0,0.5,5.0,0.25,175.0,168.0,BEC,OCC1CCCN1Cc1cccc(CN2CCCC2CO)c1
400.0,0.0,4.9880238,250.0,0.0,0.0,0.0,0.5,3.0,0.25,150.0,168.0,BEC,OCC1CCCN1Cc1cccc(CN2CCCC2CO)c1
400.0,0.0,4.9880238,250.0,0.0,0.0,0.0,0.5,3.0,0.25,175.0,168.0,BEC,OCC1CCCN1Cc1cccc(CN2CCCC2CO)c1
400.0,0.0,99.0,250.0,1.7094017,0.39316252,0.08547012,0.0,25.641026,0.08547009,180.0,120.0,Dense/Amorphous,CC1CC(C)C[N+]2(CCCCC2)C1
400.0,0.0,99.0,250.0,1.7094017,0.3931624,0.17094016,0.0,25.641026,0.17094018,180.0,120.0,Dense/Amorphous,CC1CC(C)C[N+]2(CCCCC2)C1
400.0,0.0,99.0,250.0,1.7094017,0.3931624,0.25641027,0.0,25.641026,0.25641027,180.0,120.0,Dense/Amorphous,CC1CC(C)C[N+]2(CCCCC2)C1
400.0,0.0,99.0,250.0,1.7094017,0.39316252,0.08547012,0.0,25.641026,0.08547009,230.0,120.0,Dense/Amorphous,CC1CC(C)C[N+]2(CCCCC2)C1
400.0,0.0,99.0,250.0,1.7094017,0.3931624,0.17094016,0.0,25.641026,0.17094018,230.0,120.0,Dense/Amorphous,CC1CC(C)C[N+]2(CCCCC2)C1
400.0,0.0,99.0,250.0,1.7094017,0.3931624,0.25641027,0.0,25.641026,0.25641027,230.0,120.0,Dense/Amorphous,CC1CC(C)C[N+]2(CCCCC2)C1
400.0,0.0,99.0,250.0,1.7094017,0.3931624,0.34188035,0.0,25.641026,0.34188032,230.0,120.0,Dense/Amorphous,CC1CC(C)C[N+]2(CCCCC2)C1
400.0,0.0,99.0,250.0,1.7094017,0.3931624,0.23213676,0.0,25.641026,0.42735043,230.0,120.0,Dense/Amorphous,CC1CC(C)C[N+]2(CCCCC2)C1
400.0,0.0,99.0,250.0,1.7094017,0.3931624,0.0,0.0,25.641024,0.17094018,200.0,168.0,Dense/Amorphous,CC1CC(C)C[N+]2(CCCCC2)C1
16.66667,1.7179967,99.0,250.0,0.35849074,0.0,0.03773582,0.0,67.54719,0.018867914,150.0,48.0,MTW,CN(C)CCCCCC[N+](C)(C)Cc1ccc(C[N+](C)(C)CCCCCCN(C)C)cc1
16.66667,1.7179967,99.0,250.0,0.35849074,0.0,0.03773582,0.0,67.54719,0.018867914,150.0,36.0,MTW,CN(C)CCCCCC[N+](C)(C)Cc1ccc(C[N+](C)(C)CCCCCCN(C)C)cc1
16.66667,1.7179967,99.0,250.0,0.35849074,0.0,0.03773582,0.0,67.54719,0.018867914,150.0,24.0,MTW,CN(C)CCCCCC[N+](C)(C)Cc1ccc(C[N+](C)(C)CCCCCCN(C)C)cc1
400.0,0.0,99.0,250.0,0.0,0.0,0.0,1.0,20.0,0.08,180.0,156.0,MFI,CCCC[N+](CC)(CCCC)CCCC
400.0,0.0,99.0,250.0,0.0,0.0,0.04,0.0,30.0,0.0,150.0,240.0,Dense/Amorphous,C[N+]12CCCC[C@@H]1[C@H]1C[C@@H](C2)[C@@H]2CCCCN2C1
400.0,0.0,99.0,250.0,0.0,0.0,0.0,0.53,12.400001,0.5,175.0,96.0,Dense/Amorphous,C[N+]12CCCC[C@@H]1[C@H]1C[C@@H](C2)[C@@H]2CCCCN2C1
400.0,0.0,2.0303037,250.0,0.0,0.0,0.0,0.5,20.0,0.5,175.0,168.0,Dense/Amorphous,C[N+]12CCCC[C@@H]1[C@H]1C[C@@H](C2)[C@@H]2CCCCN2C1
400.0,0.0,99.0,250.0,0.0,0.0,0.0,0.5,3.0,0.5,175.0,744.0002,Dense/Amorphous,C[N+]12CCCC[C@@H]1[C@H]1C[C@@H](C2)[C@@H]2CCCCN2C1
400.0,0.0,99.0,250.0,0.0,0.0,0.0,0.5,3.0,0.5,175.0,744.0002,Dense/Amorphous,C[N+]12CCCC[C@@H]1[C@H]1C[C@@H](C2)[C@@H]2CCCCN2C1
400.0,0.0,99.0,250.0,0.0,0.0,0.0,0.5,3.0,0.5,175.0,2160.0034,Dense/Amorphous,C[N+]12CCCC[C@@H]1[C@H]1C[C@@H](C2)[C@@H]2CCCCN2C1
400.0,0.0,99.0,250.0,0.0,0.0,0.0,0.5,3.0,0.5,175.0,1080.0002,Dense/Amorphous,C[N+]12CCCC[C@@H]1[C@H]1C[C@@H](C2)[C@@H]2CCCCN2C1
400.0,0.0,99.0,250.0,0.0,0.0,0.0,0.5,3.0,0.5,175.0,1728.0065,Dense/Amorphous,C[N+]12CCCC[C@@H]1[C@H]1C[C@@H](C2)[C@@H]2CCCCN2C1
400.0,0.0,2.0030031,250.0,0.0,0.0,0.0,0.08299982,4.0,0.5,175.0,288.0,Dense/Amorphous,C[N+]12CCCC[C@@H]1[C@H]1C[C@@H](C2)[C@@H]2CCCCN2C1
400.0,0.0,2.0030031,250.0,0.0,0.0,0.0,0.0,4.0,0.5,175.0,288.0,Dense/Amorphous,C[N+]12CCCC[C@@H]1[C@H]1C[C@@H](C2)[C@@H]2CCCCN2C1
400.0,0.0,4.9988003,250.0,0.0,0.0,0.0,0.08299982,4.0,0.5,175.0,288.0,Dense/Amorphous,C[N+]12CCCC[C@@H]1[C@H]1C[C@@H](C2)[C@@H]2CCCCN2C1
400.0,0.0,4.9988003,250.0,0.0,0.0,0.0,0.0,4.0,0.5,175.0,288.0,Dense/Amorphous,C[N+]12CCCC[C@@H]1[C@H]1C[C@@H](C2)[C@@H]2CCCCN2C1
400.0,0.0,4.9988003,250.0,0.0,0.0,0.0,0.0,4.0,0.5,175.0,288.0,Dense/Amorphous,C[N+]12CCCC[C@@H]1[C@H]1C[C@@H](C2)[C@@H]2CCCCN2C1
400.0,0.0,4.9988003,250.0,0.0,0.0,0.0,0.0,4.0,0.5,175.0,288.0,Dense/Amorphous,C[N+]12CCCC[C@@H]1[C@H]1C[C@@H](C2)[C@@H]2CCCCN2C1
14.626865,1.7179967,99.0,250.0,0.0,0.0,0.0,0.23877746,1.9102194,0.23877746,175.0,24.0,Dense/Amorphous,C[N+]12CCCC[C@@H]1[C@H]1C[C@@H](C2)[C@@H]2CCCCN2C1
14.626865,1.7179967,99.0,250.0,0.0,0.0,0.0,0.23877746,1.9102194,0.23877746,175.0,120.0,Dense/Amorphous,C[N+]12CCCC[C@@H]1[C@H]1C[C@@H](C2)[C@@H]2CCCCN2C1
23.437496,1.7179967,99.0,250.0,0.0,0.0,0.0,0.2557544,5.11509,0.25575447,175.0,24.0,Dense/Amorphous,C[N+]12CCCC[C@@H]1[C@H]1C[C@@H](C2)[C@@H]2CCCCN2C1
13.9925375,1.7179967,99.0,250.0,0.0,0.0,0.0,0.24888015,4.9776006,0.24888004,175.0,24.0,Dense/Amorphous,C[N+]12CCCC[C@@H]1[C@H]1C[C@@H](C2)[C@@H]2CCCCN2C1
23.799997,1.7179967,99.0,250.0,0.0,0.0,0.0,0.25201613,5.040323,0.25201616,175.0,24.0,Dense/Amorphous,C[N+]12CCCC[C@@H]1[C@H]1C[C@@H](C2)[C@@H]2CCCCN2C1
14.208953,1.7179967,99.0,250.0,0.0,0.0,0.0,0.24533853,4.906771,0.24533856,175.0,24.0,Dense/Amorphous,C[N+]12CCCC[C@@H]1[C@H]1C[C@@H](C2)[C@@H]2CCCCN2C1
24.050003,1.7179967,99.0,250.0,0.0,0.0,0.0,0.249501,4.99002,0.249501,175.0,24.0,Dense/Amorphous,C[N+]12CCCC[C@@H]1[C@H]1C[C@@H](C2)[C@@H]2CCCCN2C1
14.358205,1.7179967,99.0,250.0,0.0,0.0,0.0,0.2429543,4.859087,0.24295433,175.0,24.0,Dense/Amorphous,C[N+]12CCCC[C@@H]1[C@H]1C[C@@H](C2)[C@@H]2CCCCN2C1
49.0,1.7179967,99.0,250.0,0.0,0.0,0.0,0.24999999,5.0,0.25,175.0,24.0,Dense/Amorphous,C[N+]12CCCC[C@@H]1[C@H]1C[C@@H](C2)[C@@H]2CCCCN2C1
24.499998,1.7179967,99.0,250.0,0.0,0.0,0.0,0.24509804,4.901961,0.24509804,175.0,24.0,Dense/Amorphous,C[N+]12CCCC[C@@H]1[C@H]1C[C@@H](C2)[C@@H]2CCCCN2C1
14.626865,1.7179967,99.0,250.0,0.0,0.0,0.0,0.23877746,4.7755494,0.23877746,175.0,24.0,Dense/Amorphous,C[N+]12CCCC[C@@H]1[C@H]1C[C@@H](C2)[C@@H]2CCCCN2C1
23.437496,1.7179967,99.0,250.0,0.0,0.0,0.0,0.2557544,5.11509,0.25575447,175.0,120.0,Dense/Amorphous,C[N+]12CCCC[C@@H]1[C@H]1C[C@@H](C2)[C@@H]2CCCCN2C1
13.9925375,1.7179967,99.0,250.0,0.0,0.0,0.0,0.24888015,4.9776006,0.24888004,175.0,120.0,Dense/Amorphous,C[N+]12CCCC[C@@H]1[C@H]1C[C@@H](C2)[C@@H]2CCCCN2C1
23.799997,1.7179967,99.0,250.0,0.0,0.0,0.0,0.25201613,5.040323,0.25201616,175.0,120.0,Dense/Amorphous,C[N+]12CCCC[C@@H]1[C@H]1C[C@@H](C2)[C@@H]2CCCCN2C1
14.208953,1.7179967,99.0,250.0,0.0,0.0,0.0,0.24533853,4.906771,0.24533856,175.0,120.0,Dense/Amorphous,C[N+]12CCCC[C@@H]1[C@H]1C[C@@H](C2)[C@@H]2CCCCN2C1
48.100002,1.7179967,99.0,250.0,0.0,0.0,0.0,0.25458243,5.09165,0.25458243,175.0,120.0,Dense/Amorphous,C[N+]12CCCC[C@@H]1[C@H]1C[C@@H](C2)[C@@H]2CCCCN2C1
24.050003,1.7179967,99.0,250.0,0.0,0.0,0.0,0.249501,4.99002,0.249501,175.0,120.0,Dense/Amorphous,C[N+]12CCCC[C@@H]1[C@H]1C[C@@H](C2)[C@@H]2CCCCN2C1
14.358205,1.7179967,99.0,250.0,0.0,0.0,0.0,0.2429543,4.859087,0.24295433,175.0,120.0,Dense/Amorphous,C[N+]12CCCC[C@@H]1[C@H]1C[C@@H](C2)[C@@H]2CCCCN2C1
49.0,1.7179967,99.0,250.0,0.0,0.0,0.0,0.24999999,5.0,0.25,175.0,120.0,Dense/Amorphous,C[N+]12CCCC[C@@H]1[C@H]1C[C@@H](C2)[C@@H]2CCCCN2C1
24.499998,1.7179967,99.0,250.0,0.0,0.0,0.0,0.24509804,4.901961,0.24509804,175.0,120.0,Dense/Amorphous,C[N+]12CCCC[C@@H]1[C@H]1C[C@@H](C2)[C@@H]2CCCCN2C1
14.626865,1.7179967,99.0,250.0,0.0,0.0,0.0,0.23877746,4.7755494,0.23877746,175.0,120.0,Dense/Amorphous,C[N+]12CCCC[C@@H]1[C@H]1C[C@@H](C2)[C@@H]2CCCCN2C1
46.875015,1.7179967,99.0,250.0,0.0,0.0,0.0,0.26109675,10.443865,0.26109663,175.0,24.0,Dense/Amorphous,C[N+]12CCCC[C@@H]1[C@H]1C[C@@H](C2)[C@@H]2CCCCN2C1
23.437496,1.7179967,99.0,250.0,0.0,0.0,0.0,0.2557544,10.230178,0.25575447,175.0,24.0,Dense/Amorphous,C[N+]12CCCC[C@@H]1[C@H]1C[C@@H](C2)[C@@H]2CCCCN2C1
13.9925375,1.7179967,99.0,250.0,0.0,0.0,0.0,0.24888015,9.955201,0.24888004,175.0,24.0,Dense/Amorphous,C[N+]12CCCC[C@@H]1[C@H]1C[C@@H](C2)[C@@H]2CCCCN2C1
47.599983,1.7179967,99.0,250.0,0.0,0.0,0.0,0.25720182,10.288065,0.25720158,175.0,24.0,Dense/Amorphous,C[N+]12CCCC[C@@H]1[C@H]1C[C@@H](C2)[C@@H]2CCCCN2C1
23.799997,1.7179967,99.0,250.0,0.0,0.0,0.0,0.25201613,10.080646,0.25201616,175.0,24.0,Dense/Amorphous,C[N+]12CCCC[C@@H]1[C@H]1C[C@@H](C2)[C@@H]2CCCCN2C1
14.208953,1.7179967,99.0,250.0,0.0,0.0,0.0,0.24533853,9.813543,0.24533856,175.0,24.0,Dense/Amorphous,C[N+]12CCCC[C@@H]1[C@H]1C[C@@H](C2)[C@@H]2CCCCN2C1
48.100002,1.7179967,99.0,250.0,0.0,0.0,0.0,0.25458243,10.1833,0.25458243,175.0,24.0,Dense/Amorphous,C[N+]12CCCC[C@@H]1[C@H]1C[C@@H](C2)[C@@H]2CCCCN2C1
24.050003,1.7179967,99.0,250.0,0.0,0.0,0.0,0.249501,9.98004,0.249501,175.0,24.0,Dense/Amorphous,C[N+]12CCCC[C@@H]1[C@H]1C[C@@H](C2)[C@@H]2CCCCN2C1
14.358205,1.7179967,99.0,250.0,0.0,0.0,0.0,0.2429543,9.718172,0.24295433,175.0,24.0,Dense/Amorphous,C[N+]12CCCC[C@@H]1[C@H]1C[C@@H](C2)[C@@H]2CCCCN2C1
49.0,1.7179967,99.0,250.0,0.0,0.0,0.0,0.25,10.0,0.25,175.0,24.0,Dense/Amorphous,C[N+]12CCCC[C@@H]1[C@H]1C[C@@H](C2)[C@@H]2CCCCN2C1
24.499998,1.7179967,99.0,250.0,0.0,0.0,0.0,0.24509804,9.803922,0.24509804,175.0,24.0,Dense/Amorphous,C[N+]12CCCC[C@@H]1[C@H]1C[C@@H](C2)[C@@H]2CCCCN2C1
14.626865,1.7179967,99.0,250.0,0.0,0.0,0.0,0.23877746,9.551098,0.23877746,175.0,24.0,Dense/Amorphous,C[N+]12CCCC[C@@H]1[C@H]1C[C@@H](C2)[C@@H]2CCCCN2C1
46.875015,1.7179967,99.0,250.0,0.0,0.0,0.0,0.26109675,10.443865,0.26109663,175.0,120.0,Dense/Amorphous,C[N+]12CCCC[C@@H]1[C@H]1C[C@@H](C2)[C@@H]2CCCCN2C1
23.437496,1.7179967,99.0,250.0,0.0,0.0,0.0,0.2557544,10.230178,0.25575447,175.0,120.0,Dense/Amorphous,C[N+]12CCCC[C@@H]1[C@H]1C[C@@H](C2)[C@@H]2CCCCN2C1
13.9925375,1.7179967,99.0,250.0,0.0,0.0,0.0,0.24888015,9.955201,0.24888004,175.0,120.0,Dense/Amorphous,C[N+]12CCCC[C@@H]1[C@H]1C[C@@H](C2)[C@@H]2CCCCN2C1
47.599983,1.7179967,99.0,250.0,0.0,0.0,0.0,0.25720182,10.288065,0.25720158,175.0,120.0,Dense/Amorphous,C[N+]12CCCC[C@@H]1[C@H]1C[C@@H](C2)[C@@H]2CCCCN2C1
23.799997,1.7179967,99.0,250.0,0.0,0.0,0.0,0.25201613,10.080646,0.25201616,175.0,120.0,Dense/Amorphous,C[N+]12CCCC[C@@H]1[C@H]1C[C@@H](C2)[C@@H]2CCCCN2C1
14.208953,1.7179967,99.0,250.0,0.0,0.0,0.0,0.24533853,9.813543,0.24533856,175.0,120.0,Dense/Amorphous,C[N+]12CCCC[C@@H]1[C@H]1C[C@@H](C2)[C@@H]2CCCCN2C1
48.100002,1.7179967,99.0,250.0,0.0,0.0,0.0,0.25458243,10.1833,0.25458243,175.0,120.0,Dense/Amorphous,C[N+]12CCCC[C@@H]1[C@H]1C[C@@H](C2)[C@@H]2CCCCN2C1
24.050003,1.7179967,99.0,250.0,0.0,0.0,0.0,0.249501,9.98004,0.249501,175.0,120.0,Dense/Amorphous,C[N+]12CCCC[C@@H]1[C@H]1C[C@@H](C2)[C@@H]2CCCCN2C1
14.358205,1.7179967,99.0,250.0,0.0,0.0,0.0,0.2429543,9.718172,0.24295433,175.0,120.0,Dense/Amorphous,C[N+]12CCCC[C@@H]1[C@H]1C[C@@H](C2)[C@@H]2CCCCN2C1
49.0,1.7179967,99.0,250.0,0.0,0.0,0.0,0.25,10.0,0.25,175.0,120.0,Dense/Amorphous,C[N+]12CCCC[C@@H]1[C@H]1C[C@@H](C2)[C@@H]2CCCCN2C1
24.499998,1.7179967,99.0,250.0,0.0,0.0,0.0,0.24509804,9.803922,0.24509804,175.0,120.0,Dense/Amorphous,C[N+]12CCCC[C@@H]1[C@H]1C[C@@H](C2)[C@@H]2CCCCN2C1
14.626865,1.7179967,99.0,250.0,0.0,0.0,0.0,0.23877746,9.551098,0.23877746,175.0,120.0,Dense/Amorphous,C[N+]12CCCC[C@@H]1[C@H]1C[C@@H](C2)[C@@H]2CCCCN2C1
14.626865,1.7179967,99.0,250.0,0.0,0.0,0.0,0.47755498,1.9102194,0.47755495,175.0,24.0,Dense/Amorphous,C[N+]12CCCC[C@@H]1[C@H]1C[C@@H](C2)[C@@H]2CCCCN2C1
14.626865,1.7179967,99.0,250.0,0.0,0.0,0.0,0.47755498,1.9102194,0.47755495,175.0,120.0,Dense/Amorphous,C[N+]12CCCC[C@@H]1[C@H]1C[C@@H](C2)[C@@H]2CCCCN2C1
14.208953,1.7179967,99.0,250.0,0.0,0.0,0.0,0.4906771,4.906771,0.49067712,175.0,24.0,Dense/Amorphous,C[N+]12CCCC[C@@H]1[C@H]1C[C@@H](C2)[C@@H]2CCCCN2C1
24.050003,1.7179967,99.0,250.0,0.0,0.0,0.0,0.499002,4.99002,0.49900204,175.0,24.0,Dense/Amorphous,C[N+]12CCCC[C@@H]1[C@H]1C[C@@H](C2)[C@@H]2CCCCN2C1
14.358205,1.7179967,99.0,250.0,0.0,0.0,0.0,0.4859086,4.859087,0.48590863,175.0,24.0,Dense/Amorphous,C[N+]12CCCC[C@@H]1[C@H]1C[C@@H](C2)[C@@H]2CCCCN2C1
49.0,1.7179967,99.0,250.0,0.0,0.0,0.0,0.5,5.0,0.5,175.0,24.0,Dense/Amorphous,C[N+]12CCCC[C@@H]1[C@H]1C[C@@H](C2)[C@@H]2CCCCN2C1
24.499998,1.7179967,99.0,250.0,0.0,0.0,0.0,0.4901961,4.901961,0.49019608,175.0,24.0,Dense/Amorphous,C[N+]12CCCC[C@@H]1[C@H]1C[C@@H](C2)[C@@H]2CCCCN2C1
14.626865,1.7179967,99.0,250.0,0.0,0.0,0.0,0.47755498,4.7755494,0.47755495,175.0,24.0,Dense/Amorphous,C[N+]12CCCC[C@@H]1[C@H]1C[C@@H](C2)[C@@H]2CCCCN2C1
14.358205,1.7179967,99.0,250.0,0.0,0.0,0.0,0.4859086,4.859087,0.48590863,175.0,120.0,Dense/Amorphous,C[N+]12CCCC[C@@H]1[C@H]1C[C@@H](C2)[C@@H]2CCCCN2C1
24.499998,1.7179967,99.0,250.0,0.0,0.0,0.0,0.4901961,4.901961,0.49019608,175.0,120.0,Dense/Amorphous,C[N+]12CCCC[C@@H]1[C@H]1C[C@@H](C2)[C@@H]2CCCCN2C1
14.626865,1.7179967,99.0,250.0,0.0,0.0,0.0,0.47755498,4.7755494,0.47755495,175.0,120.0,Dense/Amorphous,C[N+]12CCCC[C@@H]1[C@H]1C[C@@H](C2)[C@@H]2CCCCN2C1
46.875015,1.7179967,99.0,250.0,0.0,0.0,0.0,0.5221932,10.443865,0.5221933,175.0,24.0,Dense/Amorphous,C[N+]12CCCC[C@@H]1[C@H]1C[C@@H](C2)[C@@H]2CCCCN2C1
23.437496,1.7179967,99.0,250.0,0.0,0.0,0.0,0.51150876,10.230178,0.5115089,175.0,24.0,Dense/Amorphous,C[N+]12CCCC[C@@H]1[C@H]1C[C@@H](C2)[C@@H]2CCCCN2C1
13.9925375,1.7179967,99.0,250.0,0.0,0.0,0.0,0.4977601,9.955201,0.49776012,175.0,24.0,Dense/Amorphous,C[N+]12CCCC[C@@H]1[C@H]1C[C@@H](C2)[C@@H]2CCCCN2C1
47.599983,1.7179967,99.0,250.0,0.0,0.0,0.0,0.5144031,10.288065,0.51440334,175.0,24.0,Dense/Amorphous,C[N+]12CCCC[C@@H]1[C@H]1C[C@@H](C2)[C@@H]2CCCCN2C1
23.799997,1.7179967,99.0,250.0,0.0,0.0,0.0,0.50403225,10.080646,0.50403214,175.0,24.0,Dense/Amorphous,C[N+]12CCCC[C@@H]1[C@H]1C[C@@H](C2)[C@@H]2CCCCN2C1
14.208953,1.7179967,99.0,250.0,0.0,0.0,0.0,0.4906771,9.813543,0.49067712,175.0,24.0,Dense/Amorphous,C[N+]12CCCC[C@@H]1[C@H]1C[C@@H](C2)[C@@H]2CCCCN2C1
48.100002,1.7179967,99.0,250.0,0.0,0.0,0.0,0.5091652,10.1833,0.50916517,175.0,24.0,Dense/Amorphous,C[N+]12CCCC[C@@H]1[C@H]1C[C@@H](C2)[C@@H]2CCCCN2C1
24.050003,1.7179967,99.0,250.0,0.0,0.0,0.0,0.499002,9.98004,0.49900204,175.0,24.0,Dense/Amorphous,C[N+]12CCCC[C@@H]1[C@H]1C[C@@H](C2)[C@@H]2CCCCN2C1
14.358205,1.7179967,99.0,250.0,0.0,0.0,0.0,0.4859086,9.718172,0.48590863,175.0,24.0,Dense/Amorphous,C[N+]12CCCC[C@@H]1[C@H]1C[C@@H](C2)[C@@H]2CCCCN2C1
49.0,1.7179967,99.0,250.0,0.0,0.0,0.0,0.5,10.0,0.5,175.0,24.0,Dense/Amorphous,C[N+]12CCCC[C@@H]1[C@H]1C[C@@H](C2)[C@@H]2CCCCN2C1
24.499998,1.7179967,99.0,250.0,0.0,0.0,0.0,0.4901961,9.803922,0.49019608,175.0,24.0,Dense/Amorphous,C[N+]12CCCC[C@@H]1[C@H]1C[C@@H](C2)[C@@H]2CCCCN2C1
14.626865,1.7179967,99.0,250.0,0.0,0.0,0.0,0.47755498,9.551098,0.47755495,175.0,24.0,Dense/Amorphous,C[N+]12CCCC[C@@H]1[C@H]1C[C@@H](C2)[C@@H]2CCCCN2C1
46.875015,1.7179967,99.0,250.0,0.0,0.0,0.0,0.5221932,10.443865,0.5221933,175.0,120.0,Dense/Amorphous,C[N+]12CCCC[C@@H]1[C@H]1C[C@@H](C2)[C@@H]2CCCCN2C1
23.437496,1.7179967,99.0,250.0,0.0,0.0,0.0,0.51150876,10.230178,0.5115089,175.0,120.0,Dense/Amorphous,C[N+]12CCCC[C@@H]1[C@H]1C[C@@H](C2)[C@@H]2CCCCN2C1
13.9925375,1.7179967,99.0,250.0,0.0,0.0,0.0,0.4977601,9.955201,0.49776012,175.0,120.0,Dense/Amorphous,C[N+]12CCCC[C@@H]1[C@H]1C[C@@H](C2)[C@@H]2CCCCN2C1
47.599983,1.7179967,99.0,250.0,0.0,0.0,0.0,0.5144031,10.288065,0.51440334,175.0,120.0,Dense/Amorphous,C[N+]12CCCC[C@@H]1[C@H]1C[C@@H](C2)[C@@H]2CCCCN2C1
23.799997,1.7179967,99.0,250.0,0.0,0.0,0.0,0.50403225,10.080646,0.50403214,175.0,120.0,Dense/Amorphous,C[N+]12CCCC[C@@H]1[C@H]1C[C@@H](C2)[C@@H]2CCCCN2C1
14.208953,1.7179967,99.0,250.0,0.0,0.0,0.0,0.4906771,9.813543,0.49067712,175.0,120.0,Dense/Amorphous,C[N+]12CCCC[C@@H]1[C@H]1C[C@@H](C2)[C@@H]2CCCCN2C1
48.100002,1.7179967,99.0,250.0,0.0,0.0,0.0,0.5091652,10.1833,0.50916517,175.0,120.0,Dense/Amorphous,C[N+]12CCCC[C@@H]1[C@H]1C[C@@H](C2)[C@@H]2CCCCN2C1
24.050003,1.7179967,99.0,250.0,0.0,0.0,0.0,0.499002,9.98004,0.49900204,175.0,120.0,Dense/Amorphous,C[N+]12CCCC[C@@H]1[C@H]1C[C@@H](C2)[C@@H]2CCCCN2C1
14.358205,1.7179967,99.0,250.0,0.0,0.0,0.0,0.4859086,9.718172,0.48590863,175.0,120.0,Dense/Amorphous,C[N+]12CCCC[C@@H]1[C@H]1C[C@@H](C2)[C@@H]2CCCCN2C1
49.0,1.7179967,99.0,250.0,0.0,0.0,0.0,0.5,10.0,0.5,175.0,120.0,Dense/Amorphous,C[N+]12CCCC[C@@H]1[C@H]1C[C@@H](C2)[C@@H]2CCCCN2C1
24.499998,1.7179967,99.0,250.0,0.0,0.0,0.0,0.4901961,9.803922,0.49019608,175.0,120.0,Dense/Amorphous,C[N+]12CCCC[C@@H]1[C@H]1C[C@@H](C2)[C@@H]2CCCCN2C1
14.626865,1.7179967,99.0,250.0,0.0,0.0,0.0,0.47755498,9.551098,0.47755495,175.0,120.0,Dense/Amorphous,C[N+]12CCCC[C@@H]1[C@H]1C[C@@H](C2)[C@@H]2CCCCN2C1
400.0,0.0,99.0,250.0,0.0,0.0,0.0,0.5,2.0,0.5,175.0,120.0,Dense/Amorphous,C[N+]12CCCC[C@@H]1[C@H]1C[C@@H](C2)[C@@H]2CCCCN2C1
400.0,0.0,99.0,250.0,0.0,0.0,0.0,0.5,2.0,0.5,175.0,336.0,Dense/Amorphous,C[N+]12CCCC[C@@H]1[C@H]1C[C@@H](C2)[C@@H]2CCCCN2C1
50.0,1.7179967,99.0,250.0,0.0,0.0,0.0,0.49019608,1.9607843,0.49019602,175.0,120.0,Dense/Amorphous,C[N+]12CCCC[C@@H]1[C@H]1C[C@@H](C2)[C@@H]2CCCCN2C1
25.0,1.7179967,99.0,250.0,0.0,0.0,0.0,0.48076928,1.9230771,0.48076922,175.0,120.0,Dense/Amorphous,C[N+]12CCCC[C@@H]1[C@H]1C[C@@H](C2)[C@@H]2CCCCN2C1
10.0,1.7179967,99.0,250.0,0.0,0.0,0.0,0.45454547,1.8181821,0.45454547,175.0,120.0,Dense/Amorphous,C[N+]12CCCC[C@@H]1[C@H]1C[C@@H](C2)[C@@H]2CCCCN2C1
400.0,0.0,99.0,250.0,0.0,0.0,0.3,0.0,40.0,0.3,175.0,767.9998,Dense/Amorphous,C[N+]12CCCC[C@@H]1[C@H]1C[C@@H](C2)[C@@H]2CCCCN2C1
400.0,0.0,99.0,250.0,0.0,0.0,0.3,0.0,50.0,0.2,175.0,264.0,Dense/Amorphous,C[N+]12CCCC[C@@H]1[C@H]1C[C@@H](C2)[C@@H]2CCCCN2C1
200.0,1.7179967,99.0,250.0,0.0,0.0,0.29850745,0.0,49.75124,0.19900498,175.0,240.0,Dense/Amorphous,C[N+]12CCCC[C@@H]1[C@H]1C[C@@H](C2)[C@@H]2CCCCN2C1
99.999954,1.7179967,99.0,250.0,0.0,0.0,0.29702967,0.0,49.504955,0.1980198,175.0,624.00024,Dense/Amorphous,C[N+]12CCCC[C@@H]1[C@H]1C[C@@H](C2)[C@@H]2CCCCN2C1
200.0,1.7179967,99.0,250.0,0.0,0.0,0.29850745,0.0,49.75124,0.19900498,175.0,240.0,Dense/Amorphous,C[N+]12CCCC[C@@H]1[C@H]1C[C@@H](C2)[C@@H]2CCCCN2C1
200.0,1.7179967,99.0,250.0,0.0,0.0,0.29850745,0.0,49.75124,0.19900498,150.0,240.0,Dense/Amorphous,C[N+]12CCCC[C@@H]1[C@H]1C[C@@H](C2)[C@@H]2CCCCN2C1
99.999954,1.7179967,99.0,250.0,0.0,0.0,0.29702967,0.0,49.504955,0.1980198,150.0,264.0,Dense/Amorphous,C[N+]12CCCC[C@@H]1[C@H]1C[C@@H](C2)[C@@H]2CCCCN2C1
200.0,1.7179967,99.0,250.0,0.0,0.0,0.29850745,0.0,49.75124,0.19900498,175.0,480.0,Dense/Amorphous,C[N+]12CCCC[C@@H]1[C@H]1C[C@@H](C2)[C@@H]2CCCCN2C1
24.0,1.7179967,23.999954,250.0,0.0,0.0,0.0,0.48076928,2.8846154,0.48076922,175.0,6.0,Dense/Amorphous,C[N+]12CCCC[C@@H]1[C@H]1C[C@@H](C2)[C@@H]2CCCCN2C1
25.0,1.7179967,99.0,250.0,0.0,0.0,0.0,0.48076928,2.8846154,0.48076922,175.0,12.0,Dense/Amorphous,C[N+]12CCCC[C@@H]1[C@H]1C[C@@H](C2)[C@@H]2CCCCN2C1
400.0,0.0,99.0,250.0,0.0,0.0,0.27272728,0.0,45.45455,0.18181819,160.0,480.0,Dense/Amorphous,C[N+]12CCCC[C@@H]1[C@H]1C[C@@H](C2)[C@@H]2CCCCN2C1
400.0,0.0,99.0,250.0,0.0,0.0,0.3,0.0,40.0,0.20000002,175.0,216.0,Dense/Amorphous,C[N+]12CCCC[C@@H]1[C@H]1C[C@@H](C2)[C@@H]2CCCCN2C1
400.0,0.0,99.0,250.0,0.0,0.0,0.3,0.0,40.0,0.20000002,175.0,384.0,Dense/Amorphous,C[N+]12CCCC[C@@H]1[C@H]1C[C@@H](C2)[C@@H]2CCCCN2C1
400.0,0.0,99.0,250.0,0.0,0.0,0.3,0.0,40.0,0.20000002,175.0,120.0,Dense/Amorphous,C[N+]12CCCC[C@@H]1[C@H]1C[C@@H](C2)[C@@H]2CCCCN2C1
400.0,0.0,99.0,250.0,0.0,0.0,0.3,0.0,40.0,0.20000002,150.0,72.0,Dense/Amorphous,C[N+]12CCCC[C@@H]1[C@H]1C[C@@H](C2)[C@@H]2CCCCN2C1
400.0,0.0,99.0,250.0,0.0,0.0,0.3,0.0,40.0,0.3,150.0,240.0,Dense/Amorphous,C[N+]12CCCC[C@@H]1[C@H]1C[C@@H](C2)[C@@H]2CCCCN2C1
400.0,0.0,99.0,250.0,0.0,0.0,0.3,0.0,40.0,0.3,175.0,240.0,Dense/Amorphous,C[N+]12CCCC[C@@H]1[C@H]1C[C@@H](C2)[C@@H]2CCCCN2C1
400.0,0.0,99.0,250.0,0.0,0.0,0.0,0.5,7.5,0.5,150.0,168.0,Dense/Amorphous,C[N+]12CCCC[C@@H]1[C@H]1C[C@@H](C2)[C@@H]2CCCCN2C1
400.0,0.0,99.0,250.0,0.0,0.0,0.0,0.5,7.5,0.5,150.0,672.0,Dense/Amorphous,C[N+]12CCCC[C@@H]1[C@H]1C[C@@H](C2)[C@@H]2CCCCN2C1
0.0,0.0,0.0,0.0,0.0,0.0,0.0,0.0,200.0,0.0,135.0,72.0,NSI,c1cc(-c2ccncc2)ccn1
0.0,0.0,0.0,0.0,0.0,0.0,0.0,0.0,200.0,0.0,120.0,96.0,NSI,c1cc(-c2ccncc2)ccn1
400.0,0.0,99.0,250.0,0.0,0.0,0.0,0.0,0.0,0.0,120.0,96.0,NSI,c1cc(-c2ccncc2)ccn1
400.0,0.0,99.0,250.0,0.0,0.0,0.0,0.0,0.0,0.0,120.0,96.0,NSI,c1cc(-c2ccncc2)ccn1
400.0,0.0,99.0,250.0,0.0,0.0,0.0,0.0,0.0,0.0,120.0,96.0,NSI,c1cc(-c2ccncc2)ccn1
32.99999,1.7179967,99.0,250.0,0.5176469,0.0,0.058823477,0.0,34.264706,0.18382353,140.0,160.0001,NSI,c1cc(-c2ccncc2)ccn1
400.0,0.0,99.0,250.0,0.0,0.0,0.0,0.0,0.0,0.0,135.0,72.0,NSI,c1cc(-c2ccncc2)ccn1
89.99999,1.7179967,99.0,250.0,0.0,0.0,0.0,0.0,0.0,0.0,135.0,72.0,NSI,c1cc(-c2ccncc2)ccn1
45.0,1.7179967,99.0,250.0,0.0,0.0,0.0,0.0,0.0,0.0,135.0,72.0,NSI,c1cc(-c2ccncc2)ccn1
30.0,1.7179967,99.0,250.0,0.0,0.0,0.0,0.0,0.0,0.0,135.0,72.0,NSI,c1cc(-c2ccncc2)ccn1
25.0,1.7179967,99.0,250.0,0.0,0.0,0.0,0.0,30.746298,0.13043883,135.0,72.0,NSI,c1cc(-c2ccncc2)ccn1
25.0,1.7179967,99.0,250.0,0.0,0.0,0.0,0.0,29.81838,0.12650222,135.0,72.0,NSI,c1cc(-c2ccncc2)ccn1
25.0,1.7179967,99.0,250.0,0.0,0.0,0.0,0.0,29.81838,0.12650222,135.0,72.0,NSI,c1cc(-c2ccncc2)ccn1
59.988003,1.7179967,99.0,250.0,0.0,0.0,0.0,0.0,31.429474,0.13333713,135.0,72.0,NSI,c1cc(-c2ccncc2)ccn1
14.992504,1.7179967,99.0,250.0,0.0,0.0,0.0,0.0,30.0,0.12727273,135.0,72.0,NSI,c1cc(-c2ccncc2)ccn1
24.0,1.7179967,99.0,250.0,0.0,0.0,0.0,0.0,0.0,0.0,120.0,96.0,NSI,c1cc(-c2ccncc2)ccn1
45.0,1.7179967,99.0,250.0,0.0,0.0,0.0,0.0,0.0,0.0,120.0,96.0,NSI,c1cc(-c2ccncc2)ccn1
89.99999,1.7179967,99.0,250.0,0.0,0.0,0.0,0.0,0.0,0.0,120.0,96.0,NSI,c1cc(-c2ccncc2)ccn1
400.0,0.0,99.0,250.0,0.0,0.0,0.0,0.0,0.0,0.0,120.0,96.0,NSI,c1cc(-c2ccncc2)ccn1
15.666667,1.7179967,99.0,250.0,0.0,0.0,0.0,0.48,4.5,0.48,150.0,240.0,FER,C[N+]1(Cc2ccccc2)CCCC1
15.666667,1.7179967,99.0,250.0,0.0,0.0,0.0,0.48,4.5,0.48,150.0,720.0,FER,C[N+]1(Cc2ccccc2)CCCC1
15.666667,1.7179967,99.0,250.0,0.0,0.0,0.0,0.48,4.5,0.48,150.0,264.0,FER,C[N+]1(Cc2ccccc2)CCCC1
15.666667,1.7179967,99.0,250.0,0.0,0.0,0.0,0.48,4.5,0.48,135.0,480.0,FER,C[N+]1(Cc2ccccc2)CCCC1
15.666667,1.7179967,99.0,250.0,0.0,0.0,0.0,0.48,4.5,0.48,135.0,1992.0006,FER,C[N+]1(Cc2ccccc2)CCCC1
10.111107,1.7179967,99.0,250.0,0.060000006,0.0,0.0,0.48,4.7,0.47999996,135.0,720.0,FER,C[N+]1(Cc2ccccc2)CCCC1
10.111107,1.7179967,99.0,250.0,0.060000006,0.0,0.0,0.48,4.7,0.47999996,135.0,1080.0002,FER,C[N+]1(Cc2ccccc2)CCCC1
10.111107,1.7179967,99.0,250.0,0.060000006,0.0,0.0,0.48,4.7,0.47999996,135.0,1440.0007,FER,C[N+]1(Cc2ccccc2)CCCC1
15.666667,1.7179967,99.0,250.0,0.0,0.0,0.0,0.48000002,4.3500004,0.48,150.0,264.0,FER,C[N+]1(Cc2ccccc2)CCCC1
15.666667,1.7179967,99.0,250.0,0.0,0.0,0.0,0.48000002,4.3500004,0.48,150.0,455.99985,FER,C[N+]1(Cc2ccccc2)CCCC1
15.666667,1.7179967,99.0,250.0,0.0,0.0,0.0,0.48000002,4.3500004,0.48,150.0,744.0002,FER,C[N+]1(Cc2ccccc2)CCCC1
15.666667,1.7179967,99.0,250.0,0.0,0.0,0.0,0.48000002,4.3500004,0.48,135.0,264.0,FER,C[N+]1(Cc2ccccc2)CCCC1
15.666667,1.7179967,99.0,250.0,0.0,0.0,0.0,0.48000002,4.3500004,0.48,135.0,744.0002,FER,C[N+]1(Cc2ccccc2)CCCC1
0.0,0.0,0.0,0.0,0.0,0.0,0.0,0.0,200.0,0.0,163.99036,250.13678,FER,C[N+]1(Cc2ccccc2)CCCC1
15.666667,1.7179967,99.0,250.0,0.0,0.0,0.0,0.48,4.6499996,0.48,150.0,240.0,FER,C[N+]1(Cc2ccccc2)CCCC1
15.666667,1.7179967,99.0,250.0,0.0,0.0,0.0,0.48,4.6499996,0.48,150.0,480.0,FER,C[N+]1(Cc2ccccc2)CCCC1
15.666667,1.7179967,99.0,250.0,0.0,0.0,0.0,0.48,4.6499996,0.48,150.0,720.0,FER,C[N+]1(Cc2ccccc2)CCCC1
15.666667,1.7179967,99.0,250.0,0.0,0.0,0.0,0.48,4.6499996,0.48,150.0,1992.0006,FER,C[N+]1(Cc2ccccc2)CCCC1
15.666667,1.7179967,99.0,250.0,0.0,0.0,0.0,0.48,4.6499996,0.48,150.0,240.0,FER,C[N+]1(Cc2ccccc2)CCCC1
15.666667,1.7179967,99.0,250.0,0.0,0.0,0.0,0.48,4.6499996,0.48,150.0,480.0,FER,C[N+]1(Cc2ccccc2)CCCC1
15.666667,1.7179967,99.0,250.0,0.0,0.0,0.0,0.48,4.6499996,0.48,150.0,720.0,FER,C[N+]1(Cc2ccccc2)CCCC1
1.0,1.7179967,99.0,250.0,0.0,0.7500002,0.76,0.0,200.0,1.0,100.0,336.0,ERI,CC[N+](C)(C)CCCC[N+](C)(C)CC
1.0,1.7179967,99.0,250.0,0.0,0.0,0.76,0.0,200.0,1.0,100.0,336.0,ERI,CC[N+](C)(C)CCCC[N+](C)(C)CC
400.0,0.0,99.0,250.0,0.0,0.0,0.0,0.0,43.100002,0.2,150.0,1104.0002,MTW,C[N+]12CCCCC1C[C@H]1C[C@@H]2CC2CCCC[N+]21C
400.0,0.0,99.0,100.0,0.0,0.0,0.0,0.0,49.504955,0.1881188,150.0,936.0009,MTW,C[N+]12CCCCC1C[C@H]1C[C@@H]2CC2CCCC[N+]21C
400.0,0.0,99.0,12.820509,0.0,0.0,0.0,0.0,27.365492,0.26901665,150.0,695.99994,MTW,C[N+]12CCCCC1C[C@H]1C[C@@H]2CC2CCCC[N+]21C
400.0,0.0,99.0,27.777794,0.09652508,0.0,0.0,0.0,37.162167,0.1833977,150.0,192.0,MTW,C[N+]12CCCCC1C[C@H]1C[C@@H]2CC2CCCC[N+]21C
400.0,0.0,99.0,13.888895,0.0,0.0,0.0,0.0,25.932838,0.23320897,150.0,552.00037,MTW,C[N+]12CCCCC1C[C@H]1C[C@@H]2CC2CCCC[N+]21C
400.0,0.0,99.0,27.777794,0.09652508,0.0,0.0,0.0,37.162167,0.1833977,150.0,192.0,MTW,C[N+]12CCCCC1C[C@H]1C[C@@H]2CC2CCCC[N+]21C
0.0,1.7011478,0.0,0.0,0.0,0.0,0.0,0.0,23.617023,0.3276596,200.0,120.0,AWO,C[N+](C)(C)CCCN
0.0,1.0,0.0,0.0,0.0,0.0,0.0,0.0,11.25,0.29,200.0,48.0,ATO,CCCNCCC
0.0,1.0,0.0,0.0,0.0,0.0,0.0,0.0,11.111111,0.28641972,200.0,48.0,ATO,CCCNCCC
0.0,1.0,0.0,0.0,0.0,0.0,0.0,0.0,10.97561,0.28292674,200.0,48.0,ATO,CCCNCCC
0.0,1.0,0.0,0.0,0.0,0.0,0.0,0.0,9.9009905,0.29702973,200.0,45.999996,ATO,CCCNCCC
0.0,1.0,0.0,0.0,0.0,0.0,0.0,0.0,69.99999,0.425,190.0,48.0,ATO,CCCNCCC
0.0,1.0,0.0,0.0,0.0,0.0,0.0,0.0,70.0,0.425,190.0,48.0,ATO,CCCNCCC
0.0,1.0,0.0,0.0,0.0,0.0,0.0,0.0,70.0,0.425,190.0,48.0,ATO,CCCNCCC
0.0,1.0,0.0,0.0,0.0,0.0,0.0,0.0,69.99999,0.42500004,190.0,48.0,ATO,CCCNCCC
0.0,1.0,0.0,0.0,0.0,0.0,0.0,0.0,70.0,0.425,190.0,48.0,ATO,CCCNCCC
0.0,1.0,0.0,0.0,0.0,0.0,0.0,0.0,69.99999,0.42500004,190.0,48.0,ATO,CCCNCCC
0.0,1.0,0.0,0.0,0.0,0.0,0.0,0.0,70.0,0.425,190.0,48.0,ATO,CCCNCCC
0.0,1.0,0.0,0.0,0.0,0.0,0.0,0.0,70.0,0.425,190.0,48.0,ATO,CCCNCCC
0.0,1.0,0.0,0.0,0.0,0.0,0.0,0.0,69.99999,0.42500004,190.0,48.0,ATO,CCCNCCC
0.0,1.0,0.0,0.0,0.0,0.0,0.0,0.0,70.0,0.425,190.0,48.0,ATO,CCCNCCC
0.0,1.0,0.0,0.0,0.0,0.0,0.0,0.0,70.0,0.425,190.0,48.0,ATO,CCCNCCC
0.0,1.0,0.0,0.0,0.0,0.0,0.0,0.0,69.99999,0.42500004,190.0,48.0,ATO,CCCNCCC
0.0,1.0,0.0,0.0,0.0,0.0,0.0,0.0,70.0,0.425,190.0,48.0,ATO,CCCNCCC
0.0,1.0,0.0,0.0,0.0,0.0,0.0,0.0,70.0,0.425,190.0,48.0,ATO,CCCNCCC
0.0,1.0,0.0,0.0,0.0,0.0,0.0,0.0,69.99999,0.42500004,190.0,48.0,ATO,CCCNCCC
0.0,1.0,0.0,0.0,0.0,0.0,0.0,0.0,69.99999,0.42500004,190.0,48.0,ATO,CCCNCCC
0.0,1.0,0.0,0.0,0.0,0.0,0.0,0.0,70.0,0.425,190.0,48.0,ATO,CCCNCCC
0.0,1.0,0.0,0.0,0.0,0.0,0.0,0.0,70.0,0.425,190.0,48.0,ATO,CCCNCCC
0.1,1.0,99.0,250.0,0.0,0.0,0.0,0.0,5.0,0.21428569,190.0,24.0,ATO,CCCNCCC
0.0,1.0,0.0,0.0,0.0,0.0,0.0,0.0,69.99999,0.425,190.0,48.0,ATO,CCCNCCC
0.0,1.0,0.0,0.0,0.0,0.0,0.0,0.0,69.99999,0.42500004,190.0,48.0,ATO,CCCNCCC
0.0,1.0,0.0,0.0,0.0,0.0,0.0,0.0,69.99999,0.42500004,190.0,48.0,ATO,CCCNCCC
0.0,1.0,0.0,0.0,0.0,0.0,0.0,0.0,69.99999,0.425,190.0,48.0,ATO,CCCNCCC
0.0,1.0,0.0,0.0,0.0,0.0,0.0,0.0,69.99999,0.42500004,190.0,48.0,ATO,CCCNCCC
0.0,1.0,0.0,0.0,0.0,0.0,0.0,0.0,69.99999,0.425,190.0,48.0,ATO,CCCNCCC
0.0,1.0,0.0,0.0,0.0,0.0,0.0,0.0,69.99999,0.42500004,190.0,48.0,ATO,CCCNCCC
0.0,1.0,0.0,0.0,0.0,0.0,0.0,0.0,69.99999,0.42500004,190.0,48.0,ATO,CCCNCCC
0.0,1.0,0.0,0.0,0.0,0.0,0.0,0.0,69.99999,0.425,190.0,48.0,ATO,CCCNCCC
0.0,1.0,0.0,0.0,0.0,0.0,0.0,0.0,69.99999,0.42500004,190.0,48.0,ATO,CCCNCCC
0.0,1.0,0.0,0.0,0.0,0.0,0.0,0.0,69.99999,0.42500004,190.0,48.0,ATO,CCCNCCC
0.0,1.0,0.0,0.0,0.0,0.0,0.0,0.0,69.99999,0.425,190.0,48.0,ATO,CCCNCCC
0.0,1.0,0.0,0.0,0.0,0.0,0.0,0.0,69.99999,0.42500004,190.0,48.0,ATO,CCCNCCC
0.0,1.0,0.0,0.0,0.0,0.0,0.0,0.0,69.99999,0.42500004,190.0,48.0,ATO,CCCNCCC
0.0,1.0,0.0,0.0,0.0,0.0,0.0,0.0,69.99999,0.425,190.0,48.0,ATO,CCCNCCC
0.0,1.0,0.0,0.0,0.0,0.0,0.0,0.0,69.99999,0.425,190.0,48.0,ATO,CCCNCCC
0.0,1.0,0.0,0.0,0.0,0.0,0.0,0.0,69.99999,0.42500004,190.0,48.0,ATO,CCCNCCC
0.0,1.0,0.0,0.0,0.0,0.0,0.0,0.0,69.99999,0.42500004,190.0,48.0,ATO,CCCNCCC
0.1,1.0,99.0,250.0,0.0,0.0,0.0,0.0,5.0,0.21428569,190.0,24.0,ATO,CCCNCCC
0.1,0.90909094,99.0,250.0,0.0,0.0,0.0,0.0,9.090909,0.22727273,200.0,24.0,ATO,CCCNCCC
0.1,0.5555556,99.0,250.0,0.0,0.0,0.0,0.0,0.0,0.86206883,200.0,72.0,ATO,CCCNCCC
0.083333425,1.1650468,99.0,250.0,0.0,0.0,0.0,0.21459223,13.304721,0.36480677,200.0,14.0,ATO,CCCNCCC
0.12500007,1.1650468,99.0,250.0,0.0,0.0,0.0,0.21008417,13.025209,0.3571429,200.0,14.0,ATO,CCCNCCC
0.16666664,1.1650468,99.0,250.0,0.0,0.0,0.0,0.20576122,12.757201,0.34979427,200.0,14.0,ATO,CCCNCCC
0.16666664,1.1650468,99.0,250.0,0.0,0.0,0.0,0.20576122,12.757201,0.34979427,200.0,22.0,ATO,CCCNCCC
0.16666664,1.1650468,99.0,250.0,0.0,0.0,0.0,0.20576122,20.576138,0.34979427,200.0,24.0,ATO,CCCNCCC
0.16666664,1.1650468,99.0,250.0,0.0,0.0,0.0,0.20576122,12.757201,0.34979427,200.0,24.0,ATO,CCCNCCC
0.20833355,1.1650468,99.0,250.0,0.0,0.0,0.0,0.2016129,12.5,0.34274194,200.0,14.0,ATO,CCCNCCC
0.3012047,0.8299997,99.0,250.0,0.0,0.0,0.0,0.0,9.615384,0.24038461,200.0,48.0,ATO,CCCNCCC
0.0,1.0,0.0,0.0,0.0,0.0,0.0,0.0,10.0,0.375,180.0,48.0,ATO,CCCNCCC
0.0,1.0,0.0,0.0,0.0,0.0,0.0,0.0,10.0,0.5,180.0,48.0,ATO,CCCNCCC
0.0,1.0,0.0,0.0,0.0,0.0,0.0,0.0,0.17499991,0.045,203.46184,224.80351,ATO,CCCNCCC
0.3,1.0,99.0,250.0,0.0,0.0,0.0,0.0,8.695652,0.2173913,180.0,48.0,ATO,CCCNCCC
0.0,0.0,0.0,0.0,0.0,0.0,0.0,0.0,200.0,0.0,166.65895,433.8681,ATO,CCCNCCC
0.0,1.0,0.0,0.0,0.0,0.0,0.0,0.0,8.695652,0.5434783,150.0,120.0,ATO,CCCNCCC
0.0,1.0,0.0,0.0,0.0,0.0,0.0,0.0,12.437812,0.24875621,200.0,48.0,ATO,CCCNCCC
0.0,1.0,0.0,0.0,0.0,0.0,0.0,0.0,12.345678,0.24691358,200.0,48.0,ATO,CCCNCCC
0.20833355,1.3333334,99.0,250.0,0.0,0.0,0.0,0.0,8.510639,0.21276596,200.0,48.0,ATO,CCCNCCC
0.3333331,1.1650468,99.0,250.0,0.0,0.0,0.0,0.38022807,23.574142,0.64638793,200.0,24.0,ATO,CCCNCCC
0.3333331,1.1650468,99.0,250.0,0.0,0.0,0.0,0.0,23.574142,0.64638793,200.0,24.0,ATO,CCCNCCC
50.0,1.7179967,99.0,250.0,0.0,0.29411745,0.29411763,0.0,37.254906,0.29411766,160.0,72.0,TON,NCCCCCCCCN
50.0,1.7179967,99.0,250.0,0.0,0.29411745,0.29411763,0.0,37.254906,0.29411766,160.0,72.0,TON,NCCCCCCCCN
45.0,1.7179967,99.0,250.0,0.0,0.25869602,0.25869566,0.0,39.0,0.29673907,160.0,48.0,TON,NCCCCCCCCN
45.0,1.7179967,99.0,250.0,0.0,0.0,0.0,0.0,0.0,0.0,160.0,72.0,TON,NCCCCCCCCN
45.0,1.7179967,99.0,250.0,0.0,0.25869602,0.0,0.0,39.0,0.29673907,190.0,24.0,TON,NCCCCCCCCN
45.0,1.7179967,99.0,250.0,0.0,0.25869602,0.0,0.0,39.0,0.29673907,180.0,144.0,TON,NCCCCCCCCN
45.0,1.7179967,99.0,250.0,0.0,0.25869602,0.25869566,0.0,39.0,0.29673907,160.0,72.0,TON,NCCCCCCCCN
400.0,0.0,99.0,250.0,0.0,0.26000023,0.26000002,0.0,40.0,0.3,140.0,72.0,TON,NCCCCCCCCN
400.0,0.0,99.0,250.0,0.0,0.26000023,0.26000002,0.0,40.0,0.3,160.0,72.0,TON,NCCCCCCCCN
400.0,0.0,99.0,250.0,0.0,0.21999985,0.2200001,0.0,40.0,0.3,160.0,72.0,TON,NCCCCCCCCN
400.0,0.0,99.0,250.0,0.0,0.26000023,0.26000002,0.0,40.0,0.3,160.0,72.0,TON,NCCCCCCCCN
400.0,0.0,99.0,250.0,0.0,0.19999991,0.2,0.0,40.0,0.3,160.0,72.0,TON,NCCCCCCCCN
85.71428,1.7179967,99.0,250.0,0.0,0.16474459,0.16474465,0.0,49.423393,0.3294893,180.0,18.0,TON,NCCCCCCCCN
0.0,0.0,0.0,0.0,0.0,0.0,0.0,0.0,200.0,0.0,159.74083,231.51509,TON,NCCCCCCCCN
30.0,1.7179967,99.0,250.0,0.3193548,0.0,0.3193548,0.0,38.70968,0.09677419,160.0,336.0,Dense/Amorphous,CCC(C)N(CCCCCN(C(C)CC)C(C)CC)C(C)CC
30.0,1.7179967,99.0,250.0,0.45483884,0.0,0.45483872,0.0,38.70968,0.09677419,160.0,336.0,Dense/Amorphous,CCC(C)N(CCCCCN(C(C)CC)C(C)CC)C(C)CC
30.0,1.7179967,99.0,250.0,0.7064516,0.0,0.70645165,0.0,38.70968,0.09677419,160.0,168.0,Dense/Amorphous,CCC(C)N(CCCCCN(C(C)CC)C(C)CC)C(C)CC
30.0,1.7179967,99.0,250.0,0.8419353,0.0,0.8419357,0.0,38.70968,0.09677419,160.0,168.0,Dense/Amorphous,CCC(C)N(CCCCCN(C(C)CC)C(C)CC)C(C)CC
400.0,1.7179967,99.0,250.0,0.3329633,0.0,0.3329633,0.0,39.955605,0.09988901,160.0,168.0,Dense/Amorphous,CCC(C)N(CCCCCN(C(C)CC)C(C)CC)C(C)CC
400.0,0.0,99.0,250.0,0.3333333,0.0,0.33333343,0.0,40.0,0.1,160.0,168.0,Dense/Amorphous,CCC(C)N(CCCCCN(C(C)CC)C(C)CC)C(C)CC
400.0,1.7179967,99.0,250.0,0.5986696,0.0,0.59866965,0.0,39.91131,0.09977827,160.0,168.0,Dense/Amorphous,CCC(C)N(CCCCCN(C(C)CC)C(C)CC)C(C)CC
400.0,1.7179967,99.0,250.0,0.59966683,0.0,0.59966683,0.0,39.97779,0.09994447,160.0,168.0,Dense/Amorphous,CCC(C)N(CCCCCN(C(C)CC)C(C)CC)C(C)CC
400.0,0.0,99.0,250.0,0.6,0.0,0.6,0.0,40.0,0.1,160.0,168.0,Dense/Amorphous,CCC(C)N(CCCCCN(C(C)CC)C(C)CC)C(C)CC
30.892847,1.7179967,99.0,250.0,0.6942889,0.0,0.975364,0.0,37.284435,0.14053753,160.0,96.0,Dense/Amorphous,C[N+]1(CCCC[N+]2(C)CCCC2)CCCC1
32.830173,1.7179967,99.0,250.0,0.6915783,0.0,0.9715559,0.0,37.144455,0.13998885,160.0,96.0,Dense/Amorphous,C[N+]1(CCCC[N+]2(C)CCCC2)CCCC1
400.0,0.0,99.0,250.0,1.0,0.0,1.3000007,0.0,40.0,0.15,160.0,168.0,Dense/Amorphous,C[N+]1(CCCC[N+]2(C)CCCC2)CCCC1
400.0,0.0,99.0,250.0,0.7299999,0.0,1.03,0.0,40.0,0.15,160.0,168.0,Dense/Amorphous,C[N+]1(CCCC[N+]2(C)CCCC2)CCCC1
120.0,1.7179967,99.0,250.0,0.59504145,0.0,0.8925622,0.0,39.669422,0.14876033,160.0,168.0,Dense/Amorphous,C[N+]1(CCCC[N+]2(C)CCCC2)CCCC1
400.0,0.0,99.0,250.0,0.46999994,0.0,0.7699999,0.0,40.0,0.15,160.0,168.0,Dense/Amorphous,C[N+]1(CCCC[N+]2(C)CCCC2)CCCC1
120.0,1.7179967,99.0,250.0,0.0,0.9917311,0.2975207,0.0,39.669422,0.14876033,160.0,168.0,Dense/Amorphous,C[N+]1(CCCC[N+]2(C)CCCC2)CCCC1
119.99979,1.7179967,99.0,250.0,0.0,0.7239661,0.2975207,0.0,39.669422,0.14876033,160.0,336.0,Dense/Amorphous,C[N+]1(CCCC[N+]2(C)CCCC2)CCCC1
1.0,1.7179967,99.0,250.0,0.0,0.0,0.76,0.0,200.0,1.0,100.0,336.0,Dense/Amorphous,C[N+]1(CCCC[N+]2(C)CCCC2)CCCC1
1.0,1.7179967,99.0,250.0,0.75,0.0,0.76,0.0,200.0,1.0,100.0,672.0,Dense/Amorphous,C[N+]1(CCCC[N+]2(C)CCCC2)CCCC1
0.0,0.0,0.0,0.0,0.0,0.0,0.0,0.0,200.0,0.0,176.86055,311.85004,Dense/Amorphous,C[N+]1(CCCC[N+]2(C)CCCC2)CCCC1
30.0,1.7179967,99.0,250.0,0.7096774,0.0,0.29032257,0.0,38.70968,0.14516129,160.0,120.0,Dense/Amorphous,C[N+]1(CCCC[N+]2(C)CCCC2)CCCC1
30.0,1.7179967,99.0,250.0,0.023548411,0.0,0.31387094,0.0,38.70968,0.14516129,160.0,336.0,Dense/Amorphous,C[N+]1(CCCC[N+]2(C)CCCC2)CCCC1
60.0,1.7179967,99.0,250.0,0.023934431,0.0,0.3190164,0.0,39.34426,0.14754099,160.0,336.0,Dense/Amorphous,C[N+]1(CCCC[N+]2(C)CCCC2)CCCC1
400.0,0.0,99.0,250.0,0.024333341,0.0,0.32433328,0.0,40.0,0.15,160.0,336.0,Dense/Amorphous,C[N+]1(CCCC[N+]2(C)CCCC2)CCCC1
400.0,0.0,99.0,250.0,0.024333341,0.0,0.32433328,0.0,40.0,0.15,160.0,336.0,Dense/Amorphous,C[N+]1(CCCC[N+]2(C)CCCC2)CCCC1
30.0,1.7179967,99.0,250.0,0.0,0.0,0.29032257,0.0,38.70968,0.14516129,160.0,336.0,Dense/Amorphous,C[N+]1(CCCC[N+]2(C)CCCC2)CCCC1
30.0,1.7179967,99.0,250.0,0.0,0.023548175,0.29032257,0.0,38.70968,0.14516129,160.0,336.0,Dense/Amorphous,C[N+]1(CCCC[N+]2(C)CCCC2)CCCC1
250.00137,1.7179967,99.0,250.0,0.09960159,0.0,0.079681285,0.0,0.0,0.0,160.0,174.44574,Dense/Amorphous,C[N+]1(CCCC[N+]2(C)CCCC2)CCCC1
0.0,0.0,0.0,0.0,0.0,0.0,0.0,0.0,200.0,0.0,170.0,538.54913,Dense/Amorphous,C[N+]1(CCCC[N+]2(C)CCCC2)CCCC1
0.2,1.25,99.0,250.0,0.0,0.0,0.0,0.0,0.0,0.0,190.0,674.2746,Dense/Amorphous,C[N+]1(CCCC[N+]2(C)CCCC2)CCCC1
400.0,0.0,99.0,250.0,0.0,0.0,0.0,0.0,0.0,0.0,160.0,168.0,LEV,C[N+]1(C)CCCCC1
18.000002,1.7179967,99.0,250.0,0.09473683,0.0,0.1894737,0.0,4.736842,0.18947369,125.0,168.0,LEV,C[N+]1(C)CCCCC1
18.000002,1.7179967,99.0,250.0,0.2842105,0.0,0.47368428,0.0,4.736842,0.18947369,170.0,2.0,LEV,C[N+]1(C)CCCCC1
18.000002,1.7179967,99.0,250.0,0.2842105,0.0,0.47368428,0.0,4.736842,0.18947369,170.0,8.0,LEV,C[N+]1(C)CCCCC1
18.000002,1.7179967,99.0,250.0,0.2842105,0.0,0.47368428,0.0,4.736842,0.18947369,170.0,24.0,LEV,C[N+]1(C)CCCCC1
31.000006,1.7179967,99.0,250.0,0.29062498,0.0,0.484375,0.0,4.84375,0.19375,170.0,24.0,LEV,C[N+]1(C)CCCCC1
106.999916,1.7179967,99.0,250.0,0.2972222,0.0,0.49537036,0.0,4.953704,0.19814815,170.0,24.0,LEV,C[N+]1(C)CCCCC1
210.00043,1.7179967,99.0,250.0,0.29857826,0.0,0.4976304,0.0,4.9763036,0.19905214,170.0,24.0,LEV,C[N+]1(C)CCCCC1
18.000002,1.7179967,99.0,250.0,0.37894756,0.0,0.6631579,0.0,4.736842,0.28421047,170.0,24.0,LEV,C[N+]1(C)CCCCC1
18.000002,1.7179967,99.0,250.0,0.2842105,0.0,0.1894737,0.0,4.736842,0.18947369,170.0,24.0,LEV,C[N+]1(C)CCCCC1
10.0,1.7179967,99.0,250.0,0.54545456,0.0,0.7272727,0.0,18.181818,0.18181819,150.0,240.0,LEV,C[N+]1(C)CCCCC1
10.0,1.7179967,99.0,250.0,0.54545456,0.0,0.8181819,0.0,18.181818,0.27272728,150.0,240.0,LEV,C[N+]1(C)CCCCC1
10.0,1.7179967,99.0,250.0,0.54545456,0.0,0.9090906,0.0,18.181818,0.36363637,150.0,240.0,LEV,C[N+]1(C)CCCCC1
5.0,1.7179967,99.0,250.0,1.0000005,0.0,1.5000007,0.0,33.333332,0.5,150.0,240.0,LEV,C[N+]1(C)CCCCC1
10.0,1.7179967,99.0,250.0,0.54545456,0.0,0.8181819,0.0,18.181818,0.27272728,150.0,240.0,LEV,C[N+]1(C)CCCCC1
25.000002,1.7179967,99.0,250.0,0.23076922,0.0,0.34615386,0.0,7.692309,0.1153846,150.0,240.0,LEV,C[N+]1(C)CCCCC1
100.0,1.7179967,99.0,250.0,0.059405982,0.0,0.08910887,0.0,1.9801981,0.029702967,150.0,240.0,LEV,C[N+]1(C)CCCCC1
10.0,1.7179967,99.0,250.0,0.45454547,0.0,0.7272727,0.0,18.181818,0.27272728,150.0,240.0,LEV,C[N+]1(C)CCCCC1
10.0,1.7179967,99.0,250.0,0.54545456,0.0,0.8181819,0.0,18.181818,0.27272728,150.0,240.0,LEV,C[N+]1(C)CCCCC1
10.0,1.7179967,99.0,250.0,0.63636357,0.0,0.9090906,0.0,18.181818,0.27272728,150.0,240.0,LEV,C[N+]1(C)CCCCC1
10.0,1.7179967,99.0,250.0,0.54545456,0.0,0.8181819,0.0,18.181818,0.27272728,150.0,120.0,LEV,C[N+]1(C)CCCCC1
10.0,1.7179967,99.0,250.0,0.54545456,0.0,0.8181819,0.0,18.181818,0.27272728,150.0,168.0,LEV,C[N+]1(C)CCCCC1
10.0,1.7179967,99.0,250.0,0.54545456,0.0,0.8181819,0.0,18.181818,0.27272728,150.0,288.0,LEV,C[N+]1(C)CCCCC1
50.0,1.7179967,99.0,250.0,0.245098,0.0,0.5588236,0.0,29.411764,0.15686274,160.0,96.0,MFI,CCn1ccc[n+]1CCCCCC[n+]1cccn1CC
50.0,1.7179967,99.0,250.0,0.245098,0.0,0.5588236,0.0,39.215687,0.15686274,160.0,96.0,MFI,CCn1ccc[n+]1CCCCCC[n+]1cccn1CC
50.0,1.7179967,99.0,250.0,0.245098,0.0,0.5588236,0.0,39.215687,0.15686274,160.0,168.0,MFI,CCn1ccc[n+]1CCCCCC[n+]1cccn1CC
0.0,0.0,0.0,0.0,0.0,0.0,0.0,0.0,200.0,0.0,190.0,144.0,RWY,NCCN(CCN)CCN
0.0,0.0,0.0,0.0,0.0,0.0,0.0,0.0,200.0,0.0,190.0,144.0,RWY,NCCN(CCN)CCN
0.0,0.0,0.0,0.0,0.0,0.0,0.0,0.0,200.0,0.0,190.0,216.0,RWY,NCCN(CCN)CCN
400.0,0.0,99.0,250.0,0.0,0.0,2.4341676,0.0,200.0,0.0,114.788795,271.69638,MFI,OSDA-free
200.0,1.7179967,99.0,250.0,0.17910449,0.0,0.14328353,0.0,29.850746,0.0,160.0,65.0,MFI,OSDA-free
200.0,1.7179967,99.0,250.0,0.19900498,0.0,0.15920396,0.0,29.850746,0.0,160.0,65.0,MFI,OSDA-free
200.0,1.7179967,99.0,250.0,0.19900498,0.0,0.15920396,0.0,29.850746,0.0,160.0,111.99998,MFI,OSDA-free
200.0,1.7179967,99.0,250.0,0.21890554,0.0,0.17512439,0.0,29.850746,0.0,160.0,65.0,MFI,OSDA-free
200.0,1.7179967,99.0,250.0,0.21890554,0.0,0.17512439,0.0,29.850746,0.0,160.0,111.99998,MFI,OSDA-free
80.0,1.7179967,99.0,250.0,0.20740739,0.0,0.16592595,0.0,29.629631,0.0,160.0,65.0,MFI,OSDA-free
80.0,1.7179967,99.0,250.0,0.25679,0.0,0.20543195,0.0,29.62963,0.0,160.0,65.0,MFI,OSDA-free
0.0,0.0,0.0,0.0,0.0,0.0,0.0,0.0,200.0,0.0,210.0,0.16669996,MFI,OSDA-free
400.0,0.0,99.0,250.0,0.0,0.0,0.0,0.0,0.49999964,0.07142857,150.0,168.0,MFI,OSDA-free
400.0,0.0,99.0,250.0,0.0,0.0,0.0,0.0,4.8,0.5,150.0,24.0,MFI,OSDA-free
120.0,1.7179967,99.0,250.0,0.5509642,0.0,0.44077137,0.0,33.057854,0.0,180.0,12.0,MFI,OSDA-free
12.5,1.7179967,99.0,250.0,0.1759259,0.0,0.14074074,0.0,27.777779,0.0,190.0,40.0,MFI,OSDA-free
17.482513,1.7179967,99.0,250.0,0.22701482,0.0,0.1816118,0.0,28.376846,0.0,190.0,40.0,MFI,OSDA-free
18.999998,1.7179967,99.0,250.0,0.6,0.0,0.47999996,0.0,34.999996,0.0,180.0,48.0,MFI,OSDA-free
23.805002,1.7179967,99.0,250.0,0.2882484,0.0,0.23059866,0.0,23.987097,0.0,180.0,96.0,MFI,OSDA-free
15.0,1.7179967,99.0,250.0,0.75,0.0,0.6,0.0,0.3124998,0.0,104.468834,661.3041,MFI,OSDA-free
30.0,1.7179967,99.0,250.0,0.2903226,0.0,0.23225805,0.0,38.70968,0.0,160.0,120.0,MFI,OSDA-free
15.0,1.7179967,99.0,250.0,0.20312493,0.0,0.16250002,0.0,29.937502,0.0,170.0,36.0,MFI,OSDA-free
12.5,1.7179967,99.0,250.0,0.18518524,0.0,0.18518515,0.0,23.148153,0.0,180.0,48.0,MFI,OSDA-free
25.0,1.7179967,99.0,250.0,0.0,0.0,0.0,0.0,28.846157,0.0,180.0,72.0,MFI,OSDA-free
30.0,1.7179967,99.0,250.0,0.2903226,0.0,0.23225805,0.0,38.70968,0.0,160.0,120.0,MFI,OSDA-free
10.0,1.7179967,99.0,250.0,0.2181819,0.0,0.1745455,0.0,22.727274,0.0,180.0,48.0,MFI,OSDA-free
15.151515,1.7179967,99.0,250.0,0.18761723,0.0,0.15009384,0.0,28.142588,0.0,190.0,72.0,MFI,OSDA-free
26.3158,1.7179967,99.0,250.0,0.308285,0.0,0.2466282,0.0,28.901733,0.0,190.0,40.0,MFI,OSDA-free
50.0,1.7179967,99.0,250.0,0.245098,0.0,0.19607843,0.0,26.470589,0.0,180.0,24.0,MFI,OSDA-free
112.50009,1.7179967,99.0,28.125008,0.21276605,0.0,0.0,0.0,39.148933,0.0,180.0,36.0,MFI,OSDA-free
74.99998,1.7179967,99.0,32.142834,0.21276605,0.0,0.0,0.0,39.148933,0.0,180.0,36.0,MFI,OSDA-free
45.0,1.7179967,99.0,44.99997,0.21276605,0.0,0.0,0.0,39.148933,0.0,180.0,36.0,MFI,OSDA-free
32.142857,1.7179967,99.0,74.99985,0.21276605,0.0,0.0,0.0,39.148933,0.0,180.0,36.0,MFI,OSDA-free
120.0,1.7179967,99.0,250.0,0.44049618,0.0,0.35239667,0.0,33.057854,0.0,180.0,12.0,MFI,OSDA-free
30.0,1.7179967,99.0,250.0,0.13548389,0.0,0.10838705,0.0,19.354837,0.0,170.0,24.0,MFI,OSDA-free
400.0,0.0,99.0,250.0,0.215,0.0,0.21500005,0.0,35.8,0.0,180.0,72.0,MFI,OSDA-free
29.940119,1.7179967,99.0,250.0,0.07741435,0.0,0.061931487,0.0,24.191982,0.0,180.0,24.0,MFI,OSDA-free
50.0,1.7179967,99.0,250.0,0.078431375,0.0,0.062745094,0.0,24.509804,0.0,180.0,24.0,MFI,OSDA-free
64.93509,1.7179967,99.0,250.0,0.078786716,0.0,0.063029334,0.0,24.620838,0.0,180.0,24.0,MFI,OSDA-free
80.0,1.7179967,99.0,250.0,0.07901233,0.0,0.06320988,0.0,24.691359,0.0,180.0,24.0,MFI,OSDA-free
100.0,1.7179967,99.0,250.0,0.07920791,0.0,0.06336636,0.0,24.752476,0.0,180.0,24.0,MFI,OSDA-free
200.0,1.7179967,99.0,250.0,0.55721396,0.0,0.4457711,0.0,34.825867,0.19900498,140.0,24.0,MFI,OSDA-free
200.0,1.7179967,99.0,250.0,0.55721396,0.0,0.4457711,0.0,34.825867,0.19900498,140.0,36.0,MFI,OSDA-free
400.0,0.0,99.0,250.0,0.11764704,0.0,0.11764709,0.0,12.254903,0.0,180.0,24.0,MFI,OSDA-free
20.0,1.7179967,99.0,250.0,0.2666666,0.0,0.2133334,0.0,38.095238,0.0,170.0,48.0,MFI,OSDA-free
30.0,1.7179967,99.0,250.0,0.3870969,0.0,0.38709676,0.0,19.354837,0.0,170.0,12.0,MFI,OSDA-free
20.0,1.7179967,99.0,250.0,0.1904762,0.0,0.15238096,0.0,9.523809,0.0,180.0,15.0,MFI,OSDA-free
20.0,1.7179967,99.0,250.0,0.1904762,0.0,0.15238096,0.0,9.523809,0.0,194.99991,15.0,MFI,OSDA-free
20.0,1.7179967,99.0,250.0,0.1904762,0.0,0.15238096,0.0,9.523809,0.0,180.0,10.0,MFI,OSDA-free
20.0,1.7179967,99.0,250.0,0.1904762,0.0,0.15238096,0.0,9.523809,0.0,180.0,20.0,MFI,OSDA-free
20.0,1.7179967,99.0,250.0,0.1904762,0.0,0.15238096,0.0,9.523809,0.0,180.0,29.999996,MFI,OSDA-free
20.0,1.7179967,99.0,250.0,0.1904762,0.0,0.15238096,0.0,9.523809,0.0,180.0,15.0,MFI,OSDA-free
20.0,1.7179967,99.0,250.0,0.1904762,0.0,0.15238096,0.0,9.523809,0.0,180.0,15.0,MFI,OSDA-free
20.0,1.7179967,99.0,250.0,0.1904762,0.0,0.15238096,0.0,9.523809,0.0,180.0,15.0,MFI,OSDA-free
20.0,1.7179967,99.0,250.0,0.1904762,0.0,0.15238096,0.0,9.523809,0.0,180.0,15.0,MFI,OSDA-free
20.0,1.7179967,99.0,250.0,0.1904762,0.0,0.15238096,0.0,9.523809,0.0,180.0,15.0,MFI,OSDA-free
20.0,1.7179967,99.0,250.0,0.1904762,0.0,0.15238096,0.0,38.095238,0.0,180.0,15.0,MFI,OSDA-free
20.0,1.7179967,99.0,250.0,0.1904762,0.0,0.15238096,0.0,38.095238,0.0,180.0,24.0,MFI,OSDA-free
50.0,1.7179967,99.0,250.0,0.3137254,0.0,0.2509805,0.0,39.215687,0.0,210.0,3.0,MFI,OSDA-free
50.0,1.7179967,99.0,250.0,0.6274511,0.0,0.5019609,0.0,39.215687,0.0,210.0,3.0,MFI,OSDA-free
50.0,1.7179967,99.0,250.0,0.5490196,0.0,0.4392157,0.0,39.215687,0.0,210.0,3.0,MFI,OSDA-free
50.0,1.7179967,99.0,250.0,0.98039204,0.0,0.7843136,0.0,39.215687,0.0,210.0,3.0,MFI,OSDA-free
50.0,1.7179967,99.0,250.0,0.6274511,0.0,0.5019609,0.0,39.215687,0.0,210.0,0.0,MFI,OSDA-free
50.0,1.7179967,99.0,250.0,0.6274511,0.0,0.5019609,0.0,39.215687,0.0,210.0,3.0,MFI,OSDA-free
50.0,1.7179967,99.0,250.0,0.6274511,0.0,0.5019609,0.0,39.215687,0.0,210.0,48.0,MFI,OSDA-free
50.0,1.7179967,99.0,250.0,0.6274511,0.0,0.5019609,0.0,39.215687,0.0,210.0,5.0,MFI,OSDA-free
50.0,1.7179967,99.0,250.0,0.6274511,0.0,0.5019609,0.0,39.215687,0.0,210.0,20.0,MFI,OSDA-free
50.0,1.7179967,99.0,250.0,0.6274511,0.0,0.5019609,0.0,39.215687,0.0,210.0,48.0,MFI,OSDA-free
50.0,1.7179967,99.0,250.0,0.6274511,0.0,0.5019609,0.0,39.215687,0.0,210.0,120.0,MFI,OSDA-free
10.0,1.7179967,99.0,250.0,0.7575756,0.0,0.75757575,0.0,45.45455,0.0,165.0,24.0,MFI,OSDA-free
10.0,1.7179967,99.0,250.0,0.7575756,0.0,0.75757575,0.0,45.45455,0.0,165.0,10.0,MFI,OSDA-free
10.0,1.7179967,99.0,250.0,0.7575756,0.0,0.75757575,0.0,45.45455,0.0,165.0,14.0,MFI,OSDA-free
10.0,1.7179967,99.0,250.0,0.7575756,0.0,0.75757575,0.0,45.45455,0.0,165.0,24.0,MFI,OSDA-free
10.0,1.7179967,99.0,250.0,0.45454547,0.0,0.45454544,0.0,45.45455,0.0,165.0,24.0,MFI,OSDA-free
10.0,1.7179967,99.0,250.0,0.7575756,0.0,0.75757575,0.0,45.45455,0.0,165.0,24.0,MFI,OSDA-free
10.0,1.7179967,99.0,250.0,0.7575756,0.0,0.75757575,0.0,45.45455,0.0,165.0,24.0,MFI,OSDA-free
10.0,1.7179967,99.0,250.0,0.27272725,0.0,0.21818176,0.0,13.636364,0.0,190.0,0.0,MFI,OSDA-free
13.333333,1.7179967,99.0,250.0,0.2790698,0.0,0.2232559,0.0,13.953486,0.0,190.0,0.0,MFI,OSDA-free
20.0,1.7179967,99.0,250.0,0.2857143,0.0,0.22857146,0.0,14.285714,0.0,190.0,0.0,MFI,OSDA-free
40.0,1.7179967,99.0,250.0,0.29268286,0.0,0.23414637,0.0,14.634147,0.0,190.0,0.0,MFI,OSDA-free
0.0,0.0,0.0,0.0,0.0,0.0,0.0,0.0,200.0,0.0,160.0,41.0,MFI,OSDA-free
30.0,1.7179967,99.0,250.0,0.14516132,0.0,0.11612903,0.0,9.677419,0.0,160.0,192.0,MFI,OSDA-free
40.0,1.7179967,99.0,250.0,0.19512196,0.0,0.15609756,0.0,9.756098,0.0,160.0,168.0,MFI,OSDA-free
30.0,1.7179967,99.0,250.0,0.2903226,0.0,0.23225805,0.0,9.677419,0.0,160.0,240.0,MFI,OSDA-free
40.0,1.7179967,99.0,250.0,0.29268286,0.0,0.23414637,0.0,9.756098,0.0,160.0,168.0,MFI,OSDA-free
40.0,1.7179967,99.0,250.0,0.19512196,0.0,0.15609756,0.0,9.756098,0.0,160.0,96.0,MFI,OSDA-free
30.0,1.7179967,99.0,250.0,0.24193549,0.0,0.19354838,0.0,9.677419,0.0,160.0,96.0,MFI,OSDA-free
35.0,1.7179967,99.0,250.0,0.19444443,0.0,0.19444445,0.0,38.88889,0.0,160.0,72.0,MFI,OSDA-free
35.0,1.7179967,99.0,250.0,0.38888875,0.0,0.38888884,0.0,38.88889,0.0,160.0,72.0,MFI,OSDA-free
37.499935,1.7179967,99.0,250.0,0.34090903,0.0,0.27272728,0.0,63.31168,0.0,150.0,24.0,MFI,OSDA-free
37.499935,1.7179967,99.0,250.0,0.34090903,0.0,0.27272728,0.0,63.31168,0.0,150.0,24.0,MFI,OSDA-free
40.0,1.7179967,99.0,250.0,0.48780492,0.0,0.39024392,0.0,92.68294,0.0,150.0,40.0,MFI,OSDA-free
40.0,1.7179967,99.0,250.0,0.2243902,0.0,0.17951223,0.0,92.68294,0.0,150.0,40.0,MFI,OSDA-free
39.999958,1.7179967,99.0,250.0,0.82926834,0.0,0.6634146,0.0,92.68294,0.0,150.0,40.0,MFI,OSDA-free
8.9928055,1.7179967,99.0,250.0,0.17998561,0.0,0.14398843,0.0,16.108711,0.0,65.0,24.0,MFI,OSDA-free
8.9928055,1.7179967,99.0,250.0,0.17998561,0.0,0.14398843,0.0,16.108711,0.0,65.0,48.0,MFI,OSDA-free
8.9928055,1.7179967,99.0,250.0,0.17998561,0.0,0.14398843,0.0,16.108711,0.0,65.0,72.0,MFI,OSDA-free
60.096138,1.7179967,99.0,250.0,0.31476238,0.0,0.25181004,0.0,42.14668,0.0,90.0,24.0,MFI,OSDA-free
40.064106,1.7179967,99.0,250.0,0.31220722,0.0,0.24976589,0.0,41.804558,0.0,90.0,24.0,MFI,OSDA-free
30.048069,1.7179967,99.0,250.0,0.30969328,0.0,0.24775477,0.0,41.467945,0.0,90.0,24.0,MFI,OSDA-free
20.03204,1.7179967,99.0,250.0,0.30478507,0.0,0.2438281,0.0,40.810726,0.0,90.0,24.0,MFI,OSDA-free
39.961025,1.7179967,99.0,250.0,0.15852883,0.0,0.12682307,0.0,38.966393,0.0,150.0,122.00006,MFI,OSDA-free
15.011111,1.7179967,99.0,250.0,0.6939626,0.0,0.55516994,0.0,74.670395,0.0,175.0,168.0,MFI,OSDA-free
50.605293,1.7179967,99.0,250.0,0.5099439,0.0,0.407955,0.0,44.773075,0.0,190.0,24.0,MFI,OSDA-free
34.963634,1.7179967,99.0,250.0,0.5055613,0.0,0.4044488,0.0,44.388264,0.0,190.0,24.0,MFI,OSDA-free
49.59523,1.7179967,99.0,250.0,0.4705883,0.0,0.3764706,0.0,44.752937,0.0,190.0,24.0,MFI,OSDA-free
34.716656,1.7179967,99.0,250.0,0.4666355,0.0,0.3733085,0.0,44.37705,0.0,190.0,24.0,MFI,OSDA-free
50.51121,1.7179967,99.0,250.0,0.43140608,0.0,0.34512517,0.0,44.779984,0.0,190.0,24.0,MFI,OSDA-free
19.938593,1.7179967,99.0,250.0,0.41893592,0.0,0.33514863,0.0,43.48555,0.0,190.0,24.0,MFI,OSDA-free
35.014675,1.7179967,99.0,250.0,0.40832987,0.0,0.32666385,0.0,44.426296,0.0,190.0,24.0,MFI,OSDA-free
20.008394,1.7179967,99.0,250.0,0.4,0.0,0.32,0.0,43.52,0.0,190.0,24.0,MFI,OSDA-free
25.0,1.7179967,99.0,250.0,0.38461548,0.0,0.30769223,0.0,43.961536,0.0,190.0,24.0,MFI,OSDA-free
20.0,1.7179967,99.0,250.0,0.38095224,0.0,0.30476192,0.0,43.54286,0.0,190.0,24.0,MFI,OSDA-free
14.970059,1.7179967,99.0,250.0,0.37495318,0.0,0.2999625,0.0,42.857136,0.0,190.0,24.0,MFI,OSDA-free
25.02703,1.7179967,99.0,250.0,0.34614053,0.0,0.2769124,0.0,43.959846,0.0,190.0,24.0,MFI,OSDA-free
25.0,1.7179967,99.0,250.0,0.30769253,0.0,0.2461538,0.0,43.96923,0.0,190.0,24.0,MFI,OSDA-free
49.948063,1.7179967,99.0,250.0,0.2549072,0.0,0.20392548,0.0,44.86362,0.0,190.0,24.0,MFI,OSDA-free
15.0234375,1.7179967,99.0,250.0,0.24378344,0.0,0.19502686,0.0,42.9059,0.0,190.0,24.0,MFI,OSDA-free
34.9615,1.7179967,99.0,250.0,0.21390378,0.0,0.171123,0.0,71.18713,0.0,190.0,24.0,MFI,OSDA-free
45.045044,1.7179967,99.0,250.0,0.097828224,0.0,0.078262605,0.0,7.7969093,0.0,190.0,120.0,MFI,OSDA-free
30.03243,1.7179967,99.0,250.0,0.17418563,0.0,0.1393485,0.0,26.528477,0.0,200.0,70.0,MFI,OSDA-free
15.007605,1.7179967,99.0,250.0,0.23752962,0.0,0.19002375,0.0,57.981003,0.0,200.0,120.0,MFI,OSDA-free
39.961025,1.7179967,99.0,250.0,0.15852883,0.0,0.12682307,0.0,38.966393,0.0,200.0,72.0,MFI,OSDA-free
40.563038,1.7179967,99.0,250.0,0.15649012,0.0,0.12519209,0.0,38.455315,0.0,200.0,67.999985,MFI,OSDA-free
40.587646,1.7179967,99.0,250.0,0.15617254,0.0,0.124938026,0.0,38.448185,0.0,200.0,70.0,MFI,OSDA-free
400.0,0.0,99.0,250.0,0.32291678,0.0,0.2583333,0.0,45.833336,0.0,190.0,24.0,MFI,OSDA-free
400.0,0.0,99.0,250.0,0.409091,0.0,0.0,0.0,45.45455,0.45454547,150.0,40.0,TON,CCC(N)CCCN
109.999794,1.7179967,99.0,250.0,0.4054054,0.0,0.0,0.0,45.045036,0.45045045,150.0,40.0,TON,CCC(N)CCCN
55.000004,1.7179967,99.0,250.0,0.40178582,0.0,0.0,0.0,44.64286,0.44642866,150.0,40.0,TON,CCC(N)CCCN
40.0,1.7179967,99.0,250.0,0.4292683,0.0,0.06504062,0.0,34.666664,0.065040626,170.0,96.0,MEL,CCCCCCCCCCCCCCCCCC[N+](C)(C)CCCCCCN(C)C
400.0,1.7179967,99.0,250.0,0.1396509,0.0,0.11172071,0.0,29.925186,0.99750626,160.0,65.0,MTW,C1CN2CCN1CC2
400.0,1.7179967,99.0,250.0,0.10972567,0.0,0.08778055,0.0,29.925186,1.4962587,160.0,65.0,MTW,C1CN2CCN1CC2
400.0,1.7179967,99.0,250.0,0.1396509,0.0,0.11172071,0.0,29.925186,1.4962587,160.0,65.0,MTW,C1CN2CCN1CC2
400.0,1.7179967,99.0,250.0,0.08977556,0.0,0.07182054,0.0,29.925186,1.9950125,160.0,65.0,MTW,C1CN2CCN1CC2
400.0,1.7179967,99.0,250.0,0.109725684,0.0,0.08778058,0.0,29.925186,1.9950125,160.0,65.0,MTW,C1CN2CCN1CC2
400.0,1.7179967,99.0,250.0,0.1396509,0.0,0.11172071,0.0,29.925186,1.9950125,160.0,65.0,MTW,C1CN2CCN1CC2
400.0,1.7179967,99.0,250.0,0.109725684,0.0,0.08778058,0.0,29.925186,1.9950125,160.0,42.0,MTW,C1CN2CCN1CC2
400.0,1.7179967,99.0,250.0,0.1396509,0.0,0.11172071,0.0,29.925186,1.9950125,160.0,42.0,MTW,C1CN2CCN1CC2
50.0,1.7179967,99.0,250.0,0.09869719,0.0,0.24016319,0.0,42.90038,0.14146598,170.0,391.08804,CHA,CC[N+]1(CC)CC2CCCC1CCC2
400.0,0.0,99.0,16.857153,0.0,0.0,0.0,0.4,10.0,0.2,150.0,336.0,IFW,CN(C)[P+](CCCC[P+](N(C)C)(N(C)C)N(C)C)(N(C)C)N(C)C
400.0,0.0,99.0,16.857153,0.0,0.0,0.4,0.0,10.0,0.2,150.0,336.0,IFW,CN(C)[P+](CCCC[P+](N(C)C)(N(C)C)N(C)C)(N(C)C)N(C)C
400.0,0.0,99.0,10.0,0.0,0.0,0.4,0.0,7.5,0.2,150.0,336.0,IFW,CN(C)[P+](CCCC[P+](N(C)C)(N(C)C)N(C)C)(N(C)C)N(C)C
400.0,0.0,99.0,19.999998,0.0,0.0,0.4,0.0,7.5,0.20000002,150.0,336.0,IFW,CN(C)[P+](CCCC[P+](N(C)C)(N(C)C)N(C)C)(N(C)C)N(C)C
400.0,0.0,99.0,20.0,0.0,0.0,0.4,0.0,10.0,0.2,150.0,336.0,IFW,CN(C)[P+](CCCC[P+](N(C)C)(N(C)C)N(C)C)(N(C)C)N(C)C
33.333332,1.7179967,99.0,250.0,0.0,0.19417475,0.1553398,0.0,40.7767,0.19417475,160.0,372.0,Dense/Amorphous,CNC
62.5,1.7179967,99.0,250.0,0.0,0.19685036,0.15748031,0.0,41.33858,0.19685039,160.0,204.0,Dense/Amorphous,CNC
50.0,1.7179967,99.0,250.0,0.0,0.0,0.0,0.0,44.117645,0.656863,170.0,50.0,Dense/Amorphous,CNC
50.0,1.7179967,99.0,250.0,0.0,0.0,0.0,0.0,44.117645,0.656863,175.0,65.0,Dense/Amorphous,CNC
50.0,1.7179967,99.0,250.0,0.0,0.0,0.0,0.0,44.117645,0.656863,175.0,65.0,Dense/Amorphous,CNC
20.0,1.7179967,99.0,250.0,0.0,0.0,0.0,0.0,42.857143,0.63809526,185.0,65.0,Dense/Amorphous,CNC
20.0,1.7179967,99.0,250.0,0.0,0.0,0.0,0.0,42.857143,0.63809526,190.0,65.0,Dense/Amorphous,CNC
14.99925,1.7179967,99.0,250.0,0.0,0.0,0.0,0.0,42.18737,0.6281232,194.99991,96.0,Dense/Amorphous,CNC
14.99925,1.7179967,99.0,250.0,0.0,0.0,0.0,0.0,42.18737,0.6281232,194.99991,144.0,Dense/Amorphous,CNC
50.0,1.7179967,99.0,250.0,0.0,0.0,0.0,0.0,44.117645,0.656863,160.0,50.0,Dense/Amorphous,CNC
50.0,1.7179967,99.0,250.0,0.0,0.0,0.0,0.0,44.117645,0.656863,165.0,50.0,Dense/Amorphous,CNC
14.99925,1.7179967,99.0,250.0,0.0,0.0,0.0,0.0,42.18737,0.6281232,194.99991,240.0,Dense/Amorphous,CNC
14.99925,1.7179967,99.0,250.0,0.0,0.0,0.0,0.0,42.18737,0.6281232,194.99991,480.0,Dense/Amorphous,CNC
20.0,1.7179967,99.0,250.0,0.0,0.0,0.0,0.0,42.857143,0.63809526,185.0,96.0,Dense/Amorphous,CNC
20.0,1.7179967,99.0,250.0,0.0,0.0,0.0,0.0,42.857143,0.63809526,185.0,96.0,Dense/Amorphous,CNC
20.0,1.7179967,99.0,250.0,0.0,0.0,0.0,0.0,42.857143,0.63809526,190.0,96.0,Dense/Amorphous,CNC
20.0,1.7179967,99.0,250.0,0.0,0.0,0.0,0.0,42.857143,0.63809526,190.0,96.0,Dense/Amorphous,CNC
20.0,1.7179967,99.0,250.0,0.0,0.0,0.0,0.0,42.857143,0.63809526,185.0,96.0,Dense/Amorphous,CNC
20.0,1.7179967,99.0,250.0,0.0,0.0,0.0,0.0,42.857143,0.63809526,190.0,144.0,Dense/Amorphous,CNC
20.0,1.7179967,99.0,250.0,0.0,0.0,0.0,0.0,42.857143,0.63809526,185.0,96.0,Dense/Amorphous,CNC
20.0,1.7179967,99.0,250.0,0.0,0.0,0.0,0.0,42.857143,0.63809526,190.0,144.0,Dense/Amorphous,CNC
30.003,1.7179967,99.0,250.0,0.0,0.0,0.0,0.0,43.548527,0.64838946,160.0,65.0,Dense/Amorphous,CNC
30.003,1.7179967,99.0,250.0,0.0,0.0,0.0,0.0,43.548527,0.64838946,160.0,65.0,Dense/Amorphous,CNC
40.0,1.7179967,99.0,250.0,0.0,0.0,0.0,0.0,43.90244,0.6536586,170.0,65.0,Dense/Amorphous,CNC
30.003,1.7179967,99.0,250.0,0.0,0.0,0.0,0.0,43.548527,0.64838946,170.0,65.0,Dense/Amorphous,CNC
30.003,1.7179967,99.0,250.0,0.0,0.0,0.0,0.0,43.548527,0.64838946,180.0,65.0,Dense/Amorphous,CNC
400.0,0.0,99.0,250.0,0.0,0.0,0.0,0.0,3.5,0.0,150.0,665.5087,BEA,C[N+]1(CCCCCC[N+]2(C)CCCCC2)CCCCC1
400.0,0.0,99.0,250.0,0.0,0.0,0.0,0.0,7.0,0.0,150.0,247.22466,BEA,C[N+]1(CCCCCC[N+]2(C)CCCCC2)CCCCC1
400.0,0.0,9.009015,250.0,0.0,0.0,0.0,0.0,0.0,0.0,170.0,133.37329,BEA,C[N+]1(CCCCCC[N+]2(C)CCCCC2)CCCCC1
400.0,0.0,99.0,4.0,0.16000003,0.0,0.0,0.0,80.0,0.2,170.0,168.0,RTH,CCCNCCC
17.000004,1.7179967,99.0,250.0,0.2833334,0.0,0.36833334,0.0,9.444444,0.028333347,140.0,48.0,FAU,C(CC[N+]12CCN(CC1)CC2)C[N+]12CCN(CC1)CC2
0.0,0.95238096,0.0,0.0,0.0,0.0,0.0,0.0,12.195124,0.4146341,165.0,0.5,AFI,CCN(C(C)C)C(C)C
0.0,0.95238096,0.0,0.0,0.0,0.0,0.0,0.0,12.195124,0.4146341,165.0,1.0,AFI,CCN(C(C)C)C(C)C
0.0,0.95238096,0.0,0.0,0.0,0.0,0.0,0.0,12.195124,0.4146341,165.0,1.5,AFI,CCN(C(C)C)C(C)C
0.0,0.95238096,0.0,0.0,0.0,0.0,0.0,0.0,12.195124,0.4146341,165.0,2.0,AFI,CCN(C(C)C)C(C)C
0.0,0.95238096,0.0,0.0,0.0,0.0,0.0,0.0,12.195124,0.4146341,165.0,24.0,AFI,CCN(C(C)C)C(C)C
0.0,0.95238096,0.0,0.0,0.0,0.0,0.0,0.0,12.195124,0.4146341,165.0,48.0,AFI,CCN(C(C)C)C(C)C
0.0,1.0,0.0,0.0,0.0,0.0,0.0,0.0,12.5,0.04249998,175.0,168.0,AFI,CCN(C(C)C)C(C)C
0.0,1.0,0.0,0.0,0.0,0.0,0.0,0.0,12.315271,0.36945817,175.0,168.0,AFI,CCN(C(C)C)C(C)C
0.0,1.0559646,0.0,0.0,0.0,0.0,0.0,0.0,23.420645,0.48638928,200.0,72.0,AFI,CCN(C(C)C)C(C)C
0.0,1.0,0.0,0.0,0.0,0.0,0.0,0.14999987,0.0,0.0,190.0,137.39124,AFX,C[N+]1(CCCCC[N+]2(C)CCCC2)CCCC1
0.0,0.9,0.0,0.0,0.0,0.0,0.0,0.0,0.0,0.0,190.0,128.39043,AFX,C[N+]1(CCCCC[N+]2(C)CCCC2)CCCC1
0.0,0.85,0.0,0.0,0.0,0.0,0.0,0.0,0.0,0.0,190.0,19.436848,AFX,C[N+]1(CCCCC[N+]2(C)CCCC2)CCCC1
0.0,0.8,0.0,0.0,0.0,0.0,0.0,0.0,0.0,0.0,190.0,385.63983,AFX,C[N+]1(CCCCC[N+]2(C)CCCC2)CCCC1
0.0,0.7499999,0.0,0.0,0.0,0.0,0.0,0.0,0.0,0.0,190.0,240.21657,AFX,C[N+]1(CCCCC[N+]2(C)CCCC2)CCCC1
0.0,0.5,0.0,0.0,0.0,0.0,0.0,0.0,0.0,0.0,190.0,114.01535,AFX,C[N+]1(CCCCC[N+]2(C)CCCC2)CCCC1
0.0,0.9,0.0,0.0,0.0,0.0,0.0,0.0,0.0,0.0,190.0,26.282715,AFX,C[N+]1(CCCCC[N+]2(C)CCCC2)CCCC1
0.1,1.1111112,99.0,250.0,0.0,0.0,0.0,0.0,0.0,0.0,190.0,116.44551,AFX,C[N+]1(CCCCC[N+]2(C)CCCC2)CCCC1
0.2,1.25,99.0,250.0,0.0,0.0,0.0,0.0,0.0,0.0,190.0,267.7076,AFX,C[N+]1(CCCCC[N+]2(C)CCCC2)CCCC1
400.0,0.0,99.0,250.0,0.0,0.0,0.0,0.5600002,7.0,0.55999994,175.0,336.0,ITW,Cc1cn(C)c[n+]1C
0.0,0.0,0.0,0.0,0.0,0.0,0.0,0.0,200.0,0.0,129.86102,460.07248,SFH,C[N+](C)(C)CC1(c2ccccc2)CCCC1
400.0,0.0,1.0,250.0,0.0,0.0,0.0,0.5,8.0,0.5,150.0,15.0,BEC,c1ccc(C[N+]23CCC(CC2)CC3)cc1
400.0,0.0,10.001101,250.0,0.0,0.0,0.0,0.5,8.0,0.5,150.0,120.0,BEC,c1ccc(C[N+]23CCC(CC2)CC3)cc1
0.0,0.26666665,0.0,0.0,0.0,0.0,0.0,0.0,7.8947363,0.26315793,150.0,24.0,PHI,NC1CCC(N)CC1
400.0,0.0,99.0,250.0,0.0,0.0,0.0,0.0,0.0,3.237623,169.47812,258.05762,MFI,CCCCO
400.0,0.0,99.0,250.0,0.0,0.0,0.0,0.0,0.0,3.2058864,147.81628,293.00494,MFI,CCCCO
30.0,1.7179967,99.0,250.0,0.7064516,0.0,0.9,0.0,38.70968,0.09677419,160.0,168.0,MOR,CC[N+](CC)(CC)CCC[N+](CC)(CC)CC
30.0,1.7179967,99.0,250.0,0.8419353,0.0,1.0354838,0.0,38.70968,0.09677419,160.0,168.0,MOR,CC[N+](CC)(CC)CCC[N+](CC)(CC)CC
30.0,1.7179967,99.0,250.0,0.96774215,0.0,1.1612899,0.0,38.70968,0.09677419,160.0,168.0,MOR,CC[N+](CC)(CC)CCC[N+](CC)(CC)CC
30.0,1.7179967,99.0,250.0,1.0935487,0.0,1.2870967,0.0,38.70968,0.09677419,160.0,168.0,MOR,CC[N+](CC)(CC)CCC[N+](CC)(CC)CC
30.0,1.7179967,99.0,250.0,0.7064516,0.0,0.9,0.0,38.70968,0.09677419,160.0,168.0,MOR,CC[N+](CC)(CC)CCC[N+](CC)(CC)CC
400.0,0.0,99.0,4.0,0.16000003,0.0,0.0,0.0,80.0,0.2,170.0,168.0,Dense/Amorphous,CCCCCCN
0.0,0.0,0.0,0.0,0.0,0.0,0.0,0.0,200.0,0.0,150.0,240.0,Dense/Amorphous,C1COCCO1
0.0,1.0,0.0,0.0,0.0,0.0,0.0,0.0,0.0,0.90000004,180.0,1.0,AST,c1ccncc1
0.0,0.5,0.0,0.0,0.0,0.0,0.0,0.0,0.0,0.6,180.0,1.0,AST,c1ccncc1
0.0,0.3448277,0.0,0.0,0.0,0.0,0.0,0.0,0.0,0.46153846,180.0,1.0,AST,c1ccncc1
0.0,0.2857142,0.0,0.0,0.0,0.0,0.0,0.0,0.0,0.4,180.0,1.0,AST,c1ccncc1
0.0,0.3448277,0.0,0.0,0.0,0.0,0.0,0.0,0.0,0.10256416,180.0,1.0,AST,c1ccncc1
0.0,0.3448277,0.0,0.0,0.0,0.0,0.0,0.0,0.0,0.2948718,180.0,1.0,AST,c1ccncc1
0.0,0.3448277,0.0,0.0,0.0,0.0,0.0,0.0,0.0,1.0,180.0,1.0,AST,c1ccncc1
0.0,0.3448277,0.0,0.0,0.0,0.0,0.0,0.0,0.0,0.46153846,180.0,1.0,AST,c1ccncc1
0.0,0.3448277,0.0,0.0,0.0,0.0,0.0,0.0,0.0,0.46153846,180.0,1.0,AST,c1ccncc1
0.0,0.3448277,0.0,0.0,0.0,0.0,0.0,0.0,0.0,0.46153846,150.0,1.0,AST,c1ccncc1
0.0,0.3448277,0.0,0.0,0.0,0.0,0.0,0.0,0.0,0.46153846,200.0,1.0,AST,c1ccncc1
0.0,0.3448277,0.0,0.0,0.0,0.0,0.0,0.0,0.0,0.46153846,180.0,0.16669996,AST,c1ccncc1
0.0,0.3448277,0.0,0.0,0.0,0.0,0.0,0.0,0.0,0.46153846,180.0,0.66699994,AST,c1ccncc1
0.0,0.3448277,0.0,0.0,0.0,0.0,0.0,0.0,0.0,0.0,173.33192,11.641184,AST,c1ccncc1
400.0,0.0,99.0,250.0,0.0,0.0,0.0,0.49,5.0,0.5,175.0,168.0,MTW,Cc1n(Cc2ccc(F)cc2)cc[n+]1C
66.00007,1.7179967,99.0,250.0,0.5516417,0.0,0.19701496,0.0,5.713432,0.098507464,140.0,6.0,BEA,C(CC[N+]12CCN(CC1)CC2)C[N+]12CCN(CC1)CC2
400.0,0.0,99.0,250.0,0.0,0.0,0.0,0.5,7.5,0.25,175.0,24.0,BEA,C(CC[N+]12CCN(CC1)CC2)C[N+]12CCN(CC1)CC2
400.0,0.0,99.0,250.0,0.0,0.0,0.0,0.5,15.0,0.25,175.0,96.0,BEA,C(CC[N+]12CCN(CC1)CC2)C[N+]12CCN(CC1)CC2
400.0,0.0,99.0,250.0,0.0,0.0,0.0,0.3060022,7.0615926,0.19615535,170.0,300.00003,BEA,C(CC[N+]12CCN(CC1)CC2)C[N+]12CCN(CC1)CC2
400.0,0.0,99.0,14.70588,0.031835284,0.0,0.5243446,0.0,56.179787,0.26217225,160.0,168.0,BEA,C(CC[N+]12CCN(CC1)CC2)C[N+]12CCN(CC1)CC2
400.0,0.0,99.0,14.70588,0.031835284,0.0,0.5243446,0.0,56.179787,0.26217225,160.0,168.0,BEA,C(CC[N+]12CCN(CC1)CC2)C[N+]12CCN(CC1)CC2
50.0,1.7179967,99.0,250.0,0.39215705,0.0,0.40980408,0.0,9.803922,0.005882342,140.0,48.0,BEA,C(CC[N+]12CCN(CC1)CC2)C[N+]12CCN(CC1)CC2
12.5,1.7179967,99.0,250.0,0.32407415,0.0,0.27777776,0.0,27.777779,0.1388889,184.38231,320.54422,BEA,C(CC[N+]12CCN(CC1)CC2)C[N+]12CCN(CC1)CC2
12.5,1.7179967,99.0,250.0,0.41666672,0.0,0.27777776,0.0,27.777782,0.1388889,128.18393,275.61362,BEA,C(CC[N+]12CCN(CC1)CC2)C[N+]12CCN(CC1)CC2
12.5,1.7179967,99.0,250.0,0.5092593,0.0,0.27777776,0.0,27.777779,0.1388889,80.43471,20.235811,BEA,C(CC[N+]12CCN(CC1)CC2)C[N+]12CCN(CC1)CC2
5.0,1.7179967,99.0,250.0,0.25,0.0,0.16666667,0.0,25.0,0.083333336,165.39532,300.23697,BEA,C(CC[N+]12CCN(CC1)CC2)C[N+]12CCN(CC1)CC2
5.0,1.7179967,99.0,250.0,0.3333333,0.0,0.16666667,0.0,25.0,0.083333336,154.09569,601.5518,BEA,C(CC[N+]12CCN(CC1)CC2)C[N+]12CCN(CC1)CC2
14.925373,1.7179967,99.0,250.0,0.32802263,0.0,0.28116208,0.0,28.116213,0.14058106,150.00124,455.62433,BEA,C(CC[N+]12CCN(CC1)CC2)C[N+]12CCN(CC1)CC2
14.925373,1.7179967,99.0,250.0,0.42174333,0.0,0.28116208,0.0,28.116213,0.14058106,127.29804,521.6867,BEA,C(CC[N+]12CCN(CC1)CC2)C[N+]12CCN(CC1)CC2
14.925373,1.7179967,99.0,250.0,0.51546377,0.0,0.28116208,0.0,28.116213,0.14058106,123.60089,271.55182,BEA,C(CC[N+]12CCN(CC1)CC2)C[N+]12CCN(CC1)CC2
6.9930043,1.7179967,99.0,250.0,0.26246735,0.0,0.1749781,0.0,26.24672,0.08748905,155.31828,152.48686,BEA,C(CC[N+]12CCN(CC1)CC2)C[N+]12CCN(CC1)CC2
3.0030036,1.7179967,99.0,250.0,0.039759953,0.0,1.787696,0.0,43.135788,1.747939,100.0,48.0,LTA,C[N+](C)(C)C
3.1249998,1.7179967,99.0,250.0,0.053872146,0.0,1.858586,0.0,47.138042,1.8047127,100.0,12.0,LTA,C[N+](C)(C)C
3.1249998,1.7179967,99.0,250.0,0.053872146,0.0,1.858586,0.0,47.138042,1.8047127,100.0,12.0,LTA,C[N+](C)(C)C
3.1249998,1.7179967,99.0,250.0,0.053872146,0.0,1.858586,0.0,47.138042,1.8047127,100.0,12.0,LTA,C[N+](C)(C)C
3.1249998,1.7179967,99.0,250.0,0.053872146,0.0,1.858586,0.0,47.138042,1.8047127,100.0,12.0,LTA,C[N+](C)(C)C
3.1249998,1.7179967,99.0,250.0,0.053872146,0.0,1.858586,0.0,47.138042,1.8047127,100.0,12.0,LTA,C[N+](C)(C)C
400.0,0.0,99.0,250.0,0.0,0.0,0.0,0.5,3.0,0.25,135.0,72.0,LTA,C[N+](C)(C)C
400.0,0.0,99.0,250.0,0.0,0.0,0.0,0.5,2.0,0.13000001,135.0,480.0,LTA,C[N+](C)(C)C
0.0,0.0,0.0,0.0,0.0,0.0,0.0,0.0,200.0,0.0,0.0,0.0,LTA,C[N+](C)(C)C
0.0,0.0,0.0,0.0,0.0,0.0,0.0,0.0,200.0,0.0,110.0,24.0,LTA,C[N+](C)(C)C
0.0,0.0,0.0,0.0,0.0,0.0,0.0,0.0,200.0,0.0,110.0,120.0,LTA,C[N+](C)(C)C
2.0999992,1.7179967,99.0,250.0,0.16129042,0.0,0.9677419,0.0,17.741938,0.9677421,80.0,6.0,LTA,C[N+](C)(C)C
2.0999992,1.7179967,99.0,250.0,0.16129042,0.0,0.9677419,0.0,17.741938,0.9677421,80.0,8.999997,LTA,C[N+](C)(C)C
2.0999992,1.7179967,99.0,250.0,0.16129042,0.0,0.9677419,0.0,17.741938,0.9677421,80.0,12.0,LTA,C[N+](C)(C)C
2.0999992,1.7179967,99.0,250.0,0.16129042,0.0,0.9677419,0.0,17.741938,0.9677421,80.0,18.0,LTA,C[N+](C)(C)C
2.0999992,1.7179967,99.0,250.0,0.16129042,0.0,0.9677419,0.0,17.741938,0.9677421,80.0,24.0,LTA,C[N+](C)(C)C
3.1249998,1.7179967,99.0,250.0,0.08080808,0.0,1.8855226,0.0,47.138042,1.8047127,100.0,8.0,LTA,C[N+](C)(C)C
2.3910005,1.7179967,99.0,250.0,1.7917895,0.0,2.4341676,0.0,11.5097475,4.1476517,0.0,0.0,LTA,C[N+](C)(C)C
3.0600016,1.7179967,99.0,250.0,0.039408866,0.0,1.805418,0.0,42.48769,1.7660103,100.0,24.0,LTA,C[N+](C)(C)C
3.1249998,1.7179967,99.0,250.0,0.060606085,0.0,2.4242418,0.0,49.242424,2.4242396,95.0,7.5000024,LTA,C[N+](C)(C)C
3.0600016,1.7179967,99.0,250.0,0.01970444,0.0,1.7955663,0.0,42.48769,1.7955672,100.0,24.0,LTA,C[N+](C)(C)C
3.0600016,1.7179967,99.0,250.0,0.01970444,0.0,1.7857147,0.0,42.48769,1.785714,100.0,24.0,LTA,C[N+](C)(C)C
1.5999999,1.7179967,99.0,250.0,0.12692314,0.0,1.6653886,0.0,47.115383,1.5384597,100.0,16.0,LTA,C[N+](C)(C)C
3.0,1.7179967,99.0,250.0,0.08,0.0,1.8999995,0.0,43.750004,1.8200012,0.0,0.0,LTA,C[N+](C)(C)C
2.1999998,1.7179967,99.0,250.0,0.09375,0.0,0.8437501,0.0,62.499992,0.75,90.0,72.0,LTA,C[N+](C)(C)C
1.7500005,1.7179967,99.0,250.0,0.14545462,0.0,1.6363629,0.0,45.45455,1.6363649,90.0,6.0,LTA,C[N+](C)(C)C
2.1999998,1.7179967,99.0,250.0,0.09375,0.0,0.8437501,0.0,62.499992,0.75,100.0,72.0,LTA,C[N+](C)(C)C
2.0999992,1.7179967,99.0,250.0,0.18387097,0.0,1.7064551,0.0,47.903233,1.5225807,100.0,15.0,LTA,C[N+](C)(C)C
2.1999998,1.7179967,99.0,250.0,0.75,0.0,2.4341676,0.0,62.499992,0.6874999,90.0,72.0,LTA,C[N+](C)(C)C
4.285716,1.7179967,99.0,250.0,0.2,0.0,0.5,0.0,81.08111,0.5,100.0,168.0,LTA,C[N+](C)(C)C
3.1249998,1.7179967,99.0,250.0,0.08080808,0.0,1.8855226,0.0,47.138042,1.8047127,147.37468,633.6704,LTA,C[N+](C)(C)C
3.1249998,1.7179967,99.0,250.0,0.08080808,0.0,1.8855226,0.0,47.138042,1.8047127,61.863087,134.17212,LTA,C[N+](C)(C)C
3.1249998,1.7179967,99.0,250.0,0.08080808,0.0,1.8855226,0.0,47.138042,1.8047127,0.0,0.0,LTA,C[N+](C)(C)C
3.1249998,1.7179967,99.0,250.0,0.08080808,0.0,1.8855226,0.0,47.138042,1.8047127,100.0,3.0,LTA,C[N+](C)(C)C
1.6999999,1.7179967,99.0,250.0,0.07407404,0.0,1.3703712,0.0,101.85183,1.3703696,100.0,99.999985,LTA,C[N+](C)(C)C
1.6999999,1.7179967,99.0,250.0,0.07407404,0.0,1.3703712,0.0,101.85183,1.3703696,100.0,120.0,LTA,C[N+](C)(C)C
1.6999999,1.7179967,99.0,250.0,0.07407404,0.0,1.3703712,0.0,101.85183,1.3703696,100.0,20.0,LTA,C[N+](C)(C)C
3.1249998,1.7179967,99.0,250.0,0.16161631,0.0,1.8047129,0.0,47.138042,1.8047127,100.0,1.6670008,LTA,C[N+](C)(C)C
3.1315773,1.7179967,99.0,250.0,0.05095537,0.0,1.78344,0.0,44.585987,1.783439,60.0,24.0,LTA,C[N+](C)(C)C
3.1388881,1.7179967,99.0,250.0,0.03892612,0.0,1.8120806,0.0,51.20806,1.8120803,70.0,24.0,LTA,C[N+](C)(C)C
3.2941222,1.7179967,99.0,250.0,0.0,0.0,1.8356162,0.0,44.52055,1.8356173,70.0,48.0,LTA,C[N+](C)(C)C
3.0000007,1.7179967,99.0,250.0,0.08,0.0,1.8975006,0.0,43.750004,1.8174996,80.0,24.0,LTA,C[N+](C)(C)C
3.0000007,1.7179967,99.0,250.0,0.040000025,0.0,1.857501,0.0,43.750004,1.8174996,80.0,24.0,LTA,C[N+](C)(C)C
3.0000007,1.7179967,99.0,250.0,0.08,0.0,2.4341676,0.0,43.750004,2.5,80.0,24.0,LTA,C[N+](C)(C)C
3.0,1.7179967,99.0,250.0,0.16000003,0.0,1.9774998,0.0,43.750004,1.8174996,80.0,24.0,LTA,C[N+](C)(C)C
3.0,1.7179967,99.0,250.0,0.08,0.0,1.0800004,0.0,43.750004,1.0,80.0,24.0,LTA,C[N+](C)(C)C
3.0000007,1.7179967,99.0,250.0,0.08,0.0,1.8975006,0.0,43.750004,1.8174996,60.0,24.0,LTA,C[N+](C)(C)C
3.0000007,1.7179967,99.0,250.0,0.08,0.0,1.8975006,0.0,43.750004,1.8174996,100.0,24.0,LTA,C[N+](C)(C)C
3.0000007,1.7179967,99.0,250.0,0.08,0.0,1.8975006,0.0,43.750004,1.8174996,80.0,16.0,LTA,C[N+](C)(C)C
3.0000007,1.7179967,99.0,250.0,0.08,0.0,1.8975006,0.0,43.750004,1.8174996,80.0,8.0,LTA,C[N+](C)(C)C
3.0000007,1.7179967,99.0,250.0,0.08,0.0,1.8975006,0.0,43.750004,1.8174996,80.0,24.0,LTA,C[N+](C)(C)C
3.0000007,1.7179967,99.0,250.0,0.08,0.0,1.8975006,0.0,43.750004,1.8174996,80.0,24.0,LTA,C[N+](C)(C)C
3.1249998,1.7179967,99.0,250.0,0.10101019,0.0,1.8047129,0.0,47.138042,1.8047127,100.0,0.0,LTA,C[N+](C)(C)C
3.1249998,1.7179967,99.0,250.0,0.08080808,0.0,1.8047129,0.0,47.138042,1.8047127,100.0,0.0,LTA,C[N+](C)(C)C
3.1249998,1.7179967,99.0,250.0,0.060606085,0.0,1.8047129,0.0,47.138042,1.8047127,100.0,0.0,LTA,C[N+](C)(C)C
2.4999998,1.7179967,99.0,250.0,0.042857226,0.0,0.7571427,0.0,40.714275,0.7571429,100.0,0.0,LTA,C[N+](C)(C)C
1.0,1.7179967,99.0,250.0,0.099999994,0.0,2.4341676,0.0,84.99995,3.590001,100.0,24.0,LTA,C[N+](C)(C)C
0.0,1.0,0.0,0.0,0.0,0.0,0.0,0.10000002,20.0,0.010000004,150.0,44.0,LTA,C[N+](C)(C)C
4.127907,1.7179967,99.0,250.0,0.2857143,0.0,0.8049885,0.0,15.725625,0.80498904,100.0,24.0,LTA,C[N+](C)(C)C
1.0,0.25062656,99.0,250.0,1.1940408,0.0,0.0,0.0,110.78752,2.9091942,180.6344,50.12372,LTA,C[N+](C)(C)C
1.5,0.25062656,99.0,250.0,1.4390311,0.0,0.0,0.0,102.21549,2.5694103,160.99171,109.89751,LTA,C[N+](C)(C)C
2.0,0.25062656,99.0,250.0,1.6315278,0.0,0.0,0.0,94.43564,2.3870075,140.37067,369.59647,LTA,C[N+](C)(C)C
3.0,0.25062656,99.0,250.0,1.920999,0.0,0.0,0.0,89.20818,2.0842257,139.70544,121.471596,LTA,C[N+](C)(C)C
2.0,0.25062656,99.0,250.0,1.6398398,0.0,0.0,0.0,119.73425,3.566001,169.15266,329.2625,LTA,C[N+](C)(C)C
3.0,0.25062656,99.0,250.0,1.920999,0.0,0.0,0.0,117.153244,3.1274862,136.11826,240.12912,LTA,C[N+](C)(C)C
2.0,0.25062656,99.0,250.0,0.9882185,0.0,0.0,0.0,104.57342,4.240451,172.8748,483.58142,LTA,C[N+](C)(C)C
4.0,0.25062656,99.0,250.0,1.920999,0.0,0.0,0.0,90.1145,3.0839195,139.43251,287.23834,LTA,C[N+](C)(C)C
5.0,0.25062656,99.0,250.0,1.8827206,0.0,0.0,0.0,73.92885,3.0458667,175.39812,239.8794,LTA,C[N+](C)(C)C
6.0,0.25062656,99.0,250.0,1.920999,0.0,0.0,0.0,88.12122,2.8055923,98.98745,136.66536,LTA,C[N+](C)(C)C
2.0,0.25062656,99.0,250.0,1.0356995,0.0,0.0,0.0,124.928696,2.9942582,135.75485,105.07014,LTA,C[N+](C)(C)C
3.0,0.25062656,99.0,250.0,1.5651993,0.0,0.0,0.0,79.07088,2.4897199,118.47726,44.10194,LTA,C[N+](C)(C)C
2.0,0.25062656,99.0,250.0,0.75484633,0.0,0.0,0.0,121.46946,3.5833483,186.92923,442.57642,LTA,C[N+](C)(C)C
3.0,0.25062656,99.0,250.0,0.81062394,0.0,0.0,0.0,88.53905,3.1244402,151.5544,185.31306,LTA,C[N+](C)(C)C
4.0,0.25062656,99.0,250.0,0.77261347,0.0,0.0,0.0,64.88739,2.2454088,90.0,646.8485,LTA,C[N+](C)(C)C
2.0,0.25062656,99.0,250.0,0.9801132,0.0,0.0,0.0,71.04372,1.9196277,164.39415,174.60248,LTA,C[N+](C)(C)C
3.0000007,0.25062656,99.0,250.0,1.2903335,0.0,0.0,0.0,62.29193,1.6759506,169.17656,1.6789824,LTA,C[N+](C)(C)C
4.0,0.25062656,99.0,250.0,0.85161424,0.0,0.0,0.0,80.06631,2.787766,55.97339,398.34854,LTA,C[N+](C)(C)C
4.0,0.25062656,99.0,250.0,0.53173965,0.0,0.0,0.0,51.128803,1.7406512,164.28983,31.63352,LTA,C[N+](C)(C)C
3.0,0.25062656,99.0,250.0,1.1862719,0.0,0.0,0.0,55.790077,1.7500472,171.15454,324.64807,LTA,C[N+](C)(C)C
3.0000007,0.25062656,99.0,250.0,0.9776545,0.0,0.0,0.0,53.133404,1.6790173,174.19135,211.97736,LTA,C[N+](C)(C)C
3.0,0.25062656,99.0,250.0,0.8272635,0.0,0.0,0.0,53.897503,1.6795932,184.92917,301.76498,LTA,C[N+](C)(C)C
1.5,0.25062656,99.0,250.0,0.4419984,0.0,0.0,0.0,115.86366,3.8492496,148.58832,352.16345,LTA,C[N+](C)(C)C
2.0,0.25062656,99.0,250.0,0.41038194,0.0,0.0,0.0,101.59942,3.5739071,145.5734,273.70984,LTA,C[N+](C)(C)C
3.0,0.25062656,99.0,250.0,0.3590201,0.0,0.0,0.0,88.88365,3.126614,185.27063,534.9619,LTA,C[N+](C)(C)C
4.0,0.25062656,99.0,250.0,0.3190846,0.0,0.0,0.0,78.99664,2.7788174,181.32207,553.5828,LTA,C[N+](C)(C)C
2.0,0.25062656,99.0,250.0,0.41115838,0.0,0.0,0.0,82.51132,2.3858316,127.45113,452.82074,LTA,C[N+](C)(C)C
3.0,0.25062656,99.0,250.0,0.8272635,0.0,0.0,0.0,53.897503,1.6795932,90.0,1775.9935,LTA,C[N+](C)(C)C
3.0,0.25062656,99.0,250.0,0.8272635,0.0,0.0,0.0,53.897503,1.6795932,95.0,816.00024,LTA,C[N+](C)(C)C
3.0,0.25062656,99.0,250.0,0.8272635,0.0,0.0,0.0,53.897503,1.6795932,100.0,840.0,LTA,C[N+](C)(C)C
3.0,0.25062656,99.0,250.0,0.8272635,0.0,0.0,0.0,53.897503,1.6795932,125.0,192.0,LTA,C[N+](C)(C)C
3.0,0.25062656,99.0,250.0,0.8272635,0.0,0.0,0.0,53.897503,1.6795932,150.0,168.0,LTA,C[N+](C)(C)C
0.0,0.0,0.0,0.0,0.0,0.0,0.0,0.0,200.0,0.0,97.33368,358.10324,LTA,C[N+](C)(C)C
400.0,0.0,99.0,250.0,0.0,0.0,0.0,0.5,4.0,0.5,140.0,40.0,STW,CCc1n(C)cc(C)[n+]1C
400.0,0.0,99.0,250.0,0.0,0.0,0.0,0.5,7.0,0.5,140.0,70.0,STW,CCc1n(C)cc(C)[n+]1C
400.0,0.0,99.0,250.0,0.0,0.0,0.0,0.5,4.0,0.5,160.0,16.0,STW,CCc1n(C)cc(C)[n+]1C
400.0,0.0,99.0,250.0,0.0,0.0,0.0,0.5,7.0,0.5,160.0,41.0,STW,CCc1n(C)cc(C)[n+]1C
400.0,0.0,99.0,250.0,0.0,0.0,0.0,0.5,4.0,0.5,175.0,16.0,STW,CCc1n(C)cc(C)[n+]1C
400.0,0.0,99.0,250.0,0.0,0.0,0.0,0.5,4.0,0.5,175.0,384.0,STW,CCc1n(C)cc(C)[n+]1C
50.0,1.7179967,99.0,250.0,0.0,0.0,0.0,0.49019608,14.705882,0.24509804,175.0,360.0,NES,C(CCC[N+]12CCC(CC1)CC2)CC[N+]12CCC(CC1)CC2
0.0,0.0,0.0,0.0,0.0,0.0,0.0,0.25,1.1750003,2.5,200.0,96.0,Dense/Amorphous,CCNC=O
0.0,0.0,0.0,0.0,0.0,0.0,0.0,0.25,1.1750003,2.5,200.0,1200.0006,Dense/Amorphous,CCNC=O
0.0,0.0,0.0,0.0,0.0,0.0,0.0,0.5,1.5750009,2.5,200.0,1200.0006,Dense/Amorphous,CCNC=O
0.0,0.0,0.0,0.0,0.0,0.0,0.0,0.6666667,1.9333335,2.0000029,170.0,168.0,Dense/Amorphous,CCNC=O
0.0,0.0,0.0,0.0,0.0,0.0,0.0,0.0,1.9333335,2.0000029,170.0,168.0,Dense/Amorphous,CCNC=O
0.0,0.0,0.0,0.0,0.0,0.0,0.0,0.6666667,1.9333335,2.0000029,200.0,168.0,Dense/Amorphous,CCNC=O
0.0,0.0,0.0,0.0,0.0,0.0,0.0,0.6666667,1.9333335,2.0000029,130.0,96.0,Dense/Amorphous,CCNC=O
0.0,0.0,0.0,0.0,0.0,0.0,0.0,0.5,20.0,0.5,170.0,96.0,Dense/Amorphous,CCNC=O
0.0,0.0,0.0,0.0,0.0,0.0,0.0,0.5,4.0750003,0.5,170.0,96.0,Dense/Amorphous,CCNC=O
400.0,0.0,99.0,250.0,0.0,0.0,0.0,0.0,14.0,0.5,160.0,912.00037,BEA,Cc1c(C)[n+](CCCCCC[n+]2c(C)c(C)n(C)c2C)c(C)n1C
20.0,1.7179967,99.0,250.0,0.0,0.0,0.0,0.0,6.6666665,0.50125307,175.0,91.841896,BEA,Cc1c(C)[n+](CCCCCC[n+]2c(C)c(C)n(C)c2C)c(C)n1C
20.0,1.7179967,99.0,250.0,0.0,0.0,0.0,0.15238102,6.6666665,0.15238096,175.0,319.9331,BEA,Cc1c(C)[n+](CCCCCC[n+]2c(C)c(C)n(C)c2C)c(C)n1C
400.0,0.0,99.0,250.0,0.0,0.0,0.0,0.0,60.0,0.0,170.0,48.0,MEL,CCCN
400.0,0.0,99.0,250.0,0.0,0.0,0.0,0.0,60.0,0.0,190.0,48.0,MEL,CCCN
400.0,0.0,99.0,250.0,0.0,0.0,0.0,0.0,120.00007,0.0,170.0,48.0,MEL,CCCN
400.0,0.0,99.0,250.0,0.0,0.0,0.0,0.0,120.00007,0.0,190.0,48.0,MEL,CCCN
62.5,1.7179967,99.0,250.0,0.0,0.19685036,0.39370075,0.0,41.33858,0.19685039,160.0,204.0,MTT,C[N+](C)(C)CCCCCCCC[N+](C)(C)C
45.0,1.7179967,99.0,250.0,0.097826086,0.0,0.39130434,0.0,39.130432,0.19565219,180.0,144.0,MTT,C[N+](C)(C)CCCCCCCC[N+](C)(C)C
0.0,0.0,0.0,0.0,0.0,0.0,0.0,0.0,90.00003,3.000001,170.0,120.0,Dense/Amorphous,CN1CCNCC1
0.0,0.33000004,0.0,0.0,0.0,0.0,0.0,0.0,34.586464,0.28195497,180.0,72.0,Dense/Amorphous,CN1CCNCC1
0.0,0.22000019,0.0,0.0,0.0,0.0,0.0,0.0,25.136616,0.34153003,180.0,72.0,Dense/Amorphous,CN1CCNCC1
0.0,0.16499993,0.0,0.0,0.0,0.0,0.0,0.0,19.74249,0.53648067,180.0,72.0,Dense/Amorphous,CN1CCNCC1
400.0,0.0,99.0,4.0,0.16000003,0.0,0.0,0.0,80.0,0.2,170.0,168.0,Dense/Amorphous,CN1CCNCC1
0.0,0.0,0.0,0.0,0.0,0.0,0.0,1.25,200.0,1.5,180.0,288.0,Dense/Amorphous,CN1CCNCC1
0.0,1.0,0.0,0.0,0.0,0.0,0.0,0.0,99.999985,0.5,155.0,91.999985,Dense/Amorphous,CN1CCNCC1
0.0,0.33000004,0.0,0.0,0.0,0.0,0.0,0.0,34.586464,0.28195497,180.0,72.0,Dense/Amorphous,CN1CCNCC1
0.0,0.22000019,0.0,0.0,0.0,0.0,0.0,0.0,25.136616,0.34153003,180.0,72.0,Dense/Amorphous,CN1CCNCC1
0.0,0.16499993,0.0,0.0,0.0,0.0,0.0,0.0,19.74249,0.53648067,180.0,72.0,Dense/Amorphous,CN1CCNCC1
0.0,1.0,0.0,0.0,0.0,0.0,0.0,0.0,10.0,0.25,230.63762,1.8030239,AFI,C[N+](C)(Cc1ccccc1F)Cc1ccccc1F
0.25,1.0,99.0,250.0,0.0,0.0,0.0,0.0,8.888889,0.22222222,157.52396,308.652,AFI,C[N+](C)(Cc1ccccc1F)Cc1ccccc1F
15.666667,1.7179967,99.0,250.0,0.0,0.0,0.0,0.48,4.5,0.48,150.0,480.0,FER,C[N@@+]1(Cc2ccccc2)CCCC1CO
1.0,1.7179967,99.0,250.0,0.25,0.0,1.0,0.0,12.0,0.75,100.0,240.0,FAU,C1CCC2(C1)CCC[NH2+]2
1.0,1.7179967,99.0,250.0,0.12500006,0.0,1.0,0.0,12.0,0.87499994,100.0,240.0,FAU,C1CCC2(C1)CCC[NH2+]2
18.999998,1.7179967,99.0,250.0,0.0,0.95,0.9499997,0.0,44.25,0.0,180.0,72.0,LTL,CCNCC
0.0,0.0,0.0,0.0,0.0,0.0,0.0,0.0,200.0,0.0,140.0,144.0,AFX,C(CC[N+]12CCC(CC1)CC2)C[N+]12CCC(CC1)CC2
30.03003,1.7179967,99.0,250.0,0.0,0.0,0.0,0.0,0.0,0.0,170.0,132.0,Dense/Amorphous,CC[N+]1(CC)CCC(C)C2CC1C2(C)C
40.0,1.7179967,99.0,250.0,0.0,0.0,0.0,0.0,0.0,0.0,160.0,222.07365,Dense/Amorphous,CC[N+]1(CC)CCC(C)C2CC1C2(C)C
69.93005,1.7179967,99.0,250.0,0.0,0.0,0.0,0.0,0.0,0.0,170.0,155.97891,Dense/Amorphous,CC[N+]1(CC)CCC(C)C2CC1C2(C)C
100.0,1.7179967,99.0,250.0,0.0,0.0,0.0,0.0,0.0,0.0,170.0,211.95699,Dense/Amorphous,CC[N+]1(CC)CCC(C)C2CC1C2(C)C
400.0,0.0,99.0,20.0,0.0,0.0,0.0,0.0,0.0,0.0,160.0,248.98569,Dense/Amorphous,CC[N+]1(CC)CCC(C)C2CC1C2(C)C
400.0,0.0,99.0,250.0,0.3099999,0.0,0.30999997,0.0,0.0,5.000004,170.0,336.0,SOD,OCCO
0.375,1.3333334,99.0,250.0,0.0,0.0,0.0,0.0,18.82353,0.47058824,160.0,576.0,Dense/Amorphous,C[N+](C)(CCO)CCO
0.0,1.3333334,0.0,0.0,0.0,0.0,0.0,0.0,18.82353,0.47058824,160.0,576.0,Dense/Amorphous,C[N+](C)(CCO)CCO
0.0,1.3333334,0.0,0.0,0.0,0.0,0.0,0.0,18.82353,0.47058824,160.0,288.0,Dense/Amorphous,C[N+](C)(CCO)CCO
0.0,1.3333334,0.0,0.0,0.0,0.0,0.0,0.0,18.82353,0.47058824,160.0,288.0,Dense/Amorphous,C[N+](C)(CCO)CCO
0.375,1.3333334,99.0,250.0,0.0,0.0,0.0,0.0,18.82353,0.47058824,160.0,576.0,Dense/Amorphous,C[N+](C)(CCO)CCO
0.0,1.3333334,0.0,0.0,0.0,0.0,0.0,0.0,18.82353,0.47058824,140.0,576.0,Dense/Amorphous,C[N+](C)(CCO)CCO
0.0,1.3333334,0.0,0.0,0.0,0.0,0.0,0.0,18.82353,0.47058824,140.0,288.0,Dense/Amorphous,C[N+](C)(CCO)CCO
0.0,1.3333334,0.0,0.0,0.0,0.0,0.0,0.0,18.82353,0.47058824,140.0,288.0,Dense/Amorphous,C[N+](C)(CCO)CCO
0.0,0.12345625,0.0,0.0,0.0,0.0,0.0,0.0,3.582418,0.82417554,110.0,120.0,Dense/Amorphous,CC(N)c1ccccc1
0.0,0.09803934,0.0,0.0,0.0,0.0,0.0,0.0,2.9107141,0.6696426,110.0,120.0,Dense/Amorphous,CC(N)c1ccccc1
0.0,0.10869496,0.0,0.0,0.0,0.0,0.0,0.0,3.196078,0.73529357,110.0,120.0,Dense/Amorphous,CC(N)c1ccccc1
0.0,0.12345625,0.0,0.0,0.0,0.0,0.0,0.0,3.582418,0.82417554,110.0,120.0,Dense/Amorphous,CC(N)c1ccccc1
0.0,0.14285703,0.0,0.0,0.0,0.0,0.0,0.0,4.0750003,0.9375001,110.0,120.0,Dense/Amorphous,CC(N)c1ccccc1
0.0,0.17857136,0.0,0.0,0.0,0.0,0.0,0.0,4.939394,1.1363641,110.0,120.0,Dense/Amorphous,CC(N)c1ccccc1
0.0,0.12345625,0.0,0.0,0.0,0.0,0.0,0.0,3.582418,0.9010989,110.0,120.0,Dense/Amorphous,CC(N)c1ccccc1
0.0,0.12345625,0.0,0.0,0.0,0.0,0.0,0.0,3.582418,0.7472528,110.0,120.0,Dense/Amorphous,CC(N)c1ccccc1
0.0,0.12345625,0.0,0.0,0.0,0.0,0.0,0.0,3.582418,0.82417554,90.0,120.0,Dense/Amorphous,CC(N)c1ccccc1
0.0,0.12345625,0.0,0.0,0.0,0.0,0.0,0.0,3.582418,0.82417554,100.0,120.0,Dense/Amorphous,CC(N)c1ccccc1
0.0,0.12345625,0.0,0.0,0.0,0.0,0.0,0.0,3.582418,0.82417554,140.0,120.0,Dense/Amorphous,CC(N)c1ccccc1
0.0,0.12345625,0.0,0.0,0.0,0.0,0.0,0.0,3.582418,0.82417554,110.0,120.0,Dense/Amorphous,CC(N)c1ccccc1
0.0,0.12345625,0.0,0.0,0.0,0.0,0.0,0.0,3.582418,0.82417554,110.0,120.0,Dense/Amorphous,CC(N)c1ccccc1
0.0,0.12345625,0.0,0.0,0.0,0.0,0.0,0.0,3.582418,0.82417554,110.0,120.0,Dense/Amorphous,CC(N)c1ccccc1
0.0,0.12345625,0.0,0.0,0.0,0.0,0.0,0.0,3.582418,0.82417554,110.0,120.0,Dense/Amorphous,CC(N)c1ccccc1
400.0,0.0,99.0,250.0,0.11999998,0.0,0.42,0.0,30.0,0.15,180.0,168.0,MFI,C[N+]1(CCCCCC[N+]2(C)CCCCC2)CCCCC1
400.0,0.0,99.0,250.0,0.0,0.0,0.0,0.0,14.0,0.0,150.0,655.6443,MFI,C[N+]1(CCCCCC[N+]2(C)CCCCC2)CCCCC1
400.0,0.0,99.0,7.1428466,0.0,0.0,0.0,0.2807017,4.3859653,0.28070176,160.0,144.0,MWW,C[N+](C)(C)C1[C@H]2CC[C@@H]1[C@@H]1CCC[C@H]21
0.25000003,1.6129029,99.0,250.0,0.0,0.0,0.0,0.0,21.390371,0.14438502,220.0,24.0,CHA,NCCNCCN
0.2,1.6393433,99.0,250.0,0.0,0.0,0.0,0.0,22.099445,0.110497236,190.0,144.0,CHA,NCCNCCN
0.19999999,1.6393433,99.0,250.0,0.0,0.0,0.0,0.0,22.099445,0.110497236,190.0,144.0,CHA,NCCNCCN
5.0,1.7179967,99.0,250.0,0.7666667,0.0,0.41666666,0.0,16.833336,0.41666666,110.0,96.0,CHA,NCCNCCN
0.0,0.25,0.0,0.0,0.6,0.0,0.0,0.0,15.0,0.65,140.0,72.0,CHA,NCCNCCN
0.0,1.0,0.0,0.0,0.0,0.0,0.0,0.25,50.0,0.25,190.0,48.0,CHA,NCCNCCN
400.0,0.0,99.0,23.809532,0.076775394,0.0,0.26871395,0.0,40.307106,0.1919386,160.0,288.0,SSY,CC[N+]1(C2CC(C)CC(C)(C)C2)CCCC1
400.0,0.0,99.0,250.0,0.0,0.0,0.0,0.25,1.0,0.25,170.0,24.0,Dense/Amorphous,CC[N+](CC)(CC)Cc1ccccc1
400.0,0.0,99.0,250.0,0.0,0.0,0.0,0.25,2.0,0.25,170.0,24.0,Dense/Amorphous,CC[N+](CC)(CC)Cc1ccccc1
400.0,0.0,99.0,250.0,0.0,0.0,0.0,0.25,3.0,0.25,170.0,24.0,Dense/Amorphous,CC[N+](CC)(CC)Cc1ccccc1
400.0,0.0,9.989015,250.0,0.0,0.0,0.0,0.25,1.0000001,0.25,170.0,24.0,Dense/Amorphous,CC[N+](CC)(CC)Cc1ccccc1
400.0,0.0,9.989015,250.0,0.0,0.0,0.0,0.25,2.0,0.25,170.0,24.0,Dense/Amorphous,CC[N+](CC)(CC)Cc1ccccc1
400.0,0.0,9.989015,250.0,0.0,0.0,0.0,0.25,3.0,0.25,170.0,24.0,Dense/Amorphous,CC[N+](CC)(CC)Cc1ccccc1
13.400001,1.7179967,2.030303,250.0,0.0,0.0,0.0,0.3333329,1.4285715,0.23809524,170.0,24.0,Dense/Amorphous,CC[N+](CC)(CC)Cc1ccccc1
13.400001,1.7179967,2.030303,250.0,0.0,0.0,0.0,0.3333329,1.4285715,0.23809524,170.0,24.0,Dense/Amorphous,CC[N+](CC)(CC)Cc1ccccc1
13.400001,1.7179967,2.030303,250.0,0.0,0.0,0.0,0.3333329,1.9047617,0.23809524,170.0,24.0,Dense/Amorphous,CC[N+](CC)(CC)Cc1ccccc1
13.400001,1.7179967,2.030303,250.0,0.0,0.0,0.0,0.3333329,1.9047617,0.23809524,170.0,24.0,Dense/Amorphous,CC[N+](CC)(CC)Cc1ccccc1
6.7000003,1.7179967,2.030303,250.0,0.0,0.0,0.0,0.31818148,1.3636364,0.22727273,170.0,24.0,Dense/Amorphous,CC[N+](CC)(CC)Cc1ccccc1
6.7000003,1.7179967,2.030303,250.0,0.0,0.0,0.0,0.31818148,1.3636364,0.22727273,170.0,24.0,Dense/Amorphous,CC[N+](CC)(CC)Cc1ccccc1
6.7000003,1.7179967,2.030303,250.0,0.0,0.0,0.0,0.31818148,1.8181821,0.22727273,170.0,24.0,Dense/Amorphous,CC[N+](CC)(CC)Cc1ccccc1
6.7000003,1.7179967,2.030303,250.0,0.0,0.0,0.0,0.31818148,1.8181821,0.22727273,170.0,24.0,Dense/Amorphous,CC[N+](CC)(CC)Cc1ccccc1
400.0,0.0,10.0,250.0,0.0,0.0,0.0,0.24999751,1.499985,0.2499975,170.0,24.0,Dense/Amorphous,CC[N+](CC)(CC)Cc1ccccc1
400.0,0.0,10.0,250.0,0.0,0.0,0.0,0.24999751,1.499985,0.2499975,170.0,120.0,Dense/Amorphous,CC[N+](CC)(CC)Cc1ccccc1
400.0,0.0,10.0,250.0,0.0,0.0,0.0,0.24999751,1.499985,0.2499975,170.0,168.0,Dense/Amorphous,CC[N+](CC)(CC)Cc1ccccc1
400.0,0.0,10.0,250.0,0.0,0.0,0.0,0.24999751,1.499985,0.2499975,170.0,240.0,Dense/Amorphous,CC[N+](CC)(CC)Cc1ccccc1
400.0,0.0,10.0,250.0,0.0,0.0,0.0,0.24999751,1.499985,0.2499975,140.0,24.0,Dense/Amorphous,CC[N+](CC)(CC)Cc1ccccc1
400.0,0.0,2.0,250.0,0.0,0.0,0.0,0.25025025,1.5015014,0.25025022,140.0,24.0,Dense/Amorphous,CC[N+](CC)(CC)Cc1ccccc1
400.0,0.0,1.0,250.0,0.0,0.0,0.0,0.25,1.5,0.25,140.0,24.0,Dense/Amorphous,CC[N+](CC)(CC)Cc1ccccc1
400.0,0.0,10.0,250.0,0.0,0.0,0.0,0.24999751,1.499985,0.2499975,150.0,24.0,Dense/Amorphous,CC[N+](CC)(CC)Cc1ccccc1
400.0,0.0,10.0,250.0,0.0,0.0,0.0,0.24999751,1.499985,0.2499975,160.0,24.0,Dense/Amorphous,CC[N+](CC)(CC)Cc1ccccc1
400.0,0.0,10.0,250.0,0.0,0.0,0.0,0.24999751,1.499985,0.2499975,170.0,24.0,Dense/Amorphous,CC[N+](CC)(CC)Cc1ccccc1
400.0,0.0,10.0,250.0,0.0,0.0,0.0,0.24999751,1.499985,0.2499975,200.0,24.0,Dense/Amorphous,CC[N+](CC)(CC)Cc1ccccc1
0.0,0.0,0.0,0.0,0.0,0.0,0.0,0.0,12.142858,0.21428569,160.0,72.0,CHA,NCCCN
5.0,1.7179967,99.0,250.0,0.66666645,0.16666666,0.18749997,0.0,16.666666,0.020833325,110.0,72.0,CHA,CCC[N+](CCC)(CCC)CCC
400.0,0.0,99.0,60.000008,0.0,0.0,0.0,0.0,0.0,0.0,160.0,426.5057,ITE,CC[N@@+]1(C)CCCC(C)(C)C1
0.0,0.27777743,0.0,0.0,0.0,0.0,0.0,0.0,24.391306,0.78260875,175.0,60.99995,LEV,CC[N+](C)(C)CC
0.2850002,0.8,99.0,250.0,0.0,0.0,0.0,0.0,16.568047,0.49309668,175.0,37.999992,LEV,CC[N+](C)(C)CC
50.0,1.7179967,2.0,250.0,0.0,0.0,0.3289474,0.0,3.6184206,0.32894737,150.0,168.0,LEV,CC[N+](C)(C)CC
12.5,1.7179967,99.0,250.0,0.07407404,0.0,0.46296293,0.0,9.259259,0.46296296,150.0,336.0,LEV,CC[N+](C)(C)CC
12.5,1.7179967,99.0,250.0,0.07407404,0.0,0.46296293,0.0,4.6296296,0.46296296,175.0,336.0,LEV,CC[N+](C)(C)CC
12.5,1.7179967,99.0,250.0,0.07407404,0.0,0.53703684,0.0,11.111111,0.46296296,150.0,324.00003,LEV,CC[N+](C)(C)CC
0.11842111,0.8,99.0,250.0,0.0,0.0,0.0,0.0,19.791668,0.6597223,175.0,168.0,LEV,CC[N+](C)(C)CC
0.19565211,0.8,99.0,250.0,0.0,0.0,0.0,0.0,19.166666,0.638889,175.0,168.0,LEV,CC[N+](C)(C)CC
0.25,0.8,99.0,250.0,0.0,0.0,0.0,0.0,18.75,0.625,175.0,168.0,LEV,CC[N+](C)(C)CC
400.0,0.0,99.0,60.000008,0.0,0.0,0.0,0.0,0.0,0.0,160.0,342.77747,ITE,C[C@H]1C[C@H](C)C[N+](C)(C)C1
81.08098,1.7179967,99.0,250.0,0.0,1.7615992,1.9097801,0.0,13.269675,0.14817253,160.0,60.0,STF,CC12CCC(C[N+](C)(C)C1)C2(C)C
0.0,0.0,0.0,0.0,0.0,0.0,0.0,0.0,200.0,0.0,160.0,168.0,STF,CC12CCC(C[N+](C)(C)C1)C2(C)C
40.0,1.7179967,99.0,250.0,0.0,0.0,0.0,0.0,0.0,0.0,160.0,73.09802,STF,CC12CCC(C[N+](C)(C)C1)C2(C)C
70.0,1.7179967,99.0,250.0,0.0,0.0,0.0,0.0,0.0,0.0,170.0,220.46126,STF,CC12CCC(C[N+](C)(C)C1)C2(C)C
100.0,1.7179967,99.0,250.0,0.0,0.0,0.0,0.0,0.0,0.0,170.0,623.0665,STF,CC12CCC(C[N+](C)(C)C1)C2(C)C
300.0,1.7179967,99.0,250.0,0.0,0.0,0.0,0.0,0.0,0.0,160.0,458.2029,STF,CC12CCC(C[N+](C)(C)C1)C2(C)C
400.0,0.0,99.0,60.000008,0.0,0.0,0.0,0.0,0.0,0.0,160.0,80.766815,STF,CC12CCC(C[N+](C)(C)C1)C2(C)C
400.0,0.0,99.0,6.1428533,0.0,0.0,0.0,0.0,65.0,0.8600001,180.0,615.01166,DDR,C1CN2CCC1CC2
400.0,0.0,99.0,6.1428533,0.0,0.0,0.0,0.0,65.0,0.8600001,200.0,324.4176,DDR,C1CN2CCC1CC2
400.0,0.0,99.0,1.5641046,0.0,0.0,0.0,0.0,65.0,0.6099999,200.0,349.37698,DDR,C1CN2CCC1CC2
400.0,0.0,99.0,1.0408152,0.0,0.0,0.0,0.0,65.0,0.50999993,200.0,96.29342,DDR,C1CN2CCC1CC2
1.0,1.7179967,99.0,250.0,0.0,0.7500002,0.76,0.0,200.0,1.0,100.0,672.0,ERI,CC[N+](C)(CC)CCCCC[N+](C)(CC)CC
0.0,0.0,0.0,0.0,0.0,0.0,0.0,0.1874999,16.0,1.5,150.0,24.0,LTA,C1CN2CCC1CC2
400.0,0.0,99.0,250.0,0.0,0.0,0.0,0.5,14.0,0.5,150.0,180.0,NES,CC[N+]1(CC)CCCC(C)(C)C1
0.0,0.0,0.0,0.0,0.0,0.0,0.0,1.25,0.0,6.097583,170.0,72.0,AEL,CCN1C=CN(C)C1C(=O)[O-]
0.0,0.0,0.0,0.0,0.0,0.0,0.0,0.2,0.0,6.097583,170.0,72.0,AEL,CCN1C=CN(C)C1C(=O)[O-]
0.0,0.0,0.0,0.0,0.0,0.0,0.0,0.2,0.0,6.097583,170.0,72.0,AEL,CCN1C=CN(C)C1C(=O)[O-]
70.0,1.7179967,99.0,250.0,0.07887322,0.0,0.06309859,0.0,23.661968,0.54773074,180.0,129.99994,Dense/Amorphous,OCCNCCO
80.0,1.7179967,99.0,250.0,0.07901233,0.0,0.06320988,0.0,23.703705,0.5486969,180.0,79.99999,Dense/Amorphous,OCCNCCO
89.99999,1.7179967,99.0,250.0,0.118681334,0.0,0.094945036,0.0,35.6044,0.54945046,180.0,79.99999,Dense/Amorphous,OCCNCCO
100.0,1.7179967,99.0,250.0,0.1188119,0.0,0.09504947,0.0,35.643562,0.55005515,180.0,129.99994,Dense/Amorphous,OCCNCCO
109.999794,1.7179967,99.0,250.0,0.07927929,0.0,0.063423395,0.0,19.027029,0.45045045,180.0,129.99994,Dense/Amorphous,OCCNCCO
120.0,1.7179967,99.0,250.0,0.07933885,0.0,0.06347106,0.0,19.041323,0.45078886,180.0,79.99999,Dense/Amorphous,OCCNCCO
130.00069,1.7179967,99.0,250.0,0.11908395,0.0,0.09526717,0.0,28.58015,0.4510757,180.0,79.99999,Dense/Amorphous,OCCNCCO
140.00026,1.7179967,99.0,250.0,0.11914891,0.0,0.09531915,0.0,28.595747,0.45132175,180.0,129.99994,Dense/Amorphous,OCCNCCO
12.5,1.7179967,99.0,250.0,0.18518524,0.0,0.14814816,0.0,55.555553,0.46296296,180.0,24.999998,Dense/Amorphous,OCCNCCO
45.871563,1.7179967,99.0,250.0,0.6208653,0.0,0.4966921,0.0,40.82991,0.31689173,160.0,71.0,Dense/Amorphous,OCCNCCO
0.0,1.0,0.0,0.0,0.0,0.0,0.0,0.0,20.0,0.5,150.0,44.0,Dense/Amorphous,OCCNCCO
10.0,1.7179967,99.0,250.0,0.18181819,0.0,0.36363637,0.0,18.181818,0.18181819,160.0,240.0,CHA,C[N+](C)(C)C12CC3CC(CC(C3)C1)C2
10.0,1.7179967,99.0,250.0,0.18181819,0.0,0.54545456,0.0,18.181818,0.36363637,160.0,240.0,CHA,C[N+](C)(C)C12CC3CC(CC(C3)C1)C2
14.925373,1.7179967,99.0,250.0,0.18744145,0.0,0.5623243,0.0,18.744143,0.3748829,160.0,240.0,CHA,C[N+](C)(C)C12CC3CC(CC(C3)C1)C2
25.0,1.7179967,99.0,250.0,0.38461548,0.0,0.76923066,0.0,19.230768,0.38461542,160.0,240.0,CHA,C[N+](C)(C)C12CC3CC(CC(C3)C1)C2
14.925373,1.7179967,99.0,250.0,0.0,0.0,0.0,0.46860355,4.6860356,0.46860355,150.0,336.0,CHA,C[N+](C)(C)C12CC3CC(CC(C3)C1)C2
25.000002,1.7179967,99.0,250.0,0.0,0.0,0.0,0.48076928,4.807692,0.48076922,150.0,336.0,CHA,C[N+](C)(C)C12CC3CC(CC(C3)C1)C2
400.0,0.0,99.0,250.0,0.0,0.0,0.0,0.5,8.0,0.5,150.0,192.0,CHA,C[N+](C)(C)C12CC3CC(CC(C3)C1)C2
20.0,1.7179967,99.0,250.0,0.0,0.0,0.38095242,0.0,15.238096,0.38095236,150.0,168.0,CHA,C[N+](C)(C)C12CC3CC(CC(C3)C1)C2
14.705883,1.7179967,99.0,250.0,0.4681649,0.0,0.15917602,0.0,18.726591,0.15917607,150.0,168.0,CHA,C[N+](C)(C)C12CC3CC(CC(C3)C1)C2
400.0,0.0,99.0,250.0,0.0,0.0,0.5,0.0,30.0,0.42000002,101.575424,659.4583,CHA,C[N+](C)(C)C12CC3CC(CC(C3)C1)C2
400.0,0.0,99.0,250.0,0.0,0.0,0.5,0.0,30.0,0.42000002,114.80966,260.82867,CHA,C[N+](C)(C)C12CC3CC(CC(C3)C1)C2
400.0,0.0,99.0,250.0,0.0,0.0,0.0,0.0,0.0,0.0,121.60789,581.0976,CHA,C[N+](C)(C)C12CC3CC(CC(C3)C1)C2
400.0,0.0,99.0,250.0,0.0,0.0,0.0,0.0,0.0,0.0,168.84624,238.79884,CHA,C[N+](C)(C)C12CC3CC(CC(C3)C1)C2
400.0,0.0,99.0,250.0,0.0,0.0,0.0,0.0,0.0,0.0,148.66153,134.17638,CHA,C[N+](C)(C)C12CC3CC(CC(C3)C1)C2
400.0,0.0,99.0,250.0,0.0,0.0,0.5,0.0,30.0,0.42000002,0.0,0.0,CHA,C[N+](C)(C)C12CC3CC(CC(C3)C1)C2
20.0,1.7179967,99.0,250.0,0.1904762,0.0,0.19047618,0.0,41.90476,0.1904762,160.0,168.0,CHA,C[N+](C)(C)C12CC3CC(CC(C3)C1)C2
20.0,1.7179967,99.0,250.0,0.1904762,0.0,0.38095242,0.0,41.90476,0.1904762,160.0,216.0,CHA,C[N+](C)(C)C12CC3CC(CC(C3)C1)C2
0.0,0.0,0.0,0.0,0.0,0.0,0.0,0.0,200.0,0.0,154.93924,203.5613,CHA,C[N+](C)(C)C12CC3CC(CC(C3)C1)C2
12.0,1.7179967,99.0,250.0,0.0,0.0,0.0,0.0,0.0,0.0,150.0,120.0,CHA,C[N+](C)(C)C12CC3CC(CC(C3)C1)C2
400.0,0.0,99.0,250.0,0.0,0.0,0.0,0.5,3.0,0.5,150.0,37.999992,CHA,C[N+](C)(C)C12CC3CC(CC(C3)C1)C2
400.0,0.0,99.0,250.0,0.0,0.0,0.0,0.5,3.0,0.5,150.0,40.0,CHA,C[N+](C)(C)C12CC3CC(CC(C3)C1)C2
39.999958,1.7179967,99.0,250.0,0.0,0.0,0.0,0.48780495,2.9268293,0.48780483,150.0,72.0,CHA,C[N+](C)(C)C12CC3CC(CC(C3)C1)C2
77.99998,1.7179967,99.0,250.0,0.0,0.0,0.0,0.4936709,2.9620254,0.49367094,150.0,72.0,CHA,C[N+](C)(C)C12CC3CC(CC(C3)C1)C2
400.0,0.0,99.0,250.0,0.0,0.0,0.5,0.0,3.0,0.5,150.0,40.0,CHA,C[N+](C)(C)C12CC3CC(CC(C3)C1)C2
400.0,0.0,99.0,250.0,0.0,0.0,0.0,0.5,3.0,0.5,150.0,432.0,CHA,C[N+](C)(C)C12CC3CC(CC(C3)C1)C2
50.0,1.7179967,99.0,250.0,0.19607843,0.0,0.19607843,0.0,43.137253,0.19607843,160.0,120.0,CHA,C[N+](C)(C)C12CC3CC(CC(C3)C1)C2
50.0,1.7179967,99.0,250.0,0.19607843,0.0,0.19607843,0.0,43.137253,0.19607843,160.0,24.0,CHA,C[N+](C)(C)C12CC3CC(CC(C3)C1)C2
50.0,1.7179967,99.0,250.0,0.19607843,0.0,0.19607843,0.0,43.137253,0.19607843,160.0,16.0,CHA,C[N+](C)(C)C12CC3CC(CC(C3)C1)C2
56.000008,1.7179967,99.0,250.0,0.19649123,0.0,0.19649121,0.0,43.22807,0.19649124,150.0,144.0,CHA,C[N+](C)(C)C12CC3CC(CC(C3)C1)C2
400.0,0.0,99.0,250.0,0.0,0.0,0.0,0.5,3.0,0.5,150.0,24.0,CHA,C[N+](C)(C)C12CC3CC(CC(C3)C1)C2
400.0,0.0,99.0,250.0,0.0,0.0,0.0,0.5,3.0,0.5,150.0,38.399986,CHA,C[N+](C)(C)C12CC3CC(CC(C3)C1)C2
400.0,0.0,99.0,250.0,0.0,0.0,0.0,0.5,3.0,0.5,150.0,168.0,CHA,C[N+](C)(C)C12CC3CC(CC(C3)C1)C2
20.0,1.7179967,99.0,250.0,0.1904762,0.0,0.38095242,0.0,38.09524,0.1904762,140.0,60.0,CHA,C[N+](C)(C)C12CC3CC(CC(C3)C1)C2
20.0,1.7179967,99.0,250.0,0.1904762,0.0,0.38095242,0.0,38.09524,0.1904762,140.0,336.0,CHA,C[N+](C)(C)C12CC3CC(CC(C3)C1)C2
400.0,0.0,99.0,250.0,0.0,0.0,0.0,0.5,3.0,0.5,155.0,42.0,CHA,C[N+](C)(C)C12CC3CC(CC(C3)C1)C2
0.0,0.0,0.0,0.0,0.0,0.0,0.0,0.0,200.0,0.0,155.0,40.0,CHA,C[N+](C)(C)C12CC3CC(CC(C3)C1)C2
400.0,0.0,99.0,250.0,0.1,0.0,0.3,0.0,20.0,0.2,150.0,336.0,CHA,C[N+](C)(C)C12CC3CC(CC(C3)C1)C2
400.0,0.0,99.0,250.0,0.2,0.0,0.25,0.0,20.0,0.05,150.0,336.0,CHA,C[N+](C)(C)C12CC3CC(CC(C3)C1)C2
400.0,0.0,99.0,250.0,0.2,0.0,0.4,0.0,20.0,0.2,150.0,336.0,CHA,C[N+](C)(C)C12CC3CC(CC(C3)C1)C2
400.0,0.0,99.0,250.0,0.2,0.0,0.25,0.0,20.0,0.05,150.0,336.0,CHA,C[N+](C)(C)C12CC3CC(CC(C3)C1)C2
400.0,0.0,99.0,250.0,0.2,0.0,0.3,0.0,20.0,0.1,150.0,336.0,CHA,C[N+](C)(C)C12CC3CC(CC(C3)C1)C2
400.0,0.0,99.0,250.0,0.2,0.0,0.4,0.0,20.0,0.2,150.0,336.0,CHA,C[N+](C)(C)C12CC3CC(CC(C3)C1)C2
14.925373,1.7179967,99.0,250.0,0.0,0.0,0.0,0.18744162,2.8116214,0.18744142,165.65984,193.74849,CHA,C[N+](C)(C)C12CC3CC(CC(C3)C1)C2
25.0,1.7179967,99.0,250.0,0.0,0.0,0.0,0.19230776,2.8846154,0.1923077,157.91583,335.94177,CHA,C[N+](C)(C)C12CC3CC(CC(C3)C1)C2
25.0,1.7179967,99.0,250.0,0.0,0.0,0.0,0.19230776,9.615384,0.1923077,177.48355,694.9421,CHA,C[N+](C)(C)C12CC3CC(CC(C3)C1)C2
25.0,1.7179967,99.0,250.0,0.0,0.0,0.0,0.19230776,2.8846154,0.1923077,169.32924,162.00957,CHA,C[N+](C)(C)C12CC3CC(CC(C3)C1)C2
14.925373,1.7179967,99.0,250.0,0.0,0.0,0.0,0.3748831,2.8116214,0.3748829,150.20978,356.69025,CHA,C[N+](C)(C)C12CC3CC(CC(C3)C1)C2
14.925373,1.7179967,99.0,250.0,0.0,0.0,0.0,0.3748831,2.8116214,0.3748829,158.77419,218.61943,CHA,C[N+](C)(C)C12CC3CC(CC(C3)C1)C2
16.0,1.7179967,99.0,250.0,0.09411764,0.0,0.3764706,0.0,7.0588236,0.282353,150.0,168.0,CHA,C[N+](C)(C)C12CC3CC(CC(C3)C1)C2
15.151515,1.7179967,99.0,250.0,0.0,0.0,0.0,0.4690431,2.8142588,0.46904317,150.0,72.0,CHA,C[N+](C)(C)C12CC3CC(CC(C3)C1)C2
400.0,0.0,99.0,250.0,0.0,0.0,0.0,0.5,3.0,0.5,150.0,48.0,CHA,C[N+](C)(C)C12CC3CC(CC(C3)C1)C2
14.285714,1.7179967,99.0,250.0,0.0,0.0,0.46728972,0.0,18.691587,0.46728975,150.0,144.0,CHA,C[N+](C)(C)C12CC3CC(CC(C3)C1)C2
20.0,1.7179967,99.0,250.0,0.1904762,0.0,0.38095242,0.0,41.90476,0.1904762,160.0,96.0,CHA,C[N+](C)(C)C12CC3CC(CC(C3)C1)C2
400.0,0.0,99.0,250.0,0.0,0.0,0.0,0.5,3.0,0.5,150.0,40.0,CHA,C[N+](C)(C)C12CC3CC(CC(C3)C1)C2
0.012500079,1.7179967,99.0,250.0,0.0024691243,0.0,0.004938184,0.0,0.3703707,0.0024691385,165.0,96.0,CHA,C[N+](C)(C)C12CC3CC(CC(C3)C1)C2
50.0,1.7179967,99.0,250.0,0.039215665,0.0,0.058823477,0.0,29.411764,0.058823537,165.0,24.0,CHA,C[N+](C)(C)C12CC3CC(CC(C3)C1)C2
50.0,1.7179967,99.0,250.0,0.039215665,0.0,0.09803923,0.0,29.411764,0.09803922,165.0,24.0,CHA,C[N+](C)(C)C12CC3CC(CC(C3)C1)C2
50.0,1.7179967,99.0,250.0,0.039215665,0.0,0.14705883,0.0,29.411766,0.14705883,165.0,24.0,CHA,C[N+](C)(C)C12CC3CC(CC(C3)C1)C2
50.0,1.7179967,99.0,250.0,0.039215665,0.0,0.19607843,0.0,29.411766,0.19607843,165.0,24.0,CHA,C[N+](C)(C)C12CC3CC(CC(C3)C1)C2
15.0,1.7179967,99.0,250.0,0.0,0.0,0.46875,0.0,23.4375,0.46875,160.0,168.0,CHA,C[N+](C)(C)C12CC3CC(CC(C3)C1)C2
30.0,1.7179967,99.0,250.0,0.0,0.0,0.48387095,0.0,24.193546,0.48387092,160.0,168.0,CHA,C[N+](C)(C)C12CC3CC(CC(C3)C1)C2
40.0,1.7179967,99.0,250.0,0.0,0.0,0.4878049,0.0,24.390244,0.48780483,160.0,168.0,CHA,C[N+](C)(C)C12CC3CC(CC(C3)C1)C2
13.999999,1.7179967,99.0,250.0,0.0,0.0,0.46666664,0.0,23.333334,0.4666667,146.55032,40.934055,CHA,C[N+](C)(C)C12CC3CC(CC(C3)C1)C2
13.513507,1.7179967,99.0,250.0,0.18621975,0.0,0.18621975,0.0,17.039106,0.18621972,150.0,120.0,CHA,C[N+](C)(C)C12CC3CC(CC(C3)C1)C2
6.0,1.7179967,99.0,250.0,0.42857146,0.0,0.16428572,0.0,18.571432,0.16428575,160.0,96.0,CHA,C[N+](C)(C)C12CC3CC(CC(C3)C1)C2
11.499991,1.7179967,99.0,250.0,0.0,0.0,0.115999945,0.0,33.59999,0.11600003,140.0,144.0,CHA,C[N+](C)(C)C12CC3CC(CC(C3)C1)C2
0.0,0.0,0.0,0.0,0.0,0.0,0.0,0.0,200.0,0.0,140.0,144.0,CHA,C[N+](C)(C)C12CC3CC(CC(C3)C1)C2
13.513507,1.7179967,99.0,250.0,0.18621975,0.0,0.37243938,0.0,17.039106,0.18621972,150.0,120.0,CHA,C[N+](C)(C)C12CC3CC(CC(C3)C1)C2
20.0,1.7179967,99.0,250.0,0.1904762,0.0,0.38095242,0.0,28.57143,0.1904762,160.0,48.0,CHA,C[N+](C)(C)C12CC3CC(CC(C3)C1)C2
14.285714,1.7179967,99.0,250.0,0.33644873,0.0,0.11214954,0.0,0.0,0.112149544,180.0,36.0,CHA,C[N+](C)(C)C12CC3CC(CC(C3)C1)C2
50.0,1.7179967,99.0,250.0,0.19607843,0.0,0.39215687,0.0,43.137253,0.19607843,160.0,96.0,CHA,C[N+](C)(C)C12CC3CC(CC(C3)C1)C2
22.499996,1.7179967,99.0,250.0,0.0,0.1914892,0.26382992,0.0,95.744675,0.07234043,160.0,18.0,CHA,C[N+](C)(C)C12CC3CC(CC(C3)C1)C2
13.513507,1.7179967,99.0,250.0,0.18621975,0.0,0.37243938,0.0,17.039106,0.18621972,150.0,120.0,CHA,C[N+](C)(C)C12CC3CC(CC(C3)C1)C2
400.0,0.0,99.0,250.0,0.0,0.0,0.0,1.25,5.808326,1.355276,150.0,72.0,CHA,C[N+](C)(C)C12CC3CC(CC(C3)C1)C2
13.999999,1.7179967,99.0,250.0,0.0,0.0,0.46666664,0.0,19.0,0.4666667,140.0,144.0,CHA,C[N+](C)(C)C12CC3CC(CC(C3)C1)C2
29.411764,1.7179967,99.0,250.0,0.0,0.0,0.0,1.25,4.3520308,1.353966,175.0,24.0,CHA,C[N+](C)(C)C12CC3CC(CC(C3)C1)C2
400.0,0.0,99.0,250.0,0.0,0.0,0.0,1.25,7.5,1.4000006,175.0,24.0,CHA,C[N+](C)(C)C12CC3CC(CC(C3)C1)C2
20.0,1.7179967,99.0,250.0,0.1904762,0.0,0.3809524,0.0,41.90476,0.1904762,150.0,120.0,CHA,C[N+](C)(C)C12CC3CC(CC(C3)C1)C2
400.0,0.0,99.0,250.0,0.0,0.0,0.0,0.5,3.0,0.5,180.0,48.0,CHA,C[N+](C)(C)C12CC3CC(CC(C3)C1)C2
10.0,1.7179967,99.0,250.0,0.18181819,0.0,0.27272728,0.0,40.0,0.09090909,160.0,144.0,CHA,C[N+](C)(C)C12CC3CC(CC(C3)C1)C2
16.499996,1.7179967,99.0,250.0,0.09142856,0.0,0.16000006,0.0,9.714287,0.06857144,160.0,48.0,CHA,C[N+](C)(C)C12CC3CC(CC(C3)C1)C2
25.0,1.7179967,99.0,250.0,0.048076972,0.0,0.14423072,0.0,19.230768,0.09615385,160.0,96.0,CHA,C[N+](C)(C)C12CC3CC(CC(C3)C1)C2
20.0,1.7179967,99.0,250.0,0.1904762,0.0,0.38095242,0.0,28.57143,0.1904762,150.0,120.0,CHA,C[N+](C)(C)C12CC3CC(CC(C3)C1)C2
45.454563,1.7179967,99.0,250.0,0.19569473,0.0,0.39138943,0.0,29.354208,0.19569471,150.0,120.0,CHA,C[N+](C)(C)C12CC3CC(CC(C3)C1)C2
15.151515,1.7179967,99.0,250.0,0.0,0.0,0.46904317,0.0,41.275795,0.46904317,160.0,144.0,CHA,C[N+](C)(C)C12CC3CC(CC(C3)C1)C2
15.151515,1.7179967,99.0,250.0,0.46904296,0.0,0.7035649,0.0,41.275795,0.23452157,160.0,144.0,CHA,C[N+](C)(C)C12CC3CC(CC(C3)C1)C2
50.0,1.7179967,99.0,250.0,0.0,0.0,0.5882353,0.0,30.392157,0.5882352,160.0,24.0,CHA,C[N+](C)(C)C12CC3CC(CC(C3)C1)C2
0.0,0.0,0.0,0.0,0.0,0.0,2.4341676,0.0,200.0,6.097583,160.0,48.0,CHA,C[N+](C)(C)C12CC3CC(CC(C3)C1)C2
0.0,0.0,0.0,0.0,0.0,0.0,2.4341676,0.0,200.0,6.097583,160.0,72.0,CHA,C[N+](C)(C)C12CC3CC(CC(C3)C1)C2
0.0,0.0,0.0,0.0,0.0,0.0,2.4341676,0.0,200.0,6.097583,160.0,96.0,CHA,C[N+](C)(C)C12CC3CC(CC(C3)C1)C2
0.0,0.0,0.0,0.0,0.0,0.0,2.4341676,0.0,200.0,6.097583,160.0,144.0,CHA,C[N+](C)(C)C12CC3CC(CC(C3)C1)C2
50.0,1.7179967,99.0,250.0,0.0,0.0,0.5882353,0.0,30.392157,0.5882352,160.0,168.0,CHA,C[N+](C)(C)C12CC3CC(CC(C3)C1)C2
17.857143,1.7179967,99.0,250.0,0.18939397,0.0,0.37878788,0.0,41.666664,0.18939394,160.0,96.0,CHA,C[N+](C)(C)C12CC3CC(CC(C3)C1)C2
19.230764,1.7179967,99.0,250.0,0.19011413,0.0,0.09505706,0.0,41.825092,0.095057026,160.0,120.0,CHA,C[N+](C)(C)C12CC3CC(CC(C3)C1)C2
400.0,0.0,99.0,250.0,0.0,0.0,0.0,0.5,3.0,0.5,150.0,40.0,CHA,C[N+](C)(C)C12CC3CC(CC(C3)C1)C2
20.0,1.7179967,99.0,250.0,0.1904762,0.0,0.5714286,0.0,41.90476,0.38095236,160.0,96.0,CHA,C[N+](C)(C)C12CC3CC(CC(C3)C1)C2
20.0,1.7179967,99.0,250.0,0.1904762,0.0,0.28571427,0.0,76.19044,0.047619037,170.0,48.0,CHA,C[N+](C)(C)C12CC3CC(CC(C3)C1)C2
20.0,1.7179967,99.0,250.0,0.1904762,0.0,0.3809524,0.0,41.90476,0.38095236,0.0,0.0,CHA,C[N+](C)(C)C12CC3CC(CC(C3)C1)C2
400.0,0.0,99.0,250.0,0.0,0.0,0.0,0.7999996,5.700001,0.8,150.0,72.0,CHA,C[N+](C)(C)C12CC3CC(CC(C3)C1)C2
20.0,1.7179967,99.0,250.0,0.1904762,0.0,0.0952381,0.0,76.19044,0.047619037,170.0,48.0,CHA,C[N+](C)(C)C12CC3CC(CC(C3)C1)C2
20.0,1.7179967,99.0,250.0,0.1904762,0.0,0.38095242,0.0,41.90476,0.1904762,160.0,96.0,CHA,C[N+](C)(C)C12CC3CC(CC(C3)C1)C2
10.0,1.7179967,99.0,250.0,0.090909086,0.0,0.45454544,0.0,1.3636364,0.45454547,170.0,48.0,CHA,C[N+](C)(C)C12CC3CC(CC(C3)C1)C2
20.0,1.7179967,99.0,250.0,0.1904762,0.0,0.3809524,0.0,41.90476,0.38095236,162.37943,420.4942,CHA,C[N+](C)(C)C12CC3CC(CC(C3)C1)C2
20.0,1.7179967,99.0,250.0,0.1904762,0.0,0.0952381,0.0,76.19044,0.047619037,0.0,0.0,CHA,C[N+](C)(C)C12CC3CC(CC(C3)C1)C2
50.0,1.7179967,99.0,250.0,0.19607843,0.0,0.36,0.0,41.911762,0.1862745,160.0,144.0,CHA,C[N+](C)(C)C12CC3CC(CC(C3)C1)C2
400.0,0.0,99.0,250.0,0.0,0.0,0.0,0.5,3.0,0.5,180.0,48.0,CHA,C[N+](C)(C)C12CC3CC(CC(C3)C1)C2
12.5,1.7179967,99.0,250.0,0.09259263,0.0,0.18518515,0.0,20.370367,0.09259258,160.0,96.0,CHA,C[N+](C)(C)C12CC3CC(CC(C3)C1)C2
400.0,0.0,99.0,250.0,0.0,0.0,0.0,0.5,3.0,0.5,150.0,120.0,CHA,C[N+](C)(C)C12CC3CC(CC(C3)C1)C2
400.0,0.0,99.0,250.0,0.0,0.0,0.0,0.5,3.0,0.5,155.0,44.0,CHA,C[N+](C)(C)C12CC3CC(CC(C3)C1)C2
400.0,0.0,99.0,250.0,0.0,0.0,0.0,0.5,3.0,0.5,155.0,60.0,CHA,C[N+](C)(C)C12CC3CC(CC(C3)C1)C2
400.0,0.0,99.0,250.0,0.0,0.0,0.0,0.5,3.0,0.5,155.0,72.0,CHA,C[N+](C)(C)C12CC3CC(CC(C3)C1)C2
400.0,0.0,99.0,250.0,0.0,0.0,0.0,0.5,3.0,0.5,155.0,240.0,CHA,C[N+](C)(C)C12CC3CC(CC(C3)C1)C2
400.0,0.0,99.0,250.0,0.0,0.0,0.0,0.5,3.0,0.5,190.0,12.0,CHA,C[N+](C)(C)C12CC3CC(CC(C3)C1)C2
400.0,0.0,99.0,250.0,0.0,0.0,0.0,0.5,3.0,0.5,150.0,48.0,CHA,C[N+](C)(C)C12CC3CC(CC(C3)C1)C2
400.0,0.0,99.0,250.0,0.0,0.0,0.0,0.75000006,5.300001,0.75,150.0,168.0,CHA,C[N+](C)(C)C12CC3CC(CC(C3)C1)C2
400.0,0.0,99.0,250.0,0.0,0.0,0.0,0.75000006,4.5000005,0.75,150.0,168.0,CHA,C[N+](C)(C)C12CC3CC(CC(C3)C1)C2
400.0,0.0,99.0,250.0,0.0,0.0,0.0,0.75000006,3.7999997,0.7500001,150.0,168.0,CHA,C[N+](C)(C)C12CC3CC(CC(C3)C1)C2
400.0,0.0,99.0,250.0,0.0,0.0,0.0,0.75000006,3.0,0.7500001,150.0,168.0,CHA,C[N+](C)(C)C12CC3CC(CC(C3)C1)C2
400.0,0.0,99.0,250.0,0.0,0.0,0.0,0.75000006,0.44999978,0.75,150.0,96.0,CHA,C[N+](C)(C)C12CC3CC(CC(C3)C1)C2
400.0,0.0,99.0,250.0,0.0,0.0,0.0,0.75000006,0.44999978,0.75,150.0,48.0,CHA,C[N+](C)(C)C12CC3CC(CC(C3)C1)C2
400.0,0.0,99.0,250.0,0.0,0.0,0.0,0.75000006,0.44999978,0.75,150.0,24.0,CHA,C[N+](C)(C)C12CC3CC(CC(C3)C1)C2
400.0,0.0,99.0,250.0,0.0,0.0,0.0,0.75000006,0.44999978,0.75,150.0,8.0,CHA,C[N+](C)(C)C12CC3CC(CC(C3)C1)C2
400.0,0.0,99.0,250.0,0.0,0.0,0.0,1.25,6.5,1.4000006,150.0,168.0,CHA,C[N+](C)(C)C12CC3CC(CC(C3)C1)C2
400.0,0.0,99.0,250.0,0.0,0.0,0.0,0.7999996,6.5,0.8,150.0,168.0,CHA,C[N+](C)(C)C12CC3CC(CC(C3)C1)C2
400.0,0.0,99.0,250.0,0.0,0.0,0.0,0.7000008,6.5,0.70000005,150.0,168.0,CHA,C[N+](C)(C)C12CC3CC(CC(C3)C1)C2
400.0,0.0,99.0,250.0,0.0,0.0,0.0,0.5,6.5,0.5,150.0,168.0,CHA,C[N+](C)(C)C12CC3CC(CC(C3)C1)C2
400.0,0.0,99.0,250.0,0.0,0.0,0.0,1.25,5.300001,2.4000003,175.0,24.0,CHA,C[N+](C)(C)C12CC3CC(CC(C3)C1)C2
400.0,0.0,99.0,250.0,0.0,0.0,0.0,1.25,5.300001,1.9000016,175.0,24.0,CHA,C[N+](C)(C)C12CC3CC(CC(C3)C1)C2
400.0,0.0,99.0,250.0,0.0,0.0,0.0,1.0999987,5.300001,1.0999994,175.0,24.0,CHA,C[N+](C)(C)C12CC3CC(CC(C3)C1)C2
400.0,0.0,99.0,250.0,0.0,0.0,0.0,1.0,5.300001,1.0,175.0,24.0,CHA,C[N+](C)(C)C12CC3CC(CC(C3)C1)C2
400.0,0.0,99.0,250.0,0.0,0.0,0.0,1.25,8.0,1.4000006,175.0,24.0,CHA,C[N+](C)(C)C12CC3CC(CC(C3)C1)C2
400.0,0.0,99.0,250.0,0.0,0.0,0.0,1.25,7.0,1.4000006,175.0,24.0,CHA,C[N+](C)(C)C12CC3CC(CC(C3)C1)C2
400.0,0.0,99.0,250.0,0.0,0.0,0.0,1.25,6.0000005,1.4000006,175.0,24.0,CHA,C[N+](C)(C)C12CC3CC(CC(C3)C1)C2
400.0,0.0,99.0,250.0,0.0,0.0,0.0,1.25,5.300001,1.4000006,175.0,24.0,CHA,C[N+](C)(C)C12CC3CC(CC(C3)C1)C2
400.0,0.0,99.0,250.0,0.0,0.0,0.0,1.25,4.5,1.4000006,175.0,24.0,CHA,C[N+](C)(C)C12CC3CC(CC(C3)C1)C2
400.0,0.0,99.0,250.0,0.0,0.0,0.0,1.25,3.5,1.4000006,175.0,24.0,CHA,C[N+](C)(C)C12CC3CC(CC(C3)C1)C2
400.0,0.0,99.0,250.0,0.0,0.0,0.0,1.25,2.5000002,1.4000006,175.0,24.0,CHA,C[N+](C)(C)C12CC3CC(CC(C3)C1)C2
400.0,0.0,99.0,250.0,0.0,0.0,0.0,1.0999987,5.300001,1.0999994,175.0,48.0,CHA,C[N+](C)(C)C12CC3CC(CC(C3)C1)C2
400.0,0.0,99.0,250.0,0.0,0.0,0.0,1.0999987,5.300001,1.0999994,175.0,24.0,CHA,C[N+](C)(C)C12CC3CC(CC(C3)C1)C2
400.0,0.0,99.0,250.0,0.0,0.0,0.0,1.0999987,5.300001,1.0999994,175.0,16.0,CHA,C[N+](C)(C)C12CC3CC(CC(C3)C1)C2
400.0,0.0,99.0,250.0,0.0,0.0,0.0,1.0999987,5.300001,1.0999994,175.0,8.0,CHA,C[N+](C)(C)C12CC3CC(CC(C3)C1)C2
400.0,0.0,99.0,250.0,0.0,0.0,0.0,1.0999987,5.300001,1.0999994,175.0,24.0,CHA,C[N+](C)(C)C12CC3CC(CC(C3)C1)C2
400.0,0.0,99.0,250.0,0.0,0.0,0.0,1.0999987,5.300001,1.0999994,150.0,24.0,CHA,C[N+](C)(C)C12CC3CC(CC(C3)C1)C2
400.0,0.0,99.0,250.0,0.0,0.0,0.0,1.0999987,5.300001,1.0999994,125.0,24.0,CHA,C[N+](C)(C)C12CC3CC(CC(C3)C1)C2
20.0,1.7179967,99.0,250.0,0.0,0.0,0.38095242,0.0,15.238096,0.38095236,150.0,48.0,CHA,C[N+](C)(C)C12CC3CC(CC(C3)C1)C2
16.499996,1.7179967,99.0,250.0,0.3337143,0.0,0.0762857,0.0,10.088571,0.07628572,155.0,72.0,CHA,C[N+](C)(C)C12CC3CC(CC(C3)C1)C2
40.0,1.7179967,99.0,250.0,0.097560965,0.0,0.29268298,0.0,10.731707,0.29268295,155.0,72.0,CHA,C[N+](C)(C)C12CC3CC(CC(C3)C1)C2
24.0,1.7179967,99.0,250.0,0.09599997,0.0,0.288,0.0,10.559999,0.28800002,155.0,72.0,CHA,C[N+](C)(C)C12CC3CC(CC(C3)C1)C2
30.0,1.7179967,99.0,250.0,0.09677418,0.0,0.29032257,0.0,10.645162,0.2903226,155.0,72.0,CHA,C[N+](C)(C)C12CC3CC(CC(C3)C1)C2
40.0,1.7179967,99.0,250.0,0.097560965,0.0,0.29268298,0.0,10.731707,0.29268295,155.0,72.0,CHA,C[N+](C)(C)C12CC3CC(CC(C3)C1)C2
60.0,1.7179967,99.0,250.0,0.098360665,0.0,0.29508197,0.0,10.819672,0.295082,155.0,72.0,CHA,C[N+](C)(C)C12CC3CC(CC(C3)C1)C2
86.00006,1.7179967,99.0,250.0,0.09885057,0.0,0.2965517,0.0,10.873563,0.29655167,155.0,72.0,CHA,C[N+](C)(C)C12CC3CC(CC(C3)C1)C2
120.0,1.7179967,99.0,250.0,0.09917356,0.0,0.2975207,0.0,10.909092,0.29752067,155.0,72.0,CHA,C[N+](C)(C)C12CC3CC(CC(C3)C1)C2
399.00006,1.7179967,99.0,250.0,0.099750005,0.0,0.29925004,0.0,10.972501,0.29925,155.0,72.0,CHA,C[N+](C)(C)C12CC3CC(CC(C3)C1)C2
86.00006,1.7179967,99.0,250.0,0.09885057,0.0,0.19770114,0.0,10.873563,0.19770116,155.0,72.0,CHA,C[N+](C)(C)C12CC3CC(CC(C3)C1)C2
86.00006,1.7179967,99.0,250.0,0.09885057,0.0,0.09885056,0.0,10.873563,0.09885057,155.0,72.0,CHA,C[N+](C)(C)C12CC3CC(CC(C3)C1)C2
86.00006,1.7179967,99.0,250.0,0.09885057,0.0,0.059310365,0.0,10.873563,0.05931035,155.0,72.0,CHA,C[N+](C)(C)C12CC3CC(CC(C3)C1)C2
86.00006,1.7179967,99.0,250.0,0.09885057,0.0,0.029655077,0.0,10.873563,0.029655166,155.0,72.0,CHA,C[N+](C)(C)C12CC3CC(CC(C3)C1)C2
40.0,1.7179967,99.0,250.0,0.097560965,0.0,0.09756099,0.0,10.731707,0.09756098,155.0,72.0,CHA,C[N+](C)(C)C12CC3CC(CC(C3)C1)C2
120.0,1.7179967,99.0,250.0,0.09917356,0.0,0.09917358,0.0,10.909092,0.09917355,155.0,72.0,CHA,C[N+](C)(C)C12CC3CC(CC(C3)C1)C2
300.0,1.7179967,99.0,250.0,0.09966777,0.0,0.09966774,0.0,10.963454,0.09966777,155.0,72.0,CHA,C[N+](C)(C)C12CC3CC(CC(C3)C1)C2
20.0,1.7179967,99.0,250.0,0.1904762,0.0,0.5714286,0.0,41.90476,0.38095236,160.0,96.0,CHA,C[N+](C)(C)C12CC3CC(CC(C3)C1)C2
20.0,1.7179967,99.0,250.0,0.1904762,0.0,0.19047618,0.0,41.90476,0.1904762,160.0,144.0,CHA,C[N+](C)(C)C12CC3CC(CC(C3)C1)C2
11.250007,1.7179967,99.0,250.0,0.68571407,0.0,0.19183674,0.0,26.979591,0.19183673,140.0,144.0,CHA,C[N+](C)(C)C12CC3CC(CC(C3)C1)C2
3.5652182,1.7179967,99.0,250.0,0.1904762,0.0,0.3809524,0.0,41.90476,0.1904762,160.0,96.0,CHA,C[N+](C)(C)C12CC3CC(CC(C3)C1)C2
4.0,1.7179967,99.0,250.0,0.1904762,0.0,0.3809524,0.0,41.90476,0.1904762,160.0,96.0,CHA,C[N+](C)(C)C12CC3CC(CC(C3)C1)C2
9.500006,1.7179967,99.0,250.0,0.1904762,0.0,0.38095242,0.0,41.90476,0.1904762,160.0,96.0,CHA,C[N+](C)(C)C12CC3CC(CC(C3)C1)C2
25.249996,1.7179967,99.0,250.0,0.1904762,0.0,0.3809524,0.0,41.90476,0.1904762,160.0,96.0,CHA,C[N+](C)(C)C12CC3CC(CC(C3)C1)C2
51.499954,1.7179967,99.0,250.0,0.1904762,0.0,0.3809524,0.0,41.90476,0.1904762,160.0,96.0,CHA,C[N+](C)(C)C12CC3CC(CC(C3)C1)C2
104.00004,1.7179967,99.0,250.0,0.1904762,0.0,0.3809524,0.0,41.90476,0.1904762,160.0,96.0,CHA,C[N+](C)(C)C12CC3CC(CC(C3)C1)C2
209.00008,1.7179967,99.0,250.0,0.1904762,0.0,0.3809524,0.0,41.90476,0.1904762,160.0,96.0,CHA,C[N+](C)(C)C12CC3CC(CC(C3)C1)C2
400.0,1.7179967,99.0,250.0,0.1904762,0.0,0.3809524,0.0,41.90476,0.1904762,160.0,96.0,CHA,C[N+](C)(C)C12CC3CC(CC(C3)C1)C2
10.0,1.7179967,99.0,250.0,0.18181819,0.0,0.18181819,0.0,40.909096,0.18181819,150.0,120.0,CHA,C[N+](C)(C)C12CC3CC(CC(C3)C1)C2
20.0,1.7179967,99.0,250.0,0.1904762,0.0,0.19047618,0.0,42.857136,0.1904762,150.0,120.0,CHA,C[N+](C)(C)C12CC3CC(CC(C3)C1)C2
50.0,1.7179967,99.0,250.0,0.19607843,0.0,0.19607843,0.0,44.117645,0.19607843,150.0,120.0,CHA,C[N+](C)(C)C12CC3CC(CC(C3)C1)C2
50.0,1.7179967,99.0,250.0,0.0,0.0,0.5882353,0.0,30.392157,0.5882352,160.0,24.0,CHA,C[N+](C)(C)C12CC3CC(CC(C3)C1)C2
50.0,1.7179967,99.0,250.0,0.0,0.0,0.5882353,0.0,30.392157,0.5882352,160.0,57.999977,CHA,C[N+](C)(C)C12CC3CC(CC(C3)C1)C2
50.0,1.7179967,99.0,250.0,0.0,0.0,0.5882353,0.0,30.392157,0.5882352,160.0,72.0,CHA,C[N+](C)(C)C12CC3CC(CC(C3)C1)C2
50.0,1.7179967,99.0,250.0,0.0,0.0,0.5882353,0.0,30.392157,0.5882352,160.0,96.0,CHA,C[N+](C)(C)C12CC3CC(CC(C3)C1)C2
50.0,1.7179967,99.0,250.0,0.0,0.0,0.5882353,0.0,30.392157,0.5882352,160.0,144.0,CHA,C[N+](C)(C)C12CC3CC(CC(C3)C1)C2
50.0,1.7179967,99.0,250.0,0.0,0.0,0.5882353,0.0,30.392157,0.5882352,160.0,168.0,CHA,C[N+](C)(C)C12CC3CC(CC(C3)C1)C2
50.0,1.7179967,99.0,250.0,0.0,0.0,0.5882353,0.0,30.392157,0.5882352,160.0,24.0,CHA,C[N+](C)(C)C12CC3CC(CC(C3)C1)C2
50.0,1.7179967,99.0,250.0,0.0,0.0,0.5882353,0.0,30.392157,0.5882352,160.0,48.0,CHA,C[N+](C)(C)C12CC3CC(CC(C3)C1)C2
50.0,1.7179967,99.0,250.0,0.0,0.0,0.5882353,0.0,30.392157,0.5882352,160.0,72.0,CHA,C[N+](C)(C)C12CC3CC(CC(C3)C1)C2
50.0,1.7179967,99.0,250.0,0.0,0.0,0.5882353,0.0,30.392157,0.5882352,160.0,96.0,CHA,C[N+](C)(C)C12CC3CC(CC(C3)C1)C2
50.0,1.7179967,99.0,250.0,0.0,0.0,0.5882353,0.0,30.392157,0.5882352,160.0,144.0,CHA,C[N+](C)(C)C12CC3CC(CC(C3)C1)C2
50.0,1.7179967,99.0,250.0,0.0,0.0,0.5882353,0.0,30.392157,0.5882352,160.0,168.0,CHA,C[N+](C)(C)C12CC3CC(CC(C3)C1)C2
50.0,1.7179967,99.0,250.0,0.0,0.0,0.5882353,0.0,30.392157,0.5882352,160.0,48.0,CHA,C[N+](C)(C)C12CC3CC(CC(C3)C1)C2
50.0,1.7179967,99.0,250.0,0.0,0.0,0.5882353,0.0,30.392157,0.5882352,160.0,72.0,CHA,C[N+](C)(C)C12CC3CC(CC(C3)C1)C2
50.0,1.7179967,99.0,250.0,0.0,0.0,0.5882353,0.0,30.392157,0.5882352,160.0,96.0,CHA,C[N+](C)(C)C12CC3CC(CC(C3)C1)C2
50.0,1.7179967,99.0,250.0,0.0,0.0,0.5882353,0.0,30.392157,0.5882352,160.0,144.0,CHA,C[N+](C)(C)C12CC3CC(CC(C3)C1)C2
50.0,1.7179967,99.0,250.0,0.0,0.0,0.5882353,0.0,30.392157,0.5882352,160.0,168.0,CHA,C[N+](C)(C)C12CC3CC(CC(C3)C1)C2
11.000001,1.7179967,99.0,250.0,0.0,0.3483337,0.58666676,0.0,27.500008,0.23833333,150.0,24.0,CHA,C[N+](C)(C)C12CC3CC(CC(C3)C1)C2
20.999998,1.7179967,99.0,250.0,0.0,0.36272737,0.61090916,0.0,28.636362,0.24818182,150.0,24.0,CHA,C[N+](C)(C)C12CC3CC(CC(C3)C1)C2
26.00001,1.7179967,99.0,250.0,0.0,0.36592603,0.61629605,0.0,28.88889,0.2503704,150.0,24.0,CHA,C[N+](C)(C)C12CC3CC(CC(C3)C1)C2
20.0,1.7179967,99.0,250.0,0.76190484,0.0,1.0,0.0,20.0,0.23809524,160.0,24.0,CHA,C[N+](C)(C)C12CC3CC(CC(C3)C1)C2
20.0,1.7179967,99.0,250.0,0.76190484,0.0,1.0,0.0,20.0,0.23809524,160.0,48.0,CHA,C[N+](C)(C)C12CC3CC(CC(C3)C1)C2
20.0,1.7179967,99.0,250.0,0.76190484,0.0,1.0,0.0,20.0,0.23809524,160.0,72.0,CHA,C[N+](C)(C)C12CC3CC(CC(C3)C1)C2
20.0,1.7179967,99.0,250.0,0.76190484,0.0,1.0,0.0,20.0,0.23809524,160.0,96.0,CHA,C[N+](C)(C)C12CC3CC(CC(C3)C1)C2
20.0,1.7179967,99.0,250.0,0.76190484,0.0,1.0,0.0,20.0,0.23809524,160.0,144.0,CHA,C[N+](C)(C)C12CC3CC(CC(C3)C1)C2
20.0,1.7179967,99.0,250.0,0.76190484,0.0,1.0,0.0,20.0,0.23809524,160.0,24.0,CHA,C[N+](C)(C)C12CC3CC(CC(C3)C1)C2
20.0,1.7179967,99.0,250.0,0.76190484,0.0,1.0,0.0,20.0,0.23809524,160.0,48.0,CHA,C[N+](C)(C)C12CC3CC(CC(C3)C1)C2
20.0,1.7179967,99.0,250.0,0.76190484,0.0,1.0,0.0,20.0,0.23809524,160.0,96.0,CHA,C[N+](C)(C)C12CC3CC(CC(C3)C1)C2
20.0,1.7179967,99.0,250.0,0.76190484,0.0,1.0,0.0,20.0,0.23809524,160.0,120.0,CHA,C[N+](C)(C)C12CC3CC(CC(C3)C1)C2
20.0,1.7179967,99.0,250.0,0.76190484,0.0,1.0,0.0,20.0,0.23809524,160.0,144.0,CHA,C[N+](C)(C)C12CC3CC(CC(C3)C1)C2
20.0,1.7179967,99.0,250.0,0.76190484,0.0,1.0,0.0,20.0,0.23809524,160.0,168.0,CHA,C[N+](C)(C)C12CC3CC(CC(C3)C1)C2
14.992504,1.7179967,99.0,250.0,0.0,0.0,0.46873534,0.0,41.248714,0.46873534,160.0,144.0,CHA,C[N+](C)(C)C12CC3CC(CC(C3)C1)C2
20.0,1.7179967,99.0,250.0,0.0,0.0,0.47619042,0.0,41.90476,0.47619042,160.0,144.0,CHA,C[N+](C)(C)C12CC3CC(CC(C3)C1)C2
25.0,1.7179967,99.0,250.0,0.0,0.0,0.48076922,0.0,42.307693,0.48076922,160.0,144.0,CHA,C[N+](C)(C)C12CC3CC(CC(C3)C1)C2
30.03003,1.7179967,99.0,250.0,0.0,0.0,0.48388657,0.0,42.582016,0.48388654,160.0,144.0,CHA,C[N+](C)(C)C12CC3CC(CC(C3)C1)C2
14.992504,1.7179967,99.0,250.0,0.0,0.0,0.46873534,0.0,41.248714,0.46873534,160.0,144.0,CHA,C[N+](C)(C)C12CC3CC(CC(C3)C1)C2
14.992504,1.7179967,99.0,250.0,0.0,0.0,0.46873534,0.0,41.248714,0.46873534,160.0,144.0,CHA,C[N+](C)(C)C12CC3CC(CC(C3)C1)C2
14.992504,1.7179967,99.0,250.0,0.0,0.0,0.46873534,0.0,41.248714,0.46873534,160.0,144.0,CHA,C[N+](C)(C)C12CC3CC(CC(C3)C1)C2
14.992504,1.7179967,99.0,250.0,0.0,0.0,0.46873534,0.0,41.248714,0.46873534,160.0,144.0,CHA,C[N+](C)(C)C12CC3CC(CC(C3)C1)C2
14.992504,1.7179967,99.0,250.0,0.0,0.0,0.46873534,0.0,41.248714,0.46873534,160.0,144.0,CHA,C[N+](C)(C)C12CC3CC(CC(C3)C1)C2
400.0,0.0,99.0,250.0,0.29999995,0.0,0.08000003,0.0,24.899998,0.08,180.0,22.0,CHA,C[N+](C)(C)C12CC3CC(CC(C3)C1)C2
400.0,0.0,99.0,250.0,0.26000014,0.0,0.08000003,0.0,24.899998,0.08,180.0,22.0,CHA,C[N+](C)(C)C12CC3CC(CC(C3)C1)C2
5.0,1.7179967,99.0,250.0,0.08333333,0.0,0.16666666,0.0,4.166666,0.16666664,140.0,168.0,CHA,C[N+](C)(C)C12CC3CC(CC(C3)C1)C2
10.0,1.7179967,99.0,250.0,0.090909086,0.0,0.18181819,0.0,4.5454545,0.18181819,140.0,168.0,CHA,C[N+](C)(C)C12CC3CC(CC(C3)C1)C2
20.0,1.7179967,99.0,250.0,0.09523809,0.0,0.19047618,0.0,4.7619047,0.1904762,140.0,168.0,CHA,C[N+](C)(C)C12CC3CC(CC(C3)C1)C2
30.0,1.7179967,99.0,250.0,0.09677418,0.0,0.19354838,0.0,4.83871,0.19354838,140.0,168.0,CHA,C[N+](C)(C)C12CC3CC(CC(C3)C1)C2
60.0,1.7179967,99.0,250.0,0.098360665,0.0,0.1967213,0.0,4.9180326,0.1967213,140.0,168.0,CHA,C[N+](C)(C)C12CC3CC(CC(C3)C1)C2
5.0,1.7179967,99.0,250.0,0.08333333,0.0,0.16666666,0.0,4.166666,0.16666664,140.0,168.0,CHA,C[N+](C)(C)C12CC3CC(CC(C3)C1)C2
10.0,1.7179967,99.0,250.0,0.090909086,0.0,0.18181819,0.0,4.5454545,0.18181819,140.0,168.0,CHA,C[N+](C)(C)C12CC3CC(CC(C3)C1)C2
20.0,1.7179967,99.0,250.0,0.09523809,0.0,0.19047618,0.0,4.7619047,0.1904762,140.0,168.0,CHA,C[N+](C)(C)C12CC3CC(CC(C3)C1)C2
30.0,1.7179967,99.0,250.0,0.09677418,0.0,0.19354838,0.0,4.83871,0.19354838,140.0,168.0,CHA,C[N+](C)(C)C12CC3CC(CC(C3)C1)C2
60.0,1.7179967,99.0,250.0,0.098360665,0.0,0.1967213,0.0,4.9180326,0.1967213,140.0,168.0,CHA,C[N+](C)(C)C12CC3CC(CC(C3)C1)C2
5.500002,1.7179967,99.0,250.0,0.084615335,0.0,0.16923077,0.0,4.2307687,0.16923079,140.0,168.0,CHA,C[N+](C)(C)C12CC3CC(CC(C3)C1)C2
13.999999,1.7179967,99.0,250.0,0.09333333,0.0,0.18666665,0.0,4.6666665,0.18666667,140.0,168.0,CHA,C[N+](C)(C)C12CC3CC(CC(C3)C1)C2
26.00001,1.7179967,99.0,250.0,0.096296296,0.0,0.1925926,0.0,4.8148146,0.19259258,140.0,168.0,CHA,C[N+](C)(C)C12CC3CC(CC(C3)C1)C2
66.00007,1.7179967,99.0,250.0,0.09850747,0.0,0.19701496,0.0,4.925373,0.19701493,140.0,168.0,CHA,C[N+](C)(C)C12CC3CC(CC(C3)C1)C2
5.0,1.7179967,99.0,250.0,0.08333333,0.0,0.16666666,0.0,4.166666,0.16666664,140.0,168.0,CHA,C[N+](C)(C)C12CC3CC(CC(C3)C1)C2
10.0,1.7179967,99.0,250.0,0.090909086,0.0,0.18181819,0.0,4.5454545,0.18181819,140.0,168.0,CHA,C[N+](C)(C)C12CC3CC(CC(C3)C1)C2
20.0,1.7179967,99.0,250.0,0.09523809,0.0,0.19047618,0.0,4.7619047,0.1904762,140.0,168.0,CHA,C[N+](C)(C)C12CC3CC(CC(C3)C1)C2
30.0,1.7179967,99.0,250.0,0.09677418,0.0,0.19354838,0.0,4.83871,0.19354838,140.0,168.0,CHA,C[N+](C)(C)C12CC3CC(CC(C3)C1)C2
60.0,1.7179967,99.0,250.0,0.098360665,0.0,0.1967213,0.0,4.9180326,0.1967213,140.0,168.0,CHA,C[N+](C)(C)C12CC3CC(CC(C3)C1)C2
400.0,0.0,99.0,250.0,0.0,0.0,0.0,0.5,3.0,0.5,150.0,40.0,CHA,C[N+](C)(C)C12CC3CC(CC(C3)C1)C2
16.0,1.7179967,99.0,250.0,0.09411764,0.0,0.3764706,0.0,7.0588236,0.282353,150.0,168.0,CHA,C[N+](C)(C)C12CC3CC(CC(C3)C1)C2
16.0,1.7179967,99.0,250.0,0.09411764,0.0,0.56470615,0.0,7.0588236,0.23529412,150.0,168.0,CHA,C[N+](C)(C)C12CC3CC(CC(C3)C1)C2
16.0,1.7179967,99.0,250.0,0.09411764,0.0,0.4705882,0.0,7.0588236,0.18823528,150.0,168.0,CHA,C[N+](C)(C)C12CC3CC(CC(C3)C1)C2
16.0,1.7179967,99.0,250.0,0.09411764,0.0,0.3764706,0.0,7.0588236,0.14117649,150.0,168.0,CHA,C[N+](C)(C)C12CC3CC(CC(C3)C1)C2
16.0,1.7179967,99.0,250.0,0.09411764,0.0,0.28235292,0.0,7.0588236,0.09411765,150.0,168.0,CHA,C[N+](C)(C)C12CC3CC(CC(C3)C1)C2
16.0,1.7179967,99.0,250.0,0.09411764,0.0,0.1882353,0.0,7.0588236,0.047058832,150.0,168.0,CHA,C[N+](C)(C)C12CC3CC(CC(C3)C1)C2
16.0,1.7179967,99.0,250.0,0.09411764,0.0,0.15058818,0.0,7.0588236,0.028235285,150.0,168.0,CHA,C[N+](C)(C)C12CC3CC(CC(C3)C1)C2
15.0,1.7179967,99.0,250.0,0.0,0.0,1.8750007,0.0,96.87499,1.8749983,160.0,96.0,CHA,C[N+](C)(C)C12CC3CC(CC(C3)C1)C2
400.0,0.0,99.0,250.0,0.0,0.0,0.0,1.25,5.624824,1.3124591,150.0,24.0,CHA,C[N+](C)(C)C12CC3CC(CC(C3)C1)C2
400.0,0.0,99.0,250.0,0.0,0.0,0.0,1.25,5.808326,1.355276,150.0,24.0,CHA,C[N+](C)(C)C12CC3CC(CC(C3)C1)C2
400.0,0.0,99.0,250.0,0.0,0.0,0.0,1.25,5.896806,1.3759204,150.0,24.0,CHA,C[N+](C)(C)C12CC3CC(CC(C3)C1)C2
10.0,1.7179967,99.0,250.0,0.18181819,0.0,0.0,0.0,6.3636365,0.18181819,160.0,40.0,CHA,C[N+](C)(C)C12CC3CC(CC(C3)C1)C2
400.0,0.0,99.0,250.0,0.0,0.0,0.0,1.25,6.0000005,1.4000006,160.0,40.0,CHA,C[N+](C)(C)C12CC3CC(CC(C3)C1)C2
0.0,0.0,0.0,0.0,0.0,0.0,0.0,0.0,200.0,0.0,150.0,40.0,CHA,C[N+](C)(C)C12CC3CC(CC(C3)C1)C2
400.0,0.0,99.0,250.0,0.0,0.0,0.0,0.5,15.0,0.25,150.0,24.0,Dense/Amorphous,C(CCC[N+]12CCC(CC1)CC2)CC[N+]12CCC(CC1)CC2
50.0,1.7179967,99.0,250.0,0.0,0.0,0.0,0.49019608,14.705882,0.24509804,175.0,168.0,Dense/Amorphous,C(CCC[N+]12CCC(CC1)CC2)CC[N+]12CCC(CC1)CC2
400.0,0.0,99.0,250.0,0.0,0.0,0.0,0.5,7.5,0.25,135.0,168.0,Dense/Amorphous,C(CCC[N+]12CCC(CC1)CC2)CC[N+]12CCC(CC1)CC2
400.0,0.0,99.0,250.0,0.0,0.0,0.0,0.5,1.5,0.25,150.0,144.0,Dense/Amorphous,C(CCC[N+]12CCC(CC1)CC2)CC[N+]12CCC(CC1)CC2
400.0,0.0,99.0,250.0,0.0,0.0,0.0,0.5,7.5,0.25,150.0,96.0,Dense/Amorphous,C(CCC[N+]12CCC(CC1)CC2)CC[N+]12CCC(CC1)CC2
400.0,0.0,99.0,250.0,0.0,0.0,0.0,0.5,15.0,0.25,150.0,192.0,Dense/Amorphous,C(CCC[N+]12CCC(CC1)CC2)CC[N+]12CCC(CC1)CC2
400.0,0.0,99.0,250.0,0.0,0.0,0.0,0.5,1.5,0.25,135.0,360.0,Dense/Amorphous,C(CCC[N+]12CCC(CC1)CC2)CC[N+]12CCC(CC1)CC2
400.0,0.0,99.0,250.0,0.0,0.0,0.0,0.5,1.5,0.25,135.0,672.0,Dense/Amorphous,C(CCC[N+]12CCC(CC1)CC2)CC[N+]12CCC(CC1)CC2
400.0,0.0,99.0,250.0,0.0,0.0,0.0,0.5,7.5,0.25,135.0,264.0,Dense/Amorphous,C(CCC[N+]12CCC(CC1)CC2)CC[N+]12CCC(CC1)CC2
400.0,0.0,99.0,250.0,0.0,0.0,0.0,0.5,15.0,0.25,135.0,455.99985,Dense/Amorphous,C(CCC[N+]12CCC(CC1)CC2)CC[N+]12CCC(CC1)CC2
400.0,0.0,99.0,250.0,0.0,0.0,0.0,0.5,3.5,0.5,150.0,180.0,NON,CC1CCC[N+](C)(C)C1
400.0,0.0,99.0,250.0,0.0,0.0,0.0,0.5,7.0,0.5,150.0,180.0,NON,CC1CCC[N+](C)(C)C1
13.2,1.7179967,2.0,250.0,0.0,0.0,0.0,0.19230776,6.7307696,0.24038461,175.0,168.0,BEC,c1ccc2c(c1)C[N+]1(CCCCC1)C2
0.0,0.44843057,0.0,0.0,0.0,0.0,0.0,0.0,52.941185,0.44427237,180.0,72.0,LEV,CN1CCCCC1
0.25,1.0,99.0,250.0,0.0,0.0,0.0,0.0,8.888889,0.22222222,196.96664,231.26515,APC,Fc1ccccc1CN1CCCC1
30.0,1.7179967,99.0,250.0,0.3193548,0.0,0.3193548,0.0,38.70968,0.09677419,160.0,168.0,MFI,CCCN(CCC)CCCCCN(CCC)CCC
30.0,1.7179967,99.0,250.0,0.45483884,0.0,0.45483872,0.0,38.70968,0.09677419,160.0,168.0,MFI,CCCN(CCC)CCCCCN(CCC)CCC
30.0,1.7179967,99.0,250.0,0.58064514,0.0,0.5806452,0.0,38.70968,0.09677419,160.0,168.0,MFI,CCCN(CCC)CCCCCN(CCC)CCC
30.0,1.7179967,99.0,250.0,0.7064516,0.0,0.70645165,0.0,38.70968,0.09677419,160.0,168.0,MFI,CCCN(CCC)CCCCCN(CCC)CCC
30.0,1.7179967,99.0,250.0,0.8419353,0.0,0.8419357,0.0,38.70968,0.09677419,160.0,168.0,MFI,CCCN(CCC)CCCCCN(CCC)CCC
400.0,1.7179967,99.0,250.0,0.3329633,0.0,0.3329633,0.0,39.955605,0.09988901,160.0,168.0,MFI,CCCN(CCC)CCCCCN(CCC)CCC
400.0,1.7179967,99.0,250.0,0.33314824,0.0,0.33314824,0.0,39.97779,0.09994447,160.0,168.0,MFI,CCCN(CCC)CCCCCN(CCC)CCC
400.0,0.0,99.0,250.0,0.3333333,0.0,0.33333343,0.0,40.0,0.1,160.0,168.0,MFI,CCCN(CCC)CCCCCN(CCC)CCC
400.0,1.7179967,99.0,250.0,0.5986696,0.0,0.59866965,0.0,39.91131,0.09977827,160.0,168.0,MFI,CCCN(CCC)CCCCCN(CCC)CCC
400.0,1.7179967,99.0,250.0,0.59933406,0.0,0.59933406,0.0,39.955605,0.09988901,160.0,168.0,MFI,CCCN(CCC)CCCCCN(CCC)CCC
400.0,1.7179967,99.0,250.0,0.59966683,0.0,0.59966683,0.0,39.97779,0.09994447,160.0,168.0,MFI,CCCN(CCC)CCCCCN(CCC)CCC
400.0,0.0,99.0,250.0,0.6,0.0,0.6,0.0,40.0,0.1,160.0,168.0,MFI,CCCN(CCC)CCCCCN(CCC)CCC
6.6000013,1.7179967,2.0,250.0,0.0,0.0,0.0,0.09174312,2.7522936,0.22935778,175.0,168.0,Dense/Amorphous,CC1CCCC[N+]12Cc1ccccc1C2
6.6,1.7179967,2.0,250.0,0.0,0.0,0.0,0.18348624,2.7522936,0.22935778,175.0,168.0,Dense/Amorphous,CC1CCCC[N+]12Cc1ccccc1C2
6.6,1.7179967,2.0,250.0,0.0,0.0,0.0,0.2293578,2.7522936,0.2293578,175.0,168.0,Dense/Amorphous,CC1CCCC[N+]12Cc1ccccc1C2
400.0,0.0,10.001101,250.0,0.0,0.0,0.0,0.1,3.0,0.25,175.0,168.0,Dense/Amorphous,CC1CCCC[N+]12Cc1ccccc1C2
18.182003,1.7179967,10.001101,250.0,0.0,0.0,0.0,0.0952381,2.857143,0.23809524,175.0,168.0,Dense/Amorphous,CC1CCCC[N+]12Cc1ccccc1C2
400.0,0.0,10.001101,9.091,0.0,0.0,0.0,0.09090909,2.7272727,0.22727273,175.0,168.0,Dense/Amorphous,CC1CCCC[N+]12Cc1ccccc1C2
9.091,1.7179967,10.001101,250.0,0.0,0.0,0.0,0.18181819,2.7272727,0.22727273,175.0,168.0,Dense/Amorphous,CC1CCCC[N+]12Cc1ccccc1C2
400.0,0.0,10.001101,9.090999,0.0,0.0,0.0,0.22727273,2.7272727,0.22727273,175.0,168.0,Dense/Amorphous,CC1CCCC[N+]12Cc1ccccc1C2
400.0,0.0,99.0,250.0,0.0,0.0,0.0,0.10000002,3.0,0.25,175.0,168.0,Dense/Amorphous,CC1CCCC[N+]12Cc1ccccc1C2
10.0,1.7179967,99.0,250.0,0.0,0.0,0.0,0.09090909,2.7272727,0.22727273,175.0,168.0,Dense/Amorphous,CC1CCCC[N+]12Cc1ccccc1C2
400.0,0.0,99.0,20.0,0.0,0.0,0.0,0.0952381,2.857143,0.23809524,175.0,168.0,Dense/Amorphous,CC1CCCC[N+]12Cc1ccccc1C2
400.0,0.0,99.0,10.0,0.0,0.0,0.0,0.09090909,2.7272727,0.22727273,175.0,168.0,Dense/Amorphous,CC1CCCC[N+]12Cc1ccccc1C2
400.0,0.0,99.0,250.0,0.0,0.0,0.0,0.2,3.0,0.25,175.0,168.0,Dense/Amorphous,CC1CCCC[N+]12Cc1ccccc1C2
20.0,1.7179967,99.0,250.0,0.0,0.0,0.0,0.1904762,2.857143,0.23809524,175.0,168.0,Dense/Amorphous,CC1CCCC[N+]12Cc1ccccc1C2
10.0,1.7179967,99.0,250.0,0.0,0.0,0.0,0.18181819,2.7272727,0.22727273,175.0,168.0,Dense/Amorphous,CC1CCCC[N+]12Cc1ccccc1C2
400.0,0.0,99.0,20.0,0.0,0.0,0.0,0.1904762,2.857143,0.23809524,175.0,168.0,Dense/Amorphous,CC1CCCC[N+]12Cc1ccccc1C2
400.0,0.0,99.0,10.0,0.0,0.0,0.0,0.18181819,2.7272727,0.22727273,175.0,168.0,Dense/Amorphous,CC1CCCC[N+]12Cc1ccccc1C2
400.0,0.0,99.0,250.0,0.0,0.0,0.0,0.25,3.0,0.25,175.0,168.0,Dense/Amorphous,CC1CCCC[N+]12Cc1ccccc1C2
10.0,1.7179967,99.0,250.0,0.0,0.0,0.0,0.22727273,2.7272727,0.22727273,175.0,168.0,Dense/Amorphous,CC1CCCC[N+]12Cc1ccccc1C2
400.0,0.0,99.0,20.0,0.0,0.0,0.0,0.23809524,2.857143,0.23809524,175.0,168.0,Dense/Amorphous,CC1CCCC[N+]12Cc1ccccc1C2
400.0,0.0,99.0,10.0,0.0,0.0,0.0,0.22727273,2.7272727,0.22727273,175.0,168.0,Dense/Amorphous,CC1CCCC[N+]12Cc1ccccc1C2
13.200001,1.7179967,2.0,250.0,0.0,0.0,0.0,0.09615385,6.7307696,0.24038461,175.0,168.0,Dense/Amorphous,CC1CCCC[N+]12Cc1ccccc1C2
6.6,1.7179967,2.0,250.0,0.0,0.0,0.0,0.09174317,6.4220185,0.2293578,175.0,168.0,Dense/Amorphous,CC1CCCC[N+]12Cc1ccccc1C2
13.2,1.7179967,2.0,250.0,0.0,0.0,0.0,0.19230776,6.7307696,0.24038461,175.0,168.0,Dense/Amorphous,CC1CCCC[N+]12Cc1ccccc1C2
6.6,1.7179967,2.0,250.0,0.0,0.0,0.0,0.18348624,6.422018,0.2293578,175.0,168.0,Dense/Amorphous,CC1CCCC[N+]12Cc1ccccc1C2
18.182,1.7179967,10.001101,250.0,0.0,0.0,0.0,0.0952381,6.6666665,0.23809524,175.0,168.0,Dense/Amorphous,CC1CCCC[N+]12Cc1ccccc1C2
9.091,1.7179967,10.001101,250.0,0.0,0.0,0.0,0.0909089,6.3636365,0.22727272,175.0,168.0,Dense/Amorphous,CC1CCCC[N+]12Cc1ccccc1C2
400.0,0.0,10.001101,9.091,0.0,0.0,0.0,0.0909089,6.3636365,0.22727272,175.0,168.0,Dense/Amorphous,CC1CCCC[N+]12Cc1ccccc1C2
18.182,1.7179967,10.001101,250.0,0.0,0.0,0.0,0.1904762,6.6666665,0.23809524,175.0,168.0,Dense/Amorphous,CC1CCCC[N+]12Cc1ccccc1C2
9.091,1.7179967,10.001101,250.0,0.0,0.0,0.0,0.18181819,6.3636365,0.22727273,175.0,168.0,Dense/Amorphous,CC1CCCC[N+]12Cc1ccccc1C2
400.0,0.0,10.001101,9.091,0.0,0.0,0.0,0.18181819,6.3636365,0.22727273,175.0,168.0,Dense/Amorphous,CC1CCCC[N+]12Cc1ccccc1C2
18.182,1.7179967,10.001101,250.0,0.0,0.0,0.0,0.23809518,6.666666,0.23809524,175.0,168.0,Dense/Amorphous,CC1CCCC[N+]12Cc1ccccc1C2
400.0,0.0,99.0,250.0,0.0,0.0,0.0,0.1,7.0,0.25,175.0,168.0,Dense/Amorphous,CC1CCCC[N+]12Cc1ccccc1C2
20.0,1.7179967,99.0,250.0,0.0,0.0,0.0,0.0952381,6.6666665,0.23809524,175.0,168.0,Dense/Amorphous,CC1CCCC[N+]12Cc1ccccc1C2
10.0,1.7179967,99.0,250.0,0.0,0.0,0.0,0.090909116,6.3636365,0.22727273,175.0,168.0,Dense/Amorphous,CC1CCCC[N+]12Cc1ccccc1C2
400.0,0.0,99.0,19.999998,0.0,0.0,0.0,0.0952381,6.6666665,0.23809524,175.0,168.0,Dense/Amorphous,CC1CCCC[N+]12Cc1ccccc1C2
400.0,0.0,99.0,10.0,0.0,0.0,0.0,0.090909116,6.3636365,0.22727273,175.0,168.0,Dense/Amorphous,CC1CCCC[N+]12Cc1ccccc1C2
400.0,0.0,99.0,250.0,0.0,0.0,0.0,0.2,7.0,0.25,175.0,168.0,Dense/Amorphous,CC1CCCC[N+]12Cc1ccccc1C2
20.0,1.7179967,99.0,250.0,0.0,0.0,0.0,0.1904762,6.6666665,0.23809524,175.0,168.0,Dense/Amorphous,CC1CCCC[N+]12Cc1ccccc1C2
10.0,1.7179967,99.0,250.0,0.0,0.0,0.0,0.18181819,6.3636365,0.22727273,175.0,168.0,Dense/Amorphous,CC1CCCC[N+]12Cc1ccccc1C2
400.0,0.0,99.0,20.0,0.0,0.0,0.0,0.1904762,6.6666665,0.23809524,175.0,168.0,Dense/Amorphous,CC1CCCC[N+]12Cc1ccccc1C2
400.0,0.0,99.0,10.0,0.0,0.0,0.0,0.18181819,6.3636365,0.22727273,175.0,168.0,Dense/Amorphous,CC1CCCC[N+]12Cc1ccccc1C2
400.0,0.0,99.0,250.0,0.0,0.0,0.0,0.25,7.0,0.25,175.0,168.0,Dense/Amorphous,CC1CCCC[N+]12Cc1ccccc1C2
20.0,1.7179967,99.0,250.0,0.0,0.0,0.0,0.23809524,6.6666665,0.23809524,175.0,168.0,Dense/Amorphous,CC1CCCC[N+]12Cc1ccccc1C2
10.0,1.7179967,99.0,250.0,0.0,0.0,0.0,0.2272727,6.3636365,0.22727273,175.0,168.0,Dense/Amorphous,CC1CCCC[N+]12Cc1ccccc1C2
400.0,0.0,99.0,20.0,0.0,0.0,0.0,0.23809524,6.6666665,0.23809524,175.0,168.0,Dense/Amorphous,CC1CCCC[N+]12Cc1ccccc1C2
400.0,0.0,99.0,10.0,0.0,0.0,0.0,0.2272727,6.3636365,0.22727273,175.0,168.0,Dense/Amorphous,CC1CCCC[N+]12Cc1ccccc1C2
400.0,0.0,2.0,250.0,0.0,0.0,0.0,0.10101024,15.151515,0.2525252,175.0,168.0,Dense/Amorphous,CC1CCCC[N+]12Cc1ccccc1C2
13.2,1.7179967,2.0,250.0,0.0,0.0,0.0,0.09615391,14.423077,0.24038461,175.0,168.0,Dense/Amorphous,CC1CCCC[N+]12Cc1ccccc1C2
6.6,1.7179967,2.0,250.0,0.0,0.0,0.0,0.09174312,13.761468,0.2293578,175.0,168.0,Dense/Amorphous,CC1CCCC[N+]12Cc1ccccc1C2
400.0,0.0,2.0,13.2,0.0,0.0,0.0,0.09615391,14.423077,0.24038461,175.0,168.0,Dense/Amorphous,CC1CCCC[N+]12Cc1ccccc1C2
400.0,0.0,2.0,6.6,0.0,0.0,0.0,0.09174312,13.761468,0.2293578,175.0,168.0,Dense/Amorphous,CC1CCCC[N+]12Cc1ccccc1C2
13.2,1.7179967,2.0,250.0,0.0,0.0,0.0,0.19230776,14.423077,0.24038461,175.0,168.0,Dense/Amorphous,CC1CCCC[N+]12Cc1ccccc1C2
6.6,1.7179967,2.0,250.0,0.0,0.0,0.0,0.18348631,13.761468,0.2293578,175.0,168.0,Dense/Amorphous,CC1CCCC[N+]12Cc1ccccc1C2
400.0,0.0,2.0,6.6,0.0,0.0,0.0,0.18348631,13.761468,0.2293578,175.0,168.0,Dense/Amorphous,CC1CCCC[N+]12Cc1ccccc1C2
13.200001,1.7179967,2.0,250.0,0.0,0.0,0.0,0.2403846,14.423077,0.24038461,175.0,168.0,Dense/Amorphous,CC1CCCC[N+]12Cc1ccccc1C2
6.6,1.7179967,2.0,250.0,0.0,0.0,0.0,0.2293578,13.761468,0.2293578,175.0,168.0,Dense/Amorphous,CC1CCCC[N+]12Cc1ccccc1C2
400.0,0.0,10.001101,250.0,0.0,0.0,0.0,0.1,15.0,0.25,175.0,168.0,Dense/Amorphous,CC1CCCC[N+]12Cc1ccccc1C2
18.182,1.7179967,10.001101,250.0,0.0,0.0,0.0,0.0952381,14.285714,0.23809524,175.0,168.0,Dense/Amorphous,CC1CCCC[N+]12Cc1ccccc1C2
9.091,1.7179967,10.001101,250.0,0.0,0.0,0.0,0.09090909,13.636364,0.22727273,175.0,168.0,Dense/Amorphous,CC1CCCC[N+]12Cc1ccccc1C2
400.0,0.0,10.001101,18.182,0.0,0.0,0.0,0.0952381,14.285714,0.23809524,175.0,168.0,Dense/Amorphous,CC1CCCC[N+]12Cc1ccccc1C2
400.0,0.0,10.001101,9.090999,0.0,0.0,0.0,0.09090909,13.636364,0.22727273,175.0,168.0,Dense/Amorphous,CC1CCCC[N+]12Cc1ccccc1C2
400.0,0.0,10.001101,250.0,0.0,0.0,0.0,0.2,15.0,0.25,175.0,168.0,Dense/Amorphous,CC1CCCC[N+]12Cc1ccccc1C2
18.182,1.7179967,10.001101,250.0,0.0,0.0,0.0,0.1904762,14.285714,0.23809524,175.0,168.0,Dense/Amorphous,CC1CCCC[N+]12Cc1ccccc1C2
9.091,1.7179967,10.001101,250.0,0.0,0.0,0.0,0.1818182,13.636364,0.22727273,175.0,168.0,Dense/Amorphous,CC1CCCC[N+]12Cc1ccccc1C2
400.0,0.0,10.001101,18.182,0.0,0.0,0.0,0.1904762,14.285714,0.23809524,175.0,168.0,Dense/Amorphous,CC1CCCC[N+]12Cc1ccccc1C2
400.0,0.0,10.001101,9.090999,0.0,0.0,0.0,0.1818182,13.636364,0.22727273,175.0,168.0,Dense/Amorphous,CC1CCCC[N+]12Cc1ccccc1C2
400.0,0.0,10.001101,250.0,0.0,0.0,0.0,0.25,15.0,0.25,175.0,168.0,Dense/Amorphous,CC1CCCC[N+]12Cc1ccccc1C2
18.182,1.7179967,10.001101,250.0,0.0,0.0,0.0,0.23809524,14.285714,0.23809524,175.0,168.0,Dense/Amorphous,CC1CCCC[N+]12Cc1ccccc1C2
9.091,1.7179967,10.001101,250.0,0.0,0.0,0.0,0.22727273,13.636364,0.22727273,175.0,168.0,Dense/Amorphous,CC1CCCC[N+]12Cc1ccccc1C2
400.0,0.0,10.001101,18.182,0.0,0.0,0.0,0.23809524,14.285714,0.23809524,175.0,168.0,Dense/Amorphous,CC1CCCC[N+]12Cc1ccccc1C2
400.0,0.0,10.001101,9.090999,0.0,0.0,0.0,0.22727273,13.636364,0.22727273,175.0,168.0,Dense/Amorphous,CC1CCCC[N+]12Cc1ccccc1C2
400.0,0.0,99.0,250.0,0.0,0.0,0.0,0.1,15.0,0.25,175.0,168.0,Dense/Amorphous,CC1CCCC[N+]12Cc1ccccc1C2
20.0,1.7179967,99.0,250.0,0.0,0.0,0.0,0.0952381,14.285714,0.23809524,175.0,168.0,Dense/Amorphous,CC1CCCC[N+]12Cc1ccccc1C2
10.0,1.7179967,99.0,250.0,0.0,0.0,0.0,0.090909116,13.636364,0.22727273,175.0,168.0,Dense/Amorphous,CC1CCCC[N+]12Cc1ccccc1C2
400.0,0.0,99.0,20.0,0.0,0.0,0.0,0.0952381,14.285714,0.23809524,175.0,168.0,Dense/Amorphous,CC1CCCC[N+]12Cc1ccccc1C2
400.0,0.0,99.0,10.0,0.0,0.0,0.0,0.090909116,13.636364,0.22727273,175.0,168.0,Dense/Amorphous,CC1CCCC[N+]12Cc1ccccc1C2
400.0,0.0,99.0,250.0,0.0,0.0,0.0,0.2,15.0,0.25,175.0,168.0,Dense/Amorphous,CC1CCCC[N+]12Cc1ccccc1C2
20.0,1.7179967,99.0,250.0,0.0,0.0,0.0,0.1904762,14.285714,0.23809524,175.0,168.0,Dense/Amorphous,CC1CCCC[N+]12Cc1ccccc1C2
10.0,1.7179967,99.0,250.0,0.0,0.0,0.0,0.1818182,13.636364,0.22727273,175.0,168.0,Dense/Amorphous,CC1CCCC[N+]12Cc1ccccc1C2
400.0,0.0,99.0,20.0,0.0,0.0,0.0,0.1904762,14.285714,0.23809524,175.0,168.0,Dense/Amorphous,CC1CCCC[N+]12Cc1ccccc1C2
400.0,0.0,99.0,10.0,0.0,0.0,0.0,0.1818182,13.636364,0.22727273,175.0,168.0,Dense/Amorphous,CC1CCCC[N+]12Cc1ccccc1C2
400.0,0.0,99.0,250.0,0.0,0.0,0.0,0.25,15.0,0.25,175.0,168.0,Dense/Amorphous,CC1CCCC[N+]12Cc1ccccc1C2
20.0,1.7179967,99.0,250.0,0.0,0.0,0.0,0.23809524,14.285714,0.23809524,175.0,168.0,Dense/Amorphous,CC1CCCC[N+]12Cc1ccccc1C2
10.0,1.7179967,99.0,250.0,0.0,0.0,0.0,0.22727273,13.636364,0.22727273,175.0,168.0,Dense/Amorphous,CC1CCCC[N+]12Cc1ccccc1C2
400.0,0.0,99.0,20.0,0.0,0.0,0.0,0.23809524,14.285714,0.23809524,175.0,168.0,Dense/Amorphous,CC1CCCC[N+]12Cc1ccccc1C2
400.0,0.0,99.0,10.0,0.0,0.0,0.0,0.22727273,13.636364,0.22727273,175.0,168.0,Dense/Amorphous,CC1CCCC[N+]12Cc1ccccc1C2
400.0,0.0,99.0,16.666668,0.094339624,0.0,0.37735847,0.0,41.50943,0.14150944,150.0,72.0,Dense/Amorphous,C[N+](C)(C)C1CC23CCCCC2(C1)CC([N+](C)(C)C)C3
0.0,1.0,0.0,0.0,0.0,0.0,0.0,0.0,47.500004,0.075,160.0,24.0,AFI,[CH]1C=CC=C1
0.0,1.0,0.0,0.0,0.0,0.0,0.0,0.0,47.500004,0.1,160.0,24.0,AFI,[CH]1C=CC=C1
0.0,1.0,0.0,0.0,0.0,0.0,0.0,0.0,47.500004,0.15,160.0,24.0,AFI,[CH]1C=CC=C1
0.0,1.0,0.0,0.0,0.0,0.0,0.0,0.0,47.500004,0.2,160.0,24.0,AFI,[CH]1C=CC=C1
0.0,1.0,0.0,0.0,0.0,0.0,0.0,0.0,47.500004,0.025000028,160.0,24.0,AFI,[CH]1C=CC=C1
0.0,1.0,0.0,0.0,0.0,0.0,0.0,0.0,47.500004,0.05,160.0,24.0,AFI,[CH]1C=CC=C1
0.0,1.0,0.0,0.0,0.0,0.0,0.0,0.0,47.500004,0.075,160.0,24.0,AFI,[CH]1C=CC=C1
0.0,1.0,0.0,0.0,0.0,0.0,0.0,0.0,47.500004,0.1,160.0,24.0,AFI,[CH]1C=CC=C1
0.0,1.0,0.0,0.0,0.0,0.0,0.0,0.0,47.500004,0.15,160.0,24.0,AFI,[CH]1C=CC=C1
0.0,1.0,0.0,0.0,0.0,0.0,0.0,0.0,47.500004,0.2,160.0,24.0,AFI,[CH]1C=CC=C1
0.0,1.0,0.0,0.0,0.0,0.0,0.0,0.0,0.0,0.0,190.0,188.79588,ERI,C[N+]1(CCC[N+]2(C)CCCC2)CCCC1
0.0,1.0,0.0,0.0,0.0,0.0,0.0,0.4,0.0,0.0,190.0,553.0738,ERI,C[N+]1(CCC[N+]2(C)CCCC2)CCCC1
0.0,0.9,0.0,0.0,0.0,0.0,0.0,0.0,0.0,0.0,190.0,493.35855,ERI,C[N+]1(CCC[N+]2(C)CCCC2)CCCC1
0.0,0.9,0.0,0.0,0.0,0.0,0.0,0.0,0.0,0.0,190.0,199.2071,ERI,C[N+]1(CCC[N+]2(C)CCCC2)CCCC1
0.1,1.1111112,99.0,250.0,0.0,0.0,0.0,0.0,0.0,0.0,190.0,145.31165,ERI,C[N+]1(CCC[N+]2(C)CCCC2)CCCC1
0.2,1.25,99.0,250.0,0.0,0.0,0.0,0.0,0.0,0.0,190.0,583.0639,ERI,C[N+]1(CCC[N+]2(C)CCCC2)CCCC1
15.0,1.7179967,99.0,250.0,0.0,0.0,0.7187498,0.0,14.0625,0.7187501,135.0,1176.0004,MWW,c1ccc(C[N+]23CCC(CC2)CC3)cc1
30.055904,1.7179967,99.0,250.0,0.0,0.0,0.6127,0.0,14.517,0.61270034,150.0,264.0,MWW,c1ccc(C[N+]23CCC(CC2)CC3)cc1
11.345671,1.7179967,99.0,250.0,0.0,0.0,0.7835,0.0,13.785,0.7835,175.0,576.0,MWW,c1ccc(C[N+]23CCC(CC2)CC3)cc1
300.0,1.7179967,99.0,250.0,0.0,0.0,0.0,0.0,0.0,0.0,160.0,239.93199,Dense/Amorphous,CC1CCC[N@@+]12CCCC(C)(C)C2
400.0,0.0,1.0,250.0,0.0,0.0,0.0,0.5,9.999999,0.1,200.0,144.0,AST,C1=C(c2ccncc2)NN(c2ccncc2)N=C1c1ccncc1
400.0,0.0,99.0,250.0,0.0,0.0,0.0,0.0,3.5,0.0,150.0,10.689297,BEA,C(CC[N+]12CCC(CC1)CC2)CC[N+]12CCC(CC1)CC2
400.0,0.0,99.0,250.0,0.0,0.0,0.0,0.0,7.0,0.0,150.0,680.05975,BEA,C(CC[N+]12CCC(CC1)CC2)CC[N+]12CCC(CC1)CC2
400.0,0.0,99.0,250.0,0.0,0.0,0.0,0.54,4.0899997,0.54,150.0,504.0,AST,C[N+]1(Cc2ccc(F)cc2)CCCC1
0.20000005,1.25,99.0,250.0,0.0,0.0,0.0,0.0,20.000004,0.05,190.0,120.0,SAV,C1CNCCNCCCNCCNC1
0.2,1.25,99.0,250.0,0.0,0.0,0.0,0.0,20.0,0.05400002,190.0,168.0,SAV,C1CNCCNCCCNCCNC1
0.0,0.0,0.0,0.0,0.0,0.0,0.0,0.0,200.0,0.0,171.00069,391.6669,SAV,C1CNCCNCCCNCCNC1
0.0,0.0,0.0,0.0,0.0,0.0,0.0,0.0,200.0,0.0,111.8131,0.0,SAV,C1CNCCNCCCNCCNC1
400.0,0.0,0.4999986,250.0,0.0,0.0,0.5053333,0.0,3.333333,0.25266668,175.0,168.0,UOV,C[N+](C)(C)CCCCCCCCCC[N+](C)(C)C
400.0,0.0,0.24999899,250.0,0.0,0.0,0.0,0.0,19.999998,0.25,170.0,336.0,UOV,C[N+](C)(C)CCCCCCCCCC[N+](C)(C)C
400.0,0.0,0.66666704,250.0,0.0,0.0,0.0,0.0,20.0,0.25,170.0,336.0,UOV,C[N+](C)(C)CCCCCCCCCC[N+](C)(C)C
400.0,0.0,1.0,250.0,0.0,0.0,0.0,0.0,20.0,0.25,170.0,336.0,UOV,C[N+](C)(C)CCCCCCCCCC[N+](C)(C)C
400.0,0.0,1.4999998,250.0,0.0,0.0,0.0,0.0,20.0,0.25,170.0,336.0,UOV,C[N+](C)(C)CCCCCCCCCC[N+](C)(C)C
400.0,0.0,1.5,250.0,0.0,0.0,0.0,0.0,20.0,0.5,170.0,336.0,UOV,C[N+](C)(C)CCCCCCCCCC[N+](C)(C)C
400.0,0.0,1.4999998,250.0,0.0,0.0,0.0,0.0,40.0,0.5,170.0,336.0,UOV,C[N+](C)(C)CCCCCCCCCC[N+](C)(C)C
400.0,0.0,1.4999998,250.0,0.0,0.0,0.0,0.0,10.0,0.25,170.0,336.0,UOV,C[N+](C)(C)CCCCCCCCCC[N+](C)(C)C
400.0,0.0,1.5,250.0,0.0,0.0,0.0,0.0,5.0,0.25,170.0,336.0,UOV,C[N+](C)(C)CCCCCCCCCC[N+](C)(C)C
400.0,0.0,1.5,250.0,0.0,0.0,0.0,0.0,5.0,0.125,170.0,336.0,UOV,C[N+](C)(C)CCCCCCCCCC[N+](C)(C)C
400.0,0.0,4.0,250.0,0.0,0.0,0.0,0.0,3.0,0.25,170.0,336.0,UOV,C[N+](C)(C)CCCCCCCCCC[N+](C)(C)C
400.0,0.0,1.4999998,250.0,0.0,0.0,0.0,0.0,10.0,0.25,170.0,336.0,UOV,C[N+](C)(C)CCCCCCCCCC[N+](C)(C)C
400.0,0.0,0.49924976,250.0,0.0,0.0,0.5,0.0,10.0,0.25,175.0,252.00003,UOV,C[N+](C)(C)CCCCCCCCCC[N+](C)(C)C
400.0,0.0,0.49924976,250.0,0.0,0.0,0.5,0.0,5.0,0.25,175.0,252.00003,UOV,C[N+](C)(C)CCCCCCCCCC[N+](C)(C)C
400.0,0.0,0.75131226,250.0,0.0,0.0,0.5,0.0,10.0,0.25,175.0,252.00003,UOV,C[N+](C)(C)CCCCCCCCCC[N+](C)(C)C
400.0,0.0,1.0,250.0,0.0,0.0,0.4999999,0.0,10.0,0.25,175.0,252.00003,UOV,C[N+](C)(C)CCCCCCCCCC[N+](C)(C)C
400.0,0.0,1.0,250.0,0.0,0.0,0.5,0.0,5.0,0.25,175.0,252.00003,UOV,C[N+](C)(C)CCCCCCCCCC[N+](C)(C)C
400.0,0.0,1.4999998,250.0,0.0,0.0,0.5,0.0,10.0,0.25,175.0,252.00003,UOV,C[N+](C)(C)CCCCCCCCCC[N+](C)(C)C
400.0,0.0,2.0030031,250.0,0.0,0.0,0.5,0.0,10.0,0.25,175.0,252.00003,UOV,C[N+](C)(C)CCCCCCCCCC[N+](C)(C)C
400.0,0.0,2.0030031,250.0,0.0,0.0,0.5,0.0,5.0,0.25,175.0,252.00003,UOV,C[N+](C)(C)CCCCCCCCCC[N+](C)(C)C
400.0,0.0,3.0000014,250.0,0.0,0.0,0.5,0.0,5.0,0.25,175.0,252.00003,UOV,C[N+](C)(C)CCCCCCCCCC[N+](C)(C)C
400.0,0.0,5.9930096,250.0,0.0,0.0,0.5,0.0,10.0,0.25,175.0,252.00003,UOV,C[N+](C)(C)CCCCCCCCCC[N+](C)(C)C
400.0,0.0,0.4999986,250.0,0.0,0.0,0.5050505,0.0,10.101009,0.2525252,175.0,252.00003,UOV,C[N+](C)(C)CCCCCCCCCC[N+](C)(C)C
400.0,0.0,2.0,250.0,0.0,0.0,0.5050505,0.0,10.101009,0.2525252,175.0,252.00003,UOV,C[N+](C)(C)CCCCCCCCCC[N+](C)(C)C
32.500008,1.7179967,99.0,250.0,0.26865664,0.0,0.2765672,0.0,19.402983,0.007910436,160.0,22.0,MEL,CCCC[N+](CCCC)(CCCC)CCCC
32.500008,1.7179967,99.0,250.0,0.26865664,0.0,0.2765672,0.0,19.402983,0.007910436,160.0,26.999994,MEL,CCCC[N+](CCCC)(CCCC)CCCC
32.500008,1.7179967,99.0,250.0,0.26865664,0.0,0.2765672,0.0,19.402983,0.007910436,160.0,33.000008,MEL,CCCC[N+](CCCC)(CCCC)CCCC
48.24999,1.7179967,99.0,250.0,1.062945,0.0,0.090355314,0.0,19.167515,0.09035532,130.0,327.47458,MEL,CCCC[N+](CCCC)(CCCC)CCCC
0.0,0.0,0.0,0.0,0.0,0.0,0.0,0.0,200.0,0.0,120.0,48.499985,MEL,CCCC[N+](CCCC)(CCCC)CCCC
0.0,0.0,0.0,0.0,0.0,0.0,0.0,0.0,200.0,0.0,120.0,48.999985,MEL,CCCC[N+](CCCC)(CCCC)CCCC
0.0,0.0,0.0,0.0,0.0,0.0,0.0,0.0,200.0,0.0,120.0,50.0,MEL,CCCC[N+](CCCC)(CCCC)CCCC
0.0,0.0,0.0,0.0,0.0,0.0,0.0,0.0,200.0,0.0,135.0,24.999998,MEL,CCCC[N+](CCCC)(CCCC)CCCC
0.0,0.0,0.0,0.0,0.0,0.0,0.0,0.0,200.0,0.0,135.0,29.999996,MEL,CCCC[N+](CCCC)(CCCC)CCCC
0.0,0.0,0.0,0.0,0.0,0.0,0.0,0.0,200.0,0.0,150.0,15.0,MEL,CCCC[N+](CCCC)(CCCC)CCCC
0.0,0.0,0.0,0.0,0.0,0.0,0.0,0.0,200.0,0.0,150.0,20.0,MEL,CCCC[N+](CCCC)(CCCC)CCCC
0.0,0.0,0.0,0.0,0.0,0.0,0.0,0.0,200.0,0.0,150.0,24.999998,MEL,CCCC[N+](CCCC)(CCCC)CCCC
32.500008,1.7179967,99.0,250.0,0.26865664,0.0,0.31641784,0.0,19.402983,0.047761198,90.0,24.0,MEL,CCCC[N+](CCCC)(CCCC)CCCC
400.0,0.0,99.0,2.8571377,0.0,0.0,0.0,0.0,8.888889,0.25925928,150.0,504.0,MEL,CCCC[N+](CCCC)(CCCC)CCCC
400.0,0.0,99.0,250.0,0.0,0.0,0.0,0.0,0.0,0.0,180.0,96.0,MEL,CCCC[N+](CCCC)(CCCC)CCCC
400.0,0.0,99.0,250.0,0.0,0.0,0.0,0.0,0.0,0.0,180.0,96.0,MEL,CCCC[N+](CCCC)(CCCC)CCCC
40.0,1.7179967,99.0,250.0,0.0,0.0,0.0,0.0,0.0,0.0,180.0,96.0,MEL,CCCC[N+](CCCC)(CCCC)CCCC
400.0,0.0,99.0,250.0,0.0,0.0,0.0,0.0,0.0,0.0,180.0,96.0,MEL,CCCC[N+](CCCC)(CCCC)CCCC
10.0,1.7179967,99.0,250.0,0.18181819,0.0,0.45454544,0.0,38.181824,0.27272737,150.0,72.0,MEL,CCCC[N+](CCCC)(CCCC)CCCC
25.0,1.7179967,99.0,250.0,0.1923077,0.0,0.48076922,0.0,40.38461,0.28846157,150.0,72.0,MEL,CCCC[N+](CCCC)(CCCC)CCCC
50.0,1.7179967,99.0,250.0,0.19607843,0.0,0.49019605,0.0,41.176476,0.29411766,150.0,72.0,MEL,CCCC[N+](CCCC)(CCCC)CCCC
400.0,0.0,99.0,250.0,0.0,0.0,0.25,0.0,25.0,0.25,170.0,72.0,MEL,CCCC[N+](CCCC)(CCCC)CCCC
400.0,0.0,99.0,250.0,0.0,0.0,0.25,0.0,25.0,0.25,170.0,72.0,MEL,CCCC[N+](CCCC)(CCCC)CCCC
400.0,0.0,99.0,250.0,0.0,0.0,0.36,0.0,18.0,0.36,91.99999,89.99999,MEL,CCCC[N+](CCCC)(CCCC)CCCC
400.0,0.0,99.0,250.0,0.0,0.0,0.3,0.0,12.0,0.3,113.99999,24.0,MEL,CCCC[N+](CCCC)(CCCC)CCCC
400.0,0.0,99.0,250.0,0.0,0.0,0.011999911,0.0,11.0,0.012000019,170.0,72.0,MEL,CCCC[N+](CCCC)(CCCC)CCCC
32.500008,1.7179967,99.0,65.00002,0.264706,0.0,0.27941182,0.0,19.117645,0.014705898,90.0,24.0,MEL,CCCC[N+](CCCC)(CCCC)CCCC
15.0,1.7179967,99.0,250.0,0.25,0.0,0.8749995,0.0,6.25,0.625,150.0,72.0,MEL,CCCC[N+](CCCC)(CCCC)CCCC
25.0,1.7179967,99.0,250.0,0.1538461,0.0,0.5384613,0.0,3.8461537,0.38461542,150.0,72.0,MEL,CCCC[N+](CCCC)(CCCC)CCCC
35.0,1.7179967,99.0,250.0,0.111111015,0.0,0.38888884,0.0,2.7777777,0.2777778,150.0,72.0,MEL,CCCC[N+](CCCC)(CCCC)CCCC
15.0,1.7179967,99.0,250.0,0.18125008,0.0,0.28125,0.0,39.375004,0.28125,150.0,72.0,MEL,CCCC[N+](CCCC)(CCCC)CCCC
10.0,1.7179967,99.0,250.0,0.18181819,0.0,0.27272728,0.0,38.181824,0.27272728,150.0,72.0,MEL,CCCC[N+](CCCC)(CCCC)CCCC
25.0,1.7179967,99.0,250.0,0.1923077,0.0,0.2884615,0.0,40.38461,0.28846157,150.0,72.0,MEL,CCCC[N+](CCCC)(CCCC)CCCC
32.500008,1.7179967,99.0,250.0,0.26865664,0.0,0.31641784,0.0,19.402983,0.047761198,170.0,24.0,MEL,CCCC[N+](CCCC)(CCCC)CCCC
20.408161,1.7179967,99.0,250.0,0.108674936,0.0,0.19065778,0.0,15.061966,0.081982836,170.0,24.0,MEL,CCCC[N+](CCCC)(CCCC)CCCC
30.30303,1.7179967,99.0,250.0,0.13552748,0.0,0.029041462,0.0,33.881897,0.029041637,160.0,72.0,MEL,CCCC[N+](CCCC)(CCCC)CCCC
32.46754,1.7179967,99.0,250.0,0.27357382,0.0,0.4481956,0.0,41.0846,0.17462166,150.0,48.0,MEL,CCCC[N+](CCCC)(CCCC)CCCC
40.000004,1.7179967,99.0,250.0,0.27512193,0.0,0.45073178,0.0,41.31707,0.17560975,150.0,48.0,MEL,CCCC[N+](CCCC)(CCCC)CCCC
39.999958,1.7179967,99.0,250.0,0.27512193,0.0,0.37268293,0.0,41.31707,0.09756098,177.99994,20.0,MEL,CCCC[N+](CCCC)(CCCC)CCCC
15.151515,1.7179967,99.0,250.0,0.06191374,0.12382728,0.28142592,0.0,39.399628,0.28142595,150.0,72.0,MEL,CCCC[N+](CCCC)(CCCC)CCCC
400.0,0.0,99.0,250.0,0.0,0.0,0.0,0.0,16.723804,0.2508571,170.0,120.0,MEL,CCCC[N+](CCCC)(CCCC)CCCC
15.0,1.7179967,99.0,250.0,0.25,0.0,0.6250001,0.0,6.25,0.625,150.0,72.0,MEL,CCCC[N+](CCCC)(CCCC)CCCC
25.0,1.7179967,99.0,250.0,0.1538461,0.0,0.3846154,0.0,3.8461537,0.38461542,150.0,72.0,MEL,CCCC[N+](CCCC)(CCCC)CCCC
35.0,1.7179967,99.0,250.0,0.111111015,0.0,0.27777776,0.0,2.7777777,0.2777778,150.0,72.0,MEL,CCCC[N+](CCCC)(CCCC)CCCC
50.0,1.7179967,99.0,250.0,0.078431375,0.0,0.4215687,0.0,11.764705,0.34313723,100.0,288.0,MEL,CCCC[N+](CCCC)(CCCC)CCCC
30.0,1.7179967,99.0,250.0,0.3870969,0.0,0.39677426,0.0,19.354837,0.009677415,170.0,8.999997,MEL,CCCC[N+](CCCC)(CCCC)CCCC
32.500008,1.7179967,99.0,250.0,0.35820895,0.0,0.40298504,0.0,19.402983,0.04477611,170.0,10.0,MEL,CCCC[N+](CCCC)(CCCC)CCCC
32.500008,1.7179967,99.0,250.0,0.35820895,0.0,0.40298504,0.0,19.402983,0.04477611,170.0,12.0,MEL,CCCC[N+](CCCC)(CCCC)CCCC
400.0,0.0,99.0,16.666666,0.0,0.0,0.16037743,0.0,113.20756,0.3301887,150.0,48.0,MEL,CCCC[N+](CCCC)(CCCC)CCCC
400.0,0.0,99.0,16.666666,0.0,0.0,0.16037743,0.0,113.20756,0.3301887,150.0,72.0,MEL,CCCC[N+](CCCC)(CCCC)CCCC
15.0,1.7179967,99.0,250.0,0.25,0.0,0.6250001,0.0,6.25,0.625,150.0,72.0,MEL,CCCC[N+](CCCC)(CCCC)CCCC
25.0,1.7179967,99.0,250.0,0.1538461,0.0,0.3846154,0.0,3.8461537,0.38461542,150.0,72.0,MEL,CCCC[N+](CCCC)(CCCC)CCCC
35.0,1.7179967,99.0,250.0,0.111111015,0.0,0.27777776,0.0,2.7777777,0.2777778,150.0,72.0,MEL,CCCC[N+](CCCC)(CCCC)CCCC
400.0,0.0,99.0,250.0,0.0,0.0,0.3,0.0,12.400001,0.3,90.0,72.0,MEL,CCCC[N+](CCCC)(CCCC)CCCC
400.0,0.0,99.0,250.0,0.0,0.0,0.3,0.0,29.099998,0.3,90.0,72.0,MEL,CCCC[N+](CCCC)(CCCC)CCCC
400.0,0.0,99.0,250.0,0.0,0.0,0.3,0.0,18.0,0.3,90.0,5.0,MEL,CCCC[N+](CCCC)(CCCC)CCCC
400.0,0.0,99.0,250.0,0.0,0.0,0.3,0.0,18.0,0.3,90.0,29.999996,MEL,CCCC[N+](CCCC)(CCCC)CCCC
400.0,0.0,99.0,250.0,0.0,0.0,0.3,0.0,18.0,0.3,90.0,48.0,MEL,CCCC[N+](CCCC)(CCCC)CCCC
400.0,0.0,99.0,250.0,0.0,0.0,0.3,0.0,18.0,0.3,90.0,67.999985,MEL,CCCC[N+](CCCC)(CCCC)CCCC
50.0,1.7179967,99.0,250.0,0.078431375,0.0,0.39215687,0.0,1.9607843,0.39215687,170.0,72.0,MEL,CCCC[N+](CCCC)(CCCC)CCCC
32.500008,1.7179967,99.0,250.0,0.26865664,0.0,0.28447765,0.0,19.402983,0.015820911,170.0,24.0,MEL,CCCC[N+](CCCC)(CCCC)CCCC
31.250006,1.7179967,99.0,250.0,0.2906977,0.0,0.48449612,0.0,38.75969,0.19379845,130.0,129.99994,MEL,CCCC[N+](CCCC)(CCCC)CCCC
31.250006,1.7179967,99.0,250.0,0.2906977,0.0,0.48449612,0.0,38.75969,0.19379845,130.0,70.0,MEL,CCCC[N+](CCCC)(CCCC)CCCC
31.250006,1.7179967,99.0,250.0,0.2906977,0.0,0.31007746,0.0,38.75969,0.019379836,130.0,139.99995,MEL,CCCC[N+](CCCC)(CCCC)CCCC
31.250006,1.7179967,99.0,250.0,0.2906977,0.0,0.31007746,0.0,38.75969,0.019379836,130.0,70.0,MEL,CCCC[N+](CCCC)(CCCC)CCCC
400.0,1.7179967,99.0,250.0,0.12799248,0.0,0.076795384,0.0,22.424273,0.07679547,130.0,24.0,MEL,CCCC[N+](CCCC)(CCCC)CCCC
89.99999,1.7179967,99.0,250.0,0.19780219,0.0,0.36263737,0.0,24.725275,0.16483518,135.0,144.0,MEL,CCCC[N+](CCCC)(CCCC)CCCC
400.0,0.0,99.0,250.0,0.0,0.0,0.4,0.0,30.0,0.4,170.0,96.0,MEL,CCCC[N+](CCCC)(CCCC)CCCC
400.0,0.0,99.0,250.0,0.0,0.0,0.4,0.0,30.0,0.4,170.0,96.0,MEL,CCCC[N+](CCCC)(CCCC)CCCC
400.0,0.0,99.0,250.0,0.0,0.0,0.4,0.0,30.0,0.4,170.0,96.0,MEL,CCCC[N+](CCCC)(CCCC)CCCC
30.0,1.7179967,99.0,250.0,0.3870969,0.0,0.3874194,0.0,19.354837,0.00032256803,170.0,24.0,MEL,CCCC[N+](CCCC)(CCCC)CCCC
30.0,1.7179967,99.0,250.0,0.3870969,0.0,0.387258,0.0,19.354837,0.00016130114,170.0,8.0,MEL,CCCC[N+](CCCC)(CCCC)CCCC
400.0,0.0,99.0,250.0,0.0,0.0,0.42406312,0.0,19.723866,0.42406306,170.0,4.0,MEL,CCCC[N+](CCCC)(CCCC)CCCC
400.0,0.0,99.0,250.0,0.0,0.0,0.42406312,0.0,19.723866,0.42406306,170.0,15.0,MEL,CCCC[N+](CCCC)(CCCC)CCCC
400.0,0.0,99.0,250.0,0.0,0.0,0.19411823,0.0,19.411821,0.19411822,170.0,10.0,MEL,CCCC[N+](CCCC)(CCCC)CCCC
400.0,0.0,99.0,250.0,0.0,0.0,0.19411823,0.0,19.411821,0.19411822,170.0,24.0,MEL,CCCC[N+](CCCC)(CCCC)CCCC
400.0,0.0,99.0,250.0,0.0,0.0,0.3960396,0.0,29.70297,0.3960397,170.0,8.0,MEL,CCCC[N+](CCCC)(CCCC)CCCC
400.0,0.0,99.0,250.0,0.0,0.0,0.3960396,0.0,29.70297,0.3960397,170.0,12.0,MEL,CCCC[N+](CCCC)(CCCC)CCCC
400.0,0.0,99.0,250.0,0.0,0.0,0.3960396,0.0,29.70297,0.3960397,170.0,24.0,MEL,CCCC[N+](CCCC)(CCCC)CCCC
400.0,0.0,99.0,250.0,0.0,0.0,0.3960396,0.0,29.70297,0.3960397,170.0,96.0,MEL,CCCC[N+](CCCC)(CCCC)CCCC
0.0,0.0,0.0,0.0,0.0,0.0,0.0,0.0,200.0,0.0,130.43747,121.74133,MEL,CCCC[N+](CCCC)(CCCC)CCCC
400.0,0.0,99.0,250.0,0.0,0.0,0.11764709,0.0,11.764705,0.117647074,170.0,72.0,MEL,CCCC[N+](CCCC)(CCCC)CCCC
400.0,0.0,99.0,250.0,0.0,0.0,0.3,0.0,18.0,0.3,90.0,67.999985,MEL,CCCC[N+](CCCC)(CCCC)CCCC
40.0,1.7179967,99.0,250.0,0.0,0.0,0.0,1.25,97.56094,3.6585338,150.0,168.0,FER,C1CNCCN1
80.0,1.7179967,99.0,250.0,0.15802471,0.0,0.12641977,0.0,29.62963,0.9876543,160.0,42.0,FER,C1CNCCN1
80.0,1.7179967,99.0,250.0,0.11851853,0.0,0.09481482,0.0,29.62963,0.9876543,160.0,65.0,FER,C1CNCCN1
80.0,1.7179967,99.0,250.0,0.15802471,0.0,0.12641977,0.0,29.62963,0.9876543,160.0,65.0,FER,C1CNCCN1
80.0,1.7179967,99.0,250.0,0.19753088,0.0,0.15802468,0.0,29.62963,0.9876543,160.0,65.0,FER,C1CNCCN1
80.0,1.7179967,99.0,250.0,0.10864197,0.0,0.08691356,0.0,29.629631,1.9753077,160.0,65.0,FER,C1CNCCN1
80.0,1.7179967,99.0,250.0,0.11851853,0.0,0.09481482,0.0,29.62963,1.9753077,160.0,65.0,FER,C1CNCCN1
80.0,1.7179967,99.0,250.0,0.15802471,0.0,0.12641977,0.0,29.62963,1.9753077,160.0,65.0,FER,C1CNCCN1
80.0,1.7179967,99.0,250.0,0.19753088,0.0,0.15802468,0.0,29.62963,1.9753077,160.0,65.0,FER,C1CNCCN1
7.1499968,1.7179967,99.0,250.0,0.27196318,0.0,0.2175706,0.0,13.15951,0.92116565,150.0,72.0,FER,C1CNCCN1
8.550002,1.7179967,99.0,250.0,0.2327748,0.0,0.18621987,0.0,13.42932,0.4655497,150.0,72.0,FER,C1CNCCN1
14.7,1.7179967,99.0,250.0,0.15917197,0.0,0.12733757,0.0,14.044585,0.98312134,150.0,72.0,FER,C1CNCCN1
19.550007,1.7179967,99.0,250.0,0.123674005,0.0,0.09893917,0.0,14.270072,0.9989051,150.0,72.0,FER,C1CNCCN1
19.550007,1.7179967,99.0,250.0,0.123674005,0.0,0.09893917,0.0,19.026762,0.9989051,150.0,120.0,FER,C1CNCCN1
19.550007,1.7179967,99.0,250.0,0.123674005,0.0,0.09893917,0.0,14.270072,1.2462536,150.0,120.0,FER,C1CNCCN1
19.550007,1.7179967,99.0,250.0,0.123674005,0.0,0.09893917,0.0,19.026762,1.2462536,150.0,120.0,FER,C1CNCCN1
23.750004,1.7179967,99.0,250.0,0.105555505,0.0,0.08444439,0.0,14.393939,1.0075758,150.0,120.0,FER,C1CNCCN1
400.0,0.0,99.0,250.0,0.0,0.0,0.0,0.5,14.0,0.5,150.0,180.0,MTW,CC1CC(C)C[N+](C)(C)C1
400.0,0.0,99.0,250.0,0.0,0.0,0.0,0.5,14.0,0.5,170.0,180.0,MTW,CC1CC(C)C[N+](C)(C)C1
119.99979,1.7179967,99.0,250.0,0.0,0.0,0.19834712,0.0,39.669422,0.09917355,160.0,192.0,Dense/Amorphous,C[N+]1(CCCC[N+]2(C)CCNCC2)CCNCC1
120.0,1.7179967,99.0,250.0,0.51570266,0.0,0.19834712,0.0,39.669422,0.09917355,160.0,720.0,Dense/Amorphous,C[N+]1(CCCC[N+]2(C)CCNCC2)CCNCC1
120.0,1.7179967,99.0,250.0,0.79338837,0.0,0.19834712,0.0,39.669422,0.09917355,160.0,144.0,Dense/Amorphous,C[N+]1(CCCC[N+]2(C)CCNCC2)CCNCC1
1.0,1.7179967,99.0,250.0,1.0000005,0.0,2.3333323,0.0,26.666666,1.3333327,100.0,384.0,SOD,C1CCC2(C1)CCC[NH2+]2
1.0,1.7179967,99.0,250.0,1.0000005,0.0,2.3333323,0.0,26.666666,1.3333327,100.0,240.0,SOD,C1CCC2(C1)CCC[NH2+]2
1.0,1.7179967,99.0,250.0,0.5,0.0,2.4341676,0.0,100.0,6.097583,100.0,50.0,SOD,C1CCC2(C1)CCC[NH2+]2
1.0,1.7179967,99.0,250.0,1.920999,0.0,2.4341676,0.0,100.0,6.097583,100.0,6.0,SOD,C1CCC2(C1)CCC[NH2+]2
1.0,1.7179967,99.0,250.0,1.0000005,0.0,2.3333323,0.0,26.666666,1.3333327,100.0,6.0,SOD,C1CCC2(C1)CCC[NH2+]2
33.333332,1.7179967,99.0,250.0,0.0,0.19417475,0.1553398,0.0,40.7767,0.19417475,160.0,372.0,Dense/Amorphous,CC(C)CNCC(C)(C)C
62.5,1.7179967,99.0,250.0,0.0,0.19685036,0.15748031,0.0,41.33858,0.19685039,160.0,204.0,Dense/Amorphous,CC(C)CNCC(C)(C)C
0.0,0.0,0.0,0.0,0.0,0.0,0.0,0.2,0.0,6.097583,160.0,96.0,LTA,CCCCN1C=CN(CC)C1C(=O)[O-]
0.0,0.0,0.0,0.0,0.0,0.0,0.0,0.0,200.0,0.0,191.81628,616.6142,NON,C1CCC2NCCC2C1
0.0,0.0,0.0,0.0,0.0,0.0,0.0,0.0,200.0,0.0,142.61005,209.91054,NON,C1CCC2NCCC2C1
400.0,0.0,1.0,250.0,0.0,0.0,0.0,0.4,1.0,0.4,170.0,144.0,Dense/Amorphous,c1ccc([S+](c2ccccc2)c2ccccc2)cc1
400.0,0.0,1.0,250.0,0.0,0.0,0.0,0.40000042,2.0,0.4,170.0,144.0,Dense/Amorphous,c1ccc([S+](c2ccccc2)c2ccccc2)cc1
400.0,0.0,1.0,250.0,0.0,0.0,0.0,0.4,5.0,0.4,170.0,144.0,Dense/Amorphous,c1ccc([S+](c2ccccc2)c2ccccc2)cc1
12.0048065,1.7179967,99.0,250.0,0.0,0.0,0.19385211,0.0,16.615894,0.19385213,130.0,12.0,FAU,Cc1cccc(C)[n+]1C
12.0048065,1.7179967,99.0,250.0,0.33231798,0.0,0.19385211,0.0,16.615894,0.19385213,130.0,12.0,FAU,Cc1cccc(C)[n+]1C
12.0048065,1.7179967,99.0,250.0,0.20308317,0.0,0.06461738,0.0,16.615894,0.06461739,130.0,12.0,FAU,Cc1cccc(C)[n+]1C
12.0048065,1.7179967,99.0,250.0,0.20308317,0.0,0.19385211,0.0,78.46392,0.19385213,130.0,12.0,FAU,Cc1cccc(C)[n+]1C
5.9988003,1.7179967,99.0,250.0,0.18856603,0.0,0.059998296,0.0,15.428131,0.05999829,130.0,12.0,FAU,Cc1cccc(C)[n+]1C
5.9988003,1.7179967,99.0,250.0,0.18856603,0.0,0.09428303,0.0,15.428131,0.09428302,130.0,12.0,FAU,Cc1cccc(C)[n+]1C
5.9988003,1.7179967,99.0,250.0,0.18856603,0.0,0.119996525,0.0,15.428131,0.119996555,130.0,12.0,FAU,Cc1cccc(C)[n+]1C
400.0,0.0,99.0,250.0,1.7094017,0.3931624,0.23213676,0.0,25.641026,0.42735043,180.0,120.0,BEA,C1CC[N+]2(CC1)CCCC1CCCCC12
400.0,0.0,99.0,250.0,0.05,0.0,0.2,0.0,30.0,0.15,150.0,336.0,BEA,C1CC[N+]2(CC1)CCCC1CCCCC12
400.0,0.0,1.7299998,6.4074073,0.0,0.0,0.4216667,0.0,25.0,0.6916667,175.0,336.0,BEA,C1CC[N+]2(CC1)CCCC1CCCCC12
37.99998,1.7179967,99.0,250.0,0.0,0.0,0.0,0.0,0.0,0.0,160.0,96.0,Dense/Amorphous,NCCCCCCCCCCN
400.0,1.7179967,99.0,250.0,0.0798005,0.0,0.0638404,0.0,29.925186,0.49875313,160.0,65.0,MFI,CC(C)N(C(C)C)C(C)C
400.0,1.7179967,99.0,250.0,0.10972567,0.0,0.08778055,0.0,29.925186,0.49875313,160.0,65.0,MFI,CC(C)N(C(C)C)C(C)C
400.0,0.0,99.0,250.0,0.0,0.0,0.0,1.25,5.333334,2.6666596,180.0,480.0,FER,CCCCN
6.0,1.7179967,99.0,250.0,0.0,0.0,0.0,1.1428553,4.5714283,2.2857192,180.0,480.0,FER,CCCCN
400.0,0.0,99.0,2.9999962,0.0,0.0,0.0,1.0,4.0,2.0000029,180.0,480.0,FER,CCCCN
400.0,0.0,99.0,6.0000005,0.0,0.0,0.0,1.1428553,4.5714283,2.2857192,180.0,480.0,FER,CCCCN
6.7900014,1.7179967,99.0,250.0,0.0,0.0,0.0,1.25,3.681644,1.9897307,200.0,240.0,FER,CCCCN
0.0,0.0,0.0,0.0,0.0,0.0,0.0,0.0,200.0,6.097583,220.0,408.0,FER,CCCCN
400.0,0.0,99.0,250.0,0.0,0.0,2.4341676,0.0,200.0,6.0000014,155.0,240.0,MFI,CCCCCCCCCCCCCCCCCC[N+](C)(C)CCCCCC[N+](C)(C)CCCCCC
400.0,0.0,99.0,250.0,0.0,0.0,0.117073156,0.0,48.780487,0.058536585,160.0,236.00008,MFI,CCCCCCCCCCCCCCCCCC[N+](C)(C)CCCCCC[N+](C)(C)CCCCCC
50.0,1.7179967,99.0,250.0,0.5607844,0.0,0.019607784,0.0,58.823524,0.009803933,140.0,304.6457,MFI,CCCCCCCCCCCCCCCCCC[N+](C)(C)CCCCCC[N+](C)(C)CCCCCC
50.0,1.7179967,99.0,250.0,0.5607844,0.0,0.049019553,0.0,58.823524,0.024509786,140.0,119.48588,MFI,CCCCCCCCCCCCCCCCCC[N+](C)(C)CCCCCC[N+](C)(C)CCCCCC
50.0,1.7179967,99.0,250.0,0.5607844,0.0,0.06862743,0.0,58.823524,0.034313727,140.0,257.68826,MFI,CCCCCCCCCCCCCCCCCC[N+](C)(C)CCCCCC[N+](C)(C)CCCCCC
50.0,1.7179967,99.0,250.0,0.5607844,0.0,0.14705883,0.0,58.823524,0.07352941,140.0,191.82434,MFI,CCCCCCCCCCCCCCCCCC[N+](C)(C)CCCCCC[N+](C)(C)CCCCCC
400.0,0.0,99.0,2.1739147,0.07534246,0.0,0.08356165,0.0,28.082193,0.0041096,160.0,336.0,SFS,CC[N+]1(CC)C(C)CC[C@H]2CCCCC21
400.0,0.0,99.0,2.1739147,0.07534246,0.0,0.097260304,0.0,28.082193,0.010958907,160.0,432.0,SFS,CC[N+]1(CC)C(C)CC[C@H]2CCCCC21
400.0,0.0,99.0,2.1739147,0.07534246,0.0,0.12191783,0.0,28.082193,0.023287663,160.0,576.0,SFS,CC[N+]1(CC)C(C)CC[C@H]2CCCCC21
400.0,0.0,99.0,2.1739147,0.07534246,0.0,0.14383556,0.0,28.082193,0.034246594,160.0,576.0,SFS,CC[N+]1(CC)C(C)CC[C@H]2CCCCC21
400.0,0.0,99.0,2.1739147,0.07534246,0.0,0.16575348,0.0,28.082193,0.04520548,160.0,624.00024,SFS,CC[N+]1(CC)C(C)CC[C@H]2CCCCC21
400.0,0.0,99.0,2.1739147,0.07534246,0.0,0.19041096,0.0,28.082193,0.057534248,160.0,864.00037,SFS,CC[N+]1(CC)C(C)CC[C@H]2CCCCC21
400.0,0.0,99.0,2.1739147,0.07534246,0.0,0.21232879,0.0,28.082193,0.06849316,160.0,1008.0004,SFS,CC[N+]1(CC)C(C)CC[C@H]2CCCCC21
400.0,0.0,99.0,250.0,0.0,0.0,0.0,0.5,10.0,0.25,150.0,528.0,BEA,C(CCC[N+]12CCN(CC1)CC2)CC[N+]12CCN(CC1)CC2
400.0,0.0,99.0,250.0,0.0,0.0,0.0,0.3060022,7.0615926,0.19615535,170.0,300.00003,BEA,C(CCC[N+]12CCN(CC1)CC2)CC[N+]12CCN(CC1)CC2
400.0,0.0,99.0,250.0,0.0,0.0,0.0,0.0,1.0,0.5,170.0,336.0,STF,CC[N+]1(CC)C[C@H](C)CC[C@@H]1C
400.0,0.0,99.0,250.0,0.0,0.0,0.0,0.5,1.0,0.5,170.0,144.0,STF,CC[N+]1(CC)C[C@H](C)CC[C@@H]1C
7.5,1.7179967,99.0,250.0,0.013897072,0.0019853243,0.13352942,0.0,1.5705891,0.058823537,120.0,336.0,PWN,C[N+]12CC[N+](C)(CC1)CC2
7.5,1.7179967,99.0,250.0,0.011911791,0.0039701574,0.13352942,0.0,1.5705891,0.058823537,120.0,336.0,PWN,C[N+]12CC[N+](C)(CC1)CC2
7.5,1.7179967,99.0,250.0,0.007941206,0.007941362,0.13352942,0.0,1.5705891,0.058823537,120.0,336.0,PWN,C[N+]12CC[N+](C)(CC1)CC2
7.5000005,1.7179967,99.0,250.0,0.013897072,0.0019853243,0.13352942,0.0,0.7823531,0.058823537,120.0,336.0,PWN,C[N+]12CC[N+](C)(CC1)CC2
7.5,1.7179967,99.0,250.0,0.010950312,0.001990948,0.13058822,0.0,1.5705891,0.058823537,120.0,336.0,PWN,C[N+]12CC[N+](C)(CC1)CC2
14.925373,1.7179967,99.0,250.0,0.14995314,0.0,0.29990625,0.0,28.116213,0.14995314,160.0,336.0,IWV,Cc1c(C)[n+](CCCCCC[n+]2c(C)c(C)n(C)c2C)c(C)n1C
30.30303,1.7179967,99.0,250.0,0.0,0.0,0.0,0.0,0.0,0.0,141.192,791.99915,IWV,Cc1c(C)[n+](CCCCCC[n+]2c(C)c(C)n(C)c2C)c(C)n1C
0.0,0.0,0.0,0.0,0.0,0.0,0.0,0.0,200.0,0.0,160.0,168.0,SFH,C[N+](C)(C)CC1(c2ccc(F)cc2)CCCC1
400.0,0.0,99.0,22.727266,0.09578545,0.0,0.28735632,0.0,39.27203,0.19157088,160.0,432.0,SFH,C[N+](C)(C)CC1(c2ccc(F)cc2)CCCC1
400.0,0.0,99.0,250.0,0.0,0.0,0.0,0.5,10.0,0.25,150.0,528.0,BEA,CC1C[N+]2(CCCC[N+]34CCN(CC3C)C(C)C4)CCN1CC2C
400.0,0.0,99.0,250.0,0.0,0.0,0.0,0.0,0.0,0.8196722,160.0,168.0,LAU,Cn1ccnc1
400.0,0.0,99.0,250.0,0.0,0.0,0.0,0.0,0.0,0.65573776,160.0,168.0,LAU,Cn1ccnc1
0.0,0.0,0.0,0.0,0.0,0.0,0.0,0.0,0.0,0.5833333,160.0,168.0,LAU,Cn1ccnc1
400.0,0.0,99.0,250.0,0.0,0.0,0.0,0.0,0.0,0.65573776,160.0,168.0,LAU,Cn1ccnc1
34.964996,1.7179967,99.0,250.0,0.68053645,0.0,0.54442936,0.0,0.0,0.0,170.0,631.9572,AFX,C[N+]1(CCCC[N+]2(C)CCCCC2)CCCCC1
25.0,1.7179967,99.0,250.0,0.0,0.0,0.3846154,0.0,5.288461,0.38461542,125.0,336.0,OFF,C[N+](C)(C)Cc1ccccc1
23.04147,1.7179967,99.0,250.0,0.0479202,0.0,0.4312823,0.0,5.2712283,0.38336203,125.0,24.0,OFF,C[N+](C)(C)Cc1ccccc1
23.04147,1.7179967,99.0,250.0,0.0,0.0,0.4312823,0.0,5.2712283,0.38336203,125.0,24.0,OFF,C[N+](C)(C)Cc1ccccc1
23.04147,1.7179967,99.0,250.0,0.0,0.04792021,0.4312823,0.0,5.2712283,0.38336203,125.0,336.0,OFF,C[N+](C)(C)Cc1ccccc1
23.04147,1.7179967,99.0,250.0,0.0,0.0,0.4312823,0.0,5.2712283,0.38336203,125.0,336.0,OFF,C[N+](C)(C)Cc1ccccc1
23.04147,1.7179967,99.0,250.0,0.0479202,0.0,0.4312823,0.0,5.2712283,0.38336203,125.0,336.0,OFF,C[N+](C)(C)Cc1ccccc1
16.0,1.7179967,99.0,250.0,0.047058854,0.0,0.42352942,0.0,5.176471,0.3764706,125.0,24.0,OFF,C[N+](C)(C)Cc1ccccc1
16.0,1.7179967,99.0,250.0,0.047058854,0.0,0.42352942,0.0,5.176471,0.3764706,125.0,336.0,OFF,C[N+](C)(C)Cc1ccccc1
30.959745,1.7179967,99.0,250.0,0.04843554,0.0,0.43591976,0.0,5.327908,0.38748422,125.0,24.0,OFF,C[N+](C)(C)Cc1ccccc1
0.0,0.0,0.0,0.0,0.0,0.0,0.0,0.0,200.0,0.0,160.0,96.0,SZR,CC[N+](CC)(CC)CCCCC[N+](CC)(CC)CC
15.0,1.7179967,99.0,250.0,0.68749976,0.0,0.9687501,0.0,37.5,0.140625,160.0,192.0,SZR,CC[N+](CC)(CC)CCCCC[N+](CC)(CC)CC
30.0,1.7179967,99.0,250.0,0.0,0.70645064,0.9,0.0,38.70968,0.09677419,160.0,168.0,SZR,CC[N+](CC)(CC)CCCCC[N+](CC)(CC)CC
15.0,1.7179967,99.0,250.0,0.0,0.43750024,0.6250001,0.0,37.5,0.09375,160.0,168.0,SZR,CC[N+](CC)(CC)CCCCC[N+](CC)(CC)CC
20.0,1.7179967,99.0,250.0,0.0,0.4444447,0.63492054,0.0,38.095238,0.0952381,160.0,168.0,SZR,CC[N+](CC)(CC)CCCCC[N+](CC)(CC)CC
30.0,1.7179967,99.0,250.0,0.7096774,0.0,0.19354838,0.0,38.70968,0.09677419,160.0,168.0,SZR,CC[N+](CC)(CC)CCCCC[N+](CC)(CC)CC
400.0,0.0,99.0,250.0,0.0,0.0,0.0,0.5,3.5,0.5,150.0,180.0,MEL,CC1CC(C)C[N+](C)(C)C1
178.5707,1.7179967,99.0,250.0,0.0,0.0,0.0,0.59665835,2.9832933,0.49721554,150.0,120.0,AEI,CC[N+]1(CC)C(C)CCCC1C
8.9928055,1.7179967,99.0,250.0,0.33747286,0.0,0.5174586,0.0,26.997843,0.0899928,160.0,199.99991,BEA,CC[N+]1(CC)CC2C3C=CC(C2C1)C1C[N+](CC)(CC)CC31
400.0,0.0,99.0,250.0,0.0,0.0,0.0,0.5,3.0,0.25,175.0,336.0,BEA,CC[N+]1(CC)CC2C3C=CC(C2C1)C1C[N+](CC)(CC)CC31
5.0,1.7179967,99.0,250.0,0.0,0.31249982,0.47916672,0.0,25.0,0.083333336,150.0,336.0,BEA,CC[N+]1(CC)CC2C3C=CC(C2C1)C1C[N+](CC)(CC)CC31
10.0,1.7179967,99.0,250.0,0.34090903,0.0,0.18181819,0.0,27.272728,0.0909091,150.0,720.0,BEA,CC[N+]1(CC)CC2C3C=CC(C2C1)C1C[N+](CC)(CC)CC31
10.0,1.7179967,99.0,250.0,0.0,0.52272666,0.7045453,0.0,27.272728,0.09090909,150.0,240.0,BEA,CC[N+]1(CC)CC2C3C=CC(C2C1)C1C[N+](CC)(CC)CC31
10.0,1.7179967,99.0,250.0,0.0,0.34090957,0.52272743,0.0,27.272728,0.09090909,150.0,480.0,BEA,CC[N+]1(CC)CC2C3C=CC(C2C1)C1C[N+](CC)(CC)CC31
10.0,1.7179967,99.0,250.0,0.0,0.09090907,0.27272728,0.0,27.272728,0.09090909,150.0,720.0,BEA,CC[N+]1(CC)CC2C3C=CC(C2C1)C1C[N+](CC)(CC)CC31
10.0,1.7179967,99.0,250.0,0.34090903,0.0,0.18181819,0.0,27.272728,0.0909091,150.0,240.0,BEA,CC[N+]1(CC)CC2C3C=CC(C2C1)C1C[N+](CC)(CC)CC31
10.0,1.7179967,99.0,250.0,0.0,0.15909103,0.34090912,0.0,27.272728,0.09090909,150.0,168.0,BEA,CC[N+]1(CC)CC2C3C=CC(C2C1)C1C[N+](CC)(CC)CC31
400.0,0.0,99.0,250.0,0.0,0.0,0.0,0.5,5.0,0.25,175.0,336.0,BEA,CC[N+]1(CC)CC2C3C=CC(C2C1)C1C[N+](CC)(CC)CC31
50.0,1.7179967,99.0,250.0,0.0,0.0,0.0,0.49019608,4.901961,0.24509804,175.0,336.0,BEA,CC[N+]1(CC)CC2C3C=CC(C2C1)C1C[N+](CC)(CC)CC31
400.0,0.0,99.0,50.0,0.0,0.0,0.0,0.49019608,4.901961,0.24509804,175.0,336.0,BEA,CC[N+]1(CC)CC2C3C=CC(C2C1)C1C[N+](CC)(CC)CC31
400.0,0.0,99.0,250.0,0.0,0.0,0.0,0.14907834,7.0615926,0.19615535,170.0,192.0,NON,CC[N+](C)(CC)CC
0.0,0.41666666,0.0,0.0,0.0,0.0,0.0,0.0,19.705881,0.49264705,170.0,120.0,AVE,C1CC[N+]2(CC1)CCCC2
0.0,0.41666687,0.0,0.0,0.0,0.0,0.0,0.0,20.441177,0.5411765,170.0,48.0,AVE,C1CC[N+]2(CC1)CCCC2
0.07499999,0.41666666,99.0,250.0,0.0,0.0,0.0,0.0,17.841726,0.48201433,170.0,120.0,AVE,C1CC[N+]2(CC1)CCCC2
0.07499999,0.41666666,99.0,250.0,0.0,0.0,0.0,0.0,17.841726,0.48201433,170.0,96.0,AVE,C1CC[N+]2(CC1)CCCC2
0.07499999,0.5,99.0,250.0,0.0,0.0,0.0,0.0,18.699184,0.45528457,170.0,48.0,AVE,C1CC[N+]2(CC1)CCCC2
0.07499999,0.41666666,99.0,250.0,0.0,0.0,0.0,0.0,17.841726,0.48201433,170.0,120.0,AVE,C1CC[N+]2(CC1)CCCC2
400.0,0.0,99.0,250.0,0.0,0.0,0.0,0.5,4.0,0.5,140.0,79.99999,Dense/Amorphous,CC(C)c1n(C)cc[n+]1C
400.0,0.0,99.0,250.0,0.0,0.0,0.0,0.5,7.0,0.5,175.0,20.99999,Dense/Amorphous,CC(C)c1n(C)cc[n+]1C
400.0,0.0,99.0,250.0,0.0,0.0,0.0,0.5,7.0,0.5,175.0,504.0,Dense/Amorphous,CC(C)c1n(C)cc[n+]1C
18.999998,1.7179967,99.0,250.0,0.0,0.0,0.0,0.5,4.0,0.5,175.0,1080.0002,Dense/Amorphous,CC(C)c1n(C)cc[n+]1C
15.0,1.7179967,99.0,250.0,0.0,0.0,0.0,0.0,0.0,0.0,160.0,316.30328,Dense/Amorphous,CC(C)c1n(C)cc[n+]1C
15.0,1.7179967,99.0,250.0,0.0,0.0,0.0,0.0,0.0,0.0,160.0,386.98804,Dense/Amorphous,CC(C)c1n(C)cc[n+]1C
30.0,1.7179967,99.0,250.0,0.0,0.0,0.0,0.0,0.0,0.0,175.0,484.31342,Dense/Amorphous,CC(C)c1n(C)cc[n+]1C
0.12500007,1.3333334,99.0,250.0,0.0,0.0,0.0,0.0,44.444447,6.097583,200.0,48.0,CHA,C1CCCNCC1
0.20833355,1.3333334,99.0,250.0,0.0,0.0,0.0,0.0,42.55319,6.097583,200.0,48.0,CHA,C1CCCNCC1
0.0,0.85,0.0,0.0,0.0,0.0,0.0,0.0,21.62162,0.21621622,160.0,72.0,Dense/Amorphous,c1c(C[N+]23CCC(CC2)CC3)cc(C[N+]23CCC(CC2)CC3)cc1C[N+]12CCC(CC1)CC2
30.0,1.7179967,99.0,250.0,0.3193548,0.0,0.5129033,0.0,38.70968,0.09677419,160.0,168.0,MFI,CC[N+](CC)(CC)CCCCCCCCC[N+](CC)(CC)CC
30.0,1.7179967,99.0,250.0,0.45483884,0.0,0.64838713,0.0,38.70968,0.09677419,160.0,168.0,MFI,CC[N+](CC)(CC)CCCCCCCCC[N+](CC)(CC)CC
30.0,1.7179967,99.0,250.0,0.7064516,0.0,0.9,0.0,38.70968,0.09677419,160.0,168.0,MFI,CC[N+](CC)(CC)CCCCCCCCC[N+](CC)(CC)CC
30.0,1.7179967,99.0,250.0,0.0,0.58064526,0.7741935,0.0,38.70968,0.09677419,160.0,168.0,MFI,CC[N+](CC)(CC)CCCCCCCCC[N+](CC)(CC)CC
30.0,1.7179967,99.0,250.0,0.7064516,0.0,0.9,0.0,38.70968,0.09677419,160.0,168.0,MFI,CC[N+](CC)(CC)CCCCCCCCC[N+](CC)(CC)CC
400.0,0.0,99.0,250.0,0.0,0.0,0.0,0.0,14.0,0.0,150.0,561.1257,MFI,C(CCC[N+]12CCC(CC1)CC2)CC[N+]12CCC(CC1)CC2
250.00137,1.7179967,99.0,250.0,0.09960159,0.0,0.079681285,0.0,0.0,0.0,160.0,32.61761,MFI,C(CCC[N+]12CCC(CC1)CC2)CC[N+]12CCC(CC1)CC2
400.0,0.0,99.0,250.0,0.0,0.0,0.0,0.5,10.0,0.25,175.0,816.00024,MFI,C(CCC[N+]12CCC(CC1)CC2)CC[N+]12CCC(CC1)CC2
49.0,1.7179967,99.0,250.0,0.0,0.0,0.0,0.49,0.0,0.245,175.0,168.0,MFI,C(CCC[N+]12CCC(CC1)CC2)CC[N+]12CCC(CC1)CC2
49.0,1.7179967,99.0,250.0,0.0,0.0,0.0,0.49,0.0,0.245,175.0,216.0,MFI,C(CCC[N+]12CCC(CC1)CC2)CC[N+]12CCC(CC1)CC2
0.0,1.0,0.0,0.0,0.0,0.0,0.0,0.25,37.5,0.45,180.0,48.0,AFI,CN1C2CCC1CC(O)C2
0.0,1.0,0.0,0.0,0.0,0.0,0.0,0.25,37.5,0.375,180.0,48.0,AFI,CN1C2CCC1CC(O)C2
0.0,1.0,0.0,0.0,0.0,0.0,0.0,0.29999983,50.0,0.425,200.0,48.0,AFI,CN1C2CCC1CC(O)C2
0.0,1.0,0.0,0.0,0.0,0.0,0.0,0.29999983,37.5,0.42500004,180.0,48.0,AFI,CN1C2CCC1CC(O)C2
0.0,1.0,0.0,0.0,0.0,0.0,0.0,0.0,37.5,0.375,180.0,48.0,AFI,CN1C2CCC1CC(O)C2
400.0,0.0,99.0,250.0,0.16000003,0.0,0.16299997,0.0,40.0,0.0015000176,170.0,40.0,MTN,CCCCCCCCCC[N+](C)(C)C
0.5,1.0,99.0,250.0,0.0,0.0,0.0,0.0,13.0,0.0,200.0,24.0,CHA,CCN(CC)CC
0.0,1.0,0.0,0.0,0.0,0.0,0.0,0.0,25.0,0.5,200.0,24.0,CHA,CCN(CC)CC
0.07499999,1.0,99.0,250.0,0.0,0.0,0.0,0.0,24.096376,0.48192772,200.0,24.0,CHA,CCN(CC)CC
0.15,1.0,99.0,250.0,0.0,0.0,0.0,0.0,23.255816,0.46511632,200.0,24.0,CHA,CCN(CC)CC
0.22499993,1.0,99.0,250.0,0.0,0.0,0.0,0.0,22.471905,0.44943833,200.0,24.0,CHA,CCN(CC)CC
0.0,0.0,0.0,0.0,0.0,0.0,0.0,0.0,200.0,0.0,210.62805,112.21928,CHA,CCN(CC)CC
0.15,0.90909094,99.0,250.0,0.0,0.0,0.0,0.0,15.555555,1.0,200.0,24.0,CHA,CCN(CC)CC
0.15,0.90909094,99.0,250.0,0.0,0.0,0.0,0.0,15.555555,1.0,200.0,24.0,CHA,CCN(CC)CC
0.15,1.0,99.0,250.0,0.0,0.0,0.0,0.0,11.627906,0.5813952,200.0,2.0,CHA,CCN(CC)CC
0.15,1.0,99.0,250.0,0.0,0.0,0.0,0.0,11.627906,0.5813952,200.0,2.5,CHA,CCN(CC)CC
0.15,1.0,99.0,250.0,0.0,0.0,0.0,0.0,11.627906,0.5813952,200.0,3.0,CHA,CCN(CC)CC
0.15,1.0,99.0,250.0,0.0,0.0,0.0,0.0,11.627906,0.5813952,200.0,5.0,CHA,CCN(CC)CC
0.15,1.0,99.0,250.0,0.0,0.0,0.0,0.0,11.627906,0.5813952,200.0,7.0,CHA,CCN(CC)CC
0.15,1.0,99.0,250.0,0.0,0.0,0.0,0.0,11.627906,0.5813952,200.0,15.0,CHA,CCN(CC)CC
0.15,1.0,99.0,250.0,0.0,0.0,0.0,0.0,11.627906,0.5813952,200.0,23.000011,CHA,CCN(CC)CC
0.2,1.0,99.0,250.0,0.0,0.0,0.0,0.0,13.636364,0.409091,200.0,24.0,CHA,CCN(CC)CC
0.15,1.0,99.0,250.0,0.0,0.0,0.0,0.0,16.279066,0.9069765,200.0,24.0,CHA,CCN(CC)CC
0.15,1.0,99.0,250.0,0.0,0.0,0.0,0.0,16.279066,0.9069765,200.0,24.0,CHA,CCN(CC)CC
0.15,1.0,99.0,250.0,0.0,0.0,0.0,0.0,16.279066,0.9069765,200.0,24.0,CHA,CCN(CC)CC
0.15,1.0,99.0,250.0,0.0,0.0,0.0,0.0,16.279066,0.9069765,200.0,24.0,CHA,CCN(CC)CC
0.2,1.0,99.0,250.0,0.0,0.0,0.0,0.0,15.909092,1.1363641,200.0,36.0,CHA,CCN(CC)CC
0.2,1.0,99.0,250.0,0.0,0.0,0.0,0.0,15.909092,0.90909094,200.0,36.0,CHA,CCN(CC)CC
0.2,1.0,99.0,250.0,0.0,0.0,0.0,0.0,15.909092,0.68181837,200.0,36.0,CHA,CCN(CC)CC
0.2,1.0,99.0,250.0,0.0,0.0,0.0,0.0,15.909092,0.56818193,200.0,36.0,CHA,CCN(CC)CC
0.20000005,1.0,99.0,250.0,0.0,0.0,0.0,0.0,15.909092,0.45454547,200.0,36.0,CHA,CCN(CC)CC
0.2,1.0,99.0,250.0,0.0,0.0,0.0,0.0,15.909092,0.36363637,200.0,36.0,CHA,CCN(CC)CC
0.2,1.0,99.0,250.0,0.0,0.0,0.0,0.0,15.909092,0.27272728,200.0,36.0,CHA,CCN(CC)CC
0.20000005,1.0,99.0,250.0,0.0,0.0,0.0,0.0,15.909092,0.18181819,200.0,36.0,CHA,CCN(CC)CC
0.2,1.0,99.0,250.0,0.0,0.0,0.0,0.0,15.909092,0.09090909,200.0,36.0,CHA,CCN(CC)CC
0.2,1.0,99.0,250.0,0.0,0.0,0.0,0.0,15.909092,0.045454547,200.0,36.0,CHA,CCN(CC)CC
0.25,1.0,99.0,250.0,0.0,0.0,0.0,0.0,6.6666665,0.44444445,0.0,0.0,CHA,CCN(CC)CC
0.3,1.0,99.0,250.0,0.0,0.0,0.0,0.0,13.043478,0.4347826,180.0,72.0,CHA,CCN(CC)CC
0.2,1.25,99.0,250.0,0.0,0.0,0.0,0.0,12.5,0.5,110.0,4.0,CHA,CCN(CC)CC
0.19999999,1.25,99.0,250.0,0.0,0.0,0.0,0.0,12.5,0.5,110.0,4.0,CHA,CCN(CC)CC
0.40000027,0.5,99.0,250.0,0.0,0.0,0.0,0.0,23.529413,1.3235294,200.0,48.0,CHA,CCN(CC)CC
0.2,1.0,99.0,250.0,0.0,0.0,0.0,0.0,18.181818,1.0227283,200.0,48.0,CHA,CCN(CC)CC
0.1,1.7179967,99.0,250.0,0.0,0.0,0.0,0.0,12.5,0.7031247,200.0,48.0,CHA,CCN(CC)CC
0.3000002,1.0,99.0,250.0,0.0,0.0,0.0,0.0,10.869565,0.65217394,180.0,24.0,CHA,CCN(CC)CC
0.09500003,0.8695648,99.0,250.0,0.0,0.0,0.0,0.0,25.38975,0.6013362,200.0,20.0,CHA,CCN(CC)CC
0.25,1.0,99.0,250.0,0.0,0.0,0.0,0.0,6.6666665,0.55555546,200.0,24.0,CHA,CCN(CC)CC
0.40000027,1.0,99.0,250.0,0.0,0.0,0.0,0.0,10.416667,0.6250001,0.0,0.0,CHA,CCN(CC)CC
0.40000027,1.0,99.0,250.0,0.0,0.0,0.0,0.0,10.416667,0.6250001,200.0,15.0,CHA,CCN(CC)CC
0.40000027,1.0,99.0,250.0,0.0,0.0,0.0,0.0,10.416667,0.6250001,200.0,15.0,CHA,CCN(CC)CC
0.40000027,1.0,99.0,250.0,0.0,0.0,0.0,0.0,10.416667,0.6250001,200.0,15.0,CHA,CCN(CC)CC
0.40000027,1.0,99.0,250.0,0.0,0.0,0.0,0.0,10.416667,0.6250001,200.0,15.0,CHA,CCN(CC)CC
0.3000002,1.0,99.0,250.0,0.0,0.0,0.0,0.0,10.869565,0.65217394,200.0,0.0,CHA,CCN(CC)CC
0.1,1.0,99.0,250.0,0.0,0.0,0.0,0.0,11.904761,0.7142858,200.0,24.0,CHA,CCN(CC)CC
0.09500003,0.8695648,99.0,250.0,0.0,0.0,0.0,0.0,25.38975,0.6013362,200.0,20.0,CHA,CCN(CC)CC
0.3,1.0,99.0,250.0,0.0,0.0,0.0,0.0,1.3043479,0.65217394,200.0,48.0,CHA,CCN(CC)CC
0.40000027,1.0,99.0,250.0,0.0,0.0,0.0,0.0,10.416667,0.6250001,200.0,24.0,CHA,CCN(CC)CC
0.5,1.25,99.0,250.0,0.0,0.0,0.0,0.0,10.869565,0.7608696,180.0,24.0,CHA,CCN(CC)CC
0.09500003,0.8695648,99.0,250.0,0.0,0.0,0.0,0.0,25.38975,0.6013362,200.0,20.0,CHA,CCN(CC)CC
0.21999995,0.90909094,99.0,250.0,0.0,0.0,0.0,0.0,7.543104,0.4849138,165.0,40.0,CHA,CCN(CC)CC
0.2,1.0,99.0,250.0,0.0,0.0,0.0,0.0,18.181818,0.68181837,200.0,15.0,CHA,CCN(CC)CC
0.21999995,0.90909106,99.0,250.0,0.0,0.0,0.0,0.0,7.543104,0.4956896,165.0,33.000008,CHA,CCN(CC)CC
0.5952379,0.63157874,99.0,250.0,0.0037452567,0.0,0.0,0.003745402,26.779028,0.4868914,200.0,48.0,CHA,CCN(CC)CC
0.5952379,0.63157874,99.0,250.0,0.009363262,0.0,0.0,0.009363058,26.779028,0.4868914,200.0,48.0,CHA,CCN(CC)CC
0.5952379,0.63157874,99.0,250.0,0.028089924,0.0,0.0,0.028090285,26.779028,0.4868914,200.0,48.0,CHA,CCN(CC)CC
0.5952379,0.63157874,99.0,250.0,0.037453208,0.0,0.0,0.037453644,26.779028,0.4868914,200.0,48.0,CHA,CCN(CC)CC
0.5952379,0.63157874,99.0,250.0,0.018726561,0.0,0.0,0.018726671,26.779028,0.4868914,200.0,48.0,CHA,CCN(CC)CC
0.3000002,1.0,99.0,250.0,0.0,0.0,0.0,0.0,10.869565,0.65217394,200.0,24.0,CHA,CCN(CC)CC
0.40000027,1.0,99.0,250.0,0.0,0.0,0.0,0.0,10.416667,0.6250001,200.0,24.0,CHA,CCN(CC)CC
0.40000027,1.0,99.0,250.0,0.0,0.0,0.0,0.0,10.416667,0.6250001,200.0,24.0,CHA,CCN(CC)CC
0.3000002,1.0,99.0,250.0,0.0,0.0,0.0,0.0,10.869565,0.65217394,200.0,15.0,CHA,CCN(CC)CC
0.3,1.0,99.0,250.0,0.0,0.0,0.0,0.0,10.869565,0.65217394,200.0,15.0,CHA,CCN(CC)CC
0.15,1.1111112,99.0,250.0,0.0,0.0,0.0,0.0,3.8292685,1.7073196,160.0,18.0,CHA,CCN(CC)CC
0.15,1.1111112,99.0,250.0,0.0,0.0,0.0,0.0,3.8292685,1.7073196,160.0,24.0,CHA,CCN(CC)CC
0.15,1.1111112,99.0,250.0,0.0,0.0,0.0,0.0,3.8292685,1.7073196,160.0,29.999996,CHA,CCN(CC)CC
0.15,1.1111112,99.0,250.0,0.0,0.0,0.0,0.0,3.8292685,1.7073196,160.0,48.0,CHA,CCN(CC)CC
0.3,1.0,99.0,250.0,0.0,0.0,0.0,0.0,15.217391,1.3043479,200.0,14.0,CHA,CCN(CC)CC
0.3,1.25,99.0,250.0,0.0,0.0,0.0,0.0,11.904761,0.7142858,200.0,120.0,CHA,CCN(CC)CC
0.5,1.1764691,99.0,250.0,0.0,0.0,0.0,0.0,12.765958,0.31914893,200.0,29.999996,CHA,CCN(CC)CC
0.15,1.0,99.0,250.0,0.0,0.0,0.0,0.0,12.790698,0.8139536,112.34187,149.21672,CHA,CCN(CC)CC
0.0,1.0,0.0,0.0,0.0,0.0,0.0,0.0,12.5,0.87499994,200.0,0.5,CHA,CCN(CC)CC
0.0,1.25,0.0,0.0,0.0,0.0,0.0,0.0,13.308491,0.93159455,190.0,96.0,CHA,CCN(CC)CC
0.12500007,1.0,99.0,250.0,0.0,0.0,0.0,0.0,15.294116,0.47058824,200.0,24.0,CHA,CCN(CC)CC
0.12500007,1.0,99.0,250.0,0.0,0.0,0.0,0.0,15.294116,0.44705886,200.0,24.0,CHA,CCN(CC)CC
0.12500007,1.0,99.0,250.0,0.0,0.0,0.0,0.0,15.294116,0.42352936,200.0,24.0,CHA,CCN(CC)CC
0.12500007,1.0,99.0,250.0,0.0,0.0,0.0,0.0,15.294116,0.4,200.0,24.0,CHA,CCN(CC)CC
0.12500007,1.0,99.0,250.0,0.0,0.0,0.0,0.0,15.294116,0.32941177,200.0,24.0,CHA,CCN(CC)CC
0.2,0.90909094,99.0,250.0,0.0,0.0,0.0,0.41304377,15.21739,1.0217396,200.0,24.0,CHA,CCN(CC)CC
0.2,0.90909094,99.0,250.0,0.0,0.0,0.0,0.41304377,15.217391,0.9478261,200.0,24.0,CHA,CCN(CC)CC
0.2,0.90909094,99.0,250.0,0.0,0.0,0.0,0.41304377,15.217391,0.8956519,200.0,24.0,CHA,CCN(CC)CC
0.20000005,0.90909094,99.0,250.0,0.0,0.0,0.0,0.41304377,15.217391,0.85000026,200.0,24.0,CHA,CCN(CC)CC
0.31249982,0.8,99.0,250.0,0.0,0.0,0.0,0.0,12.195124,0.48780483,120.0,48.0,CHA,CCN(CC)CC
0.31249982,0.8,99.0,250.0,0.0,0.0,0.0,0.0,12.195124,0.48780483,120.0,48.0,CHA,CCN(CC)CC
0.31249982,0.8,99.0,250.0,0.0,0.0,0.0,0.0,12.195124,0.43902442,120.0,48.0,CHA,CCN(CC)CC
0.12500007,0.8,99.0,250.0,0.0,0.0,0.0,0.0,13.157894,0.4736841,120.0,96.0,CHA,CCN(CC)CC
0.093749866,0.8,99.0,250.0,0.0,0.0,0.0,0.0,13.333333,0.48,120.0,96.0,CHA,CCN(CC)CC
0.06250002,0.8,99.0,250.0,0.0,0.0,0.0,0.0,13.513514,0.4864865,120.0,96.0,CHA,CCN(CC)CC
0.18749997,0.8,99.0,250.0,0.0,0.0,0.0,0.0,12.820513,0.46153846,120.0,48.0,CHA,CCN(CC)CC
0.1000001,1.0,99.0,250.0,0.0,0.0,0.0,0.0,11.904761,0.71428573,200.0,48.0,CHA,CCN(CC)CC
0.1000001,1.0,99.0,250.0,0.0,0.0,0.0,0.0,11.904761,0.71428573,200.0,48.0,CHA,CCN(CC)CC
0.3000002,1.0,99.0,250.0,0.0,0.0,0.0,0.0,10.869565,0.65217394,200.0,72.0,CHA,CCN(CC)CC
0.17647055,0.85,99.0,250.0,0.0,0.0,0.0,0.0,23.849998,0.87499994,194.99991,168.0,CHA,CCN(CC)CC
0.17647055,0.85,99.0,250.0,0.0,0.0,0.0,0.0,23.849998,0.75,200.0,120.0,CHA,CCN(CC)CC
0.3000002,1.0,99.0,250.0,0.0,0.0,0.0,0.0,10.869565,0.65217394,200.0,96.0,CHA,CCN(CC)CC
0.0,0.36000013,0.0,0.0,0.0,0.0,0.0,0.0,17.647058,0.63602936,170.0,456.72086,CHA,CCN(CC)CC
0.0,0.3000005,0.0,0.0,0.0,0.0,0.0,0.0,8.846153,0.4230769,170.0,227.4936,CHA,CCN(CC)CC
0.0,0.8,0.0,0.0,0.0,0.0,0.0,0.0,20.833336,0.2777778,170.0,24.0,CHA,CCN(CC)CC
0.0,0.8,0.0,0.0,0.0,0.0,0.0,0.0,41.666664,0.55555546,170.0,24.0,CHA,CCN(CC)CC
0.0,0.8,0.0,0.0,0.0,0.0,0.0,0.0,41.666664,0.55555546,170.0,24.0,CHA,CCN(CC)CC
0.0,0.8,0.0,0.0,0.0,0.0,0.0,0.0,41.666664,0.55555546,170.0,24.0,CHA,CCN(CC)CC
0.0,0.8,0.0,0.0,0.0,0.0,0.0,0.0,83.33329,1.1111118,170.0,24.0,CHA,CCN(CC)CC
0.25,0.8,99.0,250.0,0.0,0.0,0.0,0.0,37.5,0.5,170.0,24.0,CHA,CCN(CC)CC
0.15,1.0,99.0,250.0,0.0,0.0,0.0,0.0,11.627906,0.8139536,200.0,48.0,CHA,CCN(CC)CC
400.0,0.0,99.0,250.0,0.0,0.0,0.0,0.5,13.0,0.5,150.0,192.0,IFO,CC[n+]1ccn(C)c1C
11.11111,1.7179967,99.0,250.0,0.09174311,0.0,0.2752294,0.0,4.587156,0.18348624,150.0,216.0,AEI,CC[P+](CC)(CC)CC
16.0,1.7179967,99.0,250.0,0.047058854,0.0,0.23529416,0.0,4.7058825,0.18823528,150.0,168.0,AEI,CC[P+](CC)(CC)CC
16.0,1.7179967,99.0,250.0,0.1882353,0.0,0.3764706,0.0,4.7058825,0.18823528,150.0,168.0,AEI,CC[P+](CC)(CC)CC
16.0,1.7179967,99.0,250.0,0.09411764,0.0,0.3764706,0.0,7.0588236,0.282353,150.0,168.0,AEI,CC[P+](CC)(CC)CC
17.000004,1.7179967,99.0,250.0,0.09444443,0.0,0.18888888,0.0,4.7222223,0.18888889,150.0,168.0,AEI,CC[P+](CC)(CC)CC
17.000004,1.7179967,99.0,250.0,0.09444443,0.0,0.18888888,0.0,4.7222223,0.18888889,150.0,168.0,AEI,CC[P+](CC)(CC)CC
17.000004,1.7179967,99.0,250.0,0.09444443,0.0,0.28333333,0.0,4.7222223,0.28333327,150.0,168.0,AEI,CC[P+](CC)(CC)CC
30.0,1.7179967,99.0,250.0,0.09677418,0.0,0.29032257,0.0,4.83871,0.2903226,150.0,168.0,AEI,CC[P+](CC)(CC)CC
30.0,1.7179967,99.0,250.0,0.09677418,0.0,0.29032257,0.0,4.83871,0.2903226,150.0,168.0,AEI,CC[P+](CC)(CC)CC
30.0,1.7179967,99.0,250.0,0.14516132,0.0,0.0,0.048387196,4.83871,0.2903226,150.0,168.0,AEI,CC[P+](CC)(CC)CC
30.0,1.7179967,99.0,250.0,0.19354838,0.0,0.0,0.09677413,4.83871,0.2903226,150.0,168.0,AEI,CC[P+](CC)(CC)CC
30.0,1.7179967,99.0,250.0,0.09677418,0.0,0.0,0.048387196,4.83871,0.2903226,150.0,168.0,AEI,CC[P+](CC)(CC)CC
30.0,1.7179967,99.0,250.0,0.09677418,0.0,0.0,0.09677413,4.83871,0.2903226,150.0,168.0,AEI,CC[P+](CC)(CC)CC
30.0,1.7179967,99.0,250.0,0.09677418,0.0,0.0,0.09677413,9.677419,0.2903226,150.0,168.0,AEI,CC[P+](CC)(CC)CC
66.99991,1.7179967,99.0,250.0,0.19705886,0.0,0.0,0.09852936,4.9264708,0.29558825,150.0,168.0,AEI,CC[P+](CC)(CC)CC
66.99991,1.7179967,99.0,250.0,0.0985294,0.0,0.0,0.09852936,4.9264708,0.29558825,150.0,168.0,AEI,CC[P+](CC)(CC)CC
66.99991,1.7179967,99.0,250.0,0.0985294,0.0,0.0,0.09852936,4.9264708,0.39411768,150.0,168.0,AEI,CC[P+](CC)(CC)CC
66.99991,1.7179967,99.0,250.0,0.0985294,0.0,0.0,0.09852936,9.8529415,0.39411768,150.0,168.0,AEI,CC[P+](CC)(CC)CC
66.99991,1.7179967,99.0,250.0,0.0985294,0.0,0.0,0.09852936,4.9264708,0.39411768,150.0,168.0,AEI,CC[P+](CC)(CC)CC
66.99991,1.7179967,99.0,250.0,0.0985294,0.0,0.0,0.09852936,4.9264708,0.39411768,150.0,168.0,AEI,CC[P+](CC)(CC)CC
16.666666,1.7179967,99.0,250.0,0.094339624,0.0,0.28301886,0.0,28.301884,0.18867926,0.0,0.0,SFV,CC[N+]1(CC)CC(C)CC(C)C1
40.0,1.7179967,99.0,250.0,0.0,0.0,0.0,0.0,0.0,0.0,160.0,452.93518,STF,CC[N+]1(C)C2CCCC1CCC2
70.0,1.7179967,99.0,250.0,0.0,0.0,0.0,0.0,0.0,0.0,170.0,557.09454,STF,CC[N+]1(C)C2CCCC1CCC2
100.0,1.7179967,99.0,250.0,0.0,0.0,0.0,0.0,0.0,0.0,170.0,284.61627,STF,CC[N+]1(C)C2CCCC1CCC2
300.0,1.7179967,99.0,250.0,0.0,0.0,0.0,0.0,0.0,0.0,160.0,138.67958,STF,CC[N+]1(C)C2CCCC1CCC2
400.0,0.0,99.0,60.000008,0.0,0.0,0.0,0.0,0.0,0.0,160.0,35.937946,STF,CC[N+]1(C)C2CCCC1CCC2
30.0,1.7179967,99.0,250.0,1.0935487,0.0,0.19354838,0.0,38.70968,0.09677419,160.0,168.0,MAZ,C[N+](C)(C)CCC[N+](C)(C)C
0.0,1.0,0.0,0.0,0.0,0.0,0.0,0.54,0.0,3.684998,160.0,2.0,CHA,Cc1ncc[nH]1
18.999998,1.7179967,99.0,250.0,0.0,0.0,0.0,0.5,4.0,0.5,175.0,264.0,FER,Cn1cc[n+](C)c1
10.0,1.7179967,99.0,250.0,0.0,0.0,0.0,0.45454556,4.5454545,0.45454547,175.0,336.0,FER,Cn1cc[n+](C)c1
10.0,1.7179967,99.0,250.0,0.0,0.0,0.0,1.25,4.5454545,0.45454547,175.0,336.0,FER,Cn1cc[n+](C)c1
400.0,0.0,2.0,250.0,0.0,0.0,0.0,0.1,3.0,0.25,175.0,336.0,BEC,C[N+](C)(C)CCCCCC[N+](C)(C)C
400.0,0.0,2.0,13.33334,0.0,0.0,0.0,0.09523812,2.857143,0.23809524,175.0,336.0,BEC,C[N+](C)(C)CCCCCC[N+](C)(C)C
400.0,0.0,2.0,250.0,0.0,0.0,0.0,0.29999983,3.0,0.25,175.0,336.0,BEC,C[N+](C)(C)CCCCCC[N+](C)(C)C
400.0,0.0,2.0,13.33334,0.0,0.0,0.0,0.28571427,2.857143,0.23809524,175.0,336.0,BEC,C[N+](C)(C)CCCCCC[N+](C)(C)C
400.0,0.0,2.0,250.0,0.0,0.0,0.0,0.5,3.0,0.25,175.0,336.0,BEC,C[N+](C)(C)CCCCCC[N+](C)(C)C
400.0,0.0,2.0,13.33334,0.0,0.0,0.0,0.47619048,2.857143,0.23809524,175.0,336.0,BEC,C[N+](C)(C)CCCCCC[N+](C)(C)C
13.333333,1.7179967,2.0,250.0,0.0,0.0,0.0,0.47619048,2.857143,0.23809524,175.0,336.0,BEC,C[N+](C)(C)CCCCCC[N+](C)(C)C
400.0,0.0,5.0,250.0,0.0,0.0,0.0,0.10000002,3.0,0.25,175.0,336.0,BEC,C[N+](C)(C)CCCCCC[N+](C)(C)C
400.0,0.0,5.0,16.666668,0.0,0.0,0.0,0.0952381,2.857143,0.23809524,175.0,336.0,BEC,C[N+](C)(C)CCCCCC[N+](C)(C)C
400.0,0.0,5.0,250.0,0.0,0.0,0.0,0.29999983,3.0,0.25,175.0,336.0,BEC,C[N+](C)(C)CCCCCC[N+](C)(C)C
400.0,0.0,5.0,250.0,0.0,0.0,0.0,0.5,3.0,0.25,175.0,336.0,BEC,C[N+](C)(C)CCCCCC[N+](C)(C)C
16.666666,1.7179967,5.0,250.0,0.0,0.0,0.0,0.47619054,2.857143,0.23809524,175.0,336.0,BEC,C[N+](C)(C)CCCCCC[N+](C)(C)C
400.0,0.0,14.925346,250.0,0.0,0.0,0.0,0.5,3.0,0.25,175.0,336.0,BEC,C[N+](C)(C)CCCCCC[N+](C)(C)C
400.0,0.0,10.0,250.0,0.0,0.0,0.0,0.49950048,4.995005,0.24975026,175.0,336.0,BEC,C[N+](C)(C)CCCCCC[N+](C)(C)C
400.0,0.0,10.0,250.0,0.0,0.0,0.0,0.39960045,4.995005,0.24975026,175.0,336.0,BEC,C[N+](C)(C)CCCCCC[N+](C)(C)C
400.0,0.0,10.0,250.0,0.0,0.0,0.0,0.29970038,4.995005,0.24975026,175.0,336.0,BEC,C[N+](C)(C)CCCCCC[N+](C)(C)C
400.0,0.0,10.0,250.0,0.0,0.0,0.0,0.19980034,4.995005,0.24975026,175.0,336.0,BEC,C[N+](C)(C)CCCCCC[N+](C)(C)C
400.0,0.0,10.0,250.0,0.0,0.0,0.0,0.09990009,4.995005,0.24975026,175.0,336.0,BEC,C[N+](C)(C)CCCCCC[N+](C)(C)C
400.0,0.0,10.0,250.0,0.0,0.0,0.0,0.06993013,4.995005,0.24975026,175.0,336.0,BEC,C[N+](C)(C)CCCCCC[N+](C)(C)C
400.0,0.0,5.0180693,250.0,0.0,0.0,0.50050044,0.0,2.002002,0.25025022,175.0,336.0,BEC,C[N+](C)(C)CCCCCC[N+](C)(C)C
400.0,0.0,14.992503,250.0,0.0,0.0,0.0,0.4687354,4.6873536,0.23436768,175.0,336.0,BEC,C[N+](C)(C)CCCCCC[N+](C)(C)C
400.0,0.0,10.0,250.0,0.0,0.0,0.0,0.45454556,4.5454545,0.22727273,175.0,336.0,BEC,C[N+](C)(C)CCCCCC[N+](C)(C)C
400.0,0.0,5.0,250.0,0.0,0.0,0.0,0.4166669,4.166666,0.20833336,175.0,336.0,BEC,C[N+](C)(C)CCCCCC[N+](C)(C)C
400.0,0.0,3.0303059,250.0,0.0,0.0,0.0,0.3759398,3.7593982,0.18796991,175.0,336.0,BEC,C[N+](C)(C)CCCCCC[N+](C)(C)C
400.0,0.0,3.0303059,250.0,0.0,0.0,0.0,0.3759398,3.7593982,0.18796991,175.0,336.0,BEC,C[N+](C)(C)CCCCCC[N+](C)(C)C
400.0,0.0,2.0,250.0,0.0,0.0,0.0,0.0,3.1250005,0.15625,175.0,336.0,BEC,C[N+](C)(C)CCCCCC[N+](C)(C)C
400.0,0.0,99.0,250.0,0.0,0.0,0.0,0.0,4.5454545,0.22727273,175.0,336.0,BEC,C[N+](C)(C)CCCCCC[N+](C)(C)C
400.0,0.0,1.9819819,250.0,0.0,0.0,0.0,0.5035246,3.0211477,0.25176233,175.0,336.0,BEC,C[N+](C)(C)CCCCCC[N+](C)(C)C
400.0,0.0,4.9988003,250.0,0.0,0.0,0.0,0.5,3.0,0.25,175.0,336.0,BEC,C[N+](C)(C)CCCCCC[N+](C)(C)C
400.0,0.0,1.9819819,13.2,0.0,0.0,0.0,0.47938648,2.8763182,0.2396932,175.0,336.0,BEC,C[N+](C)(C)CCCCCC[N+](C)(C)C
400.0,0.0,2.575758,250.0,0.0,0.0,0.0,0.4237287,1.6949147,0.21186435,180.0,6.0,BEC,C[N+](C)(C)CCCCCC[N+](C)(C)C
400.0,0.0,2.575758,250.0,0.0,0.0,0.0,0.4237287,1.6949147,0.21186435,180.0,144.0,BEC,C[N+](C)(C)CCCCCC[N+](C)(C)C
400.0,0.0,2.0,250.0,0.0,0.0,0.0,0.10000002,3.0,0.25,175.0,120.0,BEC,C[N+](C)(C)CCCCCC[N+](C)(C)C
400.0,0.0,2.0,13.33334,0.0,0.0,0.0,0.09523812,2.857143,0.23809524,175.0,120.0,BEC,C[N+](C)(C)CCCCCC[N+](C)(C)C
400.0,0.0,2.0,250.0,0.0,0.0,0.0,0.29999983,3.0,0.25,175.0,120.0,BEC,C[N+](C)(C)CCCCCC[N+](C)(C)C
400.0,0.0,2.0,13.33334,0.0,0.0,0.0,0.28571427,2.857143,0.23809524,175.0,120.0,BEC,C[N+](C)(C)CCCCCC[N+](C)(C)C
400.0,0.0,2.0,250.0,0.0,0.0,0.0,0.5,3.0,0.25,175.0,120.0,BEC,C[N+](C)(C)CCCCCC[N+](C)(C)C
400.0,0.0,2.0,13.33334,0.0,0.0,0.0,0.47619048,2.857143,0.23809524,175.0,120.0,BEC,C[N+](C)(C)CCCCCC[N+](C)(C)C
13.333333,1.7179967,2.0,250.0,0.0,0.0,0.0,0.47619048,2.857143,0.23809524,175.0,120.0,BEC,C[N+](C)(C)CCCCCC[N+](C)(C)C
400.0,0.0,5.0,250.0,0.0,0.0,0.0,0.1,3.0,0.25,175.0,120.0,BEC,C[N+](C)(C)CCCCCC[N+](C)(C)C
400.0,0.0,5.0,16.666668,0.0,0.0,0.0,0.09523812,2.857143,0.23809524,175.0,120.0,BEC,C[N+](C)(C)CCCCCC[N+](C)(C)C
400.0,0.0,5.0,250.0,0.0,0.0,0.0,0.29999983,3.0,0.25,175.0,120.0,BEC,C[N+](C)(C)CCCCCC[N+](C)(C)C
400.0,0.0,5.0,250.0,0.0,0.0,0.0,0.5,3.0,0.25,175.0,120.0,BEC,C[N+](C)(C)CCCCCC[N+](C)(C)C
16.666666,1.7179967,5.0,250.0,0.0,0.0,0.0,0.47619054,2.857143,0.23809524,175.0,120.0,BEC,C[N+](C)(C)CCCCCC[N+](C)(C)C
400.0,0.0,15.0,250.0,0.0,0.0,0.0,0.5,3.0,0.25,175.0,120.0,BEC,C[N+](C)(C)CCCCCC[N+](C)(C)C
8.0,1.7179967,99.0,250.0,0.044444468,0.0,0.5777777,0.0,4.4444447,0.5333333,125.0,168.0,FAU,C[P+](C)(C)C
1.0,1.7179967,99.0,250.0,0.0,0.7500002,0.76,0.0,200.0,1.0,100.0,672.0,Dense/Amorphous,CC[N+](CC)(CC)CCC[N+](CC)(CC)CC
60.0,1.7179967,99.0,250.0,0.59016395,0.0,0.7868852,0.0,39.34426,0.09836066,160.0,168.0,Dense/Amorphous,CC[N+](CC)(CC)CCC[N+](CC)(CC)CC
400.0,0.0,99.0,250.0,0.6,0.0,0.79999995,0.0,40.0,0.1,160.0,168.0,Dense/Amorphous,CC[N+](CC)(CC)CCC[N+](CC)(CC)CC
30.0,1.7179967,99.0,250.0,0.19354838,0.0,0.38709676,0.0,38.70968,0.09677419,160.0,168.0,Dense/Amorphous,CC[N+](CC)(CC)CCC[N+](CC)(CC)CC
400.0,0.0,0.80000114,250.0,0.0,0.0,0.0,1.25,50.0,6.097583,170.0,48.0,MFI,CCN(CC)CCN
0.0,1.0,0.0,0.0,0.0,0.0,0.0,0.0,13.749999,0.125,175.0,72.0,CHA,C1CN[C@H](CN2CCCC2)C1
400.0,0.0,0.66666704,250.0,0.0,0.0,0.0,0.0,0.6,0.2,150.0,360.0,IRR,Cc1ccc(Cn2cc[n+](C)c2)cc1
400.0,0.0,0.66666704,250.0,0.0,0.0,0.0,0.0,1.1999993,0.2,150.0,360.0,IRR,Cc1ccc(Cn2cc[n+](C)c2)cc1
33.249996,1.7179967,99.0,250.0,0.5839416,0.0,0.35620436,0.0,21.313868,0.54014605,160.0,96.0,Dense/Amorphous,C1CCNC1
33.249996,1.7179967,99.0,250.0,0.5839416,0.0,0.35620436,0.0,21.313868,0.54014605,160.0,96.0,Dense/Amorphous,C1CCNC1
14.992504,1.7179967,99.0,250.0,0.0,0.0,0.0,0.5249836,14.06206,0.5249836,180.0,336.0,Dense/Amorphous,C1CCNC1
14.992504,1.7179967,99.0,250.0,0.0,0.0,0.0,0.5249836,14.06206,0.46873534,180.0,336.0,Dense/Amorphous,C1CCNC1
30.03003,1.7179967,99.0,250.0,0.0,0.0,0.0,0.54195315,14.516598,0.5419529,180.0,336.0,Dense/Amorphous,C1CCNC1
30.03003,1.7179967,99.0,250.0,0.0,0.0,0.0,0.54195315,14.516598,0.48388654,180.0,336.0,Dense/Amorphous,C1CCNC1
14.084507,1.7179967,99.0,250.0,0.28944913,0.0,0.0,0.0,37.348278,0.093370676,120.0,96.0,Dense/Amorphous,C1CCNC1
14.084507,1.7179967,99.0,250.0,0.19607843,0.0,0.0,0.0,37.348278,0.28011206,120.0,96.0,Dense/Amorphous,C1CCNC1
50.0,1.7179967,99.0,250.0,0.08137253,0.0,0.065098025,0.0,44.117645,0.09803922,180.0,144.0,Dense/Amorphous,C1CCNC1
50.0,1.7179967,99.0,250.0,0.08137253,0.0,0.065098025,0.0,44.117645,0.06862747,180.0,144.0,Dense/Amorphous,C1CCNC1
50.0,1.7179967,99.0,250.0,0.08137253,0.0,0.065098025,0.0,44.117645,0.980392,180.0,48.0,Dense/Amorphous,C1CCNC1
50.0,1.7179967,99.0,250.0,0.08137253,0.0,0.065098025,0.0,44.117645,1.4705887,180.0,48.0,Dense/Amorphous,C1CCNC1
10.0,1.7179967,99.0,250.0,0.14545462,0.0,0.11636365,0.0,18.181818,0.54545444,180.0,15.0,Dense/Amorphous,C1CCNC1
10.0,1.7179967,99.0,250.0,0.14545462,0.0,0.11636365,0.0,18.181818,0.54545444,180.0,29.999996,Dense/Amorphous,C1CCNC1
40.0,1.7179967,99.0,250.0,0.0,0.0,0.0,0.0,0.0,0.0,160.0,709.3474,ITE,CC[N+]1(CC)CCCC2CC1C2(C)C
5.0,1.7179967,99.0,250.0,0.1,0.0,0.6666667,0.0,16.666666,0.33333334,150.0,168.0,PHI,C[N+](C)(C)CCO
5.0,1.7179967,99.0,250.0,0.099999994,0.0,0.33333334,0.0,16.666666,0.3333333,150.0,168.0,PHI,C[N+](C)(C)CCO
30.0,1.7179967,99.0,250.0,0.023548411,0.0,0.02354835,0.0,38.70968,0.14516129,160.0,240.0,TUN,BrCCCCBr
30.0,1.7179967,99.0,250.0,0.023548411,0.0,0.02354835,0.0,38.70968,0.14516129,160.0,144.0,TUN,BrCCCCBr
10.0,1.7179967,99.0,250.0,0.0,0.0,0.0,0.9090915,4.5454545,0.22727273,175.0,336.0,PWW,Cc1cn(C)[n+](CCCC[n+]2cc(C)cn2C)c1
400.0,0.0,99.0,25.0,0.09615383,0.0,0.23076922,0.0,57.692307,0.23076922,150.0,600.0,CON,CC1(C)[C@H]2CC[C@@H](C[N+](C)(C)C)[C@@H]1C2
400.0,0.0,99.0,25.0,0.09615383,0.0,0.23076922,0.0,57.692307,0.23076922,150.0,528.0,CON,CC1(C)[C@H]2CC[C@@H](C[N+](C)(C)C)[C@@H]1C2
0.0,0.0,0.0,0.0,0.0,0.0,0.0,0.0,200.0,0.0,0.0,0.0,CON,CC1(C)[C@H]2CC[C@@H](C[N+](C)(C)C)[C@@H]1C2
100.0,1.7179967,99.0,25.0,0.09523809,0.0,0.17142858,0.0,57.142853,0.1904762,170.0,504.0,CON,CC1(C)[C@H]2CC[C@@H](C[N+](C)(C)C)[C@@H]1C2
150.0,1.7179967,99.0,25.0,0.09554139,0.0,0.17197452,0.0,57.324825,0.1910828,170.0,504.0,CON,CC1(C)[C@H]2CC[C@@H](C[N+](C)(C)C)[C@@H]1C2
195.6521,1.7179967,99.0,25.0,0.09568362,0.0,0.17223045,0.0,57.410152,0.19136721,170.0,504.0,CON,CC1(C)[C@H]2CC[C@@H](C[N+](C)(C)C)[C@@H]1C2
97.826004,1.7179967,99.0,24.999987,0.09521795,0.0,0.17139228,0.0,57.130783,0.19043589,170.0,384.0,CON,CC1(C)[C@H]2CC[C@@H](C[N+](C)(C)C)[C@@H]1C2
204.5464,1.7179967,99.0,25.0,0.09570394,0.0,0.17226714,0.0,57.42239,0.1914079,170.0,384.0,CON,CC1(C)[C@H]2CC[C@@H](C[N+](C)(C)C)[C@@H]1C2
204.5464,1.7179967,99.0,25.0,0.09570394,0.0,0.17226714,0.0,19.140793,0.1914079,200.0,480.0,CON,CC1(C)[C@H]2CC[C@@H](C[N+](C)(C)C)[C@@H]1C2
400.0,0.0,99.0,25.0,0.09615383,0.0,0.17000003,0.0,57.692307,0.1923077,150.0,504.0,CON,CC1(C)[C@H]2CC[C@@H](C[N+](C)(C)C)[C@@H]1C2
333.33057,1.7179967,99.0,10.000007,0.09066184,0.0,0.0,0.0,27.198547,0.18132365,170.0,168.0,CON,CC1(C)[C@H]2CC[C@@H](C[N+](C)(C)C)[C@@H]1C2
400.0,0.0,99.0,10.0,0.09057969,0.0,0.0,0.0,27.173914,0.1811594,170.0,168.0,CON,CC1(C)[C@H]2CC[C@@H](C[N+](C)(C)C)[C@@H]1C2
400.0,0.0,99.0,10.0,0.09060433,0.0,0.0,0.0,27.181301,0.18120867,170.0,168.0,CON,CC1(C)[C@H]2CC[C@@H](C[N+](C)(C)C)[C@@H]1C2
400.0,0.0,99.0,10.0,0.090637185,0.0,0.0,0.0,27.191149,0.18127432,170.0,168.0,CON,CC1(C)[C@H]2CC[C@@H](C[N+](C)(C)C)[C@@H]1C2
400.0,0.0,99.0,0.029999854,0.970874,0.0,0.0,0.0,200.0,1.9417456,170.0,132.0,CON,CC1(C)[C@H]2CC[C@@H](C[N+](C)(C)C)[C@@H]1C2
400.0,0.0,99.0,0.029999854,0.970874,0.0,0.0,0.0,200.0,1.9417456,170.0,144.0,CON,CC1(C)[C@H]2CC[C@@H](C[N+](C)(C)C)[C@@H]1C2
400.0,0.0,99.0,0.029999854,0.970874,0.0,0.0,0.0,200.0,1.9417456,170.0,168.0,CON,CC1(C)[C@H]2CC[C@@H](C[N+](C)(C)C)[C@@H]1C2
400.0,0.0,99.0,24.999987,0.09615385,0.0,0.2884615,0.0,57.692307,0.1923077,150.0,672.0,CON,CC1(C)[C@H]2CC[C@@H](C[N+](C)(C)C)[C@@H]1C2
400.0,0.0,99.0,250.0,0.1,0.0,0.25,0.0,45.000004,0.25,170.0,336.0,MTW,C1CCC[N+]2(CC1)CCCCC2
100.0,1.7179967,99.0,250.0,0.049504947,0.0,0.24752475,0.0,44.554455,0.24752475,170.0,336.0,MTW,C1CCC[N+]2(CC1)CCCCC2
50.0,1.7179967,99.0,250.0,0.09803922,0.0,0.24509805,0.0,44.117645,0.24509804,170.0,336.0,MTW,C1CCC[N+]2(CC1)CCCCC2
100.0,1.7179967,99.0,250.0,0.049504947,0.0,0.24752475,0.0,44.554455,0.24752475,170.0,336.0,MTW,C1CCC[N+]2(CC1)CCCCC2
50.0,1.7179967,99.0,250.0,0.09803922,0.0,0.24509805,0.0,44.117645,0.24509804,170.0,336.0,MTW,C1CCC[N+]2(CC1)CCCCC2
400.0,0.0,99.0,250.0,0.1,0.0,0.25,0.0,45.000004,0.25,170.0,336.0,MTW,C1CCC[N+]2(CC1)CCCCC2
100.0,1.7179967,99.0,250.0,0.049504947,0.0,0.24752475,0.0,44.554455,0.24752475,170.0,336.0,MTW,C1CCC[N+]2(CC1)CCCCC2
50.0,1.7179967,99.0,250.0,0.09803922,0.0,0.24509805,0.0,44.117645,0.24509804,170.0,336.0,MTW,C1CCC[N+]2(CC1)CCCCC2
400.0,0.0,99.0,250.0,0.0,0.19999991,0.2,0.0,41.999996,0.2,160.0,168.0,MRE,CCCCCC[N+](C)(C)C
71.428566,1.7179967,99.0,250.0,0.09861933,0.0,0.295858,0.0,29.5858,0.19723865,150.0,226.10681,BEA,CC(C)Cn1cc[n+](CC(C)C)c1
400.0,0.0,99.0,250.0,0.0,0.0,0.2,0.0,3.5,0.2,175.0,104.26329,BEA,CC(C)Cn1cc[n+](CC(C)C)c1
62.5,1.7179967,99.0,250.0,0.0,0.19685036,0.15748031,0.0,41.33858,0.19685039,160.0,204.0,MTT,CC(C)NCCN(C)C
10.0,1.7179967,99.0,250.0,0.0,0.0,0.4090909,0.0,13.636362,0.409091,175.0,168.0,MOR,CCC[N+](C)(C)CCC
10.0,1.7179967,99.0,250.0,0.0,0.0,0.4090909,0.0,13.636362,0.409091,175.0,336.0,MOR,CCC[N+](C)(C)CCC
90.9089,1.7179967,99.0,250.0,0.13155307,0.0,0.15924826,0.0,17.571714,0.050445106,160.0,72.0,MTT,C[N+](C)(C)CCCCCCC[N+](C)(C)C
0.0,0.0,0.0,0.0,0.0,0.0,0.0,0.0,200.0,0.0,160.0,24.0,MTT,C[N+](C)(C)CCCCCCC[N+](C)(C)C
0.0,0.0,0.0,0.0,0.0,0.0,0.0,0.0,200.0,0.0,160.0,24.0,MTT,C[N+](C)(C)CCCCCCC[N+](C)(C)C
33.333332,1.7179967,99.0,250.0,0.0,0.19417475,0.38834953,0.0,40.7767,0.19417475,160.0,372.0,MTT,C[N+](C)(C)CCCCCCC[N+](C)(C)C
62.5,1.7179967,99.0,250.0,0.0,0.19685036,0.39370075,0.0,41.33858,0.19685039,160.0,204.0,MTT,C[N+](C)(C)CCCCCCC[N+](C)(C)C
16.666666,1.7179967,99.0,250.0,0.3018869,0.0,0.28301886,0.0,37.73584,0.14150944,160.0,335.00003,MTT,C[N+](C)(C)CCCCCCC[N+](C)(C)C
0.0,0.0,0.0,0.0,0.0,0.0,0.0,0.0,200.0,0.0,186.98885,207.4168,MTT,C[N+](C)(C)CCCCCCC[N+](C)(C)C
400.0,1.7179967,99.0,250.0,0.3331482,0.0,0.19988893,0.0,39.977787,0.099944465,160.0,168.0,MTT,C[N+](C)(C)CCCCCCC[N+](C)(C)C
400.0,0.0,99.0,250.0,0.3333333,0.0,0.2,0.0,40.0,0.1,160.0,168.0,MTT,C[N+](C)(C)CCCCCCC[N+](C)(C)C
400.0,0.0,99.0,250.0,0.6,0.0,0.2,0.0,40.0,0.1,160.0,168.0,MTT,C[N+](C)(C)CCCCCCC[N+](C)(C)C
30.0,1.7179967,99.0,250.0,0.3193548,0.0,0.19354838,0.0,38.70968,0.09677419,160.0,168.0,MTT,C[N+](C)(C)CCCCCCC[N+](C)(C)C
30.0,1.7179967,99.0,250.0,0.45483884,0.0,0.19354838,0.0,38.70968,0.09677419,160.0,168.0,MTT,C[N+](C)(C)CCCCCCC[N+](C)(C)C
45.0,1.7179967,99.0,250.0,0.097826086,0.0,0.39130434,0.0,39.130432,0.19565219,160.0,72.0,MTT,C[N+](C)(C)CCCCCCC[N+](C)(C)C
0.0,0.0,0.0,0.0,0.0,0.0,0.0,0.0,200.0,0.0,181.9315,203.20221,MTT,C[N+](C)(C)CCCCCCC[N+](C)(C)C
0.3,1.0,99.0,250.0,0.0,0.0,0.0,0.0,11.521739,0.4347826,100.0,24.0,CHA,CC[NH2+]CC
10.013223,1.7179967,99.0,250.0,0.0,0.0,0.0,0.7182692,5.6,0.27,160.0,336.0,SOD,C[N+]1(CCCCCC[N+]2(C)CCCC2)CCCC1
10.849998,1.7179967,99.0,250.0,0.5232068,0.0,0.5962025,0.0,24.767933,0.07299577,130.0,108.0,ITE,NCCNCCNCCNCCNCCN
10.849998,1.7179967,99.0,250.0,0.5232068,0.0,0.6143461,0.0,24.767933,0.09113924,130.0,108.0,ITE,NCCNCCNCCNCCNCCN
10.849998,1.7179967,99.0,250.0,0.5232068,0.0,0.6329117,0.0,24.767933,0.10970466,130.0,108.0,ITE,NCCNCCNCCNCCNCCN
10.849998,1.7179967,99.0,250.0,0.5232068,0.0,0.70590717,0.0,24.767933,0.18270041,130.0,108.0,ITE,NCCNCCNCCNCCNCCN
10.849998,1.7179967,99.0,250.0,0.4953588,0.0,0.6050634,0.0,24.767933,0.10970466,130.0,108.0,ITE,NCCNCCNCCNCCNCCN
10.849998,1.7179967,99.0,250.0,0.5232068,0.0,0.6329117,0.0,24.767933,0.10970466,130.0,108.0,ITE,NCCNCCNCCNCCNCCN
10.849998,1.7179967,99.0,250.0,0.55021095,0.0,0.6599154,0.0,24.767933,0.10970466,130.0,108.0,ITE,NCCNCCNCCNCCNCCN
10.849998,1.7179967,99.0,250.0,0.57805926,0.0,0.68776387,0.0,24.767933,0.10970466,130.0,108.0,ITE,NCCNCCNCCNCCNCCN
9.4,1.7179967,99.0,250.0,0.59615374,0.0,0.72115415,0.0,28.22115,0.125,130.0,108.0,ITE,NCCNCCNCCNCCNCCN
10.200006,1.7179967,99.0,250.0,0.5535714,0.0,0.66964275,0.0,26.205353,0.1160714,130.0,108.0,ITE,NCCNCCNCCNCCNCCN
10.849998,1.7179967,99.0,250.0,0.5232068,0.0,0.6329117,0.0,24.767933,0.10970466,130.0,108.0,ITE,NCCNCCNCCNCCNCCN
0.0,0.0,0.0,0.0,0.0,0.0,0.0,0.0,0.0,0.0,145.0359,92.17776,CGS,C1C[NH+]2CCC1CC2
