Si/Al,Al/P,Si/Ge,Si/B,Na/T,K/T,OH/T,F/T,H2O/T,sda1/T,cryst_temp,cryst_time,zeo,osda
400.0,0.0,3.1766174,250.0,0.0,0.0,0.0,0.25081617,4.4835057,0.25,175.0,336.0,BEC,C[N+](C)(C)CCCCCC[N+](C)(C)C
400.0,0.0,5.0,250.0,0.0,0.0,0.0,0.5,4.6873536,0.25,175.0,336.0,BEC,C[N+](C)(C)CCCCCC[N+](C)(C)C
400.0,0.0,15.0,250.0,0.0,0.0,0.0,0.0,4.7887793,0.19352327,175.0,336.0,BEC,C[N+](C)(C)CCCCCC[N+](C)(C)C
400.0,0.0,10.001101,63.494045,0.0,0.0,0.0,0.48,4.0,0.23809524,175.0,336.0,BEC,C[N+](C)(C)CCCCCC[N+](C)(C)C
400.0,0.0,99.0,250.0,0.0,0.0,0.0,0.5,8.333333,0.27109694,140.0,131.25864,BEC,C[N+](C)(C)CCCCCC[N+](C)(C)C
400.0,0.0,99.0,250.0,0.0,0.0,0.0,0.0,5.480685,0.25,175.0,360.0,BEC,C[N+](C)(C)CCCCCC[N+](C)(C)C
400.0,0.0,99.0,250.0,0.0,0.0,0.0,0.6419391,6.730769,0.25,135.0,360.0,BEC,C[N+](C)(C)CCCCCC[N+](C)(C)C
400.0,0.0,99.0,250.0,0.0,0.0,0.0,0.5957598,7.3040085,0.3,135.0,96.0,BEC,C[N+](C)(C)CCCCCC[N+](C)(C)C
50.0,1.7179967,15.0,250.0,0.0,0.0,0.0,0.5,4.5454545,0.23809524,180.0,48.0,BEC,C[N+](C)(C)CCCCCC[N+](C)(C)C
400.0,0.0,10.000984,250.0,0.0,0.0,0.0,0.09932345,4.762222,0.25,175.0,336.0,BEC,C[N+](C)(C)CCCCCC[N+](C)(C)C
40.0,1.7179967,99.0,250.0,0.0,0.0,0.0,0.469211,5.0,0.25,150.0,0.0,BEC,C[N+](C)(C)CCCCCC[N+](C)(C)C
400.0,0.0,10.001101,250.0,0.0,0.0,0.0,0.5,7.3025556,0.27023205,140.0,24.0,BEC,C[N+](C)(C)CCCCCC[N+](C)(C)C
400.0,0.0,99.0,250.0,0.0,0.0,0.0,0.0,8.0,1.0,130.0,288.0,BEC,C[N+](C)(C)CCCCCC[N+](C)(C)C
400.0,0.0,10.0,250.0,0.0,0.0,0.0,0.5,6.6666665,0.26433456,135.0,16.0,BEC,C[N+](C)(C)CCCCCC[N+](C)(C)C
30.0,1.7179967,10.0,250.0,0.0,0.0,0.0,0.5,4.2329793,0.24509804,160.0,336.0,BEC,C[N+](C)(C)CCCCCC[N+](C)(C)C
400.0,0.0,10.001101,250.0,0.0,0.0,0.0,0.5415905,6.1148276,0.2877659,135.0,24.0,BEC,C[N+](C)(C)CCCCCC[N+](C)(C)C
400.0,0.0,99.0,250.0,0.0,0.0,0.0,0.50041443,7.3500676,0.27272728,135.0,336.0,BEC,C[N+](C)(C)CCCCCC[N+](C)(C)C
400.0,0.0,10.0,250.0,0.0,0.0,0.0,0.0,4.622521,0.25,175.0,259.87808,BEC,C[N+](C)(C)CCCCCC[N+](C)(C)C
400.0,0.0,99.0,250.0,0.0,0.0,0.0,0.0,4.903465,0.25,175.0,336.0,BEC,C[N+](C)(C)CCCCCC[N+](C)(C)C
50.0,1.7179967,15.0,250.0,0.0,0.0,0.0,0.5,4.8396025,0.24751523,150.0,0.0,BEC,C[N+](C)(C)CCCCCC[N+](C)(C)C
400.0,0.0,15.0,250.0,0.0,0.0,0.0,0.5,4.66092,0.24681993,180.0,48.0,BEC,C[N+](C)(C)CCCCCC[N+](C)(C)C
400.0,0.0,4.9880238,250.0,0.0,0.0,0.0,0.5,4.1928396,0.24851263,175.0,336.0,BEC,C[N+](C)(C)CCCCCC[N+](C)(C)C
400.0,0.0,99.0,250.0,0.0,0.0,0.0,0.0,5.5303373,0.25,175.0,168.0,BEC,C[N+](C)(C)CCCCCC[N+](C)(C)C
400.0,0.0,4.9997134,250.0,0.0,0.0,0.0,0.5,7.0,0.28912783,135.0,96.0,BEC,C[N+](C)(C)CCCCCC[N+](C)(C)C
80.0,1.7179967,10.001101,250.0,0.0,0.0,0.0,0.5540874,4.4690447,0.2,180.0,72.0,BEC,C[N+](C)(C)CCCCCC[N+](C)(C)C
400.0,0.0,99.0,250.0,0.0,0.0,0.0,0.4803405,2.7348695,0.25,175.0,65.0,BEC,C[N+](C)(C)CCCCCC[N+](C)(C)C
400.0,0.0,4.9880238,250.0,0.0,0.0,0.0,0.4,4.0,0.25,175.0,336.0,BEC,C[N+](C)(C)CCCCCC[N+](C)(C)C
50.0,1.7179967,14.9703245,250.0,0.0,0.0,0.0,0.5,4.333743,0.24038461,180.0,48.0,BEC,C[N+](C)(C)CCCCCC[N+](C)(C)C
400.0,0.0,10.001101,250.0,0.0,0.0,0.0,0.5,4.998781,0.25,175.0,240.0,BEC,C[N+](C)(C)CCCCCC[N+](C)(C)C
400.0,0.0,10.001101,250.0,0.0,0.0,0.0,0.5,5.016423,0.25,135.0,120.0,BEC,C[N+](C)(C)CCCCCC[N+](C)(C)C
400.0,0.0,99.0,250.0,0.0,0.0,0.0,0.5,7.0,0.25996533,135.0,21.783333,BEC,C[N+](C)(C)CCCCCC[N+](C)(C)C
400.0,0.0,2.0,250.0,0.0,0.0,0.0,0.49019608,4.4761724,0.25,175.0,336.0,BEC,C[N+](C)(C)CCCCCC[N+](C)(C)C
400.0,0.0,10.001101,250.0,0.0,0.0,0.0,0.46303362,6.3636365,0.23809524,175.0,336.0,BEC,C[N+](C)(C)CCCCCC[N+](C)(C)C
400.0,0.0,99.0,250.0,0.0,0.0,0.0,0.5,7.0,0.28418502,135.0,14.043171,BEC,C[N+](C)(C)CCCCCC[N+](C)(C)C
45.0,1.7179967,5.0,250.0,0.0,0.0,0.0,0.5,4.5454545,0.24192372,130.0,480.0,BEC,C[N+](C)(C)CCCCCC[N+](C)(C)C
400.0,0.0,15.0,250.0,0.0,0.0,0.0,0.0,4.8076925,0.25,175.0,96.0,BEC,C[N+](C)(C)CCCCCC[N+](C)(C)C
400.0,0.0,5.0,250.0,0.0,0.0,0.0,0.5,4.431235,0.25,175.0,168.0,BEC,C[N+](C)(C)CCCCCC[N+](C)(C)C
400.0,0.0,10.001101,250.0,0.0,0.0,0.0,0.5,4.715249,0.25,175.0,48.0,BEC,C[N+](C)(C)CCCCCC[N+](C)(C)C
400.0,0.0,10.001101,250.0,0.0,0.0,0.0,0.5086699,5.6,0.2866359,135.0,24.0,BEC,C[N+](C)(C)CCCCCC[N+](C)(C)C
400.0,0.0,10.000491,250.0,0.0,0.0,0.0,0.0,5.0,0.25,175.0,336.0,BEC,C[N+](C)(C)CCCCCC[N+](C)(C)C
400.0,0.0,99.0,250.0,0.0,0.0,0.0,0.54051846,6.872398,0.2894816,130.0,99.83544,BEC,C[N+](C)(C)CCCCCC[N+](C)(C)C
400.0,0.0,99.0,250.0,0.0,0.0,0.0,0.5,5.4907513,0.25,175.0,96.0,BEC,C[N+](C)(C)CCCCCC[N+](C)(C)C
400.0,0.0,2.0,20.394987,0.0,0.0,0.0,0.0,5.0,0.25,175.0,336.0,BEC,C[N+](C)(C)CCCCCC[N+](C)(C)C
400.0,0.0,10.001101,250.0,0.0,0.0,0.0,0.0,5.0,0.25,175.0,360.0,BEC,C[N+](C)(C)CCCCCC[N+](C)(C)C
400.0,0.0,2.030303,250.0,0.0,0.0,0.0,0.25,4.698756,0.25,175.0,216.0,BEC,C[N+](C)(C)CCCCCC[N+](C)(C)C
400.0,0.0,3.8441224,250.0,0.0,0.0,0.0,0.98049754,7.0,0.25,175.0,168.0,BEC,C[N+](C)(C)CCCCCC[N+](C)(C)C
400.0,0.0,5.0,250.0,0.0,0.0,0.0,0.0,5.0,0.25,175.0,180.0,BEC,C[N+](C)(C)CCCCCC[N+](C)(C)C
400.0,0.0,14.944514,250.0,0.0,0.0,0.0,0.0,5.0,0.25,175.0,65.0,BEC,C[N+](C)(C)CCCCCC[N+](C)(C)C
400.0,0.0,99.0,250.0,0.0,0.0,0.0,0.51086384,7.9286976,0.2812822,135.0,480.0,BEC,C[N+](C)(C)CCCCCC[N+](C)(C)C
400.0,0.0,99.0,250.0,0.0,0.0,0.0,0.5,4.7987394,0.25,175.0,120.0,BEC,C[N+](C)(C)CCCCCC[N+](C)(C)C
400.0,0.0,99.0,250.0,0.0,0.0,0.0,0.52911663,7.5,0.2777778,140.43112,7.0,BEC,C[N+](C)(C)CCCCCC[N+](C)(C)C
400.0,0.0,99.0,250.0,0.0,0.0,0.0,0.53406024,9.000446,0.2763144,135.0,120.0,BEC,C[N+](C)(C)CCCCCC[N+](C)(C)C
30.0,1.7179967,10.001101,250.0,0.0,0.0,0.0,0.47460306,4.9620137,0.24509804,150.0,1.0,BEC,C[N+](C)(C)CCCCCC[N+](C)(C)C
47.821823,1.7179967,14.992504,250.0,0.0,0.0,0.0,0.5611381,4.5454545,0.23809524,180.0,82.29992,BEC,C[N+](C)(C)CCCCCC[N+](C)(C)C
400.0,0.0,99.0,250.0,0.0,0.0,0.0,0.54,2.6296473,0.24750616,175.0,336.0,BEC,C[N+](C)(C)CCCCCC[N+](C)(C)C
400.0,0.0,9.00793,250.0,0.0,0.0,0.0,0.4733394,4.8076925,0.25,175.0,168.0,BEC,C[N+](C)(C)CCCCCC[N+](C)(C)C
400.0,0.0,99.0,250.0,0.0,0.0,0.0,0.5,7.0,0.2793184,135.0,480.0,BEC,C[N+](C)(C)CCCCCC[N+](C)(C)C
400.0,1.7179967,15.0,250.0,0.0,0.0,0.0,0.4816501,4.9232054,0.24785972,150.0,0.33410302,BEC,C[N+](C)(C)CCCCCC[N+](C)(C)C
400.0,0.0,5.0,250.0,0.0,0.0,0.0,0.48,3.988906,0.25,175.0,336.0,BEC,C[N+](C)(C)CCCCCC[N+](C)(C)C
400.0,0.0,99.0,250.0,0.0,0.0,0.0,0.5,6.3636365,0.2662019,135.0,95.070694,BEC,C[N+](C)(C)CCCCCC[N+](C)(C)C
400.0,0.0,99.0,250.0,0.0,0.0,0.0,0.0,5.0,0.25,175.0,360.0,BEC,C[N+](C)(C)CCCCCC[N+](C)(C)C
40.24372,1.7179967,99.0,250.0,0.0,0.0,0.0,0.0,4.659708,0.2293578,190.21765,72.0,BEC,C[N+](C)(C)CCCCCC[N+](C)(C)C
400.0,0.0,5.0,250.0,0.0,0.0,0.0,0.09979356,4.7829,0.25,175.0,180.0,BEC,C[N+](C)(C)CCCCCC[N+](C)(C)C
400.0,0.0,5.0,250.0,0.0,0.0,0.0,0.0,4.6591315,0.25,175.0,336.0,BEC,C[N+](C)(C)CCCCCC[N+](C)(C)C
400.0,0.0,99.0,250.0,0.0,0.0,0.0,0.0,5.0175095,0.25,175.0,48.0,BEC,C[N+](C)(C)CCCCCC[N+](C)(C)C
400.0,0.0,99.0,250.0,0.0,0.0,0.0,0.5,3.0,0.25,175.0,288.0,BEC,C[N+](C)(C)CCCCCC[N+](C)(C)C
400.0,0.0,14.994366,250.0,0.0,0.0,0.0,0.5848898,5.653263,0.25,175.0,231.05315,BEC,C[N+](C)(C)CCCCCC[N+](C)(C)C
400.0,0.0,10.000425,250.0,0.0,0.0,0.0,0.5,4.843849,0.25,175.0,336.0,BEC,C[N+](C)(C)CCCCCC[N+](C)(C)C
400.0,0.0,4.0,250.0,0.0,0.0,0.0,0.0,4.7871027,0.25,175.0,336.0,BEC,C[N+](C)(C)CCCCCC[N+](C)(C)C
400.0,0.0,2.0020485,250.0,0.0,0.0,0.0,0.5,6.6666665,0.25996533,135.0,14.0,BEC,C[N+](C)(C)CCCCCC[N+](C)(C)C
400.0,0.0,99.0,250.0,0.0,0.0,0.0,0.5,4.5454545,0.25,175.0,336.0,BEC,C[N+](C)(C)CCCCCC[N+](C)(C)C
400.0,0.0,2.030303,250.0,0.0,0.0,0.0,0.5,5.6,0.2782466,135.0,640.34924,BEC,C[N+](C)(C)CCCCCC[N+](C)(C)C
50.0,1.7179967,6.516246,250.0,0.0,0.0,0.0,0.5,4.327471,0.23831353,135.0,384.0,BEC,C[N+](C)(C)CCCCCC[N+](C)(C)C
400.0,0.0,4.9989066,250.0,0.0,0.0,0.0,0.5,6.813935,0.25,175.0,336.0,BEC,C[N+](C)(C)CCCCCC[N+](C)(C)C
50.0,1.7179967,10.001101,250.0,0.0,0.0,0.0,0.5,4.0,0.04166688,180.0,72.0,BEC,C[N+](C)(C)CCCCCC[N+](C)(C)C
400.0,0.0,99.0,250.0,0.0,0.0,0.0,0.71389264,6.5407104,0.27272728,135.0,108.32653,BEC,C[N+](C)(C)CCCCCC[N+](C)(C)C
400.0,0.0,15.0,250.0,0.0,0.0,0.0,0.29455182,4.0,0.25,175.0,336.0,BEC,C[N+](C)(C)CCCCCC[N+](C)(C)C
55.24884,1.7179967,10.001101,250.0,0.0,0.0,0.0,0.5,4.1691275,0.23809524,180.0,72.0,BEC,C[N+](C)(C)CCCCCC[N+](C)(C)C
400.0,0.0,4.0,250.0,0.0,0.0,0.0,0.52102846,7.0,0.2863466,135.0,24.0,BEC,C[N+](C)(C)CCCCCC[N+](C)(C)C
400.0,0.0,10.001101,250.0,0.0,0.0,0.0,0.0,4.990033,0.25,175.0,288.0,BEC,C[N+](C)(C)CCCCCC[N+](C)(C)C
400.0,0.0,10.001101,250.0,0.0,0.0,0.0,0.5,6.730769,0.26342818,135.0,756.00574,BEC,C[N+](C)(C)CCCCCC[N+](C)(C)C
400.0,0.0,99.0,250.0,0.0,0.0,0.0,0.4,4.9392433,0.25,175.0,72.0,BEC,C[N+](C)(C)CCCCCC[N+](C)(C)C
400.0,0.0,14.961066,250.0,0.0,0.0,0.0,0.5,5.538233,0.25,175.0,180.0,BEC,C[N+](C)(C)CCCCCC[N+](C)(C)C
400.0,0.0,10.001101,250.0,0.0,0.0,0.0,0.0,5.6270213,0.25,175.0,382.32236,BEC,C[N+](C)(C)CCCCCC[N+](C)(C)C
36.959713,1.7179967,10.001101,250.0,0.0,0.0,0.0,0.25,4.7642527,0.25,160.0,336.0,BEC,C[N+](C)(C)CCCCCC[N+](C)(C)C
400.0,0.0,10.001101,250.0,0.0,0.0,0.0,0.49019608,5.0,0.25,175.0,336.0,BEC,C[N+](C)(C)CCCCCC[N+](C)(C)C
400.0,0.0,10.001101,250.0,0.0,0.0,0.0,0.5,6.6666665,0.25996533,175.0,336.0,BEC,C[N+](C)(C)CCCCCC[N+](C)(C)C
400.0,0.0,99.0,250.0,0.0,0.0,0.0,0.5,49.43486,0.25,135.0,31.94506,BEC,C[N+](C)(C)CCCCCC[N+](C)(C)C
400.0,0.0,11.001089,250.0,0.0,0.0,0.0,0.0,4.5454545,0.25,175.0,336.0,BEC,C[N+](C)(C)CCCCCC[N+](C)(C)C
25.0,1.7179967,10.001101,250.0,0.0,0.0,0.25,0.0,4.489316,0.2,180.0,72.0,BEC,C[N+](C)(C)CCCCCC[N+](C)(C)C
400.0,0.0,10.0,250.0,0.0,0.0,0.0,0.0,5.0,0.25,175.0,240.0,BEC,C[N+](C)(C)CCCCCC[N+](C)(C)C
400.0,0.0,99.0,250.0,0.0,0.0,0.0,0.5,7.0,0.29,135.0,24.0,BEC,C[N+](C)(C)CCCCCC[N+](C)(C)C
0.0,0.8975981,0.0,0.0,0.0,0.0,0.0,0.4991415,9.374707,0.24894999,142.25911,6.0,BEC,C[N+](C)(C)CCCCCC[N+](C)(C)C
400.0,0.0,99.0,250.0,0.0,0.0,0.0,0.5,4.7678514,0.25,175.0,72.0,BEC,C[N+](C)(C)CCCCCC[N+](C)(C)C
400.0,0.0,4.9999743,250.0,0.0,0.0,0.0,0.0,4.8076925,0.25,175.0,324.83466,BEC,C[N+](C)(C)CCCCCC[N+](C)(C)C
400.0,0.0,6.4085336,250.0,0.0,0.0,0.0,0.5,6.4220185,0.24568038,175.0,168.0,BEC,C[N+](C)(C)CCCCCC[N+](C)(C)C
400.0,0.0,4.9880238,250.0,0.0,0.0,0.0,0.5,4.7054396,0.25,175.0,192.0,BEC,C[N+](C)(C)CCCCCC[N+](C)(C)C
400.0,0.0,10.001101,250.0,0.0,0.0,0.0,0.3066453,4.2627087,0.25,175.0,264.0,BEC,C[N+](C)(C)CCCCCC[N+](C)(C)C
400.0,0.0,10.001101,250.0,0.0,0.0,0.0,0.0,5.0,0.26199567,128.79254,2.0,BEC,C[N+](C)(C)CCCCCC[N+](C)(C)C
400.0,0.0,4.815072,128.2067,0.0,0.0,0.0,0.5,6.730769,0.25,140.0,168.0,BEC,C[N+](C)(C)CCCCCC[N+](C)(C)C
80.0,1.7179967,10.962091,250.0,0.0,0.0,0.0,0.5,3.62537,0.2491531,180.0,49.14248,BEC,C[N+](C)(C)CCCCCC[N+](C)(C)C
400.0,0.0,99.0,250.0,0.0,0.0,0.0,0.53800696,5.9132547,0.25,175.0,168.0,BEC,C[N+](C)(C)CCCCCC[N+](C)(C)C
400.0,0.0,99.0,250.0,0.0,0.0,0.0,0.5,7.0,0.2857143,135.0,24.0,BEC,C[N+](C)(C)CCCCCC[N+](C)(C)C
400.0,0.0,10.001101,250.0,0.0,0.0,0.0,0.5,5.0,0.25,175.0,168.0,BEC,C[N+](C)(C)CCCCCC[N+](C)(C)C
400.0,0.0,99.0,250.0,0.0,0.0,0.0,0.523179,7.0,0.29258373,135.0,24.0,BEC,C[N+](C)(C)CCCCCC[N+](C)(C)C
400.0,0.0,4.996998,250.0,0.0,0.0,0.0,0.42424026,2.4992988,0.25,175.0,336.0,BEC,C[N+](C)(C)CCCCCC[N+](C)(C)C
400.0,0.0,4.0,250.0,0.0,0.0,0.0,0.49019608,4.55018,0.25,175.0,48.0,BEC,C[N+](C)(C)CCCCCC[N+](C)(C)C
400.0,0.0,99.0,250.0,0.0,0.0,0.0,0.5092156,7.0,0.27164617,135.0,14496.0,BEC,C[N+](C)(C)CCCCCC[N+](C)(C)C
45.874043,1.7179967,10.0,250.0,0.0,0.0,0.0,0.5,4.0,0.23809524,160.0,264.0,BEC,C[N+](C)(C)CCCCCC[N+](C)(C)C
400.0,0.0,10.001101,250.0,0.0,0.0,0.0,0.25,2.8805342,0.25,175.0,336.0,BEC,C[N+](C)(C)CCCCCC[N+](C)(C)C
400.0,0.0,10.0,250.0,0.0,0.0,0.0,0.5,4.8636403,0.2494198,175.0,24.0,BEC,C[N+](C)(C)CCCCCC[N+](C)(C)C
400.0,0.0,4.0,18.182,0.0,0.0,0.0,0.23809524,2.7357047,0.24900472,175.0,336.0,BEC,C[N+](C)(C)CCCCCC[N+](C)(C)C
400.0,0.0,2.030303,250.0,0.0,0.0,0.0,0.45454547,4.9076996,0.2488271,175.0,336.0,BEC,C[N+](C)(C)CCCCCC[N+](C)(C)C
400.0,0.0,8.482677,250.0,0.0,0.0,0.0,0.0,5.0,0.5129759,175.0,384.0,BEC,C[N+](C)(C)CCCCCC[N+](C)(C)C
0.1,1.0,99.0,250.0,0.0,0.0,0.0,0.0,4.5454545,0.23809524,180.0,88.37357,BEC,C[N+](C)(C)CCCCCC[N+](C)(C)C
400.0,0.0,99.0,250.0,0.0,0.0,0.0,0.5,2.5,0.25,175.0,360.0,BEC,C[N+](C)(C)CCCCCC[N+](C)(C)C
400.0,0.0,99.0,250.0,0.0,0.0,0.0,0.0,5.0,0.25,175.0,336.0,BEC,C[N+](C)(C)CCCCCC[N+](C)(C)C
400.0,0.0,6.754909,23.778301,0.0,0.0,0.0,0.0,4.8045087,0.22985478,175.0,480.0,BEC,C[N+](C)(C)CCCCCC[N+](C)(C)C
47.87611,1.7179967,10.001101,250.0,0.0,0.0,0.0,0.5,4.8073335,0.24534251,160.0,336.0,BEC,C[N+](C)(C)CCCCCC[N+](C)(C)C
400.0,0.0,20.899445,250.0,0.0,0.0,0.0,0.0,5.5026608,0.25252524,175.0,168.0,BEC,C[N+](C)(C)CCCCCC[N+](C)(C)C
400.0,0.0,2.0,250.0,0.0,0.0,0.0,0.2293578,4.6781664,0.24627748,175.0,168.0,BEC,C[N+](C)(C)CCCCCC[N+](C)(C)C
69.97317,1.7179967,10.001101,250.0,0.0,0.0,0.0,0.574245,3.0462682,0.23809524,180.0,72.0,BEC,C[N+](C)(C)CCCCCC[N+](C)(C)C
400.0,0.0,9.00449,250.0,0.0,0.0,0.0,0.0,5.0,0.25,175.0,336.0,BEC,C[N+](C)(C)CCCCCC[N+](C)(C)C
50.0,1.7179967,10.001101,250.0,0.0,0.0,0.0,0.5,4.3727446,0.23876163,180.0,72.0,BEC,C[N+](C)(C)CCCCCC[N+](C)(C)C
400.0,0.0,4.9880238,250.0,0.0,0.0,0.0,0.5,6.6666665,0.27921793,135.0,24.0,BEC,C[N+](C)(C)CCCCCC[N+](C)(C)C
400.0,0.0,8.911025,250.0,0.0,0.0,0.0,0.0,4.570962,0.5,170.0,36.723537,BEC,C[N+](C)(C)CCCCCC[N+](C)(C)C
400.0,0.0,4.9880238,250.0,0.0,0.0,0.0,0.5,5.0,0.27958655,135.0,354.2425,BEC,C[N+](C)(C)CCCCCC[N+](C)(C)C
49.415894,1.7179967,10.001101,250.0,0.0,0.0,0.0,0.5,4.548641,0.23809524,180.0,48.0,BEC,C[N+](C)(C)CCCCCC[N+](C)(C)C
400.0,0.0,99.0,250.0,0.0,0.0,0.0,0.5,6.6666665,0.24521886,175.0,332.7719,BEC,C[N+](C)(C)CCCCCC[N+](C)(C)C
33.102085,1.7179967,10.001101,250.0,0.0,0.0,0.0,0.49019608,4.969266,0.2427224,150.0,0.0,BEC,C[N+](C)(C)CCCCCC[N+](C)(C)C
400.0,0.0,99.0,250.0,0.19574071,0.0,0.0,0.66303366,6.6666665,0.33413014,130.0,336.0,BEC,C[N+](C)(C)CCCCCC[N+](C)(C)C
400.0,0.0,10.001101,250.0,0.0,0.0,0.0,0.49091956,4.838055,0.25,175.0,351.8411,BEC,C[N+](C)(C)CCCCCC[N+](C)(C)C
400.0,0.0,99.0,250.0,0.0,0.0,0.0,0.5,6.3597474,0.25,175.0,168.0,BEC,C[N+](C)(C)CCCCCC[N+](C)(C)C
400.0,0.0,99.0,250.0,0.0,0.0,0.0,0.5,3.0412428,0.25,175.0,168.0,BEC,C[N+](C)(C)CCCCCC[N+](C)(C)C
400.0,0.0,10.001101,250.0,0.0,0.0,0.0,0.0,4.8409257,0.25,175.0,336.0,BEC,C[N+](C)(C)CCCCCC[N+](C)(C)C
400.0,0.0,3.9258182,31.987675,0.0,0.0,0.0,0.0,4.5454545,0.25,175.0,360.0,BEC,C[N+](C)(C)CCCCCC[N+](C)(C)C
400.0,0.0,10.001101,250.0,0.0,0.0,0.0,0.26222473,5.4326105,0.25,175.0,336.0,BEC,C[N+](C)(C)CCCCCC[N+](C)(C)C
400.0,0.0,99.0,250.0,0.0,0.0,0.0,0.5088144,7.3582735,0.29931158,135.0,96.0,BEC,C[N+](C)(C)CCCCCC[N+](C)(C)C
400.0,0.0,99.0,250.0,0.0,0.0,0.0,0.0,5.58943,0.25,175.0,360.0,BEC,C[N+](C)(C)CCCCCC[N+](C)(C)C
400.0,0.0,99.0,250.0,0.0,0.0,0.0,0.5,54.47705,0.25,135.0,72.0,BEC,C[N+](C)(C)CCCCCC[N+](C)(C)C
400.0,0.0,5.0,250.0,0.0,0.0,0.0,0.0,5.0,0.25,175.0,336.0,BEC,C[N+](C)(C)CCCCCC[N+](C)(C)C
400.0,0.0,99.0,250.0,0.0,0.0,0.0,0.5,4.6873536,0.25,175.0,336.0,BEC,C[N+](C)(C)CCCCCC[N+](C)(C)C
59.736996,1.7179967,10.001101,250.0,0.0,0.0,0.0,0.5403133,4.5454545,0.2293578,180.0,48.0,BEC,C[N+](C)(C)CCCCCC[N+](C)(C)C
400.0,0.0,4.0,250.0,0.0,0.0,0.0,0.5,4.5,0.25,175.0,336.0,BEC,C[N+](C)(C)CCCCCC[N+](C)(C)C
400.0,0.0,5.0,250.0,0.0,0.0,0.0,0.6754779,4.698592,0.14445049,175.0,336.0,BEC,C[N+](C)(C)CCCCCC[N+](C)(C)C
38.186405,1.7179967,10.911072,250.0,0.0,0.0,0.0,0.5,4.8437047,0.24750634,130.0,240.0,BEC,C[N+](C)(C)CCCCCC[N+](C)(C)C
400.0,0.0,9.071623,250.0,0.0,0.0,0.0,0.0,4.705939,0.25,175.0,192.0,BEC,C[N+](C)(C)CCCCCC[N+](C)(C)C
400.0,0.0,99.0,250.0,0.0,0.0,0.0,0.0,4.901961,0.25,175.0,336.0,BEC,C[N+](C)(C)CCCCCC[N+](C)(C)C
52.620594,1.7179967,10.001101,250.0,0.0,0.0,0.0,0.54,4.3677588,0.23809524,180.0,72.0,BEC,C[N+](C)(C)CCCCCC[N+](C)(C)C
400.0,0.0,99.0,250.0,0.0,0.0,0.0,0.5000838,6.745207,0.29,130.0,1114.744,BEC,C[N+](C)(C)CCCCCC[N+](C)(C)C
400.0,0.0,99.0,250.0,0.0,0.0,0.0,0.0,3.0,0.24202225,175.0,336.0,BEC,C[N+](C)(C)CCCCCC[N+](C)(C)C
400.0,0.0,10.001101,250.0,0.0,0.0,0.0,0.0,4.9006343,0.25,175.0,72.0,BEC,C[N+](C)(C)CCCCCC[N+](C)(C)C
400.0,0.0,15.644923,250.0,0.0,0.0,0.0,0.5,7.0,0.2857143,135.0,24.0,BEC,C[N+](C)(C)CCCCCC[N+](C)(C)C
400.0,0.0,10.0,250.0,0.0,0.0,0.0,0.25018033,4.7369065,0.24509804,175.0,336.0,BEC,C[N+](C)(C)CCCCCC[N+](C)(C)C
400.0,0.0,6.568839,250.0,0.0,0.0,0.0,0.5,6.3636365,0.26656595,135.0,480.0,BEC,C[N+](C)(C)CCCCCC[N+](C)(C)C
400.0,0.0,5.0,250.0,0.0,0.0,0.0,0.0,4.5454545,0.25,175.0,336.0,BEC,C[N+](C)(C)CCCCCC[N+](C)(C)C
400.0,0.0,99.0,250.0,0.0,0.0,0.0,0.5,6.120003,0.28070116,135.0,336.0,BEC,C[N+](C)(C)CCCCCC[N+](C)(C)C
400.0,0.0,99.0,250.0,0.0,0.0,0.0,0.5,7.060086,0.2777778,135.0,443.52185,BEC,C[N+](C)(C)CCCCCC[N+](C)(C)C
400.0,0.0,99.0,250.0,0.0,0.0,0.0,0.5438329,7.0,0.3097296,135.0,120.0,BEC,C[N+](C)(C)CCCCCC[N+](C)(C)C
400.0,0.0,99.0,250.0,0.0,0.0,0.0,0.654689,4.0,0.25,175.0,168.0,BEC,C[N+](C)(C)CCCCCC[N+](C)(C)C
400.0,0.0,99.0,250.0,0.0,0.0,0.0,0.53156847,6.4220185,0.25229976,135.0,2793.519,BEC,C[N+](C)(C)CCCCCC[N+](C)(C)C
400.0,0.0,99.0,250.0,0.0,0.0,0.0,0.5,5.0,0.25,175.0,60.0,BEC,C[N+](C)(C)CCCCCC[N+](C)(C)C
400.0,0.0,21.735456,250.0,0.0,0.0,0.0,0.5,7.0,0.26356608,135.0,24.0,BEC,C[N+](C)(C)CCCCCC[N+](C)(C)C
400.0,0.0,4.0,250.0,0.0,0.0,0.0,0.5,6.595493,0.25,135.0,336.0,BEC,C[N+](C)(C)CCCCCC[N+](C)(C)C
50.0,1.7179967,15.0,250.0,0.0,0.0,0.0,0.5,4.623643,0.23809524,180.0,48.0,BEC,C[N+](C)(C)CCCCCC[N+](C)(C)C
55.54335,1.7179967,20.0,250.0,0.0,0.0,0.0,0.49214473,4.6891675,0.24877006,150.0,0.0,BEC,C[N+](C)(C)CCCCCC[N+](C)(C)C
400.0,0.0,5.0,250.0,0.0,0.0,0.0,0.0,4.734467,0.25,175.0,144.0,BEC,C[N+](C)(C)CCCCCC[N+](C)(C)C
400.0,0.0,5.0,250.0,0.0,0.0,0.0,0.0,5.0,0.25,175.0,336.0,BEC,C[N+](C)(C)CCCCCC[N+](C)(C)C
400.0,0.0,99.0,250.0,0.0,0.0,0.0,0.5,50.004993,0.25,135.0,94.01344,BEC,C[N+](C)(C)CCCCCC[N+](C)(C)C
400.0,0.0,8.647181,250.0,0.0,0.0,0.0,0.0,6.3636365,0.25,175.0,336.0,BEC,C[N+](C)(C)CCCCCC[N+](C)(C)C
400.0,0.0,10.001101,250.0,0.0,0.0,0.0,0.25458032,4.59798,0.25,175.0,168.0,BEC,C[N+](C)(C)CCCCCC[N+](C)(C)C
400.0,0.0,10.001101,250.0,0.0,0.0,0.0,0.44690335,6.8902216,0.25,175.0,240.0,BEC,C[N+](C)(C)CCCCCC[N+](C)(C)C
50.0,1.7179967,10.001101,250.0,0.0,0.0,0.0,0.0,4.8076925,0.23809524,150.0,3.0,BEC,C[N+](C)(C)CCCCCC[N+](C)(C)C
50.0,1.7179967,38.55153,250.0,0.0,0.0,0.0,0.45157272,4.862828,0.24860553,150.0,1.0,BEC,C[N+](C)(C)CCCCCC[N+](C)(C)C
400.0,0.0,5.0,250.0,0.0,0.0,0.0,0.345129,4.0,0.24980631,175.0,336.0,BEC,C[N+](C)(C)CCCCCC[N+](C)(C)C
400.0,0.0,10.001101,250.0,0.0,0.0,0.0,0.0,5.0,0.25,175.0,96.0,BEC,C[N+](C)(C)CCCCCC[N+](C)(C)C
400.0,0.0,2.030303,21.346794,0.0,0.0,0.0,0.0,4.625968,0.25,175.0,336.0,BEC,C[N+](C)(C)CCCCCC[N+](C)(C)C
400.0,0.0,99.0,250.0,0.0,0.0,0.0,0.54,8.0,0.29232526,130.51927,144.0,BEC,C[N+](C)(C)CCCCCC[N+](C)(C)C
400.0,0.0,99.0,250.0,0.0,0.0,0.0,0.0,4.9129863,0.25324145,175.0,336.0,BEC,C[N+](C)(C)CCCCCC[N+](C)(C)C
400.0,0.0,99.0,250.0,0.0,0.0,0.0,0.54,6.623486,0.2942632,135.0,142.67451,BEC,C[N+](C)(C)CCCCCC[N+](C)(C)C
400.0,0.0,24.599518,250.0,0.0,0.0,0.0,0.5,7.0,0.2777778,135.0,9.867219,BEC,C[N+](C)(C)CCCCCC[N+](C)(C)C
400.0,0.0,10.001101,250.0,0.0,0.0,0.0,0.54,6.6666665,0.26912603,135.0,24.0,BEC,C[N+](C)(C)CCCCCC[N+](C)(C)C
400.0,0.0,15.0,250.0,0.0,0.0,0.0,0.5,5.0,0.25,175.0,120.0,BEC,C[N+](C)(C)CCCCCC[N+](C)(C)C
400.0,0.0,10.001101,250.0,0.0,0.0,0.0,0.5,6.018183,0.25,175.0,336.0,BEC,C[N+](C)(C)CCCCCC[N+](C)(C)C
400.0,0.0,10.001101,250.0,0.0,0.0,0.0,0.5,5.0,0.24487112,175.0,48.0,BEC,C[N+](C)(C)CCCCCC[N+](C)(C)C
400.0,0.0,10.001101,250.0,0.0,0.0,0.0,0.29048002,3.5,0.25,175.0,168.0,BEC,C[N+](C)(C)CCCCCC[N+](C)(C)C
400.0,0.0,99.0,250.0,0.0,0.0,0.0,0.52077097,7.0,0.2857143,135.0,168.0,BEC,C[N+](C)(C)CCCCCC[N+](C)(C)C
400.0,0.0,2.0,250.0,0.0,0.0,0.0,0.5,5.0,0.25,175.0,360.0,BEC,C[N+](C)(C)CCCCCC[N+](C)(C)C
400.0,0.0,12.667729,250.0,0.0,0.0,0.0,0.0,4.994129,0.25996533,175.0,427.3487,BEC,C[N+](C)(C)CCCCCC[N+](C)(C)C
50.0,1.7179967,15.0,250.0,0.0,0.0,0.0,0.49164507,4.7683926,0.24969323,150.0,0.0,BEC,C[N+](C)(C)CCCCCC[N+](C)(C)C
400.0,0.0,4.7156754,250.0,0.0,0.0,0.0,0.0,6.312057,0.25236225,135.0,336.0,BEC,C[N+](C)(C)CCCCCC[N+](C)(C)C
400.0,0.0,6.235721,250.0,0.0,0.0,0.0,0.0,5.0,0.25252524,175.0,384.0,BEC,C[N+](C)(C)CCCCCC[N+](C)(C)C
400.0,0.0,2.2589684,250.0,0.0,0.0,0.0,0.48,4.5454545,0.25,175.0,168.0,BEC,C[N+](C)(C)CCCCCC[N+](C)(C)C
400.0,0.0,2.0,250.0,0.0,0.0,0.0,0.5,4.0,0.25,175.0,336.0,BEC,C[N+](C)(C)CCCCCC[N+](C)(C)C
400.0,0.0,99.0,250.0,0.0,0.0,0.0,0.5,4.3087378,0.24415472,175.0,336.0,BEC,C[N+](C)(C)CCCCCC[N+](C)(C)C
400.0,0.0,99.0,250.0,0.0,0.0,0.0,0.5,2.857143,0.25,175.0,336.0,BEC,C[N+](C)(C)CCCCCC[N+](C)(C)C
400.0,0.0,30.03003,250.0,0.0,0.0,0.0,0.5,4.753506,0.25,175.0,336.0,BEC,C[N+](C)(C)CCCCCC[N+](C)(C)C
400.0,0.0,8.795706,250.0,0.0,0.0,0.0,0.5219901,5.6,0.26361734,135.0,24.0,BEC,C[N+](C)(C)CCCCCC[N+](C)(C)C
400.0,0.0,14.992504,250.0,0.0,0.0,0.0,0.5,5.0,0.25,175.0,168.0,BEC,C[N+](C)(C)CCCCCC[N+](C)(C)C
50.0,1.7179967,24.269995,250.0,0.0,0.0,0.0,0.62474334,4.649367,0.2,180.0,48.0,BEC,C[N+](C)(C)CCCCCC[N+](C)(C)C
50.0,1.7179967,10.001101,250.0,0.0,0.0,0.0,0.5,4.4578724,0.0,180.0,48.0,BEC,C[N+](C)(C)CCCCCC[N+](C)(C)C
50.0,1.7179967,10.001101,250.0,0.0,0.0,0.0,0.53592616,4.5454545,0.22812045,180.0,79.36447,BEC,C[N+](C)(C)CCCCCC[N+](C)(C)C
400.0,0.0,10.001101,250.0,0.0,0.0,0.0,0.5485287,7.0578313,0.27030998,135.0,168.0,BEC,C[N+](C)(C)CCCCCC[N+](C)(C)C
400.0,0.0,5.0,250.0,0.0,0.0,0.0,0.5,4.9044733,0.25,175.0,336.0,BEC,C[N+](C)(C)CCCCCC[N+](C)(C)C
30.0,1.7179967,10.001101,250.0,0.0,0.0,0.0,0.5,4.5,0.24509804,135.0,384.0,BEC,C[N+](C)(C)CCCCCC[N+](C)(C)C
400.0,0.0,10.001101,250.0,0.0,0.0,0.0,0.5,4.992747,0.25,175.0,96.0,BEC,C[N+](C)(C)CCCCCC[N+](C)(C)C
50.0,1.7179967,99.0,250.0,0.0,0.0,0.0,0.49019608,4.921808,0.2493264,150.0,2.0,BEC,C[N+](C)(C)CCCCCC[N+](C)(C)C
400.0,0.0,99.0,250.0,0.0,0.0,0.0,0.5206876,6.6556945,0.2777778,130.0,96.0,BEC,C[N+](C)(C)CCCCCC[N+](C)(C)C
50.0,1.7179967,10.001101,250.0,0.0,0.0,0.0,0.5,4.5454545,0.2293578,180.0,48.0,BEC,C[N+](C)(C)CCCCCC[N+](C)(C)C
32.860657,1.7179967,10.001101,250.0,0.0,0.0,0.0,0.5,4.89123,0.22727273,175.0,336.0,BEC,C[N+](C)(C)CCCCCC[N+](C)(C)C
400.0,0.0,99.0,250.0,0.0,0.0,0.0,0.49019608,2.8334868,0.2452073,175.0,336.0,BEC,C[N+](C)(C)CCCCCC[N+](C)(C)C
400.0,0.0,5.0,250.0,0.0,0.0,0.0,0.5,5.0,0.24845123,175.0,336.0,BEC,C[N+](C)(C)CCCCCC[N+](C)(C)C
400.0,0.0,10.001101,250.0,0.0,0.0,0.0,0.5,4.9500732,0.25,175.0,360.0,BEC,C[N+](C)(C)CCCCCC[N+](C)(C)C
400.0,0.0,10.0,250.0,0.0,0.0,0.0,0.44540423,3.5,0.25,175.0,336.0,BEC,C[N+](C)(C)CCCCCC[N+](C)(C)C
400.0,0.0,5.0,250.0,0.0,0.0,0.0,0.38343018,5.47298,0.25252524,175.0,336.0,BEC,C[N+](C)(C)CCCCCC[N+](C)(C)C
400.0,0.0,99.0,250.0,0.0,0.0,0.0,0.507765,7.084281,0.28038737,130.72313,144.0,BEC,C[N+](C)(C)CCCCCC[N+](C)(C)C
400.0,0.0,10.001101,250.0,0.0,0.0,0.0,0.5,5.0,0.25996533,175.0,336.0,BEC,C[N+](C)(C)CCCCCC[N+](C)(C)C
400.0,0.0,99.0,250.0,0.0,0.0,0.0,0.6761468,7.0,0.33333334,135.0,343.72937,BEC,C[N+](C)(C)CCCCCC[N+](C)(C)C
400.0,0.0,5.0,250.0,0.0,0.0,0.0,0.5,7.0,0.25996533,135.0,27.699142,BEC,C[N+](C)(C)CCCCCC[N+](C)(C)C
30.0,1.7179967,9.00468,250.0,0.0,0.0,0.0,0.5012158,4.7619805,0.23809524,160.0,336.0,BEC,C[N+](C)(C)CCCCCC[N+](C)(C)C
400.0,0.0,2.0012598,250.0,0.0,0.0,0.0,0.20190449,4.0,0.25,175.0,240.0,BEC,C[N+](C)(C)CCCCCC[N+](C)(C)C
400.0,0.0,10.001101,250.0,0.0,0.0,0.0,0.0,4.6328936,0.25,175.0,336.0,BEC,C[N+](C)(C)CCCCCC[N+](C)(C)C
400.0,0.0,99.0,250.0,0.0,0.0,0.0,0.4973673,2.857143,0.25,175.0,30.768509,BEC,C[N+](C)(C)CCCCCC[N+](C)(C)C
400.0,0.0,99.0,250.0,0.0,0.0,0.0,0.0,4.8441644,0.25,175.0,321.07007,BEC,C[N+](C)(C)CCCCCC[N+](C)(C)C
400.0,0.0,5.0,250.0,0.0,0.0,0.0,0.5,6.406311,0.27736223,175.0,144.0,BEC,C[N+](C)(C)CCCCCC[N+](C)(C)C
400.0,0.0,99.0,250.0,0.0,0.0,0.0,0.5,50.0,0.25,135.0,76.95478,BEC,C[N+](C)(C)CCCCCC[N+](C)(C)C
50.0,1.7179967,10.001101,250.0,0.0,0.0,0.0,0.5,4.719917,0.24654965,128.33458,391.23447,BEC,C[N+](C)(C)CCCCCC[N+](C)(C)C
400.0,0.0,2.0913382,250.0,0.0,0.0,0.0,0.3941863,4.761484,0.25,175.0,336.0,BEC,C[N+](C)(C)CCCCCC[N+](C)(C)C
400.0,0.0,10.001101,250.0,0.0,0.0,0.0,0.5,5.0,0.24774495,175.0,96.0,BEC,C[N+](C)(C)CCCCCC[N+](C)(C)C
400.0,0.0,99.0,250.0,0.0,0.0,0.0,0.54,5.6,0.33333334,135.0,130.09346,BEC,C[N+](C)(C)CCCCCC[N+](C)(C)C
400.0,0.0,99.0,250.0,0.0,0.0,0.0,0.47619048,3.0,0.25306565,175.0,312.0,BEC,C[N+](C)(C)CCCCCC[N+](C)(C)C
400.0,0.0,99.0,250.0,0.0,0.0,0.0,0.0,4.686406,0.27887854,175.0,336.0,BEC,C[N+](C)(C)CCCCCC[N+](C)(C)C
400.0,0.0,99.0,250.0,0.0,0.0,0.0,0.4,3.0,0.25,175.0,168.0,BEC,C[N+](C)(C)CCCCCC[N+](C)(C)C
400.0,0.0,99.0,250.0,0.0,0.0,0.0,0.53170633,8.0,0.2921434,127.97126,239.07881,BEC,C[N+](C)(C)CCCCCC[N+](C)(C)C
400.0,0.0,4.9999,250.0,0.0,0.0,0.0,0.0,4.799531,0.25,175.0,240.0,BEC,C[N+](C)(C)CCCCCC[N+](C)(C)C
400.0,0.0,5.0,250.0,0.0,0.0,0.0,0.22727273,4.6063695,0.2435897,175.0,336.0,BEC,C[N+](C)(C)CCCCCC[N+](C)(C)C
400.0,0.0,99.0,250.0,0.0,0.0,0.0,0.5,7.0,0.27961892,135.0,24.0,BEC,C[N+](C)(C)CCCCCC[N+](C)(C)C
400.0,0.0,15.0,250.0,0.0,0.0,0.0,0.48,3.5,0.25,175.0,336.0,BEC,C[N+](C)(C)CCCCCC[N+](C)(C)C
400.0,0.0,5.0,250.0,0.0,0.0,0.0,0.0,4.5454545,0.25,175.0,336.0,BEC,C[N+](C)(C)CCCCCC[N+](C)(C)C
400.0,0.0,10.000568,250.0,0.0,0.0,0.0,0.5,4.037985,0.25,175.0,336.0,BEC,C[N+](C)(C)CCCCCC[N+](C)(C)C
400.0,0.0,99.0,250.0,0.0,0.0,0.0,0.5,7.0,0.25,175.0,336.0,BEC,C[N+](C)(C)CCCCCC[N+](C)(C)C
400.0,0.0,99.0,250.0,0.0,0.0,0.0,0.5,4.469273,0.24509804,175.0,168.0,BEC,C[N+](C)(C)CCCCCC[N+](C)(C)C
400.0,0.0,4.0,250.0,0.0,0.0,0.0,0.5,2.8440003,0.25,175.0,336.0,BEC,C[N+](C)(C)CCCCCC[N+](C)(C)C
50.0,1.7179967,14.963577,250.0,0.0,0.0,0.0,0.5,4.4757037,0.22727273,180.0,72.0,BEC,C[N+](C)(C)CCCCCC[N+](C)(C)C
400.0,0.0,30.017002,250.0,0.0,0.0,0.0,0.5,6.4563103,0.25,175.0,168.0,BEC,C[N+](C)(C)CCCCCC[N+](C)(C)C
400.0,0.0,15.245644,250.0,0.0,0.0,0.0,0.0,5.0,0.25,175.0,336.0,BEC,C[N+](C)(C)CCCCCC[N+](C)(C)C
400.0,0.0,99.0,250.0,0.0,0.0,0.0,0.28904217,2.857143,0.27987415,175.0,336.0,BEC,C[N+](C)(C)CCCCCC[N+](C)(C)C
46.090042,1.7179967,10.001101,250.0,0.0,0.0,0.0,0.5,4.0,0.23809524,175.0,168.0,BEC,C[N+](C)(C)CCCCCC[N+](C)(C)C
400.0,0.0,15.22915,250.0,0.0,0.0,0.0,0.0,5.2946377,0.25,175.0,288.0,BEC,C[N+](C)(C)CCCCCC[N+](C)(C)C
400.0,0.0,8.005911,250.0,0.0,0.0,0.0,0.5,4.904387,0.25,175.0,96.0,BEC,C[N+](C)(C)CCCCCC[N+](C)(C)C
400.0,0.0,6.604804,250.0,0.0,0.0,0.0,0.5,6.5285563,0.29,135.0,380.89838,BEC,C[N+](C)(C)CCCCCC[N+](C)(C)C
400.0,0.0,6.2682104,250.0,0.0,0.0,0.0,0.5,6.4220185,0.28804561,135.0,24.0,BEC,C[N+](C)(C)CCCCCC[N+](C)(C)C
400.0,0.0,99.0,250.0,0.0,0.0,0.0,0.5696846,6.8933215,0.27471948,135.0,384.0,BEC,C[N+](C)(C)CCCCCC[N+](C)(C)C
400.0,0.0,99.0,250.0,0.0,0.0,0.0,0.3754808,3.0,0.23809524,175.0,312.90918,BEC,C[N+](C)(C)CCCCCC[N+](C)(C)C
400.0,0.0,14.942695,250.0,0.0,0.0,0.0,0.5002206,6.994847,0.27395135,140.0,24.0,BEC,C[N+](C)(C)CCCCCC[N+](C)(C)C
31.565924,1.7179967,10.001101,250.0,0.0,0.0,0.0,0.4829616,4.9084344,0.24816261,150.0,0.0,BEC,C[N+](C)(C)CCCCCC[N+](C)(C)C
400.0,0.0,5.0,250.0,0.0,0.0,0.0,0.5,6.4220185,0.25,175.0,240.91515,BEC,C[N+](C)(C)CCCCCC[N+](C)(C)C
400.0,0.0,99.0,250.0,0.0,0.0,0.0,0.5,6.4220185,0.2828328,130.0,48.0,BEC,C[N+](C)(C)CCCCCC[N+](C)(C)C
400.0,0.0,5.0,250.0,0.0,0.0,0.0,0.0,5.081392,0.24822019,175.0,411.49097,BEC,C[N+](C)(C)CCCCCC[N+](C)(C)C
400.0,0.0,10.001101,250.0,0.0,0.0,0.0,0.5,7.0345902,0.27272728,130.36781,24.0,BEC,C[N+](C)(C)CCCCCC[N+](C)(C)C
400.0,0.0,2.030303,36.822433,0.0,0.0,0.0,0.49019608,6.3636365,0.24938464,175.0,168.0,BEC,C[N+](C)(C)CCCCCC[N+](C)(C)C
400.0,0.0,15.0,250.0,0.0,0.0,0.0,0.5,45.406513,0.25,135.0,72.0,BEC,C[N+](C)(C)CCCCCC[N+](C)(C)C
400.0,0.0,4.9880238,250.0,0.0,0.0,0.0,0.23809524,4.7475853,0.25,175.0,336.0,BEC,C[N+](C)(C)CCCCCC[N+](C)(C)C
400.0,0.0,9.003785,250.0,0.0,0.0,0.0,0.5,4.9638195,0.25252524,175.0,336.0,BEC,C[N+](C)(C)CCCCCC[N+](C)(C)C
38.70609,1.7179967,99.0,250.0,0.0,0.0,0.0,0.48,4.7007732,0.24038461,120.0,336.0,BEC,C[N+](C)(C)CCCCCC[N+](C)(C)C
400.0,0.0,30.564259,250.0,0.0,0.0,0.0,0.23809524,7.0,0.25,175.0,336.0,BEC,C[N+](C)(C)CCCCCC[N+](C)(C)C
400.0,0.0,10.0,250.0,0.0,0.0,0.0,0.0,5.0,0.27272728,175.0,336.0,BEC,C[N+](C)(C)CCCCCC[N+](C)(C)C
400.0,0.0,99.0,250.0,0.0,0.0,0.0,0.5,3.0,0.24509804,175.0,336.0,BEC,C[N+](C)(C)CCCCCC[N+](C)(C)C
400.0,0.0,4.999531,250.0,0.0,0.0,0.0,0.5,4.608374,0.24892046,175.0,288.0,BEC,C[N+](C)(C)CCCCCC[N+](C)(C)C
400.0,0.0,5.7126684,250.0,0.0,0.0,0.0,0.49019608,5.0,0.25,175.0,336.0,BEC,C[N+](C)(C)CCCCCC[N+](C)(C)C
69.729515,1.7179967,14.993174,250.0,0.0,0.0,0.0,0.5,4.6994376,0.23809524,180.0,96.0,BEC,C[N+](C)(C)CCCCCC[N+](C)(C)C
400.0,0.0,10.001101,250.0,0.0,0.0,0.0,0.0,6.865907,0.2644046,135.0,240.0,BEC,C[N+](C)(C)CCCCCC[N+](C)(C)C
400.0,0.0,5.0,250.0,0.0,0.0,0.0,0.5,4.9035287,0.24517132,175.0,72.0,BEC,C[N+](C)(C)CCCCCC[N+](C)(C)C
400.0,0.0,99.0,250.0,0.0,0.0,0.0,0.5024009,5.8642793,0.29912394,127.0567,168.0,BEC,C[N+](C)(C)CCCCCC[N+](C)(C)C
400.0,0.0,2.0,47.417294,0.0,0.0,0.0,0.0,4.0,0.2439804,175.0,168.0,BEC,C[N+](C)(C)CCCCCC[N+](C)(C)C
400.0,0.0,99.0,250.0,0.0,0.0,0.0,0.5,3.5,0.25,175.0,308.95108,BEC,C[N+](C)(C)CCCCCC[N+](C)(C)C
400.0,0.0,5.3746204,250.0,0.0,0.0,0.0,0.5,6.6330934,0.25346795,135.0,12.0,BEC,C[N+](C)(C)CCCCCC[N+](C)(C)C
400.0,0.0,14.999057,250.0,0.0,0.0,0.0,0.33333334,4.7696795,0.24895914,175.0,336.0,BEC,C[N+](C)(C)CCCCCC[N+](C)(C)C
400.0,0.0,4.0,250.0,0.0,0.0,0.0,0.5,7.284934,0.27235705,135.0,72.0,BEC,C[N+](C)(C)CCCCCC[N+](C)(C)C
400.0,0.0,99.0,250.0,0.0,0.0,0.0,0.65208936,7.0,0.2809601,130.0,556.1694,BEC,C[N+](C)(C)CCCCCC[N+](C)(C)C
400.0,0.0,4.999838,250.0,0.0,0.0,0.0,0.5,4.9036794,0.24509804,175.0,120.0,BEC,C[N+](C)(C)CCCCCC[N+](C)(C)C
400.0,0.0,99.0,250.0,0.0,0.0,0.0,0.5,5.0,0.25112256,175.0,336.0,BEC,C[N+](C)(C)CCCCCC[N+](C)(C)C
400.0,0.0,2.0,250.0,0.0,0.0,0.0,0.5,4.762219,0.25,175.0,336.0,BEC,C[N+](C)(C)CCCCCC[N+](C)(C)C
46.254875,1.7179967,10.001101,250.0,0.0,0.0,0.0,0.5287818,4.0,0.23056336,180.0,72.0,BEC,C[N+](C)(C)CCCCCC[N+](C)(C)C
400.0,0.0,99.0,250.0,0.0,0.0,0.0,0.0,6.6666665,0.26005816,175.0,336.0,BEC,C[N+](C)(C)CCCCCC[N+](C)(C)C
400.0,0.0,10.001101,250.0,0.0,0.0,0.0,0.5741503,4.0,0.25252524,175.0,349.28287,BEC,C[N+](C)(C)CCCCCC[N+](C)(C)C
400.0,0.0,4.99523,250.0,0.0,0.0,0.0,0.5,6.090534,0.2515058,175.0,360.0,BEC,C[N+](C)(C)CCCCCC[N+](C)(C)C
400.0,0.0,4.0,250.0,0.0,0.0,0.0,0.5,3.0,0.25,175.0,336.0,BEC,C[N+](C)(C)CCCCCC[N+](C)(C)C
400.0,0.0,99.0,250.0,0.0,0.0,0.0,0.0,6.4220185,0.26024392,135.0,720.0,BEC,C[N+](C)(C)CCCCCC[N+](C)(C)C
400.0,0.0,99.0,250.0,0.0,0.0,0.0,0.50803375,7.0,0.287511,135.0,576.0,BEC,C[N+](C)(C)CCCCCC[N+](C)(C)C
400.0,0.0,24.474533,250.0,0.0,0.0,0.0,0.51965326,4.619492,0.25,175.0,168.0,BEC,C[N+](C)(C)CCCCCC[N+](C)(C)C
70.16876,1.7179967,14.930552,250.0,0.0,0.0,0.0,0.5,4.718915,0.2462937,150.0,1.2687293,BEC,C[N+](C)(C)CCCCCC[N+](C)(C)C
400.0,0.0,99.0,250.0,0.0,0.0,0.0,0.5,4.800865,0.25,175.0,120.0,BEC,C[N+](C)(C)CCCCCC[N+](C)(C)C
400.0,0.0,99.0,250.0,0.0,0.0,0.0,0.5,5.0520473,0.25,175.0,92.12986,BEC,C[N+](C)(C)CCCCCC[N+](C)(C)C
400.0,0.0,8.578546,250.0,0.0,0.0,0.0,0.0,4.7487564,0.25,175.0,120.0,BEC,C[N+](C)(C)CCCCCC[N+](C)(C)C
36.887962,1.7179967,8.837249,250.0,0.0,0.0,0.0,0.5,4.8613605,0.23809524,160.0,336.0,BEC,C[N+](C)(C)CCCCCC[N+](C)(C)C
400.0,0.0,10.001101,250.0,0.0,0.0,0.0,0.5,6.3636365,0.25,175.0,336.0,BEC,C[N+](C)(C)CCCCCC[N+](C)(C)C
400.0,0.0,99.0,250.0,0.0,0.0,0.0,0.66737777,7.0,0.3,135.0,168.0,BEC,C[N+](C)(C)CCCCCC[N+](C)(C)C
400.0,0.0,99.0,250.0,0.0,0.0,0.0,0.0,4.7163873,0.25,175.0,264.0,BEC,C[N+](C)(C)CCCCCC[N+](C)(C)C
400.0,0.0,5.0,250.0,0.0,0.0,0.0,0.22904764,5.0,0.24509804,175.0,336.0,BEC,C[N+](C)(C)CCCCCC[N+](C)(C)C
32.249878,1.7179967,99.0,250.0,0.0,0.0,0.0,0.5,3.5,0.045461293,180.0,72.0,BEC,C[N+](C)(C)CCCCCC[N+](C)(C)C
30.0,1.7179967,10.000687,250.0,0.0,0.0,0.0,0.5,4.940913,0.23809524,175.0,336.0,BEC,C[N+](C)(C)CCCCCC[N+](C)(C)C
50.0,1.7179967,63.75784,250.0,0.0,0.0,0.0,1.25,4.5,0.24509804,175.0,65.0,BEC,C[N+](C)(C)CCCCCC[N+](C)(C)C
400.0,0.0,99.0,250.0,0.0,0.0,0.0,0.6666667,6.5759025,0.25,175.0,240.0,BEC,C[N+](C)(C)CCCCCC[N+](C)(C)C
400.0,0.0,4.999306,250.0,0.0,0.0,0.0,0.5,5.0,0.25,175.0,168.0,BEC,C[N+](C)(C)CCCCCC[N+](C)(C)C
400.0,0.0,99.0,250.0,0.0,0.0,0.0,0.0,5.0,0.24718702,175.0,273.47485,BEC,C[N+](C)(C)CCCCCC[N+](C)(C)C
33.02761,1.7179967,10.001101,250.0,0.0,0.0,0.0,0.4914044,4.9709406,0.25,135.0,168.0,BEC,C[N+](C)(C)CCCCCC[N+](C)(C)C
400.0,0.0,5.0,250.0,0.0,0.0,0.0,0.5,6.7871323,0.25996533,140.0,20.0,BEC,C[N+](C)(C)CCCCCC[N+](C)(C)C
400.0,0.0,15.0,250.0,0.0,0.0,0.0,0.5,5.0,0.2542964,175.0,336.0,BEC,C[N+](C)(C)CCCCCC[N+](C)(C)C
400.0,0.0,5.0,250.0,0.0,0.0,0.0,0.5,7.0870047,0.26933873,135.0,120.0,BEC,C[N+](C)(C)CCCCCC[N+](C)(C)C
400.0,0.0,99.0,250.0,0.0,0.0,0.0,0.5,7.5,0.25,175.0,289.85562,BEC,C[N+](C)(C)CCCCCC[N+](C)(C)C
39.10266,1.7179967,10.001101,250.0,0.0,0.0,0.0,0.0,5.0,0.2300311,148.73132,12.0,BEC,C[N+](C)(C)CCCCCC[N+](C)(C)C
400.0,0.0,14.992936,250.0,0.0,0.0,0.0,0.0,5.0,0.25,175.0,336.0,BEC,C[N+](C)(C)CCCCCC[N+](C)(C)C
400.0,0.0,4.9989877,250.0,0.0,0.0,0.0,0.5,5.0,0.25,175.0,333.3341,BEC,C[N+](C)(C)CCCCCC[N+](C)(C)C
400.0,0.0,10.001101,250.0,0.0,0.0,0.0,0.48772493,2.857143,0.25,175.0,296.8808,BEC,C[N+](C)(C)CCCCCC[N+](C)(C)C
400.0,0.0,10.001101,250.0,0.0,0.0,0.0,0.5,6.6666665,0.26971176,135.0,48.0,BEC,C[N+](C)(C)CCCCCC[N+](C)(C)C
400.0,0.0,5.0,250.0,0.0,0.0,0.0,0.44548017,4.6882486,0.24704383,175.0,336.0,BEC,C[N+](C)(C)CCCCCC[N+](C)(C)C
400.0,0.0,99.0,250.0,0.0,0.0,0.0,0.5476772,6.2564707,0.25252524,135.0,144.0,BEC,C[N+](C)(C)CCCCCC[N+](C)(C)C
400.0,0.0,5.0,250.0,0.0,0.0,0.0,0.25,3.796006,0.25,175.0,168.0,BEC,C[N+](C)(C)CCCCCC[N+](C)(C)C
400.0,0.0,99.0,250.0,0.0,0.0,0.0,0.0,4.931423,0.24509804,175.0,242.99937,BEC,C[N+](C)(C)CCCCCC[N+](C)(C)C
400.0,0.0,4.0,250.0,0.0,0.0,0.0,0.5,6.3636365,0.26988056,130.0,526.2939,BEC,C[N+](C)(C)CCCCCC[N+](C)(C)C
40.134445,1.7179967,14.987593,250.0,0.0,0.0,0.0,0.59709775,4.5097785,0.23809524,180.0,48.0,BEC,C[N+](C)(C)CCCCCC[N+](C)(C)C
400.0,0.0,99.0,250.0,0.0,0.0,0.0,0.48,2.4996953,0.23809524,175.0,336.0,BEC,C[N+](C)(C)CCCCCC[N+](C)(C)C
400.0,0.0,3.6654675,250.0,0.0,0.0,0.0,0.5039012,6.6666665,0.2857143,135.0,144.0,BEC,C[N+](C)(C)CCCCCC[N+](C)(C)C
400.0,0.0,10.001101,250.0,0.0,0.0,0.0,0.38952985,3.9187822,0.25,175.0,336.0,BEC,C[N+](C)(C)CCCCCC[N+](C)(C)C
400.0,0.0,99.0,250.0,0.0,0.0,0.0,0.0,7.388636,0.28053236,140.0,180.39268,BEC,C[N+](C)(C)CCCCCC[N+](C)(C)C
400.0,0.0,99.0,250.0,0.0,0.0,0.0,0.0,4.70578,0.25,175.0,360.0,BEC,C[N+](C)(C)CCCCCC[N+](C)(C)C
50.0,1.7179967,10.001101,250.0,0.0,0.0,0.0,0.0,4.0,0.24677125,190.0,65.0,BEC,C[N+](C)(C)CCCCCC[N+](C)(C)C
400.0,0.0,99.0,250.0,0.0,0.0,0.0,0.75140476,6.3636365,0.28850225,135.0,120.0,BEC,C[N+](C)(C)CCCCCC[N+](C)(C)C
50.0,1.7179967,5.0,250.0,0.0,0.0,0.0,0.0,4.789126,0.23809524,160.0,336.0,BEC,C[N+](C)(C)CCCCCC[N+](C)(C)C
400.0,0.0,10.001101,250.0,0.0,0.0,0.0,0.54205614,7.0,0.2532673,135.0,240.0,BEC,C[N+](C)(C)CCCCCC[N+](C)(C)C
400.0,0.0,10.001101,250.0,0.0,0.0,0.0,0.5,4.5,0.24509804,175.0,336.0,BEC,C[N+](C)(C)CCCCCC[N+](C)(C)C
400.0,0.0,99.0,250.0,0.0,0.0,0.0,0.0,4.8076925,0.25,175.0,336.0,BEC,C[N+](C)(C)CCCCCC[N+](C)(C)C
400.0,0.0,30.009287,250.0,0.0,0.0,0.0,0.0,4.844505,0.25,175.0,336.0,BEC,C[N+](C)(C)CCCCCC[N+](C)(C)C
400.0,0.0,2.103408,250.0,0.0,0.0,0.0,0.5,5.0,0.24278353,175.0,336.0,BEC,C[N+](C)(C)CCCCCC[N+](C)(C)C
400.0,0.0,4.9880238,250.0,0.0,0.0,0.0,0.37942103,4.6994405,0.25,175.0,330.98,BEC,C[N+](C)(C)CCCCCC[N+](C)(C)C
400.0,0.0,4.999437,250.0,0.0,0.0,0.0,0.25,5.0,0.25,175.0,97.19705,BEC,C[N+](C)(C)CCCCCC[N+](C)(C)C
16.666666,1.7179967,5.223393,250.0,0.0,0.0,0.0,0.5,4.5454545,0.24038461,160.0,336.0,BEC,C[N+](C)(C)CCCCCC[N+](C)(C)C
400.0,0.0,99.0,250.0,0.0,0.0,0.0,0.5559708,6.4220185,0.28790477,135.0,168.0,BEC,C[N+](C)(C)CCCCCC[N+](C)(C)C
400.0,0.0,99.0,250.0,0.0,0.0,0.0,0.5,3.3769257,0.24509804,175.0,168.0,BEC,C[N+](C)(C)CCCCCC[N+](C)(C)C
58.48087,1.7179967,14.992504,250.0,0.0,0.0,0.0,0.48,4.7203636,0.25,150.0,0.0,BEC,C[N+](C)(C)CCCCCC[N+](C)(C)C
400.0,0.0,4.0,250.0,0.0,0.0,0.0,0.6401759,5.5280538,0.27725852,135.0,71.21499,BEC,C[N+](C)(C)CCCCCC[N+](C)(C)C
400.0,0.0,99.0,250.0,0.0,0.0,0.0,0.5,4.0,0.25,175.0,336.0,BEC,C[N+](C)(C)CCCCCC[N+](C)(C)C
400.0,0.0,5.0,250.0,0.0,0.0,0.0,0.5,5.0476975,0.26049945,175.0,336.0,BEC,C[N+](C)(C)CCCCCC[N+](C)(C)C
400.0,0.0,99.0,250.0,0.0,0.0,0.0,0.0,7.036677,0.2592707,120.0,576.0,BEC,C[N+](C)(C)CCCCCC[N+](C)(C)C
40.023247,1.7179967,4.999008,250.0,0.0,0.0,0.0,0.5,4.6989594,0.23859033,160.0,336.0,BEC,C[N+](C)(C)CCCCCC[N+](C)(C)C
41.67513,1.7179967,99.0,250.0,0.0,0.0,0.0,0.46699262,4.987863,0.24509804,150.0,0.5517792,BEC,C[N+](C)(C)CCCCCC[N+](C)(C)C
400.0,0.0,9.154028,250.0,0.0,0.0,0.0,0.5,6.6666665,0.26234314,135.0,36.0,BEC,C[N+](C)(C)CCCCCC[N+](C)(C)C
400.0,0.0,10.001101,250.0,0.0,0.0,0.0,0.5,3.0443006,0.24927521,175.0,336.0,BEC,C[N+](C)(C)CCCCCC[N+](C)(C)C
400.0,0.0,2.0,250.0,0.0,0.0,0.0,0.18181819,6.578935,0.25,175.0,168.0,BEC,C[N+](C)(C)CCCCCC[N+](C)(C)C
400.0,0.0,2.1590137,250.0,0.0,0.0,0.0,0.0,5.0454273,0.24509804,175.0,336.0,BEC,C[N+](C)(C)CCCCCC[N+](C)(C)C
400.0,0.0,99.0,250.0,0.0,0.0,0.0,0.5,4.9985695,0.2857143,175.0,336.0,BEC,C[N+](C)(C)CCCCCC[N+](C)(C)C
400.0,0.0,9.904441,250.0,0.0,0.0,0.0,0.0,5.0,0.25,175.0,336.0,BEC,C[N+](C)(C)CCCCCC[N+](C)(C)C
400.0,0.0,99.0,250.0,0.0,0.0,0.0,0.0,5.0,0.25,175.0,336.0,BEC,C[N+](C)(C)CCCCCC[N+](C)(C)C
30.30303,1.7179967,14.973139,250.0,0.0,0.0,0.0,0.0,4.691397,0.23329636,180.0,69.064735,BEC,C[N+](C)(C)CCCCCC[N+](C)(C)C
400.0,0.0,4.998834,250.0,0.0,0.0,0.0,0.5,4.591674,0.25,175.0,336.0,BEC,C[N+](C)(C)CCCCCC[N+](C)(C)C
400.0,0.0,99.0,250.0,0.0,0.0,0.0,0.5,7.06408,0.27973002,135.0,360.0,BEC,C[N+](C)(C)CCCCCC[N+](C)(C)C
400.0,0.0,99.0,250.0,0.0,0.0,0.0,0.5,3.4958382,0.25,175.0,98.09388,BEC,C[N+](C)(C)CCCCCC[N+](C)(C)C
400.0,0.0,10.001101,250.0,0.0,0.0,0.0,0.5,6.6666665,0.25996533,135.0,18.685032,BEC,C[N+](C)(C)CCCCCC[N+](C)(C)C
400.0,0.0,99.0,250.0,0.0,0.0,0.0,0.5,5.0,0.28132164,135.0,384.0,BEC,C[N+](C)(C)CCCCCC[N+](C)(C)C
400.0,0.0,99.0,250.0,0.0,0.0,0.0,0.57103133,7.9433374,0.2692106,135.0,24.0,BEC,C[N+](C)(C)CCCCCC[N+](C)(C)C
400.0,0.0,99.0,250.0,0.0,0.0,0.0,0.5,4.5454545,0.25,175.0,144.0,BEC,C[N+](C)(C)CCCCCC[N+](C)(C)C
400.0,0.0,99.0,250.0,0.0,0.0,0.0,0.48,5.0,0.25,175.0,48.0,BEC,C[N+](C)(C)CCCCCC[N+](C)(C)C
400.0,0.0,99.0,250.0,0.0,0.0,0.0,0.5625577,6.542858,0.33333334,135.0,168.0,BEC,C[N+](C)(C)CCCCCC[N+](C)(C)C
400.0,0.0,10.0,250.0,0.0,0.0,0.0,0.5,4.98062,0.25,175.0,168.0,BEC,C[N+](C)(C)CCCCCC[N+](C)(C)C
400.0,0.0,99.0,250.0,0.0,0.0,0.0,0.5330502,8.0,0.27931392,140.0,336.0,BEC,C[N+](C)(C)CCCCCC[N+](C)(C)C
400.0,0.0,99.0,250.0,0.0,0.0,0.0,0.5,5.2883596,0.25,175.0,168.0,BEC,C[N+](C)(C)CCCCCC[N+](C)(C)C
400.0,0.0,10.001101,250.0,0.0,0.0,0.0,0.5003583,7.2506294,0.25036317,135.0,65.61395,BEC,C[N+](C)(C)CCCCCC[N+](C)(C)C
400.0,0.0,99.0,250.0,0.0,0.0,0.0,0.6301399,7.422726,0.2903189,135.0,596.02246,BEC,C[N+](C)(C)CCCCCC[N+](C)(C)C
400.0,0.0,10.001101,250.0,0.0,0.0,0.0,0.0,4.9285145,0.25,175.0,258.232,BEC,C[N+](C)(C)CCCCCC[N+](C)(C)C
30.0,1.7179967,10.001101,250.0,0.0,0.0,0.0,0.5,4.569182,0.23809524,180.0,67.14124,BEC,C[N+](C)(C)CCCCCC[N+](C)(C)C
400.0,0.0,4.9880238,250.0,0.0,0.0,0.0,0.5,6.7575674,0.25,175.0,192.0,BEC,C[N+](C)(C)CCCCCC[N+](C)(C)C
400.0,0.0,10.001101,250.0,0.0,0.0,0.0,0.4728534,4.0,0.25,175.0,240.0,BEC,C[N+](C)(C)CCCCCC[N+](C)(C)C
23.5,1.7179967,99.0,250.0,0.0,0.0,0.0,0.5,4.529485,0.24457692,130.0,336.0,BEC,C[N+](C)(C)CCCCCC[N+](C)(C)C
400.0,0.0,99.0,250.0,0.0,0.0,0.0,0.5,6.929398,0.29202422,135.0,336.0,BEC,C[N+](C)(C)CCCCCC[N+](C)(C)C
400.0,0.0,99.0,250.0,0.0,0.0,0.0,0.0,4.720139,0.24509804,175.0,336.0,BEC,C[N+](C)(C)CCCCCC[N+](C)(C)C
400.0,0.0,10.001101,250.0,0.0,0.0,0.0,0.5,5.0,0.25,175.0,66.472206,BEC,C[N+](C)(C)CCCCCC[N+](C)(C)C
400.0,0.0,99.0,250.0,0.0,0.0,0.0,0.5,2.7340875,0.25,175.0,168.0,BEC,C[N+](C)(C)CCCCCC[N+](C)(C)C
33.333332,1.7179967,14.9955845,250.0,0.0,0.0,0.0,0.45518255,4.949151,0.24509804,150.0,0.0,BEC,C[N+](C)(C)CCCCCC[N+](C)(C)C
400.0,0.0,99.0,250.0,0.0,0.0,0.0,0.0,7.5,1.9706813,123.177475,670.4673,BEC,C[N+](C)(C)CCCCCC[N+](C)(C)C
400.0,0.0,99.0,250.0,0.0,0.0,0.0,0.54109806,7.514914,0.27272728,130.0,336.0,BEC,C[N+](C)(C)CCCCCC[N+](C)(C)C
400.0,0.0,5.0,250.0,0.0,0.0,0.0,0.0,4.9952793,0.25,175.0,240.0,BEC,C[N+](C)(C)CCCCCC[N+](C)(C)C
30.30303,1.7179967,10.001101,250.0,0.0,0.0,0.0,0.5199538,4.7094116,0.2355246,180.0,65.0,BEC,C[N+](C)(C)CCCCCC[N+](C)(C)C
400.0,0.0,2.0,250.0,0.0,0.0,0.0,0.5,2.4254146,0.23809524,175.0,336.0,BEC,C[N+](C)(C)CCCCCC[N+](C)(C)C
400.0,0.0,5.0,250.0,0.0,0.0,0.0,0.53449,6.85909,0.28592622,134.4711,336.0,BEC,C[N+](C)(C)CCCCCC[N+](C)(C)C
400.0,0.0,2.858688,14.466536,0.0,0.0,0.0,0.0,4.981918,0.25,175.0,264.0,BEC,C[N+](C)(C)CCCCCC[N+](C)(C)C
400.0,0.0,99.0,250.0,0.0,0.0,0.0,0.65651613,6.9713287,0.32239902,135.0,120.0,BEC,C[N+](C)(C)CCCCCC[N+](C)(C)C
30.0,1.7179967,10.001101,250.0,0.0,0.0,0.0,0.5,4.7451487,0.23542152,160.0,168.0,BEC,C[N+](C)(C)CCCCCC[N+](C)(C)C
400.0,0.0,10.001101,250.0,0.0,0.0,0.0,0.45454547,5.0,0.24879895,175.0,120.0,BEC,C[N+](C)(C)CCCCCC[N+](C)(C)C
400.0,0.0,2.0,250.0,0.0,0.0,0.0,0.5,6.882884,0.25502083,135.0,10.0,BEC,C[N+](C)(C)CCCCCC[N+](C)(C)C
400.0,0.0,99.0,250.0,0.0,0.0,0.0,0.5,5.0,0.25,175.0,67.11231,BEC,C[N+](C)(C)CCCCCC[N+](C)(C)C
400.0,0.0,99.0,250.0,0.0,0.0,0.0,0.5002152,6.6666665,0.27460733,130.0,144.0,BEC,C[N+](C)(C)CCCCCC[N+](C)(C)C
400.0,0.0,10.001101,250.0,0.0,0.0,0.0,0.25,2.5,0.25,175.0,336.0,BEC,C[N+](C)(C)CCCCCC[N+](C)(C)C
400.0,0.0,10.001101,250.0,0.0,0.0,0.0,0.0,4.8076925,0.25,175.0,360.0,BEC,C[N+](C)(C)CCCCCC[N+](C)(C)C
400.0,0.0,14.992504,250.0,0.0,0.0,0.0,0.49019608,4.378514,0.24600972,175.0,120.0,BEC,C[N+](C)(C)CCCCCC[N+](C)(C)C
400.0,0.0,10.001101,250.0,0.0,0.0,0.0,0.0,5.0,0.25,175.0,433.85468,BEC,C[N+](C)(C)CCCCCC[N+](C)(C)C
400.0,0.0,10.001101,250.0,0.0,0.0,0.0,0.28105637,4.8599954,0.25,175.0,336.0,BEC,C[N+](C)(C)CCCCCC[N+](C)(C)C
400.0,0.0,4.0,250.0,0.0,0.0,0.0,0.19313955,4.0,0.24956095,175.0,360.0,BEC,C[N+](C)(C)CCCCCC[N+](C)(C)C
400.0,0.0,16.91231,250.0,0.0,0.0,0.0,0.5,4.92832,0.25,175.0,72.0,BEC,C[N+](C)(C)CCCCCC[N+](C)(C)C
400.0,0.0,10.001101,250.0,0.0,0.0,0.0,0.0,5.8116665,0.25252524,175.0,360.0,BEC,C[N+](C)(C)CCCCCC[N+](C)(C)C
400.0,0.0,99.0,250.0,0.0,0.0,0.0,0.0,4.908398,0.25,175.0,336.0,BEC,C[N+](C)(C)CCCCCC[N+](C)(C)C
50.0,1.7179967,10.001101,250.0,0.0,0.0,0.0,0.5,4.453067,0.22727273,180.0,72.0,BEC,C[N+](C)(C)CCCCCC[N+](C)(C)C
400.0,0.0,10.001101,250.0,0.0,0.0,0.0,0.5,5.968139,0.25,175.0,168.0,BEC,C[N+](C)(C)CCCCCC[N+](C)(C)C
400.0,0.0,99.0,250.0,0.0,0.0,0.0,0.5,7.0,0.2700532,130.0,504.0,BEC,C[N+](C)(C)CCCCCC[N+](C)(C)C
59.188442,1.7179967,23.855022,250.0,0.0,0.0,0.0,0.0,4.0,0.23832482,170.0,168.0,BEC,C[N+](C)(C)CCCCCC[N+](C)(C)C
400.0,0.0,2.030303,250.0,0.0,0.0,0.0,0.5,4.5,0.25,175.0,336.0,BEC,C[N+](C)(C)CCCCCC[N+](C)(C)C
400.0,0.0,4.9955325,250.0,0.0,0.0,0.0,0.0,5.0,0.25,175.0,351.5523,BEC,C[N+](C)(C)CCCCCC[N+](C)(C)C
400.0,0.0,5.0,250.0,0.0,0.0,0.0,0.5,6.169904,0.25,175.0,336.0,BEC,C[N+](C)(C)CCCCCC[N+](C)(C)C
400.0,0.0,99.0,250.0,0.0,0.0,0.0,0.5,3.0,0.24170709,175.0,336.0,BEC,C[N+](C)(C)CCCCCC[N+](C)(C)C
400.0,0.0,10.0,250.0,0.0,0.0,0.0,0.0,4.8009515,0.25,175.0,144.0,BEC,C[N+](C)(C)CCCCCC[N+](C)(C)C
400.0,0.0,10.001101,250.0,0.0,0.0,0.0,0.5,4.6464186,0.25,175.0,48.0,BEC,C[N+](C)(C)CCCCCC[N+](C)(C)C
400.0,0.0,10.001101,250.0,0.0,0.0,0.0,0.0,5.489648,0.25,175.0,336.0,BEC,C[N+](C)(C)CCCCCC[N+](C)(C)C
400.0,0.0,2.0,250.0,0.0,0.0,0.0,0.24120902,5.0,0.11742406,175.0,336.0,BEC,C[N+](C)(C)CCCCCC[N+](C)(C)C
400.0,0.0,99.0,250.0,0.0,0.0,0.0,0.4900155,2.857143,0.25,175.0,336.0,BEC,C[N+](C)(C)CCCCCC[N+](C)(C)C
40.0,1.7179967,99.0,250.0,0.0,0.0,0.0,0.480352,4.901961,0.24960643,150.0,0.0,BEC,C[N+](C)(C)CCCCCC[N+](C)(C)C
400.0,0.0,2.0,250.0,0.0,0.0,0.0,0.5,6.728264,0.23474416,175.0,336.0,BEC,C[N+](C)(C)CCCCCC[N+](C)(C)C
400.0,0.0,99.0,250.0,0.0,0.0,0.0,0.47623432,4.70566,0.25,175.0,168.0,BEC,C[N+](C)(C)CCCCCC[N+](C)(C)C
400.0,0.0,99.0,250.0,0.0,0.0,0.0,0.21951123,4.9031644,0.25,175.0,336.0,BEC,C[N+](C)(C)CCCCCC[N+](C)(C)C
400.0,0.0,15.0,250.0,0.0,0.0,0.0,0.0,4.9717016,0.25,175.0,360.0,BEC,C[N+](C)(C)CCCCCC[N+](C)(C)C
400.0,0.0,99.0,250.0,0.0,0.0,0.0,0.0,4.9012012,0.25,175.0,240.0,BEC,C[N+](C)(C)CCCCCC[N+](C)(C)C
400.0,0.0,99.0,250.0,0.0,0.0,0.0,0.5,5.0,0.25,175.0,71.53415,BEC,C[N+](C)(C)CCCCCC[N+](C)(C)C
400.0,0.0,10.0,250.0,0.0,0.0,0.0,0.5,4.7371545,0.25,175.0,336.0,BEC,C[N+](C)(C)CCCCCC[N+](C)(C)C
50.0,1.7179967,10.001101,250.0,0.0,0.0,0.0,0.5,4.5454545,0.23809524,175.0,144.0,BEC,C[N+](C)(C)CCCCCC[N+](C)(C)C
400.0,0.0,99.0,250.0,0.0,0.0,0.0,0.0,5.4951763,0.26878554,175.0,360.0,BEC,C[N+](C)(C)CCCCCC[N+](C)(C)C
400.0,0.0,10.0,250.0,0.0,0.0,0.0,0.5,4.4072375,0.25,175.0,144.0,BEC,C[N+](C)(C)CCCCCC[N+](C)(C)C
400.0,0.0,10.001101,250.0,0.0,0.0,0.0,0.5013396,7.0,0.29411766,140.0,15.725069,BEC,C[N+](C)(C)CCCCCC[N+](C)(C)C
400.0,0.0,4.9880238,250.0,0.0,0.0,0.0,0.5,4.987415,0.25,175.0,336.0,BEC,C[N+](C)(C)CCCCCC[N+](C)(C)C
400.0,0.0,99.0,250.0,0.0,0.0,0.0,0.5,4.6229434,0.25,175.0,336.0,BEC,C[N+](C)(C)CCCCCC[N+](C)(C)C
400.0,0.0,4.9880238,250.0,0.0,0.0,0.0,0.5,5.0,0.25,175.0,336.0,BEC,C[N+](C)(C)CCCCCC[N+](C)(C)C
400.0,0.0,10.001101,250.0,0.0,0.0,0.0,0.0,6.3636365,0.25,175.0,240.0,BEC,C[N+](C)(C)CCCCCC[N+](C)(C)C
400.0,0.0,2.030303,250.0,0.0,0.0,0.0,0.0,5.010304,0.25,175.0,336.0,BEC,C[N+](C)(C)CCCCCC[N+](C)(C)C
400.0,0.0,4.87664,250.0,0.0,0.0,0.0,0.5,4.8076925,0.23809524,175.0,96.0,BEC,C[N+](C)(C)CCCCCC[N+](C)(C)C
400.0,0.0,10.001101,250.0,0.0,0.0,0.0,0.0,5.408589,0.25,175.0,312.88193,BEC,C[N+](C)(C)CCCCCC[N+](C)(C)C
400.0,0.0,99.0,250.0,0.0,0.0,0.0,0.5,2.5,0.25,175.0,168.0,BEC,C[N+](C)(C)CCCCCC[N+](C)(C)C
45.007057,1.7179967,99.0,250.0,0.0,0.0,0.0,0.48,4.7707806,0.23809524,130.0,336.0,BEC,C[N+](C)(C)CCCCCC[N+](C)(C)C
400.0,0.0,99.0,250.0,0.0,0.0,0.0,0.54,3.0,0.25,175.0,336.0,BEC,C[N+](C)(C)CCCCCC[N+](C)(C)C
400.0,0.0,10.001101,250.0,0.0,0.0,0.0,0.0,4.901961,0.25241897,175.0,336.0,BEC,C[N+](C)(C)CCCCCC[N+](C)(C)C
400.0,0.0,4.9880238,250.0,0.0,0.0,0.0,0.0,4.868965,0.25,175.0,360.0,BEC,C[N+](C)(C)CCCCCC[N+](C)(C)C
400.0,0.0,5.0,250.0,0.0,0.0,0.0,0.1772878,4.5965214,0.25,175.0,168.0,BEC,C[N+](C)(C)CCCCCC[N+](C)(C)C
400.0,0.0,14.994402,250.0,0.0,0.0,0.0,0.5,5.6,0.28150582,135.0,15.783402,BEC,C[N+](C)(C)CCCCCC[N+](C)(C)C
400.0,0.0,10.001101,250.0,0.0,0.0,0.0,0.5,7.0,0.27272728,135.0,20.0,BEC,C[N+](C)(C)CCCCCC[N+](C)(C)C
40.0,1.7179967,10.001101,250.0,0.0,0.0,0.0,0.49019608,4.8605223,0.24750197,150.0,24.0,BEC,C[N+](C)(C)CCCCCC[N+](C)(C)C
400.0,0.0,10.001101,250.0,0.0,0.0,0.0,0.5,3.6624806,0.24423836,175.0,336.0,BEC,C[N+](C)(C)CCCCCC[N+](C)(C)C
400.0,0.0,5.6443057,250.0,0.0,0.0,0.0,0.5,5.0,0.25,175.0,24.0,BEC,C[N+](C)(C)CCCCCC[N+](C)(C)C
29.983616,1.7179967,10.001101,250.0,0.0,0.0,0.0,0.0,4.5454545,0.2433098,165.0,144.0,BEC,C[N+](C)(C)CCCCCC[N+](C)(C)C
24.054579,1.7179967,4.0,250.0,0.0,0.0,0.0,0.0,3.8552318,0.22727273,160.0,299.11087,BEC,C[N+](C)(C)CCCCCC[N+](C)(C)C
400.0,0.0,8.890879,250.0,0.0,0.0,0.0,0.0,4.702327,0.25,175.0,336.0,BEC,C[N+](C)(C)CCCCCC[N+](C)(C)C
400.0,0.0,10.001101,250.0,0.0,0.0,0.0,0.5,4.98755,0.25,175.0,72.0,BEC,C[N+](C)(C)CCCCCC[N+](C)(C)C
400.0,0.0,99.0,250.0,0.0,0.0,0.0,0.0,0.0,0.0,175.0,360.0,BEC,C[N+](C)(C)CCCCCC[N+](C)(C)C
400.0,0.0,99.0,250.0,0.0,0.0,0.0,0.5326264,7.564765,0.29411766,135.0,65.0,BEC,C[N+](C)(C)CCCCCC[N+](C)(C)C
400.0,0.0,4.0,250.0,0.0,0.0,0.0,0.41211882,3.8492548,0.2,175.0,336.0,BEC,C[N+](C)(C)CCCCCC[N+](C)(C)C
400.0,0.0,5.0,250.0,0.0,0.0,0.0,0.50004476,5.4228106,0.25,175.0,288.0,BEC,C[N+](C)(C)CCCCCC[N+](C)(C)C
400.0,0.0,10.001101,250.0,0.0,0.0,0.0,0.25,6.3636365,0.25,175.0,336.0,BEC,C[N+](C)(C)CCCCCC[N+](C)(C)C
400.0,0.0,99.0,250.0,0.0,0.0,0.0,0.5,3.0,0.25,175.0,336.0,BEC,C[N+](C)(C)CCCCCC[N+](C)(C)C
400.0,0.0,99.0,250.0,0.0,0.0,0.0,0.0,5.0,0.25,175.0,207.42859,BEC,C[N+](C)(C)CCCCCC[N+](C)(C)C
50.0,1.7179967,99.0,250.0,0.0,0.0,0.0,0.0,5.0,0.47490364,191.59592,72.0,BEC,C[N+](C)(C)CCCCCC[N+](C)(C)C
400.0,0.0,2.0011663,250.0,0.0,0.0,0.0,0.5,6.6666665,0.2777778,135.0,16.0,BEC,C[N+](C)(C)CCCCCC[N+](C)(C)C
400.0,0.0,5.0,250.0,0.0,0.0,0.0,0.0,4.6940594,0.25,175.0,346.9169,BEC,C[N+](C)(C)CCCCCC[N+](C)(C)C
400.0,0.0,4.0,250.0,0.0,0.0,0.0,0.5,5.0,0.2654296,132.96802,853.1749,BEC,C[N+](C)(C)CCCCCC[N+](C)(C)C
98.71721,1.7179967,99.0,250.0,0.0,0.0,0.0,0.47619048,4.9436717,0.2452539,150.0,0.0,BEC,C[N+](C)(C)CCCCCC[N+](C)(C)C
26.084208,1.7179967,6.5251565,250.0,0.0,0.0,0.0,0.5,5.254667,0.23824358,160.0,336.0,BEC,C[N+](C)(C)CCCCCC[N+](C)(C)C
400.0,0.0,4.0,250.0,0.0,0.0,0.0,0.0,5.0,0.25,175.0,480.0,BEC,C[N+](C)(C)CCCCCC[N+](C)(C)C
400.0,0.0,99.0,250.0,0.0,0.0,0.0,0.0,4.953935,0.27764496,175.0,130.3844,BEC,C[N+](C)(C)CCCCCC[N+](C)(C)C
400.0,0.0,4.99905,250.0,0.0,0.0,0.0,0.5,6.6666665,0.25641027,135.0,360.0,BEC,C[N+](C)(C)CCCCCC[N+](C)(C)C
400.0,0.0,99.0,250.0,0.0,0.0,0.0,0.5287832,6.861434,0.27587035,135.0,18.555283,BEC,C[N+](C)(C)CCCCCC[N+](C)(C)C
400.0,0.0,99.0,250.0,0.0,0.0,0.0,0.0,6.41022,0.25,175.0,384.0,BEC,C[N+](C)(C)CCCCCC[N+](C)(C)C
400.0,0.0,99.0,250.0,0.0,0.0,0.0,0.5414544,6.750167,0.25,175.0,336.0,BEC,C[N+](C)(C)CCCCCC[N+](C)(C)C
400.0,0.0,2.0,250.0,0.0,0.0,0.0,0.32016805,5.0,0.25,175.0,336.0,BEC,C[N+](C)(C)CCCCCC[N+](C)(C)C
400.0,0.0,99.0,250.0,0.0,0.0,0.0,0.48,5.0,0.25,175.0,180.71198,BEC,C[N+](C)(C)CCCCCC[N+](C)(C)C
400.0,0.0,10.001101,250.0,0.0,0.0,0.0,0.532849,6.796743,0.25394422,135.0,24.0,BEC,C[N+](C)(C)CCCCCC[N+](C)(C)C
40.0,1.7179967,99.0,250.0,0.0,0.0,0.0,0.49019608,4.8079114,0.25,150.0,0.0,BEC,C[N+](C)(C)CCCCCC[N+](C)(C)C
400.0,0.0,99.0,250.0,0.0,0.0,0.0,0.5,7.304039,0.3,135.0,120.0,BEC,C[N+](C)(C)CCCCCC[N+](C)(C)C
33.333332,1.7179967,10.001101,250.0,0.0,0.0,0.0,0.5,5.0,0.24053814,160.0,13.251274,BEC,C[N+](C)(C)CCCCCC[N+](C)(C)C
400.0,0.0,10.0,250.0,0.0,0.0,0.0,0.5,5.0,0.2702012,135.0,24.0,BEC,C[N+](C)(C)CCCCCC[N+](C)(C)C
400.0,0.0,10.001101,250.0,0.0,0.0,0.0,0.0,5.0,0.25,175.0,360.0,BEC,C[N+](C)(C)CCCCCC[N+](C)(C)C
400.0,0.0,5.0,250.0,0.0,0.0,0.0,0.5,4.9361963,0.25,175.0,336.0,BEC,C[N+](C)(C)CCCCCC[N+](C)(C)C
400.0,0.0,4.9880238,250.0,0.0,0.0,0.0,0.25,3.9755235,0.2475223,175.0,240.22792,BEC,C[N+](C)(C)CCCCCC[N+](C)(C)C
400.0,0.0,5.0,250.0,0.0,0.0,0.0,0.0,4.9772015,0.25,175.0,168.0,BEC,C[N+](C)(C)CCCCCC[N+](C)(C)C
400.0,0.0,4.0,250.0,0.0,0.0,0.0,0.5,4.9920073,0.25,175.0,246.3967,BEC,C[N+](C)(C)CCCCCC[N+](C)(C)C
400.0,0.0,4.9880996,250.0,0.0,0.0,0.0,0.5,2.857143,0.23809524,175.0,336.0,BEC,C[N+](C)(C)CCCCCC[N+](C)(C)C
25.0,1.7179967,14.151109,250.0,0.0,0.0,0.0,0.5,4.6421256,0.23809524,180.0,72.0,BEC,C[N+](C)(C)CCCCCC[N+](C)(C)C
400.0,0.0,10.001101,250.0,0.0,0.0,0.0,0.5,4.0,0.25,175.0,336.0,BEC,C[N+](C)(C)CCCCCC[N+](C)(C)C
400.0,0.0,10.001101,250.0,0.0,0.0,0.0,0.0,4.9070234,0.25,175.0,168.0,BEC,C[N+](C)(C)CCCCCC[N+](C)(C)C
400.0,0.0,6.059777,250.0,0.0,0.0,0.0,0.5,4.7070174,0.25,175.0,336.0,BEC,C[N+](C)(C)CCCCCC[N+](C)(C)C
400.0,0.0,10.001101,250.0,0.0,0.0,0.0,0.0,6.0351567,0.27272728,175.0,360.0,BEC,C[N+](C)(C)CCCCCC[N+](C)(C)C
400.0,0.0,4.9880238,250.0,0.0,0.0,0.0,0.5,4.697808,0.24038461,175.0,336.0,BEC,C[N+](C)(C)CCCCCC[N+](C)(C)C
400.0,0.0,3.7187603,250.0,0.0,0.0,0.0,0.5,6.6666665,0.24038461,175.0,336.0,BEC,C[N+](C)(C)CCCCCC[N+](C)(C)C
50.0,1.7179967,16.206345,250.0,0.0,0.0,0.0,0.49926627,4.8226156,0.24233046,150.0,0.0,BEC,C[N+](C)(C)CCCCCC[N+](C)(C)C
400.0,0.0,11.28199,250.0,0.0,0.0,0.0,0.5,7.000531,0.25,175.0,168.0,BEC,C[N+](C)(C)CCCCCC[N+](C)(C)C
400.0,0.0,99.0,250.0,0.0,0.0,0.0,0.0,5.0,0.25,175.0,72.0,BEC,C[N+](C)(C)CCCCCC[N+](C)(C)C
30.0,1.7179967,11.200476,250.0,0.0,0.0,0.0,0.66697884,3.9564457,0.2293578,180.0,65.0,BEC,C[N+](C)(C)CCCCCC[N+](C)(C)C
400.0,0.0,99.0,250.0,0.0,0.0,0.0,0.5,6.8012595,0.25,175.0,336.0,BEC,C[N+](C)(C)CCCCCC[N+](C)(C)C
30.30303,1.7179967,10.001101,250.0,0.0,0.0,0.0,0.0,4.7716994,0.22727273,160.0,133.48126,BEC,C[N+](C)(C)CCCCCC[N+](C)(C)C
400.0,0.0,4.0,250.0,0.0,0.0,0.0,0.0,4.7035823,0.24509804,175.0,350.50055,BEC,C[N+](C)(C)CCCCCC[N+](C)(C)C
400.0,0.0,10.001101,250.0,0.0,0.0,0.0,0.52109,4.9934106,0.26657575,135.0,505.8032,BEC,C[N+](C)(C)CCCCCC[N+](C)(C)C
400.0,0.0,4.9883804,250.0,0.0,0.0,0.0,0.0,4.7546177,0.25231433,175.0,384.0,BEC,C[N+](C)(C)CCCCCC[N+](C)(C)C
400.0,0.0,4.999035,250.0,0.0,0.0,0.0,0.0,4.5,0.25,175.0,336.0,BEC,C[N+](C)(C)CCCCCC[N+](C)(C)C
50.0,1.7179967,99.0,250.0,0.0,0.0,0.0,0.5,4.8076925,0.25,129.27502,336.0,BEC,C[N+](C)(C)CCCCCC[N+](C)(C)C
400.0,0.0,9.894557,250.0,0.0,0.0,0.0,0.5,4.692228,0.25,175.0,168.0,BEC,C[N+](C)(C)CCCCCC[N+](C)(C)C
60.867245,1.7179967,10.001101,250.0,0.0,0.0,0.0,0.5659857,4.358335,0.22727273,180.0,65.0,BEC,C[N+](C)(C)CCCCCC[N+](C)(C)C
400.0,0.0,9.006046,250.0,0.0,0.0,0.0,0.0,5.0,0.25,175.0,336.0,BEC,C[N+](C)(C)CCCCCC[N+](C)(C)C
100.0,1.7179967,99.0,250.0,0.0,0.0,0.0,0.5,4.5454545,0.23809524,180.0,48.0,BEC,C[N+](C)(C)CCCCCC[N+](C)(C)C
400.0,0.0,10.001101,250.0,0.0,0.0,0.0,0.5,4.7836385,0.24509804,175.0,256.5523,BEC,C[N+](C)(C)CCCCCC[N+](C)(C)C
400.0,0.0,10.001101,250.0,0.0,0.0,0.0,0.21804658,4.0,0.25,175.0,120.0,BEC,C[N+](C)(C)CCCCCC[N+](C)(C)C
400.0,0.0,4.9988666,250.0,0.0,0.0,0.0,0.3759008,4.562543,0.24509804,175.0,168.0,BEC,C[N+](C)(C)CCCCCC[N+](C)(C)C
400.0,0.0,4.7599173,250.0,0.0,0.0,0.0,0.5,4.9027963,0.25,175.0,360.0,BEC,C[N+](C)(C)CCCCCC[N+](C)(C)C
400.0,0.0,99.0,250.0,0.0,0.0,0.0,0.50045896,6.878149,0.28046864,135.0,24.0,BEC,C[N+](C)(C)CCCCCC[N+](C)(C)C
400.0,0.0,14.935728,250.0,0.0,0.0,0.0,0.0,4.7772894,0.25,175.0,168.0,BEC,C[N+](C)(C)CCCCCC[N+](C)(C)C
50.0,1.7179967,6.578174,250.0,0.0,0.0,0.0,0.5,4.905658,0.25,160.0,336.0,BEC,C[N+](C)(C)CCCCCC[N+](C)(C)C
400.0,0.0,5.0,250.0,0.0,0.0,0.0,0.4805586,6.2677298,0.25641027,175.0,360.0,BEC,C[N+](C)(C)CCCCCC[N+](C)(C)C
400.0,0.0,10.001101,250.0,0.0,0.0,0.0,0.59831786,6.3636365,0.24509804,175.0,281.34604,BEC,C[N+](C)(C)CCCCCC[N+](C)(C)C
400.0,0.0,99.0,250.0,0.0,0.0,0.0,0.25272766,2.7272727,0.25,175.0,336.0,BEC,C[N+](C)(C)CCCCCC[N+](C)(C)C
400.0,0.0,99.0,250.0,0.0,0.0,0.0,0.5344781,8.050473,0.25,175.0,168.0,BEC,C[N+](C)(C)CCCCCC[N+](C)(C)C
400.0,0.0,5.9979296,250.0,0.0,0.0,0.0,0.49949843,3.5,0.25,175.0,336.0,BEC,C[N+](C)(C)CCCCCC[N+](C)(C)C
400.0,0.0,10.001101,250.0,0.0,0.0,0.0,0.5,2.857143,0.25,175.0,310.57965,BEC,C[N+](C)(C)CCCCCC[N+](C)(C)C
400.0,0.0,7.7460957,250.0,0.0,0.0,0.0,0.0,4.1886234,0.23809524,175.0,336.0,BEC,C[N+](C)(C)CCCCCC[N+](C)(C)C
400.0,0.0,6.574961,250.0,0.0,0.0,0.0,0.0,4.8478937,0.25,175.0,336.0,BEC,C[N+](C)(C)CCCCCC[N+](C)(C)C
400.0,0.0,4.998967,250.0,0.0,0.0,0.0,0.5,4.8445764,0.25,175.0,336.0,BEC,C[N+](C)(C)CCCCCC[N+](C)(C)C
400.0,0.0,2.0,250.0,0.0,0.0,0.0,0.4439864,5.0,0.2513835,175.0,336.0,BEC,C[N+](C)(C)CCCCCC[N+](C)(C)C
400.0,0.0,5.0,250.0,0.0,0.0,0.0,0.5,6.6666665,0.25,175.0,336.0,BEC,C[N+](C)(C)CCCCCC[N+](C)(C)C
400.0,0.0,99.0,250.0,0.0,0.0,0.0,0.0,5.0,0.25,175.0,360.0,BEC,C[N+](C)(C)CCCCCC[N+](C)(C)C
400.0,0.0,9.67056,250.0,0.0,0.0,0.0,0.48,3.0,0.24700722,175.0,336.0,BEC,C[N+](C)(C)CCCCCC[N+](C)(C)C
400.0,0.0,24.027617,250.0,0.0,0.0,0.0,0.0,4.955805,0.25,175.0,96.0,BEC,C[N+](C)(C)CCCCCC[N+](C)(C)C
400.0,0.0,5.0,250.0,0.0,0.0,0.0,0.5,3.0,0.25,175.0,336.0,BEC,C[N+](C)(C)CCCCCC[N+](C)(C)C
400.0,0.0,99.0,250.0,0.0,0.0,0.0,0.0,5.0,0.25,175.0,336.0,BEC,C[N+](C)(C)CCCCCC[N+](C)(C)C
400.0,0.0,99.0,250.0,0.0,0.0,0.0,0.0,4.990938,0.24824001,175.0,288.0,BEC,C[N+](C)(C)CCCCCC[N+](C)(C)C
400.0,0.0,4.0,250.0,0.0,0.0,0.0,0.0,4.735388,0.25,175.0,336.0,BEC,C[N+](C)(C)CCCCCC[N+](C)(C)C
400.0,0.0,99.0,250.0,0.0,0.0,0.0,0.0,4.1238756,0.25,175.0,336.0,BEC,C[N+](C)(C)CCCCCC[N+](C)(C)C
400.0,0.0,9.973658,250.0,0.0,0.0,0.0,0.0,4.4346137,0.24567416,175.0,288.0,BEC,C[N+](C)(C)CCCCCC[N+](C)(C)C
400.0,0.0,99.0,250.0,0.0,0.0,0.0,0.51428086,7.0,0.2803089,135.0,336.0,BEC,C[N+](C)(C)CCCCCC[N+](C)(C)C
400.0,0.0,5.0,250.0,0.0,0.0,0.0,0.5,6.347473,0.25,135.0,504.0,BEC,C[N+](C)(C)CCCCCC[N+](C)(C)C
400.0,0.0,10.001101,250.0,0.0,0.0,0.0,0.0,4.8142204,0.25,175.0,336.0,BEC,C[N+](C)(C)CCCCCC[N+](C)(C)C
400.0,0.0,10.001101,250.0,0.0,0.0,0.0,0.5,5.047556,0.2582247,135.0,336.0,BEC,C[N+](C)(C)CCCCCC[N+](C)(C)C
400.0,0.0,3.3839982,250.0,0.0,0.0,0.0,0.49006745,4.203827,0.25,175.0,48.0,BEC,C[N+](C)(C)CCCCCC[N+](C)(C)C
400.0,0.0,6.6193314,250.0,0.0,0.0,0.0,0.0,4.5454545,0.25,175.0,327.89148,BEC,C[N+](C)(C)CCCCCC[N+](C)(C)C
400.0,0.0,10.0,250.0,0.0,0.0,0.0,0.0,4.983205,0.25,175.0,131.52422,BEC,C[N+](C)(C)CCCCCC[N+](C)(C)C
400.0,0.0,4.0,250.0,0.0,0.0,0.0,0.0,4.901961,0.24973053,175.0,336.0,BEC,C[N+](C)(C)CCCCCC[N+](C)(C)C
400.0,0.0,5.0,250.0,0.0,0.0,0.0,0.0,5.0,0.25,175.0,336.0,BEC,C[N+](C)(C)CCCCCC[N+](C)(C)C
400.0,0.0,4.989704,250.0,0.0,0.0,0.0,0.25,4.4985356,0.25,175.0,360.0,BEC,C[N+](C)(C)CCCCCC[N+](C)(C)C
400.0,0.0,10.001101,250.0,0.0,0.0,0.0,0.5,6.0510063,0.28573558,135.0,24.0,BEC,C[N+](C)(C)CCCCCC[N+](C)(C)C
400.0,0.0,8.553467,250.0,0.0,0.0,0.0,0.0,5.0,0.25641027,175.0,336.0,BEC,C[N+](C)(C)CCCCCC[N+](C)(C)C
400.0,0.0,10.001101,250.0,0.0,0.0,0.0,0.25,4.5055428,0.25,175.0,288.0,BEC,C[N+](C)(C)CCCCCC[N+](C)(C)C
400.0,0.0,9.007901,250.0,0.0,0.0,0.0,0.5,8.333333,0.25252524,139.67007,16.0,BEC,C[N+](C)(C)CCCCCC[N+](C)(C)C
400.0,0.0,10.001101,250.0,0.0,0.0,0.0,0.0,5.6,0.25,175.0,336.0,BEC,C[N+](C)(C)CCCCCC[N+](C)(C)C
50.0,1.7179967,10.001101,250.0,0.0,0.0,0.0,0.5,4.1694508,0.22727273,180.0,65.0,BEC,C[N+](C)(C)CCCCCC[N+](C)(C)C
400.0,0.0,5.0,250.0,0.0,0.0,0.0,0.47619048,5.0,0.25,175.0,168.0,BEC,C[N+](C)(C)CCCCCC[N+](C)(C)C
400.0,0.0,4.0,250.0,0.0,0.0,0.0,0.47222957,4.610629,0.24194504,175.0,84.81304,BEC,C[N+](C)(C)CCCCCC[N+](C)(C)C
67.68508,1.7179967,20.0,250.0,0.0,0.0,0.0,0.5,4.704337,0.22727273,180.0,67.17502,BEC,C[N+](C)(C)CCCCCC[N+](C)(C)C
400.0,0.0,99.0,250.0,0.0,0.0,0.0,0.5,4.7621217,0.24944687,175.0,92.93799,BEC,C[N+](C)(C)CCCCCC[N+](C)(C)C
400.0,0.0,99.0,250.0,0.0,0.0,0.0,0.6666667,6.4207153,0.27272728,130.0,288.0,BEC,C[N+](C)(C)CCCCCC[N+](C)(C)C
400.0,0.0,10.001101,250.0,0.0,0.0,0.0,0.517153,7.014585,0.2737499,135.0,144.0,BEC,C[N+](C)(C)CCCCCC[N+](C)(C)C
400.0,0.0,99.0,250.0,0.0,0.0,0.0,0.5,6.6666665,0.28844377,133.41344,96.0,BEC,C[N+](C)(C)CCCCCC[N+](C)(C)C
400.0,0.0,99.0,250.0,0.0,0.0,0.0,0.5,6.6666665,0.28009957,135.0,96.0,BEC,C[N+](C)(C)CCCCCC[N+](C)(C)C
400.0,0.0,99.0,250.0,0.0,0.0,0.0,0.5,6.3636365,0.25,175.0,120.0,BEC,C[N+](C)(C)CCCCCC[N+](C)(C)C
400.0,0.0,99.0,250.0,0.0,0.0,0.0,0.5,2.8929303,0.25,175.0,168.0,BEC,C[N+](C)(C)CCCCCC[N+](C)(C)C
400.0,0.0,9.00883,250.0,0.0,0.0,0.0,0.23809524,4.5417323,0.25,175.0,96.0,BEC,C[N+](C)(C)CCCCCC[N+](C)(C)C
400.0,0.0,10.001101,250.0,0.0,0.0,0.0,0.0,4.9885426,0.25,175.0,89.07538,BEC,C[N+](C)(C)CCCCCC[N+](C)(C)C
400.0,0.0,2.0,250.0,0.0,0.0,0.0,0.5,5.939053,0.25,170.0,336.0,BEC,C[N+](C)(C)CCCCCC[N+](C)(C)C
400.0,0.0,99.0,250.0,0.0,0.0,0.0,0.5,50.0,0.25,135.0,72.0,BEC,C[N+](C)(C)CCCCCC[N+](C)(C)C
400.0,0.0,2.0,250.0,0.0,0.0,0.0,0.39952898,4.609564,0.24038461,175.0,336.0,BEC,C[N+](C)(C)CCCCCC[N+](C)(C)C
400.0,0.0,9.008844,250.0,0.0,0.0,0.0,0.0,4.907362,0.25,175.0,360.0,BEC,C[N+](C)(C)CCCCCC[N+](C)(C)C
400.0,0.0,2.4503977,250.0,0.0,0.0,0.0,0.0,5.0,0.25,175.0,336.0,BEC,C[N+](C)(C)CCCCCC[N+](C)(C)C
400.0,0.0,15.0,250.0,0.0,0.0,0.0,0.5,6.890839,0.25252524,140.0,132.0,BEC,C[N+](C)(C)CCCCCC[N+](C)(C)C
400.0,0.0,99.0,250.0,0.0,0.0,0.0,0.43165207,2.7272727,0.25,175.0,336.0,BEC,C[N+](C)(C)CCCCCC[N+](C)(C)C
400.0,0.0,6.4778366,250.0,0.0,0.0,0.0,0.0,4.962705,0.25,175.0,360.0,BEC,C[N+](C)(C)CCCCCC[N+](C)(C)C
30.30303,1.7179967,4.9991164,250.0,0.0,0.0,0.0,0.5,4.762007,0.22018369,175.0,336.0,BEC,C[N+](C)(C)CCCCCC[N+](C)(C)C
400.0,0.0,99.0,250.0,0.0,0.0,0.0,0.5,4.4668527,0.24509804,175.0,192.0,BEC,C[N+](C)(C)CCCCCC[N+](C)(C)C
400.0,0.0,4.649284,250.0,0.0,0.0,0.0,0.0,5.0,0.24740815,175.0,336.0,BEC,C[N+](C)(C)CCCCCC[N+](C)(C)C
400.0,0.0,4.9880238,250.0,0.0,0.0,0.0,0.4,3.3179858,0.25,175.0,240.0,BEC,C[N+](C)(C)CCCCCC[N+](C)(C)C
400.0,0.0,99.0,250.0,0.0,0.0,0.0,0.5,5.769207,0.30844697,125.96524,120.0,BEC,C[N+](C)(C)CCCCCC[N+](C)(C)C
400.0,0.0,2.1888375,250.0,0.0,0.0,0.0,0.5815833,5.790929,0.25,175.0,336.0,BEC,C[N+](C)(C)CCCCCC[N+](C)(C)C
400.0,0.0,4.0,250.0,0.0,0.0,0.0,0.0,5.9082613,0.25,175.0,336.0,BEC,C[N+](C)(C)CCCCCC[N+](C)(C)C
400.0,0.0,99.0,250.0,0.0,0.0,0.0,0.5302178,6.8683896,0.29411766,134.00504,96.0,BEC,C[N+](C)(C)CCCCCC[N+](C)(C)C
400.0,0.0,4.9880238,250.0,0.0,0.0,0.0,0.49019608,3.5,0.25,175.0,168.0,BEC,C[N+](C)(C)CCCCCC[N+](C)(C)C
400.0,0.0,2.0,250.0,0.0,0.0,0.0,0.0,4.9230084,0.25,175.0,288.0,BEC,C[N+](C)(C)CCCCCC[N+](C)(C)C
400.0,0.0,10.001101,250.0,0.0,0.0,0.0,0.5,5.0,0.25,175.0,120.0,BEC,C[N+](C)(C)CCCCCC[N+](C)(C)C
400.0,0.0,99.0,250.0,0.0,0.0,0.0,0.50481856,7.5,0.2859086,135.0,168.0,BEC,C[N+](C)(C)CCCCCC[N+](C)(C)C
400.0,0.0,10.001101,250.0,0.0,0.0,0.0,0.0,8.333333,1.1404057,130.0,142.96936,BEC,C[N+](C)(C)CCCCCC[N+](C)(C)C
400.0,0.0,99.0,60.606956,0.0,0.0,0.0,0.42209977,5.0,0.25,175.0,336.0,BEC,C[N+](C)(C)CCCCCC[N+](C)(C)C
400.0,0.0,99.0,250.0,0.0,0.0,0.0,0.5,4.596687,0.25,175.0,168.0,BEC,C[N+](C)(C)CCCCCC[N+](C)(C)C
50.0,1.7179967,15.416955,250.0,0.0,0.0,0.0,0.5,4.472043,0.24509804,180.0,110.0,BEC,C[N+](C)(C)CCCCCC[N+](C)(C)C
400.0,0.0,99.0,250.0,0.0,0.0,0.0,0.5,5.0,0.25,175.0,120.0,BEC,C[N+](C)(C)CCCCCC[N+](C)(C)C
400.0,0.0,13.748524,250.0,0.0,0.0,0.0,0.4415809,6.4220185,0.24910384,175.0,336.0,BEC,C[N+](C)(C)CCCCCC[N+](C)(C)C
400.0,0.0,4.0,250.0,0.0,0.0,0.0,0.0,4.800902,0.25,175.0,336.0,BEC,C[N+](C)(C)CCCCCC[N+](C)(C)C
400.0,0.0,10.0,250.0,0.0,0.0,0.0,0.5,7.5,0.2798188,135.0,21.710863,BEC,C[N+](C)(C)CCCCCC[N+](C)(C)C
400.0,0.0,10.001101,250.0,0.0,0.0,0.0,0.33333334,4.61497,0.24442564,175.0,336.0,BEC,C[N+](C)(C)CCCCCC[N+](C)(C)C
400.0,0.0,99.0,250.0,0.0,0.0,0.0,0.60881287,6.8634415,0.5,135.0,24.0,BEC,C[N+](C)(C)CCCCCC[N+](C)(C)C
400.0,0.0,15.0,250.0,0.0,0.0,0.0,0.48,5.0,0.25,175.0,72.0,BEC,C[N+](C)(C)CCCCCC[N+](C)(C)C
400.0,0.0,99.0,250.0,0.0,0.0,0.0,0.5,4.9869595,0.25,175.0,314.06232,BEC,C[N+](C)(C)CCCCCC[N+](C)(C)C
50.0,1.7179967,10.001101,250.0,0.0,0.0,0.0,0.4418589,4.6848307,0.24509804,150.0,48.0,BEC,C[N+](C)(C)CCCCCC[N+](C)(C)C
27.899689,1.7179967,20.0,250.0,0.0,0.0,0.0,0.4,4.778016,0.24509804,150.0,0.0,BEC,C[N+](C)(C)CCCCCC[N+](C)(C)C
400.0,0.0,99.0,250.0,0.0,0.0,0.0,0.5,3.4891362,0.24038461,175.0,264.0,BEC,C[N+](C)(C)CCCCCC[N+](C)(C)C
400.0,0.0,2.0,250.0,0.0,0.0,0.0,0.4664569,3.0,0.24340306,175.0,336.0,BEC,C[N+](C)(C)CCCCCC[N+](C)(C)C
400.0,0.0,99.0,250.0,0.0,0.0,0.0,0.50527304,4.2728577,0.25,175.0,288.0,BEC,C[N+](C)(C)CCCCCC[N+](C)(C)C
400.0,0.0,10.001101,250.0,0.0,0.0,0.0,0.0,4.0,0.24750377,175.0,168.0,BEC,C[N+](C)(C)CCCCCC[N+](C)(C)C
400.0,0.0,10.001101,250.0,0.0,0.0,0.0,0.0,4.879987,0.25,175.0,144.0,BEC,C[N+](C)(C)CCCCCC[N+](C)(C)C
400.0,0.0,5.691636,250.0,0.0,0.0,0.0,0.0,5.0,0.25,175.0,251.19461,BEC,C[N+](C)(C)CCCCCC[N+](C)(C)C
400.0,0.0,10.001101,250.0,0.0,0.0,0.0,0.49586537,2.959484,0.25,175.0,336.0,BEC,C[N+](C)(C)CCCCCC[N+](C)(C)C
400.0,0.0,4.9991655,250.0,0.0,0.0,0.0,0.5,4.5454545,0.24147685,175.0,336.0,BEC,C[N+](C)(C)CCCCCC[N+](C)(C)C
400.0,0.0,10.001101,250.0,0.0,0.0,0.0,0.46607697,2.857143,0.25,175.0,57.565563,BEC,C[N+](C)(C)CCCCCC[N+](C)(C)C
400.0,0.0,10.001101,250.0,0.0,0.0,0.0,0.5,7.486196,0.26425877,140.0,16.0,BEC,C[N+](C)(C)CCCCCC[N+](C)(C)C
400.0,0.0,9.176039,250.0,0.0,0.0,0.0,0.0,4.858678,0.25,175.0,168.0,BEC,C[N+](C)(C)CCCCCC[N+](C)(C)C
400.0,0.0,10.001101,250.0,0.0,0.0,0.0,0.5,6.1854634,0.27022886,135.0,24.0,BEC,C[N+](C)(C)CCCCCC[N+](C)(C)C
400.0,0.0,5.0,250.0,0.0,0.0,0.0,0.22727273,1.9578326,0.25,175.0,240.0,BEC,C[N+](C)(C)CCCCCC[N+](C)(C)C
400.0,0.0,99.0,250.0,0.0,0.0,0.0,0.5,4.999395,0.25,175.0,216.0,BEC,C[N+](C)(C)CCCCCC[N+](C)(C)C
400.0,0.0,99.0,250.0,0.0,0.0,0.0,0.5,6.349513,0.25,175.0,168.0,BEC,C[N+](C)(C)CCCCCC[N+](C)(C)C
400.0,0.0,99.0,250.0,0.0,0.0,0.0,0.5,7.108047,0.285775,130.0,168.0,BEC,C[N+](C)(C)CCCCCC[N+](C)(C)C
400.0,0.0,99.0,250.0,0.0,0.0,0.0,0.0,4.839471,0.25,175.0,144.0,BEC,C[N+](C)(C)CCCCCC[N+](C)(C)C
400.0,0.0,4.9938517,250.0,0.0,0.0,0.0,0.49444792,3.0,0.25,175.0,240.0,BEC,C[N+](C)(C)CCCCCC[N+](C)(C)C
20.0,1.7179967,10.001101,250.0,0.0,0.0,0.0,0.5,4.8076925,0.25,130.0,336.0,BEC,C[N+](C)(C)CCCCCC[N+](C)(C)C
50.0,1.7179967,10.001101,250.0,0.0,0.0,0.0,0.5360621,4.695139,0.21584454,180.0,72.0,BEC,C[N+](C)(C)CCCCCC[N+](C)(C)C
50.0,1.7179967,30.010468,250.0,0.0,0.0,0.0,0.48391894,4.943334,0.24509804,150.0,0.0,BEC,C[N+](C)(C)CCCCCC[N+](C)(C)C
400.0,0.0,99.0,250.0,0.0,0.0,0.0,0.5,5.630268,0.25,175.0,168.0,BEC,C[N+](C)(C)CCCCCC[N+](C)(C)C
400.0,0.0,15.0,250.0,0.0,0.0,0.0,0.50004625,6.962167,0.29398018,135.0,92.17609,BEC,C[N+](C)(C)CCCCCC[N+](C)(C)C
400.0,0.0,4.9988914,250.0,0.0,0.0,0.0,0.52123374,5.588995,0.28121704,135.0,192.0,BEC,C[N+](C)(C)CCCCCC[N+](C)(C)C
59.988956,1.7179967,13.705714,250.0,0.0,0.0,0.0,0.5,4.0,0.2293578,180.0,72.0,BEC,C[N+](C)(C)CCCCCC[N+](C)(C)C
400.0,0.0,99.0,250.0,0.0,0.0,0.0,0.0,5.0,0.25,175.0,65.0,BEC,C[N+](C)(C)CCCCCC[N+](C)(C)C
400.0,0.0,14.992504,250.0,0.0,0.0,0.0,0.0,5.0,0.25,175.0,336.0,BEC,C[N+](C)(C)CCCCCC[N+](C)(C)C
400.0,0.0,10.0,250.0,0.0,0.0,0.0,0.5,6.6666665,0.25,175.0,336.0,BEC,C[N+](C)(C)CCCCCC[N+](C)(C)C
25.0,1.7179967,10.001101,250.0,0.0,0.0,0.0,0.0,5.0,0.23809524,150.0,1.0,BEC,C[N+](C)(C)CCCCCC[N+](C)(C)C
400.0,0.0,10.001101,250.0,0.0,0.0,0.0,0.5,7.5,0.27764565,135.0,24.0,BEC,C[N+](C)(C)CCCCCC[N+](C)(C)C
30.0,1.7179967,10.001101,250.0,0.0,0.0,0.0,0.5,4.9026146,0.24509804,160.0,336.0,BEC,C[N+](C)(C)CCCCCC[N+](C)(C)C
400.0,0.0,10.001101,250.0,0.0,0.0,0.0,0.5,7.6852856,0.29411766,135.0,120.0,BEC,C[N+](C)(C)CCCCCC[N+](C)(C)C
400.0,0.0,9.000459,250.0,0.0,0.0,0.0,0.5,4.8076925,0.25969464,175.0,24.0,BEC,C[N+](C)(C)CCCCCC[N+](C)(C)C
400.0,0.0,99.0,250.0,0.0,0.0,0.0,0.0,5.0,0.25,175.0,288.0,BEC,C[N+](C)(C)CCCCCC[N+](C)(C)C
400.0,0.0,99.0,250.0,0.0,0.0,0.0,0.0,5.0,0.24739018,175.0,336.0,BEC,C[N+](C)(C)CCCCCC[N+](C)(C)C
400.0,0.0,4.0,250.0,0.0,0.0,0.0,0.4009591,5.6025844,0.25,175.0,273.5615,BEC,C[N+](C)(C)CCCCCC[N+](C)(C)C
400.0,0.0,10.001101,250.0,0.0,0.0,0.0,0.5,6.5576644,0.27297965,135.0,12.0,BEC,C[N+](C)(C)CCCCCC[N+](C)(C)C
400.0,0.0,99.0,250.0,0.0,0.0,0.0,0.0,6.6666665,0.26050732,175.0,336.0,BEC,C[N+](C)(C)CCCCCC[N+](C)(C)C
400.0,0.0,4.0,250.0,0.0,0.0,0.0,0.47135592,4.7017775,0.24934989,175.0,336.0,BEC,C[N+](C)(C)CCCCCC[N+](C)(C)C
60.0,1.7179967,10.0,250.0,0.0,0.0,0.0,0.8525545,3.7688885,0.09677419,180.0,96.0,BEC,C[N+](C)(C)CCCCCC[N+](C)(C)C
400.0,0.0,10.001101,250.0,0.0,0.0,0.0,0.5,6.6666665,0.25709864,135.0,20.0,BEC,C[N+](C)(C)CCCCCC[N+](C)(C)C
400.0,0.0,10.001101,250.0,0.0,0.0,0.0,0.5,6.3636365,0.27036044,135.0,73.06157,BEC,C[N+](C)(C)CCCCCC[N+](C)(C)C
400.0,0.0,99.0,250.0,0.0,0.0,0.0,0.5,1.9948776,0.25,175.0,360.0,BEC,C[N+](C)(C)CCCCCC[N+](C)(C)C
52.178173,1.7179967,30.03003,250.0,0.0,0.0,0.0,0.48,5.0,0.24564333,150.0,0.0,BEC,C[N+](C)(C)CCCCCC[N+](C)(C)C
400.0,0.0,99.0,250.0,0.0,0.0,0.0,0.0,6.0435023,0.25,175.0,288.0,BEC,C[N+](C)(C)CCCCCC[N+](C)(C)C
400.0,0.0,10.001101,250.0,0.0,0.0,0.0,0.52827406,5.457431,0.25,175.0,48.0,BEC,C[N+](C)(C)CCCCCC[N+](C)(C)C
400.0,0.0,6.7730403,250.0,0.0,0.0,0.0,0.5,7.525509,0.25432113,135.0,8.0,BEC,C[N+](C)(C)CCCCCC[N+](C)(C)C
400.0,0.0,99.0,250.0,0.0,0.0,0.0,0.0,5.0,0.25,175.0,168.0,BEC,C[N+](C)(C)CCCCCC[N+](C)(C)C
400.0,0.0,99.0,250.0,0.0,0.0,0.0,0.50042,5.6,0.25,175.0,168.0,BEC,C[N+](C)(C)CCCCCC[N+](C)(C)C
400.0,0.0,24.8321,250.0,0.0,0.0,0.0,0.0,4.79961,0.25,175.0,72.0,BEC,C[N+](C)(C)CCCCCC[N+](C)(C)C
400.0,0.0,10.001101,250.0,0.0,0.0,0.0,0.5043289,6.534255,0.26468593,135.0,24.0,BEC,C[N+](C)(C)CCCCCC[N+](C)(C)C
400.0,0.0,50.177425,250.0,0.0,0.0,0.0,0.0,4.8076925,0.25,175.0,250.72037,BEC,C[N+](C)(C)CCCCCC[N+](C)(C)C
400.0,0.0,10.000917,250.0,0.0,0.0,0.0,0.5,5.0,0.25,175.0,336.0,BEC,C[N+](C)(C)CCCCCC[N+](C)(C)C
400.0,0.0,5.0,250.0,0.0,0.0,0.0,0.0,5.0,0.25,175.0,384.0,BEC,C[N+](C)(C)CCCCCC[N+](C)(C)C
400.0,0.0,99.0,250.0,0.0,0.0,0.0,0.5,6.907972,0.28109175,135.0,111.398636,BEC,C[N+](C)(C)CCCCCC[N+](C)(C)C
68.61315,1.7179967,99.0,250.0,0.0,0.0,0.0,0.25,50.0,0.23809524,150.0,0.0,BEC,C[N+](C)(C)CCCCCC[N+](C)(C)C
42.16141,1.7179967,10.001101,250.0,0.0,0.0,0.0,0.5,4.547493,0.23809524,130.0,356.7797,BEC,C[N+](C)(C)CCCCCC[N+](C)(C)C
400.0,0.0,10.001101,250.0,0.0,0.0,0.0,0.48021883,4.658878,0.25,175.0,336.0,BEC,C[N+](C)(C)CCCCCC[N+](C)(C)C
400.0,0.0,99.0,250.0,0.0,0.0,0.0,0.5055135,7.0,0.2901032,135.0,479.80872,BEC,C[N+](C)(C)CCCCCC[N+](C)(C)C
400.0,0.0,99.0,250.0,0.0,0.0,0.0,0.49999115,4.5454545,0.25,175.0,72.0,BEC,C[N+](C)(C)CCCCCC[N+](C)(C)C
400.0,0.0,4.991099,250.0,0.0,0.0,0.0,0.45454547,4.6873536,0.25,175.0,336.0,BEC,C[N+](C)(C)CCCCCC[N+](C)(C)C
400.0,0.0,16.24731,250.0,0.0,0.0,0.0,0.0,5.0,0.25,175.0,336.0,BEC,C[N+](C)(C)CCCCCC[N+](C)(C)C
400.0,0.0,10.0,250.0,0.0,0.0,0.0,0.5,7.1999674,0.2800798,135.0,24.0,BEC,C[N+](C)(C)CCCCCC[N+](C)(C)C
30.0,1.7179967,5.051633,250.0,0.0,0.0,0.0,0.0,4.7217493,0.2293578,170.0,336.0,BEC,C[N+](C)(C)CCCCCC[N+](C)(C)C
400.0,0.0,5.810271,250.0,0.0,0.0,0.0,0.49017444,4.7874317,0.24751547,175.0,72.0,BEC,C[N+](C)(C)CCCCCC[N+](C)(C)C
45.899696,1.7179967,10.001101,250.0,0.0,0.0,0.0,0.51979846,3.6767232,0.24198297,180.0,72.0,BEC,C[N+](C)(C)CCCCCC[N+](C)(C)C
400.0,0.0,4.067936,250.0,0.0,0.0,0.0,0.5,7.0,0.25252524,135.0,480.0,BEC,C[N+](C)(C)CCCCCC[N+](C)(C)C
400.0,0.0,99.0,250.0,0.0,0.0,0.0,0.5,3.0,0.25,175.0,336.0,BEC,C[N+](C)(C)CCCCCC[N+](C)(C)C
400.0,0.0,6.066141,250.0,0.0,0.0,0.0,0.36379212,4.9224105,0.25,175.0,336.0,BEC,C[N+](C)(C)CCCCCC[N+](C)(C)C
45.0,1.7179967,14.992504,250.0,0.0,0.0,0.0,0.54,4.553132,0.23809524,180.0,48.0,BEC,C[N+](C)(C)CCCCCC[N+](C)(C)C
400.0,0.0,99.0,250.0,0.0,0.0,0.0,0.0,5.0,0.2702193,175.0,362.9314,BEC,C[N+](C)(C)CCCCCC[N+](C)(C)C
400.0,0.0,10.001101,250.0,0.0,0.0,0.0,0.5,6.4556117,0.28111106,131.92018,24.0,BEC,C[N+](C)(C)CCCCCC[N+](C)(C)C
400.0,0.0,2.0,250.0,0.0,0.0,0.0,0.0,4.27365,0.25,175.0,336.0,BEC,C[N+](C)(C)CCCCCC[N+](C)(C)C
400.0,0.0,99.0,250.0,0.0,0.0,0.0,0.0,5.0,0.25,175.0,336.0,BEC,C[N+](C)(C)CCCCCC[N+](C)(C)C
50.0,1.7179967,10.001101,250.0,0.0,0.0,0.0,0.5,4.0,0.24509804,170.0,336.0,BEC,C[N+](C)(C)CCCCCC[N+](C)(C)C
50.0,1.7179967,10.001101,250.0,0.0,0.0,0.0,0.5,4.017475,0.23809524,180.0,78.77509,BEC,C[N+](C)(C)CCCCCC[N+](C)(C)C
70.88373,1.7179967,15.0,250.0,0.0,0.0,0.0,0.5,4.348804,0.24038461,180.0,48.0,BEC,C[N+](C)(C)CCCCCC[N+](C)(C)C
400.0,0.0,14.998136,250.0,0.0,0.0,0.0,0.5064654,7.385147,0.27999339,135.0,24.0,BEC,C[N+](C)(C)CCCCCC[N+](C)(C)C
400.0,0.0,5.0,250.0,0.0,0.0,0.0,0.49019608,5.4856076,0.25,175.0,336.0,BEC,C[N+](C)(C)CCCCCC[N+](C)(C)C
400.0,0.0,99.0,250.0,0.0,0.0,0.0,0.5,8.207327,0.2947564,135.0,24.0,BEC,C[N+](C)(C)CCCCCC[N+](C)(C)C
400.0,0.0,4.9880238,250.0,0.0,0.0,0.0,0.5,5.0,0.25,175.0,168.0,BEC,C[N+](C)(C)CCCCCC[N+](C)(C)C
400.0,0.0,10.001101,250.0,0.0,0.0,0.0,0.5,7.0,0.2769319,135.0,24.0,BEC,C[N+](C)(C)CCCCCC[N+](C)(C)C
400.0,0.0,99.0,250.0,0.0,0.0,0.0,0.5,7.5,0.25996533,170.0,72.0,BEC,C[N+](C)(C)CCCCCC[N+](C)(C)C
400.0,0.0,9.008698,250.0,0.0,0.0,0.0,0.48,2.857143,0.25,175.0,168.0,BEC,C[N+](C)(C)CCCCCC[N+](C)(C)C
68.98799,1.7179967,22.876816,250.0,0.0,0.0,0.0,0.5,4.2979984,0.23809524,180.0,48.0,BEC,C[N+](C)(C)CCCCCC[N+](C)(C)C
400.0,0.0,99.0,250.0,0.0,0.0,0.0,0.0,5.0,0.25641027,175.0,336.0,BEC,C[N+](C)(C)CCCCCC[N+](C)(C)C
42.961388,1.7179967,10.001101,250.0,0.0,0.0,0.0,0.5,4.6717153,0.23809524,180.0,84.35586,BEC,C[N+](C)(C)CCCCCC[N+](C)(C)C
400.0,0.0,99.0,250.0,0.0,0.0,0.0,0.5,2.7272727,0.25,175.0,336.0,BEC,C[N+](C)(C)CCCCCC[N+](C)(C)C
40.0,1.7179967,10.001101,250.0,0.0,0.0,0.0,0.5000493,4.687432,0.2173913,180.0,65.0,BEC,C[N+](C)(C)CCCCCC[N+](C)(C)C
59.71228,1.7179967,10.0,250.0,0.0,0.0,0.0,0.5,4.3366804,0.24038461,180.0,66.27125,BEC,C[N+](C)(C)CCCCCC[N+](C)(C)C
400.0,0.0,5.852365,250.0,0.0,0.0,0.0,0.5,6.4220185,0.28591055,130.0,204.0,BEC,C[N+](C)(C)CCCCCC[N+](C)(C)C
400.0,0.0,99.0,250.0,0.0,0.0,0.0,0.5,4.878071,0.25,175.0,65.0,BEC,C[N+](C)(C)CCCCCC[N+](C)(C)C
400.0,0.0,4.9805074,250.0,0.0,0.0,0.0,0.48,4.8620534,0.26729628,175.0,65.0,BEC,C[N+](C)(C)CCCCCC[N+](C)(C)C
400.0,0.0,4.0,250.0,0.0,0.0,0.0,0.5,4.901324,0.24752475,175.0,168.0,BEC,C[N+](C)(C)CCCCCC[N+](C)(C)C
400.0,0.0,2.333848,250.0,0.0,0.0,0.0,0.38577902,5.7765994,0.25,175.0,168.0,BEC,C[N+](C)(C)CCCCCC[N+](C)(C)C
400.0,0.0,99.0,250.0,0.0,0.0,0.0,0.5,5.0,0.25,175.0,132.0,BEC,C[N+](C)(C)CCCCCC[N+](C)(C)C
400.0,0.0,15.0,250.0,0.0,0.0,0.0,0.4781012,4.785832,0.24752475,175.0,329.18912,BEC,C[N+](C)(C)CCCCCC[N+](C)(C)C
400.0,0.0,10.001101,250.0,0.0,0.0,0.0,0.15514845,3.8191404,0.25,175.0,312.0,BEC,C[N+](C)(C)CCCCCC[N+](C)(C)C
400.0,0.0,2.0,250.0,0.0,0.0,0.0,0.5,5.0,0.26275218,135.0,24.0,BEC,C[N+](C)(C)CCCCCC[N+](C)(C)C
400.0,0.0,10.001101,250.0,0.0,0.0,0.0,0.5,7.2197614,0.27272728,135.0,140.82422,BEC,C[N+](C)(C)CCCCCC[N+](C)(C)C
400.0,0.0,4.999231,250.0,0.0,0.0,0.0,0.0,4.903952,0.25,175.0,336.0,BEC,C[N+](C)(C)CCCCCC[N+](C)(C)C
400.0,0.0,99.0,250.0,0.0,0.0,0.0,0.5,2.981458,0.25,175.0,336.0,BEC,C[N+](C)(C)CCCCCC[N+](C)(C)C
400.0,0.0,4.9880238,53.135784,0.0,0.0,0.0,0.5,4.7136335,0.24509804,175.0,336.0,BEC,C[N+](C)(C)CCCCCC[N+](C)(C)C
400.0,0.0,5.0,250.0,0.0,0.0,0.0,0.38883898,5.6,0.25,175.0,336.0,BEC,C[N+](C)(C)CCCCCC[N+](C)(C)C
400.0,0.0,10.001101,250.0,0.0,0.0,0.0,0.0,5.0,0.25,175.0,336.0,BEC,C[N+](C)(C)CCCCCC[N+](C)(C)C
400.0,0.0,7.372004,250.0,0.0,0.0,0.0,0.1559085,4.310895,0.25,175.0,360.0,BEC,C[N+](C)(C)CCCCCC[N+](C)(C)C
50.0,1.7179967,14.999269,250.0,0.0,0.0,0.0,0.5,4.5454545,0.22109792,180.0,48.0,BEC,C[N+](C)(C)CCCCCC[N+](C)(C)C
34.97555,1.7179967,10.001101,250.0,0.0,0.0,0.0,0.5,4.7954383,0.24366345,160.0,336.0,BEC,C[N+](C)(C)CCCCCC[N+](C)(C)C
400.0,0.0,99.0,250.0,0.0,0.0,0.0,0.45768476,4.4498487,0.24872325,175.0,168.0,BEC,C[N+](C)(C)CCCCCC[N+](C)(C)C
400.0,0.0,4.7523866,250.0,0.0,0.0,0.0,0.44240183,4.701182,0.25,175.0,72.0,BEC,C[N+](C)(C)CCCCCC[N+](C)(C)C
400.0,0.0,99.0,250.0,0.0,0.0,0.0,0.0,6.825088,0.52550524,175.0,504.0,BEC,C[N+](C)(C)CCCCCC[N+](C)(C)C
400.0,0.0,15.0,250.0,0.0,0.0,0.0,0.54,8.002585,0.28793207,135.0,168.0,BEC,C[N+](C)(C)CCCCCC[N+](C)(C)C
45.008926,1.7179967,9.33129,250.0,0.0,0.0,0.0,0.5,4.964051,0.24038461,160.0,336.0,BEC,C[N+](C)(C)CCCCCC[N+](C)(C)C
50.0,1.7179967,10.001101,250.0,0.0,0.0,0.0,0.5,5.0,0.24509804,150.0,1.0,BEC,C[N+](C)(C)CCCCCC[N+](C)(C)C
400.0,0.0,99.0,250.0,0.0,0.0,0.0,0.5,7.07153,0.3243477,135.0,384.0,BEC,C[N+](C)(C)CCCCCC[N+](C)(C)C
400.0,0.0,5.0,250.0,0.0,0.0,0.0,0.5,4.841801,0.25,175.0,336.0,BEC,C[N+](C)(C)CCCCCC[N+](C)(C)C
400.0,0.0,5.0,250.0,0.0,0.0,0.0,0.2642547,4.687356,0.22727273,175.0,336.0,BEC,C[N+](C)(C)CCCCCC[N+](C)(C)C
400.0,0.0,2.030303,250.0,0.0,0.0,0.0,0.0,4.8076925,0.25,175.0,336.0,BEC,C[N+](C)(C)CCCCCC[N+](C)(C)C
400.0,0.0,10.001101,250.0,0.0,0.0,0.0,0.47088757,4.953485,0.25,175.0,168.0,BEC,C[N+](C)(C)CCCCCC[N+](C)(C)C
400.0,0.0,4.999561,250.0,0.0,0.0,0.0,0.5,4.901961,0.25,175.0,336.0,BEC,C[N+](C)(C)CCCCCC[N+](C)(C)C
400.0,0.0,2.956582,250.0,0.0,0.0,0.0,0.49156952,5.775624,0.25,175.0,168.0,BEC,C[N+](C)(C)CCCCCC[N+](C)(C)C
400.0,0.0,9.266735,250.0,0.0,0.0,0.0,0.5,4.8472147,0.23980384,175.0,336.0,BEC,C[N+](C)(C)CCCCCC[N+](C)(C)C
400.0,0.0,5.0,250.0,0.0,0.0,0.0,0.49019608,7.0,0.25,175.0,336.0,BEC,C[N+](C)(C)CCCCCC[N+](C)(C)C
400.0,0.0,10.001101,250.0,0.0,0.0,0.0,0.50281,7.0,0.27272728,135.0,20.924953,BEC,C[N+](C)(C)CCCCCC[N+](C)(C)C
400.0,0.0,99.0,250.0,0.0,0.0,0.0,0.56449527,7.9988513,0.2984197,130.0,144.0,BEC,C[N+](C)(C)CCCCCC[N+](C)(C)C
400.0,0.0,24.497934,250.0,0.0,0.0,0.0,0.0,4.9939346,0.25,175.0,336.0,BEC,C[N+](C)(C)CCCCCC[N+](C)(C)C
400.0,0.0,4.9880238,250.0,0.0,0.0,0.0,0.5,5.0,0.25,175.0,336.0,BEC,C[N+](C)(C)CCCCCC[N+](C)(C)C
400.0,0.0,5.0,250.0,0.0,0.0,0.0,0.5,4.7519426,0.2414843,175.0,168.0,BEC,C[N+](C)(C)CCCCCC[N+](C)(C)C
400.0,0.0,5.0,250.0,0.0,0.0,0.0,0.39996144,4.0,0.25,175.0,336.0,BEC,C[N+](C)(C)CCCCCC[N+](C)(C)C
48.548244,1.7179967,99.0,250.0,0.0,0.0,0.0,0.49019608,4.912083,0.24777052,150.0,0.5,BEC,C[N+](C)(C)CCCCCC[N+](C)(C)C
400.0,0.0,2.030303,250.0,0.0,0.0,0.0,0.5,4.901961,0.25,175.0,48.0,BEC,C[N+](C)(C)CCCCCC[N+](C)(C)C
400.0,0.0,99.0,250.0,0.0,0.0,0.0,0.5,5.170292,0.25,175.0,336.0,BEC,C[N+](C)(C)CCCCCC[N+](C)(C)C
400.0,0.0,10.001101,250.0,0.0,0.0,0.0,0.5,6.730769,0.28940165,140.0,24.0,BEC,C[N+](C)(C)CCCCCC[N+](C)(C)C
400.0,0.0,10.001101,250.0,0.0,0.0,0.0,0.0,4.978527,0.25,175.0,336.0,BEC,C[N+](C)(C)CCCCCC[N+](C)(C)C
400.0,0.0,10.001101,250.0,0.0,0.0,0.0,0.5,7.5,0.27781212,135.0,168.0,BEC,C[N+](C)(C)CCCCCC[N+](C)(C)C
400.0,0.0,4.0,250.0,0.0,0.0,0.0,0.4794831,4.7587895,0.25,175.0,168.0,BEC,C[N+](C)(C)CCCCCC[N+](C)(C)C
400.0,0.0,99.0,250.0,0.0,0.0,0.0,0.0,4.967164,0.25,175.0,336.0,BEC,C[N+](C)(C)CCCCCC[N+](C)(C)C
400.0,0.0,99.0,250.0,0.0,0.0,0.0,0.5,5.5958786,0.24769899,175.0,336.0,BEC,C[N+](C)(C)CCCCCC[N+](C)(C)C
400.0,0.0,99.0,250.0,0.0,0.0,0.0,0.49044663,2.9169226,0.25,175.0,168.0,BEC,C[N+](C)(C)CCCCCC[N+](C)(C)C
400.0,0.0,5.4227448,250.0,0.0,0.0,0.0,0.5,5.0,0.24509804,175.0,336.0,BEC,C[N+](C)(C)CCCCCC[N+](C)(C)C
400.0,0.0,5.0,250.0,0.0,0.0,0.0,0.33333334,4.690256,0.25,175.0,336.0,BEC,C[N+](C)(C)CCCCCC[N+](C)(C)C
400.0,0.0,2.0,250.0,0.0,0.0,0.0,0.0,5.6,0.24444675,175.0,336.0,BEC,C[N+](C)(C)CCCCCC[N+](C)(C)C
400.0,0.0,2.6810157,250.0,0.0,0.0,0.0,0.0,5.5928717,0.25,175.0,336.0,BEC,C[N+](C)(C)CCCCCC[N+](C)(C)C
400.0,0.0,2.2187304,250.0,0.0,0.0,0.0,0.5,4.9396253,0.24494188,175.0,336.0,BEC,C[N+](C)(C)CCCCCC[N+](C)(C)C
80.0,1.7179967,99.0,250.0,0.0,0.0,0.0,0.5,4.6522675,0.2333163,180.0,48.0,BEC,C[N+](C)(C)CCCCCC[N+](C)(C)C
400.0,0.0,99.0,250.0,0.0,0.0,0.0,0.0,4.970409,0.25,175.0,336.0,BEC,C[N+](C)(C)CCCCCC[N+](C)(C)C
400.0,0.0,99.0,250.0,0.0,0.0,0.0,0.0,4.972896,0.25675458,175.0,360.0,BEC,C[N+](C)(C)CCCCCC[N+](C)(C)C
400.0,0.0,4.9880238,250.0,0.0,0.0,0.0,0.5,6.602501,0.25,175.0,336.0,BEC,C[N+](C)(C)CCCCCC[N+](C)(C)C
400.0,0.0,4.995538,250.0,0.0,0.0,0.0,0.0,4.482951,0.25,175.0,336.0,BEC,C[N+](C)(C)CCCCCC[N+](C)(C)C
400.0,0.0,6.606622,250.0,0.0,0.0,0.0,0.402803,4.8076925,0.25,175.0,336.0,BEC,C[N+](C)(C)CCCCCC[N+](C)(C)C
400.0,0.0,10.001101,250.0,0.0,0.0,0.0,0.0,4.9991345,0.25,175.0,288.33994,BEC,C[N+](C)(C)CCCCCC[N+](C)(C)C
400.0,0.0,4.9990025,250.0,0.0,0.0,0.0,0.5,6.3771186,0.27169985,135.0,96.0,BEC,C[N+](C)(C)CCCCCC[N+](C)(C)C
400.0,0.0,5.0,250.0,0.0,0.0,0.0,0.16630721,2.7897105,0.24509804,175.0,192.0,BEC,C[N+](C)(C)CCCCCC[N+](C)(C)C
400.0,0.0,5.0,250.0,0.0,0.0,0.0,0.0,5.081136,0.25,175.0,168.0,BEC,C[N+](C)(C)CCCCCC[N+](C)(C)C
400.0,0.0,4.0,250.0,0.0,0.0,0.0,0.5,7.0,0.26596782,135.0,12.0,BEC,C[N+](C)(C)CCCCCC[N+](C)(C)C
400.0,0.0,99.0,250.0,0.0,0.0,0.0,0.5,7.0,0.29411766,135.0,120.0,BEC,C[N+](C)(C)CCCCCC[N+](C)(C)C
400.0,0.0,99.0,250.0,0.0,0.0,0.0,0.5,6.5381904,0.25,175.0,65.0,BEC,C[N+](C)(C)CCCCCC[N+](C)(C)C
400.0,0.0,4.9880238,250.0,0.0,0.0,0.0,0.24972653,2.749918,0.23809524,175.0,336.0,BEC,C[N+](C)(C)CCCCCC[N+](C)(C)C
400.0,0.0,99.0,250.0,0.0,0.0,0.0,0.5,3.0,0.27582452,175.0,336.0,BEC,C[N+](C)(C)CCCCCC[N+](C)(C)C
400.0,0.0,99.0,250.0,0.0,0.0,0.0,0.4892884,3.0,0.25,175.0,78.936104,BEC,C[N+](C)(C)CCCCCC[N+](C)(C)C
400.0,0.0,10.001101,250.0,0.0,0.0,0.0,0.0,5.6,0.25,131.49455,24.0,BEC,C[N+](C)(C)CCCCCC[N+](C)(C)C
400.0,0.0,15.0,250.0,0.0,0.0,0.0,0.0,4.686429,0.25,175.0,372.0,BEC,C[N+](C)(C)CCCCCC[N+](C)(C)C
400.0,0.0,5.8926945,23.146172,0.0,0.0,0.0,0.0,4.8738317,0.24038461,175.0,240.0,BEC,C[N+](C)(C)CCCCCC[N+](C)(C)C
400.0,0.0,2.030303,250.0,0.0,0.0,0.0,0.5,5.0,0.24881138,175.0,336.0,BEC,C[N+](C)(C)CCCCCC[N+](C)(C)C
400.0,0.0,10.001101,250.0,0.0,0.0,0.0,0.0,4.9540715,0.25,175.0,168.0,BEC,C[N+](C)(C)CCCCCC[N+](C)(C)C
400.0,0.0,7.38951,250.0,0.0,0.0,0.0,0.5,4.7285256,0.25,175.0,372.20404,BEC,C[N+](C)(C)CCCCCC[N+](C)(C)C
400.0,0.0,10.185069,250.0,0.0,0.0,0.0,0.0,4.966514,0.25,175.0,288.14923,BEC,C[N+](C)(C)CCCCCC[N+](C)(C)C
400.0,0.0,4.0,250.0,0.0,0.0,0.0,0.5,4.833992,0.24750099,175.0,168.0,BEC,C[N+](C)(C)CCCCCC[N+](C)(C)C
400.0,0.0,99.0,250.0,0.0,0.0,0.0,0.5410855,7.2014074,0.28351986,135.0,362.12604,BEC,C[N+](C)(C)CCCCCC[N+](C)(C)C
400.0,0.0,2.0,250.0,0.0,0.0,0.0,0.90909094,7.5,0.26596946,135.0,240.0,BEC,C[N+](C)(C)CCCCCC[N+](C)(C)C
400.0,0.0,99.0,250.0,0.0,0.0,0.0,0.5003512,5.275018,0.2876953,135.0,336.0,BEC,C[N+](C)(C)CCCCCC[N+](C)(C)C
400.0,0.0,4.995514,250.0,0.0,0.0,0.0,0.5,3.8397467,0.25,175.0,336.0,BEC,C[N+](C)(C)CCCCCC[N+](C)(C)C
400.0,0.0,9.82354,250.0,0.0,0.0,0.0,0.0,5.0,0.24732739,175.0,192.71146,BEC,C[N+](C)(C)CCCCCC[N+](C)(C)C
400.0,0.0,99.0,250.0,0.0,0.0,0.0,0.7024362,7.265554,0.2814174,130.0,24.0,BEC,C[N+](C)(C)CCCCCC[N+](C)(C)C
400.0,0.0,6.5204887,250.0,0.0,0.0,0.0,0.5,7.0,0.2902091,135.0,72.0,BEC,C[N+](C)(C)CCCCCC[N+](C)(C)C
400.0,0.0,6.4939194,250.0,0.0,0.0,0.0,0.0,4.982696,0.25,175.0,336.0,BEC,C[N+](C)(C)CCCCCC[N+](C)(C)C
400.0,0.0,51.071667,250.0,0.0,0.0,0.0,0.5659291,6.3636365,0.25,135.0,120.0,BEC,C[N+](C)(C)CCCCCC[N+](C)(C)C
20.0,1.7179967,14.955174,250.0,0.0,0.0,0.0,0.5,4.1153383,0.22727273,180.0,48.0,BEC,C[N+](C)(C)CCCCCC[N+](C)(C)C
34.994316,1.7179967,99.0,250.0,0.0,0.0,0.0,0.48439705,5.0,0.24785455,150.0,0.0,BEC,C[N+](C)(C)CCCCCC[N+](C)(C)C
400.0,0.0,10.001101,250.0,0.0,0.0,0.0,0.5,7.5,0.28392994,135.0,13.031523,BEC,C[N+](C)(C)CCCCCC[N+](C)(C)C
400.0,0.0,99.0,250.0,0.0,0.0,0.0,0.5597912,8.403311,0.27445617,140.0,16.0,BEC,C[N+](C)(C)CCCCCC[N+](C)(C)C
400.0,0.0,7.6500196,250.0,0.0,0.0,0.0,0.21951123,4.5,0.24509804,175.0,168.0,BEC,C[N+](C)(C)CCCCCC[N+](C)(C)C
400.0,0.0,50.758347,250.0,0.0,0.0,0.0,0.5,5.206103,0.255098,175.0,336.0,BEC,C[N+](C)(C)CCCCCC[N+](C)(C)C
400.0,0.0,99.0,250.0,0.0,0.0,0.0,0.5,6.4220185,0.29,135.0,16.699394,BEC,C[N+](C)(C)CCCCCC[N+](C)(C)C
400.0,0.0,99.0,250.0,0.0,0.0,0.0,0.5,5.0,0.25,175.0,96.0,BEC,C[N+](C)(C)CCCCCC[N+](C)(C)C
39.208008,1.7179967,10.001101,250.0,0.0,0.0,0.0,0.0,4.5,0.24615087,200.0,24.0,BEC,C[N+](C)(C)CCCCCC[N+](C)(C)C
400.0,0.0,4.0,250.0,0.0,0.0,0.0,0.49010244,4.901961,0.26422754,175.0,336.0,BEC,C[N+](C)(C)CCCCCC[N+](C)(C)C
400.0,0.0,14.992504,250.0,0.0,0.0,0.0,0.5,7.0,0.2777778,135.0,27.324783,BEC,C[N+](C)(C)CCCCCC[N+](C)(C)C
400.0,0.0,10.001101,250.0,0.0,0.0,0.0,0.47672337,2.7272727,0.25,175.0,72.0,BEC,C[N+](C)(C)CCCCCC[N+](C)(C)C
400.0,0.0,99.0,250.0,0.0,0.0,0.0,0.0,4.967185,0.25,175.0,336.0,BEC,C[N+](C)(C)CCCCCC[N+](C)(C)C
400.0,0.0,2.0666678,250.0,0.0,0.0,0.0,0.0,4.7840533,0.25,175.0,168.0,BEC,C[N+](C)(C)CCCCCC[N+](C)(C)C
45.035595,1.7179967,9.007118,250.0,0.0,0.0,0.0,0.5329986,4.2182465,0.23779513,180.0,48.0,BEC,C[N+](C)(C)CCCCCC[N+](C)(C)C
400.0,0.0,99.0,250.0,0.0,0.0,0.0,0.54,6.7708287,0.3,135.0,456.31677,BEC,C[N+](C)(C)CCCCCC[N+](C)(C)C
400.0,0.0,2.030303,250.0,0.0,0.0,0.0,0.5,5.0,0.2475022,175.0,168.0,BEC,C[N+](C)(C)CCCCCC[N+](C)(C)C
0.1,1.0,99.0,250.0,0.0,0.0,0.0,0.4807383,6.730769,0.24645671,150.0,0.0,BEC,C[N+](C)(C)CCCCCC[N+](C)(C)C
400.0,0.0,99.0,250.0,0.0,0.0,0.0,0.5,8.0,0.27272728,135.0,120.0,BEC,C[N+](C)(C)CCCCCC[N+](C)(C)C
400.0,0.0,99.0,250.0,0.0,0.0,0.0,0.5,4.8674355,0.25,175.0,168.0,BEC,C[N+](C)(C)CCCCCC[N+](C)(C)C
400.0,0.0,99.0,250.0,0.0,0.0,0.0,0.48,3.5955875,0.25,175.0,360.0,BEC,C[N+](C)(C)CCCCCC[N+](C)(C)C
400.0,0.0,10.001101,250.0,0.0,0.0,0.0,0.25,5.0,0.25,175.0,336.0,BEC,C[N+](C)(C)CCCCCC[N+](C)(C)C
400.0,0.0,5.0,250.0,0.0,0.0,0.0,0.0,4.903117,0.25,175.0,336.0,BEC,C[N+](C)(C)CCCCCC[N+](C)(C)C
400.0,0.0,4.9997187,250.0,0.0,0.0,0.0,0.5,4.784103,0.23855706,175.0,336.0,BEC,C[N+](C)(C)CCCCCC[N+](C)(C)C
400.0,0.0,4.999453,250.0,0.0,0.0,0.0,0.0,5.0,0.24950045,175.0,336.0,BEC,C[N+](C)(C)CCCCCC[N+](C)(C)C
400.0,0.0,99.0,250.0,0.0,0.0,0.0,0.0,4.9864173,0.25,175.0,360.0,BEC,C[N+](C)(C)CCCCCC[N+](C)(C)C
40.0,1.7179967,14.992504,250.0,0.0,0.0,0.0,0.5,4.5454545,0.22727273,180.0,72.0,BEC,C[N+](C)(C)CCCCCC[N+](C)(C)C
48.66876,1.7179967,10.001101,250.0,0.0,0.0,0.0,0.5,5.0,0.24227653,135.0,480.0,BEC,C[N+](C)(C)CCCCCC[N+](C)(C)C
400.0,0.0,17.621967,250.0,0.0,0.0,0.0,0.0,4.8076925,0.25,175.0,336.0,BEC,C[N+](C)(C)CCCCCC[N+](C)(C)C
400.0,0.0,2.737592,250.0,0.0,0.0,0.0,0.5,4.216868,0.25,175.0,336.0,BEC,C[N+](C)(C)CCCCCC[N+](C)(C)C
33.23676,1.7179967,16.118338,250.0,0.0,0.0,0.0,0.5,4.3134594,0.24509804,180.0,72.0,BEC,C[N+](C)(C)CCCCCC[N+](C)(C)C
24.217123,1.7179967,10.001101,250.0,0.0,0.0,0.0,0.4,4.6864796,0.25,160.0,336.0,BEC,C[N+](C)(C)CCCCCC[N+](C)(C)C
400.0,0.0,10.001101,250.0,0.0,0.0,0.0,0.21730573,4.2603397,0.25,175.0,312.0,BEC,C[N+](C)(C)CCCCCC[N+](C)(C)C
30.0,1.7179967,9.531418,250.0,0.0,0.0,0.0,0.5,4.762426,0.25,160.0,269.92044,BEC,C[N+](C)(C)CCCCCC[N+](C)(C)C
400.0,0.0,99.0,250.0,0.0,0.0,0.0,0.5,7.0,0.28932267,135.0,96.0,BEC,C[N+](C)(C)CCCCCC[N+](C)(C)C
46.01019,1.7179967,10.001101,250.0,0.0,0.0,0.0,0.5,4.7839694,0.24874116,125.0,445.1742,BEC,C[N+](C)(C)CCCCCC[N+](C)(C)C
400.0,0.0,4.9880238,250.0,0.0,0.0,0.0,0.33380255,4.9919553,0.24509804,175.0,168.0,BEC,C[N+](C)(C)CCCCCC[N+](C)(C)C
400.0,0.0,99.0,250.0,0.0,0.0,0.0,0.5,6.071835,0.27014983,130.31789,336.0,BEC,C[N+](C)(C)CCCCCC[N+](C)(C)C
400.0,0.0,99.0,250.0,0.0,0.0,0.0,0.5,5.0,0.25,175.0,336.0,BEC,C[N+](C)(C)CCCCCC[N+](C)(C)C
400.0,0.0,4.9880238,250.0,0.0,0.0,0.0,0.0,4.9056473,0.25,175.0,336.0,BEC,C[N+](C)(C)CCCCCC[N+](C)(C)C
400.0,0.0,14.975649,250.0,0.0,0.0,0.0,0.49936998,1.5,0.25,175.0,40.0,BEC,C[N+](C)(C)CCCCCC[N+](C)(C)C
400.0,0.0,10.0,250.0,0.0,0.0,0.0,0.48394218,6.3412375,0.25,175.0,312.0,BEC,C[N+](C)(C)CCCCCC[N+](C)(C)C
400.0,0.0,99.0,250.0,0.0,0.0,0.0,0.5,5.973295,0.25,175.0,65.0,BEC,C[N+](C)(C)CCCCCC[N+](C)(C)C
400.0,0.0,10.001101,250.0,0.0,0.0,0.0,0.23826182,4.445278,0.25,175.0,240.0,BEC,C[N+](C)(C)CCCCCC[N+](C)(C)C
400.0,0.0,8.249817,250.0,0.0,0.0,0.0,0.0,5.0,0.2481529,175.0,120.0,BEC,C[N+](C)(C)CCCCCC[N+](C)(C)C
400.0,0.0,10.001101,250.0,0.0,0.0,0.0,0.48,6.3636365,0.23938012,175.0,192.0,BEC,C[N+](C)(C)CCCCCC[N+](C)(C)C
400.0,0.0,99.0,250.0,0.0,0.0,0.0,0.0,7.4906654,0.28036016,140.0,346.2249,BEC,C[N+](C)(C)CCCCCC[N+](C)(C)C
400.0,0.0,99.0,250.0,0.0,0.0,0.0,0.54094267,7.360058,0.27922904,135.0,24.0,BEC,C[N+](C)(C)CCCCCC[N+](C)(C)C
50.0,1.7179967,10.001101,250.0,0.0,0.0,0.0,0.6280713,4.345565,0.23809524,180.0,48.0,BEC,C[N+](C)(C)CCCCCC[N+](C)(C)C
400.0,0.0,99.0,250.0,0.0,0.0,0.0,0.5,4.903301,0.25,175.0,72.0,BEC,C[N+](C)(C)CCCCCC[N+](C)(C)C
400.0,0.0,10.001101,250.0,0.0,0.0,0.0,0.0,4.368166,0.25,175.0,336.0,BEC,C[N+](C)(C)CCCCCC[N+](C)(C)C
50.0,1.7179967,20.0,250.0,0.0,0.0,0.0,0.5,4.3675776,0.22222222,180.0,72.0,BEC,C[N+](C)(C)CCCCCC[N+](C)(C)C
45.460205,1.7179967,10.001101,250.0,0.0,0.0,0.0,0.5,4.7262826,0.23809524,180.0,120.0,BEC,C[N+](C)(C)CCCCCC[N+](C)(C)C
40.0,1.7179967,10.001101,250.0,0.0,0.0,0.0,0.5,4.7194347,0.23809524,160.0,240.0,BEC,C[N+](C)(C)CCCCCC[N+](C)(C)C
400.0,0.0,99.0,250.0,0.0,0.0,0.0,0.500425,6.659967,0.25252524,175.0,48.0,BEC,C[N+](C)(C)CCCCCC[N+](C)(C)C
400.0,0.0,99.0,250.0,0.0,0.0,0.0,0.5251067,7.5,0.26595765,135.0,336.0,BEC,C[N+](C)(C)CCCCCC[N+](C)(C)C
400.0,0.0,9.002714,250.0,0.0,0.0,0.0,0.0,5.0,0.25,175.0,312.0,BEC,C[N+](C)(C)CCCCCC[N+](C)(C)C
400.0,0.0,10.001101,250.0,0.0,0.0,0.0,0.38227668,3.5,0.25,175.0,336.0,BEC,C[N+](C)(C)CCCCCC[N+](C)(C)C
400.0,0.0,10.001101,250.0,0.0,0.0,0.0,0.0,5.5731053,0.25,175.0,144.0,BEC,C[N+](C)(C)CCCCCC[N+](C)(C)C
400.0,0.0,2.0,250.0,0.0,0.0,0.0,0.5,4.5,0.25,175.0,336.0,BEC,C[N+](C)(C)CCCCCC[N+](C)(C)C
50.0,1.7179967,14.929846,250.0,0.0,0.0,0.0,0.5181114,5.0,0.23375851,180.0,72.0,BEC,C[N+](C)(C)CCCCCC[N+](C)(C)C
45.02423,1.7179967,15.0,250.0,0.0,0.0,0.0,0.48398453,4.7213745,0.24509804,150.0,0.0,BEC,C[N+](C)(C)CCCCCC[N+](C)(C)C
400.0,0.0,5.0,21.492367,0.0,0.0,0.0,0.5,6.098366,0.25,175.0,183.54836,BEC,C[N+](C)(C)CCCCCC[N+](C)(C)C
400.0,0.0,2.0,250.0,0.0,0.0,0.0,0.5,7.025178,0.26796782,135.0,12.0,BEC,C[N+](C)(C)CCCCCC[N+](C)(C)C
400.0,0.0,99.0,250.0,0.0,0.0,0.0,0.5,5.0,0.24509804,175.0,336.0,BEC,C[N+](C)(C)CCCCCC[N+](C)(C)C
400.0,0.0,2.0,250.0,0.0,0.0,0.0,0.58020604,7.0,0.2504101,130.0,192.0,BEC,C[N+](C)(C)CCCCCC[N+](C)(C)C
400.0,0.0,4.9880238,250.0,0.0,0.0,0.0,0.5,6.6666665,0.25,175.0,336.0,BEC,C[N+](C)(C)CCCCCC[N+](C)(C)C
400.0,0.0,10.001101,250.0,0.0,0.0,0.0,0.5111851,6.7518296,0.2807221,130.0,20.0,BEC,C[N+](C)(C)CCCCCC[N+](C)(C)C
400.0,0.0,10.001101,250.0,0.0,0.0,0.0,0.25,4.809847,0.25,175.0,168.0,BEC,C[N+](C)(C)CCCCCC[N+](C)(C)C
400.0,0.0,99.0,250.0,0.0,0.0,0.0,0.5,2.8575935,0.24048913,175.0,336.0,BEC,C[N+](C)(C)CCCCCC[N+](C)(C)C
400.0,0.0,10.001101,250.0,0.0,0.0,0.0,0.53808683,7.0,0.25641027,135.0,478.89023,BEC,C[N+](C)(C)CCCCCC[N+](C)(C)C
400.0,0.0,10.001101,250.0,0.0,0.0,0.0,0.5,6.4668007,0.25,175.0,336.0,BEC,C[N+](C)(C)CCCCCC[N+](C)(C)C
400.0,0.0,99.0,250.0,0.0,0.0,0.0,0.0,5.0706,0.25,175.0,168.0,BEC,C[N+](C)(C)CCCCCC[N+](C)(C)C
400.0,0.0,99.0,250.0,0.0,0.0,0.0,0.5,3.0,0.25,175.0,301.44418,BEC,C[N+](C)(C)CCCCCC[N+](C)(C)C
400.0,0.0,10.001101,250.0,0.0,0.0,0.0,1.0257996,6.59506,0.25,175.0,336.0,BEC,C[N+](C)(C)CCCCCC[N+](C)(C)C
400.0,0.0,4.5165296,250.0,0.0,0.0,0.0,0.0,7.0,0.3,175.0,336.0,BEC,C[N+](C)(C)CCCCCC[N+](C)(C)C
400.0,0.0,99.0,250.0,0.0,0.0,0.0,0.0,5.0,0.25,175.0,336.0,BEC,C[N+](C)(C)CCCCCC[N+](C)(C)C
400.0,0.0,99.0,250.0,0.0,0.0,0.0,0.5,3.6045356,0.25996533,175.0,336.0,BEC,C[N+](C)(C)CCCCCC[N+](C)(C)C
400.0,0.0,10.001101,250.0,0.0,0.0,0.0,0.5,5.0,0.25,175.0,72.0,BEC,C[N+](C)(C)CCCCCC[N+](C)(C)C
400.0,0.0,10.000439,250.0,0.0,0.0,0.0,0.0,5.124289,0.2597764,175.0,144.0,BEC,C[N+](C)(C)CCCCCC[N+](C)(C)C
400.0,0.0,5.0,250.0,0.0,0.0,0.0,0.0,5.0,0.25,175.0,336.0,BEC,C[N+](C)(C)CCCCCC[N+](C)(C)C
400.0,0.0,2.135945,250.0,0.0,0.0,0.0,0.25,4.2816854,0.24163054,175.0,336.0,BEC,C[N+](C)(C)CCCCCC[N+](C)(C)C
400.0,0.0,99.0,250.0,0.0,0.0,0.0,0.54,7.284065,0.25641027,135.0,600.0,BEC,C[N+](C)(C)CCCCCC[N+](C)(C)C
400.0,0.0,5.0,250.0,0.0,0.0,0.0,0.40273255,4.727641,0.25,175.0,336.0,BEC,C[N+](C)(C)CCCCCC[N+](C)(C)C
400.0,0.0,99.0,250.0,0.0,0.0,0.0,0.48,4.0,0.25,175.0,336.0,BEC,C[N+](C)(C)CCCCCC[N+](C)(C)C
400.0,0.0,2.0,250.0,0.0,0.0,0.0,0.28013358,4.9068317,0.25,175.0,168.0,BEC,C[N+](C)(C)CCCCCC[N+](C)(C)C
400.0,0.0,10.001101,250.0,0.0,0.0,0.0,0.5,6.3636365,0.25,175.0,168.0,BEC,C[N+](C)(C)CCCCCC[N+](C)(C)C
400.0,0.0,4.999405,250.0,0.0,0.0,0.0,0.4901554,4.9844055,0.25,175.0,336.0,BEC,C[N+](C)(C)CCCCCC[N+](C)(C)C
30.0,1.7179967,10.001101,250.0,0.0,0.0,0.0,0.47619048,4.56611,0.24721599,150.0,0.0,BEC,C[N+](C)(C)CCCCCC[N+](C)(C)C
400.0,0.0,99.0,250.0,0.0,0.0,0.0,0.5,3.5,0.25,175.0,336.0,BEC,C[N+](C)(C)CCCCCC[N+](C)(C)C
50.0,1.7179967,5.0,250.0,0.0,0.0,0.0,0.54,4.899924,0.235108,175.0,336.0,BEC,C[N+](C)(C)CCCCCC[N+](C)(C)C
50.0,1.7179967,14.9271755,250.0,0.0,0.0,0.0,0.5,4.5,0.24038461,180.0,50.112106,BEC,C[N+](C)(C)CCCCCC[N+](C)(C)C
50.0,1.7179967,6.186603,250.0,0.0,0.0,0.0,0.54,4.5454545,0.25,160.0,336.0,BEC,C[N+](C)(C)CCCCCC[N+](C)(C)C
400.0,0.0,99.0,250.0,0.0,0.0,0.0,0.46812102,4.998678,0.25,175.0,168.0,BEC,C[N+](C)(C)CCCCCC[N+](C)(C)C
400.0,0.0,10.001101,250.0,0.0,0.0,0.0,0.25,2.8846154,0.25,175.0,336.0,BEC,C[N+](C)(C)CCCCCC[N+](C)(C)C
400.0,0.0,6.4833927,250.0,0.0,0.0,0.0,0.0,4.5454545,0.25,175.0,336.0,BEC,C[N+](C)(C)CCCCCC[N+](C)(C)C
400.0,0.0,20.0,250.0,0.0,0.0,0.0,0.5,5.969686,0.27754733,135.0,96.0,BEC,C[N+](C)(C)CCCCCC[N+](C)(C)C
400.0,0.0,10.0,250.0,0.0,0.0,0.0,0.25,4.7223964,0.25797266,175.0,336.0,BEC,C[N+](C)(C)CCCCCC[N+](C)(C)C
400.0,0.0,2.0,250.0,0.0,0.0,0.0,0.4,4.702009,0.25,175.0,288.0,BEC,C[N+](C)(C)CCCCCC[N+](C)(C)C
400.0,0.0,99.0,250.0,0.0,0.0,0.0,0.56410587,7.9295363,0.3,135.0,216.0,BEC,C[N+](C)(C)CCCCCC[N+](C)(C)C
400.0,0.0,4.0,250.0,0.0,0.0,0.0,0.2837927,4.9127645,0.25,175.0,168.0,BEC,C[N+](C)(C)CCCCCC[N+](C)(C)C
400.0,0.0,10.001101,250.0,0.0,0.0,0.0,0.40604424,4.570117,0.24345195,180.0,48.0,BEC,C[N+](C)(C)CCCCCC[N+](C)(C)C
400.0,0.0,10.001101,250.0,0.0,0.0,0.0,0.5,6.6666665,0.2603416,135.0,934.09534,BEC,C[N+](C)(C)CCCCCC[N+](C)(C)C
400.0,0.0,99.0,250.0,0.0,0.0,0.0,0.53973013,7.0,0.2857143,135.0,48.0,BEC,C[N+](C)(C)CCCCCC[N+](C)(C)C
400.0,0.0,99.0,250.0,0.0,0.0,0.0,0.5170685,7.367183,0.2807552,135.0,166.30392,BEC,C[N+](C)(C)CCCCCC[N+](C)(C)C
400.0,0.0,10.001101,250.0,0.0,0.0,0.0,0.5,6.3636365,0.2473946,175.0,120.0,BEC,C[N+](C)(C)CCCCCC[N+](C)(C)C
400.0,0.0,99.0,250.0,0.0,0.0,0.0,0.5,3.0,0.25,175.0,336.0,BEC,C[N+](C)(C)CCCCCC[N+](C)(C)C
400.0,0.0,8.232033,250.0,0.0,0.0,0.0,0.53378105,5.6040983,0.25996533,175.0,288.0,BEC,C[N+](C)(C)CCCCCC[N+](C)(C)C
400.0,0.0,99.0,250.0,0.0,0.0,0.0,0.0,4.7266555,0.25,175.0,72.0,BEC,C[N+](C)(C)CCCCCC[N+](C)(C)C
99.88467,1.7179967,10.000127,250.0,0.0,0.0,0.0,0.5,4.0,0.24750695,175.13863,48.0,BEC,C[N+](C)(C)CCCCCC[N+](C)(C)C
400.0,0.0,10.001101,250.0,0.0,0.0,0.0,0.30986604,4.764236,0.25,175.0,240.0,BEC,C[N+](C)(C)CCCCCC[N+](C)(C)C
60.830704,1.7179967,10.001101,250.0,0.0,0.0,0.0,0.5,4.0,0.22727273,180.0,63.036507,BEC,C[N+](C)(C)CCCCCC[N+](C)(C)C
400.0,0.0,99.0,250.0,0.0,0.0,0.0,0.4,5.522957,0.25,175.0,288.0,BEC,C[N+](C)(C)CCCCCC[N+](C)(C)C
400.0,0.0,99.0,250.0,0.0,0.0,0.0,0.0,5.0,0.25,175.0,336.0,BEC,C[N+](C)(C)CCCCCC[N+](C)(C)C
400.0,0.0,4.999141,250.0,0.0,0.0,0.0,0.0,7.0,0.25,135.46852,7.0,BEC,C[N+](C)(C)CCCCCC[N+](C)(C)C
400.0,0.0,99.0,250.0,0.0,0.0,0.0,0.5,6.05856,0.260386,175.0,240.0,BEC,C[N+](C)(C)CCCCCC[N+](C)(C)C
400.0,0.0,99.0,250.0,0.0,0.0,0.0,0.5200343,6.413914,0.2857143,140.0,1926.7731,BEC,C[N+](C)(C)CCCCCC[N+](C)(C)C
400.0,0.0,99.0,250.0,0.0,0.0,0.0,0.0,4.7846956,0.25,175.0,113.80609,BEC,C[N+](C)(C)CCCCCC[N+](C)(C)C
400.0,0.0,4.988926,250.0,0.0,0.0,0.0,0.48,2.7272727,0.25,175.0,312.0,BEC,C[N+](C)(C)CCCCCC[N+](C)(C)C
400.0,0.0,4.99889,250.0,0.0,0.0,0.0,0.0,4.762278,0.25,175.0,336.0,BEC,C[N+](C)(C)CCCCCC[N+](C)(C)C
400.0,0.0,2.030303,250.0,0.0,0.0,0.0,0.5,2.8512828,0.25,175.0,336.0,BEC,C[N+](C)(C)CCCCCC[N+](C)(C)C
400.0,0.0,99.0,250.0,0.0,0.0,0.0,0.5211621,7.0793915,0.30446303,135.0,96.0,BEC,C[N+](C)(C)CCCCCC[N+](C)(C)C
400.0,0.0,4.9990854,250.0,0.0,0.0,0.0,0.0,6.6666665,0.25,175.0,360.0,BEC,C[N+](C)(C)CCCCCC[N+](C)(C)C
400.0,0.0,4.995033,250.0,0.0,0.0,0.0,0.4952241,6.3636365,0.25,175.0,240.11674,BEC,C[N+](C)(C)CCCCCC[N+](C)(C)C
400.0,0.0,99.0,250.0,0.0,0.0,0.0,0.52382267,7.5,0.27272728,135.0,24.0,BEC,C[N+](C)(C)CCCCCC[N+](C)(C)C
34.992996,1.7179967,15.0,250.0,0.0,0.0,0.0,0.75801724,4.4571986,0.2293578,180.0,72.0,BEC,C[N+](C)(C)CCCCCC[N+](C)(C)C
400.0,0.0,5.0,250.0,0.0,0.0,0.0,0.5,7.0,0.29149547,140.0,13.820733,BEC,C[N+](C)(C)CCCCCC[N+](C)(C)C
400.0,0.0,10.0,250.0,0.0,0.0,0.0,0.0,5.0,0.2554875,175.0,336.0,BEC,C[N+](C)(C)CCCCCC[N+](C)(C)C
400.0,0.0,99.0,250.0,0.0,0.0,0.0,0.50000864,7.5,0.29080975,140.0,96.0,BEC,C[N+](C)(C)CCCCCC[N+](C)(C)C
400.0,0.0,5.0,250.0,0.0,0.0,0.0,0.5,4.0,0.25,175.0,336.0,BEC,C[N+](C)(C)CCCCCC[N+](C)(C)C
400.0,0.0,9.03368,250.0,0.0,0.0,0.0,0.5,7.1047378,0.26994875,135.0,96.0,BEC,C[N+](C)(C)CCCCCC[N+](C)(C)C
63.459534,1.7179967,28.078865,250.0,0.0,0.0,0.0,0.5,4.598559,0.23809524,180.0,72.0,BEC,C[N+](C)(C)CCCCCC[N+](C)(C)C
400.0,0.0,4.0,250.0,0.0,0.0,0.0,0.54,6.269567,0.26746956,135.0,24.0,BEC,C[N+](C)(C)CCCCCC[N+](C)(C)C
400.0,0.0,99.0,250.0,0.0,0.0,0.0,0.5,6.4220185,0.24848334,175.0,24.0,BEC,C[N+](C)(C)CCCCCC[N+](C)(C)C
400.0,0.0,99.0,250.0,0.0,0.0,0.0,0.0,4.964739,0.25,175.0,351.61395,BEC,C[N+](C)(C)CCCCCC[N+](C)(C)C
46.76645,1.7179967,99.0,250.0,0.0,0.0,0.0,0.5,4.7837825,0.24720481,118.934944,336.0,BEC,C[N+](C)(C)CCCCCC[N+](C)(C)C
400.0,0.0,99.0,250.0,0.0,0.0,0.0,0.53158903,7.0,0.29782826,135.0,144.0,BEC,C[N+](C)(C)CCCCCC[N+](C)(C)C
38.23719,1.7179967,10.001101,250.0,0.0,0.0,0.0,0.60548013,4.4744987,0.23398978,180.0,48.0,BEC,C[N+](C)(C)CCCCCC[N+](C)(C)C
75.57162,1.7179967,24.054472,250.0,0.0,0.0,0.0,0.50714636,4.0,0.22727273,180.0,96.0,BEC,C[N+](C)(C)CCCCCC[N+](C)(C)C
60.0,1.7179967,10.001101,250.0,0.0,0.0,0.0,0.5,4.259104,0.2394966,180.0,60.0,BEC,C[N+](C)(C)CCCCCC[N+](C)(C)C
400.0,0.0,4.9994583,250.0,0.0,0.0,0.0,0.5,4.5,0.24545117,175.0,72.0,BEC,C[N+](C)(C)CCCCCC[N+](C)(C)C
400.0,0.0,2.0,250.0,0.0,0.0,0.0,0.49019608,4.6940975,0.25,175.0,306.44028,BEC,C[N+](C)(C)CCCCCC[N+](C)(C)C
400.0,0.0,10.001101,250.0,0.0,0.0,0.0,0.48,4.78942,0.24879783,175.0,144.0,BEC,C[N+](C)(C)CCCCCC[N+](C)(C)C
400.0,0.0,30.001911,250.0,0.0,0.0,0.0,0.5,50.0,0.24886106,135.0,65.0,BEC,C[N+](C)(C)CCCCCC[N+](C)(C)C
400.0,0.0,99.0,250.0,0.0,0.0,0.0,0.5,2.9034255,0.2499844,175.0,288.0,BEC,C[N+](C)(C)CCCCCC[N+](C)(C)C
400.0,0.0,4.9991384,250.0,0.0,0.0,0.0,0.23906367,4.834799,0.25,175.0,24.0,BEC,C[N+](C)(C)CCCCCC[N+](C)(C)C
400.0,0.0,5.0,250.0,0.0,0.0,0.0,0.5,5.5063972,0.24509804,175.0,336.0,BEC,C[N+](C)(C)CCCCCC[N+](C)(C)C
400.0,0.0,10.001101,250.0,0.0,0.0,0.0,0.5,4.928397,0.27093074,135.0,24.0,BEC,C[N+](C)(C)CCCCCC[N+](C)(C)C
400.0,0.0,99.0,250.0,0.0,0.0,0.0,0.49632597,4.0,0.25,175.0,336.0,BEC,C[N+](C)(C)CCCCCC[N+](C)(C)C
400.0,0.0,99.0,250.0,0.0,0.0,0.0,0.0,4.7044935,0.25,150.0,336.0,BEC,C[N+](C)(C)CCCCCC[N+](C)(C)C
400.0,0.0,99.0,250.0,0.0,0.0,0.0,0.5,4.870346,0.25,175.0,336.0,BEC,C[N+](C)(C)CCCCCC[N+](C)(C)C
400.0,0.0,99.0,250.0,0.0,0.0,0.0,0.52958363,6.9210715,0.2931659,135.0,24.0,BEC,C[N+](C)(C)CCCCCC[N+](C)(C)C
50.0,1.7179967,18.085825,250.0,0.0,0.0,0.0,0.49019608,4.8076925,0.24509804,150.0,0.0,BEC,C[N+](C)(C)CCCCCC[N+](C)(C)C
400.0,0.0,99.0,250.0,0.0,0.0,0.0,0.5,7.5,0.26279333,130.0,16.0,BEC,C[N+](C)(C)CCCCCC[N+](C)(C)C
400.0,0.0,4.0,250.0,0.0,0.0,0.0,0.0,5.3540955,0.25,175.0,336.0,BEC,C[N+](C)(C)CCCCCC[N+](C)(C)C
400.0,0.0,4.0,250.0,0.0,0.0,0.0,0.0,5.0,0.25252524,175.0,336.0,BEC,C[N+](C)(C)CCCCCC[N+](C)(C)C
400.0,0.0,4.0,250.0,0.0,0.0,0.0,0.5,4.823623,0.25,175.0,60.0,BEC,C[N+](C)(C)CCCCCC[N+](C)(C)C
400.0,0.0,99.0,250.0,0.0,0.0,0.0,0.5,6.554569,0.25,175.0,240.0,BEC,C[N+](C)(C)CCCCCC[N+](C)(C)C
400.0,0.0,99.0,250.0,0.0,0.0,0.0,0.0,6.6406894,0.2519686,135.0,360.0,BEC,C[N+](C)(C)CCCCCC[N+](C)(C)C
18.182,1.7179967,12.928398,250.0,0.0,0.0,0.0,0.45452213,4.7962527,0.24219136,150.0,0.0,BEC,C[N+](C)(C)CCCCCC[N+](C)(C)C
30.0,1.7179967,10.001101,250.0,0.0,0.0,0.0,0.49019608,4.5454545,0.2498512,150.0,0.0,BEC,C[N+](C)(C)CCCCCC[N+](C)(C)C
400.0,0.0,5.610713,250.0,0.0,0.0,0.0,0.71830493,6.3636365,0.28060034,135.0,120.0,BEC,C[N+](C)(C)CCCCCC[N+](C)(C)C
400.0,0.0,99.0,250.0,0.0,0.0,0.0,0.5,6.8370175,0.3,135.0,168.0,BEC,C[N+](C)(C)CCCCCC[N+](C)(C)C
400.0,0.0,99.0,250.0,0.0,0.0,0.0,0.0,5.0,0.248876,175.0,336.0,BEC,C[N+](C)(C)CCCCCC[N+](C)(C)C
400.0,0.0,5.0,250.0,0.0,0.0,0.0,0.5,6.0714808,0.25,175.0,312.0,BEC,C[N+](C)(C)CCCCCC[N+](C)(C)C
400.0,0.0,99.0,250.0,0.0,0.0,0.0,0.52146757,7.9434633,0.27272728,135.0,24.0,BEC,C[N+](C)(C)CCCCCC[N+](C)(C)C
400.0,0.0,10.001101,250.0,0.0,0.0,0.0,0.0,7.9716377,0.23809524,175.0,397.1763,BEC,C[N+](C)(C)CCCCCC[N+](C)(C)C
15.552021,1.7179967,99.0,250.0,0.0,0.0,0.0,0.5,5.2323985,0.24170117,175.0,336.0,BEC,C[N+](C)(C)CCCCCC[N+](C)(C)C
50.0,1.7179967,10.001101,250.0,0.0,0.0,0.0,0.5,4.0104213,0.24752475,175.0,120.0,BEC,C[N+](C)(C)CCCCCC[N+](C)(C)C
400.0,0.0,4.0,250.0,0.0,0.0,0.0,0.5,3.1905694,0.25,175.0,336.0,BEC,C[N+](C)(C)CCCCCC[N+](C)(C)C
400.0,0.0,10.001101,250.0,0.0,0.0,0.0,0.4805743,2.857143,0.25,175.0,336.0,BEC,C[N+](C)(C)CCCCCC[N+](C)(C)C
400.0,0.0,10.0,250.0,0.0,0.0,0.0,0.0,4.994139,0.25,175.0,439.18158,BEC,C[N+](C)(C)CCCCCC[N+](C)(C)C
60.0,1.7179967,10.001101,250.0,0.0,0.0,0.0,0.0,4.8076925,0.2060442,180.0,144.0,BEC,C[N+](C)(C)CCCCCC[N+](C)(C)C
400.0,0.0,9.262929,250.0,0.0,0.0,0.0,0.21435685,4.2187405,0.25,175.0,336.0,BEC,C[N+](C)(C)CCCCCC[N+](C)(C)C
400.0,0.0,5.0,250.0,0.0,0.0,0.0,0.48,3.0844288,0.25,175.0,336.0,BEC,C[N+](C)(C)CCCCCC[N+](C)(C)C
400.0,0.0,99.0,250.0,0.0,0.0,0.0,0.5,3.0,0.25,175.0,336.0,BEC,C[N+](C)(C)CCCCCC[N+](C)(C)C
400.0,0.0,10.001101,250.0,0.0,0.0,0.0,0.5,6.717958,0.26002023,135.0,24.0,BEC,C[N+](C)(C)CCCCCC[N+](C)(C)C
400.0,0.0,99.0,250.0,0.0,0.0,0.0,0.41685203,7.0,0.25,175.0,336.0,BEC,C[N+](C)(C)CCCCCC[N+](C)(C)C
400.0,0.0,99.0,250.0,0.0,0.0,0.0,0.5,7.0,0.3,130.0,720.0,BEC,C[N+](C)(C)CCCCCC[N+](C)(C)C
46.85271,1.7179967,10.0,250.0,0.0,0.0,0.0,0.48963445,4.611758,0.24038461,135.0,336.0,BEC,C[N+](C)(C)CCCCCC[N+](C)(C)C
154.6524,1.7179967,15.570581,250.0,0.0,0.0,0.0,0.5,3.5,0.24307315,180.0,60.0,BEC,C[N+](C)(C)CCCCCC[N+](C)(C)C
47.422565,1.7179967,10.0,250.0,0.0,0.0,0.0,0.5,5.0,0.24038461,175.0,336.0,BEC,C[N+](C)(C)CCCCCC[N+](C)(C)C
27.131548,1.7179967,10.001101,250.0,0.0,0.0,0.0,0.0,4.067051,0.23809524,160.0,144.0,BEC,C[N+](C)(C)CCCCCC[N+](C)(C)C
400.0,0.0,9.461139,250.0,0.0,0.0,0.0,0.5,6.6666665,0.25,130.04224,17.082853,BEC,C[N+](C)(C)CCCCCC[N+](C)(C)C
400.0,0.0,99.0,250.0,0.0,0.0,0.0,0.5383323,6.0247326,0.2747674,135.0,336.0,BEC,C[N+](C)(C)CCCCCC[N+](C)(C)C
400.0,0.0,99.0,250.0,0.0,0.0,0.0,0.9495924,2.969521,0.27272728,175.0,336.0,BEC,C[N+](C)(C)CCCCCC[N+](C)(C)C
400.0,0.0,4.211045,22.01621,0.0,0.0,0.0,0.0,4.2676077,0.25,175.0,360.0,BEC,C[N+](C)(C)CCCCCC[N+](C)(C)C
400.0,0.0,99.0,250.0,0.0,0.0,0.0,0.5,5.0,0.27009052,175.0,72.0,BEC,C[N+](C)(C)CCCCCC[N+](C)(C)C
38.207645,1.7179967,10.001101,250.0,0.0,0.0,0.0,0.5,4.667997,0.23809524,175.0,144.0,BEC,C[N+](C)(C)CCCCCC[N+](C)(C)C
400.0,0.0,99.0,250.0,0.0,0.0,0.0,0.5640588,6.707877,0.27272728,133.71191,480.0,BEC,C[N+](C)(C)CCCCCC[N+](C)(C)C
56.426777,1.7179967,14.992504,250.0,0.0,0.0,0.0,0.49019608,4.996879,0.24752475,150.0,0.0,BEC,C[N+](C)(C)CCCCCC[N+](C)(C)C
31.846077,1.7179967,10.001101,250.0,0.0,0.0,0.0,0.5,4.7008495,0.24509804,160.0,336.0,BEC,C[N+](C)(C)CCCCCC[N+](C)(C)C
400.0,0.0,99.0,250.0,0.0,0.0,0.0,0.4820636,3.1831918,0.25,175.0,336.0,BEC,C[N+](C)(C)CCCCCC[N+](C)(C)C
400.0,0.0,6.5898523,250.0,0.0,0.0,0.0,0.0,4.0,0.25,175.0,360.0,BEC,C[N+](C)(C)CCCCCC[N+](C)(C)C
400.0,0.0,14.996685,250.0,0.0,0.0,0.0,0.5,7.5160127,0.25641027,135.0,24.0,BEC,C[N+](C)(C)CCCCCC[N+](C)(C)C
60.0,1.7179967,14.999513,250.0,0.0,0.0,0.0,0.48396257,4.762371,0.25,150.0,0.0,BEC,C[N+](C)(C)CCCCCC[N+](C)(C)C
400.0,0.0,4.9988885,250.0,0.0,0.0,0.0,0.0,5.0,0.25,175.0,312.0,BEC,C[N+](C)(C)CCCCCC[N+](C)(C)C
400.0,0.0,99.0,250.0,0.0,0.0,0.0,0.5,7.3725986,0.25,175.0,96.0,BEC,C[N+](C)(C)CCCCCC[N+](C)(C)C
400.0,0.0,2.030303,250.0,0.0,0.0,0.0,0.18504505,5.0,0.25,175.0,336.0,BEC,C[N+](C)(C)CCCCCC[N+](C)(C)C
400.0,0.0,99.0,250.0,0.0,0.0,0.0,0.5,5.473758,0.25,175.0,336.0,BEC,C[N+](C)(C)CCCCCC[N+](C)(C)C
400.0,0.0,99.0,250.0,0.0,0.0,0.0,0.5,4.6873536,0.25,175.0,72.0,BEC,C[N+](C)(C)CCCCCC[N+](C)(C)C
400.0,0.0,99.0,250.0,0.0,0.0,0.0,0.5,5.0,0.25,175.0,321.3684,BEC,C[N+](C)(C)CCCCCC[N+](C)(C)C
400.0,0.0,10.000258,250.0,0.0,0.0,0.0,0.0,4.7620635,0.25,175.0,120.0,BEC,C[N+](C)(C)CCCCCC[N+](C)(C)C
400.0,0.0,6.4540553,250.0,0.0,0.0,0.0,0.5,4.7521687,0.25,175.0,336.0,BEC,C[N+](C)(C)CCCCCC[N+](C)(C)C
400.0,0.0,99.0,250.0,0.0,0.0,0.0,0.5,3.4439054,0.25,175.0,336.0,BEC,C[N+](C)(C)CCCCCC[N+](C)(C)C
400.0,0.0,5.0,250.0,0.0,0.0,0.0,0.0,4.737502,0.25,175.0,216.0,BEC,C[N+](C)(C)CCCCCC[N+](C)(C)C
400.0,0.0,9.007689,250.0,0.0,0.0,0.0,0.5,7.009368,0.2718163,140.0,20.0,BEC,C[N+](C)(C)CCCCCC[N+](C)(C)C
400.0,0.0,2.9085493,250.0,0.0,0.0,0.0,0.5,7.0,0.36395147,175.0,360.0,BEC,C[N+](C)(C)CCCCCC[N+](C)(C)C
400.0,0.0,99.0,250.0,0.0,0.0,0.0,0.51665914,7.936152,0.2939854,126.23492,192.0,BEC,C[N+](C)(C)CCCCCC[N+](C)(C)C
400.0,0.0,99.0,250.0,0.0,0.0,0.0,0.5,6.864132,0.26343825,135.0,120.0,BEC,C[N+](C)(C)CCCCCC[N+](C)(C)C
400.0,0.0,10.001101,250.0,0.0,0.0,0.0,0.22727273,4.6873536,0.24509804,175.0,288.0,BEC,C[N+](C)(C)CCCCCC[N+](C)(C)C
50.0,1.7179967,99.0,250.0,0.0,0.0,0.0,0.49019608,4.8430257,0.25,128.49213,204.0,BEC,C[N+](C)(C)CCCCCC[N+](C)(C)C
400.0,0.0,4.9998875,250.0,0.0,0.0,0.0,0.0,5.0,0.25,175.0,336.0,BEC,C[N+](C)(C)CCCCCC[N+](C)(C)C
400.0,0.0,99.0,250.0,0.0,0.0,0.0,0.49755004,3.2341251,0.25,175.0,336.0,BEC,C[N+](C)(C)CCCCCC[N+](C)(C)C
34.187912,1.7179967,10.001101,250.0,0.0,0.0,0.0,0.5,4.0,0.23809524,180.0,50.0,BEC,C[N+](C)(C)CCCCCC[N+](C)(C)C
400.0,0.0,10.001101,250.0,0.0,0.0,0.0,0.4816337,3.0,0.25,175.0,120.0,BEC,C[N+](C)(C)CCCCCC[N+](C)(C)C
33.333332,1.7179967,15.833532,250.0,0.0,0.0,0.0,0.5,4.7172203,0.24194942,180.0,72.0,BEC,C[N+](C)(C)CCCCCC[N+](C)(C)C
50.0,1.7179967,11.60922,250.0,0.0,0.0,0.0,0.5,4.5,0.23809524,180.0,48.0,BEC,C[N+](C)(C)CCCCCC[N+](C)(C)C
400.0,0.0,10.000056,250.0,0.0,0.0,0.0,0.5,5.6010838,0.25,175.0,192.0,BEC,C[N+](C)(C)CCCCCC[N+](C)(C)C
44.03493,1.7179967,30.006205,250.0,0.0,0.0,0.0,0.4848036,4.841193,0.24509804,150.0,0.0,BEC,C[N+](C)(C)CCCCCC[N+](C)(C)C
60.484226,1.7179967,10.001101,250.0,0.0,0.0,0.0,0.5,4.006059,0.22727273,180.0,24.0,BEC,C[N+](C)(C)CCCCCC[N+](C)(C)C
400.0,0.0,2.1930714,250.0,0.0,0.0,0.0,0.25,3.023221,0.25,175.0,336.0,BEC,C[N+](C)(C)CCCCCC[N+](C)(C)C
400.0,0.0,4.999878,250.0,0.0,0.0,0.0,0.0,5.4915075,0.25,175.0,360.0,BEC,C[N+](C)(C)CCCCCC[N+](C)(C)C
400.0,0.0,10.001101,250.0,0.0,0.0,0.0,0.4958162,4.6450624,0.25,175.0,144.0,BEC,C[N+](C)(C)CCCCCC[N+](C)(C)C
400.0,0.0,10.001101,250.0,0.0,0.0,0.0,0.0,5.0,0.25,175.0,168.0,BEC,C[N+](C)(C)CCCCCC[N+](C)(C)C
400.0,0.0,2.030303,250.0,0.0,0.0,0.0,0.0,5.0,0.25641027,135.0,600.0,BEC,C[N+](C)(C)CCCCCC[N+](C)(C)C
400.0,0.0,10.00057,250.0,0.0,0.0,0.0,0.5,6.730769,0.26075503,135.0,24.0,BEC,C[N+](C)(C)CCCCCC[N+](C)(C)C
400.0,0.0,99.0,250.0,0.0,0.0,0.0,0.5032269,5.0,0.25,175.0,144.0,BEC,C[N+](C)(C)CCCCCC[N+](C)(C)C
400.0,0.0,10.001101,250.0,0.0,0.0,0.0,0.0,5.0,0.25,175.0,240.0,BEC,C[N+](C)(C)CCCCCC[N+](C)(C)C
400.0,0.0,99.0,250.0,0.0,0.0,0.0,0.50011766,7.0,0.2856824,135.0,14.368122,BEC,C[N+](C)(C)CCCCCC[N+](C)(C)C
30.0,1.7179967,10.001101,250.0,0.0,0.0,0.0,0.5,4.5124717,0.24714099,170.0,72.0,BEC,C[N+](C)(C)CCCCCC[N+](C)(C)C
400.0,0.0,10.001101,250.0,0.0,0.0,0.0,0.5,5.6,0.25,175.0,336.0,BEC,C[N+](C)(C)CCCCCC[N+](C)(C)C
400.0,0.0,99.0,250.0,0.0,0.0,0.0,0.25,5.6244445,0.24996395,175.0,144.0,BEC,C[N+](C)(C)CCCCCC[N+](C)(C)C
400.0,0.0,6.0726876,250.0,0.0,0.0,0.0,0.38285083,2.6626325,0.24922687,175.0,336.0,BEC,C[N+](C)(C)CCCCCC[N+](C)(C)C
400.0,0.0,99.0,250.0,0.0,0.0,0.0,0.5,4.9480495,0.25,175.0,72.0,BEC,C[N+](C)(C)CCCCCC[N+](C)(C)C
400.0,0.0,10.001101,250.0,0.0,0.0,0.0,0.0,5.0,0.25,175.0,336.0,BEC,C[N+](C)(C)CCCCCC[N+](C)(C)C
400.0,0.0,10.001101,250.0,0.0,0.0,0.0,0.5,5.4869504,0.24677363,175.0,48.0,BEC,C[N+](C)(C)CCCCCC[N+](C)(C)C
60.01826,1.7179967,10.001101,250.0,0.0,0.0,0.0,0.5,3.0843806,0.23922688,180.0,48.0,BEC,C[N+](C)(C)CCCCCC[N+](C)(C)C
400.0,0.0,4.999344,250.0,0.0,0.0,0.0,0.5,6.877792,0.25,135.0,549.68085,BEC,C[N+](C)(C)CCCCCC[N+](C)(C)C
400.0,0.0,10.001101,250.0,0.0,0.0,0.0,0.5,5.0,0.27943993,135.0,264.0,BEC,C[N+](C)(C)CCCCCC[N+](C)(C)C
400.0,0.0,99.0,250.0,0.0,0.0,0.0,0.49121186,5.6,0.25,175.0,72.0,BEC,C[N+](C)(C)CCCCCC[N+](C)(C)C
400.0,0.0,99.0,250.0,0.0,0.0,0.0,0.50018084,6.3971286,0.2787139,131.3466,14496.0,BEC,C[N+](C)(C)CCCCCC[N+](C)(C)C
400.0,0.0,99.0,250.0,0.0,0.0,0.0,0.5,2.8846154,0.2596143,175.0,336.0,BEC,C[N+](C)(C)CCCCCC[N+](C)(C)C
400.0,0.0,10.001101,250.0,0.0,0.0,0.0,0.5,5.358338,0.25,175.0,288.0,BEC,C[N+](C)(C)CCCCCC[N+](C)(C)C
50.0,1.7179967,99.0,250.0,0.0,0.0,0.0,0.45454547,4.695482,0.24509804,150.0,0.0,BEC,C[N+](C)(C)CCCCCC[N+](C)(C)C
400.0,0.0,2.0,250.0,0.0,0.0,0.0,0.5,4.5734224,0.25,175.0,299.49298,BEC,C[N+](C)(C)CCCCCC[N+](C)(C)C
400.0,0.0,99.0,250.0,0.0,0.0,0.0,0.5155929,7.0,0.31560043,135.0,338.48615,BEC,C[N+](C)(C)CCCCCC[N+](C)(C)C
400.0,0.0,5.0,250.0,0.0,0.0,0.0,0.4773497,6.3636365,0.25,175.0,336.0,BEC,C[N+](C)(C)CCCCCC[N+](C)(C)C
50.0,1.7179967,20.0,250.0,0.0,0.0,0.0,0.45454547,4.9132485,0.24751148,150.0,0.0,BEC,C[N+](C)(C)CCCCCC[N+](C)(C)C
400.0,0.0,9.000146,250.0,0.0,0.0,0.0,0.50045675,6.9895763,0.28154242,140.0,120.0,BEC,C[N+](C)(C)CCCCCC[N+](C)(C)C
29.959202,1.7179967,9.485981,250.0,0.0,0.0,0.0,0.7230507,4.923953,0.246627,175.0,336.0,BEC,C[N+](C)(C)CCCCCC[N+](C)(C)C
400.0,0.0,99.0,250.0,0.0,0.0,0.0,0.5,6.6859183,0.27272728,175.0,24.0,BEC,C[N+](C)(C)CCCCCC[N+](C)(C)C
400.0,0.0,99.0,250.0,0.0,0.0,0.0,0.5,2.4833503,0.25,175.0,336.0,BEC,C[N+](C)(C)CCCCCC[N+](C)(C)C
400.0,0.0,99.0,250.0,0.0,0.0,0.0,0.5,6.730769,0.29311883,135.0,24.0,BEC,C[N+](C)(C)CCCCCC[N+](C)(C)C
400.0,0.0,10.001101,250.0,0.0,0.0,0.0,0.48047125,4.5454545,0.25,175.0,288.0,BEC,C[N+](C)(C)CCCCCC[N+](C)(C)C
400.0,0.0,99.0,250.0,0.0,0.0,0.0,0.23809524,3.0,0.24277382,175.0,336.0,BEC,C[N+](C)(C)CCCCCC[N+](C)(C)C
400.0,0.0,2.0,250.0,0.0,0.0,0.0,0.5,2.7272727,0.25,175.0,336.0,BEC,C[N+](C)(C)CCCCCC[N+](C)(C)C
400.0,0.0,99.0,250.0,0.0,0.0,0.0,0.5,4.843364,0.25,175.0,72.0,BEC,C[N+](C)(C)CCCCCC[N+](C)(C)C
400.0,0.0,5.0,250.0,0.0,0.0,0.0,0.38327938,2.7272727,0.25,175.0,336.0,BEC,C[N+](C)(C)CCCCCC[N+](C)(C)C
400.0,0.0,99.0,250.0,0.0,0.0,0.0,0.0,9.374707,0.26054415,135.0,24.0,BEC,C[N+](C)(C)CCCCCC[N+](C)(C)C
400.0,0.0,6.521297,250.0,0.0,0.0,0.0,0.48,4.5454545,0.25,175.0,264.0,BEC,C[N+](C)(C)CCCCCC[N+](C)(C)C
400.0,0.0,99.0,250.0,0.0,0.0,0.0,0.5,3.0,0.25,175.0,336.0,BEC,C[N+](C)(C)CCCCCC[N+](C)(C)C
400.0,0.0,2.0,250.0,0.0,0.0,0.0,0.4660879,5.0,0.24509804,175.0,336.0,BEC,C[N+](C)(C)CCCCCC[N+](C)(C)C
400.0,0.0,10.001101,250.0,0.0,0.0,0.0,0.463265,5.0,0.25,175.0,168.0,BEC,C[N+](C)(C)CCCCCC[N+](C)(C)C
400.0,0.0,99.0,250.0,0.0,0.0,0.0,0.0,5.0,0.25996533,175.0,336.0,BEC,C[N+](C)(C)CCCCCC[N+](C)(C)C
45.703102,1.7179967,5.0,250.0,0.0,0.0,0.0,0.5,4.5454545,0.24851839,135.0,403.59018,BEC,C[N+](C)(C)CCCCCC[N+](C)(C)C
400.0,0.0,10.001101,250.0,0.0,0.0,0.0,0.5,4.166395,0.24877492,175.0,168.0,BEC,C[N+](C)(C)CCCCCC[N+](C)(C)C
400.0,0.0,10.674446,250.0,0.0,0.0,0.0,0.5,4.7036066,0.25,175.0,144.0,BEC,C[N+](C)(C)CCCCCC[N+](C)(C)C
400.0,0.0,10.001101,250.0,0.0,0.0,0.0,0.0,5.9549127,0.25,175.0,336.0,BEC,C[N+](C)(C)CCCCCC[N+](C)(C)C
400.0,0.0,9.003208,250.0,0.0,0.0,0.0,0.0,5.0,0.25,175.0,336.0,BEC,C[N+](C)(C)CCCCCC[N+](C)(C)C
50.0,1.7179967,99.0,250.0,0.0,0.0,0.0,0.48,5.0,0.2491735,150.0,0.0,BEC,C[N+](C)(C)CCCCCC[N+](C)(C)C
400.0,0.0,99.0,250.0,0.0,0.0,0.0,0.48,4.9430227,0.25,175.0,192.0,BEC,C[N+](C)(C)CCCCCC[N+](C)(C)C
400.0,0.0,99.0,250.0,0.0,0.0,0.0,0.5,5.0,0.25,175.0,48.0,BEC,C[N+](C)(C)CCCCCC[N+](C)(C)C
400.0,0.0,10.001101,250.0,0.0,0.0,0.0,0.0,5.0,0.25,175.0,264.0,BEC,C[N+](C)(C)CCCCCC[N+](C)(C)C
400.0,0.0,99.0,250.0,0.0,0.0,0.0,0.0,5.0,0.25,175.0,384.0,BEC,C[N+](C)(C)CCCCCC[N+](C)(C)C
400.0,0.0,4.9993596,243.96825,0.0,0.0,0.0,0.5,5.6,0.3,135.0,425.75595,BEC,C[N+](C)(C)CCCCCC[N+](C)(C)C
40.0,1.7179967,10.001101,250.0,0.0,0.0,0.0,0.49019608,4.767868,0.24509804,150.0,1.0,BEC,C[N+](C)(C)CCCCCC[N+](C)(C)C
400.0,0.0,50.311157,250.0,0.0,0.0,0.0,0.5,5.758445,0.25,175.0,120.0,BEC,C[N+](C)(C)CCCCCC[N+](C)(C)C
40.0,1.7179967,10.001101,250.0,0.0,0.0,0.0,0.5,4.701631,0.23809524,135.0,336.0,BEC,C[N+](C)(C)CCCCCC[N+](C)(C)C
50.0,1.7179967,10.001101,250.0,0.0,0.0,0.0,0.5,4.979052,0.25,160.0,336.0,BEC,C[N+](C)(C)CCCCCC[N+](C)(C)C
400.0,0.0,4.695702,250.0,0.0,0.0,0.0,0.0,4.811221,0.25,175.0,380.23904,BEC,C[N+](C)(C)CCCCCC[N+](C)(C)C
400.0,0.0,10.001101,250.0,0.0,0.0,0.0,0.4,5.0,0.25,175.0,168.0,BEC,C[N+](C)(C)CCCCCC[N+](C)(C)C
400.0,0.0,10.001101,250.0,0.0,0.0,0.0,0.5,6.687086,0.25812584,135.0,24.0,BEC,C[N+](C)(C)CCCCCC[N+](C)(C)C
400.0,0.0,10.001101,250.0,0.0,0.0,0.0,0.0,4.9479775,0.25,175.0,210.9234,BEC,C[N+](C)(C)CCCCCC[N+](C)(C)C
400.0,0.0,9.625271,250.0,0.0,0.0,0.0,0.0,4.787054,0.25,175.0,72.0,BEC,C[N+](C)(C)CCCCCC[N+](C)(C)C
30.30303,1.7179967,14.997774,250.0,0.0,0.0,0.0,0.49019608,4.8306527,0.2475172,150.0,0.0,BEC,C[N+](C)(C)CCCCCC[N+](C)(C)C
400.0,0.0,10.001101,250.0,0.0,0.0,0.0,0.5,4.711617,0.25,175.0,318.9348,BEC,C[N+](C)(C)CCCCCC[N+](C)(C)C
400.0,0.0,99.0,250.0,0.0,0.0,0.0,0.54063827,6.3984666,0.27272728,135.0,408.08585,BEC,C[N+](C)(C)CCCCCC[N+](C)(C)C
40.0,1.7179967,15.0,250.0,0.0,0.0,0.0,0.47619048,4.9570007,0.24509804,150.0,0.0,BEC,C[N+](C)(C)CCCCCC[N+](C)(C)C
46.01522,1.7179967,30.01293,250.0,0.0,0.0,0.0,0.45454547,4.9775968,0.24509804,150.0,1.0,BEC,C[N+](C)(C)CCCCCC[N+](C)(C)C
400.0,0.0,4.0,20.841234,0.0,0.0,0.0,0.0,5.0,0.24924453,175.0,192.0,BEC,C[N+](C)(C)CCCCCC[N+](C)(C)C
50.0,1.7179967,99.0,250.0,0.0,0.0,0.0,0.5,4.89568,0.24509804,130.0,336.0,BEC,C[N+](C)(C)CCCCCC[N+](C)(C)C
400.0,0.0,10.001101,250.0,0.0,0.0,0.0,0.0,4.990384,0.25,175.0,168.0,BEC,C[N+](C)(C)CCCCCC[N+](C)(C)C
400.0,0.0,99.0,250.0,0.0,0.0,0.0,0.0,6.3636365,0.25,175.0,360.0,BEC,C[N+](C)(C)CCCCCC[N+](C)(C)C
400.0,0.0,99.0,250.0,0.0,0.0,0.0,0.5,2.7512357,0.25,175.0,336.0,BEC,C[N+](C)(C)CCCCCC[N+](C)(C)C
400.0,0.0,10.001101,250.0,0.0,0.0,0.0,0.5,4.189281,0.25,175.0,72.0,BEC,C[N+](C)(C)CCCCCC[N+](C)(C)C
400.0,0.0,9.437447,250.0,0.0,0.0,0.0,0.54,5.1119843,0.25,175.0,336.0,BEC,C[N+](C)(C)CCCCCC[N+](C)(C)C
400.0,0.0,99.0,250.0,0.0,0.0,0.0,0.0,5.487937,0.25,175.0,168.0,BEC,C[N+](C)(C)CCCCCC[N+](C)(C)C
45.0,1.7179967,6.125988,250.0,0.0,0.0,0.0,0.5,5.0,0.23051701,175.0,336.0,BEC,C[N+](C)(C)CCCCCC[N+](C)(C)C
400.0,0.0,10.001101,250.0,0.0,0.0,0.0,0.5,7.0,0.2721332,140.0,118.20982,BEC,C[N+](C)(C)CCCCCC[N+](C)(C)C
400.0,0.0,99.0,250.0,0.0,0.0,0.0,0.4900518,4.5454545,0.25,175.0,336.0,BEC,C[N+](C)(C)CCCCCC[N+](C)(C)C
400.0,0.0,99.0,250.0,0.0,0.0,0.0,0.48707622,3.8801892,0.25,175.0,264.0,BEC,C[N+](C)(C)CCCCCC[N+](C)(C)C
400.0,0.0,2.0028791,50.0,0.0,0.0,0.0,0.0,4.5738683,0.25,175.0,168.0,BEC,C[N+](C)(C)CCCCCC[N+](C)(C)C
400.0,0.0,4.9996095,250.0,0.0,0.0,0.0,0.44833067,6.6666665,0.2471026,175.0,360.0,BEC,C[N+](C)(C)CCCCCC[N+](C)(C)C
50.27273,1.7179967,99.0,250.0,0.0,0.0,0.0,0.48,4.924848,0.25,150.0,0.41521585,BEC,C[N+](C)(C)CCCCCC[N+](C)(C)C
400.0,0.0,10.0,250.0,0.0,0.0,0.0,0.5,4.8076925,0.25,175.0,288.0,BEC,C[N+](C)(C)CCCCCC[N+](C)(C)C
400.0,0.0,99.0,250.0,0.0,0.0,0.0,0.6666667,6.6666665,0.25,135.0,384.0,BEC,C[N+](C)(C)CCCCCC[N+](C)(C)C
400.0,0.0,6.4845243,250.0,0.0,0.0,0.0,0.0,6.239145,0.24509804,175.0,336.0,BEC,C[N+](C)(C)CCCCCC[N+](C)(C)C
20.95317,0.8689205,99.0,250.0,0.0,0.0,0.0,0.0,4.842658,0.25,175.0,336.0,BEC,C[N+](C)(C)CCCCCC[N+](C)(C)C
400.0,0.0,10.001101,250.0,0.0,0.0,0.0,0.5,4.9408956,0.25,175.0,240.0,BEC,C[N+](C)(C)CCCCCC[N+](C)(C)C
50.0,1.7179967,99.0,250.0,0.0,0.0,0.0,0.5,4.5454545,0.24351588,180.0,24.0,BEC,C[N+](C)(C)CCCCCC[N+](C)(C)C
400.0,0.0,10.00003,250.0,0.0,0.0,0.0,0.0,5.0,0.2777778,175.0,360.0,BEC,C[N+](C)(C)CCCCCC[N+](C)(C)C
400.0,0.0,4.998856,250.0,0.0,0.0,0.0,0.5,4.7391195,0.25,175.0,288.0,BEC,C[N+](C)(C)CCCCCC[N+](C)(C)C
400.0,0.0,10.001101,250.0,0.0,0.0,0.0,0.0,5.6,0.25,175.0,240.0,BEC,C[N+](C)(C)CCCCCC[N+](C)(C)C
400.0,0.0,10.001101,250.0,0.0,0.0,0.0,0.5,6.3751717,0.27737507,135.0,24.0,BEC,C[N+](C)(C)CCCCCC[N+](C)(C)C
400.0,0.0,99.0,250.0,0.0,0.0,0.0,0.5,50.0,0.25,135.0,65.0,BEC,C[N+](C)(C)CCCCCC[N+](C)(C)C
400.0,0.0,4.9997563,250.0,0.0,0.0,0.0,0.28417045,5.0,0.25,175.0,168.0,BEC,C[N+](C)(C)CCCCCC[N+](C)(C)C
400.0,0.0,10.0,250.0,0.0,0.0,0.0,0.0,4.96354,0.25,175.0,120.0,BEC,C[N+](C)(C)CCCCCC[N+](C)(C)C
400.0,0.0,4.999295,50.0,0.0,0.0,0.0,0.0,3.8823354,0.25,175.0,360.0,BEC,C[N+](C)(C)CCCCCC[N+](C)(C)C
400.0,0.0,10.0,250.0,0.0,0.0,0.0,0.0,5.0,0.25,175.0,336.0,BEC,C[N+](C)(C)CCCCCC[N+](C)(C)C
400.0,0.0,99.0,250.0,0.0,0.0,0.0,0.5,5.0,0.25,175.0,240.0,BEC,C[N+](C)(C)CCCCCC[N+](C)(C)C
400.0,0.0,99.0,250.0,0.0,0.0,0.0,0.5,59.573715,0.25,135.0,72.0,BEC,C[N+](C)(C)CCCCCC[N+](C)(C)C
400.0,0.0,10.001101,250.0,0.0,0.0,0.0,0.25,4.35551,0.24948251,175.0,240.0,BEC,C[N+](C)(C)CCCCCC[N+](C)(C)C
400.0,0.0,10.001101,250.0,0.0,0.0,0.0,0.0,4.698068,0.2413082,175.0,96.0,BEC,C[N+](C)(C)CCCCCC[N+](C)(C)C
400.0,0.0,10.001101,250.0,0.0,0.0,0.0,0.5,4.728454,0.25,175.0,336.0,BEC,C[N+](C)(C)CCCCCC[N+](C)(C)C
30.30303,1.7179967,10.001101,250.0,0.0,0.0,0.0,0.5,4.286835,0.25,130.0,504.0,BEC,C[N+](C)(C)CCCCCC[N+](C)(C)C
400.0,0.0,99.0,250.0,0.0,0.0,0.0,0.0,5.0,0.25,175.0,480.0,BEC,C[N+](C)(C)CCCCCC[N+](C)(C)C
400.0,0.0,10.001101,250.0,0.0,0.0,0.0,0.5,6.543314,0.27768975,135.0,360.0,BEC,C[N+](C)(C)CCCCCC[N+](C)(C)C
400.0,0.0,10.001101,250.0,0.0,0.0,0.0,0.5,5.0,0.25,175.0,24.0,BEC,C[N+](C)(C)CCCCCC[N+](C)(C)C
50.0,1.7179967,15.167253,250.0,0.0,0.0,0.0,0.48,5.0,0.24509804,150.0,0.94651145,BEC,C[N+](C)(C)CCCCCC[N+](C)(C)C
400.0,0.0,99.0,250.0,0.0,0.0,0.0,0.45752487,2.7272727,0.25,175.0,144.0,BEC,C[N+](C)(C)CCCCCC[N+](C)(C)C
400.0,0.0,8.197507,250.0,0.0,0.0,0.0,0.0,6.3636365,0.25,175.0,168.0,BEC,C[N+](C)(C)CCCCCC[N+](C)(C)C
400.0,0.0,10.001101,250.0,0.0,0.0,0.0,0.47841173,3.0,0.25,175.0,168.0,BEC,C[N+](C)(C)CCCCCC[N+](C)(C)C
400.0,0.0,5.0,250.0,0.0,0.0,0.0,0.0,4.9774384,0.09561673,175.0,336.0,BEC,C[N+](C)(C)CCCCCC[N+](C)(C)C
400.0,0.0,10.001101,250.0,0.0,0.0,0.0,0.5,4.762404,0.25,175.0,144.0,BEC,C[N+](C)(C)CCCCCC[N+](C)(C)C
29.411764,1.7179967,15.835646,250.0,0.0,0.0,0.0,0.48320037,4.689905,0.24513799,150.0,1.0,BEC,C[N+](C)(C)CCCCCC[N+](C)(C)C
400.0,0.0,99.0,250.0,0.0,0.0,0.0,0.49019608,2.8846154,0.24509804,175.0,259.49255,BEC,C[N+](C)(C)CCCCCC[N+](C)(C)C
400.0,0.0,5.0,250.0,0.0,0.0,0.0,0.5,4.8676925,0.24509804,175.0,336.0,BEC,C[N+](C)(C)CCCCCC[N+](C)(C)C
50.0,1.7179967,15.0,250.0,0.0,0.0,0.0,0.4730919,4.9818325,0.24559143,150.0,0.0018782305,BEC,C[N+](C)(C)CCCCCC[N+](C)(C)C
400.0,0.0,2.0,250.0,0.0,0.0,0.0,0.5,5.0,0.25,175.0,336.0,BEC,C[N+](C)(C)CCCCCC[N+](C)(C)C
400.0,0.0,99.0,250.0,0.0,0.0,0.0,0.0,6.87523,0.26529053,135.0,6.0,BEC,C[N+](C)(C)CCCCCC[N+](C)(C)C
400.0,0.0,2.030303,250.0,0.0,0.0,0.0,0.0,4.866264,0.25,175.0,360.0,BEC,C[N+](C)(C)CCCCCC[N+](C)(C)C
400.0,0.0,3.181624,250.0,0.0,0.0,0.0,0.5,3.5,0.25,175.0,288.0,BEC,C[N+](C)(C)CCCCCC[N+](C)(C)C
400.0,0.0,99.0,250.0,0.0,0.0,0.0,0.54,6.785878,0.28735244,135.0,180.0,BEC,C[N+](C)(C)CCCCCC[N+](C)(C)C
400.0,0.0,10.001101,250.0,0.0,0.0,0.0,0.5295244,5.6,0.28500223,135.0,120.0,BEC,C[N+](C)(C)CCCCCC[N+](C)(C)C
400.0,0.0,5.0,250.0,0.0,0.0,0.0,0.0,4.9397807,0.25,175.0,336.0,BEC,C[N+](C)(C)CCCCCC[N+](C)(C)C
400.0,0.0,99.0,250.0,0.0,0.0,0.0,0.5,6.5524917,0.2811996,135.0,144.0,BEC,C[N+](C)(C)CCCCCC[N+](C)(C)C
400.0,0.0,10.0,250.0,0.0,0.0,0.0,0.0,4.0,0.25,175.0,336.0,BEC,C[N+](C)(C)CCCCCC[N+](C)(C)C
50.0,1.7179967,15.0,250.0,0.0,0.0,0.0,0.47491693,4.8296194,0.24750735,150.0,0.022294533,BEC,C[N+](C)(C)CCCCCC[N+](C)(C)C
93.72638,1.7179967,14.993115,250.0,0.0,0.0,0.0,0.48,4.890168,0.25,150.0,0.0,BEC,C[N+](C)(C)CCCCCC[N+](C)(C)C
400.0,0.0,9.001789,250.0,0.0,0.0,0.0,0.4303039,4.5454545,0.25,175.0,72.0,BEC,C[N+](C)(C)CCCCCC[N+](C)(C)C
400.0,0.0,6.582619,250.0,0.0,0.0,0.0,0.5,5.0,0.25,175.0,120.0,BEC,C[N+](C)(C)CCCCCC[N+](C)(C)C
400.0,0.0,4.9993944,250.0,0.0,0.0,0.0,0.33333334,5.0,0.25,175.0,144.0,BEC,C[N+](C)(C)CCCCCC[N+](C)(C)C
400.0,0.0,10.000584,250.0,0.0,0.0,0.0,0.5,6.0763655,0.2675833,135.0,24.0,BEC,C[N+](C)(C)CCCCCC[N+](C)(C)C
400.0,0.0,14.939108,250.0,0.0,0.0,0.0,0.49923852,4.932518,0.25,175.0,336.0,BEC,C[N+](C)(C)CCCCCC[N+](C)(C)C
400.0,0.0,5.4004474,250.0,0.0,0.0,0.0,0.42824322,4.0,0.25,175.0,336.0,BEC,C[N+](C)(C)CCCCCC[N+](C)(C)C
60.0,1.7179967,21.916592,250.0,0.0,0.0,0.0,0.5,4.6873536,0.23809524,180.0,65.0,BEC,C[N+](C)(C)CCCCCC[N+](C)(C)C
46.056484,1.7179967,10.001101,250.0,0.0,0.0,0.0,0.53347176,4.297066,0.23809524,175.0,120.0,BEC,C[N+](C)(C)CCCCCC[N+](C)(C)C
0.3,0.9163007,4.0,250.0,0.0,0.0,0.0,0.0,4.7462134,0.24509804,180.0,44.33095,BEC,C[N+](C)(C)CCCCCC[N+](C)(C)C
400.0,0.0,99.0,250.0,0.0,0.0,0.0,0.6091761,5.4731755,0.27272728,130.54703,168.0,BEC,C[N+](C)(C)CCCCCC[N+](C)(C)C
400.0,0.0,6.5879126,250.0,0.0,0.0,0.0,0.0,5.0,0.25,175.0,360.0,BEC,C[N+](C)(C)CCCCCC[N+](C)(C)C
400.0,0.0,9.824189,250.0,0.0,0.0,0.0,0.2293578,4.4889355,0.23544355,175.0,120.0,BEC,C[N+](C)(C)CCCCCC[N+](C)(C)C
400.0,0.0,99.0,250.0,0.0,0.0,0.0,0.3023223,4.512409,0.25,175.0,336.0,BEC,C[N+](C)(C)CCCCCC[N+](C)(C)C
400.0,0.0,10.001101,250.0,0.0,0.0,0.0,0.54083896,6.3636365,0.25,135.0,3.0,BEC,C[N+](C)(C)CCCCCC[N+](C)(C)C
400.0,0.0,23.331978,250.0,0.0,0.0,0.0,0.5,4.894677,0.25,175.0,96.0,BEC,C[N+](C)(C)CCCCCC[N+](C)(C)C
400.0,0.0,10.000107,250.0,0.0,0.0,0.0,0.5,5.0,0.25,175.0,295.258,BEC,C[N+](C)(C)CCCCCC[N+](C)(C)C
40.0,1.7179967,8.640442,250.0,0.0,0.0,0.0,0.5,4.901961,0.24508362,160.0,168.0,BEC,C[N+](C)(C)CCCCCC[N+](C)(C)C
400.0,0.0,99.0,250.0,0.0,0.0,0.0,0.54,6.888394,0.31514585,135.0,168.0,BEC,C[N+](C)(C)CCCCCC[N+](C)(C)C
400.0,0.0,99.0,250.0,0.0,0.0,0.0,0.5250905,7.0,0.26746193,135.0,96.0,BEC,C[N+](C)(C)CCCCCC[N+](C)(C)C
400.0,0.0,2.7248178,250.0,0.0,0.0,0.0,0.2,3.0607543,0.23848523,175.0,336.0,BEC,C[N+](C)(C)CCCCCC[N+](C)(C)C
400.0,0.0,4.0,250.0,0.0,0.0,0.0,0.45454547,4.789831,0.26996326,175.0,336.0,BEC,C[N+](C)(C)CCCCCC[N+](C)(C)C
400.0,0.0,2.030303,250.0,0.0,0.0,0.0,0.2293578,4.674515,0.24752475,175.0,336.0,BEC,C[N+](C)(C)CCCCCC[N+](C)(C)C
400.0,0.0,4.9984818,250.0,0.0,0.0,0.0,0.5143282,7.3188915,0.2857143,132.31438,72.0,BEC,C[N+](C)(C)CCCCCC[N+](C)(C)C
400.0,0.0,99.0,250.0,0.0,0.0,0.0,0.5364312,7.9249315,0.2799794,135.0,72.0,BEC,C[N+](C)(C)CCCCCC[N+](C)(C)C
400.0,0.0,99.0,250.0,0.0,0.0,0.0,0.5,7.0,0.2857143,130.0,168.0,BEC,C[N+](C)(C)CCCCCC[N+](C)(C)C
400.0,0.0,99.0,250.0,0.0,0.0,0.0,0.5,4.4464655,0.25968874,175.0,48.0,BEC,C[N+](C)(C)CCCCCC[N+](C)(C)C
400.0,0.0,99.0,250.0,0.0,0.0,0.0,0.5,49.80843,0.25,140.0,67.6493,BEC,C[N+](C)(C)CCCCCC[N+](C)(C)C
400.0,0.0,10.001101,250.0,0.0,0.0,0.0,0.21861777,2.9815035,0.25,175.0,360.0,BEC,C[N+](C)(C)CCCCCC[N+](C)(C)C
400.0,0.0,4.9455905,12.707951,0.0,0.0,0.0,0.0,4.562634,0.24534714,175.0,360.0,BEC,C[N+](C)(C)CCCCCC[N+](C)(C)C
34.999466,1.7179967,24.140038,250.0,0.0,0.0,0.0,0.48395485,5.0,0.24789278,150.0,2.0,BEC,C[N+](C)(C)CCCCCC[N+](C)(C)C
72.31343,1.7179967,10.001101,250.0,0.0,0.0,0.0,0.5,4.370756,0.24416733,180.0,48.0,BEC,C[N+](C)(C)CCCCCC[N+](C)(C)C
400.0,0.0,10.001101,250.0,0.0,0.0,0.0,0.49019608,3.5,0.25,175.0,336.0,BEC,C[N+](C)(C)CCCCCC[N+](C)(C)C
400.0,0.0,10.0,250.0,0.0,0.0,0.0,0.0,5.0,0.25,175.0,96.0,BEC,C[N+](C)(C)CCCCCC[N+](C)(C)C
400.0,0.0,28.168182,250.0,0.0,0.0,0.0,0.0,5.0,0.25,175.0,336.0,BEC,C[N+](C)(C)CCCCCC[N+](C)(C)C
50.0,1.7179967,99.0,250.0,0.0,0.0,0.0,0.54101825,4.901961,0.23915607,175.0,336.0,BEC,C[N+](C)(C)CCCCCC[N+](C)(C)C
25.0,1.7179967,9.007333,250.0,0.0,0.0,0.0,0.0,4.543773,0.2,180.0,61.77868,BEC,C[N+](C)(C)CCCCCC[N+](C)(C)C
400.0,0.0,10.000804,250.0,0.0,0.0,0.0,0.5,6.575766,0.2857143,135.0,37.031265,BEC,C[N+](C)(C)CCCCCC[N+](C)(C)C
400.0,0.0,99.0,250.0,0.0,0.0,0.0,0.5296117,6.6666665,0.28822967,135.0,24.0,BEC,C[N+](C)(C)CCCCCC[N+](C)(C)C
400.0,0.0,99.0,250.0,0.0,0.0,0.0,0.54,6.4220185,0.25529346,135.0,120.0,BEC,C[N+](C)(C)CCCCCC[N+](C)(C)C
400.0,0.0,2.0006351,48.928623,0.0,0.0,0.0,0.5,4.701379,0.23809524,175.0,336.0,BEC,C[N+](C)(C)CCCCCC[N+](C)(C)C
400.0,0.0,10.001101,250.0,0.0,0.0,0.0,0.0,4.7353864,0.25,175.0,336.0,BEC,C[N+](C)(C)CCCCCC[N+](C)(C)C
400.0,0.0,10.001101,250.0,0.0,0.0,0.0,0.25,5.0576897,0.25,175.0,336.0,BEC,C[N+](C)(C)CCCCCC[N+](C)(C)C
400.0,0.0,10.001101,250.0,0.0,0.0,0.0,0.5,7.16463,0.25,130.0,120.0,BEC,C[N+](C)(C)CCCCCC[N+](C)(C)C
400.0,0.0,2.4951158,250.0,0.0,0.0,0.0,0.47835073,3.5,0.25,175.0,335.44238,BEC,C[N+](C)(C)CCCCCC[N+](C)(C)C
30.0,1.7179967,10.000628,250.0,0.0,0.0,0.0,0.39122105,4.5454545,0.24288645,160.0,336.0,BEC,C[N+](C)(C)CCCCCC[N+](C)(C)C
400.0,0.0,2.030303,250.0,0.0,0.0,0.0,0.25480837,5.0,0.25,175.0,336.0,BEC,C[N+](C)(C)CCCCCC[N+](C)(C)C
400.0,0.0,4.998855,250.0,0.0,0.0,0.0,0.0,4.0,0.25,175.0,336.0,BEC,C[N+](C)(C)CCCCCC[N+](C)(C)C
400.0,0.0,2.220063,250.0,0.0,0.0,0.0,0.5,4.702404,0.2470963,175.0,168.0,BEC,C[N+](C)(C)CCCCCC[N+](C)(C)C
180.47746,0.0,10.001101,250.0,0.0,0.0,0.0,0.0,4.901961,0.23970817,175.0,48.0,BEC,C[N+](C)(C)CCCCCC[N+](C)(C)C
400.0,0.0,10.001101,250.0,0.0,0.0,0.0,0.0,5.6,0.25,175.0,168.0,BEC,C[N+](C)(C)CCCCCC[N+](C)(C)C
400.0,0.0,7.564781,250.0,0.0,0.0,0.0,0.5,7.5,0.27272728,135.0,24.0,BEC,C[N+](C)(C)CCCCCC[N+](C)(C)C
400.0,0.0,10.001101,250.0,0.0,0.0,0.0,0.0,4.7897396,0.25,175.0,336.0,BEC,C[N+](C)(C)CCCCCC[N+](C)(C)C
400.0,0.0,13.371741,250.0,0.0,0.0,0.0,0.0,6.8939652,0.25641027,135.0,336.0,BEC,C[N+](C)(C)CCCCCC[N+](C)(C)C
400.0,0.0,99.0,250.0,0.0,0.0,0.0,0.5,6.789627,0.29029003,135.0,144.0,BEC,C[N+](C)(C)CCCCCC[N+](C)(C)C
400.0,0.0,10.001101,250.0,0.0,0.0,0.0,0.5,4.99341,0.25,175.0,96.0,BEC,C[N+](C)(C)CCCCCC[N+](C)(C)C
400.0,0.0,10.001101,250.0,0.0,0.0,0.0,0.5,8.0,0.25996533,135.0,336.0,BEC,C[N+](C)(C)CCCCCC[N+](C)(C)C
400.0,0.0,4.998962,250.0,0.0,0.0,0.0,0.0,4.903012,0.25,175.0,336.0,BEC,C[N+](C)(C)CCCCCC[N+](C)(C)C
400.0,0.0,5.0,250.0,0.0,0.0,0.0,0.5,7.07866,0.30012867,140.0,480.0,BEC,C[N+](C)(C)CCCCCC[N+](C)(C)C
50.0,1.7179967,10.001101,250.0,0.0,0.0,0.0,0.49019608,4.0,0.23809524,180.0,72.0,BEC,C[N+](C)(C)CCCCCC[N+](C)(C)C
400.0,0.0,3.387412,250.0,0.0,0.0,0.0,0.44326583,5.0,0.22727273,175.0,312.0,BEC,C[N+](C)(C)CCCCCC[N+](C)(C)C
400.0,0.0,99.0,250.0,0.0,0.0,0.0,0.0,6.3636365,0.25,175.0,336.0,BEC,C[N+](C)(C)CCCCCC[N+](C)(C)C
33.252117,1.7179967,99.0,250.0,0.0,0.0,0.0,0.40220657,4.901961,0.2490424,150.0,0.0,BEC,C[N+](C)(C)CCCCCC[N+](C)(C)C
400.0,0.0,99.0,250.0,0.0,0.0,0.0,0.0,7.0,0.29031938,123.673164,1117.708,BEC,C[N+](C)(C)CCCCCC[N+](C)(C)C
400.0,0.0,99.0,250.0,0.0,0.0,0.0,0.5,4.7754235,0.24902532,175.0,120.0,BEC,C[N+](C)(C)CCCCCC[N+](C)(C)C
400.0,0.0,10.001101,250.0,0.0,0.0,0.0,0.5,5.2977138,0.25,175.0,96.0,BEC,C[N+](C)(C)CCCCCC[N+](C)(C)C
400.0,0.0,4.9991083,250.0,0.0,0.0,0.0,0.0,5.0,0.25,175.0,192.0,BEC,C[N+](C)(C)CCCCCC[N+](C)(C)C
50.0,1.7179967,99.0,250.0,0.0,0.0,0.0,0.49019608,4.811633,0.24509804,150.0,0.0,BEC,C[N+](C)(C)CCCCCC[N+](C)(C)C
400.0,0.0,5.0,250.0,0.0,0.0,0.0,0.5,3.0,0.24477898,175.0,168.0,BEC,C[N+](C)(C)CCCCCC[N+](C)(C)C
400.0,0.0,3.685157,250.0,0.0,0.0,0.0,0.09090909,6.0503793,0.25,175.0,336.0,BEC,C[N+](C)(C)CCCCCC[N+](C)(C)C
400.0,0.0,4.0,250.0,0.0,0.0,0.0,0.49006397,5.0,0.25,175.0,288.0,BEC,C[N+](C)(C)CCCCCC[N+](C)(C)C
400.0,0.0,24.141497,250.0,0.0,0.0,0.0,0.0,4.8076925,0.25,175.0,287.7839,BEC,C[N+](C)(C)CCCCCC[N+](C)(C)C
400.0,0.0,99.0,250.0,0.0,0.0,0.0,0.4403682,3.0,0.25,175.0,336.0,BEC,C[N+](C)(C)CCCCCC[N+](C)(C)C
33.18186,1.7179967,10.001101,250.0,0.0,0.0,0.0,0.0,4.594018,0.24038461,180.0,72.0,BEC,C[N+](C)(C)CCCCCC[N+](C)(C)C
400.0,0.0,2.0,22.495037,0.0,0.0,0.0,0.0,4.466188,0.25,175.0,336.0,BEC,C[N+](C)(C)CCCCCC[N+](C)(C)C
400.0,0.0,7.171516,250.0,0.0,0.0,0.0,0.48,4.4749784,0.23938744,175.0,336.0,BEC,C[N+](C)(C)CCCCCC[N+](C)(C)C
400.0,0.0,10.0,250.0,0.0,0.0,0.0,0.5,4.7577705,0.24923803,175.0,96.0,BEC,C[N+](C)(C)CCCCCC[N+](C)(C)C
400.0,0.0,99.0,250.0,0.0,0.0,0.0,0.49370515,5.0,0.25,175.0,144.0,BEC,C[N+](C)(C)CCCCCC[N+](C)(C)C
400.0,0.0,99.0,250.0,0.0,0.0,0.0,0.5,3.6517181,0.25,175.0,312.0,BEC,C[N+](C)(C)CCCCCC[N+](C)(C)C
400.0,0.0,5.0,250.0,0.0,0.0,0.0,0.5,4.905311,0.24137513,175.0,360.0,BEC,C[N+](C)(C)CCCCCC[N+](C)(C)C
400.0,0.0,9.006571,250.0,0.0,0.0,0.0,0.5,6.3636365,0.25,175.0,264.0,BEC,C[N+](C)(C)CCCCCC[N+](C)(C)C
400.0,0.0,99.0,250.0,0.0,0.0,0.0,0.0,4.8076925,0.26468197,175.0,336.0,BEC,C[N+](C)(C)CCCCCC[N+](C)(C)C
400.0,0.0,5.0,250.0,0.0,0.0,0.0,0.25,5.0,0.24509804,175.0,336.0,BEC,C[N+](C)(C)CCCCCC[N+](C)(C)C
400.0,0.0,14.948907,250.0,0.0,0.0,0.0,0.5,6.60061,0.28127003,135.0,24.0,BEC,C[N+](C)(C)CCCCCC[N+](C)(C)C
400.0,0.0,99.0,250.0,0.0,0.0,0.0,0.0,7.0609336,0.25,135.0,46.70739,BEC,C[N+](C)(C)CCCCCC[N+](C)(C)C
400.0,0.0,10.001101,250.0,0.0,0.0,0.0,0.5,4.7000294,0.25,175.0,336.0,BEC,C[N+](C)(C)CCCCCC[N+](C)(C)C
400.0,0.0,4.9880238,250.0,0.0,0.0,0.0,0.48,4.846889,0.25,175.0,24.0,BEC,C[N+](C)(C)CCCCCC[N+](C)(C)C
400.0,0.0,99.0,250.0,0.0,0.0,0.0,0.5456072,6.730769,0.27272728,135.0,350.45065,BEC,C[N+](C)(C)CCCCCC[N+](C)(C)C
400.0,0.0,10.001101,250.0,0.0,0.0,0.0,0.0,4.904098,0.25,175.0,360.0,BEC,C[N+](C)(C)CCCCCC[N+](C)(C)C
400.0,0.0,99.0,250.0,0.0,0.0,0.0,0.5,6.4575844,0.24509804,175.0,177.07562,BEC,C[N+](C)(C)CCCCCC[N+](C)(C)C
50.0,1.7179967,14.992504,250.0,0.0,0.0,0.0,0.38511604,4.0898957,0.2293578,180.0,66.2478,BEC,C[N+](C)(C)CCCCCC[N+](C)(C)C
50.0,1.7179967,15.0,250.0,0.0,0.0,0.0,0.5,3.5898159,0.23817141,180.0,47.788456,BEC,C[N+](C)(C)CCCCCC[N+](C)(C)C
400.0,0.0,5.0,250.0,0.0,0.0,0.0,0.49877366,4.9818254,0.25,175.0,168.0,BEC,C[N+](C)(C)CCCCCC[N+](C)(C)C
400.0,0.0,10.001101,250.0,0.0,0.0,0.0,0.5,6.615103,0.26407626,135.0,8.0,BEC,C[N+](C)(C)CCCCCC[N+](C)(C)C
40.0,1.7179967,30.013355,250.0,0.0,0.0,0.0,0.5,4.600482,0.25,150.0,0.0,BEC,C[N+](C)(C)CCCCCC[N+](C)(C)C
400.0,0.0,5.0,250.0,0.0,0.0,0.0,0.0,5.0,0.27024996,175.0,360.0,BEC,C[N+](C)(C)CCCCCC[N+](C)(C)C
50.0,1.7179967,99.0,250.0,0.0,0.0,0.0,0.5,4.902573,0.25,150.0,0.0,BEC,C[N+](C)(C)CCCCCC[N+](C)(C)C
400.0,0.0,4.8516655,250.0,0.0,0.0,0.0,0.5,5.0,0.25,175.0,336.0,BEC,C[N+](C)(C)CCCCCC[N+](C)(C)C
400.0,0.0,2.0,250.0,0.0,0.0,0.0,0.0,4.727091,0.29980937,175.0,336.0,BEC,C[N+](C)(C)CCCCCC[N+](C)(C)C
400.0,0.0,99.0,250.0,0.0,0.0,0.0,0.0,4.9967427,0.25,150.0,504.0,BEC,C[N+](C)(C)CCCCCC[N+](C)(C)C
400.0,0.0,10.0,250.0,0.0,0.0,0.0,0.0,4.955712,0.25,175.0,168.0,BEC,C[N+](C)(C)CCCCCC[N+](C)(C)C
400.0,0.0,4.999207,250.0,0.0,0.0,0.0,0.0,4.901961,0.25,175.0,336.0,BEC,C[N+](C)(C)CCCCCC[N+](C)(C)C
400.0,0.0,10.001101,250.0,0.0,0.0,0.0,0.48008826,4.0,0.25,175.0,371.19458,BEC,C[N+](C)(C)CCCCCC[N+](C)(C)C
400.0,0.0,5.0,250.0,0.0,0.0,0.0,0.5,2.857143,0.25,175.0,336.0,BEC,C[N+](C)(C)CCCCCC[N+](C)(C)C
400.0,0.0,10.000912,250.0,0.0,0.0,0.0,0.52323216,7.0,0.29009935,135.0,24.0,BEC,C[N+](C)(C)CCCCCC[N+](C)(C)C
400.0,0.0,99.0,250.0,0.0,0.0,0.0,0.0,4.920952,0.25,175.0,336.0,BEC,C[N+](C)(C)CCCCCC[N+](C)(C)C
45.626328,1.7179967,15.1586485,250.0,0.0,0.0,0.0,0.5676255,4.5454545,0.23809524,180.0,65.0,BEC,C[N+](C)(C)CCCCCC[N+](C)(C)C
400.0,0.0,4.9880238,250.0,0.0,0.0,0.0,0.3978594,4.6788588,0.25,175.0,240.0,BEC,C[N+](C)(C)CCCCCC[N+](C)(C)C
400.0,0.0,99.0,250.0,0.0,0.0,0.0,0.0,6.0338984,0.25,175.0,336.0,BEC,C[N+](C)(C)CCCCCC[N+](C)(C)C
400.0,0.0,99.0,250.0,0.0,0.0,0.0,0.5,3.0573792,0.25,175.0,336.0,BEC,C[N+](C)(C)CCCCCC[N+](C)(C)C
400.0,0.0,15.0,250.0,0.0,0.0,0.0,0.5224898,6.8640933,0.2781927,135.0,24.0,BEC,C[N+](C)(C)CCCCCC[N+](C)(C)C
400.0,0.0,2.030303,250.0,0.0,0.0,0.0,0.48065367,4.4706764,0.24948859,175.0,72.0,BEC,C[N+](C)(C)CCCCCC[N+](C)(C)C
400.0,0.0,99.0,250.0,0.0,0.0,0.0,0.5,6.8941164,0.29364392,135.0,13.232815,BEC,C[N+](C)(C)CCCCCC[N+](C)(C)C
400.0,0.0,10.001101,250.0,0.0,0.0,0.0,0.5,7.059482,0.28879336,135.0,20.0,BEC,C[N+](C)(C)CCCCCC[N+](C)(C)C
400.0,0.0,10.001101,250.0,0.0,0.0,0.0,0.5,7.0,0.2722463,135.0,120.0,BEC,C[N+](C)(C)CCCCCC[N+](C)(C)C
400.0,0.0,5.0,250.0,0.0,0.0,0.0,0.0,4.755154,0.26026434,175.0,336.0,BEC,C[N+](C)(C)CCCCCC[N+](C)(C)C
50.0,1.7179967,14.971727,250.0,0.0,0.0,0.0,0.40241796,50.11305,0.23809524,150.0,1.0,BEC,C[N+](C)(C)CCCCCC[N+](C)(C)C
400.0,0.0,99.0,250.0,0.0,0.0,0.0,0.5,4.3600845,0.25,175.0,336.0,BEC,C[N+](C)(C)CCCCCC[N+](C)(C)C
34.28206,1.7179967,10.001101,250.0,0.0,0.0,0.0,0.25,4.0,0.24924204,160.0,144.0,BEC,C[N+](C)(C)CCCCCC[N+](C)(C)C
400.0,0.0,99.0,250.0,0.0,0.0,0.0,0.5,1.4981917,0.25272548,175.0,336.0,BEC,C[N+](C)(C)CCCCCC[N+](C)(C)C
400.0,0.0,7.7677007,250.0,0.0,0.0,0.0,0.5,5.0,0.25,175.0,168.0,BEC,C[N+](C)(C)CCCCCC[N+](C)(C)C
400.0,0.0,4.0,250.0,0.0,0.0,0.0,0.5,5.0,0.25,175.0,240.0,BEC,C[N+](C)(C)CCCCCC[N+](C)(C)C
400.0,0.0,4.6351643,250.0,0.0,0.0,0.0,0.48,4.0,0.24975573,175.0,336.0,BEC,C[N+](C)(C)CCCCCC[N+](C)(C)C
400.0,0.0,10.001101,250.0,0.0,0.0,0.0,0.5,2.9087462,0.25,175.0,336.0,BEC,C[N+](C)(C)CCCCCC[N+](C)(C)C
400.0,0.0,99.0,250.0,0.0,0.0,0.0,0.54,7.9937186,0.26377633,135.0,480.0,BEC,C[N+](C)(C)CCCCCC[N+](C)(C)C
400.0,0.0,99.0,250.0,0.0,0.0,0.0,0.5,7.5774083,0.29051852,135.0,45.076485,BEC,C[N+](C)(C)CCCCCC[N+](C)(C)C
400.0,0.0,99.0,250.0,0.0,0.0,0.0,0.5,2.351453,0.25,175.0,320.23593,BEC,C[N+](C)(C)CCCCCC[N+](C)(C)C
50.0,1.7179967,14.971277,250.0,0.0,0.0,0.0,0.5,4.293494,0.24027018,180.0,96.0,BEC,C[N+](C)(C)CCCCCC[N+](C)(C)C
400.0,0.0,9.006262,250.0,0.0,0.0,0.0,0.0,5.0394444,0.25,175.0,336.0,BEC,C[N+](C)(C)CCCCCC[N+](C)(C)C
400.0,0.0,5.0,250.0,0.0,0.0,0.0,0.5,5.1781063,0.25,175.0,336.0,BEC,C[N+](C)(C)CCCCCC[N+](C)(C)C
400.0,0.0,99.0,250.0,0.0,0.0,0.0,0.21428572,4.7742834,0.25,175.0,168.0,BEC,C[N+](C)(C)CCCCCC[N+](C)(C)C
400.0,0.0,99.0,250.0,0.0,0.0,0.0,0.0,5.0,0.25,175.0,384.0,BEC,C[N+](C)(C)CCCCCC[N+](C)(C)C
50.0,1.7179967,11.76697,250.0,0.0,0.0,0.0,0.5,4.090256,0.25,180.0,72.0,BEC,C[N+](C)(C)CCCCCC[N+](C)(C)C
400.0,0.0,99.0,250.0,0.0,0.0,0.0,0.49019608,4.785218,0.26710153,175.0,336.0,BEC,C[N+](C)(C)CCCCCC[N+](C)(C)C
400.0,0.0,4.4739056,250.0,0.0,0.0,0.0,0.24958812,3.641793,0.25,175.0,72.0,BEC,C[N+](C)(C)CCCCCC[N+](C)(C)C
400.0,0.0,15.0,250.0,0.0,0.0,0.0,0.54178,7.0,0.2775877,135.0,32.085827,BEC,C[N+](C)(C)CCCCCC[N+](C)(C)C
400.0,0.0,99.0,250.0,0.0,0.0,0.0,0.5,5.0,0.27212426,175.0,48.0,BEC,C[N+](C)(C)CCCCCC[N+](C)(C)C
400.0,0.0,10.001101,250.0,0.0,0.0,0.0,0.49019608,4.4539175,0.25,175.0,96.0,BEC,C[N+](C)(C)CCCCCC[N+](C)(C)C
50.0,1.7179967,20.0,250.0,0.0,0.0,0.0,0.49019608,5.0,0.248785,150.0,0.0,BEC,C[N+](C)(C)CCCCCC[N+](C)(C)C
50.0,1.7179967,5.0,250.0,0.0,0.0,0.0,0.0,4.655352,0.23809524,160.0,168.0,BEC,C[N+](C)(C)CCCCCC[N+](C)(C)C
400.0,0.0,10.001101,250.0,0.0,0.0,0.0,0.672852,6.3636365,0.26543367,175.0,336.0,BEC,C[N+](C)(C)CCCCCC[N+](C)(C)C
400.0,0.0,10.000155,250.0,0.0,0.0,0.0,0.5,2.858067,0.25,175.0,24.0,BEC,C[N+](C)(C)CCCCCC[N+](C)(C)C
400.0,0.0,99.0,250.0,0.0,0.0,0.0,0.5409656,7.0,0.2600245,130.0,168.0,BEC,C[N+](C)(C)CCCCCC[N+](C)(C)C
400.0,0.0,9.004874,250.0,0.0,0.0,0.0,0.40714285,4.8076925,0.25,175.0,336.0,BEC,C[N+](C)(C)CCCCCC[N+](C)(C)C
400.0,0.0,2.0,250.0,0.0,0.0,0.0,0.0,5.0,0.25,175.0,384.0,BEC,C[N+](C)(C)CCCCCC[N+](C)(C)C
400.0,0.0,10.000672,250.0,0.0,0.0,0.0,0.0,5.0,0.25,175.0,380.24133,BEC,C[N+](C)(C)CCCCCC[N+](C)(C)C
400.0,0.0,10.001101,250.0,0.0,0.0,0.0,0.5,7.5,0.27989984,135.0,120.0,BEC,C[N+](C)(C)CCCCCC[N+](C)(C)C
27.339762,1.7179967,5.0,250.0,0.0,0.0,0.0,0.5,4.6873536,0.24209477,175.0,336.0,BEC,C[N+](C)(C)CCCCCC[N+](C)(C)C
400.0,0.0,10.001101,250.0,0.0,0.0,0.0,0.5,7.0,0.26030156,135.0,24.0,BEC,C[N+](C)(C)CCCCCC[N+](C)(C)C
38.43575,1.7179967,15.0,250.0,0.0,0.0,0.0,0.54,4.738384,0.233041,180.0,72.0,BEC,C[N+](C)(C)CCCCCC[N+](C)(C)C
50.0,1.7179967,15.071534,250.0,0.0,0.0,0.0,0.59044003,4.6708045,0.24875864,160.0,120.0,BEC,C[N+](C)(C)CCCCCC[N+](C)(C)C
400.0,0.0,2.500562,250.0,0.0,0.0,0.0,0.5140561,5.878798,0.27980387,135.0,505.9498,BEC,C[N+](C)(C)CCCCCC[N+](C)(C)C
400.0,0.0,99.0,250.0,0.0,0.0,0.0,0.0,4.901961,0.25,175.0,96.0,BEC,C[N+](C)(C)CCCCCC[N+](C)(C)C
50.0,1.7179967,10.001101,250.0,0.0,0.0,0.0,0.5,4.1721854,0.22727273,180.0,72.0,BEC,C[N+](C)(C)CCCCCC[N+](C)(C)C
400.0,0.0,10.00024,27.10316,0.0,0.0,0.0,0.0,4.9861126,0.25,175.0,382.34445,BEC,C[N+](C)(C)CCCCCC[N+](C)(C)C
400.0,0.0,14.992504,250.0,0.0,0.0,0.0,0.1904762,2.9422283,0.25,175.0,120.0,BEC,C[N+](C)(C)CCCCCC[N+](C)(C)C
400.0,0.0,2.0,250.0,0.0,0.0,0.0,0.3220897,2.8981614,0.23809524,175.0,336.0,BEC,C[N+](C)(C)CCCCCC[N+](C)(C)C
400.0,0.0,99.0,250.0,0.0,0.0,0.0,0.48802084,4.148718,0.25,175.0,313.21075,BEC,C[N+](C)(C)CCCCCC[N+](C)(C)C
50.0,1.7179967,99.0,250.0,0.0,0.0,0.0,0.45454547,4.787311,0.24509804,150.0,0.0,BEC,C[N+](C)(C)CCCCCC[N+](C)(C)C
400.0,0.0,2.0,250.0,0.0,0.0,0.0,0.0,5.264257,0.26687253,135.0,504.0,BEC,C[N+](C)(C)CCCCCC[N+](C)(C)C
400.0,0.0,99.0,250.0,0.0,0.0,0.0,0.5525958,4.483944,0.2402166,175.0,336.0,BEC,C[N+](C)(C)CCCCCC[N+](C)(C)C
400.0,0.0,10.001101,250.0,0.0,0.0,0.0,0.4,5.0,0.25,175.0,336.0,BEC,C[N+](C)(C)CCCCCC[N+](C)(C)C
24.210934,1.7179967,10.001101,250.0,0.0,0.0,0.0,0.5,4.0,0.2390024,180.0,65.0,BEC,C[N+](C)(C)CCCCCC[N+](C)(C)C
400.0,0.0,52.028564,250.0,0.0,0.0,0.0,0.0,5.0,0.25,175.0,370.50076,BEC,C[N+](C)(C)CCCCCC[N+](C)(C)C
400.0,0.0,10.001101,250.0,0.0,0.0,0.0,0.0,5.0,0.25,175.0,336.0,BEC,C[N+](C)(C)CCCCCC[N+](C)(C)C
400.0,0.0,10.001101,250.0,0.0,0.0,0.0,0.0,4.804091,0.24775124,175.0,336.0,BEC,C[N+](C)(C)CCCCCC[N+](C)(C)C
400.0,0.0,20.0,250.0,0.0,0.0,0.0,0.7325005,6.4220185,0.25,175.0,72.0,BEC,C[N+](C)(C)CCCCCC[N+](C)(C)C
90.79792,1.7179967,4.998813,250.0,0.0,0.0,0.0,0.0,4.9588566,0.23809524,175.0,312.0,BEC,C[N+](C)(C)CCCCCC[N+](C)(C)C
400.0,0.0,15.0,250.0,0.0,0.0,0.0,0.5897612,5.805445,0.2857143,140.0,24.0,BEC,C[N+](C)(C)CCCCCC[N+](C)(C)C
400.0,0.0,99.0,250.0,0.0,0.0,0.0,0.30796522,5.0,0.25,175.0,336.0,BEC,C[N+](C)(C)CCCCCC[N+](C)(C)C
400.0,0.0,99.0,250.0,0.0,0.0,0.0,0.0,4.6873536,0.25,175.0,48.0,BEC,C[N+](C)(C)CCCCCC[N+](C)(C)C
400.0,0.0,99.0,20.0,0.0,0.0,0.0,0.23809524,3.0,0.24904515,175.0,168.0,BEC,C[N+](C)(C)CCCCCC[N+](C)(C)C
400.0,0.0,4.998893,250.0,0.0,0.0,0.0,0.45454547,4.844909,0.24571796,175.0,360.0,BEC,C[N+](C)(C)CCCCCC[N+](C)(C)C
400.0,0.0,14.644299,250.0,0.0,0.0,0.0,0.49019608,5.0,0.25,175.0,336.0,BEC,C[N+](C)(C)CCCCCC[N+](C)(C)C
400.0,0.0,2.810211,250.0,0.0,0.0,0.0,0.25,5.0,0.25,175.0,88.3759,BEC,C[N+](C)(C)CCCCCC[N+](C)(C)C
20.0,1.7179967,11.89965,250.0,0.0,0.0,0.0,0.5,3.8912747,0.24752475,160.0,336.0,BEC,C[N+](C)(C)CCCCCC[N+](C)(C)C
400.0,0.0,10.001101,250.0,0.0,0.0,0.0,0.30436024,4.6473136,0.24751121,175.0,120.0,BEC,C[N+](C)(C)CCCCCC[N+](C)(C)C
400.0,0.0,99.0,250.0,0.0,0.0,0.0,0.5367684,7.5,0.27005178,140.0,24.0,BEC,C[N+](C)(C)CCCCCC[N+](C)(C)C
400.0,0.0,10.001101,250.0,0.0,0.0,0.0,0.0,5.0,0.25,175.0,96.0,BEC,C[N+](C)(C)CCCCCC[N+](C)(C)C
400.0,0.0,10.001101,250.0,0.0,0.0,0.0,0.5,3.0,0.25,175.0,216.0,BEC,C[N+](C)(C)CCCCCC[N+](C)(C)C
400.0,0.0,2.0016603,250.0,0.0,0.0,0.0,0.5,7.930337,0.26831806,135.0,504.0,BEC,C[N+](C)(C)CCCCCC[N+](C)(C)C
400.0,0.0,99.0,250.0,0.0,0.0,0.0,0.5,3.8527474,0.25,175.0,336.0,BEC,C[N+](C)(C)CCCCCC[N+](C)(C)C
400.0,0.0,2.0,250.0,0.0,0.0,0.0,0.24004051,4.0,0.25,170.0,65.250854,BEC,C[N+](C)(C)CCCCCC[N+](C)(C)C
400.0,0.0,99.0,250.0,0.0,0.0,0.0,0.54,7.0,0.29430893,135.0,96.59957,BEC,C[N+](C)(C)CCCCCC[N+](C)(C)C
400.0,0.0,45.580376,250.0,0.0,0.0,0.0,0.5109058,4.181385,0.25,175.0,336.0,BEC,C[N+](C)(C)CCCCCC[N+](C)(C)C
400.0,0.0,99.0,250.0,0.0,0.0,0.0,0.0,5.0,0.25,175.0,336.0,BEC,C[N+](C)(C)CCCCCC[N+](C)(C)C
400.0,0.0,8.642387,250.0,0.0,0.0,0.0,0.5,6.3636365,0.27999875,135.0,120.0,BEC,C[N+](C)(C)CCCCCC[N+](C)(C)C
67.22571,1.7179967,99.0,250.0,0.0,0.0,0.0,0.5,4.726302,0.24883781,150.0,0.0,BEC,C[N+](C)(C)CCCCCC[N+](C)(C)C
400.0,0.0,4.9880238,250.0,0.0,0.0,0.0,0.5,0.46535626,0.25,175.0,336.0,BEC,C[N+](C)(C)CCCCCC[N+](C)(C)C
400.0,0.0,4.9880238,250.0,0.0,0.0,0.0,0.5,7.0594783,0.27272728,135.0,24.0,BEC,C[N+](C)(C)CCCCCC[N+](C)(C)C
400.0,0.0,4.9880238,250.0,0.0,0.0,0.0,0.5,5.2662063,0.24751543,175.0,336.0,BEC,C[N+](C)(C)CCCCCC[N+](C)(C)C
400.0,0.0,99.0,250.0,0.0,0.0,0.0,0.48,4.576573,0.25,175.0,72.0,BEC,C[N+](C)(C)CCCCCC[N+](C)(C)C
400.0,0.0,45.73615,250.0,0.0,0.0,0.0,0.5,4.687705,0.24778691,175.0,192.0,BEC,C[N+](C)(C)CCCCCC[N+](C)(C)C
50.0,1.7179967,14.9921255,250.0,0.0,0.0,0.0,0.5,4.5728374,0.23809524,180.0,48.0,BEC,C[N+](C)(C)CCCCCC[N+](C)(C)C
30.30303,1.7179967,10.001101,250.0,0.0,0.0,0.0,0.5,4.6873536,0.25,160.0,336.0,BEC,C[N+](C)(C)CCCCCC[N+](C)(C)C
400.0,0.0,14.992504,250.0,0.0,0.0,0.0,0.5,5.0,0.25,175.0,168.0,BEC,C[N+](C)(C)CCCCCC[N+](C)(C)C
400.0,0.0,9.003128,250.0,0.0,0.0,0.0,0.49019608,4.0,0.24752475,175.0,168.0,BEC,C[N+](C)(C)CCCCCC[N+](C)(C)C
400.0,0.0,99.0,250.0,0.0,0.0,0.0,0.5,4.0,0.25641027,175.0,336.0,BEC,C[N+](C)(C)CCCCCC[N+](C)(C)C
400.0,0.0,5.0,250.0,0.0,0.0,0.0,0.5,4.9571443,0.25,175.0,310.9431,BEC,C[N+](C)(C)CCCCCC[N+](C)(C)C
400.0,0.0,4.9924703,250.0,0.0,0.0,0.0,0.5,4.7081003,0.25,175.0,53.29643,BEC,C[N+](C)(C)CCCCCC[N+](C)(C)C
400.0,0.0,99.0,250.0,0.0,0.0,0.0,0.54957944,7.1799903,0.2825413,135.0,240.0,BEC,C[N+](C)(C)CCCCCC[N+](C)(C)C
400.0,0.0,99.0,250.0,0.0,0.0,0.0,0.5,7.5,0.28088865,130.0,72.0,BEC,C[N+](C)(C)CCCCCC[N+](C)(C)C
400.0,0.0,5.0,250.0,0.0,0.0,0.0,0.5,2.7272727,0.25,175.0,312.0,BEC,C[N+](C)(C)CCCCCC[N+](C)(C)C
400.0,0.0,5.0,250.0,0.0,0.0,0.0,0.0,4.7113895,0.29133692,175.0,336.0,BEC,C[N+](C)(C)CCCCCC[N+](C)(C)C
67.12719,1.7179967,15.87965,250.0,0.0,0.0,0.0,0.5,4.6873536,0.2408644,175.0,65.0,BEC,C[N+](C)(C)CCCCCC[N+](C)(C)C
400.0,0.0,10.001101,250.0,0.0,0.0,0.0,0.5,7.0,0.25641027,135.0,24.0,BEC,C[N+](C)(C)CCCCCC[N+](C)(C)C
400.0,0.0,20.0,250.0,0.0,0.0,0.0,0.5314446,6.1666207,0.28796506,135.0,15.657482,BEC,C[N+](C)(C)CCCCCC[N+](C)(C)C
400.0,0.0,10.001101,250.0,0.0,0.0,0.0,0.5,3.0308237,0.24166243,175.0,336.0,BEC,C[N+](C)(C)CCCCCC[N+](C)(C)C
400.0,0.0,2.0,250.0,0.0,0.0,0.0,0.41350326,5.0,0.25,175.0,144.0,BEC,C[N+](C)(C)CCCCCC[N+](C)(C)C
400.0,0.0,7.929911,250.0,0.0,0.0,0.0,0.0,5.0,0.25,175.0,336.0,BEC,C[N+](C)(C)CCCCCC[N+](C)(C)C
46.895382,1.7179967,99.0,250.0,0.0,0.0,0.0,0.46877247,4.8361483,0.25,150.0,0.0,BEC,C[N+](C)(C)CCCCCC[N+](C)(C)C
400.0,0.0,99.0,250.0,0.0,0.0,0.0,0.5,5.8190613,0.25,175.0,72.0,BEC,C[N+](C)(C)CCCCCC[N+](C)(C)C
400.0,0.0,10.001101,250.0,0.0,0.0,0.0,0.0,4.7485723,0.25,175.0,168.0,BEC,C[N+](C)(C)CCCCCC[N+](C)(C)C
133.78157,1.7179967,10.001101,250.0,0.0,0.0,0.0,0.5,4.703454,0.23243845,180.0,48.0,BEC,C[N+](C)(C)CCCCCC[N+](C)(C)C
400.0,0.0,4.0,250.0,0.0,0.0,0.0,0.0,4.5454545,0.25,175.0,335.4527,BEC,C[N+](C)(C)CCCCCC[N+](C)(C)C
400.0,0.0,8.474758,250.0,0.0,0.0,0.0,0.4,6.4996977,0.25,175.0,336.0,BEC,C[N+](C)(C)CCCCCC[N+](C)(C)C
45.216625,1.7179967,15.821861,250.0,0.0,0.0,0.0,0.54,4.5454545,0.22727273,180.0,48.0,BEC,C[N+](C)(C)CCCCCC[N+](C)(C)C
400.0,0.0,4.1732745,250.0,0.0,0.0,0.0,0.5,4.5454545,0.25,175.0,336.0,BEC,C[N+](C)(C)CCCCCC[N+](C)(C)C
400.0,0.0,10.0,250.0,0.0,0.0,0.0,0.5,50.0,0.25,135.0,72.0,BEC,C[N+](C)(C)CCCCCC[N+](C)(C)C
400.0,0.0,5.0,250.0,0.0,0.0,0.0,0.0,6.656156,0.25252524,175.0,336.0,BEC,C[N+](C)(C)CCCCCC[N+](C)(C)C
400.0,0.0,99.0,250.0,0.0,0.0,0.0,0.0,6.3636365,0.25,175.0,192.0,BEC,C[N+](C)(C)CCCCCC[N+](C)(C)C
400.0,0.0,99.0,250.0,0.0,0.0,0.0,0.0,7.0,0.2810364,120.0,336.0,BEC,C[N+](C)(C)CCCCCC[N+](C)(C)C
400.0,0.0,12.452068,250.0,0.0,0.0,0.0,0.5,6.6666665,0.27272728,135.0,6.944931,BEC,C[N+](C)(C)CCCCCC[N+](C)(C)C
400.0,0.0,99.0,250.0,0.0,0.0,0.0,0.6114672,8.333333,0.29,135.0,120.0,BEC,C[N+](C)(C)CCCCCC[N+](C)(C)C
400.0,0.0,99.0,250.0,0.0,0.0,0.0,0.38057438,4.2166657,0.25,175.0,295.4031,BEC,C[N+](C)(C)CCCCCC[N+](C)(C)C
400.0,0.0,5.0,250.0,0.0,0.0,0.0,0.0,5.0,0.25,175.0,336.0,BEC,C[N+](C)(C)CCCCCC[N+](C)(C)C
400.0,0.0,99.0,250.0,0.0,0.0,0.0,0.54,7.0,0.29,135.0,144.0,BEC,C[N+](C)(C)CCCCCC[N+](C)(C)C
400.0,0.0,10.000985,250.0,0.0,0.0,0.0,0.5,4.0,0.25,175.0,336.0,BEC,C[N+](C)(C)CCCCCC[N+](C)(C)C
400.0,0.0,10.001101,250.0,0.0,0.0,0.0,0.54,7.983102,0.27978984,135.0,24.0,BEC,C[N+](C)(C)CCCCCC[N+](C)(C)C
34.96832,1.7179967,10.000235,250.0,0.0,0.0,0.0,0.5,4.3114924,0.23809524,180.0,65.0,BEC,C[N+](C)(C)CCCCCC[N+](C)(C)C
400.0,0.0,99.0,250.0,0.0,0.0,0.0,0.5,5.3879566,0.25,175.0,24.0,BEC,C[N+](C)(C)CCCCCC[N+](C)(C)C
400.0,0.0,4.0,250.0,0.0,0.0,0.0,0.49019608,4.9926667,0.25,175.0,336.0,BEC,C[N+](C)(C)CCCCCC[N+](C)(C)C
400.0,0.0,14.991518,250.0,0.0,0.0,0.0,0.0,5.8150353,0.25996533,175.0,335.4033,BEC,C[N+](C)(C)CCCCCC[N+](C)(C)C
400.0,0.0,4.0,250.0,0.0,0.0,0.0,0.48,2.9421356,0.25,170.0,96.0,BEC,C[N+](C)(C)CCCCCC[N+](C)(C)C
400.0,0.0,99.0,250.0,0.0,0.0,0.0,0.5,4.4623218,0.25,175.0,96.0,BEC,C[N+](C)(C)CCCCCC[N+](C)(C)C
400.0,0.0,13.615697,250.0,0.0,0.0,0.0,0.5,6.6666665,0.26045957,135.0,14.003675,BEC,C[N+](C)(C)CCCCCC[N+](C)(C)C
80.0,1.7179967,22.977684,250.0,0.0,0.0,0.0,0.4963278,5.0,0.25,150.0,0.0,BEC,C[N+](C)(C)CCCCCC[N+](C)(C)C
400.0,0.0,10.001101,250.0,0.0,0.0,0.0,0.5,5.4877462,0.25,175.0,336.0,BEC,C[N+](C)(C)CCCCCC[N+](C)(C)C
400.0,0.0,2.0166147,250.0,0.0,0.0,0.0,0.39044347,4.6873536,0.25,175.0,336.0,BEC,C[N+](C)(C)CCCCCC[N+](C)(C)C
400.0,0.0,99.0,250.0,0.0,0.0,0.0,0.5,7.385367,0.29131782,137.84859,24.0,BEC,C[N+](C)(C)CCCCCC[N+](C)(C)C
400.0,0.0,99.0,250.0,0.0,0.0,0.0,0.0,5.0,0.25,175.0,288.0,BEC,C[N+](C)(C)CCCCCC[N+](C)(C)C
400.0,0.0,99.0,250.0,0.0,0.0,0.0,0.5405701,7.0588694,0.3,135.0,120.0,BEC,C[N+](C)(C)CCCCCC[N+](C)(C)C
400.0,0.0,10.001101,250.0,0.0,0.0,0.0,0.25,3.874009,0.25,175.0,168.0,BEC,C[N+](C)(C)CCCCCC[N+](C)(C)C
40.0,1.7179967,10.001101,250.0,0.0,0.0,0.0,0.54,4.8788657,0.22727273,180.0,72.0,BEC,C[N+](C)(C)CCCCCC[N+](C)(C)C
400.0,0.0,10.001101,250.0,0.0,0.0,0.0,0.5,5.768197,0.25,175.0,336.0,BEC,C[N+](C)(C)CCCCCC[N+](C)(C)C
400.0,0.0,10.001101,250.0,0.0,0.0,0.0,0.5,48.31946,0.25,135.0,336.0,BEC,C[N+](C)(C)CCCCCC[N+](C)(C)C
400.0,0.0,10.0,250.0,0.0,0.0,0.0,0.50142735,6.6666665,0.27977982,133.92044,120.0,BEC,C[N+](C)(C)CCCCCC[N+](C)(C)C
400.0,0.0,10.001101,250.0,0.0,0.0,0.0,0.0,4.59504,0.25386116,175.0,168.0,BEC,C[N+](C)(C)CCCCCC[N+](C)(C)C
400.0,0.0,10.001101,250.0,0.0,0.0,0.0,0.54,4.7057996,0.24911274,175.0,120.0,BEC,C[N+](C)(C)CCCCCC[N+](C)(C)C
400.0,0.0,4.0,20.0,0.0,0.0,0.0,0.0,4.0,0.25,175.0,336.0,BEC,C[N+](C)(C)CCCCCC[N+](C)(C)C
400.0,0.0,6.2414794,250.0,0.0,0.0,0.0,0.0,4.8881903,0.25996646,175.0,336.0,BEC,C[N+](C)(C)CCCCCC[N+](C)(C)C
400.0,0.0,14.992504,250.0,0.0,0.0,0.0,0.0,4.6437187,0.25252524,175.0,384.0,BEC,C[N+](C)(C)CCCCCC[N+](C)(C)C
400.0,0.0,10.001101,250.0,0.0,0.0,0.0,0.25,4.863741,0.25,175.0,168.0,BEC,C[N+](C)(C)CCCCCC[N+](C)(C)C
400.0,0.0,10.001101,250.0,0.0,0.0,0.0,0.0,4.8398085,0.25,175.0,336.0,BEC,C[N+](C)(C)CCCCCC[N+](C)(C)C
400.0,0.0,99.0,250.0,0.0,0.0,0.0,0.5,7.5,0.29801464,135.0,144.0,BEC,C[N+](C)(C)CCCCCC[N+](C)(C)C
400.0,0.0,13.1747,250.0,0.0,0.0,0.0,0.5,5.077465,0.2857143,140.0,24.0,BEC,C[N+](C)(C)CCCCCC[N+](C)(C)C
400.0,0.0,99.0,250.0,0.0,0.0,0.0,0.5307634,6.8111367,0.29250178,135.0,72.0,BEC,C[N+](C)(C)CCCCCC[N+](C)(C)C
47.91085,1.7179967,15.0,250.0,0.0,0.0,0.0,0.5322185,4.468203,0.2293578,180.0,48.0,BEC,C[N+](C)(C)CCCCCC[N+](C)(C)C
400.0,0.0,99.0,250.0,0.0,0.0,0.0,0.5,6.730769,0.29380727,135.0,24.0,BEC,C[N+](C)(C)CCCCCC[N+](C)(C)C
400.0,0.0,9.357047,250.0,0.0,0.0,0.0,0.5,7.058372,0.25,175.0,72.0,BEC,C[N+](C)(C)CCCCCC[N+](C)(C)C
400.0,0.0,99.0,250.0,0.0,0.0,0.0,0.5,7.0639796,0.29030356,135.0,600.0,BEC,C[N+](C)(C)CCCCCC[N+](C)(C)C
400.0,0.0,5.0,250.0,0.0,0.0,0.0,0.5,4.743657,0.25,175.0,120.0,BEC,C[N+](C)(C)CCCCCC[N+](C)(C)C
400.0,0.0,99.0,250.0,0.0,0.0,0.0,0.5263937,7.0,0.27567726,135.0,336.0,BEC,C[N+](C)(C)CCCCCC[N+](C)(C)C
25.0,1.7179967,10.001101,250.0,0.0,0.0,0.0,0.47619048,4.6873536,0.23809524,135.0,480.0,BEC,C[N+](C)(C)CCCCCC[N+](C)(C)C
400.0,0.0,6.659802,250.0,0.0,0.0,0.0,0.0,4.8466682,0.25,175.0,360.0,BEC,C[N+](C)(C)CCCCCC[N+](C)(C)C
400.0,0.0,10.001101,250.0,0.0,0.0,0.0,0.5,3.9995377,0.24509804,175.0,144.0,BEC,C[N+](C)(C)CCCCCC[N+](C)(C)C
400.0,0.0,3.2272134,250.0,0.0,0.0,0.0,0.48348737,4.7226725,0.24893169,175.0,336.0,BEC,C[N+](C)(C)CCCCCC[N+](C)(C)C
400.0,0.0,99.0,250.0,0.0,0.0,0.0,0.5,7.4561033,0.2913898,135.0,96.0,BEC,C[N+](C)(C)CCCCCC[N+](C)(C)C
23.038477,1.0,99.0,250.0,0.0,0.0,0.0,0.49567285,5.0,0.25,150.0,0.0,BEC,C[N+](C)(C)CCCCCC[N+](C)(C)C
400.0,0.0,99.0,250.0,0.0,0.0,0.0,0.0,6.087137,0.25,175.0,336.0,BEC,C[N+](C)(C)CCCCCC[N+](C)(C)C
50.0,1.7179967,10.001101,250.0,0.0,0.0,0.0,0.5,4.0,0.24038461,175.0,336.0,BEC,C[N+](C)(C)CCCCCC[N+](C)(C)C
400.0,0.0,10.001101,250.0,0.0,0.0,0.0,0.0,5.6,0.25,175.0,323.6533,BEC,C[N+](C)(C)CCCCCC[N+](C)(C)C
400.0,0.0,10.001101,250.0,0.0,0.0,0.0,0.50496095,5.6,0.27727106,135.0,24.0,BEC,C[N+](C)(C)CCCCCC[N+](C)(C)C
400.0,0.0,99.0,250.0,0.0,0.0,0.0,0.5,2.857143,0.25,175.0,168.0,BEC,C[N+](C)(C)CCCCCC[N+](C)(C)C
400.0,0.0,4.0,250.0,0.0,0.0,0.0,0.5,3.6227493,0.24750547,175.0,237.01332,BEC,C[N+](C)(C)CCCCCC[N+](C)(C)C
400.0,0.0,10.001101,250.0,0.0,0.0,0.0,0.0,4.9089828,0.25,175.0,336.0,BEC,C[N+](C)(C)CCCCCC[N+](C)(C)C
400.0,0.0,10.001101,250.0,0.0,0.0,0.0,0.518893,6.5645022,0.25,175.0,336.0,BEC,C[N+](C)(C)CCCCCC[N+](C)(C)C
50.0,1.7179967,16.65579,250.0,0.0,0.0,0.0,0.48731807,4.901961,0.24752475,150.0,0.0,BEC,C[N+](C)(C)CCCCCC[N+](C)(C)C
400.0,0.0,99.0,250.0,0.0,0.0,0.0,0.5,5.481641,0.25,175.0,336.0,BEC,C[N+](C)(C)CCCCCC[N+](C)(C)C
400.0,0.0,10.001101,250.0,0.0,0.0,0.0,0.5,4.5255175,0.25252524,175.0,168.0,BEC,C[N+](C)(C)CCCCCC[N+](C)(C)C
400.0,0.0,5.0,250.0,0.0,0.0,0.0,0.48398823,3.580456,0.25,175.0,168.0,BEC,C[N+](C)(C)CCCCCC[N+](C)(C)C
50.0,1.7179967,13.817869,250.0,0.0,0.0,0.0,0.5002717,4.8076925,0.2422765,175.0,96.0,BEC,C[N+](C)(C)CCCCCC[N+](C)(C)C
400.0,0.0,8.574168,250.0,0.0,0.0,0.0,0.5,5.506549,0.25,175.0,240.0,BEC,C[N+](C)(C)CCCCCC[N+](C)(C)C
400.0,0.0,99.0,250.0,0.0,0.0,0.0,0.53651834,9.0103445,0.3,135.0,24.0,BEC,C[N+](C)(C)CCCCCC[N+](C)(C)C
400.0,0.0,99.0,250.0,0.0,0.0,0.0,0.5,3.0,0.25,175.0,330.11176,BEC,C[N+](C)(C)CCCCCC[N+](C)(C)C
400.0,0.0,2.0169299,250.0,0.0,0.0,0.0,0.0,4.582147,0.24509804,175.0,336.0,BEC,C[N+](C)(C)CCCCCC[N+](C)(C)C
400.0,0.0,99.0,250.0,0.0,0.0,0.0,0.5,3.4186397,0.25,175.0,240.32799,BEC,C[N+](C)(C)CCCCCC[N+](C)(C)C
62.886116,1.7179967,10.001101,250.0,0.0,0.0,0.0,0.5,4.0,0.24038461,175.0,96.0,BEC,C[N+](C)(C)CCCCCC[N+](C)(C)C
400.0,0.0,6.750532,250.0,0.0,0.0,0.0,0.4257531,5.0,0.25,175.0,168.0,BEC,C[N+](C)(C)CCCCCC[N+](C)(C)C
400.0,0.0,99.0,250.0,0.0,0.0,0.0,0.25,2.9916472,0.25,175.0,297.68878,BEC,C[N+](C)(C)CCCCCC[N+](C)(C)C
400.0,0.0,99.0,250.0,0.0,0.0,0.0,0.5,6.1373353,0.29015246,130.0,120.0,BEC,C[N+](C)(C)CCCCCC[N+](C)(C)C
400.0,0.0,10.0,250.0,0.0,0.0,0.0,0.13156782,4.6660953,0.25,175.0,216.0,BEC,C[N+](C)(C)CCCCCC[N+](C)(C)C
400.0,0.0,10.001101,250.0,0.0,0.0,0.0,0.5,4.45881,0.25,175.0,48.0,BEC,C[N+](C)(C)CCCCCC[N+](C)(C)C
50.0,1.7179967,17.68068,250.0,0.0,0.0,0.0,0.5,4.7007723,0.2293578,180.0,48.0,BEC,C[N+](C)(C)CCCCCC[N+](C)(C)C
400.0,0.0,99.0,250.0,0.0,0.0,0.0,0.5,7.0,0.28132743,135.0,312.0,BEC,C[N+](C)(C)CCCCCC[N+](C)(C)C
400.0,0.0,10.001101,250.0,0.0,0.0,0.0,0.5,4.0,0.25088832,175.0,336.0,BEC,C[N+](C)(C)CCCCCC[N+](C)(C)C
400.0,0.0,20.0,250.0,0.0,0.0,0.0,0.5,5.321738,0.27804607,135.0,136.97356,BEC,C[N+](C)(C)CCCCCC[N+](C)(C)C
400.0,0.0,99.0,250.0,0.0,0.0,0.0,0.5,2.9276752,0.25,175.0,336.0,BEC,C[N+](C)(C)CCCCCC[N+](C)(C)C
400.0,0.0,14.982866,250.0,0.0,0.0,0.0,0.0,4.8427634,0.25,175.0,336.0,BEC,C[N+](C)(C)CCCCCC[N+](C)(C)C
0.22602503,1.0,99.0,250.0,0.0,0.0,0.0,0.5,4.6627126,0.23809524,180.0,48.0,BEC,C[N+](C)(C)CCCCCC[N+](C)(C)C
400.0,0.0,6.2502484,250.0,0.0,0.0,0.0,0.5,4.6873536,0.25,175.0,336.0,BEC,C[N+](C)(C)CCCCCC[N+](C)(C)C
50.0,1.7179967,10.001101,250.0,0.0,0.0,0.0,0.5,4.9712806,0.2419518,175.0,336.0,BEC,C[N+](C)(C)CCCCCC[N+](C)(C)C
400.0,0.0,9.704932,250.0,0.0,0.0,0.0,0.28108168,3.6945584,0.25,175.0,336.0,BEC,C[N+](C)(C)CCCCCC[N+](C)(C)C
400.0,0.0,10.001101,250.0,0.0,0.0,0.0,0.0,4.9646873,0.25,175.0,96.0,BEC,C[N+](C)(C)CCCCCC[N+](C)(C)C
400.0,0.0,2.0293543,250.0,0.0,0.0,0.0,0.5,7.5,0.29371074,130.0,111.95925,BEC,C[N+](C)(C)CCCCCC[N+](C)(C)C
30.30303,1.7179967,99.0,250.0,0.0,0.0,0.0,0.49019608,4.7270885,0.24509804,150.0,0.107713215,BEC,C[N+](C)(C)CCCCCC[N+](C)(C)C
400.0,0.0,99.0,250.0,0.0,0.0,0.0,0.0,6.3636365,0.25996533,175.0,336.0,BEC,C[N+](C)(C)CCCCCC[N+](C)(C)C
400.0,0.0,99.0,250.0,0.0,0.0,0.0,0.5,2.765269,0.25,175.0,288.0,BEC,C[N+](C)(C)CCCCCC[N+](C)(C)C
400.0,0.0,10.001101,250.0,0.0,0.0,0.0,0.6666667,4.9042974,0.27958456,139.3237,21.608627,BEC,C[N+](C)(C)CCCCCC[N+](C)(C)C
400.0,0.0,4.9880238,250.0,0.0,0.0,0.0,0.0,5.347992,0.24816912,175.0,144.0,BEC,C[N+](C)(C)CCCCCC[N+](C)(C)C
400.0,0.0,4.9880238,250.0,0.0,0.0,0.0,0.0,4.672714,0.25,175.0,345.35852,BEC,C[N+](C)(C)CCCCCC[N+](C)(C)C
400.0,0.0,99.0,250.0,0.0,0.0,0.0,0.5,6.4220185,0.28660557,133.73726,96.0,BEC,C[N+](C)(C)CCCCCC[N+](C)(C)C
400.0,0.0,10.001101,250.0,0.0,0.0,0.0,0.48,6.387749,0.2610491,175.0,240.0,BEC,C[N+](C)(C)CCCCCC[N+](C)(C)C
400.0,0.0,10.001019,250.0,0.0,0.0,0.0,0.5,4.8076925,0.25996533,175.0,338.48175,BEC,C[N+](C)(C)CCCCCC[N+](C)(C)C
400.0,0.0,10.0,250.0,0.0,0.0,0.0,0.5,6.6666665,0.25,175.0,144.0,BEC,C[N+](C)(C)CCCCCC[N+](C)(C)C
400.0,0.0,5.0,250.0,0.0,0.0,0.0,0.0,4.8191333,0.25,175.0,288.68652,BEC,C[N+](C)(C)CCCCCC[N+](C)(C)C
400.0,0.0,99.0,250.0,0.0,0.0,0.0,0.54,7.5586824,0.32546815,140.0,379.75134,BEC,C[N+](C)(C)CCCCCC[N+](C)(C)C
400.0,0.0,10.001101,250.0,0.0,0.0,0.0,0.0,4.821694,0.25252524,175.0,336.0,BEC,C[N+](C)(C)CCCCCC[N+](C)(C)C
29.411764,1.7179967,15.0,250.0,0.0,0.0,0.0,0.47653306,4.901961,0.24509804,150.0,2.0,BEC,C[N+](C)(C)CCCCCC[N+](C)(C)C
400.0,0.0,4.9880238,250.0,0.0,0.0,0.0,0.5,6.3636365,0.25641027,175.0,336.0,BEC,C[N+](C)(C)CCCCCC[N+](C)(C)C
400.0,0.0,9.627927,250.0,0.0,0.0,0.0,0.5,5.0,0.24950668,175.0,120.0,BEC,C[N+](C)(C)CCCCCC[N+](C)(C)C
400.0,0.0,2.0,250.0,0.0,0.0,0.0,0.5,6.6666665,0.25996533,175.0,336.0,BEC,C[N+](C)(C)CCCCCC[N+](C)(C)C
400.0,0.0,10.0,250.0,0.0,0.0,0.0,0.5,5.0,0.25,175.0,168.0,BEC,C[N+](C)(C)CCCCCC[N+](C)(C)C
400.0,0.0,2.0,250.0,0.0,0.0,0.0,0.48,3.630463,0.25,175.0,65.0,BEC,C[N+](C)(C)CCCCCC[N+](C)(C)C
25.0,1.7179967,68.0747,250.0,0.0,0.0,0.0,0.47619048,5.0,0.243433,150.0,1.0,BEC,C[N+](C)(C)CCCCCC[N+](C)(C)C
400.0,0.0,2.0,250.0,0.0,0.0,0.0,0.5,4.1388984,0.25,175.0,336.0,BEC,C[N+](C)(C)CCCCCC[N+](C)(C)C
400.0,0.0,99.0,250.0,0.0,0.0,0.0,0.54,7.5,0.27272728,135.0,1387.6273,BEC,C[N+](C)(C)CCCCCC[N+](C)(C)C
400.0,0.0,4.9880238,250.0,0.0,0.0,0.0,0.0,4.7028685,0.24703266,175.0,336.0,BEC,C[N+](C)(C)CCCCCC[N+](C)(C)C
400.0,0.0,99.0,250.0,0.0,0.0,0.0,0.5,2.8250403,0.25,175.0,336.0,BEC,C[N+](C)(C)CCCCCC[N+](C)(C)C
76.79932,1.7179967,10.001101,250.0,0.0,0.0,0.0,0.49936178,4.3596544,0.24716347,180.0,65.0,BEC,C[N+](C)(C)CCCCCC[N+](C)(C)C
400.0,0.0,99.0,250.0,0.0,0.0,0.0,0.6053414,7.498412,0.3,135.0,168.0,BEC,C[N+](C)(C)CCCCCC[N+](C)(C)C
400.0,0.0,99.0,250.0,0.0,0.0,0.0,0.5,3.7194507,0.25,175.0,336.0,BEC,C[N+](C)(C)CCCCCC[N+](C)(C)C
400.0,0.0,99.0,250.0,0.0,0.0,0.0,0.5,8.333333,0.27772322,135.0,384.0,BEC,C[N+](C)(C)CCCCCC[N+](C)(C)C
400.0,0.0,9.00788,250.0,0.0,0.0,0.0,0.4963,6.4220185,0.25,175.0,336.0,BEC,C[N+](C)(C)CCCCCC[N+](C)(C)C
64.10241,1.7179967,10.0,250.0,0.0,0.0,0.0,0.0,4.8076925,0.24422789,170.0,336.0,BEC,C[N+](C)(C)CCCCCC[N+](C)(C)C
50.0,1.7179967,14.992504,250.0,0.0,0.0,0.0,0.0,4.5323367,0.24466892,180.0,65.0,BEC,C[N+](C)(C)CCCCCC[N+](C)(C)C
400.0,0.0,10.001101,250.0,0.0,0.0,0.0,0.5,4.5454545,0.25,175.0,336.0,BEC,C[N+](C)(C)CCCCCC[N+](C)(C)C
45.0,1.7179967,14.992504,250.0,0.0,0.0,0.0,0.5,4.0,0.2,180.0,48.0,BEC,C[N+](C)(C)CCCCCC[N+](C)(C)C
400.0,0.0,5.7853556,250.0,0.0,0.0,0.0,0.5,7.0,0.35153392,135.0,12.0,BEC,C[N+](C)(C)CCCCCC[N+](C)(C)C
400.0,0.0,10.000815,250.0,0.0,0.0,0.0,0.5,3.2531407,0.23809524,175.0,96.0,BEC,C[N+](C)(C)CCCCCC[N+](C)(C)C
400.0,0.0,10.0,250.0,0.0,0.0,0.0,0.0,6.542657,0.25,175.0,360.0,BEC,C[N+](C)(C)CCCCCC[N+](C)(C)C
400.0,0.0,99.0,250.0,0.0,0.0,0.0,0.54,7.9493713,0.2652436,135.0,480.0,BEC,C[N+](C)(C)CCCCCC[N+](C)(C)C
400.0,0.0,99.0,250.0,0.0,0.0,0.0,0.5,3.0,0.25,175.0,336.0,BEC,C[N+](C)(C)CCCCCC[N+](C)(C)C
400.0,0.0,99.0,250.0,0.0,0.0,0.0,0.0,5.0,0.25,175.0,336.0,BEC,C[N+](C)(C)CCCCCC[N+](C)(C)C
400.0,0.0,99.0,250.0,0.0,0.0,0.0,0.5,7.5,0.25014052,175.0,24.0,BEC,C[N+](C)(C)CCCCCC[N+](C)(C)C
50.0,1.7179967,14.995824,250.0,0.0,0.0,0.0,0.5,4.5454545,0.23809524,180.0,72.0,BEC,C[N+](C)(C)CCCCCC[N+](C)(C)C
400.0,0.0,10.001101,250.0,0.0,0.0,0.0,0.0,4.9557314,0.25,175.0,120.0,BEC,C[N+](C)(C)CCCCCC[N+](C)(C)C
48.84855,1.7179967,10.001101,250.0,0.0,0.0,0.0,0.5,4.6527796,0.2450775,130.0,336.0,BEC,C[N+](C)(C)CCCCCC[N+](C)(C)C
49.514084,1.7179967,27.041292,250.0,0.0,0.0,0.0,0.52786785,4.556957,0.23809524,180.0,60.0,BEC,C[N+](C)(C)CCCCCC[N+](C)(C)C
400.0,0.0,99.0,250.0,0.0,0.0,0.0,0.0,4.7236547,0.25,175.0,384.0,BEC,C[N+](C)(C)CCCCCC[N+](C)(C)C
400.0,0.0,99.0,250.0,0.0,0.0,0.0,0.5229432,6.3636365,0.24038461,175.0,48.0,BEC,C[N+](C)(C)CCCCCC[N+](C)(C)C
400.0,0.0,15.290957,250.0,0.0,0.0,0.0,0.0,4.8778934,0.25,175.0,350.32166,BEC,C[N+](C)(C)CCCCCC[N+](C)(C)C
45.009933,1.7179967,20.163347,250.0,0.0,0.0,0.0,0.4673744,4.9350796,0.25,150.0,0.0,BEC,C[N+](C)(C)CCCCCC[N+](C)(C)C
400.0,0.0,99.0,250.0,0.0,0.0,0.0,0.5666895,7.0,0.28533298,130.0,480.0,BEC,C[N+](C)(C)CCCCCC[N+](C)(C)C
400.0,0.0,99.0,250.0,0.0,0.0,0.0,0.52564687,7.2296696,0.28329644,135.0,168.0,BEC,C[N+](C)(C)CCCCCC[N+](C)(C)C
400.0,0.0,10.001101,250.0,0.0,0.0,0.0,0.28499871,5.0,0.25,175.0,216.0,BEC,C[N+](C)(C)CCCCCC[N+](C)(C)C
400.0,0.0,10.001101,250.0,0.0,0.0,0.0,0.22318394,4.6957636,0.24820875,175.0,336.0,BEC,C[N+](C)(C)CCCCCC[N+](C)(C)C
400.0,0.0,16.769522,250.0,0.0,0.0,0.0,0.5,6.7873697,0.25,175.0,65.0,BEC,C[N+](C)(C)CCCCCC[N+](C)(C)C
400.0,0.0,99.0,250.0,0.0,0.0,0.0,0.5,7.2708144,0.27272728,135.0,24.0,BEC,C[N+](C)(C)CCCCCC[N+](C)(C)C
400.0,0.0,99.0,250.0,0.0,0.0,0.0,0.49769068,3.4997265,0.24939069,175.0,330.90012,BEC,C[N+](C)(C)CCCCCC[N+](C)(C)C
50.0,1.7179967,5.0,250.0,0.0,0.0,0.0,0.5,4.5454545,0.24751921,160.0,336.0,BEC,C[N+](C)(C)CCCCCC[N+](C)(C)C
400.0,0.0,15.0,250.0,0.0,0.0,0.0,0.0,4.978326,0.25,175.0,372.0,BEC,C[N+](C)(C)CCCCCC[N+](C)(C)C
400.0,0.0,6.131403,250.0,0.0,0.0,0.0,0.4,2.857143,0.25,175.0,336.0,BEC,C[N+](C)(C)CCCCCC[N+](C)(C)C
30.0,1.7179967,10.001101,250.0,0.0,0.0,0.0,0.5,4.0,0.24752475,130.0,336.0,BEC,C[N+](C)(C)CCCCCC[N+](C)(C)C
400.0,0.0,5.5024624,250.0,0.0,0.0,0.0,0.39736483,4.6837955,0.24993256,175.0,168.0,BEC,C[N+](C)(C)CCCCCC[N+](C)(C)C
400.0,0.0,30.00716,250.0,0.0,0.0,0.0,0.48781458,44.670074,0.25,135.0,24.0,BEC,C[N+](C)(C)CCCCCC[N+](C)(C)C
400.0,0.0,99.0,250.0,0.0,0.0,0.0,0.0,4.990786,0.25641027,175.0,336.0,BEC,C[N+](C)(C)CCCCCC[N+](C)(C)C
400.0,0.0,9.617866,250.0,0.0,0.0,0.0,0.0,4.4446096,0.25,175.0,240.0,BEC,C[N+](C)(C)CCCCCC[N+](C)(C)C
400.0,0.0,10.001101,250.0,0.0,0.0,0.0,0.5,6.8503695,0.277,135.0,17.611248,BEC,C[N+](C)(C)CCCCCC[N+](C)(C)C
100.0,1.7179967,99.0,250.0,0.0,0.0,0.0,0.49019608,5.0,0.25,140.0,0.0,BEC,C[N+](C)(C)CCCCCC[N+](C)(C)C
400.0,0.0,99.0,250.0,0.0,0.0,0.0,0.5272449,8.000758,0.28105244,135.0,96.0,BEC,C[N+](C)(C)CCCCCC[N+](C)(C)C
400.0,0.0,99.0,250.0,0.0,0.0,0.0,0.5135514,7.0,0.2857143,135.0,480.0,BEC,C[N+](C)(C)CCCCCC[N+](C)(C)C
400.0,0.0,3.4124806,250.0,0.0,0.0,0.0,0.0,4.4624724,0.25,175.0,336.0,BEC,C[N+](C)(C)CCCCCC[N+](C)(C)C
400.0,0.0,10.001101,250.0,0.0,0.0,0.0,0.5,4.7051206,0.25,175.0,168.0,BEC,C[N+](C)(C)CCCCCC[N+](C)(C)C
400.0,0.0,99.0,250.0,0.0,0.0,0.0,0.5,3.3231306,0.25,175.0,288.0,BEC,C[N+](C)(C)CCCCCC[N+](C)(C)C
400.0,0.0,15.0,250.0,0.0,0.0,0.0,0.0,4.681634,0.25,175.0,72.0,BEC,C[N+](C)(C)CCCCCC[N+](C)(C)C
400.0,0.0,10.001101,250.0,0.0,0.0,0.0,0.5,5.2814035,0.24684249,175.0,336.0,BEC,C[N+](C)(C)CCCCCC[N+](C)(C)C
400.0,0.0,2.0,250.0,0.0,0.0,0.0,0.0,4.9636683,0.25,175.0,360.0,BEC,C[N+](C)(C)CCCCCC[N+](C)(C)C
400.0,0.0,5.0,250.0,0.0,0.0,0.0,0.5,5.799311,0.25,175.0,72.0,BEC,C[N+](C)(C)CCCCCC[N+](C)(C)C
35.0,1.7179967,30.000357,250.0,0.0,0.0,0.0,0.4556556,5.0,0.24493125,150.0,0.0,BEC,C[N+](C)(C)CCCCCC[N+](C)(C)C
50.0,1.7179967,10.001101,250.0,0.0,0.0,0.0,0.5,4.5376496,0.23809524,180.0,72.0,BEC,C[N+](C)(C)CCCCCC[N+](C)(C)C
400.0,0.0,99.0,250.0,0.0,0.0,0.0,0.5,7.0582743,0.2853551,135.0,384.0,BEC,C[N+](C)(C)CCCCCC[N+](C)(C)C
42.00338,1.7179967,9.66047,250.0,0.0,0.0,0.0,0.0,18.181818,0.23809524,175.0,192.0,BEC,C[N+](C)(C)CCCCCC[N+](C)(C)C
400.0,0.0,99.0,250.0,0.0,0.0,0.0,0.5,7.679362,0.29,130.0,168.0,BEC,C[N+](C)(C)CCCCCC[N+](C)(C)C
400.0,0.0,99.0,250.0,0.0,0.0,0.0,0.5259317,6.6666665,0.28620327,135.0,504.0,BEC,C[N+](C)(C)CCCCCC[N+](C)(C)C
400.0,0.0,9.000424,250.0,0.0,0.0,0.0,0.0,4.975873,0.25,175.0,336.0,BEC,C[N+](C)(C)CCCCCC[N+](C)(C)C
50.0,1.7179967,20.0,250.0,0.0,0.0,0.0,0.4695235,5.0,0.24732487,150.0,0.0,BEC,C[N+](C)(C)CCCCCC[N+](C)(C)C
400.0,0.0,4.999025,250.0,0.0,0.0,0.0,0.47893256,4.326299,0.25,175.0,288.0,BEC,C[N+](C)(C)CCCCCC[N+](C)(C)C
50.0,1.7179967,51.137535,250.0,0.0,0.0,0.0,0.5,4.901961,0.24750717,180.0,65.0,BEC,C[N+](C)(C)CCCCCC[N+](C)(C)C
40.0,1.7179967,10.001101,250.0,0.0,0.0,0.0,0.54,4.309618,0.23809524,180.0,72.0,BEC,C[N+](C)(C)CCCCCC[N+](C)(C)C
400.0,0.0,5.0,250.0,0.0,0.0,0.0,0.0,4.9043508,0.21478333,175.0,96.0,BEC,C[N+](C)(C)CCCCCC[N+](C)(C)C
400.0,0.0,99.0,250.0,0.0,0.0,0.0,0.5,5.0,0.25,175.0,336.0,BEC,C[N+](C)(C)CCCCCC[N+](C)(C)C
400.0,0.0,2.0,250.0,0.0,0.0,0.0,0.0,4.7946224,0.25,175.0,222.21724,BEC,C[N+](C)(C)CCCCCC[N+](C)(C)C
400.0,0.0,99.0,250.0,0.0,0.0,0.0,0.5397912,6.7991223,0.2933412,135.0,18.0,BEC,C[N+](C)(C)CCCCCC[N+](C)(C)C
17.4889,1.7179967,15.0,250.0,0.0,0.0,0.0,0.47619048,4.8954067,0.24274251,150.0,0.73394793,BEC,C[N+](C)(C)CCCCCC[N+](C)(C)C
400.0,0.0,2.710045,250.0,0.0,0.0,0.0,0.5,4.9286895,0.25,175.0,336.0,BEC,C[N+](C)(C)CCCCCC[N+](C)(C)C
400.0,0.0,10.001101,250.0,0.0,0.0,0.0,0.0,4.913662,0.25,175.0,336.0,BEC,C[N+](C)(C)CCCCCC[N+](C)(C)C
400.0,0.0,4.0,250.0,0.0,0.0,0.0,0.54,4.9174714,0.24189457,175.0,120.0,BEC,C[N+](C)(C)CCCCCC[N+](C)(C)C
400.0,0.0,99.0,250.0,0.0,0.0,0.0,0.0,7.0,0.25996533,175.0,310.1241,BEC,C[N+](C)(C)CCCCCC[N+](C)(C)C
400.0,0.0,5.599623,250.0,0.0,0.0,0.0,0.5,4.31235,0.25,175.0,240.0,BEC,C[N+](C)(C)CCCCCC[N+](C)(C)C
50.0,1.7179967,10.001101,250.0,0.0,0.0,0.0,0.48399353,4.714591,0.25,150.0,0.0,BEC,C[N+](C)(C)CCCCCC[N+](C)(C)C
400.0,0.0,99.0,250.0,0.0,0.0,0.0,0.54,7.0,0.26677334,135.0,480.0,BEC,C[N+](C)(C)CCCCCC[N+](C)(C)C
400.0,0.0,14.965179,250.0,0.0,0.0,0.0,0.5645548,6.5437064,0.26713133,135.0,12.0,BEC,C[N+](C)(C)CCCCCC[N+](C)(C)C
400.0,0.0,99.0,250.0,0.0,0.0,0.0,0.5,5.002079,0.24946277,175.0,336.0,BEC,C[N+](C)(C)CCCCCC[N+](C)(C)C
400.0,0.0,3.6182482,250.0,0.0,0.0,0.0,0.5,1.3246512,0.25,175.0,250.28961,BEC,C[N+](C)(C)CCCCCC[N+](C)(C)C
400.0,0.0,99.0,250.0,0.0,0.0,0.0,0.0,4.704903,0.25252524,175.0,384.0,BEC,C[N+](C)(C)CCCCCC[N+](C)(C)C
400.0,0.0,2.8300152,250.0,0.0,0.0,0.0,0.5,5.0,0.25,175.0,144.0,BEC,C[N+](C)(C)CCCCCC[N+](C)(C)C
400.0,0.0,99.0,250.0,0.0,0.0,0.0,0.54,8.333333,0.3118565,139.66011,120.0,BEC,C[N+](C)(C)CCCCCC[N+](C)(C)C
400.0,0.0,2.0,20.0,0.0,0.0,0.0,0.0,4.687413,0.24038461,175.0,360.0,BEC,C[N+](C)(C)CCCCCC[N+](C)(C)C
400.0,0.0,99.0,250.0,0.0,0.0,0.0,0.6437392,6.8623424,0.27912208,135.0,240.0,BEC,C[N+](C)(C)CCCCCC[N+](C)(C)C
400.0,0.0,10.001101,250.0,0.0,0.0,0.0,0.59046507,4.128199,0.3,175.0,360.0,BEC,C[N+](C)(C)CCCCCC[N+](C)(C)C
400.0,0.0,99.0,250.0,0.0,0.0,0.0,0.0,7.5676136,0.25,135.0,16.0,BEC,C[N+](C)(C)CCCCCC[N+](C)(C)C
120.0,1.7179967,10.001101,250.0,0.0,0.0,0.0,0.5,4.9550595,0.23809524,175.0,336.0,BEC,C[N+](C)(C)CCCCCC[N+](C)(C)C
400.0,0.0,99.0,250.0,0.0,0.0,0.0,0.5,6.4220185,0.25,175.0,48.0,BEC,C[N+](C)(C)CCCCCC[N+](C)(C)C
400.0,0.0,2.0,250.0,0.0,0.0,0.0,0.4802704,4.727612,0.25,175.0,168.0,BEC,C[N+](C)(C)CCCCCC[N+](C)(C)C
400.0,0.0,99.0,250.0,0.0,0.0,0.0,0.49417874,2.7272727,0.25,175.0,336.0,BEC,C[N+](C)(C)CCCCCC[N+](C)(C)C
400.0,0.0,9.497577,250.0,0.0,0.0,0.0,0.5,4.0,0.25,175.0,360.0,BEC,C[N+](C)(C)CCCCCC[N+](C)(C)C
400.0,0.0,99.0,250.0,0.0,0.0,0.0,0.0,4.9872684,0.25308245,175.0,360.0,BEC,C[N+](C)(C)CCCCCC[N+](C)(C)C
400.0,0.0,30.03003,250.0,0.0,0.0,0.0,0.45019722,7.0,0.25,175.0,120.0,BEC,C[N+](C)(C)CCCCCC[N+](C)(C)C
400.0,0.0,2.0,250.0,0.0,0.0,0.0,0.54,5.0,0.27008733,135.0,24.0,BEC,C[N+](C)(C)CCCCCC[N+](C)(C)C
400.0,0.0,10.0,250.0,0.0,0.0,0.0,0.0,5.0015783,0.25,175.0,360.0,BEC,C[N+](C)(C)CCCCCC[N+](C)(C)C
400.0,0.0,99.0,250.0,0.0,0.0,0.0,0.33588383,2.5,0.25,175.0,336.0,BEC,C[N+](C)(C)CCCCCC[N+](C)(C)C
30.0,1.7179967,10.001101,250.0,0.0,0.0,0.0,0.5,5.337467,0.24771394,160.0,336.0,BEC,C[N+](C)(C)CCCCCC[N+](C)(C)C
400.0,0.0,2.0,250.0,0.0,0.0,0.0,0.5,6.3829083,0.27272728,135.0,600.0,BEC,C[N+](C)(C)CCCCCC[N+](C)(C)C
400.0,0.0,10.001101,250.0,0.0,0.0,0.0,0.5,5.7607746,0.25,175.0,288.0,BEC,C[N+](C)(C)CCCCCC[N+](C)(C)C
50.0,1.7179967,5.1147304,250.0,0.0,0.0,0.0,0.5,4.8411684,0.23616916,175.0,336.0,BEC,C[N+](C)(C)CCCCCC[N+](C)(C)C
25.0,1.7179967,3.265489,250.0,0.0,0.0,0.0,0.0,4.801801,0.24038461,160.0,336.0,BEC,C[N+](C)(C)CCCCCC[N+](C)(C)C
400.0,0.0,10.0,250.0,0.0,0.0,0.0,0.5,4.7778563,0.25,175.0,336.0,BEC,C[N+](C)(C)CCCCCC[N+](C)(C)C
400.0,0.0,4.165156,250.0,0.0,0.0,0.0,0.0,4.8076925,0.2388026,175.0,240.0,BEC,C[N+](C)(C)CCCCCC[N+](C)(C)C
400.0,0.0,5.0,250.0,0.0,0.0,0.0,0.5,4.700871,0.2595461,175.0,240.0,BEC,C[N+](C)(C)CCCCCC[N+](C)(C)C
400.0,0.0,3.3282173,250.0,0.0,0.0,0.0,0.55131793,4.966021,0.27272728,135.0,24.0,BEC,C[N+](C)(C)CCCCCC[N+](C)(C)C
400.0,0.0,99.0,250.0,0.0,0.0,0.0,0.5219714,7.5,0.27992624,135.0,336.0,BEC,C[N+](C)(C)CCCCCC[N+](C)(C)C
400.0,0.0,4.0,250.0,0.0,0.0,0.0,0.46482682,3.7047896,0.25,175.0,336.0,BEC,C[N+](C)(C)CCCCCC[N+](C)(C)C
400.0,0.0,99.0,250.0,0.0,0.0,0.0,0.5,50.508698,0.25,135.0,60.0,BEC,C[N+](C)(C)CCCCCC[N+](C)(C)C
400.0,0.0,99.0,250.0,0.0,0.0,0.0,0.4663058,2.893496,0.25,175.0,336.0,BEC,C[N+](C)(C)CCCCCC[N+](C)(C)C
400.0,0.0,10.001101,250.0,0.0,0.0,0.0,0.0,7.4566855,0.27801144,175.0,360.0,BEC,C[N+](C)(C)CCCCCC[N+](C)(C)C
400.0,0.0,4.9991164,250.0,0.0,0.0,0.0,0.48,4.935567,0.24509804,175.0,336.0,BEC,C[N+](C)(C)CCCCCC[N+](C)(C)C
400.0,0.0,99.0,250.0,0.0,0.0,0.0,0.5,6.7873306,0.26757306,135.0,24.0,BEC,C[N+](C)(C)CCCCCC[N+](C)(C)C
400.0,0.0,99.0,250.0,0.0,0.0,0.0,0.0,5.0,0.25,175.0,96.0,BEC,C[N+](C)(C)CCCCCC[N+](C)(C)C
400.0,0.0,3.9904842,250.0,0.0,0.0,0.0,0.5,4.950661,0.25,175.0,336.0,BEC,C[N+](C)(C)CCCCCC[N+](C)(C)C
400.0,0.0,99.0,250.0,0.0,0.0,0.0,0.5,7.0,0.25,175.0,12.0,BEC,C[N+](C)(C)CCCCCC[N+](C)(C)C
400.0,0.0,4.9992185,250.0,0.0,0.0,0.0,0.49019608,4.6730676,0.25,175.0,336.0,BEC,C[N+](C)(C)CCCCCC[N+](C)(C)C
400.0,0.0,4.999402,250.0,0.0,0.0,0.0,0.0,4.901961,0.25,175.0,336.0,BEC,C[N+](C)(C)CCCCCC[N+](C)(C)C
400.0,0.0,99.0,250.0,0.0,0.0,0.0,0.5,2.5,0.25,175.0,328.25446,BEC,C[N+](C)(C)CCCCCC[N+](C)(C)C
400.0,0.0,10.0,250.0,0.0,0.0,0.0,0.5,6.2052174,0.24752475,175.0,336.0,BEC,C[N+](C)(C)CCCCCC[N+](C)(C)C
400.0,0.0,10.001101,250.0,0.0,0.0,0.0,0.48474312,4.355284,0.25,175.0,168.0,BEC,C[N+](C)(C)CCCCCC[N+](C)(C)C
400.0,0.0,3.25469,250.0,0.0,0.0,0.0,0.0,4.5231895,0.25,175.0,336.0,BEC,C[N+](C)(C)CCCCCC[N+](C)(C)C
400.0,0.0,99.0,250.0,0.0,0.0,0.0,0.5,50.0,0.25,135.0,72.0,BEC,C[N+](C)(C)CCCCCC[N+](C)(C)C
400.0,0.0,4.0,250.0,0.0,0.0,0.0,0.0,4.507616,0.25,175.0,336.0,BEC,C[N+](C)(C)CCCCCC[N+](C)(C)C
400.0,0.0,99.0,250.0,0.0,0.0,0.0,0.49019608,5.0,0.25,175.0,288.0,BEC,C[N+](C)(C)CCCCCC[N+](C)(C)C
400.0,0.0,10.0,250.0,0.0,0.0,0.0,0.5,5.0,0.25,175.0,336.0,BEC,C[N+](C)(C)CCCCCC[N+](C)(C)C
400.0,0.0,10.001101,250.0,0.0,0.0,0.0,0.59576875,6.981136,0.25996533,175.0,336.0,BEC,C[N+](C)(C)CCCCCC[N+](C)(C)C
400.0,0.0,4.9933844,250.0,0.0,0.0,0.0,0.0,6.3636365,0.25,175.0,343.58862,BEC,C[N+](C)(C)CCCCCC[N+](C)(C)C
30.03003,1.7179967,14.992504,250.0,0.0,0.0,0.0,0.0,4.700162,0.24038461,180.0,65.97207,BEC,C[N+](C)(C)CCCCCC[N+](C)(C)C
45.00756,1.7179967,99.0,250.0,0.0,0.0,0.0,0.4697854,4.9745703,0.25,150.0,0.0,BEC,C[N+](C)(C)CCCCCC[N+](C)(C)C
400.0,0.0,10.001101,250.0,0.0,0.0,0.0,0.22811499,3.43214,0.24509804,175.0,120.0,BEC,C[N+](C)(C)CCCCCC[N+](C)(C)C
400.0,0.0,10.001101,250.0,0.0,0.0,0.0,0.5,4.9876585,0.25,175.0,336.0,BEC,C[N+](C)(C)CCCCCC[N+](C)(C)C
400.0,0.0,5.0,250.0,0.0,0.0,0.0,0.0,4.996721,0.25,135.0,336.0,BEC,C[N+](C)(C)CCCCCC[N+](C)(C)C
400.0,0.0,10.001101,250.0,0.0,0.0,0.0,0.5,44.0,0.2293578,165.0,48.0,BEC,C[N+](C)(C)CCCCCC[N+](C)(C)C
59.997486,1.7179967,10.001101,250.0,0.0,0.0,0.0,0.5,4.5454545,0.24509804,180.0,65.0,BEC,C[N+](C)(C)CCCCCC[N+](C)(C)C
400.0,0.0,99.0,250.0,0.0,0.0,0.0,0.59246933,7.0,0.3,135.0,367.55838,BEC,C[N+](C)(C)CCCCCC[N+](C)(C)C
46.097775,1.7179967,14.992504,250.0,0.0,0.0,0.0,0.4822467,4.839248,0.24509804,150.0,0.3555934,BEC,C[N+](C)(C)CCCCCC[N+](C)(C)C
400.0,0.0,5.010245,250.0,0.0,0.0,0.0,0.0,4.9824753,0.25,175.0,204.0,BEC,C[N+](C)(C)CCCCCC[N+](C)(C)C
400.0,0.0,4.7346487,250.0,0.0,0.0,0.0,0.5,4.985474,0.25,175.0,24.0,BEC,C[N+](C)(C)CCCCCC[N+](C)(C)C
400.0,0.0,99.0,250.0,0.0,0.0,0.0,0.49019608,5.6868954,0.25,175.0,96.0,BEC,C[N+](C)(C)CCCCCC[N+](C)(C)C
50.0,1.7179967,15.0,250.0,0.0,0.0,0.0,0.5,4.138959,0.23809524,180.0,40.0,BEC,C[N+](C)(C)CCCCCC[N+](C)(C)C
50.0,1.7179967,10.0,250.0,0.0,0.0,0.0,0.5,5.0,0.23285103,170.0,336.0,BEC,C[N+](C)(C)CCCCCC[N+](C)(C)C
400.0,0.0,99.0,250.0,0.0,0.0,0.0,0.5244895,3.0,0.25,175.0,288.0,BEC,C[N+](C)(C)CCCCCC[N+](C)(C)C
49.007584,1.7179967,10.001101,250.0,0.0,0.0,0.0,0.5,4.0,0.25,175.0,240.0,BEC,C[N+](C)(C)CCCCCC[N+](C)(C)C
400.0,0.0,10.001101,250.0,0.0,0.0,0.0,0.0,4.541937,0.25,175.0,336.0,BEC,C[N+](C)(C)CCCCCC[N+](C)(C)C
80.0,1.7179967,10.0,250.0,0.0,0.0,0.0,0.0,0.0,0.060747005,180.0,120.0,BEC,C[N+](C)(C)CCCCCC[N+](C)(C)C
57.198124,1.7179967,10.001101,250.0,0.0,0.0,0.0,0.50042695,4.0,0.22859888,180.0,64.63685,BEC,C[N+](C)(C)CCCCCC[N+](C)(C)C
400.0,0.0,99.0,71.89734,0.0,0.0,0.0,0.5,3.8208013,0.25,175.0,329.18112,BEC,C[N+](C)(C)CCCCCC[N+](C)(C)C
400.0,0.0,99.0,250.0,0.0,0.0,0.0,0.54,7.0,0.29395932,135.0,144.0,BEC,C[N+](C)(C)CCCCCC[N+](C)(C)C
400.0,0.0,14.849843,250.0,0.0,0.0,0.0,0.26234427,3.1453872,0.25,175.0,336.0,BEC,C[N+](C)(C)CCCCCC[N+](C)(C)C
23.35246,1.0,99.0,250.0,0.0,0.0,0.0,0.48306128,5.0,0.25,150.0,0.53841966,BEC,C[N+](C)(C)CCCCCC[N+](C)(C)C
400.0,0.0,99.0,250.0,0.0,0.0,0.0,0.5,8.333333,0.26697502,135.0,24.0,BEC,C[N+](C)(C)CCCCCC[N+](C)(C)C
400.0,0.0,10.001101,250.0,0.0,0.0,0.0,0.5,5.9862003,0.27720958,125.0,120.0,BEC,C[N+](C)(C)CCCCCC[N+](C)(C)C
400.0,0.0,6.2473187,250.0,0.0,0.0,0.0,0.48037472,4.901961,0.25,175.0,168.0,BEC,C[N+](C)(C)CCCCCC[N+](C)(C)C
400.0,0.0,4.9880238,250.0,0.0,0.0,0.0,0.48,4.2349253,0.25,175.0,60.0,BEC,C[N+](C)(C)CCCCCC[N+](C)(C)C
400.0,0.0,10.001101,250.0,0.0,0.0,0.0,0.0,5.5209618,0.25,175.0,336.0,BEC,C[N+](C)(C)CCCCCC[N+](C)(C)C
400.0,0.0,5.0,33.514664,0.0,0.0,0.0,0.25,4.8114195,0.24238239,175.0,336.0,BEC,C[N+](C)(C)CCCCCC[N+](C)(C)C
400.0,0.0,99.0,250.0,0.0,0.0,0.0,0.65020096,6.3230762,0.65,135.0,360.0,BEC,C[N+](C)(C)CCCCCC[N+](C)(C)C
400.0,0.0,10.001101,250.0,0.0,0.0,0.0,0.38998035,4.857176,0.25,175.0,120.0,BEC,C[N+](C)(C)CCCCCC[N+](C)(C)C
400.0,0.0,99.0,250.0,0.0,0.0,0.0,0.5,5.0,0.24750745,175.0,83.51863,BEC,C[N+](C)(C)CCCCCC[N+](C)(C)C
400.0,0.0,10.001101,250.0,0.0,0.0,0.0,0.0,5.0,0.25,175.0,168.0,BEC,C[N+](C)(C)CCCCCC[N+](C)(C)C
400.0,0.0,4.9880238,250.0,0.0,0.0,0.0,0.5,8.0,0.27214915,140.0,120.0,BEC,C[N+](C)(C)CCCCCC[N+](C)(C)C
400.0,0.0,14.992504,250.0,0.0,0.0,0.0,0.5,7.0,0.25,175.0,168.0,BEC,C[N+](C)(C)CCCCCC[N+](C)(C)C
40.0,1.7179967,14.992504,250.0,0.0,0.0,0.0,0.5,4.7538867,0.22727273,180.0,48.0,BEC,C[N+](C)(C)CCCCCC[N+](C)(C)C
400.0,0.0,10.001101,250.0,0.0,0.0,0.0,0.32511118,3.6647568,0.25,175.0,336.0,BEC,C[N+](C)(C)CCCCCC[N+](C)(C)C
40.0,1.7179967,99.0,250.0,0.0,0.0,0.0,0.47619048,4.902998,0.22727273,175.0,336.0,BEC,C[N+](C)(C)CCCCCC[N+](C)(C)C
100.0,1.7179967,15.920498,250.0,0.0,0.0,0.0,0.51587576,3.19512,0.23809524,180.0,48.0,BEC,C[N+](C)(C)CCCCCC[N+](C)(C)C
50.0,1.7179967,20.0,250.0,0.0,0.0,0.0,0.51930076,4.6873536,0.22727273,180.0,65.0,BEC,C[N+](C)(C)CCCCCC[N+](C)(C)C
400.0,0.0,99.0,250.0,0.0,0.0,0.0,0.5,3.5548127,0.25,175.0,65.0,BEC,C[N+](C)(C)CCCCCC[N+](C)(C)C
400.0,0.0,99.0,250.0,0.0,0.0,0.0,0.0,5.9616013,0.25701052,175.0,336.0,BEC,C[N+](C)(C)CCCCCC[N+](C)(C)C
400.0,0.0,99.0,250.0,0.0,0.0,0.0,0.5,3.5,0.25,175.0,336.0,BEC,C[N+](C)(C)CCCCCC[N+](C)(C)C
400.0,0.0,99.0,250.0,0.0,0.0,0.0,0.5,7.5,0.27031028,135.0,8.0,BEC,C[N+](C)(C)CCCCCC[N+](C)(C)C
400.0,0.0,6.3775597,250.0,0.0,0.0,0.0,0.5,5.4971843,0.27087718,135.0,120.0,BEC,C[N+](C)(C)CCCCCC[N+](C)(C)C
50.0,1.7179967,10.001101,250.0,0.0,0.0,0.0,0.5,3.5,0.23809524,180.0,72.0,BEC,C[N+](C)(C)CCCCCC[N+](C)(C)C
30.03003,1.7179967,14.992504,250.0,0.0,0.0,0.0,0.5,4.0,0.23809524,180.0,65.0,BEC,C[N+](C)(C)CCCCCC[N+](C)(C)C
400.0,0.0,99.0,250.0,0.0,0.0,0.0,0.5,7.073856,0.27272728,135.0,12.0,BEC,C[N+](C)(C)CCCCCC[N+](C)(C)C
400.0,0.0,10.0,250.0,0.0,0.0,0.0,0.5,5.0,0.25,175.0,168.0,BEC,C[N+](C)(C)CCCCCC[N+](C)(C)C
45.988247,1.7179967,14.993306,250.0,0.0,0.0,0.0,0.49019608,4.892413,0.24889122,150.0,0.0,BEC,C[N+](C)(C)CCCCCC[N+](C)(C)C
400.0,0.0,5.0,250.0,0.0,0.0,0.0,0.0,4.9828305,0.25,175.0,168.0,BEC,C[N+](C)(C)CCCCCC[N+](C)(C)C
400.0,0.0,10.001096,250.0,0.0,0.0,0.0,0.49019608,4.0,0.25,175.0,336.0,BEC,C[N+](C)(C)CCCCCC[N+](C)(C)C
400.0,0.0,4.0,250.0,0.0,0.0,0.0,0.53551376,7.4820595,0.2920561,135.0,144.0,BEC,C[N+](C)(C)CCCCCC[N+](C)(C)C
400.0,0.0,10.001101,250.0,0.0,0.0,0.0,0.0,5.4683447,0.25,175.0,336.0,BEC,C[N+](C)(C)CCCCCC[N+](C)(C)C
400.0,0.0,14.992504,250.0,0.0,0.0,0.0,0.5,7.5,0.25,130.0,43.047455,BEC,C[N+](C)(C)CCCCCC[N+](C)(C)C
400.0,0.0,15.495256,250.0,0.0,0.0,0.0,0.50499856,7.0,0.25996533,135.0,24.0,BEC,C[N+](C)(C)CCCCCC[N+](C)(C)C
400.0,0.0,99.0,250.0,0.0,0.0,0.0,0.6406315,6.6666665,0.2777778,130.0,336.0,BEC,C[N+](C)(C)CCCCCC[N+](C)(C)C
37.28468,1.7179967,99.0,250.0,0.0,0.0,0.0,0.5676952,3.5,0.24217294,180.0,48.0,BEC,C[N+](C)(C)CCCCCC[N+](C)(C)C
400.0,0.0,10.0,250.0,0.0,0.0,0.0,0.52462494,5.0,0.25,175.0,120.0,BEC,C[N+](C)(C)CCCCCC[N+](C)(C)C
50.0,1.7179967,10.001101,250.0,0.0,0.0,0.0,0.6588411,4.350723,0.22727273,180.0,96.0,BEC,C[N+](C)(C)CCCCCC[N+](C)(C)C
44.895744,1.7179967,12.566863,250.0,0.0,0.0,0.0,0.5,4.696602,0.23467779,180.0,65.0,BEC,C[N+](C)(C)CCCCCC[N+](C)(C)C
400.0,0.0,99.0,250.0,0.0,0.0,0.0,0.5,4.6552663,0.25,175.0,336.0,BEC,C[N+](C)(C)CCCCCC[N+](C)(C)C
50.0,1.7179967,10.001101,250.0,0.0,0.0,0.0,0.5,4.605638,0.24218157,123.98195,336.0,BEC,C[N+](C)(C)CCCCCC[N+](C)(C)C
400.0,0.0,10.001101,250.0,0.0,0.0,0.0,0.5,4.6873536,0.25,175.0,48.0,BEC,C[N+](C)(C)CCCCCC[N+](C)(C)C
400.0,0.0,2.8355346,250.0,0.0,0.0,0.0,0.5,5.6,0.2632266,135.0,24.0,BEC,C[N+](C)(C)CCCCCC[N+](C)(C)C
400.0,0.0,99.0,250.0,0.0,0.0,0.0,0.5,3.1476684,0.24038461,175.0,336.0,BEC,C[N+](C)(C)CCCCCC[N+](C)(C)C
400.0,0.0,99.0,250.0,0.0,0.0,0.0,0.5,3.4898427,0.25,175.0,336.0,BEC,C[N+](C)(C)CCCCCC[N+](C)(C)C
400.0,0.0,4.9880238,16.666666,0.0,0.0,0.0,0.0,4.687628,0.23809524,175.0,336.0,BEC,C[N+](C)(C)CCCCCC[N+](C)(C)C
400.0,0.0,4.0,250.0,0.0,0.0,0.0,0.5,4.7624674,0.16666667,175.0,96.0,BEC,C[N+](C)(C)CCCCCC[N+](C)(C)C
40.0,1.7179967,20.312569,250.0,0.0,0.0,0.0,0.5372652,4.5146046,0.22727273,180.0,95.898026,BEC,C[N+](C)(C)CCCCCC[N+](C)(C)C
30.0,1.7179967,14.946213,250.0,0.0,0.0,0.0,0.4890935,4.7872725,0.24791792,150.0,2.0,BEC,C[N+](C)(C)CCCCCC[N+](C)(C)C
400.0,0.0,99.0,250.0,0.0,0.0,0.0,0.0,5.0,0.25,175.0,288.0,BEC,C[N+](C)(C)CCCCCC[N+](C)(C)C
400.0,0.0,99.0,250.0,0.0,0.0,0.0,0.0,4.787777,0.25,175.0,96.0,BEC,C[N+](C)(C)CCCCCC[N+](C)(C)C
400.0,0.0,10.001101,250.0,0.0,0.0,0.0,0.55509967,7.0,0.28517312,135.0,120.0,BEC,C[N+](C)(C)CCCCCC[N+](C)(C)C
400.0,0.0,10.001101,250.0,0.0,0.0,0.0,0.5,6.0339327,0.2672588,175.0,96.0,BEC,C[N+](C)(C)CCCCCC[N+](C)(C)C
400.0,0.0,10.001101,250.0,0.0,0.0,0.0,0.4,4.70062,0.25,175.0,336.0,BEC,C[N+](C)(C)CCCCCC[N+](C)(C)C
58.180023,1.7179967,14.992504,250.0,0.0,0.0,0.0,0.54,4.5509887,0.23809524,180.0,72.0,BEC,C[N+](C)(C)CCCCCC[N+](C)(C)C
400.0,0.0,20.0,250.0,0.0,0.0,0.0,0.0,7.5,0.25,135.0,6.0,BEC,C[N+](C)(C)CCCCCC[N+](C)(C)C
400.0,0.0,99.0,250.0,0.0,0.0,0.0,0.0,5.8363304,0.25,175.0,168.0,BEC,C[N+](C)(C)CCCCCC[N+](C)(C)C
400.0,0.0,99.0,250.0,0.0,0.0,0.0,0.0,5.0,0.25252524,175.0,336.0,BEC,C[N+](C)(C)CCCCCC[N+](C)(C)C
400.0,0.0,4.9992576,250.0,0.0,0.0,0.0,0.0,5.854272,0.25,175.0,336.0,BEC,C[N+](C)(C)CCCCCC[N+](C)(C)C
400.0,0.0,99.0,250.0,0.0,0.0,0.0,0.4055907,2.8880498,0.25,175.0,298.55087,BEC,C[N+](C)(C)CCCCCC[N+](C)(C)C
400.0,0.0,99.0,250.0,0.0,0.0,0.0,0.47808486,2.857143,0.25,175.0,240.0,BEC,C[N+](C)(C)CCCCCC[N+](C)(C)C
400.0,0.0,6.5041633,250.0,0.0,0.0,0.0,0.0,7.0,0.27272728,175.0,288.0,BEC,C[N+](C)(C)CCCCCC[N+](C)(C)C
400.0,0.0,13.168542,250.0,0.0,0.0,0.0,0.5,7.0,0.29,135.0,48.0,BEC,C[N+](C)(C)CCCCCC[N+](C)(C)C
50.0,1.7179967,9.291518,250.0,0.0,0.0,0.0,0.5,4.6873536,0.24985607,160.0,336.0,BEC,C[N+](C)(C)CCCCCC[N+](C)(C)C
400.0,0.0,99.0,250.0,0.0,0.0,0.0,0.61208165,6.730769,0.3,135.0,336.0,BEC,C[N+](C)(C)CCCCCC[N+](C)(C)C
400.0,0.0,2.0,250.0,0.0,0.0,0.0,0.47019815,3.0,0.09677419,175.0,336.0,BEC,C[N+](C)(C)CCCCCC[N+](C)(C)C
400.0,0.0,99.0,250.0,0.0,0.0,0.0,0.5,7.443579,0.29917008,130.0,168.0,BEC,C[N+](C)(C)CCCCCC[N+](C)(C)C
400.0,0.0,2.0,250.0,0.0,0.0,0.0,0.5,5.0,0.25,175.0,336.0,BEC,C[N+](C)(C)CCCCCC[N+](C)(C)C
50.0,1.7179967,99.0,250.0,0.0,0.0,0.0,0.47619048,4.8273635,0.24626058,150.0,0.79357266,BEC,C[N+](C)(C)CCCCCC[N+](C)(C)C
400.0,0.0,99.0,250.0,0.0,0.0,0.0,0.5,7.5,0.25,175.0,96.0,BEC,C[N+](C)(C)CCCCCC[N+](C)(C)C
400.0,0.0,10.001101,250.0,0.0,0.0,0.0,0.5,4.5623593,0.25,175.0,336.0,BEC,C[N+](C)(C)CCCCCC[N+](C)(C)C
400.0,0.0,99.0,250.0,0.0,0.0,0.0,0.5,6.6666665,0.27272728,135.0,24.0,BEC,C[N+](C)(C)CCCCCC[N+](C)(C)C
400.0,0.0,10.001101,250.0,0.0,0.0,0.0,0.5,7.0,0.27218017,135.0,72.0,BEC,C[N+](C)(C)CCCCCC[N+](C)(C)C
400.0,0.0,15.0,250.0,0.0,0.0,0.0,0.54,6.7474995,0.26267684,135.0,96.0,BEC,C[N+](C)(C)CCCCCC[N+](C)(C)C
45.01498,1.7179967,8.384865,250.0,0.0,0.0,0.0,0.0,0.0,0.0,160.0,301.45026,BEC,C[N+](C)(C)CCCCCC[N+](C)(C)C
400.0,0.0,4.0,250.0,0.0,0.0,0.0,0.45851362,4.5105605,0.24987714,175.0,288.32343,BEC,C[N+](C)(C)CCCCCC[N+](C)(C)C
400.0,0.0,10.001101,250.0,0.0,0.0,0.0,0.5002096,5.2868886,0.25,175.0,168.0,BEC,C[N+](C)(C)CCCCCC[N+](C)(C)C
50.0,1.7179967,15.0,250.0,0.0,0.0,0.0,0.46991757,4.9473057,0.24726816,150.0,0.0,BEC,C[N+](C)(C)CCCCCC[N+](C)(C)C
400.0,0.0,2.0053184,250.0,0.0,0.0,0.0,0.5,6.6666665,0.28854978,160.0,336.0,BEC,C[N+](C)(C)CCCCCC[N+](C)(C)C
400.0,0.0,6.6155124,250.0,0.0,0.0,0.0,0.37853035,4.8076925,0.25,175.0,336.0,BEC,C[N+](C)(C)CCCCCC[N+](C)(C)C
30.693512,1.7179967,14.992504,250.0,0.0,0.0,0.0,0.45454547,4.5505986,0.23447892,160.0,336.0,BEC,C[N+](C)(C)CCCCCC[N+](C)(C)C
400.0,0.0,99.0,250.0,0.0,0.0,0.0,0.0,5.355321,0.25405788,175.0,168.0,BEC,C[N+](C)(C)CCCCCC[N+](C)(C)C
30.0,1.7179967,10.0,250.0,0.0,0.0,0.0,0.5,4.6815987,0.2425367,120.0,456.34772,BEC,C[N+](C)(C)CCCCCC[N+](C)(C)C
400.0,0.0,10.001031,250.0,0.0,0.0,0.0,0.54,7.0,0.27922887,135.0,120.0,BEC,C[N+](C)(C)CCCCCC[N+](C)(C)C
400.0,0.0,10.001101,250.0,0.0,0.0,0.0,0.5,6.0261583,0.25455266,175.0,96.0,BEC,C[N+](C)(C)CCCCCC[N+](C)(C)C
400.0,0.0,10.001101,250.0,0.0,0.0,0.0,0.5,6.8640404,0.27933463,135.0,168.0,BEC,C[N+](C)(C)CCCCCC[N+](C)(C)C
400.0,0.0,99.0,250.0,0.0,0.0,0.0,0.5,50.0,0.25,135.0,67.88395,BEC,C[N+](C)(C)CCCCCC[N+](C)(C)C
400.0,0.0,4.0,250.0,0.0,0.0,0.0,0.5003548,7.5,0.6041283,175.0,336.0,BEC,C[N+](C)(C)CCCCCC[N+](C)(C)C
400.0,0.0,10.001101,250.0,0.0,0.0,0.0,0.50010115,6.506144,0.2793776,135.0,673.0675,BEC,C[N+](C)(C)CCCCCC[N+](C)(C)C
30.439808,1.7179967,5.0,250.0,0.0,0.0,0.0,0.5,4.9802256,0.24509804,160.0,336.0,BEC,C[N+](C)(C)CCCCCC[N+](C)(C)C
46.920826,1.7179967,24.07689,250.0,0.0,0.0,0.0,0.5,4.0289702,0.2,180.0,65.0,BEC,C[N+](C)(C)CCCCCC[N+](C)(C)C
400.0,0.0,99.0,250.0,0.0,0.0,0.0,0.6437971,5.210657,0.25,130.0,336.0,BEC,C[N+](C)(C)CCCCCC[N+](C)(C)C
400.0,0.0,99.0,250.0,0.0,0.0,0.0,0.56441486,5.0,0.29382822,135.0,480.34164,BEC,C[N+](C)(C)CCCCCC[N+](C)(C)C
400.0,0.0,10.001101,250.0,0.0,0.0,0.0,0.0,4.9302216,0.25,175.0,336.0,BEC,C[N+](C)(C)CCCCCC[N+](C)(C)C
50.0,1.7179967,10.001101,250.0,0.0,0.0,0.0,0.5,4.041075,0.2,180.0,96.0,BEC,C[N+](C)(C)CCCCCC[N+](C)(C)C
400.0,0.0,99.0,250.0,0.0,0.0,0.0,0.5,5.1786113,0.25,175.0,24.0,BEC,C[N+](C)(C)CCCCCC[N+](C)(C)C
400.0,0.0,4.0,250.0,0.0,0.0,0.0,0.0,5.0,0.25,175.0,168.0,BEC,C[N+](C)(C)CCCCCC[N+](C)(C)C
400.0,0.0,10.001101,250.0,0.0,0.0,0.0,0.0,5.0,0.25,175.0,204.0,BEC,C[N+](C)(C)CCCCCC[N+](C)(C)C
400.0,0.0,15.0,250.0,0.0,0.0,0.0,0.0,4.718379,0.25,175.0,360.0,BEC,C[N+](C)(C)CCCCCC[N+](C)(C)C
400.0,0.0,4.0,20.0,0.0,0.0,0.0,0.0,4.0,0.24509804,175.0,240.0,BEC,C[N+](C)(C)CCCCCC[N+](C)(C)C
400.0,0.0,99.0,250.0,0.0,0.0,0.0,0.5,4.8431134,0.23809524,175.0,336.0,BEC,C[N+](C)(C)CCCCCC[N+](C)(C)C
400.0,0.0,99.0,250.0,0.0,0.0,0.0,0.5,7.0,0.3,135.0,24.0,BEC,C[N+](C)(C)CCCCCC[N+](C)(C)C
400.0,0.0,99.0,250.0,0.0,0.0,0.0,0.4904233,4.9972425,0.25,175.0,168.0,BEC,C[N+](C)(C)CCCCCC[N+](C)(C)C
400.0,0.0,4.0,250.0,0.0,0.0,0.0,0.5,3.4406824,0.25,175.0,336.0,BEC,C[N+](C)(C)CCCCCC[N+](C)(C)C
400.0,0.0,99.0,250.0,0.0,0.0,0.0,0.52059156,3.0,0.25,175.0,288.0,BEC,C[N+](C)(C)CCCCCC[N+](C)(C)C
400.0,0.0,99.0,250.0,0.0,0.0,0.0,0.5316258,5.0,0.25252524,175.0,300.92978,BEC,C[N+](C)(C)CCCCCC[N+](C)(C)C
0.1,1.0,99.0,250.0,0.0,0.0,0.0,0.60661805,4.8076925,0.24990706,175.0,336.0,BEC,C[N+](C)(C)CCCCCC[N+](C)(C)C
400.0,0.0,99.0,250.0,0.0,0.0,0.0,0.5208761,6.730769,0.26869658,134.08984,696.9195,BEC,C[N+](C)(C)CCCCCC[N+](C)(C)C
400.0,0.0,10.001101,250.0,0.0,0.0,0.0,0.0,4.845301,0.25,175.0,96.0,BEC,C[N+](C)(C)CCCCCC[N+](C)(C)C
400.0,0.0,5.0,250.0,0.0,0.0,0.0,0.5,5.01493,0.25,175.0,96.0,BEC,C[N+](C)(C)CCCCCC[N+](C)(C)C
50.0,1.7179967,99.0,250.0,0.0,0.0,0.0,0.5,4.7900805,0.25,150.0,0.0,BEC,C[N+](C)(C)CCCCCC[N+](C)(C)C
400.0,0.0,10.0,250.0,0.0,0.0,0.0,0.0,5.0,0.25,175.0,336.0,BEC,C[N+](C)(C)CCCCCC[N+](C)(C)C
0.0,0.0,1.97,250.0,0.0,0.0,0.0,0.31217587,4.7621155,0.25,175.0,144.0,BEC,C[N+](C)(C)CCCCCC[N+](C)(C)C
400.0,0.0,1.9777876,250.0,0.0,0.0,0.0,0.5,3.9322307,0.26249778,175.0,333.25922,BEC,C[N+](C)(C)CCCCCC[N+](C)(C)C
400.0,0.0,5.0,250.0,0.0,0.0,0.0,0.21951123,4.9879165,0.23809524,175.0,120.0,BEC,C[N+](C)(C)CCCCCC[N+](C)(C)C
400.0,0.0,99.0,250.0,0.0,0.0,0.0,0.5,7.5,0.28925774,135.0,120.0,BEC,C[N+](C)(C)CCCCCC[N+](C)(C)C
400.0,0.0,99.0,250.0,0.0,0.0,0.0,0.5,5.296935,0.24553537,175.0,120.0,BEC,C[N+](C)(C)CCCCCC[N+](C)(C)C
400.0,0.0,2.0,250.0,0.0,0.0,0.0,0.5,7.0,0.26246902,135.0,415.52896,BEC,C[N+](C)(C)CCCCCC[N+](C)(C)C
400.0,0.0,9.002819,250.0,0.0,0.0,0.0,0.48533067,3.0,0.25,175.0,336.0,BEC,C[N+](C)(C)CCCCCC[N+](C)(C)C
400.0,0.0,99.0,250.0,0.0,0.0,0.0,0.5,8.0,0.27991983,135.0,40.0,BEC,C[N+](C)(C)CCCCCC[N+](C)(C)C
400.0,0.0,10.001101,250.0,0.0,0.0,0.0,0.0,4.901961,0.24509804,175.0,336.0,BEC,C[N+](C)(C)CCCCCC[N+](C)(C)C
400.0,0.0,99.0,250.0,0.0,0.0,0.0,0.0,5.0,0.25,175.0,240.0,BEC,C[N+](C)(C)CCCCCC[N+](C)(C)C
400.0,0.0,4.999958,250.0,0.0,0.0,0.0,0.0,5.0,0.25,175.0,336.0,BEC,C[N+](C)(C)CCCCCC[N+](C)(C)C
40.77811,1.7179967,10.001101,250.0,0.0,0.0,0.0,0.48,4.8076925,0.25,150.0,0.80753994,BEC,C[N+](C)(C)CCCCCC[N+](C)(C)C
48.77751,1.7179967,15.9642935,250.0,0.0,0.0,0.0,0.4690026,4.98913,0.24509804,150.0,0.7114306,BEC,C[N+](C)(C)CCCCCC[N+](C)(C)C
400.0,0.0,2.0003598,250.0,0.0,0.0,0.0,0.0,5.0,0.26066238,175.0,384.0,BEC,C[N+](C)(C)CCCCCC[N+](C)(C)C
400.0,0.0,15.0,250.0,0.0,0.0,0.0,0.5,44.94718,0.25,135.0,48.0,BEC,C[N+](C)(C)CCCCCC[N+](C)(C)C
40.0,1.7179967,10.001101,250.0,0.0,0.0,0.0,0.5,4.7236624,0.24358578,125.0,380.9065,BEC,C[N+](C)(C)CCCCCC[N+](C)(C)C
50.0,1.7179967,24.408289,250.0,0.0,0.0,0.0,0.30540603,4.0,0.24200973,180.0,72.0,BEC,C[N+](C)(C)CCCCCC[N+](C)(C)C
400.0,0.0,10.001101,250.0,0.0,0.0,0.0,0.0,5.0,0.25,175.0,336.0,BEC,C[N+](C)(C)CCCCCC[N+](C)(C)C
400.0,0.0,99.0,250.0,0.0,0.0,0.0,0.5,2.8849165,0.25,175.0,96.0,BEC,C[N+](C)(C)CCCCCC[N+](C)(C)C
400.0,0.0,99.0,250.0,0.0,0.0,0.0,0.5,6.3636365,0.3,138.95422,24.0,BEC,C[N+](C)(C)CCCCCC[N+](C)(C)C
400.0,0.0,2.0,250.0,0.0,0.0,0.0,0.0,5.0,0.24196282,175.0,325.6028,BEC,C[N+](C)(C)CCCCCC[N+](C)(C)C
400.0,0.0,2.0,250.0,0.0,0.0,0.0,0.0,4.722896,0.25,175.0,336.0,BEC,C[N+](C)(C)CCCCCC[N+](C)(C)C
400.0,0.0,99.0,250.0,0.0,0.0,0.0,0.50835985,7.5,0.30164364,135.0,335.70398,BEC,C[N+](C)(C)CCCCCC[N+](C)(C)C
400.0,0.0,5.0,250.0,0.0,0.0,0.0,0.5,6.240503,0.28548488,130.0,168.0,BEC,C[N+](C)(C)CCCCCC[N+](C)(C)C
400.0,0.0,4.991758,35.34711,0.0,0.0,0.0,0.27045405,4.926381,0.25,175.0,168.0,BEC,C[N+](C)(C)CCCCCC[N+](C)(C)C
400.0,0.0,99.0,250.0,0.0,0.0,0.0,0.49019608,3.3706126,0.25,175.0,168.0,BEC,C[N+](C)(C)CCCCCC[N+](C)(C)C
400.0,0.0,10.001101,250.0,0.0,0.0,0.0,0.0,4.0,0.25,175.0,336.0,BEC,C[N+](C)(C)CCCCCC[N+](C)(C)C
400.0,0.0,10.001101,250.0,0.0,0.0,0.0,0.0,4.7398005,0.25,175.0,336.0,BEC,C[N+](C)(C)CCCCCC[N+](C)(C)C
400.0,0.0,10.001101,250.0,0.0,0.0,0.0,0.48384628,4.6873536,0.25,175.0,24.0,BEC,C[N+](C)(C)CCCCCC[N+](C)(C)C
400.0,0.0,14.969584,250.0,0.0,0.0,0.0,0.0,4.7866025,0.24197298,175.0,72.0,BEC,C[N+](C)(C)CCCCCC[N+](C)(C)C
400.0,0.0,99.0,250.0,0.0,0.0,0.0,0.5,6.730769,0.27859098,135.0,360.0,BEC,C[N+](C)(C)CCCCCC[N+](C)(C)C
0.07433349,0.9284259,6.8306303,250.0,0.0,0.0,0.0,0.0,4.5454545,0.24038461,175.0,216.0,BEC,C[N+](C)(C)CCCCCC[N+](C)(C)C
400.0,0.0,4.9880238,250.0,0.0,0.0,0.0,0.0,4.0,0.25,175.0,336.0,BEC,C[N+](C)(C)CCCCCC[N+](C)(C)C
400.0,0.0,4.99984,250.0,0.0,0.0,0.0,0.29897568,4.485976,0.2420011,175.0,168.0,BEC,C[N+](C)(C)CCCCCC[N+](C)(C)C
400.0,0.0,10.001101,250.0,0.0,0.0,0.0,0.0,4.901961,0.25,175.0,99.73271,BEC,C[N+](C)(C)CCCCCC[N+](C)(C)C
400.0,0.0,10.001101,250.0,0.0,0.0,0.0,0.5,6.740869,0.28016374,135.0,96.0,BEC,C[N+](C)(C)CCCCCC[N+](C)(C)C
48.841805,1.7179967,15.787683,250.0,0.0,0.0,0.0,0.47619048,5.0,0.24509804,150.0,0.0,BEC,C[N+](C)(C)CCCCCC[N+](C)(C)C
400.0,0.0,4.0591993,250.0,0.0,0.0,0.0,0.44267085,4.5288367,0.2475236,175.0,336.0,BEC,C[N+](C)(C)CCCCCC[N+](C)(C)C
400.0,0.0,10.001101,250.0,0.0,0.0,0.0,0.4350281,4.8476443,0.25,175.0,72.0,BEC,C[N+](C)(C)CCCCCC[N+](C)(C)C
400.0,0.0,99.0,250.0,0.0,0.0,0.0,0.5,4.8076925,0.25252524,175.0,336.0,BEC,C[N+](C)(C)CCCCCC[N+](C)(C)C
400.0,0.0,5.0,250.0,0.0,0.0,0.0,0.0,4.830578,0.25775266,175.0,132.22424,BEC,C[N+](C)(C)CCCCCC[N+](C)(C)C
400.0,0.0,23.404861,250.0,0.0,0.0,0.0,0.0,4.898193,0.25996533,175.0,336.0,BEC,C[N+](C)(C)CCCCCC[N+](C)(C)C
400.0,0.0,99.0,250.0,0.0,0.0,0.0,0.0,5.0,0.2578517,175.0,336.0,BEC,C[N+](C)(C)CCCCCC[N+](C)(C)C
400.0,0.0,5.0,250.0,0.0,0.0,0.0,0.5,6.3636365,0.25,175.0,48.0,BEC,C[N+](C)(C)CCCCCC[N+](C)(C)C
30.0,1.7179967,10.001101,250.0,0.0,0.0,0.0,0.5,5.0,0.24384719,150.0,0.0,BEC,C[N+](C)(C)CCCCCC[N+](C)(C)C
400.0,0.0,3.4291928,250.0,0.0,0.0,0.0,0.5,5.0,0.25016248,135.0,192.0,BEC,C[N+](C)(C)CCCCCC[N+](C)(C)C
400.0,0.0,10.001101,250.0,0.0,0.0,0.0,0.4969752,4.0,0.25,175.0,48.0,BEC,C[N+](C)(C)CCCCCC[N+](C)(C)C
45.0,1.7179967,15.0,250.0,0.0,0.0,0.0,0.52807385,4.6229677,0.23809524,180.0,72.0,BEC,C[N+](C)(C)CCCCCC[N+](C)(C)C
400.0,0.0,99.0,250.0,0.0,0.0,0.0,0.5,7.196608,0.2873199,130.02948,480.0,BEC,C[N+](C)(C)CCCCCC[N+](C)(C)C
50.0,1.7179967,10.001101,250.0,0.0,0.0,0.0,0.48386613,4.899462,0.24752475,140.0,0.0,BEC,C[N+](C)(C)CCCCCC[N+](C)(C)C
400.0,0.0,99.0,250.0,0.0,0.0,0.0,0.66271114,7.0,0.27272728,135.0,111.22435,BEC,C[N+](C)(C)CCCCCC[N+](C)(C)C
400.0,0.0,2.030303,250.0,0.0,0.0,0.0,0.0,4.8430395,0.25000358,175.0,336.0,BEC,C[N+](C)(C)CCCCCC[N+](C)(C)C
30.0,1.7179967,4.9880238,250.0,0.0,0.0,0.0,0.5,4.7962146,0.24509804,170.0,168.0,BEC,C[N+](C)(C)CCCCCC[N+](C)(C)C
25.3255,1.7179967,10.001101,250.0,0.0,0.0,0.0,0.5,4.448627,0.23809524,170.0,336.0,BEC,C[N+](C)(C)CCCCCC[N+](C)(C)C
400.0,0.0,4.9952817,250.0,0.0,0.0,0.0,0.5,4.9486814,0.2457337,175.0,336.0,BEC,C[N+](C)(C)CCCCCC[N+](C)(C)C
400.0,0.0,10.0,250.0,0.0,0.0,0.0,0.5,5.0,0.24897557,175.0,240.0,BEC,C[N+](C)(C)CCCCCC[N+](C)(C)C
400.0,0.0,10.001101,250.0,0.0,0.0,0.0,0.5,4.5749097,0.25,175.0,336.0,BEC,C[N+](C)(C)CCCCCC[N+](C)(C)C
400.0,0.0,6.635273,250.0,0.0,0.0,0.0,0.33333334,5.3328824,0.25,175.0,336.0,BEC,C[N+](C)(C)CCCCCC[N+](C)(C)C
400.0,0.0,99.0,250.0,0.0,0.0,0.0,0.0,4.9053984,0.25,175.0,336.0,BEC,C[N+](C)(C)CCCCCC[N+](C)(C)C
400.0,0.0,99.0,250.0,0.0,0.0,0.0,0.5558023,7.8583827,0.28997126,133.5455,120.0,BEC,C[N+](C)(C)CCCCCC[N+](C)(C)C
400.0,0.0,10.001101,250.0,0.0,0.0,0.0,0.5,3.0721848,0.25,175.0,336.0,BEC,C[N+](C)(C)CCCCCC[N+](C)(C)C
400.0,0.0,99.0,250.0,0.0,0.0,0.0,0.51925796,7.5,0.2785398,135.0,105.19233,BEC,C[N+](C)(C)CCCCCC[N+](C)(C)C
400.0,0.0,99.0,250.0,0.0,0.0,0.0,0.45916092,4.5454545,0.25,180.0,65.0,BEC,C[N+](C)(C)CCCCCC[N+](C)(C)C
400.0,0.0,15.0,250.0,0.0,0.0,0.0,0.5,4.595844,0.25,175.0,336.0,BEC,C[N+](C)(C)CCCCCC[N+](C)(C)C
50.0,1.7179967,10.001101,250.0,0.0,0.0,0.0,0.5,4.693539,0.22727273,180.0,48.0,BEC,C[N+](C)(C)CCCCCC[N+](C)(C)C
400.0,0.0,10.001101,250.0,0.0,0.0,0.0,0.5,8.333333,0.2793111,135.0,24.0,BEC,C[N+](C)(C)CCCCCC[N+](C)(C)C
400.0,0.0,30.024923,250.0,0.0,0.0,0.0,0.47002062,2.857143,0.25,175.0,336.0,BEC,C[N+](C)(C)CCCCCC[N+](C)(C)C
400.0,0.0,99.0,250.0,0.0,0.0,0.0,0.5,7.05902,0.28560394,130.0,144.0,BEC,C[N+](C)(C)CCCCCC[N+](C)(C)C
400.0,0.0,5.0,250.0,0.0,0.0,0.0,0.5,4.9051027,0.25,175.0,336.0,BEC,C[N+](C)(C)CCCCCC[N+](C)(C)C
400.0,0.0,10.001101,250.0,0.0,0.0,0.0,0.5,7.5,0.29,135.0,110.05387,BEC,C[N+](C)(C)CCCCCC[N+](C)(C)C
400.0,0.0,10.0,250.0,0.0,0.0,0.0,0.5,5.7817535,0.26690063,175.0,336.0,BEC,C[N+](C)(C)CCCCCC[N+](C)(C)C
400.0,0.0,99.0,250.0,0.0,0.0,0.0,0.5,3.0,0.25,175.0,240.0,BEC,C[N+](C)(C)CCCCCC[N+](C)(C)C
400.0,0.0,99.0,25.0,0.0,0.0,0.0,0.45454547,4.6189637,0.25,175.0,336.0,BEC,C[N+](C)(C)CCCCCC[N+](C)(C)C
400.0,0.0,4.9880238,250.0,0.0,0.0,0.0,0.5,7.0,0.2777778,135.0,704.16797,BEC,C[N+](C)(C)CCCCCC[N+](C)(C)C
400.0,0.0,4.9880238,250.0,0.0,0.0,0.0,0.49019608,4.703306,0.25,175.0,336.0,BEC,C[N+](C)(C)CCCCCC[N+](C)(C)C
50.0,1.7179967,10.001101,250.0,0.0,0.0,0.0,0.5,3.8093965,0.23264885,180.0,72.0,BEC,C[N+](C)(C)CCCCCC[N+](C)(C)C
40.0,1.7179967,99.0,250.0,0.0,0.0,0.0,0.5,4.2516913,0.23809524,180.0,72.0,BEC,C[N+](C)(C)CCCCCC[N+](C)(C)C
400.0,0.0,99.0,250.0,0.0,0.0,0.0,0.5,4.704936,0.25,175.0,10.0,BEC,C[N+](C)(C)CCCCCC[N+](C)(C)C
400.0,0.0,99.0,250.0,0.0,0.0,0.0,0.5412783,6.3054023,0.3,135.0,240.0,BEC,C[N+](C)(C)CCCCCC[N+](C)(C)C
400.0,0.0,10.001101,250.0,0.0,0.0,0.0,0.33333334,3.4943519,0.25,175.0,336.0,BEC,C[N+](C)(C)CCCCCC[N+](C)(C)C
400.0,0.0,10.001101,250.0,0.0,0.0,0.0,0.0,5.0,0.25,175.0,336.0,BEC,C[N+](C)(C)CCCCCC[N+](C)(C)C
400.0,0.0,4.742356,250.0,0.0,0.0,0.0,0.5,4.644097,0.25,175.0,96.0,BEC,C[N+](C)(C)CCCCCC[N+](C)(C)C
400.0,0.0,4.0,250.0,0.0,0.0,0.0,0.4753146,7.0,0.25,175.0,168.0,BEC,C[N+](C)(C)CCCCCC[N+](C)(C)C
400.0,0.0,99.0,250.0,0.0,0.0,0.0,0.5698591,5.6,0.269481,135.0,336.0,BEC,C[N+](C)(C)CCCCCC[N+](C)(C)C
400.0,0.0,99.0,250.0,0.0,0.0,0.0,0.5093037,5.0,0.27272728,130.29341,168.0,BEC,C[N+](C)(C)CCCCCC[N+](C)(C)C
30.30303,1.7179967,10.001101,250.0,0.0,0.0,0.0,0.5,4.347927,0.24038461,180.0,72.0,BEC,C[N+](C)(C)CCCCCC[N+](C)(C)C
400.0,0.0,4.0,43.61483,0.0,0.0,0.0,0.0,4.9028535,0.25,175.0,120.0,BEC,C[N+](C)(C)CCCCCC[N+](C)(C)C
50.0,1.7179967,10.001079,250.0,0.0,0.0,0.0,0.5,4.2146735,0.23809524,180.0,72.0,BEC,C[N+](C)(C)CCCCCC[N+](C)(C)C
400.0,0.0,4.9999633,250.0,0.0,0.0,0.0,0.48,4.2767773,0.24861062,175.0,240.0,BEC,C[N+](C)(C)CCCCCC[N+](C)(C)C
30.30303,1.7179967,99.0,250.0,0.0,0.0,0.0,0.5,4.7011356,0.2475573,130.0,336.0,BEC,C[N+](C)(C)CCCCCC[N+](C)(C)C
400.0,0.0,4.9880238,250.0,0.0,0.0,0.0,0.49019608,3.490077,0.25,175.0,336.0,BEC,C[N+](C)(C)CCCCCC[N+](C)(C)C
400.0,0.0,10.000851,250.0,0.0,0.0,0.0,0.50377274,7.0,0.28756842,135.0,120.0,BEC,C[N+](C)(C)CCCCCC[N+](C)(C)C
80.0,1.7179967,15.0,250.0,0.0,0.0,0.0,0.5,4.567024,0.15740722,180.0,72.0,BEC,C[N+](C)(C)CCCCCC[N+](C)(C)C
400.0,0.0,2.8022482,250.0,0.0,0.0,0.0,0.49019608,4.3228574,0.25,175.0,288.0,BEC,C[N+](C)(C)CCCCCC[N+](C)(C)C
400.0,0.0,10.0,250.0,0.0,0.0,0.0,0.5,3.0,0.25252524,175.0,336.0,BEC,C[N+](C)(C)CCCCCC[N+](C)(C)C
96.29091,1.7179967,14.433916,250.0,0.0,0.0,0.0,0.60779464,4.841365,0.24038461,180.0,48.0,BEC,C[N+](C)(C)CCCCCC[N+](C)(C)C
400.0,0.0,10.001101,250.0,0.0,0.0,0.0,0.0,4.948996,0.25,175.0,336.0,BEC,C[N+](C)(C)CCCCCC[N+](C)(C)C
50.0,1.7179967,14.997709,250.0,0.0,0.0,0.0,0.4886123,5.0,0.25,150.0,0.009333246,BEC,C[N+](C)(C)CCCCCC[N+](C)(C)C
400.0,0.0,5.8885465,250.0,0.0,0.0,0.0,0.5,4.2345257,0.24768418,175.0,365.41943,BEC,C[N+](C)(C)CCCCCC[N+](C)(C)C
30.0,1.7179967,99.0,250.0,0.0,0.0,0.0,0.4,4.5454545,0.22727273,180.0,72.0,BEC,C[N+](C)(C)CCCCCC[N+](C)(C)C
400.0,0.0,99.0,250.0,0.0,0.0,0.0,0.4839466,4.8062277,0.25996533,175.0,48.0,BEC,C[N+](C)(C)CCCCCC[N+](C)(C)C
400.0,0.0,99.0,250.0,0.0,0.0,0.0,0.5,2.857143,0.25,175.0,336.0,BEC,C[N+](C)(C)CCCCCC[N+](C)(C)C
400.0,0.0,10.001101,250.0,0.0,0.0,0.0,0.5,6.8445096,0.27272728,135.0,24.0,BEC,C[N+](C)(C)CCCCCC[N+](C)(C)C
40.14619,1.7179967,10.001101,250.0,0.0,0.0,0.0,0.25,4.0,0.24038461,180.0,96.0,BEC,C[N+](C)(C)CCCCCC[N+](C)(C)C
25.0,1.7179967,5.0,250.0,0.0,0.0,0.0,0.50008464,4.8050385,0.24268244,160.0,336.0,BEC,C[N+](C)(C)CCCCCC[N+](C)(C)C
400.0,0.0,99.0,250.0,0.0,0.0,0.0,0.5,7.5,0.2870873,135.0,18.0,BEC,C[N+](C)(C)CCCCCC[N+](C)(C)C
400.0,0.0,6.635495,250.0,0.0,0.0,0.0,0.5,4.7838044,0.25,175.0,168.0,BEC,C[N+](C)(C)CCCCCC[N+](C)(C)C
400.0,0.0,10.001101,250.0,0.0,0.0,0.0,0.4,5.333245,0.25,175.0,336.0,BEC,C[N+](C)(C)CCCCCC[N+](C)(C)C
400.0,0.0,99.0,250.0,0.0,0.0,0.0,0.500436,7.0646925,0.2857143,130.04915,288.0,BEC,C[N+](C)(C)CCCCCC[N+](C)(C)C
400.0,0.0,10.001101,250.0,0.0,0.0,0.0,0.5,4.6873536,0.24195343,175.0,336.0,BEC,C[N+](C)(C)CCCCCC[N+](C)(C)C
400.0,0.0,10.0,250.0,0.0,0.0,0.0,0.0,5.285539,0.25,175.0,336.0,BEC,C[N+](C)(C)CCCCCC[N+](C)(C)C
400.0,0.0,10.001101,250.0,0.0,0.0,0.0,0.5,6.3108153,0.25,175.0,360.0,BEC,C[N+](C)(C)CCCCCC[N+](C)(C)C
400.0,0.0,4.9985695,250.0,0.0,0.0,0.0,0.52818906,2.857143,0.24719906,175.0,336.0,BEC,C[N+](C)(C)CCCCCC[N+](C)(C)C
400.0,0.0,99.0,250.0,0.0,0.0,0.0,0.54,7.0,0.2900659,135.0,480.0,BEC,C[N+](C)(C)CCCCCC[N+](C)(C)C
400.0,0.0,2.030303,250.0,0.0,0.0,0.0,0.4,4.9035425,0.24988866,175.0,168.0,BEC,C[N+](C)(C)CCCCCC[N+](C)(C)C
400.0,0.0,10.001101,250.0,0.0,0.0,0.0,0.0,6.0658684,0.25,175.0,360.0,BEC,C[N+](C)(C)CCCCCC[N+](C)(C)C
30.0,1.7179967,99.0,250.0,0.0,0.0,0.0,0.2957788,4.019818,0.23809524,180.0,36.0,BEC,C[N+](C)(C)CCCCCC[N+](C)(C)C
400.0,0.0,5.0,250.0,0.0,0.0,0.0,0.402411,5.6,0.25154585,175.0,336.0,BEC,C[N+](C)(C)CCCCCC[N+](C)(C)C
80.0,1.7179967,30.017109,250.0,0.0,0.0,0.0,0.5,4.7297873,0.2316504,180.0,48.0,BEC,C[N+](C)(C)CCCCCC[N+](C)(C)C
400.0,0.0,10.001101,250.0,0.0,0.0,0.0,0.4,2.9263124,0.25,175.0,168.0,BEC,C[N+](C)(C)CCCCCC[N+](C)(C)C
400.0,0.0,99.0,250.0,0.0,0.0,0.0,0.0,5.0,0.25,175.0,336.0,BEC,C[N+](C)(C)CCCCCC[N+](C)(C)C
400.0,0.0,99.0,250.0,0.0,0.0,0.0,0.5,4.0,0.25,175.0,240.52429,BEC,C[N+](C)(C)CCCCCC[N+](C)(C)C
400.0,0.0,99.0,250.0,0.0,0.0,0.0,0.54,6.9740596,0.26986304,130.0,336.0,BEC,C[N+](C)(C)CCCCCC[N+](C)(C)C
400.0,0.0,99.0,250.0,0.0,0.0,0.0,0.5,3.0,0.25,175.0,336.0,BEC,C[N+](C)(C)CCCCCC[N+](C)(C)C
40.0,1.7179967,6.71941,250.0,0.0,0.0,0.0,0.0,4.6873536,0.23167668,175.0,144.0,BEC,C[N+](C)(C)CCCCCC[N+](C)(C)C
400.0,0.0,5.0,250.0,0.0,0.0,0.0,0.5,5.0,0.25,175.0,168.0,BEC,C[N+](C)(C)CCCCCC[N+](C)(C)C
50.0,1.7179967,10.001101,250.0,0.0,0.0,0.0,0.47856668,4.707894,0.24877268,150.0,0.0,BEC,C[N+](C)(C)CCCCCC[N+](C)(C)C
400.0,0.0,99.0,250.0,0.0,0.0,0.0,0.55704975,7.0,0.3318957,135.0,120.0,BEC,C[N+](C)(C)CCCCCC[N+](C)(C)C
400.0,0.0,99.0,250.0,0.0,0.0,0.0,0.537543,7.2803087,0.27086827,135.0,461.04636,BEC,C[N+](C)(C)CCCCCC[N+](C)(C)C
400.0,0.0,99.0,250.0,0.0,0.0,0.0,0.5,2.9086943,0.25,175.0,312.0,BEC,C[N+](C)(C)CCCCCC[N+](C)(C)C
400.0,0.0,99.0,250.0,0.0,0.0,0.0,0.5383971,8.333333,0.2777778,135.0,384.0,BEC,C[N+](C)(C)CCCCCC[N+](C)(C)C
400.0,0.0,10.001101,250.0,0.0,0.0,0.0,0.0,5.0,0.25,175.0,336.0,BEC,C[N+](C)(C)CCCCCC[N+](C)(C)C
400.0,0.0,10.001101,250.0,0.0,0.0,0.0,0.0,4.9551425,0.25,175.0,336.0,BEC,C[N+](C)(C)CCCCCC[N+](C)(C)C
400.0,0.0,18.452145,250.0,0.0,0.0,0.0,0.0,5.0,0.25,175.0,336.0,BEC,C[N+](C)(C)CCCCCC[N+](C)(C)C
400.0,0.0,14.992504,250.0,0.0,0.0,0.0,0.0,4.901961,0.24762064,175.0,336.0,BEC,C[N+](C)(C)CCCCCC[N+](C)(C)C
33.230316,1.7179967,10.001101,250.0,0.0,0.0,0.0,0.5,4.62788,0.24687566,180.0,72.0,BEC,C[N+](C)(C)CCCCCC[N+](C)(C)C
80.0,1.7179967,99.0,250.0,0.0,0.0,0.0,0.49062222,4.901961,0.24664226,150.0,0.0,BEC,C[N+](C)(C)CCCCCC[N+](C)(C)C
400.0,0.0,10.000011,250.0,0.0,0.0,0.0,0.54,6.3518744,0.25252524,135.0,519.5756,BEC,C[N+](C)(C)CCCCCC[N+](C)(C)C
400.0,0.0,10.001101,250.0,0.0,0.0,0.0,0.3005438,4.7779927,0.24937141,175.0,312.0,BEC,C[N+](C)(C)CCCCCC[N+](C)(C)C
48.285824,1.7179967,10.0,250.0,0.0,0.0,0.0,0.5,4.531043,0.23581797,180.0,75.193115,BEC,C[N+](C)(C)CCCCCC[N+](C)(C)C
400.0,0.0,9.002036,250.0,0.0,0.0,0.0,0.5,6.3636365,0.27166882,135.0,672.0,BEC,C[N+](C)(C)CCCCCC[N+](C)(C)C
400.0,0.0,10.001101,250.0,0.0,0.0,0.0,0.0,5.0,0.25,175.0,168.0,BEC,C[N+](C)(C)CCCCCC[N+](C)(C)C
400.0,0.0,99.0,250.0,0.0,0.0,0.0,0.51076674,7.5,0.27982518,135.0,24.0,BEC,C[N+](C)(C)CCCCCC[N+](C)(C)C
400.0,0.0,99.0,250.0,0.0,0.0,0.0,0.0,5.196318,0.25,175.0,96.0,BEC,C[N+](C)(C)CCCCCC[N+](C)(C)C
400.0,0.0,99.0,250.0,0.0,0.0,0.0,0.0,4.730245,0.24367577,175.0,168.0,BEC,C[N+](C)(C)CCCCCC[N+](C)(C)C
400.0,0.0,4.9964046,250.0,0.0,0.0,0.0,0.0,4.840292,0.24038461,175.0,240.0,BEC,C[N+](C)(C)CCCCCC[N+](C)(C)C
0.15,1.0,99.0,250.0,0.0,0.0,0.0,0.0,4.6873536,0.23809524,175.0,336.0,BEC,C[N+](C)(C)CCCCCC[N+](C)(C)C
400.0,0.0,99.0,250.0,0.0,0.0,0.0,0.5,3.2751398,0.25,175.0,336.0,BEC,C[N+](C)(C)CCCCCC[N+](C)(C)C
400.0,0.0,4.9994097,250.0,0.0,0.0,0.0,0.0,5.594333,0.25,175.0,336.0,BEC,C[N+](C)(C)CCCCCC[N+](C)(C)C
50.0,1.7179967,10.001101,250.0,0.0,0.0,0.0,0.48,4.7756968,0.24887483,150.0,0.19013743,BEC,C[N+](C)(C)CCCCCC[N+](C)(C)C
400.0,0.0,15.167015,250.0,0.0,0.0,0.0,0.0,5.4868484,0.25,175.0,336.0,BEC,C[N+](C)(C)CCCCCC[N+](C)(C)C
400.0,0.0,5.0,250.0,0.0,0.0,0.0,0.5,6.4220185,0.25,175.0,400.70816,BEC,C[N+](C)(C)CCCCCC[N+](C)(C)C
400.0,0.0,10.001101,250.0,0.0,0.0,0.0,0.5,4.982103,0.25,175.0,288.0,BEC,C[N+](C)(C)CCCCCC[N+](C)(C)C
400.0,0.0,5.0,250.0,0.0,0.0,0.0,0.0,5.0,0.25,175.0,360.0,BEC,C[N+](C)(C)CCCCCC[N+](C)(C)C
400.0,0.0,99.0,250.0,0.0,0.0,0.0,0.0,4.7847447,0.25,175.0,336.0,BEC,C[N+](C)(C)CCCCCC[N+](C)(C)C
400.0,0.0,9.006323,250.0,0.0,0.0,0.0,0.5,4.5454545,0.24509804,175.0,288.0,BEC,C[N+](C)(C)CCCCCC[N+](C)(C)C
40.0,1.7179967,10.001101,250.0,0.0,0.0,0.0,0.5,4.1785135,0.23809524,180.0,65.0,BEC,C[N+](C)(C)CCCCCC[N+](C)(C)C
400.0,0.0,15.0,250.0,0.0,0.0,0.0,0.0,4.9257956,0.25,175.0,168.0,BEC,C[N+](C)(C)CCCCCC[N+](C)(C)C
50.0,1.7179967,99.0,250.0,0.0,0.0,0.0,0.49018234,5.0,0.24509804,150.0,0.0,BEC,C[N+](C)(C)CCCCCC[N+](C)(C)C
400.0,0.0,2.5452464,250.0,0.0,0.0,0.0,0.5,3.0,0.25,175.0,336.0,BEC,C[N+](C)(C)CCCCCC[N+](C)(C)C
400.0,0.0,50.7771,250.0,0.0,0.0,0.0,0.5,6.730769,0.27777472,135.0,24.0,BEC,C[N+](C)(C)CCCCCC[N+](C)(C)C
400.0,0.0,10.001101,250.0,0.0,0.0,0.0,0.5,4.4847007,0.25,175.0,331.41888,BEC,C[N+](C)(C)CCCCCC[N+](C)(C)C
400.0,0.0,5.0,250.0,0.0,0.0,0.0,0.5075813,6.0851707,0.29571566,135.0,132.19554,BEC,C[N+](C)(C)CCCCCC[N+](C)(C)C
400.0,0.0,99.0,250.0,0.0,0.0,0.0,0.0,5.0,0.25,175.0,336.0,BEC,C[N+](C)(C)CCCCCC[N+](C)(C)C
400.0,0.0,14.926706,250.0,0.0,0.0,0.0,0.0,5.932764,0.25,175.0,336.0,BEC,C[N+](C)(C)CCCCCC[N+](C)(C)C
400.0,0.0,99.0,250.0,0.0,0.0,0.0,0.0,0.0,0.0,175.0,336.0,BEC,C[N+](C)(C)CCCCCC[N+](C)(C)C
400.0,0.0,99.0,250.0,0.0,0.0,0.0,0.978626,6.0298986,0.3,175.0,312.0,BEC,C[N+](C)(C)CCCCCC[N+](C)(C)C
400.0,0.0,99.0,250.0,0.0,0.0,0.0,0.0,4.9581394,0.25,175.0,336.0,BEC,C[N+](C)(C)CCCCCC[N+](C)(C)C
30.0,1.7179967,30.029808,250.0,0.0,0.0,0.0,0.47619048,4.966428,0.2411327,150.0,1.0,BEC,C[N+](C)(C)CCCCCC[N+](C)(C)C
400.0,0.0,10.000596,250.0,0.0,0.0,0.0,0.5,6.68254,0.27272728,135.0,24.0,BEC,C[N+](C)(C)CCCCCC[N+](C)(C)C
400.0,0.0,99.0,250.0,0.0,0.0,0.0,0.0,5.0958314,0.25,175.0,336.0,BEC,C[N+](C)(C)CCCCCC[N+](C)(C)C
400.0,0.0,5.0,250.0,0.0,0.0,0.0,0.0,4.0,0.25,175.0,96.0,BEC,C[N+](C)(C)CCCCCC[N+](C)(C)C
400.0,0.0,5.0,23.025354,0.0,0.0,0.0,0.49019608,4.995745,0.24398313,175.0,372.48184,BEC,C[N+](C)(C)CCCCCC[N+](C)(C)C
400.0,0.0,10.0,250.0,0.0,0.0,0.0,0.0,4.9765625,0.25,175.0,371.74417,BEC,C[N+](C)(C)CCCCCC[N+](C)(C)C
30.649057,1.7179967,12.916963,250.0,0.0,0.0,0.0,0.5,4.7049603,0.22727273,180.0,72.0,BEC,C[N+](C)(C)CCCCCC[N+](C)(C)C
400.0,0.0,9.530622,250.0,0.0,0.0,0.0,0.49019608,4.9761343,0.25,175.0,312.0,BEC,C[N+](C)(C)CCCCCC[N+](C)(C)C
400.0,0.0,10.001101,250.0,0.0,0.0,0.0,0.0,5.0,0.25,175.0,336.0,BEC,C[N+](C)(C)CCCCCC[N+](C)(C)C
400.0,0.0,14.992504,250.0,0.0,0.0,0.0,0.68979055,5.9173255,0.2470582,175.0,168.0,BEC,C[N+](C)(C)CCCCCC[N+](C)(C)C
400.0,0.0,99.0,250.0,0.0,0.0,0.0,0.5,2.8107305,0.25,175.0,240.0,BEC,C[N+](C)(C)CCCCCC[N+](C)(C)C
400.0,0.0,14.992504,250.0,0.0,0.0,0.0,0.5,5.6559157,0.27272728,139.46982,24.0,BEC,C[N+](C)(C)CCCCCC[N+](C)(C)C
24.114508,1.7179967,5.0,250.0,0.0,0.0,0.0,0.5,4.0,0.24038461,160.0,336.0,BEC,C[N+](C)(C)CCCCCC[N+](C)(C)C
50.0,1.7179967,99.0,250.0,0.0,0.0,0.0,0.45454547,4.7611737,0.24509804,150.0,0.0,BEC,C[N+](C)(C)CCCCCC[N+](C)(C)C
400.0,0.0,4.0,250.0,0.0,0.0,0.0,0.0,4.5573373,0.25,175.0,380.0022,BEC,C[N+](C)(C)CCCCCC[N+](C)(C)C
400.0,0.0,2.030303,250.0,0.0,0.0,0.0,0.22845691,4.5454545,0.25,175.0,336.0,BEC,C[N+](C)(C)CCCCCC[N+](C)(C)C
400.0,0.0,99.0,250.0,0.0,0.0,0.0,0.5,8.0,0.29937255,139.42592,199.16962,BEC,C[N+](C)(C)CCCCCC[N+](C)(C)C
400.0,0.0,10.001101,250.0,0.0,0.0,0.0,0.0,4.901961,0.25,175.0,336.0,BEC,C[N+](C)(C)CCCCCC[N+](C)(C)C
400.0,0.0,99.0,250.0,0.0,0.0,0.0,0.0,4.6933694,0.22196108,175.0,264.0,BEC,C[N+](C)(C)CCCCCC[N+](C)(C)C
400.0,0.0,99.0,250.0,0.0,0.0,0.0,0.5141496,8.001716,0.27831486,135.0,168.0,BEC,C[N+](C)(C)CCCCCC[N+](C)(C)C
59.993168,1.7179967,10.001101,250.0,0.0,0.0,0.0,0.5,4.5288367,0.23320235,180.0,65.0,BEC,C[N+](C)(C)CCCCCC[N+](C)(C)C
400.0,0.0,99.0,250.0,0.0,0.0,0.0,0.0,5.0,0.25252524,175.0,96.0,BEC,C[N+](C)(C)CCCCCC[N+](C)(C)C
400.0,0.0,2.4766955,250.0,0.0,0.0,0.0,0.5,6.7854443,0.25,175.0,168.0,BEC,C[N+](C)(C)CCCCCC[N+](C)(C)C
400.0,0.0,99.0,250.0,0.0,0.0,0.0,0.5662667,8.012924,0.46824425,135.0,120.0,BEC,C[N+](C)(C)CCCCCC[N+](C)(C)C
400.0,0.0,99.0,250.0,0.0,0.0,0.0,0.5317633,7.231112,0.28095633,140.0,2.0,BEC,C[N+](C)(C)CCCCCC[N+](C)(C)C
400.0,0.0,10.0000305,250.0,0.0,0.0,0.0,0.5,6.6666665,0.27614254,135.0,24.0,BEC,C[N+](C)(C)CCCCCC[N+](C)(C)C
400.0,0.0,10.001101,250.0,0.0,0.0,0.0,0.0,5.0,0.25,175.0,360.0,BEC,C[N+](C)(C)CCCCCC[N+](C)(C)C
400.0,0.0,4.245638,250.0,0.0,0.0,0.0,0.5,4.762227,0.25,175.0,336.0,BEC,C[N+](C)(C)CCCCCC[N+](C)(C)C
400.0,0.0,5.0,250.0,0.0,0.0,0.0,0.0,4.8076925,0.25252524,175.0,168.0,BEC,C[N+](C)(C)CCCCCC[N+](C)(C)C
400.0,0.0,99.0,250.0,0.0,0.0,0.0,0.54,7.0,0.3,135.0,96.0,BEC,C[N+](C)(C)CCCCCC[N+](C)(C)C
400.0,0.0,99.0,250.0,0.0,0.0,0.0,0.56409097,7.352349,0.2791398,127.32447,1859.2418,BEC,C[N+](C)(C)CCCCCC[N+](C)(C)C
48.369347,1.7179967,99.0,250.0,0.0,0.0,0.0,0.5,3.7163246,0.23382528,180.0,48.0,BEC,C[N+](C)(C)CCCCCC[N+](C)(C)C
50.0,1.7179967,61.602936,250.0,0.0,0.0,0.0,0.49019608,4.7659597,0.24943163,150.0,0.0,BEC,C[N+](C)(C)CCCCCC[N+](C)(C)C
400.0,0.0,1.9976058,250.0,0.0,0.0,0.0,0.48,2.0,0.25,175.0,336.0,BEC,C[N+](C)(C)CCCCCC[N+](C)(C)C
80.0,1.7179967,10.001101,250.0,0.0,0.0,0.0,0.0,2.857143,0.2293578,180.0,65.0,BEC,C[N+](C)(C)CCCCCC[N+](C)(C)C
400.0,0.0,5.0,250.0,0.0,0.0,0.0,0.38588542,3.0,0.23809524,175.0,336.0,BEC,C[N+](C)(C)CCCCCC[N+](C)(C)C
400.0,0.0,99.0,250.0,0.0,0.0,0.0,0.5,3.0,0.25,175.0,336.0,BEC,C[N+](C)(C)CCCCCC[N+](C)(C)C
400.0,0.0,10.001101,250.0,0.0,0.0,0.0,0.46329018,4.845154,0.25,175.0,24.0,BEC,C[N+](C)(C)CCCCCC[N+](C)(C)C
400.0,0.0,2.9655871,250.0,0.0,0.0,0.0,0.4,3.0,0.25,175.0,288.0,BEC,C[N+](C)(C)CCCCCC[N+](C)(C)C
400.0,0.0,10.0,250.0,0.0,0.0,0.0,0.5,6.298098,0.2910734,140.0,24.0,BEC,C[N+](C)(C)CCCCCC[N+](C)(C)C
400.0,0.0,2.0,250.0,0.0,0.0,0.0,0.5402167,6.742445,0.25,175.0,120.0,BEC,C[N+](C)(C)CCCCCC[N+](C)(C)C
400.0,0.0,5.0,250.0,0.0,0.0,0.0,0.5,6.3636365,0.25,175.0,336.0,BEC,C[N+](C)(C)CCCCCC[N+](C)(C)C
400.0,0.0,10.001101,250.0,0.0,0.0,0.0,0.0,4.5829124,0.25350776,175.0,360.0,BEC,C[N+](C)(C)CCCCCC[N+](C)(C)C
400.0,0.0,4.998854,250.0,0.0,0.0,0.0,0.0,5.0,0.25,175.0,336.0,BEC,C[N+](C)(C)CCCCCC[N+](C)(C)C
400.0,0.0,99.0,250.0,0.0,0.0,0.0,0.5434438,7.5,0.28748316,135.0,24.0,BEC,C[N+](C)(C)CCCCCC[N+](C)(C)C
400.0,0.0,5.0,250.0,0.0,0.0,0.0,0.23809524,4.8613157,0.25,175.0,240.0,BEC,C[N+](C)(C)CCCCCC[N+](C)(C)C
400.0,0.0,7.8989973,250.0,0.0,0.0,0.0,0.5,4.955447,0.25641027,175.0,336.0,BEC,C[N+](C)(C)CCCCCC[N+](C)(C)C
40.0,1.7179967,10.001101,250.0,0.0,0.0,0.0,0.5,4.4785376,0.23809524,180.0,65.0,BEC,C[N+](C)(C)CCCCCC[N+](C)(C)C
400.0,0.0,10.001101,250.0,0.0,0.0,0.0,0.25011766,4.901961,0.25,175.0,336.0,BEC,C[N+](C)(C)CCCCCC[N+](C)(C)C
400.0,0.0,10.001101,250.0,0.0,0.0,0.0,0.46359947,4.976808,0.25,175.0,336.0,BEC,C[N+](C)(C)CCCCCC[N+](C)(C)C
400.0,0.0,99.0,250.0,0.0,0.0,0.0,0.74579096,7.5,0.3,135.0,600.0,BEC,C[N+](C)(C)CCCCCC[N+](C)(C)C
400.0,0.0,10.001101,250.0,0.0,0.0,0.0,0.5,7.0,0.25,175.0,72.0,BEC,C[N+](C)(C)CCCCCC[N+](C)(C)C
40.0,1.7179967,10.001101,250.0,0.0,0.0,0.0,0.5,4.5454545,0.25,135.0,336.0,BEC,C[N+](C)(C)CCCCCC[N+](C)(C)C
400.0,0.0,4.999306,250.0,0.0,0.0,0.0,0.18946485,4.3315797,0.25,175.0,204.0,BEC,C[N+](C)(C)CCCCCC[N+](C)(C)C
400.0,0.0,4.999304,250.0,0.0,0.0,0.0,0.0,5.044109,0.25,175.0,336.0,BEC,C[N+](C)(C)CCCCCC[N+](C)(C)C
25.0,1.7179967,10.001101,250.0,0.0,0.0,0.0,0.5,4.7367387,0.24882928,160.0,312.0,BEC,C[N+](C)(C)CCCCCC[N+](C)(C)C
400.0,0.0,10.0,250.0,0.0,0.0,0.0,0.21951172,4.7793145,0.25,175.0,120.0,BEC,C[N+](C)(C)CCCCCC[N+](C)(C)C
400.0,0.0,14.972946,250.0,0.0,0.0,0.0,0.5,4.8204455,0.25,175.0,159.92433,BEC,C[N+](C)(C)CCCCCC[N+](C)(C)C
400.0,0.0,4.9991426,250.0,0.0,0.0,0.0,0.5,4.6929474,0.25,175.0,168.0,BEC,C[N+](C)(C)CCCCCC[N+](C)(C)C
35.0,1.7179967,18.355682,250.0,0.0,0.0,0.0,0.0,4.643669,0.2490446,200.0,44.646034,BEC,C[N+](C)(C)CCCCCC[N+](C)(C)C
400.0,0.0,99.0,250.0,0.0,0.0,0.0,0.54,6.730769,0.26289347,135.0,5.1670713,BEC,C[N+](C)(C)CCCCCC[N+](C)(C)C
400.0,0.0,10.001101,250.0,0.0,0.0,0.0,0.5,7.0,0.27014497,140.0,24.0,BEC,C[N+](C)(C)CCCCCC[N+](C)(C)C
400.0,0.0,2.0,17.987495,0.0,0.0,0.0,0.0,4.6873536,0.2293578,175.0,336.0,BEC,C[N+](C)(C)CCCCCC[N+](C)(C)C
400.0,0.0,15.0,250.0,0.0,0.0,0.0,0.0,5.0,0.25,175.0,408.0,BEC,C[N+](C)(C)CCCCCC[N+](C)(C)C
400.0,0.0,10.001101,250.0,0.0,0.0,0.0,0.5,7.0,0.26303613,135.0,20.0,BEC,C[N+](C)(C)CCCCCC[N+](C)(C)C
50.0,1.7179967,10.001101,250.0,0.0,0.0,0.0,0.5448502,4.523716,0.23809524,180.0,48.0,BEC,C[N+](C)(C)CCCCCC[N+](C)(C)C
400.0,0.0,99.0,250.0,0.0,0.0,0.0,0.0,5.0,0.2799242,175.0,336.0,BEC,C[N+](C)(C)CCCCCC[N+](C)(C)C
400.0,0.0,4.5715666,250.0,0.0,0.0,0.0,0.0,4.6012607,0.25,175.0,336.0,BEC,C[N+](C)(C)CCCCCC[N+](C)(C)C
400.0,0.0,10.001101,250.0,0.0,0.0,0.0,0.5,7.5,0.25,175.0,168.0,BEC,C[N+](C)(C)CCCCCC[N+](C)(C)C
400.0,0.0,5.269811,250.0,0.0,0.0,0.0,0.25,4.2708035,0.25,175.0,114.91843,BEC,C[N+](C)(C)CCCCCC[N+](C)(C)C
400.0,0.0,4.9880238,15.854798,0.0,0.0,0.0,0.0,4.5,0.25,175.0,213.63652,BEC,C[N+](C)(C)CCCCCC[N+](C)(C)C
400.0,0.0,5.0,250.0,0.0,0.0,0.0,0.42902988,3.0,0.24317488,175.0,120.0,BEC,C[N+](C)(C)CCCCCC[N+](C)(C)C
0.0,1.0,99.0,250.0,0.0,0.0,0.0,0.0,3.5,0.23809524,175.0,48.0,BEC,C[N+](C)(C)CCCCCC[N+](C)(C)C
400.0,0.0,10.001101,250.0,0.0,0.0,0.0,0.0,4.844077,0.25,175.0,336.0,BEC,C[N+](C)(C)CCCCCC[N+](C)(C)C
400.0,0.0,10.0,250.0,0.0,0.0,0.0,0.0,7.0,0.5,175.0,384.0,BEC,C[N+](C)(C)CCCCCC[N+](C)(C)C
400.0,0.0,4.0,250.0,0.0,0.0,0.0,0.25012887,2.818301,0.25,175.0,288.0,BEC,C[N+](C)(C)CCCCCC[N+](C)(C)C
400.0,0.0,99.0,250.0,0.0,0.0,0.0,0.0,4.7041407,0.25,175.0,60.0,BEC,C[N+](C)(C)CCCCCC[N+](C)(C)C
400.0,0.0,99.0,250.0,0.0,0.0,0.0,0.7402711,7.987696,0.27759105,135.0,168.0,BEC,C[N+](C)(C)CCCCCC[N+](C)(C)C
400.0,0.0,10.0,250.0,0.0,0.0,0.0,0.0,5.0,0.2606926,175.0,336.0,BEC,C[N+](C)(C)CCCCCC[N+](C)(C)C
71.543175,1.7179967,14.941618,250.0,0.0,0.0,0.0,0.49002868,5.0,0.24509804,150.0,0.41216895,BEC,C[N+](C)(C)CCCCCC[N+](C)(C)C
47.754383,1.7179967,10.001101,250.0,0.0,0.0,0.0,0.45454547,4.808385,0.24943161,150.0,0.0,BEC,C[N+](C)(C)CCCCCC[N+](C)(C)C
400.0,0.0,2.030303,250.0,0.0,0.0,0.0,0.5,5.0,0.1490354,175.0,336.0,BEC,C[N+](C)(C)CCCCCC[N+](C)(C)C
400.0,0.0,10.001101,250.0,0.0,0.0,0.0,0.5,4.0,0.25,175.0,336.0,BEC,C[N+](C)(C)CCCCCC[N+](C)(C)C
400.0,0.0,10.001101,250.0,0.0,0.0,0.0,0.49335566,4.7753153,0.25,175.0,168.0,BEC,C[N+](C)(C)CCCCCC[N+](C)(C)C
400.0,0.0,29.06255,250.0,0.0,0.0,0.0,0.54,6.730769,0.28137684,135.0,96.0,BEC,C[N+](C)(C)CCCCCC[N+](C)(C)C
50.0,1.7179967,99.0,250.0,0.0,0.0,0.0,0.5,4.0,0.23809524,180.0,59.762768,BEC,C[N+](C)(C)CCCCCC[N+](C)(C)C
30.53754,1.7179967,10.001101,250.0,0.0,0.0,0.0,0.5,4.0,0.2293578,180.0,48.0,BEC,C[N+](C)(C)CCCCCC[N+](C)(C)C
400.0,0.0,99.0,250.0,0.0,0.0,0.0,0.51994467,6.7578106,0.2857143,135.0,120.0,BEC,C[N+](C)(C)CCCCCC[N+](C)(C)C
400.0,0.0,10.001101,250.0,0.0,0.0,0.0,0.54235613,8.0,0.27272728,135.0,72.0,BEC,C[N+](C)(C)CCCCCC[N+](C)(C)C
400.0,0.0,10.001101,250.0,0.0,0.0,0.0,0.5,3.0,0.25,175.0,336.0,BEC,C[N+](C)(C)CCCCCC[N+](C)(C)C
400.0,0.0,99.0,250.0,0.0,0.0,0.0,0.5,3.0,0.25,175.0,240.0,BEC,C[N+](C)(C)CCCCCC[N+](C)(C)C
400.0,0.0,4.0,250.0,0.0,0.0,0.0,0.5,4.9302034,0.25,175.0,72.0,BEC,C[N+](C)(C)CCCCCC[N+](C)(C)C
400.0,0.0,10.0,250.0,0.0,0.0,0.0,0.0,4.7620907,0.25,175.0,336.0,BEC,C[N+](C)(C)CCCCCC[N+](C)(C)C
400.0,0.0,99.0,250.0,0.0,0.0,0.0,0.0,4.845428,0.25,175.0,336.0,BEC,C[N+](C)(C)CCCCCC[N+](C)(C)C
400.0,0.0,6.389319,250.0,0.0,0.0,0.0,0.52757335,6.6666665,0.2863715,135.0,144.0,BEC,C[N+](C)(C)CCCCCC[N+](C)(C)C
400.0,0.0,4.0,250.0,0.0,0.0,0.0,0.0,5.0,0.27060843,175.0,359.35065,BEC,C[N+](C)(C)CCCCCC[N+](C)(C)C
33.333332,1.7179967,10.001101,250.0,0.0,0.0,0.0,0.5,4.462131,0.23397683,180.0,48.0,BEC,C[N+](C)(C)CCCCCC[N+](C)(C)C
50.0,1.7179967,5.0,250.0,0.0,0.0,0.0,0.5,5.0,0.23955408,170.0,336.0,BEC,C[N+](C)(C)CCCCCC[N+](C)(C)C
400.0,0.0,4.9880238,250.0,0.0,0.0,0.0,0.0,4.6493635,0.25,175.0,336.0,BEC,C[N+](C)(C)CCCCCC[N+](C)(C)C
400.0,0.0,5.0,250.0,0.0,0.0,0.0,0.5,4.7840967,0.25,175.0,359.95868,BEC,C[N+](C)(C)CCCCCC[N+](C)(C)C
400.0,0.0,10.001101,250.0,0.0,0.0,0.0,0.37915558,5.0,0.25,175.0,149.54376,BEC,C[N+](C)(C)CCCCCC[N+](C)(C)C
400.0,0.0,99.0,250.0,0.0,0.0,0.0,0.0,4.8940163,0.25,175.0,96.0,BEC,C[N+](C)(C)CCCCCC[N+](C)(C)C
400.0,0.0,4.9880238,250.0,0.0,0.0,0.0,0.0,4.6741304,0.25,175.0,168.0,BEC,C[N+](C)(C)CCCCCC[N+](C)(C)C
400.0,0.0,10.001101,250.0,0.0,0.0,0.0,0.0,4.969575,0.25,175.0,312.0,BEC,C[N+](C)(C)CCCCCC[N+](C)(C)C
400.0,0.0,99.0,250.0,0.0,0.0,0.0,0.54073894,7.5,0.25252524,130.0,1151.16,BEC,C[N+](C)(C)CCCCCC[N+](C)(C)C
400.0,0.0,7.050014,250.0,0.0,0.0,0.0,0.5,4.8231754,0.25,175.0,336.0,BEC,C[N+](C)(C)CCCCCC[N+](C)(C)C
400.0,0.0,10.001101,250.0,0.0,0.0,0.0,0.0,4.831495,0.25,175.0,249.06445,BEC,C[N+](C)(C)CCCCCC[N+](C)(C)C
400.0,0.0,30.03003,250.0,0.0,0.0,0.0,0.5,4.9422026,0.24900965,180.0,24.0,BEC,C[N+](C)(C)CCCCCC[N+](C)(C)C
400.0,0.0,4.0,250.0,0.0,0.0,0.0,0.5,5.0,0.29008383,135.0,1388.8735,BEC,C[N+](C)(C)CCCCCC[N+](C)(C)C
400.0,0.0,99.0,250.0,0.0,0.0,0.0,0.5,1.5495511,0.25,175.0,336.0,BEC,C[N+](C)(C)CCCCCC[N+](C)(C)C
400.0,0.0,10.0,250.0,0.0,0.0,0.0,0.5,7.4995747,0.24881221,175.0,96.0,BEC,C[N+](C)(C)CCCCCC[N+](C)(C)C
400.0,0.0,10.001101,250.0,0.0,0.0,0.0,0.0,4.9996576,0.25,175.0,168.0,BEC,C[N+](C)(C)CCCCCC[N+](C)(C)C
400.0,0.0,5.0,250.0,0.0,0.0,0.0,0.46064222,4.9790487,0.25,175.0,336.0,BEC,C[N+](C)(C)CCCCCC[N+](C)(C)C
400.0,0.0,10.00038,250.0,0.0,0.0,0.0,0.47394055,7.0,0.24922101,175.0,336.0,BEC,C[N+](C)(C)CCCCCC[N+](C)(C)C
400.0,0.0,4.999132,250.0,0.0,0.0,0.0,0.0,5.0,0.24509804,175.0,336.0,BEC,C[N+](C)(C)CCCCCC[N+](C)(C)C
400.0,0.0,7.6557856,250.0,0.0,0.0,0.0,0.5,5.0,0.24539952,175.0,336.0,BEC,C[N+](C)(C)CCCCCC[N+](C)(C)C
400.0,0.0,10.0,250.0,0.0,0.0,0.0,0.5,6.7808514,0.26849148,135.0,504.0,BEC,C[N+](C)(C)CCCCCC[N+](C)(C)C
400.0,0.0,99.0,250.0,0.0,0.0,0.0,0.5,2.8790362,0.25,175.0,336.0,BEC,C[N+](C)(C)CCCCCC[N+](C)(C)C
50.0,1.7179967,10.001101,250.0,0.0,0.0,0.0,0.5,3.5,0.23809524,180.0,65.0,BEC,C[N+](C)(C)CCCCCC[N+](C)(C)C
400.0,0.0,10.001101,250.0,0.0,0.0,0.0,0.5,4.574479,0.25,175.0,48.0,BEC,C[N+](C)(C)CCCCCC[N+](C)(C)C
30.03003,1.7179967,19.706402,250.0,0.0,0.0,0.0,0.47636226,4.9546256,0.24944144,150.0,0.0,BEC,C[N+](C)(C)CCCCCC[N+](C)(C)C
400.0,0.0,99.0,250.0,0.0,0.0,0.0,0.0,5.0,0.25,175.0,480.0,BEC,C[N+](C)(C)CCCCCC[N+](C)(C)C
400.0,0.0,99.0,250.0,0.0,0.0,0.0,0.0,4.675494,0.26311994,175.0,298.48077,BEC,C[N+](C)(C)CCCCCC[N+](C)(C)C
400.0,0.0,99.0,250.0,0.0,0.0,0.0,0.5,4.0,0.23809524,175.0,336.0,BEC,C[N+](C)(C)CCCCCC[N+](C)(C)C
400.0,0.0,99.0,250.0,0.0,0.0,0.0,0.5,8.072614,0.29378015,135.0,120.0,BEC,C[N+](C)(C)CCCCCC[N+](C)(C)C
400.0,0.0,99.0,250.0,0.0,0.0,0.0,0.54,8.0,0.28095624,135.0,120.0,BEC,C[N+](C)(C)CCCCCC[N+](C)(C)C
400.0,0.0,30.03003,250.0,0.0,0.0,0.0,0.49019608,50.0,0.25,135.0,65.0,BEC,C[N+](C)(C)CCCCCC[N+](C)(C)C
50.0,1.7179967,15.412817,250.0,0.0,0.0,0.0,0.5,4.8076925,0.2293578,180.0,50.0,BEC,C[N+](C)(C)CCCCCC[N+](C)(C)C
400.0,0.0,99.0,250.0,0.0,0.0,0.0,0.0,5.0,0.25,175.0,336.0,BEC,C[N+](C)(C)CCCCCC[N+](C)(C)C
400.0,0.0,99.0,250.0,0.0,0.0,0.0,0.5,6.6666665,0.25996533,130.27287,379.52676,BEC,C[N+](C)(C)CCCCCC[N+](C)(C)C
400.0,0.0,10.001101,250.0,0.0,0.0,0.0,0.5,5.6603594,0.25,175.0,336.0,BEC,C[N+](C)(C)CCCCCC[N+](C)(C)C
400.0,0.0,99.0,250.0,0.0,0.0,0.0,0.54778165,7.1288404,0.3,135.0,120.0,BEC,C[N+](C)(C)CCCCCC[N+](C)(C)C
400.0,0.0,5.8560715,250.0,0.0,0.0,0.0,0.0,4.8434267,0.25,175.0,168.0,BEC,C[N+](C)(C)CCCCCC[N+](C)(C)C
400.0,0.0,99.0,250.0,0.0,0.0,0.0,0.5421309,7.5,0.29682997,135.0,144.0,BEC,C[N+](C)(C)CCCCCC[N+](C)(C)C
400.0,0.0,5.2540736,250.0,0.0,0.0,0.0,0.5,4.901961,0.25,175.0,240.0,BEC,C[N+](C)(C)CCCCCC[N+](C)(C)C
400.0,0.0,10.001101,250.0,0.0,0.0,0.0,0.5,4.902823,0.24752475,175.0,120.0,BEC,C[N+](C)(C)CCCCCC[N+](C)(C)C
400.0,0.0,99.0,250.0,0.0,0.0,0.0,0.52086824,6.1832023,0.29,135.0,130.25435,BEC,C[N+](C)(C)CCCCCC[N+](C)(C)C
400.0,0.0,5.0,250.0,0.0,0.0,0.0,0.5,6.988999,0.27272728,135.0,17.192451,BEC,C[N+](C)(C)CCCCCC[N+](C)(C)C
400.0,0.0,10.0,250.0,0.0,0.0,0.0,0.0,5.0,0.25,175.0,360.0,BEC,C[N+](C)(C)CCCCCC[N+](C)(C)C
38.04922,1.7179967,10.001101,250.0,0.0,0.0,0.0,0.4839606,4.90681,0.25,150.0,0.12239333,BEC,C[N+](C)(C)CCCCCC[N+](C)(C)C
400.0,0.0,14.994562,250.0,0.0,0.0,0.0,0.5,3.8357759,0.25,175.0,168.32532,BEC,C[N+](C)(C)CCCCCC[N+](C)(C)C
400.0,0.0,10.001101,250.0,0.0,0.0,0.0,0.0,4.960181,0.25,175.0,336.0,BEC,C[N+](C)(C)CCCCCC[N+](C)(C)C
400.0,0.0,4.0,250.0,0.0,0.0,0.0,0.5,6.6666665,0.2493921,175.0,336.0,BEC,C[N+](C)(C)CCCCCC[N+](C)(C)C
400.0,0.0,10.000086,250.0,0.0,0.0,0.0,0.0,5.0,0.25252524,175.0,360.0,BEC,C[N+](C)(C)CCCCCC[N+](C)(C)C
400.0,0.0,99.0,250.0,0.0,0.0,0.0,0.0,4.9021373,0.25,175.0,336.0,BEC,C[N+](C)(C)CCCCCC[N+](C)(C)C
31.238176,1.7179967,24.87283,250.0,0.0,0.0,0.0,0.33333334,54.485435,0.2293578,150.0,5.0,BEC,C[N+](C)(C)CCCCCC[N+](C)(C)C
0.0,0.0,0.77075356,250.0,0.0,0.0,0.0,0.5,4.902876,0.25,135.0,9.1957,BEC,C[N+](C)(C)CCCCCC[N+](C)(C)C
45.0,1.7179967,99.0,250.0,0.0,0.0,0.0,0.83972126,4.9885893,0.25,175.0,336.0,BEC,C[N+](C)(C)CCCCCC[N+](C)(C)C
400.0,0.0,6.297124,250.0,0.0,0.0,0.0,0.0,5.0,0.25,175.0,168.0,BEC,C[N+](C)(C)CCCCCC[N+](C)(C)C
400.0,0.0,4.9989357,250.0,0.0,0.0,0.0,0.27640688,2.857143,0.25,175.0,96.0,BEC,C[N+](C)(C)CCCCCC[N+](C)(C)C
400.0,0.0,2.030303,250.0,0.0,0.0,0.0,0.5,7.0,0.26597646,135.0,24.0,BEC,C[N+](C)(C)CCCCCC[N+](C)(C)C
400.0,0.0,10.001101,250.0,0.0,0.0,0.0,0.0,5.3486667,0.25,175.0,361.11426,BEC,C[N+](C)(C)CCCCCC[N+](C)(C)C
400.0,0.0,99.0,250.0,0.0,0.0,0.0,0.63031137,7.0,0.29411766,135.0,336.0,BEC,C[N+](C)(C)CCCCCC[N+](C)(C)C
34.990925,1.7179967,24.941544,250.0,0.0,0.0,0.0,0.48,4.9478836,0.24751994,150.0,0.0,BEC,C[N+](C)(C)CCCCCC[N+](C)(C)C
400.0,0.0,99.0,250.0,0.0,0.0,0.0,0.5,7.417178,0.2857143,136.53157,432.19937,BEC,C[N+](C)(C)CCCCCC[N+](C)(C)C
400.0,0.0,99.0,250.0,0.0,0.0,0.0,0.5,2.990931,0.25,175.0,336.0,BEC,C[N+](C)(C)CCCCCC[N+](C)(C)C
400.0,0.0,99.0,250.0,0.0,0.0,0.0,0.0,5.0,0.25,175.0,336.0,BEC,C[N+](C)(C)CCCCCC[N+](C)(C)C
400.0,0.0,6.4484787,250.0,0.0,0.0,0.0,0.5,4.3178353,0.25,175.0,72.0,BEC,C[N+](C)(C)CCCCCC[N+](C)(C)C
400.0,0.0,15.0,250.0,0.0,0.0,0.0,0.43688646,4.7620354,0.25,175.0,336.0,BEC,C[N+](C)(C)CCCCCC[N+](C)(C)C
400.0,0.0,10.001101,250.0,0.0,0.0,0.0,0.5,4.7888627,0.26771492,175.0,360.0,BEC,C[N+](C)(C)CCCCCC[N+](C)(C)C
400.0,0.0,4.0,250.0,0.0,0.0,0.0,0.48383588,4.7810426,0.25,175.0,336.0,BEC,C[N+](C)(C)CCCCCC[N+](C)(C)C
400.0,0.0,2.0,250.0,0.0,0.0,0.0,0.0,5.9478154,0.25,175.0,240.0,BEC,C[N+](C)(C)CCCCCC[N+](C)(C)C
400.0,0.0,10.001101,250.0,0.0,0.0,0.0,0.0,4.5793414,0.24771288,175.0,144.0,BEC,C[N+](C)(C)CCCCCC[N+](C)(C)C
400.0,0.0,99.0,250.0,0.0,0.0,0.0,0.50048155,7.5653377,0.26079398,135.0,144.0,BEC,C[N+](C)(C)CCCCCC[N+](C)(C)C
400.0,0.0,10.001101,250.0,0.0,0.0,0.0,0.5,4.494592,0.25,175.0,168.0,BEC,C[N+](C)(C)CCCCCC[N+](C)(C)C
400.0,0.0,4.998861,250.0,0.0,0.0,0.0,0.0,4.798936,0.25,175.0,360.0,BEC,C[N+](C)(C)CCCCCC[N+](C)(C)C
400.0,0.0,10.000903,250.0,0.0,0.0,0.0,0.0,5.0,0.25,175.0,336.0,BEC,C[N+](C)(C)CCCCCC[N+](C)(C)C
400.0,0.0,14.993892,250.0,0.0,0.0,0.0,0.48060393,4.5568943,0.25,175.0,336.0,BEC,C[N+](C)(C)CCCCCC[N+](C)(C)C
400.0,0.0,2.6415775,250.0,0.0,0.0,0.0,0.24108814,3.5293376,0.25,175.0,336.0,BEC,C[N+](C)(C)CCCCCC[N+](C)(C)C
33.333332,1.7179967,10.001101,250.0,0.0,0.0,0.0,0.49019608,5.0,0.24509804,150.0,0.59906375,BEC,C[N+](C)(C)CCCCCC[N+](C)(C)C
400.0,0.0,99.0,250.0,0.0,0.0,0.0,0.5,56.25,0.23972481,140.0,72.0,BEC,C[N+](C)(C)CCCCCC[N+](C)(C)C
400.0,0.0,99.0,250.0,0.0,0.0,0.0,0.5,7.093084,0.29606426,135.0,120.0,BEC,C[N+](C)(C)CCCCCC[N+](C)(C)C
400.0,0.0,10.0,250.0,0.0,0.0,0.0,0.0,5.0,0.25,175.0,144.0,BEC,C[N+](C)(C)CCCCCC[N+](C)(C)C
400.0,0.0,4.9928217,250.0,0.0,0.0,0.0,0.5,4.59499,0.25,175.0,287.99,BEC,C[N+](C)(C)CCCCCC[N+](C)(C)C
400.0,0.0,4.0,250.0,0.0,0.0,0.0,0.45454547,4.731476,0.25,175.0,315.8163,BEC,C[N+](C)(C)CCCCCC[N+](C)(C)C
400.0,0.0,99.0,250.0,0.0,0.0,0.0,0.0,5.4906917,0.27272728,175.0,336.0,BEC,C[N+](C)(C)CCCCCC[N+](C)(C)C
400.0,0.0,99.0,250.0,0.0,0.0,0.0,0.5,4.3366275,0.25201586,175.0,168.0,BEC,C[N+](C)(C)CCCCCC[N+](C)(C)C
400.0,0.0,99.0,250.0,0.0,0.0,0.0,0.64155436,6.614565,0.2648222,135.0,480.0,BEC,C[N+](C)(C)CCCCCC[N+](C)(C)C
400.0,0.0,5.0,250.0,0.0,0.0,0.0,0.0,5.0,0.25,175.0,120.0,BEC,C[N+](C)(C)CCCCCC[N+](C)(C)C
400.0,0.0,2.1074803,146.35172,0.0,0.0,0.0,0.37585473,4.40848,0.23809524,175.0,240.0,BEC,C[N+](C)(C)CCCCCC[N+](C)(C)C
400.0,0.0,2.0,250.0,0.0,0.0,0.0,0.5,4.8210716,0.25,175.0,120.0,BEC,C[N+](C)(C)CCCCCC[N+](C)(C)C
400.0,0.0,4.999003,250.0,0.0,0.0,0.0,0.0,5.0,0.25,175.0,336.0,BEC,C[N+](C)(C)CCCCCC[N+](C)(C)C
400.0,0.0,99.0,250.0,0.0,0.0,0.0,0.49019608,2.857143,0.25,175.0,336.0,BEC,C[N+](C)(C)CCCCCC[N+](C)(C)C
400.0,0.0,5.0,250.0,0.0,0.0,0.0,0.33333334,5.497243,0.25,175.0,168.0,BEC,C[N+](C)(C)CCCCCC[N+](C)(C)C
400.0,0.0,99.0,250.0,0.0,0.0,0.0,0.0,6.3636365,0.5,175.0,336.0,BEC,C[N+](C)(C)CCCCCC[N+](C)(C)C
400.0,0.0,13.840154,250.0,0.0,0.0,0.0,0.5,5.0,0.25,175.0,360.0,BEC,C[N+](C)(C)CCCCCC[N+](C)(C)C
400.0,0.0,5.0,250.0,0.0,0.0,0.0,0.5,5.262481,0.25,175.0,336.0,BEC,C[N+](C)(C)CCCCCC[N+](C)(C)C
400.0,0.0,99.0,250.0,0.0,0.0,0.0,0.5,3.0,0.24509804,175.0,336.0,BEC,C[N+](C)(C)CCCCCC[N+](C)(C)C
400.0,0.0,99.0,250.0,0.0,0.0,0.0,0.5,2.2933996,0.24772887,175.0,360.0,BEC,C[N+](C)(C)CCCCCC[N+](C)(C)C
400.0,0.0,5.0,250.0,0.0,0.0,0.0,0.25138974,4.0,0.25,175.0,144.0,BEC,C[N+](C)(C)CCCCCC[N+](C)(C)C
50.0,1.7179967,99.0,250.0,0.0,0.0,0.0,0.4853954,4.628805,0.24509804,150.0,0.0,BEC,C[N+](C)(C)CCCCCC[N+](C)(C)C
400.0,0.0,99.0,250.0,0.0,0.0,0.0,0.49587515,4.0,0.25,175.0,336.0,BEC,C[N+](C)(C)CCCCCC[N+](C)(C)C
400.0,0.0,10.001101,250.0,0.0,0.0,0.0,0.0,5.0,0.25,175.0,336.0,BEC,C[N+](C)(C)CCCCCC[N+](C)(C)C
400.0,0.0,99.0,250.0,0.0,0.0,0.0,0.5,56.25,0.25,135.0,72.0,BEC,C[N+](C)(C)CCCCCC[N+](C)(C)C
400.0,0.0,50.210167,250.0,0.0,0.0,0.0,0.5151565,6.932531,0.3085301,135.0,48.0,BEC,C[N+](C)(C)CCCCCC[N+](C)(C)C
400.0,0.0,10.001101,250.0,0.0,0.0,0.0,0.5,4.6046753,0.25,175.0,168.0,BEC,C[N+](C)(C)CCCCCC[N+](C)(C)C
92.7649,1.7179967,6.4284353,250.0,0.0,0.0,0.0,0.5,4.7063665,0.24509804,175.0,320.648,BEC,C[N+](C)(C)CCCCCC[N+](C)(C)C
50.0,1.7179967,14.992504,250.0,0.0,0.0,0.0,0.5,4.787982,0.24750902,180.0,72.0,BEC,C[N+](C)(C)CCCCCC[N+](C)(C)C
400.0,0.0,4.9880238,250.0,0.0,0.0,0.0,0.5,4.652861,0.24509804,175.0,240.0,BEC,C[N+](C)(C)CCCCCC[N+](C)(C)C
400.0,0.0,4.9880238,250.0,0.0,0.0,0.0,0.0,4.9885917,0.25,175.0,336.0,BEC,C[N+](C)(C)CCCCCC[N+](C)(C)C
400.0,0.0,99.0,250.0,0.0,0.0,0.0,0.5,7.284084,0.27958146,135.0,144.0,BEC,C[N+](C)(C)CCCCCC[N+](C)(C)C
400.0,0.0,10.001101,250.0,0.0,0.0,0.0,0.5,5.0,0.27506766,135.0,16.0,BEC,C[N+](C)(C)CCCCCC[N+](C)(C)C
400.0,0.0,99.0,250.0,0.0,0.0,0.0,0.5,2.8580387,0.25,175.0,336.0,BEC,C[N+](C)(C)CCCCCC[N+](C)(C)C
400.0,0.0,10.001101,250.0,0.0,0.0,0.0,0.0,5.0,0.25,175.0,144.0,BEC,C[N+](C)(C)CCCCCC[N+](C)(C)C
400.0,0.0,99.0,250.0,0.0,0.0,0.0,0.5,5.6,0.25,175.0,288.0,BEC,C[N+](C)(C)CCCCCC[N+](C)(C)C
400.0,0.0,99.0,250.0,0.0,0.0,0.0,0.5,6.794996,0.3017842,135.0,384.0,BEC,C[N+](C)(C)CCCCCC[N+](C)(C)C
400.0,0.0,99.0,250.0,0.0,0.0,0.0,0.5134178,6.508979,0.2997881,135.0,24.0,BEC,C[N+](C)(C)CCCCCC[N+](C)(C)C
0.3998372,1.0,99.0,250.0,0.0,0.0,0.0,0.45072246,6.949556,0.24868652,150.0,0.0,BEC,C[N+](C)(C)CCCCCC[N+](C)(C)C
400.0,0.0,10.000058,250.0,0.0,0.0,0.0,0.5,7.0,0.25,175.0,336.0,BEC,C[N+](C)(C)CCCCCC[N+](C)(C)C
400.0,0.0,5.0,250.0,0.0,0.0,0.0,0.25025997,4.8076925,0.25,175.0,263.66245,BEC,C[N+](C)(C)CCCCCC[N+](C)(C)C
38.23564,1.7179967,99.0,250.0,0.0,0.0,0.0,0.50029635,4.305017,0.23471904,180.0,72.0,BEC,C[N+](C)(C)CCCCCC[N+](C)(C)C
50.0,1.7179967,16.61268,250.0,0.0,0.0,0.0,0.49449244,4.745845,0.24509804,150.0,0.0,BEC,C[N+](C)(C)CCCCCC[N+](C)(C)C
400.0,0.0,10.001101,250.0,0.0,0.0,0.0,0.0,4.6873536,0.25325224,175.0,336.0,BEC,C[N+](C)(C)CCCCCC[N+](C)(C)C
400.0,0.0,99.0,250.0,0.0,0.0,0.0,0.0,5.0,0.25,175.0,360.0,BEC,C[N+](C)(C)CCCCCC[N+](C)(C)C
50.0,1.7179967,10.001101,250.0,0.0,0.0,0.0,0.0,4.659968,0.24509804,180.0,72.0,BEC,C[N+](C)(C)CCCCCC[N+](C)(C)C
400.0,0.0,10.001101,250.0,0.0,0.0,0.0,0.21439613,4.7083607,0.25,175.0,336.0,BEC,C[N+](C)(C)CCCCCC[N+](C)(C)C
400.0,0.0,4.9880238,250.0,0.0,0.0,0.0,0.5,4.350456,0.25,175.0,168.0,BEC,C[N+](C)(C)CCCCCC[N+](C)(C)C
400.0,0.0,99.0,250.0,0.0,0.0,0.0,0.5576279,6.99258,0.280754,135.0,384.0,BEC,C[N+](C)(C)CCCCCC[N+](C)(C)C
400.0,0.0,99.0,250.0,0.0,0.0,0.0,0.5217317,7.21585,0.3272634,135.0,360.0,BEC,C[N+](C)(C)CCCCCC[N+](C)(C)C
400.0,0.0,10.001101,250.0,0.0,0.0,0.0,0.0,4.9456654,0.25,175.0,336.0,BEC,C[N+](C)(C)CCCCCC[N+](C)(C)C
400.0,0.0,9.674101,250.0,0.0,0.0,0.0,0.0,4.8076925,0.25,175.0,336.0,BEC,C[N+](C)(C)CCCCCC[N+](C)(C)C
400.0,0.0,99.0,250.0,0.0,0.0,0.0,0.5321169,6.6666665,0.28428763,135.0,441.24805,BEC,C[N+](C)(C)CCCCCC[N+](C)(C)C
400.0,0.0,99.0,250.0,0.0,0.0,0.0,0.5,8.333333,0.28561354,130.02928,120.0,BEC,C[N+](C)(C)CCCCCC[N+](C)(C)C
400.0,0.0,4.9880238,250.0,0.0,0.0,0.0,0.5,4.5454545,0.25,175.0,336.0,BEC,C[N+](C)(C)CCCCCC[N+](C)(C)C
400.0,0.0,70.06742,250.0,0.0,0.0,0.0,0.5,7.5,0.27133423,135.0,6.9948564,BEC,C[N+](C)(C)CCCCCC[N+](C)(C)C
400.0,0.0,2.0,250.0,0.0,0.0,0.0,0.5,4.973727,0.25,175.0,336.0,BEC,C[N+](C)(C)CCCCCC[N+](C)(C)C
400.0,0.0,4.9990063,250.0,0.0,0.0,0.0,0.5,5.0,0.25,175.0,96.0,BEC,C[N+](C)(C)CCCCCC[N+](C)(C)C
400.0,0.0,10.0,250.0,0.0,0.0,0.0,0.0,4.844434,0.25,175.0,96.0,BEC,C[N+](C)(C)CCCCCC[N+](C)(C)C
400.0,0.0,99.0,250.0,0.0,0.0,0.0,0.54,7.079566,0.28981075,135.0,168.0,BEC,C[N+](C)(C)CCCCCC[N+](C)(C)C
400.0,0.0,99.0,250.0,0.0,0.0,0.0,0.0,4.8076925,0.24752475,175.0,336.0,BEC,C[N+](C)(C)CCCCCC[N+](C)(C)C
400.0,0.0,99.0,250.0,0.0,0.0,0.0,0.5,5.0,0.24473025,175.0,192.0,BEC,C[N+](C)(C)CCCCCC[N+](C)(C)C
400.0,0.0,99.0,250.0,0.0,0.0,0.0,0.54,6.3636365,0.27272728,135.0,144.0,BEC,C[N+](C)(C)CCCCCC[N+](C)(C)C
30.30303,1.7179967,10.001101,250.0,0.0,0.0,0.0,0.33333334,5.0,0.2388663,160.0,336.0,BEC,C[N+](C)(C)CCCCCC[N+](C)(C)C
400.0,0.0,99.0,250.0,0.0,0.0,0.0,0.0,4.8298798,0.25,175.0,336.0,BEC,C[N+](C)(C)CCCCCC[N+](C)(C)C
100.0,1.7179967,14.971603,250.0,0.0,0.0,0.0,0.57163334,4.8076925,0.23960167,180.0,67.16779,BEC,C[N+](C)(C)CCCCCC[N+](C)(C)C
400.0,0.0,99.0,250.0,0.0,0.0,0.0,0.50034666,7.249894,0.2857143,135.0,120.0,BEC,C[N+](C)(C)CCCCCC[N+](C)(C)C
400.0,0.0,20.0,250.0,0.0,0.0,0.0,0.5,6.6666665,0.26756886,135.0,48.0,BEC,C[N+](C)(C)CCCCCC[N+](C)(C)C
400.0,0.0,99.0,250.0,0.0,0.0,0.0,0.5,2.7522936,0.25,175.0,336.0,BEC,C[N+](C)(C)CCCCCC[N+](C)(C)C
400.0,0.0,10.001101,250.0,0.0,0.0,0.0,0.0,5.0,0.25,175.0,336.0,BEC,C[N+](C)(C)CCCCCC[N+](C)(C)C
50.0,1.7179967,9.007423,250.0,0.0,0.0,0.0,0.0,4.687553,0.20147726,160.0,336.0,BEC,C[N+](C)(C)CCCCCC[N+](C)(C)C
49.226517,1.7179967,14.992504,250.0,0.0,0.0,0.0,0.0,5.8407264,0.4680869,170.0,336.0,BEC,C[N+](C)(C)CCCCCC[N+](C)(C)C
50.0,1.7179967,16.411179,250.0,0.0,0.0,0.0,0.5,4.6235633,0.2293578,180.0,48.0,BEC,C[N+](C)(C)CCCCCC[N+](C)(C)C
50.0,1.7179967,10.0,250.0,0.0,0.0,0.0,0.0,4.0,0.24509804,175.0,120.0,BEC,C[N+](C)(C)CCCCCC[N+](C)(C)C
400.0,0.0,10.001101,250.0,0.0,0.0,0.0,0.5,4.7106385,0.25,175.0,72.0,BEC,C[N+](C)(C)CCCCCC[N+](C)(C)C
50.0,1.7179967,10.001101,250.0,0.0,0.0,0.0,0.49019608,5.0,0.2413938,160.0,336.0,BEC,C[N+](C)(C)CCCCCC[N+](C)(C)C
400.0,0.0,10.000797,250.0,0.0,0.0,0.0,0.0,4.8458457,0.25,175.0,240.0,BEC,C[N+](C)(C)CCCCCC[N+](C)(C)C
400.0,0.0,99.0,250.0,0.0,0.0,0.0,0.3761255,3.7407627,0.25,175.0,336.0,BEC,C[N+](C)(C)CCCCCC[N+](C)(C)C
400.0,0.0,4.9880238,250.0,0.0,0.0,0.0,0.5,6.771388,0.26515707,132.51617,24.0,BEC,C[N+](C)(C)CCCCCC[N+](C)(C)C
400.0,0.0,4.998821,250.0,0.0,0.0,0.0,0.0,5.0,0.25,175.0,336.0,BEC,C[N+](C)(C)CCCCCC[N+](C)(C)C
400.0,0.0,3.6622322,250.0,0.0,0.0,0.0,0.5,4.980785,0.25,175.0,336.0,BEC,C[N+](C)(C)CCCCCC[N+](C)(C)C
400.0,0.0,9.241361,250.0,0.0,0.0,0.0,0.5,5.0,0.25,175.0,120.0,BEC,C[N+](C)(C)CCCCCC[N+](C)(C)C
400.0,0.0,99.0,250.0,0.0,0.0,0.0,0.0,4.8068585,0.25,175.0,336.0,BEC,C[N+](C)(C)CCCCCC[N+](C)(C)C
400.0,0.0,5.0,250.0,0.0,0.0,0.0,0.0,5.0,0.25,175.0,336.0,BEC,C[N+](C)(C)CCCCCC[N+](C)(C)C
400.0,0.0,2.0,250.0,0.0,0.0,0.0,0.48,4.7916956,0.25,175.0,336.0,BEC,C[N+](C)(C)CCCCCC[N+](C)(C)C
400.0,0.0,99.0,250.0,0.0,0.0,0.0,0.6669411,6.701816,0.2777778,135.0,480.0,BEC,C[N+](C)(C)CCCCCC[N+](C)(C)C
400.0,0.0,12.073087,250.0,0.0,0.0,0.0,0.0,5.5599284,0.25,175.0,336.0,BEC,C[N+](C)(C)CCCCCC[N+](C)(C)C
400.0,0.0,99.0,250.0,0.0,0.0,0.0,0.5,50.0,0.25,125.0,95.45897,BEC,C[N+](C)(C)CCCCCC[N+](C)(C)C
30.0,1.7179967,10.001101,250.0,0.0,0.0,0.0,0.5,3.0,0.23809524,180.0,65.0,BEC,C[N+](C)(C)CCCCCC[N+](C)(C)C
400.0,0.0,10.0,250.0,0.0,0.0,0.0,0.0,5.0,0.27748993,175.0,360.0,BEC,C[N+](C)(C)CCCCCC[N+](C)(C)C
33.333332,1.7179967,5.568295,250.0,0.0,0.0,0.0,0.5,5.0,0.24038461,175.0,336.0,BEC,C[N+](C)(C)CCCCCC[N+](C)(C)C
400.0,0.0,99.0,250.0,0.0,0.0,0.0,0.5,2.7272727,0.24038461,175.0,288.0,BEC,C[N+](C)(C)CCCCCC[N+](C)(C)C
30.03003,1.7179967,10.001101,250.0,0.0,0.0,0.0,0.5,4.831214,0.23809524,160.0,336.0,BEC,C[N+](C)(C)CCCCCC[N+](C)(C)C
400.0,0.0,15.0,250.0,0.0,0.0,0.0,0.46321782,4.7306,0.25,175.0,24.0,BEC,C[N+](C)(C)CCCCCC[N+](C)(C)C
50.0,1.7179967,8.04648,250.0,0.0,0.0,0.0,0.0,4.953027,0.24407981,145.0,120.0,BEC,C[N+](C)(C)CCCCCC[N+](C)(C)C
64.24881,1.7179967,14.992504,250.0,0.0,0.0,0.0,0.8743488,4.311758,0.2341973,180.0,72.0,BEC,C[N+](C)(C)CCCCCC[N+](C)(C)C
400.0,0.0,10.001101,250.0,0.0,0.0,0.0,0.5,5.0,0.25,175.0,336.0,BEC,C[N+](C)(C)CCCCCC[N+](C)(C)C
50.0,1.7179967,10.001101,250.0,0.0,0.0,0.0,0.5,4.365357,0.23809524,175.0,288.0,BEC,C[N+](C)(C)CCCCCC[N+](C)(C)C
400.0,0.0,10.001101,250.0,0.0,0.0,0.0,0.5,4.8055525,0.25,175.0,336.0,BEC,C[N+](C)(C)CCCCCC[N+](C)(C)C
400.0,0.0,4.9880238,250.0,0.0,0.0,0.0,0.5,4.6888885,0.25,175.0,336.0,BEC,C[N+](C)(C)CCCCCC[N+](C)(C)C
400.0,0.0,6.4862213,250.0,0.0,0.0,0.0,0.5,7.0,0.2641444,135.0,16.603937,BEC,C[N+](C)(C)CCCCCC[N+](C)(C)C
400.0,0.0,4.427311,250.0,0.0,0.0,0.0,0.54,7.5,0.27975768,135.0,168.0,BEC,C[N+](C)(C)CCCCCC[N+](C)(C)C
400.0,0.0,99.0,250.0,0.0,0.0,0.0,0.5,5.0665855,0.25,135.0,504.0,BEC,C[N+](C)(C)CCCCCC[N+](C)(C)C
400.0,0.0,99.0,250.0,0.0,0.0,0.0,0.0,4.7125382,0.25,175.0,336.0,BEC,C[N+](C)(C)CCCCCC[N+](C)(C)C
400.0,0.0,2.0,250.0,0.0,0.0,0.0,0.5,4.767035,0.25,175.0,336.0,BEC,C[N+](C)(C)CCCCCC[N+](C)(C)C
400.0,0.0,99.0,20.0,0.0,0.0,0.0,0.0,4.5397444,0.25,175.0,336.0,BEC,C[N+](C)(C)CCCCCC[N+](C)(C)C
400.0,0.0,5.1653256,250.0,0.0,0.0,0.0,0.0,7.0,0.54,150.0,24.0,BEC,C[N+](C)(C)CCCCCC[N+](C)(C)C
400.0,0.0,2.0,250.0,0.0,0.0,0.0,0.46335742,2.841283,0.25,175.0,336.0,BEC,C[N+](C)(C)CCCCCC[N+](C)(C)C
400.0,0.0,99.0,250.0,0.0,0.0,0.0,0.0,6.4195232,0.25,175.0,336.0,BEC,C[N+](C)(C)CCCCCC[N+](C)(C)C
400.0,0.0,99.0,250.0,0.0,0.0,0.0,0.0,4.998622,0.25,175.0,336.0,BEC,C[N+](C)(C)CCCCCC[N+](C)(C)C
400.0,0.0,10.001101,250.0,0.0,0.0,0.0,0.48,3.5,0.24509804,175.0,336.0,BEC,C[N+](C)(C)CCCCCC[N+](C)(C)C
400.0,0.0,5.338439,250.0,0.0,0.0,0.0,0.5,2.4721146,0.23809524,175.0,336.0,BEC,C[N+](C)(C)CCCCCC[N+](C)(C)C
50.0,1.7179967,10.001101,250.0,0.0,0.0,0.0,0.0,4.4616113,0.47990185,200.0,71.93858,BEC,C[N+](C)(C)CCCCCC[N+](C)(C)C
400.0,0.0,99.0,250.0,0.0,0.0,0.0,0.975706,7.0600605,0.2644681,135.0,336.0,BEC,C[N+](C)(C)CCCCCC[N+](C)(C)C
400.0,0.0,10.001101,250.0,0.0,0.0,0.0,0.46463874,4.652069,0.25,175.0,360.0,BEC,C[N+](C)(C)CCCCCC[N+](C)(C)C
400.0,0.0,4.0,250.0,0.0,0.0,0.0,0.5,8.333333,0.26721862,135.0,24.0,BEC,C[N+](C)(C)CCCCCC[N+](C)(C)C
400.0,0.0,2.030303,44.630215,0.0,0.0,0.0,0.0,5.0,0.25,175.0,360.0,BEC,C[N+](C)(C)CCCCCC[N+](C)(C)C
50.0,1.7179967,10.001101,250.0,0.0,0.0,0.0,0.50788677,4.5454545,0.24736783,135.0,362.40723,BEC,C[N+](C)(C)CCCCCC[N+](C)(C)C
400.0,0.0,99.0,250.0,0.0,0.0,0.0,0.0,4.9199133,0.25,175.0,168.0,BEC,C[N+](C)(C)CCCCCC[N+](C)(C)C
400.0,0.0,99.0,250.0,0.0,0.0,0.0,0.5,48.52349,0.25,139.91772,72.0,BEC,C[N+](C)(C)CCCCCC[N+](C)(C)C
400.0,0.0,10.001101,250.0,0.0,0.0,0.0,0.45723337,3.498767,0.25,175.0,288.0,BEC,C[N+](C)(C)CCCCCC[N+](C)(C)C
62.5,1.7179967,10.001101,250.0,0.0,0.0,0.0,0.5,4.0,0.24028318,175.0,20.0,BEC,C[N+](C)(C)CCCCCC[N+](C)(C)C
400.0,0.0,9.057609,250.0,0.0,0.0,0.0,0.5,4.0328336,0.25,175.0,168.0,BEC,C[N+](C)(C)CCCCCC[N+](C)(C)C
47.324013,1.7179967,5.0,250.0,0.0,0.0,0.0,0.5,4.5454545,0.23783782,160.0,336.0,BEC,C[N+](C)(C)CCCCCC[N+](C)(C)C
400.0,0.0,2.030303,250.0,0.0,0.0,0.0,0.0,4.901961,0.25,175.0,168.0,BEC,C[N+](C)(C)CCCCCC[N+](C)(C)C
400.0,0.0,99.0,250.0,0.0,0.0,0.0,0.5,45.801426,0.25,135.0,96.0,BEC,C[N+](C)(C)CCCCCC[N+](C)(C)C
400.0,0.0,10.001101,250.0,0.0,0.0,0.0,0.0,6.3636365,0.25,175.0,240.0,BEC,C[N+](C)(C)CCCCCC[N+](C)(C)C
400.0,0.0,4.9880238,250.0,0.0,0.0,0.0,0.0,4.6998963,0.25948575,175.0,336.0,BEC,C[N+](C)(C)CCCCCC[N+](C)(C)C
400.0,0.0,10.001101,250.0,0.0,0.0,0.0,0.0,4.5,0.24750453,175.0,336.0,BEC,C[N+](C)(C)CCCCCC[N+](C)(C)C
400.0,0.0,10.001101,250.0,0.0,0.0,0.0,0.0,4.5454545,0.25,175.0,480.0,BEC,C[N+](C)(C)CCCCCC[N+](C)(C)C
400.0,0.0,99.0,250.0,0.0,0.0,0.0,0.5,5.7374625,0.25,175.0,144.0,BEC,C[N+](C)(C)CCCCCC[N+](C)(C)C
400.0,0.0,3.0222492,250.0,0.0,0.0,0.0,0.49019608,5.0,0.25,175.0,336.0,BEC,C[N+](C)(C)CCCCCC[N+](C)(C)C
400.0,0.0,99.0,250.0,0.0,0.0,0.0,0.5,5.0,0.25,175.0,336.0,BEC,C[N+](C)(C)CCCCCC[N+](C)(C)C
400.0,0.0,5.0,250.0,0.0,0.0,0.0,0.48395696,3.859164,0.25,175.0,65.0,BEC,C[N+](C)(C)CCCCCC[N+](C)(C)C
400.0,0.0,9.003318,250.0,0.0,0.0,0.0,0.0,5.0,0.25,175.0,168.0,BEC,C[N+](C)(C)CCCCCC[N+](C)(C)C
400.0,0.0,99.0,250.0,0.0,0.0,0.0,0.5,4.691448,0.25,175.0,65.0,BEC,C[N+](C)(C)CCCCCC[N+](C)(C)C
50.0,1.7179967,15.0,250.0,0.0,0.0,0.0,0.5,4.6987123,0.23809524,180.0,96.0,BEC,C[N+](C)(C)CCCCCC[N+](C)(C)C
49.549694,1.7179967,4.9880238,250.0,0.0,0.0,0.0,0.0,4.0,0.24310003,175.0,336.0,BEC,C[N+](C)(C)CCCCCC[N+](C)(C)C
400.0,0.0,99.0,250.0,0.0,0.0,0.0,0.65081406,7.0,0.3,135.0,480.0,BEC,C[N+](C)(C)CCCCCC[N+](C)(C)C
40.148098,1.7179967,99.0,250.0,0.0,0.0,0.0,0.5,4.0,0.23809524,175.0,72.0,BEC,C[N+](C)(C)CCCCCC[N+](C)(C)C
400.0,0.0,10.001101,250.0,0.0,0.0,0.0,0.5,45.867558,0.25,135.0,58.569145,BEC,C[N+](C)(C)CCCCCC[N+](C)(C)C
50.0,1.7179967,10.001101,250.0,0.0,0.0,0.0,0.0,4.5,0.23809524,180.0,48.0,BEC,C[N+](C)(C)CCCCCC[N+](C)(C)C
400.0,0.0,99.0,250.0,0.0,0.0,0.0,0.5205659,7.0,0.29429692,135.0,661.3892,BEC,C[N+](C)(C)CCCCCC[N+](C)(C)C
400.0,0.0,99.0,250.0,0.0,0.0,0.0,0.54,6.6666665,0.30410215,130.0,288.0,BEC,C[N+](C)(C)CCCCCC[N+](C)(C)C
400.0,0.0,99.0,250.0,0.0,0.0,0.0,0.5,3.0,0.25,175.0,336.0,BEC,C[N+](C)(C)CCCCCC[N+](C)(C)C
400.0,0.0,99.0,250.0,0.0,0.0,0.0,0.51274407,5.9441915,0.29411766,135.0,120.0,BEC,C[N+](C)(C)CCCCCC[N+](C)(C)C
400.0,0.0,5.0,250.0,0.0,0.0,0.0,0.4670345,4.065898,0.25,175.0,336.0,BEC,C[N+](C)(C)CCCCCC[N+](C)(C)C
400.0,0.0,30.03003,250.0,0.0,0.0,0.0,0.51266855,7.011878,0.2777778,135.0,23.649113,BEC,C[N+](C)(C)CCCCCC[N+](C)(C)C
400.0,0.0,10.001101,250.0,0.0,0.0,0.0,0.0,5.0,0.25,175.0,410.49774,BEC,C[N+](C)(C)CCCCCC[N+](C)(C)C
400.0,0.0,99.0,250.0,0.0,0.0,0.0,0.0,6.3636365,0.5,175.0,360.0,BEC,C[N+](C)(C)CCCCCC[N+](C)(C)C
400.0,0.0,99.0,250.0,0.0,0.0,0.0,0.54,6.7120476,0.2821987,135.0,24.0,BEC,C[N+](C)(C)CCCCCC[N+](C)(C)C
70.36917,1.7179967,99.0,250.0,0.0,0.0,0.0,0.5,5.0,0.24892384,150.0,0.0,BEC,C[N+](C)(C)CCCCCC[N+](C)(C)C
400.0,0.0,99.0,250.0,0.0,0.0,0.0,0.0,5.0,0.25,175.0,360.0,BEC,C[N+](C)(C)CCCCCC[N+](C)(C)C
400.0,0.0,99.0,250.0,0.0,0.0,0.0,0.5,4.5,0.25,175.0,138.6479,BEC,C[N+](C)(C)CCCCCC[N+](C)(C)C
50.0,1.7179967,99.0,250.0,0.0,0.0,0.0,0.5,5.0,0.24509804,135.0,384.0,BEC,C[N+](C)(C)CCCCCC[N+](C)(C)C
400.0,0.0,99.0,250.0,0.0,0.0,0.0,0.45726767,3.521082,0.25,175.0,100.9778,BEC,C[N+](C)(C)CCCCCC[N+](C)(C)C
400.0,0.0,99.0,250.0,0.0,0.0,0.0,0.4805264,2.7257004,0.25,175.0,336.0,BEC,C[N+](C)(C)CCCCCC[N+](C)(C)C
400.0,0.0,10.001101,250.0,0.0,0.0,0.0,0.54,6.5240912,0.28630853,135.0,44.0,BEC,C[N+](C)(C)CCCCCC[N+](C)(C)C
400.0,0.0,15.0,250.0,0.0,0.0,0.0,0.25,4.5454545,0.23910117,175.0,60.0,BEC,C[N+](C)(C)CCCCCC[N+](C)(C)C
0.05,1.0,99.0,250.0,0.0,0.0,0.0,0.0,4.5597167,0.22727273,175.0,288.0,BEC,C[N+](C)(C)CCCCCC[N+](C)(C)C
45.62564,1.7179967,15.0,250.0,0.0,0.0,0.0,0.417156,4.712917,0.24509804,150.0,0.0,BEC,C[N+](C)(C)CCCCCC[N+](C)(C)C
400.0,0.0,4.0,250.0,0.0,0.0,0.0,0.4837528,4.710415,0.25,175.0,336.0,BEC,C[N+](C)(C)CCCCCC[N+](C)(C)C
400.0,0.0,99.0,250.0,0.0,0.0,0.0,0.30281803,4.6902256,0.25,175.0,336.0,BEC,C[N+](C)(C)CCCCCC[N+](C)(C)C
400.0,0.0,10.001101,250.0,0.0,0.0,0.0,0.48,4.9990425,0.25,175.0,336.0,BEC,C[N+](C)(C)CCCCCC[N+](C)(C)C
400.0,0.0,99.0,250.0,0.0,0.0,0.0,0.5,6.834495,0.25,175.0,48.0,BEC,C[N+](C)(C)CCCCCC[N+](C)(C)C
100.0,1.7179967,10.001101,250.0,0.0,0.0,0.0,0.0,4.902568,0.23809524,180.0,69.83958,BEC,C[N+](C)(C)CCCCCC[N+](C)(C)C
50.660965,1.7179967,10.001101,250.0,0.0,0.0,0.0,0.5,3.5,0.22727273,180.0,72.0,BEC,C[N+](C)(C)CCCCCC[N+](C)(C)C
400.0,0.0,10.001101,250.0,0.0,0.0,0.0,0.0,4.8076925,0.25,175.0,120.0,BEC,C[N+](C)(C)CCCCCC[N+](C)(C)C
400.0,0.0,10.001101,250.0,0.0,0.0,0.0,0.49019608,2.8846154,0.25,175.0,336.0,BEC,C[N+](C)(C)CCCCCC[N+](C)(C)C
45.335667,1.7179967,10.001101,250.0,0.0,0.0,0.0,0.5,4.5454545,0.23983091,180.0,65.78389,BEC,C[N+](C)(C)CCCCCC[N+](C)(C)C
48.78494,1.7179967,15.356278,250.0,0.0,0.0,0.0,0.48062208,4.961791,0.25,150.0,0.0,BEC,C[N+](C)(C)CCCCCC[N+](C)(C)C
400.0,0.0,10.0,250.0,0.0,0.0,0.0,0.4618838,3.0293894,0.25641027,175.0,336.0,BEC,C[N+](C)(C)CCCCCC[N+](C)(C)C
50.0,1.7179967,10.001101,250.0,0.0,0.0,0.0,0.5,4.6873536,0.24022786,175.0,336.0,BEC,C[N+](C)(C)CCCCCC[N+](C)(C)C
40.0,1.7179967,10.001101,250.0,0.0,0.0,0.0,0.5,4.0,0.24038461,180.0,66.14892,BEC,C[N+](C)(C)CCCCCC[N+](C)(C)C
60.0,1.7179967,10.001101,250.0,0.0,0.0,0.0,0.52945924,4.239378,0.23809524,180.0,72.0,BEC,C[N+](C)(C)CCCCCC[N+](C)(C)C
400.0,0.0,99.0,250.0,0.0,0.0,0.0,0.0,4.7769427,0.25252524,175.0,336.0,BEC,C[N+](C)(C)CCCCCC[N+](C)(C)C
400.0,0.0,99.0,250.0,0.0,0.0,0.0,0.0,5.0,0.25,175.0,336.0,BEC,C[N+](C)(C)CCCCCC[N+](C)(C)C
400.0,0.0,10.001101,250.0,0.0,0.0,0.0,0.5,4.9108877,0.25545606,175.0,336.0,BEC,C[N+](C)(C)CCCCCC[N+](C)(C)C
400.0,0.0,99.0,250.0,0.0,0.0,0.0,0.0,4.993926,0.25252524,175.0,336.0,BEC,C[N+](C)(C)CCCCCC[N+](C)(C)C
400.0,0.0,99.0,250.0,0.0,0.0,0.0,0.0,5.0,0.2572819,175.0,288.0,BEC,C[N+](C)(C)CCCCCC[N+](C)(C)C
80.0,1.7179967,99.0,250.0,0.0,0.0,0.0,0.60665613,4.5,0.2283212,180.0,72.0,BEC,C[N+](C)(C)CCCCCC[N+](C)(C)C
400.0,0.0,99.0,250.0,0.0,0.0,0.0,0.44080183,2.7694411,0.25,175.0,336.0,BEC,C[N+](C)(C)CCCCCC[N+](C)(C)C
400.0,0.0,99.0,250.0,0.0,0.0,0.0,0.0,4.801776,0.25,175.0,144.0,BEC,C[N+](C)(C)CCCCCC[N+](C)(C)C
59.994152,1.7179967,5.1967125,250.0,0.0,0.0,0.0,0.5,4.618869,0.23513274,180.0,48.0,BEC,C[N+](C)(C)CCCCCC[N+](C)(C)C
400.0,0.0,4.9881496,250.0,0.0,0.0,0.0,0.5,4.5454545,0.24204005,175.0,120.0,BEC,C[N+](C)(C)CCCCCC[N+](C)(C)C
400.0,0.0,10.001101,250.0,0.0,0.0,0.0,0.0,5.1754346,0.25,175.0,120.0,BEC,C[N+](C)(C)CCCCCC[N+](C)(C)C
400.0,0.0,5.0,250.0,0.0,0.0,0.0,0.5,4.901961,0.25,175.0,168.0,BEC,C[N+](C)(C)CCCCCC[N+](C)(C)C
40.0,1.7179967,9.799966,250.0,0.0,0.0,0.0,0.5,5.0,0.25,160.0,410.03854,BEC,C[N+](C)(C)CCCCCC[N+](C)(C)C
400.0,0.0,10.001101,250.0,0.0,0.0,0.0,0.0,4.728615,0.25,175.0,500.02298,BEC,C[N+](C)(C)CCCCCC[N+](C)(C)C
66.47024,1.7179967,10.001101,250.0,0.0,0.0,0.0,0.5,4.6262145,0.23809524,180.0,48.0,BEC,C[N+](C)(C)CCCCCC[N+](C)(C)C
400.0,0.0,99.0,250.0,0.0,0.0,0.0,0.5,4.688237,0.24769124,175.0,72.0,BEC,C[N+](C)(C)CCCCCC[N+](C)(C)C
45.045986,1.7179967,15.0,250.0,0.0,0.0,0.0,0.32419634,4.7621427,0.24886677,150.0,0.6271901,BEC,C[N+](C)(C)CCCCCC[N+](C)(C)C
400.0,0.0,14.961506,250.0,0.0,0.0,0.0,0.5,5.805819,0.25,175.0,72.0,BEC,C[N+](C)(C)CCCCCC[N+](C)(C)C
400.0,0.0,99.0,250.0,0.0,0.0,0.0,0.0,4.8292737,0.25063655,175.0,360.0,BEC,C[N+](C)(C)CCCCCC[N+](C)(C)C
400.0,0.0,15.0,250.0,0.0,0.0,0.0,0.0,4.8985076,0.25,175.0,336.0,BEC,C[N+](C)(C)CCCCCC[N+](C)(C)C
400.0,0.0,10.001101,250.0,0.0,0.0,0.0,0.5,4.903185,0.25,175.0,168.0,BEC,C[N+](C)(C)CCCCCC[N+](C)(C)C
400.0,0.0,4.999326,250.0,0.0,0.0,0.0,0.5,5.5523033,0.25,175.0,336.0,BEC,C[N+](C)(C)CCCCCC[N+](C)(C)C
400.0,0.0,10.001101,250.0,0.0,0.0,0.0,0.5,7.0,0.27018973,135.0,120.0,BEC,C[N+](C)(C)CCCCCC[N+](C)(C)C
400.0,0.0,10.0,250.0,0.0,0.0,0.0,0.0,6.730769,0.25,175.0,336.0,BEC,C[N+](C)(C)CCCCCC[N+](C)(C)C
400.0,0.0,99.0,250.0,0.0,0.0,0.0,0.54,7.0,0.28736222,135.0,371.88303,BEC,C[N+](C)(C)CCCCCC[N+](C)(C)C
400.0,0.0,5.0,250.0,0.0,0.0,0.0,0.5,6.420401,0.25,175.0,336.0,BEC,C[N+](C)(C)CCCCCC[N+](C)(C)C
46.006084,1.7179967,10.001101,250.0,0.0,0.0,0.0,0.5,4.5,0.21344876,180.0,72.0,BEC,C[N+](C)(C)CCCCCC[N+](C)(C)C
400.0,0.0,5.0,250.0,0.0,0.0,0.0,0.0,5.6437416,0.25,175.0,240.12556,BEC,C[N+](C)(C)CCCCCC[N+](C)(C)C
400.0,0.0,4.9910173,20.670448,0.0,0.0,0.0,0.25,4.7915196,0.24341981,175.0,336.0,BEC,C[N+](C)(C)CCCCCC[N+](C)(C)C
400.0,0.0,4.0,250.0,0.0,0.0,0.0,0.48,4.749545,0.25,175.0,168.0,BEC,C[N+](C)(C)CCCCCC[N+](C)(C)C
400.0,0.0,99.0,250.0,0.0,0.040504534,0.0,0.0,7.0,0.26912463,128.07602,480.0,BEC,C[N+](C)(C)CCCCCC[N+](C)(C)C
400.0,0.0,5.0,250.0,0.0,0.0,0.0,0.0,4.5454545,0.25,175.0,336.0,BEC,C[N+](C)(C)CCCCCC[N+](C)(C)C
400.0,0.0,99.0,250.0,0.0,0.0,0.0,0.5,4.0,0.25,175.0,48.0,BEC,C[N+](C)(C)CCCCCC[N+](C)(C)C
400.0,0.0,8.464407,250.0,0.0,0.0,0.0,0.5,4.8076925,0.24842219,175.0,336.0,BEC,C[N+](C)(C)CCCCCC[N+](C)(C)C
