Si,Al,NaOH,NaCl,OSDA,cryst_temp,cryst_time,Si_cost,Al_cost,NaOH_cost,NaCl_cost,OSDA_cost,total_cost,PCA 1,PCA 2,t-SNE 1,t-SNE 2,likelihood
1.0,0.15400000221760002,1.130680662572788,0.0,0.2774611827331871,140.0,2.8980734,0.036,0.008008000115315201,0.009836921764383257,0.0,52.71762471930555,52.77146964118525,5.727260150428674,4.949424022022162,-41.099021911621094,-17.7034912109375,1.966800601104317e-09
1.0,0.1,0.61540105,0.0,0.275,140.0,4.0,0.036,0.0052,0.005353989135,0.0,52.25000000000001,52.296553989135006,3.1037690245220495,2.648561432029476,-33.034149169921875,-9.031390190124512,3.510415790889089e-08
1.0,0.08,0.49961884320000005,0.0,0.27,140.0,4.953171,0.036,0.00416,0.00434668393584,0.0,51.300000000000004,51.34450668393585,2.464829237045408,1.9361038283301937,-31.635517120361328,-7.211167812347412,2.0908857227572623e-08
1.0,0.03333333333333333,0.3253863333333334,0.03456543399999995,0.2678518006666667,160.0,2.8187296,0.036,0.0017333333333333333,0.0028308611,0.00023850149459999964,50.891842126666674,50.93264482259461,1.8460653591435836,-0.36819346378599427,-8.934700012207031,-42.0308837890625,2.774036066676273e-07
1.0,0.07025290906758512,0.5328675787439145,0.0,0.2675632272668963,140.0,4.0,0.036,0.0036531512715144263,0.004635947935072056,0.0,50.837013180710294,50.88130227991688,2.5963106276091374,1.7639578400978861,-31.3183650970459,-8.225132942199707,4.051967369273018e-08
1.0,0.06600000066,0.6996510850331797,0.0,0.266500000165,160.0,4.0,0.036,0.00343200003432,0.006086964439788663,0.0,50.635000031349996,50.6805189958241,3.867604275664706,1.0634419691634636,-30.8807315826416,-35.588138580322266,9.310514343712463e-07
1.0,0.06315969113142565,0.7596231340427009,0.0,0.2657899227828564,160.0,4.0,0.036,0.003284303938834134,0.006608721266171497,0.0,50.50008532874271,50.54597835394772,4.15175355709578,1.1085683551399401,-31.94441795349121,-34.866172790527344,7.696330127468731e-07
1.0,0.07336705478816877,0.3333033010289818,0.0,0.2657435392032103,160.0,4.0,0.036,0.003815086848984776,0.0028997387189521415,0.0,50.49127244860996,50.533987274177896,2.0757297576804126,0.5424144983312853,-14.078993797302246,-45.9884147644043,1.5360365463729382e-06
1.0,0.06249416851290064,0.4835371967366226,0.03130023883399696,0.2649668463574924,160.0,4.0,0.036,0.003249696762670833,0.004206773611608617,0.00021597164795457904,50.343700807923554,50.38737324994579,2.649629104146469,0.6309813582917267,-25.638031005859375,-39.11355209350586,1.461095022726573e-06
1.0,0.06944483507164172,0.3666563276754994,0.0,0.26471406543989934,140.0,4.9010067,0.036,0.003611131423725369,0.0031899100507768443,0.0,50.295672433580876,50.33847347505538,1.75469673935038,1.4229353109891945,-30.74044418334961,-3.624591112136841,2.1794636747109603e-08
1.0,0.09987598399067878,0.4190003958036107,0.0,0.26439325945996556,140.0,4.0,0.036,0.005193551167515296,0.0036453034434914128,0.0,50.234719297393454,50.27955815200446,2.05278936492359,2.2647814098037364,-32.7775993347168,-4.758520126342773,4.467941346925152e-08
1.0,0.05702317364753863,0.4999830070274504,0.0,0.26425579341188465,160.0,2.613746,0.036,0.0029652050296720086,0.004349852161138818,0.0,50.208600748258085,50.251915805448895,2.8610346823822823,0.46643923547991367,-25.495071411132812,-38.39793014526367,1.9118392833249998e-07
1.0,0.05702317364753863,0.4999830070274504,0.0,0.26425579341188465,160.0,2.613746,0.036,0.0029652050296720086,0.004349852161138818,0.0,50.208600748258085,50.251915805448895,2.8610346823822823,0.46643923547991367,-25.495071411132812,-38.39793014526367,1.9118392833249998e-07
1.0,0.05371937653076721,0.3161158129592302,0.0,0.2634298441326918,160.0,4.0,0.036,0.0027934075795998945,0.0027502075727453023,0.0,50.051670385211445,50.09321400036379,1.9450967706572133,0.030815985844984215,-12.57430362701416,-44.420169830322266,1.5354490749845408e-06
1.0,0.052401132556158164,0.36081293943387754,0.0,0.26310028313903955,160.0,2.8064783,0.036,0.0027248588929202244,0.0031390725730747345,0.0,49.989053796417515,50.03091772788351,2.1624095765758016,0.08716839136740921,-14.04283332824707,-43.673526763916016,2.7109062760409397e-07
1.0,0.05,0.4841912775,0.0,0.2625,160.0,4.0,0.036,0.0026,0.00421246411425,0.0,49.875,49.91781246411425,2.756111523031467,0.26092367373519704,-24.35504913330078,-37.77369689941406,1.4436814287734142e-06
1.0,0.05,0.682915275,0.0,0.2621668455,160.0,4.0,0.036,0.0026,0.0059413628925,0.0,49.811700645,49.856242007892504,3.7274588972609877,0.6402844531445897,-30.239038467407227,-35.191646575927734,9.81059145262975e-07
1.0,0.05,0.783558195,0.0,0.2614602165,160.0,5.0,0.036,0.0026,0.0068169562965,0.0,49.677441135,49.7228580912965,4.212602313856496,0.829439814621688,-32.161312103271484,-34.4288444519043,4.924334542607791e-07
1.0,0.05612183106677836,0.5900349894778526,0.0,0.26141629220434653,160.0,2.767357,0.036,0.0029183352154724743,0.0051333044084573174,0.0,49.66909551882584,49.71314715844977,3.2772716291883217,0.6145919010956283,-28.088762283325195,-36.877464294433594,2.0919150012487706e-07
1.0,0.06421323932515095,0.4980409410291295,0.0,0.2604210783256157,160.0,4.0,0.036,0.0033390884449078493,0.0043329561869534265,0.0,49.480004881866975,49.52367692649884,2.826390173810448,0.6317174571599541,-25.96418571472168,-38.87446212768555,1.4213208168150631e-06
1.0,0.05,0.42066121650000005,0.0,0.2599009875,170.0,3.0,0.036,0.0026,0.00365975258355,0.0,49.381187625,49.42344737758355,2.659666774476827,-0.3166746530537102,-18.133325576782227,-38.42869186401367,7.165669885341548e-10
1.0,0.03333333333333333,0.2066666666666667,0.06686134766666665,0.25833333333333336,165.0,4.0,0.036,0.0017333333333333333,0.0017980000000000001,0.00046134329889999993,49.083333333333336,49.12332600996557,1.1539180842802133,-0.7635372368103105,-4.416551113128662,-40.520835876464844,3.2608058065541705e-10
1.0,0.03300386455451614,0.3615513525940806,0.0,0.258250966138629,160.0,4.0,0.036,0.0017162009568348394,0.003145496767568501,0.0,49.06768356633951,49.10854526406391,2.096161822061317,-0.388663973818277,-12.544565200805664,-40.27360916137695,1.5505737857975488e-06
1.0,0.03256705230398868,0.572202711153043,0.0,0.2581417630759972,160.0,3.0,0.036,0.0016934867198074113,0.004978163587031474,0.0,49.04693498443947,49.0896066347463,3.129555354813484,0.005662515227525826,-26.638591766357422,-34.78496551513672,3.0390389962512326e-07
1.0,0.06421444130129024,0.5321072206506451,0.025391560609361652,0.25795873767257516,160.0,3.0,0.036,0.0033391509476670923,0.004629332819660612,0.0001752017682045954,49.01216015778928,49.05630384332481,2.860841125937352,0.7519765970900663,-26.679527282714844,-38.61738967895508,3.277966277102302e-07
1.0,0.03000000120000005,0.34333334060000004,0.0,0.25750000030000003,150.0,3.0,0.036,0.0015600000624000025,0.00298700006322,0.0,48.925000057000005,48.965547057125626,1.764565586092214,-0.03662642140174445,-20.29090118408203,-13.865427017211914,2.5987592892108893e-11
1.0,0.03400000081600002,0.2196766089733618,0.2709292695938088,0.257325386543073,160.0,5.165166,0.036,0.0017680000424320009,0.0019111864980682475,0.0018694119601972807,48.891823443183874,48.93337204168457,0.17089003360020694,-0.0649941183094969,30.005619049072266,-48.9450798034668,1.4115214134432464e-06
1.0,0.07242964220770765,0.5362148211038538,0.0,0.2567653946559382,160.0,4.0,0.036,0.0037663413948007974,0.004665068943603527,0.0,48.78542498462825,48.829856394966654,2.9945158524509035,0.9023723542624562,-27.154281616210938,-38.887821197509766,1.34984957078549e-06
1.0,0.06668443139919142,0.581932038255578,0.0,0.25641452103496637,160.0,4.049741,0.036,0.0034675904327579536,0.005062808732823529,0.0,48.71875899664361,48.76328939580919,3.207640653086201,0.849728479189511,-28.024415969848633,-37.819236755371094,1.260213042029778e-06
1.0,0.03333333333333333,0.3306666666666667,0.0,0.25598883433333336,160.0,3.0,0.036,0.0017333333333333333,0.0028768,0.0,48.63787852333334,48.67848865666667,1.9287641410338958,-0.43816727726561605,-11.025795936584473,-40.758697509765625,3.5992593258882213e-07
1.0,0.023901153433812983,0.3554099335004709,0.0,0.25597528835845323,160.0,4.0,0.036,0.001242859978558275,0.0030920664214540965,0.0,48.63530478810611,48.675639714506126,2.0345721807626553,-0.6228500679887028,-11.722273826599121,-38.64459991455078,1.55045672293802e-06
1.0,0.02219921101340153,0.556919174040771,0.0,0.2555498027533504,160.0,4.0,0.036,0.0011543589726968795,0.004845196814154707,0.0,48.55446252313657,48.59646207892342,3.016452188241768,-0.27958483801665923,-25.688505172729492,-34.42326354980469,1.305149892183227e-06
1.0,0.03333333333333333,0.29546763400000003,0.14815614033333335,0.25551181666666667,160.0,4.7095804,0.036,0.0017333333333333333,0.0025705684158,0.0010222773683000001,48.54724516666667,48.5885713457841,1.080697714778946,-0.19632270939276003,-1.8397295475006104,-44.4775390625,1.1071267582045875e-06
1.0,0.06702725991958204,0.6223054070911007,0.0,0.2554633664500889,160.0,5.0,0.036,0.003485417515818266,0.0054140570416925755,0.0,48.53803962551689,48.5829391000744,3.395911167234703,0.9321116370083321,-28.953310012817383,-37.155582427978516,8.375817946378868e-07
1.0,0.020559506407370174,0.30487221080644666,0.0,0.25513987660184256,140.0,4.200054,0.036,0.001069094333183249,0.002652388234016086,0.0,48.47657655435009,48.51629803691729,1.306363429969366,0.11354473383050993,-25.125154495239258,-2.232062339782715,4.1369008904222455e-08
1.0,0.06956652403210356,0.45293518646076136,0.0,0.25465869823538945,160.0,3.0,0.036,0.003617459249669385,0.003940536122208624,0.0,48.385152664724,48.428710660095874,2.567162415295003,0.6752882337735657,-17.497295379638672,-44.83049392700195,3.520242923656199e-07
1.0,0.05,0.3936395715,0.0,0.25417470750000004,160.0,4.0,0.036,0.0026,0.0034246642720499997,0.0,48.29319442500001,48.33521908927206,2.2431044789488492,0.08353487863683877,-15.308358192443848,-42.850364685058594,1.5476705390238952e-06
1.0,0.0643488055317322,0.5321744027658661,0.0,0.25341638429679114,164.7241,4.0,0.036,0.003346137887650074,0.004629917304063035,0.0,48.14911301639032,48.19308907158203,3.0463765874372846,0.48030708293468355,-27.271591186523438,-38.8782844543457,2.344236188257444e-10
1.0,0.06320645459257783,0.4053746363703997,0.0,0.25314439597576893,160.0,3.9084766,0.036,0.003286735638814047,0.0035267593364224775,0.0,48.0974352353961,48.14024873037133,2.310546348021683,0.4266256875105404,-16.253774642944336,-44.57894515991211,1.470529360056018e-06
1.0,0.08,0.4216934952,0.0,0.252218664,160.0,3.0,0.036,0.00416,0.0036687334082399995,0.0,47.92154616,47.96537489340824,2.4081848130532255,0.8679029957221024,-16.629173278808594,-45.68776321411133,3.58011651257745e-07
1.0,0.028597534034640194,0.44567428820802135,0.0,0.2521072395407236,160.0,3.0,0.036,0.00148707176980129,0.0038773663074097857,0.0,47.90037551273749,47.9417399508147,2.453730531206915,-0.335693234376539,-21.612634658813477,-36.38762283325195,3.542612878486176e-07
1.0,0.04,0.5155110168,0.0,0.2516439952,170.0,4.0,0.036,0.00208,0.0044849458461599994,0.0,47.81235908800001,47.85492403384617,3.039883898287508,-0.3856656765092227,-19.2617244720459,-38.04207992553711,2.7238364498149437e-09
1.0,0.02,0.3630458664,0.0,0.251218095,160.0,4.0,0.036,0.00104,0.0031584990376799997,0.0,47.731438049999994,47.77163654903767,2.0271021140833936,-0.7056244418555029,-11.77978229522705,-38.1457405090332,1.5534820552745033e-06
1.0,0.03364753174156731,0.31009425952247016,0.0,0.25111749432274344,160.0,4.0,0.036,0.0017496716505615,0.00269782005784549,0.0,47.71232392132126,47.75277141302966,1.7855779076434828,-0.47510599409911114,-10.012140274047852,-40.84530258178711,1.5434558596376815e-06
1.0,0.05,0.525,0.06396075000000001,0.250000002,160.0,4.0,0.036,0.0026,0.0045674999999999995,0.0004413291750000001,47.50000038,47.543609209175,2.564137289929004,0.4677074045558064,-25.581533432006836,-36.85538101196289,1.4078810235947097e-06
1.0,0.05,0.49143313800000005,0.0,0.250000002,160.0,4.0,0.036,0.0026,0.0042754683006,0.0,47.50000038,47.5428758483006,2.687804782881997,0.26807925420111534,-24.541147232055664,-37.5667610168457,1.4437106664036512e-06
1.0,0.05,0.42000000000000004,0.0,0.250000002,160.0,4.0,0.036,0.0026,0.003654,0.0,47.50000038,47.54225438,2.337650686237526,0.1316506372911208,-16.082557678222656,-42.67546081542969,1.5342132410362523e-06
1.0,0.05,0.315,0.0,0.250000002,160.0,5.0,0.036,0.0026,0.0027405,0.0,47.50000038,47.54134088,1.820632738498711,-0.07156963204674725,-12.164617538452148,-44.00223922729492,1.2383821887758803e-06
1.0,0.05884375781886432,0.5054265946153678,0.0,0.24951683859470516,160.0,3.0,0.036,0.0030598754065809444,0.0043972113731537,0.0,47.40819933299398,47.45165641977371,2.7669395678481723,0.5121776182095404,-25.741764068603516,-38.342647552490234,3.3661575373932996e-07
1.0,0.045454545454545456,0.20904523318181817,0.2084400509090909,0.2489177509090909,160.0,3.621008,0.036,0.0023636363636363638,0.0018186935286818179,0.0014382363512727271,47.29437267272727,47.335993238970865,0.34996088334556175,0.06035534465796976,29.668270111083984,-49.1928596496582,8.914640379059466e-07
1.0,0.04335003335568317,0.46933760545712544,0.0,0.2484166765958294,160.0,4.0,0.036,0.0022542017344955247,0.0040832371674769915,0.0,47.199168553207585,47.24150599210956,2.557151793203833,0.06340644841655942,-23.298608779907227,-37.11213684082031,1.4792213438798574e-06
1.0,0.03333333333333333,0.5927549783333333,0.0,0.24839743033333336,140.0,3.0,0.036,0.0017333333333333333,0.0051569683115,0.0,47.195511763333336,47.23840206497817,2.681980650930596,0.9734528026918798,-29.916963577270508,-11.076377868652344,1.3973323972616796e-08
1.0,0.03000000120000005,0.7828000009120001,0.0,0.24825126978922482,160.0,4.0,0.036,0.0015600000624000025,0.0068103600079344,0.0,47.16774125995271,47.212111620023045,4.073861580873637,0.33752063376331193,-32.07036209106445,-33.93471145629883,7.162630255641177e-07
1.0,0.030182527021209143,0.598634430630653,0.0,0.2476400249868078,160.0,4.0,0.036,0.0015694914051028754,0.005208119546486681,0.0,47.05160474749348,47.09438235844507,3.1662870543693336,-0.010103373831563485,-27.320146560668945,-34.48082733154297,1.2135855721320902e-06
1.0,0.04,0.29153563920000003,0.0,0.24761904960000003,165.0,4.0,0.036,0.00208,0.00253636006104,0.0,47.047619424000004,47.08823578406104,1.7914523865701355,-0.5868015852380281,-9.840664863586426,-42.198482513427734,3.3123038894403145e-10
1.0,0.034810966011269005,0.25345962338888933,0.1076814564008246,0.24638356530708494,160.0,4.735585,0.036,0.0018101702325859883,0.002205098723483337,0.0007430020491656897,46.81287740834614,46.85363567935138,0.9833378505011321,-0.33134109151098906,-3.315371513366699,-42.427589416503906,1.1035723231212773e-06
1.0,0.03333333333333333,0.3936508133333334,0.01968251999999998,0.24603174800000005,160.0,4.0,0.036,0.0017333333333333333,0.0034247620760000006,0.00013580938799999986,46.74603212000001,46.787326024797345,2.06380106467835,-0.28417254418314053,-14.071863174438477,-39.41065979003906,1.569547548072669e-06
1.0,0.03333333333333333,0.3306666666666667,0.0,0.24603174800000005,160.0,4.0531507,0.036,0.0017333333333333333,0.0028768,0.0,46.74603212000001,46.78664225333334,1.8436284616039615,-0.4463103830760287,-10.848129272460938,-40.538021087646484,1.5770404299883567e-06
1.0,0.03333333333333333,0.27555556933333336,0.03555691733333338,0.24603174800000005,160.0,4.2813873,0.036,0.0017333333333333333,0.0023973334532000003,0.0002453427296000003,46.74603212000001,46.78640812951614,1.4127325649617486,-0.47684053935609505,-7.4807891845703125,-41.2658805847168,1.4740424682201355e-06
1.0,0.025333695436286767,0.2926476263369909,0.03496525296152925,0.24589564987957377,160.0,3.0,0.036,0.0013173521626869118,0.00254603434913182,0.0002412602454345518,46.72017347711902,46.76027812387627,1.4899674934257479,-0.6365163190633055,-8.341683387756348,-39.732547760009766,3.6097460222201305e-07
1.0,0.05,0.600976425,0.0,0.245472486,160.0,3.0,0.036,0.0026,0.0052284948975,0.0,46.63977234,46.6836008348975,3.1894948285190403,0.4775587771960137,-28.34697914123535,-35.97164535522461,2.9041024848936234e-07
1.0,0.02085141585492452,0.326322198952796,0.0,0.24539696946823383,160.0,5.0,0.036,0.0010842736244560751,0.002839003130889325,0.0,46.62542419896443,46.66534747571978,1.797600368258468,-0.76086025504465,-9.982285499572754,-38.45625305175781,1.2385889786558067e-06
1.0,0.07598651391351063,0.40989964484298536,0.018250474374125636,0.24454239246030657,160.0,4.0,0.036,0.003951298723502553,0.0035661269101339723,0.00012592827318146687,46.46305456745825,46.50669792136507,2.1965154691379527,0.7797168817689856,-16.454984664916992,-45.513553619384766,1.5563137387753616e-06
1.0,0.05,0.30605519700000006,0.10131907799999995,0.244493487,160.0,4.0,0.036,0.0026,0.0026626802139000003,0.0006991016381999996,46.45376253,46.4957243118521,1.276839072722358,0.12576325224596377,-6.54574728012085,-45.600711822509766,1.5752929919657364e-06
1.0,0.05525845845367935,0.361792566045929,0.0,0.24444268635718724,160.0,3.0,0.036,0.002873439839591326,0.0031475953245995824,0.0,46.44411040786558,46.48613144302977,2.015772355303417,0.1480035577700117,-14.351024627685547,-43.937259674072266,3.649620851816645e-07
1.0,0.025,0.515310345,0.0,0.244047621,160.0,4.0,0.036,0.0013,0.0044832000014999995,0.0,46.36904799,46.410831190001495,2.720846190536625,-0.29712208078760044,-23.790952682495117,-34.97230911254883,1.401986770834983e-06
1.0,0.05562176708907876,0.25905720323281833,0.1260668694869409,0.2436932090048087,160.0,3.0,0.036,0.0028923318886320956,0.0022537976681255194,0.0008698613994598922,46.301709710913656,46.34372570186987,0.9384009802444176,0.22733092692937135,3.4135806560516357,-46.89033508300781,3.51318528119351e-07
1.0,0.07125340003411612,0.3213760200102348,0.23848960931337515,0.24346668474753566,160.0,2.8659043,0.036,0.003705176801774038,0.0027959713740890427,0.0016455783042622885,46.25867010203178,46.3028168285119,0.7573473273713852,0.9647183975970012,25.99361228942871,-48.034244537353516,2.697070612920597e-07
1.0,0.02,0.37116131280000003,0.0,0.2428571448,160.0,3.0,0.036,0.00104,0.00322910342136,0.0,46.142857512,46.18312661542136,1.9997742704778152,-0.691906979931244,-12.134273529052734,-38.0693359375,3.6400696711954483e-07
1.0,0.02,0.3229553988,0.03427267319999999,0.2428571448,160.0,4.774778,0.036,0.00104,0.00280971196956,0.00023648144507999993,46.142857512,46.18294370541464,1.604918632415483,-0.7161195273955308,-9.042652130126953,-38.90279006958008,1.1146278042354344e-06
1.0,0.06666666666666667,0.36570434133333335,0.060962325333333345,0.24242424533333334,160.0,4.0,0.036,0.0034666666666666665,0.0031816277696,0.0004206400448000001,46.060606613333334,46.103675547814404,1.7569400537767932,0.5581566491213201,-14.795120239257812,-46.26108169555664,1.597320546080393e-06
1.0,0.06392198041034204,0.35464066722959386,0.0,0.241800452994865,160.0,3.0,0.036,0.003323942981337786,0.0030853738048974666,0.0,45.94208606902435,45.98449538581058,1.970752527223852,0.34350017603430916,-14.449633598327637,-45.04832077026367,3.648471620553019e-07
1.0,0.06331792111815396,0.40888949620238424,0.0,0.24166316679044753,160.0,3.9355397,0.036,0.003292531898144006,0.0035573386169607426,0.0,45.91600169018503,45.95885156070013,2.2325219461191654,0.4298437956477369,-16.370119094848633,-44.554771423339844,1.5039491336840303e-06
1.0,0.06255551802224474,0.6195952485580953,0.0,0.24148989335747978,160.0,3.0,0.036,0.0032528869371567263,0.005390478662455429,0.0,45.88307973792116,45.92772310352077,3.2650499891635376,0.816153518933446,-29.004074096679688,-36.73655319213867,2.79757539094195e-07
1.0,0.06669999887944002,0.26111002582570597,0.03578179010841154,0.23984954281203996,160.0,4.775179,0.036,0.003468399941730881,0.0022716572246836418,0.0002468943517480396,45.571413134287596,45.61340008580576,1.334561393718074,0.3023972194888325,-11.015914916992188,-45.989845275878906,1.098480817759463e-06
1.0,0.054999450005499946,0.29539984600154,0.15009907615003848,0.2393136592905071,160.0,4.0,0.036,0.0028599714002859973,0.002569978660213398,0.0010356836254352656,45.46959526519635,45.51206089888228,0.9687033886312634,0.32751291078352646,3.125234603881836,-47.220436096191406,1.533876346972347e-06
1.0,0.05,0.41604538500000005,0.0,0.23863636650000003,160.0,4.0,0.036,0.0026,0.0036195948495,0.0,45.340909635,45.3831292298495,2.223897399570375,0.11802917207014633,-15.96073055267334,-42.64253616333008,1.547114235292945e-06
1.0,0.05,0.4117647135,0.0,0.23863636650000003,160.0,4.0,0.036,0.0026,0.0035823530074499997,0.0,45.340909635,45.38309198800745,2.2029142157976804,0.10985360945954067,-15.861261367797852,-42.65946578979492,1.5503810920915357e-06
1.0,0.05,0.378,0.0,0.23863636650000003,160.0,4.0,0.036,0.0026,0.0032885999999999996,0.0,45.340909635,45.382798235,2.0374048585851794,0.04536710792621557,-14.792238235473633,-42.98089599609375,1.5676941647680652e-06
1.0,0.043861286226078,0.2087047507358354,0.03801666602561482,0.23724120426191217,160.0,5.4949265,0.036,0.002280786883756056,0.0018157313314017677,0.00026231499557674223,45.075828809763316,45.11618764297405,1.0126936428588609,-0.3513743048100757,-5.749863624572754,-40.60464096069336,3.902282339559049e-06
1.0,0.04,0.5546666944,0.0,0.2363636392,160.0,5.0,0.036,0.00208,0.0048256002412800005,0.0,44.909091448,44.95199704824128,2.868371470173538,0.1358322485195399,-26.173866271972656,-35.423805236816406,9.924086623813597e-07
1.0,0.04,0.2127460192,0.17010398079999997,0.2363636392,140.0,3.7522304,0.036,0.00208,0.00185089036704,0.0011737174675199998,44.909091448,44.95019605583456,-0.03971560717456444,0.7616853771261414,-29.942218780517578,27.20099449157715,3.8714467886282335e-08
1.0,0.03000000120000005,0.8068069628399693,0.0,0.2362385342752294,160.0,5.0,0.036,0.0015600000624000025,0.007019220576707732,0.0,44.88532151229359,44.929900732932694,4.089456852409908,0.3742727157903244,-32.381935119628906,-33.72218322753906,4.5544798915664316e-07
1.0,0.03333333333333333,0.5916198513333334,0.0,0.2348484876666667,140.0,3.7641096,0.036,0.0017333333333333333,0.0051470927066000005,0.0,44.62121265666667,44.66409308270661,2.562124306315896,0.9619990527937183,-30.027719497680664,-11.164942741394043,3.323678313976696e-08
1.0,0.03333333333333333,0.2577128786666667,0.11188546866666665,0.2348484876666667,160.0,4.0,0.036,0.0017333333333333333,0.0022421020444000003,0.0007720097337999999,44.62121265666667,44.661960101778206,0.8891177450800704,-0.3544109271868599,-3.1056430339813232,-42.3322868347168,1.529352293788915e-06
1.0,0.028572982941700603,0.3856141095937287,0.02123212237150729,0.23376658983740373,160.0,4.0,0.036,0.0014857951129684313,0.0033548427534654396,0.00014650164436340028,44.415652069106706,44.4566392086175,1.9089863009112142,-0.4184888008336032,-13.644414901733398,-38.704010009765625,1.5830041934522038e-06
1.0,0.02586774648987614,0.30773496449626964,0.11783697577327229,0.23315176336370208,140.0,4.0,0.036,0.0013451228174735591,0.0026772941911175456,0.0008130751328355788,44.298835039103395,44.33967053124482,0.6146297347888124,0.4864953015367868,-31.80964469909668,26.911476135253906,4.8389583677354495e-08
1.0,0.07663797775061558,0.21191294130626906,0.23359141304519013,0.23300144773252213,140.0,4.484507,0.036,0.00398517484303201,0.0018436425893645406,0.001611780750011812,44.270275069179206,44.31371566736161,-0.3088337544001506,1.781336886224274,-49.99971389770508,13.18735408782959,2.9113215153023437e-08
1.0,0.06387019736433883,0.3107702617691792,0.1051763567292372,0.18186063121295348,160.0,4.5557857,0.036,0.003321250262945619,0.002703701277391859,0.0007257168614317367,34.553519930461164,34.59627059886293,0.7803290787144939,0.44511681412957027,10.910539627075195,-41.24692153930664,1.261621707894989e-06
1.0,0.06669999887944002,0.26667499971986003,0.12395190524578953,0.18181629472400343,160.0,4.0,0.036,0.003468399941730881,0.002320072497562782,0.0008552681461959478,34.54509599756065,34.58773973814614,0.4844150764933903,0.47092754528836533,13.20106029510498,-41.38664245605469,1.5521827503349861e-06
1.0,0.08961296964925215,0.31601456567733655,0.17439215263556407,0.18160216524025194,165.0,2.8920147,0.036,0.004659874421761112,0.0027493267213928277,0.0012033058531853921,34.50441139564787,34.54902390264421,0.6485816468945923,1.0030114117529914,18.14836883544922,-45.584835052490234,1.23753762892724e-10
1.0,0.03120359245711815,0.30135213191595794,0.2120327828295368,0.18113240626030186,160.0,3.0,0.036,0.0016225868077701438,0.002621763547668834,0.001463026201523804,34.415157189457354,34.45686456601432,0.2050654901571003,-0.13664078202035157,34.527400970458984,-24.6528377532959,3.4205342045232416e-07
1.0,0.08960115033540847,0.3268803451006225,0.2888163928509894,0.1806489953423521,160.0,5.0,0.036,0.00465925981744124,0.0028438590023754156,0.001992833110671827,34.3233091150469,34.36880506697739,0.05630275468642539,1.4885321527264634,32.095062255859375,-44.07756805419922,1.1031298897054893e-06
1.0,0.13333333333333333,0.27645665199999997,0.1973189886666667,0.17993130933333332,140.0,4.7640176,0.036,0.006933333333333333,0.0024051728723999996,0.0013615010218000002,34.18694877333333,34.23364878056086,-0.1919753257384455,3.176643155458336,-62.972713470458984,-0.6784192323684692,2.266594904445699e-08
1.0,0.05,0.226437855,0.09793358400000005,0.179921448,168.07178,4.0,0.036,0.0026,0.0019700093384999997,0.0006757417296000003,34.18507512,34.2263208710681,0.5546533171013975,-0.43728467693192385,11.790194511413574,-38.74832534790039,2.1896717240486066e-11
1.0,0.025,0.30693252925,0.03593038074999999,0.17893925199999997,140.0,4.4931197,0.036,0.0013,0.0026703130044749995,0.0002479196271749999,33.99845788,34.03867611263165,0.5272178249106843,0.26005445577571473,-22.365516662597656,14.184953689575195,3.157729693648424e-08
1.0,0.06660249738052378,0.3165877800097399,0.11005321894246961,0.1777670864520956,170.0,4.0,0.036,0.003463329863787236,0.002754313686084737,0.0007593672107030404,33.77574642589816,33.818723436658736,0.9921747005092748,0.07471558209820714,11.37589168548584,-39.25633239746094,3.0696717462522224e-09
1.0,0.0600000024000001,0.25454352457632495,0.12942494029303764,0.17770161220234326,160.0,4.0,0.036,0.003120000124800005,0.002214528663814027,0.0008930320880219597,33.76330631844522,33.80553387932185,0.3568522273663897,0.2943132811811185,14.057148933410645,-41.24650955200195,1.5343636862696733e-06
1.0,0.05,0.33749289,0.0,0.176919876,160.0,3.0,0.036,0.0026,0.0029361881429999996,0.0,33.61477644,33.656312628143,1.3286501124904815,-0.06227257625610792,2.4433350563049316,-28.664039611816406,3.682154010550126e-07
1.0,0.03333333333333333,0.31,0.29231526466666674,0.1769053336666667,160.0,4.0,0.036,0.0017333333333333333,0.0026969999999999997,0.0020169753262000004,33.61201339666667,33.6544607053262,-0.14877942865571706,0.09680038322182351,41.189842224121094,-27.95018768310547,1.2921670371170731e-06
1.0,0.03333333333333333,0.2039146416666667,0.41558217666666664,0.17651633533333336,160.0,4.0,0.036,0.0017333333333333333,0.0017740573825,0.002867517019,33.538103713333335,33.58047862106817,-1.2274641689992292,0.155159432829723,44.89048385620117,-32.93924331665039,8.71221508957131e-07
1.0,0.03000000120000005,0.29419993034275727,0.0,0.17618143840525996,160.0,5.4996605,0.036,0.0015600000624000025,0.002559539393981988,0.0,33.47447329699939,33.514592836455776,1.076836548182292,-0.6381579180284118,7.789190292358398,-9.112722396850586,4.161619997736463e-06
1.0,0.051270146091205074,0.3153810438273615,0.1717976947200035,0.17554490510493972,160.0,4.0,0.036,0.002666047596742664,0.002743815081298045,0.0011854040935680241,33.35353196993855,33.39612723671016,0.43415490742652896,0.2869536465309484,22.027467727661133,-43.916725158691406,1.5429953034495152e-06
1.0,0.0600000024000001,0.315952441115364,0.10804755984463599,0.17510446379646294,160.0,4.0,0.036,0.003120000124800005,0.0027487862377036667,0.0007455281629279883,33.26984812132796,33.31246243585339,0.7326277821408397,0.3649156514514897,10.791357040405273,-41.08211898803711,1.605258267589095e-06
1.0,0.046616488988695824,0.3537903673817415,0.0,0.17443608498683758,160.0,3.6596825,0.036,0.0024240574274121828,0.003077976196221151,0.0,33.14285614749914,33.184358181122775,1.3816993419219572,-0.11647900791206398,2.257235288619995,-28.144540786743164,1.136846473752235e-06
1.0,0.04590483642798493,0.3114600221579863,0.19233388778805938,0.1743174762243469,160.0,4.0,0.036,0.002387051494255216,0.0027097021927744804,0.0013271038257376096,33.120320482625914,33.16274434013868,0.3047864196899652,0.19191752468808118,22.375242233276367,-43.95627212524414,1.5094816249546162e-06
1.0,0.06676575149293228,0.5214376275645763,0.0,0.17422393717770285,160.0,5.0,0.036,0.0034718190776324783,0.0045365073598118135,0.0,33.10254806376354,33.146556390200985,2.2264652464616823,0.6897253976012266,-28.837886810302734,-28.686838150024414,1.0771348928158225e-06
1.0,0.10778450987850423,0.35449104316112134,0.05053998742469279,0.1741071015970043,160.0,5.0,0.036,0.00560479451368222,0.0030840720755017557,0.00034872591323038024,33.080349303430815,33.12538689593323,1.2361363371342315,1.4748600979198838,2.569931983947754,-36.4013671875,1.2904893123767674e-06
1.0,0.07574611055084238,0.19555755106797776,0.22075506418178217,0.17374178569968424,140.0,4.0,0.036,0.003938797748643803,0.0017013506942914064,0.001523209942854297,33.01093928294001,33.0541026413258,-0.8233888910188004,1.6708786290483126,-48.24281311035156,14.994284629821777,4.4208645995205776e-08
1.0,0.06666666666666667,0.21006452266666664,0.09319297066666671,0.17352981333333334,160.0,4.0,0.036,0.0034666666666666665,0.0018275613471999996,0.0006430314976000002,32.970664533333334,33.0126017928448,0.27665855123729644,0.29240117943210037,14.45162582397461,-39.64604949951172,1.4817886158400744e-06
1.0,0.15400000221760002,0.26037606268035524,0.19546557051561914,0.1730606604725644,140.0,3.0,0.036,0.008008000115315201,0.0022652717453190904,0.001348712436557772,32.881525489787236,32.92914747408443,-0.28682718115815686,3.6453713418013862,-62.5612678527832,-0.5138020515441895,1.703562940940372e-08
1.0,0.05,0.525,0.05265346800000004,0.172888002,140.0,5.0088305,0.036,0.0026,0.0045674999999999995,0.00036330892920000027,32.84872038,32.8922511889292,1.5039154246200779,1.3149794017828216,-36.947025299072266,-10.12134838104248,2.3899241300571112e-08
1.0,0.05,0.309180648,0.0,0.1728165075,160.0,4.0,0.036,0.0026,0.0026898716375999996,0.0,32.835136425,32.876426296637604,1.1534675008703852,-0.12121990385449272,3.4740209579467773,-29.099546432495117,1.5775552312597988e-06
1.0,0.04916354859150612,0.24360400436793253,0.03670991781615221,0.1727532450254286,160.0,5.0,0.036,0.002556504526758318,0.0021193548380010127,0.00025329843293145024,32.82311655483144,32.86404571262913,0.6625998788344043,-0.19172941263173876,7.7019267082214355,-33.956939697265625,1.2740089388879453e-06
1.0,0.06666666666666667,0.364656064,0.020355861333333336,0.172681664,160.0,4.0,0.036,0.0034666666666666665,0.0031725077567999996,0.00014045544320000002,32.80951616,32.852295789866666,1.3556026495353535,0.4328726208164055,0.34893274307250977,-27.65450668334961,1.606681022042598e-06
1.0,0.1,1.0109407000000001,0.0,0.17247621600000002,140.0,4.161355,0.036,0.0052,0.00879518409,0.0,32.77048104,32.82047622409,4.190867256239325,3.3488094431880016,-40.95318603515625,-17.474199295043945,8.62342634586367e-09
1.0,0.046592538559053064,0.5117341847327508,0.0,0.17228006873884807,160.0,4.0,0.036,0.0024228120050707592,0.004452087407174931,0.0,32.73321306038113,32.77608795979338,2.137186700791049,0.1825279054747225,-27.990745544433594,-28.533432006835938,1.4343342847378055e-06
1.0,0.03333333333333333,0.2977681026666667,0.06348872333333333,0.17222222566666667,160.0,4.0,0.036,0.0017333333333333333,0.0025905824932,0.00043807219099999996,32.72222287666667,32.762984864684206,0.7834631746922831,-0.4138978497980899,14.353496551513672,-11.216134071350098,1.6023466249113454e-06
1.0,0.03300000033,0.238776472886279,0.06785464003167668,0.17216667016499998,160.0,5.383339,0.036,0.00171600001716,0.002077355314110627,0.0004681970162185691,32.71166733134999,32.75192888369748,0.47048497293306857,-0.5291570875339752,17.651182174682617,-10.514968872070312,3.017078204537164e-06
1.0,0.03333333333333333,0.3014332533333334,0.13119499666666667,0.17176637066666667,160.0,5.6562934,0.036,0.0017333333333333333,0.002622469304,0.000905245477,32.635610426666666,32.676871474781,0.4887094529263757,-0.268129669703232,20.436037063598633,-15.29200553894043,6.422967750752423e-06
1.0,0.06666666666666667,0.2898292586666667,0.21209945599999996,0.171333728,160.0,5.0,0.036,0.0034666666666666665,0.0025215145504,0.0014634862463999997,32.553408319999996,32.59685998746346,0.11129891159201032,0.6928244187965663,23.897428512573242,-44.71363067626953,1.235321159619507e-06
1.0,0.02789022574488169,0.2569725564362204,0.0,0.17131504105044768,140.0,3.0,0.036,0.0014502917387338478,0.0022356612409951174,0.0,32.549857799585055,32.589543752564786,0.3883765164201541,0.15868936728577304,-21.378131866455078,15.423986434936523,1.6163239319890728e-08
1.0,0.02,0.255,0.050090159999999995,0.1708317828,160.0,3.3812797,0.036,0.00104,0.0022185,0.000345622104,32.458038732,32.497642854104,0.6056485338455728,-0.8471177258618,14.402481079101562,-7.109973430633545,6.742642604654957e-07
1.0,0.05051154812692319,0.36577669149215103,0.0,0.16982688394824777,160.0,5.0,0.036,0.0026266005026000057,0.003182257215981714,0.0,32.26710795016707,32.30891680788565,1.4044484263067334,-0.004974756604951288,2.1214253902435303,-27.60907554626465,1.2692687292318067e-06
1.0,0.025,0.25043920324999996,0.15956079675,0.16982665349999998,160.0,4.0,0.036,0.0013,0.0021788210682749994,0.0011009694975750001,32.267064164999994,32.307643955565844,0.08714659724436255,-0.5045545926992919,34.07173156738281,-20.27291488647461,1.4954171854668916e-06
1.0,0.03000000120000005,0.39238097245714293,0.0,0.16959080829758152,170.0,4.183725,0.036,0.0015600000624000025,0.003413714460377143,0.0,32.22225357654049,32.26322729106327,1.7406606719990125,-0.9081916996398205,4.198212146759033,-18.900846481323242,2.8017298731378807e-09
1.0,0.063829785875962,0.24918235074572467,0.2691751485925423,0.16764302106258339,160.0,4.9595695,0.036,0.0033191488655500236,0.0021678864514878046,0.001857308525288542,31.852174001890845,31.89551834573317,-0.3796068711222459,0.6653123731938657,31.17413902282715,-43.25196075439453,1.074411510856033e-06
1.0,0.063829785875962,0.24918235074572467,0.2691751485925423,0.16764302106258339,160.0,4.9595695,0.036,0.0033191488655500236,0.0021678864514878046,0.001857308525288542,31.852174001890845,31.89551834573317,-0.3796068711222459,0.6653123731938657,31.17413902282715,-43.25196075439453,1.074411510856033e-06
1.0,0.06669999887944002,0.266686413409848,0.15999358614192805,0.16758733809795082,160.0,5.2966714,0.036,0.003468399941730881,0.0023201717966656776,0.0011039557443793034,31.841594238610654,31.88448676609343,0.20089018241111842,0.5362363415555428,21.922691345214844,-41.303897857666016,2.3676734252162723e-06
1.0,0.06669999887944002,0.266686413409848,0.15999358614192805,0.16758733809795082,160.0,5.2966714,0.036,0.003468399941730881,0.0023201717966656776,0.0011039557443793034,31.841594238610654,31.88448676609343,0.20089018241111842,0.5362363415555428,21.922691345214844,-41.303897857666016,2.3676734252162723e-06
1.0,0.06267974592388911,0.2589657875142673,0.15052265625713662,0.16717209553522203,160.0,4.809475,0.036,0.0032593467880422337,0.002253002351374125,0.0010386063281742426,31.762698151692184,31.805249107159774,0.19784574248748082,0.40479709427957594,21.454877853393555,-41.12602996826172,1.1217876685222663e-06
1.0,0.06267974592388911,0.2589657875142673,0.15052265625713662,0.16717209553522203,160.0,4.809475,0.036,0.0032593467880422337,0.002253002351374125,0.0010386063281742426,31.762698151692184,31.805249107159774,0.19784574248748082,0.40479709427957594,21.454877853393555,-41.12602996826172,1.1217876685222663e-06
1.0,0.06666666666666667,0.21333333333333335,0.024884032,0.16687208533333334,160.0,4.7427344,0.036,0.0034666666666666665,0.001856,0.0001716998208,31.705696213333333,31.7471905798208,0.5434667756726015,0.1483635187418676,9.249892234802246,-35.22097396850586,1.0789345027250017e-06
1.0,0.06666666666666667,0.21333333333333335,0.024884032,0.16687208533333334,160.0,4.7427344,0.036,0.0034666666666666665,0.001856,0.0001716998208,31.705696213333333,31.7471905798208,0.5434667756726015,0.1483635187418676,9.249892234802246,-35.22097396850586,1.0789345027250017e-06
1.0,0.04,0.417959048,0.015485860000000018,0.1663945088,160.0,5.0,0.036,0.00208,0.0036362437175999998,0.00010685243400000012,31.614956672,31.6567797681516,1.547419746750259,-0.12981771930146532,-1.2630726099014282,-19.303247451782227,1.2439080832611647e-06
1.0,0.04,0.417959048,0.015485860000000018,0.1663945088,160.0,5.0,0.036,0.00208,0.0036362437175999998,0.00010685243400000012,31.614956672,31.6567797681516,1.547419746750259,-0.12981771930146532,-1.2630726099014282,-19.303247451782227,1.2439080832611647e-06
1.0,0.03333333333333333,0.3441482876666667,0.0,0.1661766676666667,160.0,4.0,0.036,0.0017333333333333333,0.0029940901027000004,0.0,31.573566856666673,31.61429428010271,1.246686824914124,-0.46306529205029984,1.8317705392837524,-16.81523323059082,1.5885938951362236e-06
1.0,0.03333333333333333,0.3441482876666667,0.0,0.1661766676666667,160.0,4.0,0.036,0.0017333333333333333,0.0029940901027000004,0.0,31.573566856666673,31.61429428010271,1.246686824914124,-0.46306529205029984,1.8317705392837524,-16.81523323059082,1.5885938951362236e-06
1.0,0.05258511031567367,0.4595037352727668,0.0,0.16582766865488865,140.0,4.0,0.036,0.002734425736415031,0.00399768249687307,0.0,31.507257044428844,31.549989152662132,1.367406950293513,1.1400950826290106,-37.44465255737305,-7.145725250244141,4.570627689140132e-08
1.0,0.05258511031567367,0.4595037352727668,0.0,0.16582766865488865,140.0,4.0,0.036,0.002734425736415031,0.00399768249687307,0.0,31.507257044428844,31.549989152662132,1.367406950293513,1.1400950826290106,-37.44465255737305,-7.145725250244141,4.570627689140132e-08
1.0,0.0600000024000001,0.2650000006,0.07369179376684937,0.16561984877498834,160.0,4.7760534,0.036,0.003120000124800005,0.00230550000522,0.0005084733769912606,31.467771267247784,31.509705240754794,0.5571058686916776,0.1876626300592471,12.138208389282227,-36.79671096801758,1.1408378114297697e-06
1.0,0.0600000024000001,0.2650000006,0.07369179376684937,0.16561984877498834,160.0,4.7760534,0.036,0.003120000124800005,0.00230550000522,0.0005084733769912606,31.467771267247784,31.509705240754794,0.5571058686916776,0.1876626300592471,12.138208389282227,-36.79671096801758,1.1408378114297697e-06
1.0,0.1,0.233503182,0.281932838,0.16545384900000001,140.0,3.1368623,0.036,0.0052,0.0020314776834,0.0019453365822,31.436231310000004,31.481408124265602,-0.9463343742981823,2.4603537545650997,-55.021114349365234,12.860044479370117,1.8278218321069453e-08
1.0,0.1,0.233503182,0.281932838,0.16545384900000001,140.0,3.1368623,0.036,0.0052,0.0020314776834,0.0019453365822,31.436231310000004,31.481408124265602,-0.9463343742981823,2.4603537545650997,-55.021114349365234,12.860044479370117,1.8278218321069453e-08
1.0,0.1,0.358073584,0.08192641600000006,0.165,140.0,5.5137424,0.036,0.0052,0.0031152401808,0.0005652922704000004,31.35,31.3948805324512,0.5562252331637447,2.26787649996485,-47.30694580078125,-1.933639645576477,1.4071048106864325e-07
1.0,0.1,0.358073584,0.08192641600000006,0.165,140.0,5.5137424,0.036,0.0052,0.0031152401808,0.0005652922704000004,31.35,31.3948805324512,0.5562252331637447,2.26787649996485,-47.30694580078125,-1.933639645576477,1.4071048106864325e-07
1.0,0.03333333333333333,0.31,0.2205299183333334,0.16428148266666667,160.0,3.0,0.036,0.0017333333333333333,0.0026969999999999997,0.0015216564365000006,31.213481706666666,31.2554336964365,0.07217579352933476,-0.05935644215204174,35.86515808105469,-24.82672691345215,3.3928064625820017e-07
1.0,0.03333333333333333,0.31,0.2205299183333334,0.16428148266666667,160.0,3.0,0.036,0.0017333333333333333,0.0026969999999999997,0.0015216564365000006,31.213481706666666,31.2554336964365,0.07217579352933476,-0.05935644215204174,35.86515808105469,-24.82672691345215,3.3928064625820017e-07
1.0,0.13333333333333333,0.2833333333333333,0.15474380333333332,0.16279659,160.0,4.9996567,0.036,0.006933333333333333,0.0024649999999999997,0.001067732243,30.931352099999998,30.97781816557633,0.3591925230359765,2.1746686296415705,17.755455017089844,-46.58736038208008,1.252482479852407e-06
1.0,0.13333333333333333,0.2833333333333333,0.15474380333333332,0.16279659,160.0,4.9996567,0.036,0.006933333333333333,0.0024649999999999997,0.001067732243,30.931352099999998,30.97781816557633,0.3591925230359765,2.1746686296415705,17.755455017089844,-46.58736038208008,1.252482479852407e-06
1.0,0.08223488091155721,0.32467046427346713,0.1993931189289071,0.162307710903712,160.0,4.0,0.036,0.004276213807400975,0.002824633039179164,0.0013758125206094589,30.83846507170528,30.882941731072467,0.2882359542214601,1.1086930832570545,19.086793899536133,-45.37884521484375,1.4933898166670362e-06
1.0,0.08223488091155721,0.32467046427346713,0.1993931189289071,0.162307710903712,160.0,4.0,0.036,0.004276213807400975,0.002824633039179164,0.0013758125206094589,30.83846507170528,30.882941731072467,0.2882359542214601,1.1086930832570545,19.086793899536133,-45.37884521484375,1.4933898166670362e-06
1.0,0.03653695572404207,0.24993748186839249,0.02006959438264183,0.16228717058575937,160.0,4.8858232,0.036,0.0018999216976501876,0.0021744560922550144,0.00013848020124022863,30.83456241129428,30.874775269285426,0.6645175985795233,-0.5270629684598991,11.363761901855469,-7.969743251800537,1.1421793977968039e-06
1.0,0.03653695572404207,0.24993748186839249,0.02006959438264183,0.16228717058575937,160.0,4.8858232,0.036,0.0018999216976501876,0.0021744560922550144,0.00013848020124022863,30.83456241129428,30.874775269285426,0.6645175985795233,-0.5270629684598991,11.363761901855469,-7.969743251800537,1.1421793977968039e-06
1.0,0.05,0.40690014750000003,0.0,0.161810229,160.0,5.0,0.036,0.0026,0.00354003128325,0.0,30.74394351,30.78608354128325,1.538748169996557,0.05685165925895666,-1.3932794332504272,-23.665681838989258,1.2409807708479727e-06
1.0,0.05,0.40690014750000003,0.0,0.161810229,160.0,5.0,0.036,0.0026,0.00354003128325,0.0,30.74394351,30.78608354128325,1.538748169996557,0.05685165925895666,-1.3932794332504272,-23.665681838989258,1.2409807708479727e-06
1.0,0.06669999887944002,0.32000999966383203,0.0,0.16000499983191602,160.0,4.0,0.036,0.003468399941730881,0.0027840869970753384,0.0,30.400949968064044,30.44320245500285,1.1232518507843652,0.298514525486155,4.188013553619385,-30.80915641784668,1.5783911064695196e-06
1.0,0.06669999887944002,0.32000999966383203,0.0,0.16000499983191602,160.0,4.0,0.036,0.003468399941730881,0.0027840869970753384,0.0,30.400949968064044,30.44320245500285,1.1232518507843652,0.298514525486155,4.188013553619385,-30.80915641784668,1.5783911064695196e-06
1.0,0.06666666666666667,0.20477026133333331,0.09030645333333331,0.16,160.0,4.6174583,0.036,0.0034666666666666665,0.0017815012735999996,0.0006231145279999999,30.400000000000002,30.44187128246827,0.14992114462683567,0.26729174317260845,14.736515045166016,-39.29670715332031,1.134710265818602e-06
1.0,0.06666666666666667,0.20477026133333331,0.09030645333333331,0.16,160.0,4.6174583,0.036,0.0034666666666666665,0.0017815012735999996,0.0006231145279999999,30.400000000000002,30.44187128246827,0.14992114462683567,0.26729174317260845,14.736515045166016,-39.29670715332031,1.134710265818602e-06
1.0,0.06666666666666667,0.32,0.04176479999999999,0.15970889600000002,160.0,4.0,0.036,0.0034666666666666665,0.002784,0.00028817711999999993,30.344690240000002,30.387229083786668,0.9325056661497108,0.3860180779666621,5.305191993713379,-30.611146926879883,1.6074482598199549e-06
1.0,0.06666666666666667,0.32,0.04176479999999999,0.15970889600000002,160.0,4.0,0.036,0.0034666666666666665,0.002784,0.00028817711999999993,30.344690240000002,30.387229083786668,0.9325056661497108,0.3860180779666621,5.305191993713379,-30.611146926879883,1.6074482598199549e-06
1.0,0.04,0.312,0.08702102239999998,0.15929632159999998,160.0,3.0,0.036,0.00208,0.0027143999999999996,0.0006004450545599999,30.266301103999997,30.307695949054555,0.6513900736033873,-0.179043171878733,15.787304878234863,-11.519384384155273,3.7244851009280535e-07
1.0,0.04,0.312,0.08702102239999998,0.15929632159999998,160.0,3.0,0.036,0.00208,0.0027143999999999996,0.0006004450545599999,30.266301103999997,30.307695949054555,0.6513900736033873,-0.179043171878733,15.787304878234863,-11.519384384155273,3.7244851009280535e-07
1.0,0.05,0.1847713665,0.32231515050000004,0.1585802715,160.0,4.0,0.036,0.0026,0.00160751088855,0.0022239745384500004,30.130251585,30.172683070427,-1.0269424725924796,0.3164895075899188,40.326290130615234,-35.09992218017578,1.0862263336652978e-06
1.0,0.05,0.1847713665,0.32231515050000004,0.1585802715,160.0,4.0,0.036,0.0026,0.00160751088855,0.0022239745384500004,30.130251585,30.172683070427,-1.0269424725924796,0.3164895075899188,40.326290130615234,-35.09992218017578,1.0862263336652978e-06
1.0,0.04211457269501679,0.2615884111673107,0.06114165398709187,0.15846904828541045,160.0,4.0,0.036,0.002189957780140873,0.002275819177155603,0.0004218774125109339,30.109119174227985,30.150006828597792,0.5146223797455004,-0.2818863029828881,16.950176239013672,-9.30554485321045,1.5633023590930657e-06
1.0,0.04211457269501679,0.2615884111673107,0.06114165398709187,0.15846904828541045,160.0,4.0,0.036,0.002189957780140873,0.002275819177155603,0.0004218774125109339,30.109119174227985,30.150006828597792,0.5146223797455004,-0.2818863029828881,16.950176239013672,-9.30554485321045,1.5633023590930657e-06
1.0,0.056121125551825,0.25354218539796,0.04820672270429183,0.15841816883277374,160.0,4.714024,0.036,0.0029182985286949,0.0022058170129622516,0.0003326263866596136,30.09945207822701,30.140908820155328,0.5507518498854695,0.01382635983719244,11.214376449584961,-35.52471160888672,1.1347636368215217e-06
1.0,0.056121125551825,0.25354218539796,0.04820672270429183,0.15841816883277374,160.0,4.714024,0.036,0.0029182985286949,0.0022058170129622516,0.0003326263866596136,30.09945207822701,30.140908820155328,0.5507518498854695,0.01382635983719244,11.214376449584961,-35.52471160888672,1.1347636368215217e-06
1.0,0.0556132419355655,0.3344301295818941,0.041661993380795126,0.15834198629033483,160.0,5.0,0.036,0.0028918885806494057,0.0029095421273624784,0.00028746775432748634,30.084977395163616,30.127066293625955,0.9747428150743581,0.14129351049995234,4.617486000061035,-26.803165435791016,1.3113887735898071e-06
1.0,0.0556132419355655,0.3344301295818941,0.041661993380795126,0.15834198629033483,160.0,5.0,0.036,0.0028918885806494057,0.0029095421273624784,0.00028746775432748634,30.084977395163616,30.127066293625955,0.9747428150743581,0.14129351049995234,4.617486000061035,-26.803165435791016,1.3113887735898071e-06
1.0,0.050303974340948764,0.24171985549379513,0.1784017342425844,0.1575455961511423,160.0,4.0,0.036,0.0026158066657293354,0.0021029627427960173,0.0012309719662738324,29.933663268717037,29.975613010091838,-0.10748833888223536,0.1271671587303797,20.663484573364258,-41.13700485229492,1.460381218042551e-06
1.0,0.050303974340948764,0.24171985549379513,0.1784017342425844,0.1575455961511423,160.0,4.0,0.036,0.0026158066657293354,0.0021029627427960173,0.0012309719662738324,29.933663268717037,29.975613010091838,-0.10748833888223536,0.1271671587303797,20.663484573364258,-41.13700485229492,1.460381218042551e-06
1.0,0.05,0.315,0.032266709999999976,0.1575,160.0,4.0,0.036,0.0026,0.0027405,0.00022264029899999983,29.925,29.966563140299,0.9094046419420753,-0.04991882447099978,4.8797430992126465,-27.429473876953125,1.6019943843775072e-06
1.0,0.05,0.315,0.032266709999999976,0.1575,160.0,4.0,0.036,0.0026,0.0027405,0.00022264029899999983,29.925,29.966563140299,0.9094046419420753,-0.04991882447099978,4.8797430992126465,-27.429473876953125,1.6019943843775072e-06
1.0,0.05,0.2625113925,0.0,0.1575,160.0,3.8311722,0.036,0.0026,0.00228384911475,0.0,29.925,29.96588384911475,0.7978998209973279,-0.21807916519155968,7.448216438293457,-32.62113952636719,1.3618188627313018e-06
1.0,0.05,0.2625113925,0.0,0.1575,160.0,3.8311722,0.036,0.0026,0.00228384911475,0.0,29.925,29.96588384911475,0.7978998209973279,-0.21807916519155968,7.448216438293457,-32.62113952636719,1.3618188627313018e-06
1.0,0.05,0.206619546,0.00914388300000002,0.1575,163.72084,4.0,0.036,0.0026,0.0017975900501999997,6.309279270000013e-05,29.925,29.965460682842902,0.5694847141753375,-0.47615504836507855,9.171442031860352,-33.54560852050781,2.3353535981686235e-11
1.0,0.05,0.206619546,0.00914388300000002,0.1575,163.72084,4.0,0.036,0.0026,0.0017975900501999997,6.309279270000013e-05,29.925,29.965460682842902,0.5694847141753375,-0.47615504836507855,9.171442031860352,-33.54560852050781,2.3353535981686235e-11
1.0,0.05,0.2692307835,0.030769231499999994,0.15747798150000003,160.0,4.0,0.036,0.0026,0.00234230781645,0.00021230769734999994,29.920816485000007,29.961971100513807,0.6916158684339135,-0.14051707271631797,8.090435981750488,-32.55853271484375,1.5618017794165198e-06
1.0,0.05,0.2692307835,0.030769231499999994,0.15747798150000003,160.0,4.0,0.036,0.0026,0.00234230781645,0.00021230769734999994,29.920816485000007,29.961971100513807,0.6916158684339135,-0.14051707271631797,8.090435981750488,-32.55853271484375,1.5618017794165198e-06
1.0,0.059007702865532065,0.37746728348995157,0.0,0.15735149462180192,160.0,4.0,0.036,0.0030684005490076672,0.0032839653663625785,0.0,29.896783978142366,29.939136344057736,1.3722258057521666,0.2198725984682196,0.783300518989563,-26.130409240722656,1.5845895103744221e-06
1.0,0.059007702865532065,0.37746728348995157,0.0,0.15735149462180192,160.0,4.0,0.036,0.0030684005490076672,0.0032839653663625785,0.0,29.896783978142366,29.939136344057736,1.3722258057521666,0.2198725984682196,0.783300518989563,-26.130409240722656,1.5845895103744221e-06
1.0,0.05,0.202233423,0.148586886,0.157097325,160.0,3.0,0.036,0.0026,0.0017594307800999998,0.0010252495134,29.84849175,29.8898764302935,-0.16851765684388356,-0.016363059832037927,17.789127349853516,-41.001651763916016,3.2833032441756404e-07
1.0,0.05,0.202233423,0.148586886,0.157097325,160.0,3.0,0.036,0.0026,0.0017594307800999998,0.0010252495134,29.84849175,29.8898764302935,-0.16851765684388356,-0.016363059832037927,17.789127349853516,-41.001651763916016,3.2833032441756404e-07
1.0,0.067000000603,0.31564655557838317,0.04003013753262247,0.156597678908499,160.0,3.5907295,0.036,0.003484000031356,0.002746125033531933,0.000276207948975095,29.753558992614806,29.796065325628668,0.8945575114418881,0.38156639088300126,5.442378044128418,-30.593666076660156,1.0204239929257486e-06
1.0,0.067000000603,0.31564655557838317,0.04003013753262247,0.156597678908499,160.0,3.5907295,0.036,0.003484000031356,0.002746125033531933,0.000276207948975095,29.753558992614806,29.796065325628668,0.8945575114418881,0.38156639088300126,5.442378044128418,-30.593666076660156,1.0204239929257486e-06
1.0,0.0716503240636682,0.29177714064948435,9.679145726948502e-05,0.1565407531129286,170.0,4.0,0.036,0.003725816851310746,0.0025384611236505135,6.678610551594466e-07,29.742743091456433,29.78500803729245,1.196728023778968,-0.09429277242857179,6.388157367706299,-29.746898651123047,3.0926610443311752e-09
1.0,0.0716503240636682,0.29177714064948435,9.679145726948502e-05,0.1565407531129286,170.0,4.0,0.036,0.003725816851310746,0.0025384611236505135,6.678610551594466e-07,29.742743091456433,29.78500803729245,1.196728023778968,-0.09429277242857179,6.388157367706299,-29.746898651123047,3.0926610443311752e-09
1.0,0.04167321283384932,0.25677757199575096,0.09326054440880094,0.15591737566193523,140.0,3.0,0.036,0.002167007067360164,0.002233964876363033,0.0006434977564207264,29.624301375767693,29.665345845467836,-0.14162070214157232,0.682689249970245,-25.731538772583008,24.625030517578125,1.738241318354384e-08
1.0,0.04167321283384932,0.25677757199575096,0.09326054440880094,0.15591737566193523,140.0,3.0,0.036,0.002167007067360164,0.002233964876363033,0.0006434977564207264,29.624301375767693,29.665345845467836,-0.14162070214157232,0.682689249970245,-25.731538772583008,24.625030517578125,1.738241318354384e-08
1.0,0.08911393921128283,0.22228421240056287,0.10255140416171007,0.15558771338099708,160.0,5.0,0.036,0.004633924838986707,0.0019338726478848969,0.0007076046887157995,29.561665542389445,29.604940944565033,0.17410542502463883,0.8688841043737746,14.57274055480957,-38.3129997253418,1.260128865567578e-06
1.0,0.08911393921128283,0.22228421240056287,0.10255140416171007,0.15558771338099708,160.0,5.0,0.036,0.004633924838986707,0.0019338726478848969,0.0007076046887157995,29.561665542389445,29.604940944565033,0.17410542502463883,0.8688841043737746,14.57274055480957,-38.3129997253418,1.260128865567578e-06
1.0,0.03264901860967941,0.23183014871695104,0.20199035092155906,0.15489735279145192,160.0,5.0,0.036,0.0016977489677033294,0.002016922293837474,0.0013937334213587574,29.430497030375864,29.471605435058763,-0.3109860340261465,-0.2749426640022928,37.3658332824707,-19.109527587890625,1.2116634370689506e-06
1.0,0.03264901860967941,0.23183014871695104,0.20199035092155906,0.15489735279145192,160.0,5.0,0.036,0.0016977489677033294,0.002016922293837474,0.0013937334213587574,29.430497030375864,29.471605435058763,-0.3109860340261465,-0.2749426640022928,37.3658332824707,-19.109527587890625,1.2116634370689506e-06
1.0,0.03000000120000005,0.19941189363232456,0.20674619404086939,0.15450000018,160.0,4.0,0.036,0.0015600000624000025,0.0017348834746012236,0.0014265487388819987,29.355000034200003,29.395721466475887,-0.4959635810296183,-0.3886945082734562,38.51211166381836,-17.762691497802734,1.3473559671836362e-06
1.0,0.03000000120000005,0.19941189363232456,0.20674619404086939,0.15450000018,160.0,4.0,0.036,0.0015600000624000025,0.0017348834746012236,0.0014265487388819987,29.355000034200003,29.395721466475887,-0.4959635810296183,-0.3886945082734562,38.51211166381836,-17.762691497802734,1.3473559671836362e-06
1.0,0.03333333333333333,0.2893333333333334,0.0,0.15409003633333335,160.0,4.0,0.036,0.0017333333333333333,0.0025172000000000003,0.0,29.277106903333337,29.31735743666667,0.8776200309322635,-0.5742099359934475,9.651591300964355,-6.481165885925293,1.5557126181849145e-06
1.0,0.03333333333333333,0.2893333333333334,0.0,0.15409003633333335,160.0,4.0,0.036,0.0017333333333333333,0.0025172000000000003,0.0,29.277106903333337,29.31735743666667,0.8776200309322635,-0.5742099359934475,9.651591300964355,-6.481165885925293,1.5557126181849145e-06
1.0,0.0679092197699222,0.21215110189770547,0.29562256012263866,0.15406270316383827,160.0,4.0,0.036,0.0035312794280359544,0.0018457145865100374,0.002039795664846207,29.27191360112927,29.31533039080866,-0.7852055195895341,0.7450965243606478,32.44103240966797,-41.965721130371094,1.1875820681945586e-06
1.0,0.0679092197699222,0.21215110189770547,0.29562256012263866,0.15406270316383827,160.0,4.0,0.036,0.0035312794280359544,0.0018457145865100374,0.002039795664846207,29.27191360112927,29.31533039080866,-0.7852055195895341,0.7450965243606478,32.44103240966797,-41.965721130371094,1.1875820681945586e-06
1.0,0.061329646358539984,0.27556338527471264,0.21474027075604246,0.15331660285698026,160.0,4.7513857,0.036,0.003189141610644079,0.0023974014518899998,0.001481707868216693,29.13015454282625,29.173222793757002,-0.12695356407112474,0.5325025522856848,23.69798469543457,-42.378849029541016,1.0670872027297694e-06
1.0,0.061329646358539984,0.27556338527471264,0.21474027075604246,0.15331660285698026,160.0,4.7513857,0.036,0.003189141610644079,0.0023974014518899998,0.001481707868216693,29.13015454282625,29.173222793757002,-0.12695356407112474,0.5325025522856848,23.69798469543457,-42.378849029541016,1.0670872027297694e-06
1.0,0.03333333333333333,0.30644655266666665,0.0,0.15331243233333336,170.0,4.0,0.036,0.0017333333333333333,0.0026660850081999996,0.0,29.12936214333334,29.16976156167487,1.1892774664222696,-0.9994997117618337,4.693882465362549,-19.092952728271484,3.1183711612731088e-09
1.0,0.03333333333333333,0.30644655266666665,0.0,0.15331243233333336,170.0,4.0,0.036,0.0017333333333333333,0.0026660850081999996,0.0,29.12936214333334,29.16976156167487,1.1892774664222696,-0.9994997117618337,4.693882465362549,-19.092952728271484,3.1183711612731088e-09
1.0,0.021629091023607112,0.19414633659063493,0.23177976049536245,0.15324436365354108,150.0,5.2965817,0.036,0.0011247127332275697,0.0016890731283385238,0.0015992803474180009,29.116429094172805,29.15684216038179,-0.8938206427758838,-0.09575581067067371,3.0495307445526123,31.637163162231445,1.0705279756693547e-10
1.0,0.021629091023607112,0.19414633659063493,0.23177976049536245,0.15324436365354108,150.0,5.2965817,0.036,0.0011247127332275697,0.0016890731283385238,0.0015992803474180009,29.116429094172805,29.15684216038179,-0.8938206427758838,-0.09575581067067371,3.0495307445526123,31.637163162231445,1.0705279756693547e-10
1.0,0.06294560769326253,0.42113362874547144,0.0,0.15320326457005257,160.0,4.0,0.036,0.0032731716000496515,0.0036638625700856015,0.0,29.108620268309988,29.15155730248012,1.5572680949420932,0.39676548650059795,-0.6464827656745911,-25.105663299560547,1.556475519432394e-06
1.0,0.06294560769326253,0.42113362874547144,0.0,0.15320326457005257,160.0,4.0,0.036,0.0032731716000496515,0.0036638625700856015,0.0,29.108620268309988,29.15155730248012,1.5572680949420932,0.39676548650059795,-0.6464827656745911,-25.105663299560547,1.556475519432394e-06
1.0,0.05,0.24812401950000001,0.137983083,0.15317332800000003,160.0,5.3483863,0.036,0.0026,0.00215867896965,0.0009520832727,29.102932320000004,29.144643082242354,0.06616666299238483,0.04041880846626131,18.84290885925293,-39.854183197021484,2.7347945916944383e-06
1.0,0.05,0.24812401950000001,0.137983083,0.15317332800000003,160.0,5.3483863,0.036,0.0026,0.00215867896965,0.0009520832727,29.102932320000004,29.144643082242354,0.06616666299238483,0.04041880846626131,18.84290885925293,-39.854183197021484,2.7347945916944383e-06
1.0,0.06600000066,0.23069190886282986,0.07387953512574152,0.1522857219942857,160.0,4.0,0.036,0.00343200003432,0.00200701960710662,0.0005097687923676165,28.934287178914282,28.976235967348074,0.28745540192293306,0.2633273251164922,12.498353958129883,-36.96476364135742,1.515506576073164e-06
1.0,0.06600000066,0.23069190886282986,0.07387953512574152,0.1522857219942857,160.0,4.0,0.036,0.00343200003432,0.00200701960710662,0.0005097687923676165,28.934287178914282,28.976235967348074,0.28745540192293306,0.2633273251164922,12.498353958129883,-36.96476364135742,1.515506576073164e-06
1.0,0.07610177486081367,0.35870059879428307,0.0,0.1522784196503291,160.0,4.0,0.036,0.00395729229276231,0.0031206952095102626,0.0,28.93289973356253,28.9759777210648,1.261743106675624,0.5967927710168053,0.17251408100128174,-26.962703704833984,1.5810194908919966e-06
1.0,0.07610177486081367,0.35870059879428307,0.0,0.1522784196503291,160.0,4.0,0.036,0.00395729229276231,0.0031206952095102626,0.0,28.93289973356253,28.9759777210648,1.261743106675624,0.5967927710168053,0.17251408100128174,-26.962703704833984,1.5810194908919966e-06
1.0,0.06129514057642073,0.35960117958984605,0.19990708094397713,0.15221731683231374,160.0,2.6825056,0.036,0.003187347309973878,0.0031285302624316606,0.0013793588585134422,28.92129019813961,28.96498543457053,0.34745703209478807,0.665701216778171,20.884775161743164,-44.18142318725586,2.2074961455275707e-07
1.0,0.06129514057642073,0.35960117958984605,0.19990708094397713,0.15221731683231374,160.0,2.6825056,0.036,0.003187347309973878,0.0031285302624316606,0.0013793588585134422,28.92129019813961,28.96498543457053,0.34745703209478807,0.665701216778171,20.884775161743164,-44.18142318725586,2.2074961455275707e-07
1.0,0.06129514057642073,0.35960117958984605,0.19990708094397713,0.15221731683231374,160.0,2.6825056,0.036,0.003187347309973878,0.0031285302624316606,0.0013793588585134422,28.92129019813961,28.96498543457053,0.34745703209478807,0.665701216778171,20.884775161743164,-44.18142318725586,2.2074961455275707e-07
1.0,0.05152563807546796,0.3746859981196739,0.19694216104707213,0.15220676933822327,160.0,4.0,0.036,0.0026793331799243336,0.0032597681836411627,0.0013589009112247976,28.91928617426242,28.962584176537213,0.41810127899253946,0.44724104397590325,21.09027099609375,-44.025489807128906,1.502881507732799e-06
1.0,0.05152563807546796,0.3746859981196739,0.19694216104707213,0.15220676933822327,160.0,4.0,0.036,0.0026793331799243336,0.0032597681836411627,0.0013589009112247976,28.91928617426242,28.962584176537213,0.41810127899253946,0.44724104397590325,21.09027099609375,-44.025489807128906,1.502881507732799e-06
1.0,0.024762766506179177,0.20230796852496868,0.2804064609043734,0.15217344846104855,160.0,3.3340008,0.036,0.001287663858321317,0.0017600793261672275,0.0019348045802401763,28.912955207599225,28.953937755363953,-0.8386951681452885,-0.35383916584577213,41.8789176940918,-31.45319938659668,4.815177219205992e-07
1.0,0.024762766506179177,0.20230796852496868,0.2804064609043734,0.15217344846104855,160.0,3.3340008,0.036,0.001287663858321317,0.0017600793261672275,0.0019348045802401763,28.912955207599225,28.953937755363953,-0.8386951681452885,-0.35383916584577213,41.8789176940918,-31.45319938659668,4.815177219205992e-07
1.0,0.05,0.17973914700000002,0.30287161800000006,0.15211873950000002,160.0,3.0,0.036,0.0026,0.0015637305789,0.0020898141642000006,28.902560505000004,28.944814049743105,-1.0153320410136566,0.26491408927953813,40.041954040527344,-35.04069137573242,2.59203084030182e-07
1.0,0.05,0.17973914700000002,0.30287161800000006,0.15211873950000002,160.0,3.0,0.036,0.0026,0.0015637305789,0.0020898141642000006,28.902560505000004,28.944814049743105,-1.0153320410136566,0.26491408927953813,40.041954040527344,-35.04069137573242,2.59203084030182e-07
1.0,0.0600000024000001,0.5935824371439602,0.0,0.15200193334415532,160.0,5.0,0.036,0.003120000124800005,0.005164167203152453,0.0,28.88036733538951,28.924651502717463,2.386211390102689,0.651204234683436,-30.5401611328125,-29.059907913208008,9.302067248366078e-07
1.0,0.0600000024000001,0.5935824371439602,0.0,0.15200193334415532,160.0,5.0,0.036,0.003120000124800005,0.005164167203152453,0.0,28.88036733538951,28.924651502717463,2.386211390102689,0.651204234683436,-30.5401611328125,-29.059907913208008,9.302067248366078e-07
1.0,0.06666666666666667,0.3058256746666667,0.0,0.15077205333333332,160.0,5.0,0.036,0.0034666666666666665,0.0026606833696000004,0.0,28.64669013333333,28.688817483369597,0.9746778316209549,0.2630002661657915,4.965943336486816,-30.65880012512207,1.2742594293829505e-06
1.0,0.06666666666666667,0.3058256746666667,0.0,0.15077205333333332,160.0,5.0,0.036,0.0034666666666666665,0.0026606833696000004,0.0,28.64669013333333,28.688817483369597,0.9746778316209549,0.2630002661657915,4.965943336486816,-30.65880012512207,1.2742594293829505e-06
1.0,0.051607493428688846,0.30567150727231224,0.12894835271394928,0.15051293145644604,160.0,5.0,0.036,0.00268358965829182,0.002659342113269116,0.00088974363372625,28.597456976724747,28.639689652130034,0.36990549920656507,0.1697689117254613,17.700485229492188,-37.34642791748047,1.3153388185251241e-06
1.0,0.051607493428688846,0.30567150727231224,0.12894835271394928,0.15051293145644604,160.0,5.0,0.036,0.00268358965829182,0.002659342113269116,0.00088974363372625,28.597456976724747,28.639689652130034,0.36990549920656507,0.1697689117254613,17.700485229492188,-37.34642791748047,1.3153388185251241e-06
1.0,0.04139217274841171,0.2540279174020666,0.23647133669582265,0.15042904728389941,160.0,5.0,0.036,0.002152392982917409,0.002210042881397979,0.0016316522232011762,28.58151898394089,28.623513072028405,-0.38256397688342114,0.05062655444259892,38.69012451171875,-20.727264404296875,1.1830972914182068e-06
1.0,0.04139217274841171,0.2540279174020666,0.23647133669582265,0.15042904728389941,160.0,5.0,0.036,0.002152392982917409,0.002210042881397979,0.0016316522232011762,28.58151898394089,28.623513072028405,-0.38256397688342114,0.05062655444259892,38.69012451171875,-20.727264404296875,1.1830972914182068e-06
1.0,0.033146289924167585,0.25096596648867464,0.18269450252664093,0.1502300603044457,160.0,5.0,0.036,0.0017236070760567144,0.0021834039084514694,0.0012605920674338225,28.54371145784468,28.584879060896622,-0.16830971059942193,-0.26968580201144027,36.2778434753418,-19.35715675354004,1.2484724952139987e-06
1.0,0.033146289924167585,0.25096596648867464,0.18269450252664093,0.1502300603044457,160.0,5.0,0.036,0.0017236070760567144,0.0021834039084514694,0.0012605920674338225,28.54371145784468,28.584879060896622,-0.16830971059942193,-0.26968580201144027,36.2778434753418,-19.35715675354004,1.2484724952139987e-06
1.0,0.03333333333333333,0.19451713633333337,0.06381619699999999,0.14975690800000002,160.0,5.0,0.036,0.0017333333333333333,0.0016922990861000001,0.0004403317592999999,28.453812520000003,28.493678484178737,0.08698172944172157,-0.6250811971148749,19.544971466064453,-6.738577365875244,1.2287467945229659e-06
1.0,0.03333333333333333,0.19451713633333337,0.06381619699999999,0.14975690800000002,160.0,5.0,0.036,0.0017333333333333333,0.0016922990861000001,0.0004403317592999999,28.453812520000003,28.493678484178737,0.08698172944172157,-0.6250811971148749,19.544971466064453,-6.738577365875244,1.2287467945229659e-06
1.0,0.03000000120000005,0.2391057246785698,0.14938259967403802,0.1489607322735465,170.0,4.0,0.036,0.0015600000624000025,0.002080219804703557,0.0010307399377508623,28.302539131973834,28.343210091778687,0.14531788433149212,-0.8949424963584652,25.16081428527832,-9.229455947875977,2.8182936124768376e-09
1.0,0.03000000120000005,0.2391057246785698,0.14938259967403802,0.1489607322735465,170.0,4.0,0.036,0.0015600000624000025,0.002080219804703557,0.0010307399377508623,28.302539131973834,28.343210091778687,0.14531788433149212,-0.8949424963584652,25.16081428527832,-9.229455947875977,2.8182936124768376e-09
1.0,0.04229420338487277,0.42748769109989543,0.0,0.14884714803045032,160.0,4.0,0.036,0.002199298576013384,0.00371914291256909,0.0,28.28095812578556,28.322876567274143,1.5236830455888934,-0.09535782343991503,-1.3417692184448242,-20.381206512451172,1.5497735860856813e-06
1.0,0.04229420338487277,0.42748769109989543,0.0,0.14884714803045032,160.0,4.0,0.036,0.002199298576013384,0.00371914291256909,0.0,28.28095812578556,28.322876567274143,1.5236830455888934,-0.09535782343991503,-1.3417692184448242,-20.381206512451172,1.5497735860856813e-06
1.0,0.06669999887944002,0.3644562525191416,0.16351158407223243,0.14857253592392572,160.0,5.0,0.036,0.003468399941730881,0.0031707693969165317,0.0011282299300984038,28.228781825545887,28.272549224814632,0.5070732809327404,0.7210600838571365,19.932767868041992,-44.161136627197266,1.280986056000833e-06
1.0,0.06669999887944002,0.3644562525191416,0.16351158407223243,0.14857253592392572,160.0,5.0,0.036,0.003468399941730881,0.0031707693969165317,0.0011282299300984038,28.228781825545887,28.272549224814632,0.5070732809327404,0.7210600838571365,19.932767868041992,-44.161136627197266,1.280986056000833e-06
1.0,0.02,0.1974193476,0.1915588764,0.1480542648,135.0,4.0,0.036,0.00104,0.0017175483241199999,0.00132175624716,28.130310312,28.170389616571278,-1.09022437420756,0.4727255474170613,-22.932598114013672,30.763174057006836,1.9204748753242452e-10
1.0,0.02,0.1974193476,0.1915588764,0.1480542648,135.0,4.0,0.036,0.00104,0.0017175483241199999,0.00132175624716,28.130310312,28.170389616571278,-1.09022437420756,0.4727255474170613,-22.932598114013672,30.763174057006836,1.9204748753242452e-10
1.0,0.03333333333333333,0.3126414066666667,0.0,0.147619055,160.0,3.0,0.036,0.0017333333333333333,0.002719980238,0.0,28.04762045,28.088073763571334,0.9404591657965996,-0.5304670838632776,9.101506233215332,-6.131204605102539,3.6173124779770124e-07
1.0,0.03333333333333333,0.3126414066666667,0.0,0.147619055,160.0,3.0,0.036,0.0017333333333333333,0.002719980238,0.0,28.04762045,28.088073763571334,0.9404591657965996,-0.5304670838632776,9.101506233215332,-6.131204605102539,3.6173124779770124e-07
1.0,0.020955337051927744,0.20224449354565563,0.09316708530115961,0.14722660914073898,160.0,4.0,0.036,0.0010896775267002427,0.0017595270938472038,0.0006428528885780013,27.973055736740406,28.01254779424953,-0.04319957574189805,-0.8476499602876503,19.567731857299805,-5.531770706176758,1.457170932692906e-06
1.0,0.020955337051927744,0.20224449354565563,0.09316708530115961,0.14722660914073898,160.0,4.0,0.036,0.0010896775267002427,0.0017595270938472038,0.0006428528885780013,27.973055736740406,28.01254779424953,-0.04319957574189805,-0.8476499602876503,19.567731857299805,-5.531770706176758,1.457170932692906e-06
1.0,0.025,0.25625,0.0,0.14708727449999998,160.0,4.7635756,0.036,0.0013,0.0022293749999999996,0.0,27.946582154999994,27.986111529999995,0.6439987364374261,-0.8457252248226766,12.12541675567627,-4.129610538482666,1.0933998985529143e-06
1.0,0.025,0.25625,0.0,0.14708727449999998,160.0,4.7635756,0.036,0.0013,0.0022293749999999996,0.0,27.946582154999994,27.986111529999995,0.6439987364374261,-0.8457252248226766,12.12541675567627,-4.129610538482666,1.0933998985529143e-06
1.0,0.0422665541080153,0.20442657652579999,0.09765968822399534,0.14699287412296838,160.0,4.921848,0.036,0.0021978608136167957,0.0017785112157744597,0.0006738518487455679,27.928646083363994,27.969296307242132,-0.027361674549557603,-0.3185925093915549,21.29657554626465,-7.554432392120361,1.1506954311726805e-06
1.0,0.0422665541080153,0.20442657652579999,0.09765968822399534,0.14699287412296838,160.0,4.921848,0.036,0.0021978608136167957,0.0017785112157744597,0.0006738518487455679,27.928646083363994,27.969296307242132,-0.027361674549557603,-0.3185925093915549,21.29657554626465,-7.554432392120361,1.1506954311726805e-06
1.0,0.03400000081600002,0.3102000002448,0.18829042818859287,0.14630700887546083,160.0,4.9854198,0.036,0.0017680000424320009,0.0026987400021297597,0.0012992039545012908,27.79833168633756,27.840097630336622,0.06546678735516538,-0.1260058895259191,35.9783821105957,-23.484132766723633,1.2451123678368662e-06
1.0,0.03400000081600002,0.3102000002448,0.18829042818859287,0.14630700887546083,160.0,4.9854198,0.036,0.0017680000424320009,0.0026987400021297597,0.0012992039545012908,27.79833168633756,27.840097630336622,0.06546678735516538,-0.1260058895259191,35.9783821105957,-23.484132766723633,1.2451123678368662e-06
1.0,0.018056413109786514,0.24739581211472644,0.0,0.14608623915216382,160.0,4.0,0.036,0.0009389334817088987,0.00215234356539812,0.0,27.756385438911124,27.79547671595823,0.584457118201906,-1.0298854548528513,12.459208488464355,-3.5742547512054443,1.4989418313406845e-06
1.0,0.018056413109786514,0.24739581211472644,0.0,0.14608623915216382,160.0,4.0,0.036,0.0009389334817088987,0.00215234356539812,0.0,27.756385438911124,27.79547671595823,0.584457118201906,-1.0298854548528513,12.459208488464355,-3.5742547512054443,1.4989418313406845e-06
1.0,0.15400000221760002,0.2250105786123947,0.3658743505230875,0.1442500002772,140.0,3.738952,0.036,0.008008000115315201,0.001957592033927834,0.0025245330186093036,27.407500052668002,27.455990177835854,-1.4690182303099992,3.9215196536618335,-64.66197967529297,1.9358515739440918,3.16942475094595e-08
1.0,0.15400000221760002,0.2250105786123947,0.3658743505230875,0.1442500002772,140.0,3.738952,0.036,0.008008000115315201,0.001957592033927834,0.0025245330186093036,27.407500052668002,27.455990177835854,-1.4690182303099992,3.9215196536618335,-64.66197967529297,1.9358515739440918,3.16942475094595e-08
1.0,0.03000000120000005,0.19936603803227115,0.2685156134128337,0.14428630386810057,160.0,4.0,0.036,0.0015600000624000025,0.001734484530880759,0.0018527577325485524,27.414397734939108,27.45554497726494,-0.8593400446428833,-0.2633600573043865,41.43545913696289,-31.59632110595703,1.2266678602041622e-06
1.0,0.03000000120000005,0.19936603803227115,0.2685156134128337,0.14428630386810057,160.0,4.0,0.036,0.0015600000624000025,0.001734484530880759,0.0018527577325485524,27.414397734939108,27.45554497726494,-0.8593400446428833,-0.2633600573043865,41.43545913696289,-31.59632110595703,1.2266678602041622e-06
1.0,0.02329841863381428,0.26832088958817346,0.2184051908999825,0.14352728361643274,160.0,3.0,0.036,0.0012115177689583426,0.002334391739417109,0.0015069958172098793,27.270183887122222,27.311236792447808,-0.30878246198735737,-0.39844253833432486,38.595279693603516,-22.100080490112305,3.285692224126864e-07
1.0,0.02329841863381428,0.26832088958817346,0.2184051908999825,0.14352728361643274,160.0,3.0,0.036,0.0012115177689583426,0.002334391739417109,0.0015069958172098793,27.270183887122222,27.311236792447808,-0.30878246198735737,-0.39844253833432486,38.595279693603516,-22.100080490112305,3.285692224126864e-07
1.0,0.1,0.45165403800000004,0.06283631199999995,0.14273834300000002,140.0,3.0,0.036,0.0052,0.0039293901306,0.00043357055279999966,27.120285170000002,27.165848130683404,0.9219346489587232,2.4010116656364238,-45.708343505859375,-7.00960111618042,1.7931685781406e-08
1.0,0.1,0.45165403800000004,0.06283631199999995,0.14273834300000002,140.0,3.0,0.036,0.0052,0.0039293901306,0.00043357055279999966,27.120285170000002,27.165848130683404,0.9219346489587232,2.4010116656364238,-45.708343505859375,-7.00960111618042,1.7931685781406e-08
1.0,0.04,0.25426872640000003,0.07461504959999998,0.14252058080000002,160.0,4.8646636,0.036,0.00208,0.00221213791968,0.0005148438422399998,27.078910352000005,27.119717333761926,0.2806548051850948,-0.3295504121973177,18.339111328125,-9.077410697937012,1.1542675285824917e-06
1.0,0.04,0.25426872640000003,0.07461504959999998,0.14252058080000002,160.0,4.8646636,0.036,0.00208,0.00221213791968,0.0005148438422399998,27.078910352000005,27.119717333761926,0.2806548051850948,-0.3295504121973177,18.339111328125,-9.077410697937012,1.1542675285824917e-06
1.0,0.09097118287645786,0.8612236160230637,0.0,0.14198176080634672,140.0,3.0,0.036,0.0047305015095758084,0.007492645459400654,0.0,26.976534553205877,27.024757700174852,3.1939531342467573,2.8302532613943314,-41.4291877746582,-15.748804092407227,7.417675202301606e-09
1.0,0.09097118287645786,0.8612236160230637,0.0,0.14198176080634672,140.0,3.0,0.036,0.0047305015095758084,0.007492645459400654,0.0,26.976534553205877,27.024757700174852,3.1939531342467573,2.8302532613943314,-41.4291877746582,-15.748804092407227,7.417675202301606e-09
1.0,0.05,0.209809866,0.22615429199999998,0.140727867,160.0,4.0,0.036,0.0026,0.0018253458342,0.0015604646147999999,26.73829473,26.780280540449,-0.61916084873678,0.1510312587467101,28.19550132751465,-41.29002380371094,1.3283033512849853e-06
1.0,0.05,0.209809866,0.22615429199999998,0.140727867,160.0,4.0,0.036,0.0026,0.0018253458342,0.0015604646147999999,26.73829473,26.780280540449,-0.61916084873678,0.1510312587467101,28.19550132751465,-41.29002380371094,1.3283033512849853e-06
1.0,0.02,0.1999966326,0.3334784634,0.1397383272,168.34212,3.0,0.036,0.00104,0.00173997070362,0.00230100139746,26.550282168000003,26.591363140101084,-1.0028470091413315,-0.7490097155827482,43.342037200927734,-33.19992446899414,1.9104959117858765e-11
1.0,0.02,0.1999966326,0.3334784634,0.1397383272,168.34212,3.0,0.036,0.00104,0.00173997070362,0.00230100139746,26.550282168000003,26.591363140101084,-1.0028470091413315,-0.7490097155827482,43.342037200927734,-33.19992446899414,1.9104959117858765e-11
1.0,0.14403535203680393,0.17863499963141352,0.2592161592839426,0.13936846872946415,140.0,4.0,0.036,0.007489838305913804,0.0015541244967932975,0.0017885914990592039,26.48000905859819,26.526841612899954,-1.270666593151006,3.3614632270263765,-62.761924743652344,1.5403234958648682,4.1090138758338364e-08
1.0,0.14403535203680393,0.17863499963141352,0.2592161592839426,0.13936846872946415,140.0,4.0,0.036,0.007489838305913804,0.0015541244967932975,0.0017885914990592039,26.48000905859819,26.526841612899954,-1.270666593151006,3.3614632270263765,-62.761924743652344,1.5403234958648682,4.1090138758338364e-08
1.0,0.06666666666666667,0.6096789653333333,0.0,0.13934551466666667,140.0,4.0,0.036,0.0034666666666666665,0.0053042069983999995,0.0,26.475647786666666,26.520418660331732,1.903095521017515,1.75502129259574,-41.01404571533203,-11.777359008789062,3.741168463821812e-08
1.0,0.06666666666666667,0.6096789653333333,0.0,0.13934551466666667,140.0,4.0,0.036,0.0034666666666666665,0.0053042069983999995,0.0,26.475647786666666,26.520418660331732,1.903095521017515,1.75502129259574,-41.01404571533203,-11.777359008789062,3.741168463821812e-08
1.0,0.11091599754742547,0.27772899938685636,0.15277143495376577,0.1392363677144472,140.0,5.0,0.036,0.005767631872466124,0.0024162422946656503,0.0010541229011809838,26.454909865744966,26.50014786281328,-0.3545021812660214,2.5174669021069884,-52.88556671142578,4.693997383117676,2.62607840262477e-08
1.0,0.11091599754742547,0.27772899938685636,0.15277143495376577,0.1392363677144472,140.0,5.0,0.036,0.005767631872466124,0.0024162422946656503,0.0010541229011809838,26.454909865744966,26.50014786281328,-0.3545021812660214,2.5174669021069884,-52.88556671142578,4.693997383117676,2.62607840262477e-08
1.0,0.06157193772737363,0.6562008843814713,0.0,0.13888563708010168,160.0,4.0,0.036,0.0032017407618234284,0.0057089476941188,0.0,26.38827104521932,26.433181733675262,2.58873203449464,0.8046821590289297,-31.97332763671875,-29.580114364624023,1.0700002929637765e-06
1.0,0.06157193772737363,0.6562008843814713,0.0,0.13888563708010168,160.0,4.0,0.036,0.0032017407618234284,0.0057089476941188,0.0,26.38827104521932,26.433181733675262,2.58873203449464,0.8046821590289297,-31.97332763671875,-29.580114364624023,1.0700002929637765e-06
1.0,0.06669999887944002,0.19394546306926183,0.0,0.13871408386728196,160.0,4.0,0.036,0.003468399941730881,0.0016873255287025777,0.0,26.355675934783573,26.396831660254005,0.3284944933292366,0.04637638166890619,11.006443977355957,-32.99205780029297,1.40851689463917e-06
1.0,0.06669999887944002,0.19394546306926183,0.0,0.13871408386728196,160.0,4.0,0.036,0.003468399941730881,0.0016873255287025777,0.0,26.355675934783573,26.396831660254005,0.3284944933292366,0.04637638166890619,11.006443977355957,-32.99205780029297,1.40851689463917e-06
1.0,0.06669999887944002,0.19394546306926183,0.0,0.13871408386728196,160.0,4.0,0.036,0.003468399941730881,0.0016873255287025777,0.0,26.355675934783573,26.396831660254005,0.3284944933292366,0.04637638166890619,11.006443977355957,-32.99205780029297,1.40851689463917e-06
1.0,0.1,0.329996997,0.10155093300000001,0.1375,140.0,2.9888499,0.036,0.0052,0.0028709738739,0.0007007014377,26.125000000000004,26.169771675311605,0.10766733647922949,2.2479221547311132,-50.98569107055664,1.903875708580017,1.8176841666620078e-08
1.0,0.1,0.329996997,0.10155093300000001,0.1375,140.0,2.9888499,0.036,0.0052,0.0028709738739,0.0007007014377,26.125000000000004,26.169771675311605,0.10766733647922949,2.2479221547311132,-50.98569107055664,1.903875708580017,1.8176841666620078e-08
1.0,0.1,0.329996997,0.10155093300000001,0.1375,140.0,2.9888499,0.036,0.0052,0.0028709738739,0.0007007014377,26.125000000000004,26.169771675311605,0.10766733647922949,2.2479221547311132,-50.98569107055664,1.903875708580017,1.8176841666620078e-08
1.0,0.1,0.329996997,0.10155093300000001,0.1375,140.0,2.9888499,0.036,0.0052,0.0028709738739,0.0007007014377,26.125000000000004,26.169771675311605,0.10766733647922949,2.2479221547311132,-50.98569107055664,1.903875708580017,1.8176841666620078e-08
1.0,0.1,0.329996997,0.10155093300000001,0.1375,140.0,2.9888499,0.036,0.0052,0.0028709738739,0.0007007014377,26.125000000000004,26.169771675311605,0.10766733647922949,2.2479221547311132,-50.98569107055664,1.903875708580017,1.8176841666620078e-08
1.0,0.1,0.38049422400000005,0.019728456000000005,0.1375,140.0,4.0,0.036,0.0052,0.0033102997488000004,0.00013612634640000002,26.125000000000004,26.169646426095202,0.721538535993762,2.168287981181317,-45.98503875732422,-4.788990020751953,4.811553052480534e-08
1.0,0.1,0.38049422400000005,0.019728456000000005,0.1375,140.0,4.0,0.036,0.0052,0.0033102997488000004,0.00013612634640000002,26.125000000000004,26.169646426095202,0.721538535993762,2.168287981181317,-45.98503875732422,-4.788990020751953,4.811553052480534e-08
1.0,0.1,0.38049422400000005,0.019728456000000005,0.1375,140.0,4.0,0.036,0.0052,0.0033102997488000004,0.00013612634640000002,26.125000000000004,26.169646426095202,0.721538535993762,2.168287981181317,-45.98503875732422,-4.788990020751953,4.811553052480534e-08
1.0,0.1,0.38049422400000005,0.019728456000000005,0.1375,140.0,4.0,0.036,0.0052,0.0033102997488000004,0.00013612634640000002,26.125000000000004,26.169646426095202,0.721538535993762,2.168287981181317,-45.98503875732422,-4.788990020751953,4.811553052480534e-08
1.0,0.09794202263205082,0.32517823544350993,0.11399857360931043,0.13724275282900636,140.0,3.0208833,0.036,0.005092985176866642,0.002829050648358536,0.000786590157904242,26.07612303751121,26.12083166349434,0.022900970158774205,2.2148503918654487,-51.56608963012695,2.7263028621673584,1.8899243293412664e-08
1.0,0.09794202263205082,0.32517823544350993,0.11399857360931043,0.13724275282900636,140.0,3.0208833,0.036,0.005092985176866642,0.002829050648358536,0.000786590157904242,26.07612303751121,26.12083166349434,0.022900970158774205,2.2148503918654487,-51.56608963012695,2.7263028621673584,1.8899243293412664e-08
1.0,0.09794202263205082,0.32517823544350993,0.11399857360931043,0.13724275282900636,140.0,3.0208833,0.036,0.005092985176866642,0.002829050648358536,0.000786590157904242,26.07612303751121,26.12083166349434,0.022900970158774205,2.2148503918654487,-51.56608963012695,2.7263028621673584,1.8899243293412664e-08
1.0,0.09794202263205082,0.32517823544350993,0.11399857360931043,0.13724275282900636,140.0,3.0208833,0.036,0.005092985176866642,0.002829050648358536,0.000786590157904242,26.07612303751121,26.12083166349434,0.022900970158774205,2.2148503918654487,-51.56608963012695,2.7263028621673584,1.8899243293412664e-08
1.0,0.03333333333333333,0.23909335900000003,0.09556586999999997,0.13706464000000002,160.0,4.551226,0.036,0.0017333333333333333,0.0020801122233000003,0.0006594045029999998,26.042281600000003,26.082754450059635,0.058064652424035385,-0.47824917743204076,22.54116439819336,-7.2435994148254395,1.214346509250563e-06
1.0,0.03333333333333333,0.23909335900000003,0.09556586999999997,0.13706464000000002,160.0,4.551226,0.036,0.0017333333333333333,0.0020801122233000003,0.0006594045029999998,26.042281600000003,26.082754450059635,0.058064652424035385,-0.47824917743204076,22.54116439819336,-7.2435994148254395,1.214346509250563e-06
1.0,0.03333333333333333,0.23909335900000003,0.09556586999999997,0.13706464000000002,160.0,4.551226,0.036,0.0017333333333333333,0.0020801122233000003,0.0006594045029999998,26.042281600000003,26.082754450059635,0.058064652424035385,-0.47824917743204076,22.54116439819336,-7.2435994148254395,1.214346509250563e-06
1.0,0.03333333333333333,0.23909335900000003,0.09556586999999997,0.13706464000000002,160.0,4.551226,0.036,0.0017333333333333333,0.0020801122233000003,0.0006594045029999998,26.042281600000003,26.082754450059635,0.058064652424035385,-0.47824917743204076,22.54116439819336,-7.2435994148254395,1.214346509250563e-06
1.0,0.0802811058979237,0.5940660900100407,0.0,0.13503513823724045,140.0,5.479504,0.036,0.004174617506692032,0.0051683749830873545,0.0,25.656676265075685,25.702019257565464,1.8061555951729287,2.0498301382681556,-42.129329681396484,-11.280549049377441,9.23545292291977e-08
1.0,0.0802811058979237,0.5940660900100407,0.0,0.13503513823724045,140.0,5.479504,0.036,0.004174617506692032,0.0051683749830873545,0.0,25.656676265075685,25.702019257565464,1.8061555951729287,2.0498301382681556,-42.129329681396484,-11.280549049377441,9.23545292291977e-08
1.0,0.0802811058979237,0.5940660900100407,0.0,0.13503513823724045,140.0,5.479504,0.036,0.004174617506692032,0.0051683749830873545,0.0,25.656676265075685,25.702019257565464,1.8061555951729287,2.0498301382681556,-42.129329681396484,-11.280549049377441,9.23545292291977e-08
1.0,0.0802811058979237,0.5940660900100407,0.0,0.13503513823724045,140.0,5.479504,0.036,0.004174617506692032,0.0051683749830873545,0.0,25.656676265075685,25.702019257565464,1.8061555951729287,2.0498301382681556,-42.129329681396484,-11.280549049377441,9.23545292291977e-08
1.0,0.04,0.2429159096,0.10750614159999997,0.1349375144,160.0,4.0,0.036,0.00208,0.00211336841352,0.0007417923770399997,25.638127736,25.679062896790562,0.015834683300919392,-0.28327327783136547,23.189878463745117,-6.99590539932251,1.5183538936490588e-06
1.0,0.04,0.2429159096,0.10750614159999997,0.1349375144,160.0,4.0,0.036,0.00208,0.00211336841352,0.0007417923770399997,25.638127736,25.679062896790562,0.015834683300919392,-0.28327327783136547,23.189878463745117,-6.99590539932251,1.5183538936490588e-06
1.0,0.04,0.2429159096,0.10750614159999997,0.1349375144,160.0,4.0,0.036,0.00208,0.00211336841352,0.0007417923770399997,25.638127736,25.679062896790562,0.015834683300919392,-0.28327327783136547,23.189878463745117,-6.99590539932251,1.5183538936490588e-06
1.0,0.04,0.2429159096,0.10750614159999997,0.1349375144,160.0,4.0,0.036,0.00208,0.00211336841352,0.0007417923770399997,25.638127736,25.679062896790562,0.015834683300919392,-0.28327327783136547,23.189878463745117,-6.99590539932251,1.5183538936490588e-06
1.0,0.1,0.22000000000000003,0.31042549999999997,0.13424097940000002,140.0,3.0,0.036,0.0052,0.0019140000000000001,0.00214193595,25.505786086000004,25.551042021950003,-1.3997993519118666,2.4786326370561733,-58.15634536743164,13.813108444213867,1.464017577291729e-08
1.0,0.1,0.22000000000000003,0.31042549999999997,0.13424097940000002,140.0,3.0,0.036,0.0052,0.0019140000000000001,0.00214193595,25.505786086000004,25.551042021950003,-1.3997993519118666,2.4786326370561733,-58.15634536743164,13.813108444213867,1.464017577291729e-08
1.0,0.1,0.22000000000000003,0.31042549999999997,0.13424097940000002,140.0,3.0,0.036,0.0052,0.0019140000000000001,0.00214193595,25.505786086000004,25.551042021950003,-1.3997993519118666,2.4786326370561733,-58.15634536743164,13.813108444213867,1.464017577291729e-08
1.0,0.1,0.22000000000000003,0.31042549999999997,0.13424097940000002,140.0,3.0,0.036,0.0052,0.0019140000000000001,0.00214193595,25.505786086000004,25.551042021950003,-1.3997993519118666,2.4786326370561733,-58.15634536743164,13.813108444213867,1.464017577291729e-08
1.0,0.1,0.22000000000000003,0.31042549999999997,0.13424097940000002,140.0,3.0,0.036,0.0052,0.0019140000000000001,0.00214193595,25.505786086000004,25.551042021950003,-1.3997993519118666,2.4786326370561733,-58.15634536743164,13.813108444213867,1.464017577291729e-08
1.0,0.0669162688104141,0.21849058194087828,0.26662447740077205,0.13336453360130177,160.0,3.0,0.036,0.003479645978141533,0.001900868062885641,0.0018397088940653272,25.339261384247337,25.38248160718243,-0.7944000458782227,0.6632589625162506,32.18522262573242,-40.56281661987305,2.8998754151509386e-07
1.0,0.0669162688104141,0.21849058194087828,0.26662447740077205,0.13336453360130177,160.0,3.0,0.036,0.003479645978141533,0.001900868062885641,0.0018397088940653272,25.339261384247337,25.38248160718243,-0.7944000458782227,0.6632589625162506,32.18522262573242,-40.56281661987305,2.8998754151509386e-07
1.0,0.0669162688104141,0.21849058194087828,0.26662447740077205,0.13336453360130177,160.0,3.0,0.036,0.003479645978141533,0.001900868062885641,0.0018397088940653272,25.339261384247337,25.38248160718243,-0.7944000458782227,0.6632589625162506,32.18522262573242,-40.56281661987305,2.8998754151509386e-07
1.0,0.0669162688104141,0.21849058194087828,0.26662447740077205,0.13336453360130177,160.0,3.0,0.036,0.003479645978141533,0.001900868062885641,0.0018397088940653272,25.339261384247337,25.38248160718243,-0.7944000458782227,0.6632589625162506,32.18522262573242,-40.56281661987305,2.8998754151509386e-07
1.0,0.0669162688104141,0.21849058194087828,0.26662447740077205,0.13336453360130177,160.0,3.0,0.036,0.003479645978141533,0.001900868062885641,0.0018397088940653272,25.339261384247337,25.38248160718243,-0.7944000458782227,0.6632589625162506,32.18522262573242,-40.56281661987305,2.8998754151509386e-07
1.0,0.06692802954578021,0.26673200738644504,0.10747023073258688,0.13336600369322252,160.0,3.0,0.036,0.003480257536380571,0.0023205684642620718,0.0007415445920548495,25.339540701712277,25.382083072304976,0.159249086084533,0.4184661212401392,18.506200790405273,-35.30567932128906,3.561206245778999e-07
1.0,0.06692802954578021,0.26673200738644504,0.10747023073258688,0.13336600369322252,160.0,3.0,0.036,0.003480257536380571,0.0023205684642620718,0.0007415445920548495,25.339540701712277,25.382083072304976,0.159249086084533,0.4184661212401392,18.506200790405273,-35.30567932128906,3.561206245778999e-07
1.0,0.06692802954578021,0.26673200738644504,0.10747023073258688,0.13336600369322252,160.0,3.0,0.036,0.003480257536380571,0.0023205684642620718,0.0007415445920548495,25.339540701712277,25.382083072304976,0.159249086084533,0.4184661212401392,18.506200790405273,-35.30567932128906,3.561206245778999e-07
1.0,0.06692802954578021,0.26673200738644504,0.10747023073258688,0.13336600369322252,160.0,3.0,0.036,0.003480257536380571,0.0023205684642620718,0.0007415445920548495,25.339540701712277,25.382083072304976,0.159249086084533,0.4184661212401392,18.506200790405273,-35.30567932128906,3.561206245778999e-07
1.0,0.06692802954578021,0.26673200738644504,0.10747023073258688,0.13336600369322252,160.0,3.0,0.036,0.003480257536380571,0.0023205684642620718,0.0007415445920548495,25.339540701712277,25.382083072304976,0.159249086084533,0.4184661212401392,18.506200790405273,-35.30567932128906,3.561206245778999e-07
1.0,0.06600000066,0.2616367269419889,0.19563866282112713,0.1332500000825,160.0,4.0,0.036,0.00343200003432,0.0022762395243953034,0.0013499067734657772,25.317500015674998,25.36055816200718,-0.2675849114633809,0.5702445979104411,23.958749771118164,-39.24502182006836,1.4462363443693779e-06
1.0,0.06600000066,0.2616367269419889,0.19563866282112713,0.1332500000825,160.0,4.0,0.036,0.00343200003432,0.0022762395243953034,0.0013499067734657772,25.317500015674998,25.36055816200718,-0.2675849114633809,0.5702445979104411,23.958749771118164,-39.24502182006836,1.4462363443693779e-06
1.0,0.06600000066,0.2616367269419889,0.19563866282112713,0.1332500000825,160.0,4.0,0.036,0.00343200003432,0.0022762395243953034,0.0013499067734657772,25.317500015674998,25.36055816200718,-0.2675849114633809,0.5702445979104411,23.958749771118164,-39.24502182006836,1.4462363443693779e-06
1.0,0.06600000066,0.2616367269419889,0.19563866282112713,0.1332500000825,160.0,4.0,0.036,0.00343200003432,0.0022762395243953034,0.0013499067734657772,25.317500015674998,25.36055816200718,-0.2675849114633809,0.5702445979104411,23.958749771118164,-39.24502182006836,1.4462363443693779e-06
1.0,0.06600000066,0.2616367269419889,0.19563866282112713,0.1332500000825,160.0,4.0,0.036,0.00343200003432,0.0022762395243953034,0.0013499067734657772,25.317500015674998,25.36055816200718,-0.2675849114633809,0.5702445979104411,23.958749771118164,-39.24502182006836,1.4462363443693779e-06
1.0,0.06666666666666667,0.277054784,0.25451457066666666,0.13317695466666668,160.0,4.0,0.036,0.0034666666666666665,0.0024103766207999996,0.0017561505375999998,25.30362138666667,25.347254580491736,-0.4569874630312185,0.740601323376626,31.82456398010254,-40.57772445678711,1.3480124634441272e-06
1.0,0.06666666666666667,0.277054784,0.25451457066666666,0.13317695466666668,160.0,4.0,0.036,0.0034666666666666665,0.0024103766207999996,0.0017561505375999998,25.30362138666667,25.347254580491736,-0.4569874630312185,0.740601323376626,31.82456398010254,-40.57772445678711,1.3480124634441272e-06
1.0,0.06666666666666667,0.277054784,0.25451457066666666,0.13317695466666668,160.0,4.0,0.036,0.0034666666666666665,0.0024103766207999996,0.0017561505375999998,25.30362138666667,25.347254580491736,-0.4569874630312185,0.740601323376626,31.82456398010254,-40.57772445678711,1.3480124634441272e-06
1.0,0.06666666666666667,0.277054784,0.25451457066666666,0.13317695466666668,160.0,4.0,0.036,0.0034666666666666665,0.0024103766207999996,0.0017561505375999998,25.30362138666667,25.347254580491736,-0.4569874630312185,0.740601323376626,31.82456398010254,-40.57772445678711,1.3480124634441272e-06
1.0,0.06666666666666667,0.277054784,0.25451457066666666,0.13317695466666668,160.0,4.0,0.036,0.0034666666666666665,0.0024103766207999996,0.0017561505375999998,25.30362138666667,25.347254580491736,-0.4569874630312185,0.740601323376626,31.82456398010254,-40.57772445678711,1.3480124634441272e-06
1.0,0.06390000518229043,0.2659750012955726,0.11559105460104768,0.1331683423706672,150.0,4.0,0.036,0.003322800269479102,0.0023139825112714818,0.000797578276747229,25.301985050426765,25.344419411484264,-0.12343563948447134,0.8154006167583173,-13.8720121383667,-0.5139776468276978,2.0689569245122924e-11
1.0,0.06390000518229043,0.2659750012955726,0.11559105460104768,0.1331683423706672,150.0,4.0,0.036,0.003322800269479102,0.0023139825112714818,0.000797578276747229,25.301985050426765,25.344419411484264,-0.12343563948447134,0.8154006167583173,-13.8720121383667,-0.5139776468276978,2.0689569245122924e-11
1.0,0.06390000518229043,0.2659750012955726,0.11559105460104768,0.1331683423706672,150.0,4.0,0.036,0.003322800269479102,0.0023139825112714818,0.000797578276747229,25.301985050426765,25.344419411484264,-0.12343563948447134,0.8154006167583173,-13.8720121383667,-0.5139776468276978,2.0689569245122924e-11
1.0,0.06390000518229043,0.2659750012955726,0.11559105460104768,0.1331683423706672,150.0,4.0,0.036,0.003322800269479102,0.0023139825112714818,0.000797578276747229,25.301985050426765,25.344419411484264,-0.12343563948447134,0.8154006167583173,-13.8720121383667,-0.5139776468276978,2.0689569245122924e-11
1.0,0.06390000518229043,0.2659750012955726,0.11559105460104768,0.1331683423706672,150.0,4.0,0.036,0.003322800269479102,0.0023139825112714818,0.000797578276747229,25.301985050426765,25.344419411484264,-0.12343563948447134,0.8154006167583173,-13.8720121383667,-0.5139776468276978,2.0689569245122924e-11
1.0,0.061544320557778635,0.17692405696477748,0.2018244154751348,0.13269304006972232,160.0,5.0,0.036,0.0032003046690044887,0.001539239295593564,0.00139258846677843,25.211677613247243,25.25380974567862,-0.7238170430588586,0.3102842273593366,28.140480041503906,-39.50938034057617,1.1424449949938776e-06
1.0,0.061544320557778635,0.17692405696477748,0.2018244154751348,0.13269304006972232,160.0,5.0,0.036,0.0032003046690044887,0.001539239295593564,0.00139258846677843,25.211677613247243,25.25380974567862,-0.7238170430588586,0.3102842273593366,28.140480041503906,-39.50938034057617,1.1424449949938776e-06
1.0,0.061544320557778635,0.17692405696477748,0.2018244154751348,0.13269304006972232,160.0,5.0,0.036,0.0032003046690044887,0.001539239295593564,0.00139258846677843,25.211677613247243,25.25380974567862,-0.7238170430588586,0.3102842273593366,28.140480041503906,-39.50938034057617,1.1424449949938776e-06
1.0,0.061544320557778635,0.17692405696477748,0.2018244154751348,0.13269304006972232,160.0,5.0,0.036,0.0032003046690044887,0.001539239295593564,0.00139258846677843,25.211677613247243,25.25380974567862,-0.7238170430588586,0.3102842273593366,28.140480041503906,-39.50938034057617,1.1424449949938776e-06
1.0,0.061544320557778635,0.17692405696477748,0.2018244154751348,0.13269304006972232,160.0,5.0,0.036,0.0032003046690044887,0.001539239295593564,0.00139258846677843,25.211677613247243,25.25380974567862,-0.7238170430588586,0.3102842273593366,28.140480041503906,-39.50938034057617,1.1424449949938776e-06
1.0,0.05869938022259392,0.20652222436700496,0.1071310183760053,0.13233742252782424,170.0,5.0,0.036,0.0030523677715748837,0.001796743351992943,0.0007392040267944366,25.144110280286604,25.185698595436968,0.07529830261917368,-0.36071734799410915,17.649402618408203,-34.06086349487305,3.884765652451575e-10
1.0,0.05869938022259392,0.20652222436700496,0.1071310183760053,0.13233742252782424,170.0,5.0,0.036,0.0030523677715748837,0.001796743351992943,0.0007392040267944366,25.144110280286604,25.185698595436968,0.07529830261917368,-0.36071734799410915,17.649402618408203,-34.06086349487305,3.884765652451575e-10
1.0,0.05869938022259392,0.20652222436700496,0.1071310183760053,0.13233742252782424,170.0,5.0,0.036,0.0030523677715748837,0.001796743351992943,0.0007392040267944366,25.144110280286604,25.185698595436968,0.07529830261917368,-0.36071734799410915,17.649402618408203,-34.06086349487305,3.884765652451575e-10
1.0,0.05869938022259392,0.20652222436700496,0.1071310183760053,0.13233742252782424,170.0,5.0,0.036,0.0030523677715748837,0.001796743351992943,0.0007392040267944366,25.144110280286604,25.185698595436968,0.07529830261917368,-0.36071734799410915,17.649402618408203,-34.06086349487305,3.884765652451575e-10
1.0,0.05869938022259392,0.20652222436700496,0.1071310183760053,0.13233742252782424,170.0,5.0,0.036,0.0030523677715748837,0.001796743351992943,0.0007392040267944366,25.144110280286604,25.185698595436968,0.07529830261917368,-0.36071734799410915,17.649402618408203,-34.06086349487305,3.884765652451575e-10
1.0,0.06666666666666667,0.20705546666666666,0.32189725866666663,0.1317720256,140.0,4.244384,0.036,0.0034666666666666665,0.0018013825599999997,0.0022210910847999996,25.036684864,25.08017400431147,-1.5844319077042988,1.6633923993701698,-52.8713493347168,19.278566360473633,3.600855681766805e-08
1.0,0.06666666666666667,0.20705546666666666,0.32189725866666663,0.1317720256,140.0,4.244384,0.036,0.0034666666666666665,0.0018013825599999997,0.0022210910847999996,25.036684864,25.08017400431147,-1.5844319077042988,1.6633923993701698,-52.8713493347168,19.278566360473633,3.600855681766805e-08
1.0,0.06666666666666667,0.20705546666666666,0.32189725866666663,0.1317720256,140.0,4.244384,0.036,0.0034666666666666665,0.0018013825599999997,0.0022210910847999996,25.036684864,25.08017400431147,-1.5844319077042988,1.6633923993701698,-52.8713493347168,19.278566360473633,3.600855681766805e-08
1.0,0.06666666666666667,0.20705546666666666,0.32189725866666663,0.1317720256,140.0,4.244384,0.036,0.0034666666666666665,0.0018013825599999997,0.0022210910847999996,25.036684864,25.08017400431147,-1.5844319077042988,1.6633923993701698,-52.8713493347168,19.278566360473633,3.600855681766805e-08
1.0,0.06666666666666667,0.20705546666666666,0.32189725866666663,0.1317720256,140.0,4.244384,0.036,0.0034666666666666665,0.0018013825599999997,0.0022210910847999996,25.036684864,25.08017400431147,-1.5844319077042988,1.6633923993701698,-52.8713493347168,19.278566360473633,3.600855681766805e-08
1.0,0.05,0.48743590350000005,0.06060346950000001,0.13125,160.0,4.0,0.036,0.0026,0.0042406923604500005,0.00041816393955,24.9375,24.9807588563,1.408982176545325,0.3254339651360462,-2.7290115356445312,-21.812707901000977,1.4889878710915003e-06
1.0,0.05,0.48743590350000005,0.06060346950000001,0.13125,160.0,4.0,0.036,0.0026,0.0042406923604500005,0.00041816393955,24.9375,24.9807588563,1.408982176545325,0.3254339651360462,-2.7290115356445312,-21.812707901000977,1.4889878710915003e-06
1.0,0.05,0.48743590350000005,0.06060346950000001,0.13125,160.0,4.0,0.036,0.0026,0.0042406923604500005,0.00041816393955,24.9375,24.9807588563,1.408982176545325,0.3254339651360462,-2.7290115356445312,-21.812707901000977,1.4889878710915003e-06
1.0,0.05,0.48743590350000005,0.06060346950000001,0.13125,160.0,4.0,0.036,0.0026,0.0042406923604500005,0.00041816393955,24.9375,24.9807588563,1.408982176545325,0.3254339651360462,-2.7290115356445312,-21.812707901000977,1.4889878710915003e-06
1.0,0.05,0.48743590350000005,0.06060346950000001,0.13125,160.0,4.0,0.036,0.0026,0.0042406923604500005,0.00041816393955,24.9375,24.9807588563,1.408982176545325,0.3254339651360462,-2.7290115356445312,-21.812707901000977,1.4889878710915003e-06
1.0,0.05,0.292389846,0.2190199725,0.13125,160.0,5.0,0.036,0.0026,0.0025437916602,0.00151123781025,24.9375,24.98015502947045,-0.26325194418721687,0.2858882721467209,25.516334533691406,-39.007423400878906,1.2222970493499082e-06
1.0,0.05,0.292389846,0.2190199725,0.13125,160.0,5.0,0.036,0.0026,0.0025437916602,0.00151123781025,24.9375,24.98015502947045,-0.26325194418721687,0.2858882721467209,25.516334533691406,-39.007423400878906,1.2222970493499082e-06
1.0,0.05,0.292389846,0.2190199725,0.13125,160.0,5.0,0.036,0.0026,0.0025437916602,0.00151123781025,24.9375,24.98015502947045,-0.26325194418721687,0.2858882721467209,25.516334533691406,-39.007423400878906,1.2222970493499082e-06
1.0,0.05,0.292389846,0.2190199725,0.13125,160.0,5.0,0.036,0.0026,0.0025437916602,0.00151123781025,24.9375,24.98015502947045,-0.26325194418721687,0.2858882721467209,25.516334533691406,-39.007423400878906,1.2222970493499082e-06
1.0,0.05,0.292389846,0.2190199725,0.13125,160.0,5.0,0.036,0.0026,0.0025437916602,0.00151123781025,24.9375,24.98015502947045,-0.26325194418721687,0.2858882721467209,25.516334533691406,-39.007423400878906,1.2222970493499082e-06
1.0,0.05,0.197894571,0.183484014,0.13125,170.0,5.0,0.036,0.0026,0.0017216827677,0.0012660396966,24.9375,24.9790877224643,-0.3320994259731566,-0.4274382021201498,28.828081130981445,-34.661102294921875,3.7295521828586074e-10
1.0,0.05,0.197894571,0.183484014,0.13125,170.0,5.0,0.036,0.0026,0.0017216827677,0.0012660396966,24.9375,24.9790877224643,-0.3320994259731566,-0.4274382021201498,28.828081130981445,-34.661102294921875,3.7295521828586074e-10
1.0,0.05,0.197894571,0.183484014,0.13125,170.0,5.0,0.036,0.0026,0.0017216827677,0.0012660396966,24.9375,24.9790877224643,-0.3320994259731566,-0.4274382021201498,28.828081130981445,-34.661102294921875,3.7295521828586074e-10
1.0,0.05,0.197894571,0.183484014,0.13125,170.0,5.0,0.036,0.0026,0.0017216827677,0.0012660396966,24.9375,24.9790877224643,-0.3320994259731566,-0.4274382021201498,28.828081130981445,-34.661102294921875,3.7295521828586074e-10
1.0,0.05,0.197894571,0.183484014,0.13125,170.0,5.0,0.036,0.0026,0.0017216827677,0.0012660396966,24.9375,24.9790877224643,-0.3320994259731566,-0.4274382021201498,28.828081130981445,-34.661102294921875,3.7295521828586074e-10
1.0,0.05,0.250957875,0.07368327749999998,0.13125,160.0,4.0,0.036,0.0026,0.0021833335125,0.0005084146147499998,24.9375,24.97879174812725,0.19086618992335794,-0.09849695366907739,16.21632194519043,-31.49121856689453,1.5364434999750518e-06
1.0,0.05,0.250957875,0.07368327749999998,0.13125,160.0,4.0,0.036,0.0026,0.0021833335125,0.0005084146147499998,24.9375,24.97879174812725,0.19086618992335794,-0.09849695366907739,16.21632194519043,-31.49121856689453,1.5364434999750518e-06
1.0,0.05,0.250957875,0.07368327749999998,0.13125,160.0,4.0,0.036,0.0026,0.0021833335125,0.0005084146147499998,24.9375,24.97879174812725,0.19086618992335794,-0.09849695366907739,16.21632194519043,-31.49121856689453,1.5364434999750518e-06
1.0,0.05,0.250957875,0.07368327749999998,0.13125,160.0,4.0,0.036,0.0026,0.0021833335125,0.0005084146147499998,24.9375,24.97879174812725,0.19086618992335794,-0.09849695366907739,16.21632194519043,-31.49121856689453,1.5364434999750518e-06
1.0,0.05,0.250957875,0.07368327749999998,0.13125,160.0,4.0,0.036,0.0026,0.0021833335125,0.0005084146147499998,24.9375,24.97879174812725,0.19086618992335794,-0.09849695366907739,16.21632194519043,-31.49121856689453,1.5364434999750518e-06
1.0,0.05,0.259420245,0.05411137199999999,0.13125,160.0,4.0,0.036,0.0026,0.0022569561314999998,0.0003733684667999999,24.9375,24.9787303245983,0.32053837473481406,-0.1238036503507162,15.205585479736328,-31.063678741455078,1.5455241617980377e-06
1.0,0.05,0.259420245,0.05411137199999999,0.13125,160.0,4.0,0.036,0.0026,0.0022569561314999998,0.0003733684667999999,24.9375,24.9787303245983,0.32053837473481406,-0.1238036503507162,15.205585479736328,-31.063678741455078,1.5455241617980377e-06
1.0,0.05,0.259420245,0.05411137199999999,0.13125,160.0,4.0,0.036,0.0026,0.0022569561314999998,0.0003733684667999999,24.9375,24.9787303245983,0.32053837473481406,-0.1238036503507162,15.205585479736328,-31.063678741455078,1.5455241617980377e-06
1.0,0.05,0.259420245,0.05411137199999999,0.13125,160.0,4.0,0.036,0.0026,0.0022569561314999998,0.0003733684667999999,24.9375,24.9787303245983,0.32053837473481406,-0.1238036503507162,15.205585479736328,-31.063678741455078,1.5455241617980377e-06
1.0,0.05,0.259420245,0.05411137199999999,0.13125,160.0,4.0,0.036,0.0026,0.0022569561314999998,0.0003733684667999999,24.9375,24.9787303245983,0.32053837473481406,-0.1238036503507162,15.205585479736328,-31.063678741455078,1.5455241617980377e-06
1.0,0.0425531914893617,0.3403178963829787,0.00944418702127664,0.13031914893617022,160.0,5.0,0.036,0.0022127659574468083,0.002960765698531915,6.516489044680882e-05,24.76063829787234,24.801876994418766,0.8980043693838101,-0.24811427683486395,2.1102566719055176,-20.423418045043945,1.2791312079024096e-06
1.0,0.0425531914893617,0.3403178963829787,0.00944418702127664,0.13031914893617022,160.0,5.0,0.036,0.0022127659574468083,0.002960765698531915,6.516489044680882e-05,24.76063829787234,24.801876994418766,0.8980043693838101,-0.24811427683486395,2.1102566719055176,-20.423418045043945,1.2791312079024096e-06
1.0,0.0425531914893617,0.3403178963829787,0.00944418702127664,0.13031914893617022,160.0,5.0,0.036,0.0022127659574468083,0.002960765698531915,6.516489044680882e-05,24.76063829787234,24.801876994418766,0.8980043693838101,-0.24811427683486395,2.1102566719055176,-20.423418045043945,1.2791312079024096e-06
1.0,0.0425531914893617,0.3403178963829787,0.00944418702127664,0.13031914893617022,160.0,5.0,0.036,0.0022127659574468083,0.002960765698531915,6.516489044680882e-05,24.76063829787234,24.801876994418766,0.8980043693838101,-0.24811427683486395,2.1102566719055176,-20.423418045043945,1.2791312079024096e-06
1.0,0.0425531914893617,0.3403178963829787,0.00944418702127664,0.13031914893617022,160.0,5.0,0.036,0.0022127659574468083,0.002960765698531915,6.516489044680882e-05,24.76063829787234,24.801876994418766,0.8980043693838101,-0.24811427683486395,2.1102566719055176,-20.423418045043945,1.2791312079024096e-06
1.0,0.04,0.370034236,0.04596576400000002,0.13,160.0,4.878026,0.036,0.00208,0.0032192978532,0.0003171637716000001,24.7,24.741616461624798,0.8732056972229952,-0.17587656272814342,1.1027220487594604,-19.854982376098633,1.1636974621110345e-06
1.0,0.04,0.370034236,0.04596576400000002,0.13,160.0,4.878026,0.036,0.00208,0.0032192978532,0.0003171637716000001,24.7,24.741616461624798,0.8732056972229952,-0.17587656272814342,1.1027220487594604,-19.854982376098633,1.1636974621110345e-06
1.0,0.04,0.370034236,0.04596576400000002,0.13,160.0,4.878026,0.036,0.00208,0.0032192978532,0.0003171637716000001,24.7,24.741616461624798,0.8732056972229952,-0.17587656272814342,1.1027220487594604,-19.854982376098633,1.1636974621110345e-06
1.0,0.04,0.370034236,0.04596576400000002,0.13,160.0,4.878026,0.036,0.00208,0.0032192978532,0.0003171637716000001,24.7,24.741616461624798,0.8732056972229952,-0.17587656272814342,1.1027220487594604,-19.854982376098633,1.1636974621110345e-06
1.0,0.04,0.370034236,0.04596576400000002,0.13,160.0,4.878026,0.036,0.00208,0.0032192978532,0.0003171637716000001,24.7,24.741616461624798,0.8732056972229952,-0.17587656272814342,1.1027220487594604,-19.854982376098633,1.1636974621110345e-06
1.0,0.043482007884331604,0.3050799963740806,0.027179252379940733,0.12953509123144002,160.0,3.0,0.036,0.0022610644099852434,0.0026541959684545013,0.00018753684142159104,24.611667333973603,24.652770131193463,0.6447813940826413,-0.25031525767568447,9.158722877502441,-27.212099075317383,3.631751794538484e-07
1.0,0.043482007884331604,0.3050799963740806,0.027179252379940733,0.12953509123144002,160.0,3.0,0.036,0.0022610644099852434,0.0026541959684545013,0.00018753684142159104,24.611667333973603,24.652770131193463,0.6447813940826413,-0.25031525767568447,9.158722877502441,-27.212099075317383,3.631751794538484e-07
1.0,0.043482007884331604,0.3050799963740806,0.027179252379940733,0.12953509123144002,160.0,3.0,0.036,0.0022610644099852434,0.0026541959684545013,0.00018753684142159104,24.611667333973603,24.652770131193463,0.6447813940826413,-0.25031525767568447,9.158722877502441,-27.212099075317383,3.631751794538484e-07
1.0,0.043482007884331604,0.3050799963740806,0.027179252379940733,0.12953509123144002,160.0,3.0,0.036,0.0022610644099852434,0.0026541959684545013,0.00018753684142159104,24.611667333973603,24.652770131193463,0.6447813940826413,-0.25031525767568447,9.158722877502441,-27.212099075317383,3.631751794538484e-07
1.0,0.043482007884331604,0.3050799963740806,0.027179252379940733,0.12953509123144002,160.0,3.0,0.036,0.0022610644099852434,0.0026541959684545013,0.00018753684142159104,24.611667333973603,24.652770131193463,0.6447813940826413,-0.25031525767568447,9.158722877502441,-27.212099075317383,3.631751794538484e-07
1.0,0.03002351682025497,0.19937872688410896,0.16055897397701352,0.12875293960253187,165.0,4.0,0.036,0.0015612228746532584,0.0017345949238917477,0.0011078569204413932,24.463058524481056,24.503462199200044,-0.38467415043889935,-0.7285767011010503,37.7819709777832,-6.389930725097656,3.05320181947152e-10
1.0,0.03002351682025497,0.19937872688410896,0.16055897397701352,0.12875293960253187,165.0,4.0,0.036,0.0015612228746532584,0.0017345949238917477,0.0011078569204413932,24.463058524481056,24.503462199200044,-0.38467415043889935,-0.7285767011010503,37.7819709777832,-6.389930725097656,3.05320181947152e-10
1.0,0.03002351682025497,0.19937872688410896,0.16055897397701352,0.12875293960253187,165.0,4.0,0.036,0.0015612228746532584,0.0017345949238917477,0.0011078569204413932,24.463058524481056,24.503462199200044,-0.38467415043889935,-0.7285767011010503,37.7819709777832,-6.389930725097656,3.05320181947152e-10
1.0,0.03002351682025497,0.19937872688410896,0.16055897397701352,0.12875293960253187,165.0,4.0,0.036,0.0015612228746532584,0.0017345949238917477,0.0011078569204413932,24.463058524481056,24.503462199200044,-0.38467415043889935,-0.7285767011010503,37.7819709777832,-6.389930725097656,3.05320181947152e-10
1.0,0.03002351682025497,0.19937872688410896,0.16055897397701352,0.12875293960253187,165.0,4.0,0.036,0.0015612228746532584,0.0017345949238917477,0.0011078569204413932,24.463058524481056,24.503462199200044,-0.38467415043889935,-0.7285767011010503,37.7819709777832,-6.389930725097656,3.05320181947152e-10
1.0,0.05,0.35388066,0.060564125999999996,0.12863016600000002,160.0,3.7208054,0.036,0.0026,0.003078761742,0.00041789246939999994,24.439731540000004,24.481828194211403,0.7333852371308103,0.06962630232625291,9.11381721496582,-25.483360290527344,1.2526084384435708e-06
1.0,0.05,0.35388066,0.060564125999999996,0.12863016600000002,160.0,3.7208054,0.036,0.0026,0.003078761742,0.00041789246939999994,24.439731540000004,24.481828194211403,0.7333852371308103,0.06962630232625291,9.11381721496582,-25.483360290527344,1.2526084384435708e-06
1.0,0.05,0.35388066,0.060564125999999996,0.12863016600000002,160.0,3.7208054,0.036,0.0026,0.003078761742,0.00041789246939999994,24.439731540000004,24.481828194211403,0.7333852371308103,0.06962630232625291,9.11381721496582,-25.483360290527344,1.2526084384435708e-06
1.0,0.05,0.35388066,0.060564125999999996,0.12863016600000002,160.0,3.7208054,0.036,0.0026,0.003078761742,0.00041789246939999994,24.439731540000004,24.481828194211403,0.7333852371308103,0.06962630232625291,9.11381721496582,-25.483360290527344,1.2526084384435708e-06
1.0,0.05,0.35388066,0.060564125999999996,0.12863016600000002,160.0,3.7208054,0.036,0.0026,0.003078761742,0.00041789246939999994,24.439731540000004,24.481828194211403,0.7333852371308103,0.06962630232625291,9.11381721496582,-25.483360290527344,1.2526084384435708e-06
1.0,0.02153511332530361,0.38820111777458727,0.16889995163938193,0.12769188916566296,160.0,3.6240747,0.036,0.0011198258929157876,0.003377349724638909,0.0011654096663117352,24.26145894147596,24.303121526759828,0.3665296384993329,-0.32736544155048203,22.412172317504883,-21.993871688842773,1.025753267898291e-06
1.0,0.02153511332530361,0.38820111777458727,0.16889995163938193,0.12769188916566296,160.0,3.6240747,0.036,0.0011198258929157876,0.003377349724638909,0.0011654096663117352,24.26145894147596,24.303121526759828,0.3665296384993329,-0.32736544155048203,22.412172317504883,-21.993871688842773,1.025753267898291e-06
1.0,0.02153511332530361,0.38820111777458727,0.16889995163938193,0.12769188916566296,160.0,3.6240747,0.036,0.0011198258929157876,0.003377349724638909,0.0011654096663117352,24.26145894147596,24.303121526759828,0.3665296384993329,-0.32736544155048203,22.412172317504883,-21.993871688842773,1.025753267898291e-06
1.0,0.02153511332530361,0.38820111777458727,0.16889995163938193,0.12769188916566296,160.0,3.6240747,0.036,0.0011198258929157876,0.003377349724638909,0.0011654096663117352,24.26145894147596,24.303121526759828,0.3665296384993329,-0.32736544155048203,22.412172317504883,-21.993871688842773,1.025753267898291e-06
1.0,0.02153511332530361,0.38820111777458727,0.16889995163938193,0.12769188916566296,160.0,3.6240747,0.036,0.0011198258929157876,0.003377349724638909,0.0011654096663117352,24.26145894147596,24.303121526759828,0.3665296384993329,-0.32736544155048203,22.412172317504883,-21.993871688842773,1.025753267898291e-06
1.0,0.08,0.22471117200000001,0.06866802,0.12762390672,160.0,4.0,0.036,0.00416,0.0019549871964,0.00047380933799999995,24.248542276800002,24.2911310733344,0.09617894215540648,0.5679623790634822,12.740047454833984,-33.00094985961914,1.4871759776865307e-06
1.0,0.08,0.22471117200000001,0.06866802,0.12762390672,160.0,4.0,0.036,0.00416,0.0019549871964,0.00047380933799999995,24.248542276800002,24.2911310733344,0.09617894215540648,0.5679623790634822,12.740047454833984,-33.00094985961914,1.4871759776865307e-06
1.0,0.08,0.22471117200000001,0.06866802,0.12762390672,160.0,4.0,0.036,0.00416,0.0019549871964,0.00047380933799999995,24.248542276800002,24.2911310733344,0.09617894215540648,0.5679623790634822,12.740047454833984,-33.00094985961914,1.4871759776865307e-06
1.0,0.08,0.22471117200000001,0.06866802,0.12762390672,160.0,4.0,0.036,0.00416,0.0019549871964,0.00047380933799999995,24.248542276800002,24.2911310733344,0.09617894215540648,0.5679623790634822,12.740047454833984,-33.00094985961914,1.4871759776865307e-06
1.0,0.08,0.22471117200000001,0.06866802,0.12762390672,160.0,4.0,0.036,0.00416,0.0019549871964,0.00047380933799999995,24.248542276800002,24.2911310733344,0.09617894215540648,0.5679623790634822,12.740047454833984,-33.00094985961914,1.4871759776865307e-06
1.0,0.0524674387075381,0.5338152737952426,0.0,0.1271349828662752,160.0,3.6038144,0.036,0.002728306812791981,0.00464419288201861,0.0,24.15564674459229,24.1990192442871,1.8795657321349053,0.3444432867909511,-30.186296463012695,-27.148391723632812,8.999013097757108e-07
1.0,0.0524674387075381,0.5338152737952426,0.0,0.1271349828662752,160.0,3.6038144,0.036,0.002728306812791981,0.00464419288201861,0.0,24.15564674459229,24.1990192442871,1.8795657321349053,0.3444432867909511,-30.186296463012695,-27.148391723632812,8.999013097757108e-07
1.0,0.0524674387075381,0.5338152737952426,0.0,0.1271349828662752,160.0,3.6038144,0.036,0.002728306812791981,0.00464419288201861,0.0,24.15564674459229,24.1990192442871,1.8795657321349053,0.3444432867909511,-30.186296463012695,-27.148391723632812,8.999013097757108e-07
1.0,0.0524674387075381,0.5338152737952426,0.0,0.1271349828662752,160.0,3.6038144,0.036,0.002728306812791981,0.00464419288201861,0.0,24.15564674459229,24.1990192442871,1.8795657321349053,0.3444432867909511,-30.186296463012695,-27.148391723632812,8.999013097757108e-07
1.0,0.0524674387075381,0.5338152737952426,0.0,0.1271349828662752,160.0,3.6038144,0.036,0.002728306812791981,0.00464419288201861,0.0,24.15564674459229,24.1990192442871,1.8795657321349053,0.3444432867909511,-30.186296463012695,-27.148391723632812,8.999013097757108e-07
1.0,0.03333333333333333,0.3596087626666667,0.042434122666666685,0.12645896133333334,160.0,4.0,0.036,0.0017333333333333333,0.0031285962352,0.0002927954464000001,24.027202653333333,24.068357378348267,0.8014311465885497,-0.36483941238776635,-1.6853522062301636,-14.162649154663086,1.597491669719577e-06
1.0,0.03333333333333333,0.3596087626666667,0.042434122666666685,0.12645896133333334,160.0,4.0,0.036,0.0017333333333333333,0.0031285962352,0.0002927954464000001,24.027202653333333,24.068357378348267,0.8014311465885497,-0.36483941238776635,-1.6853522062301636,-14.162649154663086,1.597491669719577e-06
1.0,0.03333333333333333,0.3596087626666667,0.042434122666666685,0.12645896133333334,160.0,4.0,0.036,0.0017333333333333333,0.0031285962352,0.0002927954464000001,24.027202653333333,24.068357378348267,0.8014311465885497,-0.36483941238776635,-1.6853522062301636,-14.162649154663086,1.597491669719577e-06
1.0,0.03333333333333333,0.3596087626666667,0.042434122666666685,0.12645896133333334,160.0,4.0,0.036,0.0017333333333333333,0.0031285962352,0.0002927954464000001,24.027202653333333,24.068357378348267,0.8014311465885497,-0.36483941238776635,-1.6853522062301636,-14.162649154663086,1.597491669719577e-06
1.0,0.03333333333333333,0.3596087626666667,0.042434122666666685,0.12645896133333334,160.0,4.0,0.036,0.0017333333333333333,0.0031285962352,0.0002927954464000001,24.027202653333333,24.068357378348267,0.8014311465885497,-0.36483941238776635,-1.6853522062301636,-14.162649154663086,1.597491669719577e-06
1.0,0.06669999887944002,0.5173269387515522,0.0,0.12568283933397117,160.0,4.0,0.036,0.003468399941730881,0.004500744367138504,0.0,23.879739473454524,23.923708617763392,1.8054431256551373,0.6570365203746055,-29.453536987304688,-26.934738159179688,1.4000981648259463e-06
1.0,0.06669999887944002,0.5173269387515522,0.0,0.12568283933397117,160.0,4.0,0.036,0.003468399941730881,0.004500744367138504,0.0,23.879739473454524,23.923708617763392,1.8054431256551373,0.6570365203746055,-29.453536987304688,-26.934738159179688,1.4000981648259463e-06
1.0,0.06669999887944002,0.5173269387515522,0.0,0.12568283933397117,160.0,4.0,0.036,0.003468399941730881,0.004500744367138504,0.0,23.879739473454524,23.923708617763392,1.8054431256551373,0.6570365203746055,-29.453536987304688,-26.934738159179688,1.4000981648259463e-06
1.0,0.06669999887944002,0.5173269387515522,0.0,0.12568283933397117,160.0,4.0,0.036,0.003468399941730881,0.004500744367138504,0.0,23.879739473454524,23.923708617763392,1.8054431256551373,0.6570365203746055,-29.453536987304688,-26.934738159179688,1.4000981648259463e-06
1.0,0.06669999887944002,0.5173269387515522,0.0,0.12568283933397117,160.0,4.0,0.036,0.003468399941730881,0.004500744367138504,0.0,23.879739473454524,23.923708617763392,1.8054431256551373,0.6570365203746055,-29.453536987304688,-26.934738159179688,1.4000981648259463e-06
1.0,0.046169153714333805,0.2699989235507925,0.0,0.12542898604776487,160.0,4.6766934,0.036,0.002400795993145358,0.0023489906348918947,0.0,23.831507349075324,23.87225713570336,0.5610088731006587,-0.31628336686067815,11.540082931518555,-29.329437255859375,1.120273212791111e-06
1.0,0.046169153714333805,0.2699989235507925,0.0,0.12542898604776487,160.0,4.6766934,0.036,0.002400795993145358,0.0023489906348918947,0.0,23.831507349075324,23.87225713570336,0.5610088731006587,-0.31628336686067815,11.540082931518555,-29.329437255859375,1.120273212791111e-06
1.0,0.046169153714333805,0.2699989235507925,0.0,0.12542898604776487,160.0,4.6766934,0.036,0.002400795993145358,0.0023489906348918947,0.0,23.831507349075324,23.87225713570336,0.5610088731006587,-0.31628336686067815,11.540082931518555,-29.329437255859375,1.120273212791111e-06
1.0,0.046169153714333805,0.2699989235507925,0.0,0.12542898604776487,160.0,4.6766934,0.036,0.002400795993145358,0.0023489906348918947,0.0,23.831507349075324,23.87225713570336,0.5610088731006587,-0.31628336686067815,11.540082931518555,-29.329437255859375,1.120273212791111e-06
1.0,0.046169153714333805,0.2699989235507925,0.0,0.12542898604776487,160.0,4.6766934,0.036,0.002400795993145358,0.0023489906348918947,0.0,23.831507349075324,23.87225713570336,0.5610088731006587,-0.31628336686067815,11.540082931518555,-29.329437255859375,1.120273212791111e-06
1.0,0.05,0.6118873950000001,0.0,0.125282052,160.0,3.032837,0.036,0.0026,0.0053234203365,0.0,23.80358988,23.8475133003365,2.2447907544660834,0.4341228554715454,-31.88968276977539,-28.555044174194336,2.9577421333602405e-07
1.0,0.05,0.6118873950000001,0.0,0.125282052,160.0,3.032837,0.036,0.0026,0.0053234203365,0.0,23.80358988,23.8475133003365,2.2447907544660834,0.4341228554715454,-31.88968276977539,-28.555044174194336,2.9577421333602405e-07
1.0,0.05,0.6118873950000001,0.0,0.125282052,160.0,3.032837,0.036,0.0026,0.0053234203365,0.0,23.80358988,23.8475133003365,2.2447907544660834,0.4341228554715454,-31.88968276977539,-28.555044174194336,2.9577421333602405e-07
1.0,0.05,0.6118873950000001,0.0,0.125282052,160.0,3.032837,0.036,0.0026,0.0053234203365,0.0,23.80358988,23.8475133003365,2.2447907544660834,0.4341228554715454,-31.88968276977539,-28.555044174194336,2.9577421333602405e-07
1.0,0.05,0.6118873950000001,0.0,0.125282052,160.0,3.032837,0.036,0.0026,0.0053234203365,0.0,23.80358988,23.8475133003365,2.2447907544660834,0.4341228554715454,-31.88968276977539,-28.555044174194336,2.9577421333602405e-07
1.0,0.06669999887944002,0.4271521209712801,0.0,0.12470805687399518,160.0,4.0,0.036,0.003468399941730881,0.0037162234524501367,0.0,23.694530806059085,23.737715429453267,1.3553252378629765,0.48429299915635243,0.4388945698738098,-24.01207160949707,1.532304361000001e-06
1.0,0.06669999887944002,0.4271521209712801,0.0,0.12470805687399518,160.0,4.0,0.036,0.003468399941730881,0.0037162234524501367,0.0,23.694530806059085,23.737715429453267,1.3553252378629765,0.48429299915635243,0.4388945698738098,-24.01207160949707,1.532304361000001e-06
1.0,0.06669999887944002,0.4271521209712801,0.0,0.12470805687399518,160.0,4.0,0.036,0.003468399941730881,0.0037162234524501367,0.0,23.694530806059085,23.737715429453267,1.3553252378629765,0.48429299915635243,0.4388945698738098,-24.01207160949707,1.532304361000001e-06
1.0,0.06669999887944002,0.4271521209712801,0.0,0.12470805687399518,160.0,4.0,0.036,0.003468399941730881,0.0037162234524501367,0.0,23.694530806059085,23.737715429453267,1.3553252378629765,0.48429299915635243,0.4388945698738098,-24.01207160949707,1.532304361000001e-06
1.0,0.06669999887944002,0.4271521209712801,0.0,0.12470805687399518,160.0,4.0,0.036,0.003468399941730881,0.0037162234524501367,0.0,23.694530806059085,23.737715429453267,1.3553252378629765,0.48429299915635243,0.4388945698738098,-24.01207160949707,1.532304361000001e-06
1.0,0.021969527255098924,0.3734139197688715,0.055279404797231924,0.12464861557735053,160.0,3.0,0.036,0.001142415417265144,0.003248701101989182,0.00038142789310090025,23.6832369596966,23.724009504108956,0.7827977056412815,-0.5857378811177156,18.46312141418457,-0.6513151526451111,3.7026023504589737e-07
1.0,0.021969527255098924,0.3734139197688715,0.055279404797231924,0.12464861557735053,160.0,3.0,0.036,0.001142415417265144,0.003248701101989182,0.00038142789310090025,23.6832369596966,23.724009504108956,0.7827977056412815,-0.5857378811177156,18.46312141418457,-0.6513151526451111,3.7026023504589737e-07
1.0,0.021969527255098924,0.3734139197688715,0.055279404797231924,0.12464861557735053,160.0,3.0,0.036,0.001142415417265144,0.003248701101989182,0.00038142789310090025,23.6832369596966,23.724009504108956,0.7827977056412815,-0.5857378811177156,18.46312141418457,-0.6513151526451111,3.7026023504589737e-07
1.0,0.021969527255098924,0.3734139197688715,0.055279404797231924,0.12464861557735053,160.0,3.0,0.036,0.001142415417265144,0.003248701101989182,0.00038142789310090025,23.6832369596966,23.724009504108956,0.7827977056412815,-0.5857378811177156,18.46312141418457,-0.6513151526451111,3.7026023504589737e-07
1.0,0.021969527255098924,0.3734139197688715,0.055279404797231924,0.12464861557735053,160.0,3.0,0.036,0.001142415417265144,0.003248701101989182,0.00038142789310090025,23.6832369596966,23.724009504108956,0.7827977056412815,-0.5857378811177156,18.46312141418457,-0.6513151526451111,3.7026023504589737e-07
1.0,0.03333333333333333,0.2066666666666667,0.0848109366666667,0.12425383833333334,160.0,4.6499214,0.036,0.0017333333333333333,0.0017980000000000001,0.0005851954630000002,23.608229283333333,23.648345812129666,-0.1590398802346278,-0.5700739640080927,21.847061157226562,-6.130309104919434,1.1100016896819545e-06
1.0,0.03333333333333333,0.2066666666666667,0.0848109366666667,0.12425383833333334,160.0,4.6499214,0.036,0.0017333333333333333,0.0017980000000000001,0.0005851954630000002,23.608229283333333,23.648345812129666,-0.1590398802346278,-0.5700739640080927,21.847061157226562,-6.130309104919434,1.1100016896819545e-06
1.0,0.03333333333333333,0.2066666666666667,0.0848109366666667,0.12425383833333334,160.0,4.6499214,0.036,0.0017333333333333333,0.0017980000000000001,0.0005851954630000002,23.608229283333333,23.648345812129666,-0.1590398802346278,-0.5700739640080927,21.847061157226562,-6.130309104919434,1.1100016896819545e-06
1.0,0.03333333333333333,0.2066666666666667,0.0848109366666667,0.12425383833333334,160.0,4.6499214,0.036,0.0017333333333333333,0.0017980000000000001,0.0005851954630000002,23.608229283333333,23.648345812129666,-0.1590398802346278,-0.5700739640080927,21.847061157226562,-6.130309104919434,1.1100016896819545e-06
1.0,0.03333333333333333,0.2066666666666667,0.0848109366666667,0.12425383833333334,160.0,4.6499214,0.036,0.0017333333333333333,0.0017980000000000001,0.0005851954630000002,23.608229283333333,23.648345812129666,-0.1590398802346278,-0.5700739640080927,21.847061157226562,-6.130309104919434,1.1100016896819545e-06
1.0,0.1,0.22000000000000003,0.166322376,0.12295022300000001,140.0,4.0,0.036,0.0052,0.0019140000000000001,0.0011476243944,23.36054237,23.404803994394403,-0.8465584537331634,2.1645953665217417,-55.55815124511719,6.05515718460083,4.648152745113237e-08
1.0,0.1,0.22000000000000003,0.166322376,0.12295022300000001,140.0,4.0,0.036,0.0052,0.0019140000000000001,0.0011476243944,23.36054237,23.404803994394403,-0.8465584537331634,2.1645953665217417,-55.55815124511719,6.05515718460083,4.648152745113237e-08
1.0,0.1,0.22000000000000003,0.166322376,0.12295022300000001,140.0,4.0,0.036,0.0052,0.0019140000000000001,0.0011476243944,23.36054237,23.404803994394403,-0.8465584537331634,2.1645953665217417,-55.55815124511719,6.05515718460083,4.648152745113237e-08
1.0,0.1,0.22000000000000003,0.166322376,0.12295022300000001,140.0,4.0,0.036,0.0052,0.0019140000000000001,0.0011476243944,23.36054237,23.404803994394403,-0.8465584537331634,2.1645953665217417,-55.55815124511719,6.05515718460083,4.648152745113237e-08
1.0,0.1,0.22000000000000003,0.166322376,0.12295022300000001,140.0,4.0,0.036,0.0052,0.0019140000000000001,0.0011476243944,23.36054237,23.404803994394403,-0.8465584537331634,2.1645953665217417,-55.55815124511719,6.05515718460083,4.648152745113237e-08
1.0,0.067000000603,0.409400697981367,0.124099302320133,0.12295152508448433,160.0,3.0,0.036,0.003484000031356,0.003561786072437893,0.0008562851860089177,23.360789766052022,23.404691837341826,0.6972715188235065,0.7223670468991961,9.278411865234375,-23.27549171447754,3.641829531641493e-07
1.0,0.067000000603,0.409400697981367,0.124099302320133,0.12295152508448433,160.0,3.0,0.036,0.003484000031356,0.003561786072437893,0.0008562851860089177,23.360789766052022,23.404691837341826,0.6972715188235065,0.7223670468991961,9.278411865234375,-23.27549171447754,3.641829531641493e-07
1.0,0.067000000603,0.409400697981367,0.124099302320133,0.12295152508448433,160.0,3.0,0.036,0.003484000031356,0.003561786072437893,0.0008562851860089177,23.360789766052022,23.404691837341826,0.6972715188235065,0.7223670468991961,9.278411865234375,-23.27549171447754,3.641829531641493e-07
1.0,0.067000000603,0.409400697981367,0.124099302320133,0.12295152508448433,160.0,3.0,0.036,0.003484000031356,0.003561786072437893,0.0008562851860089177,23.360789766052022,23.404691837341826,0.6972715188235065,0.7223670468991961,9.278411865234375,-23.27549171447754,3.641829531641493e-07
1.0,0.067000000603,0.409400697981367,0.124099302320133,0.12295152508448433,160.0,3.0,0.036,0.003484000031356,0.003561786072437893,0.0008562851860089177,23.360789766052022,23.404691837341826,0.6972715188235065,0.7223670468991961,9.278411865234375,-23.27549171447754,3.641829531641493e-07
1.0,0.05,0.471442713,0.11978068199999997,0.12202115625,160.0,4.0,0.036,0.0026,0.0041015516031,0.0008264867057999998,23.1840196875,23.2275477258089,0.9872934720769343,0.4153445467194373,9.412945747375488,-22.308229446411133,1.4889627810179072e-06
1.0,0.05,0.471442713,0.11978068199999997,0.12202115625,160.0,4.0,0.036,0.0026,0.0041015516031,0.0008264867057999998,23.1840196875,23.2275477258089,0.9872934720769343,0.4153445467194373,9.412945747375488,-22.308229446411133,1.4889627810179072e-06
1.0,0.05,0.471442713,0.11978068199999997,0.12202115625,160.0,4.0,0.036,0.0026,0.0041015516031,0.0008264867057999998,23.1840196875,23.2275477258089,0.9872934720769343,0.4153445467194373,9.412945747375488,-22.308229446411133,1.4889627810179072e-06
1.0,0.05,0.471442713,0.11978068199999997,0.12202115625,160.0,4.0,0.036,0.0026,0.0041015516031,0.0008264867057999998,23.1840196875,23.2275477258089,0.9872934720769343,0.4153445467194373,9.412945747375488,-22.308229446411133,1.4889627810179072e-06
1.0,0.05,0.471442713,0.11978068199999997,0.12202115625,160.0,4.0,0.036,0.0026,0.0041015516031,0.0008264867057999998,23.1840196875,23.2275477258089,0.9872934720769343,0.4153445467194373,9.412945747375488,-22.308229446411133,1.4889627810179072e-06
1.0,0.1,0.267964433,0.278365637,0.12169535400000002,140.0,4.0,0.036,0.0052,0.0023312905671,0.0019207228952999999,23.122117260000003,23.1675692734624,-1.126731956487385,2.4929278154304004,-57.436561584472656,10.085352897644043,4.4732525046983195e-08
1.0,0.1,0.267964433,0.278365637,0.12169535400000002,140.0,4.0,0.036,0.0052,0.0023312905671,0.0019207228952999999,23.122117260000003,23.1675692734624,-1.126731956487385,2.4929278154304004,-57.436561584472656,10.085352897644043,4.4732525046983195e-08
1.0,0.1,0.267964433,0.278365637,0.12169535400000002,140.0,4.0,0.036,0.0052,0.0023312905671,0.0019207228952999999,23.122117260000003,23.1675692734624,-1.126731956487385,2.4929278154304004,-57.436561584472656,10.085352897644043,4.4732525046983195e-08
1.0,0.1,0.267964433,0.278365637,0.12169535400000002,140.0,4.0,0.036,0.0052,0.0023312905671,0.0019207228952999999,23.122117260000003,23.1675692734624,-1.126731956487385,2.4929278154304004,-57.436561584472656,10.085352897644043,4.4732525046983195e-08
1.0,0.1,0.267964433,0.278365637,0.12169535400000002,140.0,4.0,0.036,0.0052,0.0023312905671,0.0019207228952999999,23.122117260000003,23.1675692734624,-1.126731956487385,2.4929278154304004,-57.436561584472656,10.085352897644043,4.4732525046983195e-08
1.0,0.08,0.19602545400000002,0.01576474920000001,0.12137974848000001,160.0,5.475098,0.036,0.00416,0.0017054214498,0.00010877676948000008,23.0621522112,23.10412640941928,0.1386653448096937,0.39379276886453796,11.884282112121582,-32.4178466796875,3.625138052322062e-06
1.0,0.08,0.19602545400000002,0.01576474920000001,0.12137974848000001,160.0,5.475098,0.036,0.00416,0.0017054214498,0.00010877676948000008,23.0621522112,23.10412640941928,0.1386653448096937,0.39379276886453796,11.884282112121582,-32.4178466796875,3.625138052322062e-06
1.0,0.08,0.19602545400000002,0.01576474920000001,0.12137974848000001,160.0,5.475098,0.036,0.00416,0.0017054214498,0.00010877676948000008,23.0621522112,23.10412640941928,0.1386653448096937,0.39379276886453796,11.884282112121582,-32.4178466796875,3.625138052322062e-06
1.0,0.08,0.19602545400000002,0.01576474920000001,0.12137974848000001,160.0,5.475098,0.036,0.00416,0.0017054214498,0.00010877676948000008,23.0621522112,23.10412640941928,0.1386653448096937,0.39379276886453796,11.884282112121582,-32.4178466796875,3.625138052322062e-06
1.0,0.08,0.19602545400000002,0.01576474920000001,0.12137974848000001,160.0,5.475098,0.036,0.00416,0.0017054214498,0.00010877676948000008,23.0621522112,23.10412640941928,0.1386653448096937,0.39379276886453796,11.884282112121582,-32.4178466796875,3.625138052322062e-06
1.0,0.04,0.25774686080000003,0.07385206399999994,0.1207848408,160.0,4.0,0.036,0.00208,0.0022423976889600003,0.0005095792415999996,22.949119752,22.98995172893056,0.12264917945991509,-0.333812038239817,22.48816680908203,-4.113936901092529,1.5368414878229644e-06
1.0,0.04,0.25774686080000003,0.07385206399999994,0.1207848408,160.0,4.0,0.036,0.00208,0.0022423976889600003,0.0005095792415999996,22.949119752,22.98995172893056,0.12264917945991509,-0.333812038239817,22.48816680908203,-4.113936901092529,1.5368414878229644e-06
1.0,0.04,0.25774686080000003,0.07385206399999994,0.1207848408,160.0,4.0,0.036,0.00208,0.0022423976889600003,0.0005095792415999996,22.949119752,22.98995172893056,0.12264917945991509,-0.333812038239817,22.48816680908203,-4.113936901092529,1.5368414878229644e-06
1.0,0.04,0.25774686080000003,0.07385206399999994,0.1207848408,160.0,4.0,0.036,0.00208,0.0022423976889600003,0.0005095792415999996,22.949119752,22.98995172893056,0.12264917945991509,-0.333812038239817,22.48816680908203,-4.113936901092529,1.5368414878229644e-06
1.0,0.04,0.25774686080000003,0.07385206399999994,0.1207848408,160.0,4.0,0.036,0.00208,0.0022423976889600003,0.0005095792415999996,22.949119752,22.98995172893056,0.12264917945991509,-0.333812038239817,22.48816680908203,-4.113936901092529,1.5368414878229644e-06
1.0,0.04,0.20783121840000002,0.099312772,0.11739058864,168.58153,5.0,0.036,0.00208,0.00180813160008,0.0006852581268,22.3042118416,22.34478523132688,-0.0662630098679863,-0.7723499470174284,25.07710838317871,-2.5207884311676025,2.144691509568469e-11
1.0,0.04,0.20783121840000002,0.099312772,0.11739058864,168.58153,5.0,0.036,0.00208,0.00180813160008,0.0006852581268,22.3042118416,22.34478523132688,-0.0662630098679863,-0.7723499470174284,25.07710838317871,-2.5207884311676025,2.144691509568469e-11
1.0,0.04,0.20783121840000002,0.099312772,0.11739058864,168.58153,5.0,0.036,0.00208,0.00180813160008,0.0006852581268,22.3042118416,22.34478523132688,-0.0662630098679863,-0.7723499470174284,25.07710838317871,-2.5207884311676025,2.144691509568469e-11
1.0,0.04,0.20783121840000002,0.099312772,0.11739058864,168.58153,5.0,0.036,0.00208,0.00180813160008,0.0006852581268,22.3042118416,22.34478523132688,-0.0662630098679863,-0.7723499470174284,25.07710838317871,-2.5207884311676025,2.144691509568469e-11
1.0,0.05,0.350000007,0.04035231899999997,0.1171909305,160.0,5.0,0.036,0.0026,0.0030450000609,0.0002784310010999998,22.266276795,22.308200226062,0.7074677772515802,0.009848999695386624,9.515984535217285,-25.856353759765625,1.293582573085296e-06
1.0,0.05,0.350000007,0.04035231899999997,0.1171909305,160.0,5.0,0.036,0.0026,0.0030450000609,0.0002784310010999998,22.266276795,22.308200226062,0.7074677772515802,0.009848999695386624,9.515984535217285,-25.856353759765625,1.293582573085296e-06
1.0,0.05,0.350000007,0.04035231899999997,0.1171909305,160.0,5.0,0.036,0.0026,0.0030450000609,0.0002784310010999998,22.266276795,22.308200226062,0.7074677772515802,0.009848999695386624,9.515984535217285,-25.856353759765625,1.293582573085296e-06
1.0,0.05,0.350000007,0.04035231899999997,0.1171909305,160.0,5.0,0.036,0.0026,0.0030450000609,0.0002784310010999998,22.266276795,22.308200226062,0.7074677772515802,0.009848999695386624,9.515984535217285,-25.856353759765625,1.293582573085296e-06
1.0,0.063829785875962,0.21276595717519242,0.15892017000988917,0.11710050516965893,160.0,5.323645,0.036,0.0033191488655500236,0.001851063827424174,0.0010965491730682354,22.249095982235197,22.29136274410124,-0.4818780535940355,0.33418559952251337,25.498048782348633,-34.90068817138672,2.4297091016637703e-06
1.0,0.063829785875962,0.21276595717519242,0.15892017000988917,0.11710050516965893,160.0,5.323645,0.036,0.0033191488655500236,0.001851063827424174,0.0010965491730682354,22.249095982235197,22.29136274410124,-0.4818780535940355,0.33418559952251337,25.498048782348633,-34.90068817138672,2.4297091016637703e-06
1.0,0.063829785875962,0.21276595717519242,0.15892017000988917,0.11710050516965893,160.0,5.323645,0.036,0.0033191488655500236,0.001851063827424174,0.0010965491730682354,22.249095982235197,22.29136274410124,-0.4818780535940355,0.33418559952251337,25.498048782348633,-34.90068817138672,2.4297091016637703e-06
1.0,0.063829785875962,0.21276595717519242,0.15892017000988917,0.11710050516965893,160.0,5.323645,0.036,0.0033191488655500236,0.001851063827424174,0.0010965491730682354,22.249095982235197,22.29136274410124,-0.4818780535940355,0.33418559952251337,25.498048782348633,-34.90068817138672,2.4297091016637703e-06
1.0,0.06669999887944002,0.522883475048715,0.0,0.11680663663729556,160.0,4.7680297,0.036,0.003468399941730881,0.00454908623292382,0.0,22.193260961086157,22.237278447260813,1.7571835454539955,0.6608479448527677,-29.553348541259766,-26.727596282958984,9.414890695939487e-07
1.0,0.06669999887944002,0.522883475048715,0.0,0.11680663663729556,160.0,4.7680297,0.036,0.003468399941730881,0.00454908623292382,0.0,22.193260961086157,22.237278447260813,1.7571835454539955,0.6608479448527677,-29.553348541259766,-26.727596282958984,9.414890695939487e-07
1.0,0.06669999887944002,0.522883475048715,0.0,0.11680663663729556,160.0,4.7680297,0.036,0.003468399941730881,0.00454908623292382,0.0,22.193260961086157,22.237278447260813,1.7571835454539955,0.6608479448527677,-29.553348541259766,-26.727596282958984,9.414890695939487e-07
1.0,0.06669999887944002,0.522883475048715,0.0,0.11680663663729556,160.0,4.7680297,0.036,0.003468399941730881,0.00454908623292382,0.0,22.193260961086157,22.237278447260813,1.7571835454539955,0.6608479448527677,-29.553348541259766,-26.727596282958984,9.414890695939487e-07
1.0,0.05,0.242044845,0.140530215,0.115880352,160.0,5.0,0.036,0.0026,0.0021057901515,0.0009696584835000001,22.01726688,22.058942328635002,-0.28399657556189517,0.015223970297666846,22.78936767578125,-31.536090850830078,1.2630690632498973e-06
1.0,0.05,0.242044845,0.140530215,0.115880352,160.0,5.0,0.036,0.0026,0.0021057901515,0.0009696584835000001,22.01726688,22.058942328635002,-0.28399657556189517,0.015223970297666846,22.78936767578125,-31.536090850830078,1.2630690632498973e-06
1.0,0.05,0.242044845,0.140530215,0.115880352,160.0,5.0,0.036,0.0026,0.0021057901515,0.0009696584835000001,22.01726688,22.058942328635002,-0.28399657556189517,0.015223970297666846,22.78936767578125,-31.536090850830078,1.2630690632498973e-06
1.0,0.05,0.242044845,0.140530215,0.115880352,160.0,5.0,0.036,0.0026,0.0021057901515,0.0009696584835000001,22.01726688,22.058942328635002,-0.28399657556189517,0.015223970297666846,22.78936767578125,-31.536090850830078,1.2630690632498973e-06
1.0,0.05,0.242044845,0.140530215,0.115880352,160.0,5.0,0.036,0.0026,0.0021057901515,0.0009696584835000001,22.01726688,22.058942328635002,-0.28399657556189517,0.015223970297666846,22.78936767578125,-31.536090850830078,1.2630690632498973e-06
1.0,0.010788036973191837,0.18528183399726655,0.16752362242785634,0.11503608836401685,160.0,4.0,0.036,0.0005609779226059755,0.001611951955776219,0.0011559129947522088,21.856856789163203,21.89618563203634,-0.7427811321399317,-0.9868078264900304,42.55860900878906,14.79227066040039,1.3467410735764938e-06
1.0,0.010788036973191837,0.18528183399726655,0.16752362242785634,0.11503608836401685,160.0,4.0,0.036,0.0005609779226059755,0.001611951955776219,0.0011559129947522088,21.856856789163203,21.89618563203634,-0.7427811321399317,-0.9868078264900304,42.55860900878906,14.79227066040039,1.3467410735764938e-06
1.0,0.010788036973191837,0.18528183399726655,0.16752362242785634,0.11503608836401685,160.0,4.0,0.036,0.0005609779226059755,0.001611951955776219,0.0011559129947522088,21.856856789163203,21.89618563203634,-0.7427811321399317,-0.9868078264900304,42.55860900878906,14.79227066040039,1.3467410735764938e-06
1.0,0.010788036973191837,0.18528183399726655,0.16752362242785634,0.11503608836401685,160.0,4.0,0.036,0.0005609779226059755,0.001611951955776219,0.0011559129947522088,21.856856789163203,21.89618563203634,-0.7427811321399317,-0.9868078264900304,42.55860900878906,14.79227066040039,1.3467410735764938e-06
1.0,0.010788036973191837,0.18528183399726655,0.16752362242785634,0.11503608836401685,160.0,4.0,0.036,0.0005609779226059755,0.001611951955776219,0.0011559129947522088,21.856856789163203,21.89618563203634,-0.7427811321399317,-0.9868078264900304,42.55860900878906,14.79227066040039,1.3467410735764938e-06
1.0,0.12386765608021422,0.4361228004405044,0.06486843857055796,0.11467837671347524,140.0,4.0,0.036,0.006441118116171139,0.0037942683638323878,0.00044759222613684993,21.788891575560296,21.835574554266437,0.6343042380142192,2.9380898564419957,-48.62331771850586,-6.996682167053223,4.811308086646613e-08
1.0,0.12386765608021422,0.4361228004405044,0.06486843857055796,0.11467837671347524,140.0,4.0,0.036,0.006441118116171139,0.0037942683638323878,0.00044759222613684993,21.788891575560296,21.835574554266437,0.6343042380142192,2.9380898564419957,-48.62331771850586,-6.996682167053223,4.811308086646613e-08
1.0,0.12386765608021422,0.4361228004405044,0.06486843857055796,0.11467837671347524,140.0,4.0,0.036,0.006441118116171139,0.0037942683638323878,0.00044759222613684993,21.788891575560296,21.835574554266437,0.6343042380142192,2.9380898564419957,-48.62331771850586,-6.996682167053223,4.811308086646613e-08
1.0,0.12386765608021422,0.4361228004405044,0.06486843857055796,0.11467837671347524,140.0,4.0,0.036,0.006441118116171139,0.0037942683638323878,0.00044759222613684993,21.788891575560296,21.835574554266437,0.6343042380142192,2.9380898564419957,-48.62331771850586,-6.996682167053223,4.811308086646613e-08
1.0,0.12386765608021422,0.4361228004405044,0.06486843857055796,0.11467837671347524,140.0,4.0,0.036,0.006441118116171139,0.0037942683638323878,0.00044759222613684993,21.788891575560296,21.835574554266437,0.6343042380142192,2.9380898564419957,-48.62331771850586,-6.996682167053223,4.811308086646613e-08
1.0,0.03000000120000005,0.44429196311762176,0.0,0.11375562578253084,170.0,4.0,0.036,0.0015600000624000025,0.003865340079123309,0.0,21.61356889868086,21.654994238822383,1.531868582673245,-0.8383732708289859,-3.412233829498291,-12.391773223876953,2.9715713099323202e-09
1.0,0.03000000120000005,0.44429196311762176,0.0,0.11375562578253084,170.0,4.0,0.036,0.0015600000624000025,0.003865340079123309,0.0,21.61356889868086,21.654994238822383,1.531868582673245,-0.8383732708289859,-3.412233829498291,-12.391773223876953,2.9715713099323202e-09
1.0,0.03000000120000005,0.44429196311762176,0.0,0.11375562578253084,170.0,4.0,0.036,0.0015600000624000025,0.003865340079123309,0.0,21.61356889868086,21.654994238822383,1.531868582673245,-0.8383732708289859,-3.412233829498291,-12.391773223876953,2.9715713099323202e-09
1.0,0.03000000120000005,0.44429196311762176,0.0,0.11375562578253084,170.0,4.0,0.036,0.0015600000624000025,0.003865340079123309,0.0,21.61356889868086,21.654994238822383,1.531868582673245,-0.8383732708289859,-3.412233829498291,-12.391773223876953,2.9715713099323202e-09
1.0,0.03000000120000005,0.44429196311762176,0.0,0.11375562578253084,170.0,4.0,0.036,0.0015600000624000025,0.003865340079123309,0.0,21.61356889868086,21.654994238822383,1.531868582673245,-0.8383732708289859,-3.412233829498291,-12.391773223876953,2.9715713099323202e-09
1.0,0.05,0.4299940575,0.0,0.113303106,160.0,4.3172607,0.036,0.0026,0.00374094830025,0.0,21.52759014,21.56993108830025,1.25071439258558,0.07688530494125963,0.3579719662666321,-22.18254852294922,1.4086199991539522e-06
1.0,0.05,0.4299940575,0.0,0.113303106,160.0,4.3172607,0.036,0.0026,0.00374094830025,0.0,21.52759014,21.56993108830025,1.25071439258558,0.07688530494125963,0.3579719662666321,-22.18254852294922,1.4086199991539522e-06
1.0,0.05,0.4299940575,0.0,0.113303106,160.0,4.3172607,0.036,0.0026,0.00374094830025,0.0,21.52759014,21.56993108830025,1.25071439258558,0.07688530494125963,0.3579719662666321,-22.18254852294922,1.4086199991539522e-06
1.0,0.05,0.4299940575,0.0,0.113303106,160.0,4.3172607,0.036,0.0026,0.00374094830025,0.0,21.52759014,21.56993108830025,1.25071439258558,0.07688530494125963,0.3579719662666321,-22.18254852294922,1.4086199991539522e-06
1.0,0.05,0.4299940575,0.0,0.113303106,160.0,4.3172607,0.036,0.0026,0.00374094830025,0.0,21.52759014,21.56993108830025,1.25071439258558,0.07688530494125963,0.3579719662666321,-22.18254852294922,1.4086199991539522e-06
1.0,0.125,0.26570475,0.27925095375000003,0.112403098125,140.0,4.0,0.036,0.0065,0.0023116313249999998,0.0019268315808750002,21.35658864375,21.403327106655876,-1.1843947093070724,3.0931505582680545,-62.39649200439453,2.4369542598724365,4.416103268739766e-08
1.0,0.125,0.26570475,0.27925095375000003,0.112403098125,140.0,4.0,0.036,0.0065,0.0023116313249999998,0.0019268315808750002,21.35658864375,21.403327106655876,-1.1843947093070724,3.0931505582680545,-62.39649200439453,2.4369542598724365,4.416103268739766e-08
1.0,0.125,0.26570475,0.27925095375000003,0.112403098125,140.0,4.0,0.036,0.0065,0.0023116313249999998,0.0019268315808750002,21.35658864375,21.403327106655876,-1.1843947093070724,3.0931505582680545,-62.39649200439453,2.4369542598724365,4.416103268739766e-08
1.0,0.125,0.26570475,0.27925095375000003,0.112403098125,140.0,4.0,0.036,0.0065,0.0023116313249999998,0.0019268315808750002,21.35658864375,21.403327106655876,-1.1843947093070724,3.0931505582680545,-62.39649200439453,2.4369542598724365,4.416103268739766e-08
1.0,0.125,0.26570475,0.27925095375000003,0.112403098125,140.0,4.0,0.036,0.0065,0.0023116313249999998,0.0019268315808750002,21.35658864375,21.403327106655876,-1.1843947093070724,3.0931505582680545,-62.39649200439453,2.4369542598724365,4.416103268739766e-08
1.0,0.045084406575145924,0.19851517299120972,0.18420192687732598,0.11181630832977603,160.0,4.1921234,0.036,0.002344389141907588,0.0017270820050235244,0.0012709932954535492,21.245098582657445,21.286441047099828,-0.7328258863797011,-0.09485746996306943,28.795063018798828,-33.38577651977539,1.3634977984810603e-06
1.0,0.045084406575145924,0.19851517299120972,0.18420192687732598,0.11181630832977603,160.0,4.1921234,0.036,0.002344389141907588,0.0017270820050235244,0.0012709932954535492,21.245098582657445,21.286441047099828,-0.7328258863797011,-0.09485746996306943,28.795063018798828,-33.38577651977539,1.3634977984810603e-06
1.0,0.045084406575145924,0.19851517299120972,0.18420192687732598,0.11181630832977603,160.0,4.1921234,0.036,0.002344389141907588,0.0017270820050235244,0.0012709932954535492,21.245098582657445,21.286441047099828,-0.7328258863797011,-0.09485746996306943,28.795063018798828,-33.38577651977539,1.3634977984810603e-06
1.0,0.045084406575145924,0.19851517299120972,0.18420192687732598,0.11181630832977603,160.0,4.1921234,0.036,0.002344389141907588,0.0017270820050235244,0.0012709932954535492,21.245098582657445,21.286441047099828,-0.7328258863797011,-0.09485746996306943,28.795063018798828,-33.38577651977539,1.3634977984810603e-06
1.0,0.045084406575145924,0.19851517299120972,0.18420192687732598,0.11181630832977603,160.0,4.1921234,0.036,0.002344389141907588,0.0017270820050235244,0.0012709932954535492,21.245098582657445,21.286441047099828,-0.7328258863797011,-0.09485746996306943,28.795063018798828,-33.38577651977539,1.3634977984810603e-06
1.0,0.03333333333333333,0.2828261233333334,0.13050720999999998,0.11167135166666668,160.0,4.9696608,0.036,0.0017333333333333333,0.0024605872730000004,0.0009004997489999999,21.21755681666667,21.258651237022,-0.09685883515473621,-0.33537517110520304,30.854854583740234,-5.343373775482178,1.2455618187136428e-06
1.0,0.03333333333333333,0.2828261233333334,0.13050720999999998,0.11167135166666668,160.0,4.9696608,0.036,0.0017333333333333333,0.0024605872730000004,0.0009004997489999999,21.21755681666667,21.258651237022,-0.09685883515473621,-0.33537517110520304,30.854854583740234,-5.343373775482178,1.2455618187136428e-06
1.0,0.03333333333333333,0.2828261233333334,0.13050720999999998,0.11167135166666668,160.0,4.9696608,0.036,0.0017333333333333333,0.0024605872730000004,0.0009004997489999999,21.21755681666667,21.258651237022,-0.09685883515473621,-0.33537517110520304,30.854854583740234,-5.343373775482178,1.2455618187136428e-06
1.0,0.03333333333333333,0.2828261233333334,0.13050720999999998,0.11167135166666668,160.0,4.9696608,0.036,0.0017333333333333333,0.0024605872730000004,0.0009004997489999999,21.21755681666667,21.258651237022,-0.09685883515473621,-0.33537517110520304,30.854854583740234,-5.343373775482178,1.2455618187136428e-06
1.0,0.03333333333333333,0.2828261233333334,0.13050720999999998,0.11167135166666668,160.0,4.9696608,0.036,0.0017333333333333333,0.0024605872730000004,0.0009004997489999999,21.21755681666667,21.258651237022,-0.09685883515473621,-0.33537517110520304,30.854854583740234,-5.343373775482178,1.2455618187136428e-06
1.0,0.1148081767761198,0.5427218640344466,0.11084223325779108,0.11098797658997372,140.0,3.0,0.036,0.0059700251923582295,0.004721680217099684,0.0007648114094787584,21.08771555209501,21.135172068913946,0.9088286897286152,3.019611550435016,-47.03033447265625,-8.19044017791748,1.6483661943474774e-08
1.0,0.1148081767761198,0.5427218640344466,0.11084223325779108,0.11098797658997372,140.0,3.0,0.036,0.0059700251923582295,0.004721680217099684,0.0007648114094787584,21.08771555209501,21.135172068913946,0.9088286897286152,3.019611550435016,-47.03033447265625,-8.19044017791748,1.6483661943474774e-08
1.0,0.1148081767761198,0.5427218640344466,0.11084223325779108,0.11098797658997372,140.0,3.0,0.036,0.0059700251923582295,0.004721680217099684,0.0007648114094787584,21.08771555209501,21.135172068913946,0.9088286897286152,3.019611550435016,-47.03033447265625,-8.19044017791748,1.6483661943474774e-08
1.0,0.1148081767761198,0.5427218640344466,0.11084223325779108,0.11098797658997372,140.0,3.0,0.036,0.0059700251923582295,0.004721680217099684,0.0007648114094787584,21.08771555209501,21.135172068913946,0.9088286897286152,3.019611550435016,-47.03033447265625,-8.19044017791748,1.6483661943474774e-08
1.0,0.1148081767761198,0.5427218640344466,0.11084223325779108,0.11098797658997372,140.0,3.0,0.036,0.0059700251923582295,0.004721680217099684,0.0007648114094787584,21.08771555209501,21.135172068913946,0.9088286897286152,3.019611550435016,-47.03033447265625,-8.19044017791748,1.6483661943474774e-08
1.0,0.1,0.2750055,0.04272580399999998,0.11000000000000001,160.0,3.0,0.036,0.0052,0.00239254785,0.00029480804759999987,20.900000000000002,20.9438873558976,0.34323340425717147,1.0884235128529494,13.528356552124023,-33.07786560058594,3.495043980098037e-07
1.0,0.1,0.2750055,0.04272580399999998,0.11000000000000001,160.0,3.0,0.036,0.0052,0.00239254785,0.00029480804759999987,20.900000000000002,20.9438873558976,0.34323340425717147,1.0884235128529494,13.528356552124023,-33.07786560058594,3.495043980098037e-07
1.0,0.1,0.2750055,0.04272580399999998,0.11000000000000001,160.0,3.0,0.036,0.0052,0.00239254785,0.00029480804759999987,20.900000000000002,20.9438873558976,0.34323340425717147,1.0884235128529494,13.528356552124023,-33.07786560058594,3.495043980098037e-07
1.0,0.1,0.2750055,0.04272580399999998,0.11000000000000001,160.0,3.0,0.036,0.0052,0.00239254785,0.00029480804759999987,20.900000000000002,20.9438873558976,0.34323340425717147,1.0884235128529494,13.528356552124023,-33.07786560058594,3.495043980098037e-07
1.0,0.1,0.2750055,0.04272580399999998,0.11000000000000001,160.0,3.0,0.036,0.0052,0.00239254785,0.00029480804759999987,20.900000000000002,20.9438873558976,0.34323340425717147,1.0884235128529494,13.528356552124023,-33.07786560058594,3.495043980098037e-07
1.0,0.09456692226844864,0.5472834611342243,0.033425775215541687,0.10945669222684487,140.0,3.0,0.036,0.004917479957959329,0.0047613661118677516,0.00023063784898723764,20.796771523100524,20.842681007019337,1.2393214028901993,2.3715127473406894,-43.63322448730469,-9.4987154006958,1.5965658713225487e-08
1.0,0.09456692226844864,0.5472834611342243,0.033425775215541687,0.10945669222684487,140.0,3.0,0.036,0.004917479957959329,0.0047613661118677516,0.00023063784898723764,20.796771523100524,20.842681007019337,1.2393214028901993,2.3715127473406894,-43.63322448730469,-9.4987154006958,1.5965658713225487e-08
1.0,0.09456692226844864,0.5472834611342243,0.033425775215541687,0.10945669222684487,140.0,3.0,0.036,0.004917479957959329,0.0047613661118677516,0.00023063784898723764,20.796771523100524,20.842681007019337,1.2393214028901993,2.3715127473406894,-43.63322448730469,-9.4987154006958,1.5965658713225487e-08
1.0,0.09456692226844864,0.5472834611342243,0.033425775215541687,0.10945669222684487,140.0,3.0,0.036,0.004917479957959329,0.0047613661118677516,0.00023063784898723764,20.796771523100524,20.842681007019337,1.2393214028901993,2.3715127473406894,-43.63322448730469,-9.4987154006958,1.5965658713225487e-08
1.0,0.09456692226844864,0.5472834611342243,0.033425775215541687,0.10945669222684487,140.0,3.0,0.036,0.004917479957959329,0.0047613661118677516,0.00023063784898723764,20.796771523100524,20.842681007019337,1.2393214028901993,2.3715127473406894,-43.63322448730469,-9.4987154006958,1.5965658713225487e-08
1.0,0.09044682540687504,0.27263451849930626,0.1635442116634438,0.10904468254068751,160.0,3.2764506,0.036,0.0047032349211575016,0.002371920310943964,0.0011284550604777621,20.718489682730628,20.762693293023208,-0.23458228334169876,1.1064424489600946,24.43853187561035,-37.147377014160156,5.32430763458929e-07
1.0,0.09044682540687504,0.27263451849930626,0.1635442116634438,0.10904468254068751,160.0,3.2764506,0.036,0.0047032349211575016,0.002371920310943964,0.0011284550604777621,20.718489682730628,20.762693293023208,-0.23458228334169876,1.1064424489600946,24.43853187561035,-37.147377014160156,5.32430763458929e-07
1.0,0.09044682540687504,0.27263451849930626,0.1635442116634438,0.10904468254068751,160.0,3.2764506,0.036,0.0047032349211575016,0.002371920310943964,0.0011284550604777621,20.718489682730628,20.762693293023208,-0.23458228334169876,1.1064424489600946,24.43853187561035,-37.147377014160156,5.32430763458929e-07
1.0,0.09044682540687504,0.27263451849930626,0.1635442116634438,0.10904468254068751,160.0,3.2764506,0.036,0.0047032349211575016,0.002371920310943964,0.0011284550604777621,20.718489682730628,20.762693293023208,-0.23458228334169876,1.1064424489600946,24.43853187561035,-37.147377014160156,5.32430763458929e-07
1.0,0.09044682540687504,0.27263451849930626,0.1635442116634438,0.10904468254068751,160.0,3.2764506,0.036,0.0047032349211575016,0.002371920310943964,0.0011284550604777621,20.718489682730628,20.762693293023208,-0.23458228334169876,1.1064424489600946,24.43853187561035,-37.147377014160156,5.32430763458929e-07
1.0,0.09044682540687504,0.27263451849930626,0.1635442116634438,0.10904468254068751,160.0,3.2764506,0.036,0.0047032349211575016,0.002371920310943964,0.0011284550604777621,20.718489682730628,20.762693293023208,-0.23458228334169876,1.1064424489600946,24.43853187561035,-37.147377014160156,5.32430763458929e-07
1.0,0.08756678609316844,0.26831752791314334,0.2029392444909064,0.10875667860931684,135.0,4.0,0.036,0.0045534728768447585,0.002334362492844347,0.001400280786987254,20.6637689357702,20.708057051926875,-1.0268850481922078,2.2534696143061437,-55.921363830566406,7.66513729095459,1.9496930262965802e-10
1.0,0.08756678609316844,0.26831752791314334,0.2029392444909064,0.10875667860931684,135.0,4.0,0.036,0.0045534728768447585,0.002334362492844347,0.001400280786987254,20.6637689357702,20.708057051926875,-1.0268850481922078,2.2534696143061437,-55.921363830566406,7.66513729095459,1.9496930262965802e-10
1.0,0.08756678609316844,0.26831752791314334,0.2029392444909064,0.10875667860931684,135.0,4.0,0.036,0.0045534728768447585,0.002334362492844347,0.001400280786987254,20.6637689357702,20.708057051926875,-1.0268850481922078,2.2534696143061437,-55.921363830566406,7.66513729095459,1.9496930262965802e-10
1.0,0.08756678609316844,0.26831752791314334,0.2029392444909064,0.10875667860931684,135.0,4.0,0.036,0.0045534728768447585,0.002334362492844347,0.001400280786987254,20.6637689357702,20.708057051926875,-1.0268850481922078,2.2534696143061437,-55.921363830566406,7.66513729095459,1.9496930262965802e-10
1.0,0.08756678609316844,0.26831752791314334,0.2029392444909064,0.10875667860931684,135.0,4.0,0.036,0.0045534728768447585,0.002334362492844347,0.001400280786987254,20.6637689357702,20.708057051926875,-1.0268850481922078,2.2534696143061437,-55.921363830566406,7.66513729095459,1.9496930262965802e-10
1.0,0.08756678609316844,0.26831752791314334,0.2029392444909064,0.10875667860931684,135.0,4.0,0.036,0.0045534728768447585,0.002334362492844347,0.001400280786987254,20.6637689357702,20.708057051926875,-1.0268850481922078,2.2534696143061437,-55.921363830566406,7.66513729095459,1.9496930262965802e-10
1.0,0.01817557900124466,0.26195152935777677,0.1453187022427211,0.10836243124896762,160.0,3.0,0.036,0.0009451301080647224,0.002278978305412658,0.0010026990454747755,20.588861937303847,20.6290887447628,-0.3097839741497658,-0.708752364025277,33.62347412109375,-3.211441993713379,3.4262436870547913e-07
1.0,0.01817557900124466,0.26195152935777677,0.1453187022427211,0.10836243124896762,160.0,3.0,0.036,0.0009451301080647224,0.002278978305412658,0.0010026990454747755,20.588861937303847,20.6290887447628,-0.3097839741497658,-0.708752364025277,33.62347412109375,-3.211441993713379,3.4262436870547913e-07
1.0,0.01817557900124466,0.26195152935777677,0.1453187022427211,0.10836243124896762,160.0,3.0,0.036,0.0009451301080647224,0.002278978305412658,0.0010026990454747755,20.588861937303847,20.6290887447628,-0.3097839741497658,-0.708752364025277,33.62347412109375,-3.211441993713379,3.4262436870547913e-07
1.0,0.01817557900124466,0.26195152935777677,0.1453187022427211,0.10836243124896762,160.0,3.0,0.036,0.0009451301080647224,0.002278978305412658,0.0010026990454747755,20.588861937303847,20.6290887447628,-0.3097839741497658,-0.708752364025277,33.62347412109375,-3.211441993713379,3.4262436870547913e-07
1.0,0.01817557900124466,0.26195152935777677,0.1453187022427211,0.10836243124896762,160.0,3.0,0.036,0.0009451301080647224,0.002278978305412658,0.0010026990454747755,20.588861937303847,20.6290887447628,-0.3097839741497658,-0.708752364025277,33.62347412109375,-3.211441993713379,3.4262436870547913e-07
1.0,0.01817557900124466,0.26195152935777677,0.1453187022427211,0.10836243124896762,160.0,3.0,0.036,0.0009451301080647224,0.002278978305412658,0.0010026990454747755,20.588861937303847,20.6290887447628,-0.3097839741497658,-0.708752364025277,33.62347412109375,-3.211441993713379,3.4262436870547913e-07
1.0,0.08,0.217335528,0.22885092,0.10796606100000002,140.0,6.0,0.036,0.00416,0.0018908190936,0.0015790713480000002,20.513551590000002,20.557181480441603,-1.298112084113503,1.7925232669900995,-48.78583526611328,19.722396850585938,3.1679073051429736e-07
1.0,0.07546123605353733,0.24969199685163426,0.27563715502383024,0.10754612360535375,140.0,6.0,0.036,0.0039239842747839405,0.002172320372609218,0.0019018963696644286,20.433763485017213,20.47776168603427,-1.3600879206534369,1.8429115518469528,-50.69302749633789,19.897825241088867,3.0905121455079746e-07
1.0,0.07525025790144639,0.30019890445345326,0.18874168847016298,0.10752502579014465,140.0,6.0,0.036,0.003913013410875212,0.0026117304687450433,0.0013023176504441247,20.429754900127485,20.473581961657548,-0.7214270844676096,1.7501211050901808,-44.075164794921875,13.72490119934082,3.4525929640923714e-07
1.0,0.1102317313502792,0.13974064914448053,0.3691936843638935,0.10744177651372087,140.0,4.0,0.036,0.005732050030214518,0.0012157436475569805,0.002547436422110865,20.413937537606966,20.459432767706847,-2.2687552206354593,2.6815519914517845,-60.19554901123047,14.96722412109375,3.304504330525849e-08
1.0,0.1102317313502792,0.13974064914448053,0.3691936843638935,0.10744177651372087,140.0,4.0,0.036,0.005732050030214518,0.0012157436475569805,0.002547436422110865,20.413937537606966,20.459432767706847,-2.2687552206354593,2.6815519914517845,-60.19554901123047,14.96722412109375,3.304504330525849e-08
1.0,0.1102317313502792,0.13974064914448053,0.3691936843638935,0.10744177651372087,140.0,4.0,0.036,0.005732050030214518,0.0012157436475569805,0.002547436422110865,20.413937537606966,20.459432767706847,-2.2687552206354593,2.6815519914517845,-60.19554901123047,14.96722412109375,3.304504330525849e-08
1.0,0.1102317313502792,0.13974064914448053,0.3691936843638935,0.10744177651372087,140.0,4.0,0.036,0.005732050030214518,0.0012157436475569805,0.002547436422110865,20.413937537606966,20.459432767706847,-2.2687552206354593,2.6815519914517845,-60.19554901123047,14.96722412109375,3.304504330525849e-08
1.0,0.1102317313502792,0.13974064914448053,0.3691936843638935,0.10744177651372087,140.0,4.0,0.036,0.005732050030214518,0.0012157436475569805,0.002547436422110865,20.413937537606966,20.459432767706847,-2.2687552206354593,2.6815519914517845,-60.19554901123047,14.96722412109375,3.304504330525849e-08
1.0,0.1102317313502792,0.13974064914448053,0.3691936843638935,0.10744177651372087,140.0,4.0,0.036,0.005732050030214518,0.0012157436475569805,0.002547436422110865,20.413937537606966,20.459432767706847,-2.2687552206354593,2.6815519914517845,-60.19554901123047,14.96722412109375,3.304504330525849e-08
1.0,0.10999997690000485,0.21503653262491623,0.06242394560090736,0.10741934866451668,140.0,6.0,0.036,0.005719998798800252,0.001870817833836771,0.00043072522464626076,20.40967624625817,20.453697788115452,-0.5225180935478639,2.1643659185453608,-52.9462776184082,0.6850703358650208,3.250156841649035e-07
1.0,0.125,0.21901690124999998,0.23221312875000003,0.1071428625,140.0,3.0,0.036,0.0065,0.0019054470408749998,0.0016022705883750002,20.357143875000002,20.403151592629253,-1.2426577778627275,2.9041929232493686,-61.56215286254883,2.461160898208618,1.5963348290060736e-08
1.0,0.125,0.21901690124999998,0.23221312875000003,0.1071428625,140.0,3.0,0.036,0.0065,0.0019054470408749998,0.0016022705883750002,20.357143875000002,20.403151592629253,-1.2426577778627275,2.9041929232493686,-61.56215286254883,2.461160898208618,1.5963348290060736e-08
1.0,0.125,0.21901690124999998,0.23221312875000003,0.1071428625,140.0,3.0,0.036,0.0065,0.0019054470408749998,0.0016022705883750002,20.357143875000002,20.403151592629253,-1.2426577778627275,2.9041929232493686,-61.56215286254883,2.461160898208618,1.5963348290060736e-08
1.0,0.125,0.21901690124999998,0.23221312875000003,0.1071428625,140.0,3.0,0.036,0.0065,0.0019054470408749998,0.0016022705883750002,20.357143875000002,20.403151592629253,-1.2426577778627275,2.9041929232493686,-61.56215286254883,2.461160898208618,1.5963348290060736e-08
1.0,0.125,0.21901690124999998,0.23221312875000003,0.1071428625,140.0,3.0,0.036,0.0065,0.0019054470408749998,0.0016022705883750002,20.357143875000002,20.403151592629253,-1.2426577778627275,2.9041929232493686,-61.56215286254883,2.461160898208618,1.5963348290060736e-08
1.0,0.125,0.21901690124999998,0.23221312875000003,0.1071428625,140.0,3.0,0.036,0.0065,0.0019054470408749998,0.0016022705883750002,20.357143875000002,20.403151592629253,-1.2426577778627275,2.9041929232493686,-61.56215286254883,2.461160898208618,1.5963348290060736e-08
1.0,0.125,0.21901690124999998,0.23221312875000003,0.1071428625,140.0,3.0,0.036,0.0065,0.0019054470408749998,0.0016022705883750002,20.357143875000002,20.403151592629253,-1.2426577778627275,2.9041929232493686,-61.56215286254883,2.461160898208618,1.5963348290060736e-08
1.0,0.07864762576187921,0.31334699505963454,0.012633002341684296,0.10710032500381046,160.0,6.0,0.036,0.004089676539617719,0.00272611885701882,8.716771615762164e-05,20.349061750723987,20.39196471383678,0.6061964724248717,0.5693235795661571,10.35552978515625,-29.627593994140625,1.0048256546528127e-05
1.0,0.07031431059349778,0.6197059171514941,0.0,0.10703143105934979,160.0,5.692467,0.036,0.003656344150861885,0.005391441479217999,0.0,20.33597190127646,20.381019686906537,2.1534638083554984,0.9259122751004284,-31.34691619873047,-28.856884002685547,4.555273972517745e-06
1.0,0.07031431059349778,0.6197059171514941,0.0,0.10703143105934979,160.0,5.692467,0.036,0.003656344150861885,0.005391441479217999,0.0,20.33597190127646,20.381019686906537,2.1534638083554984,0.9259122751004284,-31.34691619873047,-28.856884002685547,4.555273972517745e-06
1.0,0.07031431059349778,0.6197059171514941,0.0,0.10703143105934979,160.0,5.692467,0.036,0.003656344150861885,0.005391441479217999,0.0,20.33597190127646,20.381019686906537,2.1534638083554984,0.9259122751004284,-31.34691619873047,-28.856884002685547,4.555273972517745e-06
1.0,0.07031431059349778,0.6197059171514941,0.0,0.10703143105934979,160.0,5.692467,0.036,0.003656344150861885,0.005391441479217999,0.0,20.33597190127646,20.381019686906537,2.1534638083554984,0.9259122751004284,-31.34691619873047,-28.856884002685547,4.555273972517745e-06
1.0,0.07031431059349778,0.6197059171514941,0.0,0.10703143105934979,160.0,5.692467,0.036,0.003656344150861885,0.005391441479217999,0.0,20.33597190127646,20.381019686906537,2.1534638083554984,0.9259122751004284,-31.34691619873047,-28.856884002685547,4.555273972517745e-06
1.0,0.07031431059349778,0.6197059171514941,0.0,0.10703143105934979,160.0,5.692467,0.036,0.003656344150861885,0.005391441479217999,0.0,20.33597190127646,20.381019686906537,2.1534638083554984,0.9259122751004284,-31.34691619873047,-28.856884002685547,4.555273972517745e-06
1.0,0.14089755178386587,0.15217168328757613,0.38204167295580294,0.1069321290257112,140.0,6.0,0.036,0.007326672692761025,0.0013238936446019122,0.0026360875433950404,20.317104514885127,20.364391168765884,-2.2321896873853033,3.4722106328455893,-64.71284484863281,3.04581618309021,2.25111760642071e-07
1.0,0.06666679555580474,0.1424130305416057,0.20125066965116667,0.10666667955558047,170.0,6.0,0.036,0.003466673368901846,0.0012389933657119695,0.00138862962059305,20.26666911556029,20.308763411915496,-0.867545538085054,-0.10648231942901219,28.859310150146484,-35.08346176147461,1.1345458765577191e-09
1.0,0.06600000066,0.426400000264,0.05299471895281094,0.106600000066,160.0,3.0,0.036,0.00343200003432,0.0037096800022968,0.00036566356077439546,20.25400001254,20.29750735613739,0.9638238620166606,0.5711404681683655,8.91383171081543,-24.14082908630371,3.609504820594379e-07
1.0,0.06600000066,0.426400000264,0.05299471895281094,0.106600000066,160.0,3.0,0.036,0.00343200003432,0.0037096800022968,0.00036566356077439546,20.25400001254,20.29750735613739,0.9638238620166606,0.5711404681683655,8.91383171081543,-24.14082908630371,3.609504820594379e-07
1.0,0.06600000066,0.426400000264,0.05299471895281094,0.106600000066,160.0,3.0,0.036,0.00343200003432,0.0037096800022968,0.00036566356077439546,20.25400001254,20.29750735613739,0.9638238620166606,0.5711404681683655,8.91383171081543,-24.14082908630371,3.609504820594379e-07
1.0,0.06600000066,0.426400000264,0.05299471895281094,0.106600000066,160.0,3.0,0.036,0.00343200003432,0.0037096800022968,0.00036566356077439546,20.25400001254,20.29750735613739,0.9638238620166606,0.5711404681683655,8.91383171081543,-24.14082908630371,3.609504820594379e-07
1.0,0.06600000066,0.426400000264,0.05299471895281094,0.106600000066,160.0,3.0,0.036,0.00343200003432,0.0037096800022968,0.00036566356077439546,20.25400001254,20.29750735613739,0.9638238620166606,0.5711404681683655,8.91383171081543,-24.14082908630371,3.609504820594379e-07
1.0,0.06600000066,0.426400000264,0.05299471895281094,0.106600000066,160.0,3.0,0.036,0.00343200003432,0.0037096800022968,0.00036566356077439546,20.25400001254,20.29750735613739,0.9638238620166606,0.5711404681683655,8.91383171081543,-24.14082908630371,3.609504820594379e-07
1.0,0.06600000066,0.2031365017457693,0.30167585752677867,0.106600000066,160.0,5.941961,0.036,0.00343200003432,0.0017672875651881929,0.002081563416934773,20.25400001254,20.297280863556445,-1.2579737813997567,0.6637445455387506,34.63914489746094,-38.648948669433594,7.716166502268694e-06
1.0,0.06600000066,0.2031365017457693,0.30167585752677867,0.106600000066,160.0,5.941961,0.036,0.00343200003432,0.0017672875651881929,0.002081563416934773,20.25400001254,20.297280863556445,-1.2579737813997567,0.6637445455387506,34.63914489746094,-38.648948669433594,7.716166502268694e-06
1.0,0.06600000066,0.2031365017457693,0.30167585752677867,0.106600000066,160.0,5.941961,0.036,0.00343200003432,0.0017672875651881929,0.002081563416934773,20.25400001254,20.297280863556445,-1.2579737813997567,0.6637445455387506,34.63914489746094,-38.648948669433594,7.716166502268694e-06
1.0,0.06600000066,0.2031365017457693,0.30167585752677867,0.106600000066,160.0,5.941961,0.036,0.00343200003432,0.0017672875651881929,0.002081563416934773,20.25400001254,20.297280863556445,-1.2579737813997567,0.6637445455387506,34.63914489746094,-38.648948669433594,7.716166502268694e-06
1.0,0.06600000066,0.2031365017457693,0.30167585752677867,0.106600000066,160.0,5.941961,0.036,0.00343200003432,0.0017672875651881929,0.002081563416934773,20.25400001254,20.297280863556445,-1.2579737813997567,0.6637445455387506,34.63914489746094,-38.648948669433594,7.716166502268694e-06
1.0,0.06600000066,0.2031365017457693,0.30167585752677867,0.106600000066,160.0,5.941961,0.036,0.00343200003432,0.0017672875651881929,0.002081563416934773,20.25400001254,20.297280863556445,-1.2579737813997567,0.6637445455387506,34.63914489746094,-38.648948669433594,7.716166502268694e-06
1.0,0.1,0.395559714,0.04444028600000005,0.106451609,142.97977,4.0,0.036,0.0052,0.0034413695117999996,0.00030663797340000037,20.22580571,20.2707537174852,0.495991689621129,2.0964974328680825,-46.581443786621094,-5.369452953338623,1.46802056378273e-11
1.0,0.1,0.395559714,0.04444028600000005,0.106451609,142.97977,4.0,0.036,0.0052,0.0034413695117999996,0.00030663797340000037,20.22580571,20.2707537174852,0.495991689621129,2.0964974328680825,-46.581443786621094,-5.369452953338623,1.46802056378273e-11
1.0,0.1,0.395559714,0.04444028600000005,0.106451609,142.97977,4.0,0.036,0.0052,0.0034413695117999996,0.00030663797340000037,20.22580571,20.2707537174852,0.495991689621129,2.0964974328680825,-46.581443786621094,-5.369452953338623,1.46802056378273e-11
1.0,0.1,0.395559714,0.04444028600000005,0.106451609,142.97977,4.0,0.036,0.0052,0.0034413695117999996,0.00030663797340000037,20.22580571,20.2707537174852,0.495991689621129,2.0964974328680825,-46.581443786621094,-5.369452953338623,1.46802056378273e-11
1.0,0.1,0.395559714,0.04444028600000005,0.106451609,142.97977,4.0,0.036,0.0052,0.0034413695117999996,0.00030663797340000037,20.22580571,20.2707537174852,0.495991689621129,2.0964974328680825,-46.581443786621094,-5.369452953338623,1.46802056378273e-11
1.0,0.1,0.395559714,0.04444028600000005,0.106451609,142.97977,4.0,0.036,0.0052,0.0034413695117999996,0.00030663797340000037,20.22580571,20.2707537174852,0.495991689621129,2.0964974328680825,-46.581443786621094,-5.369452953338623,1.46802056378273e-11
1.0,0.1,0.427215954,0.0013571030000000817,0.106451609,160.0,6.0,0.036,0.0052,0.0037167787997999997,9.364010700000563e-06,20.22580571,20.2707318528105,1.2393122691500202,1.281531270826337,-2.1522419452667236,-26.96550750732422,9.453550630370319e-06
1.0,0.1,0.242584859,0.19741514100000004,0.106451609,140.0,3.0,0.036,0.0052,0.0021104882733,0.0013621644729000003,20.22580571,20.2704783627462,-1.0106419950686132,2.267480914236727,-56.81857681274414,6.93835973739624,1.6882858556130858e-08
1.0,0.1,0.242584859,0.19741514100000004,0.106451609,140.0,3.0,0.036,0.0052,0.0021104882733,0.0013621644729000003,20.22580571,20.2704783627462,-1.0106419950686132,2.267480914236727,-56.81857681274414,6.93835973739624,1.6882858556130858e-08
1.0,0.1,0.242584859,0.19741514100000004,0.106451609,140.0,3.0,0.036,0.0052,0.0021104882733,0.0013621644729000003,20.22580571,20.2704783627462,-1.0106419950686132,2.267480914236727,-56.81857681274414,6.93835973739624,1.6882858556130858e-08
1.0,0.1,0.242584859,0.19741514100000004,0.106451609,140.0,3.0,0.036,0.0052,0.0021104882733,0.0013621644729000003,20.22580571,20.2704783627462,-1.0106419950686132,2.267480914236727,-56.81857681274414,6.93835973739624,1.6882858556130858e-08
1.0,0.1,0.242584859,0.19741514100000004,0.106451609,140.0,3.0,0.036,0.0052,0.0021104882733,0.0013621644729000003,20.22580571,20.2704783627462,-1.0106419950686132,2.267480914236727,-56.81857681274414,6.93835973739624,1.6882858556130858e-08
1.0,0.1,0.242584859,0.19741514100000004,0.106451609,140.0,3.0,0.036,0.0052,0.0021104882733,0.0013621644729000003,20.22580571,20.2704783627462,-1.0106419950686132,2.267480914236727,-56.81857681274414,6.93835973739624,1.6882858556130858e-08
1.0,0.1,0.242584859,0.19741514100000004,0.106451609,140.0,3.0,0.036,0.0052,0.0021104882733,0.0013621644729000003,20.22580571,20.2704783627462,-1.0106419950686132,2.267480914236727,-56.81857681274414,6.93835973739624,1.6882858556130858e-08
1.0,0.06394063444583004,0.4232891325146828,0.09803454356745966,0.106394063444583,160.0,4.0,0.036,0.0033249129911831618,0.0036826154528777403,0.0006764383506154717,20.21487205447077,20.25855602126545,0.7387433169267248,0.6077832006661172,9.490460395812988,-23.630905151367188,1.5445148192678133e-06
1.0,0.06394063444583004,0.4232891325146828,0.09803454356745966,0.106394063444583,160.0,4.0,0.036,0.0033249129911831618,0.0036826154528777403,0.0006764383506154717,20.21487205447077,20.25855602126545,0.7387433169267248,0.6077832006661172,9.490460395812988,-23.630905151367188,1.5445148192678133e-06
1.0,0.06394063444583004,0.4232891325146828,0.09803454356745966,0.106394063444583,160.0,4.0,0.036,0.0033249129911831618,0.0036826154528777403,0.0006764383506154717,20.21487205447077,20.25855602126545,0.7387433169267248,0.6077832006661172,9.490460395812988,-23.630905151367188,1.5445148192678133e-06
1.0,0.06394063444583004,0.4232891325146828,0.09803454356745966,0.106394063444583,160.0,4.0,0.036,0.0033249129911831618,0.0036826154528777403,0.0006764383506154717,20.21487205447077,20.25855602126545,0.7387433169267248,0.6077832006661172,9.490460395812988,-23.630905151367188,1.5445148192678133e-06
1.0,0.06394063444583004,0.4232891325146828,0.09803454356745966,0.106394063444583,160.0,4.0,0.036,0.0033249129911831618,0.0036826154528777403,0.0006764383506154717,20.21487205447077,20.25855602126545,0.7387433169267248,0.6077832006661172,9.490460395812988,-23.630905151367188,1.5445148192678133e-06
1.0,0.06394063444583004,0.4232891325146828,0.09803454356745966,0.106394063444583,160.0,4.0,0.036,0.0033249129911831618,0.0036826154528777403,0.0006764383506154717,20.21487205447077,20.25855602126545,0.7387433169267248,0.6077832006661172,9.490460395812988,-23.630905151367188,1.5445148192678133e-06
1.0,0.05243814841736949,0.558852760583366,0.0,0.10569384265619096,140.0,4.0,0.036,0.0027267837177032133,0.0048620190170752834,0.0,20.081830104676282,20.12541890741106,1.3548207160879866,1.2941539019216486,-40.0007438659668,-10.792399406433105,4.0228613930986513e-08
1.0,0.05243814841736949,0.558852760583366,0.0,0.10569384265619096,140.0,4.0,0.036,0.0027267837177032133,0.0048620190170752834,0.0,20.081830104676282,20.12541890741106,1.3548207160879866,1.2941539019216486,-40.0007438659668,-10.792399406433105,4.0228613930986513e-08
1.0,0.05243814841736949,0.558852760583366,0.0,0.10569384265619096,140.0,4.0,0.036,0.0027267837177032133,0.0048620190170752834,0.0,20.081830104676282,20.12541890741106,1.3548207160879866,1.2941539019216486,-40.0007438659668,-10.792399406433105,4.0228613930986513e-08
1.0,0.05243814841736949,0.558852760583366,0.0,0.10569384265619096,140.0,4.0,0.036,0.0027267837177032133,0.0048620190170752834,0.0,20.081830104676282,20.12541890741106,1.3548207160879866,1.2941539019216486,-40.0007438659668,-10.792399406433105,4.0228613930986513e-08
1.0,0.05243814841736949,0.558852760583366,0.0,0.10569384265619096,140.0,4.0,0.036,0.0027267837177032133,0.0048620190170752834,0.0,20.081830104676282,20.12541890741106,1.3548207160879866,1.2941539019216486,-40.0007438659668,-10.792399406433105,4.0228613930986513e-08
1.0,0.056494257867136126,0.37758040886453775,0.07237565681737451,0.10564942578671362,160.0,6.0,0.036,0.0029377014090910783,0.0032849495571214784,0.0004993920320398841,20.073390899475587,20.11611294247384,0.6091759217469723,0.27937132535015907,10.492783546447754,-24.358396530151367,1.0226118361585175e-05
1.0,0.06666666666666667,0.2844444586666667,0.129656416,0.10560637866666665,160.0,4.0,0.036,0.0034666666666666665,0.0024746667903999997,0.0008946292704,20.065211946666665,20.10804790939413,-0.08711142483322074,0.4754424751512709,21.743986129760742,-35.05210876464844,1.5263415418427367e-06
1.0,0.06666666666666667,0.2844444586666667,0.129656416,0.10560637866666665,160.0,4.0,0.036,0.0034666666666666665,0.0024746667903999997,0.0008946292704,20.065211946666665,20.10804790939413,-0.08711142483322074,0.4754424751512709,21.743986129760742,-35.05210876464844,1.5263415418427367e-06
1.0,0.06666666666666667,0.2844444586666667,0.129656416,0.10560637866666665,160.0,4.0,0.036,0.0034666666666666665,0.0024746667903999997,0.0008946292704,20.065211946666665,20.10804790939413,-0.08711142483322074,0.4754424751512709,21.743986129760742,-35.05210876464844,1.5263415418427367e-06
1.0,0.06666666666666667,0.2844444586666667,0.129656416,0.10560637866666665,160.0,4.0,0.036,0.0034666666666666665,0.0024746667903999997,0.0008946292704,20.065211946666665,20.10804790939413,-0.08711142483322074,0.4754424751512709,21.743986129760742,-35.05210876464844,1.5263415418427367e-06
1.0,0.06666666666666667,0.2844444586666667,0.129656416,0.10560637866666665,160.0,4.0,0.036,0.0034666666666666665,0.0024746667903999997,0.0008946292704,20.065211946666665,20.10804790939413,-0.08711142483322074,0.4754424751512709,21.743986129760742,-35.05210876464844,1.5263415418427367e-06
1.0,0.056317224110507456,0.36245257632271893,0.08702664869520882,0.10558667048144244,160.0,5.0,0.036,0.0029284956537463875,0.0031533374140076545,0.0006004838759969409,20.061467391474064,20.104149708417815,0.4705626900029864,0.2798681094109501,11.08202075958252,-24.479833602905273,1.2951397810674343e-06
1.0,0.056317224110507456,0.36245257632271893,0.08702664869520882,0.10558667048144244,160.0,5.0,0.036,0.0029284956537463875,0.0031533374140076545,0.0006004838759969409,20.061467391474064,20.104149708417815,0.4705626900029864,0.2798681094109501,11.08202075958252,-24.479833602905273,1.2951397810674343e-06
1.0,0.056317224110507456,0.36245257632271893,0.08702664869520882,0.10558667048144244,160.0,5.0,0.036,0.0029284956537463875,0.0031533374140076545,0.0006004838759969409,20.061467391474064,20.104149708417815,0.4705626900029864,0.2798681094109501,11.08202075958252,-24.479833602905273,1.2951397810674343e-06
1.0,0.056317224110507456,0.36245257632271893,0.08702664869520882,0.10558667048144244,160.0,5.0,0.036,0.0029284956537463875,0.0031533374140076545,0.0006004838759969409,20.061467391474064,20.104149708417815,0.4705626900029864,0.2798681094109501,11.08202075958252,-24.479833602905273,1.2951397810674343e-06
1.0,0.056317224110507456,0.36245257632271893,0.08702664869520882,0.10558667048144244,160.0,5.0,0.036,0.0029284956537463875,0.0031533374140076545,0.0006004838759969409,20.061467391474064,20.104149708417815,0.4705626900029864,0.2798681094109501,11.08202075958252,-24.479833602905273,1.2951397810674343e-06
1.0,0.05558904795694962,0.25894602155979535,0.15342701803011316,0.10547729720639741,160.0,6.0,0.036,0.0028906304937613802,0.0022528303875702193,0.0010586464244077807,20.04068646921551,20.08288857652125,-0.3402497548333512,0.20243197221369266,23.613115310668945,-31.39544677734375,1.0003054467127993e-05
1.0,0.05048445641644062,0.26503819479956786,0.05068464595527927,0.10546299832267968,160.0,5.0,0.036,0.0026251917336549122,0.00230583229475624,0.00034972405709142695,20.03796968130914,20.07925042939464,0.1477170367338009,-0.12501415541432426,15.073709487915039,-29.4461612701416,1.277402306010107e-06
1.0,0.05048445641644062,0.26503819479956786,0.05068464595527927,0.10546299832267968,160.0,5.0,0.036,0.0026251917336549122,0.00230583229475624,0.00034972405709142695,20.03796968130914,20.07925042939464,0.1477170367338009,-0.12501415541432426,15.073709487915039,-29.4461612701416,1.277402306010107e-06
1.0,0.05048445641644062,0.26503819479956786,0.05068464595527927,0.10546299832267968,160.0,5.0,0.036,0.0026251917336549122,0.00230583229475624,0.00034972405709142695,20.03796968130914,20.07925042939464,0.1477170367338009,-0.12501415541432426,15.073709487915039,-29.4461612701416,1.277402306010107e-06
1.0,0.05048445641644062,0.26503819479956786,0.05068464595527927,0.10546299832267968,160.0,5.0,0.036,0.0026251917336549122,0.00230583229475624,0.00034972405709142695,20.03796968130914,20.07925042939464,0.1477170367338009,-0.12501415541432426,15.073709487915039,-29.4461612701416,1.277402306010107e-06
1.0,0.05048445641644062,0.26503819479956786,0.05068464595527927,0.10546299832267968,160.0,5.0,0.036,0.0026251917336549122,0.00230583229475624,0.00034972405709142695,20.03796968130914,20.07925042939464,0.1477170367338009,-0.12501415541432426,15.073709487915039,-29.4461612701416,1.277402306010107e-06
1.0,0.05035102975660262,0.3397740632820503,0.03173050590886001,0.10500637587499641,160.0,6.0,0.036,0.002618253547343336,0.0029560343505538374,0.00021894049077113403,19.95121141624932,19.99300464463799,0.5931671039047252,-0.028607416629598734,9.820688247680664,-26.211593627929688,1.019853733766254e-05
1.0,0.05,0.37366203,0.0,0.10500000000000001,160.0,6.0,0.036,0.0026,0.0032508596609999996,0.0,19.950000000000003,19.991850859661003,0.9017198759027993,-0.039651040895192446,2.102114200592041,-22.300642013549805,9.895919540971278e-06
1.0,0.05,0.27017319,0.16492194600000004,0.1049900817,160.0,3.8515663,0.036,0.0026,0.002350506753,0.0011379614274000002,19.948115523000002,19.9902039911804,-0.3437929272195161,0.11789213462081347,23.97575569152832,-30.5562744140625,1.3400440712347166e-06
1.0,0.05,0.27017319,0.16492194600000004,0.1049900817,160.0,3.8515663,0.036,0.0026,0.002350506753,0.0011379614274000002,19.948115523000002,19.9902039911804,-0.3437929272195161,0.11789213462081347,23.97575569152832,-30.5562744140625,1.3400440712347166e-06
1.0,0.05,0.27017319,0.16492194600000004,0.1049900817,160.0,3.8515663,0.036,0.0026,0.002350506753,0.0011379614274000002,19.948115523000002,19.9902039911804,-0.3437929272195161,0.11789213462081347,23.97575569152832,-30.5562744140625,1.3400440712347166e-06
1.0,0.05,0.27017319,0.16492194600000004,0.1049900817,160.0,3.8515663,0.036,0.0026,0.002350506753,0.0011379614274000002,19.948115523000002,19.9902039911804,-0.3437929272195161,0.11789213462081347,23.97575569152832,-30.5562744140625,1.3400440712347166e-06
1.0,0.05,0.27017319,0.16492194600000004,0.1049900817,160.0,3.8515663,0.036,0.0026,0.002350506753,0.0011379614274000002,19.948115523000002,19.9902039911804,-0.3437929272195161,0.11789213462081347,23.97575569152832,-30.5562744140625,1.3400440712347166e-06
1.0,0.05,0.2714112765,0.0,0.1049622525,160.0,6.0,0.036,0.0026,0.00236127810555,0.0,19.942827975,19.98378925310555,0.40018916557681244,-0.23495771878793362,12.548402786254883,-29.210851669311523,9.861353398931715e-06
1.0,0.05,0.21000000000000002,0.08725428599999996,0.1049416935,160.0,4.0,0.036,0.0026,0.001827,0.0006020545733999997,19.938921765,19.9799508195734,-0.2895290382520552,-0.16201705307767922,19.785429000854492,-30.684865951538086,1.4475952142180971e-06
1.0,0.05,0.21000000000000002,0.08725428599999996,0.1049416935,160.0,4.0,0.036,0.0026,0.001827,0.0006020545733999997,19.938921765,19.9799508195734,-0.2895290382520552,-0.16201705307767922,19.785429000854492,-30.684865951538086,1.4475952142180971e-06
1.0,0.05,0.21000000000000002,0.08725428599999996,0.1049416935,160.0,4.0,0.036,0.0026,0.001827,0.0006020545733999997,19.938921765,19.9799508195734,-0.2895290382520552,-0.16201705307767922,19.785429000854492,-30.684865951538086,1.4475952142180971e-06
1.0,0.05,0.21000000000000002,0.08725428599999996,0.1049416935,160.0,4.0,0.036,0.0026,0.001827,0.0006020545733999997,19.938921765,19.9799508195734,-0.2895290382520552,-0.16201705307767922,19.785429000854492,-30.684865951538086,1.4475952142180971e-06
1.0,0.05,0.21000000000000002,0.08725428599999996,0.1049416935,160.0,4.0,0.036,0.0026,0.001827,0.0006020545733999997,19.938921765,19.9799508195734,-0.2895290382520552,-0.16201705307767922,19.785429000854492,-30.684865951538086,1.4475952142180971e-06
1.0,0.05948717887705457,0.31440308520356064,0.0,0.10485458547807912,140.0,6.0422173,0.036,0.0030933333016068374,0.002735306841270977,0.0,19.922371240835034,19.96419988097791,0.15459758157039605,0.9926839127794613,-37.88761520385742,5.165860176086426,3.326094151766674e-07
1.0,0.0461795731492751,0.3561908133761276,0.11961440794444006,0.10461795731492751,160.0,6.0,0.036,0.0024013378037623053,0.00309886007637231,0.0008253394148166364,19.877411889836228,19.919737427131178,0.2686409031820126,0.08735958542511219,12.935006141662598,-23.91352081298828,1.0279632366301414e-05
1.0,0.04598702926642135,0.3559728475484296,0.0,0.10459870292664214,160.0,4.785054,0.036,0.00239132552185391,0.0030969637736713374,0.0,19.873753556062006,19.91524184535753,0.8089525458221893,-0.16792507955883043,2.470076322555542,-21.984376907348633,1.0990997161475072e-06
1.0,0.04598702926642135,0.3559728475484296,0.0,0.10459870292664214,160.0,4.785054,0.036,0.00239132552185391,0.0030969637736713374,0.0,19.873753556062006,19.91524184535753,0.8089525458221893,-0.16792507955883043,2.470076322555542,-21.984376907348633,1.0990997161475072e-06
1.0,0.04598702926642135,0.3559728475484296,0.0,0.10459870292664214,160.0,4.785054,0.036,0.00239132552185391,0.0030969637736713374,0.0,19.873753556062006,19.91524184535753,0.8089525458221893,-0.16792507955883043,2.470076322555542,-21.984376907348633,1.0990997161475072e-06
1.0,0.04598702926642135,0.3559728475484296,0.0,0.10459870292664214,160.0,4.785054,0.036,0.00239132552185391,0.0030969637736713374,0.0,19.873753556062006,19.91524184535753,0.8089525458221893,-0.16792507955883043,2.470076322555542,-21.984376907348633,1.0990997161475072e-06
1.0,0.04598702926642135,0.3559728475484296,0.0,0.10459870292664214,160.0,4.785054,0.036,0.00239132552185391,0.0030969637736713374,0.0,19.873753556062006,19.91524184535753,0.8089525458221893,-0.16792507955883043,2.470076322555542,-21.984376907348633,1.0990997161475072e-06
1.0,0.043085190926207086,0.31292555727786214,0.10430851909262073,0.10428168572608414,160.0,6.0,0.036,0.0022404299281627684,0.0027224523483174003,0.0007197287817390831,19.813520287955985,19.855202899014206,0.11845823732394083,-0.10309034610878347,13.39096736907959,-24.472902297973633,1.0347932762578425e-05
1.0,0.040168258407547876,0.20597767590530638,0.16648951867099862,0.10401682584075478,160.0,6.0,0.036,0.0020887494371924892,0.0017920057803761653,0.0011487776788298904,19.763196909743407,19.804226442639806,-0.6922040779090064,-0.2466367101154561,39.28342056274414,-5.224544525146484,9.506316696185854e-06
1.0,0.04,0.3861931424,0.0,0.10400000000000001,160.0,5.9502378,0.036,0.00208,0.00335988033888,0.0,19.76,19.801439880338883,0.9411287294662345,-0.2591687019973518,-3.4192209243774414,-14.170886993408203,9.544308457169807e-06
1.0,0.04,0.3861931424,0.0,0.10400000000000001,160.0,5.9502378,0.036,0.00208,0.00335988033888,0.0,19.76,19.801439880338883,0.9411287294662345,-0.2591687019973518,-3.4192209243774414,-14.170886993408203,9.544308457169807e-06
1.0,0.04,0.3861931424,0.0,0.10400000000000001,160.0,5.9502378,0.036,0.00208,0.00335988033888,0.0,19.76,19.801439880338883,0.9411287294662345,-0.2591687019973518,-3.4192209243774414,-14.170886993408203,9.544308457169807e-06
1.0,0.04,0.3861931424,0.0,0.10400000000000001,160.0,5.9502378,0.036,0.00208,0.00335988033888,0.0,19.76,19.801439880338883,0.9411287294662345,-0.2591687019973518,-3.4192209243774414,-14.170886993408203,9.544308457169807e-06
1.0,0.04,0.3861931424,0.0,0.10400000000000001,160.0,5.9502378,0.036,0.00208,0.00335988033888,0.0,19.76,19.801439880338883,0.9411287294662345,-0.2591687019973518,-3.4192209243774414,-14.170886993408203,9.544308457169807e-06
1.0,0.04,0.302951376,0.0,0.10400000000000001,160.0,3.2065744,0.036,0.00208,0.0026356769711999998,0.0,19.76,19.8007156769712,0.5394677609939986,-0.4107890521786899,18.899639129638672,3.1338250637054443,4.892033279046644e-07
1.0,0.04,0.302951376,0.0,0.10400000000000001,160.0,3.2065744,0.036,0.00208,0.0026356769711999998,0.0,19.76,19.8007156769712,0.5394677609939986,-0.4107890521786899,18.899639129638672,3.1338250637054443,4.892033279046644e-07
1.0,0.04,0.302951376,0.0,0.10400000000000001,160.0,3.2065744,0.036,0.00208,0.0026356769711999998,0.0,19.76,19.8007156769712,0.5394677609939986,-0.4107890521786899,18.899639129638672,3.1338250637054443,4.892033279046644e-07
1.0,0.04,0.302951376,0.0,0.10400000000000001,160.0,3.2065744,0.036,0.00208,0.0026356769711999998,0.0,19.76,19.8007156769712,0.5394677609939986,-0.4107890521786899,18.899639129638672,3.1338250637054443,4.892033279046644e-07
1.0,0.04,0.302951376,0.0,0.10400000000000001,160.0,3.2065744,0.036,0.00208,0.0026356769711999998,0.0,19.76,19.8007156769712,0.5394677609939986,-0.4107890521786899,18.899639129638672,3.1338250637054443,4.892033279046644e-07
1.0,0.03989237038470207,0.3961494942397412,0.14753223430664064,0.10398923703847021,160.0,6.0,0.036,0.0020744032600045078,0.003446500599885748,0.0010179724167158205,19.75795503730934,19.800493913585946,0.32479938306364425,0.0696816294409556,19.88466453552246,-23.57301902770996,9.976131311767211e-06
1.0,0.07519848640486564,0.3583995026362784,0.0,0.10387375810601783,160.0,6.0,0.036,0.003910321293053013,0.003118075672935622,0.0,19.736014040143388,19.77904243710938,0.8523969051760013,0.5430472339542478,7.852148532867432,-27.377716064453125,9.90661829113235e-06
1.0,0.0635201333414639,0.20977056162530236,0.239984232715816,0.10364920453767505,160.0,5.0,0.036,0.003303046933756123,0.0018250038861401304,0.0016558912057391304,19.69334886215826,19.736132804183896,-0.9732166744643321,0.4863813543647157,31.087129592895508,-36.96786117553711,1.1200603529593227e-06
1.0,0.0635201333414639,0.20977056162530236,0.239984232715816,0.10364920453767505,160.0,5.0,0.036,0.003303046933756123,0.0018250038861401304,0.0016558912057391304,19.69334886215826,19.736132804183896,-0.9732166744643321,0.4863813543647157,31.087129592895508,-36.96786117553711,1.1200603529593227e-06
1.0,0.0635201333414639,0.20977056162530236,0.239984232715816,0.10364920453767505,160.0,5.0,0.036,0.003303046933756123,0.0018250038861401304,0.0016558912057391304,19.69334886215826,19.736132804183896,-0.9732166744643321,0.4863813543647157,31.087129592895508,-36.96786117553711,1.1200603529593227e-06
1.0,0.0635201333414639,0.20977056162530236,0.239984232715816,0.10364920453767505,160.0,5.0,0.036,0.003303046933756123,0.0018250038861401304,0.0016558912057391304,19.69334886215826,19.736132804183896,-0.9732166744643321,0.4863813543647157,31.087129592895508,-36.96786117553711,1.1200603529593227e-06
1.0,0.0635201333414639,0.20977056162530236,0.239984232715816,0.10364920453767505,160.0,5.0,0.036,0.003303046933756123,0.0018250038861401304,0.0016558912057391304,19.69334886215826,19.736132804183896,-0.9732166744643321,0.4863813543647157,31.087129592895508,-36.96786117553711,1.1200603529593227e-06
1.0,0.04,0.3406063648,0.05898285120000002,0.1035824296,140.0,6.0,0.036,0.00208,0.00296327537376,0.0004069816732800001,19.680661624,19.722111881047038,-0.02014780182270533,0.6934993165484576,-24.777299880981445,9.50500202178955,3.4602499943591926e-07
1.0,0.1,0.21734784500000004,0.42279528499999997,0.103419503,140.0,6.0,0.036,0.0052,0.0018909262515000003,0.0029172874665,19.64970557,19.695713783718,-2.1820652522914803,2.687146579740687,-59.678977966308594,15.802614212036133,2.241435678980026e-07
1.0,0.0527176668974119,0.33632234549215184,0.0,0.1034408169604132,160.0,3.3710527,0.036,0.0027413186786654185,0.002926004405781721,0.0,19.65375522247851,19.695422545562955,0.7156069807020199,-0.03869153750625658,9.46716022491455,-26.97374725341797,6.625477390730561e-07
1.0,0.0527176668974119,0.33632234549215184,0.0,0.1034408169604132,160.0,3.3710527,0.036,0.0027413186786654185,0.002926004405781721,0.0,19.65375522247851,19.695422545562955,0.7156069807020199,-0.03869153750625658,9.46716022491455,-26.97374725341797,6.625477390730561e-07
1.0,0.0527176668974119,0.33632234549215184,0.0,0.1034408169604132,160.0,3.3710527,0.036,0.0027413186786654185,0.002926004405781721,0.0,19.65375522247851,19.695422545562955,0.7156069807020199,-0.03869153750625658,9.46716022491455,-26.97374725341797,6.625477390730561e-07
1.0,0.0527176668974119,0.33632234549215184,0.0,0.1034408169604132,160.0,3.3710527,0.036,0.0027413186786654185,0.002926004405781721,0.0,19.65375522247851,19.695422545562955,0.7156069807020199,-0.03869153750625658,9.46716022491455,-26.97374725341797,6.625477390730561e-07
1.0,0.0527176668974119,0.33632234549215184,0.0,0.1034408169604132,160.0,3.3710527,0.036,0.0027413186786654185,0.002926004405781721,0.0,19.65375522247851,19.695422545562955,0.7156069807020199,-0.03869153750625658,9.46716022491455,-26.97374725341797,6.625477390730561e-07
1.0,0.04,0.2558186488,0.04452253519999999,0.1034145528,160.0,4.565373,0.036,0.00208,0.00222562224456,0.00030720549287999995,19.648765032,19.68937785973744,0.09979193476000932,-0.4104311878599242,22.67739486694336,2.4618289470672607,1.1935629621692037e-06
1.0,0.04,0.2558186488,0.04452253519999999,0.1034145528,160.0,4.565373,0.036,0.00208,0.00222562224456,0.00030720549287999995,19.648765032,19.68937785973744,0.09979193476000932,-0.4104311878599242,22.67739486694336,2.4618289470672607,1.1935629621692037e-06
1.0,0.04,0.2558186488,0.04452253519999999,0.1034145528,160.0,4.565373,0.036,0.00208,0.00222562224456,0.00030720549287999995,19.648765032,19.68937785973744,0.09979193476000932,-0.4104311878599242,22.67739486694336,2.4618289470672607,1.1935629621692037e-06
1.0,0.04,0.2558186488,0.04452253519999999,0.1034145528,160.0,4.565373,0.036,0.00208,0.00222562224456,0.00030720549287999995,19.648765032,19.68937785973744,0.09979193476000932,-0.4104311878599242,22.67739486694336,2.4618289470672607,1.1935629621692037e-06
1.0,0.04,0.2558186488,0.04452253519999999,0.1034145528,160.0,4.565373,0.036,0.00208,0.00222562224456,0.00030720549287999995,19.648765032,19.68937785973744,0.09979193476000932,-0.4104311878599242,22.67739486694336,2.4618289470672607,1.1935629621692037e-06
1.0,0.03333333333333333,0.251231223,0.2654354436666667,0.10333333333333335,140.0,6.0,0.036,0.0017333333333333333,0.0021857116401,0.0018315045613000003,19.633333333333336,19.67508388286807,-1.399813007646032,0.7980673538279972,-29.124038696289062,47.268314361572266,3.096194101390236e-07
1.0,0.03333333333333333,0.20470591666666668,0.29137792800000006,0.10333333333333335,160.0,3.0,0.036,0.0017333333333333333,0.001780941475,0.0020105077032000003,19.633333333333336,19.67485811584487,-1.2693392831724122,-0.14289188327990654,49.557403564453125,-9.027287483215332,2.6776370674678597e-07
1.0,0.03333333333333333,0.20470591666666668,0.29137792800000006,0.10333333333333335,160.0,3.0,0.036,0.0017333333333333333,0.001780941475,0.0020105077032000003,19.633333333333336,19.67485811584487,-1.2693392831724122,-0.14289188327990654,49.557403564453125,-9.027287483215332,2.6776370674678597e-07
1.0,0.03333333333333333,0.20470591666666668,0.29137792800000006,0.10333333333333335,160.0,3.0,0.036,0.0017333333333333333,0.001780941475,0.0020105077032000003,19.633333333333336,19.67485811584487,-1.2693392831724122,-0.14289188327990654,49.557403564453125,-9.027287483215332,2.6776370674678597e-07
1.0,0.03333333333333333,0.20470591666666668,0.29137792800000006,0.10333333333333335,160.0,3.0,0.036,0.0017333333333333333,0.001780941475,0.0020105077032000003,19.633333333333336,19.67485811584487,-1.2693392831724122,-0.14289188327990654,49.557403564453125,-9.027287483215332,2.6776370674678597e-07
1.0,0.03333333333333333,0.20470591666666668,0.29137792800000006,0.10333333333333335,160.0,3.0,0.036,0.0017333333333333333,0.001780941475,0.0020105077032000003,19.633333333333336,19.67485811584487,-1.2693392831724122,-0.14289188327990654,49.557403564453125,-9.027287483215332,2.6776370674678597e-07
1.0,0.03333333333333333,0.25833333333333336,0.030535661333333353,0.10333333333333335,160.0,6.0,0.036,0.0017333333333333333,0.0022475,0.00021069606320000013,19.633333333333336,19.67352486272987,0.16191569020685537,-0.6011895915189737,21.94793701171875,3.329164743423462,9.980609236958262e-06
1.0,0.067000000603,0.3201000001809,0.0,0.10325806078835484,160.0,3.0,0.036,0.003484000031356,0.00278487000157383,0.0,19.61903154978742,19.66130041982035,0.6551818802379752,0.2783558713286923,9.96756649017334,-28.779048919677734,3.53680232515488e-07
1.0,0.067000000603,0.3201000001809,0.0,0.10325806078835484,160.0,3.0,0.036,0.003484000031356,0.00278487000157383,0.0,19.61903154978742,19.66130041982035,0.6551818802379752,0.2783558713286923,9.96756649017334,-28.779048919677734,3.53680232515488e-07
1.0,0.067000000603,0.3201000001809,0.0,0.10325806078835484,160.0,3.0,0.036,0.003484000031356,0.00278487000157383,0.0,19.61903154978742,19.66130041982035,0.6551818802379752,0.2783558713286923,9.96756649017334,-28.779048919677734,3.53680232515488e-07
1.0,0.067000000603,0.3201000001809,0.0,0.10325806078835484,160.0,3.0,0.036,0.003484000031356,0.00278487000157383,0.0,19.61903154978742,19.66130041982035,0.6551818802379752,0.2783558713286923,9.96756649017334,-28.779048919677734,3.53680232515488e-07
1.0,0.067000000603,0.3201000001809,0.0,0.10325806078835484,160.0,3.0,0.036,0.003484000031356,0.00278487000157383,0.0,19.61903154978742,19.66130041982035,0.6551818802379752,0.2783558713286923,9.96756649017334,-28.779048919677734,3.53680232515488e-07
1.0,0.067000000603,0.3201000001809,0.0,0.10325806078835484,160.0,3.0,0.036,0.003484000031356,0.00278487000157383,0.0,19.61903154978742,19.66130041982035,0.6551818802379752,0.2783558713286923,9.96756649017334,-28.779048919677734,3.53680232515488e-07
1.0,0.06666666666666667,0.2666672746666666,0.32445770666666673,0.10322580266666666,165.0,3.0,0.036,0.0034666666666666665,0.0023200052895999993,0.0022387581760000006,19.612902506666664,19.65692793679893,-0.9523572782649944,0.6268659804082192,35.46592712402344,-39.31685256958008,1.2365539138072096e-10
1.0,0.06666666666666667,0.2666672746666666,0.32445770666666673,0.10322580266666666,165.0,3.0,0.036,0.0034666666666666665,0.0023200052895999993,0.0022387581760000006,19.612902506666664,19.65692793679893,-0.9523572782649944,0.6268659804082192,35.46592712402344,-39.31685256958008,1.2365539138072096e-10
1.0,0.06666666666666667,0.2666672746666666,0.32445770666666673,0.10322580266666666,165.0,3.0,0.036,0.0034666666666666665,0.0023200052895999993,0.0022387581760000006,19.612902506666664,19.65692793679893,-0.9523572782649944,0.6268659804082192,35.46592712402344,-39.31685256958008,1.2365539138072096e-10
1.0,0.06666666666666667,0.2666672746666666,0.32445770666666673,0.10322580266666666,165.0,3.0,0.036,0.0034666666666666665,0.0023200052895999993,0.0022387581760000006,19.612902506666664,19.65692793679893,-0.9523572782649944,0.6268659804082192,35.46592712402344,-39.31685256958008,1.2365539138072096e-10
1.0,0.06666666666666667,0.2666672746666666,0.32445770666666673,0.10322580266666666,165.0,3.0,0.036,0.0034666666666666665,0.0023200052895999993,0.0022387581760000006,19.612902506666664,19.65692793679893,-0.9523572782649944,0.6268659804082192,35.46592712402344,-39.31685256958008,1.2365539138072096e-10
1.0,0.06666666666666667,0.31046419199999997,0.030691114666666686,0.10322580266666666,160.0,6.0,0.036,0.0034666666666666665,0.0027010384703999996,0.00021176869120000013,19.612902506666664,19.65528198049493,0.4619527394285258,0.30881275494526694,10.464095115661621,-28.927825927734375,1.0163243766249174e-05
1.0,0.06600000066,0.19381819065999997,0.37471517145199995,0.10316128660387094,160.0,4.9962726,0.036,0.00343200003432,0.0016862182587419996,0.0025855346830187995,19.60064445473548,19.644348207711563,-1.659124114052422,0.8014037072983995,36.939456939697266,-38.52454376220703,8.473950454746388e-07
1.0,0.06600000066,0.19381819065999997,0.37471517145199995,0.10316128660387094,160.0,4.9962726,0.036,0.00343200003432,0.0016862182587419996,0.0025855346830187995,19.60064445473548,19.644348207711563,-1.659124114052422,0.8014037072983995,36.939456939697266,-38.52454376220703,8.473950454746388e-07
1.0,0.06600000066,0.19381819065999997,0.37471517145199995,0.10316128660387094,160.0,4.9962726,0.036,0.00343200003432,0.0016862182587419996,0.0025855346830187995,19.60064445473548,19.644348207711563,-1.659124114052422,0.8014037072983995,36.939456939697266,-38.52454376220703,8.473950454746388e-07
1.0,0.06600000066,0.19381819065999997,0.37471517145199995,0.10316128660387094,160.0,4.9962726,0.036,0.00343200003432,0.0016862182587419996,0.0025855346830187995,19.60064445473548,19.644348207711563,-1.659124114052422,0.8014037072983995,36.939456939697266,-38.52454376220703,8.473950454746388e-07
1.0,0.06600000066,0.19381819065999997,0.37471517145199995,0.10316128660387094,160.0,4.9962726,0.036,0.00343200003432,0.0016862182587419996,0.0025855346830187995,19.60064445473548,19.644348207711563,-1.659124114052422,0.8014037072983995,36.939456939697266,-38.52454376220703,8.473950454746388e-07
1.0,0.06433085616649856,0.33304204587109126,0.0,0.1029997564975194,160.0,6.0,0.036,0.003345204520657925,0.0028974657990784936,0.0,19.569953734528685,19.612196404848422,0.7058128292695675,0.2300130267156075,9.70105266571045,-28.413639068603516,9.96675400801117e-06
1.0,0.03000000120000005,0.2540758785960108,0.13078918385237576,0.10300000012000002,160.0,4.7558503,0.036,0.0015600000624000025,0.0022104601437852936,0.0009024453685813927,19.570000022800002,19.61067292837477,-0.3151815003317641,-0.47476103862619096,31.98360252380371,-3.871272325515747,1.1032233032647236e-06
1.0,0.03000000120000005,0.2540758785960108,0.13078918385237576,0.10300000012000002,160.0,4.7558503,0.036,0.0015600000624000025,0.0022104601437852936,0.0009024453685813927,19.570000022800002,19.61067292837477,-0.3151815003317641,-0.47476103862619096,31.98360252380371,-3.871272325515747,1.1032233032647236e-06
1.0,0.03000000120000005,0.2540758785960108,0.13078918385237576,0.10300000012000002,160.0,4.7558503,0.036,0.0015600000624000025,0.0022104601437852936,0.0009024453685813927,19.570000022800002,19.61067292837477,-0.3151815003317641,-0.47476103862619096,31.98360252380371,-3.871272325515747,1.1032233032647236e-06
1.0,0.03000000120000005,0.2540758785960108,0.13078918385237576,0.10300000012000002,160.0,4.7558503,0.036,0.0015600000624000025,0.0022104601437852936,0.0009024453685813927,19.570000022800002,19.61067292837477,-0.3151815003317641,-0.47476103862619096,31.98360252380371,-3.871272325515747,1.1032233032647236e-06
1.0,0.03000000120000005,0.2540758785960108,0.13078918385237576,0.10300000012000002,160.0,4.7558503,0.036,0.0015600000624000025,0.0022104601437852936,0.0009024453685813927,19.570000022800002,19.61067292837477,-0.3151815003317641,-0.47476103862619096,31.98360252380371,-3.871272325515747,1.1032233032647236e-06
1.0,0.025,0.30519877249999994,0.12421093500000002,0.10299072899999999,160.0,5.0,0.036,0.0013,0.0026552293207499993,0.0008570554515000002,19.568238509999997,19.609050794772248,-0.042501927456783745,-0.5132455198063992,29.597787857055664,-4.494045734405518,1.2919831161551987e-06
1.0,0.025,0.30519877249999994,0.12421093500000002,0.10299072899999999,160.0,5.0,0.036,0.0013,0.0026552293207499993,0.0008570554515000002,19.568238509999997,19.609050794772248,-0.042501927456783745,-0.5132455198063992,29.597787857055664,-4.494045734405518,1.2919831161551987e-06
1.0,0.025,0.30519877249999994,0.12421093500000002,0.10299072899999999,160.0,5.0,0.036,0.0013,0.0026552293207499993,0.0008570554515000002,19.568238509999997,19.609050794772248,-0.042501927456783745,-0.5132455198063992,29.597787857055664,-4.494045734405518,1.2919831161551987e-06
1.0,0.025,0.30519877249999994,0.12421093500000002,0.10299072899999999,160.0,5.0,0.036,0.0013,0.0026552293207499993,0.0008570554515000002,19.568238509999997,19.609050794772248,-0.042501927456783745,-0.5132455198063992,29.597787857055664,-4.494045734405518,1.2919831161551987e-06
1.0,0.025,0.30519877249999994,0.12421093500000002,0.10299072899999999,160.0,5.0,0.036,0.0013,0.0026552293207499993,0.0008570554515000002,19.568238509999997,19.609050794772248,-0.042501927456783745,-0.5132455198063992,29.597787857055664,-4.494045734405518,1.2919831161551987e-06
1.0,0.025,0.27333334699999995,0.23624876499999997,0.10297458525,140.0,4.0,0.036,0.0013,0.0023780001188999996,0.0016301164784999999,19.5651711975,19.6064793140974,-1.1698105515931072,0.5810719897641163,-28.964000701904297,47.60931396484375,4.593994572837589e-08
1.0,0.025,0.27333334699999995,0.23624876499999997,0.10297458525,140.0,4.0,0.036,0.0013,0.0023780001188999996,0.0016301164784999999,19.5651711975,19.6064793140974,-1.1698105515931072,0.5810719897641163,-28.964000701904297,47.60931396484375,4.593994572837589e-08
1.0,0.025,0.27333334699999995,0.23624876499999997,0.10297458525,140.0,4.0,0.036,0.0013,0.0023780001188999996,0.0016301164784999999,19.5651711975,19.6064793140974,-1.1698105515931072,0.5810719897641163,-28.964000701904297,47.60931396484375,4.593994572837589e-08
1.0,0.025,0.27333334699999995,0.23624876499999997,0.10297458525,140.0,4.0,0.036,0.0013,0.0023780001188999996,0.0016301164784999999,19.5651711975,19.6064793140974,-1.1698105515931072,0.5810719897641163,-28.964000701904297,47.60931396484375,4.593994572837589e-08
1.0,0.025,0.27333334699999995,0.23624876499999997,0.10297458525,140.0,4.0,0.036,0.0013,0.0023780001188999996,0.0016301164784999999,19.5651711975,19.6064793140974,-1.1698105515931072,0.5810719897641163,-28.964000701904297,47.60931396484375,4.593994572837589e-08
1.0,0.028593429172789234,0.29142318868383016,0.023146705370966858,0.10285934291727893,160.0,4.0,0.036,0.0014868583169850402,0.002535381741549322,0.0001597122670596713,19.543275154282995,19.583457106608588,0.3515697508322764,-0.6637381188323319,20.075777053833008,3.769213914871216,1.5368067657366566e-06
1.0,0.028593429172789234,0.29142318868383016,0.023146705370966858,0.10285934291727893,160.0,4.0,0.036,0.0014868583169850402,0.002535381741549322,0.0001597122670596713,19.543275154282995,19.583457106608588,0.3515697508322764,-0.6637381188323319,20.075777053833008,3.769213914871216,1.5368067657366566e-06
1.0,0.028593429172789234,0.29142318868383016,0.023146705370966858,0.10285934291727893,160.0,4.0,0.036,0.0014868583169850402,0.002535381741549322,0.0001597122670596713,19.543275154282995,19.583457106608588,0.3515697508322764,-0.6637381188323319,20.075777053833008,3.769213914871216,1.5368067657366566e-06
1.0,0.028593429172789234,0.29142318868383016,0.023146705370966858,0.10285934291727893,160.0,4.0,0.036,0.0014868583169850402,0.002535381741549322,0.0001597122670596713,19.543275154282995,19.583457106608588,0.3515697508322764,-0.6637381188323319,20.075777053833008,3.769213914871216,1.5368067657366566e-06
1.0,0.028593429172789234,0.29142318868383016,0.023146705370966858,0.10285934291727893,160.0,4.0,0.036,0.0014868583169850402,0.002535381741549322,0.0001597122670596713,19.543275154282995,19.583457106608588,0.3515697508322764,-0.6637381188323319,20.075777053833008,3.769213914871216,1.5368067657366566e-06
1.0,0.06239628178061018,0.1883508238098296,0.275175563648937,0.1028125396283303,160.0,6.0421257,0.036,0.003244606652591729,0.0016386521671455173,0.0018987113891776655,19.534382529382757,19.57716449959167,-1.2477092713564644,0.4894772890106802,33.48262405395508,-37.20691680908203,8.348345504097688e-06
1.0,0.0425531914893617,0.2951671695744681,0.14063471234042557,0.10269092117021277,160.0,5.0,0.036,0.0022127659574468083,0.002567954375297872,0.0009703795151489365,19.511275022340424,19.553026122188317,-0.14389805239878353,-0.07113582063781675,30.994857788085938,-6.378777027130127,1.2848452158380143e-06
1.0,0.0425531914893617,0.2951671695744681,0.14063471234042557,0.10269092117021277,160.0,5.0,0.036,0.0022127659574468083,0.002567954375297872,0.0009703795151489365,19.511275022340424,19.553026122188317,-0.14389805239878353,-0.07113582063781675,30.994857788085938,-6.378777027130127,1.2848452158380143e-06
1.0,0.0425531914893617,0.2951671695744681,0.14063471234042557,0.10269092117021277,160.0,5.0,0.036,0.0022127659574468083,0.002567954375297872,0.0009703795151489365,19.511275022340424,19.553026122188317,-0.14389805239878353,-0.07113582063781675,30.994857788085938,-6.378777027130127,1.2848452158380143e-06
1.0,0.0425531914893617,0.2951671695744681,0.14063471234042557,0.10269092117021277,160.0,5.0,0.036,0.0022127659574468083,0.002567954375297872,0.0009703795151489365,19.511275022340424,19.553026122188317,-0.14389805239878353,-0.07113582063781675,30.994857788085938,-6.378777027130127,1.2848452158380143e-06
1.0,0.0425531914893617,0.2951671695744681,0.14063471234042557,0.10269092117021277,160.0,5.0,0.036,0.0022127659574468083,0.002567954375297872,0.0009703795151489365,19.511275022340424,19.553026122188317,-0.14389805239878353,-0.07113582063781675,30.994857788085938,-6.378777027130127,1.2848452158380143e-06
1.0,0.025,0.32799999999999996,0.08200000000000002,0.1025,160.0,6.0,0.036,0.0013,0.0028535999999999995,0.0005658000000000001,19.474999999999998,19.5157194,0.25306897176833126,-0.5620792253532032,21.565053939819336,0.14291200041770935,1.0324750923793277e-05
1.0,0.025,0.19766863624999997,0.1408783575,0.1025,160.0,6.0697093,0.036,0.0013,0.0017197171353749996,0.00097206066675,19.474999999999998,19.514991777802123,-0.6512628274375019,-0.686432342084738,36.39281463623047,-1.0636515617370605,9.699441522958986e-06
1.0,0.024071623671938432,0.26909514694153175,0.12111717622743734,0.10240716236719385,160.0,6.040838,0.036,0.0012517244309407985,0.002341127778391326,0.0008357085159693176,19.457360849766832,19.497789410492135,-0.2140849832930666,-0.6144225207169204,30.47271728515625,-3.5856196880340576,1.0290000495789929e-05
1.0,0.03290171005650967,0.3070120608245425,0.09252489753882642,0.10221203852971109,160.0,4.5667953,0.036,0.001710888922938503,0.0026710049291735196,0.0006384217930179023,19.420287320645105,19.461307636290236,0.11463053599606471,-0.3841209408097295,24.165925979614258,-0.7983482480049133,1.2263758917654822e-06
1.0,0.03290171005650967,0.3070120608245425,0.09252489753882642,0.10221203852971109,160.0,4.5667953,0.036,0.001710888922938503,0.0026710049291735196,0.0006384217930179023,19.420287320645105,19.461307636290236,0.11463053599606471,-0.3841209408097295,24.165925979614258,-0.7983482480049133,1.2263758917654822e-06
1.0,0.03290171005650967,0.3070120608245425,0.09252489753882642,0.10221203852971109,160.0,4.5667953,0.036,0.001710888922938503,0.0026710049291735196,0.0006384217930179023,19.420287320645105,19.461307636290236,0.11463053599606471,-0.3841209408097295,24.165925979614258,-0.7983482480049133,1.2263758917654822e-06
1.0,0.03290171005650967,0.3070120608245425,0.09252489753882642,0.10221203852971109,160.0,4.5667953,0.036,0.001710888922938503,0.0026710049291735196,0.0006384217930179023,19.420287320645105,19.461307636290236,0.11463053599606471,-0.3841209408097295,24.165925979614258,-0.7983482480049133,1.2263758917654822e-06
1.0,0.03290171005650967,0.3070120608245425,0.09252489753882642,0.10221203852971109,160.0,4.5667953,0.036,0.001710888922938503,0.0026710049291735196,0.0006384217930179023,19.420287320645105,19.461307636290236,0.11463053599606471,-0.3841209408097295,24.165925979614258,-0.7983482480049133,1.2263758917654822e-06
1.0,0.020847321451708232,0.4083389285806833,0.0,0.10208473214517083,160.0,6.0,0.036,0.001084060715488828,0.0035525486786519445,0.0,19.396099107582458,19.4367357169766,1.007178841074415,-0.6835352057740304,-4.447593688964844,-14.763562202453613,9.655502949389437e-06
1.0,0.020688280899850843,0.15130482000468048,0.2321529467355548,0.10206882808998508,160.0,6.0,0.036,0.0010757906067922437,0.00131635193404072,0.0016018553324753282,19.393077337097164,19.43307133497047,-1.299194966891473,-0.6864293160901123,47.929176330566406,-6.023786544799805,8.30393907800061e-06
1.0,0.02,0.2027395962,0.2622841158,0.10200000000000001,160.0,4.0,0.036,0.00104,0.00176383448694,0.0018097603990199999,19.380000000000003,19.420613594885964,-1.1797153741284936,-0.5357528434599733,48.419281005859375,-7.719211578369141,1.2161054345388873e-06
1.0,0.02,0.2027395962,0.2622841158,0.10200000000000001,160.0,4.0,0.036,0.00104,0.00176383448694,0.0018097603990199999,19.380000000000003,19.420613594885964,-1.1797153741284936,-0.5357528434599733,48.419281005859375,-7.719211578369141,1.2161054345388873e-06
1.0,0.02,0.2027395962,0.2622841158,0.10200000000000001,160.0,4.0,0.036,0.00104,0.00176383448694,0.0018097603990199999,19.380000000000003,19.420613594885964,-1.1797153741284936,-0.5357528434599733,48.419281005859375,-7.719211578369141,1.2161054345388873e-06
1.0,0.02,0.2027395962,0.2622841158,0.10200000000000001,160.0,4.0,0.036,0.00104,0.00176383448694,0.0018097603990199999,19.380000000000003,19.420613594885964,-1.1797153741284936,-0.5357528434599733,48.419281005859375,-7.719211578369141,1.2161054345388873e-06
1.0,0.02,0.2027395962,0.2622841158,0.10200000000000001,160.0,4.0,0.036,0.00104,0.00176383448694,0.0018097603990199999,19.380000000000003,19.420613594885964,-1.1797153741284936,-0.5357528434599733,48.419281005859375,-7.719211578369141,1.2161054345388873e-06
1.0,0.052494044550645734,0.29570144349816113,0.18271025069935715,0.1019729431321464,160.0,4.455454,0.036,0.002729690316633578,0.0025726025584340015,0.0012607007298255644,19.374859195107817,19.41742218871271,-0.3218219405291805,0.26172396051641394,24.227096557617188,-30.03654670715332,1.262876767060518e-06
1.0,0.052494044550645734,0.29570144349816113,0.18271025069935715,0.1019729431321464,160.0,4.455454,0.036,0.002729690316633578,0.0025726025584340015,0.0012607007298255644,19.374859195107817,19.41742218871271,-0.3218219405291805,0.26172396051641394,24.227096557617188,-30.03654670715332,1.262876767060518e-06
1.0,0.052494044550645734,0.29570144349816113,0.18271025069935715,0.1019729431321464,160.0,4.455454,0.036,0.002729690316633578,0.0025726025584340015,0.0012607007298255644,19.374859195107817,19.41742218871271,-0.3218219405291805,0.26172396051641394,24.227096557617188,-30.03654670715332,1.262876767060518e-06
1.0,0.052494044550645734,0.29570144349816113,0.18271025069935715,0.1019729431321464,160.0,4.455454,0.036,0.002729690316633578,0.0025726025584340015,0.0012607007298255644,19.374859195107817,19.41742218871271,-0.3218219405291805,0.26172396051641394,24.227096557617188,-30.03654670715332,1.262876767060518e-06
1.0,0.052494044550645734,0.29570144349816113,0.18271025069935715,0.1019729431321464,160.0,4.455454,0.036,0.002729690316633578,0.0025726025584340015,0.0012607007298255644,19.374859195107817,19.41742218871271,-0.3218219405291805,0.26172396051641394,24.227096557617188,-30.03654670715332,1.262876767060518e-06
1.0,0.05161300445389261,0.4170668466629116,0.06116529317808317,0.10191489748772976,160.0,6.0,0.036,0.0026838762316024156,0.0036284815659673305,0.00042204052292877384,19.363830522668653,19.40656492098915,0.8154832977322317,0.21039992899734652,10.336291313171387,-23.65660285949707,9.931324513497771e-06
1.0,0.03333333333333333,0.19999999266666668,0.30449706600000004,0.10166866433333335,160.0,6.0,0.036,0.0017333333333333333,0.0017399999362,0.0021010297554000003,19.317046223333335,19.358620586358267,-1.372318898886364,-0.1330209715295633,50.04391098022461,-9.144122123718262,7.916539001273392e-06
1.0,0.05,0.261371754,0.07295249850000002,0.1016128995,160.0,6.0,0.036,0.0026,0.0022739342598,0.0005033722396500001,19.306450905000002,19.34782821149945,-0.005561249042736812,-0.10134950897078727,16.02619743347168,-29.459033966064453,1.0149598470506078e-05
1.0,0.02,0.2952883884,0.1286816088,0.10156968240000001,160.0,6.0,0.036,0.00104,0.0025690089790799996,0.00088790310072,19.298239656000003,19.338736568079803,-0.1322652024528057,-0.6476676590447507,29.655174255371094,-4.039933681488037,1.020898841909494e-05
1.0,0.04209335118259797,0.20169547993016293,0.1465398444039752,0.10084773996508146,160.0,4.8240104,0.036,0.0021888542614950943,0.0017547506753924174,0.0010111249263874288,19.16107059336548,19.202025323228757,-0.6442235581326171,-0.24883221594790966,38.837684631347656,-5.132482051849365,1.056066579364618e-06
1.0,0.04209335118259797,0.20169547993016293,0.1465398444039752,0.10084773996508146,160.0,4.8240104,0.036,0.0021888542614950943,0.0017547506753924174,0.0010111249263874288,19.16107059336548,19.202025323228757,-0.6442235581326171,-0.24883221594790966,38.837684631347656,-5.132482051849365,1.056066579364618e-06
1.0,0.04209335118259797,0.20169547993016293,0.1465398444039752,0.10084773996508146,160.0,4.8240104,0.036,0.0021888542614950943,0.0017547506753924174,0.0010111249263874288,19.16107059336548,19.202025323228757,-0.6442235581326171,-0.24883221594790966,38.837684631347656,-5.132482051849365,1.056066579364618e-06
1.0,0.04209335118259797,0.20169547993016293,0.1465398444039752,0.10084773996508146,160.0,4.8240104,0.036,0.0021888542614950943,0.0017547506753924174,0.0010111249263874288,19.16107059336548,19.202025323228757,-0.6442235581326171,-0.24883221594790966,38.837684631347656,-5.132482051849365,1.056066579364618e-06
1.0,0.04209335118259797,0.20169547993016293,0.1465398444039752,0.10084773996508146,160.0,4.8240104,0.036,0.0021888542614950943,0.0017547506753924174,0.0010111249263874288,19.16107059336548,19.202025323228757,-0.6442235581326171,-0.24883221594790966,38.837684631347656,-5.132482051849365,1.056066579364618e-06
1.0,0.04151789593614116,0.3115309591571252,0.2326658909339338,0.10079205074972435,140.0,6.0,0.036,0.00215893058867934,0.002710319344666989,0.0016053946474441432,19.150489642447624,19.192964287028413,-0.9663598709945171,1.0413693406754556,-30.495426177978516,47.417015075683594,3.309958292118034e-07
1.0,0.025,0.28715310424999996,0.0,0.10052306199999998,160.0,6.0314403,0.036,0.0013,0.0024982320069749995,0.0,19.099381779999998,19.139180012006975,0.4058453025228518,-0.8149728914392331,20.1265869140625,4.689692497253418,9.990659590263488e-06
1.0,0.1107617194206276,0.18989035860449097,0.3603210160636392,0.10048620303195809,160.0,6.0,0.036,0.005759609409872635,0.0016520461198590713,0.0024862150108391104,19.092378576072036,19.138276446612608,-1.5761694253969283,1.8472159217336634,35.820064544677734,-40.65354537963867,6.826583221447829e-06
1.0,0.02,0.1613401218,0.3019893192,0.10019383500000001,160.0,4.655081,0.036,0.00104,0.00140365905966,0.00208372630248,19.03682865,19.07735603536214,-1.5780824805297238,-0.533415907377069,51.58912658691406,-8.135554313659668,8.377469477021397e-07
1.0,0.02,0.1613401218,0.3019893192,0.10019383500000001,160.0,4.655081,0.036,0.00104,0.00140365905966,0.00208372630248,19.03682865,19.07735603536214,-1.5780824805297238,-0.533415907377069,51.58912658691406,-8.135554313659668,8.377469477021397e-07
1.0,0.02,0.1613401218,0.3019893192,0.10019383500000001,160.0,4.655081,0.036,0.00104,0.00140365905966,0.00208372630248,19.03682865,19.07735603536214,-1.5780824805297238,-0.533415907377069,51.58912658691406,-8.135554313659668,8.377469477021397e-07
1.0,0.02,0.1613401218,0.3019893192,0.10019383500000001,160.0,4.655081,0.036,0.00104,0.00140365905966,0.00208372630248,19.03682865,19.07735603536214,-1.5780824805297238,-0.533415907377069,51.58912658691406,-8.135554313659668,8.377469477021397e-07
1.0,0.02,0.1613401218,0.3019893192,0.10019383500000001,160.0,4.655081,0.036,0.00104,0.00140365905966,0.00208372630248,19.03682865,19.07735603536214,-1.5780824805297238,-0.533415907377069,51.58912658691406,-8.135554313659668,8.377469477021397e-07
1.0,0.05,0.241778481,0.28322151900000003,0.10000000500000002,160.0,6.0,0.036,0.0026,0.0021034727846999998,0.0019542284811000002,19.000000950000004,19.042658651265803,-1.0624703569439262,0.3058846745157677,35.4202766418457,-35.74630355834961,8.52949887571748e-06
1.0,0.03003151356876338,0.309009454070629,0.13184440454814667,0.09968046540009108,160.0,4.0,0.036,0.0015616387055756957,0.002688382250414472,0.0009097263913822119,18.939288426017306,18.980448173364678,-0.07642689002580577,-0.3665876796270348,30.103670120239258,-5.068884372711182,1.5358974062785117e-06
1.0,0.03003151356876338,0.309009454070629,0.13184440454814667,0.09968046540009108,160.0,4.0,0.036,0.0015616387055756957,0.002688382250414472,0.0009097263913822119,18.939288426017306,18.980448173364678,-0.07642689002580577,-0.3665876796270348,30.103670120239258,-5.068884372711182,1.5358974062785117e-06
1.0,0.03003151356876338,0.309009454070629,0.13184440454814667,0.09968046540009108,160.0,4.0,0.036,0.0015616387055756957,0.002688382250414472,0.0009097263913822119,18.939288426017306,18.980448173364678,-0.07642689002580577,-0.3665876796270348,30.103670120239258,-5.068884372711182,1.5358974062785117e-06
1.0,0.03003151356876338,0.309009454070629,0.13184440454814667,0.09968046540009108,160.0,4.0,0.036,0.0015616387055756957,0.002688382250414472,0.0009097263913822119,18.939288426017306,18.980448173364678,-0.07642689002580577,-0.3665876796270348,30.103670120239258,-5.068884372711182,1.5358974062785117e-06
1.0,0.03003151356876338,0.309009454070629,0.13184440454814667,0.09968046540009108,160.0,4.0,0.036,0.0015616387055756957,0.002688382250414472,0.0009097263913822119,18.939288426017306,18.980448173364678,-0.07642689002580577,-0.3665876796270348,30.103670120239258,-5.068884372711182,1.5358974062785117e-06
1.0,0.02,0.2039905038,0.1376643918,0.09967914708,160.0,6.0,0.036,0.00104,0.0017747173830599998,0.0009498843034200001,18.9390379452,18.978802546886477,-0.6359693856696929,-0.8040125015707104,35.981727600097656,-0.7202877998352051,9.575976710683464e-06
1.0,0.02857142857142857,0.3918367542857143,0.0,0.09953916685714284,140.0,5.0,0.036,0.0014857142857142855,0.003408979762285714,0.0,18.91244170285714,18.95333639690514,0.44969619999005955,0.38912303821011873,-23.133459091186523,8.216592788696289,2.4843058265635152e-08
1.0,0.02857142857142857,0.3918367542857143,0.0,0.09953916685714284,140.0,5.0,0.036,0.0014857142857142855,0.003408979762285714,0.0,18.91244170285714,18.95333639690514,0.44969619999005955,0.38912303821011873,-23.133459091186523,8.216592788696289,2.4843058265635152e-08
1.0,0.02857142857142857,0.3918367542857143,0.0,0.09953916685714284,140.0,5.0,0.036,0.0014857142857142855,0.003408979762285714,0.0,18.91244170285714,18.95333639690514,0.44969619999005955,0.38912303821011873,-23.133459091186523,8.216592788696289,2.4843058265635152e-08
1.0,0.02857142857142857,0.3918367542857143,0.0,0.09953916685714284,140.0,5.0,0.036,0.0014857142857142855,0.003408979762285714,0.0,18.91244170285714,18.95333639690514,0.44969619999005955,0.38912303821011873,-23.133459091186523,8.216592788696289,2.4843058265635152e-08
1.0,0.02857142857142857,0.3918367542857143,0.0,0.09953916685714284,140.0,5.0,0.036,0.0014857142857142855,0.003408979762285714,0.0,18.91244170285714,18.95333639690514,0.44969619999005955,0.38912303821011873,-23.133459091186523,8.216592788696289,2.4843058265635152e-08
1.0,0.02857142857142857,0.2571428571428571,0.03963641142857144,0.09953916685714284,160.0,6.0,0.036,0.0014857142857142855,0.002237142857142857,0.00027349123885714294,18.91244170285714,18.952438051238854,0.07697911674841784,-0.7019450085355293,22.303924560546875,3.4469375610351562,9.989563777390507e-06
1.0,0.04,0.28241792800000004,0.12005770399999999,0.09915828624,160.0,6.0,0.036,0.00208,0.0024570359736000003,0.0008283981575999999,18.8400743856,18.881439819731202,-0.14886423553860714,-0.20570864143571785,30.920183181762695,-5.7923583984375,1.0211395583564142e-05
1.0,0.054999450005499946,0.383056332104279,0.06657553984270159,0.09888583272863272,160.0,6.0,0.036,0.0028599714002859973,0.003332590089307227,0.000459371224914641,18.788308218440218,18.830960151154727,0.6039186408505908,0.23759709562404555,10.53757381439209,-24.24663543701172,1.0147840434799151e-05
1.0,0.02,0.51,0.0,0.0987096738,132.17245,3.0,0.036,0.00104,0.004437,0.0,18.754838021999998,18.796315021999998,0.8314780202475114,0.7695512861672132,-37.08790588378906,-12.475613594055176,1.4680184673730212e-11
1.0,0.02,0.51,0.0,0.0987096738,132.17245,3.0,0.036,0.00104,0.004437,0.0,18.754838021999998,18.796315021999998,0.8314780202475114,0.7695512861672132,-37.08790588378906,-12.475613594055176,1.4680184673730212e-11
1.0,0.02,0.51,0.0,0.0987096738,132.17245,3.0,0.036,0.00104,0.004437,0.0,18.754838021999998,18.796315021999998,0.8314780202475114,0.7695512861672132,-37.08790588378906,-12.475613594055176,1.4680184673730212e-11
1.0,0.02,0.51,0.0,0.0987096738,132.17245,3.0,0.036,0.00104,0.004437,0.0,18.754838021999998,18.796315021999998,0.8314780202475114,0.7695512861672132,-37.08790588378906,-12.475613594055176,1.4680184673730212e-11
1.0,0.02,0.51,0.0,0.0987096738,132.17245,3.0,0.036,0.00104,0.004437,0.0,18.754838021999998,18.796315021999998,0.8314780202475114,0.7695512861672132,-37.08790588378906,-12.475613594055176,1.4680184673730212e-11
1.0,0.02,0.1701896622,0.1307064312,0.0987096738,135.0,6.0,0.036,0.00104,0.00148065006114,0.00090187437528,18.754838021999998,18.79426054643642,-1.3639258252482955,0.26006847555585594,-16.762609481811523,30.9632511138916,8.213098664974455e-11
1.0,0.08,0.17621484120000003,0.11783154239999999,0.09818181720000001,160.0,5.0,0.036,0.00416,0.0015330691184400002,0.00081303764256,18.654545268,18.697051374761,-0.6098969930210048,0.5611012887432175,24.33637809753418,-34.18202209472656,1.1768984776800995e-06
1.0,0.08,0.17621484120000003,0.11783154239999999,0.09818181720000001,160.0,5.0,0.036,0.00416,0.0015330691184400002,0.00081303764256,18.654545268,18.697051374761,-0.6098969930210048,0.5611012887432175,24.33637809753418,-34.18202209472656,1.1768984776800995e-06
1.0,0.08,0.17621484120000003,0.11783154239999999,0.09818181720000001,160.0,5.0,0.036,0.00416,0.0015330691184400002,0.00081303764256,18.654545268,18.697051374761,-0.6098969930210048,0.5611012887432175,24.33637809753418,-34.18202209472656,1.1768984776800995e-06
1.0,0.08,0.17621484120000003,0.11783154239999999,0.09818181720000001,160.0,5.0,0.036,0.00416,0.0015330691184400002,0.00081303764256,18.654545268,18.697051374761,-0.6098969930210048,0.5611012887432175,24.33637809753418,-34.18202209472656,1.1768984776800995e-06
1.0,0.08,0.17621484120000003,0.11783154239999999,0.09818181720000001,160.0,5.0,0.036,0.00416,0.0015330691184400002,0.00081303764256,18.654545268,18.697051374761,-0.6098969930210048,0.5611012887432175,24.33637809753418,-34.18202209472656,1.1768984776800995e-06
1.0,0.012814235487974416,0.3472440797351592,0.05788161446003054,0.09801427725981797,163.40388,6.0,0.036,0.0006663402453746697,0.003021023493695885,0.0003993831397742107,18.622712679365414,18.66279942624426,0.48170473690188725,-1.0307452987342338,20.48429298400879,0.6885532140731812,1.5019188107680996e-11
1.0,0.07571418350013799,0.21560552288463466,0.09662080931910991,0.09779219752209056,160.0,6.0,0.036,0.0039371375420071755,0.0018757680490963215,0.0006666835843018584,18.580517529197206,18.62299711837261,-0.33272079763980866,0.48433369444514657,23.419702529907227,-33.978981018066406,9.75917461309727e-06
1.0,0.021773101205946756,0.20039427878957017,0.13677575301968747,0.09742193723665815,160.0,6.0,0.036,0.0011322012627092313,0.0017434302254692603,0.0009437526958358435,18.510168074965048,18.54998745914906,-0.6658862939141921,-0.7708739031398114,36.04482650756836,-0.5968002080917358,9.533108317684249e-06
1.0,0.03333333333333333,0.2654696573333334,0.10678688833333327,0.09698687280000001,140.0,4.0,0.036,0.0017333333333333333,0.0023095860188000004,0.0007368295294999996,18.427505832,18.468285580881634,-0.6632033476324664,0.4910945400924545,-18.136119842529297,28.339191436767578,4.7559148043349985e-08
1.0,0.03333333333333333,0.2654696573333334,0.10678688833333327,0.09698687280000001,140.0,4.0,0.036,0.0017333333333333333,0.0023095860188000004,0.0007368295294999996,18.427505832,18.468285580881634,-0.6632033476324664,0.4910945400924545,-18.136119842529297,28.339191436767578,4.7559148043349985e-08
1.0,0.03333333333333333,0.2654696573333334,0.10678688833333327,0.09698687280000001,140.0,4.0,0.036,0.0017333333333333333,0.0023095860188000004,0.0007368295294999996,18.427505832,18.468285580881634,-0.6632033476324664,0.4910945400924545,-18.136119842529297,28.339191436767578,4.7559148043349985e-08
1.0,0.03333333333333333,0.2654696573333334,0.10678688833333327,0.09698687280000001,140.0,4.0,0.036,0.0017333333333333333,0.0023095860188000004,0.0007368295294999996,18.427505832,18.468285580881634,-0.6632033476324664,0.4910945400924545,-18.136119842529297,28.339191436767578,4.7559148043349985e-08
1.0,0.03333333333333333,0.2654696573333334,0.10678688833333327,0.09698687280000001,140.0,4.0,0.036,0.0017333333333333333,0.0023095860188000004,0.0007368295294999996,18.427505832,18.468285580881634,-0.6632033476324664,0.4910945400924545,-18.136119842529297,28.339191436767578,4.7559148043349985e-08
1.0,0.0289116693568975,0.18707485739234958,0.3273809772860992,0.09644085177232119,160.0,6.0,0.036,0.0015034068065586698,0.0016275512593134412,0.0022589287432740845,18.323761836741024,18.36515172355017,-1.5883189505846833,-0.21948058145868563,51.65658187866211,-9.299220085144043,7.4289597097662055e-06
1.0,0.14384854704336575,0.5675294701421166,0.0,0.09532071530387659,139.35165,4.0,0.036,0.0074801244462550185,0.004937506390236415,0.0,18.110935907736554,18.159353538573047,1.4224254313433138,3.5565815987833007,-49.035221099853516,-8.52375316619873,6.4323379552641455e-09
1.0,0.14384854704336575,0.5675294701421166,0.0,0.09532071530387659,139.35165,4.0,0.036,0.0074801244462550185,0.004937506390236415,0.0,18.110935907736554,18.159353538573047,1.4224254313433138,3.5565815987833007,-49.035221099853516,-8.52375316619873,6.4323379552641455e-09
1.0,0.14384854704336575,0.5675294701421166,0.0,0.09532071530387659,139.35165,4.0,0.036,0.0074801244462550185,0.004937506390236415,0.0,18.110935907736554,18.159353538573047,1.4224254313433138,3.5565815987833007,-49.035221099853516,-8.52375316619873,6.4323379552641455e-09
1.0,0.14384854704336575,0.5675294701421166,0.0,0.09532071530387659,139.35165,4.0,0.036,0.0074801244462550185,0.004937506390236415,0.0,18.110935907736554,18.159353538573047,1.4224254313433138,3.5565815987833007,-49.035221099853516,-8.52375316619873,6.4323379552641455e-09
1.0,0.14384854704336575,0.5675294701421166,0.0,0.09532071530387659,139.35165,4.0,0.036,0.0074801244462550185,0.004937506390236415,0.0,18.110935907736554,18.159353538573047,1.4224254313433138,3.5565815987833007,-49.035221099853516,-8.52375316619873,6.4323379552641455e-09
1.0,0.020118898667344273,0.30603566960020323,0.0,0.09218996068420753,160.0,5.0,0.036,0.001046182730701902,0.002662510325521768,0.0,17.51609252999943,17.555801223055653,0.4248509800057518,-0.8992274987727163,19.527820587158203,5.102946758270264,1.2414283939714115e-06
1.0,0.020118898667344273,0.30603566960020323,0.0,0.09218996068420753,160.0,5.0,0.036,0.001046182730701902,0.002662510325521768,0.0,17.51609252999943,17.555801223055653,0.4248509800057518,-0.8992274987727163,19.527820587158203,5.102946758270264,1.2414283939714115e-06
1.0,0.020118898667344273,0.30603566960020323,0.0,0.09218996068420753,160.0,5.0,0.036,0.001046182730701902,0.002662510325521768,0.0,17.51609252999943,17.555801223055653,0.4248509800057518,-0.8992274987727163,19.527820587158203,5.102946758270264,1.2414283939714115e-06
1.0,0.020118898667344273,0.30603566960020323,0.0,0.09218996068420753,160.0,5.0,0.036,0.001046182730701902,0.002662510325521768,0.0,17.51609252999943,17.555801223055653,0.4248509800057518,-0.8992274987727163,19.527820587158203,5.102946758270264,1.2414283939714115e-06
1.0,0.020118898667344273,0.30603566960020323,0.0,0.09218996068420753,160.0,5.0,0.036,0.001046182730701902,0.002662510325521768,0.0,17.51609252999943,17.555801223055653,0.4248509800057518,-0.8992274987727163,19.527820587158203,5.102946758270264,1.2414283939714115e-06
1.0,0.06801220655878434,0.4182182220728896,0.06726715749191725,0.09195060704477712,160.0,6.0,0.036,0.0035366347410567857,0.0036384985320341394,0.000464143386694229,17.470615338507653,17.514254615167438,0.7335612717440084,0.6187888400337598,9.458127975463867,-24.22256088256836,9.851860654230968e-06
1.0,0.10466885913036925,0.35349403492171816,0.07649864989543581,0.09185968457752927,140.0,3.057295,0.036,0.005442780674779201,0.003075398103818948,0.0005278406842785071,17.45334006973056,17.49838608919344,-0.03698758999285047,2.3286373324527156,-47.753379821777344,-4.804764270782471,1.9354340636095997e-08
1.0,0.10466885913036925,0.35349403492171816,0.07649864989543581,0.09185968457752927,140.0,3.057295,0.036,0.005442780674779201,0.003075398103818948,0.0005278406842785071,17.45334006973056,17.49838608919344,-0.03698758999285047,2.3286373324527156,-47.753379821777344,-4.804764270782471,1.9354340636095997e-08
1.0,0.10466885913036925,0.35349403492171816,0.07649864989543581,0.09185968457752927,140.0,3.057295,0.036,0.005442780674779201,0.003075398103818948,0.0005278406842785071,17.45334006973056,17.49838608919344,-0.03698758999285047,2.3286373324527156,-47.753379821777344,-4.804764270782471,1.9354340636095997e-08
1.0,0.10466885913036925,0.35349403492171816,0.07649864989543581,0.09185968457752927,140.0,3.057295,0.036,0.005442780674779201,0.003075398103818948,0.0005278406842785071,17.45334006973056,17.49838608919344,-0.03698758999285047,2.3286373324527156,-47.753379821777344,-4.804764270782471,1.9354340636095997e-08
1.0,0.10466885913036925,0.35349403492171816,0.07649864989543581,0.09185968457752927,140.0,3.057295,0.036,0.005442780674779201,0.003075398103818948,0.0005278406842785071,17.45334006973056,17.49838608919344,-0.03698758999285047,2.3286373324527156,-47.753379821777344,-4.804764270782471,1.9354340636095997e-08
1.0,0.028593012210931797,0.24977484576027958,0.24145470088752707,0.09076670918861608,160.0,6.0,0.036,0.0014868366349684533,0.0021730411581144323,0.0016660374361239369,17.245674745837057,17.287000661066266,-0.9413508495055837,-0.29256630060699457,45.458770751953125,-9.221667289733887,9.064881737710457e-06
1.0,0.06033641897802415,0.6362018513868145,0.0,0.08985190082459973,160.0,4.7409344,0.036,0.003137493786857256,0.005534956107065286,0.0,17.07186115667395,17.116533606567874,2.0800725995716616,0.7082832481778626,-31.770977020263672,-28.77133560180664,7.288390578568612e-07
1.0,0.06033641897802415,0.6362018513868145,0.0,0.08985190082459973,160.0,4.7409344,0.036,0.003137493786857256,0.005534956107065286,0.0,17.07186115667395,17.116533606567874,2.0800725995716616,0.7082832481778626,-31.770977020263672,-28.77133560180664,7.288390578568612e-07
1.0,0.06033641897802415,0.6362018513868145,0.0,0.08985190082459973,160.0,4.7409344,0.036,0.003137493786857256,0.005534956107065286,0.0,17.07186115667395,17.116533606567874,2.0800725995716616,0.7082832481778626,-31.770977020263672,-28.77133560180664,7.288390578568612e-07
1.0,0.06033641897802415,0.6362018513868145,0.0,0.08985190082459973,160.0,4.7409344,0.036,0.003137493786857256,0.005534956107065286,0.0,17.07186115667395,17.116533606567874,2.0800725995716616,0.7082832481778626,-31.770977020263672,-28.77133560180664,7.288390578568612e-07
1.0,0.06033641897802415,0.6362018513868145,0.0,0.08985190082459973,160.0,4.7409344,0.036,0.003137493786857256,0.005534956107065286,0.0,17.07186115667395,17.116533606567874,2.0800725995716616,0.7082832481778626,-31.770977020263672,-28.77133560180664,7.288390578568612e-07
1.0,0.03333288667265192,0.16407579907783237,0.26259912982421363,0.08982909000448827,140.0,6.0,0.036,0.0017333101069778997,0.0014274594519771415,0.001811933995787074,17.06752710085277,17.108499804407515,-1.9264003732873158,0.6183788653570665,-26.31395149230957,49.20663833618164,2.801888029624994e-07
1.0,0.06244078662153696,0.807454997832368,0.0,0.08855070614798091,160.0,4.0,0.036,0.003246920904319922,0.007024858481141601,0.0,16.824634168116372,16.870905947501832,2.9133552236991664,1.0877956747079371,-34.17091369628906,-30.67963981628418,6.350938902276893e-07
1.0,0.06244078662153696,0.807454997832368,0.0,0.08855070614798091,160.0,4.0,0.036,0.003246920904319922,0.007024858481141601,0.0,16.824634168116372,16.870905947501832,2.9133552236991664,1.0877956747079371,-34.17091369628906,-30.67963981628418,6.350938902276893e-07
1.0,0.06244078662153696,0.807454997832368,0.0,0.08855070614798091,160.0,4.0,0.036,0.003246920904319922,0.007024858481141601,0.0,16.824634168116372,16.870905947501832,2.9133552236991664,1.0877956747079371,-34.17091369628906,-30.67963981628418,6.350938902276893e-07
1.0,0.06244078662153696,0.807454997832368,0.0,0.08855070614798091,160.0,4.0,0.036,0.003246920904319922,0.007024858481141601,0.0,16.824634168116372,16.870905947501832,2.9133552236991664,1.0877956747079371,-34.17091369628906,-30.67963981628418,6.350938902276893e-07
1.0,0.06244078662153696,0.807454997832368,0.0,0.08855070614798091,160.0,4.0,0.036,0.003246920904319922,0.007024858481141601,0.0,16.824634168116372,16.870905947501832,2.9133552236991664,1.0877956747079371,-34.17091369628906,-30.67963981628418,6.350938902276893e-07
1.0,0.1,0.21221845700000003,0.13349311800000002,0.088275583,140.0,6.0,0.036,0.0052,0.0018463005759000002,0.0009211025142000001,16.772360770000002,16.816328173090103,-1.029375163892393,2.056291521552366,-56.546390533447266,4.6027936935424805,3.2633071297165815e-07
1.0,0.06386702986569211,0.24754231461240792,0.13227336451614943,0.08815187315328706,160.0,5.0,0.036,0.0033210855530159894,0.0021536181371279487,0.0009126862151614311,16.74885589912454,16.791243289029843,-0.43093710922777706,0.330459029175327,22.84819793701172,-33.85791778564453,1.250461850483344e-06
1.0,0.06386702986569211,0.24754231461240792,0.13227336451614943,0.08815187315328706,160.0,5.0,0.036,0.0033210855530159894,0.0021536181371279487,0.0009126862151614311,16.74885589912454,16.791243289029843,-0.43093710922777706,0.330459029175327,22.84819793701172,-33.85791778564453,1.250461850483344e-06
1.0,0.06386702986569211,0.24754231461240792,0.13227336451614943,0.08815187315328706,160.0,5.0,0.036,0.0033210855530159894,0.0021536181371279487,0.0009126862151614311,16.74885589912454,16.791243289029843,-0.43093710922777706,0.330459029175327,22.84819793701172,-33.85791778564453,1.250461850483344e-06
1.0,0.06386702986569211,0.24754231461240792,0.13227336451614943,0.08815187315328706,160.0,5.0,0.036,0.0033210855530159894,0.0021536181371279487,0.0009126862151614311,16.74885589912454,16.791243289029843,-0.43093710922777706,0.330459029175327,22.84819793701172,-33.85791778564453,1.250461850483344e-06
1.0,0.06386702986569211,0.24754231461240792,0.13227336451614943,0.08815187315328706,160.0,5.0,0.036,0.0033210855530159894,0.0021536181371279487,0.0009126862151614311,16.74885589912454,16.791243289029843,-0.43093710922777706,0.330459029175327,22.84819793701172,-33.85791778564453,1.250461850483344e-06
1.0,0.05,0.27897478350000005,0.003151900499999971,0.0875000028,160.0,6.0,0.036,0.0026,0.0024270806164500003,2.17481134499998e-05,16.625000532,16.6660493607299,0.27804801584490335,-0.22315964994419218,12.842575073242188,-28.85283088684082,9.806907968812893e-06
1.0,0.03642100673344288,0.3973647467605081,0.0,0.08636841999157625,170.0,6.0,0.036,0.0018938923501390299,0.00345707329681642,0.0,16.40999979839949,16.451350764046445,1.0786341532834909,-0.791927888439624,-3.4187726974487305,-12.346386909484863,1.2763579850166716e-09
1.0,0.03411782960928125,0.3978782620247758,0.14838341640555014,0.08617648855842097,140.0,6.0,0.036,0.001774127139682625,0.003461540879615549,0.001023845573198296,16.373532826099986,16.415792339692484,-0.2949287163826087,0.8400412456916723,-27.94759178161621,17.224918365478516,3.407250717060054e-07
1.0,0.03333333333333333,0.3542787466666667,0.029972422333333304,0.08611111386666667,160.0,6.0,0.036,0.0017333333333333333,0.003082225096,0.0002068097140999998,16.361111634666667,16.4021340028101,0.4917425776112553,-0.4283362389046056,18.489572525024414,2.35058856010437,1.0025890562743766e-05
1.0,0.02,0.2449559682,0.06822447479999996,0.08500000272,160.0,4.963005,0.036,0.00104,0.00213111692334,0.00047074887611999974,16.1500005168,16.18964238259946,-0.24175837571239828,-0.8779591386047144,27.203672409057617,2.468456983566284,1.1957773417940918e-06
1.0,0.02,0.2449559682,0.06822447479999996,0.08500000272,160.0,4.963005,0.036,0.00104,0.00213111692334,0.00047074887611999974,16.1500005168,16.18964238259946,-0.24175837571239828,-0.8779591386047144,27.203672409057617,2.468456983566284,1.1957773417940918e-06
1.0,0.02,0.2449559682,0.06822447479999996,0.08500000272,160.0,4.963005,0.036,0.00104,0.00213111692334,0.00047074887611999974,16.1500005168,16.18964238259946,-0.24175837571239828,-0.8779591386047144,27.203672409057617,2.468456983566284,1.1957773417940918e-06
1.0,0.02,0.2449559682,0.06822447479999996,0.08500000272,160.0,4.963005,0.036,0.00104,0.00213111692334,0.00047074887611999974,16.1500005168,16.18964238259946,-0.24175837571239828,-0.8779591386047144,27.203672409057617,2.468456983566284,1.1957773417940918e-06
1.0,0.02,0.2449559682,0.06822447479999996,0.08500000272,160.0,4.963005,0.036,0.00104,0.00213111692334,0.00047074887611999974,16.1500005168,16.18964238259946,-0.24175837571239828,-0.8779591386047144,27.203672409057617,2.468456983566284,1.1957773417940918e-06
1.0,0.06622263945428307,0.22422314519143113,0.20226591059028212,0.0847802197733554,160.0,3.0,0.036,0.0034435772516227194,0.0019507413631654508,0.0013956347830729465,16.108241756937524,16.151031710335385,-0.8807239456614536,0.49504044006895503,28.026987075805664,-35.970855712890625,3.0873416741781945e-07
1.0,0.06622263945428307,0.22422314519143113,0.20226591059028212,0.0847802197733554,160.0,3.0,0.036,0.0034435772516227194,0.0019507413631654508,0.0013956347830729465,16.108241756937524,16.151031710335385,-0.8807239456614536,0.49504044006895503,28.026987075805664,-35.970855712890625,3.0873416741781945e-07
1.0,0.06622263945428307,0.22422314519143113,0.20226591059028212,0.0847802197733554,160.0,3.0,0.036,0.0034435772516227194,0.0019507413631654508,0.0013956347830729465,16.108241756937524,16.151031710335385,-0.8807239456614536,0.49504044006895503,28.026987075805664,-35.970855712890625,3.0873416741781945e-07
1.0,0.06622263945428307,0.22422314519143113,0.20226591059028212,0.0847802197733554,160.0,3.0,0.036,0.0034435772516227194,0.0019507413631654508,0.0013956347830729465,16.108241756937524,16.151031710335385,-0.8807239456614536,0.49504044006895503,28.026987075805664,-35.970855712890625,3.0873416741781945e-07
1.0,0.06622263945428307,0.22422314519143113,0.20226591059028212,0.0847802197733554,160.0,3.0,0.036,0.0034435772516227194,0.0019507413631654508,0.0013956347830729465,16.108241756937524,16.151031710335385,-0.8807239456614536,0.49504044006895503,28.026987075805664,-35.970855712890625,3.0873416741781945e-07
1.0,0.06622263945428307,0.22422314519143113,0.20226591059028212,0.0847802197733554,160.0,3.0,0.036,0.0034435772516227194,0.0019507413631654508,0.0013956347830729465,16.108241756937524,16.151031710335385,-0.8807239456614536,0.49504044006895503,28.026987075805664,-35.970855712890625,3.0873416741781945e-07
1.0,0.06622263945428307,0.22422314519143113,0.20226591059028212,0.0847802197733554,160.0,3.0,0.036,0.0034435772516227194,0.0019507413631654508,0.0013956347830729465,16.108241756937524,16.151031710335385,-0.8807239456614536,0.49504044006895503,28.026987075805664,-35.970855712890625,3.0873416741781945e-07
1.0,0.02,0.25502465339999997,0.24208091460000009,0.0834787278,140.0,6.0,0.036,0.00104,0.0022187144845799995,0.0016703583107400006,15.860958282,15.90188735479532,-1.4593009550989673,0.4211590961392373,-28.510347366333008,48.02259826660156,3.12958719486603e-07
1.0,0.02,0.25502465339999997,0.24208091460000009,0.0834787278,140.0,6.0,0.036,0.00104,0.0022187144845799995,0.0016703583107400006,15.860958282,15.90188735479532,-1.4593009550989673,0.4211590961392373,-28.510347366333008,48.02259826660156,3.12958719486603e-07
1.0,0.03000000120000005,0.1640031818910717,0.09349681840892834,0.08241315937601533,160.0,4.0,0.036,0.0015600000624000025,0.0014268276824523235,0.0006451280470216056,15.658500281442914,15.698132237234788,-0.7578693682134855,-0.7347699351706659,32.4774055480957,1.4374446868896484,1.3278523897015273e-06
1.0,0.03000000120000005,0.1640031818910717,0.09349681840892834,0.08241315937601533,160.0,4.0,0.036,0.0015600000624000025,0.0014268276824523235,0.0006451280470216056,15.658500281442914,15.698132237234788,-0.7578693682134855,-0.7347699351706659,32.4774055480957,1.4374446868896484,1.3278523897015273e-06
1.0,0.03000000120000005,0.1640031818910717,0.09349681840892834,0.08241315937601533,160.0,4.0,0.036,0.0015600000624000025,0.0014268276824523235,0.0006451280470216056,15.658500281442914,15.698132237234788,-0.7578693682134855,-0.7347699351706659,32.4774055480957,1.4374446868896484,1.3278523897015273e-06
1.0,0.03000000120000005,0.1640031818910717,0.09349681840892834,0.08241315937601533,160.0,4.0,0.036,0.0015600000624000025,0.0014268276824523235,0.0006451280470216056,15.658500281442914,15.698132237234788,-0.7578693682134855,-0.7347699351706659,32.4774055480957,1.4374446868896484,1.3278523897015273e-06
1.0,0.03000000120000005,0.1640031818910717,0.09349681840892834,0.08241315937601533,160.0,4.0,0.036,0.0015600000624000025,0.0014268276824523235,0.0006451280470216056,15.658500281442914,15.698132237234788,-0.7578693682134855,-0.7347699351706659,32.4774055480957,1.4374446868896484,1.3278523897015273e-06
1.0,0.03000000120000005,0.1640031818910717,0.09349681840892834,0.08241315937601533,160.0,4.0,0.036,0.0015600000624000025,0.0014268276824523235,0.0006451280470216056,15.658500281442914,15.698132237234788,-0.7578693682134855,-0.7347699351706659,32.4774055480957,1.4374446868896484,1.3278523897015273e-06
1.0,0.03000000120000005,0.1640031818910717,0.09349681840892834,0.08241315937601533,160.0,4.0,0.036,0.0015600000624000025,0.0014268276824523235,0.0006451280470216056,15.658500281442914,15.698132237234788,-0.7578693682134855,-0.7347699351706659,32.4774055480957,1.4374446868896484,1.3278523897015273e-06
1.0,0.033260034868490156,0.30860761834150163,0.20802239909274345,0.0822837248723543,160.0,4.0,0.036,0.001729521813161488,0.002684886279571064,0.0014353545537399298,15.633907725747317,15.67575748839379,-0.5616599436683499,-0.1367711421811081,41.468082427978516,-10.115659713745117,1.4156375015056575e-06
1.0,0.033260034868490156,0.30860761834150163,0.20802239909274345,0.0822837248723543,160.0,4.0,0.036,0.001729521813161488,0.002684886279571064,0.0014353545537399298,15.633907725747317,15.67575748839379,-0.5616599436683499,-0.1367711421811081,41.468082427978516,-10.115659713745117,1.4156375015056575e-06
1.0,0.033260034868490156,0.30860761834150163,0.20802239909274345,0.0822837248723543,160.0,4.0,0.036,0.001729521813161488,0.002684886279571064,0.0014353545537399298,15.633907725747317,15.67575748839379,-0.5616599436683499,-0.1367711421811081,41.468082427978516,-10.115659713745117,1.4156375015056575e-06
1.0,0.033260034868490156,0.30860761834150163,0.20802239909274345,0.0822837248723543,160.0,4.0,0.036,0.001729521813161488,0.002684886279571064,0.0014353545537399298,15.633907725747317,15.67575748839379,-0.5616599436683499,-0.1367711421811081,41.468082427978516,-10.115659713745117,1.4156375015056575e-06
1.0,0.033260034868490156,0.30860761834150163,0.20802239909274345,0.0822837248723543,160.0,4.0,0.036,0.001729521813161488,0.002684886279571064,0.0014353545537399298,15.633907725747317,15.67575748839379,-0.5616599436683499,-0.1367711421811081,41.468082427978516,-10.115659713745117,1.4156375015056575e-06
1.0,0.033260034868490156,0.30860761834150163,0.20802239909274345,0.0822837248723543,160.0,4.0,0.036,0.001729521813161488,0.002684886279571064,0.0014353545537399298,15.633907725747317,15.67575748839379,-0.5616599436683499,-0.1367711421811081,41.468082427978516,-10.115659713745117,1.4156375015056575e-06
1.0,0.033260034868490156,0.30860761834150163,0.20802239909274345,0.0822837248723543,160.0,4.0,0.036,0.001729521813161488,0.002684886279571064,0.0014353545537399298,15.633907725747317,15.67575748839379,-0.5616599436683499,-0.1367711421811081,41.468082427978516,-10.115659713745117,1.4156375015056575e-06
1.0,0.02,0.2781223086,0.2496502224,0.0816,160.0,5.9909964,0.036,0.00104,0.0024196640848199997,0.0017225865345600001,15.504000000000001,15.545182250619382,-0.9273106465586874,-0.43478590725051774,44.657623291015625,-9.755866050720215,8.976609272337772e-06
1.0,0.02,0.2781223086,0.2496502224,0.0816,160.0,5.9909964,0.036,0.00104,0.0024196640848199997,0.0017225865345600001,15.504000000000001,15.545182250619382,-0.9273106465586874,-0.43478590725051774,44.657623291015625,-9.755866050720215,8.976609272337772e-06
1.0,0.02,0.2781223086,0.2496502224,0.0816,160.0,5.9909964,0.036,0.00104,0.0024196640848199997,0.0017225865345600001,15.504000000000001,15.545182250619382,-0.9273106465586874,-0.43478590725051774,44.657623291015625,-9.755866050720215,8.976609272337772e-06
1.0,0.02,0.2781223086,0.2496502224,0.0816,160.0,5.9909964,0.036,0.00104,0.0024196640848199997,0.0017225865345600001,15.504000000000001,15.545182250619382,-0.9273106465586874,-0.43478590725051774,44.657623291015625,-9.755866050720215,8.976609272337772e-06
1.0,0.02,0.2781223086,0.2496502224,0.0816,160.0,5.9909964,0.036,0.00104,0.0024196640848199997,0.0017225865345600001,15.504000000000001,15.545182250619382,-0.9273106465586874,-0.43478590725051774,44.657623291015625,-9.755866050720215,8.976609272337772e-06
1.0,0.02,0.2781223086,0.2496502224,0.0816,160.0,5.9909964,0.036,0.00104,0.0024196640848199997,0.0017225865345600001,15.504000000000001,15.545182250619382,-0.9273106465586874,-0.43478590725051774,44.657623291015625,-9.755866050720215,8.976609272337772e-06
1.0,0.02,0.2781223086,0.2496502224,0.0816,160.0,5.9909964,0.036,0.00104,0.0024196640848199997,0.0017225865345600001,15.504000000000001,15.545182250619382,-0.9273106465586874,-0.43478590725051774,44.657623291015625,-9.755866050720215,8.976609272337772e-06
1.0,0.1,0.4535853960000001,0.14736231399999994,0.078087702,140.0,6.0,0.036,0.0052,0.0039461929452,0.0010167999665999996,14.83666338,14.882826372911799,0.006668916494053702,2.54121826636336,-48.111427307128906,-6.072485446929932,3.280244422815956e-07
1.0,0.1,0.4535853960000001,0.14736231399999994,0.078087702,140.0,6.0,0.036,0.0052,0.0039461929452,0.0010167999665999996,14.83666338,14.882826372911799,0.006668916494053702,2.54121826636336,-48.111427307128906,-6.072485446929932,3.280244422815956e-07
1.0,0.1,0.4535853960000001,0.14736231399999994,0.078087702,140.0,6.0,0.036,0.0052,0.0039461929452,0.0010167999665999996,14.83666338,14.882826372911799,0.006668916494053702,2.54121826636336,-48.111427307128906,-6.072485446929932,3.280244422815956e-07
1.0,0.04,0.528101704,0.0,0.078,160.0,6.0,0.036,0.00208,0.004594484824799999,0.0,14.82,14.862674484824801,1.4207118202758175,-0.0021591280923005003,-31.61191749572754,-25.70887565612793,8.197265693834965e-06
1.0,0.04,0.528101704,0.0,0.078,160.0,6.0,0.036,0.00208,0.004594484824799999,0.0,14.82,14.862674484824801,1.4207118202758175,-0.0021591280923005003,-31.61191749572754,-25.70887565612793,8.197265693834965e-06
1.0,0.04,0.528101704,0.0,0.078,160.0,6.0,0.036,0.00208,0.004594484824799999,0.0,14.82,14.862674484824801,1.4207118202758175,-0.0021591280923005003,-31.61191749572754,-25.70887565612793,8.197265693834965e-06
1.0,0.035454368472784284,0.24695263626312944,0.22617220608768598,0.0775988866730195,160.0,3.094213,0.036,0.0018436271605847827,0.002148487935489226,0.0015605882220050332,14.743788467873705,14.785341171191783,-0.9794312331505244,-0.16280735928570225,44.53596115112305,-7.836016654968262,3.533422117917811e-07
1.0,0.035454368472784284,0.24695263626312944,0.22617220608768598,0.0775988866730195,160.0,3.094213,0.036,0.0018436271605847827,0.002148487935489226,0.0015605882220050332,14.743788467873705,14.785341171191783,-0.9794312331505244,-0.16280735928570225,44.53596115112305,-7.836016654968262,3.533422117917811e-07
1.0,0.035454368472784284,0.24695263626312944,0.22617220608768598,0.0775988866730195,160.0,3.094213,0.036,0.0018436271605847827,0.002148487935489226,0.0015605882220050332,14.743788467873705,14.785341171191783,-0.9794312331505244,-0.16280735928570225,44.53596115112305,-7.836016654968262,3.533422117917811e-07
1.0,0.035454368472784284,0.24695263626312944,0.22617220608768598,0.0775988866730195,160.0,3.094213,0.036,0.0018436271605847827,0.002148487935489226,0.0015605882220050332,14.743788467873705,14.785341171191783,-0.9794312331505244,-0.16280735928570225,44.53596115112305,-7.836016654968262,3.533422117917811e-07
1.0,0.035454368472784284,0.24695263626312944,0.22617220608768598,0.0775988866730195,160.0,3.094213,0.036,0.0018436271605847827,0.002148487935489226,0.0015605882220050332,14.743788467873705,14.785341171191783,-0.9794312331505244,-0.16280735928570225,44.53596115112305,-7.836016654968262,3.533422117917811e-07
1.0,0.035454368472784284,0.24695263626312944,0.22617220608768598,0.0775988866730195,160.0,3.094213,0.036,0.0018436271605847827,0.002148487935489226,0.0015605882220050332,14.743788467873705,14.785341171191783,-0.9794312331505244,-0.16280735928570225,44.53596115112305,-7.836016654968262,3.533422117917811e-07
1.0,0.035454368472784284,0.24695263626312944,0.22617220608768598,0.0775988866730195,160.0,3.094213,0.036,0.0018436271605847827,0.002148487935489226,0.0015605882220050332,14.743788467873705,14.785341171191783,-0.9794312331505244,-0.16280735928570225,44.53596115112305,-7.836016654968262,3.533422117917811e-07
1.0,0.035454368472784284,0.24695263626312944,0.22617220608768598,0.0775988866730195,160.0,3.094213,0.036,0.0018436271605847827,0.002148487935489226,0.0015605882220050332,14.743788467873705,14.785341171191783,-0.9794312331505244,-0.16280735928570225,44.53596115112305,-7.836016654968262,3.533422117917811e-07
1.0,0.050374280907140044,0.2552144178060993,0.1749391642455444,0.07520210859178698,160.0,6.0,0.036,0.0026194626071712824,0.002220365434913064,0.0012070802332942562,14.288400632439528,14.330447540714907,-0.7141039622555319,0.0979717431438591,24.99545669555664,-30.514339447021484,9.640234763246038e-06
1.0,0.050374280907140044,0.2552144178060993,0.1749391642455444,0.07520210859178698,160.0,6.0,0.036,0.0026194626071712824,0.002220365434913064,0.0012070802332942562,14.288400632439528,14.330447540714907,-0.7141039622555319,0.0979717431438591,24.99545669555664,-30.514339447021484,9.640234763246038e-06
1.0,0.050374280907140044,0.2552144178060993,0.1749391642455444,0.07520210859178698,160.0,6.0,0.036,0.0026194626071712824,0.002220365434913064,0.0012070802332942562,14.288400632439528,14.330447540714907,-0.7141039622555319,0.0979717431438591,24.99545669555664,-30.514339447021484,9.640234763246038e-06
1.0,0.050374280907140044,0.2552144178060993,0.1749391642455444,0.07520210859178698,160.0,6.0,0.036,0.0026194626071712824,0.002220365434913064,0.0012070802332942562,14.288400632439528,14.330447540714907,-0.7141039622555319,0.0979717431438591,24.99545669555664,-30.514339447021484,9.640234763246038e-06
1.0,0.04,0.268608288,0.07434454560000003,0.074687912,160.0,4.0,0.036,0.00208,0.0023368921056,0.0005129773646400002,14.19070328,14.23163314947024,-0.2091370927831028,-0.3366421491842373,26.470783233642578,0.06636267900466919,1.4966341089426332e-06
1.0,0.04,0.268608288,0.07434454560000003,0.074687912,160.0,4.0,0.036,0.00208,0.0023368921056,0.0005129773646400002,14.19070328,14.23163314947024,-0.2091370927831028,-0.3366421491842373,26.470783233642578,0.06636267900466919,1.4966341089426332e-06
1.0,0.04,0.268608288,0.07434454560000003,0.074687912,160.0,4.0,0.036,0.00208,0.0023368921056,0.0005129773646400002,14.19070328,14.23163314947024,-0.2091370927831028,-0.3366421491842373,26.470783233642578,0.06636267900466919,1.4966341089426332e-06
1.0,0.04,0.268608288,0.07434454560000003,0.074687912,160.0,4.0,0.036,0.00208,0.0023368921056,0.0005129773646400002,14.19070328,14.23163314947024,-0.2091370927831028,-0.3366421491842373,26.470783233642578,0.06636267900466919,1.4966341089426332e-06
1.0,0.04,0.268608288,0.07434454560000003,0.074687912,160.0,4.0,0.036,0.00208,0.0023368921056,0.0005129773646400002,14.19070328,14.23163314947024,-0.2091370927831028,-0.3366421491842373,26.470783233642578,0.06636267900466919,1.4966341089426332e-06
1.0,0.04,0.268608288,0.07434454560000003,0.074687912,160.0,4.0,0.036,0.00208,0.0023368921056,0.0005129773646400002,14.19070328,14.23163314947024,-0.2091370927831028,-0.3366421491842373,26.470783233642578,0.06636267900466919,1.4966341089426332e-06
1.0,0.05,0.8418815685000001,0.0,0.06748474950000001,160.0,6.0,0.036,0.0026,0.00732436964595,0.0,12.822102405000003,12.868026774645953,2.8853166691168104,0.8345567771351173,-34.394447326660156,-30.645679473876953,3.036272219909e-06
1.0,0.05,0.8418815685000001,0.0,0.06748474950000001,160.0,6.0,0.036,0.0026,0.00732436964595,0.0,12.822102405000003,12.868026774645953,2.8853166691168104,0.8345567771351173,-34.394447326660156,-30.645679473876953,3.036272219909e-06
1.0,0.05,0.8418815685000001,0.0,0.06748474950000001,160.0,6.0,0.036,0.0026,0.00732436964595,0.0,12.822102405000003,12.868026774645953,2.8853166691168104,0.8345567771351173,-34.394447326660156,-30.645679473876953,3.036272219909e-06
1.0,0.05,0.8418815685000001,0.0,0.06748474950000001,160.0,6.0,0.036,0.0026,0.00732436964595,0.0,12.822102405000003,12.868026774645953,2.8853166691168104,0.8345567771351173,-34.394447326660156,-30.645679473876953,3.036272219909e-06
1.0,0.0698692494812907,0.37445423731845173,0.05349346247406456,0.06686682809258067,160.0,6.0,0.036,0.003633200973027116,0.0032577518646705298,0.00036910489107104544,12.704697337590327,12.747957395319096,0.37536300979794823,0.5377610559115467,10.591383934020996,-25.45429801940918,9.882109404939255e-06
1.0,0.0698692494812907,0.37445423731845173,0.05349346247406456,0.06686682809258067,160.0,6.0,0.036,0.003633200973027116,0.0032577518646705298,0.00036910489107104544,12.704697337590327,12.747957395319096,0.37536300979794823,0.5377610559115467,10.591383934020996,-25.45429801940918,9.882109404939255e-06
1.0,0.0698692494812907,0.37445423731845173,0.05349346247406456,0.06686682809258067,160.0,6.0,0.036,0.003633200973027116,0.0032577518646705298,0.00036910489107104544,12.704697337590327,12.747957395319096,0.37536300979794823,0.5377610559115467,10.591383934020996,-25.45429801940918,9.882109404939255e-06
1.0,0.0698692494812907,0.37445423731845173,0.05349346247406456,0.06686682809258067,160.0,6.0,0.036,0.003633200973027116,0.0032577518646705298,0.00036910489107104544,12.704697337590327,12.747957395319096,0.37536300979794823,0.5377610559115467,10.591383934020996,-25.45429801940918,9.882109404939255e-06
1.0,0.06669999887944002,0.36587313946065314,0.0701486986713094,0.06668041962795275,160.0,4.0,0.036,0.003468399941730881,0.003183096313307682,0.0004840260208320349,12.669279729311022,12.712415251586892,0.25696957011542065,0.48489903068733775,10.71445083618164,-25.4111270904541,1.5282535162580733e-06
1.0,0.06669999887944002,0.36587313946065314,0.0701486986713094,0.06668041962795275,160.0,4.0,0.036,0.003468399941730881,0.003183096313307682,0.0004840260208320349,12.669279729311022,12.712415251586892,0.25696957011542065,0.48489903068733775,10.71445083618164,-25.4111270904541,1.5282535162580733e-06
1.0,0.06669999887944002,0.36587313946065314,0.0701486986713094,0.06668041962795275,160.0,4.0,0.036,0.003468399941730881,0.003183096313307682,0.0004840260208320349,12.669279729311022,12.712415251586892,0.25696957011542065,0.48489903068733775,10.71445083618164,-25.4111270904541,1.5282535162580733e-06
1.0,0.06669999887944002,0.36587313946065314,0.0701486986713094,0.06668041962795275,160.0,4.0,0.036,0.003468399941730881,0.003183096313307682,0.0004840260208320349,12.669279729311022,12.712415251586892,0.25696957011542065,0.48489903068733775,10.71445083618164,-25.4111270904541,1.5282535162580733e-06
1.0,0.06669999887944002,0.36587313946065314,0.0701486986713094,0.06668041962795275,160.0,4.0,0.036,0.003468399941730881,0.003183096313307682,0.0004840260208320349,12.669279729311022,12.712415251586892,0.25696957011542065,0.48489903068733775,10.71445083618164,-25.4111270904541,1.5282535162580733e-06
1.0,0.1,0.248748929,0.15950892100000003,0.06644737440000001,140.0,4.0,0.036,0.0052,0.0021641156823,0.0011006115549000001,12.625001136000002,12.669465863237201,-1.1441575566345015,2.1748912789167707,-57.298397064208984,4.738413333892822,4.641424895718728e-08
1.0,0.1,0.248748929,0.15950892100000003,0.06644737440000001,140.0,4.0,0.036,0.0052,0.0021641156823,0.0011006115549000001,12.625001136000002,12.669465863237201,-1.1441575566345015,2.1748912789167707,-57.298397064208984,4.738413333892822,4.641424895718728e-08
1.0,0.1,0.248748929,0.15950892100000003,0.06644737440000001,140.0,4.0,0.036,0.0052,0.0021641156823,0.0011006115549000001,12.625001136000002,12.669465863237201,-1.1441575566345015,2.1748912789167707,-57.298397064208984,4.738413333892822,4.641424895718728e-08
1.0,0.1,0.248748929,0.15950892100000003,0.06644737440000001,140.0,4.0,0.036,0.0052,0.0021641156823,0.0011006115549000001,12.625001136000002,12.669465863237201,-1.1441575566345015,2.1748912789167707,-57.298397064208984,4.738413333892822,4.641424895718728e-08
1.0,0.1,0.248748929,0.15950892100000003,0.06644737440000001,140.0,4.0,0.036,0.0052,0.0021641156823,0.0011006115549000001,12.625001136000002,12.669465863237201,-1.1441575566345015,2.1748912789167707,-57.298397064208984,4.738413333892822,4.641424895718728e-08
1.0,0.05331018960302034,0.49631127166081496,0.0,0.06375909879427279,160.0,4.0,0.036,0.0027721298593570576,0.00431790806344909,0.0,12.11422877091183,12.157318808834635,1.1696716082576752,0.25839005730234393,-30.311920166015625,-25.363025665283203,1.370077803225762e-06
1.0,0.05331018960302034,0.49631127166081496,0.0,0.06375909879427279,160.0,4.0,0.036,0.0027721298593570576,0.00431790806344909,0.0,12.11422877091183,12.157318808834635,1.1696716082576752,0.25839005730234393,-30.311920166015625,-25.363025665283203,1.370077803225762e-06
1.0,0.05331018960302034,0.49631127166081496,0.0,0.06375909879427279,160.0,4.0,0.036,0.0027721298593570576,0.00431790806344909,0.0,12.11422877091183,12.157318808834635,1.1696716082576752,0.25839005730234393,-30.311920166015625,-25.363025665283203,1.370077803225762e-06
1.0,0.05331018960302034,0.49631127166081496,0.0,0.06375909879427279,160.0,4.0,0.036,0.0027721298593570576,0.00431790806344909,0.0,12.11422877091183,12.157318808834635,1.1696716082576752,0.25839005730234393,-30.311920166015625,-25.363025665283203,1.370077803225762e-06
1.0,0.05331018960302034,0.49631127166081496,0.0,0.06375909879427279,160.0,4.0,0.036,0.0027721298593570576,0.00431790806344909,0.0,12.11422877091183,12.157318808834635,1.1696716082576752,0.25839005730234393,-30.311920166015625,-25.363025665283203,1.370077803225762e-06
1.0,0.05331018960302034,0.49631127166081496,0.0,0.06375909879427279,160.0,4.0,0.036,0.0027721298593570576,0.00431790806344909,0.0,12.11422877091183,12.157318808834635,1.1696716082576752,0.25839005730234393,-30.311920166015625,-25.363025665283203,1.370077803225762e-06
1.0,0.02,0.38227152000000003,0.11652989999999996,0.06375,160.0,7.0,0.036,0.00104,0.003325762224,0.0008040563099999998,12.1125,12.153669818534,0.032473324043588686,-0.5301676155672692,20.512239456176758,-0.571299135684967,4.806876758298623e-06
1.0,0.02,0.38227152000000003,0.11652989999999996,0.06375,160.0,7.0,0.036,0.00104,0.003325762224,0.0008040563099999998,12.1125,12.153669818534,0.032473324043588686,-0.5301676155672692,20.512239456176758,-0.571299135684967,4.806876758298623e-06
1.0,0.02859564826849346,0.5570286702907,0.0,0.061037297778424676,140.0,6.0,0.036,0.00148697370996166,0.0048461494315290895,0.0,11.597086577900688,11.63941970104218,0.9374147362104481,0.6819636479581033,-37.6608772277832,-12.490145683288574,2.635669217527061e-07
1.0,0.02859564826849346,0.5570286702907,0.0,0.061037297778424676,140.0,6.0,0.036,0.00148697370996166,0.0048461494315290895,0.0,11.597086577900688,11.63941970104218,0.9374147362104481,0.6819636479581033,-37.6608772277832,-12.490145683288574,2.635669217527061e-07
1.0,0.02859564826849346,0.5570286702907,0.0,0.061037297778424676,140.0,6.0,0.036,0.00148697370996166,0.0048461494315290895,0.0,11.597086577900688,11.63941970104218,0.9374147362104481,0.6819636479581033,-37.6608772277832,-12.490145683288574,2.635669217527061e-07
1.0,0.02859564826849346,0.5570286702907,0.0,0.061037297778424676,140.0,6.0,0.036,0.00148697370996166,0.0048461494315290895,0.0,11.597086577900688,11.63941970104218,0.9374147362104481,0.6819636479581033,-37.6608772277832,-12.490145683288574,2.635669217527061e-07
1.0,0.02859564826849346,0.5570286702907,0.0,0.061037297778424676,140.0,6.0,0.036,0.00148697370996166,0.0048461494315290895,0.0,11.597086577900688,11.63941970104218,0.9374147362104481,0.6819636479581033,-37.6608772277832,-12.490145683288574,2.635669217527061e-07
1.0,0.02859564826849346,0.5570286702907,0.0,0.061037297778424676,140.0,6.0,0.036,0.00148697370996166,0.0048461494315290895,0.0,11.597086577900688,11.63941970104218,0.9374147362104481,0.6819636479581033,-37.6608772277832,-12.490145683288574,2.635669217527061e-07
1.0,0.03763583572876019,0.27816378047957807,0.041321304950100335,0.06092273668876693,160.0,8.0,0.036,0.00195706345789553,0.002420024890172329,0.0002851170041556923,11.575319970865717,11.61598217621794,-0.1403731531078297,-0.4639059576362558,26.580354690551758,4.309674263000488,1.8432489915278646e-05
1.0,0.05,0.20588090250000002,0.21411909750000002,0.06067755750000001,160.0,6.0,0.036,0.0026,0.00179116385175,0.00147742177275,11.528735925000001,11.5706045106245,-1.2536093580192231,0.0699112640252643,51.03546905517578,-1.5516177415847778,8.82399522378261e-06
1.0,0.05,0.20588090250000002,0.21411909750000002,0.06067755750000001,160.0,6.0,0.036,0.0026,0.00179116385175,0.00147742177275,11.528735925000001,11.5706045106245,-1.2536093580192231,0.0699112640252643,51.03546905517578,-1.5516177415847778,8.82399522378261e-06
1.0,0.05,0.20588090250000002,0.21411909750000002,0.06067755750000001,160.0,6.0,0.036,0.0026,0.00179116385175,0.00147742177275,11.528735925000001,11.5706045106245,-1.2536093580192231,0.0699112640252643,51.03546905517578,-1.5516177415847778,8.82399522378261e-06
1.0,0.05,0.20588090250000002,0.21411909750000002,0.06067755750000001,160.0,6.0,0.036,0.0026,0.00179116385175,0.00147742177275,11.528735925000001,11.5706045106245,-1.2536093580192231,0.0699112640252643,51.03546905517578,-1.5516177415847778,8.82399522378261e-06
1.0,0.05,0.20588090250000002,0.21411909750000002,0.06067755750000001,160.0,6.0,0.036,0.0026,0.00179116385175,0.00147742177275,11.528735925000001,11.5706045106245,-1.2536093580192231,0.0699112640252643,51.03546905517578,-1.5516177415847778,8.82399522378261e-06
1.0,0.05,0.20588090250000002,0.21411909750000002,0.06067755750000001,160.0,6.0,0.036,0.0026,0.00179116385175,0.00147742177275,11.528735925000001,11.5706045106245,-1.2536093580192231,0.0699112640252643,51.03546905517578,-1.5516177415847778,8.82399522378261e-06
1.0,0.02,0.2003555706,0.24870320340000004,0.059569984920000006,170.0,8.0,0.036,0.00104,0.00174309346422,0.0017160521034600004,11.318297134800002,11.358796280367681,-1.2576311898378547,-1.060031244710259,51.05250930786133,7.338661193847656,8.677818765349871e-10
1.0,0.03333333333333333,0.271766522,0.14156681133333338,0.05931077686666667,160.0,10.0,0.036,0.0017333333333333333,0.0023643687414,0.0009768109982000004,11.269047604666667,11.310122117739601,-0.6474220987486248,-0.37452380752602127,47.48088073730469,2.615656852722168,6.69170621250917e-06
1.0,0.021773279931025732,0.2043506812881462,0.15669548204414718,0.05799449445396927,160.0,6.0,0.036,0.001132210556413338,0.001777850927206872,0.0010811988261046155,11.018953946254161,11.058945206563886,-1.0636726103839553,-0.7421633641072128,48.54447937011719,1.106906533241272,9.183147179102803e-06
1.0,0.021773279931025732,0.2043506812881462,0.15669548204414718,0.05799449445396927,160.0,6.0,0.036,0.001132210556413338,0.001777850927206872,0.0010811988261046155,11.018953946254161,11.058945206563886,-1.0636726103839553,-0.7421633641072128,48.54447937011719,1.106906533241272,9.183147179102803e-06
1.0,0.021773279931025732,0.2043506812881462,0.15669548204414718,0.05799449445396927,160.0,6.0,0.036,0.001132210556413338,0.001777850927206872,0.0010811988261046155,11.018953946254161,11.058945206563886,-1.0636726103839553,-0.7421633641072128,48.54447937011719,1.106906533241272,9.183147179102803e-06
1.0,0.021773279931025732,0.2043506812881462,0.15669548204414718,0.05799449445396927,160.0,6.0,0.036,0.001132210556413338,0.001777850927206872,0.0010811988261046155,11.018953946254161,11.058945206563886,-1.0636726103839553,-0.7421633641072128,48.54447937011719,1.106906533241272,9.183147179102803e-06
1.0,0.021773279931025732,0.2043506812881462,0.15669548204414718,0.05799449445396927,160.0,6.0,0.036,0.001132210556413338,0.001777850927206872,0.0010811988261046155,11.018953946254161,11.058945206563886,-1.0636726103839553,-0.7421633641072128,48.54447937011719,1.106906533241272,9.183147179102803e-06
1.0,0.021773279931025732,0.2043506812881462,0.15669548204414718,0.05799449445396927,160.0,6.0,0.036,0.001132210556413338,0.001777850927206872,0.0010811988261046155,11.018953946254161,11.058945206563886,-1.0636726103839553,-0.7421633641072128,48.54447937011719,1.106906533241272,9.183147179102803e-06
1.0,0.10955007128423137,0.2102030183087178,0.3704018436953628,0.05547750356421158,140.0,4.0,0.036,0.005696603706780031,0.0018287662592858446,0.0025557727214980033,10.5407256772002,10.586806819887764,-2.3612792928585478,2.7743676680555347,-61.43037796020508,14.799439430236816,3.517415826209294e-08
1.0,0.10955007128423137,0.2102030183087178,0.3704018436953628,0.05547750356421158,140.0,4.0,0.036,0.005696603706780031,0.0018287662592858446,0.0025557727214980033,10.5407256772002,10.586806819887764,-2.3612792928585478,2.7743676680555347,-61.43037796020508,14.799439430236816,3.517415826209294e-08
1.0,0.10955007128423137,0.2102030183087178,0.3704018436953628,0.05547750356421158,140.0,4.0,0.036,0.005696603706780031,0.0018287662592858446,0.0025557727214980033,10.5407256772002,10.586806819887764,-2.3612792928585478,2.7743676680555347,-61.43037796020508,14.799439430236816,3.517415826209294e-08
1.0,0.10955007128423137,0.2102030183087178,0.3704018436953628,0.05547750356421158,140.0,4.0,0.036,0.005696603706780031,0.0018287662592858446,0.0025557727214980033,10.5407256772002,10.586806819887764,-2.3612792928585478,2.7743676680555347,-61.43037796020508,14.799439430236816,3.517415826209294e-08
1.0,0.10955007128423137,0.2102030183087178,0.3704018436953628,0.05547750356421158,140.0,4.0,0.036,0.005696603706780031,0.0018287662592858446,0.0025557727214980033,10.5407256772002,10.586806819887764,-2.3612792928585478,2.7743676680555347,-61.43037796020508,14.799439430236816,3.517415826209294e-08
1.0,0.10955007128423137,0.2102030183087178,0.3704018436953628,0.05547750356421158,140.0,4.0,0.036,0.005696603706780031,0.0018287662592858446,0.0025557727214980033,10.5407256772002,10.586806819887764,-2.3612792928585478,2.7743676680555347,-61.43037796020508,14.799439430236816,3.517415826209294e-08
1.0,0.03333333333333333,0.26495727900000005,0.16205281,0.054720735,160.0,8.0,0.036,0.0017333333333333333,0.0023051283273,0.001118164389,10.39693965,10.438096276049633,-0.8065787798412478,-0.34120828333601777,47.42377471923828,2.175786256790161,1.8221554938670727e-05
1.0,0.06779375134146885,0.20666975074626412,0.27043592697281105,0.05338968756707344,160.0,7.259507,0.036,0.0035252750697563804,0.0017980268314924978,0.0018660078961123961,10.144040637743954,10.187229947541315,-1.5423499897527426,0.6159474076197792,35.041080474853516,-37.42988204956055,5.41465497226973e-06
1.0,0.06779375134146885,0.20666975074626412,0.27043592697281105,0.05338968756707344,160.0,7.259507,0.036,0.0035252750697563804,0.0017980268314924978,0.0018660078961123961,10.144040637743954,10.187229947541315,-1.5423499897527426,0.6159474076197792,35.041080474853516,-37.42988204956055,5.41465497226973e-06
1.0,0.06779375134146885,0.20666975074626412,0.27043592697281105,0.05338968756707344,160.0,7.259507,0.036,0.0035252750697563804,0.0017980268314924978,0.0018660078961123961,10.144040637743954,10.187229947541315,-1.5423499897527426,0.6159474076197792,35.041080474853516,-37.42988204956055,5.41465497226973e-06
1.0,0.06669999887944002,0.13544452036671661,0.21497138942017424,0.053334999943972006,140.0,3.134019,0.036,0.003468399941730881,0.0011783673271904345,0.0014833025869992022,10.133649989354682,10.175780059210602,-2.102396750175736,1.2619713208198309,-45.41372299194336,21.44689178466797,1.6248512949102537e-08
1.0,0.06669999887944002,0.13544452036671661,0.21497138942017424,0.053334999943972006,140.0,3.134019,0.036,0.003468399941730881,0.0011783673271904345,0.0014833025869992022,10.133649989354682,10.175780059210602,-2.102396750175736,1.2619713208198309,-45.41372299194336,21.44689178466797,1.6248512949102537e-08
1.0,0.06669999887944002,0.13544452036671661,0.21497138942017424,0.053334999943972006,140.0,3.134019,0.036,0.003468399941730881,0.0011783673271904345,0.0014833025869992022,10.133649989354682,10.175780059210602,-2.102396750175736,1.2619713208198309,-45.41372299194336,21.44689178466797,1.6248512949102537e-08
1.0,0.06669999887944002,0.13544452036671661,0.21497138942017424,0.053334999943972006,140.0,3.134019,0.036,0.003468399941730881,0.0011783673271904345,0.0014833025869992022,10.133649989354682,10.175780059210602,-2.102396750175736,1.2619713208198309,-45.41372299194336,21.44689178466797,1.6248512949102537e-08
1.0,0.06669999887944002,0.13544452036671661,0.21497138942017424,0.053334999943972006,140.0,3.134019,0.036,0.003468399941730881,0.0011783673271904345,0.0014833025869992022,10.133649989354682,10.175780059210602,-2.102396750175736,1.2619713208198309,-45.41372299194336,21.44689178466797,1.6248512949102537e-08
1.0,0.06669999887944002,0.13544452036671661,0.21497138942017424,0.053334999943972006,140.0,3.134019,0.036,0.003468399941730881,0.0011783673271904345,0.0014833025869992022,10.133649989354682,10.175780059210602,-2.102396750175736,1.2619713208198309,-45.41372299194336,21.44689178466797,1.6248512949102537e-08
1.0,0.06669999887944002,0.13544452036671661,0.21497138942017424,0.053334999943972006,140.0,3.134019,0.036,0.003468399941730881,0.0011783673271904345,0.0014833025869992022,10.133649989354682,10.175780059210602,-2.102396750175736,1.2619713208198309,-45.41372299194336,21.44689178466797,1.6248512949102537e-08
1.0,0.05,0.35886812850000005,0.16613187149999997,0.052381486500000005,160.0,6.0,0.036,0.0026,0.0031221527179500002,0.0011463099133499999,9.952482435,9.995350897631301,-0.35635354423220633,0.25599290552287546,28.247621536254883,-8.090503692626953,9.629494012979943e-06
1.0,0.05,0.35886812850000005,0.16613187149999997,0.052381486500000005,160.0,6.0,0.036,0.0026,0.0031221527179500002,0.0011463099133499999,9.952482435,9.995350897631301,-0.35635354423220633,0.25599290552287546,28.247621536254883,-8.090503692626953,9.629494012979943e-06
1.0,0.05,0.35886812850000005,0.16613187149999997,0.052381486500000005,160.0,6.0,0.036,0.0026,0.0031221527179500002,0.0011463099133499999,9.952482435,9.995350897631301,-0.35635354423220633,0.25599290552287546,28.247621536254883,-8.090503692626953,9.629494012979943e-06
1.0,0.05,0.35886812850000005,0.16613187149999997,0.052381486500000005,160.0,6.0,0.036,0.0026,0.0031221527179500002,0.0011463099133499999,9.952482435,9.995350897631301,-0.35635354423220633,0.25599290552287546,28.247621536254883,-8.090503692626953,9.629494012979943e-06
1.0,0.05,0.35886812850000005,0.16613187149999997,0.052381486500000005,160.0,6.0,0.036,0.0026,0.0031221527179500002,0.0011463099133499999,9.952482435,9.995350897631301,-0.35635354423220633,0.25599290552287546,28.247621536254883,-8.090503692626953,9.629494012979943e-06
1.0,0.05,0.35886812850000005,0.16613187149999997,0.052381486500000005,160.0,6.0,0.036,0.0026,0.0031221527179500002,0.0011463099133499999,9.952482435,9.995350897631301,-0.35635354423220633,0.25599290552287546,28.247621536254883,-8.090503692626953,9.629494012979943e-06
1.0,0.04384130115370138,0.19783074493946962,0.3746988809777364,0.05219206505768507,160.0,10.0,0.036,0.0022797476599924716,0.0017211274809733855,0.002585422278746381,9.916492360960163,9.959078658379875,-2.1049227806621786,0.22982071081931638,55.4480094909668,-10.433115005493164,4.789041173827091e-06
1.0,0.12544859476623946,0.21360246772721594,0.395537580601253,0.05192819028437412,140.0,4.9834657,0.036,0.006523326927844452,0.0018583414692267786,0.0027292093061486457,9.866356154031083,9.913467031734303,-2.467653786009092,3.215997137574522,-61.99077224731445,14.914956092834473,1.6528606148352585e-08
1.0,0.12544859476623946,0.21360246772721594,0.395537580601253,0.05192819028437412,140.0,4.9834657,0.036,0.006523326927844452,0.0018583414692267786,0.0027292093061486457,9.866356154031083,9.913467031734303,-2.467653786009092,3.215997137574522,-61.99077224731445,14.914956092834473,1.6528606148352585e-08
1.0,0.12544859476623946,0.21360246772721594,0.395537580601253,0.05192819028437412,140.0,4.9834657,0.036,0.006523326927844452,0.0018583414692267786,0.0027292093061486457,9.866356154031083,9.913467031734303,-2.467653786009092,3.215997137574522,-61.99077224731445,14.914956092834473,1.6528606148352585e-08
1.0,0.12544859476623946,0.21360246772721594,0.395537580601253,0.05192819028437412,140.0,4.9834657,0.036,0.006523326927844452,0.0018583414692267786,0.0027292093061486457,9.866356154031083,9.913467031734303,-2.467653786009092,3.215997137574522,-61.99077224731445,14.914956092834473,1.6528606148352585e-08
1.0,0.12544859476623946,0.21360246772721594,0.395537580601253,0.05192819028437412,140.0,4.9834657,0.036,0.006523326927844452,0.0018583414692267786,0.0027292093061486457,9.866356154031083,9.913467031734303,-2.467653786009092,3.215997137574522,-61.99077224731445,14.914956092834473,1.6528606148352585e-08
1.0,0.12544859476623946,0.21360246772721594,0.395537580601253,0.05192819028437412,140.0,4.9834657,0.036,0.006523326927844452,0.0018583414692267786,0.0027292093061486457,9.866356154031083,9.913467031734303,-2.467653786009092,3.215997137574522,-61.99077224731445,14.914956092834473,1.6528606148352585e-08
1.0,0.03333333333333333,0.20652848933333337,0.21480119066666667,0.05166666666666667,140.0,4.0,0.036,0.0017333333333333333,0.0017967978572000002,0.0014821282156,9.816666666666668,9.857678926072802,-1.8151939318569965,0.5831811179978194,-10.8378324508667,42.765384674072266,4.244053455899802e-08
1.0,0.03333333333333333,0.20652848933333337,0.21480119066666667,0.05166666666666667,140.0,4.0,0.036,0.0017333333333333333,0.0017967978572000002,0.0014821282156,9.816666666666668,9.857678926072802,-1.8151939318569965,0.5831811179978194,-10.8378324508667,42.765384674072266,4.244053455899802e-08
1.0,0.03333333333333333,0.20652848933333337,0.21480119066666667,0.05166666666666667,140.0,4.0,0.036,0.0017333333333333333,0.0017967978572000002,0.0014821282156,9.816666666666668,9.857678926072802,-1.8151939318569965,0.5831811179978194,-10.8378324508667,42.765384674072266,4.244053455899802e-08
1.0,0.03333333333333333,0.20652848933333337,0.21480119066666667,0.05166666666666667,140.0,4.0,0.036,0.0017333333333333333,0.0017967978572000002,0.0014821282156,9.816666666666668,9.857678926072802,-1.8151939318569965,0.5831811179978194,-10.8378324508667,42.765384674072266,4.244053455899802e-08
1.0,0.03333333333333333,0.20652848933333337,0.21480119066666667,0.05166666666666667,140.0,4.0,0.036,0.0017333333333333333,0.0017967978572000002,0.0014821282156,9.816666666666668,9.857678926072802,-1.8151939318569965,0.5831811179978194,-10.8378324508667,42.765384674072266,4.244053455899802e-08
1.0,0.03333333333333333,0.20652848933333337,0.21480119066666667,0.05166666666666667,140.0,4.0,0.036,0.0017333333333333333,0.0017967978572000002,0.0014821282156,9.816666666666668,9.857678926072802,-1.8151939318569965,0.5831811179978194,-10.8378324508667,42.765384674072266,4.244053455899802e-08
1.0,0.03333333333333333,0.142321496,0.2531960856666667,0.05166666666666667,160.0,8.0,0.036,0.0017333333333333333,0.0012381970151999998,0.0017470529911,9.816666666666668,9.8573852500063,-1.8437739334332282,-0.383945088882949,49.94526672363281,-2.961453914642334,1.485581884167296e-05
1.0,0.025,0.40748849374999996,0.0,0.051643279175,160.0,8.0,0.036,0.0013,0.0035451498956249996,0.0,9.81222304325,9.853068193145626,0.5852168652285253,-0.6165323432973357,-5.398058891296387,-13.2090425491333,1.7177370772380112e-05
1.0,0.025,0.24885916574999997,0.25145273349999997,0.05125,160.0,5.329302,0.036,0.0013,0.0021650747420249995,0.0017350238611499999,9.737499999999999,9.778700098603174,-1.3224632375972023,-0.3797635502682072,47.45466232299805,-3.0514214038848877,2.2014254337076092e-06
1.0,0.025,0.24885916574999997,0.25145273349999997,0.05125,160.0,5.329302,0.036,0.0013,0.0021650747420249995,0.0017350238611499999,9.737499999999999,9.778700098603174,-1.3224632375972023,-0.3797635502682072,47.45466232299805,-3.0514214038848877,2.2014254337076092e-06
1.0,0.025,0.24885916574999997,0.25145273349999997,0.05125,160.0,5.329302,0.036,0.0013,0.0021650747420249995,0.0017350238611499999,9.737499999999999,9.778700098603174,-1.3224632375972023,-0.3797635502682072,47.45466232299805,-3.0514214038848877,2.2014254337076092e-06
1.0,0.025,0.24885916574999997,0.25145273349999997,0.05125,160.0,5.329302,0.036,0.0013,0.0021650747420249995,0.0017350238611499999,9.737499999999999,9.778700098603174,-1.3224632375972023,-0.3797635502682072,47.45466232299805,-3.0514214038848877,2.2014254337076092e-06
1.0,0.025,0.24885916574999997,0.25145273349999997,0.05125,160.0,5.329302,0.036,0.0013,0.0021650747420249995,0.0017350238611499999,9.737499999999999,9.778700098603174,-1.3224632375972023,-0.3797635502682072,47.45466232299805,-3.0514214038848877,2.2014254337076092e-06
1.0,0.025,0.24885916574999997,0.25145273349999997,0.05125,160.0,5.329302,0.036,0.0013,0.0021650747420249995,0.0017350238611499999,9.737499999999999,9.778700098603174,-1.3224632375972023,-0.3797635502682072,47.45466232299805,-3.0514214038848877,2.2014254337076092e-06
1.0,0.02,0.23438089380000002,0.12327397679999999,0.051000000000000004,160.0,10.0,0.036,0.00104,0.00203911377606,0.0008505904399199999,9.690000000000001,9.729929704215982,-0.8357065713891926,-0.8131895265541138,48.292118072509766,2.4178247451782227,6.541840474667903e-06
1.0,0.02,0.25305231,0.098491302,0.051000000000000004,160.0,6.0,0.036,0.00104,0.002201555097,0.0006795899838,9.690000000000001,9.729921145080802,-0.6232141946261208,-0.8193066280918947,48.107330322265625,3.131087064743042,9.66416619440803e-06
1.0,0.02,0.25305231,0.098491302,0.051000000000000004,160.0,6.0,0.036,0.00104,0.002201555097,0.0006795899838,9.690000000000001,9.729921145080802,-0.6232141946261208,-0.8193066280918947,48.107330322265625,3.131087064743042,9.66416619440803e-06
1.0,0.02,0.25305231,0.098491302,0.051000000000000004,160.0,6.0,0.036,0.00104,0.002201555097,0.0006795899838,9.690000000000001,9.729921145080802,-0.6232141946261208,-0.8193066280918947,48.107330322265625,3.131087064743042,9.66416619440803e-06
1.0,0.02,0.25305231,0.098491302,0.051000000000000004,160.0,6.0,0.036,0.00104,0.002201555097,0.0006795899838,9.690000000000001,9.729921145080802,-0.6232141946261208,-0.8193066280918947,48.107330322265625,3.131087064743042,9.66416619440803e-06
1.0,0.02,0.25305231,0.098491302,0.051000000000000004,160.0,6.0,0.036,0.00104,0.002201555097,0.0006795899838,9.690000000000001,9.729921145080802,-0.6232141946261208,-0.8193066280918947,48.107330322265625,3.131087064743042,9.66416619440803e-06
1.0,0.02,0.25305231,0.098491302,0.051000000000000004,160.0,6.0,0.036,0.00104,0.002201555097,0.0006795899838,9.690000000000001,9.729921145080802,-0.6232141946261208,-0.8193066280918947,48.107330322265625,3.131087064743042,9.66416619440803e-06
1.0,0.04,0.1779848824,0.19443877440000001,0.0484090048,160.0,7.670785,0.036,0.00208,0.0015484684768799998,0.00134162754336,9.197710912,9.23868100802024,-1.42126639805278,-0.2791499405217024,50.197975158691406,-1.046724557876587,1.268957179193532e-05
1.0,0.04,0.1779848824,0.19443877440000001,0.0484090048,160.0,7.670785,0.036,0.00208,0.0015484684768799998,0.00134162754336,9.197710912,9.23868100802024,-1.42126639805278,-0.2791499405217024,50.197975158691406,-1.046724557876587,1.268957179193532e-05
1.0,0.04,0.1779848824,0.19443877440000001,0.0484090048,160.0,7.670785,0.036,0.00208,0.0015484684768799998,0.00134162754336,9.197710912,9.23868100802024,-1.42126639805278,-0.2791499405217024,50.197975158691406,-1.046724557876587,1.268957179193532e-05
1.0,0.024883631696371915,0.20054294651368373,0.3255580469312809,0.0473359825832345,140.0,5.954674,0.036,0.0012939488482113396,0.0017447236346690483,0.002246350523825838,8.993836690814556,9.035121713821262,-2.395795630147816,0.593492969725674,-23.561054229736328,48.84832763671875,2.527138828173523e-07
1.0,0.024883631696371915,0.20054294651368373,0.3255580469312809,0.0473359825832345,140.0,5.954674,0.036,0.0012939488482113396,0.0017447236346690483,0.002246350523825838,8.993836690814556,9.035121713821262,-2.395795630147816,0.593492969725674,-23.561054229736328,48.84832763671875,2.527138828173523e-07
1.0,0.024883631696371915,0.20054294651368373,0.3255580469312809,0.0473359825832345,140.0,5.954674,0.036,0.0012939488482113396,0.0017447236346690483,0.002246350523825838,8.993836690814556,9.035121713821262,-2.395795630147816,0.593492969725674,-23.561054229736328,48.84832763671875,2.527138828173523e-07
1.0,0.024883631696371915,0.20054294651368373,0.3255580469312809,0.0473359825832345,140.0,5.954674,0.036,0.0012939488482113396,0.0017447236346690483,0.002246350523825838,8.993836690814556,9.035121713821262,-2.395795630147816,0.593492969725674,-23.561054229736328,48.84832763671875,2.527138828173523e-07
1.0,0.024883631696371915,0.20054294651368373,0.3255580469312809,0.0473359825832345,140.0,5.954674,0.036,0.0012939488482113396,0.0017447236346690483,0.002246350523825838,8.993836690814556,9.035121713821262,-2.395795630147816,0.593492969725674,-23.561054229736328,48.84832763671875,2.527138828173523e-07
1.0,0.024883631696371915,0.20054294651368373,0.3255580469312809,0.0473359825832345,140.0,5.954674,0.036,0.0012939488482113396,0.0017447236346690483,0.002246350523825838,8.993836690814556,9.035121713821262,-2.395795630147816,0.593492969725674,-23.561054229736328,48.84832763671875,2.527138828173523e-07
1.0,0.06600000066,0.201191392864565,0.10912856272756555,0.046851949381007764,160.0,10.0,0.036,0.00343200003432,0.0017503651179217154,0.0007529870828202023,8.901870382391476,8.943805734626537,-0.9054956952303128,0.20926633313140172,26.413490295410156,-29.18333625793457,6.366223882627745e-06
1.0,0.02,0.1604435826,0.22010087339999998,0.04666371888,160.0,8.0,0.036,0.00104,0.0013958591686199999,0.00151869602646,8.8661065872,8.906061142395082,-1.6657991684244642,-0.746194461866493,48.92170333862305,-1.863324522972107,1.5730503028741023e-05
1.0,0.06669999887944002,0.19394546306926183,0.15997531357094721,0.04489262093674066,140.0,4.6792345,0.036,0.003468399941730881,0.0016873255287025777,0.0011038296636395357,8.529597977980725,8.571857533114798,-1.6415226859624386,1.2485213601889444,-44.31018829345703,21.337873458862305,2.198247229668754e-08
1.0,0.06669999887944002,0.19394546306926183,0.15997531357094721,0.04489262093674066,140.0,4.6792345,0.036,0.003468399941730881,0.0016873255287025777,0.0011038296636395357,8.529597977980725,8.571857533114798,-1.6415226859624386,1.2485213601889444,-44.31018829345703,21.337873458862305,2.198247229668754e-08
1.0,0.06669999887944002,0.19394546306926183,0.15997531357094721,0.04489262093674066,140.0,4.6792345,0.036,0.003468399941730881,0.0016873255287025777,0.0011038296636395357,8.529597977980725,8.571857533114798,-1.6415226859624386,1.2485213601889444,-44.31018829345703,21.337873458862305,2.198247229668754e-08
1.0,0.06669999887944002,0.19394546306926183,0.15997531357094721,0.04489262093674066,140.0,4.6792345,0.036,0.003468399941730881,0.0016873255287025777,0.0011038296636395357,8.529597977980725,8.571857533114798,-1.6415226859624386,1.2485213601889444,-44.31018829345703,21.337873458862305,2.198247229668754e-08
1.0,0.06669999887944002,0.19394546306926183,0.15997531357094721,0.04489262093674066,140.0,4.6792345,0.036,0.003468399941730881,0.0016873255287025777,0.0011038296636395357,8.529597977980725,8.571857533114798,-1.6415226859624386,1.2485213601889444,-44.31018829345703,21.337873458862305,2.198247229668754e-08
1.0,0.07940019189438377,0.1536709455314239,0.2729984208653096,0.04229701971751,160.0,8.0,0.036,0.004128809978507956,0.0013369372261233879,0.0018836891039706364,8.0364337463269,8.079783182635502,-1.891478431243741,0.794339416075024,35.32606506347656,-37.404579162597656,1.446353317825253e-05
1.0,0.07940019189438377,0.1536709455314239,0.2729984208653096,0.04229701971751,160.0,8.0,0.036,0.004128809978507956,0.0013369372261233879,0.0018836891039706364,8.0364337463269,8.079783182635502,-1.891478431243741,0.794339416075024,35.32606506347656,-37.404579162597656,1.446353317825253e-05
1.0,0.1,0.200000009,0.375350481,0.035673924,140.0,20.0,0.036,0.0052,0.0017400000783,0.0025899183189000002,6.778045560000001,6.823575478397201,-2.648443695810815,2.4797475076556115,-61.67527770996094,14.838367462158203,6.747799608197778e-07
1.0,0.0333000000333,0.4669443951400481,0.0,0.034419157903209215,140.0,4.71567,0.036,0.0017316000017316,0.004062416237718418,0.0,6.539640001609751,6.581434017849201,0.28427787345951816,0.613483659207796,-23.527986526489258,6.503525257110596,2.0557848935353727e-08
1.0,0.0333000000333,0.4669443951400481,0.0,0.034419157903209215,140.0,4.71567,0.036,0.0017316000017316,0.004062416237718418,0.0,6.539640001609751,6.581434017849201,0.28427787345951816,0.613483659207796,-23.527986526489258,6.503525257110596,2.0557848935353727e-08
1.0,0.0333000000333,0.4669443951400481,0.0,0.034419157903209215,140.0,4.71567,0.036,0.0017316000017316,0.004062416237718418,0.0,6.539640001609751,6.581434017849201,0.28427787345951816,0.613483659207796,-23.527986526489258,6.503525257110596,2.0557848935353727e-08
1.0,0.0333000000333,0.4669443951400481,0.0,0.034419157903209215,140.0,4.71567,0.036,0.0017316000017316,0.004062416237718418,0.0,6.539640001609751,6.581434017849201,0.28427787345951816,0.613483659207796,-23.527986526489258,6.503525257110596,2.0557848935353727e-08
1.0,0.0333000000333,0.4669443951400481,0.0,0.034419157903209215,140.0,4.71567,0.036,0.0017316000017316,0.004062416237718418,0.0,6.539640001609751,6.581434017849201,0.28427787345951816,0.613483659207796,-23.527986526489258,6.503525257110596,2.0557848935353727e-08
1.0,0.0333000000333,0.4669443951400481,0.0,0.034419157903209215,140.0,4.71567,0.036,0.0017316000017316,0.004062416237718418,0.0,6.539640001609751,6.581434017849201,0.28427787345951816,0.613483659207796,-23.527986526489258,6.503525257110596,2.0557848935353727e-08
1.0,0.14936812057114188,0.2764627206785629,0.15337967011745113,0.03284181020610321,140.0,10.0,0.036,0.007767142269699377,0.0024052256699034972,0.0010583197238104127,6.23994393915961,6.287174626823023,-1.205445136073583,3.3806821617338505,-59.42569351196289,0.030834577977657318,1.230985434443282e-07
1.0,0.14936812057114188,0.2764627206785629,0.15337967011745113,0.03284181020610321,140.0,10.0,0.036,0.007767142269699377,0.0024052256699034972,0.0010583197238104127,6.23994393915961,6.287174626823023,-1.205445136073583,3.3806821617338505,-59.42569351196289,0.030834577977657318,1.230985434443282e-07
1.0,0.14936812057114188,0.2764627206785629,0.15337967011745113,0.03284181020610321,140.0,10.0,0.036,0.007767142269699377,0.0024052256699034972,0.0010583197238104127,6.23994393915961,6.287174626823023,-1.205445136073583,3.3806821617338505,-59.42569351196289,0.030834577977657318,1.230985434443282e-07
1.0,0.03333333333333333,0.19914681066666667,0.09944384600000006,0.03191124086666667,160.0,12.0,0.036,0.0017333333333333333,0.0017325772528,0.0006861625374000004,6.063135764666667,6.1032878377902,-1.0457724606537995,-0.6224669171825218,49.425872802734375,2.4825990200042725,4.905322848906314e-05
1.0,0.028584180382642703,0.30396162206042093,0.0,0.03181630575504444,160.0,12.0,0.036,0.0014863773798974205,0.002644466111925662,0.0,6.045098093458444,6.0852289369502675,-0.09124832200190669,-0.7484630568160408,26.604141235351562,5.46071720123291,4.8131366307587836e-05
1.0,0.10999890001099989,0.21172272198658015,0.1693372030898691,0.03149289212110879,140.0,12.0,0.036,0.0057199428005719945,0.0018419876812832473,0.0011684267013200968,5.98364950301067,6.028379860193845,-1.6649853228639493,2.327891845558625,-62.01595687866211,6.7037177085876465,1.7906549729360313e-06
1.0,0.025,0.16138695725,0.34860445775000004,0.029917351499999998,140.0,7.690971,0.036,0.0013,0.0014040665280749998,0.0024053707584750002,5.684296785,5.72540622228655,-2.840105673300983,0.5564079044399817,-23.00605583190918,48.90300369262695,1.860651437451643e-07
1.0,0.025,0.16138695725,0.34860445775000004,0.029917351499999998,140.0,7.690971,0.036,0.0013,0.0014040665280749998,0.0024053707584750002,5.684296785,5.72540622228655,-2.840105673300983,0.5564079044399817,-23.00605583190918,48.90300369262695,1.860651437451643e-07
1.0,0.025,0.16138695725,0.34860445775000004,0.029917351499999998,140.0,7.690971,0.036,0.0013,0.0014040665280749998,0.0024053707584750002,5.684296785,5.72540622228655,-2.840105673300983,0.5564079044399817,-23.00605583190918,48.90300369262695,1.860651437451643e-07
1.0,0.025,0.16138695725,0.34860445775000004,0.029917351499999998,140.0,7.690971,0.036,0.0013,0.0014040665280749998,0.0024053707584750002,5.684296785,5.72540622228655,-2.840105673300983,0.5564079044399817,-23.00605583190918,48.90300369262695,1.860651437451643e-07
1.0,0.03685100769080531,0.21841711286089113,0.19632329021543102,0.02951033806594488,160.0,12.0,0.036,0.0019162523999218758,0.0019002288818897527,0.001354630702486474,5.606964232529527,5.6481353445138245,-1.4029249084349544,-0.2961806844673678,49.9963264465332,-0.43865057826042175,4.828745048494636e-05
1.0,0.028579749361314053,0.28809150768543756,0.10293213553606034,0.02946598636778965,160.0,12.0,0.036,0.0014861469667883306,0.0025063961168633065,0.0007102317351988164,5.598537409880033,5.639240184698884,-0.6523773077398219,-0.5620441286627441,48.19721984863281,3.6047585010528564,5.0846874735161306e-05
1.0,0.03000000120000005,0.25750000030000003,0.03420287013984802,0.029343842044187003,160.0,21.70245,0.036,0.0015600000624000025,0.00224025000261,0.00023599980396495134,5.575329988395531,5.615366238264506,-0.5142402961222536,-0.7576711074446953,26.848770141601562,5.282121181488037,7.32782282233667e-08
1.0,0.03333333333333333,0.19309803900000003,0.15106990266666667,0.028641677066666666,160.0,12.0,0.036,0.0017333333333333333,0.0016799529393000002,0.0010423823284,5.441918642666667,5.4823743112677,-1.3352013297739742,-0.5263805403479129,49.45808792114258,1.4291481971740723,4.841796344540705e-05
1.0,0.026356904163370845,0.20385565490977833,0.1033256075273157,0.02438943509196435,142.1873,20.0,0.036,0.0013705590164952838,0.0017735441977150715,0.0007129466919384783,4.633992667473226,4.673849717379375,-1.5481119641549772,0.014743324253208909,-8.82331657409668,38.395870208740234,1.5227805389811734e-11
1.0,0.01167942137343455,0.4747676768806602,0.0,0.024287191603104295,160.0,9.172537,0.036,0.0006073299114185965,0.004130478788861743,0.0,4.614566404589816,4.655304213290096,0.6666875394173868,-0.8295491658014521,-5.870370864868164,-13.094337463378906,1.2864557380899928e-06
1.0,0.01167942137343455,0.4747676768806602,0.0,0.024287191603104295,160.0,9.172537,0.036,0.0006073299114185965,0.004130478788861743,0.0,4.614566404589816,4.655304213290096,0.6666875394173868,-0.8295491658014521,-5.870370864868164,-13.094337463378906,1.2864557380899928e-06
1.0,0.01167942137343455,0.4747676768806602,0.0,0.024287191603104295,160.0,9.172537,0.036,0.0006073299114185965,0.004130478788861743,0.0,4.614566404589816,4.655304213290096,0.6666875394173868,-0.8295491658014521,-5.870370864868164,-13.094337463378906,1.2864557380899928e-06
1.0,0.016,0.235516166,0.12660934800000004,0.0240944146,160.0,12.0,0.036,0.000832,0.0020489906442,0.0008736045012000003,4.577938774,4.6176933691454,-1.0787858942327724,-0.92090904534735,48.789222717285156,2.6738367080688477,4.969970875679584e-05
1.0,0.067000000603,0.20240233508438482,0.1693427485057017,0.022183975672536962,160.0,18.682531,0.036,0.003484000031356,0.0017609003152341477,0.0011684649646893416,4.214955377782022,4.257368743093302,-1.3945362978100666,0.3269963129167174,27.180509567260742,-28.825544357299805,2.0808028655526517e-07
1.0,0.13265328186209127,0.3238185168544259,0.09253382016817913,0.021432621532155888,140.0,12.0,0.036,0.006897970656828746,0.0028172210966335054,0.000638483359160436,4.072198091109619,4.118551766222241,-0.8216516635479718,2.924493062593739,-58.638099670410156,-0.2577676475048065,1.8305788762348942e-06
1.0,0.06600000066,0.20640423946779246,0.23681591896662152,0.020869525468921093,160.0,12.834757,0.036,0.00343200003432,0.0017957168833697943,0.0016340298408696885,3.9652098390950075,4.008071585853567,-1.6776599358606745,0.4682838162078358,27.663000106811523,-28.70920181274414,3.7977525522766906e-06
1.0,0.05780642869918078,0.42415167961996086,0.0,0.020549551691381073,140.0,17.734316,0.036,0.0030059342923574005,0.003690119612693659,0.0,3.904414821362404,3.947110875267455,-0.03703662733425754,1.0850473624239476,-23.790307998657227,5.8862481117248535,1.393046772045702e-07
1.0,0.033582512215722775,0.20487873072147428,0.28091734965181075,0.019393137617013948,160.0,15.0,0.036,0.0017462906352175842,0.0017824449572768262,0.0019383297125974942,3.6846961472326503,3.726163212537742,-1.9459787252082335,-0.2356929888345523,48.52056884765625,-3.0846519470214844,2.822534487989258e-06
1.0,0.02497193154893899,0.2049943863097878,0.2896933006135104,0.019352434566231553,160.0,15.0,0.036,0.0012985404405448276,0.0017834511608951539,0.0019988837742332217,3.676962567583995,3.7180434429596683,-1.9972009001445077,-0.4261796188352966,48.42454528808594,-3.0956735610961914,2.785120178041028e-06
1.0,0.15400000221760002,0.23080000044352,0.32428907186317457,0.017654597704926202,135.0,10.0,0.036,0.008008000115315201,0.002007960003858624,0.0022375945958559044,3.354373563935978,3.402627118651008,-2.4362244392372583,3.9888400400314654,-63.33277130126953,4.115459442138672,1.4736742352086134e-11
1.0,0.15400000221760002,0.23080000044352,0.32428907186317457,0.017654597704926202,135.0,10.0,0.036,0.008008000115315201,0.002007960003858624,0.0022375945958559044,3.354373563935978,3.402627118651008,-2.4362244392372583,3.9888400400314654,-63.33277130126953,4.115459442138672,1.4736742352086134e-11
1.0,0.15400000221760002,0.23080000044352,0.32428907186317457,0.017654597704926202,135.0,10.0,0.036,0.008008000115315201,0.002007960003858624,0.0022375945958559044,3.354373563935978,3.402627118651008,-2.4362244392372583,3.9888400400314654,-63.33277130126953,4.115459442138672,1.4736742352086134e-11
1.0,0.016123384652508087,0.17949417205026236,0.023730504880239284,0.014911795604231564,140.0,8.0,0.036,0.0008384160019304205,0.0015615992968372825,0.00016374048367365104,2.8332411648039972,2.8718049205864387,-1.4250707783566352,-0.32193868698329803,-8.251715660095215,27.849267959594727,2.8840049382374833e-07
1.0,0.016123384652508087,0.17949417205026236,0.023730504880239284,0.014911795604231564,140.0,8.0,0.036,0.0008384160019304205,0.0015615992968372825,0.00016374048367365104,2.8332411648039972,2.8718049205864387,-1.4250707783566352,-0.32193868698329803,-8.251715660095215,27.849267959594727,2.8840049382374833e-07
1.0,0.016123384652508087,0.17949417205026236,0.023730504880239284,0.014911795604231564,140.0,8.0,0.036,0.0008384160019304205,0.0015615992968372825,0.00016374048367365104,2.8332411648039972,2.8718049205864387,-1.4250707783566352,-0.32193868698329803,-8.251715660095215,27.849267959594727,2.8840049382374833e-07
1.0,0.05,0.2539497765,0.11472008100000003,0.009580578,140.0,20.0,0.036,0.0026,0.0022093630555499997,0.0007915685589000002,1.8203098199999999,1.8619107516144497,-1.4954200920510943,0.8013783560427272,-42.68500900268555,22.763309478759766,8.82203358075566e-07
1.0,0.06666666666666667,0.2500335573333333,0.11864087466666667,0.0084457312,160.0,12.064363,0.036,0.0034666666666666665,0.0021752919487999997,0.0008186220352,1.604688928,1.6471495086506667,-1.0317591809746376,0.3128576904048014,26.749300003051758,-28.89056968688965,4.854251819794786e-05
1.0,0.06666666666666667,0.2500335573333333,0.11864087466666667,0.0084457312,160.0,12.064363,0.036,0.0034666666666666665,0.0021752919487999997,0.0008186220352,1.604688928,1.6471495086506667,-1.0317591809746376,0.3128576904048014,26.749300003051758,-28.89056968688965,4.854251819794786e-05
1.0,0.1,0.20910474200000004,0.137911158,0.00609507756,140.0,19.211708,0.036,0.0052,0.0018192112554000002,0.0009515869902,1.1580647364,1.2020355346456,-1.7777154533697421,1.9803706510894958,-62.553375244140625,6.850930690765381,1.0049827611108263e-07
1.0,0.1,0.20910474200000004,0.137911158,0.00609507756,140.0,19.211708,0.036,0.0052,0.0018192112554000002,0.0009515869902,1.1580647364,1.2020355346456,-1.7777154533697421,1.9803706510894958,-62.553375244140625,6.850930690765381,1.0049827611108263e-07
