cryst_time,total_cost
20.0,24.57460106579911
8.0,32.258073053403955
72.0,28.968749278072224
16.0,30.41244041578908
8.723031,36.315337343566995
360.0,21.693236092788034
12.0,47.358535693356465
24.0,32.04028649066794
24.0,15.719628879005201
72.0,18.796584987660317
24.0,19.516977731059452
8.0,48.997072990135365
10.0,19.1627763760164
96.0,25.430510864350637
96.0,36.9278826831569
65.0,76.47822683188227
336.0,21.79158592390412
14.0,29.917095795994392
83.40537,28.1478557387231
12.0,19.819284325943364
96.0,18.65588980067705
22.0,40.616409430065204
20.0,16.1902054917983
24.0,24.74102276127704
18.0,19.4013373067744
96.0,13.7788989655916
48.0,36.24016304522369
111.70077,18.68459545089032
120.0,50.70967597760213
20.39616,20.814146731629844
168.0,56.70482971685953
48.0,30.477534201640363
120.0,13.897669313751743
12.277087,19.665798619191058
72.0,48.749880772126936
96.0,48.20894462311284
72.0,17.600474812216568
12.0,48.29909876621523
24.0,48.489957254243606
120.0,17.52262569991371
24.0,41.702801544165474
24.0,18.88491204360944
24.0,23.579455419892778
96.0,48.104458074176435
95.17447,19.66570891124374
12.0,13.90979853724525
24.0,24.0805376156494
72.0,54.55633648117054
50.57209,18.7414646656943
65.0,36.14198668020144
8.0,40.29813017204502
48.0,19.65052364633419
5.0,41.43053809335161
14.0,32.020646376243675
72.0,24.338288580105715
96.0,49.55772437244749
96.0,37.66407726274556
6.0,37.49504876411447
24.0,7.382040666576358
96.0,29.34572538257149
18.0,29.000677548791465
15.863498,19.67394346666667
20.0,6.823575478397201
168.0,45.06203422512581
22.0,16.765225224067702
14.817451,44.66146800866171
6.0,30.438110018090665
99.59982,18.578940821362764
65.0,19.420218385169843
18.0,36.343792811058506
6.0,40.37622943121056
72.8777,32.49738486896094
24.0,29.188648660371612
48.0,20.435417154216054
120.0,19.5493929515989
65.0,27.457970651128882
96.0,3.560368594146293
65.0,23.084873181902363
60.0,34.158236513350246
12.0,25.00164106087366
72.0,18.3304601527592
6.022427,38.983443677574144
120.0,19.1569026140791
16.0,28.461839410782318
24.0,39.56136175545152
8.0,32.706537575857475
15.029844,18.875100582457918
32.590298,27.132088997171316
24.0,37.761493423130545
18.368967,49.4413705015416
24.0,50.71592425753322
24.0,22.157424183976534
12.0,21.13811889100049
120.0,25.877098225785453
24.0,34.2516912122912
72.0,19.152037518348802
12.0,48.2598443620325
18.0,40.16768082153923
12.0,31.3618826831602
6.0,39.490805248999855
96.0,18.62023949511615
7.790024,48.89820765080206
144.0,32.41325934504977
72.0,26.027014184080624
72.0,48.72747524999999
120.0,10.20517630605008
16.0,38.17008838242799
120.0,18.66752923037338
96.0,24.26550388496912
24.0,26.936082050154273
22.147804,12.41859172003256
120.0,41.270686994993966
372.0,36.381618086
48.0,27.459004667638403
12.0,33.440711417323314
96.0,17.940499273959727
6.0,25.384196503884514
70.62686,20.26741408233032
120.0,20.54618791428368
24.0,18.793709684422456
3.0,47.23840206497817
3.0,48.965547057125626
15.157223,29.966717287596502
9.691025,45.382649752394755
72.0,18.795124976494396
3.6596825,33.184358181122775
14.88432,28.162759087829627
72.0,13.086222910732653
16.0,19.599308826319497
5.0,20.07925042939464
24.0,6.403467547917602
8.0,28.743248784156798
3.9031622,38.7699443211765
15.0,30.045785822325293
20.782125,33.696484084943066
24.0,10.325132313212478
14.0,19.65543387917474
5.0,48.5829391000744
6.0,11.63941970104218
24.0,19.420206764902463
8.0,39.081332782077155
96.0,27.3446205631872
50.0,22.55581030769108
96.0,48.99929119433858
24.0,29.6827788339736
48.0,44.662116527771744
48.0,19.78368706960685
96.0,32.08475126906172
7.0,18.9860097744464
24.0,24.574440524192784
336.0,19.991385620971702
50.926327,51.7784922438856
63.47488,18.938813380347682
6.0,29.48973400470817
168.0,24.29865141143374
15.0,19.6168950410846
4.063556,39.39224576577067
6.9470835,28.038222275948684
10.0,32.20108804088036
7.129699,47.54300328929406
15.90776,29.975772035
120.0,28.549432593905326
4.714024,30.140908820155328
8.0,27.699374122730337
96.0,9.6011920451012
15.093467,27.60370059991095
8.081314,19.411598680649718
12.0,20.933406444509398
24.0,19.02427520202752
5.0,28.623513072028405
168.0,34.335671094100576
15.0,34.50140352547607
48.0,45.878799977272706
12.573383,35.65368132601157
24.0,11.313278148926054
24.0,21.188604183133055
6.4569554,19.267933929561348
168.0,48.461661361747105
4.0,44.21148784230524
48.0,18.796106962912038
72.0,25.3766876564864
8.0,50.34048051063805
21.938435,23.80317884862067
15.0,18.500193040124902
72.0,22.433895918536738
21.364305,32.96465100820681
10.0,45.46742003603744
24.0,27.851320357819954
6.0,33.72163707790029
120.0,50.70992968389333
48.0,29.810154784865336
16.0,20.288150172008372
24.0,26.03943847063714
16.0,20.48922213624452
12.0,49.717348491300896
96.0,27.556981648339605
100.19842,18.957175970938703
72.0,27.73055132998718
24.0,49.918704581363
10.0,48.0135474350906
18.0,30.559255570025798
18.0,24.986822420031302
24.0,21.519037180510217
96.0,9.901182604166745
6.9695325,49.6780700716796
12.0,24.92405440441834
96.0,40.5720127967125
24.0,35.26118259220396
6.0,46.78313008148429
14.0,19.9511258717106
120.0,32.21037561319295
100.030304,40.92248498022126
12.0,24.57479488839078
18.0,18.4718413210406
96.0,15.43265318981576
7.5656285,19.214186476354367
96.0,46.18259973585446
120.0,29.105415744142636
10.0,49.92718418782435
14.0,20.0552582737436
24.0,26.16695676339844
12.0,20.45514018588161
12.0,32.78562347797921
20.0,48.19866807333334
144.0,35.562678391811396
65.0,27.50838537217568
14.06088,12.5490625349879
24.0,24.97998315081665
371.09177,22.573671425401795
96.0,19.410170316935975
96.0,24.437412567861198
12.574426,38.86270582167352
24.0,29.408346562994005
15.0,28.14647526739656
15.796704,24.383665421059547
5.0,18.95333639690514
24.0,24.131714201828636
12.0,37.79132392054491
10.0,25.37580919297885
108.0,33.7362219902561
48.0,17.65799360688668
96.0,28.903101529469915
120.0,20.194016026676398
24.0,19.419997838708422
10.0,32.09992095838671
6.094529,23.317708883014404
108.49796,19.440478391036766
9.307614,39.95285117728597
96.0,39.246716655867736
24.0,34.41652038895997
4.655081,19.07735603536214
120.0,49.17032209679915
96.0,10.359710567591145
72.0,32.86281873758617
8.0,34.12661147556104
15.0,21.116994410752365
6.0,28.17815592937546
14.573053,29.82953811427055
18.0,23.9245894831142
96.0,20.3102047937505
24.0,19.419359058674722
40.0,33.922462282535285
70.851494,19.49684688152343
14.0,19.991722755524002
12.0,19.409138246706917
3.0,23.404691837341826
24.0,20.2707189246436
14.0,31.415579331406313
10.0,21.83210243607499
24.0,19.407928249323767
96.84472,33.02702766148196
12.0,10.975875886830167
72.0,10.493485725945801
24.0,39.0473287278685
16.0,19.45100258375193
96.0,8.758275487290499
24.0,27.883583002002947
93.27755,28.526589476768315
6.9964943,19.2880522374455
14.0,24.49240118053387
97.19268,32.34145263398228
24.0,26.765479442260048
10.0,38.51335414776434
6.0,28.21347459013677
20.80139,19.599945411251188
12.0,50.67906913138719
96.0,22.29565811721331
8.0,48.6615169127424
20.0,28.1625649091727
12.0,25.217151781350946
72.0,19.420480366721
20.0,20.71169256730825
96.0,38.59466936218399
10.0,30.57502237063364
65.0,31.856544353398785
96.0,30.102643369137063
72.0,37.365412358765454
6.0,27.305764365977392
401.5811,19.618755417941554
96.0,42.73295105579421
14.0,45.82036313836969
72.0,19.140851363987775
48.0,29.888399292067994
24.0,28.92299626811255
96.0,18.32575737901634
8.0,19.33376680001903
144.0,20.55589223197064
3.0,19.66130041982035
40.0,21.903510605680367
67.580574,18.7160801966668
10.0,18.760281402692218
12.0,24.469160136704684
72.0,43.94015265420945
24.0,16.31582345270009
9.079617,26.74737042434724
72.0,30.021712254602242
14.052873,9.073042069480099
53.51069,38.32771217586913
168.0,20.8685922751499
72.0,29.10956251565732
69.31269,24.1852131094155
96.0,36.60213626443568
16.0,38.4929639812565
24.0,27.860924433780774
12.0,25.36055523360817
8.0,33.32611027973546
24.0,24.581594700731802
168.0,94.8916154225368
22.0,39.170062450543846
6.0,30.119495862526936
120.0,22.011408024201803
15.0,31.3952063777974
40.0,19.703570034089577
72.0,17.037270430488576
20.0,29.9668208401232
96.0,17.743808435993788
6.0326114,38.644125638069234
65.0,29.11065896239088
20.0,18.73840709151587
18.0,28.867670042476448
4.8079014,38.75967332467151
10.206446,30.176459303285405
15.619503,24.80647226488
336.0,23.25251094072464
16.0,21.63475447332181
22.59463,24.9830426
4.0,26.780280540449
72.0,7.983626974318149
24.0,18.94470484601204
4.0531507,46.78664225333334
131.80205,29.395529089660453
48.0,36.910840096752636
24.0,16.549740138785626
24.0,20.310014948338136
10.0,17.83277533646805
3.0,34.45686456601432
72.0,18.35972380638748
15.0,34.763023881075185
7.0,20.899559500202404
72.0,25.376622286198398
12.0,48.9002937852692
8.815951,20.989467414688022
8.0,31.364176098027674
12.0,37.47295118082403
5.0,39.431452795644354
240.0,39.33154420412528
120.0,12.090932881757745
24.0,50.51588213171681
8.0,9.8573852500063
24.0,29.015432709775766
24.0,33.11224498278815
16.0,8.752858230821701
15.362663,48.46379051655449
96.0,20.2695506555196
12.0,45.071570970217834
15.0,26.995168437704436
96.0,19.26025636576648
65.0,30.177196004154222
12.0,18.975083838491045
24.0,33.42931022944213
46.40798,21.531652902783996
88.10314,16.080705140003236
24.0,16.20193719927455
72.0,35.73993592265349
336.0,39.54870271301507
12.0,32.13635711691945
6.0,29.17292089106005
22.0,33.547181733791234
20.0,19.801228911174242
96.0,13.5650020309439
24.0,17.831770293668203
336.0,28.712756162165643
24.0,29.401143750942502
24.0,40.94237610849631
24.0,29.252412474157897
22.0,29.50853212711701
96.0,16.082385138025522
32.06652,26.281298219704535
15.816383,19.094537290010823
72.0,20.299589604711468
240.0,21.48175515653168
12.356193,18.86110476230592
48.0,41.567993585924626
65.05975,19.37127892342419
15.0,32.844459925205044
6.0,37.338480790404056
72.0,19.186085860379222
16.0,26.7589401189776
24.0,10.71171775273436
65.0,18.795015895297396
65.0,16.36948528652338
24.0,44.57047109137569
11.139219,30.081145851066573
12.0,49.56839829077646
72.0,28.50311408926434
13.318054,37.705796905128985
36.0,16.04615542418156
3.0,20.2704783627462
96.0,19.114732317220874
8.0,28.739843059198503
93.51307,22.626159696242134
24.0,12.127876132294503
24.0,29.490652537337432
72.0,31.100308145205418
8.0,46.99824308296778
20.0,27.58694778209207
99.61722,30.225328823032157
23.716875,38.80784936354926
16.0,27.98689113712844
120.0,29.14560116549281
14.0,33.902528298187704
8.0,35.621799639057855
16.452644,31.93086536684907
120.0,31.09719325503341
120.0,25.30860671369944
96.0,24.213124764692633
7.5632167,49.155937326302585
72.0,17.501124086584582
96.0,27.708220544694793
96.0,18.495891682708404
12.0,16.666608266259953
336.0,18.142713522596704
72.0,37.797348717956794
15.0,19.127954368744046
120.0,13.294794520265599
15.0,30.43191006011017
24.0,34.47201032591014
6.0,27.312400316698685
120.0,34.033061340501945
96.0,29.10160650674762
7.0,38.03248770727854
40.0,40.37557611030941
21.869932,27.85940229524072
5.0,19.553026122188317
96.0,43.772045405489095
110.0,15.388651901020246
24.0,23.2391077358852
87.989975,19.419614238647604
8.0,32.98487094039482
65.69037,35.96953581668448
24.0,35.27552002404068
12.0,31.410418873670167
96.0,12.0259188790637
96.0,24.218352384677832
5.0,33.146556390200985
48.0,31.583815937383385
72.0,45.39374296676445
8.0,16.6327921792712
8.0,43.2592220210971
9.451952,30.4589641278934
16.0,5.4031400820343
72.0,17.31850141162903
17.261135,38.561702563619185
24.0,18.557561412724286
65.0,16.634809299999997
24.0,20.423015329743148
72.0,15.65291986125572
180.0,49.275050149167754
15.997282,28.327212208672403
72.0,21.108726641796718
10.955702,19.66006999717724
72.0,34.13888858976143
96.0,9.12607225184768
96.0,30.133771775492406
72.0,25.432447854680838
18.0,22.767666874612374
8.0,17.52928296128769
96.0,24.26486591853128
24.0,48.45596387411907
24.0,24.36008505796863
24.0,35.81138299002564
6.0,46.17491025961535
16.0,33.04227115555631
24.0,32.453133023502936
10.0,8.943805734626537
120.0,28.156090082272723
48.0,52.29347310802951
65.0,49.9194917890745
24.0,47.54055591704756
48.0,24.2654449959515
48.0,13.907890784789533
24.0,39.690799017622396
96.0,19.642446791176038
75.681885,26.612464468712115
10.0,28.234945039165446
24.0,27.635825433315205
12.0,45.207861643022305
8.0,15.724747382164152
14.0,37.31475347505037
12.937383,24.04101593960698
96.0,48.72828312297899
12.0,33.69801131779287
18.0,38.4038791335476
14.000037,19.601302557807546
24.756414,24.853775213556265
20.0,12.755256395074131
15.76846,48.551458767855834
83.06382,8.580859078392557
65.0,19.31998665832839
20.0,39.431719420465946
45.80323,33.006638591149304
24.0,18.793652822
96.0,22.5466854232187
72.0,38.46535723856315
12.0,30.946925101163007
24.0,28.022229694674987
15.497683,49.12446455081267
24.0,27.72509233857998
131.03593,38.82862429528043
72.0,31.10592857029287
24.0,16.644997645447226
103.40203,14.57783168327618
20.0,47.017209631770584
336.0,19.474371192017582
24.0,17.274360950346665
59.410927,31.11721540362464
24.0,27.681384224463557
24.0,19.91601082545254
72.0,19.752163133044643
120.0,1.2085791455248485
24.0,35.808580023436804
96.0,19.41924996579464
8.0,41.400609447204765
240.0,21.405859114786846
24.0,32.343458699067504
22.816673,34.43431143564705
96.0,18.394369962391803
72.0,18.68545675127468
15.5307455,37.896121083356
18.0,35.559496320155
7.670785,9.23868100802024
10.0,23.83977200502145
10.0,19.6370280198406
120.0,93.64340817830714
12.0,19.46479714417434
32.397392,19.579899393924805
6.0,29.953817908299502
8.80949,32.342872739677404
14.0,21.67835297506295
120.0,15.829798526247558
21.453516,26.41492232460788
8.0,15.44443247147072
72.0,4.993056874497884
20.0,37.997963374327284
16.0,19.04188386903317
14.0,16.677272549713066
144.0,27.92571721354475
12.0,34.86787901532884
12.0,26.168333163593005
120.0,26.98372300332494
24.0,27.83534121466226
10.0,40.10925909256138
24.0,16.69441030053942
96.0,15.651143357033243
20.0,39.0717925819282
4.0,41.260206669679604
82.25151,37.59743645104025
48.0,27.220151388844013
96.0,27.775497581611475
16.0,28.210501283735464
96.0,8.585759209927756
14.037039,49.12406153107807
120.0,49.10943031223133
24.0,34.53149106115001
24.0,34.4453169651641
12.0,24.8883213424003
12.0,26.929848854014665
20.0,19.3484158786841
285.01672,30.51222744818708
72.0,28.895679043626572
72.0,50.20930998173867
24.0,25.794371759066
24.0,19.5036242342165
96.0,23.8610353866338
24.0,21.925711011075396
96.0,24.187016851355
88.19675,31.201101332786564
336.0,22.064932452376702
108.0,51.32441765317911
240.0,38.79985367899029
120.0,24.602446805230006
5.0,20.104149708417815
89.49844,29.496098835847917
8.825508,24.77552308006816
120.0,16.101157642064887
120.0,35.062383080000004
96.0,50.11299420419392
4.0,33.16274434013868
72.0,49.12734110689513
48.0,23.305562099335674
20.5777,19.40525760128216
8.0,19.46454808312397
10.0,33.91305204167492
5.0,18.697051374761
132.17137,49.74694048888662
120.0,50.74241799177449
108.0,29.966506949087
10.0,19.59760206277955
12.0,22.63488440173634
48.0,21.293166530978212
4.0,50.6805189958241
24.0,22.93932074179114
48.0,29.490164413330582
24.0,19.67945100816
72.0,18.734901091755056
7.690971,5.72540622228655
8.3409,37.26453943467638
36.0571,48.73165096113109
6.0,35.71621792342069
8.0,38.96885610672854
24.0,20.937844234448402
8.0,46.10752341626538
14.0,39.22454315802447
120.0,19.059342027394987
15.0,31.32107827592738
91.86666,24.317332707783464
384.0,24.022301713949112
8.0,15.636172631879028
6.609552,23.41604249595934
48.0,28.713721419137777
4.0,45.38309198800745
96.0,24.400226566990362
12.0,40.557552236927165
6.0,29.484893199761338
10.0,24.34116030352861
72.0,38.16752108186019
20.0,18.92899222146215
16.0,25.287945446486145
15.824102,40.636716402836
20.0,9.383366130008707
8.0,29.167981808165024
88.35278,30.600483618633493
48.0,48.564947059507766
48.0,17.14349042115176
96.0,14.604456942716824
24.0,18.794232035302578
96.0,77.7853717659143
10.0,29.512726337458332
24.0,19.36755460337292
72.0,18.81580526478985
144.0,70.44579432546153
5.479504,25.702019257565464
20.0,35.068403663657676
65.0,49.31619426535402
72.0,18.795846294321198
10.0,25.3759464494848
96.0,32.8852114906811
16.0,47.54511459473
120.0,29.254582885676196
72.0,17.6107056677804
288.0,12.016931218193601
4.0,33.0126017928448
12.0,30.344009559596326
72.0,47.67199382322824
168.0,42.58128596564085
107.15059,10.83482697886
12.0,49.125730126087674
6.0,36.273242084467405
15.0,34.075435148862574
48.0,47.09266084789073
72.0,16.892284385316376
96.0,38.356028330867
12.0,14.23057833358148
24.0,23.002009998414366
120.0,38.37489154472683
24.0,29.4168501711481
16.0,18.953058185581487
15.674113,24.7459730336576
336.0,19.3484376407993
12.0,40.92132597810623
20.0,29.613923807481626
96.0,48.681874688038114
24.0,30.94022512783616
48.0,46.20273451771622
12.0,34.050154731928004
10.0,38.943668677897186
72.0,18.94483289386562
72.0,37.11886795849775
12.0,39.303751342724226
7.0,19.041319872458935
3.0,46.48613144302977
15.9717,20.574544622082662
13.123729,25.55513039077792
65.0,24.264910020995483
96.0,18.757921990682362
15.821859,18.647081812814882
20.0,24.264476542096222
96.0,26.926983773595204
20.0,36.566601880521745
15.285532,23.021131307521102
9.172537,4.655304213290096
48.0,47.074084619846126
24.0,19.419493843724844
60.0,30.664071802518595
24.0,10.493875335594801
14.466608,48.36143671712828
6.9696445,49.12638078997727
12.0,33.235682091356566
96.0,47.5408529367973
144.0,38.2158457329675
20.0,25.942393321689224
12.0,24.385274174332245
72.0,18.733969285615835
24.0,24.4910976448426
168.0,23.6605192746614
12.0,34.71569952616385
24.0,17.8357817576003
120.0,47.71649676585997
96.0,46.10456223176
336.0,20.286414973614864
45.13588,35.30857927896038
24.0,49.66002239064875
60.0,18.497753952832884
11.421522,36.5864274970361
168.0,21.17445373421801
85.575966,33.261969413298324
12.0,48.48999388181324
72.0,16.93195170438861
72.0,42.56251652151403
48.0,29.11064740293488
36.0,31.827656812814784
6.0,32.926442672545704
72.0,18.502778096
24.0,34.39670612215911
168.0,21.154060125714285
65.0,49.9181197834346
96.0,55.98096435600749
24.0,23.58178902363053
12.0,5.4823743112677
40.0,16.303871116691123
50.0,49.82897803054982
24.0,35.40352411285594
48.0,19.04122235068667
96.0,26.47841712405859
12.0,19.991860140764302
24.0,20.05960838430884
7.0,26.131360748027202
477.95395,20.308576609346137
48.0,37.45204286590295
48.0,37.30060918562533
168.0,19.65595309824853
24.0,20.296673709997158
139.97961,30.815696703707797
15.851393,28.541571933712852
17.96799,48.29811331458027
15.0,29.22231818680143
18.0,29.528749875837374
96.0,30.723129411812916
65.0,52.72151523795644
12.0,20.992669322086375
96.0,26.56122478289591
14.542841,34.20153279778957
24.0,26.794021629358877
24.0,36.697570964658496
6.0,26.088892358501273
12.0,20.125220469028267
41.976242,19.823780999335124
24.0,46.6290451677086
6.0,25.515821897263606
24.0,33.69667791235007
24.0,23.9962866492887
96.0,26.1619908018512
6.0,36.8282226192764
20.0,27.936481621664566
137.25807,53.874814640000004
24.0,19.210310226024255
24.0,19.455351395800154
12.0,39.111972084662334
8.0,25.58733001973968
6.056818,29.482464308775203
24.0,18.2155649754095
24.0,24.838737999802426
24.0,50.710798971189334
144.0,32.7614943453297
24.0,25.11338885434198
6.0,19.612196404848422
12.0,29.00210995394045
6.0163207,38.40896158304111
12.0,27.21038033896307
336.0,37.4465704976768
21.383753,39.96375485955626
96.0,44.66295917139951
120.0,29.74515958623605
45.822315,36.481562357098156
24.0,17.114309400693443
12.0,30.775898061737752
3.0,32.589543752564786
68.74771,29.049853123754993
72.0,18.729263676726383
18.0,20.08622099028794
24.0,20.445461088452902
6.0,19.98378925310555
120.0,19.420865000006124
24.0,29.370799741975553
18.0,35.106418304771
106.89038,29.965695275309752
24.0,34.170289102183396
40.0,29.134112244918803
168.0,21.88886417354443
48.0,52.19787824530613
96.0,24.071169035338453
24.0,23.01445936981662
24.0,37.766295784205056
24.0,12.15327379290866
20.0,38.991758749999995
72.0,36.43657862681065
9.083666,33.280767380508806
168.0,33.24146292763004
15.971913,9.248496016160049
8.0,21.698589149568733
21.833916,29.53261255189168
16.468712,19.420896114639984
15.0,27.717843206531942
168.0,60.95582816690641
96.0,13.157866269843401
8.0,21.091306328709702
48.0,8.137274087510825
10.0,18.88781748719077
16.0,36.16779817188346
24.0,11.584779829616167
96.0,27.87669070563991
23.341026,25.84847642790721
24.0,49.919061423211396
48.0,31.441416542567847
72.0,16.598192221080406
101.03302,19.311582014555242
72.0,48.97614287371004
24.0,48.296024754860525
8.590096,29.441076539883987
12.0,22.323978469691856
110.0,18.883691033696344
24.0,33.38108333367644
96.0,32.1040151864922
9.532397,27.557363111820905
24.0,19.536566110837267
12.0,5.639240184698884
336.0,29.251768235877094
13.574217,23.962695306209024
26.683245,39.409975699624646
5.692467,20.381019686906537
15.0,27.83468366490305
24.0,19.671726159285818
8.0,19.293084363862818
6.0,30.7938861882468
96.0,17.1739750453871
360.0,12.263720416141867
4.9962726,19.644348207711563
18.0,49.62179603657094
3.9171255,40.175219191236266
65.0,19.208895438465557
12.0,10.306582012086439
70.32426,9.877968911250981
24.0,29.475286810056815
65.0,33.12015138318193
72.0,18.656069773551383
24.0,29.798755253232386
120.0,29.092858846456316
24.0,18.896829821981036
12.0,28.824632971542
120.0,27.1420088115062
360.0,18.940139629485333
6.016457,33.8844498025358
120.0,21.24170038872917
10.0,39.93030531938117
10.0,34.22457853861524
20.0,30.888604190133673
15.3740015,33.819834722389494
12.0,37.713963615
12.981059,11.102762621544201
24.0,17.71876743772854
12.0,24.26501827887806
24.0,21.221115852139757
72.0,26.448526856434704
6.0,14.862674484824801
24.0,49.44118439938224
120.0,6.247353487289801
432.0,32.339496378457824
24.0,20.2692763581468
96.0,12.5716176506253
5.4996605,33.514592836455776
360.0,16.754948851237867
11.83673,26.168940262078404
72.0,50.27391909792276
6.0,19.5157194
72.0,19.511691756554463
24.0,37.81549622274465
108.04655,36.527840588255
10.0,33.68941531817127
48.0,48.988675098185055
7.0,20.56279088
5.0,28.493678484178737
10.0,26.808047737294935
40.0,14.6979939991664
24.0,33.252360775793065
96.0,25.313765138880722
336.0,33.882333818511796
15.0,20.29664824876373
72.0,9.82687315861519
72.76521,18.796287327956538
96.0,8.11455423894008
120.0,20.547039214413452
96.0,36.448001410205606
24.0,19.465789137194
144.0,32.49706771124088
8.0,29.6811696300604
91.02119,26.8634727895292
14.0,48.776196669337445
72.0,49.938027196315865
24.0,21.128489983983023
72.0,13.898223864615984
6.0,27.48588383262635
12.0,38.52250224222658
96.0,10.176375064720002
336.0,30.634550102231046
14.0,40.27635089281033
9.12496,31.360729580908256
24.0,43.10014738833358
12.464059,28.759191565508264
13.830736,45.386786797067
10.0,19.991398725771802
12.0,33.62712644651731
48.0,44.6615520249547
288.0,19.485687432497073
120.0,37.90365990158035
24.0,27.219327359999998
24.0,20.821202892737002
96.0,18.868646085674836
14.0,24.58281384397394
10.0,46.790446903501255
112.34649,41.49852490971162
12.0,28.32953752700447
20.0,16.4027646225886
48.0,34.02722330961243
20.0,24.26461912326746
96.0,22.395806965759203
24.0,10.42925183782339
12.0,36.5673464095778
24.0,47.16922266668869
336.0,26.056439017187675
24.0,44.784758001524
12.0,37.3059156036944
24.0,25.1661768453839
24.0,20.270025964182
5.0,36.8526894370474
80.92431,16.932872689923197
14.428188,29.245772151025754
40.0,19.082153074519578
96.0,28.623775448919208
17.645739,37.5929851819633
88.81384,43.9436161552785
65.0,38.05754950344303
120.0,45.71151390934182
20.0,21.9308092227314
9.204899,18.53779234441511
6.0,19.65528198049493
96.0,37.8249067016036
48.0,38.4088698720803
16.475002,45.36183781331632
18.0,18.56705230137616
19.188843,32.32643155267898
110.22244,24.411891841720287
12.0,19.95098164315016
21.643972,36.66801314346118
44.0,24.3297222179182
24.0,30.0077030317708
12.0,22.989646314465695
17.943758,18.85537212477157
72.0,40.48743771236466
15.0,21.3548384587336
12.0,33.819849332350664
10.0,39.46212085367873
72.0,19.12474469582345
24.0,20.10605036404053
24.0,27.32883122
20.0,28.81935899714288
6.0,24.02007972266667
120.0,18.4969580124446
18.0,46.788758071106095
168.0,18.209786109164064
48.0,20.310678763912534
8.0,45.383366470997004
96.0,23.2108956679067
24.0,13.75440420360157
14.301914,38.12284940725736
12.0,34.599405660648806
14.011575,33.68856488006091
12.0,38.73742477692533
12.0,38.86362663001104
12.0,29.249136595679825
96.0,19.04047639974507
24.0,28.290276618217224
11.774624,31.828304105876605
10.0,22.02145526236693
20.0,35.817075267574886
8.65899,50.393361430621546
12.0,25.4131111908265
15.0,9.856162730432002
24.0,39.18059942118449
16.0,34.27223588293507
4.0,30.172683070427
72.0,36.71211953240168
336.0,18.4633036399316
24.0,29.617623888103402
12.0,51.27117176357719
12.0,32.36283015692797
65.0,37.92996028523744
8.0,20.625848606368745
12.0,19.439853490977338
24.0,48.60328856012129
48.0,38.884730759237485
168.0,25.953912145173703
120.0,38.4009719849195
14.042038,29.9670744955994
8.9326,48.74970179653817
120.0,101.81089920002911
7.0,19.499981223476098
48.0,38.7863906860304
48.0,17.249844373890056
72.0,49.0140366424411
72.0,39.989813458445575
24.0,23.236259042865324
120.0,57.522042395235495
20.0,48.55110202867391
10.0,19.09810295838332
48.0,23.99703316361588
4.0,35.17267396941056
14.464268,31.777719364363335
24.0,19.52150336748265
10.7151985,28.40462894067305
96.0,50.56392799266776
95.68016,18.655380265526837
15.0,39.943261671864505
120.0,39.448443365979806
6.0,30.698901766719715
24.0,21.67756939653018
96.0,23.69700404128256
24.0,33.829960029871586
65.0,22.17752197796777
40.0,48.913357636242665
16.0,19.609017414507335
24.0,9.737965181284881
72.0,13.106367291155102
10.0,27.974358097794042
72.0,18.894774396855794
7.0805745,19.247839536995663
13.951762,49.687346330588866
14.0,20.116728430677643
24.0,24.498668340350676
48.0,18.712590864354357
24.0,24.57458077421029
96.0,28.17888306750544
12.0,46.816526098935604
24.0,20.371907837601434
8.0,49.127607195759275
12.0,33.793989822266646
12.0,27.24961196949746
12.0,38.41321118911918
72.0,21.495280753383266
72.0,22.93083870507383
14.0,39.317195405
20.0,49.33307916270873
72.0,18.732713653709244
144.0,33.29364409532795
16.0,52.66759765558121
24.0,21.450154228300104
120.0,110.5591966871307
9.132016,35.5284527986898
60.394375,48.854556155584
96.0,19.040974417562897
336.0,24.568190678551073
12.0,49.125514958851966
72.0,37.381721031097165
65.0,16.148538836890822
65.382225,21.315311852684786
336.0,16.835892277690604
48.0,32.3403874908284
288.0,19.511693224233856
11.896811,39.32739855847787
72.0,16.189732401278597
5.0,32.30891680788565
6.0,20.308763411915496
24.0,20.2705682981874
24.0,19.4198437470014
8.0,46.69192840076789
12.0,24.264681443374343
24.0,9.227277713050276
8.0,37.503520933513336
20.0,44.9506675282448
12.0,29.1092585
96.0,19.310028708281557
79.48796,19.223167750178874
120.0,38.79947749339208
12.0,36.46664285398728
16.0,24.582207211479002
20.0,20.298295880534397
20.0,19.013632230225504
120.0,32.575927856258204
48.0,33.399383602947076
48.0,23.75828036
22.0,32.92541310224046
6.0,18.881439819731202
144.0,34.2350283760484
24.0,10.303522248219682
24.0,47.998759682876006
120.0,35.85051250619835
16.0,33.832028912839085
96.0,8.587568121791838
24.0,46.46378315167995
96.0,50.0640435741969
15.0,30.593484914646247
23.12845,10.266858081640148
24.0,17.836901093295257
20.0,31.827719279722807
6.031027,21.20343355263667
6.0,11.058945206563886
20.0,29.1791886753472
9.933522,20.562711084045564
72.0,25.57538083603809
72.0,30.394966766
72.0,48.52640929932455
4.0,20.25855602126545
6.0,40.704708824176315
13.774318,46.52874189550512
72.0,31.68333162989845
16.0,24.582628763064978
120.0,47.79292831453071
65.13147,29.102450816
12.0,44.64820359253903
24.0,18.49686306902594
8.0,19.762585161309424
20.0,28.038145739223076
24.0,25.839762262489074
12.0,28.92107962196243
336.0,21.29926588618087
96.0,25.125236125519844
65.0,48.16116369385068
8.0,30.449046497016017
96.0,44.087151168892284
28.269066,30.067514498208485
15.291445,17.889391262905335
8.0,19.669651380525057
4.0,19.583457106608588
12.0,28.087929520670535
72.0,50.70851405942613
55.75438,29.10992153313164
7.923762,47.806890320118534
3.032837,23.8475133003365
16.0,29.29631690029612
24.0,29.461612630000005
20.674936,24.081379600707603
14.056983,38.308990430135005
6.0,39.739831962842125
24.0,25.002957369322953
16.0,33.96446742001301
7.0,26.038763317142926
6.0,39.10524523268733
72.0,30.619619945648182
12.0,31.705570837512287
96.0,29.808573340490604
20.0,40.17793677777465
120.0,19.280226438683123
72.0,37.63459240544944
120.0,15.796286023517538
15.0,35.08451478801843
24.0,31.887122802523734
72.0,25.3312951355686
8.0,49.24604208507074
4.735585,46.85363567935138
120.0,31.120784451775677
17.461658,37.351730532223996
24.0,16.96495071283148
8.0,19.991431677726503
8.0,40.55206912511719
3.0,20.6290887447628
12.0,28.823483455617513
96.0,49.367667879153394
6.976663,37.891832611018245
60.0,51.344858
15.0,8.20599604492989
120.0,18.766087920370936
10.0,49.91650899206045
4.0,27.79547671595823
24.0,98.209794
72.0,49.108375059530935
144.0,19.655458533329025
20.0,36.04369746043415
20.0,30.66485440159974
12.0,38.41302528037519
24.0,33.27318231280355
10.0,50.23618920568214
3.6038144,24.1990192442871
12.0,15.642768018008004
18.0,25.8601545658508
4.0,22.98995172893056
12.61578,24.97999334028545
15.84002,30.4456103925419
7.0,22.856861469078
6.761149,33.216657185
24.0,15.053722391813267
336.0,13.994854012418667
20.506102,17.52252665833214
120.0,32.234909316867046
6.0,35.73881830511487
13.631112,24.192604713841323
20.0,19.532376062476153
168.0,33.324867278375294
8.0,40.83048798470451
24.0,33.60210345
144.0,29.12020064831304
24.0,33.728480246131994
6.0,30.73603617404674
8.451833,25.011761814311903
12.0,8.3551419469895
20.0,23.638325367373625
9.132403,30.480470403564652
12.0,39.74322546356811
12.0,32.33970269585192
4.6174583,30.44187128246827
110.1944,46.884480468945945
48.0,7.190619559955399
72.0,38.804196557196775
96.0,6.379091392082361
240.0,19.428866340498203
48.0,18.816003097015766
96.0,31.76013657082322
8.0,28.598172065897337
96.0,45.3619575982564
48.0,30.25168678292081
15.0,9.831371490224313
24.0,29.448900852766013
16.0,31.07143662457185
72.0,30.49149908263118
48.0,29.10945584515892
48.0,13.200578654027362
96.0,18.815627577453043
12.0,47.19434406308498
10.0,12.136661394484
16.0,25.921935119648673
3.738952,27.455990177835854
120.0,19.67471423191167
4.0,38.32637909462451
65.0,28.34080444061296
24.0,27.716234345647116
72.0,12.233524921710522
14.919627,30.538268301852792
15.0,20.692070396993635
15.0,48.639634693630335
24.0,28.063612771288703
96.0,27.528083042702463
24.0,21.3448591549276
22.0,19.430151907758418
69.27062,24.569476310739415
6.2135186,46.67243154275466
219.39505,23.259533716048878
8.0,32.780654000505784
96.0,38.84848284963262
8.0,16.4606463001334
24.0,37.52769385220006
120.0,25.141260734495543
51.500042,34.93183557830664
24.0,28.402876633561142
48.0,18.794257685168116
12.0,37.54131441968216
24.0,16.717429692453923
72.0,38.80087502975895
12.0,19.529572912718752
72.0,18.886708023491547
22.0,28.875697747434078
96.0,19.462694258073984
144.0,19.29572776570895
112.61423,23.67709164077696
24.0,29.81323421795507
24.0,19.462501184962004
8.835124,25.072727664157615
12.0,29.74177992168183
6.0,27.453500511359053
144.0,28.67643176115618
12.0,46.18271588525978
12.0,4.6176933691454
72.0,19.981516169666
72.0,11.84889141164146
22.0,25.36657143993305
7.0,22.723611440982328
20.0,19.470564642916933
168.0,30.784738228672243
47.911915,29.17471589521634
8.0,29.490958813366333
12.0,34.5128186350415
96.0,15.809393507281673
8.0,28.040870621551047
16.0,36.312795059160564
72.0,27.774807931704576
10.0,18.49881604643372
65.0,34.730136800000004
8.0,24.384174252658642
12.0,31.48886847625589
12.0,46.86371291840058
24.0,19.0383815594085
6.032192,44.95076047039592
10.0,29.436924313193266
6.0,24.9801572797832
20.0,21.395621671744067
6.6046576,18.887265083019297
50.0,19.512622114347863
8.0,29.191367573333338
4.0,20.459432767706847
30.42422,10.432074976666668
6.9906483,28.4600735304269
120.0,30.44130115961707
8.0,19.036978537386624
10.0,22.114966920685998
12.162731,16.85549444329493
12.689139,45.65603876012642
120.0,9.625756290064698
120.0,29.014057775765963
96.0,19.159169851386
15.662464,40.362518474004794
65.0,44.085735732721886
16.0,37.67752682585205
72.0,37.369466344143476
18.0,18.27969662885927
29.13342,27.227058457005565
8.0,44.662019250268
16.0,48.707922012075116
24.0,30.82436694199388
96.0,48.26695804744178
9.510544,20.159642911987753
72.0,49.4424306642972
96.0,31.024711625543897
120.0,33.68620275006695
96.0,31.48553401383653
72.0,29.096892329104882
12.0,36.03913025677641
12.0,32.7574230121856
6.0,39.81415238136533
66.60721,12.16146549766835
12.0,19.355869705413948
192.0,29.490313956292233
118.54644,20.48314190257915
88.57116,9.938483559723077
15.0,23.243419641535002
8.0,19.497689152284988
8.036685,24.121250468264154
96.0,24.147714959412596
8.0,37.589652377208154
72.0,34.011249474303504
12.0,25.21784269483589
48.0,24.172363261003817
72.0,16.294393528304795
168.0,28.669250929999997
10.0,39.36212839893177
4.878026,24.741616461624798
12.0,19.67425183770347
12.0,19.8621276512861
12.780452,27.145238415460987
23.486198,51.27230839535178
92.30667,22.774487373468094
12.0,30.34794048149187
10.0,37.482730177836174
6.1105833,47.544189184821505
48.0,21.655677654458234
96.0,25.282200900760962
79.79134,18.57551380559787
6.066672,48.16633641141272
16.432432,22.852953098048168
15.993384,23.849074696886536
72.0,35.547731334454596
24.0,23.663662687628122
83.05698,49.56916870930867
8.0,38.13226701153788
10.844531,38.38987781908732
12.0,34.5011960262824
96.0,38.054346994256406
16.0,32.9750665785584
72.0,33.292254448028004
14.0,28.2697654761292
4.0,47.08823578406104
96.0,31.41047073494432
72.0,20.943814059801063
96.81423,28.947200358123
48.0,22.764836258329993
16.0,33.5141439032801
12.0,28.62968307142457
72.0,33.26312666752874
12.0,49.85453982541945
14.0,20.271138157109657
48.0,29.015812366919363
76.583206,29.8539888639782
48.0,12.42115192825248
24.0,4.143597934591001
168.0,50.57489994994779
15.0,28.283604880632815
41.242794,20.66599160906558
6.5221453,29.912186357914035
5.329302,9.778700098603174
144.0,77.93896439389218
16.0,24.8488236560658
4.0,15.67575748839379
24.0,20.2699287963717
120.0,13.731766587865847
8.0,19.348106907122602
96.0,28.21521717492217
24.0,27.82363844200381
95.55997,40.092841517045244
96.0,49.01464080695024
12.0,47.423622857820796
9.4674635,28.91167466503463
29.349838,18.719797835215694
3.0,19.65692793679893
24.0,27.50454379507228
16.0,30.319126192424246
72.0,29.587111207981515
12.142783,33.426526709947346
72.0,18.743525448205297
12.370871,26.654448365585097
10.0,47.336732523638496
65.0,33.156879526318406
144.0,48.16077947066639
14.0,25.023903806012246
8.243038,36.73414673077614
24.0,30.36517746846418
8.0,44.64793399913083
22.26856,18.026203555864665
65.0,37.16659339640799
24.0,36.7330850523833
72.0,27.025336686834876
96.0,37.309218282350116
24.0,28.193827572094822
20.0,47.268782887609134
96.0,8.4930670804928
60.0,33.01080955103603
16.0,32.68842001658056
15.532118,9.78182179810074
144.0,48.4910169802703
40.0,15.899687946094819
142.55624,19.303681802983167
72.0,19.4103173624321
24.0,38.12067132792667
12.0,19.45404012696514
21.454937,27.61432954528972
12.0,19.93997822756928
23.168167,35.09013492238568
48.0,27.506572919693628
24.0,16.368666014780263
12.0,18.754045234659944
4.0,49.52367692649884
8.0,10.438096276049633
120.0,176.93911550404582
72.0,24.50369746033938
24.0,29.57046952133867
10.0,39.565463048458476
120.0,44.48953964005916
144.0,40.48054439351841
12.0,10.0464866536018
24.0,12.091748418734069
48.0,24.168432342716894
144.0,30.039049780682557
72.0,11.091204373472479
96.0,18.79526403723968
8.01245,29.68058241646096
72.0,26.92448756676852
9.00587,26.75408196242765
6.0,17.108499804407515
48.0,37.838804789486666
72.0,26.873332139955107
192.0,19.459243771384635
11.035492,21.832967940230414
72.0,38.484930587188074
13.229927,15.00277343854038
72.0,40.279063523910686
8.0,29.099088867082266
72.0,16.68660761516665
12.0,19.90158084605072
65.0,27.308348164731548
48.0,15.774476931187703
20.0,14.3117775192464
72.0,18.56002433756064
72.0,14.528957778636325
86.04129,27.991047154166914
65.0,9.698833952146
7.0,19.813481498202787
17.374718,40.447013865343244
12.0,48.299646388418516
15.0,20.185999147636576
24.0,16.323602761742134
72.0,37.594832705144
48.0,20.173400714246966
96.0,19.35632726469789
19.35813,35.57338442129483
18.142576,32.558992816428834
40.0,44.6616682955077
8.0,40.35304114973195
24.0,30.48527307186878
12.0,64.77450554562559
24.0,32.08599916525453
24.0,24.65689537234284
336.0,30.055330011198695
12.0,46.54060872653683
24.0,15.675639172519306
20.0,13.819677044810835
96.0,19.421109800000004
24.0,24.80979887235602
72.0,50.67854116935829
20.0,112.19225548462762
120.0,29.046951057305364
24.0,19.012020659510952
72.0,21.85603281881915
24.0,21.50403776415459
36.0,9.767445115138777
8.0,26.0713316567387
120.0,18.689981315875716
24.0,42.15232227427125
24.0,22.141145590792714
130.73274,25.913985175353602
6.4305615,49.12530780758607
96.0,18.539402914631708
8.0,46.10517784755412
20.0,10.101063010364983
4.0,29.939136344057736
72.0,18.841350734887346
72.0,19.585613805914722
24.0,28.002948615878395
24.0,25.894684533280902
24.0,23.882859136343782
120.0,20.966251210020562
12.0,36.46538173910421
24.0,65.06220661466988
12.0,18.36222058358304
10.0,19.522996687677026
72.0,19.514894649469305
15.764425,45.98190929501998
22.0,20.182439965732318
24.0,35.63648293200032
24.0,12.312086559124667
14.53703,30.00816900678639
96.0,19.399037315513542
72.0,26.13766344643035
12.0,28.131882711917708
65.0,33.81314844102515
6.0,37.697993501387394
65.0,24.132706593242023
73.45148,18.79503428625542
24.0,19.241728506964503
72.0,34.68291204057194
96.0,18.31866599334038
12.0,24.40003399995318
12.0,29.491535437902833
12.0,21.968565323025203
15.0,23.728398692258423
24.0,19.79731082966372
12.0,22.662040991172198
144.0,39.755087288995306
167.62337,38.74274706118871
24.0,29.26965068965548
7.954547,38.657154451477034
24.0,20.244869514223357
24.0,39.30949216028587
12.0,49.123727813970405
3.0,27.024757700174852
12.0,25.3765016014144
12.0,31.333062704286803
6.0,18.978802546886477
24.0,24.434340049358298
8.0,26.835852752961213
15.0,28.086790318267273
8.0,27.121221755737043
72.0,29.186113408312522
18.0,19.51624152894225
22.0,33.66541032779006
80.62563,38.33564949768438
8.0,31.21126038090758
96.0,24.176854765021844
17.416018,18.749181017400765
72.0,29.64513038
6.206164,47.236141048906866
12.0,22.1365727951253
72.0,24.53054339413784
96.0,8.202007149574579
14.0,12.5099559412421
12.0,29.96679725
72.0,50.68061301117182
14.741686,31.36602182943308
24.0,45.601329130920995
72.0,18.20092056890919
12.0,22.281424876382093
4.7513857,29.173222793757002
24.0,47.38346283660231
336.0,32.54841145785816
120.0,28.78504672909364
9.533648,29.245219809756847
35.84368,20.5161640452126
24.0,30.56367820822747
11.648567,31.605834985829983
72.0,37.87148212965677
120.0,20.639469043169658
94.10484,28.855745055405933
48.0,35.41509069641927
72.0,18.794686838760438
72.0,18.393671774931295
7.313723,35.96358537042796
24.0,51.74057423003908
96.0,30.82327342047704
8.0,26.15942426084627
50.0,50.70845333333333
8.0,18.915406548058726
4.0,29.16976156167487
15.383369,36.51635408297129
24.0,21.33302966441076
12.0,34.23268601244335
168.0,19.431656646856887
168.0,31.138764085691005
168.0,27.87411931268394
8.743277,27.605951089810173
8.0,29.969799883770502
96.0,47.0888057421916
72.0,36.224674872017175
72.0,20.024882456142578
24.0,25.36105737201411
72.0,47.364047126200056
18.0,38.516527729442004
96.0,9.058926383
72.0,20.9325867555096
20.0,13.831998610179498
138.12573,33.17536001157529
24.0,24.094951761422493
7.0,40.57636923091201
22.0,42.666177017543774
96.0,15.942501654931796
336.0,18.331476864978125
72.0,32.91575211704247
109.69338,36.582710349901824
24.0,9.371099957410394
7.575602,35.96810709033504
18.0,29.483805516745246
96.0,23.711138271592702
48.0,29.12234114890051
96.0,24.26520079389692
3.0,29.665345845467836
71.8378,25.254247940392876
6.0,48.26731563964938
96.0,37.88111916721064
14.0,19.67409187177627
78.28123,37.75502066510395
24.0,28.319323255197922
13.755144,32.762433979838306
24.0,39.169719400185286
48.0,19.90243578939968
10.0,28.26227765936784
24.0,19.061382919855394
144.0,19.735254235291972
12.0,28.946119661778802
96.0,37.55120288661075
9.331849,33.20028639105207
14.0,29.3342750778807
24.0,17.48482547421268
24.0,32.885851654608835
18.0,35.09666887997209
118.78951,24.1078456496877
12.0,28.122447436571946
24.0,26.277040356321347
96.0,24.276404941612462
20.0,37.71101561652947
89.78093,37.09241931701702
24.0,36.140500774551576
144.0,25.128069336679395
48.0,47.54290453624129
6.0,46.5102532579652
96.0,16.18933096945028
11.56443,25.386090783639172
65.0,22.940375925035
120.0,9.54670000982936
10.0,47.79095689192881
96.0,18.62694164549804
4.6499214,23.648345812129666
18.0,32.55055550725991
15.470777,31.046274060841917
12.0,32.54585610932353
144.0,45.64353793271287
120.0,29.613118420026407
120.0,35.946615457091426
15.397475,26.677834989577416
336.0,36.39943336723159
13.000381,31.8297290731488
120.0,42.262154146643724
96.0,39.29300818299237
4.3919497,38.026185571599655
24.0,19.040767791585868
24.0,34.74697500423209
24.0,33.801261462587185
24.0,31.641047072509547
24.0,25.33694174739297
7.5031357,26.169634608617002
12.0,31.468524069894425
108.77877,22.30061748901576
72.0,26.04346535330228
72.0,19.398727857732922
6.0,38.814725168819464
88.02019,25.523321062623918
16.0,25.5359868267251
48.0,37.308103583704934
12.0,33.69901958204133
15.8482275,46.643793495785715
12.0,19.163802269284798
65.0,29.855259311999863
6.9566784,48.95106069572285
6.0,49.977427265085616
96.0,24.9791446632062
11.8353,36.6322224316352
168.0,20.572055798961745
6.0,47.799055135539504
51.908817,29.11029976296284
12.0,15.60306270256465
142.6124,17.14429469697248
120.0,38.89665818573194
15.960907,47.23744012643767
204.0,30.243312349269335
24.0,29.10996687193988
24.0,18.18563409724605
8.0,50.156229044354326
23.528534,20.884881009316874
15.754357,24.485398395474824
110.0,21.123761540099796
92.23145,40.46705506529823
276.39056,18.79525549633904
10.0,19.989021893887102
72.0,4.806893212404406
12.0,28.349760695527404
12.0,19.65546726224213
10.0,25.693656954083842
48.0,24.265017819238523
48.0,31.93263525379784
79.39626,20.661745795085135
58.161537,28.47917228523591
120.0,30.427398595950418
90.00904,26.033896372481482
24.0,29.252734383724746
8.0,19.9892509859447
24.0,16.0373826231905
8.0,9.853068193145626
15.0,23.61915625513628
8.0,30.375045781875617
18.046412,17.746179549308923
8.013313,50.156589115528405
144.0,33.09181333595491
9.745449,39.56620370091873
24.0,20.5769943700899
12.0,19.60445510989687
4.0,12.712415251586892
144.0,33.576178605458594
24.0,30.54043240616435
24.0,39.562023937187845
7.0,20.160647488533332
24.0,22.88503720242614
10.0,33.962095741431135
6.0,24.384480256644196
8.0,32.1590483816868
12.0,33.21553588328735
16.0,18.83569996660745
360.0,9.394908920093947
8.0,35.29751046528763
24.0,38.6390944041647
168.0,28.541816598563
4.049741,48.76328939580919
24.0,19.80289105038341
96.0,19.46196463301111
144.0,59.27889118101942
6.0,30.027830091308005
12.0,35.73722183666667
79.55162,51.70696754252764
24.0,20.753946129321402
4.161355,32.82047622409
8.750511,32.341344324063506
19.927975,38.32676173308854
372.0,38.91840226522453
8.0,49.80685810124591
36.878593,37.35305255012384
65.0,17.041493900346538
96.0,24.087541228335876
16.0,26.170576327755803
72.0,18.819206548089237
20.0,36.15595410566724
18.0,23.78946116028605
10.0,28.407415976371222
20.0,13.148929810383486
96.0,31.46592471950291
48.0,30.22216918864472
120.0,28.667542519577122
16.0,32.29102832
15.0,22.04705525989833
105.30256,49.700193939713
15.931427,18.014743731743604
48.0,14.64507293378677
8.0,25.2895467498263
24.0,38.2267171341827
72.0,23.432792261082128
72.0,30.141983976380974
24.0,29.115164659073425
72.0,21.16398763339256
96.0,25.181815801056555
7.0,32.75809411740062
6.0,18.62299711837261
12.0,20.078040895961376
6.69109,48.16134552
8.0,32.060726671831894
12.0,26.54721279717418
24.0,29.85129278585967
20.0,24.317248770947412
10.0,20.06889071841813
73.48102,25.186088731007167
14.0405445,37.80357773864184
288.0,31.04497182763018
72.0,32.13970313734657
42.77343,32.81330282088332
16.0,23.455371229352497
96.0,19.34606087078279
7.2557263,26.89441460433759
10.0,40.27062526450488
72.0,22.8473013355089
65.00334,18.61494673992033
6.915334,32.915954623105996
24.0,48.72836855833004
82.74883,38.67013198241046
24.0,45.20926761199884
24.0,31.394399283439
65.0,28.885347393159496
96.0,38.992477368520994
8.0,38.330154905243944
120.0,28.96436049277454
40.0,18.204426337234402
7.7521534,19.013640402720046
20.0,21.98506350403247
4.0,25.679062896790562
72.0,18.830950112908575
6.0,28.567623840180833
48.0,49.80618609871691
18.0,40.49694319442241
12.0,39.31310170867475
6.9958596,18.83535969599831
14.0,30.4448538437126
8.0,39.30619800000001
12.0,28.541623577758376
6.0,24.52177903289111
24.0,31.32977215037672
120.0,30.300641678324467
24.0,31.810945982010068
96.0,18.795305475808636
96.0,28.584536778054613
18.0,30.27851186684336
14.019691,25.366631967805116
10.0,18.887179587791845
96.0,36.73386629167961
456.74503,18.887275578151122
72.0,38.35687311234316
5.0,22.308200226062
96.0,24.676255103553803
120.0,46.526381735697065
65.0,27.210736303612638
20.0,24.280996772093463
15.0,3.726163212537742
20.0,48.90124276360796
192.76276,30.42433267701713
72.0,23.808053044604147
14.0,18.64004822181084
12.0,23.876865315871523
120.0,60.844982337396274
60.0,28.78416208477955
67.050964,19.65484160609493
72.0,33.292825574641405
24.0,27.85863924249616
4.0,43.67541390523446
24.0,40.578878603990916
8.0,19.293492875636
144.0,50.255747111573285
24.0,38.528750446726605
8.0,31.3952659156549
4.0,28.976235967348074
96.8212,31.392642569575365
336.0,13.076571500310125
70.39738,17.64784632094772
15.5585375,43.558705691755
69.043274,32.3409535621256
137.70738,39.756968585
120.0,93.5595860273045
96.0,29.1106990434704
12.0,31.82774442076267
15.954888,32.891532128592736
96.0,28.1080521753863
96.0,27.884526762767962
24.0,35.58527006162867
65.0,31.276648978950522
65.0,19.1475542704745
7.0,29.9198232720325
72.0,36.376981158937525
17.499361,24.50293409646115
15.0,20.087907612860494
65.0,39.546747350000004
24.0,27.220975458524865
120.0,23.407919674030254
15.823126,39.820848176028214
110.19249,51.34357232183
10.0,16.75830148406839
14.00804,20.321110221402222
6.2279963,30.258633951569937
13.093598,30.252231171996677
24.0,38.79947002162179
24.0,30.24263637687
336.0,22.495062987255498
144.0,25.728388280993467
24.0,49.9800894838944
6.010322,30.012934499578005
14.0,29.271547397415464
24.0,28.387537631736866
12.0,28.513065441666402
65.0,48.96938177185808
15.8331175,24.59886633942527
99.577415,24.299953257062302
14.0,24.582664071185903
6.998867,28.115807177136286
60.0,24.74137536531272
8.0,33.76520108529027
65.0,50.20682301707891
120.0,23.06326254836981
96.0,38.713310106813374
24.0,19.901465622530118
79.80588,24.201787382219408
8.827324,48.29646844701227
96.0,8.03552481621831
24.0,32.91983667895787
20.0,25.95327851997147
12.0,23.7398409915892
20.0,22.498424167450395
24.0,24.576211601788444
24.0,24.575588715019997
24.0,31.3939782960799
120.0,35.39875039397437
24.0,46.472054511467974
72.0,20.310321529497458
72.0,45.3645988849096
96.0,18.254125331601404
6.9564924,18.76248796231375
6.0,19.800493913585946
12.0,30.70126350160442
65.0,37.66748616883008
48.0,29.267538674639006
12.0,34.13925308396073
72.0,24.086713988873
8.0,19.03367777559602
12.0,32.36711410389644
5.0,16.791243289029843
10.61159,47.20648674214329
14.0,18.974512220948412
168.0,22.814740815531877
13.591842,19.9823081690126
120.0,30.108422549614055
65.17256,22.7875893976392
6.0,43.706255751053504
24.0,16.936077877454355
14.942046,19.974764838896604
31.018599,37.62478704770401
9.174204,35.87536387658848
6.0,19.695713783718
10.283557,34.281818689089135
96.0,46.18313968208036
24.0,24.352031695419935
16.0,30.325522399574364
120.0,38.50429104393341
12.349703,41.157438144823566
8.0,18.6343086086096
80.90805,19.90097423736176
92.863205,37.584346366862526
168.0,30.69838859939242
6.9531565,17.898493953092657
18.8333,29.10714992399797
366.73544,24.263609841028643
48.0,26.452847608930238
6.993431,34.95314723537684
72.0,37.52870763800001
15.91618,8.517544300991405
72.0,46.65178166896096
60.0,16.270360650619697
20.0,19.9015217391422
24.0,36.77931766162269
12.0,20.454064171357274
16.0,11.34558570049478
12.0,23.429993466233242
72.0,19.03198663567646
40.0,19.40627008126422
5.161534,39.66896480636279
168.0,30.31980864347384
4.0,45.51206089888228
6.0,46.96961568443185
24.0,19.4491912526842
14.337084,24.31870261272504
24.0,20.884604590656263
72.0,24.26465586619604
83.576805,8.097592021203084
24.0,20.278009975009102
15.2897835,28.861154256442237
72.0,18.887928253398595
6.0,47.08902739800208
96.0,38.3320916611498
15.0,19.60202869716976
72.0,37.3032283563134
6.0,49.12545335775067
108.75317,10.3026483436949
46.00234,28.563408968000005
14.879859,22.416626551834856
288.0,22.847672950567475
9.24271,20.671623320751173
96.0,38.84651804892288
24.0,32.727703547013924
728.01337,23.37203655561483
48.0,18.734994192941553
120.0,21.798709509240798
15.379383,37.67565723672571
24.0,38.8930023749834
7.845133,28.482661020450934
24.0,38.816580635317735
24.0,31.388079888712305
14.0,18.1944432335814
96.0,19.00341918224009
120.0,23.09741930743988
10.0,37.3636475580581
16.0,13.461738807657913
18.0,34.32097769315652
17.262772,30.917558208776857
10.919558,16.35295383950458
48.0,16.651029986192896
24.0,38.79952575222369
94.29413,35.157749372697154
6.0,41.2660020973022
132.50645,18.272568898336996
15.848533,27.925512927319005
72.0,37.95426748889588
12.0,31.626613885700195
168.0,80.26363234690488
96.0,35.89767500961122
96.0,9.834587742633333
120.0,19.224950079018143
14.057126,22.43410191130898
48.0,37.52592507140672
130.46394,37.58309799649118
24.0,28.3590312865776
72.0,33.966232052881
14.020973,22.61694389327564
12.0,19.267383200046332
12.0,35.167656292089646
96.0,23.16415090481614
72.05311,19.328554761880476
12.0,29.02864325169068
24.0,39.918373820334935
4.0,20.10804790939413
130.2796,25.374328106790397
15.0,19.208480957788673
48.0,46.409995581638725
96.0,34.91456605999999
72.0,28.996700333379906
4.7760534,31.509705240754794
8.0,49.9170649923077
120.0,29.11326495698046
60.325897,13.805676287328861
72.0,23.265076647321383
12.0,19.68500299317093
24.0,16.4028977465024
6.0,29.958592132197328
8.726008,32.212191711005666
168.0,29.39264131303941
96.0,18.801659434611818
91.07287,32.664833658287215
72.0,44.17489110410016
24.0,18.91687496979634
48.0,49.870495654107664
4.0,26.520418660331732
119.27688,29.272258746690074
6.0,19.99300464463799
6.9859,34.45024216271044
15.0,3.7180434429596683
7.9043503,19.451880795237493
102.02214,39.11336315269921
120.0,35.7962581629931
24.0,44.240292894561485
6.0,19.991850859661003
12.0,16.60413999859466
10.0,33.731484660878564
65.0,43.10660502855367
48.0,31.301311757293103
65.0,30.452036561528672
15.3500185,19.41496028969252
16.0,20.945435469057603
8.0,35.054608194074575
6.0,18.79426054643642
240.0,36.7366804936508
93.557625,20.26195267630594
21.615152,22.779764627043985
14.0,32.206404378692184
17.873201,50.60381686626133
65.0,24.087841646295722
69.57266,18.579791641987157
336.0,24.312068982010352
24.0,21.2643341312342
106.955666,28.984827412041355
96.0,43.9424280669039
24.0,25.360402435704092
24.0,24.318613342303532
10.0,32.69370196561544
120.0,20.55148448577167
12.0,22.805100022095598
24.0,24.2653120635233
14.0,29.953203469154598
24.0,29.109944023011682
96.0,49.12556166666667
8.0,47.986664129815765
72.0,27.481798555212443
12.0,25.6078762955821
24.0,31.3948006768105
24.0,19.419896020182744
140.00864,50.71122127174833
6.676433,46.85816559914445
24.0,20.647874369330403
64.36345,18.11439586365692
12.0,22.858214022559117
10.82107,40.468104527852184
10.0,12.312893327630167
65.0,15.543406863102442
16.081848,33.861815915812265
7.0,47.996419844953294
8.739018,29.286184784636436
6.668233,25.318693311561034
120.0,19.9478286876633
24.0,8.61834355191065
7.6518497,47.167659566257505
24.0,32.83091291456274
24.0,44.34406965534374
20.46184,38.6514811284662
72.0,35.585640275494185
95.46527,27.673011047161776
65.0,31.561732730134995
12.8782835,44.83669138249999
4.0,50.09321400036379
4.0,21.89618563203634
96.0,60.665628266666666
24.0,28.636733796466388
68.37089,33.8157969240686
10.0,28.647628362682877
6.279938,30.44278511910898
64.24502,18.433273507032958
120.0,19.600221321803573
12.0,34.414256688275
144.0,45.38289390547385
120.0,57.24404678992955
24.0,51.6825196730848
8.0,29.898794348765442
120.0,7.860854039968747
15.707574,21.229004458958006
24.0,31.69271951350273
5.475098,23.10412640941928
72.0,36.4420305365591
24.0,40.62801275
96.0,19.900560342661038
16.0,18.53734830855275
96.0,28.66230263254466
4.0,78.29742564254
96.0,23.130457087945512
16.0,32.244434227906524
72.0,48.49198467112398
15.4783945,48.33248668303788
96.0,35.112165846133855
24.0,14.2092728237774
12.0,39.5465010915113
120.0,16.783950084021377
12.0,26.07259073156574
20.0,29.6335451690776
24.0,38.0405840058056
88.86925,28.959683881691436
12.0,31.571178714472925
24.0,37.70233382112455
24.0,5.9345784163186
8.0,33.04122375811024
12.0,38.45129046037456
14.03381,37.004801379933205
96.0,16.05283334674058
8.0,28.943232307108428
24.0,19.383217214061037
12.0,39.22468332795687
18.0,39.02625858658923
72.0,30.999330737818703
12.0,19.443677116114788
4.244384,25.08017400431147
15.852888,27.702081991203247
10.0,20.329666668367448
10.0,46.67039774151095
12.0,32.789667888004075
96.0,29.085121706221756
20.0,28.263105762921573
4.0,33.0541026413258
16.0,48.319548065
120.0,24.73517695377085
24.0,31.301471725108932
10.0,30.44959432242241
24.0,19.08799254935491
15.0,42.60841307276838
96.0,33.81022136122136
24.0,31.042901608596438
20.0,20.943757866425404
5.0,32.86404571262913
5.0,29.604940944565033
12.0,24.74079955876712
18.0,30.040693775163646
24.0,35.27601272026802
18.0,40.039111382940526
42.0,47.09215797131354
24.0,43.48133605070231
14.010857,50.23816774076649
48.0,18.230752995295326
18.0,40.46783736396745
48.0,18.979668709329516
72.0,22.504395131396905
24.0,19.602620995364298
15.927125,22.397581709046637
65.0,16.817430954233863
60.0,18.66672712437692
24.0,19.055249702375267
14.019801,36.199226550686944
24.0,22.49571118571209
10.0,34.195583074709546
72.0,21.3531397805523
96.0,21.111285770177602
17.469181,31.02698457076991
120.0,21.82062908513216
10.0,19.267999401550984
7.5861416,32.03169337874324
85.42051,20.50007783014489
9.411967,14.5553696817755
20.0,24.5823181230682
48.0,8.358480443929485
36.0,20.309250121687604
144.0,27.832619480035866
24.0,22.510505603000002
65.0,28.3447352463743
24.0,23.28822997369725
72.0,17.607227161793475
6.974038,20.87614541193664
24.0,48.33176120375183
120.0,29.253755866203544
288.0,24.406392248501337
15.935508,21.088586282153734
96.0,34.9659426711964
240.15865,12.646195190424473
6.063757,50.209725250069056
120.0,9.535564613754842
19.823236,17.637650938218158
336.0,34.876862428034606
96.0,31.379715672127432
72.0,33.933626970829536
11.889308,26.022340479477332
6.0,29.12550483212187
120.0,30.337497833618105
14.253717,16.94079414524268
12.0,28.63218771171167
66.30783,11.2499597036768
65.0,16.93013221098304
6.9668,37.138537496814905
72.0,7.91816858724932
72.0,36.89425282143447
3.0,38.51745417799041
20.0,21.02587018881057
6.0,20.473581961657548
95.90997,46.62195085709077
16.0,10.302434291039962
65.0,19.585950094127963
96.0,24.080874143785522
96.0,10.89785300514903
24.0,9.809233269368052
96.0,28.90935060598439
24.0,15.291923594141803
72.0,30.425313959652538
6.0,28.53329308191376
8.0,11.61598217621794
124.370544,31.133127177061255
12.554061,24.5344551965464
20.0,31.82688980846005
20.0,23.209159147667243
72.0,19.543615890169285
13.606907,28.17507794648278
120.0,32.815821067439465
120.0,28.862937104773497
72.0,19.266511231692967
20.0,23.6568596386755
48.0,24.18816985938505
8.690609,29.395248334265535
48.0,21.425572175873665
96.0,14.343252064761366
24.0,29.67560214315776
72.0,29.490273448735802
20.0,38.53715750336939
72.0,38.545966945319975
8.0,38.138309124585206
6.0421257,19.57716449959167
67.91836,44.70776771886925
14.03102,18.978953621337105
120.0,69.07240906983378
24.0,18.81813317203297
16.958336,18.7943522235407
77.08482,22.78514067702764
7.0,34.71379866854032
24.0,20.730937008343247
96.0,25.12136313096126
8.0,16.93251646806193
24.0,37.17920536457151
20.0,29.848126074788045
24.0,30.73964256957227
15.0,31.759766061615007
96.0,16.19611291866419
20.0,4.673849717379375
96.0,30.50946660546752
8.0,39.209670150443806
7.0,25.372351212326677
24.0,32.78416497975454
15.862941,48.869071356799736
4.7558503,19.61067292837477
8.0,28.334316004582043
11.685307,37.74726492191348
72.0,24.276278824785084
10.0,25.37715070859729
12.0,47.960883696565205
72.0,6.662802055493901
10.0,29.708092633974623
96.0,27.326559740116583
111.50481,27.219590626432815
24.0,39.332117293249105
50.0,25.5504616314338
14.0,20.56351977132392
57.381744,44.08676322919148
48.0,22.701464388910168
8.215171,39.992452051929725
96.0,12.177897081874235
96.0,24.266441304335
40.33387,19.309474932785
10.0,28.034485526717678
24.0,29.244616501629476
16.0,32.02261013848922
6.0422173,19.96419988097791
4.0,24.9787303245983
12.0,23.79852585499779
14.054582,19.59273727019676
96.0,32.33965937074094
72.0,24.9794506881506
24.0,18.684324681358287
14.015851,12.27207165244747
24.0,39.162055466584995
4.0,39.00447484850952
6.0,44.633125840804595
7.0,21.9023706509382
15.0,19.14071224485217
72.0,33.26209313825078
8.186828,32.9274579363764
16.0,40.127702807724496
24.0,29.9032131591892
168.0,58.732977528140594
64.71697,15.830350319963841
12.0,36.70132998570901
408.0,29.916274931677993
12.0,16.180414031652752
14.369499,25.652460812471436
12.0,19.036080748611695
65.162766,17.909019251722
79.65487,21.87806358689266
6.0,19.43307133497047
24.0,45.69845980553703
24.0,21.365930981979773
72.0,24.54859718355374
69.71853,23.035000800286866
24.0,29.106630452670196
14.003902,50.613230876775894
12.0,48.175988950158036
18.0,19.599800192400846
12.0,37.14501275131282
24.0,45.059918615937555
8.0,25.217389632078163
6.9910088,22.218230279704784
24.0,18.41087780300162
96.0,28.12740258302095
96.0,18.7947157897754
6.0,20.453697788115452
12.0,28.268459560464798
12.504282,29.960766593941997
6.773218,33.789594568582444
18.0,29.922982259522907
96.0,22.220275173407003
24.0,22.376138929736243
48.0,34.18721373890546
48.0,48.357826481733426
120.0,18.96501738235115
79.94122,28.772321267299997
120.0,22.143068379515643
20.011938,47.643947818602406
120.0,23.01108528188399
10.0,52.55962580428886
96.0,3.8008651487426
6.9913893,32.36081120797954
36.52245,37.55131221508374
12.0,21.074472584276418
6.9843497,39.929775230564864
10.0,31.376218083969054
72.0,9.730943832056601
24.0,32.672090854606004
120.0,18.80392630296116
24.0,38.99063947491672
10.135766,30.47431750581554
4.0,23.2275477258089
24.0,30.808978315704202
16.0,20.26135933148798
96.0,29.439628944618985
12.0,33.560660924032454
97.31337,30.328376401094456
24.0,31.718653425150332
14.0,19.64696503717664
24.0,20.488637892389203
20.0,19.400578337140878
12.0,21.972420283276996
168.0,79.844355638294
8.0,28.796210523460992
8.0,24.97961760759875
96.0,27.05000420532781
24.0,35.225476494190936
120.0,26.7738909972563
120.0,11.370375180701952
6.0,19.77904243710938
24.0,19.04041830675567
72.0,18.889066395965397
16.0,18.567293361849597
13.775746,25.539682705737132
89.29879,19.420484267205083
144.0,29.12691228989842
12.0,49.93982631036966
48.0,36.30908909701288
72.0,19.42014713088806
6.0,44.66251197179481
72.0,49.444233173832
18.496513,18.797447247229698
292.18335,19.04020270197162
18.0,30.40744894589336
71.98687,24.9790210274576
48.0,22.913738149186337
72.0,33.56944149464916
13.369887,24.575706359750775
12.0,29.140860043535127
24.0,18.15906971401328
65.0,24.468835715714512
72.0,18.9336295809422
10.0,37.03285111131791
16.0,29.01478335262668
74.46079,34.49146285930275
68.83309,19.29730136813367
24.0,15.535551390498318
10.0,35.70115491712604
13.390639,20.601482056670722
72.0,24.8107450722248
4.0,9.857678926072802
20.0,46.635844613575266
12.0,21.470773711752084
48.0,30.434320680868264
17.192749,25.237603805567463
65.0,19.419406400118323
99.3801,29.125296225665053
24.0,23.653172324963904
3.0,36.85137500084135
20.0,42.67030085823933
96.0,22.579946302516742
48.02857,21.421269591378998
96.0,46.4105632205779
12.0,26.35660548646315
24.0,49.806084013900005
48.0,18.914906903924194
96.0,19.045174162049815
24.0,19.373115995245335
72.0,18.12425826249224
96.0,29.10971355646172
24.0,33.29426212421285
12.0,18.98889291730397
19.608694,39.179923804670835
72.0,43.51080356015967
17.542683,22.918130560487935
24.0,36.572572630423814
12.0,49.6194305303045
144.0,30.78229030413469
14.039494,36.52629993438643
12.0,24.309229453375206
14.778839,46.1827197451805
65.0,18.7948214439866
120.0,13.184956593646762
15.935927,46.7853386434554
12.0,48.27100464547589
96.0,29.1104530770596
6.0,27.060455795629768
3.0,27.165848130683404
24.0,12.152821596013881
14.389357,29.699855898384072
24.0,26.31772460605499
14.0,22.1159750677976
120.0,11.8745603685946
26.58309,19.349036030618603
40.0,28.714593080000004
89.81823,22.746925946285508
53.954735,29.9652466763789
75.80219,37.805696656613506
24.0,19.347986160976102
13.740437,24.81231233489933
4.0,30.150006828597792
8.0,39.75462910546148
6.0,12.747957395319096
3.0,36.452414100607264
24.0,47.43988686712313
20.0,18.921528058270322
65.0,22.335518396812013
10.0,40.239074698097596
24.0,27.70203987764708
72.0,49.9178922380564
24.0,28.10747338649055
6.967966,33.90123967982552
24.0,24.9782411638073
12.0,30.560001591920688
120.0,30.171738210470608
120.0,4.825285691201442
24.0,29.9666799598697
9.763848,44.86298783471017
14.0,39.1817289753929
24.0,34.440089359698604
12.0,29.11029234291572
12.0,27.69763502900407
24.0,29.491668539902733
16.943727,20.5565588392192
72.0,18.887325906445497
96.0,16.07965902916766
96.0,19.610305829620383
21.330595,32.3403378132278
20.0,18.58822860889365
96.0,28.380843593798822
144.0,57.95430033916192
4.0,28.01254779424953
8.0,46.103642510912
7.0,30.64780864550936
6.0,46.07791478048054
96.0,19.949985234987
5.0,44.929900732932694
336.0,20.32239488693031
24.0,24.2783888323825
42.0,16.221727833783824
96.0,32.16101399228195
15.3327675,34.044004936666674
21.814972,17.3190457782579
72.0,19.421104101949524
7.2189574,30.320666831395613
96.0,19.263955813954666
12.0,39.70323862257675
10.228597,32.79528591071932
24.0,10.783649452313867
24.0,45.92394050230308
24.0,29.792442677179274
65.0,44.48923351215116
48.0,15.43451428149932
16.0,34.45248382030451
24.0,31.394357009643702
24.0,31.581261515352313
72.0,8.1586187825456
18.0,38.10888656061262
168.0,33.78429685845521
22.530083,29.5295964170538
16.0,23.541919131639215
96.0,29.1126395465402
378.69666,17.142639016738162
8.0,19.53167598926195
15.5852,36.820807321792195
96.0,28.673804488257502
72.0,20.296457111130824
96.0,36.94356729505907
7.0,20.244489184424648
96.0,19.8885832895257
24.0,27.90901441578071
20.0,16.17539859041989
72.0,19.391105323496298
12.0,12.669639819479796
10.0,21.26750763472269
16.0,26.24409034148653
72.0,30.868307956203058
91.33689,47.445605202744204
24.0,20.16139647649554
85.97957,19.9497290595477
15.422632,27.48063398693237
96.0,16.64515476860942
96.0,18.812340006671157
24.0,15.908865700241698
96.0,19.155700337118688
24.0,21.35353953275666
12.0,38.79144994373341
97.967636,33.4519663172252
24.0,25.858802042409103
72.0,22.25451888130738
168.0,74.89130622822435
10.0,19.673779464929655
8.0,17.9087256422344
4.9010067,50.33847347505538
24.0,4.377759742123532
4.0,28.962584176537213
10.0,38.989297732682374
96.0,58.249998888339206
72.0,20.2710613243551
65.0,20.482933829404697
96.0,18.11388272140933
96.0,16.10071306304724
96.0,46.64600484818338
24.0,32.10352476614228
24.0,21.00204597111978
24.0,26.066681091447553
9.613438,28.720420961218853
24.0,19.989702010388662
72.0,8.054973687456426
24.0,28.546515593227326
24.0,34.6555838766319
72.0,20.3896319870588
336.0,30.170911173277773
96.0,25.820154247940525
48.0,28.65382063750586
6.0,23.086127203203404
24.0,26.0419106610146
20.0,23.605929792874004
20.0,39.94096979576226
96.0,30.53643818915169
336.0,29.6580247017358
6.0,18.66279942624426
24.0,12.15281442639716
144.0,34.25765133625895
14.021743,46.62770841801224
12.834757,4.008071585853567
20.0,22.678740668311278
24.0,17.74460512831186
120.0,30.57183950408753
96.0,3.80751752390018
120.0,25.113703314676133
120.0,27.464775086381955
81.998024,31.3947249714181
14.359998,20.943757697953803
72.0,45.3820640382416
72.0,28.450616403372333
96.0,20.2701626474628
96.0,35.171348391819194
96.0,18.973036440911123
120.0,29.786396789691928
72.0,18.980334159807946
24.0,19.136463779777117
65.0,49.362389961928535
40.0,18.7956281766032
8.0,24.9816890295965
16.0,20.182108734308066
168.0,48.13382874712846
20.0,19.555005712257532
6.0,28.979749317073257
24.0,9.812448868384228
4.0,16.870905947501832
8.0,33.731171062113184
99.89107,34.94160666442559
10.0,33.81994435267123
72.0,33.1227009238697
96.0,23.725158686496993
24.0,34.29184362584164
48.0,26.437490865821214
15.750765,14.564451014709158
7.0,12.153669818534
65.0,20.91364979006556
8.336584,19.1968714263746
72.0,41.40857910456665
14.0,10.4950110867806
4.5667953,19.461307636290236
133.5863,33.882444975656725
12.0,23.895521096469498
15.387289,50.24508679010609
6.0,49.80845123474501
72.0,19.419825835548444
168.0,28.466595336000005
24.0,20.56548510715025
12.0,20.187619204659647
4.0,32.307643955565844
72.0,37.80477968227588
12.0,25.937078972120293
12.0,28.901585450582658
8.0,28.806275942050288
24.0,6.228159414088668
96.0,29.217592630175524
4.2813873,46.78640812951614
72.0,27.49853218397204
13.217184,24.7422191852684
23.742897,38.575810177700475
24.0,25.184910300246443
17.271305,33.35595368362154
144.0,37.79581438837201
96.0,33.590082703202576
24.0,29.796732674100266
72.0,24.115307544719297
15.0,36.78866144465213
24.0,15.43100760329636
119.15234,20.309496520142936
120.0,31.26178986165924
6.7992787,27.537764056089532
72.0,49.01976658603098
82.667015,15.760213238387179
12.0,24.305064305212387
288.0,91.37025292466504
18.0,22.850414978019533
15.0,18.937888561756502
23.52788,19.04207237380217
14.0,40.12777920019228
8.0,34.07565872091245
120.0,19.9477782167307
72.0,35.222081404664856
14.041159,40.0860376337635
96.0,11.644895327711719
7.0,28.733231266678473
3.0,38.577484040814504
10.0,29.637892104968
72.0,19.34992216741749
96.0,38.557250263318146
14.0,26.11561839285694
48.0,42.832616879313356
126.12772,28.120217201187973
96.0,28.14928496191412
6.0,49.422564390767306
24.0,19.611003183898053
108.0,19.37049532831383
8.430635,26.56062492204872
144.0,79.54017455180201
18.0,32.394557271224066
10.940875,33.46208009172835
72.0,16.218119382270395
20.0,21.4065338372793
12.0,27.494600967500002
6.0,24.385099547926274
24.0,46.182427813478476
15.0,20.945658516282002
144.0,25.070655185044586
144.0,18.981986048611944
5.0,30.127066293625955
10.0,25.29414908093138
72.0,18.787207468043302
96.0,27.875010784909364
12.0,30.235136090728936
48.0,50.570537022869715
12.0,15.04018284380686
72.0,18.765709838011876
22.0,20.4092423919967
12.0,29.099412362951934
20.0,20.308535854773336
5.976735,33.159684749705946
10.0,44.085661744483104
12.0,16.9048526602907
72.0,39.22663629866252
8.0,11.358796280367681
72.0,48.971927876930955
8.0,24.64492382582561
120.0,42.17090320161992
20.0,19.81287628590181
24.0,34.248219595305486
10.0,19.80211082312568
9.106917,29.9667691566683
96.0,31.70656211263537
10.0,25.868173898653243
72.0,17.665813645043908
236.62024,34.07052398693991
120.0,46.18309834178024
8.0,24.30840323886889
64.54959,25.599320470302544
12.0,24.324064552846902
17.004921,31.266869290221504
24.0,6.340257435544153
72.0,17.63099208792695
75.76206,32.974630493132
8.0,47.849597842005686
24.0,17.68577191379108
6.0,16.415792339692484
120.0,6.947742231382471
72.0,22.962089163714026
13.364707,21.717953782297773
24.0,18.964806811645666
72.0,35.643312154810744
5.0,28.272549224814632
96.0,24.26542299659864
24.0,9.66919678799905
24.0,40.67894149120471
14.0,23.327175103521355
96.0,16.4020379669708
10.0,20.2702996091118
18.0,29.569167150838005
20.0,28.088188843874462
120.0,42.52954714682666
12.0,12.569807771398187
24.0,45.07428284669004
14.945461,25.480787703716537
96.0,50.44095845757867
96.57977,9.666526091106
12.0,26.426116063341677
60.43677,27.883204983876976
48.0,29.24613410769704
20.0,17.669939341467256
12.0,20.55626494095368
72.0,33.592014500501946
144.0,20.103839476419985
12.0,34.23221300590084
40.0,30.21711629376853
6.0,25.20186103299595
4.0,35.968728793400395
14.022816,23.395032675745405
48.0,27.8625641259415
120.0,37.629595025561606
20.470188,26.112080300239732
15.0,22.596598713171502
10.0,23.4372833768695
10.0,30.519701534059767
14.0,29.11212647883104
96.0,33.12214742030312
96.0,28.559531360559564
8.0,28.985621493337078
10.0,22.4008524377087
96.0,19.211228799486438
8.0,37.32742272032274
24.0,29.230511145006858
24.0,13.105523765126701
10.0,24.5823818416183
6.0,28.795422449253227
10.0,24.571621882983816
10.0,33.87419789
9.197962,20.38081107516765
8.0,37.45148355505532
12.0,24.5834553799418
14.0,35.28564288936176
120.0,19.96255737183656
120.0,16.507579124592798
20.0,29.57163802310107
16.0,18.860455427072882
16.0,20.308971816613337
24.0,13.524391641067147
4.0,28.343210091778687
24.0,12.132497785980032
72.0,18.41815771388732
12.0,23.717401487647283
15.829662,20.25079408142035
288.5879,19.65505633611093
24.0,24.386313104041246
24.0,38.01411120050673
10.0,18.312910001576796
10.0,25.29050989648598
8.0,20.966878451847148
24.0,23.84228306637016
36.1481,38.2261797542675
24.0,30.30496261674164
6.058143,30.44034839116855
6.0,46.07492561755914
24.0,28.53797362552696
96.0,31.678816419652
24.0,53.587686386053676
65.0,19.287920666275166
20.0,34.38043801666509
14.309653,31.48027848221873
96.0,48.489972575161765
6.0,33.822403695899744
31.750288,28.848410788482504
16.0,33.160714560878
12.0,33.57435343902992
8.0,28.06425085572094
79.45295,17.551916095087265
20.0,32.24660856295681
6.0,38.94656496571324
17.887949,37.67575639282351
6.0,33.6793536849647
24.0,19.0409711100345
24.0,28.300567444105383
24.0,31.0550636541552
6.0,36.73712751439373
336.0,28.339820333676503
17.728607,29.4472494903805
72.0,30.50674735820636
24.0,33.555280921357145
96.0,18.982253010000004
12.0,37.89360743840313
24.0,39.598720180502944
336.0,38.94021754600236
120.0,39.533025297537925
96.0,23.78581200730864
72.0,29.0583741515933
15.0,19.511901870473746
139.69406,92.67780440410534
36.0,32.01085758470608
72.0,47.77303443802549
48.0,27.45608762323912
20.0,24.27462750883218
120.0,31.66011163315712
36.0,36.6505268190595
7.0,40.073906013383095
76.60663,17.198571640039304
48.0,24.320198601952246
8.0,24.008111244394232
6.0,49.989071319113734
48.0,16.938846048338977
15.758995,18.604375580142882
68.280525,37.15229337431402
96.0,16.195203441257654
14.1571045,38.208431490095904
3.3710527,19.695422545562955
24.0,20.0447161801244
16.142395,44.05734421505945
96.0,32.28903959837277
120.0,38.799996187884325
65.0,38.06470643734756
12.0,32.24116610598249
97.000626,36.33709984051903
8.0,40.893162061783805
96.0,13.049382900390757
24.0,23.22667267323995
8.0,33.40499130029661
12.0,35.87953511843137
17.84207,9.9218343175904
96.0,40.39854261254607
108.0,36.679415880305264
96.0,29.825579159880952
24.0,40.5352635323312
89.6775,24.06314529331244
72.0,11.53198190524795
72.0,19.719770938627704
65.0,22.593487654654798
72.0,40.507829158641364
12.0,19.02491166703182
65.0,29.11132928560226
29.743193,49.10962004213485
120.0,23.306372011854645
168.0,19.21157883658098
24.0,50.15498920618172
14.325489,21.58837255026127
144.0,37.7333929401218
6.0,19.138276446612608
4.0,33.6544607053262
18.0,35.73772460897937
96.0,28.706853982923104
94.37357,21.47590114693958
120.0,2.1826147939162666
7.2219644,23.280745841413616
72.0,28.627337118622417
72.0,30.648465075712608
168.0,35.73548767716564
18.0,22.701433160504003
72.0,27.592991978434878
16.387535,20.423888946939876
24.0,29.632505661882835
72.0,50.70738957655955
6.399504,36.89110451976533
72.0,18.918404782047908
48.0,24.269487960545064
24.0,26.058319136484307
12.0,34.58001435646987
14.0,20.64850740621838
88.38491,23.74829628941814
10.0,39.58601451165178
12.0,45.18518317204318
72.0,19.455410538953245
48.0,28.07898120357346
6.0,26.396494132354242
72.0,19.420584977071343
3.0,48.428710660095874
48.0,29.745745202324123
12.0,49.68272372761782
24.0,21.268087541303604
120.0,23.214004997486
6.0,40.57696674132108
13.530302,34.09418166102845
14.696712,18.7411179399392
8.0,62.67478124480151
20.0,29.1099480491516
96.0,19.633920756380203
8.0,36.9132724252641
4.0,77.42788674187213
15.983187,18.20491409949836
24.0,18.46022152798796
131.98187,37.95112361398047
48.0,46.21906915245314
16.0,32.47615212296191
12.0020485,32.88018334284463
24.0,39.30613732280234
72.0,30.834685748661915
8.0,27.082031842449858
24.0,19.90282920985676
120.0,31.3937580962506
96.0,30.70202231919071
76.53249,17.51224725514814
72.0,36.11010123881289
96.0,19.455394358174722
12.0,34.91564231288319
17.735535,20.37789982069956
24.0,15.54539725917848
9.207221,24.202313645645905
48.0,15.139329483755255
12.0,24.9790817321912
40.0,27.889003986979276
24.0,39.233926382822105
96.0,38.71875526739394
6.478352,27.6839306640014
20.0,14.125542059416954
4.4687624,41.005974227759204
120.0,24.610450704767114
24.0,47.85438204167343
16.0,50.63332224202835
16.602535,28.26999269996968
8.0,28.37533558765504
8.0,28.33369950000377
24.0,29.9665637375831
120.0,27.9391380378872
72.0,12.071511420934982
10.0,30.41255277058187
20.0,48.00335693453865
8.0,26.169256649987602
12.0,19.608822566849103
24.0,28.534937304577554
4.0,34.2263208710681
16.0,47.537333096933516
120.0,29.9676444164117
8.0,40.943285815752
8.0,30.4338311490112
9.805768,19.2276200005269
16.0,38.15157318947682
8.351976,41.498254964771604
40.0,48.08170615787906
72.0,32.57688272898488
83.40639,36.21991528316391
8.0,22.053377596062653
48.0,44.63712913628434
120.0,36.99603298606507
24.0,24.264549139271242
168.0,21.2332265998988
7.4836946,44.44028953065825
69.15332,28.92331218141862
10.0,45.51236489204597
144.0,34.81029092506725
96.0,37.85548124841489
18.0,24.45716828910673
24.0,9.841788822804324
72.0,40.141241288059156
24.0,37.977936550974725
24.0,24.265227766009883
12.0,19.540770076094528
24.0,16.34926622165982
12.0,17.81018836206556
18.471802,32.75042177021277
16.0,29.6190655735002
12.0,30.71017402813991
24.0,31.099406765547045
120.0,33.86394185207459
12.0,26.31765887582092
19.574755,12.312124160580867
24.0,18.891099799357118
24.0,10.752244512544872
6.0,36.660467764050395
12.0,24.445482651306005
6.5314984,30.60033855262215
17.551098,45.34142220121203
6.379568,34.48889510655554
21.95258,48.29702943491017
18.0,10.176513115283202
20.0,12.5159944881446
8.4840765,19.053232616086525
4.0,30.44320245500285
4.0,47.75277141302966
96.0,34.440140912162626
408.0,28.20454270366319
96.0,27.882843098620807
72.0,18.2103922938605
96.0,41.81731124493183
96.0,28.989776130371514
72.0,35.66031975396021
60.0,49.584322793919064
65.212265,19.922846452012898
240.0,6.1892995244416
12.0,19.665294390166693
8.0,32.85522169584194
24.0,18.43636824452891
12.0582,38.41452140359249
65.0,29.1620482716601
97.22635,38.61608835749999
12.0,6.028379860193845
3.9084766,48.14024873037133
17.391993,23.383464519724644
24.0,18.635800201473053
24.0,46.85846587253775
12.0,19.237405214914492
120.0,38.80010280592022
336.0,33.20332402101664
24.0,32.34160455519764
12.0,28.109398952850505
24.0,10.358360306991619
65.271286,25.30848861297406
12.0,47.746809603838294
120.0,14.98873590631673
72.0,28.82136637070386
89.815704,13.011548234863108
72.0,50.34513603716397
24.0,28.565042071452282
18.0,37.96024407320817
24.0,19.764592103211115
24.0,27.270323898245305
72.0,30.70147518939221
6.0,35.104512064904
96.0,35.359242701737486
7.5204935,49.17728742079285
7.3688917,41.57070253272987
8.0,24.470168599981232
120.0,47.67873931788944
8.0,19.481269603552125
12.443069,19.67437975251367
144.0,11.86800226686065
72.0,26.174230550110174
96.0,20.309445809000536
11.65875,18.7961290123622
89.98904,29.11041070005902
8.0,19.824299688217604
24.0,32.66261970137984
6.0,49.80695077425491
120.0,19.38675719459486
24.0,16.60286099032412
6.045477,36.33500094647168
24.0,24.978813826241
96.0,28.33982702545193
6.0,35.73740163666667
24.0,49.12519541613437
12.535364,19.676093916845268
14.0,36.19895045624109
72.0,17.408064110496078
24.0,19.991579361387803
10.0,48.363666569977404
108.0,37.056392306870904
24.0,5.822802042224086
65.0,12.155755419247638
24.0,33.1607941351184
48.4642,45.134537603523945
120.0,38.05879370840003
14.0,34.57059385405118
12.0,21.421974696223998
240.0,23.32519546702937
15.0,26.8053088858845
72.0,27.697639805247682
24.0,19.90166898153512
96.0,31.63918494644272
72.0,19.770862428834587
72.0,19.611288327169884
35.737072,28.685939664753136
12.121079,16.93268342695998
10.0,30.564414236106902
96.0,18.78113031123447
24.0,22.3746874043732
5.0,33.12538689593323
20.0,20.04087542519887
72.0,18.984109755505166
12.0,24.357751152392535
24.0,49.12523002016957
10.0,23.796459516103997
12.0,18.7824475284684
15.0,21.9403644453241
96.0,66.11686475568169
120.0,27.790126561045998
81.32874,47.223151370000004
9.794157,34.2140965539743
19.659904,25.61965339723094
96.0,26.392587610297813
3.0,49.42344737758355
14.747855,24.9806483978645
120.0,31.46711019134538
24.0,32.931753054816
24.0,46.74012836747063
14.901203,32.49838663875544
9.832147,36.754424309984095
24.0,32.95988876981506
12.0,39.27238704318447
24.0,22.290434315533588
24.0,28.51251321272576
120.0,38.53496147165954
16.0,18.49025999832338
48.0,27.542651703463864
20.0,28.778910280657602
240.0,26.515113959483003
4.0,32.77608795979338
24.0,18.794248602925936
66.29866,26.99405551817382
24.0,28.122935539795645
12.0,18.562222406681297
72.0,29.691423089348
12.0,8.88010649130788
12.0,19.992484775671734
14.0215645,21.238729592785162
13.732874,24.861955632694457
24.0,27.08433689924822
96.0,37.07474679534272
72.0,39.0658039264209
16.0,28.01402084697163
65.0,16.191738581030478
12.0,26.33043591850501
15.7593,24.35168607075352
8.0,45.98142331795435
20.0,27.606054954128805
120.0,35.363384624678304
10.0,36.797706449906286
58.80131,24.564663715793774
24.0,19.00454686975809
96.0,29.252219127339846
16.0,13.686639530568844
65.0,18.878632607010896
72.0,35.81098153413833
96.0,18.965599974506663
4.455298,35.7307883046768
20.0,41.136944837378
17.2182,34.40221417960328
120.0,35.867020965004734
72.0,31.26846165594524
5.0,38.02654005054783
16.0,32.66888806435085
8.92471,13.160652453074
58.804184,29.253074450892765
12.216768,33.819798907536
96.0,28.0957239442057
168.0,20.182337245003204
18.0,19.42073896225976
12.0,46.679342996
6.0,27.2085001190745
8.0,39.62006603147213
18.0,7.29162448727378
15.0,20.05722342306149
120.0,26.596780510012522
48.0,16.37031048627911
108.0,37.31827706448832
336.0,20.522110665952344
48.0,19.450073022546437
96.0,27.86045014278932
5.7009225,46.27690944054695
22.0,19.683452020972318
13.702001,27.2801170972658
8.0,44.338456437652994
12.0,38.04144904022152
20.0,13.0301804666816
64.24019,27.293180754965274
65.0,51.25390261891475
16.0,19.67490529674127
74.30466,37.79214872008044
72.0,46.18337751206438
72.0,29.49115316043873
120.0,25.22035332519552
24.0,19.39318692631076
5.0,31.6567797681516
24.0,32.22164637035063
12.0,34.5429746662576
288.0,25.62648995296767
24.0,38.18928168551828
24.0,9.606209136335785
6.0,51.55719511478208
48.0,13.234914123719644
4.0,23.737715429453267
10.0,47.60683160030901
72.0,15.583154108881873
113.991425,24.26507065414406
6.0,45.05684760533155
10.526084,19.420074707756662
48.0,4.550533155112247
6.0,18.54998745914906
120.0,35.30928560879375
24.0,36.54312961500968
24.0,32.763260829747004
14.035255,22.01259202950483
40.407944,36.378663350000004
12.0,28.350399590186612
48.0,28.942553727414474
28.485096,15.54286935292928
118.37816,19.65726393985813
65.0,24.112031233374804
72.0,14.722521788447647
12.0,18.72136276241705
24.0,21.0903812900657
72.0,29.001643381162946
93.32202,33.143239621170856
17.038996,26.277660104330668
8.0,33.813591130250835
24.0,19.666990109881365
96.0,19.23970719272914
22.0,39.80079498666666
168.0,50.01109350852027
96.0,39.29527381918507
4.809475,31.805249107159774
96.0,26.050978568944682
24.0,13.496486731479331
72.0,39.166060971861505
60.0,22.849799414427473
18.768692,29.252109984589953
24.0,38.62003151159678
336.0,59.8927544052515
24.0,14.661246880870403
24.0,37.18111688144827
12.0,34.57446899578977
24.0,19.438003349910943
27.343658,18.24520269923478
15.879637,29.063724048223225
48.0,48.14720836503596
24.0,18.510150804899602
2.8187296,50.93264482259461
20.0,38.69515645717205
6.0,50.22093154570293
17.89562,16.9319953117536
19.211708,1.2020355346456
15.975155,18.794670027536597
48.0,19.97519774047081
20.0,28.576188117657153
20.0,21.63803989958976
48.0,24.483491987537295
72.0,47.75391104401064
18.0,29.746095186666672
12.0,31.336533426951924
20.0,18.73965217206867
24.0,47.979372700000006
65.0,18.2544157516406
24.93618,10.302303719684721
120.0,19.11366890100391
120.0,29.76555223738881
20.0,27.5502977743136
6.9634824,49.72987912681469
96.355995,50.15408739522605
6.0,24.002929779206802
96.0,30.49002600919328
10.0,19.330923568616893
19.721771,37.91282623517867
6.965715,20.285537489303398
18.296442,40.31656232106705
144.0,37.968119597250976
24.0,29.786388599743894
8.0,35.01113169824855
3.0,41.42053915553076
48.0,19.404390254258402
6.0,24.65811016613526
13.540424,29.895102639551283
20.0,33.824538797653595
24.0,19.349186960336002
65.0,20.12480401425878
24.0,48.98732295311395
72.0,28.9615519756206
8.0,20.295470636931324
120.0,28.997361085601707
67.10262,19.411344834747084
24.0,22.062710187841706
72.0,19.04073625150387
168.0,19.166992549624798
72.0,32.3402573475902
72.0,17.139884721227865
8.0,29.360476129025386
14.0,29.585950969079143
51.176117,18.805343328637175
72.0,24.036465347329578
6.2308154,19.679642845268422
12.0,38.08077030413648
4.0,29.961971100513807
168.0,40.57774633395377
72.0,28.456106064663803
72.0,23.686408513280544
6.0,29.44787590523634
96.0,7.802174428140679
4.183725,32.26322729106327
50.0,24.819127971563002
336.0,11.006775824939993
8.908037,39.245399930691406
48.0,18.281601135791096
36.0,39.78112805958343
24.0,43.851961154257374
4.0,20.2707537174852
18.0,22.5043825662806
72.0,29.429635197494143
72.0,21.186939754827602
16.73153,22.512130417836335
24.0,24.98778061674607
12.0,21.028753709139647
24.0,20.794092164917217
3.0,39.32180705520327
20.0,15.663128807814442
65.0,28.7130977681936
96.0,8.982360628302773
12.0,42.72219568409551
15.0,29.10476993088692
24.0,35.00971415877873
96.0,27.163051502897673
14.001426,28.810158893344134
24.0,18.80807265972142
24.0,29.252952068724994
20.0,48.48987968
11.870015,28.484296092872533
24.0,37.67156841358209
7.0,37.5992487973779
96.0,50.70992221228927
24.0,28.47520006097415
18.0,23.07490689469888
144.0,30.389393314880724
24.0,42.95226437914342
8.0,26.976864676840684
3.0,20.9438873558976
6.073656,28.418596897458404
12.0,33.71817725559067
20.0,35.497553449296
96.0,2.7427744398914
192.0,8.0860497990432
9.224221,19.09635488
6.0,19.804226442639806
72.0,18.345714475231382
72.0,18.734052674157343
8.0,32.974239619516396
12.0,30.871252715745083
12.0,31.778058952512296
120.0,31.018887912373287
24.0,28.77415432987126
24.0,46.78866178590147
24.0,34.160109139549995
13.687769,40.810878316196124
96.0,18.300843575166564
96.0,50.739425583808185
4.551226,26.082754450059635
144.0,20.349447630444796
15.888409,26.8315966516692
67.66846,12.137750777391133
6.0,30.548420120091656
24.0,34.24109904707808
24.0,32.277628752250614
24.0,35.204270250497494
72.0,39.01916439603864
6.0,33.20821732207556
12.0,31.461207329366754
12.0,31.66010040427143
10.0,21.229635030871147
72.0,40.07872562493023
8.563391,19.674527423428568
60.0,18.810475579119412
12.0,29.672637707579984
24.0,32.67219878316519
72.0,24.696277037498753
2.8920147,34.54902390264421
96.0,24.128715440986785
24.0,47.980570399396306
24.0,26.1025246169903
12.0,32.57078410149761
12.0,19.660508699725828
8.085571,19.34683305034505
12.22582,24.878515776812005
12.0,32.033367549296244
4.0,14.23163314947024
15.679118,27.883012340000008
48.0,19.461733742758966
72.0,21.966457665820837
10.0,43.94139110860417
72.0,48.29820513850667
72.0,19.269632973028266
60.0,45.07207063939334
24.0,20.041582830315285
96.0,11.318626428807162
439.63315,23.719808974211364
15.0,25.21765578072233
72.0,20.09742686408804
22.0,45.078015564576
8.0,19.40965613951228
24.0,18.80694865334127
8.0,24.550215847317265
24.0,19.5155016376389
20.0,31.886309682231644
24.0,36.280516032987684
72.0,48.28420375908181
18.0,29.804609036673995
72.0,16.36113178912999
14.007504,50.47201654720271
24.0,33.268360773893605
72.0,23.12928299643956
24.0,23.060360966338354
12.0,30.451752480108365
8.0,36.9329755768028
6.0,24.7413450798284
16.0,29.214993951760146
168.0,32.36058123860461
4.0,31.61429428010271
48.0,16.256445418124798
15.769765,19.04072851231667
6.0,24.098140317794776
6.0,46.41665409933951
6.0,29.721201963433998
168.0,49.518227642555644
3.0,36.85411735681334
24.0,15.433439778970401
40.29508,40.3537804237187
16.0,18.590832135469615
20.0,38.47414734122366
12.0,26.003494633214608
92.53683,10.573363941973657
15.0,19.370666619767597
22.0,36.314831704999996
336.0,19.039890246555668
48.0,8.185681092461541
24.0,20.23218639451003
20.0,49.125314756136866
72.0,19.381545996982368
110.26281,38.51641677585925
15.878692,21.0429198707255
12.0,33.90469528595271
106.9999,39.30660607737995
60.0,32.75225002578493
15.0,18.560254152379255
24.0,18.75395931232332
72.0,32.34046345651568
13.351667,36.853179890653465
22.898071,19.957561018505004
168.0,26.169071000000002
24.0,28.8079239062846
120.0,21.570034626206002
120.0,49.330993287641775
15.700443,19.102937174292105
14.229895,19.03950787333567
72.0,29.257509884790203
68.22882,28.216214229164574
82.60997,38.01149682726979
24.0,50.41015161610667
20.0,18.804369868755913
72.0,24.276093136271598
8.498725,20.9337822600957
24.0,12.257058941723649
24.0,37.88718236311295
5.0,28.584879060896622
96.0,37.38770766485039
7.0,19.732550480394398
12.0,21.649133924460983
24.0,22.51367466625124
96.0,41.23133201401982
96.0,50.30378863657339
8.0,18.879265603907175
14.0,33.54304744286421
94.41751,29.498144379011393
24.0,25.393397280838013
24.0,30.6665874465554
120.0,58.94170676517813
12.0,38.94834800466555
12.0,20.563759351354882
72.0,37.447262464823304
72.0,50.79205020327696
480.0,32.73216749951573
30.816265,39.8479966544011
7.0,29.490815531009833
13.601012,29.376369545611706
72.0,27.45542007510584
20.0,28.0036105418684
8.04005,32.46593851091229
48.0,48.87088633055448
15.307301,30.2824504273562
72.0,18.616480422035522
128.09598,17.849422990150458
24.0,37.0981518273654
12.0,19.2104683062967
72.0,18.796171354186036
12.295338,23.765980004976633
96.0,28.913633899158235
24.0,20.402395902037668
14.0,26.409720746927444
3.0,20.403151592629253
24.0,20.814028837891975
12.0,31.73497794071396
102.28601,8.43161163355622
64.808846,11.448723261272605
336.0,31.434831209428538
15.913945,29.64457850517472
15.0,20.825834514015234
21.58707,21.02055627132295
8.0,28.940074572347637
72.0,44.49092306684252
8.0,8.079783182635502
72.0,22.428485005867667
20.0,32.185461251534605
18.0,49.9175658933062
74.86982,26.368312200276165
10.0,19.03399990900089
12.0,45.3831158562095
15.973034,19.78843503994655
21.803316,21.144197533058474
20.0,18.886652158997922
72.0,24.264810457432763
24.0,19.04724884173366
52.015842,34.70358598985493
144.0,36.263485247808745
8.115761,28.63724819
8.0,20.476399486211083
24.0,27.0799910556461
168.0,15.51225852763203
12.0,30.181363070083
8.0,44.30096980045205
65.267944,33.226699809277164
65.0,24.286009684430763
24.0,22.5531623571737
96.0,24.395615021168748
48.0,31.67886163338372
4.0,29.31735743666667
6.0,19.192964287028413
8.0,49.020709217294794
6.072035,30.341114423311094
6.993405,47.96131477638645
78.45343,30.262433056557924
72.0,45.86090644764135
12.0,19.04252730357307
15.878089,43.784510259431855
144.0,32.40948520124081
24.0,31.537113012974483
24.0,19.419476878772723
18.0,55.8689979864995
24.0,24.277810532781906
19.387842,27.502582977747053
10.0,37.13849072272182
16.0,8.3620361117782
15.0,36.49797066138467
12.0,18.782089684787685
120.0,40.413177935560746
8.0,19.65578216013333
7.181682,28.270357489274563
12.515565,48.78588722412886
16.0,28.751747898941044
6.0257754,32.28275036053653
72.0,29.33066522152602
14.0,47.56128685048533
8.0,32.37176766066754
72.0,8.148515270434956
187.3149,40.36139687012013
24.0,19.986707980848102
96.0,15.649448018157713
107.496,38.041481443401196
12.0,22.92486934213496
72.0,19.57007169130922
72.0,19.11435132770522
6.836819,29.84728622406972
15.0,35.27667858391802
96.0,19.67496572905267
15.0,17.115740649732295
6.0,20.364391168765884
108.0,27.726357097654525
96.0,29.90082528506828
18.0,30.990486621711977
10.0,43.704674106624736
24.0,29.464939460975167
10.0,38.519454952413334
48.0,33.387950229102856
24.0,28.139580799476004
144.0,24.26491860900176
12.0,20.0741567845153
24.0,32.507986124113025
14.0,19.65510066799253
8.0,36.35999139562665
3.0,31.2554336964365
72.0,38.86695698173421
48.0,41.23154153816756
48.0,19.234756252212154
29.934332,22.610698980898174
12.0,30.338890555029003
65.0,39.9789662338024
16.0,33.56541904625908
12.0,21.135187650829042
14.0,29.274317408346572
24.0,42.00382095142801
14.0,19.67096644570136
24.0,19.80000993695544
65.0,28.15238495990768
8.0,25.10506001351333
78.376854,12.603464349334173
64.741974,22.553835115102643
4.484507,44.31371566736161
12.0,25.276101684367525
399.06985,25.476178438618696
24.0,15.544552705203621
20.0,18.886570402499995
65.0,48.489344899038805
12.0,47.44321676770211
8.0,20.126102707854436
48.0,21.56233850019483
24.0,38.047112598489
12.0,29.105514390277346
24.0,20.718322900247333
11.582174,21.681677617793422
12.0,17.3130886333772
8.0,28.467931087096645
20.0,19.419915396460762
6.0,38.5379268838545
120.0,30.015843221709922
120.0,17.472620444992863
48.0,18.979914000537928
12.0,35.66420741227712
12.0,37.07631568227473
48.0,48.729001455512694
8.0,30.538909697785872
336.0,25.360320177170177
12.0,18.41235240454993
24.0,31.29706296436934
36.39112,31.74977204851812
24.0,18.835791515339515
4.0,49.91781246411425
18.468468,30.2818706166972
48.0,1.3798500892714332
72.0,19.420894684839684
72.0,28.62413859283565
10.0,37.519003411486636
24.0,19.03268578593827
48.0,15.898112366897669
65.0,35.309796973267346
10.0,38.9964634690957
4.0,33.58047862106817
6.7473626,33.65249479938413
15.0,31.632230823638714
72.0,38.77410233863865
48.0,28.702859611622934
8.0,19.32413531906616
480.0,8.3558835389882
4.3878574,35.27108123370755
8.0,47.6578452672188
6.0,32.728377747900545
65.0,19.050977442173117
24.0,39.36318038726977
10.0,20.54267843247852
6.0,24.252668955131305
24.0,36.16762131492468
24.0,24.469714905698513
8.0,44.303900352018836
10.856916,15.61970157078754
4.953171,51.34450668393585
15.0,23.591276239530746
6.9486723,37.482961830697256
131.90565,37.66668741308294
120.0,48.84864810206964
96.0,9.442786482902406
18.0,44.09478145860338
110.0,25.22108433743
119.6375,24.26505618284408
180.0,19.3497131147354
12.0,7.914450134507241
18.0,29.282598582289683
72.0,38.10821122663897
65.0,26.169398323924405
14.032809,25.077514391126662
45.133648,19.452838051702926
24.0,27.45039244783602
96.0,18.677526072307174
16.0,31.093191850000004
96.0,22.60620955407809
132.0,19.67327317136767
8.0,29.432143618631923
72.0,8.563891178561256
12.014345,45.492977160957935
65.0,19.40893618589726
24.0,18.83648217877991
24.0,34.16215544719777
15.486056,19.522437050597695
480.0,31.40341082057826
48.0,20.67292277984412
65.0,33.240528813721674
6.040838,19.497789410492135
16.0,16.025433276730958
8.0,30.42395416276985
4.0,23.404803994394403
168.0,49.124436526812666
7.0,28.88292441785282
20.0,37.065770422637634
16.0,34.67012348488219
24.0,24.443982641702924
65.0,33.68652746394533
7.0,48.362443212060946
18.0,48.689626557661185
144.0,49.1204952994645
24.0,28.330803917745705
18.0,29.32251439589466
14.054502,31.45325420301971
3.0,37.182692822759705
6.0,28.63912055269559
12.0,30.331035715317622
13.024973,33.91119049061869
72.0,18.47180272651808
72.10718,22.971026703045602
8.0,24.5829180078378
120.0,36.66016783009618
24.0,35.65819331631462
16.0,36.16944129224071
24.0,21.803156962752265
6.0,29.0060833823753
72.0,34.85791066054556
24.0,39.73884942244458
24.0,28.9936962402063
48.0,19.420975755105744
96.0,33.40741130413009
384.0,18.752184672595646
72.0,24.469118531953924
72.0,21.412938340180162
24.0,27.70320120877528
72.0,18.783297875986882
96.0,30.452530682850426
24.0,15.875793162087012
144.0,19.61021217389485
12.0,48.76184654183254
10.0,30.372120632693846
88.849724,36.50189798168912
24.0,22.53426781273806
72.0,49.10993788979936
24.0,20.662297768263592
168.0,8.486033530777755
168.0,99.7940081459999
8.0,27.482939379135928
96.0,14.275115588920425
6.9668,50.036805003956104
12.0,48.934607746386575
46.394604,50.26207844438017
24.0,38.68538951380456
8.0,26.7147550624625
72.0,30.9946299634508
72.0,29.39548342268327
20.0,29.99461517399841
12.0,23.485462156044594
12.0,27.804565231789855
72.0,37.44610242986225
72.0,28.761757108299506
12.0,38.67426796000001
96.0,19.3171949030454
48.0,37.175126704597645
24.0,19.802934600054723
24.0,33.81158034448862
72.0,36.44492289539852
53.40593,12.158527729099408
12.0,33.3469985746337
10.0,22.588664608111714
3.134019,10.175780059210602
65.0,27.3517589696756
96.0,24.265406000000002
6.0,33.498048671548375
14.0529995,21.87734624449568
12.0,20.269836200830785
15.854055,12.669274073594801
72.0,5.58130639333568
20.0,29.96666394615485
5.383339,32.75192888369748
40.0,16.127073667882666
120.0,19.6186637965499
120.0,20.058727420528
89.07062,12.269660258951202
72.0,27.839377363973334
11.215437,20.994171545087212
168.0,28.533341935399488
24.0,14.008432578883042
12.0,19.65484259025817
96.0,30.34749633459771
6.0,25.482626670992133
72.0,29.273745071182383
6.0,40.19974060327176
18.0,19.278000756601962
264.0,21.842931610574453
13.203519,19.392153954484154
96.0,34.36524215658167
4.0,47.77163654903767
20.0,46.106315512991856
192.0,19.3494861941933
72.0,30.05095151915587
60.0,33.9531994106652
16.0,29.491144675658134
168.0,35.84704937963
15.962249,19.713019162010323
96.0,20.991275920052452
120.0,51.336316874000005
14.0,19.040172907968604
78.16053,14.655337811512803
15.966238,38.95354319181455
96.0,14.24378474226536
144.0,17.94203693528739
14.057434,38.01717540164584
96.0,18.795267006669796
120.0,39.611844024629434
9.26629,38.7199153117349
12.0,24.263837507118623
12.0,26.00094723989377
12.0,29.275271536170667
24.0,11.377790636676874
6.015822,30.44300236589287
24.0,24.994137380500003
24.0,47.997961704451406
29.115112,27.72593788959464
8.414588,19.389980325914667
6.0,23.436204490739733
72.0,34.877134968715104
8.0,49.5155481937252
96.0,19.04068438288047
24.0,19.987518189644337
48.0,27.84691481415974
16.0,33.4692729543151
7.0,24.583045774319203
72.0,30.645076006937533
120.0,49.31343313720743
48.0,21.980272754129622
12.0,11.868856219581867
8.0,19.164690078688317
12.636323,26.171260789217005
104.28192,29.448432840967847
24.0,45.08044548028053
24.0,23.291179723997868
16.0,19.38285831952755
8.0,38.16514501268281
48.0,32.09681579107782
6.0,19.40656492098915
72.0,19.18506574816297
144.0,27.78636219732062
10.0,25.375871402544387
14.0,31.94617944837064
240.0,19.765000570984956
24.0,20.665543012428596
24.0,19.530577947048883
116.02177,37.82977574146125
12.0,49.71203860047166
18.0,32.84769133561012
44.0,16.51478829617576
336.0,79.84370361305301
10.0,31.711361714405996
8.0,23.896603591322695
120.0,33.244649102290886
96.0,19.765573258786173
16.0,47.21707126841307
168.0,47.683224206836755
12.0,45.63582364822136
12.0,29.974208839320145
12.0,30.55480638026033
72.0,11.59206871036411
3.0,46.18312661542136
19.965965,13.81812015510857
6.0,25.00802224529795
65.0,48.4576512536885
65.06813,17.9282963484845
7.0,19.705571616652616
12.0,31.172999455271672
72.0,33.767071779987944
96.0,16.599755180174053
4.565373,19.68937785973744
108.61383,49.12550361823667
94.92492,17.8077937232258
18.0,24.5832760557236
48.0,18.757293145579112
96.0,19.29223281792548
12.0,28.832488916745383
8.0,24.601264945771284
2.9110692,44.127377923715294
24.0,36.90272453891785
24.0,26.084765569030882
67.59228,20.49496112345248
3.7208054,24.481828194211403
72.0,18.983813018513658
72.0,20.265256485195145
21.957777,31.568569921780952
12.0,19.601343876991198
24.0,28.805995369265986
48.0,40.57722351580801
4.0,46.4957243118521
12.0,21.311911033489064
96.0,44.087130470048606
6.0,26.28292697600274
60.0,38.791199521412175
6.0198455,29.110185580121602
336.0,33.863517515003124
72.0,30.643023901028023
72.0,31.549230999068097
68.78275,33.97466993822162
120.0,19.449953855752693
10.0,40.133176775488
20.0,29.126018928948678
96.0,18.795745522131917
60.0,29.643758305107305
72.0,12.212376659741999
16.585722,18.80677947364698
6.9598804,23.544502248335764
12.0,35.46858823656109
16.0,45.69941086382861
12.0,20.9329552140968
96.0,36.9451956790559
336.0,24.161213288144502
24.0,30.406791109268966
10.0,25.193414911456742
96.0,19.47438538281692
4.0,47.212111620023045
20.0,44.78886543518976
14.122623,24.85917194598613
13.740258,24.98014145642536
89.15725,30.713963559426684
24.0,31.972794104665955
144.0,27.822805488438004
72.0,30.36339753892059
72.0,19.0437922560628
14.885614,23.380210742788528
12.396535,31.982177894737
38.618374,32.624792966886446
7.0,49.58706797679632
4.963005,16.18964238259946
48.0,46.63777658402956
6.0,39.376330571177604
24.0,42.424668061805704
192.0,19.419184230253464
72.0,48.49915477475055
120.0,8.924530913711122
96.0,27.975482916586458
144.0,23.817578470057196
72.0,47.199328973655916
96.0,19.609956844271416
72.0,29.053722194309344
24.0,18.498956704774283
4.2604403,40.9821348439036
3.0,18.796315021999998
96.0,19.837302329638085
14.065111,10.899938837220963
6.0,29.480787381789966
10.0,28.44614110046187
2.6825056,28.96498543457053
3.0,46.6836008348975
96.0,49.107912145693014
24.0,30.79552107224303
48.0,19.656753701525204
24.0,38.689308900344
24.0,20.309584704939734
101.89564,27.281822779582562
48.0,37.04028683466911
24.0,19.201283342638167
50.0,44.08494926245832
12.0,20.09181611687861
6.957392,19.968659567990603
24.0,35.07876336925977
10.0,32.42503189938685
14.045236,43.050087460471254
96.0,45.38214454764575
24.0,18.689287717782385
24.0,48.13198903017582
10.0,28.702626104642587
39.287964,4.414316820511254
24.0,20.37737202064447
10.0,48.16971123939484
96.0,27.90230126697825
168.0,21.35729056294398
24.0,18.884373380023202
24.0,19.629461171398525
12.0,39.13935999248597
8.0,24.384295045076897
24.0,28.937005706450954
24.0,20.022065719492325
20.082985,50.38526995140108
18.0,48.06206759257123
14.0,16.58888738664245
8.0,27.054349900731033
48.0,19.433813514172723
24.0,50.55001184461498
24.0,37.514533298066
48.0,44.08554547424756
7.6260667,23.800558643973606
24.0,36.753135176580074
48.0,16.57605558873554
12.0,22.141119154358
102.690254,28.353954831881047
12.0,24.38355129933177
24.0,47.97334266050153
44.0,30.801779896810483
6.899062,28.64047417942346
10.0,38.688767291182195
15.0,24.441094064000005
15.0,9.072098345307866
8.118083,24.5817542268062
120.0,27.859603424191278
20.0,24.110439422467806
14.862783,19.03495808793418
22.0,24.080909424597163
6.0890408,31.24580923061726
24.0,38.13470624848967
74.30154,23.593488840061866
16.437649,18.530051564957258
72.0,16.52683775453804
20.0,47.97211694609934
96.0,22.582231928759104
12.0,36.58916045067457
20.0,19.13861540510984
8.0,29.86375662775111
72.0,19.35604661387638
6.0,34.350150089285606
96.0,16.011498859356802
419.41266,19.30194899726581
89.653885,14.614272371065129
7.0,47.5419635060705
120.0,11.348179117920647
18.0,28.889749923935877
7.0,32.49863081578782
24.0,23.631879705450004
15.0,36.73537334316908
8.0,49.12481078694517
8.416195,33.2622485413208
72.0,35.682258116140524
13.364409,34.502685079627824
12.0,33.382689862215535
14.044946,32.93628965836474
72.0,33.588614985810146
72.0,20.309826810767763
10.304458,21.646917311445712
12.0,19.65660841749013
65.0,16.46129738595722
10.0,48.20523600221901
96.0,19.37981718918032
96.0,24.132831022376095
15.0,28.5792490306028
6.0,47.61923662120717
22.299763,39.94264789023801
4.0,21.403327106655876
14.8066,38.4073066923797
120.0,15.746751290142102
10.0,25.87086858517659
90.839096,30.21290061432725
4.6888933,37.54672642079133
48.0,18.981135995818153
8.0,38.52765057178115
40.0,29.355758103654836
16.0,31.187329487203275
65.0,21.895482345145208
72.0,37.421719572026845
48.0,33.18156525116156
96.0,32.91730333702714
24.0,24.755285672714923
12.146177,38.051123686409596
130.97163,38.604198858538446
72.0,27.583850852040197
96.0,20.17324636965527
24.0,15.544902927745282
96.0,24.448823761210864
8.0,45.94736210860064
72.0,17.143669893584
24.0,18.888916764987762
16.0,46.182559712
8.0,28.230072777969006
72.0,21.700776095933747
24.0,19.165256143420798
16.0,23.281313719782947
96.0,24.266457215386403
9.939387,33.64211512565258
240.0,16.19103009457928
4.0,49.856242007892504
12.0,24.5833249999868
8.0,47.631183395945556
20.0,22.957731415589304
89.372505,15.542142580278142
15.999349,10.118053849896818
120.0,35.063707003605316
12.0,12.239229974341825
95.04953,35.8556098389715
7.0,23.52840702434706
72.0,28.687931889233234
6.1898923,19.980722338212402
12.0,18.732879502298978
24.0,34.90693981087144
12.0,30.886021032576885
15.696546,46.1032455503872
8.0,29.831168588459445
72.0,38.04065687332244
4.0,24.503462199200044
7.5510397,19.52572262811724
22.0,19.343425586021365
24.0,18.83519365777778
72.0,35.27595292461525
8.0,27.71835128401958
12.0,33.47621940668934
72.0,29.442200451886396
20.0,31.862573550766804
24.0,38.81699352845325
48.0,22.752506466620833
12.0,15.747717051931202
4.0,32.852295789866666
102.2754,30.29252355910996
168.0,33.55287048436057
12.0,25.70275826361596
96.0,18.725743909679764
4.0,47.54225438
120.0,19.426673678752298
14.506983,19.8550833703739
72.0,34.90756440255176
22.0,17.99885952083114
12.203489,29.109050425291763
72.0,39.550148005682104
12.0,9.512090994460758
18.0,33.790450366436055
12.0,34.376877266347044
14.760799,49.09846449451141
8.537726,24.225022659451437
20.0,28.859504045282996
24.0,18.1973100856496
12.4594145,38.257141865668714
24.0,27.10672584605492
65.0,34.64487634633078
48.0,28.93482493786902
14.049217,27.63492428053775
48.0,27.613549951590283
14.0,28.19538622304698
144.0,35.011741019470165
72.0,12.167766351845959
12.0,31.371699488463495
72.0,21.71702833317092
16.603043,29.96760350636
20.0,25.796733695059658
36.615463,17.65831260730892
168.0,33.60788064100203
142.57536,40.4087362935776
67.01288,18.984534968456302
20.0,32.14044054724399
72.0,19.297280365456153
12.0,47.65443968307005
4.0,36.592124778336256
4.0,18.980448173364678
72.0,29.56623048384284
10.0,45.11307095505068
18.230288,37.53353791572943
72.0,37.9648741009733
12.0,49.5746548293312
16.0,19.67463813142837
80.03447,19.17564068673206
360.0,20.073546199825348
48.0,40.32031099896323
8.0,49.702412143924086
65.82903,17.4608809262828
72.0,18.828378650886624
19.034859,30.89750167531745
12.0,21.522357200720833
19.48228,31.209991411458798
10.974041,27.453736085058576
24.0,39.02165988511842
12.0,24.5827163275294
120.0,24.408563338614737
96.0,13.022141574747577
12.827343,9.825343787934868
10.0,20.210339184441683
96.0,30.49385203947009
20.0,30.22810044067494
14.004898,19.461561492905002
72.0,21.8442358955993
21.70245,5.615366238264506
72.0,18.496613161677864
14.0,18.02225157865952
48.0,29.11121729419838
24.0,21.2061657113775
18.0,33.8833067623298
96.0,18.427300906412118
12.118847,18.988568505529642
17.147434,28.38235268269673
24.0,15.881668133786533
336.0,19.1133085238906
12.0,31.3943153238028
24.0,9.936646761970897
6.962339,30.722252474774784
14.0,38.02451549128467
18.0,24.980280075704
96.0,32.3400439320365
145.49829,77.10010996779174
120.0,32.84057158560608
72.0,16.285101073261707
16.0,22.65899255339132
96.0,49.98203657087808
15.0,44.657775992744156
40.0,24.38447786498616
18.0,12.613993008165874
72.0,12.3451473921285
24.0,19.691901019960177
48.0,31.936550273218522
120.0,8.020756551462382
12.0,11.828444019852402
120.0,37.536248369368394
72.0,25.967017133825898
72.0,23.404418843701748
72.0,18.690535394894255
12.0,37.4521205323376
24.0,48.971370322221055
9.390114,50.131624062677616
24.0,44.08577782793624
96.0,18.73537620628166
72.0,49.195373535303624
24.0,37.570230580300226
24.0,37.3254654
12.726831,37.0835074036488
8.436798,12.742032741188801
10.0,35.191827914876484
16.0,14.688287597303468
24.0,19.420760867125942
20.0,32.54747457657753
24.0,21.2298305212622
119.42314,25.7564416028673
12.0,20.479559598587464
24.0,35.50747969003369
7.0,29.252196039387734
14.214004,28.36903261333334
72.0,12.104775269071032
72.0,39.01749615197142
11.110221,36.815375300499575
24.0,22.389487185249756
168.0,16.93118387657475
120.0,38.03986749151478
16.0,29.33054469283264
72.0,19.656759225691378
15.479324,36.99791297607952
3.0,26.591363140101084
12.0,12.152998555177401
72.0,20.7433728458186
72.0,36.561962293141946
96.0,18.7955207606888
6.0,33.2918351436845
24.0,34.65665017864636
16.0,27.417050061821826
12.0,28.347901153393273
6.0,38.650968734434535
24.0,34.06542056994494
9.844354,19.663372007511203
24.0,38.59853255532198
93.1286,26.833393588321748
72.0,41.159245065836
72.0,6.41302840160554
12.0,21.471339014849224
16.0,47.25214925225179
4.0,30.882941731072467
12.0,19.832163600635738
15.0,39.491518634010355
20.0,28.7718630809672
6.0,37.9872042918563
24.0,37.06331152955926
48.0,19.399552138634082
24.0,48.299538079358975
12.0,19.236923947157536
48.0,2.9372603173562006
96.0,20.263635524046933
12.0,22.647072335015242
24.0,20.945893967810402
3.0,49.05630384332481
6.9846067,38.025380450878934
408.0,25.374947890768
72.0,49.90796161786928
24.0,29.10914758724612
24.0,9.729354218844081
12.0,23.53667458027781
240.0,22.249957623730403
168.0,24.9786264515213
120.0,23.48445004531646
156.0,28.396598662152602
6.0,23.87034173491519
14.708389,43.54358762988354
14.440775,48.86120991513648
24.0,21.203112714543526
11.422236,27.980160249995237
48.0,45.95712133124298
60.0,19.42107124082372
20.0,28.259732474099998
192.0,32.497837740622096
14.0,31.769095909779004
96.0,27.192416997484834
24.0,30.296163580152594
17.297619,39.17061624410417
24.0,30.453287386203577
6.0,34.97246630626464
9.686529,37.88699950652081
8.0,19.04501867307178
65.0,20.2557142757159
120.0,15.44710763728325
10.04758,28.490498135544804
360.0,18.77140281182635
18.0,20.9438235619608
120.0,10.437683312845301
12.0,32.596857158909096
96.0,50.71062298452693
24.0,20.723726381874215
14.0,47.542912263992285
72.0,32.35936948809704
72.0,23.458607450000002
8.0,47.6739199618011
7.0333257,35.18486897304255
5.0,28.924651502717463
12.0,35.737950467492865
29.618177,26.171546755841902
8.756167,20.281757660188404
48.0,50.36909062371939
96.0,34.016075325125826
96.0,16.1899476968586
3.0,25.551042021950003
120.0,16.759833249481403
12.0,34.07970784946347
15.0,39.65928442232243
12.0,22.43847888087619
15.0,39.262144085934935
6.0,19.722111881047038
23.152805,37.682979101197624
70.3392,27.61313343280782
14.0,44.662657423332064
24.0,37.6767441937895
12.0,47.23650776876163
48.0,36.53190159872102
8.0,32.036633779315174
72.0,49.50039349700674
14.0,38.08371928713046
144.0,39.560285061116964
24.0,16.116349200000002
10.0,30.0221215839111
24.612642,14.71665647280008
6.0,46.410847475139995
12.0,31.411822642489696
72.0,29.11021109984228
14.0,33.67676148403891
12.0,27.714826801999997
65.94806,16.206273553674198
12.0,28.2489199225729
6.0,27.922640296534627
71.16608,21.90858721458573
6.0,48.491477
12.100745,44.949280688354
24.0,25.337556546278854
72.0,35.81211782702084
24.0,45.05719606612048
120.0,9.587099830079001
14.0,30.447398369338
65.0,29.11081333820972
120.0,29.805890956438347
48.0,49.411731833014656
22.0,20.3563583829117
6.3951735,44.45575523428571
14.024204,19.611130667502902
15.85092,22.3691512626497
72.0,19.657107996789332
72.0,31.94167955174388
96.0,21.706614747056197
12.0,20.31197584856741
144.0,19.04163697964847
24.0,9.328593367937211
72.0,12.15648294113162
48.0,19.408578996777017
48.0,24.186695277009537
14.0,28.1839044697478
96.0,19.30057101411696
20.0,27.04646599921184
24.0,19.662677360048935
12.0,31.913880544843895
15.0,19.04104963666667
120.0,32.071518516194296
140.27278,77.56324265179342
96.0,32.484154097542095
16.0,40.3050974582208
12.0,23.2173792001421
14.0,40.54783413990773
21.181759,38.78475552253776
96.0,14.57468422747862
70.94882,33.124007712365994
67.03696,34.596853396940006
72.0,19.18901597052248
24.0,34.59650072637488
72.0,27.8093605038879
12.0,27.878804778681538
46.050488,15.585997027572198
24.0,23.816961214519498
48.0,19.65942317984312
180.0,40.0211572043362
15.816727,19.16059816053769
168.0,62.3191656786793
95.014046,17.70215988172772
8.0,28.194795615180503
21.756836,24.106154204439836
120.0,28.89212834139394
72.0,27.521838740445272
12.0,19.6033519331663
10.0,48.32377910859315
72.0,18.398337053735144
120.0,14.765130209083933
10.0,46.789646047242044
6.0,36.74549996765014
120.0,29.49012989746573
72.0,7.91613390887696
12.0,33.57834898594053
16.2586,9.189490915335467
110.0,75.28594025115851
48.0,19.173760267288497
65.0,29.082901779710248
72.0,26.823799478059158
96.0,26.169960938456004
10.0,26.902925557171997
6.0,28.5412587319292
12.0,37.85657020655615
24.0,25.20838011103328
96.0,31.137046631044104
4.0,37.36014734090251
12.0,28.51316048986655
6.404706,31.430674545842404
24.0,36.849631732775734
20.0,32.35302115750061
120.0,88.18442572787424
120.0,50.90655007484029
22.638693,24.264849770504302
14.0,28.254994752172426
72.0,21.513396154517736
9.726782,28.34753673310248
24.0,47.23801730421567
24.0,19.41932608642548
48.0,19.587660686201282
66.47308,24.159913584131587
8.0,45.85680369533252
72.0,29.28677751267457
8.0,50.67971647017662
41.524117,33.37157422532767
14.0,18.692523239006825
81.993324,30.39755488901408
8.0,46.18283100805652
48.0,46.787842695733744
21.300001,33.58895305621591
12.0,14.075680092811613
48.0,37.1585258815392
24.0,27.81675177520047
3.0,45.92772310352077
24.0,29.83743534123386
72.0,46.62787740722216
110.0,25.973132854676347
72.0,15.661466690723241
48.0,16.886689748851882
24.0,37.071323223353474
12.034204,29.473230218863065
24.0,38.54437075063253
6.9761086,20.563085874159203
96.0,19.501072094837575
120.0,28.901463167934637
10.0,21.598635896259168
144.0,13.106306253804002
4.0,48.19308907158203
20.0,34.0230661050392
16.0,29.456544164333536
24.0,39.9425273065937
72.0,23.5552011555584
96.0,31.792047109215144
24.0,40.545256858894206
24.0,24.367043272443183
96.0,16.6032538815731
34.990807,29.619755464771043
48.0,25.360646752900898
67.32753,18.445065836015733
10.0,26.034911877762717
48.0,30.458238182000002
72.0,13.23763828893387
8.0,36.46023955520729
72.0,18.677859395095638
14.032044,15.916920994552642
9.404197,18.861415293871683
48.0,23.811464720337597
12.0,46.784509230550626
24.0,2.8037856546574
24.0,10.592154350549167
16.0,31.388663979749122
24.0,22.590055853903756
7.0,40.14633596758933
96.0,23.739121809429683
96.0,24.26420639341424
120.0,10.22869412664675
65.0,42.822955265136265
8.0,38.59286759086302
240.0,24.979754
48.0,25.545234473536237
168.0,35.967767144120636
24.0,21.227908692591626
336.0,19.990516113528354
10.0,19.3485789050126
120.0,35.8666443028812
120.0,30.819825861623123
24.0,22.597674814894102
6.0,47.507542440343585
10.0,31.394062032415
14.064908,19.64747944932535
72.0,32.66042186203875
12.0,27.634613260533392
96.0,18.611352300558597
24.0,19.410192302064893
20.0,19.673190055112247
24.0,33.3498913092844
120.0,18.907145098582653
20.0,21.7312586012231
24.0,28.812754154848765
65.0,24.264874105916242
96.0,16.1366880191524
72.0,20.605494288133293
12.0,29.29288759659811
65.0,18.79623171397124
24.0,17.1877817418234
20.0,29.1109388700065
48.0,24.318553032295195
8.0,29.25038809055091
120.0,39.21059388918642
72.0,18.24865729896686
72.1993,28.051350554524234
20.0,37.78706612166537
120.0,19.200391800991177
72.0,24.291594895256836
24.0,28.459734289837172
12.0,19.051978378989997
24.0,38.02912027841967
24.0,36.95085826799788
8.0,25.53577179097201
24.0,30.059824315460023
72.0,25.359976195029255
190.36266,22.3691059929262
65.0,22.65928171841957
4.0,46.787326024797345
120.0,5.63228777952206
18.0,17.081767793367018
168.0,20.194719538104394
144.0,45.531723947349974
48.0,15.493001143799148
23.18758,21.670600730264432
67.43514,7.79725733234156
96.0,28.003131673336167
24.0,23.168584242435642
9.377401,29.967659272889
144.0,17.142226095437938
72.0,27.04994601687473
120.0,19.419971701078882
24.0,20.272366746034198
4.7095804,48.5885713457841
24.0,37.7134430161726
16.0,31.270921138812497
96.0,20.943748815274503
9.881271,32.3982476647726
15.180542,33.699610849132824
18.222546,19.292595425773282
14.468757,37.79724868474081
8.0,28.06893506
10.0,42.377016122795
48.0,18.734035128996712
6.1990147,28.968022495007997
24.0,50.21820883173439
10.6410055,24.15397932084266
12.0,29.015750944848165
48.0,26.768653376594
20.0,11.217023390526839
5.0,29.471605435058763
24.0,19.18634975122635
24.0,32.98448738567528
81.12283,20.86980798174347
12.0,24.381092386828495
12.0,29.138367217260743
96.0,48.72909932935559
9.747206,45.069666737226505
120.0,24.147784217303446
24.0,31.41684066210896
8.0,53.816940986335865
20.0,34.42818969514448
14.250247,27.957318044333793
120.0,47.54134088
48.0,19.41992919181387
14.5066805,21.733509877413674
88.020424,31.457011185265976
72.0,39.65762037245722
24.0,47.070189578430956
16.0,34.33263582503288
72.0,25.510845563723745
4.0,26.396831660254005
5.9909964,15.545182250619382
24.0,3.708102326362321
120.0,22.742711323385002
6.0,33.84624368765227
24.0,24.265222400000003
6.0,35.78209411705727
96.0,35.08629674611928
288.0,19.040780957416068
10.0,31.837685055980458
24.0,30.810231853031834
72.0,11.10843824977058
17.89562,19.176116989338098
12.0,28.105321090000007
72.0,42.962505468281535
12.0,40.481919770000005
69.005066,33.27535409624835
4.0,25.344419411484264
24.0,28.48961238866458
16.101942,16.822962743971736
14.0,49.012674952711144
24.0,32.36046726335792
24.0,49.9162159053599
14.815771,29.17321182438786
18.0,32.2652279148443
4.0,19.420613594885964
5.7948847,45.04765884554982
16.0,22.909583779933
48.0,19.541745597523366
111.24864,45.8163676085734
48.0,21.25158612365287
2.767357,49.71314715844977
168.0,40.059536163413604
21.279224,29.399920779644585
24.0,12.263321587656533
24.0,19.30468944886977
24.0,32.42232074664352
10.0,30.29465739383399
120.0,11.714015298386322
24.0,16.89374131846547
24.0,20.2704664060212
96.0,24.182569763079023
14.0,25.59945045606785
72.0,38.12799116757668
12.0,45.92379921019914
8.0,39.942573821100204
17.780788,32.3417839901708
96.0,31.243051313216693
6.021866,33.322605357186504
16.0,28.84369723753165
12.0,19.481246041784132
48.0,18.794813435746278
6.0,51.31510170206336
21.42884,35.82146495834451
14.048163,37.55327890579451
120.0,47.14036162539061
96.0,21.73427358088094
24.0,19.419230170553664
144.0,35.98668487563307
72.0,21.730397174827853
48.0,25.078584760225972
50.0,44.087353701280584
18.0,47.541645380060906
120.0,32.20508543520544
65.0,32.4996723366425
96.0,30.361850878398563
16.548487,9.65026402419368
14.010923,24.57394382259315
6.9641094,33.60959362056022
72.0,24.409166303568924
12.0,21.561640089372453
6.0,29.26291732291576
8.0,36.481599625413494
24.0,30.26075009662578
96.0,38.45679402032105
21.752268,62.29314144413903
120.0,22.91773052682318
72.0,14.196770624257923
96.0,30.439508505562188
8.0,23.69576024581387
109.300804,18.42600413300407
24.0,34.567803146004714
6.897499,69.54727862753383
16.0,21.97346229389184
16.0,46.40902495879881
120.0,18.380850057993385
360.0,15.985209563383735
168.0,33.279475388906526
336.0,8.889301795445023
96.0,32.729537969625206
6.0,29.883496553284917
65.0,18.883540229220795
24.0,19.90126897725224
18.682531,4.257368743093302
8.0,32.10552174401248
6.0,40.04018177878279
96.0,40.278446604631284
12.0,15.781220805274128
212.3489,34.31458475132216
6.0,49.12583287878467
14.209707,38.867413905655134
6.0,48.61109147879311
96.0,48.96510556603945
14.030178,24.2879451941006
12.0,30.970700357913298
20.0,24.383855727821896
22.0,32.97428829812144
24.0,17.251747574386926
20.0,27.401482715433225
120.0,31.41532098249446
24.0,30.667638470000004
48.0,15.870448994842505
18.550163,21.421207257376462
65.0,32.10257665816107
6.0,18.830960151154727
72.0,37.48855095085046
4.0,23.923708617763392
12.0,24.574257819970192
24.0,22.369572889748806
48.0,11.502974511908626
69.547295,28.654419172669364
8.0,49.843986691660646
14.0,46.103257894816004
8.0,28.1896915356558
8.0,34.249903813043595
53.670437,33.8147439686395
7.0,39.66666566638871
72.0,24.4770897239908
15.971799,19.348367177110553
24.0,29.15804159405379
72.0,22.666036837000103
65.0,20.310080097386482
24.0,27.423278097887998
65.0,18.795923734867277
12.0,38.18880269119306
12.0,23.733352236379698
14.0,33.0690782756165
24.0,28.810582390154156
24.0,18.215191077679826
72.0,19.383019960148022
15.012836,25.38334597426936
14.0,47.9499687620307
10.0,23.259638833300702
6.0,18.36515172355017
10.0,34.87036006624488
108.0,37.308472473684795
6.0,23.851924956843522
96.0,36.75249958491134
168.0,31.209034603848046
72.0,33.57807197414748
6.0,44.302202782913
72.303734,49.1074630912215
96.0,40.20040216742018
11.45582,48.1617271459495
336.0,10.074373633312913
8.0,31.67695344904861
20.0,32.138170193748536
65.0,33.948676628285
18.555403,20.53656536219936
24.0,25.099305224608916
12.0,18.835930871367527
18.0,35.203802921552246
10.0,19.394503640857025
96.0,23.808194990457284
24.0,11.712281436963941
360.0,21.295771220327655
12.0,24.21628365558044
96.0,18.43252511670407
24.0,49.12428413812867
72.0,18.799996079876742
12.0,45.056431941522085
72.0,45.382067435
144.0,19.040400774772273
18.0,23.360214829889237
48.0,19.421731800765443
3.0,29.8898764302935
42.320293,19.270853303140026
22.0,14.122103518332276
96.0,18.794601617619676
6.3661404,29.491520477095133
97.670074,36.54461371183962
21.897522,18.1107356485303
96.0,48.50928296682138
3.0,20.842681007019337
72.0,20.56733649698453
16.0,24.2000721846166
20.0,23.079867958200374
24.0,15.038543008270334
6.0,50.9215098457437
16.0,29.967455723706802
10.0,16.936834400000002
15.824835,19.092776993527618
96.0,18.79543441828448
12.0,37.6505202658103
96.0,49.125523856524666
108.86464,23.444426034534242
24.0,20.269659738761998
12.0,16.253615135915442
12.0,46.788074607456046
18.0,30.323722039079556
3.0,48.67848865666667
24.0,24.060852253058002
384.0,19.88601162214174
24.0,33.855725455101805
24.0,21.4599775388
336.0,29.6447977614347
24.0,27.60464732246891
13.222037,57.95784623754281
336.0,24.51816939927135
2.8659043,46.3028168285119
24.0,34.3229759040928
120.0,48.72498573873032
6.0,47.47382320322845
144.0,30.009833777770044
18.0,19.605409682704963
96.0,36.79375429520348
72.0,16.904592085431513
24.0,47.133872699400136
12.0,36.993208320387936
14.931277,49.9181675
24.0,50.5463270928788
71.1452,47.981836276124035
3.1368623,31.481408124265602
6.0,46.604144114320704
12.0,19.897170016420908
96.0,18.794556796924518
10.0,34.096962250570094
6.0,36.25698332513223
18.0,34.52381883504834
14.0,22.903898887883503
72.0,24.28288462543748
13.718554,20.008354950470686
16.0,28.167931677548534
120.0,38.8100319344009
6.0,29.356455740147037
120.0,19.264435296454455
15.230103,19.042287722307133
6.99816,28.176049328660557
96.0,30.220673626979703
24.0,33.31583654265885
65.0,32.02203792740696
120.0,15.119388983591364
19.371468,12.695251287239087
10.0,29.95237228840583
48.0,38.8822301598594
122.614265,19.21852480479608
48.0,22.196433865627426
18.0,20.636624817836523
15.379184,29.673293197501604
96.0,17.375249915496223
24.0,47.79968687237079
72.0,32.763986210000006
8.0,32.464779974834926
4.8646636,27.119717333761926
96.0,38.80103094330428
168.0,20.9447011567206
24.0,17.4115436310184
8.0,38.561826622988626
24.0,38.28979433309124
7.449843,18.663125240191476
8.293235,23.578132635998934
24.0,23.025818885437005
96.0,34.03875321929648
48.0,28.08786470725504
4.6766934,23.87225713570336
8.0,20.252035119767893
96.0,20.270354896698
72.0,29.96958257093221
96.0,29.623599952572267
5.0,38.595452384228814
72.0,19.585787999400004
96.0,22.871378064189667
96.0,29.451735427377418
6.0955377,30.44497046302743
120.0,24.22442656
18.0,26.307675834687604
63.041985,18.709294225074498
10.554904,24.9799217506418
24.0,49.44258235646016
7.9187603,24.74079329352632
12.0,36.74191517884845
88.97719,19.421477000000003
96.0,14.199226658933165
32.290623,38.72351904051256
24.0,19.451893825076336
12.0,22.860426140028856
24.0,19.720539112591826
96.0,27.72141803373915
20.0,29.491471124912234
24.0,47.20489065688683
10.949151,27.619935589088083
16.0,11.979803759237807
18.0,19.66313915949603
12.0,41.217072869647765
96.0,2.072069691836205
72.0,35.27571113354078
24.0,50.9208861031653
72.0,19.20557167340972
14.0,17.758508916892982
15.806071,44.00459475099544
360.0,32.979001077288004
17.734316,3.947110875267455
14.515053,12.433979568899598
72.0,39.05745953
8.0,33.330902997184
14.003434,24.581442357239602
110.0,28.626509700844576
72.0,48.52699394000953
24.0,30.25682599065155
96.0,26.171369780432304
15.530191,23.07520488120908
96.0,18.796270065153198
96.0,8.260668282353771
24.0,21.901102820678393
22.0,19.0439453784025
12.572937,30.020006037576962
8.0,39.513785504598275
24.0,48.70639483567649
6.0,46.78716522807324
72.0,18.79484473964114
20.0,24.091857899034583
8.0,32.890717801878196
12.0,29.752673607436424
12.0,28.119972649971263
12.94164,20.378539159858665
72.0,18.79505888741612
14.01492,37.71389382549124
7.0,36.960435266489064
8.0,29.166880841410737
14.0,20.472705967915026
15.0,28.672978517529053
8.0,31.359756166752803
24.0,38.789065599023935
96.0,29.241115441404396
12.0,29.9680134252281
12.0,29.190241012646286
72.0,24.264108058245682
6.0,30.5438486866871
72.0,7.922797739503579
12.0,19.41655289407136
65.0,27.635938208103074
72.0,26.046863534533415
24.0,46.4086017979537
336.0,12.135050660455608
65.0,19.41973869532256
16.71239,16.85731839024198
120.0,20.93023598020622
24.0,18.758984308684404
14.0,20.455231828436418
40.0,54.442612967297265
20.0,29.34196131054176
144.0,19.849272538239703
24.0,21.788146831452135
13.884833,19.8011522631576
24.0,30.617147810591703
72.0,29.489715625375933
40.0,25.731964754543267
14.0,31.395351956267803
16.0,23.71321830357722
24.0,26.169787756346903
12.0,34.01055016472285
24.0,33.0734716290022
6.0,39.65026869447623
12.0,36.8339291571884
120.0,36.31546927283719
96.0,30.144490791149927
16.632675,19.134541997393583
6.0,47.868131389480396
68.49424,27.96693757002261
3.0,38.72662595695297
20.0,39.06927495794395
6.0,32.97533683990039
168.0,59.893167500000004
12.0,38.72698563527279
96.0,12.214669713912723
24.0,24.265354692429202
36.0,29.788272390649865
12.0,40.7930946372914
24.0,27.951393645967322
120.0,17.015917488876276
48.0,17.089829122263016
24.0,29.197794496864894
24.0,27.36350128492512
72.0,32.2112273262298
8.0,18.06082922357307
72.0,19.58568943781767
96.0,12.15280382369912
96.0,24.379747092710588
96.0,18.79351518813272
12.0,28.016154242774014
16.0,18.796660445606985
65.0,38.4158329351394
24.0,30.839706188983037
4.0,12.157318808834635
9.660211,29.460235168024735
72.0,29.396339633417302
24.0,19.738179896445285
24.0,18.878796192856584
72.0,32.84018265994112
24.0,12.902526118388
120.0,16.50661342106024
72.0,19.4085596371148
96.0,37.796421920603564
96.0,44.632327639600504
12.0,29.17715528992787
24.0,34.8777240300638
16.782686,16.9326115382016
24.0,29.6118586672981
144.0,30.12308883101042
67.131744,29.492422764600743
4.0,29.31533039080866
10.0,29.491973456696332
6.0,28.1945522207662
132.0,45.439518476
3.0,24.652770131193463
70.113075,16.33733667593228
24.0,19.040821413344002
3.0,107.28559532543291
12.0,24.669962172368724
24.0,24.318133837592153
15.0,16.325916950534854
72.0,27.96125906623089
336.0,19.200305130631534
50.0,19.509741762170275
12.0,16.486070175306796
24.0,32.05748310944754
20.0,30.34630119342328
7.0,57.30041292910041
20.0,29.461832736828267
72.0,28.508822434806152
24.0,18.7955271920744
72.0,19.419859668085532
10.0,29.08950801374108
24.0,11.628276175864668
12.0,44.951498901447195
96.0,27.996188184356903
48.0,32.098258633839556
24.0,45.531305723424964
96.0,14.173667589335468
67.17626,24.26431538473598
67.039825,21.548512628798882
21.259457,31.94977039357273
72.0,36.0937726346268
4.8194637,39.3493135678813
6.0,39.18920124934701
15.895037,32.85081710893567
96.0,19.2342446890052
120.0,21.307106575807353
72.0,24.26664576673568
72.0,16.136272622830344
10.0,39.375801024639344
104.63625,13.174846197684202
18.0,36.35699386231491
24.0,13.852044853718002
24.0,30.930654167694552
65.0,43.95376042680624
72.0,19.44309227575973
45.3623,18.454633987624998
216.0,40.382872886890624
144.0,95.65355518732068
3.0,45.98449538581058
6.0697093,19.514991777802123
72.0,8.595040770245479
216.0,18.953449574239997
96.0,29.297211357447726
50.0,44.51879712126677
12.0,19.82107684527001
24.0,18.79446531229424
16.0,32.41100328836425
151.99966,24.59827674792114
15.595033,49.71886355367392
168.0,29.014668899354675
72.0,30.14388769963162
24.0,29.307960913223976
20.0,28.8478377721929
20.0,48.922866758843824
336.0,19.800812572021922
96.0,27.75605063710448
14.0,37.31405825891828
120.0,20.309205999890136
24.0,32.49995014274509
72.0,30.615594382957084
96.0,29.252768522141047
8.0,38.038842886607476
216.0,19.657953981685335
14.025753,24.657453809170093
72.0,14.588994633852689
8.0,16.989853677935898
72.0,26.994821094143866
3.0,39.24941619371733
12.0,19.70171958673377
59.16392,48.96685515706741
25.675611,18.95436765312937
5.5137424,31.3948805324512
15.0,28.27318379840525
42.322315,23.984246053793303
72.0,21.83267562165008
336.0,22.425263066000003
24.0,28.52632521350973
24.0,32.19529213047933
36.0,24.384552716946754
12.0,24.542648446574617
72.0,29.020977077421335
8.0,35.11061876791552
48.0,50.39342570332843
72.0,18.808620924517115
72.0,18.795787071693198
336.0,19.349042636376502
24.0,11.8775390715537
65.0,11.595798641304695
360.0,9.753640503118614
24.0,18.673667251183723
120.0,44.51775254439243
8.0,28.514276578204832
48.0,35.86450714848669
24.0,22.791394369172
11.532633,13.544864721333651
10.46511,20.309170641992154
96.682655,52.296687912672006
14.043948,19.040575294450868
336.0,13.550059636274952
24.0,19.256767624237003
24.0,20.113829619802996
24.0,38.93852056753088
24.0,34.24722338273772
408.26184,25.307881260836535
6.0,24.264680836557982
96.0,28.316391758276538
65.0,36.74728005521734
22.0,38.83421622206961
65.0,19.853377936762882
12.693397,19.515394496453247
6.458006,18.679670323692807
16.0,11.37159142961198
4.0,26.433181733675262
120.0,40.57660682271739
24.0,28.74038157361327
8.0,20.5726383278521
16.0,47.88825571601739
12.0,37.55911766978039
20.0,24.52704423255755
8.0,35.827709319776005
24.0,46.35806677428455
12.0,33.59797732647541
72.0,29.179806819299884
336.0,19.65576204908587
24.0,18.979186734670098
24.0,31.571490192112616
96.0,29.1089991906275
144.0,37.43117441998405
24.0,30.21070045750073
24.0,16.579976506764837
72.0,24.051581309244803
109.97795,26.121505496204563
7.0,39.88892900501691
72.0,15.65973943012385
72.0,48.72911745973394
12.0,28.17353166864421
20.0,34.138623397252395
18.0,24.5822244724929
12.0,29.252288490828246
192.0,24.57551903798719
24.0,21.26759065592356
144.0,33.015295472156325
12.0,19.815348074937894
72.0,21.14137390260998
24.0,19.515697143026998
14.0,23.88066312850194
14.036396,36.8944748152228
24.714613,25.373679718462952
24.0,21.504985385338692
6.811963,21.421863656261888
72.0,29.108025506672032
22.057354,39.218388837754695
12.0,22.844513938316073
24.0,28.372225288986783
75.53976,29.234633031533622
96.0,27.794802477454937
72.0,49.108286206769336
72.0,31.217203724592775
8.0,18.339497921524963
74.86953,29.300010506410313
48.0,26.325989730011734
120.0,49.122115780354214
96.0,31.878706520629336
65.0,31.4170761722366
12.0,19.44938154802152
21.907015,24.9789673801163
72.0,19.439116557878442
6.0,19.338736568079803
96.0,21.418939984462323
24.0,19.347987958879553
24.0,38.60453526313254
24.0,22.862266427124872
18.45751,29.15277014136427
8.0,8.906061142395082
96.0,26.871157930973116
15.690212,40.37201163570974
4.7680297,22.237278447260813
8.0,48.51322967916064
96.0,28.068469232844556
36.0,14.51586914221285
14.011939,39.84909036543341
96.0,18.32527681571348
8.0,34.19274437184575
24.0,19.445989994326457
12.0,19.059755310695202
48.0,18.907657641932765
12.0,27.758394916755094
72.0,16.588842421335645
120.0,39.80236011528597
12.0,24.5945770276032
72.0,24.814167561697108
15.0,23.899821489663875
132.0,37.69290981502243
7.220148,24.498014288297323
96.0,39.938083480410185
20.0,39.3091993155476
4.0,38.35665029835459
8.0,43.54512479825527
4.0,26.169646426095202
4.0,35.551380810825684
6.0,45.382554635060906
12.0,19.271002215103273
24.0,51.10773254959262
15.0,38.85159191106273
6.0,28.3270158986503
6.1161437,48.729101201852245
72.0,28.947023212185396
13.605299,29.159734328899408
24.0,13.400144099940999
333.3411,19.39325449796873
144.0,30.087124000524646
3.621008,47.335993238970865
14.162695,37.288857143647554
6.0,19.358620586358267
12.0,19.59769064026857
96.0,16.19091487162568
10.0,38.2242145979924
24.0,15.395156976214498
6.0,19.67352486272987
4.0,49.12332600996557
24.0,36.98271117964406
6.0,17.287000661066266
48.0,19.421035404778163
6.0,34.107411894641295
48.0,26.168925984384202
65.0,33.78500567712756
12.0,25.376212117408
12.0,26.59717766088248
360.0,32.54741019155627
6.0,36.219478163701304
72.0,34.4455748327504
20.0,17.5997055855077
17.13001,21.817784370147468
93.95949,28.40203567829581
67.092155,12.7092080039942
8.0,32.52456843219178
24.0,36.316164469191804
24.0,48.297678399914865
14.0,30.8257733099306
24.0,34.57912004107217
97.84576,34.2430294583756
24.0,28.414079182529203
4.0,12.669465863237201
96.0,19.101328961794238
24.0,21.92705746005997
96.0,43.54493377754958
48.0,16.60551354206456
24.0,29.22296295699817
14.0,29.1089945981489
14.0,19.769335639767753
14.907179,19.905472565559272
12.0,49.36135626490784
24.0,44.199618502157
14.0,19.95578974863908
8.0,19.06050224323308
12.0,33.93603574867674
24.0,31.910118820196697
12.0,11.353325375739363
8.0,19.340785613395877
22.051102,37.70787641201048
24.0,19.985133821537
108.49016,15.871179753638966
120.0,18.21251071721084
21.034756,60.17841786932131
48.0,36.6152469039866
24.0,36.765271971666145
12.0,29.79706271092663
8.0,44.30715514079975
10.0,19.994112847111104
108.0,70.11493201987106
299.23087,46.0342728285404
72.0,19.77440631963806
37.900684,19.409882650096932
24.0,27.231905627769947
297.07138,24.273289738385863
120.0,24.309246878238294
12.0,33.107699467714404
24.0,17.952744458454255
72.0,19.515578361447297
16.0,19.991471614588853
8.368827,39.4263113776728
16.0,31.44464765574158
24.0,19.345737858956554
60.0,38.20598767753315
14.0,38.5370312819474
96.0,26.416771226221535
12.0,25.437560467043046
4.349393,39.94141364111945
12.0,48.38643545262912
20.0,32.75528644290063
10.0,35.275906185092005
24.0,28.738111243849826
24.0,19.600070606021166
24.0,45.867993470121796
48.0,19.990946971526903
12.0,24.801832902506895
96.0,27.253074384933477
336.0,19.901042588
13.128671,39.77402904853672
72.0,35.18233152733521
48.0,29.055939276810008
6.0,20.557181480441603
12.0,49.125022015845666
14.064613,24.26472526445012
20.0,20.4070739118836
24.0,28.27780600574214
72.0,18.563702353036216
12.0,34.74121130295871
24.0,20.2704316057788
20.0,49.9165157407244
4.0,50.38737324994579
16.0,34.8786623997224
72.0,23.442421011521272
72.0,32.36218760059533
15.0,29.9664276939404
24.0,38.7237668
8.0,38.03623860678067
72.0,18.24048750901818
72.0,29.227165057664273
12.0,18.178552634848103
13.95593,19.828071242692896
24.0,20.246278413125104
12.0,36.79869532246488
120.0,95.9911639019616
12.0,27.126557722660532
20.0,21.86342486160189
96.0,24.604255385286137
16.0,45.247073496167616
96.0,35.87220847453381
12.0,36.38203192921892
12.0,29.60357872140389
18.0,29.250413343538302
24.0,29.11505252665113
96.0,18.5430332499338
17.29515,16.614128178256504
6.0,36.855554735716744
65.0,29.58741258232188
336.0,24.9791927426894
24.0,25.29742224539807
96.0,19.65184610650494
11.05276,30.64693939836355
12.0,25.7054540251798
10.0,23.871979311523145
8.0,12.325139282424724
12.0,25.310302232734678
6.006994,37.9967468604
24.0,39.01760293439011
48.0,46.9348148903999
72.0,40.20805448002126
89.86726,30.952911494195536
41.119537,19.40986559734704
72.0,18.908242578483183
22.0,18.990136298608373
12.0,19.8386305693152
20.0,38.51689258158015
10.0,30.725599653981206
24.0,29.28281678260033
96.0,18.208627165361364
72.0,18.796367573058923
24.0,29.2467272542766
72.0,2.74618405960088
12.0,19.44981806350918
48.0,29.866756039011026
72.0,19.306489157499517
12.0,29.61868421254
24.0,33.601483849881234
6.0,48.29693237322667
96.0,37.24358306976833
65.0,28.305792780504497
38.16619,22.394533089122266
72.0,46.18324550820848
65.0,45.94261920575904
13.330172,32.7623202569211
12.0,28.910299986539954
24.0,45.419129897409334
65.0,29.1340265591996
7.8160453,47.07317668452053
8.0,38.240325421489196
72.0,29.9672389214855
12.0,19.736473805278553
24.0,17.081467989900627
96.0,19.16407286531544
168.0,37.10664047407178
24.0,17.429014794143512
12.0,11.744564505782241
72.0,33.45601631578953
6.0,38.28035495020634
15.274172,19.902890917348802
48.0,46.300553861623065
120.0,13.131768464695723
24.0,26.326311649842715
144.0,48.96647024766346
19.962034,27.956428589987343
16.076155,47.86665905397226
96.0,40.131831967084565
12.0,8.35922932943585
120.0,50.3375264165838
12.0,30.223246690861522
24.0,25.677719667560005
4.0,29.15155730248012
17.20714,19.62416998558573
10.0,19.04044811303557
96.0,27.493001046885574
20.43611,18.83700809420979
18.0,35.862823338629916
24.0,30.051343981798166
12.0,18.587975921452497
240.0,20.74205092614935
336.0,24.57266531557909
6.9945655,28.175947426441887
72.0,18.721720982584173
21.751406,50.34428771640564
24.0,48.73356464310232
24.0,16.125214496317728
8.0,34.385743074313545
72.0,16.68502065040915
40.0,33.03386455723376
24.0,28.3196667378302
10.0,30.080854878048445
12.0,25.363308582194147
16.0,29.51559723343172
4.0,28.9759777210648
96.0,35.59772218158797
8.0,28.8060749464907
6.0,23.52255874666667
14.0,23.864994854909533
8.0,35.70687860961814
12.0,49.7110698028138
72.0,38.52543836841236
36.0,2.8561384637924
168.0,74.1435088
12.0,22.557349099307718
3.0,37.3647389554487
355.0218,10.110225187842133
24.0,28.29205870426958
6.0,55.199720041770085
96.04358,24.271396148991798
24.0,18.99005176337573
79.11748,19.99283356253462
8.579677,33.48176551089388
12.0,39.3991250744174
96.0,19.727102357758355
8.0,48.939924577810245
48.0,50.70979023102613
168.0,24.584654226541772
72.0,12.31073478161687
24.0,35.8225500382756
24.0,52.288903170357024
18.0,15.480667145576293
5.0,44.95199704824128
24.0,19.511873065274838
72.0,24.265805486736262
7.0,49.017807919386854
48.0,32.34013878555542
8.0,39.12309430052339
14.0,11.838827029811073
96.0,39.86765753810171
6.97466,46.8923986858435
11.544245,33.61717628541507
72.0,29.197005089429798
72.0,30.847512244245287
4.0,25.347254580491736
10.0,29.034486363437146
12.640342,28.780480197791665
96.0,13.973067747127695
6.0,38.44325574636403
72.0,18.508506501996198
15.385008,48.41870451573732
72.0,58.80426521632871
251.13348,30.02216229274924
120.0,18.81064797708155
24.0,19.90842927187772
8.0,19.042282029241868
38.704716,22.901044558817336
65.0,18.794179065729498
8.0,18.70177823930192
10.0,17.577292289663976
4.0,29.975613010091838
72.0,18.51687645476041
24.0,28.68818049890396
20.0,37.58335221925985
6.0,26.240814651257384
10.0,31.2021174214261
96.0,16.256888839526813
65.0,23.527329815073042
96.0,18.04185055009332
10.454272,32.36453167423981
120.0,19.065787777666966
60.0,29.830382995999997
12.0,30.442552633316268
8.0,19.596167929587544
72.92987,19.39983855860744
96.0,44.92085047864046
72.0,19.3670215445516
142.32378,26.571823325479343
20.0,29.7062950170818
96.0,63.265385117588
48.0,29.646694161366444
16.841564,35.62205192557845
96.0,23.519195566876196
96.0,19.357317070235133
96.0,29.53515542703052
8.0,29.490145020595634
8.0,37.612214347614774
12.0,17.600883344736047
18.0,17.1254466480845
96.0,33.08675475498919
24.0,19.408459234016597
96.0,19.429499937798695
24.0,29.571455610157685
8.656698,33.502863531395924
76.15748,33.49166690669406
24.0,29.037959418002174
48.0,28.086994614517323
120.0,43.92140795844334
96.0,20.9452450770723
15.8520565,19.663488019445495
4.0,19.9799508195734
96.0,16.241957753787954
10.181318,33.26777020262144
24.0,13.598713983841636
72.0,19.04135728548717
7.3042555,19.2781646488866
120.0,46.29421618204421
7.0,54.66443781441665
65.0,11.71273777630935
14.0,28.54281749350175
18.0,37.2764358511046
6.0,30.5567997176458
120.0,18.690439337313883
20.057392,20.166868485526642
8.0,33.75833786654551
120.0,26.39228184436104
8.0,51.073861113735326
65.0,17.465243180822323
144.0,40.305897885788575
72.0,27.68594369896865
24.0,40.08330630790148
120.0,45.644862867372154
13.817607,21.465785148017538
8.0,31.031827552271203
24.0,19.426103324233882
98.27197,50.421741874001775
12.0,26.457551228990123
24.0,27.56851777467528
24.0,29.848493381548863
8.0,32.0347903744184
48.0,16.164116110764922
96.0,34.854648695363174
20.0,50.71077333333333
24.0,13.937885654989334
72.0,30.69469447810435
13.119024,33.02803148218485
72.0,38.800366565106806
6.3994274,36.01235014895211
96.0,13.188095756400017
72.0,24.7415119792208
96.0,19.452002904658528
48.0,18.73898716303094
8.0,32.7632980884114
6.0,22.949988800864
89.025894,37.320482640664736
50.0,25.218321772591736
24.0,15.411623855699002
96.0,16.39692653167526
96.0,26.773558423540972
72.0,34.68850229767346
14.0,40.79723106639117
7.0703626,46.52721295204267
96.0,32.05727632068586
24.0,29.914403172824002
15.875359,29.253476123336796
5.9661064,48.1618979557728
79.53679,24.74127451688876
18.0,50.71013259900373
15.0,29.111263086416
24.0,33.39984307631612
6.0,43.521316824328345
24.0,21.38308679156518
144.0,28.2705609026693
72.0,30.145995393523403
14.0,33.5899562999138
48.0,38.52291297391688
28.42055,19.668125229671997
96.0,33.189132173146156
6.0,29.848591690416086
18.0,36.50780505758821
72.0,16.191083035991177
10.0,34.76060957613654
48.0,19.577840280240803
311.03717,28.817164431581315
72.0,35.28846355535147
12.0,29.648877722191433
3.7522304,44.95019605583456
120.0,38.951354948066886
8.0,36.75916014215781
48.0,44.302045019546
10.0,22.27535083245507
96.0,29.175306700593556
24.0,28.060069794078903
72.0,15.5673064191464
120.0,40.5440256430481
8.657293,29.467539155971114
14.060928,29.719786350940403
204.26817,28.68294096416261
120.0,24.9801318639137
8.0,19.33638422504048
10.0,16.88655272874142
10.0,25.9976309117972
8.0,19.34855151829835
112.73892,29.680962019887048
3.0,27.311236792447808
24.0,28.818055999101205
50.0,34.00556766000396
24.0,39.007564045162496
96.0,27.93202930584849
11.815293,29.097365293001776
24.0,21.53481103063634
16.52464,41.63683122
6.0,36.059877366134
6.0,38.33769964906085
12.0,19.268758223286735
24.0,11.977922904963767
24.0,5.655019675810533
15.0,33.750886596577224
96.0,18.43972122965188
14.0,29.080664504272395
12.0,40.676385792852564
72.0,19.271368259035928
8.0,33.385006738407
8.0,24.98401496667692
8.789483,24.68395555479676
14.023999,31.3947342007954
168.0,39.141272606538806
12.0,29.31635930496155
24.0,39.802149717827405
12.0,19.006823965671924
6.0,39.56189728253816
120.0,32.84240662498837
8.0,26.92025534071613
8.447635,22.703008933636053
8.0,28.75236906606352
336.0,16.42280598610224
8.0,29.54892602412988
8.0,47.55003033159474
7.1822476,35.66566196645073
7.259507,10.187229947541315
48.0,45.48266259925416
8.0,19.059082621319995
6.0,23.842531582117115
23.475063,24.383725249999998
24.340164,34.109198168794165
8.0,33.39530418704087
24.0,26.131306785703398
12.0,34.37558079421956
168.0,29.199061019675415
20.0,26.996087964831034
12.0,16.19027831982584
12.0,18.952763863096227
120.0,35.189680076024686
10.0,22.164045315283104
20.0,25.284539368000004
8.0,24.582751980586
10.0,38.13144782555724
24.0,37.726022918514
8.0,46.78722757101694
240.0,18.82393699594029
10.0,27.9860517614906
24.0,46.527287466666664
24.0,30.253039149360006
13.674312,41.70001643972995
24.0,19.683005732877252
48.0,32.43542726024658
168.0,53.676668697554575
8.0,19.042767031124267
24.0,16.9316772317888
65.0154,7.873824419565723
20.0,20.48231000308256
4.0,38.96175141032533
24.0,21.4119376524155
8.0,33.606375274210095
6.0,29.1097022
96.0,12.666865674681919
96.0,29.905039216048984
120.0,24.04679420996504
48.0,48.900784341959955
20.0,37.309974232522514
96.0,25.5392706901352
24.0,23.11304783090438
72.0,20.24443889607944
4.0,37.19759273661978
17.539145,38.88065588393188
120.0,28.107451524571662
24.0,8.5956156482672
360.0,23.461624883950343
15.0,23.012423280400302
6.0141234,27.3513868531856
6.0,20.901748914828442
12.0,48.59620796622044
24.0,14.31776194292313
24.0,27.84016091747804
12.0,16.37898032128616
12.0,30.42392014287756
64.901024,13.08562277550609
48.0,27.797540076309257
24.0,26.039203486719426
24.0,27.799713500203925
4.0,44.4566392086175
24.0,23.720739187671434
12.488442,34.15935330606453
48.0,12.868475459071881
6.395763,32.42356010005655
72.0,19.555364887728633
20.0,41.40121288291291
5.0,22.34478523132688
24.0,18.897268829734678
120.0,46.85362793849753
72.0,34.82590446420475
4.9595695,31.89551834573317
6.9778595,31.378675582198305
6.0,25.39623615816294
17.771067,28.421502662719302
16.0,39.49668713964717
4.0,39.866225751693506
72.01495,8.590033254810201
21.111307,24.11533138404019
240.09975,29.11054945140464
24.0,19.420826526947423
15.557497,36.80377746131878
8.0,31.793745092311386
119.18135,48.72563650480892
20.584488,20.271423613437868
12.352978,45.0926074150354
120.0,25.933891389666805
24.0,29.68290560024128
12.0,37.729070974908964
24.0,26.6057262072916
24.0,18.605385311732
24.0,25.37681100159265
16.0,19.271915322630036
10.306422,37.9401803476499
20.0,18.734313697187165
28.644438,20.14076571765268
12.0,24.5827090205442
72.0,37.922458072617204
96.0,5.584281004861361
6.0,19.855202899014206
14.0938425,18.886884978038097
48.0,21.720526985881932
24.0,48.57242443902427
72.0,33.18411221175332
22.0,20.563607258879603
16.0,19.04060909286117
120.0,26.8377268847977
6.0,32.72573639661375
12.955692,17.2225570064568
3.2065744,19.8007156769712
8.0,31.834624263400674
78.657135,24.383333637274095
240.0,19.146658996806337
5.770918,32.75369100378504
10.0,29.90123314382878
65.0,27.77998369262274
50.029755,50.507561547856405
72.0,36.86297492708452
8.0,26.822681320892006
168.0,50.99852380431848
12.0,23.958432071190206
8.0,34.878271739393
360.0,17.94616004447024
8.997147,26.395589643026224
14.0,19.032921568641072
6.9985843,19.67362540519107
10.0,31.719552394199027
6.0,48.59964634658831
168.0,28.8285392624256
120.0,24.26635559379008
48.0,18.93830436636351
120.0,19.5165075061656
20.0,38.07923499709493
144.0,16.1903736314084
9.436529,19.356192645898933
96.0,45.03511521381878
96.0,18.153842573265372
5.6640344,35.783835931027404
10.0,49.126026494077266
144.0,30.633802441331195
10.0,11.310122117739601
24.0,11.393679712155262
35.685028,28.735276642998937
20.0,23.848619128845343
12.0,43.14629957483387
96.0,55.653111140963595
72.0,22.55619861207656
8.0,32.374663404930374
24.0,20.731854247118747
12.0,30.056684264834207
6.0,46.7867506399883
10.0,20.305277600770133
22.0,20.2700956580172
7.0848618,18.5181499654408
38.58446,21.811187249755914
372.0,19.655953966876787
12.0,20.8859524749554
6.0,23.961687277094796
18.0,39.11934570610494
20.321857,48.161801657317
24.0,13.509197285610401
24.0,19.014259506762837
72.0,19.4149413694922
10.0,33.38789397100994
24.0,50.01730078750578
24.0,39.18059437646794
16.74098,29.173235539704223
24.0,23.88830824638653
16.0,16.280007976196085
12.0,20.39803461978572
6.0,19.4367357169766
72.0,48.518741563151494
18.302813,33.04383423989352
14.014046,29.967855216812
8.0,26.278402690738933
72.0,44.18150166146
72.0,29.073725601305423
82.05251,48.006674097608304
15.0,51.02478931459407
9.581254,49.12498428571467
17.131676,27.54177558390192
120.0,11.296076354969264
24.0,22.662004568899103
24.0,47.09102888763445
7.0,32.360513047838474
18.0,29.620546496279335
24.0,35.63218714882568
72.0,19.214634644202143
72.0,47.15209910965395
72.0,22.287099711423558
6.0482125,29.318897838473273
12.0,22.464011948750063
14.0,29.10644024735464
24.0,29.639483071518995
6.0,38.8402673805873
7.3957763,34.6496633909264
4.0,32.876426296637604
8.845574,48.52678973430394
24.0,30.653753567151384
24.0,37.40351468827286
10.0,49.4123537803647
24.0,19.34464665134613
50.905247,69.49933401989776
336.0,19.24126446542239
70.88999,7.5099274236189535
48.0,30.735424796503825
6.0,28.978273929293533
24.0,8.752558003124701
167.69005,73.8257362439132
65.0,8.52464653519558
24.0,35.53234449792561
12.0,32.857130028311836
4.0,24.97879174812725
120.0,30.55689737869717
67.16658,44.662420106546705
24.0,39.39697942962133
14.8216095,48.163111596959496
15.6421795,20.9333411537916
23.597904,33.4904024507322
18.0,28.250802399553287
89.767944,57.170301731873224
24.0,19.728899498655124
18.0,22.07316110224903
24.0,18.95250148986055
96.0,22.4189492466651
72.0,19.1388336940883
20.0,19.81496336985952
8.0,17.848491785161343
4.0,47.24150599210956
24.0,18.72148084588146
10.0,23.22506079281798
7.0,35.8717247541186
24.0,15.6471585214782
36.10207,31.327290510795002
20.0,20.271100873221602
6.0,32.7521281830031
120.0,28.700985227430774
120.0,23.955538162499998
8.0,19.04182871067698
14.3737955,35.75036311842079
18.0,20.216370266213197
10.043471,26.481178100876082
72.0,49.273461734093004
96.0,52.812510794719756
6.9756675,27.186957924705503
24.0,19.253746676201978
20.0,19.4888919392941
12.0,10.750614157888634
65.0,35.275833349561346
3.3340008,28.953937755363953
89.83928,51.328501440489106
96.0,19.411528946285237
8.0,29.253334225690594
9.422358,29.95552795929867
240.0,16.666360755299753
24.0,47.23684424262727
89.96182,27.460927126775598
16.0,31.47541613000158
24.0,46.694627455461195
6.0,11.5706045106245
6.0,31.49963096164715
24.0,41.001749218641805
48.0,41.49925955913086
3.0,38.04373712192854
15.0,8.8920646319444
96.0,19.456768215153076
20.0,31.814917913475604
24.0,16.18963417282448
48.0,38.90602992039116
6.8423285,28.78202038483022
6.0,33.065582532249884
48.0,31.948808940064755
336.0,8.079415172665048
13.748237,39.12223597603228
118.32329,10.44222552446555
18.0,12.44310575682412
3.0,28.944814049743105
96.0,19.374576775095207
120.0,22.817415012745705
12.0,13.521979594337683
120.0,49.573110473550116
8.0,46.52314141488147
24.0,20.48964938573834
8.0,19.85633454860669
48.0,18.82781833397965
72.0,21.963522966941152
3.0,30.307695949054555
360.0,16.820680487825733
10.061632,19.592204753989066
172.21286,19.34687287042745
72.0,24.26525073559388
93.029915,19.041790503951336
48.0,28.92364333201832
72.0,26.467217629658595
12.0,26.621646014031505
72.0,20.32014254462588
240.0,19.04043060349157
167.09802,28.5385176000656
50.0,49.42861831561528
120.0,28.314592014936437
5.5473557,37.78499132140658
24.0,19.51760682693207
3.8311722,29.96588384911475
6.0693192,29.9671963475156
65.0,32.810998101850004
144.0,20.08795269773829
14.593681,33.32894247492539
8.0,45.814306016944194
40.0,19.615426336208845
96.0,24.319470957566182
20.0,23.428656558094016
8.0,25.053399631907748
24.0,19.374141929176623
63.309464,34.108581363045055
6.0,30.082989579544495
9.3467655,32.479584944576594
151.56905,29.488870637134735
12.0,39.78117874503033
9.920333,24.394602387461333
24.0,35.100856214423814
12.0,16.508465163096798
12.0,19.04122801941177
48.0,31.77960620148414
96.0,19.420691689103123
10.0,40.15490231051301
20.0,33.82258859504
12.621585,29.113840755806724
6.056687,48.898284407954165
24.0,25.60372105182284
12.0,19.186238662744447
20.0,19.608873446809035
96.0,29.10520839227198
72.0,21.957632402948263
12.0,19.349328235826302
288.7951,20.309581138025724
12.0,29.785925817884152
12.0,29.491731305689534
96.0,26.86240554206106
24.0,29.617076347077724
12.0,29.60327505728973
8.0,19.835460658608152
96.0,12.17758964859237
10.0,28.3537243379969
96.0,48.509703720570066
6.0,28.24549902487628
120.0,19.00009466909823
14.0,25.11825676537988
18.0,29.9677354468379
15.683524,18.833238356495215
24.0,20.914800271792405
168.0,28.209676266666662
20.0,18.42199351087798
10.0,22.448921723153372
20.0,33.62933315896505
48.0,27.991381632666023
168.0,21.45734714479079
10.0,38.238513980262084
24.0,30.791133197071098
36.66172,31.49958580958199
6.0,27.84939473441813
168.0,37.8745117876626
4.0,50.54597835394772
119.2675,23.876541403406197
120.0,30.052308093641404
6.275044,36.93921792321673
6.0,47.53968915384669
96.0,34.98512285890214
18.436491,29.200864146989748
24.0,28.672520794225434
16.0,21.66549731880392
24.0,47.54102421533084
96.0,23.42575223494793
48.0,22.429444092370584
96.0,36.5543946418553
96.0,28.817451144202664
74.79975,37.546362376447114
72.0,18.5452539766328
6.0314403,19.139180012006975
72.0,29.10660825543836
72.0,38.446880096360495
16.0,13.6467208243656
6.0,27.8383438916708
17.11654,24.653534278134785
20.0,20.174549539673226
21.807968,32.49968759998309
96.0,8.401816490714468
24.0,29.489913101939056
72.0,23.784471129734598
72.0,38.136143538840194
21.692669,19.04098944892394
67.06001,11.34119571273236
6.0,52.295491670519404
48.0,29.209649008959083
24.0,39.39202484200492
48.0,29.220117792540638
12.0,34.392040310934405
24.0,7.7246485146784405
96.0,34.07201485554188
20.291218,25.97037844858961
106.14592,20.293942938127405
6.0,39.882701087249075
6.0,28.228452188779865
24.0,38.140048618784604
24.0,21.745275856950812
10.0,29.91198629621871
8.0,24.582062250385054
65.0,23.595829224469334
72.0,32.986414300723624
14.0,15.566449415119463
12.0,31.172632583617975
96.0,28.69290332349567
21.112453,31.530982145506545
65.0,21.664847066051003
24.0,29.354437698905173
16.0,34.7282869547527
48.0,47.9708517191241
24.0,29.608764097734404
12.0,19.524625856387278
117.913925,27.30910485961232
24.0,28.665560195519
60.0,24.265654584503963
120.0,38.46789510929074
120.0,20.945262536220604
14.0,49.33080510578133
12.0,19.461290750305377
16.0,27.367780818733035
120.0,27.108141698703047
24.0,48.4910114092649
24.0,48.57159610321548
48.0,46.643913885544244
7.527192,30.006598876828946
96.0,29.490610308235333
48.0,47.75083986742721
5.0,24.98015502947045
6.9789515,48.57176412522516
144.66763,39.941404145740556
24.0,31.682698438163285
96.0,48.49205689903634
72.0,19.67411689650147
12.0,38.88012753425845
4.0,39.32388103401824
48.0,29.10989634811376
96.0,29.5167957452804
96.0,32.856531466593594
20.0,37.20053895617984
4.8858232,30.874775269285426
48.0,11.944557997784601
96.0,17.461153188400402
12.0,24.248454929369604
120.0,22.5588226987586
72.0,16.19044696668296
96.0,26.171549349114404
120.0,38.040736839648
120.0,16.75899585860501
65.0,35.20836268741426
120.0,38.67521790333333
8.815415,34.59643925093539
72.0,45.95678579856117
96.0,33.868676701413676
120.0,10.136059400483436
65.0,30.85593650184752
168.0,21.062122361606157
4.785054,19.91524184535753
72.0,7.96739379752276
72.0,32.02273113239468
3.6240747,24.303121526759828
6.0135164,33.8822750573093
120.0,33.379021793694655
11.234194,46.693631327944914
12.0,18.7404097178822
71.93489,18.657635809115785
12.0,34.689367464309655
72.0,24.26474027649494
72.0,58.94334593714003
72.0,29.382478323305303
13.350983,24.5319763927816
96.0,48.21538550542358
96.0,28.653312294950364
71.32366,37.87788647057195
24.0,33.80380026482326
96.0,18.56728912064996
14.0,21.87689335879984
8.218267,30.435238343800247
20.966278,19.421234889238164
54.729412,26.006688895794102
40.0,29.10787337301944
24.0,15.425415188644607
21.504658,28.26919864127012
24.0,20.05104916501006
65.0,29.822263958882495
24.0,45.42924877302369
33.787514,29.490527150809733
65.0,38.45800003913785
24.0,49.02257848702611
12.0,29.490900195143933
96.0,39.306465645785
23.386044,27.959778589393764
65.0,49.76799740934202
24.0,37.35251032590812
8.0,28.985760567886825
24.0,19.735473543638296
12.0,25.375551540670074
24.0,12.539869594265348
12.0,47.384969863604795
65.0,30.075819997470024
24.0,24.319048888709986
10.0,41.01037973805251
96.0,47.542113841679004
9.75194,25.067363349125333
96.0,21.572367529530748
24.0,20.468193559021504
19.832644,31.600419210404734
240.0,22.3439443619804
16.0,34.7119728
144.0,16.472602366765486
8.0,44.086597957300164
8.0,33.924198188480425
6.708336,38.40620348973755
24.0,17.623032226878454
48.0,29.248675966174847
8.0,22.95238817701991
72.0,33.934456312712896
60.0,35.00583230219075
72.0,16.86500695336958
8.0,12.212357955593248
20.0,32.55046428343501
94.7873,12.709378388766932
8.0,25.486740275409897
24.0,19.849328783053853
8.0,39.1592917850609
168.0,26.029980972536354
96.0,24.265309594837703
96.0,31.1831834272928
48.0,37.60608539315894
6.7751403,19.358927857799895
12.0,27.995656563724793
96.0,19.660428498183286
12.0,49.73171762952683
12.0,19.011439021890972
5.4949265,45.11618764297405
24.0,28.994319921782537
72.0,32.360445784333116
10.0,31.7930731078148
15.0,24.265676145958583
24.0,25.376769426900072
11.581282,45.202355439663336
5.0,47.54134088
12.0,49.9165161742967
6.0,38.9846774715892
12.0,19.74371046439775
24.0,19.77974242145429
12.0,19.960280536896946
72.0,31.39299642193286
17.213236,29.673826881614396
60.0,19.409772833930028
72.0,19.204467749125868
120.0,36.402523287478246
24.0,20.064529638696875
6.0,47.689841648089235
4.921848,27.969296307242132
71.6112,18.887869504385847
120.0,21.02108516662475
82.079666,33.9157551486264
120.0,33.99277698020338
120.0,4.433829213160746
20.0,21.40748669656818
12.288758,35.739013944372665
18.0,50.136944625569704
6.450575,19.441347362761903
79.36405,34.25781694906115
11.864954,46.788183958574
24.0,19.03958302172573
4.0,26.526841612899954
72.0,25.91811502343477
24.0,35.99418798785822
12.209772,27.04224408696466
12.0,19.343613254267733
12.0,17.432986139652193
142.7345,19.36871652596564
10.0,34.58074493500217
18.0,8.990378724730766
72.0,18.108483869755506
14.0,28.2732058155959
6.1895337,24.913767411912005
12.0,19.4714164895498
72.0,29.9669312474279
64.89078,9.81592792872218
20.0,27.921192185855404
6.0,38.547303543132166
48.0,49.91700132288545
168.0,17.36535419392747
96.0,18.75785705049878
24.0,19.685853299124467
120.0,42.99420651864146
16.0,29.277130437565933
5.626938,37.23022377375756
24.0,37.78205631828919
12.088181,33.26519470372471
14.013996,21.267094653572777
12.0,30.82384746896744
3.0208833,26.12083166349434
24.0,49.927698677642
12.0,32.3201879735951
8.277247,46.67847410973892
12.0,18.876595642295765
8.155834,19.810975841886954
48.0,29.91537577042511
18.0,32.5998565430908
4.6792345,8.571857533114798
15.0,33.31369108693386
18.0,19.53262206751839
48.0,41.45453280249455
72.0,19.282090450732913
16.0,16.217697741317362
48.0,17.105511148118914
24.0,35.002302908972595
48.0,29.092314199599684
96.0,22.336010695776526
144.0,25.592150546606863
14.0,44.6649067092615
12.0,24.979256573903736
21.111582,28.995057555053865
49.326412,20.27473428089882
72.0,25.37583803205507
12.0,18.830282971438937
48.0,19.570876346567292
141.59718,9.55787862724227
10.0,28.235693035269602
10.0,29.350499900425273
72.0,25.841783530246623
10.0,6.287174626823023
24.0,24.33397987072126
8.0,49.9202353360535
240.0,38.040320239496
5.2965817,29.15684216038179
8.0,26.37323531552353
72.0,19.410989656528916
20.0,27.07456840845098
24.0,25.376071029502167
96.0,19.419852561686362
168.0,18.43861788862166
10.0,32.8767088201733
15.069616,37.7731373980132
12.0,29.49593656966415
12.0,38.041426170960364
16.0,48.59698262085259
120.0,30.444489788634357
16.0,23.0269464512096
6.0,50.679157873424785
71.028404,19.04041785590097
6.510563,22.519026628871465
20.0,48.21520824903977
18.0,13.4730204807407
24.0,33.305485247079574
120.0,18.771292772299937
17.960112,23.188934795547336
8.0,28.772315642188328
17.32307,32.250309188601044
12.0,29.4196930252044
15.902359,18.810181315238037
10.915985,33.29082135626195
24.0,19.63442809925977
6.9852977,17.892707352491996
10.0,22.76771576300423
72.0,29.492430729623933
72.0,34.35341717636738
24.0,24.995073252069798
20.0,22.0726154720063
24.0,12.076398252734297
96.0,19.344063657629672
120.0,33.2916741972821
18.0,22.42427146101074
65.0,29.397269064627746
120.0,19.353092590659188
8.0,19.345300618866734
96.0,30.414178928690358
24.0,18.073643911541524
6.0,29.06171665465889
96.0,39.942890180309455
65.0,27.62753614420123
48.0,32.27354682533768
120.0,19.6772715231371
12.0,32.73708952989885
20.06551,31.3948595849752
24.0,22.134235835899204
72.0,53.76171398113041
24.0,16.189535200863798
12.0,29.682604
14.927642,25.08079903448846
18.0,38.163705916726606
72.0,23.687043940477203
7.3334327,27.76088424302435
96.0,27.244046933081275
12.703698,38.73992333398605
8.51516,34.18876509043228
144.0,44.18235584107497
15.0,25.79084647540887
65.0,19.03889913451786
96.0,30.115135646602003
24.0,19.715243940409895
65.0,12.159932675738661
72.0,33.545782856679544
24.0,15.330121925048871
24.0,31.3877065941489
14.0,46.409737398417995
3.0,37.29599236166079
96.0,19.430726316518548
16.659863,18.77129527212512
16.0,33.488423741192605
24.0,27.760291621464795
8.0,49.428115788554926
48.0,35.021816043787624
8.0,46.923074911699004
72.0,18.79591120759448
96.0,32.224779635254876
96.0,22.340986707268822
65.0,49.74714396504324
24.0,39.72531223294217
96.0,48.37870140932239
48.0,20.2962855977108
14.326398,10.0284126265538
72.0,46.78601295333334
72.0,27.88506543939031
142.7444,12.35988813592952
6.0,30.443737127219457
24.0,39.45468981136314
143.19084,20.126994315598395
120.0,28.94837853247586
6.991161,49.12427427377987
15.0,24.839865342606004
72.0,38.00746705085576
24.0,25.95558467829216
12.0,33.583142260072584
20.0,28.461225174477637
10.0,21.940871621777717
48.0,27.945419084327046
67.1361,49.91718235300745
5.323645,22.29136274410124
16.0,31.415936922915186
144.0,50.71352414903069
24.0,4.838553826483518
24.0,41.8443718674944
6.0,50.39294475926556
40.0,24.384460113315498
96.0,19.361177470017886
144.0,30.170990254295607
12.0,43.1943477804615
12.0,37.49077129964756
24.0,31.741793838808203
48.0,33.911387310681285
108.0,50.71153598693333
15.0,39.63574218325632
72.0,48.04520358580987
14.020296,30.90098699363103
24.0,49.080542875776
12.0,28.211044567546757
20.0,29.542464516363697
24.0,25.420525256245345
14.0,47.4733898267327
48.0,8.457044748123742
8.0,19.655926839469842
8.0,33.17325827604943
24.0,13.603440982143997
12.0,31.3441664698971
15.025039,17.657281076760547
96.0,10.493716346165302
72.0,38.830629861000105
22.198833,48.72937151234099
8.0,49.86246259719575
40.0,27.797695068503412
95.980484,6.896205455557959
20.0,21.8206655578084
18.0,24.581893429386
120.0,25.073275182902776
20.0,24.26491512906572
65.0,31.454751670752987
18.0,31.112995540716902
12.0,23.61962458686427
12.0,19.4114203491683
3.0,23.724009504108956
12.0,49.47134652939678
24.0,25.048912922139923
120.0,9.065420550180155
67.166885,8.089904199613589
8.0,20.20310237550969
4.0,46.103675547814404
96.0,38.67334613860775
96.0,18.288873125694387
24.0,16.199756937273552
96.0,19.575810456201815
72.0,22.802719104537104
12.0,40.97361067460933
6.0,25.512797470100796
96.0,21.368778780238333
96.0,24.999398281425684
13.009223,39.29725306797013
16.0,8.297218364883362
65.0,48.78868491120103
16.0,32.748423242891924
288.0,16.779140498621363
96.0,11.2240233352704
6.26095,37.1041096563643
20.0,39.28560841275716
15.0,17.585571910574416
14.0,18.887114660876545
24.0,17.555383598787643
12.0,38.063899962554565
24.0,46.14357911009579
67.625046,18.980309026642054
12.0,31.08446242232375
65.0,19.457578420873634
9.02683,49.715931198175994
336.0,22.22269842610567
16.0,14.131766988227401
24.0,32.66189655530443
9.045319,29.25083237211864
18.0,25.933630732070142
24.0,24.104686821947986
7.0,26.777215921137053
72.0,13.6805207567138
144.0,32.863145890569754
120.0,32.85185711969061
120.0,19.429754122291722
18.375935,11.673898506704472
72.0,19.76528782628336
24.0,34.880782322237
20.0,11.63945477477312
18.0,36.763825384646246
12.0,19.67024217402562
110.0,35.57801900552987
24.0,19.627937650389644
120.0,29.624211637834726
8.0,37.33643504800745
20.0,19.83962557854966
14.045472,29.490766648994633
8.0,49.12414216794947
72.0,46.95457599480872
168.0,48.491202240106105
72.0,13.684897184008745
72.0,24.198166541973865
24.0,19.659260144279145
4.0,25.36055816200718
96.0,27.44665730091962
10.0,24.31752422678175
96.0,8.114701272956
96.0,38.62717296791672
16.0,46.840686195077005
72.0,19.90153803732392
72.0,24.36593164746476
17.928862,28.2704560231295
24.0,31.41680733601004
72.0,27.635311616798308
7.205113,36.0537177095616
24.0,46.507077571022975
96.0,37.753007914826675
120.0,19.419430832174243
90.83403,25.375347891924825
336.0,39.73912386428693
69.2113,24.2775757048521
24.0,9.170050130469068
48.40263,50.155948020308514
12.0,29.442827161021867
120.0,24.385004348401996
24.0,40.57738541897671
14.690873,49.563743676792
144.0,19.9022012313536
96.0,28.804785361739242
4.0,29.78500803729245
24.0,30.680354423283383
51.033863,45.79243306895742
120.0,51.80835376228488
72.0,29.9666111294528
6.999876,29.258812100175
6.956891,29.247471237445417
65.0,27.524878182143443
24.0,34.33200771316374
138.99951,18.619842512957955
48.0,30.85481858118738
24.0,10.711241066987975
16.0,36.85496045579467
336.0,12.823291178410402
65.0,48.66235642069712
6.9867396,30.529958134113603
24.0,26.172028359383
15.656529,21.157712290588503
6.0,33.71566805083781
10.0,46.14242433499381
76.783516,39.205150232508444
96.0,19.356099533073998
15.522573,37.621573674889554
4.0,45.3831292298495
24.0,20.02532340224223
96.0,26.99541483399428
72.0,39.94298757880401
72.0,19.892526435137224
6.0,23.596553581569705
72.0,9.6977238172635
72.0,22.97403079444922
15.0,27.967895526436077
116.96839,32.234103691462195
72.0,32.017798582512796
17.021038,28.76801509944445
16.0,6.45605392636604
72.0,48.37631341250425
12.0,38.04177253423664
20.0,31.435110494522377
8.826044,38.86806867217254
120.0,15.478955544449875
14.0,20.833196602339907
16.0,6.50129281734853
24.0,50.710195275358934
24.0,30.46891090876992
16.0,34.16443629495208
10.0,29.375284905057672
24.0,19.348895670804954
7.0,37.50336879449105
48.0,27.245087699152943
48.0,22.594395811743087
72.0,18.84121997857627
8.0,38.01600598764431
8.0,30.422959642841448
16.0,22.66741492632735
12.0,28.1138853145569
12.0,49.05946460218849
8.0,19.694512554158415
48.0,21.519231344999998
96.0,19.42152295393556
20.0,43.25776080142697
96.0,5.60399046704665
72.0,13.081081372703858
20.0,29.10981496095104
14.278367,48.348677841888076
24.0,46.2703176407684
12.0,45.728983116666676
120.0,51.344431232082684
20.0,21.532383034418725
19.661392,23.271540655971375
108.06882,21.464830768983074
65.0,19.485654316091864
144.0,19.41902081959796
96.0,30.931252207493987
6.9870095,38.66420427608191
72.0,44.29482075552231
72.0,24.74176467244496
65.0,30.82326508892072
15.0,18.606419978273497
15.840074,2.068412116769655
72.0,35.35468433104661
12.0,20.111675329884903
4.7640176,34.23364878056086
72.0,19.235413402517086
22.016329,44.16173592618357
96.0,39.166339275561256
24.0,31.3942321078447
19.072016,44.4893783355221
16.0,19.347738498545002
24.0,29.079286952345484
65.0,16.21459747116427
96.0,41.41160099943395
4.0,48.675639714506126
14.050638,36.498766755751106
12.0,20.550713244086722
8.0,29.30330449873836
96.0,8.493207749900929
2.8980734,52.77146964118525
144.0,99.7933202070545
24.0,36.86083445541398
14.0621805,25.8609714012504
13.08294,17.27489188150896
72.0,19.20815052299505
20.0,25.101637598363528
48.0,22.57811607207178
96.0,24.27302500724197
6.897269,47.69043346829522
8.0,29.775699629425908
24.0,15.607297048671052
12.0,19.10870145021728
20.0,19.09543522367541
12.0,37.02640601279647
72.0,18.97925217957877
96.0,35.73888503481897
156.0,24.581141763055
336.0,16.047516065639847
6.0,49.806305616562604
65.0,27.33898107099974
24.0,18.9623735203221
6.972391,24.97942181823995
24.0,18.45030073962233
66.18462,9.750821704258133
72.0,18.262407186879198
24.0,18.99731877797268
24.0,18.79043738152599
16.0,16.639755009217154
18.0,26.791599294904362
25.317924,35.88105848034246
16.0,39.307477298799206
12.0,30.443689221458115
20.0,51.483774987197116
96.0,29.254202566416694
15.0,23.972357308225252
72.0,23.005614506
24.0,36.859071737402
204.0,24.99819482810815
96.0,18.513272830963942
14.0,19.986960075991004
72.0,18.807982246017747
15.507692,36.53019744334077
12.0,28.53439199118673
11.549782,38.32515729508594
16.919104,35.73474159270448
72.0,48.490406
144.0,39.87328947429044
48.0,10.869709049024
96.0,5.596176327949719
8.0,25.3837439213508
48.0,10.21998137471523
48.0,19.31182893122132
72.0,27.46127533806392
12.0,16.18991951754908
120.0,49.12028116805243
24.0,62.3946816620306
12.0,37.662934034360326
20.0,28.679672343048196
240.0,19.809636391260643
48.0,32.44898546175897
96.0,37.20212179333247
7.0,37.81370449643542
12.0,21.019315989973805
18.0,19.041517387201473
15.760101,36.97594827226406
12.28197,24.390508880946502
24.0,17.102166494578135
14.0,29.355335224394587
14.365148,45.072600521271134
10.0,46.483011760788926
12.0,9.812100500372312
24.0,11.430633955214146
65.0,18.432167149588235
120.0,20.56321762586912
12.0,37.63293628817846
72.0,22.77740217366764
144.0,37.44546463201836
12.0,19.107917964099254
8.0,19.802014751995202
8.338191,27.109813977530532
15.0,23.127373557242905
12.064363,1.6471495086506667
6.0111284,23.05283475687389
14.0,28.055288565963323
24.0,29.1425221664128
12.0,34.48572098304575
78.01292,8.3533567544258
9.640352,24.4315737863903
12.0,30.993502160000002
72.0,48.939665074324395
48.0,36.9518411114462
85.54866,38.65423094442338
22.028236,21.134719104302704
96.0,37.011425975016444
10.0,28.8031993210583
264.0,16.4072256228914
72.0,26.694626509600244
12.0,40.5744528912254
3.832259,36.50960618666667
96.0,34.48637421111959
96.0,38.69072748320118
65.0,20.322626487317542
13.783607,25.515046902270985
360.0,19.532567397479788
8.0,19.77037768816609
24.0,39.958341316283004
120.0,18.975234155266826
12.0,28.873244152122204
12.0,19.81520701375584
14.006469,35.54686394633417
48.0,47.081787649585394
48.0,21.43586700899011
144.0,30.08960163416585
72.0,38.615818671587355
3.0,46.34372570186987
336.0,16.89878689475908
72.0,12.1533328098251
15.369573,24.6982682771903
168.19699,29.484065821962936
8.0,20.09707445968784
72.0,10.17533313647611
10.955583,15.715239584347698
12.394689,19.348539215088202
24.0,38.11802358841092
336.0,28.386703947967145
16.0,37.680481470400395
24.0,11.8763631164338
14.30409,46.9877532964853
120.0,96.94131679874289
24.0,28.36073897691939
108.0,34.0665471465782
96.0,29.785009379232346
48.0,19.434350803614738
10.0,19.087545172183294
120.0,45.600152105129716
14.0,23.685891550894937
96.0,48.574856726630586
96.0,27.082729174500567
12.0,19.0411028515684
16.0,38.521953237255445
65.0,24.26521066893002
96.0,18.232538156785857
240.0,33.80020029074512
72.0,26.549655397943308
12.0,35.2802687496918
4.9854198,27.840097630336622
12.0,30.42314188624447
5.0,25.185698595436968
96.0,29.25197490147032
48.0,44.618190404684576
10.0,37.495683102609824
17.796667,19.623432264968603
64.28271,18.750457077552614
14.0,45.5568600685353
8.0,38.93584523302341
96.0,30.37610030241176
24.0,20.403832392736913
20.0,18.39976380180344
120.0,24.468620346331065
10.683044,32.63798703010534
8.0,28.19128003132706
15.786644,21.58611218923778
72.0,39.151221491014674
120.0,31.94928985931024
18.0,20.121844751730574
96.0,38.0910731376984
24.0,28.2650525925851
24.0,17.67388287968305
18.0,27.460039313279836
90.42484,29.10974661842144
14.019426,21.376972635583517
96.0,14.125017847553963
6.0,24.463571438795903
24.0,19.385758624183545
8.0,86.68589149302484
24.0,29.39459313871422
72.0,11.484398730417595
10.0,31.287409608213604
72.0,50.25447798848539
96.0,12.311760604361401
12.0,31.4979568247567
20.0,25.376673381798398
14.0,20.945044107940202
20.0,46.788087705675245
308.96216,21.046096159007547
7.0,35.50307761156413
120.0,30.561995931900817
24.0,25.628393018068
10.206565,28.470402693217594
48.0,37.807308725201004
18.0,24.296385304807178
65.0,39.30861135474301
120.0,29.587743556605904
4.0,40.492056748269086
118.57481,18.779641887887983
17.502453,32.640396129933784
5.0,49.7228580912965
72.0,39.38586624500001
8.0,47.0906115731536
12.0,28.429737278616
96.0,19.453234102001993
17.339901,28.474890375161188
16.763607,26.81190814353112
12.0,31.225343861224705
14.0,20.005435485558273
48.0,14.717123449238105
6.0,30.362083256038613
9.227883,25.48765886403785
12.0,24.037324935274476
10.0,28.999019509768868
12.0,26.480381552054833
72.0,24.26468936098358
40.0,12.196178248746929
48.0,19.32951043611344
72.0,30.494527912019716
18.0,19.04011060171667
144.0,26.9048932378577
6.0,30.912307002354602
6.0,24.2234275796928
24.0,19.657009173333332
91.39007,31.747669892656443
336.0,5.292029959394751
24.0,18.199991537153952
12.0,19.96995096459725
48.0,18.6799885062362
12.0,23.197108716328962
8.0,24.5819876031948
13.5244665,31.258894014754507
12.0,28.089242636179108
144.0,37.622273314492716
83.300095,30.23632771894321
14.783163,23.5981339172992
24.0,37.668142927310605
96.67828,16.50688865954979
24.0,31.094035023159304
6.0,47.0462926890095
15.829952,16.241732347146158
24.0,24.598300842585182
72.0,8.637578688399294
15.0,27.95186929694967
6.030303,28.419179344725322
72.0,9.4134313697417
110.10085,26.24319230093382
7.0,39.67102955569325
8.053953,20.944632000000002
12.0,24.534038506466544
6.720021,31.78905211631576
6.0,32.762421983941906
8.0,47.773374740099065
12.0,24.30793648266818
20.0,28.779886983954484
12.0,18.510346465974106
8.0,19.64309291518487
46.28918,43.042112649045244
8.0,38.45461439570595
120.0,36.835612365452135
132.0,13.070115996006805
9.646724,26.271836225000005
20.0,33.960255082093504
24.0,33.82123398080132
12.0,38.34760575210111
24.0,25.488944122952926
24.0,24.5826690094766
24.0,30.010054101588597
20.0,39.562957463539526
12.0,18.148133162464912
96.0,40.212114884059176
72.0,28.10395303937971
47.712055,24.318227180985065
8.0,27.677435041457645
12.683155,51.07166465482052
96.0,22.12924610929107
4.0,50.533987274177896
108.0,44.33936948188194
48.0,26.5511827670756
16.0,46.786832018103546
12.0,28.272027233471203
3.0,25.382083072304976
99.59344,8.03577694889141
10.0,32.49831941011347
96.0,35.569325026654795
96.0,19.410591129233598
72.0,19.041347615145668
12.0,45.3834144242849
24.0,30.30662598574456
15.0,22.574128612718212
24.0,30.555004080893823
13.775866,19.050784621545485
96.0,36.75485433342143
10.0,31.8403786164325
8.0,20.88863004321465
96.0,48.728734866785615
12.0,29.46675371962067
168.0,73.19751217498714
360.0,31.733380429648555
96.0,35.54874904179015
360.0,26.82699945466958
24.815722,24.26525498396018
72.0,18.80436618620234
12.188991,28.400267871847305
79.57139,48.07672714489606
8.0,19.666118753507767
5.3483863,29.144643082242354
12.0,24.21379627133334
96.0,43.84237774881568
24.0,45.384232448726756
120.0,24.14635251644684
14.0,36.041638631917664
72.0,27.041195077175367
15.661269,32.11811126762068
10.0,24.10897285116489
96.0,8.16307728219546
96.0,29.915677011343117
65.0,37.3096242443432
14.0,27.951724350085115
17.417,9.777671322082924
18.0,19.280302289744885
17.769342,12.541275961825702
16.0,19.889135908490562
20.0,16.52112161153047
24.0,17.168341390482947
24.0,16.548185781377356
24.0,14.002173657323599
5.954674,9.035121713821262
20.0,27.5762427
48.0,26.073564473115276
16.0,30.80179402132141
120.0,19.891955334231362
48.837547,19.280167949748034
48.0,20.944945978401
4.0,43.4135732224151
96.0,27.093326652579282
12.0,50.602456652770336
120.0,24.26487416507522
22.357342,27.10908115475241
72.0,17.999738829567917
72.0,30.640519479204137
72.0,97.71431264
288.0,6.7829740154138
8.0,44.62177199891505
24.0,43.8044365731831
16.0,34.878613406906005
20.05574,27.24425471786793
15.021451,30.442428120765868
10.0,22.511147023813365
96.0,48.72900779639024
120.0,20.1030875139033
24.0,38.48767132046286
24.0,19.800330910562163
8.0,18.860087760940804
48.0,21.40996408900262
24.0,19.04141331932017
17.584488,19.267909683872443
65.0,33.42488444961232
16.0,30.37182768091736
12.0,20.079658062895252
10.0,29.395112465401837
4.0,45.382798235
24.0,33.158086570053314
53.972393,48.29504854374303
12.0,37.75171806555878
8.0,33.95602830251212
24.0,34.30921131608575
8.0,36.31435191807349
72.0,49.123619958473924
18.0,29.68067813386456
96.0,20.47792534159502
65.0,38.0645962269872
11.675124,32.881678601870604
24.0,52.67952675593353
24.0,32.28167275833169
83.85548,36.412647406860906
120.0,12.80920198591952
10.0,35.44261200752421
8.0,33.555295706858466
15.982241,24.586428884933667
16.0,33.094520740803986
6.959974,45.44000925227851
120.0,49.12563286719697
72.0,20.80229672372666
9.5917635,38.0443109565426
18.0,36.80958884064821
24.0,32.785461144347416
8.0,41.14864892542631
8.0,32.48478774157886
40.0,49.40629792256842
10.0,20.945455406159404
12.0,19.5746664019682
72.0,15.983816418776245
120.0,17.94344657474791
5.0903177,38.158949797717995
72.0,24.058257155418836
8.0,28.421481971023404
55.677113,34.14664896043494
2.9888499,26.169771675311605
312.0,24.5813162106136
12.0,48.29100407024661
14.058793,21.787150252806427
65.0,29.117406903008202
8.0,20.9447546431074
16.653067,18.56337502064592
24.0,29.185475948144642
120.0,42.78451532818019
12.0,51.49643621689799
10.0,17.913471786746303
72.0,19.634549155676115
18.0,41.847721796616504
72.0,9.730927671976282
16.0,26.67301062219289
20.0,8.194964704278654
8.0,36.73364690150033
72.0,29.869565138082237
24.0,27.52046171057666
80.65135,19.357627349142835
10.0,30.99911695106721
72.0,15.570955691479881
96.0,20.56420186344956
12.0,26.011526558253
20.0,18.228352483410355
6.0,28.899258493060735
8.0,39.743303544747505
8.0,32.8616021569512
9.106649,34.79495240063775
24.0,24.74235439460864
24.0,38.801195094048325
24.0,36.796798244335996
8.0,31.791995198564155
12.0,37.796392600000004
67.03359,19.1010540958878
24.0,33.565118105964544
7.9081016,19.17007695566474
6.0,17.514254615167438
119.92152,22.032771125824105
24.0,24.419108861721952
16.0,39.3648564309264
99.134186,31.113141052012235
10.0,32.49939565496899
48.0,20.16475305754827
24.0,31.679622758401067
5.0,28.639689652130034
13.138079,48.72355722114955
8.701118,32.365966956559866
24.0,38.75810564553165
72.0,18.808201252101142
8.0,33.44120299379685
20.0,24.325669570194457
24.0,37.287385294356326
24.0,34.48397747969397
10.0,47.99794260554151
13.607026,19.226379849819647
24.0,49.12520913028947
168.0,19.405630186653468
3.0,39.775463700016
48.0,27.7247039038232
24.0,15.556556215799061
65.0,33.80866572074271
10.0,47.55992399726315
12.0,18.601385736001944
72.0,17.36831327938341
120.0,53.67951626188594
12.0,46.1036649961664
10.0,18.004434461211517
9.829586,25.403901864205682
95.50123,13.633713844802202
96.0,37.986104260736305
108.0,34.382978024228954
72.0,20.11499995493887
12.0,24.991140617344275
19.166096,19.420203932906123
24.0,24.266434796265802
96.0,50.34423632670365
12.0,42.49041824653117
24.0,19.359935204030435
24.0,37.76988502899433
336.0,24.105749740290406
48.0,34.36116423877148
7.0708094,28.14754232493227
96.0,19.801931815016403
120.0,28.413165315172982
14.0,23.809552904565713
48.0,30.443382095061036
8.0,39.18157706812521
12.0,28.271149875905905
56.829575,38.18207145762983
480.0,33.8205551985856
12.626884,33.01081433536512
12.0,19.65581601052053
35.98427,19.44255310657648
6.0,20.2707318528105
72.0,36.07049965658444
336.0,19.74419251159581
9.068006,35.68173039135543
71.621445,29.06738942708294
8.93778,38.8817119430732
6.0,29.375728857386502
16.0,45.51064556756399
8.0,38.38193874740328
16.0,32.5495900860834
72.0,37.78423673399078
120.0,39.30619800000001
8.0,48.93931298
15.0,36.207449499898736
96.0,18.794891061483558
6.5909224,32.49939203092159
8.0,46.57109135264686
6.0,33.40514992148479
12.0,38.94808339074089
24.0,15.1708868560838
24.0,19.664666285801673
12.0,20.090481999903364
14.0,28.135309203430396
4.0,27.45554497726494
8.0,38.226285478274825
24.0,17.974675606688404
41.34801,10.307549677911208
48.0,46.182698422323256
12.0,21.97251311793163
4.775179,45.61340008580576
6.9982133,30.7849877605415
96.0,39.27804719001705
96.0,27.34595730489056
120.0,46.7113221479
7.0,25.673129056181995
12.0,18.378296911019255
24.0,34.93639738290908
21.647175,33.3643966090032
14.066983,34.22312523358724
20.0,18.403384034459478
6.7766266,31.020540740481124
12.0,47.5234190240192
12.0,29.49186702089589
60.0,46.49705717682182
24.0,27.9932016908228
20.0,28.829772668393353
78.946045,19.51362384951702
20.0,8.550674298356926
96.0,24.224970851372483
72.0,14.885917293387664
120.0,34.73582853864051
47.925026,47.542440378591806
96.0,25.420943665587355
120.0,21.576957054768737
10.0,14.38973492893587
24.0,25.0791185378585
10.0,23.055026846880182
3.0,16.151031710335385
48.0,19.51514419252356
15.0,29.635065339726083
16.0,13.641301917410468
12.0,32.85562251867082
24.0,22.879933692289296
96.0,67.48630940240933
7.0,44.08565616060428
120.0,32.340402586261284
168.0,38.681152872295335
4.0,47.85492403384617
12.0,35.9688655738508
96.0,27.782090303154487
3.0,20.29750735613739
6.0,33.729015676499294
120.0,39.154561958885
18.0,24.47451175080988
48.0,19.789341522196878
72.0,33.944901915765996
10.0,31.57125148352075
8.0,28.08020098156332
12.0,32.2594271554211
48.0,19.802794915891923
21.558836,30.150807382132403
14.0,38.98952965349352
24.0,36.0909274199588
24.0,44.59289971673112
18.0,21.46552864559408
120.0,35.0806021960694
72.0,49.10846812688295
96.0,18.490497709411134
14.056432,16.59303943154192
16.0,32.34304483963446
20.0,29.491577116736334
12.0,33.713217151391326
24.0,39.91938974333866
72.0,18.74912368906777
42.131893,29.377850789940332
24.0,32.03352623115152
12.0,32.5750044853693
96.0,22.9829324783286
14.0,29.3899217049349
24.0,13.125078530240101
48.0,32.76387714240241
264.0,25.470780175109805
24.0,18.291199534895973
20.0,44.86936147857144
29.06694,19.210902786395874
24.0,31.94758043213353
72.0,49.126914775839666
72.0,21.286079929532576
18.0,38.644612392934704
18.518782,33.69226459412571
16.0,37.97174188046788
96.0,16.4026536963984
24.0,25.59386211927645
72.0,9.997234390451112
72.0,42.683539310641955
72.0,50.06683699849505
72.0,19.409046089684477
120.0,30.251830199111716
48.0,45.74196671937963
72.0,17.511244893409586
5.0,36.96449674407128
24.0,29.11021482306668
24.0,28.06950764595339
96.0,27.540591819141678
96.0,25.527181764486194
18.0,12.310888221450668
120.0,7.7453798016348
72.0,23.770515152429848
3.0,40.577563285820325
96.0,19.25335994891378
12.0,25.159360499588693
96.0,19.383801798641965
65.0,9.74057158797284
240.0,9.444858354503536
4.0,46.410831190001495
10.0,25.930134096017067
72.0,20.731636484005247
48.0,32.64048909267316
24.0,19.9017632659952
120.0,20.2708634868614
42.0,33.242080884283155
16.251059,29.286689425726166
24.0,19.492078461593586
8.429712,30.98519930754088
12.0,27.538140096040273
24.0,24.018991302731205
15.0,22.664080668727284
24.0,19.16528938460176
72.0,13.424349012645429
4.0,50.88130227991688
48.0,19.661861226220587
7.56542,27.64723234774941
24.0,24.307762991537032
72.0,28.224493510780068
8.0,33.614762202736465
24.0,27.429721251264493
72.0,8.98478414996786
20.0,24.40089617622468
120.0,19.420411037935043
120.0,62.14560117690175
96.0,37.67084971947579
72.0,18.52790112088007
12.0,26.3162401073423
96.0,27.233024823746184
8.851439,38.160552589043775
110.0,29.104478931734555
11.20198,37.716019311348106
24.0,28.61975239224128
6.0,36.16529691591364
12.0,38.525278575104934
14.009997,23.115799079825702
27.369442,34.87475498475956
12.0,19.611585215853772
107.185425,26.145460625586978
15.0,38.992282146611
72.0,34.09135416610987
44.0,37.04536211695303
12.0,29.548339627567543
144.0,19.11634533077707
48.0,27.793545613174196
13.885399,19.404980656199573
12.0,17.289084803413544
12.0,22.07984598063151
18.0,35.277180560189
12.0,23.393147335307273
12.0,34.85893921241959
14.0,40.71339140308096
18.0,20.2690371521622
12.0,20.0983050225602
24.0,11.648823698542211
65.0,24.314105285019536
96.0,32.86161632274384
128.20198,28.524416558897375
72.0,16.189771712462118
24.0,24.047496566820264
4.0,47.5428758483006
192.0,30.392864673016415
96.0,7.74145533538892
168.0,19.012511186352363
6.0,21.0401634556526
24.0,29.10960228394364
4.4931197,34.03867611263165
12.37501,28.1885299758684
8.008937,38.03158601310887
12.0,21.005818421958875
72.0,37.35285002734988
24.0,20.926102787276005
20.0,27.831909733786667
96.0,39.18172813693499
96.0,18.964252954487087
65.0,30.535421097768236
11.169706,29.922056266451435
4.9303136,35.7366446334342
3.0,33.656312628143
12.100477,47.54302301780945
96.0,28.63803971545536
168.0,26.6799846858845
24.0,50.73392762271874
3.0,28.088073763571334
72.0,18.7944588052838
20.0,19.4212719274904
6.0,46.78240043144879
81.266754,16.701351123229315
8.0,29.906402185083046
35.904663,38.884395437809964
96.0,4.3486474101578
20.0,16.77594901617363
14.0,27.811146353388683
48.0,50.38161965811797
12.0,37.542262434207736
65.0,28.874373045662235
18.0,49.55898364877452
120.0,56.06838711207999
6.0,26.08505355255783
8.0,38.1400185489088
65.0,27.881525548610725
12.0,24.853167790192025
8.0,31.900048644807104
96.0,42.563020749889404
12.0,42.755759929386414
8.0,19.042398331328304
65.0,18.48886055510847
96.0,28.353568280500706
9.389221,51.81825807306202
24.0,32.34084838942988
96.0,22.68445169738108
72.0,33.44441580099953
5.0,19.609050794772248
24.0,51.26933226456113
14.0,30.198726009211878
24.0,38.33963058047549
10.0,46.40957317967275
96.0,24.130715867101404
12.0,19.420061934166103
96.0,25.769823601136487
8.0,20.4562772321188
12.718197,40.37979373303376
168.0,19.650281305315097
24.0,19.819454020129005
65.0,23.49665991338174
12.0,19.495626295676136
10.0,20.308908528821338
72.0,40.903169976314224
24.0,33.416785690244915
168.0,25.3752793158336
12.0,50.139829160287675
4.774778,46.18294370541464
16.0,12.33434933818328
24.0,34.4444074962092
16.0,29.60019641104745
8.0,28.26889546524304
96.0,43.029412458790404
65.0,25.310454324044894
96.0,48.43279603837901
70.859146,22.88213306434058
7.0,43.10703147015368
72.0,20.27059611
72.0,33.7083445541342
72.0,28.4557126020224
120.0,28.65884951871707
7.0,21.257969603437942
24.0,29.1320848595664
48.0,20.0937356820731
120.0,23.026945426806932
42.0,26.8622721665084
24.0,23.793958865325703
20.0,40.288106947043715
336.0,20.933052714389333
96.0,27.997524638754562
18.0,18.740138620106872
96.0,31.4179426262306
20.481976,16.356447690124668
14.0,19.3156072695305
19.27167,20.467907202464705
13.1131,19.181096448883356
8.0,23.702346907404486
6.0117183,45.037207106496616
12.0,31.825344260712672
24.0,28.0575174689957
10.0,19.657193012967998
7.643573,43.412746168299805
20.0,20.810945011647505
96.0,35.791034064540966
24.0,12.196352797640603
72.0,20.552878256608643
8.0,36.876963812200536
8.0,19.408271167855013
48.0,36.375671238654085
8.0,47.63165963064106
168.0,74.68948754409331
4.0,47.543609209175
24.0,31.45351621418718
120.0,35.341061510848306
60.0,18.682666261772297
21.719507,39.73908119124945
4.0,30.387229083786668
20.0,25.27147978448412
6.0,40.054096644409995
168.0,13.103263959819598
8.521054,49.9205360094629
24.0,35.690669168248
36.0,38.96868334864123
24.0,18.795646027162157
6.0,38.09478819072361
4.0,31.549989152662132
96.0,18.8771198542868
9.465528,46.4097360111379
72.0,8.600069878925598
86.8906,18.519668560145483
288.0,35.0373570174617
24.0,19.66960055178893
96.0,16.121131370717375
12.0,20.094117957203515
12.0,20.2700533201854
72.0,30.43757085828267
24.0,18.79547972770448
6.0,30.199127619164237
24.0,10.896286941397003
96.0,27.823625918000005
12.0,47.23659293752639
96.0,28.94871053
20.0,29.357716390288036
16.0,29.43678760851637
96.0,22.149446143725168
48.0,12.15123549569054
4.7427344,31.7471905798208
10.916938,22.420503322420267
336.0,19.16771164956602
6.9885373,47.543924345731206
120.0,33.00979860356782
72.0,38.790557707521664
24.0,26.168752000127604
12.0,38.63268426929094
168.0,56.91205015195996
6.5339327,35.69495104665511
3.0,39.43247836963909
65.0,19.08850330075844
48.0,21.516531836191604
14.0,24.58176933848122
8.0,27.37428381675977
11.035373,33.74945730586805
117.83638,16.685936066701824
24.0,34.8016796133816
24.0,36.17565412205838
20.0,50.15380057532766
65.11016,25.612554529835617
15.975712,20.902651989976402
72.0,17.7473947787695
22.0,48.17475147629134
96.0,23.305184273948978
72.0,25.37820002717825
96.0,75.32870742311675
20.0,28.150883794764002
72.0,49.917856418537
12.0,26.171072192362402
65.0,37.85582896628532
10.0,28.557615245
48.0,39.171695446172
10.0,20.159334466649657
8.0,37.689631799709204
24.0,40.438280510459116
65.0,28.8003499148217
144.0,18.740213823595873
65.0,48.76445405566782
68.73343,32.42968420611092
36.0,28.97829425891044
9.138775,38.008208215797104
8.0,35.73779361432217
4.0,21.654994238822383
5.0,32.59685998746346
10.0,50.34635476685285
96.0,48.24440252073685
24.0,38.31975368294748
48.0,29.23165895411029
10.0,19.04073879557467
24.0,26.170800282922404
8.240806,49.44246416605536
16.0,32.57573456904768
24.0,28.10356972551237
16.0,29.480650379226958
6.0,9.995350897631301
120.0,48.756268038439025
12.0,30.05637369992365
48.0,49.24555018713165
8.0,22.6988050827608
42.885494,65.83322704337519
18.0,47.543937405299005
168.0,29.051643084492436
12.0,28.029405044118
96.0,29.04082243763624
24.0,18.177875557802
24.0,26.21968441057101
24.0,8.496114794968035
7.0,46.787245253987344
20.0,27.343982330965137
36.0,8.220554940321636
15.0,19.992452889721104
8.0,20.584269232112934
96.0,33.99722704177733
96.0,8.5951847593496
12.0,19.04172225675487
8.0,37.30976472854233
83.77324,24.2673252839894
10.128442,19.272308183880856
72.0,35.277374479983926
12.0,35.609984698495396
6.0,38.70190115573067
20.0,36.79865804739277
23.694248,46.167308074631244
120.0,21.5079586
10.0,40.74732458430218
15.79971,23.213794349848325
96.0,23.68305108976062
48.0,37.26172439948638
9.474728,35.87225857335181
24.0,23.672580016887817
315.50366,19.20919056545327
49.342964,19.228932498379283
8.0,22.043935682295796
105.38439,28.088206119605292
96.0,35.4066496
120.0,44.039815580817496
360.0,19.65736114630586
6.0,16.816328173090103
5.0,25.25380974567862
667.4064,25.586654636220484
14.0,30.194489676963205
6.0,45.9341141015134
24.0,18.531691928223736
120.0,48.491289154883425
4.0,28.170389616571278
12.0,18.50735917184659
24.0,39.55204998835211
96.0,27.11532973572383
24.0,36.830986993019074
96.0,29.11128415239236
20.0,36.867589963400135
4.7635756,27.986111529999995
16.0,19.047525677400866
72.0,23.700242684495844
12.0,34.622799693897804
137.18286,10.7012091230086
22.0,19.809319577527436
12.0,30.913852993908247
20.0,22.00069240397636
120.0,15.812588083002673
14.033093,35.73811987648252
96.0,9.6861224723717
4.8240104,19.202025323228757
77.39276,36.245665188166946
20.0,37.29914847959688
65.0,19.531773109079307
20.0,32.34106196122412
15.0,39.189722171222805
13.02143,18.978549454044597
24.0,20.044641790928512
16.0,18.693876673172525
10.0,46.102622370598404
15.998654,27.481954211914278
120.0,50.57215261208312
5.6562934,32.676871474781
72.0,23.745075368192
65.0,28.277688390594253
12.0,19.034906681855418
336.0,34.01968638051156
18.872778,48.001256304593454
12.0,39.942421451505204
11.17316,39.4230896290643
12.0,28.156175437115646
24.0,39.370744772770216
12.0,28.89391961475058
24.0,29.112345527248042
24.0,50.31832758896383
6.998649,16.32634549667172
14.949317,27.16341803957911
72.0,32.4728852229617
96.0,32.455681268338516
12.0,34.35135377640149
24.0,44.34512051760517
120.0,31.08769528796491
14.0,22.012917021386382
144.0,38.884005477337595
24.0,20.945490000000003
120.0,30.001289925125395
96.0,73.13663616337507
21.750887,18.889535581006932
20.0,38.299070373965606
8.0,19.040892300419767
6.0,26.178001515316804
9.036922,33.251029942706936
20.0,16.765123905840802
96.0,32.3399599196906
72.0,39.23529136353874
240.0,15.244041474855468
6.0,48.663674370236
363.57605,19.164836333755197
12.0,24.742604
15.0,50.57213448656079
20.0,19.656101928694625
14.059784,28.27127310075554
120.0,38.17368069487497
18.0,45.98134671032495
5.0,26.50014786281328
16.0,24.97912623918695
8.791269,27.774514007246058
72.0,46.63727902235334
120.0,31.334347192145064
72.0,11.084889295977725
7.0,25.61285096374676
72.0,34.4802940776905
7.2105017,39.96935627540258
65.0,19.167693613565255
18.0,29.412153158309952
6.0,14.882826372911799
24.0,46.103911093209604
15.0,20.2715099810163
120.0,10.218135558618556
96.0,19.854954146236512
17.955296,29.394725337833687
24.0,19.311139907138454
6.0,49.9176295100699
8.0,30.216083199999996
16.0,47.12373814609397
24.0,20.9445406863699
4.0,39.83188679519042
6.016708,47.03272015185487
72.0,30.57984566854134
20.0,27.39706050522655
8.0,18.467249520074663
18.0,32.116993666645556
96.0,16.825919528093607
119.09071,43.86888075943463
24.0,51.62103812106692
120.0,23.173885340818455
12.0,32.95869933901231
244.16757,19.7295468761209
40.419468,12.941349835305568
3.9355397,45.95885156070013
96.0,24.266361238364002
14.568427,28.32049685905224
6.0,51.09483050524359
72.0,8.768183480302522
36.0,39.419336884284
12.0,20.721608089133603
72.0,15.76542977188472
17.78302,21.6376448207744
120.0,39.30701726499301
6.0,27.596547421883905
72.0,19.3123065294532
48.0,15.617220628396748
18.280542,29.278198951898666
8.0,45.316050637473694
19.853365,27.992093325380406
24.0,23.962083082811425
8.0,39.944657150844506
48.0,36.14762541895734
24.0,38.51925084041527
15.0,44.084801003310204
4.0,49.10854526406391
72.0,31.497262704852467
120.0,50.70930179575253
6.0,30.311707591999998
96.0,29.927458246313588
95.02899,25.217212082867462
8.0,38.73258107433248
48.0,24.28481417177576
12.0,18.6851190064642
72.0,35.4553294933952
96.0,29.306086054396204
131.94162,30.22317289223533
12.193486,50.051790031099216
65.0,49.12500115904567
12.0,28.3833863190884
24.0,28.13327323351526
16.0,19.802440927056722
48.0,37.716985230820875
72.0,28.210902987966563
4.0,15.698132237234788
48.0,6.09376044324672
10.0,23.090218809608
6.025248,30.824863746522322
24.0,7.393242778389812
24.0,46.679342905422565
14.213453,24.5824946591588
20.0,38.45254833766504
45.96335,50.71021681904434
15.774487,29.216094685356026
96.0,33.51121732624044
22.0,38.03645321348094
78.97165,31.40706350172584
72.0,21.2788963139378
10.0,48.29947524090667
12.0,12.016346287656635
72.0,29.846980899666967
24.0,38.27143425895259
20.0,28.461401914181785
6.263641,29.978965243064106
72.0,24.0281868000965
24.0,51.06028580558032
24.0,49.12237644654336
83.56984,32.7638687510589
50.0,13.074613524151047
6.0,25.117824643462853
50.0,25.033892816599938
8.0,41.20434709359234
24.0,48.06849451481729
10.0,19.65874188677943
12.0,31.22506135478405
72.0,19.65813036305661
4.1921234,21.286441047099828
22.0,34.1736483779375
120.0,30.8231781962744
48.0,26.336033989839105
9.8605795,20.552320624909882
12.0,20.944671331974003
8.0,41.10808068645238
120.0,9.779891096656268
20.0,16.9994889893098
18.0,17.989753783464195
90.81307,26.752349486088534
24.0,20.390639309943225
24.0,19.849677758297855
72.0,35.89482355154345
10.0,41.8081818764904
72.0,14.86062092847736
6.0,20.39196471383678
24.0,49.549307872004526
10.0,19.164673077003357
96.0,17.955987938836337
24.0,37.32465718912133
95.701546,16.402066280243314
96.0,35.35236836042145
72.0,35.015982408734374
96.0,21.08608227442754
12.0,29.680755602456802
18.462929,34.2426614146742
120.0,36.389617749599005
10.0,35.65070967021945
14.338598,16.6670648077142
48.0,33.34805161643042
10.0,18.765286509252174
24.0,25.4153080446776
10.0,16.157245745924666
9.8340225,50.39325858743064
8.0,28.648677409705677
14.0,19.646861396153582
65.0,29.1103688965667
144.0,30.316026068711423
6.0,26.429529295414596
8.0,21.7147827711156
77.827385,37.308335911946656
3.0,35.93244611187848
24.0,20.5616799785612
23.573729,28.423147409520006
14.3882,36.741542018358295
12.0,20.856418662508702
12.0,31.06987746595971
120.0,18.79488365310116
372.0,26.65725506033359
336.0,19.3479939912335
96.0,11.127961499638396
168.0,30.96835837299577
76.78075,67.60135340383141
476.29608,19.057472294854715
20.262552,25.300996034593123
4.0,34.58773973814614
24.0,19.225333851276606
24.0,35.7515180952012
24.0,47.5398783123275
120.0,46.78784998180014
8.0,24.482542205962673
6.0,23.905965776540608
14.0,29.950434213938596
192.0,30.331975122022477
15.811578,15.447389520969855
16.0848,29.16590854769534
12.0,26.50076127846921
24.0,25.275434715387362
4.0,48.33521908927206
7.532611,48.336280042771165
12.0,48.50145101463561
53.606087,33.31019221346604
6.0,49.07640933795648
20.0,8.198223524600271
8.0,28.343841584541952
10.0,38.993161797427604
72.0,17.726003096409332
6.0,38.10456361504354
120.0,33.745577310386146
120.0,20.310145734981905
6.9905963,19.180161621218303
12.0,37.0932107490312
8.0,36.735414990201825
12.0,29.082630470539954
72.0,18.810746864956688
72.0,18.657115889972935
60.0,18.72191986305408
18.0,36.175114378767326
24.0,25.347071718567683
12.818173,30.10990998316011
24.0,19.9778147616389
24.0,28.78076546150153
12.0,28.514248480587362
65.0,5.80802850429329
24.0,28.011143565280225
88.195206,49.07323135823167
33.164783,48.4503946389539
8.0,24.31764552003147
72.0,33.71725192061336
6.0,29.413493555190897
24.0,23.517174389302326
48.0,23.613354850362803
94.98036,19.4197643937044
4.0,20.12541890741106
96.0,20.295989980823517
140.61302,40.49656695866848
24.0,18.412897068847872
120.0,16.63950913591205
336.0,3.3769771167616405
8.0,27.029632525988834
8.0,46.777049558888955
72.0,11.2976676453827
12.0,23.6423056679518
15.05695,47.77235903585632
24.0,46.79753860130781
96.0,18.30799063818812
89.65139,18.497495773533682
16.354504,19.28020273078992
14.677957,24.97929089411585
14.161786,31.275992921465452
12.0,46.11925939546871
4.0,33.31246243585339
20.0,24.968580515915903
6.0,20.11611294247384
12.0,20.613235283197913
72.0,23.65635151723184
10.0,20.232168855862273
3.094213,14.785341171191783
24.0,21.37982149882568
24.0,13.3475246996416
96.0,24.382645148791205
24.0,35.940175440319074
144.0,42.053191367346
65.0,50.71098478462933
19.523367,28.151100704279415
24.0,31.006880506757742
20.205814,35.41810923159466
6.0,19.34782821149945
12.0,31.34938913540993
24.0,7.293182168586367
3.0,32.92914747408443
48.0,38.40908438879552
12.0,19.042423604362654
6.0,36.3172743676805
96.0,18.432325150494133
72.0,29.417633220981855
8.0,40.73257181422259
12.0,31.135313092866724
20.0,13.730440763982571
21.707306,18.79426502080208
10.0,9.959078658379875
18.0,33.68528387410734
24.0,20.088860451096277
12.0,29.490459280742733
24.0,25.6935296
24.0,19.90629157874419
24.0,29.968036938856702
15.0,38.0442222746493
68.23751,24.4834845190508
72.0,39.561309396778405
24.0,31.891052786000003
18.0,39.7398765189971
24.0,35.294270195295894
48.0,49.96123372350353
23.611122,34.78153995864615
48.0,32.09705471935442
32.442757,27.493018931970827
24.0,29.348774449345484
72.0,32.342059271027004
79.7112,28.931843349982163
65.0,24.161789550659787
168.72585,91.916295674845
24.0,28.055247491142378
78.20078,14.70262676951253
72.0,24.269567521666044
96.0,26.389848831626605
16.0,48.54492066531928
16.0,20.2705741855062
12.0,22.585138332401762
12.0,38.31650271879974
24.0,20.3225917664864
14.0,29.39492795434137
16.147196,19.869322502455987
48.0,24.267410335359816
12.0,29.16555077570133
8.0,36.314995796393895
12.0,7.663385664024365
5.0,17.555801223055653
72.0,35.5929991934532
24.0,35.3822903481559
65.0,22.264874813685562
240.0,37.49066428092786
6.0,42.74764108666811
96.0,38.82398673848746
63.751286,41.08720467776873
48.0,20.69063537155207
96.0,27.862135228099522
8.0,49.9181675
12.0,40.257924050289645
12.0,33.40271081388267
24.0,30.829289374355934
6.0,36.15577465450945
8.0,20.309529914825102
136.77145,39.73033154900986
12.0,22.2636919966308
72.0,20.076898911338912
24.0,37.018517639652295
12.0,31.606084010853174
69.96461,24.1860237220426
72.0,20.270463308024098
24.0,21.085241840841803
96.0,29.482002416829292
6.0,34.32548491119087
72.0,26.180567097659477
3.0,47.96537489340824
10.0,28.001085016330936
20.0,14.125428644576543
16.0,18.87800187475316
3.7641096,44.66409308270661
18.0,26.058824755533987
5.0,46.66534747571978
24.0,25.7366568513621
65.0,29.673310685182404
8.0,50.67871476996776
144.0,38.92112219479954
24.0,21.014471872882
48.0,18.887230370807995
83.41639,24.336474820451368
96.19167,18.79469088848072
15.0,15.1283562558552
8.187929,44.3008935425
25.714792,22.377342057460183
94.96195,30.97700474473598
12.0,45.071234519818134
10.0,25.380015173584297
24.0,12.15358974103904
20.0,38.28606178642127
10.0,45.8007189418295
4.0,39.3954795176448
24.0,24.14075279220572
72.0,17.60510639
24.0,27.86161109604077
504.0,9.569452166695406
384.0,12.789126419570374
72.0,48.34273460119948
6.0,20.08288857652125
4.0,44.33967053124482
120.0,19.03963557756597
120.0,20.855553621223343
8.0,19.873995962964088
6.0,29.120849428010313
24.0,23.585092535989332
81.033455,29.173927923500887
15.0,24.734421559485206
65.0,18.45652449412694
96.0,38.44996738082276
72.0,19.51379062241342
30.157816,22.819306288232088
48.0,29.071110131722385
8.0,27.714936191147196
8.0,35.90042858063358
6.3803625,24.336254486036538
120.0,24.725623444110877
288.0,27.401212801447517
72.0,9.64584132718754
12.983619,39.6211732868785
96.0,19.357454017275582
24.0,18.794519710189636
8.857454,38.218859929114956
24.0,31.760401998752
192.0,10.97895092086684
72.0,36.64008288259405
120.0,38.22668263299635
8.0,24.585407416108403
24.0,18.75528762662981
16.0,20.771675976342003
240.0,18.51245061970548
72.0,39.95998239473254
72.0,29.401429845437903
16.0,49.16056619887245
68.2933,48.96509159834952
40.0,10.495168724731402
24.0,20.110525058116313
96.0,18.8885069596205
48.0,20.309563583525826
24.0,33.154785661999995
12.0,29.72292235550433
12.783518,29.481701991497964
120.0,35.09926463373751
20.0,28.42339746269482
6.0,23.58899921971673
8.0,26.790335969364083
24.0,28.088670783333335
72.0,29.464653635194658
16.0,12.21479301807116
120.0,27.78048764824351
72.0,17.97624934889375
20.0,34.03958825185149
24.0,40.26347229472436
65.0,42.72334571770901
110.052086,27.74947488308195
8.0,42.757791978480505
20.007076,45.380371172273634
12.0,21.55131992133452
96.0,27.84247367321952
8.0,35.56508412053336
96.0,27.678925009414638
17.84323,29.487533269259618
12.0,4.118551766222241
96.0,34.17386911209343
72.0,27.222167124564262
72.0,23.612326749300976
14.044809,26.403575643362338
336.0,21.608611457630662
72.0,8.624066573136954
10.0,29.84075295476523
24.0,44.86409867559511
13.365779,47.48421217686834
18.0,39.00212976638246
24.0,24.30867909784577
218.9354,19.739872133668236
6.0,36.85539359788311
8.0,35.400445456936254
12.0,28.591496468314837
72.0,19.4030685922119
12.0,20.45578748122521
14.533532,19.610679777242357
16.0,18.888055751471697
24.0,33.59084388232382
20.0,37.2603611684376
168.0,24.781404704943693
82.33452,13.382699461703085
15.319037,40.983231243018494
12.0,33.7623048341881
24.0,27.802224332668107
18.0,20.27033652969
96.0,8.464249235248618
14.0,47.089316650631204
8.0,19.539207004215275
16.0,29.9659613118137
96.0,18.6551714047232
8.0,44.661605394359405
20.0,28.7742261560607
24.0,25.286249335670618
16.0,26.55675596699173
10.0,19.04021387235147
120.0,19.414493008243163
133.15498,27.58520268327079
24.0,48.592348114548635
20.0,31.514675343375934
48.0,31.8203525965604
65.0,34.407480087718305
72.0,19.260093181265834
12.0,30.441162316154667
21.97939,19.027250491429403
96.0,5.999014062075701
18.0,29.772216209038
12.0,44.648442231672504
24.0,29.678609022082405
72.0,18.794785577389998
24.0,30.252714915343898
18.0,19.16324274855888
24.0,35.382450598619315
48.0,29.490391726466534
12.0,22.115185830069052
88.02401,18.803752136919286
118.1076,30.44256288421547
24.0,20.309129984357337
24.0,19.362441467216748
24.0,16.4026609464707
8.0,27.96488985649313
96.0,35.288417978892205
24.0,24.58129080594093
8.0,19.885657114266326
24.0,29.387820581800842
24.0,29.589535300134326
24.0,14.766698780594933
16.0,18.32497250082435
24.0,25.309114764151975
6.0,36.54526102159952
24.0,19.6482074538188
72.0,31.00079215575333
48.0,29.48109497297928
120.0,18.151613574239352
24.0,30.235418837860006
10.0,26.196341122905597
12.895522,33.22893039252222
72.0,24.27961197607142
15.0,26.1252803271277
14.525215,29.443023290954816
71.59965,27.8023174088654
8.0,34.79735381100241
13.676843,39.803721001241506
24.0,19.264955546868872
10.0,28.511264804924213
12.289801,28.541862227617102
72.0,58.1813750404022
71.139725,24.149637340516037
24.0,16.83960568881805
96.0,19.27065545132384
10.0,36.97062699503885
24.0,30.306876331522496
91.32665,24.276363798204322
2.8064783,50.03091772788351
65.0,38.2739797120862
17.179398,12.311415174080041
96.0,27.7322902573532
12.0,27.09197784566528
24.0,23.781775220188983
10.0,30.164288278716764
12.0,18.886903235696845
10.0,18.814241420152076
8.497712,30.286245903333338
24.0,34.68133294328726
14.0432005,36.84030232692803
8.0,49.4532933855956
144.0,30.375824057780708
22.01347,16.60393624892306
16.0,19.29136595748634
8.0,33.82572967202195
24.0,9.288215815521498
4.0,21.835574554266437
24.0,26.78552427967126
6.791873,31.54706759113619
96.0,40.5749772009376
10.0,20.086943514772113
48.0,19.013558410828754
72.0,19.67575145526967
44.990086,41.841010304214436
120.0,70.577187568281
16.0,27.977644710899803
96.0,38.5414628293029
12.0,37.92491704978376
168.0,33.16953636978644
16.0,24.8125905278075
90.12491,33.79469354704424
10.0,16.05009098972453
48.0,36.81583637478485
6.0,24.10873351960448
24.0,12.696883135881452
72.0,48.9710189273676
15.2404,18.886485380859448
20.0,24.38478165149307
79.76574,28.337554921343617
16.0,12.18445755319988
24.0,28.925148082486114
14.700541,29.68048391832928
120.0,21.31831301289956
24.0,18.795150908225718
12.0,25.4109198375983
144.0,8.747762772363645
24.0,48.728953776665996
12.0,19.424026741577755
336.0,26.387863960866703
12.0,20.474203695079744
48.0,38.48310457885715
4.0,29.395721466475887
16.0,39.51519969714142
48.0,14.245527071287574
120.0,196.37576785905918
120.0,29.93268858536498
20.0,14.663041637668103
24.0,29.847284587427332
22.0,41.80924051769271
12.0,32.52777810734016
13.599256,22.490904032670883
65.23241,35.514371997735275
6.0,19.042658651265803
96.0,24.502180508678585
10.0,27.820372331808322
24.0,35.53167497225995
20.0,25.834589381693657
38.680195,23.0989306769015
72.0,41.87909033802002
96.0,18.835325237496445
72.0,32.3395282678286
72.0,27.528216058030523
20.0,19.416017829122847
16.892155,35.39599656876785
120.0,13.65972264586865
24.0,26.840341514153035
8.444628,29.194335902784424
14.0,29.119943704672007
6.0,24.56510192842018
12.641355,15.98367511277036
8.0,20.756218768744098
8.0,20.242030485687508
120.0,84.43273982640497
10.0,29.597631007523834
118.853584,17.71177450453559
48.0,49.26560358557232
8.0,19.67492209374407
40.0,38.715354233201545
12.198845,35.861337612496605
25.42826,30.2524241586004
48.0,25.378801261152
12.0,19.903815815640357
16.0,43.70488054340418
24.0,29.510098500513198
144.0,49.167409543279724
33.489727,18.36309753109627
24.0,38.07104301054224
30.44649,31.70826704629012
40.0,13.584002254526935
72.0,22.77638765223321
15.0,36.20300494235757
15.0,20.2546718547641
24.0,24.287256108216805
48.0,12.216419920866638
16.0,35.79076592250031
24.0,30.140449818793623
24.0,19.38232039233806
24.0,44.35796356810426
8.0,37.73908406858045
96.0,19.419679429040603
24.0,34.124026453627735
120.0,19.633038334602915
24.0,22.432658192375452
72.0,14.924247403870933
72.0,20.18146907569823
9.026086,20.25776480007799
10.0,29.9671662831407
24.0,29.335813492638998
10.235266,50.57474230650285
96.0,23.069993561129333
96.0,25.841599922916778
8.0,24.930851880397892
48.0,43.94263484380323
16.0,19.413589540581
4.0,57.55583122131303
6.0122457,27.93558215862083
14.0,10.1415762135296
12.0,19.980972210155937
72.0,18.6195297154706
3.0,47.45165641977371
96.0,22.47529335765329
12.0,27.921386265
16.972824,18.44190705346127
12.0,29.28224785331741
20.0,11.920277904499818
144.0,43.93412012721074
24.0,7.768270934601561
13.807008,29.169201878417066
8.0,29.181652988848
17.556183,12.15270733705208
16.0,33.56744576620501
12.0,15.911967398318541
11.229728,9.190721299926718
24.0,19.305817679454876
24.0,27.866650846716656
96.0,16.66717400003555
48.0,21.738887813638094
15.0,24.75396992669085
24.0,18.94889062002653
16.0,24.7410683057984
12.0,19.349507420344402
8.0,29.545222866162337
65.0,19.405366154289435
24.0,49.9182376345106
10.0,28.87199279098988
96.0,41.923112456315636
16.274431,49.12528384294307
24.0,29.23605152698716
12.0,19.508294443291934
77.42206,27.364329679433133
24.0,46.266382720553594
72.0,24.38329218298692
65.0,22.48868189346794
48.0,23.821989170005484
16.0,20.188511685811946
96.0,27.78734035262054
336.0,19.34784547932065
12.0,21.931261833932854
10.88383,27.995294804406825
8.249797,31.83722814507757
6.0,19.919737427131178
53.394314,32.7638867299677
114.72572,19.088861328518597
12.394897,28.35358223402074
15.0,22.9440650660696
12.0,33.167304128000005
96.0,5.88915278446614
36.0,29.08026185738865
12.0,30.059765854265596
65.0,19.515481116534147
16.0,24.50407702856708
72.0,44.09138703370508
12.829219,13.34531090421252
120.0,35.27754872430933
14.053086,19.9915700023535
15.0,44.664051221311006
4.0,18.468285580881634
12.0,18.20424592827788
240.0,31.24239481302111
20.0,19.16347912254192
120.0,24.12310957969364
8.0,20.557684651080802
120.0,39.941309667091254
24.0,9.347999670535684
16.57353,32.51550029692014
3.0,21.135172068913946
10.0,34.094437313881585
120.0,23.48441648560485
24.0,20.45226849431306
14.044356,9.6270684712562
4.0,47.09438235844507
10.302314,35.66189346876165
14.018922,26.21137766553303
96.0,23.664489194223798
96.0,28.999357007390362
6.0,28.088397257626433
8.333934,20.439257215069677
10.0,28.747967204431678
14.105024,40.29636457942478
24.0,18.178837636601152
48.0,23.443379592375205
14.0,30.859336369800204
8.165302,15.3465667038998
6.0,21.391737585958
4.0,24.2911310733344
168.0,18.6967395959762
15.0,20.67416876997146
12.0,24.674171605257797
48.0,34.40975718731249
120.0,22.660043210104067
65.0,18.508307411252122
10.0,48.984978422519
8.0,49.12395739649187
96.0,28.66581093615962
72.0,19.53846335626221
8.0,34.92427146270228
16.0,37.48456469911629
6.0,25.782774171067818
13.653113,23.569180926809768
65.0,8.065167102229418
24.0,27.938576320127734
120.0,18.83528671792775
24.0,19.325108858685454
72.0,21.30397836533755
77.46101,32.51875829046867
12.0,38.405284304
24.0,19.52485618940797
240.0,29.68223340472768
24.0,29.251443189053926
10.689058,19.870457879366583
16.0,35.87663346888304
24.0,49.12400541430767
8.0,17.1455772426554
72.0,48.49389462095712
89.23808,32.097889963910326
10.0,36.80327090925868
12.0,32.50437259401937
15.0,24.09068028304194
18.0,19.05920774893884
14.067939,35.070485104006266
6.0,50.70922666672853
16.0,30.035155104854816
8.0,49.51290481791501
65.0,48.154041905215166
72.0,31.3949145469075
96.0,27.94820907628311
12.0,41.85379232406413
16.0,29.112257701842022
20.0,31.39399131655
96.30442,49.087294574046254
48.0,26.76480452674625
4.9996567,30.97781816557633
8.0,39.29505066665424
12.0,24.831568289396305
12.0,47.77398085123347
6.0,9.729921145080802
48.0,14.98555830744986
24.0,29.680653822208328
14.123642,20.563414078849764
12.0,28.77287099657896
8.0,18.81835247042722
360.0,16.732017571308532
12.0,33.0700860758784
6.0,31.557001846630392
72.0,43.38649721810945
96.0,8.085106062873129
72.0,34.5488333867904
90.402985,32.3402112259238
96.0,33.95339431022473
24.0,26.282544348043377
18.0,29.077128507552718
440.01477,17.364068108899808
12.0,30.44260329806507
141.97778,21.34235413378105
72.0,24.175750521803007
72.0,48.728290073186244
6.0,32.930789700000005
12.0,50.62216202164906
42.0,37.128248892825674
16.0,6.503778394660111
12.0,28.016513073023198
108.520645,24.625769474633568
24.0,46.278364452361245
72.0,25.091780466509817
16.0,27.04015610414516
5.0,19.736132804183896
96.0,14.57608398631736
24.0,14.745684227881735
120.0,38.50472126950442
24.0,27.593605020968724
8.0,16.579296783296886
12.0,26.278919651258306
24.0,45.333839139004695
72.0,28.99159976793983
14.0,28.06461161482568
4.0,36.290552520691904
24.0,19.656548244173877
6.9698353,19.294053747992603
60.0,13.366616693636322
144.0,23.598481749284844
96.0,30.84155476828376
6.0,24.026363142318907
12.0,27.614260048280837
5.0,24.801876994418766
8.371953,29.937535904510025
115.078026,26.2737274546764
96.0,153.74943896261706
8.0,19.67461780090297
14.056807,24.582540771122503
24.0,38.13721807702831
96.0,29.436523567460586
65.0,24.18616742081315
18.0,19.47299658632737
10.0,21.093695457634205
8.0,20.35694658163911
6.979372,18.206187400683262
120.0,33.663334197694
29.699308,48.328296845238164
24.0,29.318767039131345
96.0,27.8168948890372
94.43807,49.10166912408332
16.0,38.73188923465617
72.0,18.743130606356004
72.0,28.963913616843257
72.0,18.90123987239051
14.0,22.680632323714534
4.9834657,9.913467031734303
24.0,5.797768462752
96.0,29.500718739086608
20.0,1.8619107516144497
19.45233,29.11060059081926
12.0,20.9457989238504
14.075528,27.45030845320587
14.0,39.01373338986273
96.0,38.00982252792774
6.085838,28.550735432078223
12.0,39.68305747660472
6.0,36.13429621284095
24.0,37.983406936758854
20.0,19.9713718252775
20.88317,29.241227001623376
6.0,24.909821961700874
12.0,22.30064111993
12.0,20.9941128677133
72.0,32.34018227889296
6.0,31.55727070014764
192.0,32.656543881684975
111.17058,46.4093667092344
12.0,19.266451183302237
12.0,39.659019488347816
20.0,24.582781023280102
7.7224703,44.18024505246629
12.0,31.828256963999905
8.0,19.0831685023895
8.0,19.59669569457677
168.0,29.304504327037865
88.630356,20.097925274099005
24.0,49.26463682431942
24.0,30.471535587927043
119.11664,18.302827855371568
48.0,19.34796574495985
119.67303,47.741181218679436
20.0,24.9792859373987
120.0,32.92754802843021
24.0,32.33990372763764
24.0,22.72873527544137
20.0,38.55181277892377
22.0,11.824802962646086
13.435268,15.620425390744549
72.0,18.834847704191645
12.0,46.911205672910555
12.0,21.066545245769426
72.0,28.640368626238644
72.0,19.38428133491156
5.0,24.9790877224643
20.0,41.57785935364283
22.0,28.995702968708265
92.305885,34.441574302287584
24.0,29.404636046518736
9.346705,24.581581344388002
24.0,30.422620447195303
24.0,17.909084874505602
336.0,17.874894020544968
24.0,48.506793269473114
96.0,48.4903092468392
20.0,19.991106655601453
16.004875,18.979414201888375
24.0,32.539929049007796
96.0,29.12185575368629
20.0,29.1252375472834
17.89104,30.11115146567152
31.88629,18.79509845060288
12.0,26.370893505295847
107.92019,18.71606900293059
24.0,29.243171547129993
10.0,9.729929704215982
76.85429,29.110615215189622
24.0,34.140326672
12.0,19.66647706972647
15.0,24.596039243688402
21.000677,27.99018489536324
96.0,39.216475604
168.0,20.32306494315434
144.0,27.86950209451484
9.249498,30.190123127581757
12.0,18.794686945734977
12.0,5.6481353445138245
96.0,19.369635748651156
24.0,18.795234453533
96.0,32.14808790522161
78.30558,19.16407044780528
8.0,33.82360887408712
24.0,29.11110979968788
8.0,42.967407326726594
144.0,26.418080246550495
147.93726,29.363296595880065
96.0,32.620992926750546
72.0,18.827676241793533
8.0,33.913773969742564
72.0,27.553204377435257
15.0,19.46105052145112
336.0,18.56191294792576
14.0,32.57585942921726
7.034129,24.3873013734776
120.0,67.85446053618224
168.0,21.70732310429635
48.0,29.059148740966222
12.0,47.5417537006985
24.0,19.600712456643375
6.0,48.81311052047025
65.0,16.50858865601336
12.0,44.48928021159758
108.14098,20.359655873637976
8.0,36.39765621777343
96.0,19.6045125154386
8.0,32.033857829222484
72.0,19.161553822426498
120.0,36.58724601211026
4.0,18.159353538573047
72.0,19.660292588404523
72.0,19.978503448505286
36.273445,37.891280432547106
96.0,49.8081187090834
7.360347,38.546333903501555
10.0,24.384680996023622
401.62265,23.51486510929385
8.0,51.022768951315996
15.809114,38.37294077122807
15.0,33.620452746885775
24.0,17.46291975335
120.0,19.795269608601803
10.816009,24.26265402934772
14.0,34.83285926785441
120.0,33.745808858936
24.0,46.62684548307332
4.0,38.04223083472669
61.29934,19.419905523376883
12.0,46.409765407916495
72.0,43.65390710701928
5.9502378,19.801439880338883
96.0,19.310692047154575
72.0,19.4134140114452
12.0,35.94220089089493
288.0,23.53825107414609
15.821875,32.236322795
96.0,29.10953122535192
12.0,20.942467956137172
8.0,32.38163783924654
72.0,34.85327097291312
16.965073,20.542271243962162
20.0,34.491401947121595
12.407461,27.51256649185895
120.0,23.570570756667248
7.0,48.761760493358935
20.0,31.189144648879545
24.0,36.98319405568631
72.0,29.491334474460132
24.0,24.318904473040398
18.827642,42.60619630955267
48.0,28.665983724126722
4.0,20.708057051926875
104.00363,27.63355699394597
14.0,17.658281043647598
65.0,31.8573930014016
12.0,10.986379576019072
24.0,37.939372770718506
8.0,49.124664830420166
20.0,45.3838394450405
120.0,24.26599447861232
72.0,31.57275959762765
72.0,19.04204246525947
5.8826838,48.70815723467506
65.0,39.166230365576
8.0,24.9486431924425
24.0,19.50057663652288
24.0,29.899028572720066
16.0,39.23045368070188
8.0,33.385885450792536
7.214432,24.582953781478203
14.0,46.182559712
8.0,44.06170210212693
144.0,48.26319458423275
10.816187,48.48530450000001
48.0,57.6091561
24.0,31.53323588392751
6.0,50.20826399819307
109.878395,18.883651613978074
20.0,23.798234308074562
10.0,14.087116495873424
72.0,18.79426987027172
16.0,24.02669250069694
7.9446325,24.38475402093297
96.0,38.2795973388986
14.054158,10.387345058127174
12.0,20.130104021239823
24.0,19.392526143131064
8.0,23.885772188066483
26.925177,27.161533349178804
12.0,33.94180003927233
24.0,49.083110313108264
72.0,9.53215544152148
47.02982,46.62585280273598
16.097977,41.6601137947638
12.0,44.963622285452864
72.0,13.558735920094879
44.06636,47.541477152000006
6.0,39.39588027297633
120.0,22.30357704863665
4.0,37.74264452892257
120.0,30.978555746800886
23.36026,19.64506276817961
15.849685,21.977190295030603
17.09784,10.04218146127634
60.0,14.856557343884722
8.0,18.5659089429588
24.0,10.47130425126478
48.0,34.25413548829104
12.0,48.14610402624567
12.0,24.74219216
6.956987,31.696382527306028
120.0,26.523410143088768
3.5907295,29.796065325628668
6.0,37.29308522744726
96.0,20.943421489102803
15.9511595,25.759561319766007
11.255927,28.162581230423758
144.0,76.7622247112266
24.0,38.85527126743109
10.292072,21.975967430817278
72.0,20.31005050835349
4.0,46.50669792136507
48.0,24.783066774891584
14.0,32.44382900596381
12.0,27.60497344915748
24.0,29.838052272739816
4.0,48.829856394966654
2.613746,50.251915805448895
24.0,28.786877554893817
3.5250065,39.199270892783005
17.33202,28.81797903289006
20.0,18.687301923888764
24.0,39.46169571572497
12.0,38.93314933817121
96.0,21.43250743403786
12.0,47.08439809071124
16.0,19.062836601077336
336.0,24.751993877171614
72.0,30.152844871699354
18.0,40.57768427044641
14.689716,30.964171650096
24.0,34.061330949196915
72.0,48.39917944477981
12.0,45.3288053309588
22.636251,35.552935358696935
12.0,26.18146269785881
96.0,27.971030987259685
96.0,30.039011359578076
168.0,83.05778104631779
12.0,23.63002179483024
10.0,36.441664969075745
6.0,47.541554167968
309.682,14.748980795572042
16.991724,19.564412047911826
96.0,45.3854769801572
96.0,27.370025470479952
72.0,46.42234369318626
72.0,35.33452817144087
5.2966714,31.88448676609343
48.0,19.02708075252968
20.0,30.463796210246
109.04429,38.617538921569654
96.0,3.8864773141290665
24.0,19.24790683011025
24.0,25.375941983865598
12.0,41.375373664851274
22.693771,20.2986982011968
40.0,19.14272794767425
65.0,40.7391878119439
14.005386,24.386463259938196
96.0,19.409101214482877
6.0,38.564939404815966
12.0,29.416180026716358
60.0,19.177374217865953
24.0,30.015485496987324
24.0,20.628049661008454
96.0,18.07498498058446
24.0,33.125105256041714
65.0,19.164801719096157
6.0,27.69526429839307
96.0,37.478511266678964
20.0,22.256032401991398
16.0,16.009763598065636
122.938194,20.23326661283743
24.0,20.291022331528406
50.0,18.795358022064377
14.0,18.4416720905402
12.0,17.289519569095276
144.0,37.66946102288273
24.0,19.43298986332717
24.0,15.243521159666392
72.0,16.1901781276718
6.0875506,21.919059466769333
24.0,41.952345700407506
82.03971,8.71236537694568
15.0,30.129352113752752
168.0,24.00048371763156
72.0,28.89578086661348
24.0,32.85853879458873
36.441776,29.005210764332833
24.0,18.13922490099506
48.0,50.18144556054228
167.10329,24.578434197031903
5.0088305,32.8922511889292
10.0,32.663931741769446
10.0,35.872142536039206
6.0,29.30939732984137
10.0,25.49023308297154
16.0,50.18151146060079
120.0,37.669751056827046
336.0,19.3480959050609
12.0,30.389373524356266
72.0,39.6039706367389
72.0,38.80067043794168
20.0,31.59887924982471
4.0,44.661960101778206
18.0,19.40991335730188
72.0,25.296394589181702
8.0,22.189475229421145
8.15905,19.859973342226468
144.0,21.831107279263403
8.0,31.84746821844886
20.0,27.98145222991904
72.0,35.008000246931026
18.0,19.061990624256524
7.0,49.9177246519769
8.0,20.726973606122606
7.3564167,22.157781355671382
14.418054,33.99837807683022
96.0,18.646178864425153
24.0,25.65770282140124
96.0,19.06795640155286
21.956285,45.613297317703065
12.0,18.964548766198444
72.0,49.917025347296
48.0,35.35985438425798
96.0,39.01552265913897
17.082943,46.787984626521244
24.0,39.49577003251533
20.0,31.616372334107602
18.0,14.748531376117999
6.090799,25.283986615111573
20.0,33.19901828316944
48.0,19.950816580062
14.0,34.44371150592513
12.0,23.16220033425239
12.0,21.52980305747456
24.0,17.62428081772693
24.0,8.167128093055535
15.0,16.922543019774135
102.82233,24.582911800190864
24.0,48.29798036471467
132.0,53.58795211067567
89.40612,44.369419278424886
120.0,20.932578899276603
89.652016,22.627474373289207
72.0,18.761563647617887
72.0,37.62307051556343
120.0,20.29173070953542
8.0,37.181943467313936
72.0,31.352257916135542
96.0,33.8195386652256
8.449332,24.67888212171847
8.0,19.224819528116768
8.0,37.4697977879484
144.0,83.07105508185698
24.0,43.94789465297978
24.0,17.07944331416145
12.0,28.299440486630925
24.0,22.26901390714894
24.0,29.084194541029106
72.0,38.093938360209336
6.0,16.4021340028101
65.0,37.30124576434137
96.0,30.616298925361104
5.165166,48.93337204168457
96.0,19.39574323106696
22.0,28.301255254509666
72.0,17.71577769318464
67.063,37.56394432787667
8.73104,27.144665257598405
336.0,19.935629441015262
72.0,27.66871073765377
96.0,50.210497473096034
48.0,17.303494463549466
12.0,16.69411271570462
12.0,28.79931744485479
76.90222,23.45966090062725
10.0,24.5815121047162
6.0,20.869231441536005
18.0,37.56393762827936
12.0,47.5425413534672
24.0,32.62128955112366
23.8889,28.560159424696835
12.0,11.272810415684349
96.0,42.507760160000004
65.0,48.96538287080355
336.0,18.863035993041247
6.9899964,17.664658049477598
14.4474125,24.97353160808331
68.69448,32.76348454259036
16.0,19.836302725978477
7.3328075,19.04526005311801
24.0,47.26473865457358
8.0,39.302328198742565
8.0,19.432443141648537
15.0,31.69932765138157
16.0,12.736065359295605
4.0,10.586806819887764
65.0,28.298586001490165
120.0,25.61665394422189
74.580086,22.4010453525788
89.612625,34.6882272382526
20.0,40.512616188247094
10.0,39.770456360000004
336.0,19.823722865495743
19.238205,19.340704190712213
24.0,28.692484409136103
72.0,9.277510777761247
96.0,49.9161894050903
72.0,19.18971551713869
7.0,29.359117022948478
120.0,33.62194071590111
120.0,28.995113066673063
14.0,29.5598133415478
24.0,19.23070595066144
24.0,17.7693976809773
24.0,32.57523533854784
12.0,25.68911413712965
24.0,48.96726790368156
48.0,24.808436003404104
20.0,18.269377077144306
10.0,28.330213801278802
4.5363197,38.77400048069555
12.0,21.955726359986297
87.99192,38.43195109425273
4.0,52.296553989135006
14.0,20.944805305143003
65.0,19.357253236181233
40.0,30.25592902303131
22.0,40.3203511270415
192.0,19.03998013666667
8.0,47.65179384244169
8.0,29.670975180776882
12.0,33.94546705569657
15.451776,28.730525444031443
17.027727,19.67434768405527
17.255695,48.769604093316175
10.0,18.379658219867718
96.0,51.100256148041495
6.0,31.2497960745856
12.0,25.60229766381333
24.0,38.41586971129346
12.0,25.37642477351595
79.05436,19.532637440348342
120.0,25.2759028304083
24.0,19.162303126680357
24.0,23.760561399886882
67.71887,19.277994309906127
168.0,31.394815090560403
72.0,28.114343767678697
165.70305,19.4157881188172
72.0,35.62237639259832
96.0,18.819486967861334
24.0,28.905447211847303
48.0,48.57820262914018
12.596577,22.633037887566417
120.0,30.64712309993821
23.534727,17.4609492846179
20.0,15.899265682843236
72.0,49.91239020324995
72.0,21.146942911084647
24.0,28.318006345428056
16.0,24.82821382136311
15.0,20.25621608768484
120.0,17.169388639944845
48.0,34.97167450946294
24.0,27.606664751442995
16.0,25.3754105309376
9.822649,38.270039474566104
96.0,18.795473962909277
18.0,16.457552218830624
144.0,19.991897080162268
10.0,37.5044440576544
24.0,48.29862116554667
24.0,19.12995428282007
24.0,19.42108903204928
72.0,35.24896819055341
168.0,16.655440971984355
322.23245,18.290129193272517
15.882772,24.582061203977602
72.0,16.86539259813535
96.0,38.41223542978539
15.155784,38.17854846234
288.0,38.72130179149311
6.0,45.7277552470912
12.0,25.098264891145142
24.0,25.058796431075947
24.0,37.52658265339327
15.0,23.523682125466365
72.0,32.88806686791599
120.0,28.699307448366234
24.0,38.3579967958325
10.882401,30.023792478131124
24.0,37.96838224356451
48.0,34.27939132903935
12.0,28.541762411318
24.0,29.73937818461564
4.0,24.068357378348267
120.0,18.888283800316646
48.0,18.795570103222456
6.0313034,20.884836080296825
72.0,49.12471095771027
21.600174,18.9215260890871
90.5172,46.627570013049436
15.151221,30.20449608084801
6.7193036,36.40813672013076
14.0,19.864806003201497
19.466799,20.93283420704246
72.0,19.392753757327277
8.0,47.565035358539554
6.0,39.7818511429824
16.0,24.649919580103468
168.0,23.640178037969832
15.0,39.19425696475056
20.0,34.876915763849006
96.0,32.41487158792663
20.016617,26.911156867036098
336.0,23.352078780994404
120.0,25.234470081640318
24.0,37.093261991083516
3.0,25.38248160718243
12.0,8.00017149932585
96.0,7.96070424400166
95.276505,47.543603195270606
24.0,23.030303253057102
168.0,33.37340140338976
95.82842,32.838134327131904
48.0,19.38310679206032
72.0,19.45876562032412
24.0,12.39094164032232
72.0,38.57518352348314
24.0,60.84410666666667
48.0,12.115424335022224
96.0,19.40776330819934
24.0,19.485724421788575
15.0,28.71918166742744
21.706486,33.3380145687104
57.198406,33.67588143818756
96.0,36.39649144251133
72.0,38.156101234199625
288.0,29.222325344085096
8.0,33.49934004452427
72.0,43.97800052851485
55.03504,51.34442069195121
12.0,46.78596377659494
24.0,19.519816446964928
12.0,28.568637992404987
24.0,40.35408700399551
20.0,26.588821264024343
14.0,19.58051066860921
12.0,55.557034558784345
120.0,27.934259028224748
72.0,12.734043242102363
96.0,22.848886850259788
72.0,28.09717122380033
24.0,17.8874831834261
11.138386,27.04838328725305
24.0,25.740658649906006
12.0,9.740945917408629
84.47586,17.64801146621887
96.0,23.2518249579706
24.0,35.4471453141225
96.0,26.60300856045041
12.0,24.9800191567625
8.0,39.4245563254267
6.0,18.952438051238854
72.0,34.94862072938116
16.0,24.470609475326857
17.456871,22.1135207838848
12.0,19.733466021857602
10.0,32.4953824
18.0,31.676930460095896
24.0,8.437859224575602
24.0,9.046841026732901
96.0,16.4490084818966
14.059688,28.002343216418883
15.0,8.1155399640596
354.23395,19.650636482696388
95.406815,19.961502851691677
58.268284,22.47830969968265
65.08487,18.794660587871117
12.0,29.98051744207801
6.024949,29.9607366041248
96.0,47.017929104597656
24.0,45.79976334363875
12.0,50.70960131724091
24.0,24.383525512078627
96.0,28.102513252427975
82.05751,24.2650466862626
50.0,43.10771483602448
24.0,37.47013047471396
24.0,50.04990422698497
10.719962,29.087566257211467
24.0,20.181969801379754
120.0,38.3198355551192
20.0,19.13135092013365
12.0,28.27658153037861
12.0,47.09083263066353
19.105598,27.45438361314616
11.122546,34.128799358961864
24.0,14.497007757472833
13.56076,35.73839595087867
20.0,9.82727448520453
48.0,18.91409230021299
6.0,15.90188735479532
14.0,24.679672668464395
15.562812,19.16454105606912
72.0,25.58165125368774
105.34547,16.0378822212541
73.602585,38.35053620309
20.0,36.75192777666717
65.0,52.11583429425089
87.75804,20.827801711764245
10.0,19.79019515918472
6.0,16.451350764046445
96.0,48.580745241095656
14.0,45.08779853017714
16.790586,37.1214761329846
120.0,37.194705701710326
19.433455,32.01050041927662
6.0,23.04548508793349
48.0,18.794536328205076
4.0,48.59646207892342
6.0,20.877168004071756
120.0,20.045334021243463
8.0,32.4065920308744
24.0,26.66825614527739
48.0,48.11407906542174
20.0,18.332179025546708
6.0,29.77392659054255
20.0,19.4080174314512
72.0,36.341791956105
24.0,16.291598930017116
16.0,20.2642912742656
24.0,17.019224840769333
4.0,29.965460682842902
48.0,20.45561365110657
720.0,17.581035607872682
15.692117,17.98715607772575
72.0,24.264681887414003
12.0,20.943135204477805
17.808441,35.183303630393
40.0,19.6622805773653
16.0,12.267918466146732
96.0,11.889463384898132
6.0,45.18751333974636
15.816902,39.38318527802427
12.0,46.18259621084156
24.0,16.2712443182144
8.0,26.568064994617338
10.0,19.16327753532336
87.4905,28.88826267819755
4.200054,48.51629803691729
24.0,47.229338077007995
24.0,46.81490853368118
48.0,26.021507331740644
105.607414,30.76287585251041
48.0,22.922861295234487
336.0,28.11269432094037
25.337543,29.6357805649905
24.0,30.148393142869406
21.968502,39.941881558742004
24.0,47.54143823872895
96.0,19.04046655903067
9.962669,17.001799654724707
24.0,38.36224072821444
12.0,44.89686842811514
9.951951,29.68162823535976
120.0,33.925177604800645
72.0,19.26789262092392
3.8515663,19.9902039911804
6.0,24.4036525815032
7.5936146,37.94545477125643
24.0,25.457501854411525
10.0,37.307890989378016
40.0,19.499936329801987
48.0,19.25810762830468
72.0,45.628209341756225
120.0,27.2071320902431
24.0,25.418748295763386
72.0,24.31723085349418
96.0,20.47417312750506
10.0,35.64934031899814
24.0,37.16739309333333
24.0,30.528647494488197
72.0,28.968975854959158
24.0,23.46493117069488
12.0,38.886822591636204
91.027016,33.15458260908905
48.0,38.43766659208374
10.0,31.2824291670302
96.0,34.08527255698208
10.0,18.886981466587347
13.354019,48.1683474231475
72.0,48.22837864649163
16.0,19.513821269809334
14.0,19.573363916966525
72.0,38.80083063529425
96.0,7.755900532908601
72.0,28.89563074165392
144.0,33.093353327015
16.0,24.610127709687536
8.0,19.687640208812294
72.0,38.800275097110685
18.0,20.295195428995683
8.0,29.397461213981295
48.0,39.74265131000001
14.0,19.40899702316996
24.0,28.645881290334067
7.0,25.66337960345547
6.0,27.46348042077278
12.0,49.9182804277835
8.0,20.56392142002344
16.0,19.26451546794709
6.0,20.47776168603427
72.0,37.73116491474512
48.0,46.40878702166725
16.566792,17.310696800000002
15.0,42.6986305473732
6.3380814,28.81061458664435
87.4889,29.77553538417854
13.971858,28.270587433510702
24.0,19.04156029098667
4.9696608,21.258651237022
180.0,30.507640810999828
24.0,45.07127924422494
144.0,31.83368592168536
8.0,22.744173672560336
120.0,32.3410842633395
24.0,26.23911658499527
48.0,36.158017820422096
72.0,25.69428247508048
12.0,29.17223981997525
4.71567,6.581434017849201
10.0,26.170715124564502
360.0,22.327074752672644
12.532893,46.18273987594436
12.0,24.581892409371303
12.0,6.0852289369502675
40.0,43.92010786212579
8.0,32.64941059154376
96.0,24.222607938169396
144.0,39.15609156750774
120.0,39.51247054486613
120.0,18.794691492169758
72.0,10.092339578667914
12.0,23.747771593372804
336.0,12.33869236840593
20.0,20.290634628757335
12.0,40.63317643887516
12.0,20.21409256476306
72.0,18.794949113227037
6.0,20.918798122909
20.0,19.73569193553393
72.0,38.207040461379194
24.0,19.583898701380264
336.0,29.235550401774233
24.0,9.695484371582484
24.0,27.867669514967638
15.0,16.964928817827154
48.0,18.977148769765265
16.0,20.185405565756184
6.193249,35.86706473544258
96.0,47.08917488964352
14.359722,23.327471040282973
10.0,46.63638199965357
120.0,28.37081456516799
192.0,29.453709696666667
7.334177,19.65653754048901
20.0,45.3831043772567
3.3812797,32.497642854104
96.0,29.512650990717496
5.009813,37.09120247236496
240.28604,38.0646216241193
72.0,13.830154248934775
96.0,17.299236468001048
16.0,48.02984578271361
24.0,20.502654077768003
12.0,28.66910580132091
6.0,50.71062989051733
96.0,24.404541337141723
96.0,40.229311617729564
8.0,22.61817085972051
13.9242525,18.95236693744777
79.26616,18.512304269318822
48.0,12.729245879523765
20.0,29.901864161891197
120.0,29.43981488856839
18.0,31.09352554009113
71.897736,48.52757058880187
40.0,27.126335318010508
24.0,11.010563874666094
120.0,46.182855512059156
8.0,31.240547735719822
12.0,20.134736848297024
120.0,39.379178168822
4.5557857,34.59627059886293
24.0,38.65226051320246
65.0,18.092248708761797
20.0,30.038245442575736
14.547055,33.304040763383156
10.0,16.47549309129542
10.0,39.59257339007067
96.0,48.52719778081173
12.0,30.518877582776
24.0,36.5902416857244
72.0,37.7808710414579
15.0,28.34753709613653
336.0,36.37511949324659
24.0,30.5388406921301
24.0,36.31360127089685
72.0,17.51134410879609
65.0,21.8901949375
65.0,30.47213530261883
24.0,31.155036087106303
3.0,49.0896066347463
12.0,29.611177333270007
17.356104,34.25233565599133
10.0,47.6440394196935
24.0,34.45850934494513
6.6741266,29.9681332184114
120.0,16.264136446537247
16.0,31.546091908482133
24.0,15.462530778793596
8.0,32.27340649167695
14.938437,29.337745698870393
72.0,29.29783240949108
8.0,49.521117460175276
120.0,30.323970876730456
6.314737,20.684143686394933
24.0,23.336810846178462
4.0,19.6064793140974
72.0,18.50741976468437
24.0,17.76417769385916
72.0,53.04547969754446
96.0,24.87379917713241
7.0,30.4295448970274
8.0,23.384645093011972
24.0,48.30019248294133
19.369265,20.719597426120504
16.0,29.252358374348344
72.0,18.822447996657797
10.0,46.49074286447217
96.0,25.32366572945768
24.0,34.16470622292899
24.0,33.26227652048894
7.14399,19.67360265834587
60.0,20.943924736647602
24.0,42.39680386133548
15.0,48.77125223473474
8.0,2.8718049205864387
96.0,31.27849862115168
144.0,22.044579313772388
168.0,36.85235454687461
24.0,18.6009141090669
168.0,44.949885848
4.0,28.322876567274143
10.0,28.867444343126454
96.0,24.83385917099084
72.0,18.00502365574264
15.0,18.720271119914184
24.0,33.697134481422665
24.0,18.89624473937137
8.0,12.39218837439792
8.0,49.233139436043736
8.0,34.830258457233555
96.0,38.88356965282904
96.0,26.632498671622056
24.0,38.04185542590038
24.0,46.72741001595092
17.830683,25.61019895437351
12.0,34.058035366648525
24.0,34.700156118990535
6.0,31.271649324162006
6.0,48.79242014790555
10.0,22.1891668128
120.0,24.817464682963703
24.1208,38.80076596067037
87.085175,24.385988954164695
72.0,11.171443789519198
144.0,33.30590986869135
11.102182,34.71763994246524
8.0,46.10615450383904
24.0,20.315979081508903
10.0,39.96498277383864
108.0,33.67492812797088
15.0,28.463045360506584
96.0,49.687586385917946
96.0,76.21324097868192
24.0,19.335610295563445
12.79102,35.14053067027611
3.0,47.9417399508147
18.0,28.8795622876151
8.0,47.995529629982755
14.741658,32.49963828114049
15.0,35.83985449190067
96.0,40.57788142331424
72.0,19.070238229844975
8.0,42.03011936382388
20.0,26.061821338999078
48.0,12.152035875193281
72.0,27.151147329156878
72.0,33.26225047435952
24.0,19.55480917797584
24.0,34.6969541927421
72.0,48.16087849231951
72.0,26.682137908655342
120.0,18.886895915677798
48.0,37.40355490527025
96.0,29.11036582550786
96.0,49.4424332022612
72.0,38.8087887312164
14.8172035,27.843503291837184
15.0,35.276381613161
18.0,32.07450647764647
22.0,40.2362921034799
26.115185,46.18452303579092
4.0,36.90400996333334
48.0,30.252479464553147
65.10044,15.340423652571916
8.0,36.656376450044085
60.0,28.078741907747506
12.0,43.9961595162751
72.0,31.72417128814712
24.0,50.51977744708159
14.0,39.547136795084
4.0,38.64945832017437
14.182056,44.251274011888086
18.0,36.415379795194674
96.0,21.8359489289624
120.0,37.34450879586233
65.0,19.33254976174101
48.0,29.055322482594576
12.436936,19.607434251185772
24.0,34.42492329860214
24.0,24.256325158667735
72.0,12.04656011213698
96.0,28.540772041055707
12.0,29.95956014874091
72.0,23.08544074894836
6.9765058,19.43212941030223
29.880384,22.33593040465328
10.0,47.209722695702766
108.0,75.34297741703516
96.0,39.697796173431875
72.0,24.44049494892356
14.0,29.63187952878336
96.0,27.84624145461848
24.0,50.24424594802437
18.0,26.493950830816882
72.0,18.49719393256328
72.0,46.4111039902378
72.0,18.42376473104143
82.04876,19.203558996262945
6.06099,24.97968082816805
10.162383,38.499725010908534
12.0,19.348243689371003
25.542915,19.369335913095284
96.0,24.50324914386344
72.0,10.500667619721199
12.0,32.26291706002627
120.0,18.912211166725584
3.0,38.89281098752446
65.0,18.979819095532353
12.0,25.374891350521178
24.0,23.601478627699397
12.0,33.26633094443385
6.0,31.038679223945234
7.0,30.44880686
8.0,44.66209428573732
96.33344,17.24751061223504
48.0,44.34419205040657
120.0,36.066578536146295
48.0,29.68148881617544
336.0,28.6880088568898
95.54368,19.0382290611932
20.0,39.118514979959976
89.08616,38.18981649517616
72.0,38.28607779942098
72.0,19.04093814323227
4.0,32.762984864684206
24.0,34.02598664135777
12.0,46.82108738666667
12.0,39.96032431814049
8.0,20.017840193793802
48.0,39.308742091501806
72.0,30.44341401642027
48.0,25.944820390777632
72.0,38.615444760219304
12.0,29.614423838895004
7.0,28.321334861921002
15.309736,25.999889745326776
16.0,29.42162282898455
17.525824,33.61856405395434
24.0,19.162627864410663
22.0,19.356194662408832
10.0,25.3765353180736
360.0,27.173704116169326
16.82955,18.79919681150165
5.0,34.36880506697739
50.0,24.74763728724609
72.0,18.795689457625876
10.0,28.248159770428522
6.9579515,28.605314667229063
120.0,29.172926880853623
12.0,24.349937790399544
8.0,49.916523907049
96.0,24.560001256305398
18.0,32.67369240258087
70.65321,17.43148883283482
65.0,34.36491705535172
6.9626827,31.26390018237344
14.014682,15.131365437946851
96.0,32.67260443538276
144.0,12.247298715377523
20.0,48.765204123481745
11.469516,18.053228546515168
12.0,38.261246943296996
6.998286,36.3780376149962
12.0,37.62652959271544
96.0,24.26640905911988
88.010284,45.60165598713263
96.0,31.571166495486874
24.0,20.45553888407882
48.0,41.62703824598339
6.057257,49.31500644786132
12.0,45.384990635
8.0,47.44927718686637
6.0370965,26.288962144999996
15.957345,21.38669012129032
12.0,16.62736635903788
96.0,19.381876754924466
120.0,20.944111793808002
48.0,27.077479765533
3.2764506,20.762693293023208
20.0,20.97398021814752
72.0,19.4213886231914
7.0,29.59840446513018
15.146062,30.785615259177536
96.0,27.512370569022174
141.15211,17.855194023735194
72.0,18.734153476098314
168.0,38.99054071676839
120.0,37.26375927351062
96.0,19.668074027776825
65.0,33.91669778702403
96.0,15.246081827863128
8.469101,25.070336243636742
10.0,19.817743726931734
96.0,34.02925063031372
72.0,38.322774337891005
14.642511,36.847689401131895
24.0,20.2707520575522
72.0,19.277528753081125
26.067013,6.864490450692365
7.0,38.92008254453952
72.0,19.456697245333334
12.0,33.03494834807793
15.0,32.8551273137536
14.0,38.48441672297223
48.0,31.469411528036126
24.0,24.596772415405393
15.988213,18.795365129511076
25.429005,18.8596803521832
72.0,38.799778379939305
24.0,30.448604193648546
384.0,20.74111697325993
8.0,25.501149746731368
7.7202373,29.4498187365161
12.0,47.64152372899594
15.0,36.87684530011885
17.737736,22.313991858669873
79.44795,20.105949854723203
22.0,21.688220750897734
65.0,30.40378639253192
24.0,28.907795263642345
24.0,30.663950271243316
96.0,50.609236512701614
144.0,19.8187422043328
24.0,27.85791125765905
15.0,28.305908900077366
96.0,32.996733009425064
134.72682,31.919626746374306
14.091419,24.264840410132603
10.0,49.125281329698666
3.0,41.849527237358004
18.0,56.3444587208479
120.0,41.67957900052147
8.0,32.89684913422562
82.93437,19.349354895828238
16.0,33.8521613170784
12.0,15.897521091553047
24.0,20.9329486465292
4.0,33.39612723671016
4.0,40.08343171513386
14.420477,41.81909738796117
48.0,38.53543172639184
120.0,45.679290404137916
15.0,42.587671923597405
16.0,23.725423860003303
24.0,46.1824779234479
12.0,33.62026138942964
14.206871,38.535776775558794
14.0,35.40296019530396
12.0,19.04107090632467
8.0,20.495847271757537
6.0,36.80400117611994
8.0,31.6247781912471
14.369031,32.41954748520205
12.0,21.734700448986075
60.516563,12.098430000937825
12.0,46.518396502224874
24.44416,26.85473351635296
14.006201,30.567866248
24.0,24.57451217191998
6.046397,46.78292730130224
24.0,19.609952777025704
72.0,9.775068802017502
12.0,24.74106287735996
8.0,37.935285313413914
83.38263,33.30333796376259
12.0,26.991182179894764
8.0,48.89788481097817
72.0,38.18875266319556
20.0,49.5631157976374
88.709724,29.11082927298224
72.0,16.776556332486756
12.708045,29.11102067035796
24.0,28.37845213694348
24.0,19.418517273617386
72.0,29.036064447713105
3.0,19.67485811584487
336.0,16.821056670184536
87.86196,22.754347349870528
8.0,21.824288828670095
120.0,39.61827763085051
72.0,46.66037746313702
50.32093,29.77658554732387
12.0,45.50322447603357
48.0,12.24311191470236
13.440627,19.58759499789867
18.0,20.2707887285437
24.0,18.797684029251037
40.0,29.39735401225317
18.0,44.07512687737771
120.0,33.315705737357405
72.0,36.950525365237304
120.0,28.725651344625003
20.0,29.10882370721324
6.0,12.868026774645953
7.0817356,30.312027023424072
72.0,16.07083111563386
24.0,27.769581275773753
336.0,20.19426486565114
15.0552225,26.967319682947252
8.072918,35.849183656371416
96.0,19.572466219293073
96.0,18.720295781779008
24.0,17.944506698502398
96.0,18.811821609443562
20.62485,19.70522709235511
120.0,20.932086060000003
65.0,27.863112580773624
10.0,29.9670503954408
12.0,15.150187964659574
12.0,30.704516724335516
72.0,20.48098385853526
96.0,11.695854115625933
6.9061093,17.676831273890116
12.0,22.54238575939388
8.0,21.72931578775066
96.0,30.602728607891308
96.0,32.34104444913788
24.0,29.09933580410202
24.0,20.196997688352344
6.0,35.136519566571046
91.427284,21.57867314589727
89.14898,19.40962829840372
72.0,20.3746218596775
120.0,29.23148377066432
12.0,19.581204867455583
16.254099,16.90089118761996
12.0,30.361128567868555
24.0,16.40196608923
24.0,33.34064150051555
96.0,9.731149666904
24.0,22.76320929224096
72.0,36.0626926460134
20.0,48.9864333984405
6.0,31.16686150160989
18.0,19.41985165189634
72.0,27.34792108849748
24.0,10.303317429623842
14.0,50.32602585787008
65.0,29.17370472259652
120.0,20.7574343355629
24.0,19.900958264433918
100.15965,12.152088102202281
14.0,48.415614154455994
70.390945,19.097767479130763
24.0,29.561923393222884
24.0,30.7150580748638
12.0,28.98776115344831
4.0,24.9807588563
24.0,38.16328376320301
6.8259544,19.348871605797203
72.0,18.794577847294878
120.0,24.463206846722862
24.0,47.857676854193485
4.0,33.818723436658736
16.0,18.093391166201386
12.0,33.6793904974468
8.0,36.4973837202552
24.0,12.874950323570001
24.0,25.37608965680103
15.0,24.54969238053641
24.0,24.506116736334917
72.0,31.16763799757014
96.0,32.35394335155716
12.0,32.01130991845096
8.0,39.817959672882196
8.0,37.005555818977975
130.85849,38.60314630929947
6.0,19.67508388286807
72.0,24.26685839914052
68.573784,46.86196045169858
12.0,21.135186353748708
114.99526,35.19916248152936
24.0,19.46274482257991
15.6907215,19.90497319020442
8.0,24.280894127455213
15.261527,18.855841107394532
17.40014,13.820244980813436
120.0,28.776774640871196
14.0,38.42133936606406
72.0,20.330752446912623
4.0,33.80553387932185
24.0,27.725658185686278
16.0,45.796784771280436
24.0,30.397601104738648
24.0,36.4076014930017
164.3502,11.409025108018056
90.2153,27.549804217534053
23.80935,30.493892091900772
12.0,48.395592462800586
12.0,18.930434945332266
95.40959,29.1210533270752
65.0,37.57088911438054
12.0,6.1032878377902
120.0,33.291341165
6.0,39.079663252758905
120.0,10.97052270418556
10.0,3.402627118651008
72.0,18.496381427421923
96.0,32.764402827438204
14.003876,38.051531016189834
12.0,19.19192559230396
96.0,12.153213374037922
20.0,29.253693352720447
10.799336,25.087366071185606
96.0,29.101750688000003
13.470846,22.34792250738187
24.0,29.96714021855075
8.0,43.7224604914092
12.0,19.91156176602048
24.0,50.6980880698084
96.0,20.562643080453444
8.0,48.04442769665194
192.0,25.568840703091475
168.0,35.072673762738134
48.0,28.255678839339282
96.0,32.50547619378024
12.409515,27.54655538234372
12.0,24.5874231319325
144.0,38.28981884390502
36.0,19.04160117577687
24.0,20.34125534995451
72.0,13.052616479320083
4.0,23.1675692734624
6.0,23.368068535362056
120.0,20.832207993134244
144.0,5.597417573798218
8.0,19.5475198247965
22.0,24.820843767617525
21.914265,37.85654315577499
65.0,27.982570153267744
96.0,26.169696301103905
72.0,40.1288987164864
24.0,27.678653192634503
24.0,30.101320385998267
15.925745,39.66466989963885
72.96414,18.460956735755527
25.585043,19.613552752195215
10.0,33.20271450844683
20.0,19.390677022593522
24.0,18.79573791626324
6.0,29.43180852
13.714355,27.949672581506448
96.0,18.593615959021502
10.0,19.465879956763565
24.0,8.040760148906976
12.0,47.169172244446145
83.80373,28.17864425197657
96.0,14.216843317812803
6.0,47.981952349524015
6.9657245,23.303915320761405
24.0,9.751437406983632
24.0,19.225198465619663
14.0,49.12440955968947
72.0,18.280462058
24.0,19.585521380000003
24.0,18.732907655834477
8.0,24.584793052454
6.0,50.030302594249505
72.0,19.26162201251076
72.0,47.544394167881
144.0,20.11909198458506
8.0,38.629309668515184
6.0,30.44280399380907
144.0,14.0400569944768
216.0,5.8980280686955044
8.0,38.91395273973455
8.666076,47.65596207269821
40.0,43.67247495599886
10.0,49.05789300852402
6.0,34.96305399223376
8.0,19.02213953508678
12.332732,19.040849790000003
3.057295,17.49838608919344
12.0,25.307850486967425
12.0,25.377301100220983
23.532047,50.71098552094531
12.0,21.500075825279303
72.0,38.80052361826041
24.0,28.014098261676804
96.0,49.172403111893125
16.0,20.944613543093404
24.0,19.07904371710361
24.0,29.1830973795072
96.0,18.361628134826834
72.0,19.327833781664
24.0,18.759699362898836
72.0,19.042738531947894
4.455454,19.41742218871271
8.0,50.582293683820154
24.0,20.939890939035802
24.0,48.39458410959688
14.0,31.489881998808396
10.0,17.50555302391025
11.995596,39.28321672572581
20.0,19.222320893513185
264.0,39.95590410919893
6.0,36.403147316391035
10.927238,37.5442576105113
24.0,44.557246084846476
120.0,19.828731838343344
65.0,34.7556549122516
14.054109,24.26552874008228
24.0,28.493658750955223
16.0,27.9631352803379
144.0,16.402923775356474
168.0,32.60102836182122
24.0,9.750961574685599
24.0,25.136928742880183
65.06918,21.904537649659737
24.0,27.7851269557786
8.0,23.6434429728987
6.0,48.77768537465572
6.0,34.838651256954
20.0,30.45235981965146
10.0,25.62607463131225
24.0,21.266949283773595
24.0,19.67513754312717
72.0,44.1004445329856
8.0,38.902110003333334
4.7409344,17.116533606567874
72.0,19.381268411082427
16.0,28.089702882437834
8.39723,29.370560740266672
96.0,19.142546610293422
12.0,48.18979404738067
12.0,32.8557427924992
24.0,36.31475646572854
72.0,19.567562684321
72.0,28.615937210096476
12.0,28.33169314805024
24.0,25.384235620475852
192.0,29.96631244619147
5.0,30.78608354128325
72.0,18.24450021881636
110.15325,29.11031289115844
96.0,19.01375616515239
19.158892,15.7189986931456
24.0,6.0747741616787065
48.0,47.23727983968217
96.0,19.654560896989867
24.0,20.564390990605524
24.0,26.974259568899782
15.638791,27.256124949495053
12.0,19.657103675641743
10.0,39.1465740311876
8.0,47.5429107140315
72.0,37.7439789031195
72.0,18.813443984688913
4.0,29.966563140299
20.0,19.609905236305725
96.0,40.617429740983205
96.0,49.1447530654749
24.0,49.124201682360045
4.0,39.67923564293233
18.0,28.627817428367745
65.0,25.91407158526262
10.0,23.51023191002098
24.0,47.542818982795765
14.042073,22.17808429580722
24.0,33.112786687916504
14.0,36.973578625937094
65.0,40.06123051387685
65.0,34.38065469991262
72.0,29.976629896073764
16.0,20.883467948614086
120.0,21.127486132005902
24.0,14.591871857859333
6.9862723,28.902340776480735
12.0,29.681695040182
16.0,29.172692352942356
132.2657,44.084979794000006
120.0,26.864923750306406
6.0,31.774278771414007
96.0,20.899393171500737
8.0,21.843244147686402
16.0,9.121255498698968
65.0,23.92368389642751
24.0,29.70214588850925
72.0,28.977624946252526
24.0,15.866412182795399
14.351955,29.262594133395197
12.0,19.41993428252984
89.66454,34.24690408363905
71.88142,24.264403974315563
96.0,23.9143224263642
48.0,39.607435058752635
131.1767,19.41993863860013
96.0,20.308667767038937
12.0,41.8354899203218
12.0,32.914047525576926
7.7382493,28.667073440000003
10.0,24.475445867010738
20.0,49.12623399909967
72.0,38.78579950860824
12.0,23.059922847604
48.0,37.108366103725885
408.0,11.1332399769586
10.0,23.37927427114079
24.0,21.623250252358233
17.927732,23.44255472062685
7.949396,22.515003346010737
72.0,39.797510731349334
24.0,49.9170022680839
24.0,24.5825183626206
96.0,25.099531643501557
12.0,19.36315229915916
65.0,29.11027203962294
24.0,50.710994901859245
8.0,19.035851455689222
24.0,30.77777554522664
16.076273,27.90580140720958
96.0,48.52203527250982
3.0,46.76027812387627
168.0,33.69629980872081
12.0,30.0678178658276
48.0,30.107278080604146
21.771132,22.232942613333332
14.616045,38.46990901817125
8.724192,36.62333693385158
8.069822,19.991276331337403
48.0,38.53328008929065
120.0,20.420826257617065
10.0,29.14259444695991
360.0,18.131973188204892
12.0,25.11821380654066
120.0,18.20291008063994
10.0,28.716636554047998
24.0,8.989206512156098
72.0,39.309794000000004
120.0,82.12485800000002
14.0,26.166768148025493
17.597483,32.50541644444363
22.0,24.5809558299282
50.0,27.873630039595458
96.0,31.77122871112754
24.0,17.36015705060984
12.0,25.10734807266562
12.0,31.76638663563307
79.492546,17.0932489881173
4.0,50.27955815200446
10.0,19.3485216624566
8.0,32.356265815688765
24.0,29.773137153464365
6.382028,28.286211912730803
72.0,48.18679975111111
16.0,7.985734764056411
72.0,12.212358526934398
24.0,29.252912720569896
15.301455,37.40518559151229
72.0,28.95901656912069
8.0,38.66087968506321
24.0,31.3947825486598
12.0,47.5410606664007
72.0,33.654821636118804
24.0,29.039986075441163
16.0,31.799164278703522
10.0,18.58204810693445
6.0180244,27.880666181034346
8.0,26.184832262324335
72.0,20.090009630936535
24.0,47.93976631300734
13.047719,35.96841431183664
24.0,11.258293043540004
83.044174,32.70558097906069
24.0,31.62602091206044
12.0,53.57139761094086
12.0,35.13567999370255
24.0,44.43077165901321
72.0,26.857313840695998
391.70648,17.906244656569
24.0,29.952438750902637
4.3172607,21.56993108830025
72.0,19.57950468944804
168.0,37.90689336801024
65.0,44.303789811845746
15.0,22.203657122498136
8.0,19.863324449705118
20.309381,11.891852435615338
16.0,28.18390406511927
96.0,19.19023118679931
29.168226,24.97877652458045
24.0,36.1183490885775
65.18927,38.111557818422106
120.0,35.76870700536891
120.0,20.21945057579749
6.9654765,29.15957754154249
24.0,28.9317355773438
48.0,49.919081
16.0,29.485012415
8.0,14.109272313403105
16.0,25.21858412577551
96.0,13.649020241910591
24.0,16.18968871829756
6.976145,19.239732332516752
15.486189,26.169329663827405
8.0,33.329344500159124
96.0,30.806741362724328
96.0,28.96079360026154
12.0,18.20731723401908
96.0,49.748730324679514
14.0,46.18338748024694
72.0,18.162017345708843
12.0,32.3308381554934
10.0,24.843601983079324
72.0,46.405156487950656
12.0,8.995078178542256
48.0,23.707093870544004
18.0,17.94340685747341
65.0,19.41989258664548
72.0,38.479882686252374
24.0,32.97446813235055
11.172803,47.80571776613105
96.0,38.31473640518984
14.489054,24.06367873674128
72.0,16.79194113956229
72.0,26.681349011637003
14.0,19.57769961574807
10.0,29.49060145784693
96.0,16.19125167627848
12.0,31.69762089072907
24.0,24.076003015951333
72.0,16.269293409905373
24.0,23.789968558399462
101.20454,34.967568116059155
24.0,30.36187188812186
7.1630445,39.541463660000005
10.0,18.69007719309992
12.0,49.12507804694757
24.0,17.409672360274882
15.039965,36.3884331057995
6.0,14.330447540714907
72.0,32.19422970342442
24.0,35.684206556509004
6.0,16.6660493607299
20.0,23.339323364867724
72.0,38.60901584319448
24.0,12.67570899852016
24.0,38.666111443023894
120.0,50.15583599732513
23.35776,38.2990735851296
72.0,18.961870706866193
48.0,29.4092014367504
6.8328986,39.11208144807227
96.0,38.072299279489755
24.0,20.3287179807872
24.0,19.10907225075548
18.0,22.8895457604292
8.0,34.914254361138404
12.0,26.162602999970748
120.0,72.95279765644267
5.0,22.058942328635002
96.0,8.756041297959106
24.0,27.232944883326965
14.009866,36.734906010440554
48.0,29.72989052849207
5.941961,20.297280863556445
17.010363,28.414782157167526
16.20494,23.202292859815923
6.0,49.12453080499847
48.1423,28.979396363828
96.0,13.106592058596902
96.0,10.161551180497383
6.0,29.447113679569604
15.0,35.920573217823446
65.0,30.078073282247992
17.070246,29.088825205070243
72.0,27.507765344751746
65.0,18.794857790727796
12.0,19.410613081999998
72.0,18.532483145444903
96.0,12.1659961000726
20.0,50.12938143023601
96.0,29.54049295566906
24.0,24.84395326353661
24.0,19.3489222322255
25.057861,19.949816553454202
120.0,32.41063335854264
65.0,11.302145107865684
120.0,18.362719195592124
6.977647,20.31082125486977
12.0,19.911893146306085
20.0,33.21783273525861
12.0,31.3514483480419
60.0,26.68312469519744
336.0,33.33460637960618
12.0,46.78646245333334
12.0,29.945217258000337
16.215792,26.5634675269776
96.0,34.78566344699739
8.0,39.17066151107657
24.0,32.62617714592958
96.0,24.469082775158423
65.0,49.01272067238815
79.99082,49.01304796381847
80.86726,27.33773551987079
12.0,19.164550912319683
71.99199,17.62733919833636
24.0,46.2669044159472
7.234707,28.794325500674315
96.0,29.38120074003
24.0,11.930192917904822
12.0,26.008314748107505
286.45963,29.0204334220037
40.0,18.795030840319036
4.0,38.662614787475604
16.0,28.67910296162024
40.0,32.77204792242368
24.0,37.29345975595375
7.3715115,20.10670537055061
9.202457,30.414781082945133
120.0,88.54365688443328
70.67384,28.833354333763275
7.0,46.40546826494848
9.68388,27.233856125254224
72.0,19.58931062230375
102.46351,27.177499156339014
24.0,38.15043868929557
8.0,18.360437769855988
240.0,23.057738296525777
10.0,46.784952697988246
22.056402,28.75627951412464
8.0,24.508272585298847
12.0,23.104146574145922
144.0,31.880804573401225
20.0,18.332832048623487
12.459861,18.580435684937598
14.03154,41.90754264780587
24.0,30.9158581363334
16.0,23.57203373250188
12.0,17.45036767065965
12.0,20.309428365688536
12.0,26.876259603925995
48.0,14.527186007259916
20.0,29.68243233671392
20.0,49.71917289692107
40.0,32.576276376076194
12.0,28.189673866533536
48.0,3.024591532282772
72.0,18.741163351027822
12.0,29.521968619306424
24.0,16.349234266781746
24.0,44.08687000354016
20.0,22.9664522493949
48.0,20.774024307055925
72.0,31.570805121646774
71.587326,24.2654933178956
72.0,23.443748781296577
120.0,29.00236916356686
12.785513,37.49404740729714
72.0,18.083682925598147
6.053755,36.89114521671573
12.0,47.13530606819497
96.0,24.383869167041745
12.0,16.27991064072192
8.0,18.889519104911944
12.0,21.4611746791889
16.0,37.24862472711557
96.0,16.118040768487216
14.413868,47.54190267181205
18.0,29.393835232267037
9.764474,19.661634744851842
12.0,37.25286716431304
8.0,29.11003849142348
6.0,32.391013453710435
17.414383,25.377301107910398
12.0,48.939193471293194
6.0,46.18246585187948
8.0,34.3484409179456
6.8420467,51.345713131839204
47.65535,39.65495413125524
12.0,49.423077441782006
12.0,31.14987855863047
72.0,18.8999442020048
48.0,21.879922922167804
19.6446,47.58964162173438
24.0,45.66367868961236
23.62196,24.30609677201888
96.0,32.8557346701056
88.35787,19.034484201476253
20.0,37.807522880366314
120.0,62.22988387143351
16.0,24.27842034171702
120.0,31.306467373333334
10.0,19.992300814544002
96.0,18.702820207953696
96.125206,19.040384155269333
24.0,28.10074775259606
72.0,20.280295628754292
72.0,26.23324234419809
72.0,49.917730826336
5.0,28.688817483369597
24.0,20.177996194418203
12.0,15.716120585741294
12.0,41.881454285304805
39.506306,33.8833628389196
120.0,63.83864423333334
24.0,9.377683715361236
72.0,18.83579885327508
10.0,37.182629014981664
14.0,48.45857676809676
72.0,20.951102583562665
72.0,23.776518466379002
30.681156,38.28086952339857
96.0,21.35892977
