PCA 1,PCA 2
-0.355471709067246,-0.2531079285493693
-0.14457237972680637,-0.5808813040781464
-0.3099351222138344,-0.2075726544973078
-0.26032814986379565,-0.28465577695205524
-0.08022926919370561,0.34555524402722027
-0.19567351793972293,0.20651337180977392
0.20107952355288067,-0.8266665445552752
-0.16600847665461346,-0.37117256768866813
-0.23974877535728548,-0.28039576288260454
-0.2568744000242197,-0.26086922607977275
-0.2696782240408637,-0.25546402656405887
-0.20445233940391846,-0.41790050014738855
-0.16544885003604134,-0.4397930217659844
-0.33761020838588973,-0.44770395797031465
-0.3071313747981926,-0.4815177839917323
-0.2614131884467062,-0.5322384228281308
-0.2891297652589162,-0.49089507952829636
-0.2586509934886968,-0.5247088258189597
-0.21293278811644797,-0.5754294891878979
-0.16792875720912742,-0.5988727518636853
-0.13744989984547734,-0.6326866085507775
-0.09173176104589688,-0.6834071860558265
-0.3315658092532785,-0.4466601287755731
-0.3010869759858262,-0.48047395315525543
-0.255368789314095,-0.5311945936333892
-0.2830853661263049,-0.4898512503335546
-0.25260659435608535,-0.5236649966242183
-0.20688838898383666,-0.5743856599931567
-0.16188435807651616,-0.5978289226689437
-0.13140550071286597,-0.6316427793560361
-0.0856873619132856,-0.6823633568610852
-0.3205436710148434,-0.4447566757723322
-0.2900648360708197,-0.47857050155952086
-0.24434664971933318,-0.5292911403959193
-0.2720632265315431,-0.4879477970960848
-0.24158445508156867,-0.5217615417450131
-0.19586624938907496,-0.5724822067556866
-0.1508622184817544,-0.5959254694314737
-0.12038336143834917,-0.6297393244768308
-0.07466522231852386,-0.6804599036236153
-0.16792875720912742,-0.5988727518636853
-0.08814987851320634,-0.7017697059652909
-0.008371037858809924,-0.8046666110018174
-0.17151063974181807,-0.5805102319542208
-0.09173176104589688,-0.6834071860558265
-0.011952920391500468,-0.7863040910923531
-0.16188435807651616,-0.5978289226689437
-0.08210547938059504,-0.7007258767705498
-0.0023266387261986167,-0.8036227818070757
-0.16546624060920676,-0.5794664027594794
-0.0856873619132856,-0.6823633568610852
-0.005908521258889184,-0.7852602618976117
-0.1508622184817544,-0.5959254694314737
-0.07108333978583328,-0.6988224235330797
0.008695500868563164,-0.8017193285696058
-0.15444410101444495,-0.5775629495220096
-0.07466522231852386,-0.6804599036236153
0.005113618335872562,-0.7833568086601416
-0.16936150870637778,-0.5915277516707808
-0.17151063974181807,-0.5805102319542208
-0.16331710957376652,-0.5904839224760392
-0.16546624060920676,-0.5794664027594794
-0.09445841790606374,-0.14978536605528547
-0.32073357406599606,-0.15084433708107908
0.03949463540923877,0.24918109865456073
0.04961716642228051,-0.08662633055923079
0.04723913565950691,-0.08751227624868037
-0.19142156354561168,-0.5682470795232646
-0.20424342703186008,-0.14289093566750502
-0.20458079144833424,-0.13169741861157938
-0.1618783811124668,-0.5401524502518805
-0.13233511278361637,-0.5120579265047054
-0.14355424702723782,-0.6299852381846743
-0.15637598733104083,-0.20462925320678615
-0.15671354787755618,-0.19343548318686596
-0.11401094141164754,-0.6018907677911619
-0.0844678692128383,-0.5737959910799919
-0.11962059055124735,-0.6608543152154537
-0.13244239646517608,-0.23549824561514157
-0.13277982147797407,-0.224304650403478
-0.09007735054578285,-0.6327597601995172
-0.06053414281325611,-0.6046651582966039
-0.2826895680692947,-0.43188686743865046
-0.29551141243731716,-0.006530744962158954
-0.2958488270755156,0.0046628278180118
-0.2531463665179238,-0.4037922595465348
-0.2236031484107978,-0.37569768007511417
-0.24758687447231162,-0.477161510438567
-0.2604086907640348,-0.05180542417423773
-0.26074614223600856,-0.040611803886714835
-0.21804364484464156,-0.4490669387586134
-0.18850046357129074,-0.42097231177984074
-0.23003552636614266,-0.49979883362513755
-0.24285734906703568,-0.07444273909440897
-0.24319475844609675,-0.06324917309735219
-0.2004923031476425,-0.47170425367878466
-0.17094907978137894,-0.44360968099047804
-0.3055065714084117,-0.3977968114825943
-0.31832840551082764,0.027559297399073028
-0.31866582063319027,0.03875287841784589
-0.27596335959143437,-0.36970221718530266
-0.2464201419684725,-0.3416076294752802
-0.27359503181801975,-0.43895557779039945
-0.28641686102372144,-0.013599475224400673
-0.28675427576885965,-0.0024058946921632998
-0.24405181510432825,-0.41086098980877633
-0.21450859710414186,-0.38276640258528916
-0.25763926083402616,-0.45953496247758563
-0.2704610900284059,-0.03417885992618951
-0.27079850333669425,-0.022985281247167852
-0.2280960441090127,-0.43144037451056516
-0.1985528246719765,-0.40334578914029384
-0.1604117798301152,-0.18788414807513248
0.06924561589531275,-0.4592370609012359
-0.134403768086032,-0.36976575373747417
-0.13124737670243877,-0.3701345794321324
-0.12250306979529217,-0.36962149046163484
-0.1336578150363168,-0.48153233858794137
-0.12929024925054752,-0.4806950047842132
-0.11933476832624657,-0.4789757566987566
-0.13309835024903027,-0.5653572772257919
-0.1290335777750389,-0.5648214830090896
-0.1199864767860713,-0.5640068536847114
-0.13722983899595803,-0.3725801232163841
-0.1359911374318926,-0.3748586984785917
-0.12603565650759166,-0.3731394503931353
-0.1344652638677242,-0.4823364441533441
-0.13272190678402915,-0.4841124534371751
-0.1233720140233702,-0.4829962860594805
-0.13420859239221553,-0.5664629223782206
-0.13034568212607597,-0.5661281545528694
-0.12039020120177504,-0.5644089064674126
-0.141267082382952,-0.3766006502765433
-0.1363948587674235,-0.37526074819387384
-0.12300772338981376,-0.37012405452287445
-0.1356764365373029,-0.48354260192630744
-0.13070328374295653,-0.48210218856509957
-0.12276642585972819,-0.48239320535171865
-0.13350207437596784,-0.5657593297209226
-0.1304466122674479,-0.5662286667899761
-0.12160137348633214,-0.5656150638569482
-0.1381382173912049,-0.3734847404437526
-0.13387158270936164,-0.3727479198356997
-0.12391610178506074,-0.37102867175024296
-0.1344652638677242,-0.4823364441533441
-0.13080421580943652,-0.48220270271934357
-0.123069219171506,-0.48269474493874465
-0.13360300576865997,-0.5658598432041686
-0.13125406167638776,-0.5670327729305201
-0.12049113134314691,-0.5645094187045195
-0.1351102854284919,-0.37046934572377416
-0.13356879055264867,-0.3724463813989559
-0.12452168648350823,-0.3716317490071582
-0.13779598875719343,-0.4856533780769214
-0.13352935407535016,-0.4849165574688684
-0.12448225231633935,-0.4841019273776352
-0.13390579917669315,-0.5661613828870514
-0.13438292628311313,-0.5701486823798835
-0.12442744535881221,-0.5684294342944268
-0.13400004367032822,-0.36936370095477256
-0.13074272002774426,-0.36963201230347326
-0.12462262066760707,-0.3717322652702528
-0.13345595282846487,-0.4813313121965906
-0.12969397395501747,-0.4810970578544851
-0.12327108099433626,-0.4828957709466681
-0.13309835024903027,-0.5653572772257919
-0.12913450887896483,-0.5649219962047649
-0.12028926971282751,-0.5643083928883098
-0.09692261426299635,-0.5608397516613474
-0.09407819114176752,-0.5603485379226454
-0.08696713333869541,-0.5591205035758908
-0.1722074582420542,-0.4131408253928188
-0.16936303579898868,-0.4126496117712313
-0.1622519035882617,-0.4114215864509955
-0.21737836375866781,-0.32452147056069863
-0.2145339417154361,-0.32403025700815996
-0.2074228833521729,-0.3228022225646637
-0.10661553212645468,-0.6987453536757372
-0.10448221795594577,-0.6983769439192207
-0.10163779341057473,-0.6978857299345785
-0.09452673798107424,-0.6966576959977244
-0.1797669110122562,-0.5506782661287016
-0.1769224872128641,-0.5501870522728849
-0.1698114300879553,-0.5489590180432448
-0.2550517574602665,-0.4029793395573371
-0.25220733501720105,-0.4024881259357496
-0.2450962768750472,-0.4012600915304376
-0.30022265873851184,-0.31435998524508507
-0.29737824854625183,-0.3138687702389344
-0.2902671901829886,-0.31264073579543805
-0.09692261426299635,-0.5608397516613474
-0.09407819114176752,-0.5603485379226454
-0.08696713333869541,-0.5591205035758908
-0.1722074582420542,-0.4131408253928188
-0.16936303579898868,-0.4126496117712313
-0.1622519035882617,-0.4114215864509955
-0.21737836375866781,-0.32452147056069863
-0.2145339417154361,-0.32403025700815996
-0.2074228833521729,-0.3228022225646637
-0.1797669110122562,-0.5506782661287016
-0.1769224872128641,-0.5501870522728849
-0.1698114300879553,-0.5489590180432448
-0.2550517574602665,-0.4029793395573371
-0.25220733501720105,-0.4024881259357496
-0.2450962768750472,-0.4012600915304376
-0.30022265873851184,-0.31435998524508507
-0.29737824854625183,-0.3138687702389344
-0.2902671901829886,-0.31264073579543805
-0.20125079561000264,-0.17859018655397466
-0.19099925710864818,-0.17401225067720605
-0.14707461413913356,-0.13878152981046146
0.043313617123587854,-0.970514177945517
-0.11796797023317543,0.4484933285606114
-0.11729312986972032,0.4261061353608263
-0.1277435942244508,0.4496923834824075
-0.12706877020456828,0.42730524467468767
-0.1393719316197027,0.5068797407050988
-0.13903457817842707,0.49568612095522013
-0.13876459835407137,0.48673127487086015
-0.1384947850833289,0.4777762485564376
-0.13835979585854977,0.47329885258963567
-0.1382248325241979,0.46882141005614597
-0.1379548387985238,0.45986665342189176
-0.13768491091018514,0.4509117618782828
-0.13741499956154724,0.44195695530028534
-0.13701008756216637,0.4285245707655708
-0.14914756718855335,0.5080787970469727
-0.14881020880634457,0.496885122518578
-0.14854022430408131,0.48793033003291
-0.14827041102867414,0.47897530371791514
-0.14813541936259422,0.47449790745166903
-0.14800046262682967,0.4700204657275465
-0.14773046760932562,0.4610657089348396
-0.14746053740127482,0.45211081710670015
-0.14719062647800135,0.44315601058087684
-0.14678571515415054,0.42972362612902143
-0.14611085568893048,0.40733650750999933
-0.1589231887255243,0.5092778516677295
-0.15858583536091256,0.4980841777547817
-0.15831585151428573,0.4891293853495323
-0.15804604074358067,0.48017435934175823
-0.15791104412168955,0.4756969624676441
-0.15777608520687192,0.471219520476244
-0.157506093916884,0.4622647641407453
-0.15723616264245735,0.4533098721818069
-0.13182072490481528,0.5254392581164532
-0.13893178860280997,0.524211222751683
-0.14220287229401204,0.5236463274526784
-0.14419396857739675,0.5233024803656419
-0.14604284651742783,0.5229831883856649
-0.14632728856921204,0.5229340696038229
-0.1480339445842014,0.5226393384435792
-0.14888727026161266,0.5224919745393826
-0.1495983711372042,0.5223691719517203
-0.1510205844551408,0.5221235647788908
-0.14470208871952617,0.5316498784113457
-0.15315390443204574,0.5217551540196469
-0.15813164236975868,0.5208955304128727
-0.15315390443204574,0.5217551540196469
-0.14590355893092546,0.5095555001267181
-0.15925046349303798,0.5029964630031326
-0.14267344108190086,0.5016141439172341
-0.1489893346236382,0.5049980819826558
-0.17587611770495143,0.482430074146593
-0.16110541930513483,0.44861613721265076
-0.16346403627601314,0.37284200804210327
-0.16333974856448044,0.5036672747994366
-0.16311814679740302,0.49127543478631885
-0.16300396438487325,0.4824463175647093
-0.21894539464301369,0.3610720847055766
-0.17698495725291,0.4395425278606776
-0.21839233140410647,0.3326419140286271
-0.30615951774791683,0.21975455832895255
-0.30686603547539837,0.21905096595922496
-0.3071688285946651,0.21874942656391264
-0.30726975989110183,0.21864891317652357
-0.3073706906100064,0.21854840036427572
-0.3088846590940033,0.21704070051200824
-0.30686603547539837,0.21905096595922496
-0.3073706906100064,0.21854840036427572
-0.3088846590940033,0.21704070051200824
-0.30686603547539837,0.21905096595922496
-0.30757255224032576,0.21834737454806608
-0.3066949211583925,0.1629666471426407
-0.3074014379233199,0.16226305573148173
-0.3066949211583925,0.1629666471426407
-0.3074014379233199,0.16226305573148173
-0.3066949211583925,0.1629666471426407
-0.3074014379233199,0.16226305573148173
-0.30615951774791683,0.21975455832895255
-0.30615951774791683,0.21975455832895255
-0.30615951774791683,0.21975455832895255
-0.2881578992191129,0.2103772351400216
-0.2881578992191129,0.2103772351400216
-0.2881578992191129,0.2103772351400216
0.17527678111211792,-0.9862533655627863
-0.2412488395318091,-0.009539970668087292
-0.018685845851966018,-0.36762572760656476
-0.018685845851966018,-0.36762572760656476
-0.018685845851966018,-0.36762572760656476
-0.018685845851966018,-0.36762572760656476
-0.018685845851966018,-0.36762572760656476
-0.018685845851966018,-0.36762572760656476
-0.060107809950199424,-0.3625452257732909
-0.060107809950199424,-0.3625452257732909
-0.060107809950199424,-0.3625452257732909
-0.060107809950199424,-0.3625452257732909
-0.060107809950199424,-0.3625452257732909
-0.060107809950199424,-0.3625452257732909
-0.060107809950199424,-0.3625452257732909
-0.06019187860710474,-0.3597674222957789
-0.060107809950199424,-0.3625452257732909
-0.059942029221370464,-0.36805795647332945
-0.059770511703804464,-0.37373865615000407
-0.05875812936517364,-0.40731957208669534
-0.04694876311221102,-0.7990946544967923
-0.21966569119314236,-0.15675115782979196
0.05956028190871858,-0.5168903651975604
-0.010487250826468692,-0.682953479881463
-0.04059660729777341,-0.47938631089382544
0.08738305961770225,0.5028428777971656
0.02807662910854043,0.7703425962581788
0.03023057877520215,0.770078397885633
0.04083465052358544,0.7687777275210278
0.05127303087332871,0.7674973804715596
0.0650251799410131,0.7658105743874061
-0.2698159415607184,-0.22983479022835945
-0.2269016050308663,-0.533748446879429
-0.288588318145193,-1.139646714288925
-0.2901354079568528,-1.1468885798177353
-0.2909258917095847,-1.1532530221133412
-0.2917163762323597,-1.159617465175802
-0.2929102058327031,-1.1665075331777528
-0.28966344793103804,-1.1688514501386225
-0.28984834506021423,-1.1746128132601759
-0.2003030109498604,-0.5063181013032124
-0.13141760354578774,-0.5303806734596347
-0.19051697781157242,-0.5197382810381768
-0.18034166539676322,-0.5559364785451333
-0.2891416782345843,-0.4385059126965826
-0.13870415703347574,-0.7054459964287673
-0.3525911377566912,0.19961697597338682
-0.35251149417153493,0.19697603520097473
-0.3524607684911253,0.1952935146787486
-0.35219821757645414,0.18658341125429143
-0.38801606227519997,0.1891533421214483
-0.385749697753565,0.18555674302518801
-0.3715275827334059,0.18801281161750166
-0.33823866593831986,0.19774958111802976
-0.34277138251423594,0.20494278146358266
-0.34761607550268064,0.20011814807116562
-0.37899563654542046,0.16507699982259139
-0.30668549304505205,-0.37353475228653427
-0.30668549304505205,-0.37353475228653427
-0.31133622439325526,0.05910463682184051
-0.3296811860183354,0.03681263693282778
-0.31346442545188985,0.04821348161829672
-0.34587252894779225,-0.010914572192608342
-0.3111264862826158,-0.03300531066015188
-0.30656929791623366,-0.20084873987701096
-0.32021943707677797,-0.3858419426369278
-0.3605551742245444,-0.43069353238748587
-0.3405983439641645,-0.4073071860334536
-0.31637487902194134,-0.3831840190713683
-0.29546496245418,-0.40949861150797545
-0.3163206119294356,-0.3794313045038833
-0.336739835189597,-0.40126786937377446
-0.39247526278718936,-0.060836494182161686
-0.3319165080264459,-0.0005284847543696155
-0.33676120101489054,-0.005353118146786721
-0.3335056629398286,-0.0588039736935742
-0.3329743495710648,-0.17310052870008363
-0.33055200307684257,-0.1706882120038752
-0.33663022210274635,-0.40239167041664087
-0.3702351736916047,-0.36414637645585246
-0.3781280974217445,-0.011433678586826826
-0.305616098324876,0.057265935259431765
-0.36340704325306444,-0.031888632479273406
-0.3611716904432255,0.00545251988211701
-0.3569050567247375,0.0061893403238046105
-0.29999651186898657,-0.3703856149822728
-0.352060400698367,0.01101393690719
-0.3216490640055691,0.01320859476947692
-0.3343388545206682,-0.0029408014505781766
-0.2924486050810659,0.24173398217042164
-0.2801681195982499,0.24819884531124092
-0.32566667627292534,0.18687163330348422
-0.2893314788595907,0.22305638374661202
-0.2893314788595907,0.22305638374661202
-0.4367609824066429,0.020519827569192586
-0.32619279539365936,0.2023647360607
-0.29175382535381306,0.2206440670504035
-0.42280339760804264,0.07109447055871267
-0.4567190008082087,0.19106663730758064
-0.4567602712754376,0.20459341918231297
-0.2990208648364799,0.21340711696177794
-0.47367459683509394,0.1739450205380603
0.3195100314293264,-0.9110788877018062
0.3266210868300786,-0.909850853769917
0.33373211951647574,-0.9086228170519384
0.2920371305695333,-0.8705850718769808
0.29914818831442214,-0.8693570375402738
0.3062592468052905,-0.8681290030747411
0.2249174866666314,-0.7882036916315327
0.23168992260497032,-0.7870341351219678
0.23846235854330913,-0.7858645786124027
0.22219282443763874,-0.9724274699376116
0.2250372475588675,-0.9719362561989093
0.2321483053619397,-0.9707082218521549
0.14690832081782718,-0.8247288962097152
0.14975241241202764,-0.8242373423137652
0.1568638014030465,-0.8230096481828157
0.10173729637534298,-0.7361094744366137
0.10458171841857475,-0.7356182608840748
0.11169277678183795,-0.7343902264405787
0.09705320333734402,-0.7208483582399926
0.10416425873809626,-0.7196203243081031
0.11127531413884864,-0.7183922903762135
0.08952453477954402,-0.7060782017326039
0.09663559252443275,-0.704850167395897
0.10374665101530121,-0.703622132930364
0.05554770652636694,-0.659973648482324
0.06238526106291578,-0.658792846406005
0.0692228169557912,-0.6576120440954574
-0.02020919166193873,-0.7564721252668332
-0.017364768540709875,-0.7559809115281314
-0.010253710737637763,-0.7547528771813764
-0.09549424733833502,-0.6087729288375319
-0.09264961091169287,-0.6082819912070164
-0.0855387667531157,-0.6070536808106324
-0.140664863347393,-0.5201539562903826
-0.1378204413041613,-0.519662742737844
-0.130709382940898,-0.5184347082943477
0.3195100314293264,-0.9110788877018062
0.3266210868300786,-0.909850853769917
0.33373211951647574,-0.9086228170519384
0.2920371305695333,-0.8705850718769808
0.29914818831442214,-0.8693570375402738
0.3062592468052905,-0.8681290030747411
0.2249174866666314,-0.7882036916315327
0.23168992260497032,-0.7870341351219678
0.23846235854330913,-0.7858645786124027
0.22219282443763874,-0.9724274699376116
0.2250372475588675,-0.9719362561989093
0.2321483053619397,-0.9707082218521549
0.14690832081782718,-0.8247288962097152
0.14975241241202764,-0.8242373423137652
0.1568638014030465,-0.8230096481828157
0.10173729637534298,-0.7361094744366137
0.10458171841857475,-0.7356182608840748
0.11169277678183795,-0.7343902264405787
0.09705320333734402,-0.7208483582399926
0.10416425873809626,-0.7196203243081031
0.11127531413884864,-0.7183922903762135
0.08952453477954402,-0.7060782017326039
0.09663559252443275,-0.704850167395897
0.10374665101530121,-0.703622132930364
0.05554770652636694,-0.659973648482324
0.06238526106291578,-0.658792846406005
0.0692228169557912,-0.6576120440954574
-0.02020919166193873,-0.7564721252668332
-0.017364768540709875,-0.7559809115281314
-0.010253710737637763,-0.7547528771813764
-0.09549424733833502,-0.6087729288375319
-0.09264961091169287,-0.6082819912070164
-0.0855387667531157,-0.6070536808106324
-0.140664863347393,-0.5201539562903826
-0.1378204413041613,-0.519662742737844
-0.130709382940898,-0.5184347082943477
-0.3456146560900087,-0.41747480057760955
2.6988941172874834,-1.9149514374868468
-0.24042864652149742,-0.5161799020517284
-0.290443228096543,-0.4438983169556173
-0.1955522234138916,-0.5064360369860955
-0.26306755298556517,-0.42210297213218456
-0.3165132596555148,0.25734648067323657
-0.24195106215579426,0.35457387929087925
-0.1673889239312929,0.4518012006149931
-0.16614248633892034,0.039090490476700004
-0.16562358777901304,0.021877349792104886
-0.16495900467919453,-0.00017058389667268784
-0.1531494250993007,-0.3919459417434022
-0.2821798008393287,0.24474613136868395
-0.24904208110715362,0.24068153702898523
-0.24887587300444974,0.23516829156908498
-0.1739737325469708,0.321118592822383
-0.17850518070198604,-0.027134308791226275
-0.1781652299178768,-0.03841144956199517
-0.263086690697476,0.24351987618531118
-0.004664722325646183,-0.3601393185009738
-0.18913759994592963,-0.27411638293139057
-0.19095435981659636,-0.275925620453547
-0.19398229293437427,-0.27894101632380763
-0.18913759994592963,-0.27411638293139057
-0.2768265596694416,-0.26877952487758905
-0.28511099107263427,-0.2677633761123393
-0.2224265261518683,-0.28385315405711314
-0.2981597460106354,-0.2724636365361147
-0.30941301872204613,-0.2731835965803593
-0.19572594765142481,0.12596004586301282
-0.20541533362831405,0.11631077907817867
-0.22479410558209253,0.09701224550851051
-0.19572594765142481,0.12596004586301282
-0.1963924721415365,-0.2788329547360389
-0.2060818581184257,-0.28848222152087305
-0.2270340379529899,-0.29210050032213003
-0.25433624247514086,-0.28249388271597714
-0.2737150144289193,-0.30179241628564535
-0.2533782367827444,-0.2824933942640491
-0.2727570087365229,-0.30179192783371733
-0.2869791257182597,-0.30424799676478304
-0.14671140623323592,-0.4429600202982185
-0.3218597780957986,0.19459941126839153
-0.168052430161733,0.44925064179180474
-0.33624525335547906,-0.005536766767508765
-0.2957846671127174,-0.03969254837659843
-0.3291783565732327,-0.5781672607004829
-0.2996311833548114,-0.27697440823930053
-0.440248994335535,-0.10884374307347126
-0.40489208764254797,-0.3393712693489503
-0.39467781579484956,-0.2156507729881054
-0.2714234987659989,0.6304263431301151
-0.1520789756138272,0.41650277374858025
-0.15086780236671604,0.41770893209668447
-0.14965662911960495,0.4189150904447887
-0.14844545587249378,0.420121248792893
-0.14723428262538257,0.4213274071409972
-0.03195485852447766,-0.8425422384785543
0.009467289850152253,-0.8476229812448772
0.00950375538442871,-0.7404476365254613
-0.022327625696937133,-0.7387436350027001
-0.14082987543678568,0.3920307153573242
-0.33439910413842305,0.18568717624723324
-0.06008571803891299,-0.652083452095647
-0.1761206261394752,0.1197624698306767
-0.18214774610783016,0.11190324336834237
-0.18208558434585012,0.11198430088292048
-0.1768182330893777,0.10274461779282645
-0.1817657722371269,0.0962931400061583
-0.1816143266794777,0.09649062154635143
-0.17725627619045692,0.07174726600827187
-0.18083684199640226,0.06707829016575262
-0.18087176146922274,0.06703275597259195
-0.36212805918719465,-0.5394545164313139
-0.13123420359619578,-0.0747239686347461
-0.24282691496286588,0.025730422710586093
-0.29045961959343025,0.062386057038155
-0.16546783162336598,-0.5179585368140115
-0.3738184381409437,0.2560982863289058
-0.3296165549181659,0.3043927090920652
-0.32418172378498783,0.32386244347229665
-0.3296165549181659,0.3043927090920652
-0.2717710416326215,0.26511183776191305
0.09872339724299638,0.6940765794283218
-0.24044227347966218,0.2466840627221522
-0.24528696646810685,0.24185942932973511
0.18384472509913258,0.01984581951445124
-0.13160172361607997,0.528023660590389
-0.15960301057088286,-0.13752499371346638
-0.3474552842507917,0.20034273024383759
-0.14873315120238076,-0.12514957668480925
-0.057327198742000415,-0.37466112758115416
-0.057327198742000415,-0.37466112758115416
-0.1057741286264467,-0.42290746150532443
-0.019969252181668905,-0.06848799559613432
-0.019969252181668905,-0.06848799559613432
-0.019969252181668905,-0.06848799559613432
-0.019969252181668905,-0.06848799559613432
1.362859660887748,0.6549046151475895
1.811501539211122,0.6120357597733987
1.2566129246570303,0.5208776822300895
1.34153911417395,0.6431483099585338
1.7315801184344923,0.8830781697413519
1.3011262667612384,0.6402556657568366
1.3035486132554606,0.642667982453045
1.2696357623363481,0.6088955487061258
2.399821416961647,0.6383308412869584
1.5538271160305905,0.6636475171659878
1.2100587236319351,0.6621990977156745
1.5363287944723656,0.6592298752096882
0.7096111733664854,0.8170363551336856
0.6645152084889576,0.777868719658432
3.303192657485522,2.147793927756744
1.788904866485081,2.287327169897377
1.184460851006584,2.346064937145036
2.6164756332732573,1.2523306489168535
1.433564397218031,1.3512180264528852
0.8291211421879428,1.4099562076517536
0.5268994778657267,1.4393245427280328
2.2436647036053086,0.7661937312384905
1.2264403229060852,0.8447583509056814
0.621998766504218,0.9034958165288145
0.31977714169629845,0.9328646539843779
0.13844422103102008,0.9504859494868094
0.017555598120108616,0.9622334806750638
2.057259238771335,0.5231252723993086
1.1228819200481035,0.5915280673576818
0.518437479909787,0.6502658866931089
0.21621581559862837,0.6796347289940459
0.03488305294630602,0.6972560051149816
-0.08600556502670058,0.7090035356975645
1.9640565507968741,0.4015911009317544
1.0711015384612288,0.4649131337423091
0.46665678229699964,0.5236509918407273
0.16443499947612403,0.553019848677786
-0.016897506405144522,0.5706410933037913
-0.13778611450234132,0.5823886226750308
3.3177267364508554,2.162267827933995
1.8034389454504145,2.3018010700746285
1.1989949299719176,2.360538837322286
2.631009712238591,1.266804549094105
1.4480984761833644,1.3656919266301366
0.8436552211532764,1.4244301078290047
0.5414335568310606,1.4537984429052844
2.2581987825706435,0.7806676314157419
1.2409744018714186,0.8592322510829322
0.636532845469552,0.917969716706066
0.3343112206616324,0.9473385541616292
0.15297829999635398,0.9649598496640606
0.03208967708544251,0.9767073808523153
2.0717933177366694,0.5375991725765599
1.1374159990134374,0.606001967534933
0.5329715588751207,0.6647397868703602
0.2307498945639622,0.6941086291712971
0.04941713191163993,0.7117299052922329
-0.0714714860613667,0.7234774358748156
1.9785906297622082,0.41606500110900557
1.0856356174265622,0.47938703391956033
0.4811908612623337,0.5381248920179783
0.17896907844145793,0.5674937488550372
-0.0023634274398106276,0.5851149934810426
-0.12325203553700746,0.5968625228522818
3.3369036461967823,2.181365335112313
1.8226158551963407,2.320898577252946
1.2181718397178438,2.379636344500604
2.650186621984518,1.2859020562724224
1.4672753859292915,1.3847894338084539
0.8628321308992031,1.4435276150073222
0.5606104665769873,1.4728959500836019
2.27737569231657,0.7997651385940592
1.2601513116173453,0.8783297582612499
0.6557097552154786,0.9370672238843831
0.35348813040755905,0.9664360613399465
0.17215520974228063,0.984057356842378
0.05126658683136916,0.995804888030632
2.090970227482596,0.5566966797548774
1.156592908759364,0.6250994747132503
0.5521484686210473,0.6838372940486774
0.24992680430988873,0.7132061363496145
0.06859404165756658,0.7308274124705505
-0.05229457631544004,0.7425749430531331
1.9977675395081353,0.4351625082873233
1.1048125271724891,0.4984845410978777
0.5003677710082601,0.5572223991962957
0.19814598818738455,0.5865912560333546
0.01681348230611601,0.6042125006593599
-0.10407512579108076,0.6159600300305993
3.341344614769524,2.185787915722029
1.8270568237690827,2.325321157862662
1.222612808290585,2.384058925110319
2.6546275905572583,1.290324636882138
1.4717163545020322,1.3892120144181694
0.867273099471944,1.4479501956170377
0.565051435149728,1.4773185306933168
2.281816660889311,0.8041877192037749
1.2645922801900864,0.8827523388709654
0.6601507237882193,0.9414898044940988
0.3579290989803,0.9708586419496621
0.17659617831502153,0.9884799374520934
0.055707555404110085,1.0002274686403478
2.095411196055337,0.5611192603645928
1.1610338773321054,0.629522055322966
0.5565894371937885,0.688259874658393
0.2543677728826298,0.7176287169593302
0.07303501023030748,0.735249993080266
-0.047853607742699145,0.7469975236628487
2.002208508080876,0.4395850888970386
1.1092534957452298,0.5029071217075933
0.5048087395810011,0.5616449798060114
0.20258695676012545,0.5910138366430703
0.021254450878856936,0.6086350812690756
-0.09963415721833989,0.6203826106403147
0.9830651276573437,1.2948323066342429
-0.25702388031920376,0.055487935801592274
-0.2516399430711588,0.04931999450320802
-0.22273682890402757,0.059929706004030546
-0.2274459969855036,0.0437104722904806
-0.24884764170885232,0.011892500542081587
-0.24346364763494663,0.005724573856453145
-0.2111472573584424,0.016923780189835477
-0.21585636119622467,0.000704529670230157
-0.27106078277719176,-0.032007667279248406
-0.2656768195401003,-0.03817582741634419
-0.23677371734239452,-0.027566892720842597
-0.24148286265544455,-0.04378564966906469
-0.262884484046874,-0.07560331709093704
-0.2575005097448751,-0.08177239839816351
-0.22518411842999875,-0.07057342724157582
-0.2298933116200467,-0.08679012838986784
-0.13231570262650402,-0.060481024155014794
-0.1053862594346867,-0.09521399766109515
-0.07845664981119858,-0.12994718582689832
-0.13231570262650402,-0.060481024155014794
-0.1053862594346867,-0.09521399766109515
-0.07845664981119858,-0.12994718582689832
-0.15924535980189805,-0.02574777465786231
-0.09473893361544723,0.5214280907733737
-0.09473893361544723,0.5214280907733737
-0.09473893361544723,0.5214280907733737
-0.09231658712122494,0.5238404074695826
-0.08989424062700259,0.526252724165791
-0.08747189413278028,0.5286650408619995
-0.09231658712122494,0.5238404074695826
-0.08989424062700259,0.526252724165791
-0.08747189413278028,0.5286650408619995
-0.08989424062700259,0.526252724165791
-0.08747189413278028,0.5286650408619995
-0.08747189413278028,0.5286650408619995
-0.09231658712122494,0.5238404074695826
-0.08989424062700259,0.526252724165791
-0.08989424062700259,0.526252724165791
-0.08989424062700259,0.526252724165791
-0.22058442875706702,-0.24024337255041833
-0.21624318365555,-0.23551906771018608
-0.24381618162744823,-0.272143968025527
-0.2135573776993163,-0.23283351254818366
0.05314829060354909,-0.06530489892431594
-0.00962493726919108,0.3108970529080746
-0.010782290108220453,0.2544379150377758
-0.00883032347708871,0.14225650729725667
-0.00962493726919108,0.3108970529080746
-0.010782290108220453,0.2544379150377758
-0.00883032347708871,0.14225650729725667
0.0024867952019204855,0.32295863638911726
6.444870769817308e-05,0.32054631969290864
-0.0023578977865241404,0.3181340029967002
-0.004780244280746456,0.3157216863004916
-0.007202590774968763,0.3133093696042832
-0.01931432324608033,0.3012477861232405
0.0024867952019204855,0.32295863638911726
6.444870769817308e-05,0.32054631969290864
-0.0023578977865241404,0.3181340029967002
-0.004780244280746456,0.3157216863004916
-0.007202590774968763,0.3133093696042832
-0.01931432324608033,0.3012477861232405
-0.003504203468252592,-0.08186073260879247
0.06277120776025945,-0.08998991782484905
0.06277120776025945,-0.08998991782484905
0.06277123738768871,-0.08998992145887942
0.06277123738768871,-0.08998992145887942
0.06277123738768871,-0.08998992145887942
0.06277120776025945,-0.08998991782484905
0.06277123738768871,-0.08998992145887942
0.06277123738768871,-0.08998992145887942
0.06277120776025945,-0.08998991782484905
0.05744513966612311,0.1341273157134658
0.05744513966612311,0.1341273157134658
-0.16128028928262828,-0.2386820097855229
-0.22825250830379334,0.6410233701480896
-0.38722227757439953,0.06578811863195688
-0.3702658521148433,0.08267433550541652
-0.3516253044118618,0.10698118297964458
-0.37098222845882134,0.08634683865394503
-0.3702658521148433,0.08267433550541652
-0.3702658521148433,0.08267433550541652
-0.38722227757439953,0.06578811863195688
-0.38793865391837756,0.06946062178048537
-0.37862042518305883,0.09142283035678311
-0.3784854565715329,0.08694538360396047
-0.3783842314602207,0.08358730507101972
-0.3782492679414883,0.07910988856531943
-0.3781817813370569,0.0768711633744562
-0.39464941736344256,0.0755453754139725
-0.3616466663853823,0.07595822908507473
-0.3450778136726185,0.07392593708737402
-0.3450778136726185,0.07392593708737402
-0.38105994925374476,0.07749931259613906
-0.37110446891764315,0.07921856058001742
-0.3639934106737985,0.08044659500289084
-0.3782492679414883,0.07910988856531943
0.234826517829964,1.3624180973199682
-0.35297771467890543,-0.02008427053317442
-0.6103736562911134,-0.24861562639939197
-0.3141570853298631,0.019341426256136017
-0.33901037548330504,0.02238987205436904
-0.2649534608104045,0.07753088480325884
-0.28980675096384645,0.08057933060149192
-0.4600736503790605,0.04202740157629567
-0.48492694053250246,0.045075847374528716
-0.43578781459545307,0.06697848654707703
-0.46064110474889497,0.0700269323453101
-0.7225623687670261,0.061899148715490085
-0.35314642227642207,-0.01448747896735485
-0.27099021108034105,0.009936291570404862
-0.27367324735007725,0.09894557097758243
-0.27503918835542335,0.14425930539846205
-0.27620482427945486,0.18292800375454824
-0.32602616261736045,-0.3606019744694514
-0.32604470891920245,-0.36060093184732006
-0.3260694360925063,-0.3605995404999339
-0.3261188176209888,-0.36059676273093283
-0.33271256491834217,-0.13673382510510645
-0.3379410117909821,0.03671627152646463
0.38797182497861027,0.002464184973322208
0.022975762638664448,0.0323526198788944
-0.1014785948998644,0.0423966480784958
-0.137767205160893,0.04527875812768948
-0.2610126600954282,0.284274128155096
-0.26192104003076144,0.2833695093940179
-0.262526626654317,0.2827664302199656
-0.2630312815964143,0.2822638648167301
-0.26363686956754545,0.28166078430068203
-0.20828837076871415,-0.09887942840388873
-0.11638626680504029,-0.21741263829562713
-0.12217781138609647,-0.2234264477624223
-0.17258030534433358,-0.15266961060224418
-0.17179452079122493,-0.15451031294541104
-0.13590451545245444,-0.20572206207324872
-0.134541468588083,-0.20810351578639735
-0.13801536878094972,-0.20847456649070167
-0.21368891504819176,-0.10539754102388563
-0.10697959520182632,-0.20360832178470167
1.3301347061910826,1.0786042106827611
-0.057260621298180533,0.5042651188358748
-0.06210531428662517,0.49944048544345776
-0.06695000727506979,0.4946158520510407
-0.07663939325195902,0.48496658526620656
-0.08148408624040367,0.4801419518737898
-0.07234233846769743,0.4884438835039536
-0.08376498473333703,0.4781090005697044
-0.057085787382258425,0.49270862464287546
-0.06193048037070303,0.4878839912504584
-0.06677517335914765,0.4830593578580414
-0.07646455933603692,0.4734100910732072
-0.08130925232448152,0.4685854576807902
-0.06465755927771405,0.4942615213530767
-0.07434694525460331,0.48461225456824275
-0.08014917237773096,0.4698107891906985
-0.05900075120292328,0.4885015194143391
-0.0638454441913679,0.48367688602192227
-0.06869013717981251,0.47885225262950515
-0.0783795231567018,0.46920298584467124
-0.08322421614514643,0.4643783524522541
-0.0690449301135568,0.488567219634813
-0.07873431609044605,0.4789179528499787
-0.20121016380345455,-0.18200396644719719
-0.20847720328612152,-0.18924091653582284
-0.19810515644776663,-0.2850137787701207
-0.20537219593043346,-0.29225072885874626
-0.05073250486309662,0.4401619665981574
-0.05799954434576356,0.4329250165095317
-0.0652665838284305,0.42568806642090606
-0.07513258832968886,0.41086828469078546
-0.05073250486309662,0.4401619665981574
-0.05799954434576356,0.4329250165095317
-0.0652665838284305,0.42568806642090606
-0.07513258832968886,0.41086828469078546
-0.1859724713631391,-0.18263572459784055
-0.165457932603846,-0.518296385224168
-0.2183210345628781,-0.11276842163965604
-0.19913691108051668,-0.13751166077401364
-0.1596832989935316,0.5496591739307201
-0.308694373808457,0.20047189043757635
0.058095693664130345,-0.6394790105629511
-0.06357674453451975,-0.48623121610540565
-0.1530420940527751,-0.3772269857296895
0.07384094587657539,-0.6237989520375958
-0.05146501206340818,-0.47416963262436324
-0.021278854520631406,-0.5333909828393278
-0.03394886860350658,-0.11307192390080685
-0.005076732837368691,-0.19422773719377223
-0.005761190105391733,0.030109538072565185
-0.04730834614212499,-0.05976522782904623
-0.38367905761903665,0.6315937852361855
0.01028285658207918,0.78280048112071
0.05348540779464266,0.8258241508795356
0.02122131733299025,0.7936936508481545
0.016620986777372154,0.7891123680986118
0.04652984246526916,0.8188973852761684
0.025796690622130417,0.8067961783210387
0.42042780282422665,1.1328090070913448
-0.15974868663029052,-0.15668518329248077
-0.2977362888511189,0.04456419094671736
-0.28655195988300514,0.05914829988285383
-0.2718287099679498,0.07610797768332797
-0.2643724827108903,0.08583072733416221
-0.25691626526822253,0.09555346418725483
-0.23454761013610673,0.12472167840303015
-0.21590706372532484,0.1490285241922593
-0.25455435310125535,0.01719808418550483
-0.25371082399865696,-0.010785790130044812
-0.2276140546472095,0.023243799681539938
-0.2520715722797778,0.10037809757967193
-0.23701459005768102,0.07083833114740555
-0.2520715722797778,0.10037809757967193
0.5355002471830378,-0.19713820671195947
0.5387736896017024,-0.1975397194181374
-0.2418676152183903,0.0605910085337934
-0.24196854632231635,0.060490495338118004
-0.24206947742624219,0.060389982142442684
-0.2421704085301682,0.06028946894676732
-0.24237227073802,0.060088442555416614
-0.24257413294587196,0.059887416164065885
-0.24428996171261272,0.05817869183758486
0.05611272373045847,-0.10000975116510831
-0.1809558711866851,0.5690749645644847
-0.1812786382417087,0.5691145544081881
-0.18181659560336028,0.56918053898603
-0.18289248929247096,0.5693125055617094
-0.18396839086940392,0.5694444731048902
-0.18504429113169976,0.569576440486821
-0.1861201900793585,0.5697084077075013
-0.1732169856975259,0.4921590436290986
-0.3214996708298156,-0.0692111949485248
-0.34626180783224475,-0.38419215891623953
0.12195071080188373,0.6285997470335675
-0.17480064796458614,0.2426144204953435
-0.3880577401168612,-0.25596594388146404
-0.3880577401168612,-0.25596594388146404
-0.3880577401168612,-0.25596594388146404
-0.3880577401168612,-0.25596594388146404
-0.1612693611254228,-0.15888306518999817
-0.12501507494643593,-0.5338732857288986
-0.135325287712531,-0.540978686450144
-0.36190378129179174,0.10534863422853769
-0.15716080559529205,-0.43362965755103705
0.31845685844163296,1.0292281833888102
-0.10715194064515303,-0.7099126339003513
-0.09969156578336007,-0.7028180178308943
-0.11797628525218389,-0.35082256061482164
-0.10975309808571702,-0.7072920235661909
-0.13692069910096216,-0.6679940501250065
-0.1299556863474449,-0.6613705129291743
-0.3071128078949314,-0.10941504985586047
-0.13934914011265734,-0.6655474478886694
-0.16095103361499885,-0.6341559714570112
-0.1543859129423451,-0.6279127134048443
-0.1714109659210876,-0.2871549067220157
-0.16324005216579598,-0.6318498343598259
2.7204933856441116,-1.9191973531459596
2.760898591352589,-1.9207430872979936
2.7371354992400767,-1.5397594130747025
2.7189289550975584,-1.9194675203274796
1.9015006092711875,-1.4590497916764016
1.9318045503141401,-1.4602090934077074
1.9115823044141635,-1.0948570441588688
1.9003272863612732,-1.459252417062541
1.4920042210847255,-1.2289760109416221
1.517257455304317,-1.2299420941986006
1.4989727453768826,-0.8779466400930134
1.4910264519931298,-1.2291448654300718
-0.33771811929122797,0.12413041589716169
-0.25881110881386826,-0.5622153186378651
-0.16078083238358973,-0.2112526420174398
-0.16040263561713755,-0.22379801600354787
-0.15966742769500172,-0.2481879723416469
-0.4089709333450699,0.21788735592451658
-0.4087365586259656,0.21011212266091772
-0.4081206102684894,0.18967842496515577
-0.4077253696751122,0.17656656793341632
-0.4072891515622585,0.16209530757647175
-0.40687854126971335,0.14847357048310073
-0.4064437521419919,0.13404971580530417
-0.2642204592494095,-0.11486183115993563
-0.2642204592494095,-0.11486183115993563
-0.2642204592494095,-0.11486183115993563
-0.2642204592494095,-0.11486183115993563
-0.2642204592494095,-0.11486183115993563
-0.003537301915660587,0.013010233532182936
-0.0038400952274383763,0.01270869394515682
-0.003537301915660587,0.013010233532182936
-0.004142888539216161,0.012407154358130744
-0.004748475162771744,0.011804075184078716
-0.34069265897145257,-0.03574265272590877
-0.34069265897145257,-0.03574265272590877
-0.34069265897145257,-0.03574265272590877
-0.34069265897145257,-0.03574265272590877
-0.1544768382548802,0.26630752405829555
-0.1544768382548802,0.26630752405829555
-0.3397094359630189,0.23643976598391284
0.48728434486879085,-0.09990018845485302
0.06335199554869601,-0.07299121614423641
-0.07899845181800182,-0.06402977053778068
-0.15085145075627637,-0.0595617058597348
-0.22384205469201265,-0.055132854781008656
0.5328486794410261,-0.10548900198491107
0.08702173395422456,-0.07589449028388243
-0.06268069444795597,-0.06603126806926196
-0.13824471896364868,-0.06110801776956324
-0.21500531153393446,-0.05621674880002959
-0.4065486557290379,0.22030195761118215
-0.40631583833922025,0.21257838776297897
-0.4057084885091302,0.19242994078200262
-0.40402140564776967,0.13646203250151273
-0.40604590508140237,0.20362352243810058
-0.40530358733526173,0.17899760009455973
-0.4032453382641209,0.11071648725158492
-0.39757675117679936,-0.07733530880975822
-0.40631583833922025,0.21257838776297897
-0.40069268120367996,0.1411702553578354
-0.34454230037640937,-0.40502723279089586
-0.33003464293039697,0.11571287693296868
-0.3354651597683744,0.11030484531216612
-0.28969774405798016,0.09287207464710119
-0.26947077412608444,0.11301529420582292
0.1616996958371844,-0.8903759353059886
0.45560377261920515,-0.9573547270907009
0.2621916472966836,0.007789572491537027
-0.03529823313379403,0.6309099752712544
-0.03529823313379403,0.6309099752712544
-0.0030457258559433596,0.7699594706284997
-0.2164127484492902,0.08092328073724811
-0.30627154492858977,-0.04024120219590647
-0.33509975344125303,-0.11794130475509329
-0.10208482994719298,0.19454770304402053
-0.24910761369795156,0.01657096909589816
-0.29699046022139364,-0.0800664875222263
-0.11665766248171747,0.49325292414666955
-0.3965360742524789,0.2125616100684413
-0.075549318775459,0.5549443036834153
0.66273131692905,0.6253014447744906
0.661625986891165,0.6254029573279076
0.6611863946235821,0.6254433326993131
0.6605299386133693,0.6255036229924728
0.6591191250064166,0.625633189514511
0.6572972673872384,0.6258005147965481
-0.31533789003004586,0.14097440471891753
-0.26651274980703227,-0.5371322173045129
-0.2666741682989154,-0.537119403430637
-0.25863453762405014,-0.5296403122435649
-0.24681731845662663,-0.518402532617544
-0.3162884758099391,-0.46231957676252067
-0.31648199039175756,-0.4623042151136217
-0.30683464919903325,-0.45332930891488493
-0.2926538904616867,-0.4398438943692891
-0.36606420181284605,-0.3875069362205284
-0.36328045078435656,-0.3848742759833427
-0.3549299307676615,-0.3769762379549794
-0.3382320343093817,-0.3611798931585864
-0.36606420181284605,-0.3875069362205284
-0.36319755382802776,-0.38478861446315044
-0.3545980270841935,-0.3766336160062657
-0.3374007760949839,-0.36032349042036427
-0.24880621547048482,-0.5340744117108247
-0.24900689351506378,-0.534068377711404
-0.24092800192334626,-0.5265825064142959
-0.22911078685923456,-0.5153447274968905
-0.3015330305294829,-0.4597714054344474
-0.30177361303645134,-0.45976417211614484
-0.2920792051182149,-0.4507811377939812
-0.27789845931383533,-0.4372957354953739
-0.35425984558848106,-0.38546839915806963
-0.3514726489502825,-0.3828351438860544
-0.34311197561056683,-0.3749353524435369
-0.32639453595087353,-0.3591356326608555
-0.35425984558848106,-0.38546839915806963
-0.3513913669158734,-0.38274976125258187
-0.3427864447245878,-0.3745938310363203
-0.32557883509763597,-0.3582819165797214
-0.23088635672400898,-0.5309797663515703
-0.23112676021948406,-0.5309805926842539
-0.2230081349865381,-0.5234878596406234
-0.21119092683826912,-0.51225008191754
-0.2865998149074196,-0.45719253430173534
-0.28688802143345976,-0.4571935253479045
-0.27714598611291663,-0.44820226607700614
-0.26296522654256266,-0.43471685138755556
-0.3423132730908305,-0.3834053022519003
-0.33952258560917825,-0.3807714441334759
-0.33115162832637485,-0.3728698767195513
-0.3144144197476253,-0.35706674297058383
-0.3423132730908305,-0.3834053022519003
-0.33944293179612106,-0.3806863426834504
-0.330832547980478,-0.37252946927948233
-0.3136144637316865,-0.3562157459224715
-0.21317981628399155,-0.527921959703852
-0.21345949357359234,-0.527929568370395
-0.20530160236469583,-0.5204300543430541
-0.19348438380252292,-0.5091922748215558
-0.27184436454073857,-0.4546443620953032
-0.27217964577356185,-0.45465348264321387
-0.2623905377393243,-0.44565409421476787
-0.24820977563204968,-0.43216867908720713
-0.3305089127974855,-0.3813667644867546
-0.32771478786315683,-0.3787323127421681
-0.3193336793871865,-0.3708289922819017
-0.30257692280901954,-0.3550224827180611
-0.3305089127974855,-0.3813667644867546
-0.32763674692830136,-0.37864748982592544
-0.31902097115118816,-0.3704896852645873
-0.30179252557825353,-0.35417417257295464
-0.26651274980703227,-0.5371322173045129
-0.2666741682989154,-0.537119403430637
-0.25863453762405014,-0.5296403122435649
-0.24681731845662663,-0.518402532617544
-0.3162884758099391,-0.46231957676252067
-0.31648199039175756,-0.4623042151136217
-0.30683464919903325,-0.45332930891488493
-0.2926538904616867,-0.4398438943692891
-0.36606420181284605,-0.3875069362205284
-0.36328045078435656,-0.3848742759833427
-0.3549299307676615,-0.3769762379549794
-0.3382320343093817,-0.3611798931585864
-0.36606420181284605,-0.3875069362205284
-0.36319755382802776,-0.38478861446315044
-0.3545980270841935,-0.3766336160062657
-0.3374007760949839,-0.36032349042036427
-0.24880621547048482,-0.5340744117108247
-0.24900689351506378,-0.534068377711404
-0.24092800192334626,-0.5265825064142959
-0.22911078685923456,-0.5153447274968905
-0.3015330305294829,-0.4597714054344474
-0.30177361303645134,-0.45976417211614484
-0.2920792051182149,-0.4507811377939812
-0.27789845931383533,-0.4372957354953739
-0.35425984558848106,-0.38546839915806963
-0.3514726489502825,-0.3828351438860544
-0.34311197561056683,-0.3749353524435369
-0.32639453595087353,-0.3591356326608555
-0.35425984558848106,-0.38546839915806963
-0.3513913669158734,-0.38274976125258187
-0.3427864447245878,-0.3745938310363203
-0.32557883509763597,-0.3582819165797214
-0.23088635672400898,-0.5309797663515703
-0.23112676021948406,-0.5309805926842539
-0.2230081349865381,-0.5234878596406234
-0.21119092683826912,-0.51225008191754
-0.2865998149074196,-0.45719253430173534
-0.28688802143345976,-0.4571935253479045
-0.27714598611291663,-0.44820226607700614
-0.26296522654256266,-0.43471685138755556
-0.3423132730908305,-0.3834053022519003
-0.33952258560917825,-0.3807714441334759
-0.33115162832637485,-0.3728698767195513
-0.3144144197476253,-0.35706674297058383
-0.3423132730908305,-0.3834053022519003
-0.33944293179612106,-0.3806863426834504
-0.330832547980478,-0.37252946927948233
-0.3136144637316865,-0.3562157459224715
-0.21317981628399155,-0.527921959703852
-0.21345949357359234,-0.527929568370395
-0.20530160236469583,-0.5204300543430541
-0.19348438380252292,-0.5091922748215558
-0.27184436454073857,-0.4546443620953032
-0.27217964577356185,-0.45465348264321387
-0.2623905377393243,-0.44565409421476787
-0.24820977563204968,-0.43216867908720713
-0.3305089127974855,-0.3813667644867546
-0.32771478786315683,-0.3787323127421681
-0.3193336793871865,-0.3708289922819017
-0.30257692280901954,-0.3550224827180611
-0.3305089127974855,-0.3813667644867546
-0.32763674692830136,-0.37864748982592544
-0.31902097115118816,-0.3704896852645873
-0.30179252557825353,-0.35417417257295464
-0.26651274980703227,-0.5371322173045129
-0.2666741682989154,-0.537119403430637
-0.25863453762405014,-0.5296403122435649
-0.24681731845662663,-0.518402532617544
-0.3162884758099391,-0.46231957676252067
-0.31648199039175756,-0.4623042151136217
-0.30683464919903325,-0.45332930891488493
-0.2926538904616867,-0.4398438943692891
-0.36606420181284605,-0.3875069362205284
-0.36328045078435656,-0.3848742759833427
-0.3549299307676615,-0.3769762379549794
-0.3382320343093817,-0.3611798931585864
-0.36606420181284605,-0.3875069362205284
-0.36319755382802776,-0.38478861446315044
-0.3545980270841935,-0.3766336160062657
-0.3374007760949839,-0.36032349042036427
-0.24880621547048482,-0.5340744117108247
-0.24900689351506378,-0.534068377711404
-0.24092800192334626,-0.5265825064142959
-0.22911078685923456,-0.5153447274968905
-0.3015330305294829,-0.4597714054344474
-0.30177361303645134,-0.45976417211614484
-0.2920792051182149,-0.4507811377939812
-0.27789845931383533,-0.4372957354953739
-0.35425984558848106,-0.38546839915806963
-0.3514726489502825,-0.3828351438860544
-0.34311197561056683,-0.3749353524435369
-0.32639453595087353,-0.3591356326608555
-0.35425984558848106,-0.38546839915806963
-0.3513913669158734,-0.38274976125258187
-0.3427864447245878,-0.3745938310363203
-0.32557883509763597,-0.3582819165797214
-0.23088635672400898,-0.5309797663515703
-0.23112676021948406,-0.5309805926842539
-0.2230081349865381,-0.5234878596406234
-0.21119092683826912,-0.51225008191754
-0.2865998149074196,-0.45719253430173534
-0.28688802143345976,-0.4571935253479045
-0.27714598611291663,-0.44820226607700614
-0.26296522654256266,-0.43471685138755556
-0.3423132730908305,-0.3834053022519003
-0.33952258560917825,-0.3807714441334759
-0.33115162832637485,-0.3728698767195513
-0.3144144197476253,-0.35706674297058383
-0.3423132730908305,-0.3834053022519003
-0.33944293179612106,-0.3806863426834504
-0.330832547980478,-0.37252946927948233
-0.3136144637316865,-0.3562157459224715
-0.21317981628399155,-0.527921959703852
-0.21345949357359234,-0.527929568370395
-0.20530160236469583,-0.5204300543430541
-0.19348438380252292,-0.5091922748215558
-0.27184436454073857,-0.4546443620953032
-0.27217964577356185,-0.45465348264321387
-0.2623905377393243,-0.44565409421476787
-0.24820977563204968,-0.43216867908720713
-0.3305089127974855,-0.3813667644867546
-0.32771478786315683,-0.3787323127421681
-0.3193336793871865,-0.3708289922819017
-0.30257692280901954,-0.3550224827180611
-0.3305089127974855,-0.3813667644867546
-0.32763674692830136,-0.37864748982592544
-0.31902097115118816,-0.3704896852645873
-0.30179252557825353,-0.35417417257295464
-0.15514401236060774,-0.6755196636373157
-0.1433267254971304,-0.6642818285238471
-0.10787486527497463,-0.6305683217529756
-0.08424016613520799,-0.6080925345849957
-0.2640497415968343,-0.5298090761535692
-0.25518678927594857,-0.5213807103764708
-0.22859790026211466,-0.496095585544004
-0.21087194537540788,-0.4792388064519696
-0.2576497904868768,-0.5287038453991258
-0.24878683722774014,-0.5202754794599975
-0.22219794795900188,-0.4949903545835106
-0.20447199349194373,-0.4781335755639466
-0.284159920686271,-0.16511804828062476
-0.28528464272512327,-0.12780611941656575
-0.28595947617890294,-0.10541895728407334
-0.27775996953303655,-0.16401281751870783
-0.2788846905600438,-0.12670088847990968
-0.27955952372441445,-0.10431372629743817
-0.22291206797050178,-0.5996071965739754
-0.1785972554044723,-0.5574653471690966
-0.23595884137275133,-0.16678870587119116
-0.12717751696079174,-0.7230834081002175
-0.08286264656258675,-0.680941633285942
-0.14022421903235194,-0.29026500939810795
-0.03144280546339929,-0.8465598266197635
0.012871992236998855,-0.8044179580415368
-0.04448957796838963,-0.4137413370742435
-0.29136306915506777,-0.49733704044541716
-0.2559112189480419,-0.4636235303730433
-0.30429737624179387,-0.06824973583484395
-0.21477543386332104,-0.5961180025519739
-0.17932352134744756,-0.5624045728441117
-0.22770968006663211,-0.16703078134606175
-0.13818766447519928,-0.6948991376129364
-0.10273577894317378,-0.6611856628502291
-0.15112194118984373,-0.26581187217557245
-0.3369970758333018,-0.4291569285333053
-0.3052268810604956,-0.3993251678158247
-0.3496137014694786,-0.002540232907655804
-0.273174046582019,-0.5114743967509982
-0.24120017305073813,-0.48190533618930875
-0.2855869927804083,-0.08512040215730199
-0.20935090558375744,-0.5937920090973623
-0.17717343248326026,-0.5644855465549884
-0.2215602515336172,-0.16770061339914388
-0.3369970758333018,-0.4291569285333053
-0.30745386401632435,-0.40106233423601345
-0.3498189099357175,-0.003800819651637747
-0.273174046582019,-0.5114743967509982
-0.24363078253153742,-0.4833798698232731
-0.28599582845093063,-0.08611835523889749
-0.20935090558375744,-0.5937920090973623
-0.17980766566324025,-0.565697445921516
-0.22217271451196774,-0.1684359326848033
-0.15660526576531833,-0.07930510553369753
-0.15468678285724885,-0.1222583034347046
-0.15545706726438796,-0.09670391438453113
-0.1555385734385831,-0.09399891999147757
-0.2835282018376529,1.1125983860541038
-0.21596200902269125,1.0872442300006757
0.8312086127574957,-0.03905535538295216
0.8312086127574957,-0.03905535538295216
1.3530658116917937,-0.09611737268408967
1.3530658116917937,-0.09611737268408967
0.8312086127574957,-0.03905535538295216
0.8312086127574957,-0.03905535538295216
1.3530658116917937,-0.09611737268408967
1.3530658116917937,-0.09611737268408967
-0.33153759011911493,-0.22020755887692256
-0.3329846151559314,-0.22047395867143096
-0.333915874546626,-0.22064542169936288
-0.2529931323835125,0.17178321291153795
0.31625623095962446,0.011840127987191399
0.31625623095962446,0.011840127987191399
-0.2571203088141906,0.6743208300996415
-0.11018990519527216,-0.60318230261347
-0.3540084942844542,0.30974832688719434
-0.30394356669379236,0.36760755873998663
-0.32258409009663663,0.34330074295258134
-0.35479096948384836,0.31561312196733815
-0.3540745945215266,0.3119406259018706
-0.3354340711186825,0.3362474416892759
-0.33580497017903177,0.3485528895110243
-0.3041811096190784,0.37548953004432734
-0.3356716140439684,0.34412941299361643
-0.30367636116551716,0.3587442050845019
-0.3346777679302782,0.3111592115394858
-0.3354340711186825,0.3362474416892759
-0.3354340711186825,0.3362474416892759
-0.38553527415164207,0.21687109251540532
-0.38553527415164207,0.21687109251540532
-0.38553527415164207,0.21687109251540532
-0.3002821135815179,-0.3119278558771087
-0.2999398849475065,-0.4240964935102774
-0.2149493222891348,-0.2971914268515662
-0.21460709365512326,-0.4093600644847347
-0.3002821135815179,-0.3119278558771087
-0.2999398849475065,-0.4240964935102774
-0.2149493222891348,-0.2971914268515662
-0.21460709365512326,-0.4093600644847347
-0.28295274376740187,-0.49921812375853464
-0.05802199902756816,0.4473021753275812
-0.2912001293817657,-0.4475062746372167
0.018510517124189337,-0.11735672518575711
-0.2912001293817657,-0.4475062746372167
0.018510517124189337,-0.11735672518575711
0.11314069798487024,0.5152279075752273
0.11314069798487024,0.5152279075752273
0.11314069798487024,0.5152279075752273
0.11314069798487024,0.5152279075752273
0.11314069798487024,0.5152279075752273
0.7062492050349882,0.9331368167953065
-0.15073716735272788,0.1340706468275936
-0.1501211556809573,-0.0678329437010496
-0.14712434056124818,0.15205427937196098
-0.2325934796036087,-0.19335002387248695
-0.23067485642560773,0.6386110531708062
-0.25781468002632235,0.07383036328289283
-0.08681033381611916,-0.09776879495547618
-0.31449882805441404,-0.09433178546634724
-0.32409791480810785,-0.20528104486285365
-0.13827907326167155,-0.42870902174411385
-0.17406830804912427,-0.4696182920540914
-0.3291050794111232,-0.23041687029434016
-0.30576133578776016,-0.3586942559164705
-0.26890802805794817,-0.16986976638277268
-0.33953309113032515,-0.2521576504363381
-0.3246856872437073,-0.29374351094017
-0.30747259030864244,-0.3609837722915868
-0.31473962979130954,-0.3682207223802124
-0.2908513630229353,-0.191605177263654
-0.2955094815931445,-0.21195617737112024
-0.303041547281755,-0.20506378517699084
-0.20236323456480926,-0.12448927478531603
-0.30877557363256647,-0.12448771998099253
-0.2988295161801685,-0.198964931421035
-0.30318981312716464,-0.13052686291340063
-0.25690856442177784,-0.16881933004515384
-0.3981052655283994,-0.3141165272199764
-0.32286915717079473,-0.37959460370087217
-0.3947173234613779,-0.288697898809556
-0.3999886625570259,-0.29359621126464774
-0.37521254829702183,-0.27483365113087677
-0.36708388976752765,-0.28971354234079727
-0.3152680267614202,-0.2344488623410795
-0.30267865999112165,-0.20361763981752326
-0.25570294059431853,-0.154533255125616
-0.3839148058295583,-0.1807395722682121
-0.3133245042217168,-0.2229510011719793
-0.27741801245554554,-0.18156224475390914
-0.25570294059431853,-0.154533255125616
-0.45271379407358575,-0.3117658119363133
-0.44773605903674196,-0.3109061888305008
-0.43948721408166663,-0.3094816658964428
-0.38005254611776657,-0.24338585617256048
-0.4895175552729282,-0.3659779235573717
-0.30078789320856786,-0.14135839951321247
-0.44730940479157866,-0.3108325083624522
-0.3618941194518969,-0.260189966010358
-0.43535364461952714,-0.3047798491452945
-0.47990990692830177,-0.2582135213309762
-0.4215169072707662,-0.2844443865771712
-0.3626694609877408,-0.22642595789413672
-0.12076304875227971,-0.5847884999618326
-0.14650188830191427,-0.5845235247582676
-0.15870261804143299,-0.4538324458811104
-0.164405722991857,-0.4732956372289403
-0.19057312614246924,-0.5885552134036178
-0.03943690925872197,-0.869893137620141
-0.21050243440635366,-0.5999728494838185
-0.0035450002348424467,-0.8431202858291202
-0.22753925378554446,-0.6568388070428444
-0.20425498563743094,-0.4625972551135874
-0.20850787370464577,-0.457349735746149
-0.2478251295035216,-0.49205547576056224
-0.19757601980060774,-0.5147792768210664
0.08561296249844776,-0.8224276170267645
0.08076826951000311,-0.8272522504191815
0.31245792287601276,-1.134711710418874
-0.1878674596604541,-0.4458092962312729
-0.20590063954478438,-0.4549054901288175
-0.22369617139844197,-0.4719366153268998
-0.1892610278496717,-0.5743706720930186
-0.24055812082258315,-0.4848185563461298
-0.12626592008085086,-0.4472585673866519
-0.12819355147005634,-0.5740647990596156
0.030298061494841714,0.030678132856269292
0.030298061494841714,0.030678132856269292
0.030298061494841714,0.030678132856269292
0.030298061494841714,0.030678132856269292
-0.37353558431902717,0.622970337639545
-0.3785821364351507,0.6179446809231964
-0.3555304032574593,0.5283915184518213
-0.36057697693479285,0.5233658402635377
-0.3589147665999998,0.2534408063455826
-0.35867679273064745,0.24554631851896724
-0.3579513466480115,0.2214798362033837
-0.34592172105414265,-0.17759560010870937
0.010983261389254647,0.37867602598488276
-0.3348526238795952,-0.1974996143504375
-0.18540533298716888,-0.34042385324264857
-0.19552788993078987,-0.0046163272370424785
-0.197214838088371,0.05135141591998112
-0.19805845589464272,0.07933543572119722
-0.19822709395355548,0.08493217076543808
-0.3840096476787169,0.19167173782782845
-0.21303597946000086,0.06841682035045504
-0.22612399041458792,0.052198653999314934
-0.22278793196270302,0.07200253776364228
-0.365874992723942,-0.06472664408216057
-0.16314171013748374,-0.34036731853696983
-0.15721613671561707,-0.3353560239847457
-0.1538664810758987,-0.31523098416656814
-0.12802237744949913,-0.2921269467875752
-0.1609345596274772,-0.2884337973732535
-0.2885807036779129,-0.12379866414546643
-0.1546947744767244,-0.2842568513010053
-0.17671842831422335,0.13571569713169612
-0.30436466617804914,0.30035086490309104
-0.16636232961492078,0.16103866725886512
-0.17296261813600364,0.1694754740739856
-0.1667844434702972,0.2056475827316025
-0.16854008810608898,0.218908961805826
-0.20910866609194387,-0.6398821541037459
-0.20910866609194387,-0.6398821541037459
-0.3520274357493824,-0.7822091643264947
-0.24302152317140197,-0.6736545939855038
-0.30842550687066567,-0.7387877705366717
-0.145711271299628,-0.44079331047136094
-0.1747794138294315,-0.4697410954887666
-0.19173587933123476,-0.4866273522386773
-0.3031644464207225,-0.5975945460178068
-0.145711271299628,-0.44079331047136094
-0.19173587933123476,-0.4866273522386773
-0.23776046272145865,-0.5324613694666391
-0.1701058505588569,-0.4088321586168619
-0.20401871995900644,-0.4426046107682968
-0.20401871995900644,-0.4426046107682968
-0.2742668237345648,-0.5125618501718913
-0.2742668237345648,-0.5125618501718913
-0.34693748961644494,-0.5849316209910456
-0.22581967207767334,-0.46431529539353134
-0.2742668237345648,-0.5125618501718913
-0.34693748961644494,-0.5849316209910456
-0.3978976540065006,-0.2826415327026241
-0.3978976540065006,-0.2826415327026241
-0.39772653968949495,-0.33872585151920853
-0.414682965149051,-0.3556120683926682
-0.3978976540065006,-0.2826415327026241
0.10629464637667642,-0.25849591539627303
0.08488109996386567,-0.2612882524089671
0.0683122564153093,-0.2592559572405875
0.037209304273989774,-0.2716975586154285
0.015795747985369264,-0.27448989441677896
0.11390391449335484,-0.3634276029408162
0.09249036808054413,-0.36621993995351015
0.03755153290800131,-0.3838661962485972
0.01613797661938078,-0.3866585320499477
0.11390391449335484,-0.3634276029408162
0.09249036808054413,-0.36621993995351015
0.0683122564153093,-0.2592559572405875
0.037209304273989774,-0.2716975586154285
0.015795747985369264,-0.27448989441677896
0.027519918297100533,-0.2813468254002626
0.07964883494023098,-0.28503139905456687
0.2622943279371754,-0.2884682113908855
0.4110261799502265,-0.3256773605666459
0.42919377865689384,-0.307584985345082
0.259871981442953,-0.29088052808709414
0.25018259546606386,-0.30052979487192827
0.25018259546606386,-0.30052979487192827
-0.003970586127789571,-0.31270694245097336
0.2622943279371754,-0.2884682113908855
-0.37049079530180473,0.17424386120563445
-0.154559765522944,0.2188902618521849
-0.32639652254270657,0.2738342174183958
-0.18338955141533497,-0.3429192501727313
-0.36896419458973895,0.27348805355912187
-0.36872800498783886,0.2656525462115824
-0.3685930393465637,0.2611751146857496
-0.36849181399233494,0.25781703490749774
-0.38489196626679206,0.25425254549148574
-0.37116753029150984,0.2517290347718362
-0.3586337215133748,0.2618695152401131
-0.36780976453924685,0.08396729200552605
-0.3654786836255352,0.25271146232237873
-0.3612120499554083,0.2534482827557146
-0.35175424742314726,0.25018795126077187
-0.33518539509956313,0.2481556550160681
-0.36812065632229213,0.24550409724489478
-0.3679519467711257,0.23990732133658638
-0.36737833905256556,0.22087821967489418
-0.3683231074902642,0.252220248455279
-0.3683231074902642,0.252220248455279
-0.3901242259382649,0.2305093981894024
-0.39739126542093195,0.22327244810077687
-0.3586337215133748,0.2618695152401131
-0.1339876778008538,0.39643418430137156
-0.1339876778008538,0.39643418430137156
-0.1339876778008538,0.39643418430137156
-0.22603689092458162,0.4077247231091207
-0.16498024273625675,-0.10610565277162155
-0.17725276862270326,-0.11828702824159647
-0.14805559269928628,-0.25252551436991116
-0.2538587716499188,-0.18706161939830587
-0.154559765522944,0.2188902618521849
0.9503968433674993,-0.6044300968594946
0.8934390461469287,-0.5318278027214087
0.8507409604548132,-0.47804767358241956
0.8115439998262834,-0.430289071568542
0.7911096732382619,-0.4075911693009691
0.7715025021815837,-0.3930604942795338
0.7622037552831229,-0.40258544335454954
1.3569210307484643,-0.8859567698897537
1.1498097358299684,-0.8605529882229044
0.9426993889892085,-0.8351493228450281
0.7355888446322545,-0.8097456332402829
0.5284780632558658,-0.7843419145632948
1.1498097358299684,-0.8605529882229044
1.1498097358299684,-0.8605529882229044
1.1498097358299684,-0.8605529882229044
1.1498097358299684,-0.8605529882229044
0.7509157798278971,-0.3460687819632899
0.35202113907838056,0.16841630746775527
0.29234181392182196,-0.3873931284794258
0.41190891696626253,-0.5383804412001324
0.6113223600051256,-0.7945034000959404
0.29234181392182196,-0.3873931284794258
0.41190891696626253,-0.5383804412001324
0.6113223600051256,-0.7945034000959404
0.29234181392182196,-0.3873931284794258
0.41190891696626253,-0.5383804412001324
0.6113223600051256,-0.7945034000959404
0.29234181392182196,-0.3873931284794258
0.41190891696626253,-0.5383804412001324
0.6113223600051256,-0.7945034000959404
0.29234181392182196,-0.3873931284794258
0.41190891696626253,-0.5383804412001324
0.6113223600051256,-0.7945034000959404
1.1498097358299684,-0.8605529882229044
1.1498097358299684,-0.8605529882229044
2.547851077624981,0.9624609166872509
1.0960819107420474,-0.585117306325185
1.1498097358299684,-0.8605529882229044
-0.24707077432811866,0.43625848595645284
-0.24693580794176276,0.43178105301429937
-0.246733360614143,0.4250649149847473
-0.2803762870140236,0.38233760125258626
-0.24595729627119017,0.3993196707648722
-0.24656224629713724,0.36898059616816303
-0.24596334618761714,0.17268548031011774
-0.246733360614143,0.4250649149847473
-0.246733360614143,0.4250649149847473
-0.10683726060573315,0.4320666875110368
-0.12379368606528936,0.4151804706375771
-0.1625512299728464,0.3765834034982407
-0.05837179610459565,0.49526454372039774
-0.07532822156415181,0.47837832684693804
-0.11408576547170889,0.4397812597076017
-0.33912029419515866,0.18445459451129848
-0.3560767196547148,0.16756837763783866
-0.3579393053100754,0.1771169225349688
-0.3305237831644471,0.14038458285885144
-0.3305237831644471,0.14038458285885144
-0.22825250830379334,0.6410233701480896
-0.24587428291866348,-0.38173548455572043
0.0749610478545374,-0.7510373813009965
-0.13848093623956667,-0.4289100489023195
-0.15866715702475268,-0.44901268803739025
-0.3516190214136169,0.4653294318990905
-0.39874822429855034,0.4958156762076546
-0.28284305879798427,0.4612639828542915
-0.2805867904222617,0.46564161181833297
-0.29866630238392705,0.44257946636583406
-0.38942637846791445,0.3551219746030532
-0.2805867904222617,0.46564161181833297
-0.38942637846791445,0.3551219746030532
-0.28186683845726035,0.4654205731845037
-0.38942637846791445,0.3551219746030532
-0.2797381074036832,0.4637941985658617
-0.38942637846791445,0.3551219746030532
-0.2782055038455235,0.4637196797131263
-0.2759380207887789,0.4639075587416742
-0.28675155131055635,0.45695708947033303
-0.2873915436654138,0.4568465668708562
-0.283689207239619,0.4594799296678
-0.307912672181842,0.435356762705715
-0.3059926861655136,0.4356883320500566
-0.28507690080223597,0.5229740779512492
-0.2849057864852302,0.46688975913466507
-0.284392443534213,0.29863680268491194
-0.2556573934749949,-0.18903066042781824
-0.2483903539923279,-0.18179371033919256
-0.12639696792091926,-0.4003720651042975
-0.13124166090936387,-0.40519669849671486
-0.1385087003920308,-0.41243364858534043
-0.14335339338047545,-0.4172582819777574
-0.14819808636892,-0.42208291537017456
-0.12497475703846811,-0.4001264583520613
-0.12981945002691272,-0.4049510917444782
-0.13708648950957966,-0.4121880418331039
-0.1419311824980243,-0.41701267522552093
-0.14677587548646895,-0.4218373086179379
-0.12355254479969034,-0.39988085136559587
-0.128397237788135,-0.40470548475801293
-0.13566427727080194,-0.41194243484663834
-0.14050897025924658,-0.41676706823905557
-0.14535366324769117,-0.4215917016314726
-0.12213033323907589,-0.3996352444962449
-0.12697502622752055,-0.404459877888662
-0.13424206571018749,-0.41169682797728735
-0.13908675869863216,-0.4165214613697046
-0.11928591011784712,-0.3991440307575431
-0.12413060310629173,-0.40396866414996013
-0.1313976425889587,-0.4112056142385856
-0.13624233557740328,-0.41603024763100277
-0.14108702856584796,-0.4208548810234197
0.30394886050442316,-0.911906634419629
-0.11871128308517089,-0.4179145222343214
-0.04412414038676867,-0.5050896692697796
0.08946461116563746,-0.661224073103347
0.30394886050442316,-0.911906634419629
-0.04127400810003195,-0.6428881496150318
-0.04412414038676867,-0.5050896692697796
1.7893929838820677,-0.03552977846609497
-0.3288263749039264,0.0666053729345618
-0.3039730848915674,0.06355692715363376
-0.33124872139814865,0.06419305623835338
-0.3063954313857898,0.06114461045742524
-0.3533956416188259,0.29704095793373597
-0.3239816819154817,0.07143000632697888
-0.3271807297352871,0.12449892888987515
-0.3239816819154817,0.07143000632697888
-0.3271807297352871,0.12449892888987515
-0.3319982470089963,0.31834975599205234
-0.2996050892663508,0.21989532041974913
-0.2996050892663508,0.21989532041974913
-0.18290276831515687,0.34249861278705374
-0.2574649573163971,0.24527122525123474
-0.23077016932328662,0.40423688042139827
-0.23077016932328662,0.40423688042139827
-0.33134362165952636,0.18577235744753273
-0.33124248838330467,0.18241439227999154
-0.3309385959978938,0.17233989431564772
-0.33796948612347977,0.15726744739724555
-0.34722023376493844,0.13306653159741724
-0.34627545356688805,0.10172452733332835
-0.3478950214574501,0.15545367744218805
-0.3478950214574501,0.15545367744218805
-0.3292544857827649,0.179760509231793
-0.3478950214574501,0.15545367744218805
-0.3478950214574501,0.15545367744218805
-0.3305082531116918,-0.0880567922548124
-0.3299949101606745,-0.2563097487045655
-0.05068372631754817,-0.2682891171049537
-0.3913150717918567,-0.05106730734766113
-0.3913150717918567,-0.05106730734766113
-0.3913150717918567,-0.05106730734766113
1.5293524218194026,-0.20513542188150952
2.142201765770969,-0.24951459508580517
2.5865078544022553,-0.23711331026543675
0.7614365565744525,-0.15644180854270795
1.8517936750968962,-0.25894556633964005
2.9791414729767056,-0.29714178865560215
2.7611118630302145,-0.3708692149342504
-0.2733919817879946,0.15112443470351228
-0.4307865345394094,-0.014131945768113009
-0.46806646462004303,-0.009559277702391735
-0.3519833282521882,0.040618297386963584
-0.24804842652534942,-0.21003679823367627
-0.2546759698645602,-0.20922387944021723
-0.2622976447046526,-0.20828902282773934
-0.2729017019758396,-0.2069883387660557
-0.27853511449692914,-0.20629735770786964
-0.264719991198875,-0.2107013395239478
-0.2622976447046526,-0.20828902282773934
-0.2598752982104305,-0.20587670613153075
-0.2574529517162081,-0.20346438943532233
-0.25503060522198573,-0.20105207273911374
-0.1293943998856531,0.5052302287850093
-0.18565756903624353,0.02482547361512786
0.2895682543332096,0.4744561427780005
0.2895682543332096,0.4744561427780005
0.2895682543332096,0.4744561427780005
0.2895682543332096,0.4744561427780005
0.30372967467930906,0.4727191279002371
0.30372967467930906,0.4727191279002371
0.30372967467930906,0.4727191279002371
0.30372967467930906,0.4727191279002371
0.31789109455191206,0.4709821216269785
0.31789109455191206,0.4709821216269785
0.31789109455191206,0.4709821216269785
0.31789109455191206,0.4709821216269785
0.33205250701765743,0.4692451162622272
0.33205250701765743,0.4692451162622272
0.33205250701765743,0.4692451162622272
0.33205250701765743,0.4692451162622272
0.3462139293592128,0.4675081096861324
0.3462139293592128,0.4675081096861324
0.3462139293592128,0.4675081096861324
0.3462139293592128,0.4675081096861324
0.2904238259182384,0.19403454869507866
0.2904238259182384,0.19403454869507866
0.2904238259182384,0.19403454869507866
0.2904238259182384,0.19403454869507866
0.3045852462643379,0.19229753381731526
0.3045852462643379,0.19229753381731526
0.3045852462643379,0.19229753381731526
0.3045852462643379,0.19229753381731526
0.3187466661369407,0.1905605275440564
0.3187466661369407,0.1905605275440564
0.3187466661369407,0.1905605275440564
0.3187466661369407,0.1905605275440564
0.3329080786026863,0.1888235221793051
0.3329080786026863,0.1888235221793051
0.3329080786026863,0.1888235221793051
0.3329080786026863,0.1888235221793051
0.3470695009442416,0.18708651560321055
0.3470695009442416,0.18708651560321055
0.3470695009442416,0.18708651560321055
0.3470695009442416,0.18708651560321055
0.2895682543332096,0.4744561427780005
0.2895682543332096,0.4744561427780005
0.2895682543332096,0.4744561427780005
0.2895682543332096,0.4744561427780005
0.30372967467930906,0.4727191279002371
0.30372967467930906,0.4727191279002371
0.30372967467930906,0.4727191279002371
0.30372967467930906,0.4727191279002371
0.31789109455191206,0.4709821216269785
0.31789109455191206,0.4709821216269785
0.31789109455191206,0.4709821216269785
0.31789109455191206,0.4709821216269785
0.33205250701765743,0.4692451162622272
0.33205250701765743,0.4692451162622272
0.33205250701765743,0.4692451162622272
0.33205250701765743,0.4692451162622272
0.3462139293592128,0.4675081096861324
0.3462139293592128,0.4675081096861324
0.3462139293592128,0.4675081096861324
0.3462139293592128,0.4675081096861324
0.2904238259182384,0.19403454869507866
0.2904238259182384,0.19403454869507866
0.2904238259182384,0.19403454869507866
0.2904238259182384,0.19403454869507866
0.3045852462643379,0.19229753381731526
0.3045852462643379,0.19229753381731526
0.3045852462643379,0.19229753381731526
0.3045852462643379,0.19229753381731526
0.3187466661369407,0.1905605275440564
0.3187466661369407,0.1905605275440564
0.3187466661369407,0.1905605275440564
0.3187466661369407,0.1905605275440564
0.3329080786026863,0.1888235221793051
0.3329080786026863,0.1888235221793051
0.3329080786026863,0.1888235221793051
0.3329080786026863,0.1888235221793051
0.3470695009442416,0.18708651560321055
0.3470695009442416,0.18708651560321055
0.3470695009442416,0.18708651560321055
0.3470695009442416,0.18708651560321055
0.2895682543332096,0.4744561427780005
0.2895682543332096,0.4744561427780005
0.2895682543332096,0.4744561427780005
0.2895682543332096,0.4744561427780005
0.30372967467930906,0.4727191279002371
0.30372967467930906,0.4727191279002371
0.30372967467930906,0.4727191279002371
0.30372967467930906,0.4727191279002371
0.31789109455191206,0.4709821216269785
0.31789109455191206,0.4709821216269785
0.31789109455191206,0.4709821216269785
0.31789109455191206,0.4709821216269785
0.33205250701765743,0.4692451162622272
0.33205250701765743,0.4692451162622272
0.33205250701765743,0.4692451162622272
0.33205250701765743,0.4692451162622272
0.3462139293592128,0.4675081096861324
0.3462139293592128,0.4675081096861324
0.3462139293592128,0.4675081096861324
0.3462139293592128,0.4675081096861324
0.2904238259182384,0.19403454869507866
0.2904238259182384,0.19403454869507866
0.2904238259182384,0.19403454869507866
0.2904238259182384,0.19403454869507866
0.3045852462643379,0.19229753381731526
0.3045852462643379,0.19229753381731526
0.3045852462643379,0.19229753381731526
0.3045852462643379,0.19229753381731526
0.3187466661369407,0.1905605275440564
0.3187466661369407,0.1905605275440564
0.3187466661369407,0.1905605275440564
0.3187466661369407,0.1905605275440564
0.3329080786026863,0.1888235221793051
0.3329080786026863,0.1888235221793051
0.3329080786026863,0.1888235221793051
0.3329080786026863,0.1888235221793051
0.3470695009442416,0.18708651560321055
0.3470695009442416,0.18708651560321055
0.3470695009442416,0.18708651560321055
0.3470695009442416,0.18708651560321055
0.2895682543332096,0.4744561427780005
0.2895682535722301,0.47445613432491385
0.2895682543332096,0.4744561427780005
0.30372967467930906,0.4727191279002371
0.30372967467930906,0.4727191279002371
0.30372967467930906,0.4727191279002371
0.31789109455191206,0.4709821216269785
0.317891081963449,0.47098212236986364
0.31789109455191206,0.4709821216269785
0.33205250701765743,0.4692451162622272
0.33205250430500427,0.46924511579376915
0.33205250701765743,0.4692451162622272
0.3462139293592128,0.4675081096861324
0.3462139293592128,0.4675081096861324
0.3462139293592128,0.4675081096861324
0.2904238259182384,0.19403454869507866
0.2904238251572588,0.194034540241992
0.2904238259182384,0.19403454869507866
0.3045852462643379,0.19229753381731526
0.3045852462643379,0.19229753381731526
0.3045852462643379,0.19229753381731526
0.3187466661369407,0.1905605275440564
0.31874665354847775,0.19056052828694187
0.3187466661369407,0.1905605275440564
0.3329080786026863,0.1888235221793051
0.33290807589003313,0.18882352171084724
0.3329080786026863,0.1888235221793051
0.3470695009442416,0.18708651560321055
0.3470695009442416,0.18708651560321055
0.3470695009442416,0.18708651560321055
0.5877672325376802,-0.35395374049073147
-0.31284744502826045,0.15821012503942247
-0.3827483909180445,0.11499818846945904
-0.329748303758026,0.15865021280130956
-0.36106401830608026,0.13529625244830684
0.016333223425846116,-0.7522486531529301
-0.5671267322480616,-0.08848583281562795
-0.37583095265267985,0.249704716869164
-0.37583095265267985,0.249704716869164
-0.3679583265464573,0.25754474613184164
-0.37098625966423526,0.25452935026158097
-0.37583095265267985,0.249704716869164
-0.37098625966423526,0.25452935026158097
-0.37583095265267985,0.249704716869164
-0.20422099367131719,0.2595947198960518
-0.06876638150532687,0.4362244268088456
-0.193445940355443,-0.5226551161251474
1.2395480672082242,-0.10040113869417762
0.4482294811296865,-0.07360868562690977
0.18326569033208626,-0.06469336078045823
0.8442031448534826,-0.08700158862611634
-0.17086909518512852,-0.6435748501668527
-0.20593670379708212,-0.5983454589698347
-0.24100432287045517,-0.5531160542799198
-0.27607193148240877,-0.5078866630829018
-0.31113961593965256,-0.4626571740623813
-0.32165988073882573,-0.4490883796412006
-0.35333307870561353,0.4522914775395979
-0.2440884023162297,0.6252292597295336
-0.23839955645595384,0.626211687578462
-0.22171972781473873,0.6543974992025309
-0.21603088047309127,0.6553799268697577
-0.1993510414618612,0.6835657562428407
-0.2440884023162297,0.6252292597295336
-0.23839955645595384,0.626211687578462
-0.22171972781473873,0.6543974992025309
-0.21603088047309127,0.6553799268697577
-0.21034203475903587,0.6563623542559096
-0.1993510414618612,0.6835657562428407
-0.19366219263884238,0.6845481837283659
-0.22265842620273707,0.6561928454757106
-0.21696957886108967,0.6571752731429374
-0.20028973836848815,0.6853611023343188
-0.19460089102684078,0.6863435300015456
-0.24502709907663614,0.627024606283788
-0.22834727191679252,0.6552104180895584
-0.22265842620273707,0.6561928454757106
-0.21696957886108967,0.6571752731429374
-0.20597858408254358,0.6843786749481667
-0.20028973836848815,0.6853611023343188
-0.19460089102684078,0.6863435300015456
-0.3186505639916071,0.5280019078260144
-0.3129617181313313,0.5289843356749426
-0.3072728709359043,0.5299667628793933
-0.22171972781473873,0.6543974992025309
-0.21603088047309127,0.6553799268697577
-0.21034203475903587,0.6563623542559096
-0.1993510414618612,0.6835657562428407
-0.19366219263884238,0.6845481837283659
-0.18797334692478695,0.6855306111145181
-0.3186505639916071,0.5280019078260144
-0.3129617181313313,0.5289843356749426
-0.3072728709359043,0.5299667628793933
-0.22171972781473873,0.6543974992025309
-0.21603088047309127,0.6553799268697577
-0.21034203475903587,0.6563623542559096
-0.1993510414618612,0.6835657562428407
-0.19366219263884238,0.6845481837283659
-0.18797334692478695,0.6855306111145181
-0.325278108093661,0.5288148267130419
-0.3195892607520135,0.5297972543802688
-0.3139004150379581,0.5307796817664209
-0.22834727191679252,0.6552104180895584
-0.22265842620273707,0.6561928454757106
-0.21696957886108967,0.6571752731429374
-0.20597858408254358,0.6843786749481667
-0.20028973836848815,0.6853611023343188
-0.19460089102684078,0.6863435300015456
-0.12875909306115424,-0.49452296661737255
-0.2064449607113926,-0.571129222712579
-0.1876857951762037,-0.5697789658424085
-0.22060141572755257,-0.17057162205314938
-0.13670263818636214,-0.5525892911805707
-0.3474116609615569,-0.03745715889573517
-0.34248713036590206,0.4333064171949542
-0.341973787414885,0.2650534607452009
-0.35166317339177416,0.2554041939603669
-0.34146044446386764,0.09680050429544794
-0.2884823012470935,0.40517454654836293
-0.23447746059946795,0.37704261679929574
-0.18047262905821018,0.3489107522653925
-0.22911942466000604,0.2136142937419596
-0.2339641176484506,0.20878966034954263
-0.23880881063689532,0.2039650269571256
-0.25529729512664684,0.20510555660659135
-0.2766304529910461,0.20142145406319326
-0.35166317339177416,0.2554041939603669
-0.24365350362533988,0.19914039356470856
-0.17466962871314598,-0.11575491955645563
0.8449475677535745,0.014020082067791177
0.09296601333841228,0.19152242077158277
0.993640194835718,0.14332704753622577
0.2538322222206096,0.04921647442948406
0.07660305898902624,0.06688692264995488
0.07857264029182384,0.1867104532275924
0.22908534880212816,0.050646678539811384
-0.03578595856211183,0.05394616490933434
0.10647650704283797,0.11183162685613911
0.2679757440301592,0.18153347440444692
0.24938532283588868,0.1812924845120025
-0.06298526758626183,0.20458300755693087
0.0755680666558698,0.4823816683651217
0.13089806198541634,1.2258659152522526
0.17030763825642262,1.0421299105860042
0.13642721224188395,1.006353273378332
0.11738533252551982,0.9715315077587406
0.0999634104094572,0.9529595605807851
0.14675798379217983,0.9912892709937718
0.11772253529080301,0.9603376234256218
0.13332040847963858,1.2282782319484609
0.1436942517245509,1.0135902234669574
0.17515233124486726,1.0469545439784211
0.14611659821877324,1.016002540163166
0.11748626343693497,0.9716320207627025
0.10006434132087234,0.9530600735847468
0.14685891470359497,0.9913897839977338
0.11782346620221816,0.9604381364295834
-0.1966818905159875,0.43462418868479835
-0.19364532426999162,0.33388142040736996
-0.19162075803495185,0.2667203145158518
0.06429501043808909,-0.6324264493789604
0.07173316423776181,-0.6812738181069191
-0.33145076269826956,-0.4480307003378304
-0.31084772362458635,-0.24992081325188098
-0.2517612881258741,-0.19373163677510463
-0.19267489094341692,-0.13754248451352616
-0.13358859479644758,-0.08135342964217492
-0.07450240099980598,-0.025164456307690278
-0.015415524469492379,0.031025098966310446
0.04367076351146137,0.08721415544243794
0.1027569443782308,0.14340311162283445
-0.1406996474676499,-0.0825814631026884
0.036559706397148894,0.08598612121462759
-0.12647753595396025,-0.08012539511591975
0.05078182062577385,0.08844218967024835
-0.10694278336000212,-0.05481794598388119
0.07031657494790683,0.1137496391007317
-0.11663216933689137,-0.06446721276871523
0.06062718897101756,0.10410037231589764
-0.15054502025600378,-0.0982396465156345
0.026714338051905172,0.07032793856897832
-0.13401638058896193,0.05885736739928596
0.043242977718946994,0.22742495248389885
-0.13316080900393315,-0.22156422668363593
0.044098549303975804,-0.05299664159902285
7.299547079107044,-1.1830276265332687
7.299889307741057,-1.2951962641664376
7.30023153637507,-1.4073649017996064
7.302412584954186,-1.292683434657981
7.300393962875666,-1.2946936985714885
7.298375340797149,-1.2967039624849954
7.296356719488672,-1.298714225631648
67.56472218424645,-12.385409798849881
16.71636719811749,-3.0295494635997953
8.240422923550549,-1.4700324071142588
3.999920400814789,-0.6898431030618333
1.8752503264774003,-0.29900105408462196
8.240422923550549,-1.4700324071142588
8.240422923550549,-1.4700324071142588
8.240422923550549,-1.4700324071142588
8.240422923550549,-1.4700324071142588
7.630347057480998,-0.6831706535325381
8.443781298302754,-1.7323193393837684
9.257221102721577,-2.781475201033932
10.070651881749598,-3.8306194219436045
8.134836797018934,-1.457081462519407
8.451595561772027,-1.4959343435465624
8.768354840069456,-1.5347872875638509
9.08511424675296,-1.5736402473286732
-0.026260818898401143,-0.6415854357266594
-0.05744817549316391,-0.7526814566913955
0.03676478807253591,-0.6588585847154411
-0.09996280837752479,-0.44018985911822806
-0.19909966543763397,-0.4377059237391003
-0.15008916991699534,-0.39006907362090365
-0.17677936362940427,-0.4729034804186708
-0.17191953279562677,-0.6075298674519295
0.07225232435657229,-0.814765053126095
-0.3082970817208247,0.288554261886795
-0.31191259937508664,0.2705416918055155
-0.311069024986944,0.24255778869075087
-0.3043206647718424,0.018684590247680842
-0.29943285310812845,-0.14923595009968268
-0.17150416647970693,0.7762914161494526
-0.14601361283611922,0.7731648051184914
-0.14601361283611922,0.7731648051184914
-0.3429759217099556,1.1010231680272775
-0.27504864694171244,0.16952950554047408
-0.274879924540242,0.16393272789302926
-0.2747112254377148,0.1583359221734669
-0.27454249820679316,0.1527391449509352
-0.27437379479320534,0.14714236486519566
-0.2742050804449589,0.1415455449446452
-0.27403638148501314,0.13594875105160334
-0.2601516732818713,0.14959843457849384
-0.24592956567288532,0.15205450189094516
-0.23170744412893388,0.15451061865700708
-0.21748533377209567,0.15696663939686392
-0.3406492297477481,0.15527155299143097
0.22269182564799558,0.08617347130120938
0.4215215114950961,0.06178549221906584
0.6617704718712403,0.03231712286970303
-0.32458648674577056,0.1700296172692259
-0.17546673850413225,0.1517389415818528
-0.27197500468105107,-0.20970914018211195
-0.2337266139402662,-0.18166683408761802
-0.2890991051324808,-0.270424897805987
-0.2361453053076249,-0.20987089585695443
-0.21603088047309127,0.6553799268697577
0.394867795917001,1.6997018091125151
0.4083476265892946,1.7463631311429453
0.42037175133198235,1.7707674797230784
0.43657263589002915,1.797709850177619
0.394867795917001,1.6997018091125151
0.4083476265892946,1.7463631311429453
0.3705168014966084,1.7398299888360693
0.4088994276102861,1.755807832221216
0.40873177369967545,1.761406003230907
0.39934518392552937,1.7597849990201737
0.40856319853140877,1.7670029628239508
0.027496464268307475,1.2236434734386255
0.03634237268602624,1.2612767962177172
0.026652986709136996,1.2516275294328831
0.026400066229267164,1.260022892096192
0.02606273143341509,1.2712165808693046
0.025978032329574012,1.2740145324427106
0.025896449357435146,1.2767292793817877
-0.03821993584483533,1.1640492528180084
-0.04790932182172461,1.1543999860331742
-0.11278205949478874,1.0668219504987715
-0.12247144547167797,1.0571726837139372
0.4088994276102861,1.755807832221216
0.39951284148219773,1.754186828640134
0.3924017795669178,1.7529587935832271
0.40873177369967545,1.761406003230907
0.39934518392552937,1.7597849990201737
0.3851230698620183,1.757328930593067
0.3875454163562406,1.7597412472892757
0.3709009528688416,1.7548728616600258
0.39005332000896586,1.7341114045771917
0.39045704442466955,1.7345134573598937
0.3908607688403733,1.7349155101425942
0.39227380429533626,1.7363226948820498
0.392325138590438,1.7194973992370746
0.39071371590017817,1.6503869791350163
0.39111744031588197,1.6507890319177179
0.3345913757083374,1.6501866684659625
0.3130682983105913,1.6344710729762626
0.26002872052577275,1.5529586730403684
-0.2669351448363479,0.233107440943694
-0.0553460582942909,0.4216179513852446
-0.0553460582942909,0.4216179513852446
-0.0553460582942909,0.4216179513852446
-0.0553460582942909,0.4216179513852446
-0.1600519641765089,0.07773277423669805
-0.1668002949337477,0.3016046417143358
-0.16810641761766318,0.3449338230881114
-0.16910896846598925,0.378191768249584
-0.17017438740676138,0.4135403801533693
-0.1718615131842305,0.4695081768972511
-0.1711770559162075,0.24517090163091348
-0.17134817023321325,0.30125522044749786
-0.17169039886722473,0.4134238580806667
-0.1718615131842305,0.4695081768972511
-0.16459447370156355,0.47674512698587673
-0.1670168201957859,0.47433281028966784
-0.16943916669000822,0.47192049359345944
-0.1718615131842305,0.4695081768972511
-0.17428385967845283,0.46709586020104243
-0.19708890059855888,-0.43743181579049467
-0.19708890059855888,-0.43743181579049467
-0.19708890059855888,-0.43743181579049467
-0.19708890059855888,-0.43743181579049467
-0.19708890059855888,-0.43743181579049467
-0.19708890059855888,-0.43743181579049467
1.4348254533931724,-2.498679667758756
1.4703808576962971,-2.4925394761155215
1.5059362619994219,-2.4863992844722858
3.435242364465358,-5.04930938006701
3.506353112036908,-5.037029007320843
3.449776443430691,-5.034835479889758
3.435242364465358,-5.04930938006701
2.4633596964170392,-3.8290171937770006
2.7824753538551485,-4.240605194175803
3.101592104989702,-4.652194605199007
3.3922639864714035,-5.068695429342731
3.406486135985714,-5.066239354793496
3.420708285500024,-5.063783280244263
3.4349304417959834,-5.061327204523881
0.007362407112451513,-0.0696036046879853
0.007362428510038936,-0.06960360731256278
0.007362407112451513,-0.0696036046879853
0.007362407112451513,-0.0696036046879853
0.007362401235036197,-0.06960360570297755
0.01892984160494916,0.6085637735288001
0.03554403843049384,0.7376186280354287
0.0016311875113814418,0.7038461942885091
0.03588626706450535,0.6254499904022598
0.03588626706450535,0.6254499904022598
0.01892984160494916,0.6085637735288001
0.00197341614539296,0.5916775566553406
-0.014983009314163239,0.5747913397818809
-0.15961100260159045,0.5472605408342008
-0.15961100260159045,0.5472605408342008
0.02476371517855753,0.5305655977527323
0.012651982707445959,0.5185040142716898
-0.15961100260159045,0.5472605408342008
-0.15961100260159045,0.5472605408342008
-0.15935433112608186,0.4631340626093243
-0.15935433112608186,0.4631340626093243
-0.3996261480866088,-0.2628981200916928
-0.12211539153892827,-0.23025102952701734
-0.2639472321933947,0.5846880588062338
-0.26066687437453456,0.6024482326122684
-0.05800583694774271,0.5683581357322521
-0.054403062017082525,0.5156912686360489
-0.337645056658376,-0.28555872249164915
-0.3175188128313958,-0.2637927673539619
-0.3081985311178406,-0.2516393333648959
-0.27837367268816093,-0.21274840074091986
-0.3373028280243644,-0.39772736012481785
-0.32444362368005114,-0.3831983550757562
-0.31512334196649594,-0.3710449210866901
-0.28529848353681625,-0.3321539884627142
0.10501648666869456,0.3498762322319842
-0.1418840849157785,-1.1495156188674296
-0.2788666254356386,-0.18833349407729302
-0.1784839471246487,0.2918187992786932
-0.1784839471246487,0.2918187992786932
-0.1784839471246487,0.2918187992786932
-0.1784839471246487,0.2918187992786932
-0.17973361875897262,0.3332765339636885
-0.19933223628318,0.3194735127268493
-0.17942126876779044,0.32291200987638075
-0.11968834092884262,0.3332275056928768
-0.18405681509385866,0.27843281571608797
-0.300479246179257,-0.432420971889493
-0.300479246179257,-0.432420971889493
-0.300479246179257,-0.432420971889493
-0.311276561858341,-0.07422634169424912
-0.30857722395915754,-0.16377617260810742
-0.30594217367929893,-0.2511919302092245
-0.21407788361632127,0.6586899165165933
-0.37899563654542046,0.16507699982259139
-0.13031229375653075,0.4225056374666319
-0.15168473432456836,0.5611807433269539
-0.14744562795967928,0.5654022975453188
-0.16235804287520927,0.5459568498793034
-0.16122027353079693,0.546153335391349
-0.1637802540171832,0.5457112430822489
-0.16173361648181428,0.7144062918411022
-0.16950470325060388,0.5471694839501186
-0.15293584707872124,0.5451371872333916
-0.1614564373729533,0.5539888832015671
-0.16091657445003002,0.5360791371059824
-0.15956698621362086,0.49130464170617766
-0.16122027353079693,0.546153335391349
-0.16115278377263453,0.5439146368663235
-0.3342338767854915,0.39956238383198567
-0.3340921935632985,0.39486103759996083
-0.3338560023160401,0.38702552527891915
-0.33243884652791766,0.3400124962436528
-0.3313253759354802,0.303073809304467
-0.33102169682436433,0.2929995450193251
-0.3338560023160401,0.38702552527891915
-0.33243884652791766,0.3400124962436528
-0.3338560023160401,0.38702552527891915
-0.33243884652791766,0.3400124962436528
-0.3338560023160401,0.38702552527891915
-0.33243884652791766,0.3400124962436528
-0.3338560023160401,0.38702552527891915
-0.33243884652791766,0.3400124962436528
-0.3338560023160401,0.38702552527891915
-0.1673973708060015,0.11432311664611822
-0.33243884652791766,0.3400124962436528
-0.3338560023160401,0.38702552527891915
-0.33243884652791766,0.3400124962436528
-0.3338560023160401,0.38702552527891915
-0.3338560023160401,0.38702552527891915
-0.33243884652791766,0.3400124962436528
-0.33243884652791766,0.3400124962436528
-0.2884529759199093,0.17942861031508986
-0.2884529759199093,0.17942861031508986
-0.2884529759199093,0.17942861031508986
-0.31852166167053436,0.22521847110572735
-0.38377611413680957,-0.32650591575608146
-0.3816328190217851,-0.5626021922930734
-0.3877545509960619,-0.34241717925903825
-0.3839552754257373,-0.18849903594864076
-0.40836237763133165,-0.3850172993591683
-0.4134730414163492,-0.35559959640243854
-0.3696227709519946,-0.415266386131719
-0.28135208325687394,0.20069960875044446
-0.28145301436079984,0.2005990955547691
-0.2815539454647258,0.2004985823590938
-0.2817558076725777,0.20029755596774296
-0.2819576698804296,0.20009652957639232
-0.2821595320882814,0.19989550318504165
-0.2837744297510963,0.19828729205423595
-0.2655905935901497,0.1978631963703716
-0.30016111693480196,0.20927280662953526
-0.3516911171015246,0.20760934686142934
-0.28650529345749226,0.1530242712744715
-0.2870134641384047,0.2996984050283807
-0.28672926889347383,0.1767402349559713
-0.2500948985650269,0.4671269419042102
-0.28717138143081533,0.3514572755260785
-0.3669720578653737,1.0828265595127973
-0.0013047228312030865,0.6842743664326855
0.0016540054267380978,0.6839114558212394
0.004612723399728862,0.6835485464713207
0.007571451657670023,0.6831856358598747
0.010530182486848828,0.6828227249330465
0.013488900459839585,0.6824598155831282
0.016447628717780768,0.682096904971682
0.01940635183324674,0.6817339949909998
-0.22013320884511087,0.13466991288598212
-0.21267701088945096,0.14439267283963722
-0.20522078590168052,0.15411537102019568
-0.19776457988503832,0.1638380970956611
-0.1903083515698529,0.17356084400461863
-0.18285213413771437,0.18328358496562994
-0.2000958391438294,0.2077030393346587
-0.19974819751901296,0.1961702386036982
-0.1994209981738181,0.1853158781455094
-0.19908356493714777,0.17412230793216676
-0.19875020875041402,0.16306276371120262
-0.19807129934846532,0.14054159805913138
-0.19739652726597062,0.11815434986667972
-0.22247995093528797,0.13915828463211108
-0.2295910130811898,0.13793024953537733
-0.23243542229755013,0.1374390862922924
-0.23527985946134763,0.13694782203419353
-0.2367020697033296,0.1367022634868969
-0.24807976136287055,0.1347374086746262
-0.24912756909225725,0.19141277309186525
-0.21598983822204829,0.18734822764368878
-0.1994209981738181,0.1853158781455094
-0.18285213413771437,0.18328358496562994
-0.14971440686418108,0.17921898519947166
-0.11657662871089808,0.1751543836939779
-0.2822652866550982,0.1954773626640244
-0.32547067659294926,-0.38879012975433486
-0.22408199930465683,0.24198407197138508
-0.34090497469622943,-0.23368406227009345
-0.34090497469622943,-0.23368406227009345
-0.34090497469622943,-0.23368406227009345
-0.34090497469622943,-0.23368406227009345
-0.34380452636841313,-0.233328410118718
-0.3322715226005579,-0.3459564397136646
-0.3322715226005579,-0.3459564397136646
-0.3322715226005579,-0.3459564397136646
-0.34044055674722545,-0.3449259046697209
-0.3304992395078056,-0.3461452831335101
-0.3304992395078056,-0.3461452831335101
-0.3304992395078056,-0.3461452831335101
-0.3304992395078056,-0.3461452831335101
-0.3304992395078056,-0.3461452831335101
-0.3656358043340278,0.28683855316026596
-0.12900045421785403,1.0675496264158388
0.6271458848594339,1.7848537056664027
0.5844070197665712,1.747604121903382
0.13005303264153104,-0.0629139882394602
0.14632888664759344,0.05009894092533127
0.14390654015337112,0.04768662422912281
0.14148419365914883,0.04527430753291429
0.1390618471649265,0.04286199083670575
0.14148419365914883,0.04527430753291429
0.1390618471649265,0.04286199083670575
-0.10465897255076824,0.5876976579073895
-0.09051245916019887,0.5832530440390373
-0.08465034978719535,0.5798246136188299
-0.0812106120925584,0.5739838315494901
-0.08261559108913887,0.5633183809531085
-0.07433116633154319,0.562302233002992
-0.06846908510542685,0.5588737679932639
-0.06018462479408662,0.5578576537241603
-0.05330518199581432,0.5461760555410652
0.10308615269030556,0.7478676558262841
-0.4005823115141369,-0.37418373648655806
-0.39282071357356046,-0.3416970808983422
-0.41783509634746,-0.3570035743386412
-0.3889552609121747,-0.2887821759125794
-0.4123803544319691,-0.44256542647266645
-0.4113493033784958,-0.27854286319054633
-0.41920631735511876,-0.4186256051846838
-0.40338377397790887,-0.0982550271256923
-0.33375796643844696,-0.40117856898049076
0.06666449682924079,0.077472070809523
0.6669769088918661,-0.06856226032338138
-0.39552500889629494,0.07346404496417518
-0.39542378386025623,0.07010596833233954
-0.39528881736006166,0.06562853993991294
-0.3952213327584652,0.06338978090856795
-0.39481643280738143,0.049957480786244124
-0.3947152075782714,0.046599397749389655
-0.3938379260349345,0.017496136683685305
-0.3902883858898222,-0.38757322024716717
-0.3902883858898222,-0.38757322024716717
-0.40243538249161853,0.015395719372360107
-0.3902883858898222,-0.38757322024716717
-0.4443581298407826,0.338727626755561
-0.1456639042098955,0.4306583520369526
-0.1456639042098955,0.4306583520369526
-0.1456639042098955,0.4306583520369526
-0.1456639042098955,0.4306583520369526
-0.1459338369871342,0.43961319987869585
-0.1456639042098955,0.4306583520369526
-0.1456639042098955,0.4306583520369526
-0.14575403910849957,0.4336431035174029
-0.14512397836101432,0.41274869325537217
-0.14440427355452654,0.3888688668396949
-0.1456639042098955,0.4306583520369526
-0.1456639042098955,0.4306583520369526
-0.1456639042098955,0.4306583520369526
0.6289698595651572,1.1934954563766542
0.6289698595651572,1.1934954563766542
0.6289698595651572,1.1934954563766542
1.1048622014792404,1.7088108102753794
0.6959152516531346,1.2967059608986207
0.6189298648441917,1.1335232813060727
0.7857589291861313,1.728814365212652
0.7861011578201429,1.6166457275794837
0.7864433864541543,1.5044770899463147
0.786785615088166,1.3923084523131461
1.1059330083001921,1.8223866326480036
1.105832077196266,1.8222861194523274
1.1056975360643797,1.8221521353920165
1.1054283527805626,1.8218840666696259
1.1052264905727107,1.821683040278276
0.2626048948200874,0.1942381933262248
0.2626048948200874,0.1942381933262248
0.25468904036207557,0.1946451003230584
0.25468904036207557,0.1946451003230584
0.13096718783660286,-0.6014063856082771
-0.34743491478398586,0.14753050244620985
-0.3498572612782081,0.14511818575000132
-0.3510684345253194,0.143912027401897
-0.3522796077724305,0.14270586905379284
-0.35470195426665285,0.14029355235758428
-0.3583354740079862,0.1366750773132715
-0.34129158370445895,0.013695918220327351
-0.34157604935022656,0.059859544014832886
-0.34103185955018017,0.09430648771947286
-0.3402935420645506,0.11039283310931292
-0.3400441514101631,0.11420814423407508
-0.33953503673101676,0.12068880409093033
-0.33872071121972225,0.1287307545736648
-0.33872071121972225,0.1287307545736648
-0.33758534104668997,0.13719146295988704
-0.3352390457135323,0.14955780110153946
-0.35209193374256853,0.13604057261456554
-0.3491514688465004,0.09520093568442722
-0.3494936974805119,0.2073695733175959
-0.3493225831635061,0.15128525450101155
-0.3493225831635061,0.15128525450101155
-0.34700588136756705,0.1601229629361329
-0.34700588136756705,0.1601229629361329
-0.3578910340141022,0.13675182926673266
-0.3567282686433551,0.14408482881817336
-0.35512168096650804,0.15199655812407153
-0.35512168096650804,0.15199655812407153
-0.35280497857973836,0.16083426648672303
-0.35280497857973836,0.16083426648672303
-0.36021067084640496,0.13703635043520584
-0.36203324363740863,0.13725990290380888
-0.3592638969631176,0.15250463254288205
-0.2607735772889744,0.28990138885170286
-0.23592028819562796,0.2868529431834986
-0.19449814469400128,0.28177220101488676
-0.15307600867330037,0.2766914597638675
-0.11165387265259959,0.2716107185128483
-0.1944125875354984,0.2537300416065945
-0.15299045151479757,0.2486493003555753
-0.18956789454705378,0.2585546749990116
-0.19199024104127604,0.2561423583028031
-0.1944125875354984,0.2537300416065945
-0.20410197351238765,0.24408077482176047
-0.21379135948927688,0.2344315080369264
-0.18429007356556726,-0.08207740015315125
-0.19155711304823414,-0.08931435024177686
-0.20124649902512348,-0.09896361702661098
-0.28616288055990785,-0.030035227942655448
-0.28616288055990785,-0.030035227942655448
-0.30604551256979506,-0.02759647131791294
-0.28616288055990785,-0.030035227942655448
-0.2873643092657085,-0.1873743287410847
-0.2865436566182731,-0.18737442804948368
-0.2874896431669662,-0.1873743127060026
-0.20522439615304536,-0.17316762902052973
-0.2911384263825813,-0.18737387921212406
-0.28515659786937675,-0.18737458987848252
-0.35276126479073905,-0.2549195291418259
-1.026510498421297,-1.1676718354084559
-0.4934274922587541,-0.6930507999855415
-0.4205687095057398,-0.6767484158284274
-0.42039759518873415,-0.7328327346450119
-0.29910861405019123,-0.668300678785373
-0.2989374997331855,-0.7243849976019572
-0.6329151485382007,-0.8250524594294352
-0.38831979440870573,-0.7297310669582435
-0.0758797988082165,-0.622442401745253
0.23892467332284123,-0.6610555738608161
-0.09345119925246805,-0.28782217673927957
0.07702430771179734,-0.26631373599220187
0.2583030524086353,-0.28964324460576485
0.23892467332284123,-0.6610555738608161
-0.0428391065261112,-0.23741964489461798
0.05963220720357162,-0.2836338239887785
0.22821593325717143,-0.3196057871416925
0.335816093594837,-0.5645653354085625
-0.04162959503225224,-0.23621514141922698
0.020465918198566524,-0.322637943804278
0.28516359424505383,-0.262893919645133
0.335816093594837,-0.5645653354085625
-0.048822229859571444,-0.2433779949272026
0.05976144201580981,-0.28350512427714075
0.21035918559445566,-0.3373885984073373
0.3600425401443781,-0.5404391991845933
-0.35380698238992675,0.5154475304878161
-0.35179080758214704,0.5143972800158854
-0.3491957910497108,0.5064871887823145
-0.34776155803216513,0.49858566390540665
-0.3468682528335801,0.4918752133987958
-0.349774624896363,0.5133470282956247
-0.3487665373724913,0.5128219089676161
-0.34730563125651415,0.5055025824393334
-0.34627642510804124,0.49781204436205684
-0.34561712955194446,0.4912234303273388
-0.3477584525121966,0.5122967902483476
-0.34574225152165405,0.5112464707809197
-0.3454154564727685,0.5045179636129397
-0.34479129545110676,0.497038428806014
-0.3443660245658447,0.4905717283502455
-0.36191663410894775,0.5229021250084618
-0.34372608502785235,0.510196249884509
-0.06446815051623629,-0.07932615140553685
-0.3089796204721361,0.2978657108331643
-0.31915347528584387,0.2877339811692014
-0.32642051476851086,0.28049703108057583
-0.3070417428147323,0.299795564650244
-0.311886435803177,0.29497093125782703
-0.31915347528584387,0.2877339811692014
-0.3627776960686852,0.23997532731756105
-0.38215646802246384,0.2206767937478929
-0.3627776960686852,0.23997532731756105
-0.36762238905712996,0.235150693925144
-0.38215646802246384,0.2206767937478929
-0.3627776960686852,0.23997532731756105
-0.36821754069869495,-0.2705536759359371
-0.1995372421280533,-0.06772005550641205
-0.2567148736183011,0.23933957197516104
-0.2567148736183011,0.23933957197516104
-0.2567148736183011,0.23933957197516104
-0.28820537804319124,0.20797945492445025
-0.28820537804319124,0.20797945492445025
-0.2688266060894127,0.22727798849411837
-0.28820537804319124,0.20797945492445025
-0.27367129907785726,0.22245335510170133
-0.27367129907785726,0.22245335510170133
-0.24944783413563418,0.2465765220637866
-0.2688266060894127,0.22727798849411837
-0.27367129907785726,0.22245335510170133
-0.26155956660674584,0.234514938582744
-0.294477586405017,0.21546475085979352
-0.293802739594787,0.193077602851406
-0.26397786516807475,0.2319685563351463
-0.25719648617739094,0.2640784563260854
-0.2569265551909967,0.2551235880110774
-0.2566566114766732,0.24616871179546101
-0.2565216543272652,0.24169128457956665
-0.25625172494569665,0.23273634305952748
-0.25584680881150024,0.21930413379986896
-0.26795854128261193,0.20724255031882635
-0.26728372469343264,0.18485536402885366
-0.2793954571645443,0.17279378054781108
-0.2199154230568689,0.3126921091750655
-0.2196454765759067,0.3037372610646193
-0.21897066741156235,0.28134998862398564
-0.2185656874362952,0.2679178626116218
-0.2306774199074068,0.25585627913057923
-0.2178908991526704,0.24553063941185424
-0.23000263162378193,0.23346905593081171
-0.16238857106372825,-0.31313320934450073
-0.19552626497485356,-0.3090686181719507
-0.22866401152404417,-0.30500402054294024
-0.2684292484284399,-0.30012651061936346
-0.28379167084412316,-0.314735616175616
-0.2956089926399455,-0.3259734904445304
-0.30151765194832836,-0.33159244445674957
-0.18956831931453746,-0.33898018867421614
-0.21088871978990947,-0.3236777197541728
-0.17775097741675006,-0.3277423168709613
-0.14461323504359055,-0.3318069139877496
-0.1613473422790428,-0.30635235217312345
-0.19448508465220227,-0.30228775505633504
-0.21226032417596835,-0.283613987763977
-0.1731646535601277,-0.31759018405289924
-0.17907329643801662,-0.32320910223155075
-0.14002720158979465,-0.32165474959152096
-0.185790551010762,-0.3289407382570257
-0.269253376812035,-0.2260145008225243
-0.2574184779818413,-0.22746614152637773
-0.24558357668269537,-0.22891778253306702
-0.23374868279040656,-0.23036942263124874
-0.23644785551868963,-0.246294964420861
-0.22461295175059115,-0.2477466057303863
-0.22004509240306452,-0.2564351965228653
-0.20821019851077582,-0.2578868366210469
-0.1939529778758843,-0.25692615760033327
-0.1823948830591795,-0.27189102612311306
-0.24558357668269537,-0.22891778253306702
-0.24558357668269537,-0.22891778253306702
-0.3314506999923349,-0.36621298337890096
-0.3139210373834311,0.06052361912935135
-0.3343091142161232,0.04021995973776823
-0.2962898025646022,0.08382533034301602
-0.29655067721104744,0.10627535950694365
-0.33703361817339483,-0.36602930409486784
-0.2840764914571562,-0.30754796671799955
-0.35024519091166956,-0.04830789871885117
-0.31451368067382635,0.024418980435282067
-0.31655600209846607,0.08527377191254965
-0.3164616335704061,0.10283686871067722
-0.3238744523815533,0.10733372219003354
-0.32403804942131187,0.11276091512466889
-0.3555792111191907,0.061166115303739624
-0.000688147516362161,0.5059296461040521
-0.17698786890058937,0.2927526518553814
-0.18251081991546075,0.29343008396642933
-0.18251081991546075,0.29343008396642933
-0.18251081991546075,0.29343008396642933
-0.18251081991546075,0.29343008396642933
-0.17698786890058937,0.2927526518553814
-0.17698786890058937,0.2927526518553814
-0.18251081991546075,0.29343008396642933
-0.17698786890058937,0.2927526518553814
-0.18251081991546075,0.29343008396642933
-0.30925777514274266,0.1348920349815075
-0.3258266350088301,0.13692433215135694
-0.3341110649418739,0.13794048073628168
-0.34239549487491766,0.1389566293212063
0.7514868206881562,-1.80556122343946
1.258738586521489,-2.4499821675167737
1.404074652004881,-2.658232758330972
1.4182968137261305,-2.655776681673677
1.5778553737951933,-2.8615716251514183
1.4325189754473808,-2.6533206050163836
1.4522096646452427,-2.622004247926758
1.435253239185687,-2.638890464800218
1.4013403882665743,-2.6726628985471366
3.3831583510125403,-5.212546580355017
3.4187137247983164,-5.206406393981932
1.4252367836605775,-2.598464323942872
-0.13733153095301603,0.27697513321608846
-0.13733153095301603,0.27697513321608846
-0.13733153095301603,0.27697513321608846
-0.3005654748088996,0.1440542479732631
-0.3005654748088996,0.1440542479732631
0.5177939858065735,-0.47187567717969897
-0.14228308070628987,-0.5745039780322492
-0.1590376628047998,-0.17622909662131367
-0.45676204087971917,0.21513690351706283
-0.4051648304625037,0.15401102488405996
-0.43696763053241167,0.12233990525777765
-0.4222371281761721,0.03533292686708209
-0.4222371281761721,0.03533292686708209
-0.14470542720051224,-0.5769162947284576
-0.14043879251866895,-0.5761794741204048
-0.1614600092990221,-0.17864141331752212
-0.4015410346960996,0.27012926547515104
-0.4088080741787665,0.2628923153865254
-0.4060434990505327,0.15313599444956527
-0.4609946720837292,-0.0032641402722542135
-0.3970386876514841,0.06042703249611093
-0.46542120340313814,0.053650541248009324
-0.14470542720051224,-0.5769162947284576
-0.15739521797822514,-0.5930656909938644
-0.14934827682791055,-0.16657982983647954
-0.4015410346960996,0.27012926547515104
-0.4427209250978789,0.22911988163960606
-0.41558113107148253,0.1436378532788832
-0.4263409941600725,0.13292254172480403
-0.4222371281761721,0.03533292686708209
-0.3981641689498412,0.059306211286687255
-0.4678435683783976,0.051238206147284984
-0.1427675526232813,-0.5749864439787974
-0.1985751022196588,-0.6340750686945706
-0.18083878125280065,-0.19793994688719024
-0.4112304206729888,0.26047999869031685
-0.41365276716721117,0.2580676819941083
-0.4278446174985335,0.13142514418368856
-0.46071670265324965,0.09868916687943088
-0.39457144032257263,0.06288406411376134
-0.3961276112173319,0.06133433659107398
-0.4193966200129141,0.0994845584759712
-0.14228308070628987,-0.5745039780322492
-0.13801644602444663,-0.5737671574241962
-0.14450358383946588,-0.16175519644406244
-0.41849746015565575,0.2532430486016913
-0.42334215314410045,0.2484184152092742
-0.4060434990505327,0.15313599444956527
-0.4060434990505327,0.15313599444956527
-0.4222371281761721,0.03533292686708209
-0.4222371281761721,0.03533292686708209
-0.17135123863695764,-0.6034517783867513
-0.17677398993200363,-0.6123642245635327
-0.18083878125280065,-0.19793994688719024
-0.43060919262676733,0.24118146512064864
-0.43303153912098974,0.23876914842444022
-0.4016195268715742,0.1575416490395746
-0.43629322360688416,0.12301151978128584
-0.4140994855380821,0.043436875352761216
-0.42251556964140335,0.0350556382970546
-0.42424131300135876,0.09465992508355413
-0.15439481317740145,-0.5865655615132918
-0.17919633642622596,-0.6147765412597412
-0.24139746824974126,-0.25824788883175764
-0.43303153912098974,0.23876914842444022
-0.43303153912098974,0.23876914842444022
-0.4258566061777913,0.13340492408417617
-0.4329908963709991,0.12630017363261167
-0.4420512579208167,0.015600838118484893
-0.14470542720051224,-0.5769162947284576
-0.1452834855071136,-0.5810041075128218
-0.15661531631057743,-0.17381677992510516
-0.4039633811903219,0.2677169487789424
-0.41849746015565575,0.2532430486016913
-0.4181552315216443,0.14107441096852258
-0.4423786964638674,0.11695124400643736
-0.4246594746703945,0.03292061017087359
-0.4416159001299506,0.016034393297413928
-0.41455192702446947,0.1043091918683882
-0.0900561501004648,-0.6619539933273925
-0.12769857749285438,-0.5881045265551925
-0.14651984587890285,-0.5511797220943675
-0.1800182155444532,-0.5016240791535116
-0.1803604441784646,-0.3894554415203429
-0.15726790692555426,-0.3000575789787405
-0.15726790692555426,-0.3000575789787405
-0.16534100556340728,-0.5142550599001069
-0.2283218665648907,-0.5769751467654017
-0.22866409519890218,-0.4648065091322332
-0.19040562858800117,-0.295992984402279
-0.17560953375746327,0.1428076841311111
-0.17076119854148447,0.14765873252882272
-0.17076033855598538,0.14766698876909307
-0.1707684239833659,0.14767836819029906
-0.23368432333753494,-0.2890923659326835
-0.1822952364170319,-0.2245238934910371
-0.26479287495954046,-0.3282732651408294
-0.18238941648172713,-0.3407525403458737
-0.18965645596439404,-0.3479894904344991
-0.18965645596439404,-0.3479894904344991
-0.18965645596439404,-0.3479894904344991
-0.18965645596439404,-0.3479894904344991
-0.18965645596439404,-0.3479894904344991
-0.18965645596439404,-0.3479894904344991
-0.1538577079630846,-0.029157519163297407
-0.15257552784913356,-0.0716931283629073
-0.12859224533611685,0.010694144856175284
-0.12731008105204814,-0.031841446042816086
-0.1467938229551635,-0.1760985910407971
-0.146085249482118,-0.19960518351728712
-0.1470299719154235,-0.16826308559793549
-0.14574779102215593,-0.2107986946629623
-0.1467938229551635,-0.1760985910407971
-0.11024817852538457,0.5922725888307819
-0.1542154645840958,0.570413426912841
-0.17845056243772228,0.5503558373543275
-0.2133557272392836,-0.5277022301980454
-0.08145551904069566,-0.6724886987982451
-0.09841194450025186,-0.6893749156717046
0.04536696700948839,-0.7674755904161864
-0.022498740013942895,-0.6826593161861156
-0.039475064915867185,-0.6233650911113096
-0.07338791583497961,-0.6571375248582288
-0.12428718093340083,-0.5935253381435713
-0.20909922413900373,-0.563685676173731
-0.06087590150234348,-0.6410188294514909
-0.06087590150234348,-0.6410188294514909
-0.0822767380888197,-0.6586725677916723
-0.0906865699285473,-0.5618551040985199
-0.09051545561154153,-0.6179394229151043
-0.03921839344035855,-0.7074915693361861
0.019319353639271192,-0.7077376291854596
0.019319353639271192,-0.7077376291854596
0.09506979346276545,-0.77522342906968
0.09506979346276545,-0.77522342906968
0.04536696700948839,-0.7674755904161864
-0.05643149037542339,-0.6402513079847691
-0.10733075547384463,-0.5766391212701117
-0.19214279867944756,-0.5467994593002714
-0.19214279867944756,-0.5467994593002714
0.028410541549932177,-0.7843618072896459
-0.07338791583497961,-0.6571375248582288
-0.12428718093340083,-0.5935253381435713
-0.2599685374797466,-0.6143443636031417
-0.2599685374797466,-0.6143443636031417
0.062323392469044565,-0.7505893735427266
-0.039475064915867185,-0.6233650911113096
-0.10733075547384463,-0.5766391212701117
-0.1751863732198914,-0.5299132424268117
-0.2430121120201904,-0.597458146729682
0.16639687519055743,-0.8193689568069324
1.1020497475309774,0.0361586670645232
1.1093167870136442,0.04339561715314875
1.1044720940251997,0.03857098376073176
1.0633163833492583,0.05420045545236788
1.1020497475309774,0.0361586670645232
0.45252408331956717,0.0442421812612178
0.4079846108761104,0.07728771685104069
0.4150805360417717,0.1406089857562505
0.41282930386455496,0.08211235024345769
0.4130004181815607,0.026028031426873318
-0.40849411230431154,0.3719903629091111
-0.4093651513481514,0.3710618497827541
-0.3924087258885951,0.3879480666562138
-0.41023619972884684,0.370133273184075
-0.4119783313179989,0.36827623527116277
-0.41385444665844895,0.3662763397148348
-0.4154625924669078,0.36456205035594563
-0.4100004071469549,0.37095214457309067
-0.41063566164974724,0.3708424401704599
-0.4087393801756182,0.37116991589148957
-0.41061030474058396,0.3694387854839072
-0.41061030474058396,0.3694387854839072
-0.3936538795038632,0.3863250017541778
-0.4110941812948012,0.3688046782269573
-0.41061030474058396,0.3694387854839072
-0.41061030474058396,0.3694387854839072
-0.41061030474058396,0.3694387854839072
-0.41061030474058396,0.3694387854839072
-0.3350431060637812,-0.11963794351496279
-0.36088448655729766,0.1620408000493245
-0.3998012924634986,-0.05394526618824742
-0.34160918899938825,0.19710127351855314
-0.2655998276921657,0.6617989204099968
-0.2580699311514191,0.4812741147670682
-0.015404458540048887,0.7224425213430156
-0.016995563007936927,0.9121241115504597
-0.3843797934640005,0.09834250931274177
-0.15326087758944487,-0.36804074178075236
-0.25745766960810534,0.3983652990796239
-0.28437991987964606,-0.21118198667917085
-0.3025727481484559,-0.16844999377421907
-0.30186164185952624,-0.16832719025170775
-0.3004394302989118,-0.16808158338235676
-0.2990172187382974,-0.16783597651300583
-0.29617279561706855,-0.1673447627743039
-0.35156821941529154,-0.1622302989926873
-0.3349993585840683,-0.16426259628091805
-0.3184305002217973,-0.16629489326631283
-0.2687239152591744,-0.1723917854338408
-0.3042839883537484,-0.17073950694791623
-0.3208528467160195,-0.16870720996252137
-0.2623758186964543,0.045070339812529565
-0.2606887554677931,-0.010897575245741404
-0.2591483621290008,-0.061998610847633306
-0.2503373860825932,0.059565430034341046
-0.24673649661980698,-0.05989294770153967
-0.31280102282188255,-0.24761944929383853
-0.2525955482696059,-0.17856847516447427
-0.14226657842058263,0.5381438010049648
-0.14226657842058263,0.5381438010049648
-0.19887459798786808,-0.6921396295462549
-0.31933035075490157,-0.45582134804434876
-0.3523011821396034,-0.39647015357817317
0.3919873335862911,-0.13025007585703668
0.035188140656320505,-0.11868637904318244
-0.036211711942522706,-0.09687599601624189
-0.19318575174541036,-0.6911572020688509
-0.3136415034132541,-0.454838920377122
-0.3469680559545573,-0.39554915668682694
0.39767617406435835,-0.12926764937510632
0.04087698638450432,-0.11770395165459051
-0.030760013446650684,-0.09593452244276188
-0.18180805926049506,-0.6891923471140433
-0.3022638119851433,-0.45287406560481763
-0.33630180222813877,-0.3937071626699052
0.4090538499342745,-0.12730279728960323
0.05225467600983123,-0.11573909719361564
-0.01985661645490665,-0.0940515752958014
-0.1669629323849254,-0.7332985583821355
-0.2874188400919191,-0.49698007704224945
-0.32238504653396527,-0.43505529393899073
0.4238992550510412,-0.17140933395371913
0.06709960717529001,-0.15984505110515548
-0.005630362510552043,-0.13631911379758435
-0.1612740854643044,-0.7323161307876173
-0.2817299927502718,-0.4959976493750225
-0.3170519203489193,-0.4341342970476445
0.4295880950204865,-0.17042690755962447
0.07278845290347385,-0.15886262371656354
-0.00017866401468002378,-0.13537764022410423
-0.1498963936575524,-0.7303512759499241
-0.2703523013221608,-0.4940327946027182
-0.3063856666225008,-0.4322923030307227
0.4409657708904028,-0.16846205547412138
0.08416614252880077,-0.15689776925558854
0.010724732977063974,-0.13349469307714398
-0.11909570027118457,-0.7950366081804003
-0.23955153843351584,-0.5587182165376126
-0.27751085976867534,-0.49293298301424465
0.4717660017281068,-0.23314676271316026
0.11496682621226455,-0.22158308403730914
0.04024139276816531,-0.19548344368826748
-0.1134068533505636,-0.7940541805858825
-0.23386269109186844,-0.5577357888703854
-0.2721777335836295,-0.49201198612289837
0.47745484590959775,-0.23216433668548303
0.12065567194044846,-0.22060065664871725
0.04569309126403734,-0.1945419701147874
-0.10202916154381153,-0.7920893257481889
-0.22248499966375765,-0.5557709340980813
-0.26151147985721085,-0.49016999210597667
0.48883251807609035,-0.2301994841457267
0.13203336156577528,-0.2186358021877423
0.05659648825578136,-0.19265902296782716
-0.18652571413793873,0.019513084709975478
-0.24926016584040472,-0.32085843242786843
-0.1487383700368053,-0.36241721613459255
-0.1487383700368053,-0.36241721613459255
-0.1487383700368053,-0.36241721613459255
-0.08596260529771689,-0.4486731778514899
-0.14963567734745975,-0.5536987687125824
-0.27931898559056173,0.21965413055467722
-0.2138971509699041,0.2997381314753578
-0.1617035556943516,0.36779738486797764
-0.11323819245719377,0.4309951090314271
-0.06477277181510638,0.49419290804959093
-0.012579314311384917,0.562251981790897
0.03588610633070251,0.6254497808090606
0.09404109664545388,0.6982970861471434
-0.27931898559056173,0.21965413055467722
-0.2138971509699041,0.2997381314753578
-0.1617035556943516,0.36779738486797764
-0.11323819245719377,0.4309951090314271
-0.06477277181510638,0.49419290804959093
-0.012579314311384917,0.562251981790897
0.03588610633070251,0.6254497808090606
0.08435171066856463,0.688647819362309
-0.27931898559056173,0.21965413055467722
-0.2138971509699041,0.2997381314753578
-0.1617035556943516,0.36779738486797764
-0.11323819245719377,0.4309951090314271
-0.06477277181510638,0.49419290804959093
-0.012579314311384917,0.562251981790897
0.03588610633070251,0.6254497808090606
0.08435171066856463,0.688647819362309
-0.27931898559056173,0.21965413055467722
-0.23085357642946028,0.282851914601898
-0.1786599811539078,0.35091116799451794
-0.11323819245719377,0.4309951090314271
-0.06477277181510638,0.49419290804959093
-0.012579314311384917,0.562251981790897
0.03588610633070251,0.6254497808090606
0.08435171066856463,0.688647819362309
-0.27931898559056173,0.21965413055467722
-0.2138971509699041,0.2997381314753578
-0.1617035556943516,0.36779738486797764
-0.11323819245719377,0.4309951090314271
-0.06477277181510638,0.49419290804959093
-0.012579314311384917,0.562251981790897
0.03588610633070251,0.6254497808090606
0.08435171066856463,0.688647819362309
-0.27931898559056173,0.21965413055467722
-0.23085357642946028,0.282851914601898
-0.1786599811539078,0.35091116799451794
-0.11323819245719377,0.4309951090314271
-0.06477277181510638,0.49419290804959093
-0.012579314311384917,0.562251981790897
0.03588610633070251,0.6254497808090606
0.08435171066856463,0.688647819362309
-0.27931898559056173,0.21965413055467722
-0.2138971509699041,0.2997381314753578
-0.1617035556943516,0.36779738486797764
-0.11323819245719377,0.4309951090314271
-0.06477277181510638,0.49419290804959093
-0.012579314311384917,0.562251981790897
0.03588610633070251,0.6254497808090606
0.08435171066856463,0.688647819362309
-0.27931898559056173,0.21965413055467722
-0.23085357642946028,0.282851914601898
-0.1786599811539078,0.35091116799451794
-0.11323819245719377,0.4309951090314271
-0.06477277181510638,0.49419290804959093
-0.012579314311384917,0.562251981790897
0.03588610633070251,0.6254497808090606
0.08435171066856463,0.688647819362309
-0.21756488612434646,-0.13006673658208845
-0.2003895088137387,-0.11299245677323272
-0.2002798132106691,-0.11289822224097665
-0.2001700295029482,-0.11280392549795036
-0.10141264249764606,0.01616855633189794
-0.10108357317764308,0.01650020992593245
-0.10091876884225608,0.016666304983548524
-0.1007537652959025,0.016832607132026552
-0.21756488612434646,-0.13006673658208845
-0.2003895088137387,-0.11299245677323272
-0.2002798132106691,-0.11289822224097665
-0.2001700295029482,-0.11280392549795036
-0.10141264249764606,0.01616855633189794
-0.10108357317764308,0.01650020992593245
-0.10091876884225608,0.016666304983548524
-0.1007537652959025,0.016832607132026552
-0.21756488612434646,-0.13006673658208845
-0.2003895088137387,-0.11299245677323272
-0.2002798132106691,-0.11289822224097665
-0.2001700295029482,-0.11280392549795036
-0.10141264249764606,0.01616855633189794
-0.10108357317764308,0.01650020992593245
-0.10091876884225608,0.016666304983548524
-0.1007537652959025,0.016832607132026552
-0.21756488612434646,-0.13006673658208845
-0.2003895088137387,-0.11299245677323272
-0.2002798132106691,-0.11289822224097665
-0.2001700295029482,-0.11280392549795036
-0.10141264249764606,0.01616855633189794
-0.10108357317764308,0.01650020992593245
-0.10091876884225608,0.016666304983548524
-0.1007537652959025,0.016832607132026552
-0.21756488612434646,-0.13006673658208845
-0.2003895088137387,-0.11299245677323272
-0.2002798132106691,-0.11289822224097665
-0.19048064352605898,-0.1031546587131162
-0.10141264249764606,0.01616855633189794
-0.10108357317764308,0.01650020992593245
-0.10091876884225608,0.016666304983548524
-0.1007537652959025,0.016832607132026552
-0.21756488612434646,-0.13006673658208845
-0.2003895088137387,-0.11299245677323272
-0.2002798132106691,-0.11289822224097665
-0.2001700295029482,-0.11280392549795036
-0.10141264249764606,0.01616855633189794
-0.10108357317764308,0.01650020992593245
-0.10091876884225608,0.016666304983548524
-0.1007537652959025,0.016832607132026552
-0.21756488612434646,-0.13006673658208845
-0.2003895088137387,-0.11299245677323272
-0.2002798132106691,-0.11289822224097665
-0.19048064352605898,-0.1031546587131162
-0.10141264249764606,0.01616855633189794
-0.10108357317764308,0.01650020992593245
-0.10091876884225608,0.016666304983548524
-0.1007537652959025,0.016832607132026552
-0.21756488612434646,-0.13006673658208845
-0.2003895088137387,-0.11299245677323272
-0.2002798132106691,-0.11289822224097665
-0.2001700295029482,-0.11280392549795036
-0.10141264249764606,0.01616855633189794
-0.10108357317764308,0.01650020992593245
-0.10091876884225608,0.016666304983548524
-0.1007537652959025,0.016832607132026552
3.280966606957219,-2.2542700698452047
-0.23676094276735749,0.32893418183160295
-0.08691004623602615,-0.3798166978809708
-0.10155285244513813,-0.3982973603602094
-0.14463188517462372,-0.39301338807704855
-0.1809670825879584,-0.4291981385201764
-0.19311229044278677,-0.3498223211116096
-0.22944748785612157,-0.38600707155473735
-0.14463188517462372,-0.39301338807704855
-0.1701611057999085,-0.36008640080525484
-0.20649630321324317,-0.39627115124838275
-0.14481677351842612,-0.3930453171152862
-0.18115197093176083,-0.42923006755841386
-0.21730230464267591,-0.46538291350265854
-0.30938470039301275,-0.46561330167542886
-0.21730230464267591,-0.46538291350265854
-0.2609042951248496,-0.5088043686408676
-0.24283152526796065,-0.43245592623086504
-0.261089183468652,-0.5088362976791053
-0.15311112415169442,0.601156941326649
-0.27975247995178393,-0.36276655078011577
-0.1969081930783338,-0.37292803510141825
-0.19206350008988915,-0.36810340170900113
-0.259041405764469,-0.3653069221632773
-0.21761925738983903,-0.3703876649296002
-0.2862768508313482,-0.36511667669801456
-0.21364899238176546,-0.36562399854438676
-0.20638195289909858,-0.3583870484557612
-0.23833033157715403,-0.36784729354643864
-0.21761925738983903,-0.3703876649296002
-0.21277456440139436,-0.3655630315371831
-0.30530824712754345,-0.36505081278937135
-0.2486858686708114,-0.36657710785485803
-0.21761925738983903,-0.3703876649296002
-0.259041405764469,-0.3653069221632773
-0.24559737105982093,-0.37508424363506426
-0.3028859006333211,-0.36263849609316284
-0.2956188611506543,-0.3554015460045372
-0.259041405764469,-0.3653069221632773
-0.27975247995178393,-0.36276655078011577
-0.310837256725025,-0.36708207353583705
-0.2901080170454414,-0.36149636508853505
-0.295907117225341,-0.3607850611739304
-0.2900183928917613,-0.3831828460867211
-0.259041405764469,-0.3653069221632773
-0.2821748264460063,-0.3651788674763244
-0.27975247995178393,-0.36276655078011577
0.4386473471596492,-0.9742409439641605
0.41926857520587074,-0.9935394775338285
0.35870988820893,-1.0538474194783962
0.45194751214134526,-0.5675121739112939
0.43256874018756664,-0.5868107074809621
0.3720100531906261,-0.64711864942553
0.6621974077104329,-0.8212428417954567
0.6428186357566545,-0.840541375365125
0.5822599487597138,-0.9008493173096923
0.5637190938205313,-0.9148906626296757
0.5443403218667527,-0.9341891961993438
0.48378163486981224,-0.9944971381439116
0.28887115576170214,0.072055918867342
-0.15227684602260386,0.08681539838322444
-0.20477981699933429,-0.583410499361435
-0.217831154397312,-0.15044267584599497
-0.21805385572810687,-0.1430549108405867
-0.16001743196132878,-0.5408428557810179
-0.11525495530617763,-0.49827533141991315
-0.15642904738630609,-0.6457722046520287
-0.16948030019816018,-0.21280449165086016
-0.16970302958498232,-0.20541668601096869
-0.11166658219663779,-0.6032046747047994
-0.06690416280045557,-0.5606370709959176
-0.13225367533623877,-0.6769530494890413
-0.14530493090767213,-0.24398532428394532
-0.1455276154359487,-0.23659757174262597
-0.08749121290614971,-0.6343855073378849
-0.04272874865142201,-0.5918179567275751
-0.32004065512893604,-0.41227070552671063
-0.33255434271160655,0.014903731747264474
-0.3325251906520126,0.024882859782220344
-0.287173956346141,-0.3815836225797423
-0.2543408460290461,-0.3508768441176983
-0.2881291107833536,-0.45342947796765054
-0.30049084944986115,-0.02645101620931764
-0.3003235726686032,-0.016650042933366558
-0.255110463781635,-0.42293837432202047
-0.22213921775756879,-0.39240973963440606
-0.27217333979936,-0.47400886265483677
-0.28445911194687423,-0.04712838075716226
-0.2842227636768987,-0.03741649429116003
-0.23907872627864807,-0.44361573886986505
-0.2060384085497191,-0.4131761912709782
-0.32004065037374557,-0.4122707116598457
-0.3328624844761613,0.013085397221821896
-0.3331998995985241,0.02427897824059472
-0.2904974385567681,-0.38417611736255375
-0.2609542209338063,-0.3560815296525312
-0.2881291107833536,-0.45342947796765054
-0.3009509399890552,-0.02807337540165178
-0.3012883547341935,-0.016879794869414433
-0.25858589406966215,-0.4253348899860273
-0.22904267606947568,-0.3972403027625405
-0.27217333979936,-0.47400886265483677
-0.28499516899373967,-0.04865276010344065
-0.28533258230202824,-0.03745918142441904
-0.24263012307434656,-0.44591427468781625
-0.21308690363731034,-0.4178196893175451
-0.20477981699933429,-0.583410499361435
-0.217831154397312,-0.15044267584599497
-0.21805385572810687,-0.1430549108405867
-0.16001743196132878,-0.5408428557810179
-0.11525495530617763,-0.49827533141991315
-0.15642904738630609,-0.6457722046520287
-0.16948030019816018,-0.21280449165086016
-0.16970302958498232,-0.20541668601096869
-0.11166658219663779,-0.6032046747047994
-0.06690416280045557,-0.5606370709959176
-0.13225367533623877,-0.6769530494890413
-0.14530493090767213,-0.24398532428394532
-0.1455276154359487,-0.23659757174262597
-0.08749121290614971,-0.6343855073378849
-0.04272874865142201,-0.5918179567275751
-0.32004065512893604,-0.41227070552671063
-0.33255434271160655,0.014903731747264474
-0.3325251906520126,0.024882859782220344
-0.287173956346141,-0.3815836225797423
-0.2543408460290461,-0.3508768441176983
-0.2881291107833536,-0.45342947796765054
-0.30049084944986115,-0.02645101620931764
-0.3003235726686032,-0.016650042933366558
-0.255110463781635,-0.42293837432202047
-0.22213921775756879,-0.39240973963440606
-0.27217333979936,-0.47400886265483677
-0.28445911194687423,-0.04712838075716226
-0.2842227636768987,-0.03741649429116003
-0.23907872627864807,-0.44361573886986505
-0.2060384085497191,-0.4131761912709782
-0.32004065037374557,-0.4122707116598457
-0.3328624844761613,0.013085397221821896
-0.3331998995985241,0.02427897824059472
-0.2904974385567681,-0.38417611736255375
-0.2609542209338063,-0.3560815296525312
-0.2881291107833536,-0.45342947796765054
-0.3009509399890552,-0.02807337540165178
-0.3012883547341935,-0.016879794869414433
-0.25858589406966215,-0.4253348899860273
-0.22904267606947568,-0.3972403027625405
-0.27217333979936,-0.47400886265483677
-0.28499516899373967,-0.04865276010344065
-0.28533258230202824,-0.03745918142441904
-0.24263012307434656,-0.44591427468781625
-0.21308690363731034,-0.4178196893175451
-0.20477981699933429,-0.583410499361435
-0.217831154397312,-0.15044267584599497
-0.21805385572810687,-0.1430549108405867
-0.16001743196132878,-0.5408428557810179
-0.11525495530617763,-0.49827533141991315
-0.15642904738630609,-0.6457722046520287
-0.16948030019816018,-0.21280449165086016
-0.16970302958498232,-0.20541668601096869
-0.11166658219663779,-0.6032046747047994
-0.06690416280045557,-0.5606370709959176
-0.13225367533623877,-0.6769530494890413
-0.14530493090767213,-0.24398532428394532
-0.1455276154359487,-0.23659757174262597
-0.08749121290614971,-0.6343855073378849
-0.04272874865142201,-0.5918179567275751
-0.32004065512893604,-0.41227070552671063
-0.33255434271160655,0.014903731747264474
-0.3325251906520126,0.024882859782220344
-0.287173956346141,-0.3815836225797423
-0.2543408460290461,-0.3508768441176983
-0.2881291107833536,-0.45342947796765054
-0.30049084944986115,-0.02645101620931764
-0.3003235726686032,-0.016650042933366558
-0.255110463781635,-0.42293837432202047
-0.22213921775756879,-0.39240973963440606
-0.27217333979936,-0.47400886265483677
-0.28445911194687423,-0.04712838075716226
-0.2842227636768987,-0.03741649429116003
-0.23907872627864807,-0.44361573886986505
-0.2060384085497191,-0.4131761912709782
-0.32004065037374557,-0.4122707116598457
-0.3328624844761613,0.013085397221821896
-0.3331998995985241,0.02427897824059472
-0.2904974385567681,-0.38417611736255375
-0.2609542209338063,-0.3560815296525312
-0.2881291107833536,-0.45342947796765054
-0.3009509399890552,-0.02807337540165178
-0.3012883547341935,-0.016879794869414433
-0.25858589406966215,-0.4253348899860273
-0.22904267606947568,-0.3972403027625405
-0.27217333979936,-0.47400886265483677
-0.28499516899373967,-0.04865276010344065
-0.28533258230202824,-0.03745918142441904
-0.24263012307434656,-0.44591427468781625
-0.21308690363731034,-0.4178196893175451
-0.20477981699933429,-0.583410499361435
-0.217831154397312,-0.15044267584599497
-0.21805385572810687,-0.1430549108405867
-0.16001743196132878,-0.5408428557810179
-0.11525495530617763,-0.49827533141991315
-0.15642904738630609,-0.6457722046520287
-0.16948030019816018,-0.21280449165086016
-0.16970302958498232,-0.20541668601096869
-0.11166658219663779,-0.6032046747047994
-0.06690416280045557,-0.5606370709959176
-0.13225367533623877,-0.6769530494890413
-0.14530493090767213,-0.24398532428394532
-0.1455276154359487,-0.23659757174262597
-0.08749121290614971,-0.6343855073378849
-0.04272874865142201,-0.5918179567275751
-0.32004065512893604,-0.41227070552671063
-0.33255434271160655,0.014903731747264474
-0.3325251906520126,0.024882859782220344
-0.287173956346141,-0.3815836225797423
-0.2543408460290461,-0.3508768441176983
-0.2881291107833536,-0.45342947796765054
-0.30049084944986115,-0.02645101620931764
-0.3003235726686032,-0.016650042933366558
-0.255110463781635,-0.42293837432202047
-0.22213921775756879,-0.39240973963440606
-0.27217333979936,-0.47400886265483677
-0.28445911194687423,-0.04712838075716226
-0.2842227636768987,-0.03741649429116003
-0.23907872627864807,-0.44361573886986505
-0.2060384085497191,-0.4131761912709782
-0.32004065037374557,-0.4122707116598457
-0.3328624844761613,0.013085397221821896
-0.3331998995985241,0.02427897824059472
-0.2904974385567681,-0.38417611736255375
-0.2609542209338063,-0.3560815296525312
-0.2881291107833536,-0.45342947796765054
-0.3009509399890552,-0.02807337540165178
-0.3012883547341935,-0.016879794869414433
-0.25858589406966215,-0.4253348899860273
-0.22904267606947568,-0.3972403027625405
-0.27217333979936,-0.47400886265483677
-0.28499516899373967,-0.04865276010344065
-0.28533258230202824,-0.03745918142441904
-0.24263012307434656,-0.44591427468781625
-0.21308690363731034,-0.4178196893175451
-0.20477981699933429,-0.583410499361435
-0.217831154397312,-0.15044267584599497
-0.21805385572810687,-0.1430549108405867
-0.16001743196132878,-0.5408428557810179
-0.11525495530617763,-0.49827533141991315
-0.15642904738630609,-0.6457722046520287
-0.16948030019816018,-0.21280449165086016
-0.16970302958498232,-0.20541668601096869
-0.11166658219663779,-0.6032046747047994
-0.06690416280045557,-0.5606370709959176
-0.13225367533623877,-0.6769530494890413
-0.14530493090767213,-0.24398532428394532
-0.1455276154359487,-0.23659757174262597
-0.08749121290614971,-0.6343855073378849
-0.04272874865142201,-0.5918179567275751
-0.32004065512893604,-0.41227070552671063
-0.33255434271160655,0.014903731747264474
-0.3325251906520126,0.024882859782220344
-0.287173956346141,-0.3815836225797423
-0.2543408460290461,-0.3508768441176983
-0.2881291107833536,-0.45342947796765054
-0.30049084944986115,-0.02645101620931764
-0.3003235726686032,-0.016650042933366558
-0.255110463781635,-0.42293837432202047
-0.22213921775756879,-0.39240973963440606
-0.27217333979936,-0.47400886265483677
-0.28445911194687423,-0.04712838075716226
-0.2842227636768987,-0.03741649429116003
-0.23907872627864807,-0.44361573886986505
-0.2060384085497191,-0.4131761912709782
-0.32004065037374557,-0.4122707116598457
-0.3328624844761613,0.013085397221821896
-0.3331998995985241,0.02427897824059472
-0.2904974385567681,-0.38417611736255375
-0.2609542209338063,-0.3560815296525312
-0.2881291107833536,-0.45342947796765054
-0.3009509399890552,-0.02807337540165178
-0.3012883547341935,-0.016879794869414433
-0.25858589406966215,-0.4253348899860273
-0.22904267606947568,-0.3972403027625405
-0.27217333979936,-0.47400886265483677
-0.28499516899373967,-0.04865276010344065
-0.28533258230202824,-0.03745918142441904
-0.24263012307434656,-0.44591427468781625
-0.21308690363731034,-0.4178196893175451
-0.20477981699933429,-0.583410499361435
-0.217831154397312,-0.15044267584599497
-0.21805385572810687,-0.1430549108405867
-0.16001743196132878,-0.5408428557810179
-0.11525495530617763,-0.49827533141991315
-0.15642904738630609,-0.6457722046520287
-0.16948030019816018,-0.21280449165086016
-0.16970302958498232,-0.20541668601096869
-0.11166658219663779,-0.6032046747047994
-0.06690416280045557,-0.5606370709959176
-0.13225367533623877,-0.6769530494890413
-0.14530493090767213,-0.24398532428394532
-0.1455276154359487,-0.23659757174262597
-0.08749121290614971,-0.6343855073378849
-0.04272874865142201,-0.5918179567275751
-0.32004065512893604,-0.41227070552671063
-0.33255434271160655,0.014903731747264474
-0.3325251906520126,0.024882859782220344
-0.287173956346141,-0.3815836225797423
-0.2543408460290461,-0.3508768441176983
-0.2881291107833536,-0.45342947796765054
-0.30049084944986115,-0.02645101620931764
-0.3003235726686032,-0.016650042933366558
-0.255110463781635,-0.42293837432202047
-0.22213921775756879,-0.39240973963440606
-0.27217333979936,-0.47400886265483677
-0.28445911194687423,-0.04712838075716226
-0.2842227636768987,-0.03741649429116003
-0.23907872627864807,-0.44361573886986505
-0.2060384085497191,-0.4131761912709782
-0.32004065037374557,-0.4122707116598457
-0.3328624844761613,0.013085397221821896
-0.3331998995985241,0.02427897824059472
-0.2904974385567681,-0.38417611736255375
-0.2609542209338063,-0.3560815296525312
-0.2881291107833536,-0.45342947796765054
-0.3009509399890552,-0.02807337540165178
-0.3012883547341935,-0.016879794869414433
-0.25858589406966215,-0.4253348899860273
-0.22904267606947568,-0.3972403027625405
-0.27217333979936,-0.47400886265483677
-0.28499516899373967,-0.04865276010344065
-0.28533258230202824,-0.03745918142441904
-0.24263012307434656,-0.44591427468781625
-0.21308690363731034,-0.4178196893175451
-0.20477981699933429,-0.583410499361435
-0.217831154397312,-0.15044267584599497
-0.21805385572810687,-0.1430549108405867
-0.16001743196132878,-0.5408428557810179
-0.11525495530617763,-0.49827533141991315
-0.15642904738630609,-0.6457722046520287
-0.16948030019816018,-0.21280449165086016
-0.16970302958498232,-0.20541668601096869
-0.11166658219663779,-0.6032046747047994
-0.06690416280045557,-0.5606370709959176
-0.13225367533623877,-0.6769530494890413
-0.14530493090767213,-0.24398532428394532
-0.1455276154359487,-0.23659757174262597
-0.08749121290614971,-0.6343855073378849
-0.04272874865142201,-0.5918179567275751
-0.32004065512893604,-0.41227070552671063
-0.33255434271160655,0.014903731747264474
-0.3325251906520126,0.024882859782220344
-0.287173956346141,-0.3815836225797423
-0.2543408460290461,-0.3508768441176983
-0.2881291107833536,-0.45342947796765054
-0.30049084944986115,-0.02645101620931764
-0.3003235726686032,-0.016650042933366558
-0.255110463781635,-0.42293837432202047
-0.22213921775756879,-0.39240973963440606
-0.27217333979936,-0.47400886265483677
-0.28445911194687423,-0.04712838075716226
-0.2842227636768987,-0.03741649429116003
-0.23907872627864807,-0.44361573886986505
-0.2060384085497191,-0.4131761912709782
-0.32004065037374557,-0.4122707116598457
-0.3328624844761613,0.013085397221821896
-0.3331998995985241,0.02427897824059472
-0.2904974385567681,-0.38417611736255375
-0.2609542209338063,-0.3560815296525312
-0.2881291107833536,-0.45342947796765054
-0.3009509399890552,-0.02807337540165178
-0.3012883547341935,-0.016879794869414433
-0.25858589406966215,-0.4253348899860273
-0.22904267606947568,-0.3972403027625405
-0.27217333979936,-0.47400886265483677
-0.28499516899373967,-0.04865276010344065
-0.28533258230202824,-0.03745918142441904
-0.24263012307434656,-0.44591427468781625
-0.21308690363731034,-0.4178196893175451
-0.1961603608237511,-0.5819219720447655
-0.20921169012372878,-0.14895414996954942
-0.2094343576626806,-0.14156641988077534
-0.15139797212220635,-0.5393543330234889
-0.106635490878154,-0.49678680486572446
-0.14780958380386564,-0.6442836782438669
-0.16086083460770345,-0.21131596457919713
-0.1610835621994433,-0.2039281601503343
-0.10304714214383075,-0.6017161058568844
-0.058284694294919594,-0.559148544941867
-0.12363420434694096,-0.6754645239893871
-0.1366854673401502,-0.24249679772880103
-0.13690815886119445,-0.23510903505947195
-0.07887174490416696,-0.6328969776638239
-0.03410929207666774,-0.5903294200444209
-0.3143518041312879,-0.41128828418244173
-0.3268384093371731,0.015890840664956475
-0.32678470447960506,0.025874306306547183
-0.28145802438440876,-0.3805965175713021
-0.24860035985663873,-0.34988539759337145
-0.2824402645408959,-0.45244705049024675
-0.29477492178939063,-0.025463904606867746
-0.2945830151383288,-0.015658685246236936
-0.24939453612116452,-0.42195126271957056
-0.21639867051536246,-0.3914183891461555
-0.26648449355690235,-0.4730264351774328
-0.2787432000520361,-0.046141249866906056
-0.27848220614662417,-0.03642513660403039
-0.2333628143838099,-0.44262860797960896
-0.20029785094238073,-0.4121848335705402
-0.31435180888647846,-0.4112882780493069
-0.32717363856874876,0.014067824641365568
-0.32751104533275477,0.025261395628935396
-0.28480859015271315,-0.3831936880077534
-0.2552653666680369,-0.3550991122641907
-0.2824402645408959,-0.45244705049024675
-0.29526209408164267,-0.02709094798210807
-0.29559950831448856,-0.01589736736140116
-0.25289704816224945,-0.4243524625664838
-0.22335382964977077,-0.39625787525452716
-0.26648449355690235,-0.4730264351774328
-0.279306323086327,-0.04767033268389698
-0.27964374634374256,-0.03647674042350886
-0.23694127716693392,-0.44493184726827256
-0.2073980676790248,-0.41683724831663477
-0.1961603608237511,-0.5819219720447655
-0.20921169012372878,-0.14895414996954942
-0.2094343576626806,-0.14156641988077534
-0.15139797212220635,-0.5393543330234889
-0.106635490878154,-0.49678680486572446
-0.14780958380386564,-0.6442836782438669
-0.16086083460770345,-0.21131596457919713
-0.1610835621994433,-0.2039281601503343
-0.10304714214383075,-0.6017161058568844
-0.058284694294919594,-0.559148544941867
-0.12363420434694096,-0.6754645239893871
-0.1366854673401502,-0.24249679772880103
-0.13690815886119445,-0.23510903505947195
-0.07887174490416696,-0.6328969776638239
-0.03410929207666774,-0.5903294200444209
-0.3143518041312879,-0.41128828418244173
-0.3268384093371731,0.015890840664956475
-0.32678470447960506,0.025874306306547183
-0.28145802438440876,-0.3805965175713021
-0.24860035985663873,-0.34988539759337145
-0.2824402645408959,-0.45244705049024675
-0.29477492178939063,-0.025463904606867746
-0.2945830151383288,-0.015658685246236936
-0.24939453612116452,-0.42195126271957056
-0.21639867051536246,-0.3914183891461555
-0.26648449355690235,-0.4730264351774328
-0.2787432000520361,-0.046141249866906056
-0.27848220614662417,-0.03642513660403039
-0.2333628143838099,-0.44262860797960896
-0.20029785094238073,-0.4121848335705402
-0.31435180888647846,-0.4112882780493069
-0.32717363856874876,0.014067824641365568
-0.32751104533275477,0.025261395628935396
-0.28480859015271315,-0.3831936880077534
-0.2552653666680369,-0.3550991122641907
-0.2824402645408959,-0.45244705049024675
-0.29526209408164267,-0.02709094798210807
-0.29559950831448856,-0.01589736736140116
-0.25289704816224945,-0.4243524625664838
-0.22335382964977077,-0.39625787525452716
-0.26648449355690235,-0.4730264351774328
-0.279306323086327,-0.04767033268389698
-0.27964374634374256,-0.03647674042350886
-0.23694127716693392,-0.44493184726827256
-0.2073980676790248,-0.41683724831663477
-0.1961603608237511,-0.5819219720447655
-0.20921169012372878,-0.14895414996954942
-0.2094343576626806,-0.14156641988077534
-0.15139797212220635,-0.5393543330234889
-0.106635490878154,-0.49678680486572446
-0.14780958380386564,-0.6442836782438669
-0.16086083460770345,-0.21131596457919713
-0.1610835621994433,-0.2039281601503343
-0.10304714214383075,-0.6017161058568844
-0.058284694294919594,-0.559148544941867
-0.12363420434694096,-0.6754645239893871
-0.1366854673401502,-0.24249679772880103
-0.13690815886119445,-0.23510903505947195
-0.07887174490416696,-0.6328969776638239
-0.03410929207666774,-0.5903294200444209
-0.3143518041312879,-0.41128828418244173
-0.3268384093371731,0.015890840664956475
-0.32678470447960506,0.025874306306547183
-0.28145802438440876,-0.3805965175713021
-0.24860035985663873,-0.34988539759337145
-0.2824402645408959,-0.45244705049024675
-0.29477492178939063,-0.025463904606867746
-0.2945830151383288,-0.015658685246236936
-0.24939453612116452,-0.42195126271957056
-0.21639867051536246,-0.3914183891461555
-0.26648449355690235,-0.4730264351774328
-0.2787432000520361,-0.046141249866906056
-0.27848220614662417,-0.03642513660403039
-0.2333628143838099,-0.44262860797960896
-0.20029785094238073,-0.4121848335705402
-0.31435180888647846,-0.4112882780493069
-0.32717363856874876,0.014067824641365568
-0.32751104533275477,0.025261395628935396
-0.28480859015271315,-0.3831936880077534
-0.2552653666680369,-0.3550991122641907
-0.2824402645408959,-0.45244705049024675
-0.29526209408164267,-0.02709094798210807
-0.29559950831448856,-0.01589736736140116
-0.25289704816224945,-0.4243524625664838
-0.22335382964977077,-0.39625787525452716
-0.26648449355690235,-0.4730264351774328
-0.279306323086327,-0.04767033268389698
-0.27964374634374256,-0.03647674042350886
-0.23694127716693392,-0.44493184726827256
-0.2073980676790248,-0.41683724831663477
-0.1961603608237511,-0.5819219720447655
-0.20921169012372878,-0.14895414996954942
-0.2094343576626806,-0.14156641988077534
-0.15139797212220635,-0.5393543330234889
-0.106635490878154,-0.49678680486572446
-0.14780958380386564,-0.6442836782438669
-0.16086083460770345,-0.21131596457919713
-0.1610835621994433,-0.2039281601503343
-0.10304714214383075,-0.6017161058568844
-0.058284694294919594,-0.559148544941867
-0.12363420434694096,-0.6754645239893871
-0.1366854673401502,-0.24249679772880103
-0.13690815886119445,-0.23510903505947195
-0.07887174490416696,-0.6328969776638239
-0.03410929207666774,-0.5903294200444209
-0.3143518041312879,-0.41128828418244173
-0.3268384093371731,0.015890840664956475
-0.32678470447960506,0.025874306306547183
-0.28145802438440876,-0.3805965175713021
-0.24860035985663873,-0.34988539759337145
-0.2824402645408959,-0.45244705049024675
-0.29477492178939063,-0.025463904606867746
-0.2945830151383288,-0.015658685246236936
-0.24939453612116452,-0.42195126271957056
-0.21639867051536246,-0.3914183891461555
-0.26648449355690235,-0.4730264351774328
-0.2787432000520361,-0.046141249866906056
-0.27848220614662417,-0.03642513660403039
-0.2333628143838099,-0.44262860797960896
-0.20029785094238073,-0.4121848335705402
-0.31435180888647846,-0.4112882780493069
-0.32717363856874876,0.014067824641365568
-0.32751104533275477,0.025261395628935396
-0.28480859015271315,-0.3831936880077534
-0.2552653666680369,-0.3550991122641907
-0.2824402645408959,-0.45244705049024675
-0.29526209408164267,-0.02709094798210807
-0.29559950831448856,-0.01589736736140116
-0.25289704816224945,-0.4243524625664838
-0.22335382964977077,-0.39625787525452716
-0.26648449355690235,-0.4730264351774328
-0.279306323086327,-0.04767033268389698
-0.27964374634374256,-0.03647674042350886
-0.23694127716693392,-0.44493184726827256
-0.2073980676790248,-0.41683724831663477
-0.1961603608237511,-0.5819219720447655
-0.20921169012372878,-0.14895414996954942
-0.2094343576626806,-0.14156641988077534
-0.15139797212220635,-0.5393543330234889
-0.106635490878154,-0.49678680486572446
-0.14780958380386564,-0.6442836782438669
-0.16086083460770345,-0.21131596457919713
-0.1610835621994433,-0.2039281601503343
-0.10304714214383075,-0.6017161058568844
-0.058284694294919594,-0.559148544941867
-0.12363420434694096,-0.6754645239893871
-0.1366854673401502,-0.24249679772880103
-0.13690815886119445,-0.23510903505947195
-0.07887174490416696,-0.6328969776638239
-0.03410929207666774,-0.5903294200444209
-0.3143518041312879,-0.41128828418244173
-0.3268384093371731,0.015890840664956475
-0.32678470447960506,0.025874306306547183
-0.28145802438440876,-0.3805965175713021
-0.24860035985663873,-0.34988539759337145
-0.2824402645408959,-0.45244705049024675
-0.29477492178939063,-0.025463904606867746
-0.2945830151383288,-0.015658685246236936
-0.24939453612116452,-0.42195126271957056
-0.21639867051536246,-0.3914183891461555
-0.26648449355690235,-0.4730264351774328
-0.2787432000520361,-0.046141249866906056
-0.27848220614662417,-0.03642513660403039
-0.2333628143838099,-0.44262860797960896
-0.20029785094238073,-0.4121848335705402
-0.31435180888647846,-0.4112882780493069
-0.32717363856874876,0.014067824641365568
-0.32751104533275477,0.025261395628935396
-0.28480859015271315,-0.3831936880077534
-0.2552653666680369,-0.3550991122641907
-0.2824402645408959,-0.45244705049024675
-0.29526209408164267,-0.02709094798210807
-0.29559950831448856,-0.01589736736140116
-0.25289704816224945,-0.4243524625664838
-0.22335382964977077,-0.39625787525452716
-0.26648449355690235,-0.4730264351774328
-0.279306323086327,-0.04767033268389698
-0.27964374634374256,-0.03647674042350886
-0.23694127716693392,-0.44493184726827256
-0.2073980676790248,-0.41683724831663477
-0.1961603608237511,-0.5819219720447655
-0.20921169012372878,-0.14895414996954942
-0.2094343576626806,-0.14156641988077534
-0.15139797212220635,-0.5393543330234889
-0.106635490878154,-0.49678680486572446
-0.14780958380386564,-0.6442836782438669
-0.16086083460770345,-0.21131596457919713
-0.1610835621994433,-0.2039281601503343
-0.10304714214383075,-0.6017161058568844
-0.058284694294919594,-0.559148544941867
-0.12363420434694096,-0.6754645239893871
-0.1366854673401502,-0.24249679772880103
-0.13690815886119445,-0.23510903505947195
-0.07887174490416696,-0.6328969776638239
-0.03410929207666774,-0.5903294200444209
-0.3143518041312879,-0.41128828418244173
-0.3268384093371731,0.015890840664956475
-0.32678470447960506,0.025874306306547183
-0.28145802438440876,-0.3805965175713021
-0.24860035985663873,-0.34988539759337145
-0.2824402645408959,-0.45244705049024675
-0.29477492178939063,-0.025463904606867746
-0.2945830151383288,-0.015658685246236936
-0.24939453612116452,-0.42195126271957056
-0.21639867051536246,-0.3914183891461555
-0.26648449355690235,-0.4730264351774328
-0.2787432000520361,-0.046141249866906056
-0.27848220614662417,-0.03642513660403039
-0.2333628143838099,-0.44262860797960896
-0.20029785094238073,-0.4121848335705402
-0.31435180888647846,-0.4112882780493069
-0.32717363856874876,0.014067824641365568
-0.32751104533275477,0.025261395628935396
-0.28480859015271315,-0.3831936880077534
-0.2552653666680369,-0.3550991122641907
-0.2824402645408959,-0.45244705049024675
-0.29526209408164267,-0.02709094798210807
-0.29559950831448856,-0.01589736736140116
-0.25289704816224945,-0.4243524625664838
-0.22335382964977077,-0.39625787525452716
-0.26648449355690235,-0.4730264351774328
-0.279306323086327,-0.04767033268389698
-0.27964374634374256,-0.03647674042350886
-0.23694127716693392,-0.44493184726827256
-0.2073980676790248,-0.41683724831663477
-0.1961603608237511,-0.5819219720447655
-0.20921169012372878,-0.14895414996954942
-0.2094343576626806,-0.14156641988077534
-0.15139797212220635,-0.5393543330234889
-0.106635490878154,-0.49678680486572446
-0.14780958380386564,-0.6442836782438669
-0.16086083460770345,-0.21131596457919713
-0.1610835621994433,-0.2039281601503343
-0.10304714214383075,-0.6017161058568844
-0.058284694294919594,-0.559148544941867
-0.12363420434694096,-0.6754645239893871
-0.1366854673401502,-0.24249679772880103
-0.13690815886119445,-0.23510903505947195
-0.07887174490416696,-0.6328969776638239
-0.03410929207666774,-0.5903294200444209
-0.3143518041312879,-0.41128828418244173
-0.3268384093371731,0.015890840664956475
-0.32678470447960506,0.025874306306547183
-0.28145802438440876,-0.3805965175713021
-0.24860035985663873,-0.34988539759337145
-0.2824402645408959,-0.45244705049024675
-0.29477492178939063,-0.025463904606867746
-0.2945830151383288,-0.015658685246236936
-0.24939453612116452,-0.42195126271957056
-0.21639867051536246,-0.3914183891461555
-0.26648449355690235,-0.4730264351774328
-0.2787432000520361,-0.046141249866906056
-0.27848220614662417,-0.03642513660403039
-0.2333628143838099,-0.44262860797960896
-0.20029785094238073,-0.4121848335705402
-0.31435180888647846,-0.4112882780493069
-0.32717363856874876,0.014067824641365568
-0.32751104533275477,0.025261395628935396
-0.28480859015271315,-0.3831936880077534
-0.2552653666680369,-0.3550991122641907
-0.2824402645408959,-0.45244705049024675
-0.29526209408164267,-0.02709094798210807
-0.29559950831448856,-0.01589736736140116
-0.25289704816224945,-0.4243524625664838
-0.22335382964977077,-0.39625787525452716
-0.26648449355690235,-0.4730264351774328
-0.279306323086327,-0.04767033268389698
-0.27964374634374256,-0.03647674042350886
-0.23694127716693392,-0.44493184726827256
-0.2073980676790248,-0.41683724831663477
-0.17892143264162513,-0.5789449190527697
-0.19197273311679472,-0.1459771351819488
-0.19219545741307312,-0.13858933151443564
-0.1341590106808116,-0.5363773151169716
-0.08939659062854642,-0.4938097164993848
-0.13057065562173964,-0.6413066252518713
-0.14362190813738662,-0.2083389118828201
-0.14384459407704936,-0.20095115768678326
-0.08580818570140347,-0.5987390918178428
-0.041045727292522705,-0.5561715426717324
-0.10639527616481498,-0.6724874709973914
-0.11944653972153041,-0.23951974498367803
-0.11966922327187483,-0.23213199227347608
-0.06163282172000795,-0.6299199280376175
-0.016870356487348154,-0.5873523772584252
-0.302974116401563,-0.4093234230944992
-0.31540654326732315,0.01786505105250404
-0.3153035180611892,0.02785693284360924
-0.270026157599097,-0.37862230706019884
-0.23711916335125266,-0.3479027632599471
-0.27106257205598056,-0.4504821955354391
-0.28334305571954066,-0.02348969421932015
-0.2831018947995237,-0.013675976679750726
-0.23796267005131447,-0.41997705233202315
-0.20491753965729703,-0.3894356733408647
-0.25510680107198697,-0.47106158022262534
-0.26731131319983026,-0.04416706523761875
-0.26700109108607534,-0.03444242122977113
-0.22193092753160407,-0.44065442335032157
-0.18881673572770383,-0.410202118169664
-0.302974116401563,-0.4093234230944992
-0.3157959460418518,0.01603267960342316
-0.31613335249334495,0.027226250644961914
-0.2734309001224586,-0.38122883498095245
-0.24388767382862714,-0.35313425724816416
-0.27106257205598056,-0.4504821955354391
-0.28388440155474565,-0.025126093020050495
-0.2842218102443691,-0.013932519091823045
-0.24151935563535243,-0.42238760760442623
-0.21197613157965123,-0.3942930269849491
-0.25510680107198697,-0.47106158022262534
-0.26792863055943017,-0.045705477721839395
-0.26826604304291335,-0.034511898900379166
-0.22556358464003695,-0.442966992306215
-0.1960203643781956,-0.4148724067935051
-0.17892143264162513,-0.5789449190527697
-0.19197273311679472,-0.1459771351819488
-0.19219545741307312,-0.13858933151443564
-0.1341590106808116,-0.5363773151169716
-0.08939659062854642,-0.4938097164993848
-0.13057065562173964,-0.6413066252518713
-0.14362190813738662,-0.2083389118828201
-0.14384459407704936,-0.20095115768678326
-0.08580818570140347,-0.5987390918178428
-0.041045727292522705,-0.5561715426717324
-0.10639527616481498,-0.6724874709973914
-0.11944653972153041,-0.23951974498367803
-0.11966922327187483,-0.23213199227347608
-0.06163282172000795,-0.6299199280376175
-0.016870356487348154,-0.5873523772584252
-0.302974116401563,-0.4093234230944992
-0.31540654326732315,0.01786505105250404
-0.3153035180611892,0.02785693284360924
-0.270026157599097,-0.37862230706019884
-0.23711916335125266,-0.3479027632599471
-0.27106257205598056,-0.4504821955354391
-0.28334305571954066,-0.02348969421932015
-0.2831018947995237,-0.013675976679750726
-0.23796267005131447,-0.41997705233202315
-0.20491753965729703,-0.3894356733408647
-0.25510680107198697,-0.47106158022262534
-0.26731131319983026,-0.04416706523761875
-0.26700109108607534,-0.03444242122977113
-0.22193092753160407,-0.44065442335032157
-0.18881673572770383,-0.410202118169664
-0.302974116401563,-0.4093234230944992
-0.3157959460418518,0.01603267960342316
-0.31613335249334495,0.027226250644961914
-0.2734309001224586,-0.38122883498095245
-0.24388767382862714,-0.35313425724816416
-0.27106257205598056,-0.4504821955354391
-0.28388440155474565,-0.025126093020050495
-0.2842218102443691,-0.013932519091823045
-0.24151935563535243,-0.42238760760442623
-0.21197613157965123,-0.3942930269849491
-0.25510680107198697,-0.47106158022262534
-0.26792863055943017,-0.045705477721839395
-0.26826604304291335,-0.034511898900379166
-0.22556358464003695,-0.442966992306215
-0.1960203643781956,-0.4148724067935051
-0.17892143264162513,-0.5789449190527697
-0.19197273311679472,-0.1459771351819488
-0.19219545741307312,-0.13858933151443564
-0.1341590106808116,-0.5363773151169716
-0.08939659062854642,-0.4938097164993848
-0.13057065562173964,-0.6413066252518713
-0.14362190813738662,-0.2083389118828201
-0.14384459407704936,-0.20095115768678326
-0.08580818570140347,-0.5987390918178428
-0.041045727292522705,-0.5561715426717324
-0.10639527616481498,-0.6724874709973914
-0.11944653972153041,-0.23951974498367803
-0.11966922327187483,-0.23213199227347608
-0.06163282172000795,-0.6299199280376175
-0.016870356487348154,-0.5873523772584252
-0.302974116401563,-0.4093234230944992
-0.31540654326732315,0.01786505105250404
-0.3153035180611892,0.02785693284360924
-0.270026157599097,-0.37862230706019884
-0.23711916335125266,-0.3479027632599471
-0.27106257205598056,-0.4504821955354391
-0.28334305571954066,-0.02348969421932015
-0.2831018947995237,-0.013675976679750726
-0.23796267005131447,-0.41997705233202315
-0.20491753965729703,-0.3894356733408647
-0.25510680107198697,-0.47106158022262534
-0.26731131319983026,-0.04416706523761875
-0.26700109108607534,-0.03444242122977113
-0.22193092753160407,-0.44065442335032157
-0.18881673572770383,-0.410202118169664
-0.302974116401563,-0.4093234230944992
-0.3157959460418518,0.01603267960342316
-0.31613335249334495,0.027226250644961914
-0.2734309001224586,-0.38122883498095245
-0.24388767382862714,-0.35313425724816416
-0.27106257205598056,-0.4504821955354391
-0.28388440155474565,-0.025126093020050495
-0.2842218102443691,-0.013932519091823045
-0.24151935563535243,-0.42238760760442623
-0.21197613157965123,-0.3942930269849491
-0.25510680107198697,-0.47106158022262534
-0.26792863055943017,-0.045705477721839395
-0.26826604304291335,-0.034511898900379166
-0.22556358464003695,-0.442966992306215
-0.1960203643781956,-0.4148724067935051
-0.17892143264162513,-0.5789449190527697
-0.19197273311679472,-0.1459771351819488
-0.19219545741307312,-0.13858933151443564
-0.1341590106808116,-0.5363773151169716
-0.08939659062854642,-0.4938097164993848
-0.13057065562173964,-0.6413066252518713
-0.14362190813738662,-0.2083389118828201
-0.14384459407704936,-0.20095115768678326
-0.08580818570140347,-0.5987390918178428
-0.041045727292522705,-0.5561715426717324
-0.10639527616481498,-0.6724874709973914
-0.11944653972153041,-0.23951974498367803
-0.11966922327187483,-0.23213199227347608
-0.06163282172000795,-0.6299199280376175
-0.016870356487348154,-0.5873523772584252
-0.302974116401563,-0.4093234230944992
-0.31540654326732315,0.01786505105250404
-0.3153035180611892,0.02785693284360924
-0.270026157599097,-0.37862230706019884
-0.23711916335125266,-0.3479027632599471
-0.27106257205598056,-0.4504821955354391
-0.28334305571954066,-0.02348969421932015
-0.2831018947995237,-0.013675976679750726
-0.23796267005131447,-0.41997705233202315
-0.20491753965729703,-0.3894356733408647
-0.25510680107198697,-0.47106158022262534
-0.26731131319983026,-0.04416706523761875
-0.26700109108607534,-0.03444242122977113
-0.22193092753160407,-0.44065442335032157
-0.18881673572770383,-0.410202118169664
-0.302974116401563,-0.4093234230944992
-0.3157959460418518,0.01603267960342316
-0.31613335249334495,0.027226250644961914
-0.2734309001224586,-0.38122883498095245
-0.24388767382862714,-0.35313425724816416
-0.27106257205598056,-0.4504821955354391
-0.28388440155474565,-0.025126093020050495
-0.2842218102443691,-0.013932519091823045
-0.24151935563535243,-0.42238760760442623
-0.21197613157965123,-0.3942930269849491
-0.25510680107198697,-0.47106158022262534
-0.26792863055943017,-0.045705477721839395
-0.26826604304291335,-0.034511898900379166
-0.22556358464003695,-0.442966992306215
-0.1960203643781956,-0.4148724067935051
-0.17892143264162513,-0.5789449190527697
-0.19197273311679472,-0.1459771351819488
-0.19219545741307312,-0.13858933151443564
-0.1341590106808116,-0.5363773151169716
-0.08939659062854642,-0.4938097164993848
-0.13057065562173964,-0.6413066252518713
-0.14362190813738662,-0.2083389118828201
-0.14384459407704936,-0.20095115768678326
-0.08580818570140347,-0.5987390918178428
-0.041045727292522705,-0.5561715426717324
-0.10639527616481498,-0.6724874709973914
-0.11944653972153041,-0.23951974498367803
-0.11966922327187483,-0.23213199227347608
-0.06163282172000795,-0.6299199280376175
-0.016870356487348154,-0.5873523772584252
-0.302974116401563,-0.4093234230944992
-0.31540654326732315,0.01786505105250404
-0.3153035180611892,0.02785693284360924
-0.270026157599097,-0.37862230706019884
-0.23711916335125266,-0.3479027632599471
-0.27106257205598056,-0.4504821955354391
-0.28334305571954066,-0.02348969421932015
-0.2831018947995237,-0.013675976679750726
-0.23796267005131447,-0.41997705233202315
-0.20491753965729703,-0.3894356733408647
-0.25510680107198697,-0.47106158022262534
-0.26731131319983026,-0.04416706523761875
-0.26700109108607534,-0.03444242122977113
-0.22193092753160407,-0.44065442335032157
-0.18881673572770383,-0.410202118169664
-0.302974116401563,-0.4093234230944992
-0.3157959460418518,0.01603267960342316
-0.31613335249334495,0.027226250644961914
-0.2734309001224586,-0.38122883498095245
-0.24388767382862714,-0.35313425724816416
-0.27106257205598056,-0.4504821955354391
-0.28388440155474565,-0.025126093020050495
-0.2842218102443691,-0.013932519091823045
-0.24151935563535243,-0.42238760760442623
-0.21197613157965123,-0.3942930269849491
-0.25510680107198697,-0.47106158022262534
-0.26792863055943017,-0.045705477721839395
-0.26826604304291335,-0.034511898900379166
-0.22556358464003695,-0.442966992306215
-0.1960203643781956,-0.4148724067935051
-0.17892143264162513,-0.5789449190527697
-0.19197273311679472,-0.1459771351819488
-0.19219545741307312,-0.13858933151443564
-0.1341590106808116,-0.5363773151169716
-0.08939659062854642,-0.4938097164993848
-0.13057065562173964,-0.6413066252518713
-0.14362190813738662,-0.2083389118828201
-0.14384459407704936,-0.20095115768678326
-0.08580818570140347,-0.5987390918178428
-0.041045727292522705,-0.5561715426717324
-0.10639527616481498,-0.6724874709973914
-0.11944653972153041,-0.23951974498367803
-0.11966922327187483,-0.23213199227347608
-0.06163282172000795,-0.6299199280376175
-0.016870356487348154,-0.5873523772584252
-0.302974116401563,-0.4093234230944992
-0.31540654326732315,0.01786505105250404
-0.3153035180611892,0.02785693284360924
-0.270026157599097,-0.37862230706019884
-0.23711916335125266,-0.3479027632599471
-0.27106257205598056,-0.4504821955354391
-0.28334305571954066,-0.02348969421932015
-0.2831018947995237,-0.013675976679750726
-0.23796267005131447,-0.41997705233202315
-0.20491753965729703,-0.3894356733408647
-0.25510680107198697,-0.47106158022262534
-0.26731131319983026,-0.04416706523761875
-0.26700109108607534,-0.03444242122977113
-0.22193092753160407,-0.44065442335032157
-0.18881673572770383,-0.410202118169664
-0.302974116401563,-0.4093234230944992
-0.3157959460418518,0.01603267960342316
-0.31613335249334495,0.027226250644961914
-0.2734309001224586,-0.38122883498095245
-0.24388767382862714,-0.35313425724816416
-0.27106257205598056,-0.4504821955354391
-0.28388440155474565,-0.025126093020050495
-0.2842218102443691,-0.013932519091823045
-0.24151935563535243,-0.42238760760442623
-0.21197613157965123,-0.3942930269849491
-0.25510680107198697,-0.47106158022262534
-0.26792863055943017,-0.045705477721839395
-0.26826604304291335,-0.034511898900379166
-0.22556358464003695,-0.442966992306215
-0.1960203643781956,-0.4148724067935051
-0.17892143264162513,-0.5789449190527697
-0.19197273311679472,-0.1459771351819488
-0.19219545741307312,-0.13858933151443564
-0.1341590106808116,-0.5363773151169716
-0.08939659062854642,-0.4938097164993848
-0.13057065562173964,-0.6413066252518713
-0.14362190813738662,-0.2083389118828201
-0.14384459407704936,-0.20095115768678326
-0.08580818570140347,-0.5987390918178428
-0.041045727292522705,-0.5561715426717324
-0.10639527616481498,-0.6724874709973914
-0.11944653972153041,-0.23951974498367803
-0.11966922327187483,-0.23213199227347608
-0.06163282172000795,-0.6299199280376175
-0.016870356487348154,-0.5873523772584252
-0.302974116401563,-0.4093234230944992
-0.31540654326732315,0.01786505105250404
-0.3153035180611892,0.02785693284360924
-0.270026157599097,-0.37862230706019884
-0.23711916335125266,-0.3479027632599471
-0.27106257205598056,-0.4504821955354391
-0.28334305571954066,-0.02348969421932015
-0.2831018947995237,-0.013675976679750726
-0.23796267005131447,-0.41997705233202315
-0.20491753965729703,-0.3894356733408647
-0.25510680107198697,-0.47106158022262534
-0.26731131319983026,-0.04416706523761875
-0.26700109108607534,-0.03444242122977113
-0.22193092753160407,-0.44065442335032157
-0.18881673572770383,-0.410202118169664
-0.302974116401563,-0.4093234230944992
-0.3157959460418518,0.01603267960342316
-0.31613335249334495,0.027226250644961914
-0.2734309001224586,-0.38122883498095245
-0.24388767382862714,-0.35313425724816416
-0.27106257205598056,-0.4504821955354391
-0.28388440155474565,-0.025126093020050495
-0.2842218102443691,-0.013932519091823045
-0.24151935563535243,-0.42238760760442623
-0.21197613157965123,-0.3942930269849491
-0.25510680107198697,-0.47106158022262534
-0.26792863055943017,-0.045705477721839395
-0.26826604304291335,-0.034511898900379166
-0.22556358464003695,-0.442966992306215
-0.1960203643781956,-0.4148724067935051
-0.2065064824625286,-0.5933007953586604
-0.21641557364848152,-0.5833176260846428
-0.19144947486677064,-0.6228406282326305
-0.1763924505818607,-0.6523804811520956
-0.1763924505818607,-0.6523804811520956
-0.15681860982001913,-0.6907819095699028
-0.15681860982001913,-0.6907819095699028
-0.21951824584659632,-0.5801917616758021
-0.19144947486677064,-0.6228406282326305
-0.1763924505818607,-0.6523804811520956
-0.15681860982001913,-0.6907819095699028
-0.15681860982001913,-0.6907819095699028
-0.29381267726474475,-0.5349650686428339
-0.29381267726474475,-0.5349650686428339
-0.37047631040476464,-0.3871566901488673
-0.37047631040476464,-0.3871566901488673
-0.36606420181284605,-0.3875069362205284
-0.37853628315386584,0.041543664595897194
-0.3079624806986159,0.29637533288317436
-0.3082652740103938,0.2960737932961484
-0.3088708606339493,0.29547071412209625
-0.3094764472575049,0.294867634948044
-0.3100820338810604,0.2942645557739919
-0.3125043803752827,0.2918522390777834
-0.3173490733637274,0.2870276056853664
-0.32703845934061665,0.27737833890053226
-0.3079624806986159,0.29637533288317436
-0.3082652740103938,0.2960737932961484
-0.3088708606339493,0.29547071412209625
-0.3094764472575049,0.294867634948044
-0.3100820338810604,0.2942645557739919
-0.3125043803752827,0.2918522390777834
-0.3173490733637274,0.2870276056853664
-0.30648257555409203,0.20748618149478754
-0.29467299476614206,-0.18428917637173398
0.11990875292371496,-0.5387870071686655
0.019249949929892277,0.3752049292095417
-0.0863459129819546,0.4847836129600577
-0.0863459129819546,0.4847836129600577
-0.0863459129819546,0.4847836129600577
-0.0863459129819546,0.4847836129600577
-0.0863459129819546,0.4847836129600577
-0.0863459129819546,0.4847836129600577
-0.0863459129819546,0.4847836129600577
-0.0863459129819546,0.4847836129600577
-0.0863459129819546,0.4847836129600577
-0.0863459129819546,0.4847836129600577
-0.0863459129819546,0.4847836129600577
-0.0863459129819546,0.4847836129600577
-0.0863459129819546,0.4847836129600577
-0.0863459129819546,0.4847836129600577
-0.0863459129819546,0.4847836129600577
-0.0863459129819546,0.4847836129600577
-0.0863459129819546,0.4847836129600577
-0.0863459129819546,0.4847836129600577
-0.0863459129819546,0.4847836129600577
-0.0863459129819546,0.4847836129600577
-0.15651756008927561,-0.015698787558029993
-0.16378459957194252,-0.0229357376466556
-0.1880080645141657,-0.04705890460874085
-0.1459416815683741,-0.016995999808022633
-0.153208721051041,-0.024232949896648186
-0.17743218599326419,-0.04835611685873339
-0.38863605382212574,-0.13278146887632913
-0.39909596781999,0.21421957100273334
-0.4006143421377862,0.26459067991514923
-0.4011204669961943,0.2813810523992962
-0.23107149386608455,-0.5293122444320548
-0.3290936604532689,-0.12671982128256923
-0.024023179510281063,-0.8489996008704602
-0.2996966007667676,-0.48725707307246824
-0.2732587661040293,-0.46873347727739234
-0.20446763103482116,-0.5104654776543158
-0.2709677349506774,-0.5245750695174467
-0.30467293971882087,-0.4706246507040292
-0.3201211141430192,-0.44589744652825286
-0.3293811394854102,-0.4310753367419022
-0.3355332812770268,-0.4212278776168074
-0.3399830779442293,-0.4141052864478309
-0.34329605526312845,-0.40880235133429305
-0.3458681235410253,-0.40468535629558045
-0.3664657313356655,-0.3717156836672849
-0.28306325278550204,-0.5611525045549486
-0.17397114115837675,-0.45653119520259217
-0.1292087145274757,-0.41396365265711726
-0.09000177550947837,-0.37692861531252386
-0.045466943145999764,-0.8771019718166434
-0.31069213440142507,-0.4567464071727688
-0.24243034986137374,-0.3920830322588279
-0.1228972113386352,-0.7255927108302227
-0.3388975624913785,-0.44347101602017536
-0.26389603005022394,-0.3718752532321624
-0.21256236717912144,-0.5993316055036977
-0.372120086529439,-0.39353774636556554
-0.30069769783397454,-0.3257952326825362
-0.21256236717912144,-0.5993316055036977
0.2897324540637868,-1.052652397197093
0.0889436852602296,-0.8124265997388774
-0.3431670277693889,0.24728008844214924
-0.09301814354134372,-0.6994958456487956
-0.055182141100474556,-0.760699985043356
-0.17668980843896856,-0.5498110689762852
0.3082491849796797,-0.7727943417937836
0.13476199989616292,0.1760286868590013
0.749133167493971,0.08365868702212204
0.8664945898820121,-0.024150526049796416
0.8137707873053439,-0.3296445578434768
-0.12469516049063079,0.009620947459511748
0.9110631752061833,0.5567941599466868
-0.22605473265460543,-0.4474063402782318
-0.22605473265460543,-0.4474063402782318
-0.22605473265460543,-0.4474063402782318
-0.23157768050412422,-0.44672890855543856
-0.15432253150311193,-0.44527140955840205
-0.14863368526065424,-0.4442889820809983
-0.1386782043363533,-0.4425697339955416
-0.1487321811480258,-0.06160830691859569
-0.14737848455330416,-0.10651668979836469
-0.14600030776578024,-0.1522369766126169
-0.11037167911455861,-0.4167580272108281
-0.12904295161509005,-0.4345138552308339
-0.1386782043363533,-0.4425697339955416
-0.2992125754957172,0.15133459200217472
-0.2958384054508181,0.03939878106004528
-0.2521610464572439,-0.14935460826135466
-0.28064072179589644,-0.17643781143798734
-0.2890900765850822,-0.18447285565576724
-0.2890900765850822,-0.18447285565576724
-0.1476564876131082,-0.45209620041311943
-0.024380180766585637,0.08087489499035068
0.050309866500798245,0.25776616664201585
-0.2817441212020932,-0.37230987478933936
-0.3275800368771825,0.0733931867005498
-0.3283859821841056,-0.08863520296768382
-0.26088764439970974,-0.06395124585770887
-0.32935272863541365,-0.044537969892851484
0.7438559473027724,-0.0985914731937723
0.5979402388890126,-0.12801705449829975
-0.2945953492453508,0.14984256569514998
-0.23677433178914967,0.2847696985110831
-0.31204943377373545,-0.26603275764064693
-0.19810626057254782,-0.587862144792866
-0.3666720576069016,0.029329899748023195
-0.2765383844879906,0.06144236837715224
-0.26880904209585194,0.01143359052848409
-0.283533341024629,-0.06081964023264453
-0.2817395231711854,-0.28884121420813114
-0.29175171972073105,0.10394002773733728
-0.2971045977271196,0.040961310158243884
-0.28634941403958925,-0.006034154981296773
-0.31711233970903774,-0.09425960407000995
-0.2742359664559391,-0.28136872619359243
-0.3015696844330417,0.09416271460117659
-0.30541298820702434,0.03268732081728942
-0.2869743641697621,-0.006656517486788515
-0.2765111606526606,-0.0538265354082558
-0.31088699093246347,-0.31786799600852106
-0.2882690837865071,0.10740824371345077
-0.2819664522035312,0.05603677573812178
-0.31166316006484773,-0.031243088685026784
-0.28888984015397295,-0.06615396061734705
-0.30785760705327353,-0.3148511553837693
-0.3117094101615358,0.08406497270993041
-0.26832807219816557,0.06961868562370266
-0.30879092044408357,-0.028382741658204896
-0.2716875792887234,-0.2788308906995617
-0.3052084096664903,0.09053905561824399
-0.2852791041788073,0.05273783989729698
-0.29568662383349437,-0.015332703779151614
-0.2956579840402385,-0.0728940808016899
-0.31544185197648017,-0.3224039975143334
-0.2928912635482317,0.1028052022250921
-0.26781747950098583,0.07012716419656859
-0.3100236949433869,-0.02961041181787142
-0.298265772340853,-0.07549107147695215
-0.30909711173025256,-0.31608552785460986
-0.28965442694746846,0.10602863660722699
-0.321604806959334,0.016562544774166396
-0.3432973822747136,-0.06274632845293174
-0.2729743336974124,-0.05030435279065935
-0.3310170170441867,-0.3379146731458534
-0.2937285623347218,0.1019713702992373
-0.3125033366543638,0.025626330169481727
-0.26638262188052564,0.013849964078432711
-0.3102862916533782,-0.08746181947021608
-0.2779713120914113,-0.2850886055188876
-0.30965602833241296,0.08610985245025618
-0.2764688857779484,0.06151157932570941
-0.3154773565851758,-0.03504149241073374
-0.2773326296608348,-0.05464460309946478
-0.2874420088761729,-0.29452008860072637
-0.2710547550692572,0.12455129598846211
-0.30638941840111733,0.031714933561580616
-0.27150376904518136,0.008750021176578818
-0.30579435854067266,-0.08298848534073584
-0.28398297784657955,-0.2910753797924308
-0.29391200356884845,0.1017886886090199
-0.27850161889833297,0.059487262797526794
-0.30485119763962815,-0.024459331393699168
-0.268827948620741,-0.04617513594524869
-0.335184090486822,-0.3420644926964308
-0.30102763253484865,0.09470252211729423
-0.2768000574922302,0.06118177883780273
-0.30219841417403104,-0.02181753185727887
-0.2921110510378718,-0.06936183398136479
-0.3056136857316927,-0.3126165250854456
-0.3029281669466705,0.0928098569249725
-0.2706389802525743,0.06731734595311892
-0.3244815303901821,-0.04400838416514963
-0.33896932633217913,-0.11602609118717944
-0.2574239502801631,-0.26462632067296005
-0.30975180014681636,0.08601447718191105
-0.2514736505662479,-0.25974997397126237
-0.2877034364629326,-0.00738257103435208
-0.30670053615241877,-0.08389091089701345
-0.33029700199927964,-0.33719763934474617
-0.30837957390193366,0.08738102168303893
-0.28622197804829513,-0.005907246642531016
-0.2847844657610546,0.11087843357388483
-0.268665273873046,0.01157676347466928
-0.3020931735621858,-0.07930262522920517
-0.33041645683917675,-0.3655279470559631
-0.24919656368287804,-0.20924772900340316
-0.22862621316597323,-0.516926002644287
0.0302510440976347,0.5068054205708143
0.0302510440976347,0.5068054205708143
0.027214271046917527,0.6075476250041096
0.04518280254061943,0.5908529117589228
0.034300031315971695,0.37248207527659394
0.03875358306481822,0.19236022656086668
0.05665502809838307,0.21027121396884924
0.07871662245004173,0.5700034252396243
-0.01821448944189203,0.44360747433697445
-0.07040802891379654,0.37554829371103404
-0.05480120113594835,0.43720892931378413
-0.04400396024368462,0.07901419751598043
-0.1019169577422451,0.329236798090535
-0.150382412859231,0.26603895411789297
-0.14093478729131753,-0.04738138195622203
-0.20257586270537453,0.19797989036189295
-0.33993101584775454,0.11100425566065815
-0.14636188774302925,0.31734795770140806
-0.3530190706869641,0.07428704583635616
-0.21171359834019682,0.22491781864418545
-0.33719433973627366,-0.45893927903929155
-0.3416002686998485,-0.020682068753834167
-0.09293750102313282,-0.63688632869628
-0.21665511976182414,-0.16177314950032462
-0.2164838686045551,-0.16745350526525954
-0.2154716292518297,-0.20103423628099434
-0.12558914940107613,-0.19444364545012463
-0.11377958134526985,-0.5862189608732394
-0.027648618828783562,-0.8510864337512137
-0.13817058649305705,-0.6949234016249229
-0.20935090558375744,-0.5937920090973623
-0.20935090558375744,-0.5937920090973623
-0.20935090558375744,-0.5937920090973623
-0.20935090558375744,-0.5937920090973623
-0.20935090558375744,-0.5937920090973623
0.017113914105319476,-0.8085189798370956
-0.10271731632593221,-0.6612085518179378
-0.17718656421887646,-0.5644915528533214
-0.17823339110590225,-0.5649731537106838
-0.1790216637493495,-0.565335839656447
-0.17980766566324025,-0.565697445921516
-0.17980766566324025,-0.565697445921516
0.043971239578980165,-0.7829784191643301
-0.08144544508413545,-0.6409795900342266
-0.15791700153660962,-0.546881589799938
-0.15958027154424764,-0.5476639515059585
-0.16083286298661673,-0.548253140016121
-0.16208181222764192,-0.54884061532347
-0.16208181222764192,-0.54884061532347
0.06187631901260836,-0.765951371431015
-0.06726413311934253,-0.6274937524653688
-0.14508143504511578,-0.5351304475632426
-0.1471514144452027,-0.5361178617602648
-0.14871021423476496,-0.5368614348810719
-0.15026446693603995,-0.5376028389660273
-0.15026446693603995,-0.5376028389660273
0.10663861901201477,-0.7233836395076966
-0.03181081141791931,-0.5937786207200494
-0.1130279600729172,-0.5057164536157949
-0.11610052060443628,-0.5072307428769436
-0.11841429853462716,-0.5083710716146297
-0.12072135853098742,-0.5095080894671589
-0.12072135853098742,-0.5095080894671589
-0.034681825304017956,-0.4242013582987262
-0.14755086084666924,-0.2699097017446727
-0.21867874312197422,-0.1723300580366952
-0.21887159423293476,-0.17278698915404422
-0.21901611763443538,-0.17315421686845112
-0.21915959113091063,-0.17354150400506146
-0.21915959113091063,-0.17354150400506146
-0.003836902123291606,-0.8364481454367318
-0.12057584921928934,-0.6808479883758298
-0.1936293685703844,-0.5815878219482485
-0.19405262128464543,-0.5817775901668599
-0.19437136138330147,-0.5819204867332167
-0.19468919619020617,-0.5820629605814678
-0.19468919619020617,-0.5820629605814678
-0.021741924094942074,-0.853475186915623
-0.13475714221635227,-0.6943339215604075
-0.2065064824625286,-0.5933007953586604
-0.2065064824625286,-0.5933007953586604
-0.2065064824625286,-0.5933007953586604
-0.2065064824625286,-0.5933007953586604
-0.2065064824625286,-0.5933007953586604
-0.00019326429113667375,-0.849753870748825
-0.11768992083282827,-0.6913865212378308
-0.19228436685638434,-0.5908447266651509
-0.0131331447497055,-0.42048007178026436
-0.13048364008323501,-0.2669623015291817
-0.20442016121858933,-0.16986769184613945
0.01771175766396767,-0.8327268292727918
-0.10350862875692639,-0.6779005882123319
-0.17938866257301583,-0.5791285428126957
-0.26349604201714905,-0.541666312407246
-0.27693706147376096,-0.09576998656830431
-0.27677000794290335,-0.10131081021764306
-0.32614801320970366,-0.44750074664930767
-0.3395744096149491,-0.002088542658098322
-0.3393636065006716,-0.0090817340510086
-0.36606420181284605,-0.3875069362205284
-0.37855733917210216,0.0575394508788084
-0.3789503935176596,0.04971900039776499
-0.24194738426838389,-0.5379449965953405
-0.25538840553049624,-0.09204867106819717
-0.2552213471372658,-0.09758949387783511
-0.3090746467516412,-0.4445522851115357
-0.3225010376809007,0.0008599198253415331
-0.3222902376238581,-0.0061332720955337375
-0.3518420875630284,-0.38505086776124786
-0.36406432228582164,0.06004230249629356
-0.36464208223871764,0.05218995453443484
-0.20962437852091728,-0.532363039460992
-0.22306541157832352,-0.0864667157624754
-0.2228983722871553,-0.09200752347123718
-0.28346459299393895,-0.44012959210190966
-0.2968909817744261,0.005282613206046877
-0.29668018475640495,-0.001710579239648001
-0.3305089127974855,-0.3813667644867546
-0.34232479864954896,0.0637965796301254
-0.34317961569555494,0.05589638567463624
-0.3408544396611032,0.12822599838465337
-0.3408544396611032,0.12822599838465337
-0.3408544396611032,0.12822599838465337
-0.3408544396611032,0.12822599838465337
-0.3408544396611032,0.12822599838465337
-0.3408544396611032,0.12822599838465337
-0.3408544396611032,0.12822599838465337
-0.3408544396611032,0.12822599838465337
-0.3408544396611032,0.12822599838465337
-0.3229138842531503,0.11246426476670686
-0.3229138842531503,0.11246426476670686
-0.3229138842531503,0.11246426476670686
-0.3229138842531503,0.11246426476670686
-0.35803794538144806,0.07748563586265167
-0.3229138842531503,0.11246426476670686
-0.3229138842531503,0.11246426476670686
-0.3229138842531503,0.11246426476670686
-0.3229138842531503,0.11246426476670686
-0.3408544396611032,0.12822599838465337
-0.3408544396611032,0.12822599838465337
-0.3408544396611032,0.12822599838465337
-0.3408544396611032,0.12822599838465337
-0.3408544396611032,0.12822599838465337
-0.3408544396611032,0.12822599838465337
-0.3408544396611032,0.12822599838465337
-0.3408544396611032,0.12822599838465337
-0.3408544396611032,0.12822599838465337
-0.3408544396611032,0.12822599838465337
-0.3408544396611032,0.12822599838465337
-0.3408544396611032,0.12822599838465337
-0.3408544396611032,0.12822599838465337
-0.3229138842531503,0.11246426476670686
-0.3229138842531503,0.11246426476670686
-0.3229138842531503,0.11246426476670686
-0.3229138842531503,0.11246426476670686
-0.3229138842531503,0.11246426476670686
-0.3229138842531503,0.11246426476670686
-0.3229138842531503,0.11246426476670686
-0.3229138842531503,0.11246426476670686
-0.3229138842531503,0.11246426476670686
-0.3229138842531503,0.11246426476670686
-0.3229138842531503,0.11246426476670686
-0.3229138842531503,0.11246426476670686
-0.3229138842531503,0.11246426476670686
-0.3408544396611032,0.12822599838465337
-0.36386673135621517,0.1053089897706724
-0.32026449446021354,0.14873069030242578
-0.36386673135621517,0.1053089897706724
-0.3229138843818644,0.11246426903671936
-0.31928036464053094,0.1160827440810321
-0.31928036464053094,0.1160827440810321
-0.37499433400764426,0.06059946006823608
-0.307892556406028,-0.2617006455815582
-0.307892556406028,-0.2617006455815582
-0.307892556406028,-0.2617006455815582
-0.307892556406028,-0.2617006455815582
-0.262657084594404,-0.26291380816868265
-0.26386825784151513,-0.2641199665167868
-0.26386825784151513,-0.2641199665167868
-0.26386825784151513,-0.2641199665167868
-0.3408544396611032,0.12822599838465337
-0.3408544396611032,0.12822599838465337
-0.3408544396611032,0.12822599838465337
-0.3408544396611032,0.12822599838465337
-0.3408544396611032,0.12822599838465337
-0.3408544396611032,0.12822599838465337
-0.3408544396611032,0.12822599838465337
-0.3229138842531503,0.11246426476670686
-0.3229138842531503,0.11246426476670686
-0.3229138842531503,0.11246426476670686
-0.3229138842531503,0.11246426476670686
-0.3229138842531503,0.11246426476670686
-0.3229138842531503,0.11246426476670686
-0.3229138842531503,0.11246426476670686
-0.262657084594404,-0.26291380816868265
-0.262657084594404,-0.26291380816868265
-0.262657084594404,-0.26291380816868265
-0.262657084594404,-0.26291380816868265
-0.262657084594404,-0.26291380816868265
-0.262657084594404,-0.26291380816868265
-0.262657084594404,-0.26291380816868265
-0.3408544396611032,0.12822599838465337
-0.3408544396611032,0.12822599838465337
-0.3408544396611032,0.12822599838465337
-0.3408544396611032,0.12822599838465337
-0.3408544396611032,0.12822599838465337
-0.3408544396611032,0.12822599838465337
-0.3229138842531503,0.11246426476670686
-0.3229138843818644,0.11246426903671936
-0.3229138843818644,0.11246426903671936
-0.3229138848156895,0.1124642712607236
-0.3229138848156895,0.1124642712607236
-0.3229138842531503,0.11246426476670686
-0.3776484793619964,-0.3311677420549476
-0.34555201253246315,-0.29920417160502977
-0.38426284869893335,-0.33775472439807647
-0.2930853479260523,-0.24695474679057888
-0.2975505942286807,-0.25140150460751615
-0.262657084594404,-0.26291380816868265
-0.262657084594404,-0.26291380816868265
-0.262657084594404,-0.26291380816868265
-0.262657084594404,-0.26291380816868265
-0.262657084594404,-0.26291380816868265
-0.3408544396611032,0.12822599838465337
-0.3408544396611032,0.12822599838465337
-0.3408544396611032,0.12822599838465337
-0.3408544396611032,0.12822599838465337
-0.3408544396611032,0.12822599838465337
-0.3408544396611032,0.12822599838465337
-0.3229138842531503,0.11246426476670686
-0.3229138842531503,0.11246426476670686
-0.3229138842531503,0.11246426476670686
-0.3229138842531503,0.11246426476670686
-0.3229138842531503,0.11246426476670686
-0.3229138842531503,0.11246426476670686
-0.334292431441321,-0.28799121114571435
-0.31995528948745283,-0.27371343255635067
-0.1519001850088896,-0.4428590928621936
-0.14692244454673917,-0.4419994688194653
-0.1369669636224382,-0.4402802207340085
-0.1515579563748781,-0.5550277304953624
-0.14658021591272763,-0.554168106452634
-0.13662473498842667,-0.5524488583671774
-0.1519001850088896,-0.4428590928621936
-0.14692244454673917,-0.4419994688194653
-0.1369669636224382,-0.4402802207340085
-0.1519001850088896,-0.4428590928621936
-0.14692244454673917,-0.4419994688194653
-0.1369669636224382,-0.4402802207340085
-0.1519001850088896,-0.4428590928621936
-0.14692244454673917,-0.4419994688194653
-0.1369669636224382,-0.4402802207340085
-0.1519001850088896,-0.4428590928621936
-0.14692244454673917,-0.4419994688194653
-0.1369669636224382,-0.4402802207340085
-0.1515579563748781,-0.5550277304953624
-0.14658021591272763,-0.554168106452634
-0.1519001850088896,-0.4428590928621936
-0.1369669636224382,-0.4402802207340085
-0.1515579563748781,-0.5550277304953624
-0.14658021591272763,-0.554168106452634
-0.13662473498842667,-0.5524488583671774
-0.1519001850088896,-0.4428590928621936
-0.14692244454673917,-0.4419994688194653
-0.1369669636224382,-0.4402802207340085
-0.1519001850088896,-0.4428590928621936
-0.14692244454673917,-0.4419994688194653
-0.1369669636224382,-0.4402802207340085
-0.1515579563748781,-0.5550277304953624
-0.14658021591272763,-0.554168106452634
-0.13662473498842667,-0.5524488583671774
-0.1519001850088896,-0.4428590928621936
-0.14692244454673917,-0.4419994688194653
-0.1369669636224382,-0.4402802207340085
-0.1515579563748781,-0.5550277304953624
-0.14658021591272763,-0.554168106452634
-0.13662473498842667,-0.5524488583671774
-0.1519001850088896,-0.4428590928621936
-0.14692244454673917,-0.4419994688194653
-0.1369669636224382,-0.4402802207340085
-0.1515579563748781,-0.5550277304953624
-0.14658021591272763,-0.554168106452634
-0.1519001850088896,-0.4428590928621936
-0.14692244454673917,-0.4419994688194653
-0.1369669636224382,-0.4402802207340085
-0.14692244454673917,-0.4419994688194653
-0.1369669636224382,-0.4402802207340085
-0.1515579563748781,-0.5550277304953624
-0.1519001850088896,-0.4428590928621936
-0.14692244454673917,-0.4419994688194653
-0.1369669636224382,-0.4402802207340085
-0.14658021591272763,-0.554168106452634
-0.1519001850088896,-0.4428590928621936
-0.14692244454673917,-0.4419994688194653
-0.1369669636224382,-0.4402802207340085
-0.1519001850088896,-0.4428590928621936
-0.14692244454673917,-0.4419994688194653
-0.1369669636224382,-0.4402802207340085
-0.1515579563748781,-0.5550277304953624
-0.14658021591272763,-0.554168106452634
-0.1519001850088896,-0.4428590928621936
-0.14692244454673917,-0.4419994688194653
-0.1369669636224382,-0.4402802207340085
-0.1519001850088896,-0.4428590928621936
-0.14692244454673917,-0.4419994688194653
-0.1369669636224382,-0.4402802207340085
-0.1515579563748781,-0.5550277304953624
-0.14658021591272763,-0.554168106452634
-0.13662473498842667,-0.5524488583671774
-0.1519001850088896,-0.4428590928621936
-0.14692244454673917,-0.4419994688194653
-0.1369669636224382,-0.4402802207340085
-0.1519001850088896,-0.4428590928621936
-0.14692244454673917,-0.4419994688194653
-0.1369669636224382,-0.4402802207340085
-0.1515579563748781,-0.5550277304953624
-0.14658021591272763,-0.554168106452634
-0.1519001850088896,-0.4428590928621936
-0.14692244454673917,-0.4419994688194653
-0.1369669636224382,-0.4402802207340085
-0.1519001850088896,-0.4428590928621936
-0.14692244454673917,-0.4419994688194653
-0.1369669636224382,-0.4402802207340085
-0.1519001850088896,-0.4428590928621936
-0.14692244454673917,-0.4419994688194653
-0.1369669636224382,-0.4402802207340085
-0.1519001850088896,-0.4428590928621936
-0.14692244454673917,-0.4419994688194653
-0.1519001850088896,-0.4428590928621936
-0.14692244454673917,-0.4419994688194653
-0.1369669636224382,-0.4402802207340085
-0.1519001850088896,-0.4428590928621936
-0.14692244454673917,-0.4419994688194653
-0.1369669636224382,-0.4402802207340085
-0.1519001850088896,-0.4428590928621936
-0.14692244454673917,-0.4419994688194653
-0.1369669636224382,-0.4402802207340085
-0.1519001850088896,-0.4428590928621936
-0.14692244454673917,-0.4419994688194653
-0.1369669636224382,-0.4402802207340085
-0.1519001850088896,-0.4428590928621936
-0.14692244454673917,-0.4419994688194653
-0.1369669636224382,-0.4402802207340085
-0.1515579563748781,-0.5550277304953624
-0.13662473498842667,-0.5524488583671774
-0.1519001850088896,-0.4428590928621936
-0.14692244454673917,-0.4419994688194653
-0.1515579563748781,-0.5550277304953624
-0.14658021591272763,-0.554168106452634
-0.13662473498842667,-0.5524488583671774
-0.1519001850088896,-0.4428590928621936
-0.14692244454673917,-0.4419994688194653
-0.1369669636224382,-0.4402802207340085
-0.1519001850088896,-0.4428590928621936
-0.14692244454673917,-0.4419994688194653
-0.1369669636224382,-0.4402802207340085
-0.1519001850088896,-0.4428590928621936
-0.14692244454673917,-0.4419994688194653
-0.1369669636224382,-0.4402802207340085
-0.1519001850088896,-0.4428590928621936
-0.14692244454673917,-0.4419994688194653
-0.1369669636224382,-0.4402802207340085
-0.1515579563748781,-0.5550277304953624
-0.14658021591272763,-0.554168106452634
-0.13662473498842667,-0.5524488583671774
-0.1408686601389024,-0.6763886417470327
0.14440763520333097,0.07882974599759356
0.4494268473786306,0.6513739045311298
0.4494268473786306,0.6513739045311298
0.470918124641059,0.5411988770115295
0.9962216682238683,1.2366318197821553
0.470918124641059,0.5411988770115295
0.470918124641059,0.5411988770115295
0.4494268473786306,0.6513739045311298
0.4494268473786306,0.6513739045311298
0.470918124641059,0.5411988770115295
0.9962216682238683,1.2366318197821553
0.470918124641059,0.5411988770115295
0.470918124641059,0.5411988770115295
0.4324704219190744,0.63448768765767
0.4494268473786306,0.6513739045311298
0.41551399645951825,0.6176014707842103
0.4494268473786306,0.6513739045311298
0.470918124641059,0.5411988770115295
0.9962216682238683,1.2366318197821553
0.470918124641059,0.5411988770115295
0.470918124641059,0.5411988770115295
0.4494268473786306,0.6513739045311298
0.4324704219190744,0.63448768765767
0.41551399645951825,0.6176014707842103
0.41551399645951825,0.6176014707842103
0.4494268473786306,0.6513739045311298
0.4494268473786306,0.6513739045311298
0.45396169918150286,0.5243126601380699
1.030134519142981,1.2704042535290747
0.470918124641059,0.5411988770115295
0.470918124641059,0.5411988770115295
0.41551399645951825,0.6176014707842103
0.41551399645951825,0.6176014707842103
0.41551399645951825,0.6176014707842103
0.41551399645951825,0.6176014707842103
0.4370052737219467,0.5074264432646101
0.41551399645951825,0.6176014707842103
0.41551399645951825,0.6176014707842103
0.41551399645951825,0.6176014707842103
0.4494268473786306,0.6513739045311298
0.470918124641059,0.5411988770115295
0.9962216682238683,1.2366318197821553
0.470918124641059,0.5411988770115295
0.470918124641059,0.5411988770115295
0.4494268473786306,0.6513739045311298
0.41551399645951825,0.6176014707842103
0.41551399645951825,0.6176014707842103
0.41551399645951825,0.6176014707842103
0.4494268473786306,0.6513739045311298
0.4494268473786306,0.6513739045311298
0.45396169918150286,0.5243126601380699
0.9962216682238683,1.2366318197821553
0.470918124641059,0.5411988770115295
0.470918124641059,0.5411988770115295
0.41551399645951825,0.6176014707842103
0.41551399645951825,0.6176014707842103
0.006845503515434336,-0.6617541383974956
0.006845503515434336,-0.6617541383974956
-0.138156770388375,-0.2919559743189587
-0.21102913826094008,-0.19707186703786683
-0.2111009959065108,-0.19830628308630774
-0.11187900778867894,-0.6795871598061435
-0.1865090152253847,-0.5803581823206655
-0.1869359899635654,-0.5805485791111149
-0.12108340212397989,-0.28900751246924467
-0.19678843157094075,-0.19461258778270107
-0.19686771395182578,-0.1958482860355952
-0.09480563910874269,-0.6766386978846681
-0.17226830853538533,-0.5778989030654998
-0.17270270790499515,-0.5780905820424619
-0.13801680512265885,-0.6951418907288187
-0.20935090558375744,-0.5937920090973623
-0.20935090558375744,-0.5937920090973623
-0.1506617184094929,-0.2756539775206222
-0.22145185661378577,-0.17829625483207004
-0.22160189672942188,-0.17893162175970945
-0.11460917911505596,-0.6728821068686662
-0.18811535150330158,-0.5744609897067424
-0.18880907903743818,-0.574775950277661
-0.12606544746224482,-0.6930779674555472
-0.19939542465945645,-0.5920727610119056
-0.19939542465945645,-0.5920727610119056
-0.13871036104311785,-0.2735900542981293
-0.21147517350380257,-0.17657334526431853
-0.21163368163903193,-0.1772101745649546
-0.10265782160507178,-0.670818183621373
-0.17813866853692747,-0.5727380801637912
-0.17884086383934134,-0.5730545030643059
-0.280188961620326,-0.13160611603648445
-0.34165400929754247,-0.04696844628205485
-0.3807182046697605,0.0037772080457206814
-0.2808570465289824,-0.10944283697788962
-0.3424972072043172,-0.01899568434683359
-0.3817304544228237,0.03735795297183597
-0.24990076053123,-0.5253835230082882
-0.31537625165067695,-0.43459962580659517
-0.3570913386112434,-0.3767603149974115
-0.22304332881947944,-0.4998430210685086
-0.29409663166952865,-0.4143634482764569
-0.3393654061401903,-0.3599035595347415
-0.2651048875418772,-0.1290012124819971
-0.32970265176158725,-0.044904523030276665
-0.3707627238244206,0.005496456117541258
-0.26577297286431995,-0.10683793347443472
-0.3305458554858088,-0.016931752173974572
-0.3717749737288158,0.039077201017522566
-0.23481668603464276,-0.522778619381591
-0.30342489382384286,-0.432535702504584
-0.3471358577659036,-0.3750410669255911
-0.20795925522545905,-0.497238117577253
-0.2821452800216624,-0.41229951611579735
-0.32940992780942246,-0.35818431356685326
-0.280188961620326,-0.13160611603648445
-0.34165400929754247,-0.04696844628205485
-0.3807182046697605,0.0037772080457206814
-0.2808570465289824,-0.10944283697788962
-0.3424972072043172,-0.01899568434683359
-0.3817304544228237,0.03735795297183597
-0.24990076053123,-0.5253835230082882
-0.31537625165067695,-0.43459962580659517
-0.3570913386112434,-0.3767603149974115
-0.22304332881947944,-0.4998430210685086
-0.29409663166952865,-0.4143634482764569
-0.3393654061401903,-0.3599035595347415
-0.2651048875418772,-0.1290012124819971
-0.32970265176158725,-0.044904523030276665
-0.3707627238244206,0.005496456117541258
-0.26577297286431995,-0.10683793347443472
-0.3305458554858088,-0.016931752173974572
-0.3717749737288158,0.039077201017522566
-0.23481668603464276,-0.522778619381591
-0.30342489382384286,-0.432535702504584
-0.3471358577659036,-0.3750410669255911
-0.20795925522545905,-0.497238117577253
-0.2821452800216624,-0.41229951611579735
-0.32940992780942246,-0.35818431356685326
-0.32970265176158725,-0.044904523030276665
-0.37080698526839734,0.010578791080454302
-0.37079542878264155,0.008991002377165824
-0.3305458554858088,-0.016931752173974572
-0.3715713724788854,0.041099697974095864
-0.37164050264483467,0.04046806430802058
-0.30342489382384286,-0.432535702504584
-0.3458451547647932,-0.3739225442441001
-0.34627530574708637,-0.3742953129056331
-0.2821452800216624,-0.41229951611579735
-0.32619098681065917,-0.35538766013860695
-0.3272637312850687,-0.3563196730314006
-0.3126292834971922,-0.041956061180562575
-0.35655698606305675,0.013039675093775925
-0.35655472209264233,0.011450281632331607
-0.31347249079998735,-0.01398329094225731
-0.357281542932286,0.04356746043341855
-0.35737324054215375,0.04293192951365503
-0.2863515251439066,-0.4295872405831086
-0.33159515532571054,-0.3714616601904126
-0.3320345990570868,-0.37183603365046713
-0.26507191543675807,-0.4093510549015079
-0.31190115726405976,-0.35291989767928433
-0.31299646908147083,-0.35385580780833853
-0.13688772246161005,-0.41836554531073006
-0.19458622241712725,-0.38621640712876554
-0.3298046262766743,-0.21181483464414824
-0.2553804400415677,-0.13564788721441665
-0.2536737862281696,-0.13535315898144307
-0.2502604786013736,-0.1347637025154958
-0.24428719025448067,-0.13373215370008817
-0.2400205557209855,-0.13299533311765402
-0.31792282804989697,-0.191455131867058
-0.3163583954964042,-0.1911849643389527
-0.3132295816236179,-0.19064467501634388
-0.3077540248837711,-0.18969905109695867
-0.3038429430867832,-0.18902363220532856
-0.34919405029244655,-0.21935877918948551
-0.3477007258175566,-0.21910088989658583
-0.34471408152755084,-0.218585115468753
-0.33948745142764064,-0.21768251053802307
-0.3357541510351036,-0.21703779427247202
-0.24651178734670445,-0.4512044843847936
-0.26467528674805385,-0.48916113871853134
-0.09028382444476468,-0.6257791122194493
-0.09755086392743163,-0.6330160623080747
-0.10724024990432089,-0.642665329092909
-0.12419667536387713,-0.6595515459663686
-0.12419667536387713,-0.6595515459663686
-0.1411531008234333,-0.6764377628398284
-0.159830918352097,-0.6837243532660466
-0.15568720443014997,-0.6909116875564337
-0.2639552275650328,-0.3836732310178922
-0.26852586596446026,-0.1357373179080512
-0.32570829135879004,-0.39025615271134456
-0.2660428148358681,-0.3706012706017323
-0.31081413762541804,-0.32451793263124606
-0.23955061847866685,-0.416439940439999
-0.2987076782586898,-0.3313328905523343
-0.23890460028140362,0.7125181900623221
-0.15642985246257055,-0.4446383340030453
-0.2943133747920368,-0.23111349342091464
-0.3220409775363539,-0.19573994767276662
-0.3368238739945142,-0.14069142670002555
-0.12663875353953127,-0.5718023024693886
-0.2980386555898842,-0.22311618976418732
-0.1464453112858242,-0.450890038997596
0.47993490816763895,-0.8210637210090577
-0.17378386533010343,-0.46956917060995235
-0.3244761669597608,-0.3287971349539618
-0.08922501141719241,-0.5643990004259426
-0.3128116771902604,-0.2187214842515133
-0.318292776224065,-0.24495442136300605
-0.19004754818182581,-0.49431173952934926
-0.3190774786250967,-0.16240942671595113
-0.04816999266583285,-0.38912293580521123
-0.31970708820215277,-0.03666117916377683
-0.39601919975981875,-0.3724699180826828
-0.2601145564939237,-0.22327722146406448
-0.1394117070501562,-0.4866222344740878
-0.14655542455364104,-0.4369511045563477
-0.1562448105305303,-0.4466003713411817
0.2621890699092611,-0.9361089780604827
0.2615834832857055,-0.9367120572345351
0.2579499635443721,-0.9403305322788479
-0.13686603857675184,-0.42730183777151354
-0.1392883850709741,-0.4297141544677221
-0.09713000405521342,-0.47839036417948655
2.159924487201995,-2.459822359415178
0.04813244123114295,-0.6954949861552222
-0.07072220728194847,-0.5427173645552096
-0.10605134967552977,-0.49730473311349543
-0.15018894429497454,-0.44056957960066045
-0.15018894429497454,-0.44056957960066045
-0.15126311444869245,-0.0007089282649421761
-0.15146497665654432,-0.0009099546562929089
-0.15166683886439614,-0.0011109810476436733
-0.15186870107224806,-0.0013120074389943207
-0.151969632176174,-0.0014125206346696326
-0.15207056328009988,-0.0015130338303450007
-0.12815037435441803,0.5150519294991328
-0.14099962578488925,-0.43200366772925514
-0.13602188532273876,-0.43114404368652687
-0.12606640439843775,-0.4294247956010703
-0.1458443187733338,-0.4368283011216723
-0.14086657831118332,-0.4359686770789438
-0.1309110973868824,-0.4342494289934872
-0.15311135825600075,-0.44406525121029783
-0.14813361779385031,-0.4432056271675694
-0.13817813686954933,-0.4414863790821127
-0.14099962578488925,-0.43200366772925514
-0.13602188532273876,-0.43114404368652687
-0.12606640439843775,-0.4294247956010703
-0.1458443187733338,-0.4368283011216723
-0.14086657831118332,-0.4359686770789438
-0.1309110973868824,-0.4342494289934872
-0.15311135825600075,-0.44406525121029783
-0.14813361779385031,-0.4432056271675694
-0.13817813686954933,-0.4414863790821127
-0.14099962578488925,-0.43200366772925514
-0.13602188532273876,-0.43114404368652687
-0.12606640439843775,-0.4294247956010703
-0.1458443187733338,-0.4368283011216723
-0.14086657831118332,-0.4359686770789438
-0.1309110973868824,-0.4342494289934872
-0.15068901176177846,-0.4416529345140892
-0.145711271299628,-0.44079331047136094
-0.13575579037532703,-0.4390740623859044
-0.047963171316846735,-0.5269370159836609
-0.30085114849191114,-0.22046126597495036
-0.33398886891988183,-0.21639667154990685
-0.33398886891988183,-0.21639667154990685
-0.30085114849191114,-0.22046126597495036
-0.29256672671763306,-0.2214774135591402
-0.154559765522944,0.2188902618521849
-0.154559765522944,0.2188902618521849
-0.154559765522944,0.2188902618521849
-0.154559765522944,0.2188902618521849
-0.154559765522944,0.2188902618521849
0.8977112757565475,-0.11459457589192705
0.29335646517530606,-0.08326319652612292
-0.035529084662240536,-0.06631610608203287
-0.20252853475520774,-0.057919285323791814
-0.20354091818264786,-0.48730801509472166
-0.21528142187770083,0.33945632597361436
-0.3604582772589903,0.18469880335634922
-0.1749269945574295,-0.1418100602285741
-0.37935024337128126,0.2164346441537473
-0.13315162069238026,-0.6238050391628058
-0.2897900686346848,-0.31450315103773846
0.9072603014963979,0.33010273820260944
0.8978737088312868,0.3207550110048014
0.8982159374652986,0.20858637337163266
0.9059963198989822,0.047570367010505106
0.8987292804163157,0.040333416921879556
1.17402096304589,0.28688344182394954
1.174363191679901,0.17471480419078084
1.1821435741135855,0.013698797829653383
1.1748765346309187,0.006461847741027756
1.172454188136696,0.004049531044819259
1.1676094951482514,-0.0007751023475977195
-0.24247462503031994,0.6385673012610973
-0.2137852849479122,-0.590928516339944
-0.16792875720912742,-0.5988727518636853
-0.16792875720912742,-0.5988727518636853
-0.16792875720912742,-0.5988727518636853
-0.16792875720912742,-0.5988727518636853
-0.20935090558375744,-0.5937920090973623
-0.20935090558375744,-0.5937920090973623
-0.20935090558375744,-0.5937920090973623
-0.20935090558375744,-0.5937920090973623
-0.21238409153350044,-0.5906865391704432
0.20646038159588265,-0.618638761192628
0.2645464481407072,0.20043573011523927
-0.29867933690135173,-0.22610472511644253
-0.31079106937246337,-0.2381663085974852
-0.318292776224065,-0.24495442136300605
-0.31244795372731893,-0.23796307908064723
-0.32940437918687515,-0.25484929595410677
-0.3117911988807648,-0.24033301748742683
-0.32632527784609866,-0.25480691766467795
-0.3117911988807648,-0.24033301748742683
-0.32148056945678977,-0.2499822689351644
-0.31344808323562035,-0.24012978797058893
-0.32798216220095433,-0.2546036881478401
-0.31119685105840383,-0.18163315245779602
-0.32815327651796006,-0.1985193693312558
-0.29865733279477785,-0.30978236601821435
-0.31076906526588943,-0.32184394949925693
-0.3277254907254456,-0.3387301663727166
-0.27278172494515346,-0.2126045954452959
-0.2824711109220426,-0.22225386223012997
-0.29942753638159875,-0.23914007910358967
-0.2890986532793701,-0.22144094355710645
-0.30605507873892623,-0.23832716043056598
-0.3230115041984824,-0.25521337730402577
-0.29891399884498,-0.22565588685642196
-0.31102573131609146,-0.23771747033746454
-0.3449385822352039,-0.2714899040843839
-0.28437991987964606,-0.21118198667917085
-0.28922461286809076,-0.21600662007158786
-0.2940693058565353,-0.2208312534640049
-0.29891399884498,-0.22565588685642196
-0.31102573131609146,-0.23771747033746454
-0.3449385822352039,-0.2714899040843839
-0.3861184972783661,-0.3124993124592832
-0.28437991987964606,-0.21118198667917085
-0.2940693058565353,-0.2208312534640049
-0.2819575788107303,-0.20876967091987814
-0.28437992530495265,-0.21118198761608664
-0.2940693112818418,-0.22083125440092072
-0.31102573674139805,-0.23771747127438042
-0.318292776224065,-0.24495442136300605
-0.28437992530495265,-0.21118198761608664
-0.2333029766210787,-0.14308608045914736
-0.23814766960952333,-0.1479107138515644
-0.2551040950690796,-0.1647969307250241
-0.21466243124874446,-0.11877923602403015
-0.2195071242371891,-0.12360386941644715
-0.23646354969674527,-0.14049008628990678
-0.17738135717002323,-0.07016556888580935
-0.1822260501584679,-0.07499020227822638
-0.1991824756180241,-0.09187641915168604
-0.2195071242371891,-0.12360386941644715
-0.325579449380593,-0.2102743300601683
-0.33284648886326,-0.21751128014879378
-0.32800179587481526,-0.2126866467563768
-0.21466243124874446,-0.11877923602403015
-0.28437991987964606,-0.21118198667917085
-0.2940693058565353,-0.2208312534640049
-0.30860338482186916,-0.235305153641256
-0.2940693058565353,-0.2208312534640049
-0.31102573131609146,-0.23771747033746454
-0.26244344991142954,-0.21387052474002977
-0.27176374481885984,-0.2260239759336068
-0.26227233559442387,-0.26995484355661414
-0.2531231966688676,-0.20171712787648718
-0.13917827180315723,-0.4436530889089702
-0.14886765778004651,-0.4533023556938044
-0.16639692090690167,-0.647865081574318
-0.1502898693406609,-0.4535479625631553
-0.30842537713036405,-0.2475084965556724
-0.13801641073986307,-0.34851408079404494
-0.14655888893485608,-0.5792303686535027
-0.10502316291119422,-0.4559707817639189
-0.13815408061059556,-0.5717969331396653
-0.3027701054555237,-0.3561836973375069
-0.42843118538484476,-0.4862048384349382
-0.30733563640706746,-0.364253116331961
-0.2703337049216418,-0.31239463823768715
-0.287541193729506,-0.3384113576909653
-0.27822092046209335,-0.32625793471547576
-0.2972196542997373,-0.3487285245278522
-0.3017061585826461,-0.3553894122297606
-0.3274266847421953,-0.0348501467918039
-0.3085061499034942,-0.3610653562355541
-0.21039534897863757,0.1740472932830335
-0.19434790450391165,1.3050809670794215
-0.24371004851894737,-0.2508287562616157
-0.23255360077143591,-0.2362810178880446
-0.16107234383403202,-0.260964901700189
-0.1499158960865207,-0.24641716332661803
-0.1387594665477927,-0.23186943460771034
-0.006953361071264422,-0.2957849315625925
0.004203075411608257,-0.2812371937886793
0.015359513283309846,-0.2666894542037647
0.026515948377353604,-0.2521417182408526
-0.0024114613945975904,-0.2912618377572015
0.008744975088275094,-0.27671409998328833
0.15832183103075137,-0.316057195790183
0.16947826751362405,-0.30150945801626966
0.16286373070741822,-0.311534101984792
0.17402016719029098,-0.29698636421087865
0.32359745766839665,-0.33632951331688604
0.33475389415126927,-0.32178177554297277
-0.24371004851894737,-0.2508287562616157
-0.23255360077143591,-0.2362810178880446
-0.23255360077143591,-0.2362810178880446
-0.2213971712327079,-0.22173328916913704
-0.21024071947271689,-0.20718553147421095
-0.16107234383403202,-0.260964901700189
-0.1499158960865207,-0.24641716332661803
-0.1387594665477927,-0.23186943460771034
-0.14909280533021052,-0.2467433112201954
-0.13421756687112582,-0.2273463408023193
-0.12306111511113484,-0.21279858310739336
0.004203075411608257,-0.2812371937886793
0.015359513283309846,-0.2666894542037647
0.01618260403962001,-0.26701560209734215
0.03105784805402043,-0.24761862443546154
0.026515948377353604,-0.2521417182408526
0.04221429425869572,-0.23307087398454004
-0.24371004851894737,-0.2508287562616157
-0.23255360077143591,-0.2362810178880446
-0.2213971712327079,-0.22173328916913704
-0.16107234383403202,-0.260964901700189
-0.1499158960865207,-0.24641716332661803
-0.15653044415736517,-0.25644180789479804
-0.14537399640985382,-0.24189406952122697
-0.13421756687112582,-0.2273463408023193
-0.2511476641224102,-0.2605272508314022
-0.24371004851894737,-0.2508287562616157
-0.23255360077143591,-0.2362810178880446
-0.21767835397937765,-0.21688403660416158
-0.1685099594374948,-0.2706633962699756
-0.16107234383403202,-0.260964901700189
-0.1499158960865207,-0.24641716332661803
-0.15653044415736517,-0.25644180789479804
-0.13421756687112582,-0.2273463408023193
-0.0032345500676643157,-0.29093568714712237
0.004203075411608257,-0.2812371937886793
0.015359513283309846,-0.2666894542037647
0.008744975088275094,-0.27671409998328833
0.03105784805402043,-0.24761862443546154
-0.2511476641224102,-0.2605272508314022
-0.24371004851894737,-0.2508287562616157
-0.23255360077143591,-0.2362810178880446
-0.2213971712327079,-0.22173328916913704
-0.21024071947271689,-0.20718553147421095
-0.19908427882335744,-0.1926377882672942
-0.1536347050068773,-0.2512664050255864
-0.1387594665477927,-0.23186943460771034
-0.12760301478780167,-0.21732167691278437
-0.14909280533021052,-0.2467433112201954
-0.13421756687112582,-0.2273463408023193
-0.12306111511113484,-0.21279858310739336
0.011640704362953183,-0.27153869590273316
0.026515948377353604,-0.2521417182408526
0.037672394582028874,-0.23759396778993117
0.01618260403962001,-0.26701560209734215
0.03105784805402043,-0.24761862443546154
-0.23173051001512568,-0.23660716578162203
-0.16479114843389475,-0.2658141518545054
-0.1536347050068773,-0.2512664050255864
-0.1602492487572279,-0.2612910580491144
-0.14909280533021052,-0.2467433112201954
-0.13421756687112582,-0.2273463408023193
-0.12306111511113484,-0.21279858310739336
0.03105784805402043,-0.24761862443546154
0.005026160612602639,-0.2815633489262613
0.01618260403962001,-0.26701560209734215
-0.16479114843389475,-0.2658141518545054
-0.1536347050068773,-0.2512664050255864
-0.1387594665477927,-0.23186943460771034
-0.13421756687112582,-0.2273463408023193
-0.12306111511113484,-0.21279858310739336
0.00048426093593579135,-0.28608644273165224
0.011640704362953183,-0.27153869590273316
0.026515948377353604,-0.2521417182408526
0.01618260403962001,-0.26701560209734215
0.03105784805402043,-0.24761862443546154
-0.16479114843389475,-0.2658141518545054
-0.1536347050068773,-0.2512664050255864
-0.1387594665477927,-0.23186943460771034
-0.13421756687112582,-0.2273463408023193
-0.12306111511113484,-0.21279858310739336
0.00048426093593579135,-0.28608644273165224
0.011640704362953183,-0.27153869590273316
0.026515948377353604,-0.2521417182408526
-0.16479114843389475,-0.2658141518545054
-0.1536347050068773,-0.2512664050255864
-0.1424782726904915,-0.2367186726846765
-0.13132184191694174,-0.22217092826641627
0.022797136679339025,-0.25699096356182327
0.03395357732869852,-0.24244322035490648
-0.24371004851894737,-0.2508287562616157
-0.23255360077143591,-0.2362810178880446
-0.2213971712327079,-0.22173328916913704
-0.24371004851894737,-0.2508287562616157
-0.23255360077143591,-0.2362810178880446
-0.2213971712327079,-0.22173328916913704
-0.16107234383403202,-0.260964901700189
-0.1499158960865207,-0.24641716332661803
-0.1387594665477927,-0.23186943460771034
-0.24371004851894737,-0.2508287562616157
-0.23255360077143591,-0.2362810178880446
-0.2213971712327079,-0.22173328916913704
-0.21024071947271689,-0.20718553147421095
-0.19908427882335744,-0.1926377882672942
-0.1916466665379598,-0.1829393121133618
-0.1963904261123488,-0.18766343000953906
-0.1137527214274336,-0.1977995754481124
-0.10631510358672021,-0.18810109205017556
-0.09041487558639284,-0.16882919472705865
0.04882883523138833,-0.22304622458301435
0.06370406535749935,-0.2036492650311451
0.07857936214739952,-0.18425221855122104
-0.24371004851894737,-0.2508287562616157
-0.23255360077143591,-0.2362810178880446
-0.2213971712327079,-0.22173328916913704
-0.16107234383403202,-0.260964901700189
-0.1387594665477927,-0.23186943460771034
-0.006953361071264422,-0.2957849315625925
0.004203075411608257,-0.2812371937886793
0.015359513283309846,-0.2666894542037647
0.026515948377353604,-0.2521417182408526
0.18063470538532564,-0.28696171843135515
0.19179114047936938,-0.27241398246844295
-0.16107234383403202,-0.260964901700189
-0.1499158960865207,-0.24641716332661803
-0.1387594665477927,-0.23186943460771034
0.004203075411608257,-0.2812371937886793
0.015359513283309846,-0.2666894542037647
0.026515948377353604,-0.2521417182408526
-0.1536347050068773,-0.2512664050255864
-0.13504065917027205,-0.2270201808313915
-0.11644658401425192,-0.20277393249452413
-0.2744437090771311,-0.2444624953124592
-0.2632872712054296,-0.22991475572754472
-0.2558496478094004,-0.22021626508560319
-0.2511476641224102,-0.2605272508314022
-0.24371004851894737,-0.2508287562616157
-0.24371004851894737,-0.2508287562616157
-0.23255360077143591,-0.2362810178880446
-0.23255360077143591,-0.2362810178880446
-0.2213971712327079,-0.22173328916913704
-0.1685099594374948,-0.2706633962699756
-0.16107234383403202,-0.260964901700189
-0.15875092844373562,-0.2586530981996559
-0.1499158960865207,-0.24641716332661803
-0.1499158960865207,-0.24641716332661803
-0.1475944806962243,-0.24410535982608483
-0.1401568573001951,-0.23440686918414333
-0.13504065917027205,-0.2270201808313915
-0.13170993177816237,-0.22370324441553627
-0.006953361071264422,-0.2957849315625925
0.004203075411608257,-0.2812371937886793
0.015359513283309846,-0.2666894542037647
0.06859105347777787,-0.30714605173556997
0.06859105347777787,-0.30714605173556997
0.15832183103075137,-0.316057195790183
0.15122851126744913,-0.3172821668905566
0.15122851126744913,-0.3172821668905566
0.24096027640139855,-0.3261934320795166
0.24096027640139855,-0.3261934320795166
0.32359745766839665,-0.33632951331688604
0.32359745766839665,-0.33632951331688604
0.3459103320229709,-0.3072340359580583
-0.2639559303293494,-0.2324292824033449
-0.2490806835372912,-0.2130323011194619
-0.24371004851894737,-0.2508287562616157
-0.23255360077143591,-0.2362810178880446
-0.21767835397937765,-0.21688403660416158
-0.2280117010947691,-0.23175792408265364
-0.21313645430271072,-0.21236094279877069
-0.14537399640985382,-0.24189406952122697
-0.13049875949360526,-0.22249708702600057
-0.16107234383403202,-0.260964901700189
-0.1499158960865207,-0.24641716332661803
-0.13504065917027205,-0.2270201808313915
0.01990141295997668,-0.26216636039837377
0.03477665975203502,-0.24276937911449076
-0.24371004851894737,-0.2508287562616157
-0.23255360077143591,-0.2362810178880446
-0.16107234383403202,-0.260964901700189
-0.1499158960865207,-0.24641716332661803
-0.24371004851894737,-0.2508287562616157
-0.23255360077143591,-0.2362810178880446
-0.2213971712327079,-0.22173328916913704
-0.24371004851894737,-0.2508287562616157
-0.23255360077143591,-0.2362810178880446
-0.2213971712327079,-0.22173328916913704
-0.3040348703623075,-0.21159713648655895
-0.2928784241576322,-0.1970493860356376
-0.28172198350827277,-0.1825016428287208
-0.27902813079726413,-0.17752728457096564
-0.26684675338216163,-0.16310468327685157
-0.27159051295655073,-0.16782880117302876
0.008712341076524278,-0.2763961422095555
0.0273435701843327,-0.2521014459701066
0.17431813578602612,-0.2967089573711853
0.1929493648938345,-0.2724142611317364
-0.25087507678625054,-0.2605037219983705
-0.23969635098772854,-0.24592691946711076
-0.16807217943149952,-0.2706601295791854
-0.15689345363297758,-0.25608332704792564
-0.1382622245251692,-0.23178863080847667
-0.0024663847219976685,-0.2909729447408153
0.008712341076524278,-0.2763961422095555
0.0273435701843327,-0.2521014459701066
-0.24714883763106762,-0.25564479144328617
-0.15689345363297758,-0.25608332704792564
-0.1382622245251692,-0.23178863080847667
0.008712341076524278,-0.2763961422095555
0.0273435701843327,-0.2521014459701066
-0.25087507678625054,-0.2605037219983705
-0.23969635098772854,-0.24592691946711076
-0.16807217943149952,-0.2706601295791854
-0.15689345363297758,-0.25608332704792564
-0.1382622245251692,-0.23178863080847667
-0.0024663847219976685,-0.2909729447408153
0.0012598544331851099,-0.286114014185731
0.008712341076524278,-0.2763961422095555
0.0273435701843327,-0.2521014459701066
-0.25087507678625054,-0.2605037219983705
-0.23969635098772854,-0.24592691946711076
-0.16807217943149952,-0.2706601295791854
-0.15689345363297758,-0.25608332704792564
-0.1382622245251692,-0.23178863080847667
-0.0024663847219976685,-0.2909729447408153
0.008712341076524278,-0.2763961422095555
0.0273435701843327,-0.2521014459701066
-0.25087507678625054,-0.2605037219983705
-0.23969635098772854,-0.24592691946711076
-0.16807217943149952,-0.2706601295791854
-0.15689345363297758,-0.25608332704792564
-0.1382622245251692,-0.23178863080847667
-0.0024663847219976685,-0.2909729447408153
0.008712341076524278,-0.2763961422095555
0.0273435701843327,-0.2521014459701066
-0.16434594027631672,-0.26580119902410115
-0.15316721170013692,-0.2512243928708392
0.0012598544331851099,-0.286114014185731
0.012438583009364942,-0.27153720803246895
0.15568690667821766,-0.3210036536106344
0.16686564914268692,-0.3064268293473608
0.17804437771886675,-0.29185002319409886
-0.3224992483424795,-0.2357705118862957
-0.303868019234671,-0.2114758156468468
-0.2852367873492047,-0.1871811157853956
-0.25626970906494695,-0.07926880997607079
-0.24881348612394885,-0.06954606595328167
-0.1734254098775458,-0.08943029580777336
-0.1734254098775458,-0.08943029580777336
-0.16596918693654775,-0.07970755178498422
-0.007736841254607696,-0.10975326382188508
-0.0002806183136096493,-0.10003051979909598
-0.1734254098775458,-0.08943029580777336
-0.16224108522868277,-0.07484619250384103
-0.007736841254607696,-0.10975326382188508
-0.24508538441608385,-0.06468470667213849
-0.23017294550739795,-0.04523922771959689
-0.16224108522868277,-0.07484619250384103
-0.1473286463199967,-0.05540071355129944
-0.2682365319736236,-0.04159161707719271
-0.27308122496206827,-0.04641625046960976
-0.16596918693654775,-0.07970755178498422
-0.15478486368234676,-0.06512345029965924
-0.1398724261683227,-0.045677973165724986
-0.007736841254607696,-0.10975326382188508
-0.0002806183136096493,-0.10003051979909598
0.010903704940591346,-0.085446418313771
0.07510740338770897,-0.11991474296321654
0.15795214389443052,-0.13007628292610332
0.24079613068725667,-0.14023773044022603
0.3236400778109303,-0.1503991730886243
-0.24637079293777803,-0.022042102329724932
-0.23518646600727533,-0.007457996050586611
-0.17471081590736245,-0.04678769701733249
-0.16352648758108665,-0.032203588918138015
-0.15234216065058392,-0.0176194826389997
-0.009022205193979723,-0.06711067019415866
0.0021621231322961135,-0.052526562094964195
0.1566661138036931,-0.08743338622458688
-0.2575551212640539,-0.0366262104289194
-0.24637079293777803,-0.022042102329724932
-0.17471081590736245,-0.04678769701733249
-0.16352648758108665,-0.032203588918138015
-0.15234216065058392,-0.0176194826389997
-0.009022205193979723,-0.06711067019415866
0.0021621231322961135,-0.052526562094964195
0.013346474171036475,-0.037943600446118685
-0.29607735927897183,-0.015945212446257382
-0.28116492523266573,0.0035002601658521678
-0.24637079293777803,-0.022042102329724932
-0.23145836475489542,-0.0025964074434265895
-0.16352648758108665,-0.032203588918138015
-0.14861405353478044,-0.012758116306028463
-0.13742972102118534,0.0018259972533344383
-0.12624539129913645,0.016410107172585106
-0.13510830563088896,0.004137800753867599
-0.12392397590884006,0.018721910673118257
-0.1328878213445185,0.006349091058725437
-0.12170349162246956,0.020933200977976067
0.03280078936886424,-0.013973882118100736
0.04398511460821809,0.0006104500686300935
-0.24637079293777803,-0.022042102329724932
-0.23518646600727533,-0.007457996050586611
-0.16352648758108665,-0.032203588918138015
-0.16352648758108665,-0.032203588918138015
-0.15234216065058392,-0.0176194826389997
-0.15234216065058392,-0.0176194826389997
-0.13742972102118534,0.0018259972533344383
0.0021621231322961135,-0.052526562094964195
0.013346474171036475,-0.037943600446118685
0.0282588896921974,-0.018496975923491723
-0.24637079293777803,-0.022042102329724932
-0.23518646600727533,-0.007457996050586611
-0.16352648758108665,-0.032203588918138015
-0.15234216065058392,-0.0176194826389997
-0.15898458790441977,-0.027680495112747033
-0.14780026097391707,-0.013096388833608698
-0.12915974493572285,0.011210417350461447
-0.10679105757616335,0.04037867359008564
0.0021621231322961135,-0.052526562094964195
0.013346474171036475,-0.037943600446118685
-0.27950846564377596,-0.017978655024758535
-0.26832417028461203,-0.0033934036065417206
-0.24637079293777803,-0.022042102329724932
-0.23518646600727533,-0.007457996050586611
-0.16352648758108665,-0.032203588918138015
-0.15234216065058392,-0.0176194826389997
-0.15898458790441977,-0.027680495112747033
-0.14780026097391707,-0.013096388833608698
-0.12915974493572285,0.011210417350461447
-0.10679105757616335,0.04037867359008564
-0.009022205193979723,-0.06711067019415866
0.0021621231322961135,-0.052526562094964195
0.013346474171036475,-0.037943600446118685
0.07553796638431436,-0.07556457791020758
0.07382213761757357,-0.07727330223668862
0.15838194257043392,-0.08572466189810585
0.1566661138036931,-0.08743338622458688
0.16785044601520346,-0.0728494999671849
0.17903476917448,-0.058265171697589824
0.20637380557645665,-0.09353063551606819
0.23951059673642308,-0.09759511595929578
0.32235431842881285,-0.10775630959158702
-0.3031183118841906,0.02214896799536026
-0.29566206008649515,0.03187056153209383
-0.2844777623474423,0.04645581786077797
-0.2770215481158354,0.056178550526720446
-0.2817653076902245,0.05145443263054324
-0.2817653076902245,0.05145443263054324
-0.26956530596876677,0.06590131959378595
-0.2743090655431559,0.061177201697608714
-0.2724796484391685,0.06070164433211143
-0.257567192060493,0.08014714606511943
-0.2511476641224102,-0.2605272508314022
-0.24371004851894737,-0.2508287562616157
-0.1685099594374948,-0.2706633962699756
-0.16107234383403202,-0.260964901700189
-0.1499158960865207,-0.24641716332661803
-0.13504065917027205,-0.2270201808313915
0.015359513283309846,-0.2666894542037647
0.030234760075368183,-0.24729247291988174
-0.23255360077143591,-0.2362810178880446
-0.2213971712327079,-0.22173328916913704
-0.21024071947271689,-0.20718553147421095
-0.20280310163200355,-0.19748704807627404
-0.1387594665477927,-0.23186943460771034
-0.12760301478780167,-0.21732167691278437
0.026515948377353604,-0.2521417182408526
0.037672394582028874,-0.23759396778993117
0.04882883523138833,-0.22304622458301435
-0.1499158960865207,-0.24641716332661803
-0.1387594665477927,-0.23186943460771034
-0.13132184191694174,-0.22217092826641627
-0.120165406822898,-0.20762319230350398
-0.120165406822898,-0.20762319230350398
-0.10900896185304455,-0.1930754575519352
-0.10900896185304455,-0.1930754575519352
-0.10157134401233113,-0.1833769741539983
-0.10157134401233113,-0.1833769741539983
-0.06727830003551276,-0.2565532954404131
-0.05612187049678475,-0.24200556672150556
0.015359513283309846,-0.2666894542037647
0.026515948377353604,-0.2521417182408526
0.026515948377353604,-0.2521417182408526
0.03395357732869852,-0.24244322035490648
0.045110012422742235,-0.2278954843919942
0.0979972475956544,-0.27682560327636857
0.1091536771343824,-0.26227787455746093
0.18063470538532564,-0.28696171843135515
0.19179114047936938,-0.27241398246844295
-0.23255360077143591,-0.2362810178880446
-0.2213971712327079,-0.22173328916913704
-0.21024071947271689,-0.20718553147421095
-0.1387594665477927,-0.23186943460771034
-0.12760301478780167,-0.21732167691278437
0.015359513283309846,-0.2666894542037647
0.022797136679339025,-0.25699096356182327
0.030234760075368183,-0.24729247291988174
-0.23255360077143591,-0.2362810178880446
-0.21024071947271689,-0.20718553147421095
-0.20280310163200355,-0.19748704807627404
-0.1499158960865207,-0.24641716332661803
-0.1387594665477927,-0.23186943460771034
-0.1387594665477927,-0.23186943460771034
-0.13132184191694174,-0.22217092826641627
-0.12760301478780167,-0.21732167691278437
-0.23255360077143591,-0.2362810178880446
-0.2213971712327079,-0.22173328916913704
-0.21024071947271689,-0.20718553147421095
-0.1963904261123488,-0.18766343000953906
-0.1499158960865207,-0.24641716332661803
-0.1387594665477927,-0.23186943460771034
-0.12760301478780167,-0.21732167691278437
-0.23255360077143591,-0.2362810178880446
-0.2213971712327079,-0.22173328916913704
-0.21024071947271689,-0.20718553147421095
-0.1963904261123488,-0.18766343000953906
-0.1387594665477927,-0.23186943460771034
-0.12760301478780167,-0.21732167691278437
0.026515948377353604,-0.2521417182408526
0.037672394582028874,-0.23759396778993117
0.045110012422742235,-0.2278954843919942
-0.1424782726904915,-0.2367186726846765
-0.13504065917027205,-0.2270201808313915
0.022797136679339025,-0.25699096356182327
0.030234760075368183,-0.24729247291988174
-0.1499158960865207,-0.24641716332661803
-0.1387594665477927,-0.23186943460771034
-0.12760301478780167,-0.21732167691278437
-0.1499158960865207,-0.24641716332661803
-0.1387594665477927,-0.23186943460771034
-0.12760301478780167,-0.21732167691278437
-0.05612187049678475,-0.24200556672150556
-0.044965418736793716,-0.22745780902657953
-0.053800455106488364,-0.2396937632209724
-0.04264400334649734,-0.22514600552604638
0.019078324981324425,-0.26184020888279397
0.026515948377353604,-0.2521417182408526
0.037672394582028874,-0.23759396778993117
0.028837363767649997,-0.24982991474031938
0.03999380997232525,-0.23528216428939794
-0.1257524829835533,0.1552561856816735
-0.09592757043884305,0.19414721134309498
-0.12857855389347939,0.15244181620276354
-0.09814805472521351,0.19193592103823715
-0.06459501987134761,0.23568828789904442
-0.14893494053544407,0.12642623113768328
-0.13029438266022014,0.1507330918762825
-0.1116538529087823,0.17503991594210844
0.016753496986476147,0.10610328001531273
0.035394052115138616,0.13041014027959824
0.054034581866576475,0.1547169643454243
-0.1452068233356421,0.1312876106199578
-0.13029438266022014,0.1507330918762825
-0.11538194760955546,0.17017856579805252
0.020481611439716687,0.11096465902327356
0.035394052115138616,0.13041014027959824
0.05030648716580331,0.14985561420136828
-0.1615259293254649,0.10929259786353322
-0.12797296726992374,0.1530448953768156
-0.1452068233356421,0.1312876106199578
-0.13029438266022014,0.1507330918762825
-0.11538194760955546,0.17017856579805252
0.020481611439716687,0.11096465902327356
0.035394052115138616,0.13041014027959824
0.05030648716580331,0.14985561420136828
0.11823793952732432,0.12024870495526997
0.13315037457798903,0.13969417887703994
-0.1615259293254649,0.10929259786353322
-0.12797296726992374,0.1530448953768156
-0.1452068233356421,0.1312876106199578
-0.13029438266022014,0.1507330918762825
-0.11538194760955546,0.17017856579805252
0.016753496986476147,0.10610328001531273
0.020481611439716687,0.11096465902327356
0.035394052115138616,0.13041014027959824
0.05030648716580331,0.14985561420136828
-0.1615259293254649,0.10929259786353322
-0.12797296726992374,0.1530448953768156
-0.1452068233356421,0.1312876106199578
-0.13029438266022014,0.1507330918762825
-0.11538194760955546,0.17017856579805252
-0.10792571291386628,0.17990135072851385
-0.062362775935338184,0.12112615567186517
-0.04745033525991627,0.14057163692818986
-0.03253789688923059,0.1600171372170259
-0.02508166306308612,0.1697398702888225
0.035394052115138616,0.13041014027959824
0.05030648716580331,0.14985561420136828
0.057762722471109806,0.15957839905705537
-0.2728005452490309,0.19988598144226147
-0.25416003511842594,0.2241927830301099
-0.2959829746771356,0.17105606357104453
-0.27734244492569776,0.1953628876368706
-0.2587019347950929,0.21966968922471905
-0.18615169106385007,-0.020320488416210435
-0.11640257032563835,0.5948993954908032
-0.17525797545598984,-0.44358882088018226
-0.17525797545598984,-0.44358882088018226
-0.3420756255427372,0.2065381795992339
-0.05817419898045923,0.5091751573257844
-0.2920592233349757,-0.32720480567419713
-0.15088698813086715,0.12129876359655327
-0.32384421938055863,-0.08123072159300755
-0.3240460815884105,-0.08143174798435825
-0.3242479437962623,-0.08163277437570894
-0.32444980600411427,-0.08183380076705969
-0.3256609792512254,-0.08303995911516393
-0.32687215249833645,-0.0842461174632682
-0.3280833257454477,-0.08545227581137248
-0.3288907741918336,-0.08625638099334788
-0.34458159414281264,-0.1080851916311032
-0.34579276738992387,-0.1092913499792074
-0.347003940637035,-0.11049750832731171
-0.3482151138841461,-0.1117036666754159
-0.29923869123736563,-0.049145676178609515
-0.29944055344521747,-0.049346702569960224
-0.2998442778609211,-0.04974875535266163
-0.3010554511080323,-0.0509549137007659
-0.3022666243551435,-0.05216107204887014
-0.30347779760225463,-0.053367230396974406
-0.3285406756494014,-0.028894088008194554
-0.32997777209615353,0.11031157745994023
-0.330179634689027,0.11011055068516212
-0.3255127425316236,-0.025878692137933874
-0.3259164669473273,-0.026280744920635295
-0.32611832915517924,-0.02648177131198602
-0.3273295024022903,-0.027687929660090302
-0.3297518488965126,-0.03010024635629879
-0.17880726716626563,-0.37616131641845546
-0.1884966531431549,-0.3858105832032895
-0.2030307321084888,-0.4002844833805407
-0.25038005341392994,0.060857013363589466
-0.25038005341392994,0.060857013363589466
-0.25038005341392994,0.060857013363589466
-0.25038005341392994,0.060857013363589466
-0.2875229393186243,0.049230313531461296
-0.25038005341392994,0.060857013363589466
-0.25038005341392994,0.060857013363589466
-0.09511230168686437,0.14008621940591268
-0.29304637802011746,0.05348881111897394
-0.29304637802011746,0.05348881111897394
-0.257463449558745,0.0516204269480509
-0.24627917953385928,0.06620445902356746
-0.23211231665699802,0.08467772389877756
-0.2708846361641881,0.03411950686030717
0.03736957248884853,-0.848605298840408
0.03736957248884853,-0.848605298840408
0.03736957248884853,-0.848605298840408
-0.16213746501895554,-0.5912857323467089
-0.16213746501895554,-0.5912857323467089
-0.16213746501895554,-0.5912857323467089
-0.20184739447248862,-0.5400687830093763
-0.20184739447248862,-0.5400687830093763
-0.20184739447248862,-0.5400687830093763
-0.08191060506930442,-0.6959011633935597
-0.08191060506930442,-0.6959011633935597
-0.08191060506930442,-0.6959011633935597
-0.24160242764646686,-0.4899343410124858
-0.24160242764646686,-0.4899343410124858
-0.24160242764646686,-0.4899343410124858
-0.24160242764646686,-0.4899343410124858
-0.27338752699965213,-0.44893865440067454
-0.27338752699965213,-0.44893865440067454
-0.27338752699965213,-0.44893865440067454
-0.22862621316597323,-0.516926002644287
-0.17804592897853114,-0.4683112216070584
-0.3389935641990414,-0.004211405610653936
-0.26249762333165155,-0.22596184216260634
-0.26249762333165155,-0.22596184216260634
-0.40018655634527167,0.12437988287368835
2.0236773399298187,-1.1655969200413374
0.7563815297332219,-0.6012819769084675
-0.39116057762505935,-0.2594031266792496
-0.42004987283004525,-0.18361950219295006
-0.16114366784122172,-0.01758742895029326
1.3824504430544742,-2.3111849220609564
1.4002281452060366,-2.308114826239338
0.6034617926133862,-1.1546754500223828
0.593772406636497,-1.1643247168072175
0.5743936346827184,-1.183623250376885
0.5622819022116069,-1.1956848338579278
0.5510300655229584,-1.2135798975197694
0.1999733436690265,-0.7777310636365277
-0.18617890087277608,-0.5154181660365219
-0.19829063334388763,-0.5274797495175646
-0.18375655437855376,-0.5130058493403133
-0.17891186139010914,-0.5081812159478964
-0.17891186139010914,-0.5081812159478964
-0.17891186139010914,-0.5081812159478964
-0.17648951489588682,-0.5057688992516877
-0.17396072444077249,-0.5091251607980458
-0.18849480340610636,-0.5235990609752968
-0.17396072444077249,-0.5091251607980458
-0.17396072444077249,-0.5091251607980458
-0.17396072444077249,-0.5091251607980458
-0.17153837794655014,-0.5067128441018371
-0.17153837794655014,-0.5067128441018371
-0.13565949739803265,-0.4963860153281189
-0.04701418248365245,-0.4449054912463809
-0.008783070452430153,-0.4322024316021669
0.02253089379790372,-0.4195680099228721
0.027375586786348338,-0.41474337653045495
0.03464262626901528,-0.40750642644182944
-0.18780335954116104,-0.5225065196014603
-0.1974927455180503,-0.5321557863862942
-0.18780335954116104,-0.5225065196014603
-0.18538101304693877,-0.5200942029052519
-0.18295866655271642,-0.5176818862090434
-0.18053632005849407,-0.5152695695128348
-0.18053632005849407,-0.5152695695128348
-0.1781139735642718,-0.5128572528166262
-0.1810594055682115,-0.5272472772204528
-0.20294616591444412,-0.561243326698602
-0.20402265117924448,-0.5687169428254022
-0.18918585901482735,-0.5224968625956964
-0.20371993798016114,-0.5369707627729474
-0.18918585901482735,-0.5224968625956964
-0.18918585901482735,-0.5224968625956964
-0.186763512520605,-0.5200845458994877
-0.18434116602638267,-0.5176722292032792
-0.18434116602638267,-0.5176722292032792
-0.21489165582797434,-0.5501853158147233
-0.22120418794050353,-0.5585930936044933
-0.22604884396687405,-0.5634176901878789
-0.2163594579899847,-0.5537684234030449
-0.22573012185127583,-0.17480320261128449
-0.24510889380505432,-0.19410173618095267
-0.22573012185127583,-0.17480320261128449
-0.22573012185127583,-0.17480320261128449
-0.22573012185127583,-0.17480320261128449
-0.22573012185127583,-0.17480320261128449
-0.22573012185127583,-0.17480320261128449
-0.24421152680179495,-0.1703850631976238
-0.24775848158786398,-0.1639482124471295
-0.24291378859941926,-0.15912357905471236
-0.23806912025235752,-0.1542989702016498
-0.18295868099322493,-0.517681868563779
-0.19749275995855883,-0.53215576874103
-0.18295868099322493,-0.517681868563779
-0.18295868099322493,-0.517681868563779
-0.18295868099322493,-0.517681868563779
-0.18295868099322493,-0.517681868563779
-0.18053633449900258,-0.5152695518675704
-0.21012756349887926,-0.5561950775749551
-0.1956791264317771,-0.5540063766099761
-0.18222149576916954,-0.5470060557504939
-0.17832693107913775,-0.5497438147976811
-0.18559397056180468,-0.5569807648863065
-0.4469742293146584,-0.37816557059360795
-0.38367905761903665,0.6315937852361855
0.647604456357948,0.39092491462933815
0.66059225736836,0.3754497769290789
-0.09293750102313282,-0.63688632869628
0.042868890147531175,0.13724530582295327
0.10224578187358645,0.17196747073793925
1.844432629979996,-0.263455114409677
-0.06446815051623629,-0.07932615140553685
-0.05573526722830178,0.21064419626654357
-0.0829549113610836,-0.7407206849287504
0.2642262915653342,-0.8590638324915805
0.2618039450711118,-0.8614761491877888
0.2729611757706208,-0.9347472022797272
0.26690530953506497,-0.9407779940202483
0.26448296304084284,-0.9431903107164568
0.27217778831602407,-1.076164157669292
0.2673330953275795,-1.0809887910617095
-0.23535086929748714,0.49454133076681117
-0.2183944438379309,0.5114275476402708
-0.2370350092556963,0.4871206770663704
-0.07547014021004472,0.3784220370441169
-0.07789248670426709,0.37600972034790836
-0.0803148331984894,0.37359740365169986
-0.08273717969271166,0.37118508695549146
-0.08394835293982285,0.36997892860738707
-0.08515952618693397,0.3687727702592829
-0.08637069943404517,0.36756661191117856
-0.08758187268115632,0.3663604535630743
-0.09000421917537864,0.3639481368668657
-0.09727125865804556,0.35671118677824015
-0.10696064463493485,0.3470619199934062
-0.12391707009449099,0.3301757031199465
-0.07478568294202169,0.15408476177777947
-0.07963037593046633,0.1492601283853625
-0.0893197619073556,0.1396108616005283
-0.1062761873669118,0.12272464472706865
-0.12323261282646801,0.10583842785360906
-0.3481861913716106,-0.4506960272891586
2.6988941172874834,-1.9149514374868468
1.8865073202636715,-1.4527611158850484
0.11760642180224984,-0.35257298078722704
-0.2048567010528562,-0.34011477657399247
-0.30615901231573656,-0.25110509560133476
-0.3203811279218808,-0.25356116429484427
-0.16082340857156324,-0.4593550234329762
-0.2919368967095923,-0.2486490269078251
-0.2919368967095923,-0.2486490269078251
-0.147132359450851,-0.5813233962555949
-0.15682174542774024,-0.590972663040429
-0.22464753967115053,-0.6585176225568465
0.03469327981716458,-0.8451790718930763
0.05592038940991964,-0.8415133889697702
-0.18840535872078534,-0.29165956474856397
-0.11619519523282405,-0.6069188222893462
0.03962612926620442,-0.9007269225531143
0.10866302241475488,-0.9091947972055223
0.536931284369765,-1.5380513044854802
-0.014162653377064157,-0.7991301158236551
-0.12438050814128883,-0.6513471328996764
-0.19785918309621797,-0.5528250033466198
-0.2713379303157247,-0.45430277689932774
-0.3203236878884414,-0.3886213916975103
-0.3448165855621326,-0.3557806737719719
-0.1288222814545313,-0.5612928904409697
-0.08141521156553969,-0.5531060123255259
-0.25608117991839086,-0.5526844812450579
-0.22156271023673052,-0.5569184513643267
-0.23341448567444464,-0.5589651575364565
-0.26793294306479504,-0.554731205180715
-0.3199295618699781,-0.4348914345276059
-0.22156271023673052,-0.5569184513643267
-0.0832009252392579,-0.8508419634732133
-0.14309344316038383,-0.7802158915025262
-0.15197246668317918,-0.5841532448170832
-0.14712777369473454,-0.5793286114246662
-0.14712777369473454,-0.5793286114246662
-0.14712777369473454,-0.5793286114246662
-0.14286113901289124,-0.5785917908166133
-0.15769598362805667,-0.14596337531399162
-0.19386245273270764,-0.18774494291010135
-0.17448368077892915,-0.16844640934043326
-0.15735853701464672,-0.15715700316836284
-0.15735853701464672,-0.15715700316836284
-0.159780883508869,-0.15956931986457132
-0.1880055017673211,-0.216501066489386
-0.15409265084820867,-0.18272863274246667
-0.15240557325673262,-0.23869654083789427
-0.14734430934062612,-0.40660175505199236
-0.15441463710121617,-0.5775257853993015
-0.1520064607342993,-0.5796124958082264
-0.31667207002328895,0.2176108152083364
-0.2801681195982499,0.24819884531124092
-0.34988787473106203,0.16267332153318603
-0.2893292123755042,0.22298123893839897
-0.2893292123755042,0.22298123893839897
-0.4367609824066429,0.020519827569192586
-0.4488727518398285,0.008458207279118429
-0.28241411625890894,0.38972211231958054
-0.338505350101738,0.24970123583461795
-0.12581900675814262,-0.2580066697286648
-0.12692924851630624,-0.2591123144976663
-0.12783762825912884,-0.2600169330670308
-0.13046183792375704,-0.26263027711315845
-0.1328841832629145,-0.2650425926590847
-0.13712329039784676,-0.2692641476443046
-0.14257357000984697,-0.27469186021077363
-0.14741826145820516,-0.2795164920694811
-0.03552949502884711,-0.8019054305258162
-0.03552949502884711,-0.8019054305258162
-0.03552949502884711,-0.8019054305258162
-0.03552949502884711,-0.8019054305258162
-0.38483342048862795,0.18040640500334013
-0.38483342048862795,0.18040640500334013
-0.38483342048862795,0.18040640500334013
-0.38483342048862795,0.18040640500334013
-0.38483342048862795,0.18040640500334013
-0.38483342048862795,0.18040640500334013
-0.2582184090622854,0.07342830589906248
-0.21808255437300317,0.014797617995655314
-0.14110679874948626,0.015913014725017605
0.2582721231307964,-0.04363092028397348
0.5423586222734307,-0.0679192375881165
-0.1936101218401078,-0.03202623228544762
-0.3589531440097739,-0.38627890187377373
-0.3305089127974855,-0.3813667644867546
-0.3299564796685831,-0.3366490608888396
-0.3015122484562947,-0.3317369235018204
-0.3686703246881598,-0.37791775318817167
-0.34022609347587124,-0.37300561580115266
-0.3714365445406574,0.02785000592977217
-0.3429923119702365,0.03276214355133202
-0.34243987986427904,0.07747984862055912
-0.31399564729385815,0.08239198624211902
-0.38115372582454327,0.03621115326930849
-0.3527094932541223,0.04112329089086833
-0.3719439335390117,0.044682382353571456
-0.34349970041990313,0.04959452006988614
-0.3429472764546261,0.09431221567313727
-0.3145030433355174,0.099224353389452
-0.3816611150190367,0.05304352884470873
-0.3532168818999282,0.057955666561023474
-0.3589531440097739,-0.38627890187377373
-0.3305089127974855,-0.3813667644867546
-0.3299564796685831,-0.3366490608888396
-0.3015122484562947,-0.3317369235018204
-0.3686703246881598,-0.37791775318817167
-0.34022609347587124,-0.37300561580115266
-0.3714365445406574,0.02785000592977217
-0.3429923119702365,0.03276214355133202
-0.34243987986427904,0.07747984862055912
-0.31399564729385815,0.08239198624211902
-0.38115372582454327,0.03621115326930849
-0.3527094932541223,0.04112329089086833
-0.3719439335390117,0.044682382353571456
-0.34349970041990313,0.04959452006988614
-0.3429472764546261,0.09431221567313727
-0.3145030433355174,0.099224353389452
-0.3816611150190367,0.05304352884470873
-0.3532168818999282,0.057955666561023474
-0.3589531440097739,-0.38627890187377373
-0.3305089127974855,-0.3813667644867546
-0.3299564796685831,-0.3366490608888396
-0.3015122484562947,-0.3317369235018204
-0.3686703246881598,-0.37791775318817167
-0.34022609347587124,-0.37300561580115266
-0.3714365445406574,0.02785000592977217
-0.3429923119702365,0.03276214355133202
-0.34243987986427904,0.07747984862055912
-0.31399564729385815,0.08239198624211902
-0.38115372582454327,0.03621115326930849
-0.3527094932541223,0.04112329089086833
-0.3719439335390117,0.044682382353571456
-0.34349970041990313,0.04959452006988614
-0.3429472764546261,0.09431221567313727
-0.3145030433355174,0.099224353389452
-0.3816611150190367,0.05304352884470873
-0.3532168818999282,0.057955666561023474
-0.19720059155215425,-0.5032285275656905
-0.23113583458230125,0.26906076791542516
-0.23303543212439803,0.34917454614553983
-0.2725453524731294,0.23207574892712757
-0.3138963756729515,0.2471506655036513
-0.25355414630867906,0.23245576847751037
-0.236985285342251,0.23042347117269574
-0.31130289638068637,0.19347868178779123
-0.2919241244269078,0.2127772153574594
-0.3138963756729515,0.2471506655036513
-0.2822347384500185,0.22242648214229355
-0.2822347384500185,0.22242648214229355
-0.25801127350779535,0.24654964910437877
-0.2507442340251285,0.2537865991930043
-0.2507442340251285,0.2537865991930043
-0.36545243067956745,0.11659718468819846
-0.3485839929848903,0.14486498527685665
-0.2739338202279394,0.23071078386961297
-0.21319124835143247,0.3038019914853612
-0.3392791721457961,0.20659329342384783
-0.3213289504363666,0.21391073049426945
-0.1831731956383914,0.2612875641701941
-0.31548487779287193,0.20201432443289244
-0.27000319937926914,0.2288560817447237
-0.2594551022959151,0.21167594362437542
-0.3638400710548995,0.19366369084022492
-0.3496179555651219,0.19611975951363864
-0.24721875208755822,0.2138034491183627
-0.3295643702275793,0.19303111292973135
-0.1917141629196663,0.24012560093968327
-0.30967944749278714,0.2172772141354509
-0.33302245404417,0.200952879040513
-0.24707849124233064,0.16752395205185439
-0.24922879995915478,0.26680404161695637
-0.18136419714428084,0.35738285860871194
-0.25532405516992485,0.1927484447320556
-0.25373313160433947,0.18739729517358167
-0.3114741791645966,0.21198268567228754
-0.3499730450973787,0.14953837545456874
-0.2859423769748951,0.22564768676358243
-0.23553414123170568,0.28964436127357984
-0.21889198781144836,0.5790022044654101
-0.23960426690993777,0.5283561576343614
-0.23546187005056582,0.5384852943444077
-0.2988129282023744,0.4421913628446564
-0.29467048986294286,0.4523205705507591
-0.29052802930335375,0.4624497565104142
-0.2669440664079153,0.4785230553145031
-0.26942915291250125,0.48946518905597614
-0.2545167299103562,0.5089106472667522
-0.2611442762344673,0.5097235664263321
-0.2372447174607463,0.5441228461695987
-0.2438722608221143,0.5449357649657756
-0.2192704222148214,0.5740305243692049
-0.2963176933566644,0.4877452804921448
-0.28000076105566407,0.49658162811739903
-0.19715364270570565,0.6140674617049405
-0.2037811845857022,0.6148803803194159
-0.18886877491631515,0.634325821144581
-0.2051857049952582,0.6254894732467744
-0.25534449717192714,0.5409240503695353
-0.2801991590561375,0.4801488936336629
-0.27191423645434415,0.5004073224340458
-0.2636294034782196,0.5206656385913604
-0.26942915291250125,0.48946518905597614
-0.2611442762344673,0.5097235664263321
-0.248716953810559,0.5401111315733587
-0.23628961064662085,0.5704987322184131
-0.177467579237549,0.6802941072491888
-0.19244794009284252,-0.30914251796078024
-0.20455967256395413,-0.3212041014418228
-0.25856063769629684,0.18559694353223122
-0.24564145639377777,0.19846263257867663
-0.24564145639377777,0.19846263257867663
-0.18295651366364815,0.30313471425953165
-0.17245967885535143,0.3135880866097686
-0.23458532909471225,0.21792795118409616
-0.22489594311782296,0.22757721796893016
-0.22408849428641545,0.22838132353433316
-0.2380832631806744,-0.5725618700656326
-0.14812790862834238,-0.5814953212515238
-0.24386253928749482,-0.4580190069952716
-0.2119510496266041,-0.49917770890515967
-0.18003945059632973,-0.5403365518771513
-0.14812790862834238,-0.5814953212515238
-0.11621630008768688,-0.6226541764897852
-0.06834902993242131,-0.6843922753531294
-0.18003945059632973,-0.5403365518771513
-0.14812790862834238,-0.5814953212515238
-0.11621630008768688,-0.6226541764897852
-0.06834902993242131,-0.6843922753531294
0.011429810721975115,-0.7872891803896557
3.4091749631564774,-4.8655295175774915
3.409346077473483,-4.921613836394076
3.4095171917904894,-4.977698155210658
3.409688306107495,-5.033782474027243
3.4098594204245014,-5.089866792843828
3.4100305347415065,-5.145951111660413
3.410201649058512,-5.202035430476997
5.7798100492227915,-7.931444581338291
5.779981163539799,-7.987528900154876
5.780152277856804,-8.043613218971458
5.780323392173811,-8.099697537788046
5.780494506490816,-8.155781856604632
5.780665620807823,-8.211866175421214
5.7808367351248275,-8.267950494237798
7.741409421422887,-10.524221484211925
7.741580535739892,-10.58030580302851
7.741751650056898,-10.636390121845093
7.741922764373902,-10.692474440661679
7.742093878690909,-10.748558759478264
7.742264993007918,-10.804643078294845
9.72078172132043,-13.084120891217063
9.720952835637432,-13.140205210033645
9.72112394995444,-13.196289528850233
9.721295064271446,-13.252373847666815
9.72146617858845,-13.3084581664834
9.721637292905458,-13.364542485299983
13.67065623569841,-18.192448333808176
13.670827350015413,-18.248532652624757
13.670998464332422,-18.304616971441344
13.671169578649424,-18.360701290257925
13.671340692966432,-18.416785609074513
13.671511807283439,-18.4728699278911
19.616802953417192,-25.882531218100006
19.616974067734194,-25.9386155369166
19.6171451820512,-25.99469985573318
19.6173162963682,-26.05078417454977
19.61748741068521,-26.106868493366346
19.61765852500221,-26.162952812182933
3.430508187427943,-4.861845405753639
3.4306793017449486,-4.917929724570224
3.430850416061954,-4.974014043386808
3.4310215303789606,-5.030098362203394
3.4311926446959666,-5.086182681019978
3.4313637590129717,-5.142266999836562
3.4315348733299778,-5.198351318653146
5.813943203988158,-7.925550003122819
5.814114318305162,-7.981634321939401
5.81428543262217,-8.037718640755985
5.814456546939176,-8.093802959572571
5.81462766125618,-8.149887278389157
5.814798775573188,-8.205971597205739
5.814969889890191,-8.262055916022327
7.803445973797236,-10.482887937655427
7.803617088114241,-10.53897225647201
7.803788202431249,-10.595056575288593
7.803959316748254,-10.651140894105179
7.80413043106526,-10.70722521292176
7.804301545382267,-10.763309531738347
7.804472659699272,-10.819393850554931
9.776192707299204,-13.07455176720571
9.77636382161621,-13.130636086022298
9.776534935933213,-13.186720404838882
9.776706050250219,-13.24280472365547
9.776877164567228,-13.298889042472052
9.777048278884232,-13.35497336128863
13.747394225099699,-18.179196224734795
13.747565339416708,-18.23528054355138
13.747736453733717,-18.291364862367967
13.747907568050714,-18.347449181184555
13.748078682367723,-18.403533500001135
13.748249796684728,-18.459617818817716
19.725646196718696,-25.863734683901026
19.725817311035705,-25.919819002717613
19.725988425352703,-25.97590332153419
19.726159539669712,-26.03198764035077
19.72633065398672,-26.088071959167358
19.726501768303727,-26.144156277983942
-0.3155047040557623,-0.28393511248255776
-0.14715640910459327,-0.5387482842411309
-0.27235176963292457,0.2270598219318878
-0.2487556848943862,0.15987448696792997
0.4241298267592868,-0.7096837422014037
-0.039438854894962225,0.13450499340998953
-0.039438854894962225,0.13450499340998953
-0.039438854894962225,0.13450499340998953
-0.06850701282563,0.10555719305548737
-0.039438854894962225,0.13450499340998953
-0.039438854894962225,0.13450499340998953
-0.06850701282563,0.10555719305548737
-0.04947046950586301,0.23702436425832424
-0.04912824087185148,0.12485572662515555
-0.06850701282563,0.10555719305548737
-0.039438854894962225,0.13450499340998953
-0.039438854894962225,0.13450499340998953
-0.06850701282563,0.10555719305548737
-0.039438854894962225,0.13450499340998953
-0.039438854894962225,0.13450499340998953
0.007405575346484037,-0.08406639330609893
-0.36785115257010487,0.22327168832253536
-0.3593537057202441,-0.07799863821537674
-0.3594546368241701,-0.07809915141105206
-0.35955556792809595,-0.07819966460672736
-0.35965649903202196,-0.07830017780240273
-0.3604337191564962,-0.07194702311548873
-0.36046735949738845,-0.07198052416754458
-0.3605178250493514,-0.0720307807653823
-0.36061875615327726,-0.0721312939610577
-0.3615978196979019,-0.06597926198064116
-0.3616314600387941,-0.06601276303269703
-0.3616819255907571,-0.06606301963053465
-0.36178285669468296,-0.06616353282620996
-0.3627619235271553,-0.060011483990642746
-0.36277840556666385,-0.06002789778577431
-0.36279556386804757,-0.060044985042698625
-0.36284602942001065,-0.06009524164053632
-0.35965649903202196,-0.07830017780240273
-0.36061875615327726,-0.0721312939610577
-0.3616314600387941,-0.06601276303269703
-0.36277840556666385,-0.06002789778577431
-0.1241022171298506,-0.14561367260466468
-0.1241022171298506,-0.14561367260466468
-0.1241022171298506,-0.14561367260466468
-0.1241022171298506,-0.14561367260466468
-0.1241022171298506,-0.14561367260466468
-0.1241022171298506,-0.14561367260466468
-0.1241022171298506,-0.14561367260466468
-0.1241022171298506,-0.14561367260466468
-0.12360624904160859,0.023644415801842
-0.1335286412779414,0.021140897044947538
0.4966452463425569,0.19691651183148298
-0.3239690579821603,-0.3308979345506832
-0.32999409940667457,-0.3301589172173103
-0.2923453353913344,-0.26490764776704384
-0.2772883694540734,-0.29444743300005666
-0.23211745490954377,-0.3830667885215052
-0.2925098807120805,-0.26489165783146135
-0.27743922988484715,-0.2944327730649417
-0.23223817645180853,-0.3830550582560573
-0.23886578296525054,-0.15919515665723974
-0.24223994148946032,-0.04725934052120468
-0.2439270408967139,0.008708569382827663
-0.15692318391864454,-0.5307569138375394
-0.006322273614488946,-0.8261594068940469
0.44541691824808566,-1.7123558937470398
-0.2710499247390561,-0.2933293808006377
-0.22584674487298262,-0.3819512987703251
-0.2639506989694108,-0.2921033897706218
-0.21874515524708774,-0.3807248995174054
0.06257276628173039,-0.9747765602275911
0.04121822055551811,-0.9784643541307438
-0.0760032231417377,-0.7745051222518341
-0.1442609725454691,-0.6758583243256767
-0.15848308815161333,-0.6783143930191864
-0.21299894342862236,-0.5765175054033085
-0.2475225412579555,-0.5266236485371754
-0.25818379717502493,-0.5284647794642855
-0.28173698191398033,-0.47717658878154157
-0.2912183911171623,-0.47881396770315765
-0.31606585159273487,-0.4275641550312961
-0.20445233940391846,-0.41790050014738855
-0.045865824255688734,0.3630531589788987
-0.34040200958130834,0.1828947782684589
-0.34040200958130834,0.1828947782684589
-0.34040200958130834,0.1828947782684589
-0.34040200958130834,0.1828947782684589
-0.3399208482430364,0.16693245237881896
-0.3399208482430364,0.16693245237881896
-0.3399208482430364,0.16693245237881896
-0.3399208482430364,0.16693245237881896
-0.2617426595000949,-0.5305118384181654
-0.3142138934988106,-0.42757019536593976
-0.21411388515931407,-0.5461642652395766
-0.24156738112904697,0.24875968497251513
-0.2416683122329728,0.2486591717768397
-0.24176924333689875,0.24855865858116427
-0.24237482996045429,0.24795557940711221
-0.24398972762326918,0.24634736827630663
-0.2435510875299682,0.23179570831172658
-0.240986722172485,0.14672458930648186
-0.23751128192236642,0.03143016677425654
-0.19013970274662795,0.2929288720357546
-0.24398972762326918,0.24634736827630663
-0.2505554478012915,0.1912567730150817
-0.23588547966301782,-0.5093212746260835
0.059932727733927264,-0.8243872590691774
-0.08936286211120999,-0.6117676658564171
-0.17843944439214182,-0.48490908477575423
0.04711098020517663,-0.39903125961332775
-0.10195923591774268,-0.19388895340420279
-0.19081178582770197,-0.07446289446322377
0.08947602612456979,-0.7962927741977035
-0.06721648087520381,-0.5907073439687006
-0.1607063675178436,-0.46804564573918095
0.0641993624157705,-0.8236504384611246
-0.08616448533608917,-0.6112153265782841
-0.17587843023022937,-0.48446682814607395
0.05137761533785376,-0.3982944389274189
-0.0987608588042772,-0.19333661406763966
-0.18825078034275222,-0.0740206251434066
0.09374266125724694,-0.7955559535117944
-0.06401810381601208,-0.5901550046415103
-0.15814536202126375,-0.4676033764173554
-0.21212138330103916,0.34289362669098394
-0.20352542728369252,-0.12214531523179438
-0.13531883395786834,-0.5675685669555085
-0.13743838771784528,-0.5696793446398323
-0.14702684875115432,-0.5792281043638295
-0.15923950616584612,-0.5913901949057089
-0.1351169721350381,-0.5673675409475851
-0.13743838771784528,-0.5696793446398323
-0.14712777369473454,-0.5793286114246662
-0.15681715967162374,-0.5889778782095004
-0.1351169721350381,-0.5673675409475851
-0.13743838771784528,-0.5696793446398323
-0.14712777369473454,-0.5793286114246662
-0.15681715967162374,-0.5889778782095004
-0.1351169721350381,-0.5673675409475851
-0.13743838771784528,-0.5696793446398323
-0.14712777369473454,-0.5793286114246662
-0.15681715967162374,-0.5889778782095004
-0.1351169721350381,-0.5673675409475851
-0.13743838771784528,-0.5696793446398323
-0.14712777369473454,-0.5793286114246662
-0.15681715967162374,-0.5889778782095004
-0.055767320521961566,-0.6689520640061297
-0.05808873610476878,-0.6712638676983764
-0.06777812208165801,-0.6809131344832106
-0.07746750805854727,-0.6905624012680449
-0.03545183209104795,-0.6949602336830288
-0.03777324767385514,-0.6972720373752757
-0.047462633650744386,-0.7069213041601097
-0.057152019627633645,-0.716570570944944
0.13065674256960938,-0.9076147317155911
0.1283353269868021,-0.9099265354078377
0.11864594100991291,-0.9195758021926719
0.10895655503302368,-0.9292250689775059
0.46287353546060783,-1.3329232714736876
0.46055211987780037,-1.3352350751659345
0.4508627339009112,-1.3448843419507681
0.441173347924022,-1.3545336087356026
1.4595317318385368,-2.6088588990821155
1.4572103162557297,-2.6111707027743623
1.4475209302788403,-2.6208199695591965
3.4528375742570367,-5.160716647610956
3.4505161586742297,-5.163028451303203
3.44082677269734,-5.172677718088038
-0.2592224467549066,0.24534349075627448
-0.2725453524731294,0.23207574892712757
0.3769928877447958,0.43380489671302974
-0.0007848606237169816,0.3384379970003641
-0.1117998125311736,0.24101412839782363
0.0013312580572022446,0.13673710502326425
-0.2106216221822322,0.19591957841762067
-0.22664617910595536,0.2919997470029081
-0.0713784869543841,-0.6976068352181006
-0.07142895250634705,-0.6976570918159382
-0.07147941805831003,-0.697707348413776
-0.07248872909756934,-0.6987124803705296
-0.07612224883890281,-0.7023309554148423
-0.07854459533312509,-0.7047432721110507
-0.09173778806063074,-0.2670691218532418
-0.09001678296964234,-0.3241614621582699
-0.08900603114039841,-0.3576919349092964
-0.15217071231419793,-0.11548509137180267
-0.16775228730841987,0.318652222441163
-0.16775228730841987,0.318652222441163
-0.16775228730841987,0.318652222441163
-0.11488538059748048,-0.08100681902163137
-0.09550660864370202,-0.06170828545196321
-0.13953607098204818,-0.1474372479616757
-0.15459305880842025,-0.11789740806801119
-0.18608356323331027,-0.14925752511872198
-0.17397183076219871,-0.13719594163767937
-0.2708657644552396,-0.2336886831040834
-0.22138383427755035,-0.18758955318611825
-0.05964941406697631,0.6636760067175791
0.03813749924172192,0.6839466259150527
-0.3216497462395516,0.2177487081813738
-0.27015952314683217,-0.02747784263034335
0.3093347832114756,-0.6695526761652777
0.18484148052384838,-0.4869945521962555
0.13458679641108454,-0.4791486238277885
-0.2486425107995138,0.29572806348111097
-0.3163917455018624,0.22350785582862387
-0.2483050910933131,0.284534477414062
-0.24729288658619014,0.25095368898431675
-0.24628059381041045,0.21737300072288243
-0.3140298307578926,0.14515276175668118
-0.28015521855740466,0.1812628772297415
-0.2354832830076878,-0.14082164386664947
-0.3032324997989906,-0.21304183202946197
-0.2354832830076878,-0.14082164386664947
-0.3032324997989906,-0.21304183202946197
-0.11597787600043101,-0.4316705568653023
-0.12566726197732025,-0.4413198236501363
-0.13777899444843175,-0.45338140713117897
-0.1287777786896341,-0.43388101845523197
-0.15057889713763498,-0.4555918687211084
-0.13730187518476103,-0.43136508977525106
-0.14699126116165032,-0.44101435656008514
-0.1663700331154288,-0.46031289012975346
-0.13362247167807878,-0.43870565184764887
-0.13846716466652342,-0.4435302852400659
-0.15057889713763498,-0.4555918687211084
-0.13730187518476103,-0.43136508977525106
-0.14699126116165032,-0.44101435656008514
-0.1663700331154288,-0.46031289012975346
-0.11597787600043101,-0.4316705568653023
-0.13777899444843175,-0.45338140713117897
-0.1287777786896341,-0.43388101845523197
-0.13846716466652342,-0.4435302852400659
-0.15057889713763498,-0.4555918687211084
-0.13673299110304593,-0.4312668471212022
-0.1464223770799352,-0.44091611390603624
-0.16580114903371368,-0.4602146474757045
-0.3554022326258792,0.5454360840584862
-0.33933043953015013,0.543464755923247
-0.3493963233900032,0.5303390738041742
-0.33933043953015013,0.543464755923247
-0.3419401185553098,0.5400617942167568
-0.3554022326258792,0.5454360840584862
-0.3554022326258792,0.5454360840584862
-0.3554022326258792,0.5454360840584862
-0.33933043953015013,0.543464755923247
-0.33933043953015013,0.543464755923247
-0.33933043953015013,0.543464755923247
-0.33933043953015013,0.543464755923247
-0.3324671244631868,0.5502996532291711
-0.3328708488788906,0.5498976004464695
-0.33327457329459437,0.5494955476637683
-0.33367829771029806,0.5490934948810667
-0.33408202212600185,0.5486914420983653
-0.33448574654170554,0.548289389315664
-0.3369080930359277,0.5458770726194555
-0.33933043953015013,0.543464755923247
-0.3417527860243725,0.5410524392270383
-0.3441751325185948,0.5386401225308297
-0.35666336287267014,0.5231021237155488
-0.3493963233900032,0.5303390738041742
-0.12884660083834634,-0.42516918466368064
-0.13944436675056895,-0.4357230702095929
-0.12910327231385496,-0.341042706438804
-0.1162611959882238,-0.5720041573414385
-0.1703696809950655,-0.4201889552101476
-0.17844416930913984,-0.428230010864176
-0.17146044913610245,-0.5613266611345723
-0.16806090191416118,-0.5667215597030657
-0.16079386243149424,-0.5594846096144402
-0.16806090191416118,-0.5667215597030657
-0.13016993098431576,-0.34122691159081747
-0.13766089313429303,-0.5737057557068586
-0.13016993098431576,-0.34122691159081747
-0.13766089313429303,-0.5737057557068586
-0.13790424035365956,-0.3773492381314754
0.275502805580072,-0.9345575281280514
-0.13944436675056895,-0.4357230702095929
0.6808108145272769,-1.3613503623811676
-0.1162611959882238,-0.5720041573414385
-0.09760995361572282,-0.5212926401617644
-0.10568444192979723,-0.529333695815793
0.010191516357724306,-0.8142992958250895
-0.16806090191416118,-0.5667215597030657
0.026207412936821294,-0.8115334525936221
-0.16806090191416118,-0.5667215597030657
-0.049319727922682605,-0.44338611443382386
-0.05681069007265987,-0.675864958549865
-0.049319727922682605,-0.44338611443382386
-0.05681069007265987,-0.675864958549865
0.07003066001954725,-0.6398247004500985
-0.32035092209601806,-0.060380778244365885
0.14595315929852007,-0.9767487314547193
0.14879784871042204,-0.9762578611715739
0.15733085178343545,-0.9747838764999118
-0.026484193297513777,-0.7434930736960693
-0.024348740420300864,-0.7431242945985406
-0.017942381788662053,-0.7420179573059534
-0.1307610569111979,-0.6024379710831415
-0.12905433497630261,-0.6021432310860195
-0.12393416856124541,-0.6012590109892463
0.14595315929852007,-0.9767487314547193
0.14879784871042204,-0.9762578611715739
0.15733085178343545,-0.9747838764999118
-0.026484193297513777,-0.7434930736960693
-0.024348740420300864,-0.7431242945985406
-0.017942381788662053,-0.7420179573059534
-0.1307610569111979,-0.6024379710831415
-0.12905433497630261,-0.6021432310860195
-0.12393416856124541,-0.6012590109892463
-0.018846786581411177,-0.740243626266412
0.15733085178343545,-0.9747838764999118
-0.1782881869513817,-0.42222109500519056
-0.1850505693743326,-0.42895547758172975
-0.19413435794706124,-0.43800165445654415
-0.17544376383015287,-0.4217298812664887
-0.1802884568185975,-0.42655451465890576
-0.1924001892897091,-0.4386160981399485
-0.17786040115886728,-0.5624318920466517
-0.17907157440597846,-0.5636380503947558
-0.17967716102953407,-0.5642411295688079
-0.18028274765308963,-0.56484420874286
-0.18512744064153422,-0.5696688421352771
-0.17704377583678688,-0.5627893639679253
-0.17886053609247524,-0.5645986018735093
-0.18128288258669756,-0.5670109185697177
-0.1774383245318608,-0.5643529950041583
-0.1847053640145277,-0.5715899450927838
-0.20166178947408392,-0.5884761619662434
-0.17699814305980308,-0.6459552910974758
-0.17740186747550685,-0.6463573438801773
-0.17785605686564107,-0.6468096526855753
-0.18028274765308963,-0.56484420874286
-0.18754978713575654,-0.5720811588314857
-0.19723917311264583,-0.5817304256163198
-0.1750159780376384,-0.5619406783079496
-0.1774383245318608,-0.5643529950041583
-0.18712771050875004,-0.574002261788992
-0.19681709648563928,-0.5836515285738264
-0.22750012127739347,-0.6142075093849413
-0.22346290792208476,-0.61018701223212
0.2871814136983697,-0.3484257818213477
0.28541511923528284,-0.35018476288945155
0.28299277274106044,-0.3525970795856602
0.2781480797526159,-0.35742171297807734
0.26845869377572656,-0.36707097976291136
0.2958878497092116,-0.3483763142823155
0.29346550321498927,-0.3507886309785241
0.28619846373232233,-0.35802558106714955
0.2813537707438776,-0.3628502144595666
0.31528164760161626,-0.34502712902951044
0.31285930110739407,-0.347439445725719
0.3080146081189494,-0.352264079118136
0.30316991513050473,-0.35708871251055296
0.28586496567976655,-0.265354692103134
0.28515844775977417,-0.26605828466457526
0.28273610126555193,-0.2684706013607836
0.2807174807271198,-0.2704808637405812
0.2964386270651104,-0.2634457304920362
0.29563117823370305,-0.26424983605743885
0.2932088317394806,-0.2666621527536474
0.2907864852452583,-0.269074469449856
0.31552963203075896,-0.2603980844428297
0.31502497612610775,-0.26090065080463387
0.31260262963188545,-0.26331296750084227
0.3855600907309137,0.18399419348064341
0.0619806812089383,0.22368367866598335
0.0619806812089383,0.22368367866598335
0.5390601494147412,0.1836793579364254
-0.3619816538800865,0.45504680739684306
-0.32649116079465523,0.4506936274413707
-0.34586993274843386,0.43139509387170266
-0.31949094976440773,0.0601011046835768
2.6458977086582527,-1.8980406376998058
2.7312303968698117,-1.8833042264756648
3.0811687915136026,-2.1236611415629603
3.0278359085137216,-2.1328713904385936
3.1345017843758525,-2.1144508737147967
1.1714664691071435,-0.9495007275960767
1.9973366515548059,-1.4686187150514496
1.7847043054908227,-1.3248636310954431
1.139466763246385,-0.955026872787315
1.9193486782999594,-1.4219286306593517
1.9193486782999594,-1.4219286306593517
1.9193486782999594,-1.4219286306593517
1.9193486782999594,-1.4219286306593517
1.9193486782999594,-1.4219286306593517
1.9193486782999594,-1.4219286306593517
1.9193486782999594,-1.4219286306593517
1.9193486782999594,-1.4219286306593517
1.9193486782999594,-1.4219286306593517
1.9193486782999594,-1.4219286306593517
1.9193486782999594,-1.4219286306593517
1.9193486782999594,-1.4219286306593517
1.9193486782999594,-1.4219286306593517
1.9193486782999594,-1.4219286306593517
1.9193486782999594,-1.4219286306593517
1.9193486782999594,-1.4219286306593517
2.1215107949909786,-1.41923768270282
1.586551176740596,-0.9238650414511663
1.4526283707904264,-0.694976025616705
1.396642265221912,-0.8791865616106069
1.531041273975895,-0.8559767096461942
1.0875789320873945,-0.9540176059223922
-0.2739934968807076,0.06226613871066252
-0.06536705267201842,0.4077758080031861
-0.06536705267201842,0.4077758080031861
-0.06052235968357377,0.41260044139560315
-0.05567766669512913,0.41742507478802027
-0.06052235968357377,0.41260044139560315
-0.06052235968357377,0.41260044139560315
-0.06052235968357377,0.41260044139560315
-0.04630026103680029,0.41505650792600624
-0.060834340002134175,0.400582607748755
-0.057944046856672954,0.4210216719490367
-0.06287429700362046,0.44423919796491174
-0.06771898999206508,0.4394145645724947
-0.07256368298050973,0.4345899311800776
-0.07740837596895435,0.42976529778766054
-0.08225306895739899,0.42494066439524353
-0.05811516117367871,0.47710599076562105
-0.06295985416212334,0.4722813573732039
-0.06780454715056801,0.46745672398078686
-0.0726492401390126,0.4626320905883698
-0.07749393312745723,0.4578074571959528
-0.08233862611590187,0.4529828238035356
-0.0582007183321816,0.5051481501739131
-0.06304541132062622,0.5003235167814962
-0.06789010430907087,0.495498883389079
-0.07273479729751547,0.49067424999666187
-0.0775794902859601,0.48584961660424486
-0.08242418327440472,0.48102498321182796
-0.0582007183321816,0.5051481501739131
-0.06304541132062622,0.5003235167814962
-0.06789010430907087,0.495498883389079
-0.07273479729751547,0.49067424999666187
-0.0775794902859601,0.48584961660424486
-0.0582007183321816,0.5051481501739131
-0.06062306482640393,0.5027358334777045
-0.06304541132062622,0.5003235167814962
-0.06546775781484854,0.49791120008528755
-0.06789010430907087,0.495498883389079
-0.07273479729751547,0.49067424999666187
-0.0775794902859601,0.48584961660424486
-0.05928122889378017,-0.18667015564628858
-0.05945234321078593,-0.13058583682970418
0.13920581823199468,-0.09627885544073594
0.26336703565006103,-0.07483699407497017
0.05560896620503251,-0.0950504033768799
-0.05385755260749034,-0.0969769114774308
-0.05385755260749034,-0.0969769114774308
-0.05385755260749034,-0.0969769114774308
0.055437851888026746,-0.03896608456029555
0.16745754157988518,-0.05478747366210578
-0.2636292791812382,-0.05345189922569933
-0.09474273947636673,-0.12044746264251104
-0.07052474869350074,-0.06843846038424524
0.6301020018201584,-0.1598339802515865
0.5691156457132933,-0.17036593513884568
-0.14672956561434047,0.12244713152334673
-0.25106941828090995,-0.2737726986940515
-0.25106941828090995,-0.2737726986940515
-0.25106941828090995,-0.2737726986940515
-0.26168597034057856,0.07842522982848223
-0.26053392895018407,0.04020703877152343
0.07242974925644281,-0.023185020631102636
-0.29165965980011116,-0.015998074058394464
-0.09894959503494734,0.1575764733800165
-0.2348307230241726,-0.3314012263534271
-0.14190250370906188,0.21181478191943726
-0.2624575311487836,0.21571920680481663
0.1411158607622466,0.17710041860300296
-0.10597389297931326,0.1965252937927048
0.020052718673833653,0.2397834162956871
-0.17291085931897288,0.23118334231195584
0.30307108314514214,0.20506905297925282
-0.01642720139788418,0.2119894268771572
0.1820079835311748,0.2677520580070029
-0.08336422167795993,0.246647475736952
0.46502634800248316,0.23303769469056856
0.07311943624312876,0.2274535603021534
0.30307108314514214,0.20506905297925282
0.30307108314514214,0.20506905297925282
-0.016427251269321073,0.21198942792038766
0.30307108314514214,0.20506905297925282
-0.01642720139788418,0.2119894268771572
0.30307108314514214,0.20506905297925282
-0.01642720139788418,0.2119894268771572
0.30307108314514214,0.20506905297925282
-0.016427251269321073,0.21198942792038766
0.15564993972758043,0.19157431878025416
-0.2217078718357769,0.23786013558714528
-0.17453813669217152,0.23207440741938506
-0.12736842474372798,0.2262886820966884
-0.09143981401397937,0.21099919396995598
-0.30008465733695966,0.23659107879323876
-0.2740040632086042,0.23339209305610953
-0.24792343336635342,0.23019310640961596
0.1411158607622466,0.17710041860300296
-0.23624195080111068,0.2233862354098942
-0.18907221565750543,0.21760050724213384
-0.14190250370906188,0.21181478191943726
-0.10597389297931326,0.1965252937927048
-0.3146187363022934,0.22211717861598768
-0.28853814217393825,0.21891819287885844
-0.2624575123316873,0.21571920623236476
-0.10597389297931326,0.1965252937927048
-0.3146187363022934,0.22211717861598768
-0.28853814217393825,0.21891819287885844
-0.2624575123316873,0.21571920623236476
-0.3786379506459817,0.28852421376436765
-0.3040757895552197,0.3857515731244814
-0.3815034566328122,0.30321420066295196
-0.3786379506459817,0.28852421376436765
-0.34135685749799344,0.3371379057684762
-0.38007070026069717,0.2958692043064575
-0.3785029481232311,0.28404543883504063
-0.30394075986650937,0.3812728254000243
-0.3813684481113112,0.2987354238084362
-0.3785029481232311,0.28404543883504063
-0.34122185705029384,0.3326591281333299
-0.3799356992915025,0.29139043734143505
-0.37833449318920526,0.27845703868535426
-0.3037723181384718,0.37568440803003195
-0.38119999663371434,0.29314704137813147
-0.37833449318920526,0.27845703868535426
-0.3410534056638384,0.327070723357693
-0.3797672442282493,0.28580203652926467
-0.3779534933779588,0.06418693849803027
-0.3033913322871966,0.1614142978581439
-0.3808189993647892,0.0788769253966146
-0.3779534933779588,0.06418693849803027
-0.3406724002299705,0.11280063050213877
-0.37938624299267415,0.07153192904012012
-0.37781849085520797,0.05970816356870316
-0.30325630259848624,0.15693555013368685
-0.38068399084328824,0.0743981485420988
-0.37781849085520797,0.05970816356870316
-0.34053739978227093,0.10832185286699242
-0.3792512420234794,0.06705316207509764
-0.3776500359211823,0.054119763419016934
-0.3030878608704486,0.15134713276369435
-0.3805155393656913,0.06880976611179418
-0.3776500359211823,0.054119763419016934
-0.3403689483958155,0.10273344809135568
-0.3790827869602263,0.06146476126292717
-0.3786379506459817,0.28852421376436765
-0.3644158349707152,0.2909802824698142
-0.34135685749799344,0.3371379057684762
-0.3271347475837807,0.33959397518055995
-0.38007070026069717,0.2958692043064575
-0.36584859034648426,0.2983252737185413
-0.37846920990996813,0.28292620240575483
-0.3642470932165877,0.28538227128702315
-0.3411881188202234,0.3315398917259608
-0.32696600212684307,0.33399596060722914
-0.3799019620124485,0.29027120570137127
-0.36567984531906816,0.29272727458263953
-0.37799682335564466,0.26725506647355485
-0.36377470852126986,0.26971113503378463
-0.3407157297542619,0.3158687590688793
-0.3264936149198871,0.3183248276291093
-0.37942957441186026,0.27460006440549495
-0.3652074595774856,0.2770561329657249
-0.3779534933779588,0.06418693849803027
-0.36373137770269226,0.06664300720347678
-0.3406724002299705,0.11280063050213877
-0.3264502903157575,0.11525669991422252
-0.37938624299267415,0.07153192904012012
-0.36516413307846124,0.07398799845220387
-0.3777847526419451,0.05858892713941744
-0.3635626359485648,0.0610449960206857
-0.3405036615522004,0.1072026164596234
-0.3262815448588201,0.1096586853408917
-0.3792175047444255,0.06593393043503386
-0.36499538805104514,0.06838999931630212
-0.37731236608762175,0.04291779120721742
-0.3630902512532469,0.04537385976744726
-0.3400312724862389,0.09153148380254196
-0.325809157651864,0.0939875523627718
-0.3787451171438372,0.05026278913915752
-0.36452300230946255,0.052718857699387445
-0.3786379506459817,0.28852421376436765
-0.34135685749799344,0.3371379057684762
-0.38007070026069717,0.2958692043064575
-0.3786379506459817,0.28852421376436765
-0.34135685749799344,0.3371379057684762
-0.38007070026069717,0.2958692043064575
-0.3785029481232311,0.28404543883504063
-0.34122185705029384,0.3326591281333299
-0.3799356992915025,0.29139043734143505
-0.3785029481232311,0.28404543883504063
-0.34122185705029384,0.3326591281333299
-0.3799356992915025,0.29139043734143505
-0.37833449318920526,0.27845703868535426
-0.3410534056638384,0.327070723357693
-0.3797672442282493,0.28580203652926467
-0.37833449318920526,0.27845703868535426
-0.3410534056638384,0.327070723357693
-0.3797672442282493,0.28580203652926467
-0.3779534933779588,0.06418693849803027
-0.3406724002299705,0.11280063050213877
-0.37938624299267415,0.07153192904012012
-0.3779534933779588,0.06418693849803027
-0.3406724002299705,0.11280063050213877
-0.37938624299267415,0.07153192904012012
-0.37781849085520797,0.05970816356870316
-0.34053739978227093,0.10832185286699242
-0.3792512420234794,0.06705316207509764
-0.37781849085520797,0.05970816356870316
-0.34053739978227093,0.10832185286699242
-0.3792512420234794,0.06705316207509764
-0.3776500359211823,0.054119763419016934
-0.3403689483958155,0.10273344809135568
-0.3790827869602263,0.06146476126292717
-0.3776500359211823,0.054119763419016934
-0.3403689483958155,0.10273344809135568
-0.3790827869602263,0.06146476126292717
-0.3786379506459817,0.28852421376436765
-0.3644158349707152,0.2909802824698142
-0.34135685749799344,0.3371379057684762
-0.3271347475837807,0.33959397518055995
-0.38007070026069717,0.2958692043064575
-0.36584859034648426,0.2983252737185413
-0.37846920990996813,0.28292620240575483
-0.3642470932165877,0.28538227128702315
-0.3411881188202234,0.3315398917259608
-0.32696600212684307,0.33399596060722914
-0.3799019620124485,0.29027120570137127
-0.36567984531906816,0.29272727458263953
-0.37799682335564466,0.26725506647355485
-0.36377470852126986,0.26971113503378463
-0.3407157297542619,0.3158687590688793
-0.3264936149198871,0.3183248276291093
-0.37942957441186026,0.27460006440549495
-0.3652074595774856,0.2770561329657249
-0.3779534933779588,0.06418693849803027
-0.36373137770269226,0.06664300720347678
-0.3406724002299705,0.11280063050213877
-0.3264502903157575,0.11525669991422252
-0.37938624299267415,0.07153192904012012
-0.36516413307846124,0.07398799845220387
-0.3777847526419451,0.05858892713941744
-0.3635626359485648,0.0610449960206857
-0.3405036615522004,0.1072026164596234
-0.3262815448588201,0.1096586853408917
-0.3792175047444255,0.06593393043503386
-0.36499538805104514,0.06838999931630212
-0.37731236608762175,0.04291779120721742
-0.3630902512532469,0.04537385976744726
-0.3400312724862389,0.09153148380254196
-0.325809157651864,0.0939875523627718
-0.3787451171438372,0.05026278913915752
-0.36452300230946255,0.052718857699387445
1.0042109843693923,-0.1178569368365921
1.3192935762854174,-0.13414944161623127
0.8904319639177924,-0.1119860259347917
0.8904319639177924,-0.1119860259347917
0.9108542720127774,-0.11303911224182606
0.8890702122024334,-0.11191581855373883
0.8890702122024334,-0.11191581855373883
1.0975683985327085,-0.12267998076410837
0.9108542720127774,-0.11303911224182606
0.9108542720127774,-0.11303911224182606
0.8904319639177924,-0.1119860259347917
-0.26980143575518273,0.5339218040271289
-0.2764289784566939,0.5347347227423691
-0.2797427721676256,0.5351411515559286
-0.28305652148225496,0.5355476414973568
-0.2847134364848843,0.5357508414866711
-0.2863702954254108,0.5359541011729546
-0.2764289784566939,0.5347347227423691
-0.2764289784566939,0.5347347227423691
-0.2764289784566939,0.5347347227423691
-0.2764289784566939,0.5347347227423691
-0.2764289784566939,0.5347347227423691
-0.2764289784566939,0.5347347227423691
-0.27055759956621467,0.20305344323528018
-0.27107094251723207,0.3713063996850332
-0.27124205683423774,0.42739071850161725
-0.2714131711512435,0.48347503731820185
-0.27158428546824936,0.5395593561347862
0.27736010599728206,0.016390974383572274
0.27735985910203803,0.016391004667159016
0.27735985910203803,0.016391004667159016
0.2773600412710411,0.016390978728679204
-0.10563459701957144,0.15607608805874962
-0.13827021874760015,0.1600790962445995
-0.17090585117442256,0.16408210574273813
-0.203541483601245,0.1680851152408769
-0.3000322452151293,0.4631899021257364
-0.24766339931931347,0.5225212661736401
-0.18338955141533497,-0.3429192501727313
-0.18338955141533497,-0.3429192501727313
-0.18823424440377962,-0.3477438835651482
-0.18027903334669443,-0.3503580551334067
-0.18338955141533497,-0.3429192501727313
-0.19750155375366232,-0.3593142533074889
-0.3386217078726371,0.1812698240969495
-0.33946526509879293,0.2092538077242119
-0.3397827014956034,0.21978531926879058
-0.33360590056718664,0.13001013867278216
-0.33444945779334256,0.15799412230004464
-0.33476689419015304,0.16852563384462318
0.6830032272932003,2.1941859228916165
0.8262093517578132,2.3818928462347357
0.8749019961528538,2.4455844284426425
0.9694294823827385,2.569133340011795
1.1613523862481037,2.819761285047887
-0.3491077763532898,-0.37062071934706875
-0.3757535877897354,-0.3971562030053626
-0.3927100132492916,-0.4140424198788223
-0.3491077763532898,-0.37062071934706875
-0.3563748158359568,-0.37785766943569443
-0.32676966464040286,-0.3994318996144471
-0.3563748158359568,-0.37785766943569443
-0.32676966464040286,-0.3994318996144471
-0.3563748158359568,-0.37785766943569443
-0.1847053640145277,-0.5715899450927838
-0.3563748158359568,-0.37785766943569443
-0.3491077763532898,-0.37062071934706875
-0.3757535877897354,-0.3971562030053626
-0.3927100132492916,-0.4140424198788223
-0.3418407368706231,-0.3633837692584432
-0.37333124129551304,-0.394743886309154
-0.32676966464040286,-0.3994318996144471
-0.3757535877897354,-0.3971562030053626
-0.32676966464040286,-0.3994318996144471
-0.36606420181284605,-0.3875069362205284
-0.1847053640145277,-0.5715899450927838
-0.3563748158359568,-0.37785766943569443
-0.1847053640145277,-0.5715899450927838
-0.3491077763532898,-0.37062071934706875
-0.26270675113620806,-0.07167305653517748
-0.26349764138010734,-0.045437992748872544
-0.2638162704394909,-0.034865776165789196
-0.26469759479452787,-0.0707382912792579
-0.26550068767623286,-0.04409751006856908
-0.2658243233429693,-0.0333616801529607
-0.26603526231994185,-0.07012423814167987
-0.2668467219853791,-0.04320369973069584
-0.26717374798889726,-0.03235509463441323
-0.26837325472160756,-0.06907945436880321
-0.2691999248339304,-0.04165517765649027
-0.26953306192864046,-0.030603605248385887
-0.27239613711309707,-0.08132232332001157
-0.2731870273569966,-0.0550872595337066
-0.27350565641638025,-0.04451504295062325
-0.2743869807714171,-0.08038755806409195
-0.27519007365312215,-0.053746776853403136
-0.2755137093198586,-0.043010946937794774
-0.275724648296831,-0.07977350492651394
-0.2765361079622685,-0.05285296651552993
-0.2768631339657863,-0.042004361419247314
-0.2780626406984968,-0.07872872115363731
-0.27888931081081964,-0.05130444444132438
-0.27922244790552986,-0.04025287203321996
-0.2581556736411629,-0.07088711446672132
-0.25894656373532166,-0.04465205065455712
-0.2592651938183077,-0.034079834248243346
-0.2602158351950501,-0.06996431996943682
-0.26101892821624,-0.04332353878283628
-0.26134256432601577,-0.0325877089437379
-0.2616000911392299,-0.06935831235475994
-0.2624115511413898,-0.04243777400192573
-0.2627385758294503,-0.031589168678472036
-0.2640195507166032,-0.06832759034749113
-0.26484621586940155,-0.04090331987495097
-0.26517935235783974,-0.029851747362147255
-0.2678450596180523,-0.08053638125155542
-0.26863594971221094,-0.05430131743939121
-0.2689545797951969,-0.043729101033077436
-0.26990522117193927,-0.07961358675427092
-0.27070831419312924,-0.052972805567670325
-0.2710319503029049,-0.042236975728571984
-0.27128947711611917,-0.079007579139594
-0.27210093711827915,-0.052087040786759804
-0.27242796180633966,-0.04123843546330608
-0.2737089366934925,-0.07797685713232522
-0.2745356018462909,-0.05055258665978504
-0.274868738334729,-0.039501014146981366
-0.25057054494450837,-0.0695772110990363
-0.25136143762713786,-0.04334214773388445
-0.2516800658135733,-0.03276993100004854
-0.25274623793981815,-0.06867436814512642
-0.2535493293518048,-0.04203358668062662
-0.25387296451264385,-0.03129775667765302
-0.25420813870986836,-0.06808176929686051
-0.25501959944042357,-0.041161231069815535
-0.25534662585734774,-0.030312626044925572
-0.256763364435635,-0.06707450033410683
-0.25759003432067384,-0.03965022358254337
-0.25792317203417564,-0.028598651281300378
-0.26025993092139765,-0.0792264778838704
-0.26105082360402704,-0.05299141451871853
-0.26136945179046256,-0.04241919778488261
-0.26243562391670755,-0.07832363492996049
-0.26323871532869403,-0.05168285346546069
-0.26356235048953325,-0.040947023462487075
-0.2638975246867576,-0.07773103608169457
-0.2647089854173129,-0.0508104978546496
-0.26503601183423703,-0.03996189282975962
-0.2664527504125244,-0.07672376711894091
-0.26727942029756313,-0.049299490367377435
-0.26761255801106504,-0.038247918066134465
-0.1334257147610635,-0.18684917472792756
-0.13421661768750445,-0.1606141227274612
-0.134535223249597,-0.1500419166980406
-0.13738570902413122,-0.18416006718986414
-0.1381887305245523,-0.15751943130805945
-0.1385123430127628,-0.14678360227771217
-0.14004654631898103,-0.1823672751582372
-0.14085814018725507,-0.1554466054903314
-0.14118518514346445,-0.14459798746037275
-0.14469875676229868,-0.17926075262507016
-0.14552542633322632,-0.15183647639508482
-0.14585853868419413,-0.14078493008396456
-0.14311510073795272,-0.1964984415127617
-0.14390600366439368,-0.17026338951229528
-0.14422460922648622,-0.1596911834828747
-0.14707509500102048,-0.19380933397469824
-0.1478781165014415,-0.16716869809289353
-0.14820172898965206,-0.15643286906254628
-0.14973593229587026,-0.19201654194307133
-0.15054752616414432,-0.1650958722751655
-0.15087457112035374,-0.15424725424520683
-0.15438814273918794,-0.18891001940990423
-0.15521481231011555,-0.1614857431799189
-0.15554792466108341,-0.1504341968687986
-0.12887463726601853,-0.18606323265947142
-0.12966554004271888,-0.15982818063314583
-0.12998414662841376,-0.1492559747804948
-0.1329039494246534,-0.18338609588004312
-0.13370697106455956,-0.1567454600223266
-0.13403058399580925,-0.14600963106848938
-0.135611375138269,-0.18160134937131725
-0.13642296934326556,-0.1546806797615613
-0.13675001298401765,-0.14383206150443154
-0.14034504790505906,-0.17850889486205898
-0.14117170747013746,-0.15108463138047956
-0.14150482911339338,-0.14003307219772587
-0.13856402324290773,-0.19571249944430544
-0.13935492601960808,-0.16947744741797985
-0.13967353260530296,-0.15890524156532884
-0.14259333540154265,-0.1930353626648771
-0.14339635704144882,-0.1663947268071607
-0.14371996997269848,-0.15565889785332343
-0.1453007611151583,-0.19125061615615133
-0.14611235532015485,-0.16432994654639543
-0.1464393989609069,-0.1534813282892656
-0.15003443388194831,-0.18815816164689309
-0.1508610934470267,-0.16073389816531358
-0.15119421509028266,-0.14968233898255995
-0.12128950856936402,-0.18475332929178634
-0.12208041393453502,-0.15851827771247318
-0.12239901862367934,-0.14794607153229997
-0.12543435216942156,-0.18209614405573266
-0.12623737220012426,-0.15545550792011698
-0.1265609841824374,-0.14471967880240444
-0.12821942270890763,-0.1803248063134178
-0.12903101764229932,-0.15340413682945112
-0.129358063011915,-0.14255551887088502
-0.13308886647632615,-0.17725579859037377
-0.13391552592140968,-0.1498315350880719
-0.13424864878972928,-0.13877997611687898
-0.13097889454625322,-0.1944025960766205
-0.1317697999114242,-0.16816754449730725
-0.13208840460056856,-0.157595338317134
-0.13512373814631085,-0.19174541084056668
-0.13592675817701355,-0.16510477470495105
-0.13625037015932667,-0.15436894558723854
-0.1379088086857968,-0.18997407309825193
-0.13872040361918858,-0.1630534036142852
-0.13904744898880422,-0.1522047856557191
-0.1427782524532155,-0.18690506537520776
-0.143604911898299,-0.15948080187290598
-0.1439380347666185,-0.14842924290171305
-0.14754985032174103,-0.5774075084671596
-0.16935096876974187,-0.5991183587330362
-0.20810851267729896,-0.6377154258723727
-0.15935944023971885,-0.18563214943058176
-0.18116055868771963,-0.20734299969645845
-0.2199181025952767,-0.24594006683579472
-0.16020295887509886,-0.15764821546671806
-0.1820040773230997,-0.17935906573259475
-0.22076162123065668,-0.2179561328719312
-0.16070908862622724,-0.14085783052813544
-0.1825102070742281,-0.16256868079401215
-0.22126775098178508,-0.20116574793334843
-0.3424746731524274,0.06910296078608716
-0.34444294105296197,0.13439873791432416
-0.34444294105296197,0.13439873791432416
-0.34444294105296197,0.13439873791432416
-0.3424746731524274,0.06910296078608716
-0.14911830662967843,-0.07295867593915951
-0.18466442647934173,-0.02431827587706947
-0.18470732285327765,-0.0250825941100301
-0.18474941225027272,-0.025873817750733594
-0.18477013969589232,-0.02627989922959314
-0.1847824739187246,-0.026527030468120116
-0.1848309971221252,-0.0275422067499553
-0.14973178546156668,-0.05260669726227237
-0.18531471964952168,-0.004297198413841792
-0.18504274797363596,-0.015074752051514316
-0.18318407005888226,-0.07996865212597999
-0.17995291344217698,-0.18825898485248518
-0.17669910562761917,-0.29657211497615044
-0.1734367632392207,-0.4188991141325096
-0.12014823039383696,0.5219941016033326
2.026855149990669,-1.0410061861024251
2.04818830593718,-1.0373220860778585
2.0695214634095564,-1.033637985789785
2.9768370436441183,-2.131708604763009
2.999947963476261,-2.1277174962493497
3.058614142710634,-2.117586221115915
3.1332801923380877,-2.1046918703711635
3.449470031283835,-2.3971549859061168
1.3485096466260786,-1.0102923213167456
0.9805656130820287,-0.7257745132085478
2.5967832277483422,-1.8965524309280837
2.604676502181018,-1.8951893127563402
1.2474540553073123,-1.0600931685267916
-0.30515964297482595,0.6155448104439394
-0.30637081622193696,0.6143386520958352
-0.30515964297482595,0.6155448104439394
-0.30637081622193696,0.6143386520958352
-0.30515964297482595,0.6155448104439394
-0.3154485936830591,0.6068148905784596
-0.306370001445737,0.6139976610249772
-0.2798842750496813,0.6105752611883987
0.8065923467133731,0.4773106080159775
0.8065923467133731,0.4773106080159775
-0.3717532017460723,0.174809928524295
-0.3765032895841989,0.16672587154169263
-0.38028721209213073,0.1597714054376713
-0.38839222954785624,0.14718262373981114
-0.40196138692377015,0.13077776875286787
-0.40278455106365324,0.12797605515872362
-0.32943087449347885,0.024477090132663522
-0.25244633079524076,0.12411655808775786
-0.10332191469902488,0.3185713828327545
-0.14433114509007297,0.2650962852104222
-0.2723926192675616,0.09736068686363614
-0.3070621845521097,0.05364510276574371
-0.29214977835533346,0.07309078603586865
-0.33631034803112364,0.036158654044226274
-0.2738598882259441,0.12132446236959389
-0.1957402114651022,0.23587873573709636
-0.03321692869215888,0.42989255161055606
-0.34599973400801276,0.026509387259392198
-0.27628223472016633,0.11891214567338536
-0.07384776619022493,0.3813890757290772
-0.2777586610439782,0.12892855510117435
-0.2969491340327671,0.19935330427680864
-0.3373496046288211,0.18462811972437862
-0.33794193428450126,0.18670218607985967
-0.14957639655487084,0.2876085939263736
-0.15580294360703112,0.2843081734801276
-0.15709531282950107,0.2844666924328168
-0.27239597481560257,0.03478984438551899
-0.3257807977687662,-0.25804455876295473
-0.337723740796995,-0.27174114872165533
-0.3456922837451178,-0.2808797425919148
0.19965140526881583,0.7618043767249889
0.6893755282681292,0.9133605277039194
-0.40992476213829665,0.5015685708252805
-0.4099191946696055,0.5013838735681455
-0.409900130575029,0.5007514342723952
-0.40991312119318607,0.5011823898242377
-0.40991109671981707,0.501115229198979
-0.14759551935205487,0.2258256723537843
-0.14759551935205487,0.2258256723537843
-0.14759551935205487,0.2258256723537843
-0.14759551935205487,0.2258256723537843
-0.044841685524578886,0.5870400774865329
-0.02619212716028878,0.6113586746568296
-0.007566375051142665,0.6356462290154059
-0.004219904138788892,0.6389319066462001
-0.00320822040512175,0.6053692452326693
0.007740750024908761,0.21254212807813955
0.008059873190802458,0.2129321356559911
0.00827483588338425,0.21319482603019407
-0.004251459256267681,0.6399688033249068
-0.004935916524290718,0.8643060785912441
-0.0045936878902791915,0.7521374409580752
-0.004251459256267681,0.6399688033249068
-0.003909230622256145,0.5278001656917378
0.005437926720621581,0.6496180701097408
0.0030155802263992643,0.6472057534135323
0.0005932337321769524,0.6447934367173238
-0.0018291127620453623,0.6423811200211151
-0.006673805750489986,0.6375564866286985
-0.004251459256267681,0.6399688033249068
-0.004251459256267681,0.6399688033249068
-0.004251459256267681,0.6399688033249068
-0.004251459256267681,0.6399688033249068
-0.004251459256267681,0.6399688033249068
-0.39483233121472183,0.2236123547782069
-0.1995417751633696,0.4317907153956133
-0.3505834558630926,0.1170007979698204
-0.3505834558630926,0.1170007979698204
-0.3505834558630926,0.1170007979698204
-0.308562601653273,0.20436705561077365
-0.308562601653273,0.20436705561077365
-0.2582233681283806,-0.22169626513147536
-0.2582233681283806,-0.22169626513147536
-0.2582233681283806,-0.22169626513147536
0.09105629681059733,-0.25717567038583594
-0.1616625033731209,0.44831066863725894
-0.1616625033731209,0.44831066863725894
-0.30327349498613354,-0.22287358267115887
-0.30327349498613354,-0.22287358267115887
-0.30327349498613354,-0.22287358267115887
-0.30327349498613354,-0.22287358267115887
-0.0934095008070991,0.22122018795686085
-0.002691687839661516,0.09796629486563638
-0.21391440799662137,0.11458410307416377
-0.18354378645537478,0.1200362937363549
-0.3028912867088819,0.12150993171786
-0.24121041507350424,0.11781927487954878
-0.06879710686634365,-0.06629179084908712
0.016677139497655973,-0.07677585978228567
0.18762573921359227,-0.09774401077156997
0.35857436032711604,-0.1187121643854318
4.122497301556048,-0.36582915019202317
1.8857957775047356,-0.20822400389671153
0.766501325178623,-0.12939683007081187
0.20514026871493593,-0.08994622787501143
0.016677139497655973,-0.07677585978228567
-0.07842405483994347,-0.07018523671074331
1.4410605521852913,-1.0452088677248201
1.588266589416717,-1.0632638425703458
1.7399353698098123,-1.0818671765135757
1.962980055747321,-1.109226279819017
1.4410605521852913,-1.0452088677248201
1.588266589416717,-1.0632638425703458
1.7399353698098123,-1.0818671765135757
1.962980055747321,-1.109226279819017
1.4410605521852913,-1.0452088677248201
1.962980055747321,-1.109226279819017
-0.30827000142088,-0.3004623055520551
-0.371097167056684,-0.39886520648247836
-0.2861438515177488,-0.3705183673137013
-0.2509784224517913,-0.45658717449936925
-0.22514393071587732,-0.45261508536340905
-0.25807434761745246,-0.5199084434045791
-0.29005260901287977,-0.4971463333033106
-0.31485258363552393,-0.5320365309070181
-0.3775009963702214,-0.5428555123776284
-0.40594522758250984,-0.5477676497646478
-0.29504107369109717,-0.5344875709528463
-0.3075855441528571,-0.5247995808183924
-0.2906291186933009,-0.5079133639449328
-0.27367269323374466,-0.49102714707147316
-0.27367269323374466,-0.49102714707147316
-0.26640565375107766,-0.4837901969828477
-0.3072095515840731,0.2238519533216178
-0.25128790280840285,0.2967725031335825
-0.2895782932653832,0.21835100689448664
-0.23365661876888952,0.29127159024581595
-0.2889034628351281,0.19596384342165207
-0.29132580932935037,0.19355152672544362
-0.29132580932935037,0.19355152672544362
-0.29132580932935037,0.19355152672544362
-0.29132580932935037,0.19355152672544362
-0.2329818173332423,0.2688843889646764
-0.2354041638274646,0.2664720722684679
-0.2948208224834291,0.1439525652741968
-0.29966551547187364,0.13912793188177974
-0.29966551547187364,0.13912793188177974
-0.29966551547187364,0.13912793188177974
-0.29966551547187364,0.13912793188177974
-0.23889919305499588,0.21687308985780698
-0.24374388604344044,0.2120484564653899
-0.3018108918290977,0.04475464681439049
-0.29532588547386285,-0.17910144696598584
-0.21753695020794628,0.3210877205691136
-0.2170308574769041,0.30429734522718005
-0.21618730247033824,0.27631339412261596
-0.2111260337361153,0.10840852017108649
-0.36810099920977707,0.06107013692420121
-0.36781655700341537,0.06111925827980716
-0.3675321145300268,0.06116837968152689
-0.3668210087916003,0.06129118310896984
-0.3661099034092095,0.061413986474927754
-0.3653987969587113,0.061536790025340855
-0.3668210087916003,0.06129118310896984
-0.3689543261848978,0.060922772795898444
-0.3668210087916003,0.06129118310896984
-0.3010023559681022,-0.23426263072517614
-0.3073967316232853,0.10640621022774359
-0.2842523901943094,0.23837959270242315
-0.3012088156538657,0.22149337582896353
-0.148716172160034,0.43078943949152565
-0.08362477439369052,0.48390415980384793
-0.3007810298613512,0.08128257878750257
-0.3078920876255232,0.08005454444746561
-0.2946239809276705,-0.3563150926497486
-0.25796082981063845,-0.3198037464050295
-0.30593070714444415,-0.36757500302889456
-0.265414650974887,-0.3272267048001051
-0.2744968178366106,-0.3362712666786571
-0.29493702813486367,-0.3566268436756297
-0.28241736373193616,-0.3441590173171198
-0.3021199265358062,-0.363780001071193
-0.27152012801444025,-0.3333069019296079
-0.26248908355153966,-0.32431325077605955
-0.2846812815356546,-0.34641356130154966
-0.2707371742576168,-0.332527190016201
-0.2681197958388359,-0.32992064893094325
-0.3207374029681512,-0.3823203912862738
-0.29747357511764666,-0.359152888009865
-0.3019482797406726,-0.3682919289120054
-0.32529847255769884,-0.39154543955821225
-0.24942121555561475,-0.3159823546051669
-0.26419316576622953,-0.3306931411147027
-0.31938007443640726,-0.385651546741122
-0.27574950303036494,-0.342201629019213
-0.3236899631733733,-0.38994359025503794
-0.2939745161589433,-0.3603511809365591
-0.2928455958475999,-0.3592269349534851
-0.27513971197087006,-0.3415943628178142
-0.27624101545244656,-0.34269110631943
-0.29298857439109166,-0.35936932149004686
-0.30091168145014136,-0.36725962268765877
-0.2596780166207157,-0.32619668707909155
-0.3132128599523493,-0.37950986779284723
-0.287169180370562,-0.36176903471699323
-0.30133926914994813,-0.3758804518205338
-0.2659914365443214,-0.34067897797163554
-0.24965065447267373,-0.32440585539624794
-0.2635551707489931,-0.338252799607603
-0.24903195940351477,-0.32378972205250284
-0.27220467189092096,-0.34686648723169566
-0.24371560724708857,-0.3184953824109776
-0.29135576362802473,-0.36593828330142697
-0.26362002686850805,-0.3383173871884178
-0.2545191048343051,-0.3292541477937382
-0.2886517445672523,-0.36324546031234367
-0.24143484320801406,-0.3162240619435323
-0.24438114751004789,-0.31915816698459865
-0.4065353137835379,-0.23535712078203594
-0.37729472354152865,-0.20623760207732766
-0.40526749307755544,-0.23409454952555567
-0.45211259755275923,-0.2807456904464364
-0.3967569277522547,-0.22561922245019128
-0.4166147174069516,-0.24539479033367925
-0.39288390301067794,-0.22176223408324275
-0.42971640203096473,-0.25844222704116476
-0.46297902846158934,-0.2915671285735129
-0.4244604782455826,-0.2532080655652083
-0.4101004567677898,-0.23890750218527215
-0.4439861562418136,-0.2734902099371005
-0.4162516761928193,-0.24587056533116622
-0.4073295243106171,-0.2369853558853333
-0.39969995772410577,-0.22938737974716536
-0.3587972551572079,-0.18865403604199218
-0.42248834241428335,-0.2520814084498539
-0.3577011590928547,-0.18756247839613338
-0.4210491501314842,-0.2506481751856896
-0.3834437972411469,-0.21319852838225092
-0.43211116585589926,-0.26166438830358
-0.3585695441388049,-0.18842726786786232
-0.38149889293943073,-0.21126167701488924
-0.33057223009906267,-0.23425587426306127
-0.29239568995555093,-0.1962374052243308
-0.3409154352569106,-0.35706570233030477
-0.2721385997834052,-0.17606419013911337
-0.29319843382293115,-0.19703682530675035
-0.2723733805685406,-0.17629799880739536
-0.31406566696432003,-0.21781765704602185
-0.29486504450771284,-0.1986965353402109
-0.27594616892682605,-0.17985599392876558
-0.2981924397303321,-0.202010153383523
-0.3061953171058331,-0.20997989460620808
-0.3226339100663103,-0.22635042308151873
-0.3235334377020171,-0.22585360733001744
-0.35603146204565456,-0.25821707263315785
-0.35354536213379745,-0.25574126649224443
-0.36104305728011155,-0.2632079172078523
-0.3424422045406343,-0.24468408185474236
-0.3186753875440115,-0.22101567207379894
-0.39005164466787384,-0.2920963936730612
-0.3757471925884554,-0.2778511696047455
-0.30774479355455747,-0.21013033653525062
-0.3334721621309709,-0.23575118017360772
-0.3059707845579312,-0.2083636728758635
-0.34884638551179814,-0.25092911872573037
-0.34646915122912664,-0.24856172745261335
-0.30538137214508554,-0.20764407354514425
-0.36129405703471884,-0.26332525029290377
-0.31786434832043875,-0.22007536358478214
-0.3084696890676566,-0.2107196031992506
-0.3203369278135739,-0.22253770528867103
-0.36052866488339574,-0.2625630272706452
-0.32458918959670235,-0.22677236045487317
-0.37127477808038656,-0.27326464586496196
-0.3295622984656522,-0.23159224842596596
-0.34611006045234083,-0.24807149390987404
-0.3550588650702081,-0.256983245734924
-0.3900469119258264,-0.2918264235374584
-0.3645705127530013,-0.26645551015637764
-0.3645529865694888,-0.26643805654055147
-0.32039427332584086,-0.22246218376809096
-0.31250295095544467,-0.21460353565367987
-0.333822533276201,-0.23583484360703022
-0.3401760735762592,-0.24216207688369848
-0.3271630732889232,-0.22920295731274495
-0.3421897242557988,-0.2441673899824527
-0.3435547552169055,-0.24552676899209194
-0.3009278901570463,0.1883115843324762
-0.31312095305215737,0.17616900717848405
-0.301934938809348,0.18730870539519967
-0.2953773616994064,0.1938391306612454
-0.29423486398614335,0.19497689782860092
-0.29311092123412447,0.19609618686208335
-0.2821623592488648,0.206999415999414
-0.290928122092522,0.1982699480586407
-0.3214983240030222,0.16782632298226985
-0.3588850061822689,0.13059444147731078
-0.33564382684272526,0.15373939001959477
-0.29759939839289307,0.1916262943770596
-0.3404374936877483,0.14896557149532832
-0.32090310832145036,0.16841907415553345
-0.30857871763665,0.18069243533257892
-0.300918509490634,0.1883209261579593
-0.28265561254613875,0.20650820503215075
-0.3273285152144282,0.16202027185172005
-0.34916170750230885,0.14027748054865563
-0.3110041196623388,0.1782770757564232
-0.3177736681074236,0.17153555682887883
-0.28589416018291985,0.20328306669859378
-0.3024110426667509,0.18683457286003918
-0.3056738281836832,0.18358529700399795
-0.2885482473316755,0.200639968876954
-0.31785050634539824,0.13851731364995226
-0.340676475304683,0.11578585629694536
-0.3069298613142475,0.1493927414241564
-0.3343958796580422,0.12204044694971257
-0.3142725960446861,0.1420804095061936
-0.3036155229443366,0.15269335667704892
-0.30626323182516446,0.15005661071392795
-0.32142823491591227,0.13495439877144963
-0.2805833231295455,0.17563019098054466
-0.2974657129769635,0.15881770317255986
-0.31554205516023465,0.025520194401228
-0.3165391594744922,0.024527218627166742
-0.2884757677880446,0.052474413002095016
-0.2872228997811589,0.05372209347157559
-0.328449969190471,0.01266572597458788
-0.31017026451278035,0.03086974298905338
-0.29873786416358244,0.04225480714312457
-0.2820893928454129,0.05883434496851831
-0.3037216947199758,0.037291612286014936
-0.3194806968240199,0.021597860800897112
-0.29319785603630916,0.04777187670126913
-0.3302686695700327,0.010854555978271443
-0.3530925064153449,-0.3635666007951998
-0.353316601310823,-0.36378976781906963
-0.3477949336877594,-0.3582909628257291
-0.3904973196272989,-0.4054994016298066
-0.3549786744962278,-0.3701278225098275
-0.38245517620831504,-0.39749055694586427
-0.356006231446236,-0.3793461372605436
-0.37573207111632817,-0.3989903015022794
-0.35974221313740157,-0.3830666500079247
-0.25032149911453017,-0.2667703391798171
-0.26943433664493205,-0.285804039435532
-0.27210653752017117,-0.2884651759832297
-0.32120848026593385,-0.3348438346406033
-0.30201171418573425,-0.315726553343758
-0.30201171418573425,-0.315726553343758
-0.3049660482180115,-0.31853602283884574
-0.3049660482180115,-0.31853602283884574
-0.3049660482180115,-0.31853602283884574
-0.3161031523494806,0.05093046690220256
-0.3161031523494806,0.05093046690220256
-0.3161031523494806,0.05093046690220256
0.31388631007804746,0.04305523975485522
0.31388625362122835,0.04305524165568728
0.31388625362122835,0.04305524165568728
0.31388631007804746,0.04305523975485522
0.31388631007804746,0.04305523975485522
0.09212532082709832,0.050475291357498
-0.019778723659651356,0.054164169333167894
0.31388625362122835,0.04305524165568728
0.31146390712700606,0.04064292495947873
-0.2727128052754034,0.19713108509798488
-0.2722066685730706,0.18034071657963374
-0.2528301771510303,0.19469232894983035
-0.2523240256663423,0.17790195861831043
-0.25348876415321664,0.24238348874413596
-0.2531513205338318,0.2311899418148147
-0.25298265022637195,0.22559310526117085
-0.2480119946215395,0.2249834163990739
-0.24304133139822537,0.22437372660251215
-0.252813938385209,0.21999631365501593
-0.2526451943275235,0.21439956794998352
-0.25247651406957144,0.2088027433449223
-0.21519533267848895,0.2574165504160056
-0.17791427594869202,0.3060301949316261
-0.25213907761209836,0.1976091887298458
-0.024945006980194993,-0.1838537106246486
-0.0862498175774354,-0.17633421553961764
-0.09735097270684064,-0.1749725940100326
-0.10265297606839825,-0.1743222548037973
0.2235874852905546,-0.21433814632657577
0.00819504218322119,-0.08154556831013396
0.00819504218322119,-0.08154556831013396
0.00819504218322119,-0.08154556831013396
0.00819504218322119,-0.08154556831013396
0.00819504218322119,-0.08154556831013396
0.00819504218322119,-0.08154556831013396
0.00819504218322119,-0.08154556831013396
0.00819504218322119,-0.08154556831013396
0.00819504218322119,-0.08154556831013396
0.00819504218322119,-0.08154556831013396
0.00819504218322119,-0.08154556831013396
0.00819504218322119,-0.08154556831013396
0.00819504218322119,-0.08154556831013396
0.00819504218322119,-0.08154556831013396
0.00819504218322119,-0.08154556831013396
0.00819504218322119,-0.08154556831013396
0.00819504218322119,-0.08154556831013396
0.00819504218322119,-0.08154556831013396
-0.003614550907029597,0.31022977369137444
-0.002939730339838767,0.28784260385955585
-0.0019275281746276875,0.2542618432864127
0.0014467343450431025,0.14232604950035974
-0.0019275281746276875,0.2542618432864127
-0.00024040846934554087,0.1982939311578814
0.0014467343450431025,0.14232604950035974
-0.0019275281746276875,0.2542618432864127
-0.00024040846934554087,0.1982939311578814
0.0014467343450431025,0.14232604950035974
0.06653481915122736,-0.07617596069290881
0.3367459114621311,-0.0968712012018998
0.06138733256223872,-0.0813021339599226
0.4720911762845963,-0.0743632091671682
-0.012062992376611415,-0.5664241735994621
-0.01246671679231513,-0.5668262263821637
-0.013072303415870701,-0.5674293055562156
-0.014283476662981855,-0.5686354639043202
-0.006374146134153706,-0.5654417461220584
-0.006777870549857426,-0.56584379890476
-0.0073834571734130005,-0.5664468780788121
-0.008594630420524151,-0.5676530364269166
-0.0006852998916960289,-0.5644593186446546
-0.0010890243073997461,-0.5648613714273562
-0.001694610930955323,-0.5654644506014082
-0.002905784178066485,-0.5666706089495126
-0.011720763742599892,-0.6785928112326312
-0.012124488158303602,-0.6789948640153324
-0.012730074781859183,-0.6795979431893844
-0.013941248028970335,-0.6808041015374889
-0.0060319175001421884,-0.6776103837552273
-0.006435641915845904,-0.6780124365379288
-0.007041228539401478,-0.6786155157119808
-0.008252401786512636,-0.6798216740600851
-0.0003430712576845089,-0.6766279562778234
-0.0007467956733882303,-0.6770300090605249
-0.0013523822969438073,-0.6776330882345767
-0.0025635555440549564,-0.6788392465826809
-0.011378535108588361,-0.7907614488657998
-0.011782259524292094,-0.7911635016485014
-0.012387846147847664,-0.7917665808225531
-0.013599019394958816,-0.7929727391706577
-0.0056896888661306655,-0.7897790213883958
-0.006093413281834392,-0.7901810741710974
-0.006698999905389956,-0.7907841533451493
-0.007910173152501117,-0.791990311693254
-8.426236729836959e-07,-0.788796593910992
-0.0004045670393767108,-0.7891986466936936
-0.001010153662932287,-0.7898017258677456
-0.00222132691004344,-0.7910078842158498
-0.020563362136460563,-0.3722309121575276
-0.021125802827116555,-0.3535748476650228
-0.021238123217446794,-0.3498438392903573
-0.22004242253460593,-0.19362935280058685
-0.05764412273767955,0.44088133461916673
-0.057475585714530486,0.43528448701388534
-0.057475585714530486,0.43528448701388534
-0.05730695215779532,0.4296876646421403
0.055895017655995284,0.5183508768040451
0.04504857754352952,0.4925737142544092
0.699136069926567,2.2287845237383324
0.8515017658896776,2.1951938098402097
0.9947078989683173,2.382900700803424
1.1379280430490268,2.5701411929300297
-0.28799947846741875,0.2993029735055282
-0.31207112194419384,0.2402095217571948
-0.28799947846741875,0.2993029735055282
-0.24533313386493458,0.3066711792033766
-0.23280151840779667,0.30061835423741196
-0.23280151840779667,0.30061835423741196
-0.24937037802197176,0.3026506513763623
-0.11002256926032586,0.01813008285099499
-0.11002254554379803,0.018130084385038884
-0.11002256926032586,0.01813008285099499
-0.11002254554379803,0.018130084385038884
-0.11002256926032586,0.01813008285099499
-0.11002254554379803,0.018130084385038884
-0.11002256926032586,0.01813008285099499
-0.11002256926032586,0.01813008285099499
-0.11002254554379803,0.018130084385038884
-0.11002254554379803,0.018130084385038884
-0.11002256926032586,0.01813008285099499
-0.11002254554379803,0.018130084385038884
-0.11002256926032586,0.01813008285099499
-0.11002254554379803,0.018130084385038884
-0.11002256926032586,0.01813008285099499
-0.11002256926032586,0.01813008285099499
-0.08835339779338056,-0.06108941037877158
-0.08835339779338056,-0.06108941037877158
-0.08835355020891665,-0.06108940266007598
-0.08835339779338056,-0.06108941037877158
-0.08835339779338056,-0.06108941037877158
-0.08835339779338056,-0.06108941037877158
0.4226391149552573,-0.6614048008954376
0.4195323111930121,-0.43947984232530857
0.4095006965821112,-0.33696047147697405
0.4191900825590007,-0.32731120469214
0.4143453895705559,-0.33213583808455693
0.42282360230033406,-0.32369272964782714
0.40881623931408817,-0.11262319621063666
0.39912685333719894,-0.12227246299547072
0.39912685333719894,-0.12227246299547072
0.40847401068007666,-0.0004545585774679326
0.39878462470318743,-0.010103825362301953
0.3515285369245364,-0.6736851443629852
0.3230843057122479,-0.678597281750004
0.3017511323030316,-0.6822813847902685
0.4143453895705559,-0.33213583808455693
0.4143453895705559,-0.33213583808455693
0.4143453895705559,-0.33213583808455693
0.7457223395481611,-0.37278175114289724
0.7457223395481611,-0.37278175114289724
0.41273817512489147,-0.332022549837552
0.40759592686889085,-0.10826406959105839
0.4042231442332942,0.003671558875808901
0.4226391149552573,-0.6614048008954376
-0.02475041917778158,-0.3304928103990699
-0.20664558963185545,-0.09588862303195032
-0.20664558963185545,-0.09588862303195032
-0.20664558963185545,-0.09588862303195032
-0.20664558963185545,-0.09588862303195032
-0.07261689034245931,-0.2687557420553217
-0.11729271989603708,-0.21113388952782203
0.04362299014263676,-0.4186792536734737
-0.12272622458510231,-0.1940272021715852
0.05380578314278411,-0.42171410619383154
-0.11794788932858764,-0.19267014083668593
0.06394686325576444,-0.427273789245095
-0.3185660775186833,0.15161656078139557
-0.2824719541693369,0.14718934096519018
-0.2824719541693369,0.14718934096519018
-0.285205159832968,0.14339723761212503
-0.28602364477214465,0.13730665639493211
-0.30643091940175693,0.1216492609696013
-0.2728883970687107,0.1574053411898458
-0.2834499788424222,0.16934944524764514
-0.2867219023181902,0.16480989978740504
-0.2752701442515989,0.18069830270925816
-0.2846239942825523,0.1913627665050698
-0.2862722584424906,0.21302090206927782
-0.2824719541693369,0.14718934096519018
-0.2824719541693369,0.14718934096519018
-0.2824719541693369,0.14718934096519018
-0.2824719541693369,0.14718934096519018
-0.2824719541693369,0.14718934096519018
-0.353410322715858,0.0029417794803771875
-0.30473780271071915,-0.05983491203050906
-0.2560652342026364,-0.12261166609937167
-0.1830563038358016,-0.21677689729542762
0.0359704581629361,-0.4992725533488097
0.05346186144913208,-0.5218325610918665
-0.2443439534068002,-0.23364442302980235
-0.2194902210930616,-0.21772687113986622
-0.21159291549804488,-0.21869553596894353
-0.19095360502373818,-0.21580823300691238
-0.1830563038358016,-0.21677689729542762
-0.1751589925745391,-0.21774556281951313
-0.21041424384592528,-0.20244919095041178
-0.21043942259892293,-0.20459233794212509
-0.18612749278781965,-0.19140600819518191
-0.1830563038358016,-0.21677689729542762
-0.18146948818597997,-0.2726413782214815
-0.1798161827316209,-0.3285744405009515
-0.1781460634916868,-0.3845248855669571
-0.17646915992977663,-0.4404837843464173
-0.1714489906627775,-0.6083436599513465
-0.06469603157385695,0.5900751108636028
-0.057239766668326544,0.5997979096071814
-0.05351171329931564,0.6046592058555654
-0.0698321009150123,0.6013424555480711
-0.04791970103187445,0.6119510618366516
-0.07588032725303978,0.5754910453354704
-0.05688210968924982,0.5879327142456511
-0.05755704732047668,0.6103197393772468
-0.04791970103187445,0.6119510618366516
-0.23697633842483865,0.2648837932703407
-0.14618919775803568,0.8051748758822439
-0.12831763657565434,-0.4879214311138631
-0.13073998306987664,-0.4903337478100717
-0.15011875502365515,-0.5096322813797397
-0.1334610288412625,-0.48375443447921945
-0.1431504148181518,-0.49340370126405336
-0.160106840277708,-0.5102899181375131
-0.17713415408597602,-0.51921240537652
-0.16502242161486447,-0.5071508218954773
-0.36505381379633967,-0.3488138551616904
-0.2663463733112925,0.25535230701409134
-0.30734646192308845,0.25851194736729033
-0.3487477314053938,0.23942336074912748
-0.32526250968531084,0.26855481687757526
-0.33395701313289755,0.2541442968024106
-0.32035032253851037,0.27114074216660394
-0.33577045941378425,0.25003457459994555
-0.3277559281877115,0.25973897216688147
-0.33571982871003725,0.24835556535552142
-0.32024910911597604,0.26778266186283356
-0.3435656285549426,0.23305440759551063
-0.33182299624350614,0.24762016363186234
-0.34013103924992394,0.2018859691034951
-0.3542290495097723,-0.22143319072067227
-0.3288725218888713,0.25977569489922664
-0.31768816435881164,0.2743598410794865
-0.1458443187733338,-0.4368283011216723
-0.15068901176177846,-0.4416529345140892
-0.1478445879623863,-0.4411617206582729
-0.15995632043349786,-0.45322330413931555
-0.14827255430758823,-0.4301984213296498
-0.15069490080181058,-0.4326107380258585
-0.15293656600056013,-0.4261430906942682
-0.1553589124947825,-0.42855540739047665
0.181277720446477,0.2653577633190315
0.18212152025832307,0.23737383557778916
0.18380846259460593,0.1814058624311237
0.18718279635960128,0.06947019683268074
-0.185667708570739,-0.1874151482699317
-0.185667708570739,-0.1874151482699317
-0.185667708570739,-0.1874151482699317
-0.18470251828949238,-0.18729481818192922
-0.18662353792191427,-0.18753430951883374
-0.18757028650935217,-0.1876523444779092
-0.19462781506971663,-0.18655252381205356
-0.17861925830515946,-0.18851609552844983
-0.16261069907164982,-0.19047966754768209
-0.2610662313873265,-0.20275416214733263
-0.05907097915151418,-0.1678708698866783
-0.05907097915151418,-0.1678708698866783
-0.05785980590440301,-0.16666471153857415
-0.06028215239862532,-0.1690770282347826
-0.219638859891778,-0.4908623619795119
-0.20541674739996824,-0.48840629382382805
-0.1983056880684207,-0.48717825921311525
-0.18952486524992104,-0.5499420082418179
-0.1753027489656136,-0.547485939431194
-0.16819169184070476,-0.5462579052015537
-0.122678021749982,-0.5772445330225672
-0.10845590925817224,-0.5747884648668833
-0.10134484992662468,-0.5735604302561704
-0.09256405375319,-0.6363241506153087
-0.0783421514524591,-0.6338678058136126
-0.07123110173440762,-0.632639770675465
-0.06245017372700861,-0.6954036481576348
-0.04822805526659453,-0.6929475789712111
-0.041117001512556824,-0.691719545323699
-0.020123634503435843,-0.7845142846751255
-0.017279211382206994,-0.7840230709364235
-0.01016815357913489,-0.782795036589669
0.05516100767233452,-0.9322128968411003
0.058005432217705606,-0.9317216828564578
0.10182285353384585,-0.7641516338449056
0.10466727557707761,-0.7636604202923668
0.11177833394034085,-0.7624323858488707
0.1469938779763301,-0.8527710556180073
0.14983796957053047,-0.8522795017220574
0.15694935856154937,-0.8510518075911079
0.22227838159614158,-1.0004696293459037
0.22512280471737042,-0.9999784156072014
0.23223386252044248,-0.998750381260447
-0.19109145148293405,-0.14100937329398938
-0.19109145148293405,-0.14100937329398938
-0.28412799478949663,-0.22205063117070442
-0.28955375951280793,-0.22226523165498907
-0.3065101849723641,-0.2391514485284487
-0.2877679405366467,-0.22219459773322914
-0.30472436599620284,-0.23908081460668876
-0.2869070462252119,-0.22216054955486272
-0.303863471684768,-0.23904676642832237
-0.2859962259314274,-0.22212452839813382
-0.3029526513909836,-0.23901074527159347
-0.2877679405366467,-0.22219459773322914
-0.2877679405366467,-0.22219459773322914
-0.29739165790660416,-0.22101417531838172
3.0089827710859476,-4.644533242309951
2.215671172459476,-3.2612083689650775
1.4328696114077757,-2.36836415455833
1.0403126032788201,-1.997247351949618
0.6594542042538919,-1.5671119443688528
0.255233346046212,-1.2555481583966441
0.05766973666715543,-0.742799515705866
-0.03970622286352504,-0.8029470080231799
-0.13940471704930538,-0.19803342716418326
3.041143763134294,-4.6839306715047675
1.4329016922090174,-2.3788789374018906
0.4517413064304472,-1.5185764120672487
0.25469897673418934,-1.0804036153467025
0.12321258171613306,-0.7474391401092676
-0.0073190285154502085,-0.7274410773707416
-0.03990059020000698,-0.7392412944538375
3.0088692697291757,-4.607332110395944
1.4327731945894324,-2.336762640004439
0.6491018085072399,-1.6752464882570386
0.2546941369896519,-1.0788173437805646
0.05636075843875596,-1.1749765885790895
-0.03938084795578368,-0.9095916791413158
-0.13817987655925054,-0.5994863607687048
-0.29127582663986046,-0.1857878410823741
-0.29127582663986046,-0.1857878410823741
-0.29127582663986046,-0.1857878410823741
-0.29127582663986046,-0.1857878410823741
-0.29127582663986046,-0.1857878410823741
-0.29127582663986046,-0.1857878410823741
-0.29127582663986046,-0.1857878410823741
-0.29127582663986046,-0.1857878410823741
-0.29127582663986046,-0.1857878410823741
-0.2192019824057494,-0.4711604975401129
-0.2192019824057494,-0.4711604975401129
-0.2192019824057494,-0.4711604975401129
-0.2192019824057494,-0.4711604975401129
-0.2192019824057494,-0.4711604975401129
-0.2192019824057494,-0.4711604975401129
-0.2192019824057494,-0.4711604975401129
-0.2192019824057494,-0.4711604975401129
-0.2192019824057494,-0.4711604975401129
-0.35902823668228684,0.25849510645367263
-0.39294108760139934,0.2247226727067533
-0.35902823668228684,0.25849510645367263
-0.39294108760139934,0.2247226727067533
-0.3160966807039256,0.15984403399948047
-0.35000953162303805,0.12607160025256117
-0.3160966807039256,0.15984403399948047
-0.35000953162303805,0.12607160025256117
-0.2954610980833716,0.29671535485421213
-0.32937394900248407,0.2629429211072929
-0.2954610980833716,0.29671535485421213
-0.32937394900248407,0.2629429211072929
-0.32995723987355274,0.11552689380583733
-0.3638700907926652,0.08175446005891802
-0.32995723987355274,0.11552689380583733
-0.3638700907926652,0.08175446005891802
-0.26342592986602986,0.3095880758451727
-0.2973387807851423,0.2758156420982533
-0.26342592986602986,0.3095880758451727
-0.2973387807851423,0.2758156420982533
-0.2979220549476873,0.12839963327886905
-0.33183490586679976,0.09462719953194972
-0.2979220549476873,0.12839963327886905
-0.33183490586679976,0.09462719953194972
-0.27728648058231137,0.26527093491894355
-0.31119933150142387,0.23149850117202428
-0.27728648058231137,0.26527093491894355
-0.31119933150142387,0.23149850117202428
-0.23435491851411272,0.1666198822705721
-0.26826776943322517,0.13284744852365277
-0.23435491851411272,0.1666198822705721
-0.26826776943322517,0.13284744852365277
-0.28303329842330566,0.3483774937123816
-0.31694614934241816,0.31460505996546223
-0.28303329842330566,0.3483774937123816
-0.31694614934241816,0.31460505996546223
-0.35624328004074096,0.12592035444643543
-0.3901561309598534,0.09214792069951615
-0.35624328004074096,0.12592035444643543
-0.3901561309598534,0.09214792069951615
-0.33560769601755036,0.2627916695054671
-0.3695205469366626,0.2290192357585478
-0.33560769601755036,0.2627916695054671
-0.3695205469366626,0.2290192357585478
-0.2539623071876067,0.2054092696373493
-0.287875158106719,0.17163683589042994
-0.2539623071876067,0.2054092696373493
-0.287875158106719,0.17163683589042994
-0.3035725278002086,0.27566439049642766
-0.33748537871932105,0.2418919567495084
-0.3035725278002086,0.27566439049642766
-0.33748537871932105,0.2418919567495084
-0.22192712222658767,0.21828200915195847
-0.2558399731457001,0.18450957540503918
-0.22192712222658767,0.21828200915195847
-0.2558399731457001,0.18450957540503918
-0.20129154232333024,0.35515332217765244
-0.2352043932424427,0.3213808884307332
-0.20129154232333024,0.35515332217765244
-0.2352043932424427,0.3213808884307332
-0.27450151692425456,0.13269616852328536
-0.308414367843367,0.0989237347763661
-0.27450151692425456,0.13269616852328536
-0.308414367843367,0.0989237347763661
-0.31676487751929416,0.1955956968814977
-0.35067772843840667,0.16182326313457834
-0.31676487751929416,0.1955956968814977
-0.35067772843840667,0.16182326313457834
-0.2586940851166867,0.25749875783364434
-0.2926069360357992,0.223726324086725
-0.2586940851166867,0.25749875783364434
-0.2926069360357992,0.223726324086725
3.83912723189812,-0.8615808788366617
3.83912723189812,-0.8615808788366617
-0.25397349505624517,-0.1916257960242965
-0.2544781505758748,-0.19212836200267325
-0.25498280609550444,-0.19263092798105003
-0.255487461615134,-0.19313349395942678
0.682120060611607,-0.5530485105737097
0.6982881833033899,-0.5550316542694049
0.6982881833033899,-0.5550316542694049
0.6982881833033899,-0.5550316542694049
0.6982881833033899,-0.5550316542694049
0.6982881833033899,-0.5550316542694049
-0.43518851578226214,-0.2195286119048506
-0.3802128948146782,-0.15903713791237656
-0.4359048913173907,-0.21585611290288867
-0.3867416844633471,-0.17128237613809788
-0.46667916805544896,-0.2508888761916879
-0.3593391572507715,-0.1348037402893179
-0.3903102370230923,-0.16781866772560386
-0.30349452143724,-0.17706815661049793
-0.29776315621942084,-0.17161779894685344
-0.4101951931066331,0.04997074913647773
-0.2876984297450684,-0.2361209164576257
-0.2876984297450684,-0.2361209164576257
-0.2876984297450684,-0.2361209164576257
-0.2876984297450684,-0.2361209164576257
-0.3216112806641808,-0.26989335020454497
-0.3216112806641808,-0.26989335020454497
-0.3216112806641808,-0.26989335020454497
-0.3216112806641808,-0.26989335020454497
-0.39912644240344314,-0.34708755810128095
-0.39912644240344314,-0.34708755810128095
-0.39912644240344314,-0.34708755810128095
-0.39912644240344314,-0.34708755810128095
-0.31319493690621186,-0.35700527204491406
-0.31319493690621186,-0.35700527204491406
-0.31319493690621186,-0.35700527204491406
-0.31319493690621186,-0.35700527204491406
-0.3131949423315184,-0.3570052729818298
-0.3131949423315184,-0.3570052729818298
-0.3131949423315184,-0.3570052729818298
-0.3131949423315184,-0.3570052729818298
-0.2751702928438702,-0.30645438036797323
-0.2751702928438702,-0.30645438036797323
-0.2751702928438702,-0.30645438036797323
-0.2751702928438702,-0.30645438036797323
-0.32886501019110764,-0.21481682421378054
-0.32886501019110764,-0.21481682421378054
-0.32886501019110764,-0.21481682421378054
-0.32886501019110764,-0.21481682421378054
-0.1096280997673461,0.35475903057051816
-0.1096280997673461,0.35475903057051816
-0.1096280997673461,0.35475903057051816
-0.1096280997673461,0.35475903057051816
-0.29446841889768965,0.12403103642168538
-0.29446841889768965,0.12403103642168538
-0.29446841889768965,0.12403103642168538
-0.29446841889768965,0.12403103642168538
-0.29689076539191195,0.1216187197254769
-0.29689076539191195,0.1216187197254769
-0.29689076539191195,0.1216187197254769
-0.29689076539191195,0.1216187197254769
-0.3587184154723746,-0.3286233296248425
-0.2739362450521736,-0.24419220231367392
-0.31424316131541535,0.06171271860747656
-0.29089267051172985,-0.26107841918713365
-0.11374384638614275,-0.4046712783624476
-0.11340161775213131,-0.5168399159956162
-0.11305938911811975,-0.6290085536287856
-0.11271716048410829,-0.7411771912619536
0.7544489150612899,0.28676449100921286
-0.29792541246707893,-0.3513590639450899
-0.3003477589613013,-0.3537713806412985
-0.3104247120354757,-0.38233916128498685
-0.35160458395621785,-0.423348526716016
-0.27818963141061226,-0.321279083634833
-0.2588108594568337,-0.3019805500651647
-0.2345873785716683,-0.2778573693752243
-0.23216503207744593,-0.2754450526790157
-0.3613342009490278,-0.27386849487021186
-0.32941591689196914,-0.38271918099580077
-0.3700062428188209,-0.2917709028774034
-0.33324322265089756,-0.3957969126667049
-0.26497322850010563,-0.26130298687061476
-0.32577414389060916,-0.2755207782796316
-0.3216307670928249,-0.22284249181660526
-0.36176732145382223,0.07158821650273772
-0.3211896493433489,0.15179676698750716
-0.28684901263172213,0.04535840369296559
-0.35164482360143673,-0.26421923391738067
-0.29428363946571917,-0.24416066122892088
-0.2744770817194262,-0.3650729247007136
-0.34573618127116224,-0.2586003157200531
-0.31866258404220227,-0.3722756291032203
-0.3686012281110034,-0.28110543268916044
-0.3342606098804136,-0.38754381438821767
-0.38211783976232705,-0.30383235139199666
-0.33324322265089756,-0.3957969126667049
-0.3521777392541831,-0.34814642474315316
-0.2500113637422574,-0.3870398837348245
-0.3316817708143972,0.09228291790668212
-0.31349482406816764,0.01882292003467184
-0.2969661844011259,0.17591993394959238
-0.3405102621335645,-0.4030338627553306
-0.2918612929714969,-0.2417483445327124
-0.28416646769631543,-0.3747221914855477
-0.335323861009531,-0.2580279049171696
-0.2816044585044714,-0.3451677407768816
-0.42431526524191926,-0.33658878418518096
-0.3415276493630806,-0.39478076447684335
-0.38696266827837694,-0.30865711975086296
-0.31870914368556363,-0.38132301248945366
-0.4035494794296732,0.06977795023770861
-0.40312169363715894,-0.07043284680375224
-0.333012565823318,0.02872206588747806
-0.39117754851737724,-0.34065337815597063
-0.39074976272486284,-0.48086417519743124
-0.4240778027221594,-0.4205445845122601
-0.24924185786988767,-0.38706936468604913
-0.292857060097759,-0.1947184432407335
-0.32692148948384764,0.5383730356833695
-0.34275349546363787,0.2613774071097017
-0.26819130826087223,0.3586047923003507
-0.25365722929553836,0.3730786924776019
-0.33187848578484935,-0.22600218633744004
-0.3246114463021822,-0.21876523624881442
-0.34517584195786005,0.2589650904134931
-0.308042586705435,-0.22079753338562721
-0.3246114463021822,-0.21876523624881442
-0.3597099578852682,0.24449115342721037
-0.32499901216499116,-0.23768375025908683
-0.33187848578484935,-0.22600218633744004
-0.3764096749072416,0.14347849513790586
-0.3299573057245032,0.04910171532440682
-0.36375655607254825,-0.27628081739842314
-0.31488184039558764,-0.3682452805157137
-0.2626621523620858,0.1390921514008229
-0.24570572690252954,0.15597836827428246
-0.3030820712836657,-0.3682015285184126
-0.316310385793836,-0.38022637405999715
-0.27437377371340343,-0.32927383033721125
-0.2633786312671171,-0.3171755193299673
-0.3030820712836657,-0.3682015285184126
-0.31519380375477724,-0.3802631119994554
-0.3001410225121995,-0.13468062959795035
-0.3074080619948664,-0.14191757968657592
-0.3025633690064218,-0.13709294629415894
-0.3495397850984434,-0.06857880130340753
-0.3074080619948664,-0.14191757968657592
-0.3078358477873809,-0.0017067826451150254
-0.3078358477873809,-0.0017067826451150254
-0.3078358477873809,-0.0017067826451150254
-0.31363234883624036,0.10781677072053558
-0.3316315269370896,-0.16604074664866111
-0.3069307999947225,0.5848463298554182
-0.30783917964128954,0.5839417113819106
-0.3079401110339818,0.5838411978986646
-0.3086466285689524,0.583137605720651
-0.30935314648894474,0.5824340131592097
-0.311775492983167,0.5800216964630011
-0.31419783947738944,0.5776093797667926
-0.3166201859716117,0.575197063070584
-0.3139959772695375,0.5778104061581433
-0.3432659974080572,0.5486615794122904
-0.31419783947738944,0.5776093797667926
-0.3143689537943952,0.633693698583377
-0.31402672516038366,0.5215250609502081
-0.28508026630848254,0.6127860026230959
-0.3316009334984662,0.5542646459478012
-0.33656652018892985,0.548441132196033
-0.29182919668087914,0.6067775778972209
-0.318174363413236,0.5780971307892513
-0.3102213110048426,0.5771216281878729
-0.19050229457652235,0.020000834601216502
-0.25171332332152735,0.013395587532878271
-0.19101560250186725,0.18825379481651325
-0.19101560250186725,0.18825379481651325
-0.1764815235365334,0.20272769499376442
0.007158407351003756,0.22231957490505677
0.007158407351003756,0.22231957490505677
0.007158407351003756,0.22231957490505677
0.007158407351003756,0.22231957490505677
0.007158407351003756,0.22231957490505677
0.007158407351003756,0.22231957490505677
0.007158407351003756,0.22231957490505677
-0.1764815235365334,0.20272769499376442
-0.1764815235365334,0.20272769499376442
0.007158407351003756,0.22231957490505677
-0.014688618843823494,0.17938449209041832
-0.19874017083697984,0.347211268626759
-0.19701565406131893,0.1801644711002513
-0.1982268278859625,0.17895831217700592
-0.19512002412371718,-0.042966646393122976
1.0848627042059398,0.18374121754666958
0.35042435047159615,0.17925780401862323
-0.01711096533804581,0.17697217539420992
-0.1986305523016662,0.17855625939430456
0.35284669696581855,0.18167012071483177
-0.012779615300618446,0.35004976523637993
-0.014431947368314862,0.09525801386554186
-0.19903427671736992,0.1781542066116031
-0.19903427671736992,0.1781542066116031
-0.26094134399933455,0.17766669311993616
-0.29219555395002267,0.17736513589220176
-0.014688618843823494,0.17938449209041832
-0.19903427671736992,0.1781542066116031
0.8210891889767521,-0.8985824101299219
0.8210891889767521,-0.8985824101299219
0.0396745717938236,-0.21006076802276158
0.23612315266128864,-0.38310178958276103
0.04209691828804591,-0.20764845132655296
0.03916122884280633,-0.04180781157300848
0.04001680042783511,-0.3222294056559302
-0.05950746287824945,-0.1227505866947418
-0.1196901565973339,-0.06981450264406894
0.8205758460257349,-0.7303294536801688
0.23560980971027135,-0.214848833133008
0.2364653812953001,-0.4952704272159299
0.23680760992931152,-0.6074390648490984
0.04035902906184665,-0.4343980432890989
0.04035902906184665,-0.4343980432890989
-0.16114366784122172,-0.01758742895029326
-0.24592581978038555,-0.10201853785694588
-0.3743111203467143,-0.2298722552514652
-0.17140302745245253,-0.016329040161270635
-0.19562649239467575,-0.040452207123355816
-0.21984995733689883,-0.06457537408544099
-0.3482343831341385,-0.19242822033287876
-0.16319552715422958,-0.017335752739108087
-0.1874189920964528,-0.04145891970119327
-0.4853640871680577,-0.3381703642071604
-0.23352913117146995,0.0021289447634921205
-0.24564086364258156,-0.009932638717550485
-0.1538766283585548,-0.010350478861667668
-0.16114366784122172,-0.01758742895029326
-0.18536713278344497,-0.04171059591237846
-0.15047596973209812,-0.009847302638688082
-0.15774300921476506,-0.017084252727313655
-0.17210257014361688,-0.017746444394565405
-0.19632603508584004,-0.04186961135665062
-0.1996229380463766,-0.5056408442618988
-0.1216233392234662,-0.52062696258129
-0.11920099272924387,-0.5182146458850817
-0.17638308532084512,-0.5115374598493717
-0.17153839233240054,-0.5067128264569548
-0.13395299483769632,-0.5058431061407112
-0.13153064834347405,-0.5034307894445027
-0.1291083018492517,-0.5010184727482941
-0.1291083018492517,-0.5010184727482941
-0.1291083018492517,-0.5010184727482941
-0.10874592027247386,-0.49496664759472814
-0.09238459352338256,-0.49085626874704064
-0.09238459352338256,-0.49085626874704064
-0.09238459352338256,-0.49085626874704064
-0.09238459352338256,-0.49085626874704064
-0.18375655437855376,-0.5130058493403133
-0.14233440847287626,-0.5180865918038003
-0.14233440847287626,-0.5180865918038003
-0.17638308532084512,-0.5115374598493717
-0.15079528614446222,-0.4983583985390885
-0.1351071010084123,-0.49486380225127424
-0.09873507316752485,-0.4846584619533716
-0.09873507316752485,-0.4846584619533716
-0.09873507316752485,-0.4846584619533716
-0.0877477825220812,-0.47559346673910485
-0.02262281204059058,-0.4529167829096397
-0.17031252461181062,-0.5227831702064288
-0.15051189613056856,-0.5092919026388687
-0.09874652228478262,-0.5047425768314457
-0.06364376060665294,-0.499800423325384
-0.0627258681774836,-0.4895003395375873
-0.018541755560037374,-0.4895009863287014
-0.03245220504121617,-0.4760960567086717
0.025040068235522833,-0.48043848700462016
-0.15202379444976552,-0.5277358585886345
-0.18122777830928974,-0.5163620932417889
-0.16048467212135148,-0.5080076653239226
-0.13099810997136227,-0.4942483340978971
-0.12857576347713995,-0.4918360174016885
-0.12615341698291763,-0.4894237007054799
-0.12615341698291763,-0.4894237007054799
-0.12615341698291763,-0.4894237007054799
-0.12615341698291763,-0.4894237007054799
-0.09873507316752485,-0.4846584619533716
-0.08543368976504821,-0.4758773078844158
0.764002631689502,0.3199729365277362
0.7760303750557369,0.3239165139469809
0.7784527215499593,0.32632883064318946
-0.022210429244104105,-0.4561005726836281
-0.022210429244104105,-0.4561005726836281
0.007147834859973794,-0.44073553601097265
-0.06334857910642389,-0.44227651954636155
-0.06334857910642389,-0.44227651954636155
-0.06334857910642389,-0.44227651954636155
-0.05608153962375693,-0.43503956945773586
-0.04881450014109,-0.4278026193691105
-0.10943981007457018,-0.38554607685819087
0.052663339061856065,-0.4343204309095126
0.019367309769495286,-0.43294585468245433
0.037076019621791474,-0.4296990911782854
-0.18375655437855376,-0.5130058493403133
0.3604660789195487,-1.0573732983717117
0.2323858600799918,-0.9147931792178379
0.13390169016287612,-0.8102685594076233
0.01819534975887983,-0.7113037234708862
-0.2316806529078468,-0.4459394569044016
-0.2662398655534578,-0.4527640287364061
-0.2821363216076508,-0.4499320848494974
-0.1529342426247909,-0.5117042193350771
-0.09548135258614027,-0.5757061785085305
-0.07582538522518417,-0.5224038061772008
-0.12446432476544571,-0.49775918872937075
-0.11961963177700106,-0.4929345553369539
-0.11477493878855645,-0.48810992194453673
-0.05879906761820833,-0.4949757899329668
-0.05879906761820833,-0.4949757899329668
-0.1259701114211434,-0.48673674854328486
-0.05879906761820833,-0.4949757899329668
0.4338497691804685,-0.914493105806056
0.2928607477599349,-0.7947333800690632
0.07500410596121793,-0.6304907843917588
0.16924731301676996,-0.6948420829643842
-0.05152049849495476,-0.5419906987025197
-0.15951113918750995,-0.4426943576617395
-0.19559831099869165,-0.42807116517520033
-0.23312570924349557,-0.43532189728569065
-0.050614135706372035,-0.4774387560565445
-0.13491505443632784,-0.4281886088749552
-0.03454478996734791,-0.46966523999627946
-0.017918126075882276,-0.46162215653142064
0.45452743906581855,-0.7811120959407385
0.2968735675635082,-0.6675630866895718
0.21172939845670533,-0.606238494199702
0.13486651921464582,-0.5550358737059665
0.020116793979737042,-0.5135090150952654
-0.0647180163959285,-0.4373585898399575
-0.11851809196582781,-0.4224524405651509
-0.1427050106870739,-0.39168065453241874
0.001717757555191154,-0.45088283577235655
0.005015603409649973,-0.456730617477061
0.01470498938653923,-0.4470813506922269
0.01470498938653923,-0.4470813506922269
0.019549682374983866,-0.44225671729980987
0.01470498938653923,-0.4470813506922269
0.09954774583616915,-0.48997681427490347
0.2729067002066183,-0.5900749241384735
0.038033995138786365,-0.4333147008640751
0.05720708516937405,-0.42404001210648856
0.042673006204040166,-0.4385139122837398
0.15811459718375293,-0.4755234652563005
-0.16304548512914366,-0.515546220117803
-0.11941891587236249,-0.4913692059634603
-0.09873507316752485,-0.4846584619533716
-0.06218457466408026,-0.4760195533752669
-0.03715689100592447,-0.46739068308689113
-0.029889851523257523,-0.46015373299826545
-0.003524071259967172,-0.4606782612677717
0.01712733588076155,-0.4446690339960184
0.052362392180929404,-0.4288646454989058
0.090512889849462,-0.41164990486408926
-0.14029769490763158,-0.4358704345420097
-0.1451423878960762,-0.4406950679344267
-0.16209881335563242,-0.45758128480788635
-0.1622456201321777,-0.45960063030232706
-0.14472948481579265,-0.4466057409051342
-0.14957417780423723,-0.45143037429755134
-0.18833172171179424,-0.4900274414368878
-0.19317641470023889,-0.49485207482930454
-0.1299109624532745,-0.43208271916662966
-0.13475565544171914,-0.4369073525590468
-0.13960034843016383,-0.4417319859514637
-0.13162220316718962,-0.43437223242816275
-0.14857862862674578,-0.45125844930162234
-0.16553503868543776,-0.46814465083798534
-0.13333344388110469,-0.4366617456896956
-0.14302282985799397,-0.44631101247453
-0.15271221583488326,-0.45596027925936405
-0.16482393290513056,-0.46802184740331004
-0.15371235076849113,-0.45812698908622146
-0.13091568449932553,-0.43624421405864494
-0.1381827239819925,-0.44348116414727046
-0.17209561186317907,-0.47725363470322135
1.277446414181294,-0.13176821465251665
0.18641480805078803,-0.07519696464323397
0.3341217989548966,-0.09331435485641325
0.18641480805078803,-0.07519696464323397
-0.08835339779338056,-0.06108941037877158
-0.08835339779338056,-0.06108941037877158
0.7553803232252325,-0.8090355376751519
0.7553803232252325,-0.8090355376751519
0.03870798750439435,-0.05707959532572918
0.18641480805078803,-0.07519696464323397
0.18641480805078803,-0.07519696464323397
0.18598702225827365,0.06501383239822688
0.18722225688219551,-0.07439285907783114
-0.31344807781031386,-0.24012978703367296
-0.32313744838633884,-0.24977903848141073
-0.3279821567756477,-0.25460368721092413
-0.23366922356046158,-0.3430267175396549
-0.2506256490200177,-0.3599129344131144
-0.12480017451741819,-0.43518810447359
-0.13206721400008514,-0.44242505456221565
-0.13933425348275208,-0.4496620046508413
-0.14160061829737958,-0.4460654056051788
-0.17793581571071426,-0.4822501560483068
-0.19004754818182581,-0.49431173952934926
-0.13433357881471264,-0.43882845551655314
-0.15129000427426878,-0.4557146723900129
-0.16824642973382503,-0.4726008892634727
-0.13902229012356238,-0.4376441731670993
-0.15113402259467393,-0.4497057566481422
-0.1450001655193208,-0.4406705070366855
-0.13772854028053735,-0.4314387721171312
-0.14257323326898197,-0.4362634055095482
-0.14741792625742658,-0.4410880389019653
-0.13589710003681613,-0.42633691115054423
-0.13686603857675184,-0.42730183777151354
-0.1383194450872074,-0.42874922640889995
-0.1514001175420857,-0.44177573794876474
-0.2107464686320877,-0.36957753726570036
-0.21048979715657906,-0.4537040154905771
-0.21006201136406463,-0.5939148125320378
-0.2225560488100588,0.022197820486967255
-0.22229937733455016,-0.061928657737909246
-0.2218715915420357,-0.20213945477937012
-0.2233995764265008,0.05018175550526858
-0.22314290495099215,-0.03394472271960791
-0.22271511915847778,-0.1741555197610688
-0.22380439688691026,0.06360975006568124
-0.22354772541140158,-0.02051672815919527
-0.22311993961888713,-0.1607275252006561
-0.22400701630007264,0.070332586709949
-0.22375034482456407,-0.013793891514927463
-0.22332255903204967,-0.15400468855638835
-0.20627344589579696,0.06143759026276872
-0.22322987135535316,0.044551373389309055
-0.24018629681490936,0.027665156515849422
-0.20627344589579696,0.06143759026276872
-0.22322987135535316,0.044551373389309055
-0.24018629681490936,0.027665156515849422
-0.20559962335050253,0.03908403736042692
-0.2225560488100588,0.022197820486967255
-0.2395124742696149,0.005311603613507604
-0.20559962335050253,0.03908403736042692
-0.2225560488100588,0.022197820486967255
-0.2395124742696149,0.005311603613507604
-0.19379004317253146,-0.3526913203922407
-0.2107464686320877,-0.36957753726570036
-0.22770289409164385,-0.38646375413916023
-0.19379004317253146,-0.3526913203922407
-0.2107464686320877,-0.36957753726570036
-0.22770289409164385,-0.38646375413916023
-0.11597787600043101,-0.4316705568653023
-0.12566726197732025,-0.4413198236501363
-0.13777899444843175,-0.45338140713117897
-0.1287777786896341,-0.43388101845523197
-0.15057889713763498,-0.4555918687211084
-0.13673299110304593,-0.4312668471212022
-0.1464223770799352,-0.44091611390603624
-0.16580114903371368,-0.4602146474757045
-0.13362247167807878,-0.43870565184764887
-0.13846716466652342,-0.4435302852400659
-0.15057889713763498,-0.4555918687211084
-0.13673299110304593,-0.4312668471212022
-0.1464223770799352,-0.44091611390603624
-0.16580114903371368,-0.4602146474757045
-0.11597787600043101,-0.4316705568653023
-0.13777899444843175,-0.45338140713117897
-0.1287777786896341,-0.43388101845523197
-0.13846716466652342,-0.4435302852400659
-0.15057889713763498,-0.4555918687211084
-0.13730187518476103,-0.43136508977525106
-0.14699126116165032,-0.44101435656008514
-0.17121472610387345,-0.46513752352217047
-0.37721078166236416,-0.21785780927391968
-0.3844778211450311,-0.22509475936254528
-0.41354597907569896,-0.2540425597170475
-0.3756596674932976,-0.22359295279553898
-0.385522764221628,-0.22788605124305356
-0.4171262322894053,-0.2512275490212242
-0.4225146989870596,-0.2559945705860749
-0.375288959576347,-0.21809353542634868
-0.38255599905901394,-0.22533048551497423
-0.3995124245185701,-0.24221670238843385
-0.2945748833051685,-0.22118868977349407
-0.35872611065291393,-0.21994307290868637
-0.39302904551496737,-0.23239355497076772
-0.37252840610112425,-0.2157227023986524
-0.37979544558379125,-0.22295965248727792
-0.43066474660384274,-0.2736183276470113
-0.293863776846698,-0.22106588622170412
-0.3752898929249533,-0.22352909508504665
-0.3764350983821056,-0.22066238873970329
-0.3861244843589948,-0.2303116555245373
-0.2945748833051685,-0.22118868977349407
-0.3893711386372511,-0.23010770251714
-0.41151688542196957,-0.24646277278321768
-0.3731497875829673,-0.21835592120443498
-0.38041682706563423,-0.2255928712930606
-0.39495090603096805,-0.24006677147031152
-0.34147713248681105,-0.2190483183787926
-0.40575978549180053,-0.24173152753029795
-0.1638418088944923,0.5266662567839056
-0.16414460220627003,0.5263647171968794
-0.16475018882982567,0.5257616380228272
-0.1653557754533812,0.5251585588487752
-0.16596136207693682,0.524555479674723
-0.16717253532404794,0.5233493213266187
-0.16838370857115909,0.5221431629785143
-0.17080605506538143,0.5197308462823059
-0.17807309454804837,0.5124938961936804
-0.18534013403071536,0.5052569461050548
-0.20714125247871618,0.4835460958391782
-0.033024912482168024,0.7214585589842066
-0.03322677469001988,0.7212575325928559
-0.03342863689787174,0.7210565062015054
-0.033630499105723605,0.7208554798101545
-0.03393329212873519,0.7205539405106989
-0.03423608572927917,0.7202524006361025
-0.034841672352834724,0.7196493214620502
-0.03544725897639032,0.7190462422879983
0.22484523676016252,0.14168601348986706
-0.0968834037028619,-0.7545915059319493
-0.14890133155780583,-0.2213770494440445
-0.1588426480869831,-0.220157671067372
-0.13467921644504524,-0.21892098083573922
-0.14462053297422248,-0.2177016024590667
-0.1483938851669568,-0.23820950686357228
-0.15833519716966826,-0.23699012904210542
-0.1341717688817463,-0.2357534380527924
-0.14411308088445787,-0.23453406023132545
-0.14890133155780583,-0.2213770494440445
-0.1588426480869831,-0.220157671067372
-0.13467921644504524,-0.21892098083573922
-0.14462053297422248,-0.2177016024590667
-0.1483938851669568,-0.23820950686357228
-0.15833519716966826,-0.23699012904210542
-0.1341717688817463,-0.2357534380527924
-0.14411308088445787,-0.23453406023132545
-0.14890133155780583,-0.2213770494440445
-0.1588426480869831,-0.220157671067372
-0.13467921644504524,-0.21892098083573922
-0.14462053297422248,-0.2177016024590667
-0.1483938851669568,-0.23820950686357228
-0.15833519716966826,-0.23699012904210542
-0.1341717688817463,-0.2357534380527924
-0.14411308088445787,-0.23453406023132545
1.4946059622834502,0.26696558303447493
1.1770274666168783,0.221852814014859
1.1891391990879896,0.2339143974959016
1.0752284400217587,0.24788646192423172
1.0752284400217587,0.24788646192423172
1.3579128696844283,0.28373203452674367
1.3579128696844283,0.28373203452674367
-0.2968278332277173,-0.26627039609744463
-0.2968278332277173,-0.26627039609744463
-0.29662307538587107,-0.32232121069120817
-0.29662307538587107,-0.32232121069120817
-0.2970325914064574,-0.21021958183918021
-0.2968614770894516,-0.2663039006557646
-0.2966903627724458,-0.3223882194723489
-0.2970662351238085,-0.2102530862537148
-0.2968951208068028,-0.2663374050702991
-0.29672400648979697,-0.3224217238868835
-0.29711670096453774,-0.21030334313912305
-0.296945586647532,-0.26638766195570746
-0.29677447233052623,-0.3224719807722917
-0.29771994450098543,0.07036953422055775
-0.29771994450098543,0.07036953422055775
-0.29771994450098543,0.07036953422055775
-0.29771994450098543,0.07036953422055775
-0.29771994450098543,0.07036953422055775
-0.29754883018397976,0.01428521540397337
-0.29754883018397976,0.01428521540397337
-0.29754883018397976,0.01428521540397337
-0.29754883018397976,0.01428521540397337
-0.29754883018397976,0.01428521540397337
-0.29754883018397976,0.01428521540397337
-0.29754883018397976,0.01428521540397337
-0.297377715866974,-0.04179910341261093
-0.297377715866974,-0.04179910341261093
-0.297377715866974,-0.04179910341261093
-0.297377715866974,-0.04179910341261093
-0.2972066015499682,-0.09788342222919533
-0.2972066015499682,-0.09788342222919533
-0.2972066015499682,-0.09788342222919533
-0.2972066015499682,-0.09788342222919533
-0.2972066015499682,-0.09788342222919533
-0.2972066015499682,-0.09788342222919533
-0.27085563892671166,-0.4801924275026046
-0.27085563892671166,-0.4801924275026046
-0.27085563892671166,-0.4801924275026046
-0.27085563892671166,-0.4801924275026046
-0.2587439033754273,-0.4681308409541425
-0.27085563892671166,-0.4801924275026046
-0.27085563892671166,-0.4801924275026046
-0.27085563892671166,-0.4801924275026046
-0.2635885855832669,-0.4729554636105921
-0.2587439033754273,-0.4681308409541425
-0.27085563892671166,-0.4801924275026046
-0.27085563892671166,-0.4801924275026046
-0.25632155688120484,-0.46571852425793414
-0.2684332739514523,-0.4777800924018803
-0.31003190314844264,-0.40474906569353
-0.27085563892671166,-0.4801924275026046
-0.1610986777438612,-0.4554145748639143
-0.16352102423808348,-0.4578268915601228
-0.19016683567452894,-0.4843623752184164
-0.13787075926647613,-0.4314633324292999
-0.15240483823181003,-0.4459372326065511
-0.1645165707029216,-0.4579988160875937
-0.14413766517186183,-0.4365335729252971
-0.14656001166608415,-0.43894588962150527
-0.15382705114875111,-0.446182839710131
-0.14099962578488925,-0.43200366772925514
-0.1458443187733338,-0.4368283011216723
-0.1555337047502231,-0.4464775679065064
-0.13902229012356238,-0.4376441731670993
-0.16566810156000789,-0.46417965682539347
-0.13416842426655817,-0.42882996987859595
-0.1438578102434474,-0.4384792366634302
-0.16081423570300363,-0.4553654535368897
-0.15710731223431587,-0.4507373056867994
-0.17406373769387207,-0.46762352256025896
-0.136017296853969,-0.4291492583871404
-0.14328433633663587,-0.43638620847576587
-0.16024076179619212,-0.4532724253492255
-0.14897777104786336,-0.43936342125255623
-0.18531296846119805,-0.47554817169568414
-0.14975124985560437,-0.3292632506750819
-0.1594406358324936,-0.33891251745991585
-0.17155236830360518,-0.35097410094095843
-0.13586936734619562,-0.5674143919246967
-0.13829171384041797,-0.5698267086209055
-0.14555875332308488,-0.5770636587095308
-0.1258003094510261,-0.43735481430044765
-0.17424727013720087,-0.485601178898811
-0.13262233810079752,-0.4365389422550202
-0.19318101893739248,-0.4968468780647492
-0.1329113672540982,-0.43858284864720226
-0.15955717869054364,-0.4651183323054962
-0.19589228985903856,-0.5013029968608835
-0.06597938382054491,0.340741186353984
-0.06597938382054491,0.340741186353984
-0.06597938382054491,0.340741186353984
-0.05518199430705214,-0.017453357424079077
-0.06597938382054491,0.340741186353984
-0.06597938382054491,0.340741186353984
-0.05518199430705214,-0.017453357424079077
-0.06597938382054491,0.340741186353984
-0.05518199430705214,-0.017453357424079077
-0.06600083844408426,0.3414518253840702
-0.07284856881304023,0.4030780517985059
-0.07284856881304023,0.4030780517985059
-0.07082407680898953,0.3359165529615668
-0.08597769358089888,0.39926956721748497
-0.08564475855217481,0.6153537435838008
-0.07284856881304023,0.4030780517985059
-0.07284856881304023,0.4030780517985059
-0.07769326180148485,0.39825341840608897
-0.06002668729549677,-0.022277990816496104
16.857644637221846,-2.1398864897420085
8.73562910179795,-1.155430565120618
5.486767326462495,-0.7617232270702601
3.862292010735056,-0.564949617163586
3.0500131358812195,-0.4666272531946571
5.491309226139164,-0.757200133264869
5.490905501723459,-0.7576021860475706
5.490400846203828,-0.7581047520259473
17.89174384384262,-1.9583131602042496
9.266618429094704,-1.0607411042155415
5.81579044072353,-0.7019120435411184
4.089652411343189,-0.5226949361418665
3.2260515655896915,-0.43323554934923086
9.26298490935337,-1.0643595792598544
5.812156920982196,-0.7055305185854313
5.81579044072353,-0.7019120435411184
0.9825299380947716,-0.6755427745924619
-0.1873561049390065,0.4890460319308128
-0.21157956988122967,0.46492286496872764
-0.23557277882808528,0.3687256997902984
-0.2634297635116418,0.3409840577839004
0.5555572070759065,1.8874020404115135
0.4569015697649139,1.8593978798665667
-0.07546633970711834,-0.7496944141573311
-0.07503855391460394,-0.889905211198792
0.11167853328518434,-0.9588720483242784
0.11210631907769873,-1.099082845365739
-0.0726219165858895,-0.7492032004186292
-0.0721941307933751,-0.8894139974600901
0.11452295640641323,-0.9583808345855763
0.11495074219892759,-1.0985916316270372
-0.06551085878281739,-0.7479751660718743
-0.06508307299030296,-0.8881859631133352
0.1216340142094853,-0.9571528002388217
0.12206180000199972,-1.0973635972802827
-0.1507511851033667,-0.6019954932648478
-0.15032339931085223,-0.7422062903063088
0.03639369758203151,-0.811173134170602
0.03682148337454592,-0.9513839312120628
-0.14790697664387778,-0.6015040036521881
-0.14747919085136338,-0.7417148006936494
0.03923837680538889,-0.8106822517383006
0.0396661625979033,-0.9508930487797617
-0.14079591850172402,-0.6002759692468763
-0.1403681327092096,-0.7404867662883373
0.046349178167250794,-0.8094538861437024
0.046776963959765196,-0.9496646831851634
-0.1959220130111767,-0.5133762449823462
-0.19549422721866225,-0.6535870420238069
-0.008777002952224404,-0.7225540518205406
-0.008349217159710008,-0.8627648488620016
-0.19307759096794497,-0.5128850314298075
-0.1926498051754306,-0.6530958284712683
-0.005932580908992674,-0.7220628382680019
-0.005504795116478288,-0.8622736353094627
-0.1859665326046817,-0.5116569969863114
-0.18553874681216728,-0.6518677940277722
0.0011784774542705685,-0.7208348038245058
0.001606263246784968,-0.8610456008659663
-0.12601153380558153,-0.6305405466927025
-0.11719266722986667,-0.6221540915308661
-0.08191719375701706,-0.5886083343976378
-0.137247513830921,-0.25779416859431625
-0.13905605814006766,-0.19779668065894015
-0.12782361779825763,-0.6289485170945717
-0.13472675847032456,-0.622883683878088
-0.12176612614424318,-0.6298073918557601
-0.11294730816732973,-0.6214208647934004
-0.07767183442243898,-0.587875108482615
-0.13300215472641852,-0.2570609418496034
-0.13481069876512278,-0.19706345473694636
-0.12362029249471118,-0.6282225493193017
-0.13068356135749631,-0.6221853700898965
-0.11752076835085011,-0.6290741651092423
-0.10870185159714275,-0.6206877818034381
-0.07342642754698922,-0.5871419537813903
-0.12875669811426604,-0.2563278588523939
-0.13056529184930615,-0.19633030002875085
-0.11941686967592319,-0.6274967252902239
-0.12664031669114398,-0.6214871275133184
-0.26056924111375773,-0.43198401680799536
-0.25914702955314345,-0.43173840993864443
-0.25772481799252894,-0.4314928030692934
-0.23321990559497727,-0.4723413417247828
-0.23165531666128034,-0.47207114719081333
-0.23009072754106974,-0.471800952624634
-0.12417758081122982,-0.6332467710317968
-0.12204532962781596,-0.6328785448463748
-0.11991307844440206,-0.6325103186609529
0.012623676330570778,-0.8351139360224337
0.01546809945179963,-0.8346227222837315
0.018312522573028466,-0.83413150854503
-0.0903657551782317,-0.2590441124294415
-0.0903657551782317,-0.2590441124294415
-0.0903657551782317,-0.2590441124294415
-0.0903657551782317,-0.2590441124294415
-0.08930440385957353,-0.25886082382324804
-0.08930440385957353,-0.25886082382324804
-0.08930440385957353,-0.25886082382324804
-0.08930440385957353,-0.25886082382324804
-0.0905917790809875,-0.25154446898226124
-0.0905917790809875,-0.25154446898226124
-0.0905917790809875,-0.25154446898226124
-0.0905917790809875,-0.25154446898226124
-0.08953042651158649,-0.2513611801600725
-0.08953042651158649,-0.2513611801600725
-0.08953042651158649,-0.2513611801600725
-0.08953042651158649,-0.2513611801600725
-0.12446687058248844,-0.6323801724740782
0.3522896723237615,-1.2472897439666237
-0.19633975123181116,-0.5396801919502648
-0.22029742019050322,-0.5087801441742106
-0.24425497892301615,-0.47788023856533496
-0.12233141850832946,-0.6320113935152314
0.3544251243979205,-1.2469209650077768
-0.19420429915765222,-0.5393114129914183
-0.21816196811634428,-0.5084113652153639
-0.24211952684885718,-0.4775114596064884
0.012623676330570778,-0.8351139360224337
0.6508545537318411,-1.6582893725749612
-0.08311095432858163,-0.7116376217661816
-0.11502237741680417,-0.6704790057201824
-0.14693404301974672,-0.6293200768843018
0.01546809945179963,-0.8346227222837315
0.6536989768530699,-1.657798158836259
-0.08026652169697161,-0.7111464202937494
-0.11217795429557527,-0.6699877919814807
-0.14408961989851796,-0.6288288631455998
-0.2324690858921215,-0.4721607469888827
-0.12272094469076464,-0.6335263457488617
0.0140458878911852,-0.8348683291530825
-0.2421584718690108,-0.4818100137737168
-0.1324103306676539,-0.6431756125336958
0.004356501914295937,-0.8445175959379169
-0.2470031648574554,-0.4866346471661338
-0.13725502365609854,-0.6480002459261127
-0.00048819107414868384,-0.8493422293303334
-0.25427020434012243,-0.49387159725475943
-0.14452206313876545,-0.6552371960147382
-0.007755230556815625,-0.8565791794189594
-0.2329824288431388,-0.30390779053912964
-0.12323428764178188,-0.46527338929910866
0.013532544940167915,-0.6666153727033297
-0.23281131452613316,-0.3599921093557141
-0.12306317332477616,-0.5213577081156929
0.013703659257173663,-0.7226996915199141
-0.2326402002091274,-0.41607642817229845
-0.12289205900777041,-0.5774420269322774
0.013874773574179424,-0.7787840103364982
-0.2324690858921215,-0.4721607469888827
-0.12272094469076464,-0.6335263457488617
0.0140458878911852,-0.8348683291530825
-0.23195574294110421,-0.6404137034386357
-0.12220760173974735,-0.8017793021986149
0.014559230842202488,-1.0031212856028358
0.0636403381963414,-0.9739620911450558
-0.24652487058019365,-0.5268868271890121
-0.17986067102608316,-0.5667653117003668
-0.18955005700297237,-0.576414578485201
-0.17786040115886728,-0.5624318920466517
-0.18270509414731198,-0.5672565254390686
-0.1923944801242012,-0.5769057922239028
-0.17317739901552537,-0.42532648031215103
-0.18286678499241468,-0.4349757470969852
-0.19982321045197088,-0.4518619639704448
-0.1774383245318608,-0.5643529950041583
-0.18228301752030537,-0.569177628396575
-0.18712771050875004,-0.574002261788992
0.02037502827159133,-0.6753926222716917
0.015530335283146698,-0.6802172556641087
0.01068564229470207,-0.6850418890565257
-0.1774383245318608,-0.5643529950041583
-0.1847053640145277,-0.5715899450927838
-0.194394749991417,-0.5812392118776178
-0.17786040115886728,-0.5624318920466517
-0.18270509414731198,-0.5672565254390686
-0.1923944801242012,-0.5769057922239028
0.003886547850819622,-0.674252091919539
-0.0033804916318473177,-0.6814890420081646
-0.008225184620291945,-0.6863136754005817
-0.17786040115886728,-0.5624318920466517
-0.18754978713575654,-0.5720811588314857
-0.19723917311264583,-0.5817304256163198
-0.1802884568185975,-0.42655451465890576
-0.18513314980704215,-0.43137914805132277
-0.19482253578393144,-0.44102841483615696
-0.139149915166998,-0.6124451211911346
-0.1439946081554426,-0.6172697545835516
-0.15368399413233186,-0.6269190213683855
-0.08535082219715222,-0.6882017836344749
-0.09019551518559683,-0.6930264170268918
-0.09988490116248608,-0.7026756838117258
0.020802814064105724,-0.8156034193131525
0.01595812107566111,-0.8204280527055696
0.011113428087216479,-0.8252526860979865
0.003846388604549535,-0.832489636186612
-0.2820805789094632,-0.2799790372684325
-0.2822516932264689,-0.22389471845184808
-0.2824228075434747,-0.16781039963526376
-0.2824228075434747,-0.16781039963526376
-0.2824228075434747,-0.16781039963526376
-0.2824228075434747,-0.16781039963526376
-0.30106335430463776,-0.19211724588138215
-0.28615090772943635,-0.17267175693187992
-0.2708962519638283,-0.2653949309695622
-0.24665472100574956,-0.18270165533226998
-0.2654663820839185,-0.1509241827618041
-0.2654663820839185,-0.1509241827618041
-0.2654663820839185,-0.1509241827618041
-0.2654663820839185,-0.1509241827618041
-0.2654663820839185,-0.1509241827618041
-0.28410692884508154,-0.17523102900792242
-0.2691944822698801,-0.1557855400584202
-0.25428205513828367,-0.13634007646293386
-0.24682583532275534,-0.12661733651568555
-0.22818528717276315,-0.10231048845856605
-0.25854869253278023,-0.13707689753944463
-0.264237538775238,-0.1380593250168485
-0.27134859657831006,-0.13928735936360329
-0.27561523126015336,-0.1400241799716561
-0.1802884568185975,-0.42655451465890576
-0.18513314980704215,-0.43137914805132277
-0.17317739901552537,-0.42532648031215103
-0.18286678499241468,-0.4349757470969852
-0.1660663412124533,-0.4240984459653962
-0.1709110342008979,-0.4289230793578133
-0.13171531324541166,-0.4709388913414665
-0.13656000623385628,-0.47576352473388367
-0.1414046992223009,-0.48058815812630074
-0.14624939221074554,-0.48541279151871763
-0.09179554494620644,-0.5374223964056641
-0.0966402379346511,-0.5422470297980811
-0.0456057192387259,-0.6162066839529516
-0.05045041222717054,-0.6210313173453689
-0.030979653755205873,-0.6096928698907944
-0.035824346743650495,-0.6145175032832113
-0.040669039732095125,-0.6193421366756287
-0.04551373272053976,-0.6241667700680456
-0.0260429742485751,-0.6128283226134712
-0.03088766723701972,-0.6176529560058883
0.12156616243429852,-0.8457848012076133
0.1167214694458539,-0.8506094346000302
0.13219162860553926,-0.8459438438415172
0.12734693561709465,-0.8507684772339345
0.22689575086772634,1.8036230323183269
0.2318664100384146,1.8030133430188513
0.24180772181453775,1.8017939652251767
0.24677838254838136,1.8011842757339676
0.25174904078117616,1.800574586549531
-0.40579582688885646,-0.35440698080372285
-0.30681212224636434,1.0739031501779623
-0.18630807664801452,0.04857195973642194
-0.15726962312445758,-0.43322274101804314
-0.15726961257048444,-0.4332227421122721
-0.15726961257048444,-0.4332227421122721
-0.23798468606200487,-0.16646432894333119
-0.2402051688082889,-0.1686756177144794
-0.24272845333682602,-0.17118845450805667
-0.24474707464530146,-0.17319871765470898
-0.2474722221517336,-0.1759125816064918
-0.24999548588910406,-0.1784253976949888
-0.25251875116656086,-0.1809382153171955
-0.23700611752328915,-0.2217445368265289
-0.23963033315575227,-0.22435788681578164
-0.24063964342496838,-0.22536301800568032
-0.24195174546587583,-0.22666968724889552
-0.24447502768428325,-0.22918252174190837
0.012134316404786853,-0.022416117929708025
-0.08021887844207348,0.01400723330843979
-0.20001453094723112,-0.1898333083282557
-0.30449444310962903,0.11309489336256368
-0.28178318262801066,-0.15999420257397687
0.12961211268012549,-0.4106490138659717
0.12045578075809044,-0.2920277746541066
-0.2778973900136335,-0.3566802736187974
1.0437203624728986,-0.17144809458149562
1.0437203624728986,-0.17144809458149562
0.8899395919496976,2.067372021815841
0.8898891266865011,2.067321765505574
0.013345489651898019,-0.02120995958160365
-0.10001241767447543,-0.16802695053823605
-0.07443844096179272,1.059088453666769
-0.2756556417354182,-0.33310277518745574
-0.21886485544012343,0.11639101002385611
2.0336032024865056,3.1780776357978464
-0.30112815368793977,0.06543236637854555
0.007259563476237736,-0.1688778404727613
0.007259563476237736,-0.1688778404727613
-0.16294218674433966,0.4765485528016029
-0.1628566298469365,0.44850647897119
-0.15023155442480768,0.29231510600247945
-0.28314180483469564,0.0765641332121973
-0.37196255152713253,0.04852062732104334
-0.3110597163226151,-0.32801715576692353
-0.3110597163226151,-0.32801715576692353
-0.1350648289412826,0.5609747460545581
-0.29469444645570364,0.5608120913920944
-0.3252848030821589,-0.2192281070125868
-0.32164867283456827,-0.2948880037637551
-0.318567200958468,-0.2948219135203164
-0.10348295457763099,-0.27093631275842894
-0.30301389424661324,0.1065914487349981
-0.30594090049570277,0.10367656184271128
-0.3423080395714119,-0.11593193091724238
-0.33873910828248727,-0.43923067440881536
-0.2784637344412366,0.6438914410753357
0.1251598020355095,-0.6448589167105566
0.08538802610918345,-0.6820148104860666
-0.29396134930343676,0.09638862459709711
-0.2987418369669153,0.2183108848385866
-0.31737758227785207,-0.01332933230979022
-0.3547323777397087,-0.4054899314488399
-0.31331022936507885,-0.4105706742151627
-0.12952904507253807,-0.5922413663912095
-0.17095119344716805,-0.5871606236248867
0.06262915531927422,-0.24349027074316368
-0.15852840038553884,-0.5912673914710334
-0.13859724128891565,-0.4571532347019622
-0.2093978811817687,-0.4872479516384407
-0.11899733466798984,-0.618625732636378
0.1352048461213174,-0.8866652573653832
0.03976602250330861,-0.9339269316705864
-0.20700409759081845,-0.07791088893911263
0.3102872540223033,-0.11444580369927236
-0.06413789817112699,-0.1652172965900671
-0.09320103283612165,-0.3160610151120361
-0.003612869630710412,-0.0695049784294743
0.10900912074759646,-0.08637661617199763
0.1091802350646022,-0.14246093498858198
-0.19261585046181023,0.35379454093986684
-0.2092622355481125,-0.1875001956836694
-0.23274740204721628,-0.39609933150986604
-0.13578654432441262,-0.48248153782701975
-0.014585497502242063,-0.5904592371176354
-0.22990297892598752,-0.3956081177711642
-0.13294212120318383,-0.48199032408831777
-0.011741094132632754,-0.5899680209562465
-0.22279192112291532,-0.3943800834244094
-0.1258310634001117,-0.4807622897415631
-0.00463003632956062,-0.5887399866094916
-0.20856980009146456,-0.39192401379398395
-0.1116089477939675,-0.4783062210480536
0.009592076563930314,-0.58628391838444
-0.13502576702270877,0.8319067490180928
-0.28811922390655836,0.16069421300000028
-0.35452708127116805,0.2147238153149381
-0.2993246860219089,0.14330914998454689
0.19437451297617148,-0.07646512203362804
-0.2884529759199093,0.17942861031508986
0.9240003657923026,2.1367376629264228
0.03882906340586008,0.7692345338749426
-0.1367336023903397,0.21255313107935894
0.25687919147720095,1.2993346296719293
0.47147121816105586,-0.11130942117485736
0.47144093878656307,-0.11133957517669558
0.47137028705713,-0.11140993437053275
0.471319821505167,-0.11146019096837044
0.4712693559532041,-0.11151044756620808
0.47106749374535223,-0.11171147395755887
0.47086563153750033,-0.1119125003489096
0.4700581827060929,-0.11271660591431235
0.46925073271962064,-0.11352071262999751
-0.20621113515538947,0.741915795704732
-0.22152716495867136,-0.08031144068447267
-0.22713118402490198,-0.3671658792906173
-0.2227998339874747,-0.19408828944844703
-0.22713118402490198,-0.3671658792906173
-0.28156353127427114,0.4887552589711458
-0.28403960958070834,0.09545669363020401
-0.2652309020592649,0.11418637583843655
-0.3410154392500741,-0.1909337494486499
-0.33273100945170053,-0.19194989801705634
-0.3161621498549533,-0.19398219515386908
-0.31257120865502375,-0.18602161198592193
-0.3042867782394121,-0.18703776063003727
-0.2877179186426648,-0.18907005776685004
-0.3410154392500741,-0.1909337494486499
-0.33273100945170053,-0.19194989801705634
-0.3161621498549533,-0.19398219515386908
-0.3125712080377857,-0.1860216120616309
-0.3042867782394121,-0.18703776063003727
-0.2877179186426648,-0.18907005776685004
-0.30373434572774766,-0.14232005695641314
-0.2954499159293741,-0.14333620552481954
-0.2788810563326269,-0.1453685026616323
-0.27529011451545937,-0.13740791956939408
-0.26700568471708575,-0.13842406813780048
-0.25043682512033844,-0.1404563652746132
-0.30373434572774766,-0.14232005695641314
-0.2954499159293741,-0.14333620552481954
-0.2788810563326269,-0.1453685026616323
-0.27529011451545937,-0.13740791956939408
-0.26700568471708575,-0.13842406813780048
-0.25043682512033844,-0.1404563652746132
-0.3773667393297714,-0.02359839081343327
-0.3121651788368139,0.02841862674715981
-0.39064840778151866,0.15385423139654666
-0.287246141542897,-0.14675629167032153
-0.37430945138698724,-0.2405017863752995
-0.3033486443011213,0.251407559031359
-0.38278389037960603,0.16440664602071323
-0.31173598285154974,-0.010573012963949224
-0.36873443479901497,-0.011373218467928159
-0.3263095244416685,0.04628098227205908
-0.3719390197350427,0.14985986546778124
-0.3522535097721103,-0.09782825402572465
-0.38422644947653145,0.0745246274113272
-0.3085590552389348,-0.00024784812785040583
-0.35464993181098464,0.02505221367552198
-0.3021859421023699,0.025067485360730713
-0.23191461105582808,0.012309269331110448
-0.2178324219015509,-0.021845686940783184
-0.1418663438104859,-0.06013021836766198
0.48182097407334384,0.8378492203435659
0.48258536136185787,0.7100291948131433
0.5653551489781944,0.8452482224765858
0.6803530571345857,1.272837888162407
-0.3384349713953306,0.29906871545859554
-0.3380273678090823,0.2364101055335101
-0.06446815051623629,-0.07932615140553685
-0.31534385541282706,0.20531375033659538
-0.32504958656417543,-0.0242537396893862
0.3258673717810711,0.35008782261220184
0.8733238594857669,-0.3346528049767609
-0.2909853290334306,0.06282955693156975
-0.28140528028244455,-0.3290429660708076
-0.27917574644868337,-0.3289458005678548
-0.26735846297491345,-0.31770796611156266
-0.2561224669989291,0.282880665348187
-0.24728021111731927,-0.11115450049855728
-0.24431287821858605,-0.10889468038109226
-0.22503938846116822,-0.08793412731404426
-0.3169995459402673,-0.5655472558464607
0.15004824423802615,-0.09106212327437112
0.02352586187032656,-0.11842303326227488
-0.366336037988922,0.0027508865259204865
-0.36464895805842507,-0.05321702139507664
-0.3629107498386213,-0.11088089357864386
-0.36127478946807046,-0.16515283830779354
-0.3595876604788943,-0.22112228376712342
-0.18574037755941306,0.5088570966346769
-0.18491193812225676,0.5087554822123733
-0.18408349018941947,0.5086538637729199
-0.18325504368481316,0.5085522484837395
-0.18242660474692887,0.5084506341226752
-0.1815981651510688,0.5083490196809053
0.5269309188802813,0.04485075461024013
-0.06502679983231809,0.0916187623024938
-0.18581378210807045,0.10098385126181526
-0.23893584486872452,0.10497750140328177
-0.22116427667616972,-0.1959488413383081
-0.3367242520657447,0.2466543218014035
-0.0391917241998868,0.08756583411506608
-0.04757604287316246,0.36570936117617947
-0.0493142807378649,0.42337323885743905
-0.05100131346399741,0.47934119087045934
-0.06880137893511275,0.4904388722877223
-0.17419771043365695,0.15223436964266618
-0.1357483596048711,-0.4095662270140332
0.18558093214539603,-0.7540841307107348
-0.29140848057012325,-0.16162836274864478
-0.1685624398714265,0.6917360574290626
0.4053260999300599,-0.11487817213775436
-0.313371296338324,0.24763516922636558
0.1268840049077528,-0.07477407200374887
-0.24818751932280547,0.015428792452627625
-0.09100966077346505,0.3643558775361164
-0.050014546329501156,0.35932751374189764
-0.050014546329501156,0.35932751374189764
-0.02791896816435251,0.36314327922287615
-0.35803807087021194,0.29153890721468134
-0.3023201517059335,-0.332654831024979
-0.26693531042277013,0.32500457534048605
-0.2683680626446773,0.3323495792483432
-0.3988835941822355,0.14688082194671206
-0.34896065188213643,-0.3215723090024025
-0.28251410041261804,-0.38578581621482
-0.28251410041261804,-0.38578581621482
-0.28251410041261804,-0.38578581621482
-0.28251410041261804,-0.38578581621482
-0.24128878801634124,-0.44387733416169733
-0.28294758498626654,0.01781443826225513
-0.11044245704810099,0.35980940570637676
0.1606215091297142,0.44410522169359107
-0.3525101970049122,-0.3288136654934206
-0.35449845551489134,-0.32856979040633444
-0.35648672143172766,-0.32832591441074077
-0.3624515093064271,-0.3275942876353031
-0.3664280405228618,-0.3271065357198248
-0.36841630181041246,-0.3268626602920483
-0.37040456032039143,-0.3266187852049621
-0.37040456032039143,-0.3266187852049621
-0.31130097183469807,-0.27027015718751585
-0.30757297895008234,-0.27072742397894617
-0.3050876493316083,-0.27103226863274793
-0.30260231786142006,-0.2713371135136767
-0.30011699009466036,-0.2716419579403515
-0.31130097183469807,-0.27027015718751585
-0.21589998637383545,0.7584249191402377
-0.21258621728555144,0.7580184600601265
-0.21092932292732353,0.7578152293162987
-0.2076155564314396,0.7574087705541654
-0.20430178401006982,0.7570023110652265
-0.2009880154383492,0.7565958515677645
-0.21589998637383545,0.7584249191402377
1.1076763972622334,2.509560600445985
1.1076259317102706,2.509510343848147
1.1075754661583075,2.5094600872503094
1.1075250006063446,2.509409830652472
1.107474535054382,2.5093595740546344
1.107373603950456,2.5092590608589593
1.1072726728465299,2.509158547663283
-0.3481381615022757,-0.15400478196404915
-0.3283517973779057,0.21175358788572848
-0.32371653662951155,0.6293201976745734
-0.20976896230776348,0.14711474033918642
-0.25801587914501445,-0.33061113900993727
0.14076684312802548,0.05882229052603342
0.14076684312802548,0.05882229052603342
0.14076684312802548,0.05882229052603342
0.14076684312802548,0.05882229052603342
0.14076684312802548,0.05882229052603342
-0.05040094746884351,0.4996218477669171
-0.34817238541007584,-0.14278757588921612
-0.33594028667968556,0.18371056997662133
0.661731129243758,1.8251104107193379
0.4661159844095531,1.5802660472681376
0.4612712914211084,1.5754414138757218
0.4564265984326638,1.570616780483304
0.4515819054442193,1.5657921470908873
-0.01494951260031963,0.9901248121507719
-0.10666057774372455,0.8769572597006675
0.7196208759626336,1.8647443442853378
0.7723385318753684,1.9201345372372998
0.7099314899857442,1.8550950775005042
0.4515819054442193,1.5657921470908873
0.5649248781957287,1.6917095962737574
0.5600801852072839,1.6868849628813405
0.5552354922188392,1.6820603294889236
0.5503907992303947,1.6772356960965065
0.3263482221256989,1.410499562640548
0.1320786563604616,1.1673223262129866
0.12723396337201692,1.1624976928205697
0.12238927038357231,1.1576730594281528
0.11754457739512769,1.1528484260357357
-0.014927206179683232,0.9893842793285977
-0.08659315079484425,0.9009867135719383
0.5503907992303947,1.6772356960965065
0.4516592197335634,1.563185504490967
0.3264035618883183,1.408644989878619
0.11760064799009677,1.1509901768774773
0.08690081644735255,1.1096358543413458
0.08205612345890793,1.104811220948929
0.07721143047046332,1.0999865875565122
0.07236673748201866,1.095161954164095
-0.014870951783667886,0.9875159927072561
-0.08653574362100691,0.8990860602392291
0.4499102569153492,1.5403411903196491
0.43694167416325586,1.5381545760234925
0.3265710956953535,1.4030681969919006
0.11777166969087977,1.1453419668057376
0.0725358202371695,1.0895528645862642
-0.01470195029469804,0.9819091028427085
-0.08636826641213388,0.8935218827768654
-0.1625963858136088,0.8148510738121911
-0.1689485687642548,0.40510392017127295
-0.02249550202128836,0.471814107917549
-0.23804585936495087,0.24995745845290246
-0.26149419204893803,0.26367131944603245
-0.2843179759294777,-0.16139260823080748
-0.3257401243041077,-0.15631186546448456
-0.33954750380371435,-0.15461828494615806
-0.34645120466380375,-0.15377149332423337
-0.35335488947570226,-0.15292470367074185
-0.3696066396306099,-0.15471177021390087
-0.28441890703340356,-0.16149312142648284
-0.3258410554080336,-0.1564123786601599
-0.33964843490764024,-0.15471879814183337
-0.3465521357677296,-0.15387200651990873
-0.3534558205796282,-0.15302521686641724
-0.3697075707345359,-0.15481228340957626
-0.28462076924125546,-0.1616941478178336
-0.3260429176158855,-0.1566134050515106
-0.33985029711549214,-0.1549198245331841
-0.34675399797558154,-0.15407303291125954
-0.3536576827874799,-0.15322624325776799
-0.3699094329423877,-0.15501330980092692
-0.28482263144910736,-0.16189517420918428
-0.3262447798237373,-0.15681443144286134
-0.3400521593233439,-0.15512085092453481
-0.34695586018343344,-0.1542740593026101
-0.3538595449953319,-0.15342726964911862
-0.3701112951502396,-0.15521433619227765
-0.2850244936569592,-0.16209620060053498
-0.3264466420315892,-0.15701545783421203
-0.3402540215311958,-0.15532187731588554
-0.3471577223912852,-0.15447508569396096
-0.3540614072031837,-0.15362829604046932
-0.37031315735809145,-0.15541536258362834
-0.285428218072663,-0.1624982533832364
-0.3268503664472929,-0.15741751061691345
-0.3406577459468995,-0.155723930098587
-0.3475614468069889,-0.1548771384766623
-0.35446513161888743,-0.15403034882317082
-0.37071688177379514,-0.15581741536632976
-0.28663939131977406,-0.1637044117313406
-0.32806153969440416,-0.15862366896501773
-0.34186891919401075,-0.15693008844669123
-0.3487726200541001,-0.15608329682476654
-0.35567630486599866,-0.15523650717127502
-0.37192805502090626,-0.15702357371443404
-0.2843179759294777,-0.16139260823080748
-0.3257401243041077,-0.15631186546448456
-0.33954750380371435,-0.15461828494615806
-0.34645120466380375,-0.15377149332423337
-0.35335488947570226,-0.15292470367074185
-0.3696066396306099,-0.15471177021390087
-0.28441890703340356,-0.16149312142648284
-0.3258410554080336,-0.1564123786601599
-0.33964843490764024,-0.15471879814183337
-0.3465521357677296,-0.15387200651990873
-0.3534558205796282,-0.15302521686641724
-0.3697075707345359,-0.15481228340957626
-0.28462076924125546,-0.1616941478178336
-0.3260429176158855,-0.1566134050515106
-0.33985029711549214,-0.1549198245331841
-0.34675399797558154,-0.15407303291125954
-0.3536576827874799,-0.15322624325776799
-0.3699094329423877,-0.15501330980092692
-0.28482263144910736,-0.16189517420918428
-0.3262447798237373,-0.15681443144286134
-0.3400521593233439,-0.15512085092453481
-0.34695586018343344,-0.1542740593026101
-0.3538595449953319,-0.15342726964911862
-0.3701112951502396,-0.15521433619227765
-0.2850244936569592,-0.16209620060053498
-0.3264466420315892,-0.15701545783421203
-0.3402540215311958,-0.15532187731588554
-0.3471577223912852,-0.15447508569396096
-0.3540614072031837,-0.15362829604046932
-0.37031315735809145,-0.15541536258362834
-0.285428218072663,-0.1624982533832364
-0.3268503664472929,-0.15741751061691345
-0.3406577459468995,-0.155723930098587
-0.3475614468069889,-0.1548771384766623
-0.35446513161888743,-0.15403034882317082
-0.37071688177379514,-0.15581741536632976
-0.28663939131977406,-0.1637044117313406
-0.32806153969440416,-0.15862366896501773
-0.34186891919401075,-0.15693008844669123
-0.3487726200541001,-0.15608329682476654
-0.35567630486599866,-0.15523650717127502
-0.37192805502090626,-0.15702357371443404
-0.2843179759294777,-0.16139260823080748
-0.3257401243041077,-0.15631186546448456
-0.33954750380371435,-0.15461828494615806
-0.34645120466380375,-0.15377149332423337
-0.35335488947570226,-0.15292470367074185
-0.3696066396306099,-0.15471177021390087
-0.28441890703340356,-0.16149312142648284
-0.3258410554080336,-0.1564123786601599
-0.33964843490764024,-0.15471879814183337
-0.3465521357677296,-0.15387200651990873
-0.3534558205796282,-0.15302521686641724
-0.3697075707345359,-0.15481228340957626
-0.28462076924125546,-0.1616941478178336
-0.3260429176158855,-0.1566134050515106
-0.33985029711549214,-0.1549198245331841
-0.34675399797558154,-0.15407303291125954
-0.3536576827874799,-0.15322624325776799
-0.3699094329423877,-0.15501330980092692
-0.28482263144910736,-0.16189517420918428
-0.3262447798237373,-0.15681443144286134
-0.3400521593233439,-0.15512085092453481
-0.34695586018343344,-0.1542740593026101
-0.3538595449953319,-0.15342726964911862
-0.3701112951502396,-0.15521433619227765
-0.2850244936569592,-0.16209620060053498
-0.3264466420315892,-0.15701545783421203
-0.3402540215311958,-0.15532187731588554
-0.3471577223912852,-0.15447508569396096
-0.3540614072031837,-0.15362829604046932
-0.37031315735809145,-0.15541536258362834
-0.285428218072663,-0.1624982533832364
-0.3268503664472929,-0.15741751061691345
-0.3406577459468995,-0.155723930098587
-0.3475614468069889,-0.1548771384766623
-0.35446513161888743,-0.15403034882317082
-0.37071688177379514,-0.15581741536632976
-0.28663939131977406,-0.1637044117313406
-0.32806153969440416,-0.15862366896501773
-0.34186891919401075,-0.15693008844669123
-0.3487726200541001,-0.15608329682476654
-0.35567630486599866,-0.15523650717127502
-0.37192805502090626,-0.15702357371443404
-0.27677833836387844,0.12737886151341674
-0.154696170773572,-0.0013431569705113092
-0.3265712647877358,0.5051125957289873
-0.32138434316527975,0.3977685914882355
-0.3208710002142625,0.2295156350384825
-0.32052877158025084,0.11734699740531371
-0.3306152047807498,-0.276368740290165
-0.20793800167941162,-0.007683549026829125
-0.21806050410500927,0.3281238922022234
-0.21940812279922264,0.37283103291284686
-0.2200849967514561,0.395285394110016
-0.22075984923324446,0.41767254714722496
-0.22109715675992567,0.42886624795418055
0.0063306218530693095,-0.060360677862534566
-0.011666327845406896,-0.055863358441592695
0.5247985078055198,-0.12422605113234897
-0.18092255949765462,-0.08011773922574748
-0.09876016521131382,0.1399643111798049
-0.31217325033275967,0.6348800983454564
-0.28449137760679577,0.1975669215523939
-0.25545759350486913,0.18567728938779507
-0.3957304289757133,0.08316444622249404
-0.12782115916250525,-0.5685628888578343
-0.26189103019224774,0.4716927489048015
0.48636348656582085,0.09831055354829289
-0.3254580832601785,0.47885485046390147
-0.3246145475147287,0.4508708797787328
-0.3762662879068071,0.1321821734793481
0.41418142054456736,-0.3434644227626123
-0.29927601731387854,0.12942399190298082
0.9334434603484749,-0.1555917976958839
0.9334434603484749,-0.1555917976958839
0.9334434603484749,-0.1555917976958839
0.9334434603484749,-0.1555917976958839
-0.16537454063100612,-0.36761744043392014
-0.28355502710021946,0.14817146163357242
-0.1392883850709741,-0.4297141544677221
-0.2973725304504058,0.20235818920154183
-0.18103805666087244,0.5609144827602609
-0.12890917052355122,-0.41354155374553236
-0.18823424440377962,-0.3477438835651482
0.8680717802938135,-0.16131314655663773
0.6421323528282371,-0.13359995067551922
0.41619351791124637,-0.10588682747500895
0.30322395231560445,-0.09203024770460176
0.19025426369204354,-0.07817365926680256
0.0998787579453928,-0.0670884070250931
0.009503158798252084,-0.056003149750022164
-0.0808724906549347,-0.04491789272745208
-0.17124803949602935,-0.03383263519988008
-0.21643583906959965,-0.02829000656234455
-0.18925004074933802,0.5165285756867954
0.6699940023291623,2.0544132246823508
0.0074611880518876544,0.044381601797985684
0.10849577779657918,0.08187634027775537
1.3202227429824476,2.77063839291929
1.3193143630471145,2.7697337741582113
1.3189106386314107,2.76933172137551
1.318708776423559,2.769130694984159
1.3185069142157069,2.7689296685928086
1.3183050520078547,2.768728642201457
1.317295741353617,2.7677235106281315
1.899963416291125,-1.7970949334893473
-0.1439146023338185,0.0005812071090431059
-0.14399017132797867,0.5317675843801609
-0.3350585166864471,0.1907655641034128
-0.33511513097795004,0.19105579725466637
-0.3351602139867979,0.19128691528826822
-0.3352735807426727,0.19186808993395377
-0.3354171979384513,0.19260434345225197
-0.33600377540013626,0.2192708670793647
-0.33549763148005807,0.20248055059904066
-0.3348228129643938,0.18009334114072037
-0.3343166807695517,0.16330298691708198
-0.3770471113891292,0.1840533151525987
-0.3552723055579657,0.1878136852965501
-0.3272590417760793,0.19265139735592843
-0.32022615797773174,0.19386593155045773
-0.3354168854623065,0.2754133935131448
-0.33490354251128923,0.1071604370633917
-0.3351602139867979,0.19128691528826822
-0.33293972950791656,0.1934982057848397
-0.3351602139867979,0.19128691528826822
-0.3363713872339091,0.1900807569401639
0.05257669099222599,-0.14814744331708707
0.04239671969696428,0.2707088018936234
0.05257669099222599,-0.14814744331708707
-0.15947814029604737,0.34972994777356153
-0.3565113963377063,0.1495916216143773
-0.29199294766125816,0.43227675557304285
-0.3217191662508719,0.4117729380444579
-0.33948744078722176,0.39723190271317727
-0.3512766852472253,0.38567231040175654
-0.2899832258804171,0.33174893553193696
-0.07293133266016025,0.405827491653608
0.05408721742985677,0.5265633015976054
-0.3443034403780127,0.27057513254526777
-0.34422763507110643,0.06677117662797465
-0.19857643772966083,1.099324510106369
0.5320302458781924,1.6969148624219612
-0.2971949765179779,-0.08654878882307886
-0.26054582993013176,-0.5214837615961032
-0.3665621071036916,-0.33442009915708953
-0.06552687224927935,-0.3072373311536844
-0.30756486032490216,-0.013595483148799003
-0.15846951776875182,0.3162683428718393
-0.1629053199604929,0.7991619583857423
-0.09162541982289453,0.5908467131177706
-0.3782096868996067,0.1874402655391005
-0.24751185153833138,0.3684716190480553
-0.2685462273945622,-0.3577554264720369
0.8854508499269608,1.9550753124061027
-0.3546805803884677,0.5901097859424544
-0.23317523399699522,0.25392101281077767
-0.33536660706144544,0.5183258261623512
1.4797589305662555,2.8809427846848386
1.3940907819286823,2.8626589540086727
1.3983298882935715,2.866880508227038
-0.13848093623956667,-0.4289100489023195
-0.21858139919365838,-0.17130534706557898
-0.1477654887446562,-0.20049318490878304
-0.21062996103110607,0.2663996501189036
0.3903063192417123,1.5492896509706204
-0.22819914467954922,1.1007926653262425
0.814607099074482,0.11224606204166446
-0.38815502288251036,0.2597740196809408
-0.38815502288251036,0.2597740196809408
-0.38815502288251036,0.2597740196809408
0.814607099074482,0.11224606204166446
0.814607099074482,0.11224606204166446
-0.21054331747264093,-0.38196843811691084
-0.3288857114550271,0.16067751396260835
-0.33390658292404074,0.16129336218385742
-0.2684372696378075,1.1533450742013132
-0.2833706625292772,-0.002757764144488253
0.02602934113157857,-0.05926911672287624
-0.32658069575306375,-0.30152016265431913
-0.25489638656512187,-0.32329472769084655
-0.23680562262705895,0.2920109832417005
-0.26811506893438813,-0.3600709785131805
0.01822540957781108,-0.08322290224681178
0.20232410741003498,-0.10580401317425543
0.018436642979029336,1.0420819491291882
-0.30714398303676427,0.08970985984997945
-0.1731862681975171,0.08666107875980915
-0.3097560254396399,-0.026289701700083285
-0.28362733400478574,0.0813687140803883
0.4793810676896354,0.6460590250484722
-0.29160931001102014,0.3561607507693594
-0.29160931001102014,0.3561607507693594
-0.29160931001102014,0.3561607507693594
-0.17343648136130854,0.46853907886356205
-0.13201439028667736,-0.06299943535615517
-0.17309397462864096,-0.05267383809390604
-0.3584280536013689,0.2466521559186402
0.33048279405087927,0.035735113220007914
-0.012395753334150375,0.050425892369812673
0.07255598268188561,0.08646164308473954
0.33048279405087927,0.035735113220007914
-0.012395753334150375,0.050425892369812673
-0.008799812650753974,0.037839028435854745
-0.3621997102769928,-0.1413667962190325
0.3541998062357797,-0.08190565485397701
-0.005479360614783656,-0.06426667783749015
-0.12626890656313097,-0.05841729021292098
-0.1872519511463343,-0.055519444395440355
0.073760421994902,0.14079333971473293
-0.3716920880216091,0.07041333178570278
-0.3279891086139,0.10305175626403616
-0.3401129925599311,0.08817766218036434
-0.34133106751664466,0.41132809318471997
-0.3637583832839021,0.15348869007374283
-0.36333661430759595,0.13949671371800784
-0.3624930688485889,0.11151275911800651
-0.3614808235237758,0.07793201464976086
-0.36009025326852234,0.031800772008416876
-0.3557447011108925,-0.11236041024034488
-0.25363794209488055,0.6836532593912213
0.25872393408364064,1.507178362703275
-0.24826823204116208,-0.14956959836900394
-0.25469973775447113,0.27110362345707895
-0.25705276060208815,-0.33062250366007057
-0.25705276060208815,-0.33062250366007057
0.0587963036336267,-0.7106055917402085
-0.3175276524217294,0.1190275320168628
-0.24848735553307985,-0.16989538089838568
0.1512594174851373,-0.08985596492626688
-0.3542442220250373,0.03574464126991165
-0.3555938886186517,0.08051897034944723
-0.3552565191266862,0.06932532634756952
-0.355087804808104,0.06372854288544037
-0.35492110797040854,0.05819879065632899
0.2955331456140666,1.6653609179897972
0.6566879605735851,0.3979950409675359
1.281330130885152,0.02338180869989172
0.46055827402443944,0.07143236735700766
0.1863787677979038,0.08744650214766393
0.04887721119663434,0.09544977396222319
-0.03393127482658918,0.10024741948027581
-0.0893763141826045,0.10344125200572045
-0.11465577182023123,-0.17599723263028738
-0.24801464943095483,-0.22415681464475107
-0.26080444643845374,-0.00971906759269258
-0.3306087058887577,-0.35195329512641804
-0.25367627189439046,0.2448124410000298
0.208041208434625,0.41923522208396347
-0.2676351841299136,0.08125464835102018
-0.17722038078014524,0.3540064246788393
-0.17705680008750516,0.34857923882000275
-0.17680463803959287,0.34021482945332504
-0.03377569472056663,0.12020475266195112
-0.03498686796767777,0.11899859431384681
-0.03619804121478893,0.11779243596574254
-0.0334334660865551,0.0080361150287824
-0.03464463933366625,0.006829956680678167
-0.03585581258077741,0.005623798332573852
-0.03309123745254359,-0.10413252260438631
-0.034302410699654735,-0.10533868095249059
-0.035513583946765875,-0.10654483930059475
-0.15954857916403548,0.31567887014578105
-0.22194913266854632,0.6345656872319189
-0.22160690403453476,0.5223970495987501
-0.22126467540052325,0.4102284119655815
-0.2209224467665118,0.2980597743324128
0.20804125641440271,0.41923521871920016
-0.33356626110989473,-0.32945707596773555
-0.22397583150255357,0.028092822767852618
0.8475708458726702,2.414756184946027
-0.3359955907017665,-0.3446660763232672
0.2509422987916868,0.4583680258737053
-0.271202541063589,0.21866745782852823
-0.12843852493388086,-0.460025240410593
-0.15592667964479598,0.26912438960027396
-0.3632551536184532,-0.3247968913132702
-0.350423513998827,-0.3263707898853058
-0.3440076892511089,-0.32715773977699547
-0.3343839545984844,-0.328338164311694
-0.32315626746235904,-0.329715325865061
-0.30551275064061084,-0.3318794379157894
0.0035713252890510108,1.000387249324424
-0.3189113552708562,0.9020949460832798
0.09052580724242326,-0.1778088948301144
0.09052580724242326,-0.1778088948301144
-0.1557618104982104,1.0643280233620882
0.3214431525820807,-0.09550387625356026
-0.3356320467980341,0.12698228761768746
-0.36460681479377705,0.529587563231453
-0.37597313817785116,0.46793613504501697
-0.3608222653518668,0.11864411167098554
0.04974490790327634,0.8892092519656611
0.8899880568730746,2.4330759961614765
-0.31408360214775544,0.07125305350934166
0.12941311867822786,0.023392783823147894
-0.11842729443543333,-0.25712927751154613
-0.3913148641906382,0.016297640738187166
0.2049381856952201,-0.30087485987483176
-0.294448347413754,-0.3212335722906747
-0.25751545070447024,0.19087745821611413
-0.13704596333519894,-0.08313926790362482
0.1267998771169348,0.5329147698563418
0.4061529155222906,1.5505951318505815
0.10766997366014618,1.1076776104580641
-0.3238445954512665,1.0163884988899803
-0.23596928835191172,0.3219683369762905
-0.23503165776481813,-0.20886118712083634
-0.25582149908597174,-0.24068391133502465
1.8108673152438717,-0.10886075019124329
-0.2972019653946193,-0.39007532603114203
-0.18450640171331462,-0.5892810800201338
1.024830010687644,2.393013994964648
-0.13409648322965168,-0.13961945390970734
-0.01470238485509406,0.489718630993262
-0.1083524353957645,0.5012055247329821
-0.17078582382046556,0.5088634565173726
-0.23321922294396033,0.5165213896140523
-0.29565257927228017,0.5241793174615768
-0.01470238485509406,0.489718630993262
0.43870540340514314,1.3127329471628164
1.772068928920588,2.416289866058693
0.09982040210274264,0.05020415049967355
0.0997699365507797,0.050153893901835764
0.09966900544685373,0.05005338070616048
0.10016263073675415,-0.0619644871334952
0.10011216518479117,-0.06201474373133282
0.10001123408086526,-0.062115256927008186
0.09779074979449481,-0.06432654723186593
-0.23420836557921015,-0.38434962493105357
-0.23420836557921015,-0.38434962493105357
-0.23420836557921015,-0.38434962493105357
-0.23420836557921015,-0.38434962493105357
-0.23420836557921015,-0.38434962493105357
-0.18801141316585077,0.5047291261893179
-0.17307360978481312,0.5196050791492705
-0.1783220271889614,0.5143783929741519
0.7437770766583048,0.12634888124661717
1.6684383043005748,0.08987124725076974
-0.32723054185272765,0.04798717790601814
-0.3441869673122838,0.031100961032558407
-0.3369199335261887,0.038337910137422375
-0.32723054185272765,0.04798717790601814
-0.3272305475492995,0.04798717692225645
-0.323597022111394,0.0516056529503309
-0.32723054185272765,0.04798717790601814
-0.3441869673122838,0.031100961032558407
-0.3369199335261887,0.038337910137422375
-0.32723054185272765,0.04798717790601814
-0.3272305475492995,0.04798717692225645
-0.323597022111394,0.0516056529503309
-0.29000715994333065,0.12219210764104427
-0.2686682475870149,0.33236232543286565
-0.24876875055187386,0.03472445639057825
-0.3248982508184237,0.24021859106846397
-0.3321652903010907,0.2329816409798385
-0.3258312437479371,0.45072347530355583
-0.27644691265965826,1.1132027955471266
-0.3538922402342667,0.24843011073655605
-0.30455986060596324,0.20013018902725876
-0.30450226965417415,0.17573226644857237
0.00978475360667383,-0.06719128799177677
0.012255224943315327,-0.3460053555669252
0.014672887407452807,-0.9061454648303156
-0.3161625463616955,-0.3634852277222329
-0.23150837314051034,-0.006345760621152601
-0.29300790305289187,0.2951321463953597
0.09658981822395298,0.40802145964873693
1.0286775792921978,2.4233955869121315
-0.270947737889227,0.04681525516594683
-0.277453677475771,0.07273089367190377
-0.3420229730017586,-0.34349924094157996
-0.34119157549999224,-0.3435704857163982
-0.2610501328146872,0.16119859386821547
-0.13571269249419696,0.32088352461972297
-0.31376383734118635,-0.08451649153583124
0.4860662748780705,-0.1215383885491304
0.7732854769054793,-0.14531362228960293
1.0784565087625824,-0.1707003622356978
1.169184585830531,-0.17825879320779947
1.451449991788721,-0.20179127606739627
-0.088901944406961,0.39933500480376
0.18856020023796258,0.07005192405157566
0.14617231682533482,-0.07965782618810885
-0.34177293331522557,-0.02038209197927733
-0.3136440588858807,-0.12377500124016597
-0.299957108636453,0.4350054546219929
-0.32756750581619243,0.12115985984761986
-0.32093996310377154,0.12034694113104136
-0.31265552990019474,0.11933079296217008
-0.30437110072269,0.11831464446991802
-0.27043132748890275,0.277101733727885
-0.33082348129744105,0.15463411957703832
-0.31425462611089755,0.15260182298117078
-0.29768576090732,0.15056952515663743
-0.28111691573781045,0.1485372297894355
-0.31425462611089755,0.15260182298117078
-0.31425462611089755,0.15260182298117078
-0.31425462611089755,0.15260182298117078
-0.31425462611089755,0.15260182298117078
-0.30307029032514166,0.1671859408073563
-0.2807016131188735,0.19635418380732123
-0.31559170473535014,0.19695865794526346
-0.31526450918540166,0.18610427244514552
-0.3145900846583069,0.1637305376417833
-0.31324000662802226,0.11894278248781096
-0.2924886058884181,0.14429004724516814
-0.29198249186254904,0.12749967516514144
-0.2916450734907188,0.1163060940222364
-0.31232722751962233,0.18351551383114623
-0.2924886058884181,0.14429004724516814
-0.29198249186254904,0.12749967516514144
-0.2916450734907188,0.1163060940222364
-0.27992757815273944,0.23361280467223827
-0.3258979173425188,-0.3072746123181353
1.548136985469384,2.1964838141028227
-0.31749581876391786,1.0869405719347787
0.6173026566871311,1.7570790976271604
-0.33495147151686977,0.29141798089249
0.09011455730388518,0.5043011979533648
-0.00960329754116143,0.5086863002361584
0.7582259647987115,0.28324668785184187
-0.3512766852472253,0.38567231040175654
-0.21289447619299526,0.006654737024699722
-0.32564444911566764,0.07693550745282657
3.0224400765881496,-0.17541175120067581
3.0391798416455624,-0.570827842486017
3.0008216077316314,-0.06823480639951054
3.066726024845117,-0.2952105413822208
3.0693857714711763,-0.2576582298823006
3.04933495864023,-0.5322108398846086
3.055919510896602,-0.3298848604994318
3.002002227928701,-0.2201116942862768
3.0307396238583006,0.1434238725272907
3.0502232604933455,-0.19264386359741678
3.0653469012408214,-0.48645755604853214
3.0514887855678317,-0.31600981952652346
3.048802971960974,-0.15850481502507904
3.0725110999862997,0.10216242618698708
3.057855488309023,0.11103201546311305
3.0618994678949,-0.35790825214041627
3.05494960247878,-0.3434217989369717
3.0505766130051684,-0.09969966396956532
3.058987945254863,-0.11055213574315743
3.0669116338680458,-0.041327502363430656
3.0678936766647653,-0.4752342728644531
3.037080683888218,-0.33577369115808736
3.0054085003439126,-0.38444282918531253
3.0712517010011693,0.7118068170342216
0.1697046589022924,-0.07589492160982389
0.00978475360667383,-0.06719128799177677
-0.3131153711200862,-0.32754071249814126
3.0722516408470626,-0.4122918759936742
-0.3102123224665513,0.25738507285705137
0.1387304524314213,0.021205165753542775
-0.27707804558484467,0.19009929008202722
-0.32450029815294124,0.03012705878466622
-0.32368557627054373,0.0021462636363515724
0.15388910373296635,-0.08245971881225257
0.15388910373296635,-0.08245971881225257
0.15388910373296635,-0.08245971881225257
-0.2947726300237556,-0.08413647212687034
-0.327558007262459,0.06494248460556089
-0.31376383734118635,-0.08451649153583124
-0.3294750647823641,0.04182711451043605
-0.30188190941232557,0.14103834368453227
-0.15463344730760276,0.35455458116597854
-0.27034364177132536,-0.3694964728120438
0.8260034996179579,1.9423030670688193
0.48604256522424555,1.6792944842577713
1.1688605872772395,-0.11345138170226744
-0.1355206516977273,0.056822674124257136
-0.30740771026761093,0.237178620892003
0.2562698623810195,0.5321061620929839
-0.14905956958282499,-0.06011094050326902
-0.2884010808347192,0.15437028689198393
-0.15235600253812553,0.5027605214486933
-0.1289303475039185,0.4239962893699761
-0.31376383734118635,-0.08451649153583124
-0.24458895994974758,0.029960116710660293
-0.35785280929978147,0.041966615451395795
-0.3389842351594179,0.1371254181540249
-0.3171392302824785,-0.29252927192261385
-0.28610170432585336,-0.3201157567317469
-0.3007225734280162,-0.17778051524379723
0.013393229150250084,1.2432031875871308
-0.29451817805611524,0.07395733441323474
-0.23899825454340137,0.2160996537436275
-0.19971092015337008,0.14051266025430162
0.07242974925644281,-0.023185020631102636
0.281435794806218,-0.41537679040130254
-0.3039425065882285,0.028024661277147242
-0.11123244182306467,0.2015992087155583
0.06099372402117443,0.02905417908511602
0.06099372402117443,0.02905417908511602
0.06099372402117443,0.02905417908511602
0.1042620551758778,0.03652634402262787
0.13887673049814447,0.04250407776839263
0.15618407335852982,0.04549294553915258
0.18214507205135186,0.04997624450165971
0.19945239411472912,0.052965108680909055
0.2167597265766105,0.05595397465591379
0.06106134787452121,0.029121522939878058
0.0610280405998782,0.029088353575000565
0.06099372402117443,0.02905417908511602
0.06094325846921147,0.02900392248727834
0.0608927929172485,0.02895366588944067
0.06084232736528555,0.028903409291602986
0.06099372402117443,0.02905417908511602
0.06099372402117443,0.02905417908511602
0.06099372402117443,0.02905417908511602
0.06099372402117443,0.02905417908511602
-0.2699608965692467,-0.32455489937539406
0.4699115411194311,0.32492890743696257
-0.29451817805611524,0.07395733441323474
-0.33363816951958297,0.29745848591429525
-0.3013993725628113,0.2682870516268693
-0.2911747610365667,0.3361173265286786
-0.29828579261761057,0.3482517444523052
-0.2924167218497099,0.36370451532737075
-0.2949793762451328,0.3669172704595382
-0.3221394562737666,0.3464579854632785
-0.14629869605749132,-0.048046461155377244
-0.09215842809026589,0.3692497573303702
-0.32522582091032537,-0.25838579768726133
-0.33703540069374716,0.13338956030022367
-0.32672493424548876,0.2319862411465309
-0.312240169366155,0.3066550771088552
-0.3138797982305269,0.29643849865821603
-0.3026772991488154,0.23683372262561433
-0.2725383868663937,0.30854163695782993
-0.12093101538476726,-0.40618180143357485
-0.35021377778690466,0.10468807908304331
-0.2598650480179952,-0.17186023585319332
-0.2662188773215854,0.16186880352120223
0.7553369793890762,1.8978464551093093
-0.32447690603603135,0.490427892942921
-0.23596928835191172,0.3219683369762905
0.8906965755179084,2.068125871070976
0.3844941038196281,0.02761235938656669
-0.1522815396813685,0.3229158202344065
0.7300366583715863,-0.10871162801054177
-0.15494776990344494,0.410117260069383
0.3762399774368054,-0.10979781205580144
-0.16237534796340028,0.03135401124788193
-0.20080432437887283,0.7318225674681095
1.1758512858477148,2.6876815836670778
-0.17848430402699472,-0.03387031089619419
0.02602934113157857,-0.05926911672287624
-0.23113266697019524,0.15955636973769063
-0.30752910322885696,0.1505770946379435
-0.3049984235261137,0.06662535634820636
-0.29993714325166754,-0.10127998017429547
-0.39798853656376354,-0.04935345386801927
-0.3993382028528521,-0.004579127243627355
-0.4003504525696685,0.02900161772466663
-0.004251459256267681,0.6399688033249068
-0.00413918347463548,0.6362529641273815
-0.32366335559839965,0.4550345037999771
-0.0370439284649867,0.16834768080179546
-0.28711703917086473,-0.05047654476716346
-0.25365368721973824,0.3883609175802328
-0.21382393319116247,-0.3897879799757101
-0.3260186709114293,0.08049815079887311
-0.23680562262705895,0.2920109832417005
0.2919552068368237,0.16243415664619493
-0.19376616576218436,-0.5273634432712904
-0.31977841146866703,0.4758477077719507
-0.2479831151134337,-0.0282590414401914
-0.2488915344004471,0.001877496324202566
-0.24973506827078598,0.029861451854986586
-0.09010280879538189,-0.22373062120633533
-0.3391614591257132,0.07644232111314568
-0.20961968963578745,0.2747632526690464
-0.13350314798953022,0.002296373656268612
-0.30894444139169874,0.056789991322866364
-0.2118346734784592,-0.35000854007009813
-0.20771181080290266,-0.3503753415189003
-0.3662551323034882,-0.5226431977820682
-0.3339718715604526,0.6304875360034785
-0.33936856462647136,-0.008312740138261164
-0.1723640714133767,-0.35722754114849103
1.0558735655148845,1.7320654617249336
-0.11609852444845509,-0.007236620533936631
0.31966449155375903,-0.5678895375542489
-0.26307414422052994,0.28476037790945274
-0.22508916062130294,0.2753971688592896
0.02804796321009716,-0.05725885280936915
0.1114857218800768,-0.09330727362138057
-0.19142785711752044,-0.29495137718898934
-0.2467157728895438,0.0638771946131001
0.026383243498247107,0.49916642795980387
-0.19745186650182692,0.49319536262401226
-0.2791703739683033,0.08814177370233026
-0.2791703739683033,0.08814177370233026
-0.19632607721904335,0.07798028816968441
-0.26871840311655576,0.21203338691251372
-0.2664176370161054,0.09932432135200954
-0.2595783159291418,-0.18166500881778094
-0.3414300247969939,0.1462098481688619
-0.3016665101824662,-0.3243806186397303
-0.31333589285611535,0.06739855309187251
-0.363586987490398,0.26024862206522625
0.026383243498247107,0.49916642795980387
-0.18788944662962964,0.24002721952282305
-0.17012654072437255,-0.10092578480148841
0.6616519384284065,1.361244551384732
-0.05671745277818058,0.5073876603504239
-0.05671745277818058,0.5073876603504239
-0.30928198968300274,-0.2595909806257178
-0.3123707895392154,-0.15102540501964432
-0.3158471358714033,-0.03569991623761408
-0.3175594097835966,0.021103959148831133
-0.31922129934599575,0.0762359007668326
-0.30928198968300274,-0.2595909806257178
-0.30934041477328844,-0.25959717811748695
-0.3094642637301901,-0.25961031541642493
-0.30958768668872294,-0.25962340722267685
-0.30982610239967645,-0.2596486972118635
-0.30909880418843516,-0.2595715493227449
-0.30909880418843516,-0.2595715493227449
-0.30909880418843516,-0.2595715493227449
-0.30909880418843516,-0.2595715493227449
-0.30909880418843516,-0.2595715493227449
-0.05671745277818058,0.5073876603504239
-0.33609336546343754,0.27321760434784376
-0.08251722555383881,0.0863394916469038
0.21920199743647698,-0.2129716049496958
-0.2728353681832375,-0.3686483047153285
0.1944782146634675,-0.2529588705459399
-0.06679937928123048,0.08453345013203908
-0.2551355906983132,0.12466056814994621
-0.3056441215604791,1.0768525464973822
-0.35276720715900123,0.07254753283731992
0.9466871893539746,-0.045430007026504494
-0.15260854143081734,0.051397680978438366
-0.23662345055333153,-0.16382475873084593
0.03970839451764277,-0.06980930102398011
0.6482097478438074,0.3895519325308058
0.647604456357948,0.39092491462933815
0.17190061609574417,-0.024232372739623986
-0.3036322379661549,-0.3266226527783408
-0.32530722873662793,0.054217148474066536
-0.21848101900213385,-0.4650054112375512
-0.2302906094303984,-0.07323005260909023
-0.3295919569944652,-0.2109653655284897
-0.2659500956043336,0.3306465818870301
-0.2959980096583459,0.2665413376537488
-0.29761290732116075,0.2649331265229431
-0.3105320886236797,0.2520674374764975
-0.2971067847895598,0.24814274823339574
-0.29727067868714924,0.15276448888977434
-0.3188101990557099,0.15540647552245362
-0.3186414681164349,0.14980971601140017
-0.3183040772265847,0.13861609731907026
-0.31560475480077854,0.049067434508097495
-0.3188101990557099,0.15540647552245362
-0.3183040772265847,0.13861609731907026
-0.29727067868714924,0.15276448888977434
-0.2967645561555484,0.13597411060022693
-0.2940652291081624,0.0464254472223821
-0.08988902345771273,0.22265852618106483
0.05719316003369946,0.9714375125611144
1.0927963753564927,2.3927691842924483
0.40264692889984505,0.2881801762804594
-0.2699608965692467,-0.32455489937539406
-0.15960656364076214,-0.0645953030582245
-0.36419257411395356,0.25964554289117414
-0.18201319901617685,0.3317701901753493
-0.2694184862614589,0.27348648278074567
-0.306685098806633,0.2421114106615994
-0.2575144484975733,0.08252652909830147
-0.35021377778690466,0.10468807908304331
-0.2598650480179952,-0.17186023585319332
0.18642527311009502,0.03979847433842565
-0.2725383868663937,0.30854163695782993
-0.12164212116507443,-0.4063046048682502
-0.12164212116507443,-0.4063046048682502
0.03929034059027777,0.6672408157384903
0.06216710082402394,0.6880616028593772
0.06216710082402394,0.6880616028593772
-0.30586745052986475,-0.32391765534198935
-0.30661305394169813,-0.32390106176606775
-0.30734404675715427,-0.3238847933205825
-0.3087638484572357,-0.3238531955439295
-0.31144570203985095,-0.32379350977163335
-0.3141758287491895,0.4644827472608799
-0.1428662836563788,1.0639684746602334
-0.2714275338496603,0.7784078747450869
-0.3652851736388404,0.25757192670544704
-0.016403814785741072,0.5123251553312466
-0.09331141985720229,1.0599969520193722
-0.18149307751270757,-0.4573459090743572
-0.2198536386706408,0.31225005764782476
-0.15493627259518583,-0.059747294253140674
-0.29188428033892894,-0.03174513749452195
-0.087846119953736,0.08906041592346405
0.02322104568071822,0.34419679212983334
-0.14246751772272367,0.364519759503734
-0.06790764505185551,0.35537442183789514
0.03461435906931661,0.4129238934956715
-0.3493111032734141,0.02167030292857026
-0.24824149527585174,0.25530715134152365
-0.2121609768909725,0.33885338569194956
-0.24315253869970646,0.22278060868376393
-0.3242102307121996,0.14436960425503143
1.2545351213264546,2.499278647574305
-0.05000956562338282,0.9783122764692234
-0.22918512457681225,-0.043298679817305834
-0.2608499427465518,-0.3672996359850798
-0.3171392302824785,-0.29252927192261385
-0.30896540329076777,0.11977472511814673
-0.30896540329076777,0.11977472511814673
-0.30896540329076777,0.11977472511814673
-0.30896540329076777,0.11977472511814673
-0.30896540329076777,0.11977472511814673
-0.1969337575322479,0.1257644040637986
-0.30658962801910056,0.5626218281338555
-0.29626117733501095,-0.04930653213932689
-0.19419378123644446,0.29001879487578863
-0.050667147544550824,-0.0587240484581003
-0.3447710923975009,0.2837897234303871
-0.34442886376348947,0.17162108579721838
-0.34408663512947807,0.05945244816404965
-0.050667147544550824,-0.0587240484581003
-0.32815417083184556,-0.3201563666281461
0.08686551091082557,0.4907947575976825
0.08469944763686946,0.491060441796653
1.5644354083498608,2.751630148838459
-0.306041698570315,0.14108102080067972
0.15519858072439283,0.4333496903216885
-0.10788976555555937,0.46951691788086714
0.20297587528117855,0.5833573836487201
0.26044845028176916,1.340131564601626
-0.26957923589178834,0.3311434209002389
0.7023467767741959,1.8405783594480079
0.13005303264153104,-0.0629139882394602
-0.33805399051985907,0.08250623788130952
-0.30596206581330465,0.11488650468901622
0.008862220836220175,0.1512772147509036
0.003976765943545858,0.08995671640632649
0.004064669140424744,-0.024655385742648892
0.008185786441559382,-0.25019655678512914
0.007967365175423123,-0.25053021323523383
0.007856678672994208,-0.25069929353342585
-0.2743694542073068,-0.3603134871289478
0.6486698105174149,0.3908270733570775
-0.3456825997629774,0.1337210910222888
-0.2489868795638834,0.6356635458135226
-0.35452981673208767,-0.3252475340631056
-0.3196094803599888,0.26712256080827546
-0.09398674472364052,0.6160614939000092
-0.2650488771940893,0.3090863060981466
-0.2113035206307537,0.26248658080827164
-0.1475734946650904,-0.44186102016445084
-0.2097477890276346,0.0236663154254591
-0.08988902345771273,0.22265852618106483
-0.21753696650303242,0.32108772256783036
-0.22996360189713103,0.32261194427929935
-0.24239025358631586,0.32413616798948497
-0.2548169012017293,0.3256603911999916
-0.21753696650303242,0.32108772256783036
-0.2170308574769041,0.30429734522718005
-0.22945750573141777,0.30582156851607717
-0.24188415141822095,0.3073457914900249
-0.2543107971050242,0.3088700144639726
-0.2170308574769041,0.30429734522718005
-0.20209668715289197,0.2879503466415776
-0.20175902659893036,0.2767483678326499
-0.2009154714089616,0.2487644217713485
0.017132910749274047,1.0433872345359598
1.0047845223143388,1.8911925252768662
-0.032199235476542055,0.17317231419421258
-0.30725398373355395,0.04985777144190093
-0.3171308530004194,-0.29252092932694146
-0.33588065925152294,0.15510990091011786
-0.07897534230740418,0.40311658279195506
-0.0731163280152834,0.3049045881928259
-0.3190774786250967,-0.16240942671595113
-0.11746792423731352,-0.40109024678559374
-0.27687338655003313,0.6308477238446427
0.019041230530500337,-0.07980683973085766
0.019041230530500337,-0.07980683973085766
0.019041230530500337,-0.07980683973085766
0.019041230530500337,-0.07980683973085766
-0.35271843682801374,0.3272000028343882
0.4008050389945129,0.06685705356123786
-0.28562873068352196,-0.32009844149129046
-0.33415371631169904,0.12408153220594602
-0.13930525183967118,-0.04218201767847555
0.8934527489500602,1.647789367447802
-0.040471520700302625,-0.3103105613248677
-0.011227480991682432,-0.14351926432417433
-0.30730531802865574,0.06668306708687623
-0.3308448338133477,-0.33066843384737227
-0.3308448338133477,-0.33066843384737227
-0.31483376703244736,0.27329774966237985
-0.34530417506898325,0.05499815342403659
-0.34530417506898325,0.05499815342403659
-0.18849828170757346,-0.07574735418912448
0.14149502755965515,-0.08855115518341754
0.12415594983245773,0.9807271235634369
-0.16942677143077753,-0.4453295638931748
-0.1206322526042192,0.006798906913392908
-0.3442794204730064,0.07785096241987573
-0.17250192735468842,0.2952225102936226
-0.06369076120382798,0.306601982725369
0.8254636648147443,2.0541052472263712
0.6969849243898866,1.8643967580150402
-0.31546058230938406,-0.3474786164483853
-0.3435020810646749,-0.26648662794574474
-0.14317775761782908,-0.5215835411272708
0.8545881975066095,1.8544199160172379
0.3169200537847108,1.3693272538374868
0.7474151106546156,1.8942507113848222
-0.23216298260048984,0.22034026788030475
-0.390735598647858,0.34666992869622176
-0.3256859596374769,-0.27868525229650004
-0.3115641438264543,-0.5327518579774595
0.11908470221119943,-0.07937784364271468
-0.34848606348682937,-0.013463418364474568
-0.30015921637137055,-0.010990038341136914
0.3011717321727631,0.5481486202330673
-0.19147052503570847,0.5143172853819378
-0.37899563654542046,0.16507699982259139
-0.18797071727836467,-0.5154056507754771
-0.2436211223127407,0.19270831878519448
-0.3237763712669584,0.031153435248512433
-0.13659827675741487,-0.4188574020879947
-0.22559658014861733,0.29222951074026304
-0.2725383868663937,0.30854163695782993
-0.2974952737769944,0.14987855268853395
-0.33055539564821684,0.032096575077235706
-0.2699548848720026,0.04322172718905406
-0.3428779692393526,0.02199684879591213
-0.2565269531564107,0.3046576482754834
-0.2432966502437532,0.30857937660317464
-0.2490497285578336,0.3028501190816957
-0.18731505846510713,0.23676451677217122
-0.31767340413124756,0.034076180006049714
-0.32530722873662793,0.054217148474066536
-0.32902160781715484,0.3188274169897678
-0.3269805981516719,0.3796566773803647
-0.14540266084935674,0.5771924717534881
-0.320029796719358,0.061988749464542615
-0.28235842899073227,0.23514643970129234
-0.3740832910988497,0.1676575169390707
0.20857193099622529,0.03877582522774404
-0.0813840913131722,0.02545088027687191
-0.17875849396245042,0.020901587786362055
-0.3289193892529772,-0.3239247202960154
-0.3256859596374769,-0.27868525229650004
-0.2590512345862967,0.3298885951518455
-0.20843778674742275,0.18304956424376978
-0.23446007512513992,0.35952834444513987
-0.0644680843980069,-0.07932615655435717
-0.108602226306308,0.2299285288737028
0.07243348824437527,-0.06870558463889395
-0.27318491950933516,0.20231270489255632
-0.17847092361454595,-0.14401271089303308
-0.265005222108298,-0.22132628946566157
-0.2990444217544193,0.15863881276682879
-0.27357299423964365,0.1766141703357268
0.005882220843367556,-0.05950735458029431
0.2575785067856131,-0.12139129698325951
-0.2313337358739176,0.33233059375343843
-0.31166826862146735,-0.2820746990588328
-0.2870467607430314,0.17006989199587608
-0.12277062947521265,0.5662743706441986
-0.05640555033792361,0.16582016782750433
-0.28395517549436133,0.29364559107868593
-0.2303886759160261,0.2828127299850209
-0.3360612334557271,0.12392718619871124
-0.24100327493442888,0.30440095231147307
-0.055114853467272275,0.06863150497332819
-0.3364878959471692,0.12385350430658315
-0.0992354346074376,0.3971114519956261
-0.24100327493442888,0.30440095231147307
-0.2406228280978507,0.3850688897118219
-0.2714043667921969,0.6342435460649124
-0.2925214160445002,-0.05541862629303896
-0.22780453282249483,-0.1559924321980175
-0.22596468741044864,-0.23080748829436207
-0.22593404781514834,-0.23079341805823878
-0.2258932014000795,-0.23077465493633753
-0.20944060522407024,0.3240129867885476
-0.18481093387377226,0.38100393667989707
-0.18794776086221873,0.39509103067008533
-0.10412436665965044,-0.06598605344854402
0.2433293564334909,-0.7575092649399766
0.420679571457378,0.053257381450114195
-0.19248445524799426,1.1477678456160219
-0.3126676858746162,-0.04249126441563857
-0.2711625515567389,0.15737399208456274
-0.21539446843892784,-0.31410632525504145
-0.3020413951252555,-0.32942918712630775
-0.2637930549016657,0.12122975317601116
-0.09380661945967723,-0.3166640942860882
-0.3220128936064796,0.4610049955693833
0.10153070869800541,0.7157405571314934
-0.2533899242138496,0.3688536250793931
-0.3003603544849734,-0.35505563943848584
-0.2821381336946974,-0.07449076067787526
-0.2841030433828576,-0.07440788670719965
-0.33805399051985907,0.08250623788130952
-0.2879328824294053,0.4817398196376002
0.16340435156140012,-0.05116766969458199
-0.2960859956562576,0.6148031867702509
0.01111525091689187,0.3971137719459484
0.08971184456963646,1.372509994708605
-0.39860498182566045,0.1742858410204447
-0.10859241519317103,-0.6097659926432645
-0.15726961257048444,-0.4332227421122721
-0.2214356804921175,0.3565268793857357
-0.22092233754110024,0.18827392293598263
-0.22049455174858593,0.048063125894521795
-0.2091066812767926,-0.32972024279389617
-0.22192820986175238,0.09563591072063243
0.9011581387469888,2.0750181226169024
-0.3782096868996067,0.1874402655391005
-0.2434746073812943,0.37249214687506954
0.012219873563289733,-0.05045827733800014
-0.17923424275739439,0.49007634361703134
-0.26080585076602186,0.2213851686960559
-0.297864908610445,-0.21689976289220558
-0.21567170074230407,0.17476185135294975
-0.2809953760906969,0.10034794419464575
-0.1557167104921331,0.5309685776125385
-0.14872104842912892,-0.050458778866577916
-0.14872104842912892,-0.050458778866577916
-0.14872104842912892,-0.050458778866577916
0.05097007117484235,-0.07585248069259488
0.7138338548779939,-0.10951553384855102
0.003085949748067754,-0.06834813503041036
0.6604450808625231,2.2125792215420645
0.6980102079323885,2.227593073685888
-0.17263360357628002,0.7695642730568204
-0.2394613190933533,0.6824224618822061
-0.004266668424344325,0.05131045997295889
-0.27598296114691256,-0.3266650410358765
-0.320467394454593,0.26626819893260545
-0.27081325651098803,0.16783287328245652
-0.27183530955864044,0.16106643425866707
-0.27274489001484703,0.15056880320857702
-0.29021997902360136,-0.22596577984371627
0.4502788510990511,-0.015313076505467574
-0.2037695620663995,-0.3080087983827072
-0.3188301780918414,-0.2674093753085173
1.091908662935373,-0.17239127871467608
-0.2669482528147349,-0.04697668879734893
-0.2557513942781447,0.2256462795669665
1.1688605872772395,-0.11345138170226744
-0.3126643558863888,-0.355575380712486
0.01818469134207827,-0.37931047562978437
-0.32554110397514124,-0.34710858184337834
0.9192925530463223,-0.03878128032603505
-0.07139440879489473,0.40780538400461885
-0.2970453492299052,0.25885004250548627
0.15267793048585523,-0.08366587716035685
-0.3443482377499553,-0.3221291552150789
0.25520966297355835,-0.49679721547117334
0.25841810722044517,-0.8933888781957529
-0.3232937109730879,0.0057791263196145795
-0.28241411625890894,0.38972211231958054
0.03042919167072968,0.7547010094178669
-0.3121216675203861,0.08682481651115766
-0.3311685018543383,0.03167342576836502
-0.3349965084735109,-0.040792659843150815
-0.30355131430273147,0.6278142544211488
0.10638416578090469,0.437692942705409
0.09427243330979315,0.42563135922436646
0.08458304733290391,0.41598209243953227
-0.2894342778724811,-0.3248126210541903
-0.3953171154886226,-0.3930106633942309
-0.22092233754110024,0.18827392293598263
0.08555142842660382,0.689312891749288
0.08524863511482605,0.689011352162262
0.08494584209181445,0.6887098128628062
0.08464304849127045,0.6884082729882095
0.08343187524415928,0.6872021146401052
0.08222070199704815,0.685995956292001
0.081009528749937,0.6847897979438969
0.07616483576149236,0.6799651645514798
0.11311024812614776,0.6315745493729018
0.43381257412006674,2.065227940832279
-0.02167629191857534,1.5257270233839637
-0.06567950218826718,-0.009213066331330157
-0.10953562632029194,0.048639659919611805
-0.10244655154757973,0.01057336929645086
-0.06283950223964595,1.0403474777640365
-0.327598237640793,-0.024873217576393564
-0.3242844505999807,-0.025279729957632377
-0.32097069468017636,-0.025686187422528553
-0.3255871432302594,0.46270773084188427
-0.37614155561666185,1.0787763667480836
0.02111810807039688,-0.07235327917257002
-0.23576869480822332,0.30759301493115354
-0.12720755913859422,0.01596101458756175
-0.20536550518676497,0.322575402547603
-0.29539180620616323,-0.35643152852260857
-0.0766711493958633,-0.027146376206214167
0.43381257412006674,2.065227940832279
-0.1355206516977273,0.056822674124257136
0.1277256167494245,1.0928435389546935
0.43910531571811023,1.2033582821084263
0.43927643003511596,1.1472739632918418
0.4394475443521216,1.0911896444752576
0.43961865866912736,1.0351053256586729
0.4406650124461661,-0.08219459368160568
-0.29975004475415756,0.13406157637887173
-0.4325315960429114,0.4385522212097183
-0.3868046671677612,-0.383084245486617
-0.34239549487491766,0.1389566293212063
-0.33030666187135693,0.14104429370977878
-0.29927601731387854,0.12942399190298082
-0.26595524943286664,0.11288167183139984
0.2919552068368237,0.16243415664619493
-0.041947497518728866,0.6313274247356785
0.05225923710342768,0.13016105980973536
-0.01952493329683026,0.7134242184927925
-0.027789446582099742,-0.07787097734628506
0.07458435767335862,-0.4108388756872008
0.012219873563289733,-0.05045827733800014
-0.3067417759305226,0.06344157369898011
-0.17923424275739439,0.49007634361703134
0.07770096364998529,-0.10355603738909486
0.149341484046562,0.687337488563043
-0.21492572388458261,0.3027169789855455
0.2166749534684918,0.6484175215697608
-0.010585524156025608,0.9416238904458225
-0.010736920667531392,0.9414731207960945
-0.010888317467803397,0.9413223508587961
-0.010905687124526076,0.947069849835716
-0.010821225172277158,0.944271587740437
-0.010736920667531392,0.9414731207960945
-0.010652380060561423,0.938674974593457
-0.07038660976265708,0.8636912917520678
-0.010736920667531392,0.9414731207960945
0.048913008417234616,1.0192552627811187
-0.010736920667531392,0.9414731207960945
-0.010736920667531392,0.9414731207960945
-0.010736920667531392,0.9414731207960945
-0.010736920667531392,0.9414731207960945
-0.010736920667531392,0.9414731207960945
-0.010736920667531392,0.9414731207960945
-0.010736920667531392,0.9414731207960945
-0.010736920667531392,0.9414731207960945
-0.010736920667531392,0.9414731207960945
-0.29927601731387854,0.12942399190298082
-0.3023201517059335,-0.332654831024979
-0.2780023824774772,-0.3311899824987994
-0.29580644148584934,0.11753744289321498
-0.29580644148584934,0.11753744289321498
-0.29580644148584934,0.11753744289321498
-0.29580644148584934,0.11753744289321498
-0.33992657899686174,0.07145266717421878
-0.25781468002632235,0.07383036328289283
-0.30485537386216677,-0.1651907205817392
0.02602934113157857,-0.05926911672287624
-0.09337380796249435,0.3976850770293048
-0.0626814018505266,0.4931570295435626
0.37814058907001424,1.0264770784280544
-0.3167799049381923,0.1581996995158792
-0.3167799049381923,0.1581996995158792
-0.1568462319972594,-0.030028508049749807
-0.003537301915660587,0.013010233532182936
-0.3336370766488149,0.3856549200979436
0.17190061609574417,-0.024232372739623986
0.07926571807427,-0.012869995207319693
-0.054038381772107555,0.00348077044805349
-0.18734240014305467,0.019831526109843147
0.17190061609574417,-0.024232372739623986
-0.15684625482785328,-0.03002850684050034
-0.2338146848242776,-0.18168204336779956
-0.0749965569889894,0.39152887142841036
-0.2950977462229448,0.3045425456596691
-0.06251267993995509,0.4875602642858743
-0.31485182280537244,1.053791331061212
-0.31376383734118635,-0.08451649153583124
-0.31376383734118635,-0.08451649153583124
-0.292227809763265,0.1454508404090627
-0.23790919054034504,0.01529658457857552
-0.29756986777913125,-1.4609444015311297
-0.3195954631431219,1.0209134960007147
-0.12329546978578639,0.1069154264430383
0.0062729293160348545,0.09102287300696839
-0.28098260567935923,0.0983764437164453
-0.33000400748271325,0.26385316429382755
-0.3308390025215594,0.29183744036782316
-0.2827956279119358,-0.329950671237613
-0.12608540286115158,0.3428373625055313
-0.006035216124932726,-0.07191729512568287
0.04475130849291864,-0.09563097030732201
0.04475130849291864,-0.09563097030732201
0.044751273452223815,-0.09563096629906266
0.04475130849291864,-0.09563097030732201
0.044751273452223815,-0.09563096629906266
-0.33805399051985907,0.08250623788130952
-0.29374090620460364,0.21687671898663813
-0.29374090620460364,0.21687671898663813
-0.10662917764662166,1.323859432180151
-0.3275403977108168,0.24110829759721505
-0.31720615148183656,-0.1509135090787473
-0.3275403977108168,0.24110829759721505
-0.31720615148183656,-0.1509135090787473
-0.3265909817497283,0.18501716496045875
-0.21525177896837908,0.21658748040534362
-0.300071309789678,0.15662149563432448
-0.29973117728970267,0.1453383100695919
-0.29939714096722303,0.13425678899641003
-0.2628969109726993,-0.3733360869365277
-0.09599480652191707,0.08109819361292409
-0.0877103764392909,0.08008204500965192
-0.07942594698871648,0.07906589648390584
-0.17070734565638934,0.47768882278624714
-0.20124671755664,0.23816701748673286
-0.20194766242760298,0.17364918331292398
-0.20317093768922068,0.3407387020032358
-0.20291675839268342,0.3323072189856716
-0.21286665123258108,0.17971173082395667
0.31659845959363603,-0.1003285096459773
-0.2936386447496055,0.21348475087527918
0.01260392511634769,-0.06910851347168526
-0.1541295538617062,-0.052625762018629715
0.031074123347204368,0.4620677431965448
-0.24865097500486755,0.07198107643348396
-0.30641876999850187,0.13356117917749213
-0.28026777037287753,0.1678994209423053
-0.2067868704513346,0.18058910388864852
-0.3724736122488038,0.11637266735139688
-0.2315866258288625,-0.40264412508759323
1.8886716500594374,-1.4532892995421942
-0.3045619894793505,0.14476690863346886
-0.011344291246185799,0.386181777831159
-0.3105903630835745,-0.32891482867651506
-0.2591025688813984,0.34671389079682097
0.2521185273188991,-0.5831612257340203
-0.1351775568574324,0.8369439214193194
-0.19710736687127967,0.7407991490152018
-0.2289712537134039,0.30576043025815947
-0.32339571052993743,0.24306441525649772
-0.3546456008906978,0.21470334773225527
0.10900912074759646,-0.08637661617199763
0.10900912074759646,-0.08637661617199763
-0.3046539548778315,0.09793108295703604
-0.22025415084296485,0.7430834001816886
-0.37998408289344326,0.3331220841990983
-0.2535800724420126,-0.26702661049385856
-0.1387750421199568,-0.5979671109174752
0.9497560927730897,2.1756644600648696
0.6630598368013553,1.8125965525246017
1.122348547391818,2.45564818591432
0.1790468522377536,0.2544452692438477
-0.26595524943286664,0.11288167183139984
-0.01695829137178768,0.6263370616372794
-0.37659434172179046,0.3018122538307068
-0.3383511010331174,-0.27900621525482905
-0.35151030778273107,0.15754352093006127
-0.2791786162200302,0.1021571817168021
-0.221031472885361,0.16034945814980983
0.8381653828121375,0.253808365418074
1.2328247043487048,-0.5964835660690029
1.2063048765531454,2.508605980159723
0.7499696476509488,-0.129882776459483
0.12106795424376857,0.415110654573674
0.009072915672022367,-0.0761553335963358
-0.25837399167466163,0.07161635763976547
-0.28708483841802396,0.25123892367276973
-0.12263892326439674,-0.41761504965057555
-0.14686238820661987,-0.4417382166126608
-0.15897412067773145,-0.4537998000937034
-0.30730531802865574,0.06668306708687623
0.023435894163996673,-0.36975377239238966
-0.25475961061649155,1.0755401769561497
0.018132850595166946,-0.08071145849193574
-0.15769604139052118,-0.10605347913076323
-0.1602267199943156,-0.022101568914502514
-0.15180670563226623,0.34232549172830234
-0.15665139862071084,0.3375008583358854
-0.16149609160915543,0.3326762249434683
-0.16634078459760013,0.32785159155105126
1.0478268717224475,0.7660917807444398
-0.10222902989614535,0.20874604151216988
-0.21886485544012343,0.11639101002385611
-0.2684660548651543,0.06401756859044458
-0.26933241512531186,0.2660504829991301
-0.32697758423760953,-0.32306984929351273
-0.3434330426824814,-0.26647470545728713
-0.2823686610152886,0.037065653712079136
-0.37271708988127805,-0.03136712703283638
-0.3838887120440378,-0.09871054899030608
-0.38758751784934276,-0.188346780520024
-0.20990991657913224,0.2514572935613782
0.052807411308594635,-0.07152916366829991
-0.17618605951413227,-0.053765634666819544
-0.3195952431165246,1.0209123680344183
-0.3402895250943882,-0.32604046256290264
0.6281719391559812,0.3667417712059833
-0.25176723481676827,-0.117840182847441
-0.37966978510121946,-0.02465819332452652
-0.27662980250069374,-0.03858221328826433
-0.33805399051985907,0.08250623788130952
-0.28217492613880873,-0.178108142942837
-0.2834518334940287,0.09413364374750129
-0.19785000918945544,0.291649303160613
-0.0700541263983174,0.49234542027384764
-0.0700541263983174,0.49234542027384764
-0.2692110205685115,0.2598743942064164
0.02807757720847126,0.028466842551411492
-0.3442794204730064,0.07785096241987573
-0.2823295767034616,0.2500363081047238
0.8129334956299392,0.18408088685877133
0.2599338955057769,0.04585135115733985
-0.39614272788527904,0.24235070806641862
-0.27500711471151434,-0.23555908450314272
0.07035355246965745,0.012613147081716958
-0.20968919056368013,0.0216658277984428
-0.15294160790789718,0.3799691318762817
-0.28652513650675016,0.2550142755843031
3.2798005457921833,-0.3858718008430741
-0.3395548249523722,-0.20945498380773941
-0.2500256965883119,-0.10259691951000209
-0.34487656970376157,0.23011058922539945
-0.3490187877552196,0.23061866389625274
-0.20788209173239913,0.14153979148790471
0.07035355246965745,0.012613147081716958
0.07035355246965745,0.012613147081716958
0.07035355246965745,0.012613147081716958
-0.08446134958213512,0.5256887393220037
-0.07319131728119668,0.13340895351774004
-0.26238512070815456,0.07375060927183566
-0.10266360666518588,0.1018789358873382
-0.087931382788738,0.7305648725639808
-0.339706331543007,0.39498018992478895
-0.14169084143101804,-0.4198781962389156
-0.3318053368184042,-0.325923695934047
0.6551295213808395,0.39550338038018046
-0.07741890348321172,0.38911655473220175
1.1688605872772395,-0.11345138170226744
0.4050503874209269,0.6099191809621601
0.4050503849519745,0.6099191812649959
-0.3602772036364594,-0.15369920129819686
-0.23510807737054282,0.14318959418872362
-0.2984509710730609,0.012066917094400382
-0.11309880260825265,0.7067809296682124
0.3081255462922157,0.00513121663837369
-0.37899563654542046,0.16507699982259139
-0.10333228432368087,-3.660577020395593
-0.37744811746562007,-0.04810984323278209
-0.14384646066765136,0.683664557413063
-0.06802661564810457,0.4662652541038276
-0.18151153707182047,0.2485079497293742
0.6499169790160829,0.39071253160382247
-0.3311924263545393,-0.325915260754487
-0.32753289612188546,-0.33489189875176284
0.0969816803576417,0.025684969751395052
-0.24972010345077816,-0.048123317383879816
-0.2660926812297062,-0.32739828288027073
-0.18201319901617685,0.3317701901753493
-0.2694184862614589,0.27348648278074567
-0.306685098806633,0.2421114106615994
-0.36058874793826995,-0.027601522345484894
-0.11343262453833584,0.7025717115874189
-0.11309880260825265,0.7067809296682124
-0.12005828796849219,0.5900790738731763
0.7523974197501264,0.4851482249310524
-0.08124695720086798,0.3476534234742748
-0.2949210880415756,0.1585415839990365
-0.11879145648137066,-0.399640632114549
-0.13817022843514914,-0.4189391656842171
-0.33100474312530914,-0.32591267804853846
0.5541760705925969,1.6579174613630043
-0.039483675108014336,0.947805277868915
-0.17053402510892038,0.36570168908912476
-0.2693165182147163,-0.26939991967451543
-0.29188427016371243,-0.031745135963067696
0.647604456357948,0.39092491462933815
-0.11218500896700549,0.23009198775304734
-0.254926196956277,0.26232226024262123
0.003396971624741651,0.355494199471484
-0.006820147185674227,0.37472920837193513
0.025908052307777974,1.0787713824400549
-0.01745010789680153,0.12563281591735376
-0.28437991987964606,-0.21118198667917085
1.162900555888873,-0.24965296004860277
0.42016224219224363,-0.15866195683712442
-0.29292618321231706,-0.329038559656352
-0.26591838966095616,-0.3301719344916942
-0.26322849817790356,0.13960468073143914
-0.1807327238537536,0.22187259983797514
-0.23533647421457388,-0.04356790739250558
0.6502848283923949,0.3906787469877634
-0.31867284880633395,-0.38420860868259604
-0.10788976555555937,0.46951691788086714
-0.30453706485256776,0.17208147581719352
-0.3112398575272178,0.4555186373382034
-0.30596206581330465,0.11488650468901622
-0.31918402254794237,-0.41874027069013137
-0.2947764798631822,0.15374441486124948
-0.3129941186676802,0.24790553574776217
-0.13175817088141337,-0.4160275537607356
-0.14273553360515057,-0.418748841935021
-0.17664838452426293,-0.4525212756819401
-0.03317274954905971,0.0356239705208154
0.10665675160171965,0.10530287880946385
-0.33587131475795046,0.20688691817329768
-0.2771212638848628,0.5048081640406583
-0.23292265550403582,0.5693830028039563
-0.14418814962958468,0.6873389434289113
0.12269018548389246,1.018819568752032
0.5470480671937411,1.521676968678899
-0.35805592646577744,0.134962906187655
-0.3396300811057477,0.17154144025141085
0.4377068547446659,-0.10042686757242553
0.18362266123267562,0.020804466950501824
0.18372359233660152,0.02090498014617717
1.6195649832671253,-0.10288992976907702
0.18362266123267562,0.020804466950501824
0.18416675207453895,-0.09116314429131618
1.7599459741691024,-0.1738514931981975
-0.05796653398385341,0.06454525300195735
-0.05796653398385341,0.06454525300195735
0.1172642794185928,0.10479203583380146
0.1821481299960204,-0.09317340820482328
0.18180590136200886,0.018995229428345365
0.1822096257777126,0.01939728221104688
0.18362266123267562,0.020804466950501824
-0.26666756499721667,-0.2781754289279319
-0.25567964907552443,0.30415452006948246
-0.2548207701896207,0.2756617506584981
-0.02685921160021274,0.9946061953172919
-0.2941876864465236,0.10338350314619324
-0.3015036346032983,0.11023735476137701
-0.33101012399692137,-0.3259127519295261
0.6486698105174149,0.3908270733570775
-0.26303912905385046,0.15119929399382354
-0.15815537093933932,0.5351427776705262
-0.3196044638762077,0.19071575395678658
-0.17242532573021305,-0.1510071814500707
0.21586352218886148,-0.05341866796710479
0.4522065646578988,0.17133595309027527
1.043067735892506,0.73322498794373
-0.11805589401729268,0.399348394858564
-0.2906519523883438,0.05177003616429137
-0.29656998706126286,-0.4125817813804283
-0.2446918867886151,0.5961333689498913
-0.23840629601402402,0.6332619366713469
-0.23870908932580184,0.6329603970843208
-0.24042491809254254,0.6312516727578398
-0.24082864250824632,0.6308496199751383
-0.24325098900246858,0.6284373032789297
-0.24809568199091325,0.6236126698865129
-0.24188236045997363,0.6228505585605225
-0.34739698341216674,0.2196868755352859
-0.28764517001319606,0.1799596047171241
-0.23875458020336807,0.6186143711261481
-0.38828921308607006,0.70441213784734
0.34870421198748164,-0.0784403325583812
-0.3068622085638984,-0.3262737250723819
-0.2982637880056563,0.09584322201503175
-0.15723648850923938,-0.057108471855839706
0.1586759620557061,-0.027748603820081832
-0.18592921540062657,0.6593716456742152
-0.2483935080460918,0.2800968785029494
-0.15146277120356005,0.406492340349765
0.36151439723926293,0.2476956693979287
-0.29894857215614173,-0.3737603604988625
-0.15853893413814374,-0.5227961980747166
-0.04917158974906987,-0.7749612738341957
-0.25506379515057737,-0.318684059709176
0.009231218592445401,-0.2988545286383938
0.367281546487464,-0.24650015356590402
-0.31917579511258987,-0.38521885922690513
-0.2234679159886161,-0.5440314970657555
-0.018158237957133023,-0.657226491957998
0.15367814364194693,-0.47266042931830154
0.1280807001057756,-0.541576728345607
-0.059345792121552096,-0.7416685071471754
0.3568847899602356,-0.25685386201218474
0.34728358771992096,-0.2598514845382522
0.303129390135781,-0.2848782643451309
0.2938645615561837,-0.2648274283157763
0.23028202489860328,-0.27691097146690913
0.3202193425743444,-0.29336749501799325
0.3041253486257386,-0.2838864296510499
0.3021183328710382,-0.25660783198758774
0.346835596672128,-0.26686144631531783
0.3504717206275911,-0.25667655219011465
0.30868232882867563,-0.27934831776075825
0.3097485077916871,-0.24900925003410784
-0.04177638320172311,0.5752431059190941
0.746839761332532,2.2435041008238534
-0.2516714570340078,0.11902775764756038
-0.2662055359993416,0.1045538574703093
-0.2971949765179779,-0.08654878882307886
-0.26864122381580774,0.1594564868249937
0.07001114175015295,-0.07111790133510254
0.07001114175015295,-0.07111790133510254
0.07001114175015295,-0.07111790133510254
-0.02651388024552974,0.5002292565253246
1.346349857133441,3.003000454742475
-0.26864122381580774,0.1594564868249937
-0.36022210680626177,0.5348786888060889
-0.1272928216900542,-0.015698864141612284
-0.10788976555555937,0.46951691788086714
-0.051936092937971794,0.1391660170049865
-0.1469170294017996,-0.36603608454815845
-0.14711889160965153,-0.36623711093950934
-0.1474216849214293,-0.3665386505265353
-0.14772447823320708,-0.36684019011356145
-0.14933937589602195,-0.3684484012443672
0.010995926853784987,-0.06598512964367255
-0.14629869605749132,-0.048046461155377244
-0.17751537957104813,-0.04421749657547057
-0.20873208448219235,-0.04038852937098642
-0.2399487519475586,-0.03655956675951283
-0.14629869605749132,-0.048046461155377244
-0.21011006281919634,-0.11737205064363418
0.010255278016779796,-0.01675520036866301
0.4588489449268861,1.5730290971795131
0.0723668413324406,1.0951620872915775
-0.23324752793832643,0.25631964947705843
0.17725947507660597,0.6182765953460462
-0.34924680173025335,-0.23364105279175448
-0.3317176823091552,1.0409742034867013
-0.23638672498116056,0.06650908664333513
0.023179208844841852,0.07852936362237614
-0.015428458724795605,0.4904575558639878
-0.011350880461210215,0.35518867556789235
0.5909233471275199,-0.10409388994701615
0.915709294282471,2.1191119005153443
0.10766997366014618,1.1076776104580641
0.4061529155222906,1.5505951318505815
-0.11094866250328544,-0.10803082086153018
-0.32355467225856355,0.13098699164995015
-0.3932139429160158,0.112227901503199
8.466122764297893,3.2189985703723822
-0.2255031962399812,-0.0451054841552955
-0.231925186335865,0.07832437256770867
-0.23581654018237444,0.11780315900576674
-0.2420809224064936,0.14638927937365956
-0.2477668623124818,0.15578644246836154
-0.22551206348900016,0.1443569823201624
-0.19962957146397026,0.4076371437496937
-0.26530799141363587,0.31599993033278967
-0.19127013950700272,0.5175773727903595
0.04376410349675939,0.3835996966478096
-0.3136440588858807,-0.12377500124016597
-0.26346262364698686,0.32657067509099325
-0.17826047756686658,0.15840303650699333
-0.39273665467321917,0.2055623353413001
-0.21492924824153195,-0.20113358205646983
-0.2954562282396854,-0.03375242019499599
-0.05619569762400302,-0.054064807449595825
-0.05700314645541046,-0.05486891301499868
-0.05801245749466975,-0.05587404497175221
-0.12740931573765843,-0.2099569388849199
-0.11680146448012983,0.11731323200638062
-0.10101974783754211,-0.03573456990913186
-0.05619057658071532,-0.10360046443422119
-0.3079474450534108,-0.3836618845677648
-0.2462423717724535,0.031702122993826964
-0.29083882071963846,0.09810767947206793
-0.25955007307289835,-0.26305610733086815
-0.195161865062664,0.284050622260745
-0.1903171720742194,0.2888752556531621
-0.18062778609733016,0.2985245224379962
-0.17820543960310778,0.30093683913420455
-0.20727359753377558,0.27198903877970243
-0.18062778609733016,0.2985245224379962
-0.18062778609733016,0.2985245224379962
-0.32515129753723154,0.24861377639471233
-0.3248982508184237,0.24021859106846397
-0.3244483592163208,0.2252938138369829
-0.3240393696879797,0.21172581748134386
-0.32515129753723154,0.24861377639471233
-0.2843589831483991,0.2707046474649767
-0.28920367613684383,0.2658800140725596
-0.2940483691252884,0.2610553806801426
-0.29889306211373307,0.2562307472877255
-0.30373775510217776,0.25140611389530854
-0.30858244809062235,0.2465814805028914
-0.31584948757328934,0.23934453041426593
-0.36144065313199986,0.22435043677291464
-0.36628534612044455,0.21952580338049757
-0.3711300391088892,0.2147011699880806
-0.37597473209733373,0.20987653659566358
-0.3783970785915561,0.20746421989945504
-0.38081942508577843,0.2050519032032466
-0.3856641180742231,0.2002272698108295
-0.3953535040511123,0.19057800302599534
-0.3318686295741049,0.23156094624966606
-0.3342909760683273,0.22914862955345752
-0.3367133225625497,0.22673631285724896
-0.33913566905677184,0.2243239961610405
-0.3415580155509942,0.2219116794648319
-0.3439803620452165,0.21949936276862342
-0.3488250550336611,0.21467472937620644
-0.35124740152788353,0.21226241267999785
-0.3609367875047727,0.20261314589516377
-0.3754708664701066,0.1881392457179127
-0.31313903240389046,0.20758811318885895
-0.31798372539233516,0.20276347979644188
-0.3204060718865575,0.20035116310023332
-0.32282841838077986,0.19793884640402476
-0.33736249734611373,0.1834649462267737
-0.271716977120435,0.20250739889229621
-0.2765616701088796,0.19768276549987918
-0.2814063630973242,0.19285813210746208
-0.29594044206265807,0.17838423193021102
0.0086785347757502,0.768697747800528
-0.2908490737666646,-0.4013404822344063
-0.15726961257048444,-0.4332227421122721
-0.15726961257048444,-0.4332227421122721
-0.4629885352327869,1.1096302652129435
-0.2748497582669792,0.06115118010865364
-0.2746786439499735,0.005066861292069341
-0.36886528329030227,0.1072812736625126
-0.34824981700678015,0.5913444832150972
0.2988548628187927,1.0972147700248485
-0.1919709621157973,0.12592904750286374
-0.45643768394424195,1.6673060229562222
-0.2754026138728624,0.1649344467223461
-0.27782496036708465,0.1625221300261376
0.688410994760028,0.6302951310163937
-0.32470878911422124,0.4828173835908103
-0.31569073005592085,0.2988460906880978
-0.27794642597009755,0.058264298836089315
-0.27794642597009755,0.058264298836089315
-0.3370417432667644,0.048925493406817386
-0.22261533555177695,0.06234597684389789
-0.22261533555177695,0.06234597684389789
-0.22261533555177695,0.06234597684389789
-0.22261533001796435,0.06234597779955214
-0.22261533001796435,0.06234597779955214
-0.25906685918943845,0.06681703453430321
-0.22261533555177695,0.06234597684389789
-0.22261533555177695,0.06234597684389789
-0.2240437449521631,0.03279611950047542
-0.12049833339485091,-0.06936217267753705
-0.12049833339485091,-0.06936217267753705
-0.12285351591743766,-0.09337339276177556
-0.11889687320483976,-0.09728789505751284
1.122348547391818,2.45564818591432
-0.2979550279319168,0.06613737861510624
-0.4174325621035503,-0.38785243999448543
-0.3239231139032828,-0.32061621776144983
-0.31650845433479396,-0.3207271420689475
-0.31684556154201415,-0.320756102136309
-0.32191832294727224,-0.32036248027813724
-0.31794153928045055,-0.3208502631585831
-0.3184829322824648,-0.32089677466402633
-0.31650845433479396,-0.3207271420689475
-0.31684556154201415,-0.320756102136309
-0.32191832294727224,-0.32036248027813724
-0.31794153928045055,-0.3208502631585831
-0.3184829322824648,-0.32089677466402633
0.012055703445007256,-0.06492974108908132
-0.2711398496823448,-0.1771554151776324
-0.3150391066663213,0.16288188553893654
-0.33128812914326466,0.08237394288787692
-0.32915979210867263,0.11458039619907677
-0.32655906523379746,1.0583187297323937
-0.41314195479669596,0.0005466059296812057
1.0042650649759546,1.8906752187671072
-0.30205756550545787,0.3064263800009058
-0.2453403946822832,0.12346471974025082
0.550672830967362,1.5578720117770084
0.550672830967362,1.5578720117770084
0.550672830967362,1.5578720117770084
0.550672830967362,1.5578720117770084
-0.18016780051721842,0.2832604881663585
0.16692282772086023,0.31214153841001646
1.7064067180298172,3.247275042248302
0.0543215728741075,-0.12069280998450907
0.09790199463567602,0.04644817662410856
-0.20317851644092844,1.3074831040673174
-0.2680099885905598,0.1285945566506139
-0.16607721411804102,-0.3012214736210042
-0.07336190446368648,-0.05598428272203657
-0.06294438175738913,-0.05486146556135101
-0.02821786871536498,-0.05112065388578361
-0.010854876561400956,-0.049250027749915715
-0.045581157272154026,-0.05299110046453152
-0.23036168770318055,0.016876485556091426
-0.22758966308467352,-0.30928209177750254
-0.10670155022509054,-0.2884054853966911
-0.05692427581094301,-0.2798092674553883
-0.05692427581094301,-0.2798092674553883
-0.11498597940622596,-0.28738933690399376
-0.10173089222261872,-0.28901517455287673
-0.10007353036207203,-0.2679438482573274
-0.0851611032304756,-0.24849838466184107
-0.040423792361573244,-0.19016195191952007
-0.31796323573984187,0.46830335214288077
0.09185997205291882,0.048538644349730174
1.3777958579860834,2.5561254261559614
1.3776949268821577,2.556024912960286
1.377291202466454,2.5556228601775843
1.3762818914271944,2.5546177282208307
1.3753735116843717,2.5537131096514667
1.3734558205172684,2.55180335874192
1.3706297496073423,2.548988989263011
1.3680055401352247,2.5463756454085975
1.3641701558759096,2.5425561416723697
1.3617478016812554,2.540143817307612
-0.1525441916324113,0.1895278781389221
-0.15698516020515224,0.18510529752920651
-0.2567965153987803,-0.2718487387761686
-0.2528199906633457,-0.27233648989670284
-0.21493736745563852,0.2905820120667652
-0.2198292403624074,0.2725932898594432
-0.22023296477811108,0.27219123707674164
-0.22043482698596295,0.2719902106853911
-0.22063668919381488,0.27178918429404036
-0.30474202073161777,0.22577313383611397
0.9864311146012937,-0.10683027568522578
-0.10553198633100173,-0.6081781903211582
-0.23996923266100323,0.03720053000855407
-0.24239157915522563,0.034788213312345564
-0.24481392564944798,0.03237589661613699
-0.2496586186378926,0.027551263223720018
-0.34425305591323774,-0.5502270286836359
-0.017887398007299535,0.49515201217049054
-0.13603105954762498,-0.43513361381684235
-0.27665870558957306,-0.3037151899683842
-0.27771185940999443,-0.30447389884983467
-0.27771185940999443,-0.30447389884983467
-0.27771185940999443,-0.30447389884983467
-0.28678126173172497,0.03209217452923539
-0.2926413565567913,0.1553689425874813
0.6310651421601348,1.8456585864492456
0.12064028139816363,0.45934254484202164
-0.2521923734998358,0.2544020724125506
-0.3163390982085591,0.06899979668291434
0.32617239913480195,0.017540572811675797
0.030758587684299784,0.05377533234235991
-0.05786560307243833,0.06464576600591908
-0.11694831804095128,0.07189271210770187
-0.20557244254746693,0.08276313764516538
-0.2351138284246758,0.0863866141786692
0.32617239913480195,0.017540572811675797
0.13907268106543286,-0.09096347187962603
-0.3025108234455841,-0.3314106935159524
-0.2302824927529925,-0.17556852338993142
0.18558093214539603,-0.7540841307107348
-0.3871597931039171,0.054532724933244785
-0.3148874672306484,0.044926557871788717
-0.3093391389312847,0.10827025627570436
-0.3004783575545372,0.47465891623342527
-0.34404933451716496,-0.4040760207713143
0.8626295596863692,2.0540178313351394
-0.1539825009215111,0.03190276898894824
-0.1539825009215111,0.03190276898894824
0.8914860277255384,1.9282752429540364
0.39253098339038994,0.8619982220399389
0.8914776201741637,1.9282668702143793
1.121464040561828,2.4553292711488583
0.5821909470337108,1.7090484813325253
-0.3447926028875493,0.6358961940317047
-0.21607892570695084,-0.089769049988704
0.8915112879055513,1.928300400410428
-0.2617766725733787,-0.36204500351506896
-0.061143740689529616,-0.1557936611918765
2.305364843868343,2.4690830339626197
-0.39125360215169214,0.17872447707727745
0.45645316628363697,1.507666802923998
0.09779074979449481,-0.06432654723186593
-0.24942540743484182,-0.22921521936466036
0.026383243498247107,0.49916642795980387
0.8934527489500602,1.647789367447802
-0.3099378143837036,0.1183761185316468
-0.33951931526538864,0.25768127462689766
0.28176089314493213,-0.12583815174238572
0.07484561420728446,-0.15769328483219716
-0.32251898969898113,-0.34706971710318907
-0.2656305272744042,-0.3372454423291508
-0.22296413705351914,-0.3298772287532955
-0.32066616048136215,0.38728754006761307
-0.25475961061649155,1.0755401769561497
0.03144304495232282,-0.1705619429239776
0.24217645870307375,-0.12747835998115528
-0.2977289917155382,0.14513582145986362
-0.21088352954331646,-0.3494286455346247
0.03144304495232282,-0.1705619429239776
0.28176089314493213,-0.12583815174238572
-0.28323053955904776,0.07893856318956173
-0.25577360667490157,0.5119831330822125
-0.2806441619557689,-0.4369545673107452
-0.25748474984495917,1.072826321248056
0.43517045847451147,1.5040329565294996
-0.23623072253811475,0.7052250169148652
0.11038272088032573,0.02750074578765205
-0.31848006384217725,0.37484464324318717
-0.31780429400554194,0.31926289040497957
0.09642376879676043,1.0948996146837235
0.20412357972494388,1.1880622834451018
0.054018782642502566,-0.12099434650411593
-0.19941696070788104,0.11615956300412739
0.4908503554764129,1.6559054785864165
-0.28965689524796506,-0.023826450428073912
0.52529163207912,1.6496783592717799
0.2816907099318524,-0.06965331973012592
0.041729730193569646,0.1930936772351331
0.343008308723464,0.35183676325947444
0.5299566074652071,0.1270970468309799
-0.2766342850157116,-0.2543622784635215
-0.2867567794355228,0.08144522221989102
0.08769221080966287,0.5018888812571564
-0.2612263601316355,0.0700333666009202
-0.28893862009110177,-0.3566096079892904
0.525689302488693,-0.15961337186207822
-0.13848093623956667,-0.4289100489023195
0.01785720250525791,0.047842922441897584
0.525689302488693,-0.15961337186207822
-0.2000375198413395,0.24985641915508142
-0.2018131548194764,0.214551611511811
0.0657304277231831,0.6003145120458884
-0.12184876203718818,-0.1584223365820427
-0.12427110853141049,-0.16083465327825122
-0.26912547705419726,0.006915471561852268
-0.28308275841913444,0.03050191153460466
-0.25748474984495917,1.072826321248056
0.18041587424376984,0.03959502488417389
-0.3009536446374231,-0.17027294813974028
-0.29872048513337857,0.06352183179638796
0.5340488679567109,1.6989251263354677
0.5336451435410073,1.6985230735527665
0.5328376947096001,1.6977189679873634
-0.29708193817611106,0.0656417562027428
-0.11006943082999178,0.1380802949696574
-0.0942073447978803,-0.2979085842415511
0.11053672298233175,-0.022974884413636636
-0.09306649166813924,-0.3159270310157786
-0.09310010173219571,-0.31596050191636077
-0.09320103283612165,-0.3160610151120361
-0.03416568735305469,-0.17853790454002336
-0.19308596293654243,1.156854787005265
0.1625465924234083,0.4854834874087756
0.16271770674041405,0.42939916859219124
0.16288882105741984,0.3733148497756071
-0.04486007966914032,0.40703433282732887
0.16271770674041405,0.42939916859219124
0.16271770674041405,0.42939916859219124
0.8166997316059833,-0.08601154293362835
0.007570323027248162,-0.561036372652765
-0.18592921540062657,0.6593716456742152
-0.2018131548194764,0.214551611511811
0.030497400428253815,0.030876646420873455
0.10240231961972401,0.013897605006344568
-0.23317523399699522,0.25392101281077767
0.02332184944582138,0.47544646585307376
0.013149525924814982,0.4272815245405328
0.011108451426140755,0.36645219745389895
0.017502949262444573,0.025783397022717206
0.020899502951599064,0.4730341491568653
0.010727179430592667,0.4248692078443245
0.008686104931918438,0.3640398807576905
0.015080602768222262,0.02337108032650878
0.018477156457376753,0.4706218324606569
0.008304832936370347,0.42245689114811574
0.006263758437696123,0.36162756406148217
0.012658256273999946,0.020958763630300182
-0.26708919777368917,-0.3296359335457577
0.11038272088032573,0.02750074578765205
0.11038272088032573,0.02750074578765205
0.5255181881716874,-0.10352905304549385
-0.1512667326813351,0.37129765803332737
-0.082073935795628,0.3787526299067806
-0.01288113694793019,0.38620783325386665
0.0563113314702519,0.3936627273396506
0.12550390119166024,0.40111782505853577
-0.04132537532478058,0.3812956946295732
-0.027103262429711387,0.3837517628548973
-0.01288113694793019,0.38620783325386665
0.0013409790938169895,0.3886639020226018
0.015563069962140252,0.39111996644404745
0.28176089314493213,-0.12583815174238572
-0.27651534577285575,0.148706030306151
0.11038272088032573,0.02750074578765205
-0.23274836246325264,0.20389562666423175
-0.19987740522012973,1.1728096647861623
-0.16314281521890933,-0.25859306451534064
-0.1117129073266586,-0.10805128933713698
0.18041587424376984,0.03959502488417389
0.6622908579242032,-0.11623692202383828
-0.32386530470941,-0.14879467326356788
0.057868094633731874,1.0134232015956546
-0.2404423289352865,0.2154118558149849
-0.27235176963292457,0.2270598219318878
-0.32737524165523385,0.07019756512357783
0.6846527147728764,-0.021681604460324005
-0.1387750421199568,-0.5979671109174752
-0.12633190378332695,0.5227294071856027
0.9148110386980884,2.032566202218147
-0.26445453029314153,0.20970457298565887
0.07670825960051564,0.04701878387381439
1.2814331731113604,0.18257535158832192
-0.34404933451716496,-0.4040760207713143
-0.0759205570250696,0.6287523552325859
0.02792788106259237,-0.34789412170394324
0.14762232405946757,0.4064299561534123
-0.29152144025579485,-0.26996070107439396
0.8902523403521082,2.346454612542375
-0.3026228234871378,0.1730816668195788
-0.05737198608005142,0.31400679125213754
-0.21331775846840104,-0.2188582068807768
-0.19534911231134441,-0.2153814665849666
-0.25832094622739293,0.6500831524393498
0.5818198378633375,2.301666984568228
-0.35162712373229454,0.13492897437653897
0.2639087133942484,1.232027445062691
0.7674641204590447,1.9485798084809844
0.6631780305641628,1.8125620359837342
1.027042045054936,2.5902528394347892
1.028766561253064,2.423206041333141
0.7323530430885402,2.4736526521237954
0.012941765236194292,-0.02161201236430519
2.6065279216058026,3.3545343131124348
0.39939026089477175,0.5890408353900813
0.39939026089477175,0.5890408353900813
0.018132850595166946,-0.08071145849193574
0.018132850595166946,-0.08071145849193574
-0.14184545816994143,-0.6332823810688257
-0.1352628759552975,-0.4017081557138624
-0.13258385798556657,-0.4834223172425306
-0.23525602095498827,0.46803171374236646
-0.28838899043467203,0.1094413694304605
-0.21939505328258027,0.7214334867142367
-0.2077207819268743,0.7210516779794084
-0.10706183333309084,0.8523086426014246
-0.2758229592004161,-0.1677240960627825
-0.254667162761811,0.24929441771960756
-0.2951747320676968,-0.3322305564076698
0.06446092051979577,0.2043289742339187
0.11341260866020138,0.7341210873736849
0.12589618277828463,1.0945620635875881
0.11079164830823812,0.2837364976093366
0.1280325161477336,0.300671835868378
0.12845917903947912,0.30074551782963604
0.12917028532840885,0.3008683213521473
0.17903942677346948,0.34936026214566873
0.18117274445347273,0.3497286725082524
0.3221510112006809,0.42596079756053284
0.51125704224848,0.5480615141993148
0.8714469725802281,0.7682026130468235
0.5332204568114312,0.5638183576166825
0.34115156758047416,0.07141584102259083
0.804461461056244,0.18075835919986832
-0.23546367244752822,0.6421081949222163
-0.22883613353027452,0.6412952766711444
-0.23546367244752822,0.6421081949222163
-0.22883613353027452,0.6412952766711444
-0.27561260722578956,0.2552506389016262
-0.2780349537200119,0.2528383222054177
-0.3087503085155804,0.2593152309792259
-0.3111726550098028,0.25690291428301737
-0.3450758516231055,0.2583519642178592
-0.3474981981173278,0.25593964752165066
-0.3511317178586613,0.25232117247733793
-0.357187584094217,0.2462903807368166
-0.3557826183043545,0.25695579491115195
-0.3606273112927991,0.252131161518735
-0.3654720042812437,0.24730652812631793
-0.2007732524230852,0.24878898208350647
-0.2017854975892916,0.2823697478381089
0.11501588436919129,1.123118498401221
-0.33399445797894883,-0.6181859585656007
0.00045587178292365527,0.69976812021313
-0.010363964059800758,0.6753043982772181
-0.22612042822679246,0.3060443988978259
0.0981089154850973,-0.03588182157359811
0.09624126918380198,-0.038861196717487376
-0.07618772026224288,-0.023012783064021585
0.708069205364667,-0.06636136242575152
0.4878989525870473,0.3278592309519428
-0.13661999957760307,-0.08684487145616777
-0.2082274650353355,0.22626929247522412
0.1790468522377536,0.2544452692438477
0.647604456357948,0.39092491462933815
0.647604456357948,0.39092491462933815
0.6775188248139383,-0.20718044791624995
-0.08609165018931261,0.3428287900818577
-0.09322585658967973,-0.09653591011967612
-0.07310624689832977,-0.08795452732812116
-0.11715850053579474,0.21697111133787494
0.17423523615124764,0.13646195396451452
-0.13453443383323743,-0.46347646895749234
-0.1611802452696829,-0.49001195261578623
-0.14264057767551583,-0.4708583270193971
-0.14264057767551583,-0.4708583270193971
-0.1644416961235166,-0.492569177285274
-0.1644416961235166,-0.492569177285274
-0.1644416961235166,-0.492569177285274
-0.14180147331590434,-0.47071341904611813
-0.14180147331590434,-0.47071341904611813
-0.168447321714424,-0.4972489395134433
-0.168447321714424,-0.4972489395134433
-0.1425694681825464,-0.4708460468633128
-0.16437058663054724,-0.4925568971291895
-0.16437058663054724,-0.4925568971291895
0.021420901382174663,-0.07205173958554395
-0.15829976759734918,-0.06595915523613341
-0.15829976759734918,-0.06595915523613341
0.1399810610007662,-0.09005885311854782
0.13998132603261013,-0.09005887563020441
0.026383243498247107,0.49916642795980387
3.9454540219136587,-0.6260915603660803
-0.03162013996583236,0.44632547454796434
-0.20451881621084914,0.2855296000678002
-0.33983089856601045,0.25386943056387185
-0.29579415427087635,0.25098838261505063
0.061205581020131954,1.099520527184939
0.4463442380133696,0.5938539192576744
-0.29938366047541787,0.47834579324504684
0.030298061494841714,0.030678132856269292
-0.31560561210116084,0.45763585305195165
1.0237765787294677,1.9419271277357644
-0.1538032426503424,-0.010337805617722594
-0.37031932281803914,0.1822140553909831
-0.34610964085380547,0.14041333793265776
-0.29606252045952436,0.14253354316427344
68.65892950511618,-29.908525008622043
16.993704157977326,-7.525077745327156
5.509684171837187,-2.5497823558264177
1.1541262360942954,1.9985994186615277
-0.32058058100997233,-0.21583297270647794
-0.2257891940288635,0.05288074708113395
-0.2257891940288635,0.05288074708113395
-0.2277376275039998,-0.00531434347664907
-0.2257891940288635,0.05288074708113395
-0.2257891940288635,0.05288074708113395
-0.22280670393738616,0.05676984588349052
-0.23006773494594296,0.1611293708498186
-0.27254619818283526,0.07889404228559643
-0.011806975425554478,0.061714040417437215
-0.011806975425554478,0.061714040417437215
-0.009384628931332158,0.0641263571136457
-0.011806975425554478,0.061714040417437215
-0.014633046335480515,0.05889967093852726
-0.016348873562134887,0.057190948145755885
-0.009384628931332158,0.0641263571136457
-0.27154324628245724,0.08104158527728947
-0.2616125604653527,-0.02157829646615604
-0.2616125604653527,-0.02157829646615604
1.5586963026682423,3.101159780215566
3.381272948526114,2.8776068387852503
-0.38958670564400183,-0.2185757338178998
0.2053143431616774,-0.46648284339336493
0.08915838253440672,0.3593737809657737
-0.11963159414457723,-0.26403962133194336
-0.22023722747971852,-0.12773493484813067
-0.22023722747971852,-0.12773493484813067
-0.2202372288360452,-0.1277349350823597
-0.22023722747971852,-0.12773493484813067
-0.22023722747971852,-0.12773493484813067
-0.21510016724205672,0.5374922436950776
-0.21510016724205672,0.5374922436950776
-0.21510016724205672,0.5374922436950776
-0.21510016724205672,0.5374922436950776
-0.21510016724205672,0.5374922436950776
-0.21510016724205672,0.5374922436950776
-0.3333356094080524,0.2920744644126964
-0.3353864350781916,0.29192064932577017
-0.3353864350781916,0.29192064932577017
-0.33220340093756867,0.25290673293413374
-0.33362046852188665,0.3032803974121754
-0.3185668933891859,0.21033146957534166
-0.2528173474888134,-0.4039314525191645
-0.2976849463897868,0.223094989226845
-0.2766266860189809,0.24781930657328782
-0.255568421344211,0.27254363110475044
-0.2973475662302151,0.2119013602535645
-0.2762892607529145,0.23662573643538035
-0.2552308646128607,0.26135023083935066
-0.29701049617582587,0.2007212844781975
-0.27595223426945675,0.22544560255826052
-0.2548939256685914,0.250169986206782
-0.33012762884243574,0.07892439770652764
-0.32945076223803954,0.05647021427207904
-0.32894681840890067,0.03975251373383024
-0.3284385196291231,0.022889458882441573
-0.3277636827733379,0.0005023005103114021
-0.37463917316937656,-0.19593754599899396
-0.3333901080473125,-0.5892963528508413
-0.19206536146719938,-0.4590360280851822
-0.40775815430039564,-0.23620648067087388
-0.14655542455364104,-0.4369511045563477
-0.25838272254853406,0.16579421933335992
-0.29241020005393537,-0.01551606461296317
-0.3474361682719439,0.25525333306021497
-0.13879910349676755,-0.45735426109331295
-0.14041400115958239,-0.4589624722241185
-0.14162517440669348,-0.46016863057222285
-0.15858159986624976,-0.4770548474456825
-0.13497040806161759,-0.6504329546897467
-0.14291998205410816,-0.4748945612575997
-0.1392883850709741,-0.4297141544677221
1.0154313583193875,-1.032560865611133
-0.3136665867791782,-0.05596401402281412
-0.08922501141719241,-0.5643990004259426
-0.19004754818182581,-0.49431173952934926
0.016575293958359015,0.9306983287085019
0.009308254475692052,0.9234613786198764
0.0068859079814697225,0.9210490619236675
0.005674734734358576,0.9198429035755635
0.00446356148724742,0.918636745227459
0.0032523882401362743,0.9174305868793551
0.0020412149930251347,0.9162244285312507
-0.0003811315011972188,0.9138121118350421
-0.005225824489641836,0.908987478442625
-0.019759903454975723,0.894513578265374
-0.027026942937642646,0.8872766281767485
-0.04156102190297653,0.8728027279994975
-0.04882809218737199,0.865565747236679
0.02620742429346341,0.6233870239640983
-0.18201319901617685,0.3317701901753493
-0.2694184862614589,0.27348648278074567
-0.306685098806633,0.2421114106615994
-0.2624393074780218,0.1191881620778311
-0.26304489371655576,0.11858508328720649
-0.2636504807251331,0.11798200372972695
-0.26486165397224426,0.1167758453816226
-0.26728400046646655,0.11436352868541412
-0.2697063469606888,0.1119512119892056
-0.27212869345491114,0.10953889529299704
-0.2606225476073552,0.12099739959998748
-0.2609253406303667,0.12069586030053202
-0.26122813423091074,0.12039432042593537
-0.2614299964387625,0.12019329403458476
-0.26183372085446627,0.11979124125188327
-0.2624393074780218,0.1191881620778311
-0.2636504807251331,0.11798200372972695
-0.26486165397224426,0.1167758453816226
-0.26728400046646655,0.11436352868541412
-0.2697063469606888,0.1119512119892056
-0.2673178394864728,0.11548384833145627
-0.26719963149800446,0.11156508125037337
-0.2694533519642975,0.10355609738175536
-0.27216253247491734,0.11065921493903914
-0.26477728500378206,0.11397739794658185
-0.2694533519642975,0.10355609738175536
-0.264440101204954,0.10279218607979272
-0.27523549721715657,0.331463853863126
-0.27247092208892265,0.2217075329261657
-0.2657305985853438,0.0034010494003496794
-0.36544097911581597,0.23542753089385107
-0.3311071512468349,0.1966811536485133
-0.29919547838880983,0.15552222462942086
-0.23537246501988354,0.07320476772219825
-0.20346102943230338,0.03204613555481656
-0.26728400046646655,0.11436352868541412
-0.26728400046646655,0.11436352868541412
-0.13339180273238674,0.7926962069135681
-0.20597625218095691,1.0379079619194471
-0.20563402354694543,0.9257393242862783
-0.20512068059592808,0.7574863678365253
-0.20589373622727664,0.9343585087246077
-0.20527298932370694,0.9137621979345665
-0.20471957015579095,0.8954047375602193
-0.20377485157734723,0.8640627353189088
-0.20563402354694543,0.9257393242862783
-0.20563402354694543,0.9257393242862783
-0.42932053715136803,0.6340572313102841
-0.4379170470218145,0.678127237014633
-0.42932053715136803,0.6340572313102841
-0.40726073101440324,0.6628227135067366
-0.18788514307635376,0.744688256514555
-0.3020974715321161,-0.2845836406692407
-0.13263697510386088,-0.45070519506807744
-0.22252444873449537,-0.2855227879747268
-0.2326469567892693,0.05028466324952273
-0.21089091561660733,0.7423067397419179
-0.21331326211082965,0.7398944230457093
-0.215735608605052,0.7374821063495007
-0.22058030159349656,0.7326574729570838
-0.2254249945819413,0.7278328395646668
-0.20260648608809462,0.741290591206612
-0.1943220579298506,0.74027444283938
-0.18603763045674085,0.739258294556185
-0.1744394248689904,0.7378356860857276
-0.2820169546933514,0.1881738614151174
-0.23682339721651513,1.0834066168084702
0.6649228996905693,2.2347634666363594
0.029533795074271084,-0.5394379463039533
-0.001754856546592876,-0.5448412969612164
-0.017399186426004812,-0.5475429729925347
-0.02052805158809121,-0.5480833080582611
-0.024652465249505682,-0.5487955680028017
-0.02593245511152802,-0.5490166140915259
-0.026928002254529463,-0.5491885387361114
-0.028065772452449646,-0.5493850243955525
-0.02906130187832156,-0.5495569518141681
-0.030199070719915084,-0.5497534372393802
-0.03119463897086268,-0.5499253596955076
-0.022932031237248126,-0.5425164871507548
-0.01566499175458119,-0.535279537062129
-0.01405009409176632,-0.5336713259313236
-0.026558690782084955,-0.5431427822990782
-0.021713997793640326,-0.5383181489066611
-0.019291651299418015,-0.5359058322104525
-0.017676753636603135,-0.534297621079647
-0.012976570064566704,-0.5407972366426114
-0.005709530581899747,-0.5335602865539856
-0.004094632919084873,-0.5319520754231799
0.24203403090198253,-0.767897588200894
-0.000981294786210868,-0.5704891541295014
-0.04946130025293576,-0.5272985912924707
-0.1464223770799352,-0.44091611390603624
0.42097779740996616,-0.9142521792471685
0.338133717928521,-0.904090720364079
0.1577147490960198,-0.8260936108055705
0.10923485153234519,-0.7829030834031704
0.2591292130007524,-0.8932660747610774
0.2577070014401381,-0.8935116816304285
0.256284790557687,-0.893757288382665
0.25528924341468556,-0.8939292130272506
0.25415147253860204,-0.894125698803806
0.25272926097798754,-0.8943713056731569
0.2513070497564548,-0.8946169124839506
0.15529240260179755,-0.8285059275017789
0.1577147490960198,-0.8260936108055705
0.15852219792742733,-0.8252895052401673
0.1593296467588348,-0.8244853996747644
0.1581425348885343,-0.9663044078470313
0.1577147490960198,-0.8260936108055705
0.15728696330350547,-0.6858828137641095
0.15685917751099104,-0.5456720167226486
-0.2682040825155407,0.29488746324041504
-0.26870873832393644,0.29438489697446774
-0.2689106003392775,0.29418387077483077
-0.2692133935547998,0.29388233128366154
-0.2643781384927006,-0.17960403487968798
-0.259796191466903,-0.17676774134814055
-0.2572783103942067,-0.17488098692544793
-0.2572783103942067,-0.17488098692544793
-0.25598198312477355,-0.17390960307598266
-0.25598198312477355,-0.17390960307598266
-0.2546597135178535,-0.17291876184982163
0.7002153189814183,2.201661649172981
0.6737136908509791,2.2007871968398884
-0.10884502095058297,0.9481444647177856
0.18041587424376984,0.03959502488417389
0.37813696368283917,0.6798170744142678
-0.31854947789637234,0.13512789542093231
0.2992272076122228,0.3557258564061933
0.31141153797117993,0.0070154945947743675
-0.027042128876582874,0.030700704605740287
-0.16507628477844954,0.8017194801092772
-0.40247473472477435,0.5413851276714116
0.11038272088032573,0.02750074578765205
-0.11472953040991497,0.5502525247775009
0.007796602698859325,0.09826525947795936
0.44478724803972347,-0.034852712179332085
-0.22013803676468488,0.025131195591664414
-0.21963196414947742,0.00834089369365755
-0.21895706901382397,-0.014046351431730343
-0.2179448214678121,-0.0476270943289939
-0.2030714979816812,0.02807847803348295
-0.20256542450047668,0.011288176285028142
-0.20189053096531237,-0.011099069116753934
-0.2008782805502227,-0.044679811518546074
-0.22013803676468488,0.025131195591664414
-0.21963196414947742,0.00834089369365755
-0.2030714979816812,0.02807847803348295
-0.20256542450047668,0.011288176285028142
-0.05682374180287281,-0.6890453192385907
-0.05682374180287281,-0.6890453192385907
-0.05682374180287281,-0.6890453192385907
1.8157898526030278,-0.07728755037362982
1.8155879903951753,-0.0774885767649805
1.815386128187324,-0.07768960315633118
1.814275886044139,-0.07879524830876017
1.8136702994205833,-0.07939832748281227
1.8130647131820494,-0.08000140627343696
1.8112479529263608,-0.08181064417902077
-0.45474365210797235,1.1120712345803316
-0.3161849475871354,-0.2737190030304553
0.6686669029925909,0.3931289972155462
0.6663395165784586,0.3933076758486502
0.6648136242620426,0.39342481704172105
-0.30974804562468683,0.20666099474943406
0.3566870692099461,1.111426232916856
0.009962699177768727,0.03880111069794199
1.1537397399885487,-0.19416170404845465
-0.37415094355697587,0.1699016332150084
-0.28313530093343414,-0.1599953907338086
-0.36000690098436083,0.18598605390302264
-0.09815929787908428,0.34524405195737706
-0.09876488450263986,0.34464097278332506
-0.09997605774975105,0.3434348144352207
-0.10058164437330662,0.3428317352611685
-0.3585172512883522,0.23621421747981786
-0.3155461954701665,0.2594956726041606
0.012590074085764992,0.4879099041976056
-0.19141913180175824,-0.04825657136905107
-0.19626382479020288,-0.053081204761468145
-0.20110851777864752,-0.05790583815388512
-0.20110851777864752,-0.05790583815388512
-0.10790578536166051,0.06362839126570563
-0.20110851777864752,-0.05790583815388512
-0.297893132728325,-0.1610775476640118
-0.297893132728325,-0.1610775476640118
-0.297893132728325,-0.1610775476640118
-0.30878847118012953,-0.36023965568530936
0.012255224943315327,-0.3460053555669252
-0.395308328924712,0.13963852587440517
-0.3952776391822353,0.1283903734684103
-0.3951354085085123,0.11716206118330025
-0.395308328924712,0.13963852587440517
-0.3952776391822353,0.1283903734684103
-0.3951354085085123,0.11716206118330025
14.49119818547427,16.586655612116065
-0.40573102384692483,0.6990564953576847
-0.4047043379448902,0.36255058245817845
-0.40427655215237585,0.22233978541671762
-0.22148162436708976,-0.2547567768813977
-0.2229695408327564,-0.23522359538712068
0.4154983610226127,1.7253568954319272
-0.22189296392126484,0.6588083921520378
0.4615970852061693,1.5827683320974084
-0.24065788933960172,0.35737045309774795
-0.2978088256130355,0.20323730304466125
-0.29834869903690264,0.22114702465060693
-0.2981462398692661,0.21443088530349996
-0.2978088256130355,0.20323730304466125
-0.29713398152543724,0.18085014963401744
-0.29625671659964736,0.15174676371073217
-0.29510948582492286,0.11368865946421766
-0.28595214259737767,-0.19872538449281965
-0.3128255663835545,0.15377905964392524
-0.3293944274069368,0.1558113569557257
-0.33602196944351165,0.15662427558940653
-0.3409926292491231,0.15723396496676098
-0.33094654688632125,0.20730189757338904
-0.32824720563965143,0.11775325381404225
-0.3221737134860291,-0.08373122061388294
-0.2714275338496603,0.7784078747450869
-0.3630689200609136,0.34221975881876304
-0.36327078226876547,0.3420187324274123
-0.3635735755805433,0.3417171928403862
-0.36377543778839505,0.34151616644903543
-0.36407823110017284,0.34121462686200954
-0.36811547525721,0.33719409903499536
-0.37316202891342026,0.3321684407849371
-0.3751806525320253,0.33015817533772046
-0.350458053178763,0.5146514448042987
-0.32173218071126547,-0.3201338139404448
52.55374259999024,34.9442602908018
52.551320253496016,34.941847974105585
52.54889790700178,34.93943565740938
52.54647556050757,34.93702334071318
52.544053214013346,34.93461102401697
52.54163086751912,34.93219870732075
52.540419694271996,34.930992548972654
52.5392085210249,34.92978639062457
52.53678617453067,34.92737407392835
-0.33707197280416556,0.12549588193198247
-0.3120129149564504,0.21939518136833175
-0.2724727188652698,0.1289270715845936
0.028444019172018293,0.1812212549833545
-0.14610011506635553,0.1510785957890085
-0.02969162048234042,0.5636598552946238
-0.32591205434051207,0.3314238248975231
-0.3269322833736324,0.32876091444986494
-0.32880406312106075,0.31783830743598473
-0.3296173973968884,0.29005758176245894
-0.06446815051623629,-0.07932615140553685
-0.205576843323456,-0.8841895968372988
-0.19137426604067703,-1.1622909360082243
-0.17714607357763923,-1.4404905491458657
-0.14704625326842924,-1.1717133397365922
-0.13271713557587278,-1.4498124406905548
-0.11936995063048866,-1.4475490084752578
-0.09465769016361499,-1.4584941800852866
-0.08299645123403533,-0.8953526765210392
-0.06866770416986974,-1.1733283731584137
0.17182421208473686,-0.07378414450064144
0.012123024490892687,-0.06486269878799716
0.012106168996970212,-0.06487948449124363
0.17182421208473686,-0.07378414450064144
0.1697046589022924,-0.07589492160982389
0.17061303883762574,-0.07499030284874571
0.17182421208473686,-0.07378414450064144
0.011904306789118354,-0.06508051088259435
0.011904306789118354,-0.06508051088259435
0.17182421208473686,-0.07378414450064144
0.011904306789118354,-0.06508051088259435
0.011904306789118354,-0.06508051088259435
0.010794064645933145,-0.06618615603502329
0.3229610067694382,-0.10447581495697736
0.3229610067694382,-0.10447581495697736
0.635127927495356,-0.14276547125435382
0.16687754640647945,-0.08533098680828911
0.010794064645933145,-0.06618615603502329
-0.145289385018232,-0.04704132919862373
-0.06724762274037145,-0.056613747209834114
-0.1452893743194383,-0.04704133051091245
-0.22333112054910834,-0.037468914468135224
-0.06724762274037145,-0.056613747209834114
-0.1452893743194383,-0.04704133051091245
-0.22333112054910834,-0.037468914468135224
-0.1452893743194383,-0.04704133051091245
-0.17650606853178885,-0.043212364618717136
-0.2077227734429331,-0.03938339741423293
-0.23893944090829933,-0.03555443480275937
-0.2753490185901427,0.6471489368670897
0.6637917884688292,1.3610480245369838
0.4735237758601058,-0.3650450816920676
-0.34588032162968635,1.0917293161954276
0.15287979269370713,-0.08346485076900621
0.15287979269370713,-0.08346485076900621
0.15287979269370713,-0.08346485076900621
0.15287979269370713,-0.08346485076900621
0.6581640717519333,-0.11896340652819817
0.6581640717519333,-0.11896340652819817
-0.322064064058519,0.11654659955693339
-0.29831313398017684,0.12064823375979065
0.694802782384954,1.9462203066317654
0.6903612489905335,1.9689898264692385
-0.26093535123850564,-0.6751835231809692
-0.29829970885484414,-0.21076073343328386
-0.22425252555794004,0.2792141193621976
0.40564184381160223,1.4986354665777173
0.4056085365369593,1.4986022972128392
0.4055742199582555,1.4985681227229553
0.40547328885432965,1.4984676095272795
0.40542282330236656,1.4984173529294422
0.4053723577504037,1.498367096331604
0.40532189224656834,1.4983168397816948
0.4052714266464779,1.4982665831359285
-0.2910635897556581,0.46096411202976845
-0.2939308655954906,0.4756632009067293
-0.10196949706616594,-0.36089238322252193
-0.10853001882135138,-0.36742574094142
-0.11095236454553047,-0.3698380568707736
-0.11317284806185769,-0.3720493464087768
-0.11579706292427755,-0.3746626956311744
-0.12518366636999403,-0.38401043356494996
-0.30733729616983696,0.12465638199501027
-0.3098605733829636,0.12214355248655374
-0.3116773336386519,0.12033431458096985
-0.313695954177084,0.11832405220117251
-0.23257082680360677,0.7603281257319935
-0.25177848444037965,0.684945273345741
-0.16225551208871408,0.7103965584128528
0.1803586997309253,-0.10498096086019557
-0.3458566551640892,0.24418607890565466
-0.3680896092475543,0.13227695130580852
-0.333247158122128,0.16941871535380235
-0.12732775833329263,-0.06214021918298112
-0.2085785256162955,-0.05660390131700528
-0.07494020217047671,-0.055895704449740465
-0.10624410705973036,0.4341680762340163
-0.22445033983607707,-0.20708179077242472
-0.22823702462989742,0.1575830063989833
-0.22955137782770535,-0.21267315699198908
-0.20558355452528806,0.17443358878741172
-0.19245693329243646,0.5221670920688615
-0.3145447903588469,0.6029516923678495
-0.30736280990172243,0.10031619074121548
-0.33833722634739183,-0.5146841602398622
0.1693623240997672,0.578989810133041
-0.05964941406697631,0.6636760067175791
0.08108185355319202,-0.6452541459490523
0.08108185355319202,-0.6452541459490523
-1.7694691726765166,-0.9068749631306262
-0.3358002843160152,0.1339946675380848
-0.3258979173425188,-0.3072746123181353
-0.3258979173425188,-0.3072746123181353
-0.35671632533521547,-0.28974591473797195
0.13368890172603778,1.3662031065743674
0.13348703951818588,1.3660020801830166
0.13328517731033404,1.3658010537916658
0.1326795906867784,1.3651979746176135
0.13146841743966728,1.363991816269509
0.11693433847433343,1.3495179160922584
0.39863286415351956,1.6931215306194711
0.3984310019456676,1.69292050422812
0.39822913973781576,1.6927194778367702
0.3976235531142602,1.692116398662717
0.39641237986714906,1.690910240314613
0.3818783009018151,1.6764363401373625
0.622820888383511,1.969562230585429
0.6226190261756591,1.9693612041940778
0.6224171639678071,1.969160177802728
0.6218115773442516,1.9685570986286758
0.6206004040971406,1.9673509402805718
0.6060663251318066,1.9528770401033202
0.7793375735810226,2.133901427720266
0.779135711373171,2.133700401328915
0.7789338491653188,2.1334993749375646
0.7783282625417633,2.1328962957635134
0.7771170892946524,2.131690137415408
0.7625830103293182,2.117216237238157
0.9240990907650566,2.1556420923500528
0.9238972285572054,2.155441065958702
0.923695366349353,2.155240039567351
0.9230897797257978,2.1546369603932995
0.9218786064786861,2.1534308020451944
0.9073445275133525,2.1389569018679437
0.13379063174244576,1.3628395001801752
0.13358876953459392,1.3626384737888242
0.13338690732674208,1.3624374473974736
0.13278132070318646,1.3618343682234213
0.1315701474560753,1.3606282098753166
0.11703606849074145,1.3461543096980664
0.3987335199199628,1.6897626962617416
0.398531657712111,1.6895616698703906
0.398329795504259,1.6893606434790396
0.3977242088807035,1.6887575643049881
0.39651303563359225,1.687551405956884
0.38197895666825843,1.673077505779633
0.5617237237701062,1.8466294256571878
0.5615218615622543,1.8464283992658366
0.5613199993544024,1.8462273728744858
0.5607144127308467,1.8456242937004337
0.5595032394837356,1.8444181353523286
0.5449691605184017,1.8299442351750785
0.7093494143358726,1.8721234412451115
0.7091475521280208,1.871922414853761
0.7089456899201688,1.8717213884624104
0.7083401032966133,1.8711183092883583
0.7071289300495022,1.8699121509402534
0.6925948510841682,1.8554382507630023
-0.29981909646691407,-0.15760563939075664
0.5275715406543767,-0.7765345460814561
-0.2000375198413395,0.24985641915508142
-0.23716114421549433,0.24463440808929912
-0.09132090594138424,0.4674846207419169
-0.12357245688749766,-0.18516050433216497
-0.3816294309478538,0.19126308773098408
-0.27457833968153694,-0.1726602885614667
-0.3354734387346204,0.04928703767706114
-0.31667503833940985,0.068007602733935
-0.308509343797138,0.0761394869740488
-0.26679206222351315,-0.10622766082605033
-0.1156915368099758,-0.564968223421786
-0.22382132656573367,-0.4415687024480039
-0.19423961742638576,-0.14344308556057378
-0.10912547599781597,-0.3852779477751278
-0.10922640710174188,-0.3853784609708031
-0.10942826930959376,-0.3855794873621537
-0.10973106233260532,-0.3858810266616094
-0.11003385593314934,-0.3861825665362058
-0.11124502918026047,-0.38738872488431025
-0.1136673756744828,-0.38980104158051876
-0.1849507583288897,-0.1804613582835678
-0.1849508053004295,-0.18046137649866553
-0.18495077499483692,-0.1804613800155815
-0.18495077499483692,-0.1804613800155815
-0.1849507583288897,-0.1804613582835678
-0.18495077499483692,-0.1804613800155815
-0.18495077499483692,-0.1804613800155815
-0.2291343855661839,-0.1750418990501765
-0.2236114494447075,-0.1757193531106551
-0.2180884799913365,-0.17639676370710636
-0.2015196382950128,-0.1784290824245149
-0.19599669112365734,-0.1791065142644226
-0.18495077499483692,-0.1804613800155815
-0.18732112669164322,-0.18087072464168047
-0.18495077499483692,-0.1804613800155815
-0.18021007024489774,-0.1796426905291546
-0.17783970052581755,-0.17923332393681304
-0.17546936549495853,-0.17882400104272772
-0.25414354996314786,-0.18791610882882584
-0.23107923048967086,-0.18543129010278145
-0.18495077499483692,-0.1804613800155815
-0.16188659262176192,-0.1779763700514845
-0.09269402888214989,-0.1705214048231518
-0.06962989313889377,-0.16803630689054094
-0.2788279598095322,0.4889712879399641
3.0680066789771727,-2.1820480236524826
0.057195299498607355,-0.30712930182156534
-0.3738242563887743,0.13681543597131898
-0.3762466028829966,0.13440311927511056
-0.3738242563887743,0.13681543597131898
-0.372613083141663,0.13802159431942335
-0.37200749651810755,0.1386246734934755
-0.37170470320632987,0.13892621308050154
-0.3738242563887743,0.13681543597131898
-0.372613083141663,0.13802159431942335
-0.37200749651810755,0.1386246734934755
-0.37170470320632987,0.13892621308050154
-0.3715533065504409,0.13907698287401454
-0.39422120636754826,0.0305428917786922
-0.2849507705618089,0.12647508115263353
0.3915195888964605,0.5787086524642772
-0.2303615880427034,-0.3852529404831289
-0.3180859416944422,-0.20947088009769696
-0.2910644178767484,-0.06169050032505004
-0.2692632994287476,-0.039979650059173304
-0.24166801972338123,-0.36570476780077754
-0.24009013114626399,-0.3642616678686558
-0.23848211081691284,-0.36279098770793017
-0.23684330910828635,-0.3612921668408061
-0.28642545602024283,-0.40644211300282346
-0.23475009982255066,-0.35937777782309827
-0.23260546510586452,-0.3574163149249604
-0.23129322222802906,-0.35621619590065057
-0.28540797509626936,-0.40551156230075047
-0.28437309169688907,-0.40456508581697204
-0.2837436042001403,-0.40398934076252385
-0.3146863379067069,-0.4516484991123072
-0.26212174921382836,-0.3845982141534278
-0.2095573716229485,-0.3175482044667226
-0.15587251117672318,-0.24754437543047092
-0.06043311975058966,-0.12309359386587589
-0.18365880668518994,-0.055976341892160414
0.6452740583985677,0.5553925722843507
-0.09700732770382778,0.39406660198499194
-0.10370126312321744,-0.045222066225030506
-0.08402193875974114,-0.03671671790260435
0.188189525594035,-0.869849367389566
-0.43581159889248106,0.1560850530347259
-0.34239549487491766,0.1389566293212063
0.3203650594661928,0.1785021836431279
-0.21730892722359518,0.3224414007542525
-0.15050582178425828,-0.3385476365739012
-0.2459865792465674,-0.13755506472616996
-0.16248325818603634,-0.40153380681089856
-0.08922501141719241,-0.5643990004259426
-0.2824479801759949,-0.17641591583873192
-0.26616187067916575,-0.21234616463003253
-0.14625906433140748,-0.5690675923726355
-0.12026015094638721,0.5898780467149707
-0.11925083952210629,0.5908831790551515
-0.11824152886786862,0.5918883106284779
-0.11723221782860936,0.5928934425852316
-0.11672756230897967,0.5933960085636082
-0.11622290678935002,0.5938985745419848
-0.13560167874312856,0.5746000409723168
-0.12348994627201694,0.5866616244533593
-0.12026015094638721,0.5898780467149707
-0.11824152886786862,0.5918883106284779
-0.11622290678935002,0.5938985745419848
0.20514026871493593,-0.08994622787501143
-0.29701769573957304,0.14743024899894153
-0.35351021243883823,0.13485977005742394
-0.010131571729535258,0.4071397234173993
-0.1183070722509282,0.05484103367250755
0.7631042887778315,0.33137220747658763
-0.05232363993079972,-0.058479894662099664
-0.052353919269196636,-0.058510048627991494
-0.05245485032499486,-0.05861056177573846
-0.05260624695681994,-0.058761331545287336
-0.05295950613339075,-0.05911312804168572
-0.05417067875484178,-0.06031928576672044
-0.054776265570908145,-0.06092236513248639
0.004782658610947304,-0.05719120371253968
0.2080060549354498,1.0233854588646372
-0.17565326928492442,0.020888932323922693
-0.27264600646329235,0.011560175070471074
-0.2920424598436543,0.00962726838588686
-0.304972330559632,0.008301350405687963
-0.32113213232519766,0.006560001194460235
-0.2920424598436543,0.00962726838588686
-0.3405139909326982,0.004142039451114084
-0.3566243776870954,0.0007589549210185406
-0.3645389548501392,-0.005596575879759601
-0.2998005558000249,0.008836690313173036
-0.33082535460833346,0.005425638076101673
-0.3449150891580778,0.0034616573331476357
0.30301988876602814,-0.5964926450904731
0.006579869254426798,-0.3485789066934818
-0.09222869841895445,-0.2660904699560012
-0.14162965050418455,-0.22495815166728747
1.1330647649145968,-1.2911455733224768
-0.05270587268021825,-0.2990635189159372
-0.20090087713178667,-0.17592772835685477
-0.25025256399435186,-0.13643695219325858
-0.2747877377155853,-0.12135562164495887
-0.07641980766106624,-0.27927464755403625
-0.17126762983270938,-0.20036822012511443
0.018342198079032115,0.03921062661934321
-0.17565326928492442,0.020888932323922693
-0.2403161787123384,0.014707076715520332
-0.2528097197585627,0.1852693383712716
-0.24043778044707337,-0.22516199084747482
-0.2505602654003915,0.11064545742256218
-0.2689735469775824,0.2313252290364536
-0.39507439142081574,0.16475808792133398
-0.36753707181682316,0.22634136698457713
1.0232465034214242,0.014844033068509772
0.8950124328938349,-0.07398293337105116
-0.28105162007697604,-0.09667287011508632
-0.2805075292351126,-0.20864048135690433
-0.28013455271025506,-0.264523773782138
-0.27976157618539754,-0.32040706620737164
0.01732105940157445,1.0221971517652897
-0.07215393192506239,0.9055238113898583
0.06212509056820565,0.07232444255295742
-0.29749501614013374,-0.3826703789401197
-0.18696138894112566,0.7737355910519673
0.12730453263656444,0.5334173358347185
2.451028290036685,2.6731440516105884
-0.011101783581352822,-0.060558494731510724
-0.09507720566515375,-0.06171423486766256
-0.02148463318601351,0.4782026782260713
-0.08156440981071014,0.47184011343090587
-0.3009019967461819,0.09395175318591066
-0.11407109816507849,-0.39020309244608303
-0.20382166950556002,0.21933811435033457
-0.30449444310962903,0.11309489336256368
-0.2612063705790004,0.2263153740603369
1.6921855129875631,0.03435809269786744
-0.05153564930817614,0.7545471204250115
-0.20675298530799172,-0.07443918852531539
-0.28297448361633093,0.008167211764813961
-0.28297448361633093,0.008167211764813961
-0.28297448361633093,0.008167211764813961
-0.27586342513509554,0.009395246228683173
-0.29993090907588715,-0.008719005108645735
-0.24983676442283648,0.0041026174911884174
-0.28297448361633093,0.008167211764813961
-0.28297448361633093,0.008167211764813961
0.4100394001632374,1.6460891636782085
-0.24541666402118226,0.5418985083578447
-0.12475064908943197,0.24485882234700293
-0.2633100124319381,0.327187353925531
0.7565615255989833,2.2928490249160784
-0.28671313268539234,-0.35019306261499855
0.8165631036302173,-1.0029404326232645
-0.288247396793136,0.3330258067254042
-0.32661371949689305,0.23556968897367755
-0.32762595486931967,0.2691504570055073
-0.32830280556863356,0.2916046508109564
-0.2682079982044152,0.26760766512941353
-0.19014895711249252,-0.38011946262715557
-0.1873045339912637,-0.37962824888845353
-0.1450161554434819,-0.4215597834784741
-0.13135746877331536,-0.4192010153701231
-0.1450161554434819,-0.4215597834784741
-0.15908425432213316,-0.40761037437289593
-0.30753330567397946,0.2886155151989777
-0.31343810331114474,0.48450319529850905
-0.1810406246138469,-0.6131010451715857
-0.15681715967162374,-0.5889778782095004
-0.16546783162336598,-0.5179585368140115
-0.18925004074933802,0.5165285756867954
-0.2380199269854399,0.2490963794183606
-0.16253042485521443,0.06369095918182827
-0.161686754808429,0.035707200614605326
-0.16084326430354925,0.007723150046378046
-0.1599997550837594,-0.02026071023412904
-0.22573909934217706,-0.03750335088917328
-0.054177296743766916,0.6330421409771674
-0.17472694888433785,-0.5598967719157675
0.8432858860277929,-0.93892318117316
0.9014672674980674,-0.9288756275228056
0.9336615917941582,-0.9500085317795055
0.9918428666452082,-0.9399608847978764
0.5566854372665496,-0.3787048886035124
-0.2308338536274118,-0.028733003744282153
-0.2207112913345912,-0.36454044214685555
0.5518186285218372,1.792058228635127
0.5514149041061334,1.7916561758524256
0.5510111796904298,1.7912541230697245
0.5506074552747261,1.790852070287023
0.5502037308590222,1.790450017504322
-0.01458816777145978,-0.06940634954638586
-0.27577942261600874,-0.17259758161949765
-0.28923497561984635,0.22536153665921357
-0.22257987897094797,-0.17145586154978068
-0.27577942261600874,-0.17259758161949765
-0.28923497561984635,0.22536153665921357
-0.22257987897094797,-0.17145586154978068
-0.27577942261600874,-0.17259758161949765
-0.28923497561984635,0.22536153665921357
-0.22257987897094797,-0.17145586154978068
-0.27577942261600874,-0.17259758161949765
-0.28923497561984635,0.22536153665921357
-0.22257987897094797,-0.17145586154978068
-0.27577942261600874,-0.17259758161949765
-0.28923497561984635,0.22536153665921357
-0.22257987897094797,-0.17145586154978068
-0.27577942261600874,-0.17259758161949765
-0.28923497561984635,0.22536153665921357
-0.24195865092472646,-0.1907543951194488
-0.27577942261600874,-0.17259758161949765
-0.28923497561984635,0.22536153665921357
-0.22257987897094797,-0.17145586154978068
-0.2903134961560361,-0.18707148085983294
-0.28923497561984635,0.22536153665921357
-0.22257987897094797,-0.17145586154978068
-0.27577942261600874,-0.17259758161949765
-0.28923497561984635,0.22536153665921357
-0.22257987897094797,-0.17145586154978068
-0.21791389284515406,-0.1656845117670026
-0.21915655451110602,-0.16553208812713616
-0.2203992250616182,-0.1653796667945375
-0.22164188280193572,-0.1652272436361801
-0.22288455937852622,-0.1650748198659235
-0.21915655451110602,-0.16553208812713616
-0.2203992250616182,-0.1653796667945375
-0.22164188280193572,-0.1652272436361801
-0.22288455937852622,-0.1650748198659235
-0.22909787299696344,-0.16431271492752417
0.6348872905900805,0.48553999930411706
0.6334666960094766,0.485649064064196
0.6316320479879362,0.4857899141401654
0.6348872905900805,0.48553999930411706
0.6334666960094766,0.485649064064196
0.6316320479879362,0.4857899141401654
-0.2758229592004161,-0.1677240960627825
-0.21331775846840104,-0.2188582068807768
-0.2535749576666048,-0.33657023006289843
-0.23588547966301782,-0.5093212746260835
-0.3319892419053268,0.059950070965211884
-0.2100363461250424,0.23193566634136611
-0.26594653039678146,0.26759474961385454
-0.26370716481270823,-0.31661110453613667
-0.030887143852609853,0.4456428808292531
-0.03108900606046171,0.4454418544379022
-0.03129086826831355,0.4452408280465516
-0.031492730476165444,0.4450398016552008
-0.03169459268401726,0.4448387752638503
-0.032098317099721003,0.4444367224811486
-0.03270390372327658,0.4438336433070967
-0.03330949034683217,0.44323056413304435
0.044118149011190974,0.525767901977392
0.04125264902311072,0.5404578869507878
0.038387107122004244,0.5551478970429614
0.03552160502030762,0.5698378928518111
0.03265613590747902,0.5845279092915775
-0.030443990358751928,0.42854057915964855
-0.03330949034683217,0.44323056413304435
-0.036174996440915375,0.45792058040886285
-0.039040498542611976,0.4726105762177123
-0.04190600346246385,0.48730058647383406
-0.10500627553097028,0.3313131067269701
-0.1078717397120272,0.34600309788401035
-0.11073724580611041,0.3606931141598287
-0.11360274790780706,0.37538310996867846
-0.11646828863468214,0.3900731140411555
-0.17956836687219524,0.23408580602968138
-0.18243390266729864,0.2487757848194324
-0.1852993729543586,0.2634658072788954
-0.18816487505605525,0.27815580308774507
-0.19103037997590708,0.2928458133438667
-0.14607406891847452,-0.5967428396009394
-0.14213280819220295,-0.4302053682064239
-0.21158518876233454,-0.5931994046127704
1.0456276506392461,0.5135420462789855
-0.2297655508235276,1.0991541504464506
-0.11460481948346918,0.3836093603028252
-0.2815544058427027,-0.44236327402217407
-0.19797456990811393,-0.5088483536823041
-0.19758711091216516,-0.33127209389919676
-0.18513314980704215,-0.43137914805132277
-0.1972448822781537,-0.4434407315323656
-0.20043153403339406,-0.3317633076378986
-0.19966151960686818,-0.5841427423125282
-0.19600891767195594,-0.32501757128797504
-0.2167199918592709,-0.32247719990481355
-0.19758711091216516,-0.33127209389919676
-0.18513314980704215,-0.43137914805132277
-0.1972448822781537,-0.4434407315323656
-0.19216435961711925,-0.32235964772241543
-0.19182213098310766,-0.43452828535558424
-0.1913087880320904,-0.6027812418053373
-0.21057788580222597,0.09968917127868264
-0.19812392469710297,-0.00041788287344353897
-0.2199250431451038,-0.022128733139320202
-0.2202672717791153,0.09003990449384852
-0.2199250431451038,-0.022128733139320202
-0.2178449252848929,0.09245222119005703
-0.20054627119132526,-0.002830199569652072
-0.21750269665088146,-0.019716416443111714
-0.2181820131344309,0.10363731726464709
-0.1984610125466409,0.010767213201146568
-0.2178397845004194,-0.008531320368521583
-0.2176092616648044,0.08463296897926495
-0.21732831433699235,0.07531424763017171
-0.21048335137606328,0.08447230069448312
-0.2170011204208156,0.06445990747826003
-0.21057788580222597,0.09968917127868264
-0.19812392469710297,-0.00041788287344353897
-0.21023565716821452,-0.01247946635448617
-0.20452846429097446,-0.003517898929888727
0.16868278056645827,-0.9412482027498406
0.15172635510690205,-0.9581344196233001
0.16911056635897273,-1.0814589997913011
-0.11807349183835593,-0.5374551844501064
-0.13502991729791217,-0.5543414013235659
-0.11764570604584153,-0.6776659814915673
-0.12148816545561715,-0.5380448768138982
-0.12106037966310271,-0.678255673855359
-0.18997784279548677,-0.4362037814437399
-0.18955005700297237,-0.576414578485201
-0.19758711091216516,-0.33127209389919676
-0.18997784279548677,-0.4362037814437399
-0.206934268255043,-0.4530899983171996
-0.1281051064492567,-0.4349358136017718
-0.20000945740638754,-0.3336844105954054
-0.19758711091216516,-0.33127209389919676
-0.20285388052761635,-0.3341756243341072
-0.19116881179595446,-0.3221877229607157
-0.19082658316194295,-0.4343563605938843
-0.19216435961711925,-0.32235964772241543
-0.19182213098310766,-0.43452828535558424
-0.12248049257865601,-0.5362222524814815
-0.14958806819480056,-0.05476649744826475
0.008169855943858962,-0.06879949912258251
-0.3715660723164465,0.5206121333444315
0.0356952132084222,0.682192638449222
-0.24180966512157148,0.022434487194257884
-0.3163543444426752,0.44532297077685423
-0.2019900804387909,0.4089426269160742
-0.20312976286287104,0.4558052707762143
-0.20514837878104394,0.4537950129975458
-0.19808320766657456,0.4608309305599819
-0.19909251870583386,0.45982579860322836
-0.2344676720381178,0.4579557140064857
-0.2359816401370932,0.45644801453764583
-0.22689784540401883,0.46549419754729876
-0.22891646748253738,0.46348393363379153
-0.30512890479564647,0.18793751717685364
-0.39376028883721587,0.17911047441286165
-0.3449833153542005,-0.4063236662613658
-0.337526009420886,-0.4042680907874736
-0.2915437284982121,-0.033745962694047574
-0.20655336378940103,0.8540844333379009
-0.20621113515538947,0.741915795704732
-0.14003523663637343,0.8980807586475327
-0.1402370988442254,0.8978797322561821
-0.14043896105207723,0.8976787058648317
-0.14064082325992905,0.8974776794734807
-0.1408426854677809,0.8972766530821302
-0.14098305189394056,1.0096463171066492
-0.14081193757693483,0.9535619982900654
-0.1404697089429233,0.8413933606568964
-0.14029859462591748,0.7853090418403119
-0.24005705161667015,0.7678411935914802
-0.19034894669715927,0.8326594244591397
-0.09093269056383911,0.9622959465611631
-0.04122465045634621,1.0271140929154345
-0.140254024570884,0.8984393405203879
-0.14045588677873586,0.8982383141290374
-0.14065774898658767,0.8980372877376862
-0.1408596111944396,0.897836261346336
-0.14026515480997237,0.8988125883601878
-0.14046701701782424,0.8986115619688368
-0.14066887922567606,0.8984105355774864
-0.14087074143352793,0.8982095091861358
-0.2949179212203095,1.0900943618735404
-0.2836984123017488,1.0960157846988452
-0.037535236242575584,1.0060003737946817
1.94232481538746,3.338266625339652
1.94232481538746,3.338266625339652
1.94232481538746,3.338266625339652
1.94232481538746,3.338266625339652
1.94232481538746,3.338266625339652
0.3040646387938055,1.361160207695108
0.03668378937802676,1.0013635613685825
0.03668378937802676,1.0013635613685825
-0.18572576164216759,0.30239915252764193
-0.19635185625992405,0.295139985610088
-0.20128134631872174,0.2916344562285271
-0.22456757364364272,0.2711463390572156
-0.2346840024113303,0.2470149863981801
-0.23707190110462836,0.21563304579499942
-0.23689005763702745,0.1558960571607397
-0.23413057002465182,0.03788507870479467
-0.22846184295016328,-0.17638601840516208
-0.22846184295016328,-0.17638601840516208
-0.3415896647936217,-0.3282168148351845
-0.14943453633704123,0.14424300887488659
0.5614415589644735,1.6309866894035854
0.7541196247071238,1.993469831970882
0.229039492063037,0.5592303793575546
0.22702086844443212,0.5572201139103379
0.237113978837025,0.5672714334778733
0.7916952724818793,1.906413839242639
0.16720564686038808,0.5854060208617975
-0.0896575524572975,0.8933542245674688
-0.09192827865620969,1.1723665235264562
-0.3359769471971903,0.4427718969950031
-0.07360329601600803,0.05621590366048937
-0.1531703251821547,0.424654871443865
-0.1531703251821547,0.424654871443865
-0.1531703251821547,0.424654871443865
-0.15337218700498503,0.42445384543594156
-0.15337218700498503,0.42445384543594156
-0.15337218700498503,0.42445384543594156
-0.1531703251821547,0.424654871443865
-0.1531703251821547,0.424654871443865
-0.15082484841504767,0.2863538251202359
-0.15082484841504767,0.2863538251202359
-0.1496136751679365,0.2875599834683401
-0.1496136751679365,0.2875599834683401
-0.15082484841504767,0.2863538251202359
-0.15405464335565586,0.28313740324205183
-0.15304533231639653,0.2841425351988054
-0.15526581544770213,0.2819312460442298
-0.15082484841504767,0.2863538251202359
-0.3170433468346148,0.08860586666195047
-0.29627909821228043,0.09414917403816343
-0.28965155235194523,0.09333625493546917
-0.33070310846562667,0.10933285781981675
-0.29712267333494935,0.1221330771686009
-0.3298595903042751,0.08134886575741648
-0.2861183684391454,0.08848836228389464
-0.32451448077255846,0.11740268665784673
-0.31660450110193616,0.07972302786092061
-0.32409270930659784,0.10341078112165229
-0.28386758665652767,0.12050723958168276
-0.31041580349261116,0.08779294786814883
-0.3033113010280177,0.1140632483305709
-0.3108376165008329,0.1017849427831687
-0.30712450105777767,0.10058789588207082
-0.28302400900994157,0.09252333614166752
-0.29005621434959605,0.11243741074365277
-0.31041580349261116,0.08779294786814883
-0.3236708926949501,0.08941878576464471
-0.29756348926111975,0.11814204234517887
-0.3174480217872051,0.10770702023289862
-0.30712450105777767,0.10058789588207082
-0.2834458198015877,0.10651533143947597
-0.31081857564317417,0.11976788215682198
-0.31660450110193616,0.07972302786092061
-0.3154677257995314,0.31917041980174715
-0.30993857554306387,0.0996577779278268
-0.358505494700756,0.21035367503241045
-0.26863076725244867,0.3069630083303956
0.315656946834613,-0.03956302678004615
0.004782658610947304,-0.05719120371253968
1.4749445231345744,-0.23606712086976459
0.315656946834613,-0.03956302678004615
0.044993210111727445,-0.12255300533854831
0.18089179633241606,0.030106212158644913
0.18043760646100473,0.029653902873962683
0.1795292262369052,0.02874928382531392
0.1777124663662385,0.026940046303157553
0.17589570611055017,0.025130808397573718
-0.3018058280047418,0.17392802875920033
-0.31683812570953096,0.1738183298614663
-0.31683812570953096,0.1738183298614663
-0.2946478744810791,0.18326183628994433
-0.31506091765730143,0.17555386671091924
-0.3283160048409087,0.17717970435980224
-0.3216828186979756,0.16899369646904927
-0.3216828186979756,0.16899369646904927
-0.29949256746952385,0.1784372028975272
-0.18912368559301004,0.12812245813757137
-0.18735663897502047,0.12123501028383785
-0.15847515836494383,0.1515317200582843
-0.15973609748071516,0.14162880927784385
-0.18695092787210668,0.13121636791249316
-0.18518387772868047,0.12432892098027777
-0.15345797665947197,0.15511684372100112
-0.1547189125685973,0.14521393380702582
-0.19769865280100188,0.14611643011152012
-0.2529281637412158,0.15289075131908236
-0.21274981231836892,0.6293239280695079
-0.13338053251824758,0.7273814887018043
-0.05401126231701582,0.8254390333097528
-0.13952448690717703,0.726320466949001
-0.12621258624792367,0.7286193473241668
-0.13338053251824758,0.7273814887018043
-0.13338053251824758,0.7273814887018043
-0.13338053251824758,0.7273814887018043
-0.2815177150014065,-0.3322498838973053
-0.2815177150014065,-0.3322498838973053
-0.2815177150014065,-0.3322498838973053
-0.3014483808817123,0.18009414373529284
0.31862863522791374,0.10403696327065821
-0.2361771053292737,0.1720881234267268
-0.07265672525994378,0.03990443961515349
0.4962117641166945,1.1434194048917723
0.4962117641166945,1.1434194048917723
0.4962117641166945,1.1434194048917723
0.4962117641166945,1.1434194048917723
0.4962117641166945,1.1434194048917723
0.4962117641166945,1.1434194048917723
0.4962117641166945,1.1434194048917723
0.4962117641166945,1.1434194048917723
0.4796429069664546,1.145451701728502
0.46074071041294395,1.0855323954261942
0.5051005890952289,1.1449544482957528
0.4962117641166945,1.1434194048917723
0.5163843795301881,1.2176506251013683
0.519145852335101,1.2173119093773295
0.519145852335101,1.2173119093773295
0.519145852335101,1.2173119093773295
0.519145852335101,1.2173119093773295
0.5163843795301881,1.2176506251013683
0.519145852335101,1.2173119093773295
0.5429844212126832,1.249560216980513
-0.20378878866116723,0.7443281124009405
-0.20621113515538947,0.741915795704732
-0.20863348164961187,0.7395034790085239
0.1290110268983031,0.6708416749154659
0.12803639515488266,0.6709612209403466
0.13973205471932296,0.6695266589955637
0.1524023639633968,0.6679725488258861
0.16409803318579808,0.6665379856964804
0.1767683175951153,0.6649838785729753
0.16409803318579808,0.6665379856964804
0.16409803318579808,0.6665379856964804
0.16409803318579808,0.6665379856964804
0.10951825819815171,0.6732326118285683
0.05813465392899328,-0.016644274402852134
0.08575911835521491,-0.04192497548951106
0.34806687445633605,0.3326559108529984
0.37609538884146887,0.33749625659432836
0.11167851946287635,-0.006269042609084133
0.10889971542438688,-0.006748924350544542
0.10671594724312324,-0.008455375793109631
0.10743941309798731,-0.010490596827449048
0.1039675068159613,-0.011588671132585448
0.029988012878819897,-0.0818090987570563
0.029988012878819897,-0.0818090987570563
0.029988012878819897,-0.0818090987570563
0.08625802875709768,0.04830449448584876
0.056434355545498305,0.02198623928364124
0.06297997305844544,-0.07369698854109752
0.05687947591307241,-0.07524900373001649
0.1178688701006136,-0.02611972589504976
0.11014494166446916,-0.03459047380992493
0.10168112389500616,-0.03302832001705182
0.10895104554189297,-0.023572850749455136
0.10902375825494975,-0.024058791635567126
0.10841640102004209,-0.03488898175907996
0.10889775591850989,-0.034805854836944414
-0.2870069473196161,-0.04473560491873437
-0.28730974063139386,-0.04503714450576046
-0.28811718946280135,-0.045841250071163304
-0.28932836270991247,-0.047047408419267564
-0.2896705913439239,0.06512122921390114
-0.28949947702691825,0.009036910397316796
-0.28932836270991247,-0.047047408419267564
-0.288986134075901,-0.15921604605243628
-0.288986134075901,-0.15921604605243628
-0.288986134075901,-0.15921604605243628
-0.288986134075901,-0.15921604605243628
-0.288986134075901,-0.15921604605243628
-0.32212385326939547,-0.1551514517788107
-0.288986134075901,-0.15921604605243628
-0.2392795491132782,-0.16531293821996426
-0.18957297896437006,-0.171409828570477
-0.05079564479877307,0.1662357479715962
0.012055703445007256,-0.06492974108908132
0.012055703445007256,-0.06492974108908132
0.011904306789118354,-0.06508051088259435
0.011601513477340564,-0.06538205046962037
0.010794064645933145,-0.06618615603502329
0.00978475360667383,-0.06719128799177677
-0.3382711391020401,0.3003293992258498
-0.335243205214219,0.30334479586296526
-0.33463761859066343,0.30394787503701726
-0.3310040996193732,0.30756634931447535
-0.34277815745382534,0.28430280134450486
-0.339144637712492,0.2879212763888176
-0.33793346446538075,0.28912743473692193
-0.33308877147693616,0.29395206812933894
-0.37481628172245457,0.27320185001655817
-0.37481628172245457,0.27320185001655817
-0.37481628172245457,0.27320185001655817
-0.3489779160372435,0.2989332311768684
-0.37447860581882747,0.26199988537222707
-0.35106258662783885,0.2853189498363288
-0.3217322386029751,0.2579050215303936
-0.3265769315914199,0.2530803881379765
-0.2753221632192687,0.23700949953349099
-0.2808651528386144,0.21396445355648605
-0.2995850960407651,0.3596084993302496
-0.2623040292558921,0.40822215695745956
-0.262909615494426,0.4076190781668351
-0.2910988033919323,0.35879337707437325
-0.25381773660705903,0.4074070347015833
-0.2612866382975779,0.39996905822160694
-0.254221460830252,0.40700498211059544
-0.2612866382975779,0.39996905822160694
-0.27452994382678597,0.3567610799414365
-0.29389145429617525,0.3617684513638104
-0.3310040996193732,0.30756634931447535
-0.2985677050824511,0.3513554005943971
-0.25886429180335563,0.4023813749178155
-0.298130559891021,0.35754689791230043
-0.25765311855624445,0.40358753326591984
-0.25886429180335563,0.4023813749178155
-0.20020493425692582,0.1824813002831949
-0.2026272807511481,0.18006898358698648
-0.20504962724537046,0.1776566668907779
-0.20747197373959275,0.17524435019456935
-0.22772025610556695,0.14510921513268063
-0.23014260259978928,0.1426968984364721
-0.23256494909401162,0.14028458174026356
-0.2349872955882339,0.137872265044055
-0.1751557383314271,0.2121594076151477
-0.1775780848256494,0.20974709091893914
-0.18000043131987173,0.20733477422273078
-0.18484512430831634,0.2025101408303137
-0.3984770949415531,0.39474682565365166
-0.37391140136531836,0.3067013549825681
-0.3735691727313069,0.19453271734939942
-0.3732269440972954,0.08236407971623062
-0.37288471546328383,-0.029804557916938028
-0.3626686135073066,0.20538814248233772
-0.3638797867544176,0.2041819841342335
-0.36630213324864,0.20176966743802494
-0.3687244797428623,0.19935735074181646
-0.3735691727313069,0.19453271734939942
-0.3808362122139739,0.18729576726077385
-0.38568090520241843,0.18247113386835673
-0.3735691727313069,0.19453271734939942
-0.3735691727313069,0.19453271734939942
-0.3735691727313069,0.19453271734939942
-0.3735691727313069,0.19453271734939942
-0.3735691727313069,0.19453271734939942
-0.3735691727313069,0.19453271734939942
-0.3735691727313069,0.19453271734939942
-0.3735691727313069,0.19453271734939942
-0.3735691727313069,0.19453271734939942
-0.3809331097310983,0.1954359604478734
-0.3794419085719563,0.19525305324002115
-0.37728796142363985,0.1949888551763699
-0.37364281446038883,0.1945417500697438
-0.36635251515705713,0.19364753919698233
-0.3617132339463339,0.19307849418964296
2.727845982285282,-1.940002562465627
2.6965573279517643,-1.9454059135913482
1.8987687312001769,-0.9164366179006878
1.8966294433309825,-1.4729871326752841
1.6358553371653328,-1.326472325086934
1.5384676627693248,-1.2430270266695582
1.4993568177258956,-1.2497812202612884
3.351842394007385,-2.290592256908715
4.415458040906891,-2.888180123836152
7.485385417369865,-4.727919694764194
7.485385417369865,-4.727919694764194
1.6185357753168113,-1.8039371957277859
2.727845982285282,-1.940002562465627
-0.13072079962986244,-0.23066770872420053
-0.08681033381611916,-0.09776879495547618
-0.18374114836429156,-0.22416435812866836
-0.1861634948585139,-0.22657667482487692
-0.20554226681229246,-0.24587520839454508
-0.20554226681229246,-0.24587520839454508
0.12390216207971895,0.5700375271320143
0.07419577167422017,0.5761346247440533
0.04934247824581328,0.5791830709439857
-0.23396437848693824,0.06892140333954357
-0.23396437848693824,0.06892140333954357
-0.23396437848693824,0.06892140333954357
-0.2671020959642097,0.07298599740266128
-0.23295506744767894,0.06992653529629707
-0.23295506744767894,0.06992653529629707
-0.23295506744767894,0.06992653529629707
-0.24123949428632066,0.07094268350166985
-0.2495239249209766,0.07195883217265256
-0.25780835365762544,0.07297498061083035
-0.24123949428632066,0.07094268350166985
-0.2495239249209766,0.07195883217265256
-0.25780835365762544,0.07297498061083035
-0.24063390766276502,0.07154576267572198
-0.24560456466498257,0.0721554472330667
-0.24229079454889904,0.07174899250304054
-0.2522321120696891,0.07296837100134193
-0.24560456452515284,0.07215545169206752
-0.2522321120696891,0.07296837100134193
-0.2522321120696891,0.07296837100134193
-0.24560456452515284,0.07215545169206752
-0.24560456452515284,0.07215545169206752
-0.21805299208738635,0.28927076940033003
-0.22030108674169985,0.28706286614856547
-0.21646570517753597,0.2908823672008016
-0.21689704621109165,0.29048370180713917
0.30036292041708984,0.12313246717006089
0.21032672773315556,0.5634517503386481
-0.037700362607657856,-0.365136881465659
0.2860192399670481,0.12065540500303469
0.3218806054464463,0.12634993596576707
0.300891669950996,-0.016988513910606202
1.351701877112669,-0.009836690355442306
1.3492795306184466,-0.012249007051650855
0.5195781728032408,0.04019188616092015
0.5171558263090186,0.03777956946471156
0.1035189970734047,0.06512136732677842
0.10109665057918236,0.06270905063056999
0.22401589194517357,-0.06593760378039454
-0.17309397462864096,-0.05267383809390604
1.162900555888873,-0.24965296004860277
0.17074222360118926,-0.12818020913378692
0.1602702442979215,-0.07112031984256253
1.1701675953715398,-0.24241600995997714
-0.17666969044566053,-0.08556748530150424
0.17074222360118926,-0.12818020913378692
0.37214029633379814,-0.1528832204776963
1.451715105530733,-0.15941901965625915
0.4831662482046039,-0.10678399658068831
0.14209832587332968,-0.0883219741040796
-0.05121300968717151,-0.07795745907797737
-0.13755692595821184,-0.0734146479168265
-0.321920628666887,0.16578455449700666
-0.32175192305826356,0.1601877632178937
-0.3213301578626447,0.14619585815131642
-0.32090838346592104,0.13220380876540944
-0.3200648357802527,0.10421988171177916
-0.31922129934599575,0.0762359007668326
-0.3158471358714033,-0.03569991623761408
-0.3124729735917384,-0.14763573325436077
-0.31922129934599575,0.0762359007668326
-0.31922129934599575,0.0762359007668326
-0.31922129934599575,0.0762359007668326
-0.31922129934599575,0.0762359007668326
-0.31922129934599575,0.0762359007668326
-0.31922129934599575,0.0762359007668326
-0.31922129934599575,0.0762359007668326
-0.31922129934599575,0.0762359007668326
-0.31922129934599575,0.0762359007668326
-0.3200648357802527,0.10421988171177916
-0.32090838346592104,0.13220380876540944
-0.31922129934599575,0.0762359007668326
-0.31922129934599575,0.0762359007668326
-0.31922129934599575,0.0762359007668326
-0.31922129934599575,0.0762359007668326
-0.22918512457681225,-0.043298679817305834
-0.23037217443931335,0.07354287875097736
-0.23021843498508274,0.35496960479065265
-0.23021843498508274,0.35496960479065265
-0.23021843498508274,0.35496960479065265
-0.19703658752432435,0.21578480270335026
-0.19703658752432435,0.21578480270335026
-0.04095311646257182,0.19663997324237334
-0.04095331309142519,0.1966399910592032
-0.04095331896883758,0.19663999004421148
-0.04095313786015926,0.19663997586695073
-0.04095311646257182,0.19663997324237334
-0.04095313198274394,0.19663997688194293
-0.04095313786015926,0.19663997586695073
-0.04095313786015926,0.19663997586695073
-0.04095311646257182,0.19663997324237334
-0.04095313198274394,0.19663997688194293
-0.04095313786015926,0.19663997586695073
-0.04095313786015926,0.19663997586695073
-0.04095313198274394,0.19663997688194293
-0.04095313198274394,0.19663997688194293
-0.2444115361786982,0.21790764440862884
-0.19703658752432435,0.21578480270335026
-0.10319981673284946,0.21147040912663367
0.009769645166789813,0.197613842075333
-0.3005471714961315,0.19583580292846564
-0.336005290183566,0.25843897359893186
-0.336005290183566,0.25843897359893186
-0.336005290183566,0.25843897359893186
-0.336005290183566,0.25843897359893186
-0.336005290183566,0.25843897359893186
-0.336005290183566,0.25843897359893186
-0.33617640450057173,0.3145232924155163
-0.3358341758665602,0.20235465478234757
-0.33472449813560384,0.25187299348485964
-0.3351464420371043,0.2540360887905445
-0.33558414755404575,0.25627998601385316
-0.336005290183566,0.25843897359893186
-0.3364441185047825,0.26068862687807554
-0.3370180152151987,0.2636307082207255
-0.3370175448217099,0.2920197243523044
-0.33634270504663355,0.2696325571173466
-0.3356678738645962,0.24724540451349253
-0.33516175126350645,0.2304550484174066
-0.3346556201652305,0.21366466834453243
-0.3797363984507189,0.2508868900044892
-0.35755395399265405,0.25471765674044716
-0.31699177387254185,0.2617224866470795
-0.29125029790946466,0.2661678754337048
-0.336005290183566,0.25843897359893186
-0.21667682644645467,0.12334112847838394
-0.21667682644645467,0.12334112847838394
-0.22152151943489928,0.11851649508596702
-0.22152151943489928,0.11851649508596702
-0.11726371544040498,0.11114735137021724
-0.22805451657541764,0.12137627393043432
-0.3229926233219298,0.4931422392905798
-0.2868362886661236,0.4380667224801682
-0.2507301015633047,0.38465513804884716
-0.2971532229671917,0.22319074474447625
-0.09018600759673674,0.49601311931979614
-0.0764311999856914,0.6517218715087395
-0.32245417260141807,-0.15454383152150553
0.5340711707191108,0.12780760567294375
0.9054833095542144,1.9423490386319717
0.9054833095542144,1.9423490386319717
0.9054833095542144,1.9423490386319717
0.9054833095542144,1.9423490386319717
0.9054833095542144,1.9423490386319717
0.9054833095542144,1.9423490386319717
0.9054833095542144,1.9423490386319717
0.9054833095542144,1.9423490386319717
0.9054833095542144,1.9423490386319717
-0.3063829822104181,0.06518975399320782
-0.1506709970980383,0.4764053331642958
-0.31538791091928425,-0.16879678805796364
0.10011216084728779,0.7362236299766488
0.6918594985491225,2.0843114526716624
-0.23512193441115345,0.11784026800423787
-0.2893632766303895,0.1049278828898282
-0.31635746773782575,0.0942740827662594
-0.3364554839442151,0.08138654377189698
-0.14615724765208063,-0.04153063951046394
0.6363895721718453,-0.14150905529341984
0.6359353822041788,-0.14196136467395884
0.6361624772602036,-0.14173520991179658
0.6363895721718453,-0.14150905529341984
0.6359353822041788,-0.14196136467395884
0.6361624655053731,-0.14173521194178101
0.6359353822041788,-0.14196136467395884
0.6361624772602036,-0.14173520991179658
0.635935370449348,-0.14196136670394324
0.635935370449348,-0.14196136670394324
0.635935370449348,-0.14196136670394324
0.6363895604170149,-0.1415090573234041
0.6363895604170149,-0.1415090573234041
0.635935370449348,-0.14196136670394324
0.6363895721718453,-0.14150905529341984
0.6359353822041788,-0.14196136467395884
0.6363895604170149,-0.1415090573234041
0.6363895721718453,-0.14150905529341984
0.6359353822041788,-0.14196136467395884
0.6361624772602036,-0.14173520991179658
0.6363895721718453,-0.14150905529341984
0.6361624772602036,-0.14173520991179658
0.635935370449348,-0.14196136670394324
0.6361624772602036,-0.14173520991179658
0.6363895604170149,-0.1415090573234041
0.39939026089477175,0.5890408353900813
0.3582103704929924,0.5480314515545365
0.35490722142692177,0.5474610187697216
0.39608711182870115,0.5884704026052666
0.35490722142692177,0.5474610187697216
0.39608711182870115,0.5884704026052666
0.35490722142692177,0.5474610187697216
0.35490722142692177,0.5474610187697216
0.35490722142692177,0.5474610187697216
0.39683956929554315,0.588600347212573
0.3556596788937638,0.5475909633770283
-0.11398602038515616,0.09541283524005145
-0.20444215569104632,-0.709936578854188
-0.3639998750413637,-0.5041427197160564
-0.13333157766032513,-0.6976562353866403
-0.20444215569104632,-0.709936578854188
-0.144280040827076,-0.7983074616585322
-0.03652718746715411,-0.9565833892538447
0.13647623398343492,-1.2107045206524816
0.8621162167353517,2.2222707877848924
0.8626295596863692,2.0540178313351394
0.8649202271858194,2.0000442896277373
0.888592396280887,2.0941577665657616
0.6032217420777573,1.880024976611493
0.012055703445007256,-0.06492974108908132
0.012055703445007256,-0.06492974108908132
0.012055703445007256,-0.06492974108908132
0.012055703445007256,-0.06492974108908132
0.012055703445007256,-0.06492974108908132
0.012055703445007256,-0.06492974108908132
0.012055703445007256,-0.06492974108908132
0.012055703445007256,-0.06492974108908132
0.012055703445007256,-0.06492974108908132
0.012055703445007256,-0.06492974108908132
0.012055703445007256,-0.06492974108908132
-0.30640716483774155,0.22973438384663009
-0.30615049336223293,0.1456079056217535
-0.30589382345332267,0.0614819408641513
-0.3046365268033439,0.14711560355688388
-0.30483838901119586,0.14691457716553313
-0.3051411823229736,0.1466130375785071
-0.30564583784260324,0.14611047160013024
-0.3066551488818626,0.14510533964337677
-0.3076644595361003,0.14410020807005056
-0.30615049336223293,0.1456079056217535
-0.30615049336223293,0.1456079056217535
-0.30615049336223293,0.1456079056217535
-0.30615049336223293,0.1456079056217535
-0.30615049336223293,0.1456079056217535
-0.26348414692042316,0.15297611163724184
-0.2643925268557566,0.15207149287616362
0.7214935448815397,2.024489638952914
0.826612331804517,2.143863949460431
0.683979936689376,1.9696506397310167
0.7778669583584864,2.0837107433336715
0.9010110794640894,2.2365650300763154
-0.3663627520298116,0.09595702691623689
-0.365474772162679,0.06221423570792692
-0.36351242815495965,-0.005028301830828235
-0.365474772162679,0.06221423570792692
-0.23963522190322722,-0.4375345275365275
-0.23862825418450898,-0.717805180670178
-0.23767174940675648,-0.998126946180457
-0.38691076657846774,0.2808342219180514
-0.3870621632343566,0.2806834521245382
-0.3871429081367483,0.2806030415488268
-0.3872135598902455,0.280532682331025
-0.38751635320202343,0.2802311427439992
0.5353659626515732,1.491735862167859
0.5347019203795449,1.7093819314378118
0.5345641893597686,1.7545245621611756
0.5356822253093965,1.3880778162397547
0.5354876389102439,1.451855329649623
0.530136104352126,1.5799711370290603
1.1938338927238792,2.250927549224516
1.2061142933836013,1.888351115451046
1.2239576838004913,1.8861624873777902
1.9739369941408371,-0.12313307974495996
1.2626313431769032,-0.24613779143375134
-0.026760450750014705,0.9645137304214085
-0.026332664957500296,0.8243029333799476
-0.0259048791649859,0.6840921363384869
-0.026810916301977683,0.9644634738235711
-0.02638313050946327,0.8242526767821102
-0.02595534471694887,0.6840418797406491
-0.3805345627500915,0.1642260602794453
0.8924457806610148,1.9280601916892834
0.8919411251413853,1.9275576257109064
0.8914364696217558,1.9270550597325293
0.8909318141021261,1.9265524937541523
0.8905280896864223,1.9261504409714507
0.8931105203160487,1.7599580050809716
0.8926563303002542,1.759505695652504
0.8910414326374396,1.7578974845216975
0.8934527489500602,1.647789367447802
0.8932004211421176,1.6475380844106855
0.8921911101028585,1.6465329524539318
0.8913836612714511,1.6457288468885294
0.10154064568767855,0.7779044821477167
0.08733334822848642,0.7748987974474499
-0.05424490660657202,0.7498036048846665
-0.13947754002460996,0.7317150037555451
-0.18113617164867127,0.6313741257666999
-0.17348716948210177,0.23078167353376708
-0.11102419501410579,0.58461306471432
-0.14500748169951386,0.7613001213206474
-0.14510841280343986,0.7611996081249718
-0.14520934390736567,0.7610990949292963
-0.2825571243663842,-0.3257140522135745
-0.28265805547031014,-0.32581456540924997
-0.282859917678162,-0.32601559180060075
-0.2839701598213474,-0.3271212369530295
0.4066573003774387,0.5962777854787067
0.4066573003774387,0.5962777854787067
0.4066573003774387,0.5962777854787067
0.4066573003774387,0.5962777854787067
0.4066573003774387,0.5962777854787067
0.4066573003774387,0.5962777854787067
0.4066573003774387,0.5962777854787067
0.4066573003774387,0.5962777854787067
0.2541387247405024,0.09313864414438217
0.2856846519350171,0.13427381103797778
0.3424664675886435,0.20831599876734724
0.2681237525262055,0.10362864597958464
0.2648572435769813,0.11788028726432949
0.2625707249318681,0.12785670948045952
0.25729378855073015,0.09725277512532957
0.25531783312777384,0.10544111442039765
0.26675711339531866,0.10959273408263506
0.07863096727978358,-0.13571945375684719
-0.0810442723164021,-0.15292302720385867
0.008295291165444333,-0.057687649003069275
0.16797061964668222,-0.04048395965198459
-0.2999294437244448,-0.33304859792094976
-0.29330189517026317,-0.3338615157516938
-0.2866743509612215,-0.3346744346518442
-0.3239520709011472,-0.3460664340849578
-0.32152972440692484,-0.34365411738874935
-0.31910737791270255,-0.3412418006925408
-0.14691304049016626,-0.14516964811628663
-0.15115214685505532,-0.14939120233465158
-0.1478801883087189,-0.14654718350211654
-0.15151370805005243,-0.15016565854642933
-0.1608501025079168,-0.374478799615635
-0.17053948848480602,-0.3841280664004694
-0.16122164822400864,-0.41927381257297913
-0.1709110342008979,-0.4289230793578133
-0.18713752169109674,-0.18218315205910746
-0.20651629364487525,-0.20148168562877558
-0.18667898536945932,-0.35146328604548605
-0.1987907178405709,-0.3635248695265288
-0.10918493196603696,-0.5819360037261934
-0.11100169183670369,-0.5837452412483498
-0.14413307805941875,-0.43453878786013916
-0.1514001175420857,-0.44177573794876474
-0.004251459256267681,0.6399688033249068
-0.00413918347463548,0.6362529641273815
-0.28177578194989494,0.6308145896268241
-0.21198453318095015,0.5969009565252881
-0.2762095215662351,0.5828785858465209
-0.2746526839922484,0.5572948243711876
-0.27876976587646213,0.5370048107379366
-0.2638079011186138,0.4112679138737265
-0.26865259410705866,0.40644328048131
-0.27591963358972543,0.39920633039268444
-0.304310506532599,0.472068086639471
-0.26664940075237503,0.32651511643941206
-0.25158126244083184,0.02651033195740484
-0.19773813934027806,0.19223584595357412
-0.1973231796697279,0.17846777381150883
-0.19669556475544148,0.15764767206910785
-0.19627719381705355,0.14376761146125291
-0.19418181228748535,0.07425536110688392
-0.10780551291785981,-0.20911343489780962
-0.09673382859624866,-0.25434231784548816
-0.09535155181273672,-0.30922048904993577
-0.08791339801306401,-0.3580678577778946
-0.08540549436033881,-0.3836977004899782
-0.08410876395472477,-0.4105337015501662
-0.08262554528668194,-0.4653113488229708
-0.1401586493329727,-0.382626466289203
-0.12197489607041408,-0.38305056041801205
-0.08540549436033881,-0.3836977004899782
-0.065203120424596,-0.38211152105853374
-0.04792773337134493,-0.3834402313254905
-0.03085423122298607,-0.384969957448074
-0.18316177499282385,-0.371707146277432
-0.19465501693417364,-0.37481315110613533
-0.18542424844018746,-0.3721069956318102
-0.17768645777932915,-0.37181426301756654
-0.17140369603704067,-0.3711172840002276
-0.16582745449118613,-0.3711238970497805
-0.21703451578483093,-0.3535138278506479
-0.21143623491623342,-0.3707515564237557
-0.2047352049395234,-0.3765119527908678
-0.08565690644099412,-0.3817471248533715
-0.08578995135577151,-0.38293326338698763
-0.08540549436033881,-0.3836977004899782
-0.08142788747546963,-0.3850047860398784
-0.07410579271522087,-0.384737303406106
-0.06820590815925993,-0.38471542740745546
-0.03487110189018342,-0.3807865444448298
0.15152985052304077,0.14075637325876322
0.13604370329053964,0.12424811139691329
0.12294167282690731,0.11028169888321787
0.10038778736246352,0.08589932820259834
-0.004716424741049322,-0.024951613569094273
-0.05137280559145341,-0.07383764961959394
-0.11708849123746078,-0.14304047195174976
-0.22132175981551847,-0.2516040777184891
-0.13785544526944862,-0.4024163177442902
-0.13825916776004432,-0.40281836860985476
-0.1402777917636709,-0.4048286344404988
-0.22601730839275508,-0.49091117852192007
-0.22601730839275508,-0.49091117852192007
-0.22642103088335083,-0.49131322938748423
-0.22642103088335083,-0.49131322938748423
-0.22843965488697757,-0.49332349521812846
-0.22843965488697757,-0.49332349521812846
0.1853140001684785,-0.2477739150944852
0.18491027767788284,-0.24817596596004968
0.18289165367425617,-0.25018623179069355
-0.21198135112992844,0.744193479285984
-0.2144036976241507,0.7417811625897756
-0.21682604411837303,0.7393688458935672
-0.2192483906125954,0.7369565291973585
-0.22409308360104,0.7321318958049416
-0.20764131366111344,0.7485155467000246
-0.20814596918074313,0.7480129807216476
-0.2091552802200023,0.7470078487648941
-0.21016459087424005,0.746002717191568
-0.21198135112992844,0.744193479285984
-0.21198135112992844,0.744193479285984
-0.2144036976241507,0.7417811625897756
-0.21682604411837303,0.7393688458935672
-0.2192483906125954,0.7369565291973585
-0.22409308360104,0.7321318958049416
-0.20764131366111344,0.7485155467000246
-0.20814596918074313,0.7480129807216476
-0.20865062470037268,0.7475104147432708
-0.2091552802200023,0.7470078487648941
-0.21016459087424005,0.746002717191568
-0.004234000047359588,-0.6793992187938174
-0.004234000047359588,-0.6793992187938174
-0.004234000047359588,-0.6793992187938174
-0.004234000047359588,-0.6793992187938174
-0.004234000047359588,-0.6793992187938174
-0.004234000047359588,-0.6793992187938174
0.0006106929410850279,-0.6745745854014003
-0.004234000047359588,-0.6793992187938174
-0.009078693035804216,-0.6842238521862343
-0.016345732518471157,-0.69146080227486
-0.009078693035804216,-0.6842238521862343
0.03974349506958693,-0.6757925715613965
0.06097053337627874,-0.6721267973766849
0.14587868660304593,-0.6574637006378365
0.044588117566733323,-0.670967848957948
0.013676136903213194,-0.6671763390738144
0.04458818805803158,-0.6709679381689795
0.1064122903676683,-0.6785511363593101
-0.19355766271218372,-0.3638129232484262
-0.07448473732707606,-0.517390430708703
0.04458818805803158,-0.6709679381689795
0.1636610570754634,-0.8245453746345467
0.28273393980580486,-0.9781228270796916
0.4018069642133544,-1.1317004605498102
-0.14957786079168156,-0.42523897631754914
-0.08001029224654373,-0.5132809718074841
0.04458818805803158,-0.6709679381689795
0.2446380515856241,-0.9241432258898759
1.033063015187204,-1.9219430418274415
-0.14957786079168156,-0.42523897631754914
-0.08001029224654373,-0.5132809718074841
0.04458818805803158,-0.6709679381689795
0.2446380515856241,-0.9241432258898759
1.033063015187204,-1.9219430418274415
-0.2223266187532915,-0.07825407208941801
-0.2585459167681544,0.22352375690095277
-0.26023296220190795,0.2794917082298865
-0.26057039999048887,0.290685273017698
-0.2609775981450737,0.3546013812431498
-0.260806483828068,0.2985170624265654
-0.2511170978511787,0.30816632921139947
-0.2507748692171672,0.1959976915782308
-0.2506037549001615,0.13991337276164642
-0.26090678099420805,0.30184525941328794
-0.260974893645021,0.3041050441097671
-0.26107654090150495,0.3074756029244708
-0.2685327359339153,0.29775289529384136
-0.2612452146484853,0.31307244044197374
-0.27615764512385266,0.2936269724862866
-0.28751095497107426,0.28464802651833643
-0.28716872633706275,0.17247938888516773
-0.26149825024656514,0.3214676760484028
-0.2984372062914388,0.16068522705693136
-0.22235707223745543,0.34557978271666384
-0.22235707223745543,0.34557978271666384
-0.22235707223745543,0.34557978271666384
-0.22235707223745543,0.34557978271666384
-0.22235707223745543,0.34557978271666384
-0.22235707223745543,0.34557978271666384
-0.21052106494540102,0.3328475304244831
-0.21052106494540102,0.3328475304244831
-0.21052106494540102,0.3328475304244831
-0.21052106494540102,0.3328475304244831
-0.21052106494540102,0.3328475304244831
-0.3052085181929344,-0.16600553416543193
-0.3187645004435104,-0.16010046796759897
-0.3318173616581535,0.13630170204257241
-0.319705629187042,0.14836328552361508
-0.3572706061162148,0.061693235547542746
-0.3288263749039264,0.0666053729345618
-0.3457828003634826,0.04971915606110223
-0.3288263749039264,0.0666053729345618
-0.32640402840970406,0.06901768963077037
-0.3288263749039264,0.0666053729345618
-0.32640402840970406,0.06901768963077037
-0.3063954313857898,0.06114461045742524
0.8924457806610148,1.9280601916892834
0.8919411251413853,1.9275576257109064
0.8914364696217558,1.9270550597325293
0.8909318141021261,1.9265524937541523
0.8905280896864223,1.9261504409714507
0.8931105203160487,1.7599580050809716
0.8926563303002542,1.759505695652504
0.8910414326374396,1.7578974845216975
0.8934527489500602,1.647789367447802
0.8932004211421176,1.6475380844106855
0.8921911101028585,1.6465329524539318
0.8913836612714511,1.6457288468885294
-0.2227864498687827,0.11843029566048226
-0.22270089271027985,0.0903881362521901
-0.2240437449521631,0.03279611950047542
-0.25086799220709965,0.09384304606812846
-0.25906685918943845,0.06681703453430321
-0.22244947017110903,0.10725014946638488
-0.2219423120726345,0.09042530344803143
-0.21840555131344153,0.007583547817993485
-0.22488491169351119,0.010292550527654681
-0.22801377591521496,0.007176641461718722
-0.22479935453500827,-0.017749608880637487
-0.22792821875671207,-0.020865517946573504
-0.22801136511277934,-0.04330953716880085
-0.23285605810122395,-0.048134170561217896
-0.2425454440781133,-0.057783437346052006
-0.2227864498687827,0.11843029566048226
-0.22270089271027985,0.0903881362521901
-0.2240437449521631,0.03279611950047542
-0.2425454440781133,-0.057783437346052006
-0.2667689090203365,-0.08190660430813716
-0.22801377591521496,0.007176641461718722
-0.22801377591521496,0.007176641461718722
-0.22801377591521496,0.007176641461718722
-0.22792821875671207,-0.020865517946573504
-0.22792821875671207,-0.020865517946573504
-0.22801377591521496,0.007176641461718722
-0.23277291174515674,-0.02569015133899058
-0.22801377591521496,0.007176641461718722
-0.23277291174515674,-0.02569015133899058
-0.22463785322925053,0.12811618268708053
-0.2249751391263877,0.13930640198487626
-0.22480402480938189,0.0832220831682919
-0.22463785322925053,0.12811618268708053
-0.2249751391263877,0.13930640198487626
-0.22480402480938189,0.0832220831682919
-0.2244667389122448,0.07203186387049614
-0.22429562459523897,0.015947545053911764
-0.22480402480938189,0.0832220831682919
-0.22463291049237605,0.027137764351707512
-0.2244667389122448,0.07203186387049614
-0.22480402480938189,0.0832220831682919
-0.24626717978383528,-0.28126536005616826
-0.24626717978383528,-0.28126536005616826
-0.24626717978383528,-0.28126536005616826
-0.24641050127071887,-0.28053089222667194
-0.24641050127071887,-0.28053089222667194
-0.24641050127071887,-0.28053089222667194
-0.24655377715380483,-0.2797963884478076
-0.24655377715380483,-0.2797963884478076
-0.24655377715380483,-0.2797963884478076
-0.2466969905399688,-0.27906187538056515
-0.2466969905399688,-0.27906187538056515
-0.2466969905399688,-0.27906187538056515
-0.2468402713067897,-0.2783273465652343
-0.2468402713067897,-0.2783273465652343
-0.2468402713067897,-0.2783273465652343
-0.24698353061190628,-0.2775928462352861
-0.24698353061190628,-0.2775928462352861
-0.24698353061190628,-0.2775928462352861
-0.24712683225788748,-0.27685835186258967
-0.24712683225788748,-0.27685835186258967
-0.24712683225788748,-0.27685835186258967
-0.2425390874049862,-0.27640401293984823
-0.2425390874049862,-0.27640401293984823
-0.23881101858036893,-0.271542675286027
-0.23881101858036893,-0.271542675286027
-0.23135471445866918,-0.261819851379737
-0.23135471445866918,-0.261819851379737
-0.2238985733739178,-0.2520971779943709
-0.2238985733739178,-0.2520971779943709
-0.2462672250353637,-0.2812653978114453
-0.2462672250353637,-0.2812653978114453
-0.2462672250353637,-0.2812653978114453
-0.2462672250353637,-0.2812653978114453
-0.2462671697279402,-0.2812653516661067
-0.2462671697279402,-0.2812653516661067
-0.24626717978383528,-0.28126536005616826
-0.24626717978383528,-0.28126536005616826
-0.24888027213966,-0.2784209011317497
-0.24888027213966,-0.2784209011317497
-0.24888027213966,-0.2784209011317497
-0.24916045636030226,-0.27698453679458757
-0.24916045636030226,-0.27698453679458757
-0.24916045636030226,-0.27698453679458757
-0.24972081916527636,-0.2741118370148073
-0.24972081916527636,-0.2741118370148073
-0.24972081916527636,-0.2741118370148073
-0.2484795633627498,-0.2784025225958433
-0.2484795633627498,-0.2784025225958433
-0.2484795633627498,-0.2784025225958433
-0.24876098764796375,-0.27695974124121897
-0.24876098764796375,-0.27695974124121897
-0.24876098764796375,-0.27695974124121897
-0.2493238528062591,-0.27407421314776154
-0.2493238528062591,-0.27407421314776154
-0.2493238528062591,-0.27407421314776154
-0.24766730805963819,-0.2783652866972585
-0.24766730805963819,-0.2783652866972585
-0.24766730805963819,-0.2783652866972585
-0.2479512754775223,-0.27690952780038064
-0.2479512754775223,-0.27690952780038064
-0.2479512754775223,-0.27690952780038064
-0.24851921524506218,-0.27399798472389897
-0.24851921524506218,-0.27399798472389897
-0.24851921524506218,-0.27399798472389897
-0.14429959481413163,-0.05891512461917622
-0.14914428780257624,-0.0637397580115932
-0.14914428780257624,-0.0637397580115932
-0.14914428780257624,-0.0637397580115932
-0.14914428780257624,-0.0637397580115932
-0.14914428780257624,-0.0637397580115932
-0.14914428780257624,-0.0637397580115932
-0.14914428780257624,-0.0637397580115932
-0.14914428780257624,-0.0637397580115932
-0.14914428780257624,-0.0637397580115932
-0.14914428780257624,-0.0637397580115932
-0.14914428780257624,-0.0637397580115932
-0.14914428780257624,-0.0637397580115932
-0.14914428780257624,-0.0637397580115932
-0.14914428780257624,-0.0637397580115932
-0.30548469172815584,-0.10598786186119709
-0.09671051848565783,0.1662488806649769
-0.2756598333115477,-0.06709692925426576
-0.09671051848565783,0.1662488806649769
-0.2458349267303517,-0.028205933841814863
-0.09671051848565783,0.1662488806649769
-0.21601009947906483,0.01068495812625061
-0.09671051848565783,0.1662488806649769
-0.1265354590653862,0.12735784091921779
0.0375013174735746,0.3412580422989651
-0.09640772517388006,0.1665504202520029
-0.09671051848565783,0.1662488806649769
-0.10125241816232473,0.16172578685958583
-0.09691238069350978,0.166047854273626
-0.09842634725239868,0.16454015633849572
-0.10125241816232473,0.16172578685958583
-0.10851945764499167,0.1544888367709602
0.5013311070708356,-0.09716823423967803
0.46624417592278766,-0.09286455423711928
0.43115706701025824,-0.0885608524303896
0.3960701803033305,-0.08425717787887355
0.29080925353582543,-0.07134612151806918
0.5013311070708356,-0.09716823423967803
-0.3691732849022456,0.5708811063689181
-0.3342946473037437,0.4015771881071997
-0.33412593188463274,0.39598039703853977
-0.3337217808545582,0.38257269003683314
-0.31876666593556957,0.32452770583902696
-0.35050783338569114,0.3600348429001721
-0.23468388575500274,0.3190322067669306
-0.23434648867190633,0.3078386208637629
-0.2333342314177023,0.274257876944877
-0.33667106000187014,-0.27800057759291175
-0.3357598323674713,-0.2770444137477065
-0.33398915876279395,-0.2751882967993827
-0.3286096350843793,-0.26956387531060744
-0.31235557594340735,-0.2526918156166711
-0.3357598323674713,-0.2770444137477065
-0.33398915876279395,-0.2751882967993827
-0.3286096350843793,-0.26956387531060744
-0.31235557594340735,-0.2526918156166711
-0.37321338397916864,0.23689721545760628
-0.374073036471744,0.24130422374614363
-0.374646137588306,0.24424222647709903
-0.4236760502611134,0.4955940615517802
-0.3777981856688932,0.26040120017518287
-0.3786865059856019,0.26495517405698177
-0.38112218275210863,0.277441670392305
-0.3885613334730832,0.2544365323566313
-0.3786058544705322,0.25615578011021406
-0.3798170277176433,0.25494962176210967
-0.36843933424840947,0.2569144768869029
-0.3584838485665897,0.2586337257939527
-0.3442617350696818,0.2610897941232105
-0.36575088804925665,0.2513967757053272
-0.35152877455234866,0.25385284403458513
-0.37587509522249696,0.2552743527319374
-0.3757907257472443,0.2524759606829897
-0.36722816100129824,0.258120635235007
-0.36689075544768807,0.24692704363622772
-0.3663846312114737,0.23013672516453218
-0.36604720193424173,0.2189430777253567
-0.36827062777705377,0.25131769504589413
-0.3681019286947992,0.2457208852881233
-0.3719041475183873,0.2476992200015814
-0.37052427518902153,0.2433085685919149
-0.3675958044585848,0.22893056681642796
-0.36725837518135285,0.21773691937725248
-0.3669209627477961,0.20654337146829965
-0.36522037606031843,0.1501275397671706
-0.37583095265267985,0.249704716869164
-0.34661295456218244,0.2808508626443243
-0.32835174088198926,0.3003172030218918
-0.2790463048785426,0.3528765054225154
-0.2607851194950292,0.37234277584900777
-0.24617609759481845,0.3879158683977191
-0.2315670729981341,0.40348902530986724
0.15458693402906026,0.08699939598560472
0.15398134740550465,0.08639631681155253
0.15292157081428243,0.08534092825696135
0.1526692434394892,0.08508964565120045
0.15236644974268984,0.08478810568074688
0.14974224104061562,0.08217476259318772
0.144897548052171,0.07735012920077065
0.18400292661587273,0.0373861576422171
-0.18471430541397335,0.059291890147613796
-0.1892562050906402,0.05476879634222277
-0.23663115374501384,0.05689163804750128
-0.18471430541397335,0.059291890147613796
-0.23208925406834713,0.06141473185289231
-0.1845826264192013,0.11567774855122423
-0.18468355752312726,0.11557723535554888
-0.18475925575481628,0.1155018505546492
-0.18483495417901613,0.11542646556203577
-0.18486018693093378,0.1154013372870812
-0.18488541973097913,0.11537620896419812
-0.1853900752506088,0.11487364298582133
-0.1870049729134236,0.11326543185501568
-0.1888217327840904,0.11145619433285926
-0.14157977511239087,0.38590638866363414
-0.14157977511239087,0.38590638866363414
-0.14157977511239087,0.38590638866363414
-0.14157977511239087,0.38590638866363414
-0.14157977511239087,0.38590638866363414
-0.11973481063418744,0.4143917222553445
-0.13061048304196504,0.40021009440793764
-0.15196866593930916,0.3723595128539755
-0.16266916294550043,0.3584063097200181
-0.14225461114842725,0.40829354214665714
-0.1419171534342844,0.3971000186948695
-0.141073644941757,0.36911604507639184
-0.14023010832563199,0.3411320597004801
-0.1558018903237968,0.3834503200382934
-0.14869082858129756,0.38467835506536224
-0.13446871612775585,0.3871344232144374
-0.14157977511239087,0.38590638866363414
-0.14208443063202056,0.38540382268525736
-0.20729683441486668,0.32784521901611524
-0.22578401204826232,-0.1467177748620554
-0.24924911053978552,0.12144007434376894
-0.2516714570340078,0.11902775764756038
-0.2551031122573598,0.1156103112951628
-0.25651615002245237,0.11420312425514341
-0.2589384965166748,0.1117908075589349
-0.2637831895051193,0.10696617416651782
-0.2662055359993416,0.1045538574703093
-0.2516714570340078,0.11902775764756038
-0.25409380352823,0.11661544095135197
-0.25651615002245237,0.11420312425514341
-0.2589384965166748,0.1117908075589349
-0.2637831895051193,0.10696617416651782
-0.2662055359993416,0.1045538574703093
-0.2516714570340078,0.11902775764756038
-0.25409380352823,0.11661544095135197
-0.25651615002245237,0.11420312425514341
-0.2589384965166748,0.1117908075589349
-0.2637831895051193,0.10696617416651782
-0.2662055359993416,0.1045538574703093
-0.30743979501322977,0.15729846077794743
-0.30769646648873844,0.24142493900282397
-0.30786758080574395,0.29750925781940835
-0.312021038145229,0.23578579656341622
-0.3089931042574079,0.23880119320053164
-0.3079837932181486,0.23980632515728526
-0.30697448294893254,0.24081145634718396
-0.2665181426205453,0.2901333712388539
-0.2891221000925733,0.25497466311877676
-0.2822714022488906,0.2640944081963224
-0.26655158003623164,0.28434390726799225
-0.2588934392869968,0.2942677501837612
-0.25143722000416685,0.30399048943638285
-0.27412348289889715,0.27156437418899465
-0.27404069245639434,0.2688149709391654
-0.2664157372847948,0.27294095558670883
-0.2687720635525588,0.2821326177299894
0.03927345602274636,0.520943268584975
0.18149365308264886,0.5455037899066185
0.18149365308264886,0.5455037899066185
0.044118149011190974,0.525767901977392
0.041539196931786954,0.538988899168508
-0.23978824500077797,0.1832002749244734
-0.23907186900566116,0.17952777356438224
-0.23835549277569837,0.17585527100035198
-0.23763911725027412,0.17218277204813953
-0.23692274395588958,0.1685102845333507
-0.23620636995696617,0.16483779340674404
-0.23548999278761815,0.1611652860269562
-0.22114771626913954,0.20750709766050413
-0.2204313402740229,0.20383459630041303
-0.21971496404405993,0.20016209373638266
-0.2189985885186358,0.1964895947841702
-0.21828221522425123,0.19281710726938162
-0.21756584122532777,0.18914461614277484
-0.21684949986300298,0.18547210257934243
-0.20250718448207747,0.2318139243807375
-0.20179080848696082,0.22814142302064638
-0.20107443225699784,0.22446892045661604
-0.20035805673157364,0.22079642150440354
-0.1996416834371891,0.217123933989615
-0.1989253094382657,0.21345144286300818
-0.19820893226891764,0.20977893548322038
-0.18386661908535507,0.2561207949271986
-0.18315024309023842,0.2524482935671075
-0.18243386686027543,0.24877579100307715
-0.1817174913348512,0.24510329205086462
-0.1810011180404667,0.24143080453607596
-0.18028474404154327,0.23775831340946924
-0.17956836687219524,0.23408580602968138
-0.16522603535609065,0.28042768937887474
-0.16450965936097392,0.27675518801878357
-0.16379328313101096,0.2730826854547532
-0.16307690760558682,0.2694101865025409
-0.1623605343112022,0.26573769898775207
-0.16164416031227877,0.26206520786114545
-0.16092778314293077,0.2583927004813576
-0.14658553717868894,0.3047344722728804
-0.14586916118357227,0.30106197091278936
-0.14515278495360928,0.2973894683487589
-0.14443640942818514,0.2937169693965465
-0.14372003613380055,0.2900444818817577
-0.14300366213487709,0.286371990755151
-0.14228728496552906,0.2826994833753632
-0.12794498400366122,0.32904132688253124
-0.12722860800854455,0.32536882552244034
-0.12651223177858154,0.3216963229584098
-0.1257958562531574,0.3180238240061974
-0.12507948295877275,0.31435133649140873
-0.12436310895984933,0.31067884536480195
-0.12364673179050134,0.3070063379850141
0.041539196931786954,0.538988899168508
0.004258115025120857,0.4903752218228266
-0.031876741527023376,0.43588557766604324
-0.030443990358751928,0.42854057915964855
-0.1646559011109531,0.25353131999734146
-0.1646559011109531,0.25353131999734146
0.18107695119500758,0.1964188712018262
0.16791782147327083,0.632968681231385
0.17095446487312085,0.5322262920597011
0.07844322186175144,0.5162958516434992
0.07325630023929529,0.6236398558842514
0.32407124891262346,-0.1033701698045484
0.32407124891262346,-0.1033701698045484
0.32407124891262346,-0.1033701698045484
0.32407124891262346,-0.1033701698045484
0.32407124891262346,-0.1033701698045484
0.32407124891262346,-0.1033701698045484
0.32407124891262346,-0.1033701698045484
0.32407124891262346,-0.1033701698045484
0.32391985244924537,-0.10352093940634775
0.3237684556008458,-0.10367170939157444
0.3237684556008458,-0.10367170939157444
0.3237684556008458,-0.10367170939157444
0.3237684556008458,-0.10367170939157444
0.6117004654873276,1.968523725502795
0.11276487401418747,0.6737976844302355
0.0799119848283751,0.6438023789546532
0.07829677266660301,0.6438588759327337
-0.621296644509902,0.1285291266664658
-0.29100128439330314,0.1761832658304722
-0.27145139812251884,0.13939748058355603
-0.268772380152788,0.057683319054888015
-0.6475630975674483,0.054371792994253064
-0.28861007322231996,0.27120175004618163
-0.244580069014841,0.17441263513195834
-0.24440895469783522,0.11832831631537402
-0.2199288182801035,0.05832500505258272
-0.13762319426124328,0.5783730214605802
-0.14004554075546563,0.5759607047643717
-0.14125671400257678,0.5747545464162673
-0.14246788724968795,0.5735483880681632
-0.1436790597267559,0.5723422304869138
-0.14489023374391025,0.5711360713719547
-0.14731258023813257,0.568723754675746
-0.13762319426124328,0.5783730214605802
-0.14004554075546563,0.5759607047643717
-0.14246788724968795,0.5735483880681632
-0.14489023374391025,0.5711360713719547
-0.21945248310910528,0.4739086051229206
-0.182171327872271,0.5225223780894628
-0.14489023374391025,0.5711360713719547
-0.10760917628063348,0.6197497168440163
-0.07032809437396738,0.6683633941896979
-0.14489023374391025,0.5711360713719547
-0.14489023374391025,0.5711360713719547
-0.14489023374391025,0.5711360713719547
-0.14489023374391025,0.5711360713719547
-0.1449577190665501,0.5733747882448816
-0.1449577190665501,0.5733747882448816
-0.1449577190665501,0.5733747882448816
-0.14499146704114976,0.5744941264687864
-0.1263509001370067,0.5988009989808893
-0.10771040942005167,0.6231077721466433
-0.16851036876948708,0.5464821189583805
-0.1450252729157849,0.5756134109599491
-0.14744761941000725,0.5732010942637404
-0.1288069832214869,0.5975080571210853
-0.13777508792179444,0.583410053884049
-0.14746447389868367,0.5737607870992147
-0.14988682039290596,0.5713484704030063
-0.1288239361814187,0.598067621552297
-0.30702894964086364,-0.07360611888792717
-0.12733801643763845,-0.1283697724155245
-0.012879024531525543,-0.32096092391104086
-0.13101121351847647,-0.5377255221420976
-0.27215811245619487,-0.3859113881278642
-0.02797789500409875,-0.3406495053549895
-0.187866037409837,-0.5110891381081946
-0.28725695792984723,-0.4055999369737921
-0.29784457524189134,0.015920508729219823
-0.29784457524189134,0.015920508729219823
-0.29784457524189134,0.015920508729219823
-0.29784457524189134,0.015920508729219823
-0.2975023466078796,-0.09624812890394886
-0.29818680387590285,0.12808914636238855
-0.28538599839329104,0.01807202552256597
-0.31027469968842186,0.013773905484315672
-0.29784457524189134,0.015920508729219823
-0.29784457524189134,0.015920508729219823
-0.29602531908521096,-0.04443196532860321
-0.2967001473381366,-0.022044799770233787
-0.29838622519350566,0.03388949597500794
-0.2963675477192227,0.06773667230456551
-0.2970423759721482,0.09012383786293493
-0.2987284538275171,0.14605813360817663
-0.22115486506243914,0.444274156948434
-0.2208126364284276,0.33210551931526533
-0.22047040779441604,0.21993688168209666
-0.21850316808670722,0.22227060433776194
-0.2197143413338184,0.22106444598965763
-0.30696346139823116,0.1518930323062183
-0.33202095647040014,0.12458923551272337
-0.19491384121194877,-0.5025412024316372
-0.09795298348914513,-0.5889234087487908
-0.000991906662145697,-0.6753058861352251
0.09596895106065795,-0.7616880924523792
0.0008248532085210371,-0.6734966486130689
-0.0003863200385901164,-0.6747028069611731
-0.001597492900679673,-0.67590896492585
-0.002808666532812435,-0.6771151236573816
-0.22437297623911093,-0.38719414479279207
-0.12863839788705497,-0.5106703915845602
-0.06481525688879336,-0.5929880039309242
0.06283123433611595,-0.7576234984815893
0.12665359548312058,-0.839940104993824
0.1745213221366829,-0.901678792638122
-0.11697393001175736,-0.6610798054204462
-0.000991906662145697,-0.6753058861352251
-0.000991906662145697,-0.6753058861352251
-0.0020185925641802677,-0.3387999732357191
-0.001505249613162978,-0.5070529296854721
-0.0006496780281341839,-0.7874745237683937
-0.20672342992367332,-0.11076583035125062
-0.1097625517009413,-0.19714806312568853
-0.012801465101918628,-0.28353057053743713
0.08415907195151039,-0.3699123320557932
-0.013645468266099706,-0.25554595988180706
-0.01197108400928342,-0.31109626013982233
-0.01111460076657181,-0.3394981850526466
-0.14044800430720508,-0.11889501814930913
-0.07662485249508066,-0.20121264444314355
0.05102132778842015,-0.3658477339022468
0.11484429252245104,-0.44816512295359845
0.17068961219931347,-0.5201931257221232
0.17068961219931347,-0.5201931257221232
0.055861109980766814,1.2138308861555003
0.05576017887684088,1.213730372959825
0.055659247772914956,1.21362985976415
0.05555831666898901,1.2135293465684744
0.055528037270432457,1.2134991925426721
0.05549170205954337,1.2134630077788087
0.055482618413236144,1.2134539617436106
0.0554573855650631,1.2134288333727992
0.05535645446113717,1.2133283201771237
-0.014907648933038363,0.6418607151794261
-0.014650977457529734,0.5577342369545494
-0.014394305982021093,0.47360775872967276
-0.013237942002566712,0.5591414216940043
-0.013641666418270427,0.5587393689113029
-0.014650977457529734,0.5577342369545494
-0.01707332395175205,0.5553219202583408
-0.20105639921255505,0.31466583428933054
-0.13892120566686963,0.3956887042372471
0.10961972739790286,0.7197803912074449
-0.014650977457529734,0.5577342369545494
-0.014650977457529734,0.5577342369545494
-0.014650977457529734,0.5577342369545494
-0.37463917316937656,-0.19593754599899396
-0.37463917316937656,-0.19593754599899396
-0.37463917316937656,-0.19593754599899396
-0.23914072506019393,-0.05149717269720456
-0.36962453711121784,-0.22164507649902063
-0.31537691947944824,0.16578825903633462
-0.2940437464864797,0.16947236200471558
-0.2584884552636057,0.17561251356815089
-0.1873779493771463,0.1878928619232416
-0.11626723616690002,0.20017323194059639
-0.03946787703105874,0.21343599163674484
-0.10769268909926226,0.05368489404940157
-0.10749082689141042,0.05388592044075223
-0.10749082689141042,0.05388592044075223
-0.10749082689141042,0.05388592044075223
-0.2617833636473655,-0.17570068989025175
-0.27274944538472795,0.18809065698795047
-0.27401476103300754,0.23006663868905994
-0.2744365141529398,0.24405860774952312
-0.2746474186779694,0.25105459390639906
-0.27477395419582307,0.25525213018332504
-0.37899563518749657,0.16507699965603156
-0.25244959464757655,0.6261363401845315
-0.2563179454684207,0.6266108229485072
-0.2570710795130591,0.6267032005894435
-0.2577899682588401,0.626791377783004
-0.258491753067453,0.626877457048078
-0.2591079473443034,0.6269530379809268
-0.2594331641065431,0.6269929282999247
-0.2597926110395688,0.627037017210725
-0.260117828569849,0.6270769076239288
-0.20594122919619579,0.02462739627779833
-0.024947698157685154,0.008504546043528655
0.00414298545673726,0.013528321639003804
0.20099129971016658,-0.019208597144148944
0.15604579730874382,-0.007618295020440238
-0.1647875826263486,0.0317343686694649
0.11489215073889669,-0.014725267412106814
0.20099129971016658,-0.019208597144148944
-0.054038381772107555,0.00348077044805349
-0.27212869345491114,0.10953889529299704
-0.28137307514863047,0.10794244951112004
-0.2863508004411152,0.10708282808809627
-0.2934618672262182,0.10585479219020198
-0.3005729269081969,0.10462677019020189
-0.3076839778142446,0.10339872291178709
-0.29936175366108564,0.10583292853830614
-0.2981505804139745,0.10703908688641041
-0.2957282339197522,0.109451403582619
-0.2933058874255298,0.11186372027882736
-0.2957282339197522,0.109451403582619
-0.2981505804139745,0.10703908688641041
-0.3005729269081969,0.10462677019020189
-0.29451706067264105,0.11065756193072318
-0.2957282339197522,0.109451403582619
-0.2981505804139745,0.10703908688641041
-0.3005729269081969,0.10462677019020189
-0.29451706067264105,0.11065756193072318
-0.2957282339197522,0.109451403582619
-0.2981505804139745,0.10703908688641041
-0.29806621470046374,0.10424062621803055
-0.29570009381324897,0.10851860679458555
-0.2638166960820072,0.06829263036111168
-0.31168409578225115,0.13003089630857526
-0.2931492730368017,0.09623036126012408
-0.2647571675552214,0.14246636841947338
-0.3358520789450587,0.0775164607417388
-0.3358520789450587,0.0775164607417388
-0.3358520789450587,0.0775164607417388
-0.3500741891258965,0.07506039298514511
-0.3358520789450587,0.0775164607417388
-0.32162997283320094,0.07997252779564554
-0.2775751371228082,0.08870570219034046
-0.3358520789450587,0.0775164607417388
-0.3552552296829229,0.07304047517745461
0.7384020837160616,1.4783192963892016
-0.45047220043305697,0.6651164849300258
-0.3358520789450587,0.0775164607417388
-0.3365365362130817,0.3018537360080763
-0.33619430757907026,0.1896850983749075
-0.3358520789450587,0.0775164607417388
-0.3357343259884732,0.07763372613869039
-0.3357461012967652,0.07762199958641401
-0.3357679696998084,0.0776002217301469
-0.3358184352517714,0.0775499651323091
-0.33591936635569736,0.07744945193663379
-0.31662919897748537,0.2622971478951749
-0.3163592631834626,0.253342275869621
-0.31602185518029385,0.24214867458688238
-0.3158531378973957,0.23655187002510955
-0.3141323303516198,0.17946462888320783
-0.23832763696025755,0.6680277312088229
-0.024427556345940214,0.5483863342736445
-0.02664804063231067,0.5461750439687868
-0.029070387126533,0.5437627272725782
-0.03149273362075529,0.5413504105763698
-0.03391508011497761,0.5389380938801612
-0.03875977310342225,0.5341134604877441
-0.02483128076164395,0.5479842814909431
-0.02664804063231067,0.5461750439687868
-0.029070387126533,0.5437627272725782
-0.03391508011497761,0.5389380938801612
-0.03633742660919992,0.5365257771839527
-0.03875977310342225,0.5341134604877441
-0.041182119597644576,0.5317011437915357
-0.28299721723089727,0.3057257210973071
-0.27815252424245274,0.3105503544897241
-0.27573017774823044,0.31296267118593263
-0.27330783125400804,0.3153749878821412
-0.27330783125400804,0.3153749878821412
-0.27330783125400804,0.3153749878821412
-0.272096658006897,0.31658114623024536
-0.199091236666505,-0.29165567784221275
0.07255150767180576,-0.1336471276599873
-0.16449718114189843,-0.4822237585564131
-0.1980645507644704,-0.6281615907417188
-0.463105344761261,-0.5545766276364122
-0.046143507507161834,-0.25185068258323645
-0.045801278873150275,-0.3640193202164053
0.07323596493982878,-0.35798440292632466
-1.0244890327817566,-0.9956464292581146
-0.29242908148968144,-0.4353817679496334
-0.21941584815477627,-0.4751802973475251
-0.05423146441808109,-0.17959568934214393
-0.07118788987763729,-0.19648190621560357
-0.05388923578406958,-0.2917643269753126
-0.07084566124362576,-0.30865054384877233
-0.05354700715005805,-0.4039329646084814
-0.07050343260961425,-0.4208191814819411
-0.1645197317512707,-0.22213132161509483
-0.18147615721082694,-0.23901753848855453
-0.15708157795159794,-0.2709786903430537
-0.1595039244458203,-0.27339100703926206
-0.01689859391028396,-0.35236484357523645
-0.03385501936984015,-0.36925106044869616
-0.016727479593278208,-0.4084491623918208
-0.03368390505283439,-0.4253353792652806
-0.0075514365674062235,-0.23054693915723365
-0.009973783061628539,-0.23295925585344215
-0.15967503876282604,-0.2173066882226777
-0.012396129555850854,-0.2353715725496507
-0.01481847605007316,-0.23778388924585925
-0.1645197317512707,-0.22213132161509483
-0.01724082254429548,-0.24019620594206775
-0.166942078245493,-0.2245436383113033
-0.1717867712339376,-0.2293682717037204
-0.17663146422238227,-0.23419290509613744
-0.18147615721082694,-0.23901753848855453
-0.18632085019927147,-0.24384217188097151
-0.19116554318771614,-0.24866680527338855
-0.05388923578406958,-0.2917643269753126
-0.061156275266736504,-0.2990012770639382
-0.07084566124362576,-0.30865054384877233
-0.07811270072629269,-0.31588749393739785
-0.08780208670318197,-0.32553676072223203
0.6683572899238287,0.3396798696069504
0.6677841093862587,0.3397238704785181
0.6672131983347145,0.3397677035923031
0.6666447121878131,0.3398113480102469
0.047062462418762906,-0.3573297005733263
0.061727595268544315,-0.3669849518329168
0.07278793915594925,-0.37619331935947253
-0.19805574666057318,-0.09686892541716513
-0.19805574666057318,-0.09686892541716513
-0.09935342823595587,-0.2241728947718908
0.05380578314278411,-0.42171410619383154
-0.02873052450837825,-0.28844841403415467
-0.08926176977338518,-0.2296688349205594
0.06868155163107549,-0.43338048089586007
-0.08163223281420033,-0.23575708146953286
0.07989990453892024,-0.44409749932010506
-0.28252515281206664,0.1760354954168209
-0.2839933449222421,0.1745733823999319
-0.2961123342805866,0.16250457207901464
-0.2868331872849773,0.17174529848932454
-0.24609510117833006,0.20997327572927302
-0.27415360202632705,0.17968951685436493
-0.2831035383732129,0.16843520754305047
-0.2925429804790688,0.16835654096175864
-0.2317350556979691,0.23121007213030112
-0.22427880866780348,0.24093284756481329
-0.264873214339588,0.21400015357347038
-0.20688220883763808,0.20688711397322862
-0.24664746887290304,0.21176462673398316
-0.24664746887290304,0.21176462673398316
-0.22895968420270324,0.18499400824867715
-0.22895968420270324,0.18499400824867715
-0.22895968420270324,0.18499400824867715
-0.22895968420270324,0.18499400824867715
-0.22895968420270324,0.18499400824867715
-0.22895968420270324,0.18499400824867715
-0.22895968420270324,0.18499400824867715
-0.22895968420270324,0.18499400824867715
-0.22895968420270324,0.18499400824867715
-0.22895968420270324,0.18499400824867715
-0.22895968420270324,0.18499400824867715
-0.22895968420270324,0.18499400824867715
-0.22895968420270324,0.18499400824867715
-0.22895968420270324,0.18499400824867715
-0.22895968420270324,0.18499400824867715
-0.22895968420270324,0.18499400824867715
-0.22895968420270324,0.18499400824867715
-0.22895968420270324,0.18499400824867715
-0.22895968420270324,0.18499400824867715
-0.22895968420270324,0.18499400824867715
-0.22895968420270324,0.18499400824867715
-0.22895968420270324,0.18499400824867715
-0.22895968420270324,0.18499400824867715
-0.22895968420270324,0.18499400824867715
-0.22895968420270324,0.18499400824867715
-0.305937523561059,-0.02515707623229968
-0.3112100023420181,0.11022908741674414
-0.3112100023420181,0.11022908741674414
-0.046257497633770045,0.043750507621569755
-0.08249902611199295,0.00928606084277664
-0.09997252176745208,-0.007330619181011771
-0.09997252176745208,-0.007330619181011771
-0.09997252176745208,-0.007330619181011771
-0.10031475040146362,0.10483801845215694
-0.09963029313344055,-0.11949925681418047
-0.09795389968893349,-0.005320355267504651
-0.10199113845566819,-0.009340877726535078
-0.09997252176745208,-0.007330619181011771
-0.23354694185768937,0.324380653672499
-0.23364787296161527,0.3242801404768236
-0.23374880406554122,0.3241796272811483
-0.23405159737731904,0.3238780876941223
-0.23475811510480063,0.3231744953243948
-0.2349599773126525,0.322973468933044
-0.23556556393620792,0.32237038975899185
-0.23596928835191172,0.3219683369762905
-0.23718046159902273,0.32076217862818623
-0.23388917049170097,0.4365492913056676
-0.23489848153096007,0.43554415934891416
-0.23510034373881206,0.4353431329575635
-0.2363115169859233,0.43413697460945916
-0.23873386348014547,0.4317246579132507
-0.24115620997436785,0.4293123412170421
-0.24357855646859025,0.4269000245208337
-0.23433233022963845,0.548617415743161
-0.23473605464534206,0.5482153629604597
-0.2366537456199347,0.5463056122426277
-0.23907609211415692,0.5438932955464193
-0.24149843860837933,0.5414809788502108
-0.24392078510260165,0.5390686621540023
-0.24634313159682394,0.5366563454577938
-0.24876547809104635,0.5342440287615853
-0.237167088570952,0.714558568692381
-0.23958943506517433,0.7121462519961724
-0.24201178155939668,0.709733935299964
-0.24443412805361894,0.7073216186037553
-0.2468564745478413,0.7049093019075469
-0.2492788210420636,0.7024969852113386
-0.2517011675362859,0.70008466851513
-0.25412351403050815,0.6976723518189214
-0.20088988166792546,0.7598647696653411
-0.16850713725820296,0.8007159192274512
-0.200805522999972,0.757066383130133
-0.16699002677908772,0.7905725376669701
-0.1959608300115274,0.7618910165225498
-0.200805522999972,0.757066383130133
-0.20565021598841662,0.7522417497377158
-0.19561860137751585,0.6497223788893812
-0.20046329436596044,0.6448977454969642
-0.20530798735440509,0.6400731121045471
-0.1952763727435043,0.5375537412562125
-0.20012106573194896,0.5327291078637953
-0.2049657587203936,0.5279044744713784
0.12611949934363,0.6418244565709298
0.1062362643533014,0.6158971733223347
0.27689619050018904,0.6233305441838797
0.1658860478592171,0.6936790816039702
-0.05448095372603972,0.6639764873132155
0.12577727070961847,0.7539930942040985
0.12646172797764152,0.5296558189377613
0.12692694817503744,0.6426285621363326
0.1277343970064449,0.6434326677017355
0.12611949934363,0.6418244565709298
0.12611949934363,0.6418244565709298
0.00978475360667383,-0.06719128799177677
0.01376684818166324,-0.6257734427221994
0.013615451525774327,-0.6259242125157122
0.013413589317922458,-0.626125238907063
0.014723352959415778,-0.9060952082324782
0.014672887407452807,-0.9061454648303156
0.01406127727589372,-0.06844675883853812
0.008196446500014812,1.1180694760230032
0.008196446500014812,1.1180694760230032
0.008196446500014812,1.1180694760230032
0.008196446500014812,1.1180694760230032
0.008196446500014812,1.1180694760230032
0.008196446500014812,1.1180694760230032
0.008196446500014812,1.1180694760230032
0.008196446500014812,1.1180694760230032
0.008196446500014812,1.1180694760230032
0.008196446500014812,1.1180694760230032
0.008196446500014812,1.1180694760230032
-0.26503276828925,0.17286016419820696
-0.26486165397224426,0.1167758453816226
-0.2646905396552384,0.06069152656503832
-0.26451942533823264,0.004607207748453872
-0.26434831102122686,-0.05147711106813049
-0.2662439415363612,0.17165400585010276
-0.26607282721935543,0.11556968703351835
-0.2659017129023496,0.059485368216933995
-0.2657305985853438,0.0034010494003496794
-0.26555948426833814,-0.05268326941623469
-0.26745511478347234,0.17044784750199846
-0.26728400046646655,0.11436352868541412
-0.2671128861494607,0.058279209868829764
-0.26694177183245504,0.0021948910522454007
-0.26677065751544915,-0.05388942776433894
0.012055703445007256,-0.06492974108908132
0.012055703445007256,-0.06492974108908132
0.012055703445007256,-0.06492974108908132
0.011904306789118354,-0.06508051088259435
0.011601513477340564,-0.06538205046962037
0.010794064645933145,-0.06618615603502329
0.00978475360667383,-0.06719128799177677
-0.20046329436596044,0.6448977454969642
-0.19077390838907118,0.6545470122817985
-0.19077390838907118,0.6545470122817985
-0.19077390838907118,0.6545470122817985
-0.18471804215351542,0.6605778040223192
-0.18592921540062657,0.6593716456742152
-0.18835156189484892,0.6569593289780067
-0.2970596815761173,0.15940353819644265
-0.29322429962693203,0.16322303963210616
-0.294637335081895,0.16181585489265124
-0.2970596815761173,0.15940353819644265
-0.29322429962693203,0.16322303963210616
-0.294637335081895,0.16181585489265124
-0.29584850832900617,0.160609696544547
-0.29322429962693203,0.16322303963210616
-0.294637335081895,0.16181585489265124
-0.09320808509245347,0.3417786941188061
-0.13015150990117347,0.281963085455817
-0.13387961621888067,0.2771017137804829
-0.14862231679215607,0.2520258423966281
-0.14862231679215607,0.2520258423966281
-0.13676416080136627,0.2442563897279982
0.3098024954396136,0.313238556590539
0.3832313472740054,0.3977850868991738
0.00024870647981305925,-0.04774280285493761
-0.01961260296323027,-0.05117272437196481
0.14518761433918265,0.0970917847400139
2.336288094232851,3.3641041115365042
2.336237628680888,3.364053854938665
2.3361710141075385,3.363987516184946
2.3361030874768103,3.363919870806463
2.3360357664730365,3.363852828547317
-0.13534587230532497,-0.14843807071368978
-0.135345894526588,-0.14843809968970817
-0.135345894526588,-0.14843809968970817
-0.135345894526588,-0.14843809968970817
-0.135345894526588,-0.14843809968970817
-0.135345894526588,-0.14843809968970817
-0.13776824102081028,-0.15085041638591662
-0.13776821879954732,-0.1508503874098983
-0.14261293400925493,-0.15567504977833369
-0.15472466648036648,-0.16773663325937618
-0.135345894526588,-0.14843809968970817
-0.135345894526588,-0.14843809968970817
-0.2292300998899508,0.28861103569595015
-0.23448252048820817,0.3202447598562898
0.17679819603315353,-0.10015343622535629
0.03872436153384723,-0.08321762619671753
0.03872436153384723,-0.08321762619671753
0.30354365551904455,0.25820990279332684
0.29143192304793286,0.24614831931228429
0.2654700550235594,0.22485671283579314
0.25335832255244783,0.2127951293547506
0.3283477591617102,0.298078108120791
0.3283477591617102,0.298078108120791
0.17679819603315353,-0.10015343622535629
0.3283477591617102,0.298078108120791
0.2534959248405231,0.3241444600568591
0.30112130902482215,0.2557975860971183
-0.05996493445523694,-0.10944002577989871
-0.059366034345716766,-0.3057351416379439
-0.33232591324848476,0.15407026618825362
-0.2888643237422905,0.07098666942844971
0.8148682979405713,0.5527243771013597
-0.23861454033169138,-0.4573742636136091
-0.14287979079277413,-0.5808507311982347
-0.04714490810852035,-0.7043273705106384
0.04858927080752585,-0.8278031021190718
0.0645451796920466,-0.8483826646671714
0.0645451796920466,-0.8483826646671714
0.0645451796920466,-0.8483826646671714
0.0645451796920466,-0.8483826646671714
-0.14287979079277413,-0.5808507311982347
-0.04714490810852035,-0.7043273705106384
0.04858927080752585,-0.8278031021190718
0.0645451796920466,-0.8483826646671714
0.0645451796920466,-0.8483826646671714
0.0645451796920466,-0.8483826646671714
0.0645451796920466,-0.8483826646671714
0.0645451796920466,-0.8483826646671714
0.0645451796920466,-0.8483826646671714
0.0645451796920466,-0.8483826646671714
-0.12677127920831738,-0.31153321149091495
0.08080677589649984,-0.2891685690008095
0.2883850530317058,-0.26680398233440916
0.49596298193891275,-0.24443802434774567
0.6237615297514422,-0.1191773461016626
0.735604701989764,0.026663590116958506
0.7807146214661268,0.0854858924311374
0.7807146214661268,0.0854858924311374
-0.12677127920831738,-0.31153321149091495
0.08080677589649984,-0.2891685690008095
0.2883850530317058,-0.26680398233440916
0.49596298193891275,-0.24443802434774567
0.6237615297514422,-0.1191773461016626
0.735604701989764,0.026663590116958506
0.7807146214661268,0.0854858924311374
0.7807146214661268,0.0854858924311374
0.735604701989764,0.026663590116958506
0.7807146214661268,0.0854858924311374
0.7807146214661268,0.0854858924311374
-0.24291279834613622,-0.4353392449758054
-0.15147630255173195,-0.5367807158124335
-0.0600396693420588,-0.6382223802666457
0.03139630023676881,-0.7396633427810642
0.04305401686379951,-0.7382082237943728
0.038755664056861046,-0.7161727192028752
0.03445756744585091,-0.6941385279997399
0.030160369228562807,-0.6721089424117961
-0.24291279834613622,-0.4353392449758054
-0.15147630255173195,-0.5367807158124335
-0.0600396693420588,-0.6382223802666457
0.03139630023676881,-0.7396633427810642
0.04305401686379951,-0.7382082237943728
0.038755664056861046,-0.7161727192028752
0.03445756744585091,-0.6941385279997399
0.030160369228562807,-0.6721089424117961
0.04305401686379951,-0.7382082237943728
0.038755664056861046,-0.7161727192028752
0.03445756744585091,-0.6941385279997399
0.030160369228562807,-0.6721089424117961
-0.14287979079277413,-0.5808507311982347
0.04858927080752585,-0.8278031021190718
0.0645451796920466,-0.8483826646671714
0.0645451796920466,-0.8483826646671714
0.0645451796920466,-0.8483826646671714
-0.14287979079277413,-0.5808507311982347
0.04858927080752585,-0.8278031021190718
0.0645451796920466,-0.8483826646671714
0.0645451796920466,-0.8483826646671714
-0.14287979079277413,-0.5808507311982347
0.04858927080752585,-0.8278031021190718
0.0645451796920466,-0.8483826646671714
0.0645451796920466,-0.8483826646671714
1.5268342317415067,-1.2459553605554543
0.9074989439462965,-0.8586406901317517
0.5971728878978444,-0.6645939206445158
0.5963654390664368,-0.6653980262099187
0.67400485912407,-0.6521563594233077
0.596163576858585,-0.6655990526012693
0.41048227139261767,-0.5478749655231046
0.4488691301236814,2.135220802187267
0.4488691301236814,2.135220802187267
0.4488691301236814,2.135220802187267
0.4482809183629011,1.7971066781569554
0.4482809183629011,1.7971066781569554
0.4482809183629011,1.7971066781569554
0.2305698189870221,1.5207589501116847
0.10988803778379552,1.365788422601487
0.02816409499971802,1.2599070179431022
-0.030835382591495483,1.1826596938918306
-0.07542422256667344,1.1235705896393446
-0.030835382591495483,1.1826596938918306
-0.030835382591495483,1.1826596938918306
-0.030835382591495483,1.1826596938918306
-0.030664268274489707,1.1265753750752463
-0.030493153957483952,1.0704910562586623
-0.2632129457486487,0.15696568499823985
-0.26304449086277387,0.15137728627365807
-0.2628755470158826,0.1457721039961185
-0.262706824315301,0.1401753134060356
-0.26253711230047144,0.1345449085216858
-0.26304449086277387,0.15137728627365807
-0.26304449086277387,0.15137728627365807
-0.26304449086277387,0.15137728627365807
-0.26304449086277387,0.15137728627365807
-0.26304449086277387,0.15137728627365807
-0.26304449086277387,0.15137728627365807
0.041844625420839165,-0.17503968978263845
0.008706928447916679,-0.17097509823453572
-0.024430808028244842,-0.16691050184105918
-0.05756852969069172,-0.16284590726459777
-0.09070624888418617,-0.15878131299097226
-0.10727510848093338,-0.15674901585415948
-0.02185520725412671,-0.07664329963501139
-0.13788744084432347,-0.4230680183070345
-0.33850834066439767,-0.4585998414232778
0.13754899398229056,0.5466825829474597
0.12760732594834223,0.5337188754217447
0.11766571291202084,0.5207552396116761
-0.11631555919095315,0.5373209777596274
-0.09750428574505399,0.7224213975166431
-0.09750428574505399,0.7224213975166431
-0.09750428574505399,0.7224213975166431
-0.09750428574505399,0.7224213975166431
-0.09750428574505399,0.7224213975166431
-0.09750428574505399,0.7224213975166431
-0.09750428574505399,0.7224213975166431
-0.24930716430772992,0.5296984927815974
-0.18156666197316274,0.6180305570701669
-0.11837186621648457,0.696703285651844
-0.06529998003425308,0.7644150749234848
0.03797658139959611,0.8990853510246343
-0.09750428574505399,0.7224213975166431
-0.11514516847263323,0.9298724559095207
-0.11480293983862169,0.8177038182763523
-0.09767540006205976,0.7785057163332275
-0.09248847843960357,0.6711617120924758
-0.09231736412259783,0.6150773932758915
-0.09118218233559544,0.47660385637686137
-0.09292402762485386,0.7360141774802418
-0.10234897873349862,0.7175967641242258
-0.09750428574505399,0.7224213975166431
-0.010101260834032483,0.8173422306092837
-0.010101260834032483,0.8173422306092837
-0.011312433311100418,0.8161360730280339
-0.03597215217031682,0.7865926555442971
-0.05151918669022414,0.766319674170369
-0.058751779297365504,0.7649300452214111
-0.07011662696391771,0.7541224131675406
-0.06648443636216428,0.7614526905339956
-0.08942456708111649,0.7337783882709429
-0.1117499423061651,0.7069057130985933
-0.10441760323144997,0.7153031853923614
-0.060455287045808465,0.7692397083159016
-0.06287763354003077,0.766827391619693
-0.08874841457788639,0.7360779561094398
0.11069654442183274,0.14032271919271058
0.11064607886986977,0.14027246259487286
0.1105956133179068,0.1402222059970352
0.11054514776594383,0.14017194939919755
0.18590466147544554,0.13381678242079365
0.18578354419404935,0.1336961666291189
0.1856826131382511,0.13359565348137178
0.18545551786565156,0.13336949850353177
0.18401724987534562,0.1319371857048001
0.23266132521958874,0.12969539060803292
0.2325603941637905,0.12959487746028597
0.23240899745977395,0.12944410761884456
0.23155108298014818,0.12858974535974715
0.23139968642051462,0.12843897566209098
-0.06315876335710408,0.042475034165103016
-0.06320922890906704,0.04242477756726537
-0.06325969446103002,0.04237452096942766
-0.06331016001299297,0.04232426437159003
-0.06336062556495595,0.042274007773752266
0.11103877305584427,0.028154081559541858
0.11098830750388132,0.02810382496170415
0.1108873763999554,0.02800331176602881
0.11066028131986663,0.027777156979902403
0.18617623838002376,0.021577785593787823
0.18607530727609786,0.021477272398112396
0.18597437617217194,0.021376759202437052
0.18577251396432015,0.02117573281108641
0.18451087555026757,0.019919318248571835
0.23305401940556325,0.0175770095727019
0.23295308830163736,0.017476496377026533
0.23280169183825927,0.01732572677522725
0.23270076025305625,0.01722521310026761
0.23254936388593356,0.01707444359432513
0.11035748786370572,0.027475617249091117
-0.148551109003822,-0.4392897394376914
-0.1655075344633782,-0.456175956311151
-0.1824639599229344,-0.4730621731846105
-0.1897310363676755,-0.4802991600822678
-0.20825646202243597,-0.49945031097356096
-0.13673299110304593,-0.4312668471212022
-0.1609564560452691,-0.4553900140832874
-0.2021363464470484,-0.49639939791883236
-0.23647589738952132,-0.5302455504653198
-0.3188361340586616,-0.6122647721144664
-0.16516530582936667,-0.5683445939443197
-0.189388807733664,-0.5924677977154366
-0.13780838759536906,-0.5416863066756789
-0.13994629137057046,-0.5440495019277485
-0.14479098435901508,-0.5488741353201655
-0.14963567734745975,-0.5536987687125824
-0.16174740981857133,-0.5657603521936251
-0.15861395754404176,-0.5632252320627411
-0.17314803650937563,-0.5776991322399923
-0.1361295038810826,-0.6255671779140898
-0.14339654336374963,-0.6328041280027156
-0.14824123635219424,-0.6376287613951326
-0.16930347777637564,-0.5750412085573183
-0.14721791660935393,-0.5532812368473028
-0.15690730258624316,-0.562930503632137
-0.2247330968296534,-0.6304754631485545
-0.18084632548760876,-0.5870045492671976
-0.20749211844301713,-0.6135400145209755
-0.13383536850110622,-0.5449881774078512
-0.16532587292599632,-0.576348294458562
-0.19197168436244183,-0.6028837781168556
-0.13141302200688398,-0.5425758607116428
-0.13625771499532857,-0.5474004941040599
-0.14023073408959139,-0.5440986233718874
-0.14023073408959139,-0.5440986233718874
-0.28850560339442005,0.26553764933564333
-0.2909279498886424,0.2631253326394347
-0.2933502963828647,0.2607130159432262
-0.295772642877087,0.2583006992470177
-0.2961763657527042,0.2578986479980259
-0.29658009093845134,0.2574965944484697
-0.29678195314630307,0.257295568057119
-0.2981949893713093,0.25588838255080915
-0.31272906833664316,0.24141448237355803
0.6613007651281728,0.5114469864087811
0.6601939457605357,0.5115486405095899
0.6597209267923558,0.5115920851517445
0.65909659383155,0.5116494217715223
0.6576515657378028,0.5117821348213663
0.6558598433316046,0.5119466909623964
0.6506428609982919,0.5124258257840458
0.6613007651281728,0.5114469864087811
0.6601939457605357,0.5115486405095899
0.6597209267923558,0.5115920851517445
0.65909659383155,0.5116494217715223
0.6576515657378028,0.5117821348213663
0.6558598433316046,0.5119466909623964
0.6506428609982919,0.5124258257840458
-0.17608326263002322,-0.44961705124013074
-0.11166710512910367,-0.38546762180968913
-0.11166711500491344,-0.38546762059834555
-0.18433749995577312,-0.4578371226959448
-0.23989802035458735,0.03922011658781159
-0.26152104254250147,0.011024190661804188
-0.2708413068956951,-0.0011292206897475648
-0.2786703356187564,-0.011338094917856619
-0.30644289835307614,-0.04324585175099932
-0.14329199838777312,1.345837427290631
-0.14025418341185578,1.3337094466975146
-0.17007512131978084,1.304662689307857
-0.1487533885784843,1.3377440979513382
-0.24926778111422895,1.2380023484570675
-0.2184761978012826,1.2620646226279997
-0.2192079416204767,1.2540023332803805
-0.23058563414247918,1.2520374783191683
-0.22527589601580889,1.2445154648664072
-0.22212084160929688,1.2478731978153588
-0.12864473872674984,-0.42496815836818674
-0.1706724739218217,-0.42049049441374614
-0.12935125635797598,-0.4256717506420574
-0.19782294126291836,-0.44752854443384404
-0.12975498077367967,-0.4260738034247588
-0.04785637983270446,-0.526970790608021
-0.12884660083834634,-0.42516918466368064
-0.13217732726790202,-0.4284861201209673
-0.17006688777954312,-0.4198874157189784
-0.25003199959302924,-0.29066268049726623
-0.25245434608725165,-0.29307499719347485
-0.30384677908933105,-0.23475384446387804
-0.31440839907879004,0.12470408792328425
-0.27884086316857815,0.18015277016283435
-0.2752073434272446,0.18377124520714708
-0.27399617018013345,0.18497740355525133
-0.2715738236859112,0.18738972025145972
-0.06627631645874921,0.6596466654419803
-0.05961486359963788,0.6662805363565538
-0.05961486359963788,0.6662805363565538
-0.05961486359963788,0.6662805363565538
-0.0769068311791702,0.9584611521483601
-0.031999390507032634,0.7022904810795427
-0.030810277719379914,0.478455771791582
-0.03086074327134289,0.4784055151937445
-0.030911208823305853,0.47835525859590694
-0.03101213992723178,0.4782547454002312
-0.3288197373507456,0.5903651808538564
-0.3324313567680368,0.5856557118130401
-0.336042962759982,0.5809462602785671
-0.3396544881998522,0.5762369137821561
-0.34326620830723736,0.5715273134437622
-0.3468777471724533,0.5668179494410076
0.688569372464761,0.14761447796407756
0.6884684413608353,0.14751396476840214
0.6882665791529834,0.14731293837705137
0.6877619236333536,0.14681037239867456
0.6872572681137239,0.14630780642029786
0.688569372464761,0.14761447796407756
0.6884684413608353,0.14751396476840214
0.6882665791529834,0.14731293837705137
0.6877619236333536,0.14681037239867456
0.6872572681137239,0.14630780642029786
0.6884684413608353,0.14751396476840214
0.6882665791529834,0.14731293837705137
0.6877619236333536,0.14681037239867456
0.6872572681137239,0.14630780642029786
0.6884684413608353,0.14751396476840214
0.6882665791529834,0.14731293837705137
0.6877619236333536,0.14681037239867456
0.6872572681137239,0.14630780642029786
0.677164157721131,0.1362564868527623
0.677164157721131,0.1362564868527623
-0.14471706506910384,0.36309442337411296
-0.12649131396010002,0.36085889750901834
-0.12636535123488948,0.3554245735746905
-0.11476716451367854,0.3540019674183584
-0.1031689546830727,0.35257935842748234
-0.14388932436428237,0.3310809720431406
-0.11145294961501234,0.3748700039034788
-0.09169576256623645,0.3991401881649204
-0.03204612733429553,0.4769219405895253
-0.12064692267226027,0.3726489213436476
-0.12653406453521643,0.36102136489917197
-0.12118325891283058,0.3490556104927907
-0.11166015795254988,0.31381415493535736
-0.13968261812532454,0.29491011895717306
-0.1392608805882046,0.28091803394750786
-0.10785552389421066,0.2613483111630857
-0.10889558282431605,0.20405783399839705
1.3164201098414605,2.457450519231334
1.31875689917718,2.4879049953358345
1.318585784860174,2.5439893141524195
1.3184146705431685,2.600073632969004
1.3182435562261627,2.656157951785588
1.3180724419091572,2.7122422706021716
1.3179013275921514,2.7683265894187565
-0.2766877168808234,-0.21922457559381212
-0.2766877168808234,-0.21922457559381212
-0.2766877168808234,-0.21922457559381212
-0.2766877168808234,-0.21922457559381212
-0.2766877168808234,-0.21922457559381212
-0.33136495429077495,-0.21251799495147924
-0.2645759844097118,-0.20716299211276953
-0.2648787777214895,-0.20746453169979556
-0.2651815710332674,-0.20776607128682167
-0.265787157656823,-0.20836915046087376
-0.2669983309039341,-0.20957530880897798
-0.27184302389237874,-0.2143999422013951
-0.1088192934676288,-0.3941202168583033
-0.11366398645607338,-0.3989448502507204
-0.11608633295029575,-0.40135716694692863
-0.12093102593874036,-0.406181800339346
-0.13788745139829653,-0.4230680172128054
-0.1766449953058536,-0.46166508435214165
1.540280499478528,-1.16717169638136
1.4668007499548283,-1.1581588416629676
1.4149327205788669,-1.1517968318349898
1.36954872897739,-1.1462299981832602
-0.18731505997798134,0.23676451490612396
-0.18731505997798134,0.23676451490612396
-0.235004142328221,0.18452492834442003
-0.235004142328221,0.18452492834442003
-0.235004142328221,0.18452492834442003
-0.19393260979152532,0.23681862190153577
-0.1301091599509507,0.15450061121749342
-0.0024632309342374824,-0.010134160339983777
0.02944831731810074,-0.05129293568981588
-0.1101981997470579,0.15793910710437595
-0.12268437917934882,-0.28814314757466003
0.41214991102720844,1.2453485256637165
-0.12230703949275741,0.15790115430191917
-0.23259684806329967,0.12884453231480636
-0.2943818642250507,0.10410496534778865
-0.32388647952068245,0.08410911584933521
-0.2973175536702903,0.2699456051013332
-0.2973175536702903,0.2699456051013332
-0.29697532503627866,0.15777696746816453
-0.29646198208526153,-0.010475988981588549
-0.2962908677682558,-0.06656030779817289
-0.2919595177308283,0.10651728204399716
-0.296804210719273,0.10169264865158012
-0.2992265572134952,0.0992803319553716
-0.3016489037077176,0.09686801525916305
-0.296804210719273,0.10169264865158012
-0.296804210719273,0.10169264865158012
-0.296804210719273,0.10169264865158012
-0.33160180421581864,0.24542512521020116
-0.296804210719273,0.10169264865158012
-0.07251675903646854,0.3825026782131028
0.01234818776474912,0.37209334452342974
0.01234818776474912,0.37209334452342974
0.01234818776474912,0.37209334452342974
-0.021597728738111024,0.376257070367832
0.4699682759664376,0.3389810774609656
0.7442819697992573,0.32096779495473526
1.292203553278321,0.2849527703107005
-0.07251675903646854,0.3825026782131028
0.19983856757520535,0.36182753871363577
-0.11102941363012385,-0.38635449008656225
-0.11345176012434614,-0.3887668067827708
-0.11950762635990199,-0.394797598523292
-0.12677466584256888,-0.4020345486119177
-0.13404170532523585,-0.4092714987005433
-0.15268357246348638,-0.5842760482517586
-0.1599506119461533,-0.5915129983403843
-0.1744846909114872,-0.6059868985176355
-0.14268655895834376,-0.4923968453018136
-0.15722063792367766,-0.5068707454790646
-0.17659939447659198,-0.5261692637116363
-0.14955470594507334,-0.5837357129518035
-0.17135582439307412,-0.6054465632176801
-0.13801644602444663,-0.5737671574241962
-0.1501281784955582,-0.5858287409052388
-0.1525505249897805,-0.5882410576014474
-0.15739521797822514,-0.5930656909938644
-0.14955012018895683,-0.5817409281208749
-0.15681715967162374,-0.5889778782095004
-0.16408419915429076,-0.5962148282981259
-0.145136678052405,-0.5789847619012664
-0.15967075701773886,-0.5934586620785175
-0.16451545000618348,-0.5982832954709345
-0.14040643416271362,-0.4900090893862316
-0.15736285962226979,-0.5068953062596913
-0.2251886538656801,-0.574440265776109
-0.14541653298081944,-0.5770390981631331
-0.15026122596926406,-0.5818637315555504
-0.157528265451931,-0.5891006816441757
-0.1474168021698719,-0.5813725176997336
-0.15952853464098346,-0.5934341011807763
-0.16921792061787275,-0.6030833679656106
-0.1452834855071136,-0.5810041075128218
-0.1525505249897805,-0.5882410576014474
-0.1695069504493367,-0.605127274474907
-0.1503848499710669,-0.5017022626803621
-0.16734127543062305,-0.5185884795538219
-0.2012541263497355,-0.5523609133007412
-0.11788095032629127,0.4773965168572605
-0.014091899596557367,0.4885788861209184
0.08969697129129518,0.4997613057855354
0.1934859502959492,0.5109434649669721
0.2972749765393166,0.5221267735872949
0.01927371126380279,0.3252344034883805
0.1189236754243996,0.41371596545823547
0.1562048128601744,0.46232971521260385
0.2307674610489431,0.5595577015184481
0.1931437216619377,0.6231121026001409
0.1938281789299608,0.39877482733380326
0.1938281789299608,0.39877482733380326
0.1934859502959492,0.5109434649669721
0.1934859502959492,0.5109434649669721
-0.07265672525994378,0.03990443961515349
-0.1052923683855599,0.04390745042558087
-0.13792799011358864,0.047910458611430826
-0.07265672525994378,0.03990443961515349
-0.35075425133699767,-0.09855655873324465
-0.35046642509684894,-0.09852602860036605
-0.35029077291505506,-0.09850739582802198
-0.35017283343854705,-0.09849488528623734
-0.350088422741456,-0.09848593193304664
-0.20877989165491037,0.44918756469096704
-0.20874991577552232,0.44819255248780615
-0.20871239480639592,0.4469488647860068
-0.20859995251105987,0.44321763620435733
-0.2083751613188472,0.43575504525110326
-0.20871239779031447,0.44694886427070313
-0.19555317817916798,0.010399142127748319
0.004102187297402337,1.060692509593508
0.004102187297402337,1.060692509593508
0.004102187297402337,1.060692509593508
0.004102187297402337,1.060692509593508
0.004102187297402337,1.060692509593508
0.004102187297402337,1.060692509593508
0.004102187297402337,1.060692509593508
0.004102187297402337,1.060692509593508
0.004102187297402337,1.060692509593508
0.004102187297402337,1.060692509593508
0.004102187297402337,1.060692509593508
0.004102187297402337,1.060692509593508
-0.19182193615514553,0.8052119378224778
0.3563144715534344,1.5464356320863843
0.35634139065956805,1.5455982148877214
0.3563747889693088,1.5444784103234082
0.35639971328854336,1.5436383925523163
0.35642503215601906,1.5427988902947227
0.7361359782368233,2.0405508230358422
0.6849895626122066,1.9735662301113261
0.5656616753591586,1.8168020376896465
0.24994906715958418,1.402502471979348
0.6133894932233082,1.879619700831652
0.4861378772714493,1.7113597898377364
0.4515824319244385,1.6648460819018303
0.17755170297242048,1.3069346148385634
0.20226758562247021,1.338000199645363
-0.18191122446168767,0.8350039530007146
0.49549106869471343,1.7238469755588794
0.3565341776968212,1.5391603041481088
0.10094340535532655,1.2041307444757363
0.21161198675300738,1.348149211658218
0.20750308431655054,1.3416279405021223
0.10810415007470786,1.211432327016948
-0.09979993308266265,0.9382942863084698
0.2657063534669938,1.4172328259825797
0.22411410118729497,1.3618341227859532
0.12974894825198016,1.238493301929368
0.06995112708981643,1.1587732645261262
0.17032282003398488,1.2896556543570707
-0.11220745174216153,0.9183342653052746
0.07395694160691799,1.1622517289184897
0.004102187297402337,1.060692509593508
-0.17842928557966414,-0.5625301347592577
-0.18327397856810873,-0.5673547681516746
-0.1978080575334426,-0.5818286683289259
-0.1764381895982529,-0.5621862851773005
-0.18128288258669756,-0.5670109185697177
-0.1909722685635868,-0.5766601853545518
-0.1707493440339585,-0.5612038578170113
-0.17559403702240317,-0.5660284912094283
-0.18043873001084781,-0.5708531246018455
-0.1782881869513817,-0.42222109500519056
-0.1855552264340487,-0.4294580450938162
-0.20008930539938255,-0.44393194527106744
-0.17757596013525476,-0.5623827708952989
-0.18242065312369937,-0.567207404287716
-0.19211003910058863,-0.5768566710725501
-0.17615374755739535,-0.5621371638502762
-0.18099844054584,-0.5669617972426932
-0.19068782652272923,-0.5766110640275274
-0.1707493440339585,-0.5612038578170113
-0.17801638351662546,-0.5684408079056369
-0.18528342299929246,-0.5756777579942624
-0.2604106877705063,0.1520665793585159
-0.26029819250646763,0.148335419846842
-0.2600732581418327,0.1408730155871488
-0.25939845627437985,0.1184858106931407
-0.4005102888008886,-0.1326762285937444
-0.3869283135740983,-0.12383335362758786
-0.37550802264601546,-0.11714321202024569
-0.41929397487866077,-0.17011359711175775
-0.23129790612359055,0.3067948429910581
-0.23160069914660214,0.30649330369160255
-0.23190349274714606,0.30619176381700597
-0.23210535495499798,0.3059907374256553
-0.2323072171628498,0.3057897110343044
-0.2325090793707016,0.3055886846429538
-0.23372025223279125,0.30438252667827687
-0.2343258392413684,0.30377944712079735
-0.23674818573559075,0.30136713042458885
-0.23220628605892388,0.30589022422997986
-0.2325090793707016,0.3055886846429538
-0.23281187171992537,0.30528714601449625
-0.2331146659942572,0.3049856054689017
-0.2334174587285026,0.30468406645701657
-0.23372025223279125,0.30438252667827687
-0.23674818573559075,0.30136713042458885
-0.2379593589827019,0.3001609720764846
-0.24038170547692422,0.2977486553802761
-0.24159287872403531,0.2965424970321719
-0.24280405197114657,0.29533633868406756
-0.20017523537527876,0.13304183607864395
-0.20018701401641412,0.13303010620732397
-0.20020046814524428,0.13301670778571623
-0.20252188353554074,0.1307049042851831
0.33772541888924174,1.8637101358655659
0.3394365620592993,1.3028669476997226
0.3390328376435956,1.3024648949170214
0.33862911322789174,1.3020628421343197
0.3382253888121882,1.3016607893516183
0.33216952257663235,1.2956299976110972
0.3382253888121882,1.3016607893516183
0.3382253888121882,1.3016607893516183
0.3377120458611709,1.4699137458013714
0.3378831601781765,1.4138294269847869
0.3380542744951823,1.3577451081682028
0.33839650312919384,1.2455764705350338
0.3382253888121882,1.3016607893516183
0.3382253888121882,1.3016607893516183
0.3382253888121882,1.3016607893516183
0.18910123145427069,1.1072063019954392
0.4873507683395871,1.4961168703888221
0.3192625722990302,1.2983860318353304
0.3287440054215978,1.300023414887672
0.3477067993293114,1.3032981685001432
0.3249703031165362,1.3032866268179923
0.36473556843333355,1.2984091134094173
0.3779906500140648,1.2967832764477698
-0.09882338279500513,0.5342219255935545
-0.09882338279500513,0.5342219255935545
-0.09882338279500513,0.5342219255935545
-0.09882338279500513,0.5342219255935545
-0.09882338279500513,0.5342219255935545
-0.0991656114290167,0.6463905632267233
-0.09899449711201094,0.590306244410139
-0.09865226847799942,0.47813760677697004
-0.10609042227767211,0.5269849755049291
-0.10643265091168366,0.6391536131380976
-0.10626153659467791,0.5830692943215132
-0.33914006604747154,-0.35046320684276744
-0.33914006604747154,-0.35046320684276744
-0.33914006604747154,-0.35046320684276744
-0.33914006604747154,-0.35046320684276744
-0.31866211743054984,-0.3365224232577211
-0.22230807128820693,-0.22980441880869043
-0.2372204387001589,-0.24924980453112752
-0.252132894997163,-0.26869530615763776
-0.2707734737013918,-0.2930021940567825
-0.28568591333244875,-0.3124476739512791
-0.300598341852874,-0.3318931393577665
-0.3192388858363794,-0.35619998198188263
-0.3341513324115809,-0.37564547093138484
-0.300598341852874,-0.3318931393577665
-0.300598341852874,-0.3318931393577665
-0.300598341852874,-0.3318931393577665
-0.300598341852874,-0.3318931393577665
-0.300598341852874,-0.3318931393577665
-0.300598341852874,-0.3318931393577665
-0.300598341852874,-0.3318931393577665
-0.29519392815698753,-0.33095983156778436
-0.3060027474108008,-0.33282644574237485
-0.30931651735498833,-0.33241998655728094
-0.31263029285431876,-0.3320135266908064
-0.3159440634157444,-0.3316070674300035
-0.3192578345944081,-0.3312006080934917
-0.3275288338650013,0.4984306310086729
-0.3296783947018049,0.4839801273080068
-0.33099029589665835,0.4590162718557569
-0.3311404294314912,0.4296491833097167
-0.3307945156668017,0.401103740050195
-0.3296783947018049,0.4839801273080068
-0.33099029589665835,0.4590162718557569
-0.3311404294314912,0.4296491833097167
-0.3307945156668017,0.401103740050195
-0.32979249567761787,0.06642604013966638
-0.32979249567761787,0.06642604013966638
-0.3281411191807855,0.4952973146760318
-0.3281411191807855,0.4952973146760318
-0.2331146659942572,0.3049856054689017
-0.334037975828235,0.317450709882323
-0.33386926040912396,0.3118539188136632
-0.3335318445349728,0.3006603368112609
-0.33319443095741047,0.28946675315335346
-0.33218217505240905,0.25588601801877625
-0.334037975828235,0.317450709882323
-0.33386926040912396,0.3118539188136632
-0.3335318445349728,0.3006603368112609
-0.33319443095741047,0.28946675315335346
-0.33218217505240905,0.25588601801877625
-0.3340211203974607,0.31689099913996266
-0.33373429558022366,0.3073764862285123
-0.3333293971517556,0.2939441793953757
-0.3319797219147821,0.24916979081787605
-0.334037975828235,0.317450709882323
-0.33386926040912396,0.3118539188136632
-0.3335318445349728,0.3006603368112609
-0.33319443095741047,0.28946675315335346
-0.33218217505240905,0.25588601801877625
-0.16332402217244377,-0.11091639922658626
-0.16342495327636974,-0.11101691242226158
-0.1638286776920735,-0.11141896520496296
-0.16423240210777723,-0.11182101798766438
-0.16544357535488838,-0.11302717633576863
-0.16786592184911062,-0.11543949303197719
0.99819875244047,2.4011154037489866
-0.2662467088295526,0.14657425659193551
-0.268669055323775,0.14416193989572704
-0.2710914018179971,0.14174962319951845
-0.2538587716499188,-0.18706161939830587
-0.19004754818182581,-0.49431173952934926
0.4861926384918116,-0.8199830508776051
-0.3132863763440741,0.11259324649106392
-0.31086402532214735,0.11500555961481862
-0.30359698583948036,0.12224250970344415
-0.31086402984985173,0.11500556318727248
-0.3060193315636594,0.11983019377409049
-0.31813106933251867,0.10776861309864699
-0.30359698583948036,0.12224250970344415
-0.3084416833556294,0.11741787988348105
-0.3120751973461379,0.11379940583229904
-0.34827476448827527,0.10740181348054832
-0.338585378511386,0.11705108026538243
-0.3380543932922565,0.12456997092147898
-0.01713505637154472,0.290084410747128
-0.05294254517835297,0.1313099330334334
0.18537264057905758,-1.122659521035488
-0.24793488484406007,0.45027413125216637
-0.24605262738963415,-0.1666533650330269
-0.24519705580460538,-0.44707495911594886
-0.17378386533010343,-0.46956917060995235
-0.2617426595000949,-0.5305118384181654
-0.3142138934988106,-0.42757019536593976
-0.039438854894962225,0.13450499340998953
-0.039438854894962225,0.13450499340998953
-0.039438854894962225,0.13450499340998953
-0.06850701282563,0.10555719305548737
-0.039438854894962225,0.13450499340998953
-0.039438854894962225,0.13450499340998953
-0.06850701282563,0.10555719305548737
-0.04947046950586301,0.23702436425832424
-0.04912824087185148,0.12485572662515555
-0.06850701282563,0.10555719305548737
-0.039438854894962225,0.13450499340998953
-0.039438854894962225,0.13450499340998953
-0.06850701282563,0.10555719305548737
-0.039438854894962225,0.13450499340998953
-0.039438854894962225,0.13450499340998953
-0.09757520771837197,0.07660935589195347
-0.09757520771837197,0.07660935589195347
-0.09757520771837197,0.07660935589195347
-0.09757520771837197,0.07660935589195347
-0.09757520771837197,0.07660935589195347
-0.09757520771837197,0.07660935589195347
-0.07228646045880723,0.5010034891574517
-0.07475557601338903,0.5005770886427742
-0.07613828167715081,0.5003383041899436
-0.0775012332206483,0.5001029311477426
-0.076178619387133,0.5016816849338864
-0.0775415713078722,0.5014463118265379
-0.07609772053008768,0.4989951165588275
-0.07746067446294941,0.4987597431039984
-0.07884337912460088,0.49852095882422615
-0.0761990301106736,0.5023531872787484
-0.0775619821714554,0.5021178141472157
-0.2720072225406721,0.27294736451108625
-0.27193974085332134,0.2707086411886556
-0.2717710416326215,0.26511183776191305
-0.2714336304520086,0.2539182608326872
-0.2988753932226619,-0.22394065548694458
-0.16738402879324427,0.40123011281512855
-0.21212138330103916,0.34289362669098394
-0.24194615594149244,0.30400280593419515
-0.3165083441982141,0.2067754193692115
-0.2717710416326215,0.26511183776191305
-0.2717710416326215,0.26511183776191305
-0.27578274429318134,0.2856778304495754
-0.2717710416326215,0.26511183776191305
-0.17824354152792368,-0.16183190075441545
-0.018685845851966018,-0.36762572760656476
0.10098243157393728,-0.5219711081221838
0.10098243157393728,-0.5219711081221838
0.10098243157393728,-0.5219711081221838
-0.17824354152792368,-0.16183190075441545
-0.018685845851966018,-0.36762572760656476
0.10098243157393728,-0.5219711081221838
0.10098243157393728,-0.5219711081221838
0.10098243157393728,-0.5219711081221838
-0.17824354152792368,-0.16183190075441545
-0.018685845851966018,-0.36762572760656476
0.10098243157393728,-0.5219711081221838
0.10098243157393728,-0.5219711081221838
0.10098243157393728,-0.5219711081221838
-0.17824354152792368,-0.16183190075441545
-0.018685845851966018,-0.36762572760656476
0.10098243157393728,-0.5219711081221838
0.10098243157393728,-0.5219711081221838
0.10098243157393728,-0.5219711081221838
-0.17824354152792368,-0.16183190075441545
-0.018685845851966018,-0.36762572760656476
0.10098243157393728,-0.5219711081221838
0.10098243157393728,-0.5219711081221838
0.10098243157393728,-0.5219711081221838
-0.011629868683775232,0.01711374803999164
-0.011629868683775232,0.01711374803999164
-0.011629868683775232,0.01711374803999164
-0.011629868683775232,0.01711374803999164
-0.011629868683775232,0.01711374803999164
-0.011125213164145588,0.017616314018368447
-0.011629868683775232,0.01711374803999164
-0.012134524203404884,0.016611182061614875
-0.012639179723034528,0.016108616083238065
-0.012314325951798273,0.2414510233063292
-0.01197209731778676,0.12928238567316036
-0.011629868683775232,0.01711374803999164
-0.011287640049763716,-0.09505488959317708
-0.011629868683775232,0.01711374803999164
-0.011629868683775232,0.01711374803999164
-0.011629868683775232,0.01711374803999164
-0.011629868683775232,0.01711374803999164
-0.011629868683775232,0.01711374803999164
-0.011629868683775232,0.01711374803999164
-0.054038381772107555,0.00348077044805349
-0.335112697049187,0.31534594982566694
-0.31520162549883923,0.536108055781187
-0.3296165549181659,0.3043927090920652
0.3183203402822009,-0.7162092325319851
1.0830372120584808,-0.810007595654602
1.0830372120584808,-0.810007595654602
1.0830372120584808,-0.810007595654602
1.0830372120584808,-0.810007595654602
1.0830362396710036,-0.8100074763838533
1.0830372120584808,-0.810007595654602
0.3183203402822009,-0.7162092325319851
0.06341406809845589,-0.6849430319772803
-0.1277650963870751,-0.6614934392154553
-0.12776508907139683,-0.6614934486510481
-0.2492923623474404,0.38618674166752814
-0.2823445341996997,0.3622091777370243
-0.36570228153221185,-0.40109059621252924
-0.2853383826969661,-0.2501678656772527
-0.3005569189303231,-0.04030449058816643
-0.2856806113309778,-0.137999228044084
-0.2853383826969661,-0.2501678656772527
-0.28482503974594886,-0.4184208221270057
-0.28619802080686957,-0.2457609311214791
-0.2870576841093726,-0.2413538674158498
-0.2847652766752522,-0.2531058935544681
-0.2853383826969661,-0.2501678656772527
-0.2853383826969661,-0.2501678656772527
-0.3109381880753725,-0.2545887888571119
-0.28447872729383744,-0.2545748888867408
-0.2853383826969661,-0.2501678656772527
-0.3318149985778391,0.13105448030880532
-0.31455327686398077,-0.20043625869131876
0.8120184325648432,1.5026364457179144
0.5621568495642316,1.300224252744269
0.4789258574376207,1.2308879108879074
0.4076261642932557,1.1533517248940286
0.21338506353340356,0.9124946861984379
-0.33038958213336345,0.21091581937128936
-0.3328119286275858,0.20850350267508075
-0.3352342751218081,0.20609118597887222
-0.33765662161603044,0.20367886928266374
-0.33816996456704773,0.37193182573241673
-0.3378277359330362,0.25976318809924803
-0.33765662161603044,0.20367886928266374
-0.3373143929820189,0.09151023164949508
-0.33765662161603044,0.20367886928266374
-0.33765662161603044,0.20367886928266374
-0.33765662161603044,0.20367886928266374
-0.33038958213336345,0.21091581937128936
-0.3328119286275858,0.20850350267508075
-0.33038958213336345,0.21091581937128936
-0.006318368369167608,0.13253572114398457
0.010250491227579643,0.13050342400717171
0.02753045907358651,0.1285939300021986
-0.01700335362977937,0.48699902520713434
-0.0004344946010814769,0.48496672813999714
-0.018517232049308396,0.5372268347098919
-0.001948372296627319,0.5351945375539525
0.015331590089939668,0.5332850440374894
-0.01914031360044497,0.5578916737110151
-0.002571453930217012,0.5558593765651894
-0.01935935918636416,0.56515214740732
-0.0027904981311234417,0.5631198500916119
-0.10953463780519783,0.1338270770076817
-0.16745019995965596,-0.05841360928053829
-0.2412193640937769,0.35257744529032153
0.2180849646741156,0.2760288790525686
-0.3633813798041168,0.1152632666555909
-0.3294685288850043,0.14903570040251019
-0.3294685288850043,0.14903570040251019
-0.32997466296249817,0.16582606206778636
-0.3284562825541676,0.11545495380480691
-0.3169840843930693,-0.26512677889812775
-0.3489103201454942,0.12890862342109902
-0.3269831006562095,0.15227664191496332
-0.32462383589655974,0.15386033379492722
-0.32462383589655974,0.15386033379492722
-0.2673328410934705,0.30189941566248846
-0.08468594296587864,0.3818796046435762
-0.21858060634539409,-0.4487305671587999
-0.20612664524027097,-0.548837621310926
-0.07882269649195228,-0.6013040734415168
-0.07848046785794073,-0.7134727110746855
-0.04698996343305068,-0.6821125940239747
-0.05944392453817376,-0.5820055398718488
-0.07121342837527381,-0.7062357609860601
0.026731784663984192,-0.3665568495150345
0.03676339927488499,-0.4690762203633691
0.046795013885785754,-0.5715955912117038
-0.4594819354074588,0.2463204336811692
-0.42382598695137064,0.28182874761764676
-0.4073508138581351,0.29823570476458333
-0.4135697891068392,0.2920424793686546
-0.4771195657340208,0.22875583248980277
-0.4064706436858421,0.29911223056598774
-0.41455468977626786,0.2910616567098663
-0.41063493419230807,0.2949651824287493
-0.40657641988398796,0.07902153126206513
-0.40657641988398796,0.07902153126206513
-0.40657641988398796,0.07902153126206513
-0.40657641988398796,0.07902153126206513
-0.40657641988398796,0.07902153126206513
-0.40657641988398796,0.07902153126206513
-0.40657641988398796,0.07902153126206513
-0.40657641988398796,0.07902153126206513
-0.43366885560199697,0.09680101864962463
-0.40583679567713704,0.12451783909903391
-0.44372147404231305,0.08679002337622814
-0.46468344251994137,0.06591484855520653
-0.41550236421746906,0.1148922911339496
-0.41968548690073565,0.11072648879510125
-0.43939119456108483,0.0911023732059209
-0.41684363934547547,0.11355656959567402
-0.39592994467081083,0.04362078770972918
-0.42133790009279487,0.018318034686094827
-0.42010440175287195,0.019546425689297216
-0.4144510571255224,0.02517636247435437
-0.40765034503163466,0.03194891601668283
-0.40530211981685793,0.03428741833481725
-0.42084006407585367,0.018813809398137826
-0.4006812729999339,0.0388891323974731
-0.39836340200462106,0.00652795746232764
-0.4176495862726791,-0.012678371783698439
-0.41094781241088396,-0.006004346816757183
-0.4371809191876835,-0.032128834631375676
-0.41228566392676846,-0.007336658918478996
-0.45183312894213395,-0.0467203764736823
-0.39971897914520993,0.005177993129379848
-0.4526462884140039,-0.04753016903447038
-0.362639003081802,-0.24885517453193726
-0.3658669164218209,-0.25206972260035543
-0.36495244390459153,-0.2511590364838986
-0.4009156257416197,-0.2869733116923256
-0.37652841265038217,-0.2626870745853277
-0.40793896502862276,-0.29396757063322637
-0.39097052381478153,-0.27706938775707124
-0.35855479090907233,-0.24478787316170236
-0.2640317877323279,-0.5021330830160421
-0.2557081081954133,-0.49326950896317234
-0.26282061525525996,-0.5009269254347928
-0.2593889581068,-0.4975094771652582
-0.25303663884036154,-0.49003476312925115
-0.26160944123810564,-0.4997207663198336
-0.1864359099273028,-0.5175212562575161
-0.2906133800857792,-0.5110438737651345
-0.2650480777037626,-0.09846042630489145
-0.2563610253740437,-0.4944940816784248
-0.2711985361394633,-0.10573411887542825
-0.27031052604102473,-0.055870634157880614
-0.22957020178451992,-0.542916209563657
-0.21135429407345804,-0.580373197583385
-0.23800019791508903,-0.6069087732642579
-0.18955316022459295,-0.558662331980412
-0.3179381928158839,-0.6865157825094519
-0.21135429407345804,-0.580373197583385
0.1875585814784971,-0.6834916686879318
0.2360055483250176,-0.6352452979547297
0.21178204642072018,-0.6593685017258468
-0.2937144321770673,-0.662392321075114
-0.22104366156931024,-0.5900224459637035
-0.22104366156931024,-0.5900224459637035
-0.19682021510812417,-0.5658992974061341
-0.2743353522060038,-0.6430934807635156
-0.2791800328737571,-0.6479181018862553
-0.2791800328737571,-0.6479181018862553
-0.2791800328737571,-0.6479181018862553
-0.08009487905961649,0.0887518083431123
-0.2709347296275641,-0.1677729482270806
-0.292735848075565,-0.1894837984929573
-0.3072699270408989,-0.20395769867020838
-0.3145369665235657,-0.21119464875883387
-0.32180403680796127,-0.21843162952165263
-0.30238153516447386,-0.20180469043778726
-0.30964857464714085,-0.20904164052641291
-0.3169156141298078,-0.21627859061503837
-0.3241826536124748,-0.22351554070366395
-0.3314496930951418,-0.2307524907922895
-0.30094878366722355,-0.20914969063069186
-0.3082158231498905,-0.2163866407193174
-0.31548286263255754,-0.22362359080794303
-0.3227499021152244,-0.23086054089656852
-0.3300169415978913,-0.23809749098519406
-0.30337113016144585,-0.2115620073269004
-0.31306051613833513,-0.22121127411173447
-0.3203275556210019,-0.22844822420036007
-0.32517224860944677,-0.2332728575927771
-0.3300169415978913,-0.23809749098519406
-0.048645518892293065,0.43616272210481283
-0.044076004407727354,0.48725097701806114
-0.31533212884947404,0.08033852610158271
-0.31441171753523617,0.08056195449918858
-0.31393909983972695,0.08067668233939959
-0.2910689427713363,-0.22453795923494146
-0.2910689399936785,-0.2245379556129392
-0.2910689399936785,-0.2245379556129392
-0.2910689427713363,-0.22453795923494146
-0.23178399066104197,0.4083552187386412
-0.16975461318772345,-0.014424041990922723
0.365285451628179,-0.07561229307206892
-0.1435136930226195,-0.24800242056452027
-0.1438164863343972,-0.24830396015154635
-0.14411927935740884,-0.24860549945100185
-0.14442207295795284,-0.24890703932559846
-0.145633246205064,-0.2501131976737027
-0.1468444194521752,-0.25131935602180705
-0.14805559269928628,-0.25252551436991116
-0.08339045776109957,0.3685683082828921
-0.2573634793446882,0.3899074277064404
-0.07593420625670656,0.3782910895516946
-0.07959826959135603,0.3713029278346719
-0.25357123947880483,0.3926420409172938
-0.09075719567408629,0.35587934053499437
-0.19716551095523768,0.3407765182999843
-0.2833235716414422,0.3513444622808897
-0.14269593517420018,0.2793690038001414
-0.3166690147172194,0.30070813033285637
-0.15744476623513626,0.2544946608197745
-0.1551784029964915,0.2508980615019501
-0.11921032890766008,0.24438604317447515
-0.11209927268057067,0.2456140772490678
-0.16960399778873803,0.2352459434417315
-0.25741894359223005,0.24601711703299303
-0.26468618926480125,0.2300260707483508
-0.2695308822532459,0.22520143735593376
-0.35568893511257677,0.23576938037681347
-0.18880930358196435,0.19267431398845883
-0.18818509740331008,0.1719663409502648
-0.18107404108920402,0.1731943750398847
-0.1834963875834263,0.1707820583436761
-0.2670363097096446,-0.28798580509842275
-0.2601568294300039,-0.29966736823457174
-0.292074217626443,0.0917646928080184
-0.25370423547189025,0.1114432494749407
-0.26097127495455724,0.1042062993863151
-0.2682383144372241,0.09696934929768956
-0.27550535391989106,0.089732399209064
-0.2589364983980927,0.08770009853011752
-0.30082088321708916,-0.3446477350918607
-0.26768316649254736,-0.34871232906265043
-0.32716454140036383,0.032653722811738756
-0.21496513836131131,0.2330393588570953
-0.27037940567252433,0.14328642334218872
-0.2849554179631548,0.11268100908380517
-0.2991934085266032,0.0708618161836158
-0.3059743725181229,0.038738507563647176
-0.3119122362439383,-0.02135524028265964
-0.2727710456998896,0.10416254390176967
-0.2372157624509367,0.11030271463972165
-0.30058930026835146,-0.33173813667204116
-0.32935530835477234,0.04315100395908978
-0.30187877686139786,-0.3251276352397632
-0.34760120952079887,0.03287528397287611
-0.35297771467890543,-0.02008427053317442
-0.6103736562911134,-0.24861562639939197
-0.3141570853298631,0.019341426256136017
-0.33901037548330504,0.02238987205436904
-0.2649534608104045,0.07753088480325884
-0.28980675096384645,0.08057933060149192
-0.457312168798589,0.04168868477586756
-0.48492694053250246,0.045075847374528716
-0.43578781459545307,0.06697848654707703
-0.46064110474889497,0.0700269323453101
-0.7225623687670261,0.061899148715490085
-0.35297771467890543,-0.02008427053317442
1.1108108296892503,-0.11499337396691474
1.1135715395888395,-0.11533199622280815
1.1154140828791699,-0.11555799811761583
1.1161216155177205,-0.1156447823979177
1.1164967283997898,-0.11569079285698163
1.9142853489273306,-1.1446601192133161
1.9142853489273306,-1.1446601192133161
1.1163957972958642,-0.115791306052657
-0.3286215124946284,-0.5314701452055797
-0.2469608500536857,0.41336431637596854
-0.2096797053654218,0.46197807558741655
-0.1723987371695397,0.510591604656839
-0.1351176277797522,0.5592053178398821
-0.12800656890888407,0.5604333523710383
-0.10667339732350442,0.5641174550963376
0.18400292661587273,0.0373861576422171
0.4009761533115186,0.010772734744653536
0.6179492442147806,-0.015840671496937332
0.18400292661587273,0.0373861576422171
0.4009761533115186,0.010772734744653536
0.6179492442147806,-0.015840671496937332
0.18400292661587273,0.0373861576422171
0.4009761533115186,0.010772734744653536
0.6179492442147806,-0.015840671496937332
0.18400292661587273,0.0373861576422171
0.4009761533115186,0.010772734744653536
0.6179492442147806,-0.015840671496937332
0.18400292661587273,0.0373861576422171
0.4009761533115186,0.010772734744653536
0.6179492442147806,-0.015840671496937332
0.18400292661587273,0.0373861576422171
0.4009761533115186,0.010772734744653536
0.6179492442147806,-0.015840671496937332
0.18400292661587273,0.0373861576422171
0.4009761533115186,0.010772734744653536
0.6179492442147806,-0.015840671496937332
0.18400292661587273,0.0373861576422171
0.4009761533115186,0.010772734744653536
0.6179492442147806,-0.015840671496937332
7.6708493612775355,-0.5037348417383943
2.8409411787132366,-0.1633521383898912
1.2308871887833497,-0.04989645021029592
0.42567040328293576,0.006823832575802308
-0.11188976014010633,0.04459704749064763
-0.22004845183645,0.052107905417284946
-0.16393589155855248,-0.022961866057630887
-0.2123828214429988,-0.07120819998180132
-0.16635823805277483,-0.02537418275383938
-0.18815935650077567,-0.047085033019716005
-0.18841602797628434,0.03704144520516045
-0.34102391871574705,-0.11493456800436265
-0.16419256303406113,0.06116461216724558
-0.16419256475118166,0.06116461156863761
-0.1731974934600479,-0.17282193048253378
-0.16378459957194252,-0.0229357376466556
-0.16378459957194252,-0.0229357376466556
-0.16378459957194252,-0.0229357376466556
-0.16378459957194252,-0.0229357376466556
-0.16329005701603122,-0.0393409654974142
-0.1880080645141657,-0.04705890460874085
-0.16378458248324526,-0.022935750741419538
-0.16378458248324526,-0.022935750741419538
-0.14499541044257147,0.8302475812974638
-0.11676430179360625,-0.8573515083729935
-0.14499541044257147,0.8302475812974638
-0.11676430179360625,-0.8573515083729935
-0.1304613314772376,0.8447214814747147
-0.13530602446568218,0.8398968480822977
-0.1304613314772376,0.8447214814747147
-0.13530602446568218,0.8398968480822977
-0.13530602446568218,0.8398968480822977
-0.1401507174541269,0.8350722146898808
-0.12803898498301527,0.8471337981709232
-0.125616638488793,0.8495461148671319
-0.125616638488793,0.8495461148671319
-0.12803898498301527,0.8471337981709232
-0.12803898498301527,0.8471337981709232
-0.13530602446568218,0.8398968480822977
-0.11761970000841641,-0.5769867380017636
-0.11505312938037922,-1.4182042812612907
-0.031381422610232995,0.9924340771873497
-0.25607564894073687,-0.3742271714072631
-0.2594497967991379,-0.26229135299247247
-0.2655233098446111,-0.0608068822320915
-0.26754784037624485,0.00635460367618938
-0.2709823954124915,0.03752303639594571
-0.2572868218028266,-0.3754333293719399
-0.2606609696612275,-0.26349751095714935
-0.2667344827067007,-0.06201304019676836
-0.2687590132383344,0.005148445711512574
-0.2734047419067138,0.03511071969973718
-0.3079892040573301,0.09809140635925113
-0.28127022012373615,0.5303114884441053
-0.21579033460323285,0.3900512267915123
-0.0866915356619765,0.8589970965094501
-0.27697689153488947,0.16925012863607192
-0.24524272005711836,0.1683330143363889
-0.28474859808783426,0.1615106010662472
-0.24524272005711836,0.1683330143363889
-0.30172996461729157,0.13694158910809803
-0.31738269202514524,0.11880099448654492
-0.32566739157715535,0.10799793592897339
-0.341933961154735,0.08669340277678092
-0.3336492999344036,0.09749641135072085
-0.3451720570126598,0.0809160691410947
-0.34931442311512073,0.0755145185729844
-0.2000006936674513,-0.12060544135272801
-0.2000006936674513,-0.12060544135272801
-0.2000006936674513,-0.12060544135272801
-0.1024621440970526,0.3117230015753609
-0.1024621440970526,0.3117230015753609
-0.1024621440970526,0.3117230015753609
0.12350860792335316,0.5629238722394191
0.12350860792335316,0.5629238722394191
0.12350860792335316,0.5629238722394191
-0.0926770043672759,-0.012891053352860511
-0.0926770043672759,-0.012891053352860511
-0.0926770043672759,-0.012891053352860511
-0.0926770043672759,-0.012891053352860511
-0.1024621440970526,0.3117230015753609
-0.1024621440970526,0.3117230015753609
-0.1024621440970526,0.3117230015753609
-0.1024621440970526,0.3117230015753609
-0.10431786008951745,0.3732875177335876
-0.10431786008951745,0.3732875177335876
-0.10431786008951745,0.3732875177335876
-0.10431786008951745,0.3732875177335876
-0.2677904141392774,-0.023534528132420064
-0.20393941967905302,0.05919702994197612
-0.2686643662238723,-0.009785168224959605
-0.266579241084677,-0.022328369976029525
-0.26768948284284066,-0.023434014745031023
-0.26556993023792863,-0.021323238210989682
-0.26577179215701424,-0.02152426431476982
-0.2659736549423986,-0.02172529128126164
-0.2660745857575582,-0.021825804189366454
-0.2663773790693362,-0.022127343776392458
-0.2582617106549601,-0.3617844783341417
-0.2611974001001996,-0.19594383858059708
-0.26133298019724666,-0.24954991844152055
-0.26886622843172403,-0.009986194616310309
-0.2744261265790378,0.153241102049675
-0.27215914260461693,0.0509708706367883
-0.2687652973277982,-0.00988568142063493
-0.2689671593431392,-0.010086707620271923
-0.26886622843172403,-0.009986194616310309
-0.26906809063957604,-0.010187221007661028
-0.26886622843172403,-0.009986194616310309
-0.2684625040160205,-0.00958414183360887
-0.270287951125564,0.1573621432640783
-0.271956020302769,0.15540857823514698
-0.27408640326048844,0.15211744701670776
-0.2714068010601685,0.1525930059250926
-0.26879120071295887,0.15154286089321636
-0.2707174983966881,0.14596960419016408
-0.26951493072242744,0.14351226958580132
-0.38186745415824686,0.5108964816705072
-0.3939806897537087,0.49883340128884524
-0.1687023487444653,0.7231789705981708
-0.32373281391094116,0.5687904137034111
-0.32373281391094116,0.5687904137034111
-0.28651997903495996,0.5415477101816552
-0.3180110502116543,0.510187028725793
-0.31558392328916984,0.5126041060567579
-0.4270157060791121,0.4016337098918773
-0.25744998532127394,0.5704973387180615
-0.4270157060791121,0.4016337098918773
-0.0699034202090621,0.4197390138975928
-0.08685984566861829,0.4028527970241331
-0.0699034202090621,0.4197390138975928
-0.0699034202090621,0.4197390138975928
-0.0699034202090621,0.4197390138975928
-0.0699034202090621,0.4197390138975928
-0.0699034202090621,0.4197390138975928
-0.2523614394347101,0.5546165259776163
-0.30206802734785954,0.560713418507049
-0.21064778753765945,0.6795539615531753
-0.1687023487444653,0.7231789705981708
-0.15430396714844352,0.7078656572015593
-0.5733395647859925,0.2905650889724445
-0.24533868407436135,0.5825584927604016
-0.4684378583867553,0.40671445314061444
-0.11085019754648825,0.6608924645917169
-0.1847804529430024,0.6428659807269126
-0.24533868407436135,0.5825584927604016
-0.4270157060791121,0.4016337098918773
-0.11234036747724657,0.4559754171263247
-0.09639977878361808,0.42253228344585797
-0.3326847669657211,-0.23186762488639112
-0.3641655894595977,-0.22800626164378296
-0.379906006878917,-0.22607557926538915
-0.38785905820150046,-0.2251000767971936
-0.3977666158819191,0.1772797275584322
-0.4026113088703637,0.17245509416601515
-0.4098783483530306,0.1652181440773896
-0.41714538783569755,0.15798119398876406
-0.3977666158819191,0.1772797275584322
-0.4026113088703637,0.17245509416601515
-0.405033655364586,0.17004277746980664
-0.4098783483530306,0.1652181440773896
-0.41714538783569755,0.15798119398876406
-0.36871022588654256,0.07453659401081723
-0.35659849341543104,0.08659817749185986
-0.3444867609443194,0.09865976097290244
-0.3323750284732079,0.11072134445394506
-0.2850394772091902,-0.23211625189837162
-0.19417017128720818,-0.5589904095296414
0.19014392704947286,-0.8854637979189695
0.10536173814823489,-0.9698949436346542
-0.20664433617827002,-0.1451671179252649
-0.3827772440756297,-0.3205253332197329
-0.3639733533416401,-0.038778951459421604
-0.34592915732063106,-0.0054287802112268834
-0.3223658140829026,0.013867899749394104
-0.31251107811683065,0.018784011619952252
-0.2827949760882799,0.028495194010914493
-0.22305924267285565,0.03784329041392013
-0.10867445439556926,0.044292586983512884
-0.3078350766161944,-0.010101310067194768
-0.3316456727936627,-0.007180758646336946
-0.34095852160275647,-0.006038466634036552
-0.34592915732063106,-0.0054287802112268834
-0.35205108912906263,-0.0046778785324848695
-0.3554519943631499,-0.0042607315387856795
-0.36225520877131334,-0.003426265347428218
-0.3639733533416401,-0.038778951459421604
-0.3639733533416401,-0.038778951459421604
-0.3639733533416401,-0.038778951459421604
-0.33195776030424995,-0.004527582819807601
-0.3438992553607979,-0.0030628672749036406
-0.3498700280234526,-0.002330506419528
-0.3588261819905584,-0.0012319657530492645
-0.37375307594562407,0.0005989317610043598
0.19346833887705656,-0.06897510564041878
-0.17409255534138643,0.6388151400966381
-0.1636567368337031,0.6869705346272603
-0.21508184475479514,0.5907608991099798
-0.1900031345913847,0.6171459823059998
-0.17717908833042023,0.6385483582318187
-0.22682766956622158,0.5684303952663392
-0.20070095107574995,0.6085042059108635
0.4702637044762955,1.4018189120510602
-0.19779668298852837,0.4944290955939089
-0.19667886578140142,0.5127085098488328
-0.19910725199225435,0.4882184585414091
-0.17182999102094623,0.5663216727838124
-0.23888840910366155,0.453156632681569
-0.20614446568651038,0.47888121845927906
-0.2335375802847198,0.45791723871238277
-0.19929803884968245,0.4871094993722764
-0.22877596526900082,0.4539807172808132
-0.25774122837170754,0.4391906563275201
0.4540210315544664,1.2731340431423266
0.007471957694408723,0.11379247164619496
-0.04072836739566461,0.11970460953969439
-0.1492974531918877,0.350335364815363
-0.3208828694121588,0.10603715058711477
-0.36539905890821883,0.02704760957297255
-0.36263448339496335,-0.08270871098056021
-0.37276849864148914,0.037003089838706434
-0.36567017411469993,0.04983682637491626
-0.2711803888624449,0.054366620698005
-0.32457296748064446,0.0011951156463878153
-0.32120108539290376,-0.32121804326304915
-0.3215038787046816,-0.3215195828500751
-0.3220085342243113,-0.3220221488284519
-0.3234215696792742,-0.32342933356790693
-0.17614868729813213,0.660807225813395
-0.39063061452383374,-0.27540458261399847
-0.39063061452383374,-0.27540458261399847
-0.39063061452383374,-0.27540458261399847
-0.4019340686652361,0.09958036870518358
-0.17855839960648834,0.313054323920578
-0.2488941514989026,-0.5081656241603418
-0.25616119098156953,-0.5154025742489672
-0.2610058839700142,-0.5202272076413843
-0.2610058839700142,-0.5202272076413843
-0.2862387826350926,-0.4922988268154348
-0.10183434241457082,0.33720542422299427
-0.10887391775823738,0.32624976658914345
-0.11558932730030079,0.3114374415836875
-0.12242105808224014,0.2797914087320716
-0.11826057328811261,-0.1268614167731616
-0.2342771059694932,0.10413909448864828
-0.1582890096427263,0.5101452120615314
-0.16110731057260513,0.06358824170310574
-0.27371439506570194,-0.32339718986805255
-0.27411811948140585,-0.3237992426507541
-0.275329292728517,-0.32500540099885833
-0.28259633221118396,-0.3322423510874839
-0.27411811948140585,-0.3237992426507541
-0.275329292728517,-0.32500540099885833
-0.2765404659756281,-0.32621155934696255
-0.27775163922273927,-0.32741771769506683
-0.2789628124698505,-0.3286238760431711
-0.28259633221118396,-0.3322423510874839
-0.2354164067990694,0.643131625189065
-0.2354164067990694,0.643131625189065
-0.2354164067990694,0.643131625189065
-0.2354164067990694,0.643131625189065
-0.2354164067990694,0.643131625189065
-0.2354164067990694,0.643131625189065
-0.2354164067990694,0.643131625189065
-0.2354164067990694,0.643131625189065
-0.2354164067990694,0.643131625189065
-0.2354164067990694,0.643131625189065
-0.2354164067990694,0.643131625189065
-0.2354164067990694,0.643131625189065
-0.2354164067990694,0.643131625189065
-0.2354164067990694,0.643131625189065
-0.2354164067990694,0.643131625189065
-0.2354164067990694,0.643131625189065
-0.2354164067990694,0.643131625189065
-0.2354164067990694,0.643131625189065
-0.2354164067990694,0.643131625189065
-0.2354164067990694,0.643131625189065
-0.2354164067990694,0.643131625189065
-0.2354164067990694,0.643131625189065
-0.2354164067990694,0.643131625189065
-0.2354164067990694,0.643131625189065
-0.2354164067990694,0.643131625189065
-0.2354164067990694,0.643131625189065
-0.2354164067990694,0.643131625189065
-0.2354164067990694,0.643131625189065
-0.2354164067990694,0.643131625189065
-0.2354164067990694,0.643131625189065
-0.2354164067990694,0.643131625189065
-0.26769064874498155,-0.490840855694272
-0.2689018219920927,-0.4920470140423763
-0.27011299523920385,-0.4932531723904807
-0.2713241684863151,-0.49445933073858483
-0.26803287737899306,-0.3786722180611034
-0.2692440506261041,-0.37987837640920763
-0.27045522387321536,-0.3810845347573119
-0.2716663971203265,-0.3822906931054162
-0.27287757036743765,-0.38349685145352047
-0.27408874361454877,-0.38470300980162464
-0.2697573935771214,-0.21162541995945466
-0.2709685668242326,-0.2128315783075588
-0.27217974007134377,-0.21403773665566303
-0.2733909133184549,-0.2152438950037674
-0.2746020865655662,-0.21645005335187156
-0.2770244330597884,-0.21886237004808015
-0.27944677955401076,-0.22127468674428866
-0.281869126048233,-0.2236870034404972
-0.1653998870456173,-0.2650164884759871
0.293622997866875,-0.6536809959453649
-0.16138535258964223,-0.10529788382923577
0.04225926322553677,-0.35985046911480306
0.04225926322553677,-0.35985046911480306
0.24057430623883322,-0.5270469770472315
0.379617025507217,-0.5739054240686913
0.17420776950676078,-0.5077307855960541
0.16108001841902458,-0.49617809120202383
0.15460049742084908,-0.4932001377340824
0.14828967031882154,-0.4958189750634836
-0.17807749107097431,-0.46204387903358946
-0.3241737058547844,-0.3939188752250983
-0.32455084069807616,-0.393935311129689
-0.3249242412575168,-0.39395158415389514
-0.3256600608397406,-0.3939836520709141
0.14298103866036765,-0.08534046855705725
-0.0732610673819965,-0.05595273397267922
-0.18623058112963706,-0.042096160561825274
0.17256300664672228,-0.08504698094252057
0.15452393953147228,-0.0914061483949602
0.059769509664809435,-0.07635798544861089
-1.0241963868775017,-1.097465818760651
-0.35788693551930795,-0.4901699662178368
-0.3025536449420972,-0.3763350543871077
-0.3086851416845584,-0.24059322107225464
-0.30780314530861247,-0.24021854454414004
-0.30726477798400015,-0.2399898193315367
-0.3069648439301279,-0.23986242948096137
-0.31728658994615816,0.1356132118347168
-0.010263654459824835,-0.0868837329530206
-0.29846057703849505,-0.31791106766614313
-0.29906616366205063,-0.3185141468401953
-0.2992815193569986,-0.31795593542042155
-0.299887105980554,-0.3185590145944736
-0.30049269260410966,-0.3191620937685258
-0.3010982792276653,-0.3197651729425779
-0.3035206257218875,-0.32217748963878634
-0.30069195173803154,-0.31860300289188936
-0.3019031249851427,-0.3198091612399936
-0.30311429823225383,-0.32101531958809787
-0.304325471479365,-0.32222147793620215
-0.30148117315976175,-0.318646137133705
-0.30269234640687287,-0.3198522954818092
-0.30390351965398404,-0.3210584538299135
-0.3051146929010952,-0.3222646121780178
-0.3075370393953175,-0.3246769288742263
-0.30995938588953986,-0.3270892455704348
-0.3123817323837622,-0.3295015622666433
-0.40147734582399575,0.2818502704678271
-0.39557421964819156,0.3654745877418012
-0.37900535976339966,0.3634422905696576
-0.37757261682380516,0.3560973342475726
-0.37843227047839634,0.36050434849318513
-0.3652851736388404,0.25757192670544704
-0.3738184381409437,0.2560982863289058
-0.38210286808333954,0.25711443491497765
-0.3903872980257354,0.2581305835010495
-0.37898375817697877,0.5138905717991415
-0.37863284191906876,0.23296641192955686
-0.3781896823736421,0.12089828730034977
-0.37794838465104563,0.0086291366632194
-0.3788039562360745,0.28905073074614107
-0.2542588890700702,-0.3724179338851067
-0.2550663379014777,-0.3732220394505095
-0.25758961626966903,-0.37573487010924816
-0.26838923899944117,-0.3864897766785274
-0.2546223805581864,-0.4198130490020639
-0.2956922283664537,-0.06870639726380777
0.0064745373865512,-0.7736597670184163
-0.006178601268472508,-0.35390041772972647
-0.2145909788574627,-0.5737193672233586
0.8474110578971595,0.006773179244217324
2.4602496148170476,-0.1490098086482961
-0.39389699082967167,-0.15750494120983544
-0.41085341628922795,-0.1743911580832951
-0.043049921961684876,0.21632577341860962
-0.3761575366076887,-0.2187852980614113
-0.31503655431043837,-0.08231253108355352
-0.3537504030662057,-0.12358120422930542
-0.38959874135509115,-0.17953991606802702
-0.38657600222301985,-0.15207355985972684
-0.3894204253442487,-0.15256477359842868
-0.3888841788683164,-0.188477025856043
-0.38722217333848746,-0.1572944304548199
-0.36257194435289747,-0.18266583474443535
-0.3570404946609296,-0.224799525769057
-0.290802203477632,-0.06744270802350873
-0.3846280827353811,-0.1801496052999216
-0.38319533262585875,-0.18749459837863922
-0.38722217333848746,-0.1572944304548199
-0.3796312062519286,-0.16455479156284328
-0.35517711377836614,-0.1755986513649102
-0.35717738611453426,-0.1799320707157895
-0.31015727277359795,-0.24656878481143818
-0.27602417836476884,-0.2406742170191532
-0.3796312062519286,-0.16455479156284328
-0.3894204253442487,-0.15256477359842868
-0.3773281312329245,-0.15953723834664826
-0.23547543681381894,-0.18506486236375286
0.1607688576218319,0.19097352456149813
0.6038896031905376,0.13662138178285965
-0.12499968019581138,-0.07825858231722216
-0.23228672690624189,-0.18244882687035183
-0.215735086001125,-0.16508238934866376
-0.24621181211832688,-0.19498994597208705
-0.1858406242221003,-0.13884761259747694
-0.21023834450259055,-0.1604917364526186
-0.22929952655349858,-0.17859066592976616
-0.2315106260754863,-0.18034963062917495
-0.302699683403384,-0.322132621884508
-0.302699683403384,-0.322132621884508
-0.15449845652445485,-0.3016722016793993
-0.12949220835295744,-0.2821706189082147
0.009406139211553723,-0.16410190399164096
0.5001556563224551,0.2476494609367071
-0.21777489559819443,-0.42094136739676297
-0.1126769180188206,-0.3216796774156216
-0.03773500536183379,-0.2673025838774857
0.5194467433902682,0.2106059480526499
-0.1704763758841735,-0.43009341324605427
-0.11071561648231908,-0.3759812213363645
0.004131481684146304,-0.2818641709013032
0.505909533040591,0.14087006429712673
-0.15974207983569708,-0.475658287500645
-0.09424489199409906,-0.415833419004511
0.013552404350371725,-0.32873698047642563
0.5466787331503898,0.12521573368646302
-0.14798027200659486,-0.5201999044178285
-0.11274474824135536,-0.49051140067404203
0.00595961958256246,-0.39255305172175997
0.5362793518654942,0.05860468672075308
-0.15079578032698118,-0.7480209368025602
-0.09251298103345063,-0.69538058546322
0.010085634997955941,-0.6134613019570803
0.5580325889333492,-0.1447493278998757
-0.14401352504413428,-0.2912306833710534
-0.05329524382957359,-0.2175940732130517
0.29457705184994876,0.07993293247475178
-0.12326685277297945,-0.32682463794578104
-0.03874271623433675,-0.2593565254226502
0.27405426051214166,0.0032403917378364426
-0.18064706659032187,-0.44022199190353944
-0.07330416075579105,-0.35002959188037713
0.2987663717102322,-0.028404542928278403
0.4590767629325593,0.09825467917159968
-0.1459306032604637,-0.46190399775671426
-0.014132415979920104,-0.34735757411083507
0.2955902021285308,-0.08782228611460514
0.5229315074081722,0.10559030654074787
-0.13960754903655961,-0.5118618489573407
-0.04363195333857537,-0.43298969238356755
0.2794809873863159,-0.1601195248016541
0.5246690012753139,0.051065881632985026
-0.1445134289818163,-0.7417645977207915
-0.04540637555658904,-0.6597739493140303
0.2861110139186851,-0.37853413185282253
0.5037645272108868,-0.19476921859281454
-0.2282158402401709,-0.12682249687434985
-0.2282158402401709,-0.12682249687434985
-0.2282158402401709,-0.12682249687434985
-0.2282158402401709,-0.12682249687434985
-0.2282158402401709,-0.12682249687434985
-0.2282158402401709,-0.12682249687434985
-0.2282158402401709,-0.12682249687434985
-0.2282158402401709,-0.12682249687434985
-0.2282158402401709,-0.12682249687434985
-0.2282158402401709,-0.12682249687434985
-0.05552422294106365,0.09471528020908962
-0.05683632738835615,0.09340860856945321
-0.05764377516095418,0.09260450405847573
-0.059157742682397145,0.09109680516477685
-0.05976332930595271,0.0904937259907247
-0.06097450293808548,0.08928756725919304
-0.06279126242373059,0.08747833012046408
-0.12178679250137893,0.028727072797273722
-0.1002647192324878,0.050160033278939864
-0.08415663982183055,0.07701145969065883
-0.09790405127412982,0.06718315005921396
-0.07732350054017907,0.08960772075182305
-0.07287308879922398,-0.09132592604073005
-0.12645836129465574,0.024074846774123266
-0.09661524901218804,-0.11496978113016411
-0.15991896540052594,-0.1647791440743322
-0.09398819127640361,-0.09613761600375863
-0.08743410213990477,0.06293752481820594
-0.14351379467648082,0.017900626207794493
-0.11002168724799091,0.05897601715643633
-0.14647634351972091,0.6730273497365096
-0.16078336690699474,0.6582138176346748
-0.1514839716365582,0.6668892706666799
-0.26379022041930095,0.6170846124959853
-0.1745802121987698,0.6290626149892176
-0.1594182740070929,0.6534280513217696
-0.14702899431832664,-0.2560969684107722
-0.05240940456441005,-0.11127838693625784
0.034417411575747126,-0.11681981140895521
0.13424094267515962,-0.13661774172595303
0.33639896124321805,-0.16919908788215374
0.3499744736246511,0.12613613333062315
0.9621950567176218,0.5945763893888745
2.821255447377003,2.0257244347019268
-0.39755528047360933,-0.2823005767775723
-0.24908402894263923,0.0714828974341119
-0.2515063754368614,0.06907058073790337
-0.25392872193108373,0.06665826404169477
-0.2557454810317073,0.06484902728639323
-0.2491542133107838,0.12766772829608936
-0.27676897898388436,0.1310548901513455
-0.3043837446569848,0.1344420520066017
-0.3319985103300854,0.13782921386185792
-0.33209944027894656,0.1377287018164648
-0.3396410184549202,0.1363958664105398
-0.34516397158954026,0.137073298781591
-0.34590682574904597,0.1394222830671178
-0.3506869217613253,0.13775073501611138
-0.35419125018387765,0.14043843097764483
-0.3230145143295429,0.1572448927597909
-0.3366061703638978,0.1356210863111372
-0.3485507674939823,0.10262206824644039
-0.35906163780796174,0.06002209880258334
-0.35067261488239043,0.10208947265508062
-0.3122070416602843,0.1762243619307337
-0.28679021762779744,0.21138053107135982
-0.3368080325717496,0.13542005991978653
-0.34536583341237054,0.13687227277366773
-0.2063893025690672,0.20886701683394518
-0.27038850903836914,0.1750408498520913
-0.35007116632222185,0.12226420759558158
-0.35951498819703037,0.11201325488193675
-0.34526490230844453,0.13697278596934304
-0.3397419491738245,0.13629535359829184
-0.34526490230844453,0.13697278596934304
-0.334991272701083,0.13722929744194295
-0.3374136191953052,0.1348169807457344
-0.33983596568952745,0.13240466404952583
-0.34225831218374986,0.12999234735331736
-0.28772612439999756,0.21138507201358744
-0.3131429482557961,0.17622890290347443
-0.3120999928788918,0.17640901464780845
-0.2683264333139579,0.2367035196012116
0.5627001372438077,-0.6560665517125263
0.12919776340414582,0.40624072140827394
-0.11461709748374173,0.1463357135063819
-0.1055938181180617,0.1000778740912806
-0.1055938181180617,0.1000778740912806
-0.3149071748762452,0.06432043735404389
-0.3156235490616746,0.06799294524913538
-0.31633992306059816,0.07166543637574209
-0.3170562963549827,0.07533792389053082
-0.31777267188040687,0.07901042284274327
-0.3170562963549827,0.07533792389053082
-0.3170562963549827,0.07533792389053082
-0.3170562963549827,0.07533792389053082
-0.3170562963549827,0.07533792389053082
-0.3170562963549827,0.07533792389053082
-0.3170562963549827,0.07533792389053082
-0.3172250217117565,0.08093472083782224
-0.3167188939085513,0.06414436851368549
-0.31570664332819104,0.030563608452990894
-0.30389707174884656,-0.36121174187238897
-0.3318636003358015,0.04743422048058426
-0.33257997452123095,0.05110672837567573
-0.3332963485201543,0.0547792195022825
-0.3340127218145389,0.058451707017071176
-0.33472909733996303,0.062124205969283613
-0.3340127218145389,0.058451707017071176
-0.3340127218145389,0.058451707017071176
-0.3340127218145389,0.058451707017071176
-0.3340127218145389,0.058451707017071176
-0.3340127218145389,0.058451707017071176
-0.3340127218145389,0.058451707017071176
-0.3341814471713126,0.06404850396436262
-0.3336753193681075,0.04725815164022589
-0.3326630687877472,0.013677391579531243
-0.3208534972084027,-0.3780979587458486
-0.14657926689814915,-0.13623810726898253
-0.14657926689814915,-0.13623810726898253
-0.16111334586348305,-0.1507120074462336
-0.1514239598865938,-0.1410627406613995
-0.14657926689814915,-0.13623810726898253
-0.14657926689814915,-0.13623810726898253
-0.14657926689814915,-0.13623810726898253
-0.14657926689814915,-0.13623810726898253
-0.14657926689814915,-0.13623810726898253
-0.14657926689814915,-0.13623810726898253
-0.39798853656376354,-0.04935345386801927
-0.3993382028528521,-0.004579127243627355
-0.4003504525696685,0.02900161772466663
-0.35998846090379316,0.2444684106455588
-0.3598197476204386,0.2388715940596989
-0.35931362382414345,0.22208123122122417
-0.3591647677198161,0.2171428924612876
-0.3567830001824915,0.13812933939892813
0.09227860293192164,0.06099292324705789
0.3058025427733349,-0.03914365480376875
0.7328510249942605,-0.23944494126421445
2.01399466398592,-0.8403994692906183
4.5762709928079355,-2.042364735590399
0.30876249373640713,0.06201961363747419
0.26256527985158906,-0.07608490031655683
1.0894849176790633,-0.17480347163966653
1.0894849176790633,-0.17480347163966653
-0.16636425837506608,0.49934981765493436
-0.13322653864289108,0.4952852233152358
-0.1166576787768036,0.4932529261453864
-0.1000888189107161,0.491220628975537
0.18501118436754949,0.7893473840280304
-0.1166576787768036,0.4932529261453864
-0.2972539889249474,0.30216409780543624
-0.3852745528642012,0.13106304604030103
-0.15393877290516444,0.4446392328628944
-0.1166576787768036,0.4932529261453864
-0.07937662131352687,0.541866571617448
-0.042095539406860734,0.5904802489631298
-0.11751325036183238,0.7736745202283082
-0.11614433582578636,0.32499996969563333
-0.10454594630569203,0.505314509626429
-0.10939063929413663,0.5004898762340118
-0.12150237176524818,0.4884282927529693
-0.1891923818216121,0.023853950649309622
-0.24006168284166343,-0.02680472451042377
-0.19685487012402142,-0.0703401214287159
-0.19711154159953007,0.013786356796160734
-0.25524789442293966,-0.044109280721875484
-0.14423094103115786,0.003497434829448571
-0.17572144545604793,-0.027862682221262213
-0.2411248624035074,-0.09299529436727824
-0.1444876125066665,0.0876239130543252
-0.241381533879016,-0.008868816142401828
-0.16636137147318758,-0.02537511329200059
-0.19058483641541069,-0.049498280254085814
-0.21238595486341155,-0.07120913051996253
-0.1666180429486962,0.058751364932875846
-0.2126426263389202,0.012917347704914027
-0.16387291685114988,-0.022943491675218773
-0.18809638179337307,-0.04706665863730393
-0.25349977409944974,-0.11219924624396574
-0.18835305326888174,0.03705981958757252
-0.25375644557495836,-0.02807276801908914
-0.17072086185419252,-0.03262832723938933
-0.19494432679641568,-0.05675149420147457
-0.21674543908407076,-0.07846233833251264
-0.1952009982719243,0.027374984023401924
-0.2170021105595794,0.005664139892363874
-0.2920880533678661,-0.32817912815159084
-0.3051336131695179,-0.2561675993470989
-0.320501023023434,-0.2707071751651742
-0.3073482812895093,-0.28439103871289384
-0.3346169698099745,-0.3065327853716953
-0.41485407946605685,-0.29952774957608375
-0.39521863603676954,-0.3643556942312922
-0.2690127478071114,0.034848568464213386
-0.30614297695667825,-0.23176060578854418
-0.2992168085146535,-0.2305645006556987
-0.28897778720534767,-0.22919507501115532
-0.3158910774506632,-0.24221760289067806
-0.31526530563893984,-0.2421095360883389
-0.30991779255816454,-0.24118605467182236
-0.30832148522880093,-0.3177034085383546
-0.30697038485656414,-0.3174700821178742
-0.3059463914749869,-0.3172932449892429
-0.30069843412575675,-0.31638695621285645
-0.3085221889506091,-0.3465925883653154
-0.13807528906566358,-0.4700699278651827
-0.23012451744956844,-0.5617380236694922
-0.14249219626159373,-0.6151053582990604
-0.21031794122223843,-0.6826502687367694
-0.12958559935713118,-0.45663985809401636
-0.14169733182824276,-0.4687014415750589
-0.12431312057617216,-0.5920260217430604
-0.1340025065530614,-0.6016752885278943
-0.13777311438403672,-0.06623301446137486
-0.20075403698897712,-0.12895316267505608
-0.1276559426146331,-0.19679454471800162
-0.14461236807418928,-0.2136807615914613
-0.13412812696067092,-0.057627576771277556
-0.18499740333933948,-0.10828622739165653
-0.14103900978678183,-0.0406613941761756
-0.1652624747290049,-0.06478456113826081
-0.04079781154329248,-0.7038419288705462
-0.05288912019833073,-0.30271996772063137
-0.0535918018775339,-0.2794093534803329
-0.05387307830613535,-0.27007806729995715
-0.12553576092622779,-0.5982191426369442
-0.13696520373050808,-0.20181010626906093
-0.1255357708020376,-0.5982191414256007
-0.13734532859152235,-0.20644381150283575
-0.1255357708020376,-0.5982191414256007
-0.1255357708020376,-0.5982191414256007
-0.13734532859152235,-0.20644381150283575
-0.1433897271450458,-0.20748764059757246
0.09720449021950482,-0.5089607475044963
-0.3933259797159088,0.08514649818717622
-0.399537563227542,0.23186261141704292
-0.41590177073333445,-0.09278288819877875
-0.4276257086357095,0.07208330651468552
-0.393729169598822,-0.14776855434813244
-0.07568341387621882,-0.05836505066888779
1.0894863164411508,-0.17480359541088455
0.3761947448103458,-0.11379135703141016
0.040006747114442257,-0.08517787288964981
-0.05767542529391748,-0.07694677991472652
0.03932228984641921,0.1391594023766875
0.13407395322270307,-0.09304336470345168
0.24180749310592828,-0.12031631811650038
0.5484070358394794,-0.15912418144955054
0.8640724464099749,-0.19636620847675504
0.5634388259932398,-0.16089762141524128
1.4411416037457914,-0.2609634672783688
1.3935742200318662,-0.2587249961831656
0.15012791954322732,-0.11233061981106784
0.03564248137977099,-0.09858219573751299
-0.3392083951656484,0.33500482600727133
-0.3185464936757064,0.35541882711737066
-0.365152544840922,0.3153759457824983
-0.2467670937813141,0.4261842599763743
-0.24487758592451497,0.3635002081961873
-0.36888966073692786,0.18824324966130798
-0.3702658521148433,0.08267433550541652
-0.3695910140132537,0.060287127168771174
-0.36921985649552197,0.0479740809367228
-0.3683763177859107,0.0199902932115549
-0.3674315563413283,-0.011351522185499868
-0.36628435340307713,-0.049409298249312346
-0.3709141604865573,0.25540471821128924
-0.3705430028165144,0.24309178054868627
-0.3704683010879994,0.0893904823650141
-0.3683763177859107,0.0199902932115549
-0.38533274324546674,0.003104076338095256
-0.3674315563413283,-0.011351522185499868
-0.1288222814545313,-0.5612928904409697
0.009251548106870105,-0.5782286998639367
-0.16090325656455826,-0.5696025581086384
-0.059815904959953675,-0.6969496439747309
0.10866302241475488,-0.9091947972055223
0.44562051564763094,-1.3336846482384366
1.4565009246090583,-2.6071641904059843
-0.07899425329471789,-0.6480415542455987
0.275181113583779,-0.9212184999748246
-0.1899057993672984,-0.5905069290117323
0.26452012143707576,-0.9632101510923841
0.5411111023326262,-1.264208853986025
0.7623832595077609,-1.505007026050142
0.26452012143707576,-0.9632101510923841
0.5411111023326262,-1.264208853986025
0.7623832595077609,-1.505007026050142
-0.34880400781104726,0.12620466936713295
-0.21734374328247022,-0.12987679101259145
-0.21734374328247022,-0.12987679101259145
-0.21734374328247022,-0.12987679101259145
-0.21734374328247022,-0.12987679101259145
-0.21734374328247022,-0.12987679101259145
-0.21734374328247022,-0.12987679101259145
-0.21734374328247022,-0.12987679101259145
-0.21734374328247022,-0.12987679101259145
-0.21723625644063962,-0.1297844543879433
-0.21723625644063962,-0.1297844543879433
-0.20027983098108337,-0.11289823751448366
-0.20027983098108337,-0.11289823751448366
-0.20027983098108337,-0.11289823751448366
-0.20027983098108337,-0.11289823751448366
-0.20027983098108337,-0.11289823751448366
-0.20027983098108337,-0.11289823751448366
-0.2001700295029482,-0.11280392549795036
-0.2001700295029482,-0.11280392549795036
-0.2001700295029482,-0.11280392549795036
-0.2001700295029482,-0.11280392549795036
-0.2001700295029482,-0.11280392549795036
-0.2001700295029482,-0.11280392549795036
-0.2001700295029482,-0.11280392549795036
-0.2001700295029482,-0.11280392549795036
-0.1014129705523613,0.01616822862397561
-0.1014129705523613,0.01616822862397561
-0.1014129705523613,0.01616822862397561
-0.1014129705523613,0.01616822862397561
-0.1014129705523613,0.01616822862397561
-0.1014129705523613,0.01616822862397561
-0.1014129705523613,0.01616822862397561
-0.1014129705523613,0.01616822862397561
-0.10108324512292784,0.016500537633854805
-0.10108324512292784,0.016500537633854805
-0.10108324512292784,0.016500537633854805
-0.10108324512292784,0.016500537633854805
-0.10108324512292784,0.016500537633854805
-0.10108324512292784,0.016500537633854805
-0.10108324512292784,0.016500537633854805
-0.10108324512292784,0.016500537633854805
-0.10091879772330185,0.016666275222032387
-0.10091879772330185,0.016666275222032387
-0.10091879772330185,0.016666275222032387
-0.10091879772330185,0.016666275222032387
-0.10091879772330185,0.016666275222032387
-0.10091879772330185,0.016666275222032387
-0.10091879772330185,0.016666275222032387
-0.10091879772330185,0.016666275222032387
-0.1007537652959025,0.016832607132026552
-0.1007537652959025,0.016832607132026552
-0.1007537652959025,0.016832607132026552
-0.1007537652959025,0.016832607132026552
-0.1007537652959025,0.016832607132026552
-0.1007537652959025,0.016832607132026552
-0.1007537652959025,0.016832607132026552
-0.1007537652959025,0.016832607132026552
-0.27931898559056173,0.21965413055467722
-0.27931898559056173,0.21965413055467722
-0.27931898559056173,0.21965413055467722
-0.27931898559056173,0.21965413055467722
-0.27931898559056173,0.21965413055467722
-0.27931898559056173,0.21965413055467722
-0.27931898559056173,0.21965413055467722
-0.27931898559056173,0.21965413055467722
-0.23085357642946028,0.282851914601898
-0.23085357642946028,0.282851914601898
-0.2138971509699041,0.2997381314753578
-0.2138971509699041,0.2997381314753578
-0.2138971509699041,0.2997381314753578
-0.2138971509699041,0.2997381314753578
-0.2138971509699041,0.2997381314753578
-0.2138971509699041,0.2997381314753578
-0.1617035556943516,0.36779738486797764
-0.1617035556943516,0.36779738486797764
-0.1617035556943516,0.36779738486797764
-0.1617035556943516,0.36779738486797764
-0.1617035556943516,0.36779738486797764
-0.1617035556943516,0.36779738486797764
-0.1617035556943516,0.36779738486797764
-0.1617035556943516,0.36779738486797764
-0.11323819245719377,0.4309951090314271
-0.11323819245719377,0.4309951090314271
-0.11323819245719377,0.4309951090314271
-0.11323819245719377,0.4309951090314271
-0.11323819245719377,0.4309951090314271
-0.11323819245719377,0.4309951090314271
-0.11323819245719377,0.4309951090314271
-0.11323819245719377,0.4309951090314271
-0.06477277181510638,0.49419290804959093
-0.06477277181510638,0.49419290804959093
-0.06477277181510638,0.49419290804959093
-0.06477277181510638,0.49419290804959093
-0.06477277181510638,0.49419290804959093
-0.06477277181510638,0.49419290804959093
-0.06477277181510638,0.49419290804959093
-0.06477277181510638,0.49419290804959093
-0.012579314311384917,0.562251981790897
-0.012579314311384917,0.562251981790897
-0.012579314311384917,0.562251981790897
-0.012579314311384917,0.562251981790897
-0.012579314311384917,0.562251981790897
-0.012579314311384917,0.562251981790897
-0.012579314311384917,0.562251981790897
-0.012579314311384917,0.562251981790897
0.03588626706450535,0.6254499904022598
0.03588626706450535,0.6254499904022598
0.03588626706450535,0.6254499904022598
0.03588626706450535,0.6254499904022598
0.03588626706450535,0.6254499904022598
0.03588626706450535,0.6254499904022598
0.03588626706450535,0.6254499904022598
0.03588626706450535,0.6254499904022598
0.08435171066856463,0.688647819362309
0.08435171066856463,0.688647819362309
0.08435171066856463,0.688647819362309
0.08435171066856463,0.688647819362309
0.08435171066856463,0.688647819362309
0.08435171066856463,0.688647819362309
0.08435171066856463,0.688647819362309
0.08435171066856463,0.688647819362309
-0.33692474396791133,0.13931296662649176
-0.33692474396791133,0.13931296662649176
-0.33692474396791133,0.13931296662649176
-0.33692474396791133,0.13931296662649176
-0.33692474396791133,0.13931296662649176
-0.33692474396791133,0.13931296662649176
-0.33692474396791133,0.13931296662649176
-0.33692474396791133,0.13931296662649176
-0.11323819245719377,0.4309951090314271
-0.11323819245719377,0.4309951090314271
-0.11323819245719377,0.4309951090314271
-0.11323819245719377,0.4309951090314271
-0.11323819245719377,0.4309951090314271
-0.11323819245719377,0.4309951090314271
-0.11323819245719377,0.4309951090314271
-0.11323819245719377,0.4309951090314271
-0.3455212543464874,0.18338297493576597
-0.3455212543464874,0.18338297493576597
-0.3455212543464874,0.18338297493576597
-0.3455212543464874,0.18338297493576597
-0.3455212543464874,0.18338297493576597
-0.3455212543464874,0.18338297493576597
-0.3455212543464874,0.18338297493576597
-0.3455212543464874,0.18338297493576597
-0.22504904901681994,0.09847635869857502
-0.22909806806486777,0.23279929260787308
-0.21519865786099251,0.24217901661852576
-0.22951490174172923,0.24662662960329115
-0.03485152226857772,0.1041979242595747
-0.03450929363456619,-0.00797071337359401
-0.03416706500055469,-0.12013935100676278
0.06362561053266523,0.1978463187105477
0.06396783916667673,0.08567768107737883
0.06431006780068826,-0.026490956555789945
0.16210278881546872,0.2914947657675493
0.1624450174494802,0.17932612813438067
0.16278724608349177,0.0671574905012118
0.3590550712833263,0.4787896651342973
0.35939729991733793,0.3666210275011285
0.3597395285513494,0.2544523898679599
0.5560126007676263,0.6660895276142671
0.5563548294016376,0.5539208899810986
0.5566970580356492,0.44175225234792986
0.752974999609406,0.8533939361622568
0.7533172282434174,0.741225298529088
0.7536594568774289,0.6290566608959194
-0.28377989884342497,-0.40734495017036504
-0.2939826277713315,-0.24874126050544607
-0.29364039913732,-0.36090989813861474
-0.28831262353477505,-0.4001517526847123
-0.32644624072395284,-0.4147131568565653
-0.26924581987809115,-0.3928710499931138
-0.26904278729397985,-0.2282905925453228
-0.2687005586599683,-0.34045923017849145
-0.26852944434296255,-0.3965435489950758
-0.2684438871844597,-0.424585708403368
-0.2683583300259568,-0.4526278678116603
-0.2816043308963093,0.037207741127762435
-0.2811825793964865,0.02321576719708252
-0.28076093367794397,0.009229022184522604
-0.278651939612115,-0.06073609889181081
-0.27780838510975026,-0.08871992703414858
-0.2717354985898769,-0.3965601099802774
-0.2706847541516024,-0.3965546810606236
-0.27015226163955447,-0.39655193141465955
-0.2698309110232953,-0.3965502707375446
-0.2696114919902404,-0.3965491378554655
-0.27478888150302966,-0.39657588038994507
-0.2706847541516024,-0.3965546810606236
-0.27015226163955447,-0.39655193141465955
-0.2698309110232953,-0.3965502707375446
-0.18963561416147529,-0.5483724190769086
0.16902500920046984,-1.0534168403830095
-0.09997045832098897,-0.6746335244034338
-0.2517002778414244,-0.24028626525755145
-0.2517002778414244,-0.24028626525755145
-0.2682691374381716,-0.23825396812073876
-0.2517002778414244,-0.24028626525755145
-0.2680206016331711,-0.23828445293485323
-0.2517002778414244,-0.24028626525755145
-0.2517002778414244,-0.24028626525755145
-0.2517002778414244,-0.24028626525755145
-0.2682691374381716,-0.23825396812073876
-0.25998470763979803,-0.23927011668914508
-0.2663352879106841,-0.25486067863047795
-0.20076636848565296,-0.26369345939603855
-0.2520322235813546,-0.24049967651496973
-0.25844858401080456,-0.01641578600541477
-0.2618227837339451,0.09552117083388367
-0.26350988181065493,0.15148906063313305
1.8878058417736503,2.0132695810978283
0.2823748820533338,0.829946852001802
0.8961321384957853,1.8774998612548794
1.003912086108817,1.4477466898726497
1.369094209449698,1.9671657097178052
-0.2121198032043755,0.3109650956316404
-0.25028526778500115,0.4883093273229096
-0.19152050513706875,0.3268046120654619
-0.18069724131917902,0.5272780007620491
-0.16209008815975418,0.7940021567490781
-0.30712019089328724,0.5485292812102028
-0.32573452758808596,0.4919297438398622
-0.295641190494329,0.11982243469805502
-0.3159763377183993,0.09330586824210318
-0.27746846198819836,0.13937259930127224
-0.2885295713543863,0.12758156904926563
-0.2995906918933878,0.11579045318136771
-0.3106517383674721,0.10399945774630269
-0.3161823236737224,0.09810388526992635
-0.3217128691320276,0.09220835857637547
-0.32724342217606817,0.08631281718610172
-0.3327739445547201,0.08041735079136053
-0.3438350345094948,0.06862630140424068
-0.3604267075310075,0.05093965019822019
-0.31286012917697503,0.5493186231482189
-0.328644613621811,0.09046316965871885
-0.3228288433381331,0.09402888954942674
-0.3189517611116696,0.09640591001527311
-0.31325001958721926,0.09990170327677846
-0.31014000459477525,0.10180844884799164
-0.32607262539156834,0.3537354864926819
-0.326577280911198,0.35323292051430527
-0.3267791431190498,0.35303189412295444
-0.32728379863867946,0.35252932814457766
-0.32849497188579047,0.3513231697964734
-0.33091731838001287,0.348910853100265
-0.3357620113684576,0.3440862197078479
-0.34060670435690216,0.3392615863154309
-0.3454513973453468,0.3344369529230138
-0.35029609033379144,0.3296123195305967
-0.32607262539156834,0.3537354864926819
-0.326577280911198,0.35323292051430527
-0.3267791431190498,0.35303189412295444
-0.32728379863867946,0.35252932814457766
-0.32849497188579047,0.3513231697964734
-0.33091731838001287,0.348910853100265
-0.3357620113684576,0.3440862197078479
-0.34060670435690216,0.3392615863154309
-0.3454513973453468,0.3344369529230138
-0.35029609033379144,0.3296123195305967
-0.3745195552760146,0.30548915256851156
-0.32607262539156834,0.3537354864926819
-0.32849497188579047,0.3513231697964734
-0.33091731838001287,0.348910853100265
-0.3357620113684576,0.3440862197078479
-0.3418178776040133,0.33805542796732657
-0.3454513973453468,0.3344369529230138
-0.35029609033379144,0.3296123195305967
-0.3745195552760146,0.30548915256851156
-0.13255943758715677,0.508268404086962
1.1081292806177765,0.5080237305350652
1.09269205038997,-0.030974323325110936
1.1670959669036123,-0.037350188729356165
0.4568788929115346,0.023398587612824588
0.21166389367318086,0.03513044837035075
0.09087462088755512,0.042749666937852066
0.019856187289891594,0.04872378232978502
-0.12186367152888712,-0.0048525054544783465
-0.12092580049544038,0.04462182049664374
-0.053662242513690964,0.06768659773645005
-0.04026523769070782,0.06566527164493247
-0.007982460562292957,0.06289887118349281
0.3223009068233043,0.05435865630787965
0.321342061336008,0.053403780948963815
0.290244931586582,0.05607490944460716
-0.22403877728288812,0.08679557085386347
-0.2249976227701844,0.08584069549494756
-0.2319351438442574,0.08705767111984437
8.111938076118024,9.12532046003942
1.9030726432906835,2.62283154247368
8.959655242046946,10.230724392948124
2.0831380706841616,2.857632737630348
-0.3646100589480665,-0.5143101667582594
-0.36595291147871584,-0.5719021837975448
-0.3707976044671605,-0.5767268171899617
-0.3672823901149958,-0.23569780990992348
-0.37182429036919507,-0.24022090429045556
-0.38738505523656336,0.08181110843179948
-0.36967562826655515,-0.2318104225522616
-0.3720979753383098,-0.23422273982361116
-0.3781693966655238,-0.2459505550662104
-0.38006892529198355,0.09761356375733737
-0.3772588435182423,-0.24456634674523692
-0.37983650614465975,0.5540254321091698
-0.37741415965043734,0.5564377488053783
-0.389525892121549,0.5443761653243357
-0.37983650614465975,0.5540254321091698
-0.38738505523656336,0.08181110843179948
-0.43340963862678744,0.03597709120383748
-0.43340963862678744,0.03597709120383748
-0.4285649702797256,0.04080170005690017
-0.316466505991174,-0.37597120012764756
-0.2828806691828618,-0.09900245376360549
-0.28922592714762924,-0.05040478089964541
-0.31006511487709637,-0.12139726072935918
-0.3155951312832146,-0.5913903282050108
-0.36071746182273795,-0.2008019413956511
-0.2582108907181535,-0.14543990065483034
-0.16797665117877406,0.15398197343706316
-0.08720094829968116,-0.12404107642853984
-0.2988306813965356,-0.3389683387521489
-0.3080250413070698,0.12651250830174965
-0.17085873748885916,-0.571321806194095
-0.16516989124640152,-0.5703393787166912
-0.24526336883878969,-0.6559548067818292
-0.3251284479589378,-0.5009587673875037
-0.3246151050079207,-0.6692117238372567
-0.19130235973182969,-0.7651278188247382
-0.13574437204431125,-0.7156534505538129
-0.28394006149562867,-0.33466220059351387
-0.16289346306304808,0.44563463347380805
-0.16983090660304387,-0.06052721272713399
-0.1961659893523544,0.0834891340453522
-0.14913383618459097,0.28433870780805964
-0.15460164475391064,0.33594638426580675
-0.18006597196588994,0.10155985133058254
-0.17326870186052828,0.11095973702442252
-0.1975683414696459,0.27206224238089693
-0.1783165682780632,0.15290601587686953
-0.1506757664854826,0.2527780095207986
-0.23553516075013076,0.395257268382277
-0.29167971340064136,-0.3401671859313075
0.4520351006267341,-0.37456344677292996
0.44040581377999327,-0.4306914400608334
0.5293319901493923,-0.3065245990698034
-0.0203451002795862,0.05371574666068833
-0.007921418051099405,0.0777951592765259
-0.13795957022564675,0.49001910796949405
-0.030498977390011638,-0.35576082606103204
-0.18831833181336952,0.02145404910645024
-0.030498977390011638,-0.35576082606103204
-0.18770638771305306,0.022063459433940936
0.006300711156859234,0.0802512303189821
-0.08640736212227822,0.08906750319450735
-0.16908811900492438,0.0937981576431343
-0.25147720469745694,0.08885719367991488
0.45445744712095604,-0.3721511300767216
-0.14229102306021993,0.48570558964476096
-0.14405732007407496,0.4839466060364506
-0.14673199355806882,0.48128300711790845
-0.1489524832347418,0.47907171144506683
-0.14945713952441467,0.47856914469983525
-0.15006273230831596,0.47796605939094455
-0.15132435878669867,0.4767096567146799
-0.15162715363856288,0.4764081155939441
-0.15198040480187153,0.4760563270776286
-0.15389810501698276,0.4741465671575389
-0.15480649419283465,0.47324193919420293
-0.2620873156006753,-0.2992997076530544
-0.2892493872321643,-0.29596807217843096
-0.2892493872321643,-0.29596807217843096
0.1342279880769882,-0.09578810527204307
0.7818591167734043,-0.11088958450508923
0.6487155800747687,-0.11717181961253756
0.1318056415827659,-0.09820042196825156
0.14762589774380383,-0.09347443997057964
0.6082157487540797,-0.13308935407909964
0.13793651176691463,-0.10312370675541371
0.643870887086324,-0.12199645300495465
0.014178644448276361,0.006824468724054246
-0.21155400384147618,-0.08455195277729022
-0.27816761972611465,-0.06283410423323815
0.014520873082287881,-0.10534416890911441
-0.15116765579619934,-0.08502120306610841
-0.2037695620663995,-0.3080087983827072
-0.2037695620663995,-0.3080087983827072
-0.2037695620663995,-0.3080087983827072
-0.2037695620663995,-0.3080087983827072
-0.2037695620663995,-0.3080087983827072
-0.2037695620663995,-0.3080087983827072
-0.3611628062564965,-0.2105637671248642
-0.3743220578739816,0.2259859520315927
-0.37449075655224395,0.2315826882037585
-0.3743220578739816,0.2259859520315927
-0.3743220578739816,0.2259859520315927
-0.3573656324144253,0.24287216890505245
-0.3602311180768832,0.2575620804381487
-0.26790269934138916,0.34214640958199133
-0.36749815755955023,0.2503251303495231
-0.38885613683931547,0.21151205185434152
-0.40913952735012443,0.16719009430342374
-0.21945576945694278,0.3903927435061617
-0.3573656324144253,0.24287216890505245
-0.3545001237370331,0.22818213938590134
-0.3602311180768832,0.2575620804381487
-0.3573656324144253,0.24287216890505245
-0.12149199407313507,0.5118640018378587
-0.12149199407313507,0.5118640018378587
-0.12149199407313507,0.5118640018378587
-0.12149199407313507,0.5118640018378587
-0.12149199407313507,0.5118640018378587
-0.12149199407313507,0.5118640018378587
-0.12149199407313507,0.5118640018378587
-0.12149199407313507,0.5118640018378587
-0.12149199407313507,0.5118640018378587
-0.15305742209422027,-0.02420682153139656
-0.23783957403338402,-0.10863793043804919
-0.32262087584484134,-0.19306819273697456
-0.366224874599713,-0.23649164783256832
-0.13983685604303317,0.008120409678294256
-0.16406032098525639,-0.016002757283790973
-0.19555073916530663,-0.047362788446761256
-0.263376022100024,-0.11490723877157495
-0.14009352751854182,0.09224688790317075
-0.2636326935755326,-0.030780760546698472
-0.15824794503459708,0.07369053238544265
-0.19458314244793182,0.037505781942314825
-0.2309183645026493,0.0013210069598326474
-0.26725361119874963,-0.03486379256200394
-0.14321247102941836,0.08019652870245872
-0.17954766844275313,0.0440117782593308
-0.21588289049747056,0.007827003276848543
-0.25221813719357083,-0.028357796244988066
-0.010599129904548142,0.018422593928851774
-0.042742713642265305,0.022365249898360265
-0.05077521600788013,0.01251275368789404
-0.06232690368439857,-0.002326959552212898
-0.05967588044410153,-0.002652127793842333
-0.0618695851970573,-0.00780195269608996
-0.08311066869294596,-0.03229094529467964
-0.09499373553474935,-0.04709001924045607
-0.09234272085554286,-0.04741518643200235
-0.08936032348384729,-0.047781000240969936
-0.08405829412543432,-0.04843133462406278
-0.0956099623493875,-0.06327104335972322
-0.09295894767018101,-0.06359621055126947
-0.22075255446697492,0.4628117989306104
-0.21989698288194612,0.18239020484768867
-0.23642562254898786,0.025293190932768068
-0.23642562254898786,0.025293190932768068
-0.2716218308456435,0.4121531483102316
-0.21106316849008566,0.4724610657154445
-0.21989698288194612,0.18239020484768867
-0.20294055742238995,0.1992764217211483
-0.23642562254898786,0.025293190932768068
-0.19745186650182692,0.49319536262401226
-0.19745186650182692,0.49319536262401226
-0.1869069089399088,0.22242303532592445
-0.1869069089399088,0.22242303532592445
-0.21312493458383994,0.05567675462616987
-0.2126971487913255,-0.084534042415291
-0.22164802558718663,0.46740243140478244
-0.22164802558718663,0.46740243140478244
-0.2377488794617141,0.17009462044840112
-0.21837010750793562,0.18939315401806928
-0.23732109366919968,0.029883823406940135
-0.23770897992653106,0.4459255820571508
-0.23685340834150234,0.165503987974229
-0.2183302079727526,0.4652241156268188
-0.23685340834150234,0.165503987974229
-0.21106316849008566,0.4724610657154445
-0.23685340834150234,0.165503987974229
-0.21989698288194612,0.18239020484768867
-0.23642562254898786,0.025293190932768068
1.794459556593062,0.6231917023082313
-0.3325193618142231,-0.14966224961902125
-0.15866715702475268,-0.44901268803739025
-0.13848093623956667,-0.4289100489023195
-0.14171073156519642,-0.43212647116393055
-0.18289062196697572,-0.47313585499947547
-0.1710219505706706,-0.03297837094328151
-0.21462418746667225,-0.0764000714750349
-0.24611459332603117,-0.1077600903683279
-0.17127862204617922,0.05114810728159503
-0.24637126480153984,-0.023633612143451502
-0.16658517601144346,-0.025413388288919647
-0.18596393256435775,-0.04471190652149131
-0.21503212437692687,-0.07365974061760604
-0.16684184748695208,0.058713089935956836
-0.21528879585243552,0.010466737607270609
-0.13183710678373606,-0.03504940621523069
-0.15606055632509502,-0.05917255784021943
-0.22873100351470285,-0.13154211087260315
-0.15631722780060361,0.024953920384657127
-0.22898767499021153,-0.047415632647726594
0.40843691707388263,1.2232104699267912
0.40843691707388263,1.2232104699267912
0.40843691707388263,1.2232104699267912
0.40843691707388263,1.2232104699267912
0.4150751423428757,1.0029749692819507
0.4150751423428757,1.0029749692819507
0.4150751423428757,1.0029749692819507
0.4150751423428757,1.0029749692819507
0.4150751423428757,1.0029749692819507
-0.13546711076229628,0.3343147464994778
-0.13546711076229628,0.3343147464994778
-0.13546711076229628,0.3343147464994778
-0.13546711076229628,0.3343147464994778
-0.13546711076229628,0.3343147464994778
-0.10360957749108451,0.3398163393909079
-0.10360957749108451,0.3398163393909079
-0.10360957749108451,0.3398163393909079
-0.10360957749108451,0.3398163393909079
-0.10360957749108451,0.3398163393909079
-0.023281233883809416,0.12923305553375028
-0.33071998996326024,0.3299913590896828
-0.33071998996326024,0.3299913590896828
-0.33071998996326024,0.3299913590896828
-0.33071998996326024,0.3299913590896828
-0.30836105603274766,0.5911637058727728
-0.23379879694402955,0.6883911848010581
-0.15923668886545855,0.7856184668155691
-0.0846744530090708,0.8828459154494276
-0.15923668886545855,0.7856184668155691
-0.15943837448190787,0.7923100485238386
-0.15856055919913897,0.7631879323362077
-0.15880890307294412,0.645407669774108
-0.15880890307294412,0.645407669774108
-0.15880890307294412,0.645407669774108
-0.14458679088405257,0.6478637378774798
-0.14700913737827484,0.6454514211812712
-0.3682733358269037,0.3561816040368921
-0.376869841509636,0.40025158827292473
-0.3682733358269037,0.3561816040368921
-0.3682733358269037,0.3561816040368921
-0.19966424381634343,0.025178975911352527
-0.2505335448363949,-0.025479699248380772
-0.16386024244033745,-0.022948801937208507
-0.18808370738256058,-0.04707196889929375
-0.2534870996886372,-0.11220455650595533
-0.18834037885806926,0.03705450932558285
-0.2537437711641459,-0.02807807828107885
-0.16386024244033745,-0.022948801937208507
-0.18808370738256058,-0.04707196889929375
-0.18834037885806926,0.03705450932558285
-0.18834037885806926,0.03705450932558285
-0.4040019349092885,0.36981136292162303
-0.4032933601075171,0.34630484144381735
-0.401774985789721,0.29593373253140143
-0.3913150717918567,-0.05106730734766113
-0.1892562050906402,0.05476879634222277
-0.12682280596714546,0.047110863245543255
-0.12682280596714546,0.047110863245543255
-0.03317274954905971,0.0356239705208154
2.8735676318026138,-0.5852611505398118
2.268425377392242,-0.4640094372218738
1.852396566461051,-0.380650337898364
1.317493777953734,-0.2734727020085579
1.702811085912838,-0.18771824739305443
2.001981814227399,-0.5735819336451243
2.1515670619937484,-0.7665135293918843
2.2680831487582305,-0.35184079958870523
2.2679120344412245,-0.2957564807721208
2.268450610162208,-0.4639843089289462
2.268475842944205,-0.4639591806240362
2.26850107572921,-0.4639340523161309
-0.19796843571385858,-0.04712764505335691
-0.22918512457681225,-0.043298679817305834
-0.24479344493600333,-0.04138420015192991
-0.22918512457681225,-0.043298679817305834
-0.15835903961435366,-0.06403019717015203
-0.09871111395726291,-0.07134647067841002
-0.15835903961435366,-0.06403019717015203
-0.09871111395726291,-0.07134647067841002
0.8082875100977382,0.20911285481703898
0.8078837856820347,0.20871080203433745
0.8066726130124559,0.20750464426137435
0.8022316438621825,0.20308206307651755
0.7925422578852933,0.19343279629168336
0.8603865732446686,0.20649231904442
0.783748795579396,0.20474035771395496
0.7710882746861869,0.20071715370501286
0.792450515462472,0.20504857807309146
0.820894737730163,0.2099607139154355
0.3783033347908661,0.26004741120318287
0.806672629525983,0.20750464650019806
0.8229324339656457,0.22483748539258402
0.7687330622219378,0.167061348191657
3.130340288586893,-0.4631946211438839
1.4387883504959007,-0.26394539102284603
0.6415207822734086,-0.17017723092469744
0.4098644112752583,-0.1430143903730344
3.130340288586893,-0.4631946211438839
1.4387883504959007,-0.26394539102284603
0.4137897134735825,-0.14233651570875433
0.3761947448103458,-0.11379135703141016
0.1502555839916329,-0.08607819385656536
0.3761947448103458,-0.11379135703141016
-0.14405708205678044,0.10787266268724115
-0.14890177504522512,0.10304802929482411
-0.1585911610221144,0.09339876250998998
-0.14431496452339826,0.21724291524139186
-0.1491596575118428,0.21241828184897488
-0.15884904348873216,0.20276901506414083
-0.144146260450948,0.2116461173314936
-0.15383564642783729,0.20199685054665953
-0.16836972539317116,0.1875229503694084
-0.1534982065291706,0.19080326897025054
-0.16803228549450447,0.17632936879299943
-0.14405708205678044,0.10787266268724115
-0.14890177504522512,0.10304802929482411
-0.1585911610221144,0.09339876250998998
-0.14431496452339826,0.21724291524139186
-0.1491596575118428,0.21241828184897488
-0.15884904348873216,0.20276901506414083
-0.144146260450948,0.2116461173314936
-0.15383564642783729,0.20199685054665953
-0.16836972539317116,0.1875229503694084
-0.1534982065291706,0.19080326897025054
-0.16803228549450447,0.17632936879299943
-0.34057574961479903,0.21809114943940883
-0.3426606496354835,0.2044852909826507
-0.324357527391134,0.2399857076203844
-0.3215977686630205,0.23120443790832765
-0.32126034578067264,0.2200108630439743
-0.3209229311231473,0.20881727907277228
-0.3226733724666398,0.24740638083651845
-0.30295721696330113,0.25551129059421035
-0.302619782902319,0.24431773030654008
-0.30228240275824886,0.23312410133058256
-0.2919211237753748,0.28377477073890195
-0.2915837047462487,0.2725811931914675
-0.28397928266015066,0.26862451589295433
-0.2660135505733097,0.3153185500674829
-0.2656761250448483,0.30412498099503293
-0.2653387767237835,0.29293130890447316
-0.33573105662635455,0.22291578283182586
-0.33539361015281655,0.21172224107127624
-0.3170904879084672,0.24722265770900995
-0.3167530756745761,0.23602907130074477
-0.3164156527922283,0.2248354964363914
-0.3139933062980058,0.2272478131325999
-0.3160782381347027,0.21364191246518935
-0.29844990752441675,0.2715295477986037
-0.29811252397485655,0.26033592398662747
-0.2956901774806342,0.2627482406828359
-0.29777508991387447,0.24914236369895718
-0.2974377097698044,0.23794873472299966
-0.2798093913042632,0.29583635421994453
-0.2917548190632544,0.32866551200805194
-0.27947197227513715,0.28464277667251014
-0.2758384517637605,0.28826125248367773
-0.27913458967170607,0.2734491492853714
-0.26116885758486513,0.32014318345989984
-0.26083143205640374,0.3089496143874501
-0.2604940837353389,0.29775594229689045
-0.30078576295122533,0.38519965343270496
-0.2635046663040338,0.43381334999969434
-0.22622354604675035,0.48242707735370294
-0.18894252613235776,0.5310406738628792
-0.28628857307181693,0.3568282317009702
-0.286558519123946,0.3657830952641562
-0.32047137004305837,0.33201066151723696
-0.3521362312214344,0.2247466238881411
-0.29621460248258535,0.2976671475725493
-0.22165246231090927,0.39489447143573425
-0.35239531883838754,0.3593606176542742
-0.3329847508890255,0.13128803804282987
-0.313371296338324,0.24763516922636558
-0.32165573863576935,0.24865131932787854
-0.3299401704401668,0.24966746814233903
-0.33822459437477836,0.2506836159915102
-0.34650902749080675,0.2516997649668524
-0.3547934560161268,0.25271591337910904
-0.3581072310332401,0.2531223731864359
-0.313371296338324,0.24763516922636558
-0.3299401704401668,0.24966746814233903
0.11258002404220492,-0.4445174939650855
0.11258002404220492,-0.4445174939650855
0.10773531565289604,-0.44934214269459904
0.10773531565289604,-0.44934214269459904
0.11614471198587566,-0.4399139219608224
0.10531755594767697,-0.449759674381506
0.10531296986396363,-0.4517544592690084
0.09320120659112355,-0.463816073424244
0.09320120659112355,-0.463816073424244
-0.3232276306130815,0.04085171468658963
-0.3232276306130815,0.04085171468658963
-0.3232276306130815,0.04085171468658963
0.10897441970687279,-0.9046306465288851
0.9983024528417968,1.6175577786378068
0.12152660008004067,-0.07661133255506808
-0.20809315670846543,0.25326653108353453
-0.20869874333202112,0.2526634519094823
-0.20930432995557666,0.25206037273543025
-0.20990991657913224,0.2514572935613782
-0.20930432995557666,0.25206037273543025
-0.20930432995557666,0.25206037273543025
-0.20930432995557666,0.25206037273543025
-0.20812340509383553,0.21288280302336102
-0.20896697162891684,0.24086671530070658
-0.20930432995557666,0.25206037273543025
-0.20809315670846543,0.25326653108353453
-0.20809315670846543,0.25326653108353453
-0.20809315670846543,0.25326653108353453
-0.20990991657913224,0.2514572935613782
-0.27579100673206147,0.18584898603006741
-0.20869874333202112,0.2526634519094823
-0.37573705154238946,-0.38351912855380565
-0.3770881527146469,-0.38375245511244455
-0.3770170417434933,-0.3837401747010872
-0.37673259947216975,-0.38369105315196067
-0.3764481578313191,-0.383641932076317
-0.37573705154238946,-0.38351912855380565
-0.37289262842116067,-0.38302791481510373
-0.3700482052999318,-0.3825367010764018
-0.3629371474968596,-0.38130866672964714
-0.3558260896937875,-0.3800806323828922
-0.3823645946712644,-0.3827062097861458
-0.3790508227210531,-0.38311266921729376
-0.37573705154238946,-0.38351912855380565
-0.3674526217440158,-0.384535277122212
-0.33431490131604513,-0.38859987154725545
-0.37505259427436644,-0.607856403820143
-0.37263024778014403,-0.6054440871239345
-0.37539482290837806,-0.4956877661869742
-0.37297247641415554,-0.4932754494907659
-0.37573705154238946,-0.38351912855380565
-0.3785016266706232,-0.27376280761684546
-0.17981098377424767,0.2857443042311342
-0.17954104091800108,0.27678939933817376
-0.19649746637755727,0.25990318246471417
-0.17900118373104812,0.25887973206806314
-0.19595760919060434,0.24199351519460358
-0.19487789790590307,0.20617402045383687
-0.18354068190121134,-0.16993031595077826
-0.16995048348035266,0.23930925219938412
-0.1963263520605515,0.20381886364812984
-0.21328277752010769,0.18693264677467014
-0.19578649487359856,0.18590919637801925
-0.19470678358889734,0.15008970163725255
-0.18336956758420556,-0.2260146347673626
-0.19642518059979236,0.15668944972450605
-0.19615523774354574,0.1477345448315454
-0.17865895509703666,0.14671109443489452
-0.1956153805565928,0.12982487756143485
-0.1775792438123354,0.1108915996941278
-0.19453566927189156,0.09400538282066817
-0.1662420278076436,-0.2652127367104873
-0.1831984532671998,-0.282098953583947
-0.11347225940283456,0.5296233137210775
-0.11313003076882304,0.41745467608790887
-0.1127878021348115,0.30528603845474006
-0.21530777744044136,0.5394047815584019
-0.19873891639795999,0.5373724842442589
-0.1821700553554786,0.5353401869301158
-0.11589460589705684,0.527210997024869
-0.06618800954837235,0.5211141034607537
-0.21945115213080799,0.48672649019603753
-0.2008106543159604,0.5110332726172808
-0.16352947424422637,0.5596470779679641
-0.144888893132974,0.5839539690058122
-0.0785644201081309,0.858087347734716
-0.07442220698864736,0.8575792736688075
-0.07027999016573505,0.8570711991486447
-0.27976945536492603,0.657728812503582
-0.2661269867525245,0.49328434052525233
-0.07442220698864736,0.8575792736688075
-0.07442220698864736,0.8575792736688075
-0.07359375666161903,0.8574776579107778
-0.07359375340643505,0.8574776584729273
-0.06199556022333925,0.8560550505625728
-0.06199556022333925,0.8560550505625728
-0.06199556022333925,0.8560550505625728
0.001114509864478226,0.9991213792872542
-0.07631318793091438,0.9165839832475089
-0.13293486714052447,0.8563955636564339
-0.19972163111900954,0.7855410806828166
-0.266508478007097,0.7146865595656032
-0.4150919856010261,0.5574866969757613
-0.11433224545719599,0.7455484386307989
-0.12568414056696647,0.5649732702147218
-0.17195418662489648,0.5000160782535844
-0.18338883346143545,0.4265314082543559
-0.19215459805723512,0.41209466504006087
-0.2493385890758799,0.32406715434086264
0.06061690928626619,-0.06725619100722842
-0.053641651684393776,0.11556922532859387
0.07526119194796378,-0.16962339364987428
0.074160057636406,0.19128368221570838
0.03872283167557722,-0.1364555880630521
-0.17396328604619926,-0.05851680859752808
-0.15168473432456836,0.5611807433269539
-0.1599691640443752,0.5621968918857233
-0.16659670638241902,0.5630098105563818
-0.1561718771516066,0.563831385129922
-0.1934529614972232,0.5152177046039048
-0.23073397525765224,0.466604116119356
-0.26801513018845635,0.41799034355187015
-0.2317281112158598,0.4667260544850999
-0.23321930976141458,0.4669089613723757
-0.23471050422230547,0.4670918677586362
-0.23520757069008366,0.4671528367561326
-0.23427189281004596,0.45254017694903215
-0.23359704247465202,0.43015303634328766
-0.2705776932683921,0.045698424575647635
-0.28714655162340147,0.04773072156015176
-0.2954309820600719,0.048746870206850125
-0.3004016370482432,0.049356558993308756
-0.13662189229391591,0.040105466756733904
-0.13904423878813824,0.03769315006052545
-0.05377748971228355,0.029943968242939455
-0.05619983620650584,0.027531651546730974
-0.1236884834130093,-0.02359275173086839
-0.15682625250966697,-0.019528100011651377
-0.18996395091896986,-0.015463559611953103
-0.23036871916733323,-0.018635914252849484
-0.2975507589209178,-0.00316173945665704
-0.2983943043676841,0.02482224562557173
-0.30166018618432816,0.05039385731905857
-0.30216631014940204,0.06718424615890298
-0.3025037243219076,0.07837781207139896
-0.25612860295108114,-0.008242483154590094
-0.2569721562226099,0.019741502887405567
-0.26023804155597036,0.04531311501224453
-0.30166018618432816,0.05039385731905857
-0.30166018618432816,0.05039385731905857
-0.30166018618432816,0.05039385731905857
-0.30583518924211045,-0.0021455908241229033
-0.3066787337465116,0.02583839414251761
-0.3075222694971934,0.05382232258474228
-0.30583519036180706,-0.002145539366320261
-0.3066787337465116,0.02583839414251761
-0.3075222694971934,0.05382232258474228
0.07471759073192076,0.14028177964506325
0.24081880296512537,-0.7518595346708373
0.24817404942193538,-0.7526846315475597
0.2517204326595658,-0.7530824563320947
-0.28048232989246163,0.2616558812798475
0.25441322141936346,-0.8112390212885942
-0.30130384807078336,0.3332692056754536
-0.2930194169171546,0.3322530569408148
-0.28473499213959513,0.3312369089882497
-0.27645055716032435,0.33022075978436666
-0.29384756559536157,0.34299202732976847
-0.28556313411880857,0.34197588311968546
-0.27727870966417334,0.3409597306425644
-0.26899427468490267,0.33994358143868153
-0.28639132042110743,0.3527148003442146
-0.27810688926747845,0.35169865160957575
-0.2698224644899192,0.35068250365701065
-0.2615380295106485,0.34966635445312755
-0.2789351035932326,0.3624375405417234
-0.2706506727864301,0.3614213872087383
-0.262366248008871,0.36040523925617307
-0.25408181302960015,0.35938909005229003
-0.27147889893629307,0.3721602565764261
-0.2631944677826642,0.3711441078417873
-0.25491004300510495,0.37012795988922215
-0.24662560802583425,0.36911181068533916
-0.26402269393252725,0.38188297720947517
-0.2557382627788982,0.3808668284748363
-0.24745383800133902,0.37985068052227106
-0.23916940302206827,0.37883453131838823
-0.13004563485095966,0.859375828236999
-0.13178591568728754,0.5775194006851936
-0.11249468198792763,0.4784694833475379
-0.25086758369061596,0.27296468957235714
-0.11599871220232513,0.3637527589312905
-0.14762305494000408,0.5218465844593735
-0.13933862931219387,0.5208304416763642
-0.14016681550439103,0.5315693499907628
-0.13188239072683178,0.5305532020381977
-0.13271062110375403,0.541292060901045
-0.12442619720034818,0.5402759077051332
-0.12525435958772974,0.5510148511213147
-0.11696993481017048,0.5499987031687497
-0.11779818901581089,0.5607375268560235
-0.10951376423825161,0.5597213789034581
-0.11034194958019786,0.5704602923874131
-0.1020575248026386,0.5694441444348477
-0.32217388351730614,0.28062144875664885
-0.1752821758211435,0.4202963060153457
-0.11769911795611442,0.4035144630957644
-0.2366167048053484,0.2706425394416347
-0.1898693891512451,0.19041033415915676
-0.17382998796085314,0.22119770481016027
-0.1621741341995359,0.3161028023972954
-0.14040311363115904,0.535701105169919
-0.14658457661469446,0.6563869801320966
-0.23644349012164745,0.43026831816974925
-0.1705879111340743,0.4300643432736948
-0.22794829287948812,0.17349825132680388
-0.18709394370604274,0.5418128325693997
-0.12485436058122651,0.8838936071497241
-0.2534016241540827,0.267131055866802
-0.24672593337223872,0.34883186121096665
-0.24208853197244692,0.3500299943891881
-0.2118636749940608,0.5193328565480865
-0.14939956503537474,0.6138234826187954
-0.2385941535249572,0.33626750444056436
-0.2523774050142234,0.7223165470748811
1.0239416267932004,-0.9088934936652331
1.0239416267932004,-0.9088934936652331
1.0239416267932004,-0.9088934936652331
1.0239416267932004,-0.9088934936652331
1.0234082975427403,-0.9089855962266005
-0.040410802232565254,0.1556049788043197
-0.047677841715232205,0.14836802871569413
-0.05736722769212148,0.13871876193086005
-0.062211920680566093,0.13389412853844299
-0.03617169548265461,0.15982653340611203
-0.040410802232565254,0.1556049788043197
-0.047677841715232205,0.14836802871569413
-0.05736722769212148,0.13871876193086005
-0.040410802232565254,0.1556049788043197
-0.047677841715232205,0.14836802871569413
-0.05736722769212148,0.13871876193086005
-0.062211920680566093,0.13389412853844299
-0.20776506684803048,0.12761833449601367
-0.20927903302189785,0.12611063694431077
-0.21230696652469733,0.12309524069062266
-0.215334898872432,0.12007984558721682
-0.22803375302796222,0.128837838126802
-0.23287844601640675,0.12401320473438503
-0.23772313900485145,0.11918857134196789
-0.24256783199329607,0.11436393794955084
-0.021724744591315508,0.3295110281712141
-0.02596385134122617,0.3252894735694217
-0.03323089082389312,0.31805252348079627
-0.042920276800782364,0.3084032566959621
-0.3555106565860183,0.24721227740618656
-0.23000631919508607,-0.49312735194001855
0.6603949504347636,-0.04529783153078077
0.6746170679637443,-0.042841762505209685
0.688839185492725,-0.04038569347963856
0.6671608480873688,-0.052564502531801324
0.7044419446856228,-0.003950759708640044
0.6746170679637443,-0.042841762505209685
0.6746170679637443,-0.042841762505209685
0.6770394144579666,-0.04042944580900119
0.6758282412108555,-0.04163560415710544
0.6750207923794482,-0.042439709722508254
0.6625053354926327,-0.05490334598625226
0.6742748393297329,0.06932687512795903
0.6749592965977561,-0.15501040013837833
-0.3241413879477077,-0.2809432378858226
-0.3299454031725408,-0.08503437736615892
-0.32424195480877616,-0.28096384242355815
-0.3241917018508109,-0.2809535491495169
-0.32409102055932953,-0.28093292097523176
-0.32406581393962336,-0.2809277537064395
-0.3240405915313991,-0.2809225851694874
-0.3207898562292182,-0.27657291725016164
-0.3224035247689221,-0.2786771040848795
-0.32575511065174034,-0.28304749534958495
-0.3273688382166741,-0.28515175915185154
-0.3291066704940158,-0.28741785265801906
-0.33320305235237513,-0.2927594408245195
-0.33355129833019287,-0.2909741579061923
-0.3241413879477077,-0.2809432378858226
-0.3299454031725408,-0.08503437736615892
-0.32424195480877616,-0.28096384242355815
-0.3241917018508109,-0.2809535491495169
-0.32409102055932953,-0.28093292097523176
-0.32406581393962336,-0.2809277537064395
-0.3240405915313991,-0.2809225851694874
-0.3207898562292182,-0.27657291725016164
-0.3224035247689221,-0.2786771040848795
-0.32575511065174034,-0.28304749534958495
-0.3273688382166741,-0.28515175915185154
-0.3291066704940158,-0.28741785265801906
-0.33320305235237513,-0.2927594408245195
-0.33355129833019287,-0.2909741579061923
-0.19616769542231918,-0.20832730055624887
0.3431973318390448,-0.2617437267510709
0.3383526388506001,-0.26656836014348795
0.3375532508315393,-0.2673644382725784
0.33675387205299706,-0.26816050719941104
0.33593029235637784,-0.2689806768396964
0.34422130779035454,-0.26457876120873375
0.33937661480191,-0.26940339460115087
0.33210957531924296,-0.2766403446897764
0.3199978428481315,-0.288701928170819
0.31030845687124214,-0.2983511949556531
0.3636000797441331,-0.2452802276390656
0.3611777332499107,-0.24769254433527402
0.3608749391680897,-0.24799408468915507
0.3587553867556884,-0.25010486103148266
0.3579560141374918,-0.2509009238234767
0.35715663997920893,-0.2516969881491804
0.3539106937672439,-0.2549294944238997
0.35167554456882283,-0.2533006183143411
0.3468308515803782,-0.25812525170675804
0.3431973318390448,-0.2617437267510709
0.3391762478088614,-0.26574816136271917
0.3383526388506001,-0.26656836014348795
0.33593029235637784,-0.2689806768396964
0.18666754252633214,-0.05293447481009764
0.1842452129730605,-0.05534677463550001
0.1800060896672209,-0.05956834572467108
0.1775837616540356,-0.06198064401636382
0.17516139667877617,-0.06439297911708812
0.1691055335233933,-0.07042376779019008
0.16426084053494866,-0.07524840118260721
0.0757932493584632,0.0554648631622705
0.06973736464187032,0.049434053017233456
0.06549829831922829,0.04521253867531943
0.06125917039312928,0.04099096298501943
-0.02678738324025898,0.09918534090481389
0.31655152040259926,-0.2882792104093646
-0.2015993980737466,-0.9191543323312209
-0.04151880366909021,-0.6720181342683772
-0.10470619130149814,-0.8226623147757723
-0.10470619130149814,-0.8226623147757723
0.29232805546037605,-0.3124023773714498
0.29232805546037605,-0.3124023773714498
0.3199978428481315,-0.288701928170819
0.3262111653512212,-0.2894640396160511
0.3019877004089981,-0.3135872065781363
0.3241400586731754,-0.2892100025685857
0.30546373924141484,-0.30317585288742455
0.32624090637948844,-0.27862994362453053
0.31792673555284756,-0.2884478910476448
-0.20359371497868664,-0.3541366851974812
-0.19874902199024203,-0.34931205180506414
-0.2118758246832938,-0.24674781468036175
-0.23465742768558953,-0.21736022747892159
-0.2118521726729948,-0.015898526826892977
-0.2219983410588605,0.0890596711548785
-0.14336188031031746,0.2882572127352949
-0.2806883480937395,0.30428660303956795
-0.2941449906677964,-0.3443352416639011
-0.15114886486510493,0.7569049937978629
-0.12347165508272441,0.7598867273861002
-0.09686871807131306,0.7449144523972013
-0.1660613145327656,0.7374595008158646
-0.12561976369609565,0.7239781514520701
-0.19920041954611653,0.677700466232767
-0.19920041954611653,0.677700466232767
-0.19920041954611653,0.677700466232767
-0.19920041954611653,0.677700466232767
-0.19920041954611653,0.677700466232767
-0.19920041954611653,0.677700466232767
-0.19920041954611653,0.677700466232767
-0.19920041954611653,0.677700466232767
-0.19920041954611653,0.677700466232767
-0.19920041954611653,0.677700466232767
-0.19920041954611653,0.677700466232767
-0.19920041954611653,0.677700466232767
-0.05654999678056331,0.3276839913032605
-0.06002108963627864,0.43673671987049323
-0.05318652135007066,0.3272714353607579
-0.05665761420578601,0.4363241639279905
-0.05313681257967123,0.32726533820052983
-0.056607905435386574,0.4363180667677626
-0.04697319750990572,0.32650932375152353
-0.0504442903656211,0.43556205231875617
-0.10368003546886599,0.4420918229235271
-0.10368003546886599,0.4420918229235271
-0.05857961097796292,0.4365599115070108
-0.05380777588721611,0.4359746094990095
-0.05056027749655312,0.4355762790259548
-0.033146385008194355,0.43344033215295436
-0.05278049157226825,0.4358486052342156
-0.049698678991834326,0.43547059739083704
-0.04518861454598593,0.3375104866383496
-0.04589513342853228,0.3368068931183398
-0.04761096104020827,0.3350981699421412
-0.04831748030777619,0.33439457603870393
-0.05005853877032563,0.3326607264807233
-0.05084075636583799,0.3318817476805298
-0.039875505692205826,0.33635095072661786
-0.04222215231839726,0.3340140204608756
-0.043004369913909664,0.33323504166068185
-0.03031257119153153,0.3445348932360792
-0.030413502295457466,0.3444343800404039
-0.030640597375546214,0.3442082252542774
-0.030918157815087107,0.34393181406202705
-0.03253305663296682,0.3423236017809392
-0.033390968898718384,0.34146924172654947
-0.034955403512210735,0.3399112847013031
-0.037377748466346616,0.33749896953880437
-0.0446700176448222,0.3302368942186793
-0.08645773688763923,0.3176720029651348
-0.08056737740558233,0.3253528968841386
-0.07549730461818986,0.33196415573178883
-0.06960653651376891,0.3396455824850008
-0.06461099190533756,0.34615965829342904
-0.053724951607394655,0.36035480563226346
-0.04075125965132587,0.377272202941536
-0.015027255964889602,0.4108157148595185
0.02583302813706669,0.4640965899306416
-0.09982755020173176,0.3247800566566225
-0.089521718525911,0.3235159677140524
-0.08035914009468213,0.32239210751094793
-0.07346649802217081,0.32154667233375633
-0.0666235549907901,0.3207073331234236
-0.06036052490807946,0.31993912466402163
-0.0534181661384647,0.3190875913543311
-0.04614442493777876,0.3181954114592843
-0.040428177631932884,0.3174942700822842
-0.06056352356728228,0.34347679167121153
-0.06052222222981538,0.34210236902497676
-0.06033592349570976,0.3359234501305524
-0.060219284240130386,0.332054692431085
-0.0598621562238052,0.320209797602774
-0.05961025165256812,0.311851143411404
-0.05901410122328743,0.2920778094471
-0.0561521468523532,0.19713141971758819
-0.04792764477751687,-0.07571142319339275
-0.30311818214290853,0.10708309677724252
-0.3030657104860515,0.1053414331420897
-0.30298115730607844,0.10253725499752239
-0.302881459606715,0.09922884796327261
-0.30272754772866806,0.09412290177156303
-0.3024262263430815,0.08412738280009781
-0.3017815038002753,0.06273952133389625
-0.3003526543675395,0.015337733194270795
-0.28976477047267435,-0.3359089724478649
-0.04932901719402205,-0.09171005872399501
-0.36815156212099226,-0.08732237107243064
0.018924248664272017,-0.1643762091258071
0.07948291101982986,-0.10406829172059405
-0.28294157510654844,-0.14310201012853013
0.0533504425344017,-0.2988567318286408
-0.21460253031730636,-0.24381009908444468
0.05386378548541899,-0.46710968827839394
-0.21408918736628907,-0.41206305553419775
0.020180674837780143,-0.016744820270666858
-0.4072784994018702,-0.12341556448344862
0.09285111278686944,0.05562472355945914
0.08843420559093924,-0.08941070687441885
-0.22275203506910077,-0.08028994906210005
0.11508001702738471,-0.06287522321612508
-0.06628573835017176,-0.10859657006970794
-0.36815156212099226,-0.08732237107243064
-0.06628573835017176,-0.10859657006970794
-0.36815156212099226,-0.08732237107243064
0.0528370995833844,-0.13060377537888776
-0.241761684704769,-0.1020926262929854
0.06979352504294062,-0.11371755850542818
-0.23207229872787977,-0.0924433595081512
0.08726329345351408,-0.26508429808172157
-0.21460253031730636,-0.24381009908444468
0.08726329345351408,-0.26508429808172157
-0.21460253031730636,-0.24381009908444468
0.07704172532960847,-0.5698131845920051
0.3488768741396594,-0.4678677512241508
0.4002595304314194,-0.5854620202444937
0.4517869112235592,-0.19087686806890025
0.5229808570538268,-0.10849074001874302
0.5772177412062267,-0.04299075674906679
0.5201259560128011,-0.2915849570248148
0.5206392989638186,-0.45983791347456804
0.037564929212270635,-0.1400693574947978
0.08894754854195648,-0.2576636633241719
0.10641731695252993,-0.4090304029004654
-0.21096809482234444,-0.10958490628175103
-0.13977414899207669,-0.027198778231593678
-0.10249305824740824,0.02141491063864079
-0.17654190095221475,-0.24406542898458491
-0.14211570708208507,-0.37854595168741856
-0.2642379049998227,-0.1639917240818583
-0.19589882324850644,-0.2646997762287412
-0.19538548029748917,-0.4329527326784943
0.05618357510848795,-0.26389569276186114
-0.3846803373156393,-0.24441951995380046
-0.384166994364622,-0.4126724764035538
-0.3321265084111648,-0.18633981052206064
-0.1959619835561431,-0.21950325283832628
-0.14167842490955385,0.12302860373173366
0.5171902665675617,-0.12574431727127022
0.5796400877004493,-0.040578440052858204
-0.16736585792634273,-0.06616320574999764
-0.06615786083407352,0.05759966108176859
0.034311911065580424,0.18637084058998493
0.3731003390818825,-0.44374458426206576
0.5298153419896906,-0.2819356902399808
-0.33954377026445254,-0.34552499345461685
-0.33954377026445254,-0.34552499345461685
-0.2609332253177146,-0.299100403618974
-0.2609332253177146,-0.299100403618974
-0.22201444750663357,0.380120616089938
-0.2805213036810898,-0.21588418282838737
-0.2633082067460251,-0.28312444417980437
-0.2802646322055812,-0.30001066105326396
-0.2923308891019515,0.17589117103289487
-0.2751177921668868,0.10865090968147795
-0.292074217626443,0.0917646928080184
-0.29291774923123337,0.11974865188491014
-0.29333951686837917,0.13374064478844083
-0.3158199212209417,-0.30615083278703786
-0.3015978056147976,-0.3036947640935283
-0.25893145879636487,-0.2963265580129996
-0.2979693338002646,0.1553379242787671
-0.31492575925982075,0.13845170740530752
-0.33887889913712393,-0.3523084565857651
-0.23118788465785647,-0.2789359389635993
-0.2360325776463011,-0.2837605723560163
-0.23845492414052347,-0.28617288905222477
-0.2946810782922499,0.4461067897844275
-0.33670450830312654,0.43308135886603083
-0.3372106441400507,0.4498717306943201
-0.3155782226829469,0.477179375466864
-0.3011453582327802,0.4950113476200824
-0.23567266924489041,0.43074064990442973
-0.23651625539317692,0.4587246063501906
-0.2345999735999101,0.47792729185430954
-0.27820224129764026,0.434505560648363
-0.22750165877029346,0.49076103631735996
-0.22760290011474393,0.4941191115841439
-0.2971034247864723,0.44369447308821885
-0.31163750375180604,0.42922057291096766
-0.310058696866681,0.4596168425243246
-0.3372106441400507,0.4498717306943201
-0.3180005691771691,0.47476705877065534
-0.3108347442096696,0.4853620808352482
-0.2623184806813358,0.4042051662461361
-0.27527382394211664,0.4201275146714998
-0.27577988864307224,0.43691788347941024
-0.24445808422984966,0.47387481944390025
-0.24455932557430024,0.4772328947106842
-0.27594861329612247,0.44251467785383514
-0.276049854640573,0.44587275312061897
-0.2938255067072211,0.16568519570150567
-0.29466904631631846,0.19366914861865392
-0.2951751821532425,0.21045952044694305
-0.3048645681301318,0.20081025366210906
-0.2929215326499172,0.2184686316498188
-0.2930227471650846,0.22182670362578624
-0.22270536518874998,0.16238063930255062
-0.2235489513370366,0.1903645957483114
-0.22405501603799216,0.2071549645562217
-0.2531231739686599,0.1782071642017195
-0.22664608718526474,0.21033944223443832
-0.2267473285297152,0.21369751750122212
-0.29140316021299884,0.1680975123977142
-0.31320427866099965,0.14638666213183746
-0.2922466998220961,0.1960814653148624
-0.2927528356590202,0.21287183714315164
-0.3145539541070211,0.19116098687727484
-0.2904991861556948,0.2208809483460273
-0.30503326512102874,0.20640704816877634
-0.2906004006708622,0.22423902032199475
-0.3051344796361961,0.20976512014474358
-0.22270536518874998,0.16238063930255062
-0.24208413714252844,0.14308210573288246
-0.2235489513370366,0.1903645957483114
-0.2429277232908149,0.17106606217864317
-0.22405501603799216,0.2071549645562217
-0.23616674850910363,0.1950933810751792
-0.22664608718526474,0.21033944223443832
-0.24360251264482088,0.1934532253609787
-0.2267473285297152,0.21369751750122212
-0.24370375398927135,0.1968113006277624
-0.22422374069104234,0.21275175893064682
-0.24360251264482088,0.1934532253609787
-0.2243249820354928,0.21610983419743063
-0.24370375398927135,0.1968113006277624
-0.29296993512219227,-0.1147363983814161
-0.29381347473128966,-0.08675244546426783
-0.29431961056821376,-0.06996207363597866
-0.30400899654510294,-0.07961134042081275
-0.2920659610648884,-0.0619529624331029
-0.2921671755800558,-0.05859489045713551
-0.3067012545453896,-0.07306879063438668
-0.22184979360372123,-0.11804095478037113
-0.22269337975200768,-0.0900569983346104
-0.22319944445296327,-0.07326662952669995
-0.22579051560023589,-0.07008215184848347
-0.22589175694468633,-0.06672407658169975
-0.29054758862796987,-0.11232408168520758
-0.30992636058174855,-0.1316226152548757
-0.29139112823706725,-0.08434012876805934
-0.3131922466850682,-0.106050979033936
-0.2918972640739914,-0.06754975693977017
-0.3136983825219923,-0.08926060720564685
-0.2896436145706661,-0.05954064573689441
-0.30417769353599994,-0.07401454591414545
-0.2897448290858334,-0.05618257376092706
-0.3042789080511672,-0.0706564739381781
-0.22184979360372123,-0.11804095478037113
-0.24122856555749983,-0.13733948835003928
-0.22269337975200768,-0.0900569983346104
-0.24207215170578633,-0.10935553190427856
-0.22319944445296327,-0.07326662952669995
-0.2425782164067418,-0.09256516309636814
-0.22579051560023589,-0.07008215184848347
-0.24274694105979205,-0.08696836872194313
-0.22589175694468633,-0.06672407658169975
-0.2428481824042426,-0.08361029345515933
-0.22336816910601365,-0.067669835152275
-0.24274694105979205,-0.08696836872194313
-0.22346941045046406,-0.06431175988549116
-0.2428481824042426,-0.08361029345515933
-0.23684674713706885,0.1921529004779587
-0.18586344830185092,0.20097499939310437
-0.18602206749448139,0.20623598292881906
-0.18856246895277398,0.20774140463404034
-0.18856246895277398,0.20774140463404034
-0.18856246895277398,0.20774140463404034
-0.1986796407221777,0.33830293489066715
-0.09790219513074201,0.6156592196802679
-0.09141854310267178,0.48147921437932845
-0.08450710528208723,0.2070884120369279
-0.16045533194316802,0.41272827442512594
-0.1256869802830023,0.1660790435384796
-0.0849348910746016,0.3472992090783888
-0.08450710528208723,0.2070884120369279
-0.1058402807257935,0.2034043086453202
-0.1472623747834697,0.208485044749254
-0.27152882731421674,0.22372727395673053
-0.18868457253714846,0.21356579357229433
-0.1058402807257935,0.2034043086453202
-0.1058402807257935,0.2034043086453202
-0.1058402807257935,0.2034043086453202
-0.1058402807257935,0.2034043086453202
-0.1058402807257935,0.2034043086453202
-0.1058402807257935,0.2034043086453202
-0.1058402807257935,0.2034043086453202
-0.1058402807257935,0.2034043086453202
-0.07782383598418273,0.34852724295668563
-0.07696826439915393,0.06810564887376391
-0.07696826439915393,0.06810564887376391
-0.07696826439915393,0.06810564887376391
-0.07654047860663953,-0.07210514816769693
-0.07696826439915393,0.06810564887376391
0.018229056496119736,0.33226302825104687
0.005237695683427948,0.7412358932782175
-0.2070967476560725,0.08677633783030819
-0.21966032267624977,0.3555384058160178
-0.21236923395662938,0.22216250146814456
-0.21227889971086392,0.5150130502771834
-0.17266578421827808,0.27318852333359794
-0.15421636713409717,0.48721795206981583
-0.15421636713409717,0.48721795206981583
-0.1299124977726379,0.193082502208986
-0.35741577590897666,0.3514472912968023
-0.3583112401405869,0.35603788845656076
-0.36010218221421625,0.36521915254983434
-0.36777131435284255,0.35271747715399643
-0.35478406567471255,0.22227297373541857
-0.1483592841873977,-0.49532115093955026
-0.1500179436716336,-0.7593567330655728
-0.1531207580854507,-0.5342292397349294
-0.16502572654609085,-0.607252043003306
-0.16747117976970075,-0.6134086136351969
-0.17004922968604805,-0.5602775954956285
-0.13727908089428936,-0.6290455848475242
-0.13984919766761722,-0.6289762041238328
-0.14254119976853247,-0.5724490220623217
-0.15482718627261843,-0.45200317095240844
-0.15811231772885473,-0.21758103625415723
-0.15940354081360572,-0.6201722862960861
-0.1473937376705834,-0.556441738144086
14.557244720147608,-0.29566046594751605
7.0975588366255895,-0.11578516309114921
2.6217084527575136,-0.00787239801870752
1.7690079930639908,0.01267820964486794
0.6316155691706121,0.04006024895364567
0.13306202019817223,0.05199832173473698
-0.15405656967742176,0.05869812568795797
-0.21989481069639757,0.060117950681843765
-0.2459041459255699,0.060633279434448184
-0.19979203366130965,0.6919487610175133
-0.206419579244735,0.6927616800862425
-0.21470461665654883,0.6725030941794048
-0.23707329115803993,0.6433348547064076
-0.25778506796780265,0.6139634031016785
-0.24325098900246858,0.6284373032789297
-0.2515354189448645,0.6294534518650017
-0.32693499393400294,0.5290180564120862
-0.3903872980257354,0.2581305835010495
-0.3652851736388404,0.25757192670544704
-0.38210286808333954,0.25711443491497765
-0.37238569520134895,0.24875333000682093
-0.3738184381409437,0.2560982863289058
-0.22848700289506527,-0.3930540206486094
-0.2312068862414892,-0.38005513390956513
-0.296904171664195,-0.35999811997240555
-0.32321474011583007,-0.38471464423749024
-0.31837004712738537,-0.3798900108450732
-0.332767826116228,-0.3943403728853511
-0.3237280830668472,-0.21646168778773722
-0.32253028284780694,-0.6090519195038275
-0.32163823108304274,-0.3845648208622105
-0.32074886241482814,-0.38447003263219515
-0.31622820590138867,-0.38557159600277896
-0.3424323803390002,-0.38803340818389415
-0.3023615164506847,-0.3811134254581555
-0.32321474011583007,-0.38471464423749024
-0.32321474011583007,-0.38471464423749024
-0.32307844013933884,-0.3846911061005171
-0.31132835352887767,-0.3861323439380583
-0.32321474011583007,-0.38471464423749024
-0.32321474011583007,-0.38471464423749024
-0.3200878632865077,-0.38438058969416394
-0.4106818299362524,0.17156659228535448
-0.1914372257144518,0.21399737845001907
-0.19489090141352694,0.6587871978491022
-0.18824057665972146,0.6583107849517003
-0.18031794534845044,0.6494949258167542
-0.17215461454419606,0.6750293721904381
-0.2569049045129767,-0.3789209956178999
-0.2581160777600878,-0.38012715396600405
-0.26053842425431023,-0.3825394706622127
-0.03844855737561748,-0.6081324870849818
-0.03965973062272863,-0.6093386454330858
-0.04208207711695095,-0.6117509621292943
-0.044504423611173266,-0.6141632788255031
-0.05177146309384021,-0.6214002289141283
-0.07858225645891362,-0.6243774636856118
-0.08100460295313595,-0.6267897803818204
-0.0906939889300252,-0.6364390471666542
-0.2952032928768445,-0.41195340364137883
-0.30004798586528914,-0.4167780370337958
-0.3097373718421784,-0.4264273038186297
-0.2090157693149015,0.6734855218466317
-0.17919091160544565,0.7123764553727203
-0.2090157693149015,0.6734855218466317
-0.17919091160544565,0.7123764553727203
-0.21022194966413282,0.21686507939833122
-0.16586292477289608,0.2702300262926304
-0.21022194966413282,0.21686507939833122
-0.16586292477289608,0.2702300262926304
-0.2391623709510587,0.6586038245750313
-0.13938131194346015,0.7678177329899897
-0.19556009093263718,0.702025568050655
-0.12484723297812628,0.7822916331672407
-0.21361391083928633,0.2273363187254109
-0.1340993640269529,0.31609410631281154
-0.1397197295928265,0.7671097777068412
-0.1400622620277495,0.7663630139435078
-0.14111304076866257,0.7638239251275615
-0.14292611031319613,0.7578007632281203
-0.2178047926963426,0.6581284188820541
-0.2176921533386045,0.6543974465435395
0.6420450681986097,-0.8811462877524362
0.6420450681986097,-0.8811462877524362
0.6590014195895901,-0.8642600617939
0.6420449941300338,-0.8811462786673598
0.6178215107067737,-0.905269464033961
0.3208938158618327,-0.9194916011236083
0.6420449931127886,-0.8811462788430313
0.08072165320636987,0.6701322736964624
-0.5271725460638503,-0.3395182315351633
-0.5223271631166876,-0.33469291104082255
-0.3842533944649784,-0.19719084095242098
-0.3842533944649784,-0.19719084095242098
-0.34912939802031073,-0.1622122764641711
-0.31326211557907113,-0.14405424777038547
-0.3309617900731247,-0.14411989204034942
-0.2873503649549926,-0.12761550891233908
-0.33869676916926966,-0.16938358841767145
-0.3057840857356044,-0.13777787011910483
-0.29024983928482334,-0.1211372544935011
-0.3001502635752159,-0.1298259697995818
-0.313950297129047,-0.1342031405136822
-0.370673823431593,-0.2680495834829893
-0.370673823431593,-0.2680495834829893
-0.3428168510687277,-0.24030795374626848
-0.3476615440571723,-0.24513258713868566
-0.3367609879133448,-0.23427716507316645
-0.3173822128793934,-0.214978628436079
-0.28467134698526164,-0.2093296704410071
-0.31421663275153794,-0.2293868996804628
-0.29462685503609537,-0.21104892321104302
-0.28757082131509243,-0.2028514160221691
-0.297471245605485,-0.21154013132824984
-0.3136936256535384,-0.21832961873855883
-0.3001502635752159,-0.1298259697995818
-0.297471245605485,-0.21154013132824984
-0.30141649888154204,-0.12406266186397781
-0.3011598274060335,-0.20818914008885434
-0.5053705035639948,-0.3178064610434959
-0.3888414591003345,-0.28614199551358477
-0.3739342334357582,-0.21471324118723195
-0.3300752881021738,-0.25541798207132344
-0.275296973562857,-0.13287441558050997
-0.27261795559312607,-0.21458857710917792
-0.3058769116867213,-0.13425873846454217
-0.31409844216038585,-0.22682831439018106
-0.35191874984180593,-0.1696729472843235
-0.3419726923894082,-0.24415015872436602
-0.36434539484798545,-0.16814872439385944
-0.35439933739558754,-0.24262593583390182
-0.377159605716974,-0.18554301551366795
-0.3502571228050198,-0.24313401008025057
-0.3813018203075417,-0.1850349412673191
-0.35439933739558754,-0.24262593583390182
-0.3505137942805285,-0.159007531855374
-0.3502571228050198,-0.24313401008025057
-0.32386798284408297,-0.13247204819708028
-0.33330069734546364,-0.22624779320679084
-0.38741388606732213,-0.19459476521927754
-0.32659865080178685,-0.21841342419635867
-0.3268553222772955,-0.13428694597148225
-0.2999528393653414,-0.1918779405380649
-0.31958828279462853,-0.1270499958828566
-0.2999528393653414,-0.1918779405380649
-0.3050542038292947,-0.11257609570560544
-0.2975304928711191,-0.18946562384185653
-0.3050542038292947,-0.11257609570560544
-0.2999528393653414,-0.1918779405380649
-0.3026318573350725,-0.11016377900939703
-0.29510814637689675,-0.18705330714564797
-0.2959428761590068,-0.10701464170513554
-0.28841916520083116,-0.18390416984138663
-0.2973650877196213,-0.10726024857448652
-0.28741903026722326,-0.18173746001452892
-0.2973650877196213,-0.10726024857448652
-0.28741903026722326,-0.18173746001452892
-0.24391460609270363,-0.031096237923294735
-0.24123558812297263,-0.11281039945196276
-0.27677727373096483,-0.0578591518374194
-0.27409825576123387,-0.1395733133660874
-0.23844304263530797,-0.027839580355558575
-0.23818637115979924,-0.11196605858043508
-0.28096070231145076,-0.14894883452207006
-0.2771560682531116,-0.20141467829434165
-0.2770152259574489,-0.21525661590007827
-0.27746941014979143,-0.21570891952920618
-0.2745929041527509,-0.21284429617551115
-0.2769143210831338,-0.2151561012097539
-0.2745929041527509,-0.21284429617551115
-0.2794375971411955,-0.2176689295679281
-0.14930136325758198,-0.11809267137886427
-0.14930136325758198,-0.11809267137886427
-0.24623225696900394,-0.2444883377791215
-0.24623225696900394,-0.2444883377791215
-0.14930136325758198,-0.11809267137886427
-0.14930136325758198,-0.11809267137886427
-0.2770152506469732,-0.21525661287171957
-0.21456479607343207,-0.13009081136828862
-0.23394356802721056,-0.14938934493795686
-0.2737373078781978,-0.4932658932867915
-0.199175120833545,-0.39603850830231807
-0.21370919979887887,-0.4105124084795692
-0.24623225696900394,-0.2444883377791215
-0.14930136325758198,-0.11809267137886427
-0.14930136325758198,-0.11809267137886427
-0.32570443850427017,-0.21741282019402228
-0.2915839152799524,-0.16620312991054254
-0.3666766812422269,-0.24098497203236122
-0.34965468467851374,-0.22810616770793885
-0.4247474506407884,-0.3028880098297574
-0.2850574039854415,-0.26033057594662945
-0.2850574039854415,-0.26033057594662945
-0.27943757245167117,-0.2176689325962868
-0.2737373078781978,-0.4932658932867915
-0.3400127709547111,-0.4851367017111818
-0.3400127709547111,-0.4851367017111818
-0.19815536968428338,-0.29791879490280526
-0.21268944864961725,-0.3123926950800563
-0.2062779807519791,-0.02473415090850916
-0.3554024215050739,-0.219189007805511
-0.3829345476500486,-0.21151984854384712
-0.347279810437378,-0.49237365179980713
-0.3626694609877408,-0.22642595789413672
-0.3626694609877408,-0.22642595789413672
-0.3243769141775661,-0.23145927568424318
-0.2731439492477266,-0.15735440947282353
-0.3312147519781825,-0.21925749073424733
-0.2869409962449566,-0.23002302876518244
-0.27475366250470196,-0.21106076260619103
-0.1977691289658269,-0.11142106092550892
-0.21472555442538313,-0.12830727779896858
-0.21472555442538313,-0.12830727779896858
-0.2131669329576105,-0.21800566910682415
-0.2301233584171667,-0.23489188598028388
-0.023902682128075566,-0.1992788899243956
-0.2252477581670924,0.24026331186436725
-0.22558998680110387,0.3524319494975359
-0.2252477581670924,0.24026331186436725
-0.22558998680110387,0.3524319494975359
-0.2252477581670924,0.24026331186436725
-0.2252477581670924,0.24026331186436725
-0.2252477581670924,0.24026331186436725
-0.2252477581670924,0.24026331186436725
-0.2167695446672711,0.24870642106795185
-0.2377017192722154,0.34037036601649334
-0.2599306235127307,0.4588703127920775
-0.4016688375511802,0.1459629413873363
-0.3890157160909755,-0.27379637071633806
-0.4016688375511802,0.1459629413873363
-0.4016688375511802,0.1459629413873363
-0.4008252961204999,0.11797898724709133
-0.4028450950836556,0.12980309468681103
-0.4028450950836556,0.12980309468681103
-0.4028450950836556,0.12980309468681103
-0.4028450950836556,0.12980309468681103
-0.4028450950836556,0.12980309468681103
-0.4028450950836556,0.12980309468681103
-0.4028450950836556,0.12980309468681103
-0.4034861859917586,0.15107088061834087
-0.4018497124627408,0.09678190497095855
-0.4028450950836556,0.12980309468681103
-0.4028450950836556,0.12980309468681103
0.6990561774918687,-0.5548990265693245
0.715088165343778,-0.5381724541770463
0.6438579715023114,-0.6016382770764503
0.6169724480233707,-0.606238257580296
0.5830596032646037,-0.6400106851923766
0.37196461884369164,-0.45020488839812256
0.42169612705893,-0.3997427230858411
0.552191483387598,-0.45405912576726665
0.3189613561102026,-0.5012319086055775
0.3189613561102026,-0.5012319086055775
0.5592869033832927,0.5317248677197093
0.16339971852662594,0.1065116813497561
-0.06477933420713078,-0.0880620359993776
-0.1829518502015429,-0.20044008674875613
-0.10549127039554462,-0.11104467102491847
-0.06685098767797122,-0.11440112815047705
-0.06298505833908306,-0.1372681246116439
-0.07324002888664044,0.1926133650256302
-0.061516923267802316,0.27797495654898874
0.031569677178343934,0.4244815462330347
0.07952774513373659,0.5045117786376918
-0.20477557536683905,0.19972530084154147
-0.2052829429773242,0.21655767743944399
-0.26907332836319114,0.24262511716798607
-0.19451119257459312,0.3398524353157378
-0.11994895964733097,0.43707988013008336
-0.082667848897739,0.4856935950862803
-0.3536647784928311,0.19681278253336085
-0.045386943853553345,0.5343070418073365
0.0664566398129416,0.6801485145188767
-0.08300522596885561,0.49688722607170377
-0.08216181779870793,0.4689031002224243
-0.08047466029559552,0.4129352876019655
-0.07541327858488278,0.24503014304306803
-0.05422362574149085,0.49060573108207267
-0.025779408165558064,0.4955178661141801
-0.082667848897739,0.4856935950862803
-0.082667848897739,0.4856935950862803
-0.082667848897739,0.4856935950862803
-0.082667848897739,0.4856935950862803
-0.082667848897739,0.4856935950862803
-0.07782315590929433,0.49051822847869747
-0.08024550240351667,0.4881059117824889
-0.08509019539196128,0.48328127839007207
-0.0875125418861836,0.4808689616938634
-0.09962427435729519,0.46880737821282087
-0.082667848897739,0.4856935950862803
-0.082667848897739,0.4856935950862803
-0.3202311258040694,-0.29216792538947967
-0.12279186318582327,-0.3163853584463848
-0.35226539361473475,-0.2882386778530778
-0.2359645906891545,-0.22985750725933993
-0.2371757639362656,-0.23106366560744412
-0.2371757639362656,-0.23106366560744412
-0.24444280341893249,-0.2383006156960697
-0.2371757639362656,-0.23106366560744412
-0.24444280341893249,-0.2383006156960697
-0.2852527137530165,-0.30380848179737224
-0.2997970695822743,-0.31048131157041664
-0.23959811043048798,-0.2334759823036527
-0.24444280341893249,-0.2383006156960697
-0.2067309336568433,-0.19136430388416648
-0.20915328015106563,-0.193776620580375
-0.21399797313951027,-0.19860125397279202
0.010321360282323881,-0.12070614259139864
-0.110618998275992,-0.17396668358163506
-0.11183017152310315,-0.17517284192973923
-0.2796992741423251,-0.2500247034086315
-0.21450719486545275,-0.1973905067962754
-0.21571836811256387,-0.19859666514437968
-0.26270990202572075,-0.2684462254605665
-0.26755459501416534,-0.27327085885298347
-0.2359645906891545,-0.22985750725933993
-0.2371757639362656,-0.23106366560744412
-0.235258072961673,-0.22915391488961245
-0.2371757639362656,-0.23106366560744412
-0.2371757639362656,-0.23106366560744412
-0.24444280341893249,-0.2383006156960697
-0.2371757639362656,-0.23106366560744412
-0.23959811043048798,-0.2334759823036527
-0.2371757639362656,-0.23106366560744412
-0.23885189729153286,-0.2100747386488967
-0.24097145047397736,-0.21218551575807906
0.5392919867648609,-0.34253246757086364
-0.27269333822194125,-0.12450862272621559
-0.27511568471616354,-0.12692093942242408
-0.27753803121038584,-0.12933325611863258
-0.27996037770460824,-0.13174557281484114
-0.2823827241988305,-0.13415788951104965
-0.28480507069305283,-0.13657020620725818
-0.3193374199687404,0.2715471650277106
-0.32175976646296267,0.2691348483315022
-0.324182112957185,0.2667225316352936
-0.32660445945140726,0.264310214939085
-0.32902680594562955,0.2618978982428766
-0.3314491524398519,0.259485581546668
-0.33387149893407414,0.2570732648504595
-0.3459832314051858,0.24501168136941684
-0.3508279243936304,0.2401870479769998
-0.11374431149520098,0.44778549030784975
-0.11374431149520098,0.44778549030784975
-0.11374431149520098,0.44778549030784975
-0.11374431149520098,0.44778549030784975
-0.11374431149520098,0.44778549030784975
-0.11374431149520098,0.44778549030784975
-0.11374431149520098,0.44778549030784975
-0.11374431149520098,0.44778549030784975
-0.11323819245719377,0.4309951090314271
-0.11323819245719377,0.4309951090314271
-0.11323819245719377,0.4309951090314271
-0.11323819245719377,0.4309951090314271
-0.11323819245719377,0.4309951090314271
-0.11323819245719377,0.4309951090314271
-0.11323819245719377,0.4309951090314271
-0.11323819245719377,0.4309951090314271
-0.11222593448864743,0.3974143776090309
-0.11222593448864743,0.3974143776090309
-0.11222593448864743,0.3974143776090309
-0.11222593448864743,0.3974143776090309
-0.11222593448864743,0.3974143776090309
-0.11222593448864743,0.3974143776090309
-0.11222593448864743,0.3974143776090309
-0.11222593448864743,0.3974143776090309
-0.1007537652959025,0.016832607132026552
-0.1007537652959025,0.016832607132026552
-0.1007537652959025,0.016832607132026552
-0.1007537652959025,0.016832607132026552
-0.1007537652959025,0.016832607132026552
-0.1007537652959025,0.016832607132026552
-0.1007537652959025,0.016832607132026552
-0.1007537652959025,0.016832607132026552
-0.2623625601310056,0.23654034742813684
-0.2623625601310056,0.23654034742813684
-0.2623625601310056,0.23654034742813684
-0.2623625601310056,0.23654034742813684
-0.2623625601310056,0.23654034742813684
-0.2623625601310056,0.23654034742813684
-0.2623625601310056,0.23654034742813684
-0.2623625601310056,0.23654034742813684
-0.2138971509699041,0.2997381314753578
-0.2138971509699041,0.2997381314753578
-0.2138971509699041,0.2997381314753578
-0.2138971509699041,0.2997381314753578
-0.2138971509699041,0.2997381314753578
-0.2138971509699041,0.2997381314753578
-0.2138971509699041,0.2997381314753578
-0.2138971509699041,0.2997381314753578
-0.1617035556943516,0.36779738486797764
-0.1617035556943516,0.36779738486797764
-0.1617035556943516,0.36779738486797764
-0.1617035556943516,0.36779738486797764
-0.1617035556943516,0.36779738486797764
-0.1617035556943516,0.36779738486797764
-0.1617035556943516,0.36779738486797764
-0.1617035556943516,0.36779738486797764
-0.11323819245719377,0.4309951090314271
-0.11323819245719377,0.4309951090314271
-0.11323819245719377,0.4309951090314271
-0.11323819245719377,0.4309951090314271
-0.11323819245719377,0.4309951090314271
-0.11323819245719377,0.4309951090314271
-0.11323819245719377,0.4309951090314271
-0.11323819245719377,0.4309951090314271
-0.06477277181510638,0.49419290804959093
-0.06477277181510638,0.49419290804959093
-0.06477277181510638,0.49419290804959093
-0.06477277181510638,0.49419290804959093
-0.06477277181510638,0.49419290804959093
-0.06477277181510638,0.49419290804959093
-0.06477277181510638,0.49419290804959093
-0.06477277181510638,0.49419290804959093
-0.012579314311384917,0.562251981790897
-0.012579314311384917,0.562251981790897
-0.012579314311384917,0.562251981790897
-0.012579314311384917,0.562251981790897
-0.012579314311384917,0.562251981790897
-0.012579314311384917,0.562251981790897
-0.012579314311384917,0.562251981790897
-0.012579314311384917,0.562251981790897
0.03588626706450535,0.6254499904022598
0.03588626706450535,0.6254499904022598
0.03588626706450535,0.6254499904022598
0.03588626706450535,0.6254499904022598
0.03588626706450535,0.6254499904022598
0.03588626706450535,0.6254499904022598
0.03588626706450535,0.6254499904022598
0.03588626706450535,0.6254499904022598
0.08435171066856463,0.688647819362309
0.08435171066856463,0.688647819362309
0.08435171066856463,0.688647819362309
0.08435171066856463,0.688647819362309
0.08435171066856463,0.688647819362309
0.08435171066856463,0.688647819362309
0.08435171066856463,0.688647819362309
0.08435171066856463,0.688647819362309
-0.33692474396791133,0.13931296662649176
-0.33692474396791133,0.13931296662649176
-0.33692474396791133,0.13931296662649176
-0.33692474396791133,0.13931296662649176
-0.33692474396791133,0.13931296662649176
-0.33692474396791133,0.13931296662649176
-0.33692474396791133,0.13931296662649176
-0.33692474396791133,0.13931296662649176
-0.11323819245719377,0.4309951090314271
-0.11323819245719377,0.4309951090314271
-0.11323819245719377,0.4309951090314271
-0.11323819245719377,0.4309951090314271
-0.11323819245719377,0.4309951090314271
-0.11323819245719377,0.4309951090314271
-0.11323819245719377,0.4309951090314271
-0.11323819245719377,0.4309951090314271
-0.3455212543464874,0.18338297493576597
-0.3455212543464874,0.18338297493576597
-0.3455212543464874,0.18338297493576597
-0.3455212543464874,0.18338297493576597
-0.3455212543464874,0.18338297493576597
-0.3455212543464874,0.18338297493576597
-0.3455212543464874,0.18338297493576597
-0.3455212543464874,0.18338297493576597
-0.33692474396791133,0.13931296662649176
-0.33692474396791133,0.13931296662649176
-0.33692474396791133,0.13931296662649176
-0.33692474396791133,0.13931296662649176
-0.33692474396791133,0.13931296662649176
-0.33692474396791133,0.13931296662649176
-0.33692474396791133,0.13931296662649176
-0.33692474396791133,0.13931296662649176
-0.06477277181510638,0.49419290804959093
-0.06477277181510638,0.49419290804959093
-0.06477277181510638,0.49419290804959093
-0.06477277181510638,0.49419290804959093
-0.06477277181510638,0.49419290804959093
-0.06477277181510638,0.49419290804959093
-0.06477277181510638,0.49419290804959093
-0.06477277181510638,0.49419290804959093
-0.3473838153727578,0.192931393571871
-0.3473838153727578,0.192931393571871
-0.3473838153727578,0.192931393571871
-0.3473838153727578,0.192931393571871
-0.3473838153727578,0.192931393571871
-0.3473838153727578,0.192931393571871
-0.3473838153727578,0.192931393571871
-0.3473838153727578,0.192931393571871
-0.34437011500742837,0.19877518201052452
-0.3441170472447779,0.19038002459721232
-0.3439483393557065,0.184783233493857
-0.3436109111569313,0.17358960105150714
-0.3425986711964924,0.14000889169115818
-0.3311265038598729,-0.24057289661926326
-0.2301365320861101,0.358129580775585
-0.2313477053332213,0.3569234224274807
-0.23195329195677686,0.3563203432534286
-0.23255887858033242,0.3557172640793765
-0.23316446443384473,0.355114185672179
-0.23740357156877698,0.35089263068695953
-0.23982591806299938,0.34848031399075086
-0.24224826455722165,0.3460679972945424
-0.24345943780433285,0.3448618389464381
-0.2351921300157253,0.3603009140942394
-0.23640330326283637,0.3590947557461351
-0.23761447650994763,0.3578885973980309
-0.2400368230041699,0.35547628070182236
-0.24124799625128104,0.3542701223537182
-0.24245916949839214,0.3530639640056139
-0.24367034274550334,0.3518578056575097
-0.23510776496907065,0.3575025286928978
-0.23692453100008318,0.35569328503590275
-0.237530111463293,0.3550902119966893
-0.24358597769884874,0.34905942025616793
-0.24012115541995674,0.35827470424267593
-0.24133232866706789,0.3570685458945716
-0.24254350191417898,0.35586238754646743
-0.24375467516129018,0.35465622919836315
-0.24738819490262365,0.35103775415405025
-0.249810541396846,0.3486254374578419
-0.2546552343852907,0.3438008040654248
-0.2594999273737352,0.33897617067300767
-0.26192227386795763,0.33656385397679933
-0.26434462036217987,0.3341515372805907
-0.24747249025745457,0.35383621899531426
-0.25473952974012126,0.3465992689066887
-0.2571618762343436,0.3441869522104802
-0.26442891571701066,0.33695000212185466
-0.2668512622112329,0.33453768542564605
-0.2499792350431138,0.35422224100130595
-0.2620909675142254,0.3421606575202633
-0.2681468429902996,0.3361298565774841
-0.22991600582131225,0.14918349930463665
-0.23112717906842345,0.14797734095653248
-0.2323383523155346,0.14677118260842825
-0.23718304530397924,0.14194654921601108
-0.24202773829242394,0.137121915823594
-0.24445008478664615,0.1347095991273856
-0.2447923134206577,0.24687823676055418
-0.24721465991487995,0.24446592006434575
-0.24963700640910216,0.24205360336813725
-0.25569287572483085,0.23602280856019653
-0.2593263923859915,0.2324043365833031
-0.2499792350431138,0.35422224100130595
-0.2620909675142254,0.3421606575202633
-0.26693566050267004,0.3373360241278463
-0.27662504647955927,0.3276867573430121
-0.1932746286916699,0.7034666974928944
-0.184990197121682,0.7024505491878975
-0.19123984614462006,0.6869605004245745
-0.1843603722367177,0.6752789364675967
-0.1920149787755206,0.6491234725150694
-0.12699919345039706,0.6953375098122008
-0.14308351265686436,0.6051895025137993
-0.184990197121682,0.7024505491878975
-0.18879670145491653,0.6974130409885536
-0.19392291570647816,0.6981534639246644
-0.11107861772274205,0.6879919782406002
-0.12041843248278776,0.7857795928817787
-0.009959369327457099,0.772230945403972
0.19064004664207812,1.150371613574137
0.17368362118252187,1.1334853967006775
0.411558177232257,1.1232743180936084
0.39460175177270074,1.1063881012201486
-0.27198019759913916,-0.30102680860904557
-0.30074324940501246,0.010473791590870129
-0.2837897856157272,0.09074854801020865
-0.2473522277396922,0.1673461961458855
-0.27198019759913916,-0.30102680860904557
-0.30074324940501246,0.010473791590870129
-0.2837897856157272,0.09074854801020865
-0.2473522277396922,0.1673461961458855
-0.27198019759913916,-0.30102680860904557
-0.30074324940501246,0.010473791590870129
-0.2837897856157272,0.09074854801020865
-0.2473522277396922,0.1673461961458855
-0.27198019759913916,-0.30102680860904557
-0.29768994277994915,0.03772235900262473
-0.2837897856157272,0.09074854801020865
-0.2473522277396922,0.1673461961458855
-0.173211886760201,0.27856546867534265
-0.27198019759913916,-0.30102680860904557
-0.30074324940501246,0.010473791590870129
-0.2837897856157272,0.09074854801020865
-0.2473522277396922,0.1673461961458855
-0.173211886760201,0.27856546867534265
-0.27198019759913916,-0.30102680860904557
-0.2837897856157272,0.09074854801020865
-0.2473522277396922,0.1673461961458855
-0.173211886760201,0.27856546867534265
-0.27198019759913916,-0.30102680860904557
-0.30074324940501246,0.010473791590870129
-0.2837897856157272,0.09074854801020865
-0.173211886760201,0.27856546867534265
-0.27198019759913916,-0.30102680860904557
-0.30074324940501246,0.010473791590870129
-0.2837897856157272,0.09074854801020865
-0.2473522277396922,0.1673461961458855
-0.27198019759913916,-0.30102680860904557
-0.30074324940501246,0.010473791590870129
-0.2837897856157272,0.09074854801020865
-0.173211886760201,0.27856546867534265
1.9227963510818014,-0.4434531924136413
-0.11828303959369411,-0.028783814660353402
2.6649279937703936,-0.40596594056050456
-0.31823727768193366,-0.292108719483451
-0.33381411843779335,-0.2901749494229492
-0.31823727768193366,-0.292108719483451
-0.29024983928482334,-0.1211372544935011
-0.3120509577328242,-0.14284810475937776
-0.295094532273268,-0.12596188788591803
-0.2899931678093148,-0.20526373271837756
-0.3045272467746486,-0.21973763289562867
-0.2984713805390927,-0.2137068411551074
-0.31306834866576905,-0.13459500602663688
-0.4051175400875997,-0.22626306502191496
-0.35424823906754827,-0.1756043898621817
-0.33104216444103174,-0.1432281242430645
-0.31402285043737155,-0.2199276425996176
-0.3249234096613719,-0.23078306773255597
-0.310389330696038,-0.21630916755530488
-0.31625141461742745,-0.212880702214981
-0.33658933521011525,-0.15338546534995628
-0.5134206292883441,-0.3294845841731784
-0.37534686063663514,-0.19198251408477685
-0.38156018313972495,-0.19122040263954496
-0.3169538917808281,-0.21821341000516473
-0.34602204971149597,-0.24716121035966693
-0.32179858476927264,-0.2230380433975817
-0.32801190727236257,-0.22227593195234963
-0.39644561219021984,-0.20836076706327364
-0.754974731760624,-0.5654053861049838
-0.41340196988597344,-0.22524691645350875
-0.3404748789424125,-0.23700386925277514
-0.657802935002871,-0.5530180190186605
-0.3501642649193018,-0.24665313603760924
0.964824603872962,0.2838451393188217
0.9431735103298841,0.26058779181444813
0.7983550988108615,0.10638975476023856
0.015371126278801507,0.5409344282141643
0.9276593477906686,0.24422723692620474
-0.23764962111145768,0.23661403345564344
-0.09716116154210491,0.3890354701948038
0.31783409187478506,0.33939070621297557
0.728501452155904,0.2879690884254309
-0.11921427627770308,0.2054372293294168
-0.1130665982245832,0.33257982640262035
-0.11458494333030286,0.3829509689593124
-0.11496455412511603,0.395543729165993
-0.12073113524158703,0.2557538557537691
-0.3273457561555943,-0.2331953844287645
-0.30796698420181573,-0.21389685085909643
-0.052546258031246566,0.22107039339755963
-0.21823484041031163,0.24139336309896545
-0.22094923147194445,0.7243335545246199
-0.2249257568962167,0.7248213057296454
-0.2229374928878805,0.7245774299681439
-0.22098303286236934,0.7254528374707377
-0.20835689701142504,0.7227890085575018
-0.22094923147194445,0.7243335545246199
-0.22094923147194445,0.7243335545246199
-0.22094923147194445,0.7243335545246199
-0.22083675628907373,0.7206023637193606
-0.22069609990278247,0.7159384590566152
-0.22094923147194445,0.7243335545246199
-0.22083675628907373,0.7206023637193606
-0.22098303286236934,0.7254528374707377
-0.22094923147194445,0.7243335545246199
0.19706893499457862,0.25498573338309216
0.1801125095350224,0.23809951650963254
0.427710689534626,0.27983514330146547
0.41075426407506976,0.26294892642800577
0.6583538053690721,0.30468648618914296
0.6413973799095158,0.28780026931568325
0.19515238654704353,0.23578321160865992
0.1854630005701543,0.2261339448238258
0.42821706885500244,0.26304503717910316
0.41126064339544627,0.24615882030564357
0.645562724700001,0.3050446539452283
0.6286062992404451,0.28815843707176864
0.4268066570515663,0.22705243320238427
0.4122725780862326,0.2125785330251332
0.639926201984621,0.2800379570095645
0.6229697765250648,0.2631517401361048
0.6447508236132659,-0.0919681721612096
0.6277943981537096,-0.10885438903466926
-0.06119220709626247,-0.014541902933545764
-0.07814863255581868,-0.03142811980700533
0.04040371973320918,-0.12725429783586936
0.023447294273652986,-0.144140514709329
0.14199963110398633,-0.23996733596539896
0.12504320564443008,-0.2568535528388587
-0.07797979487824992,-0.037025058257774544
-0.07797979487824992,-0.037025058257774544
0.02361612652103584,-0.14973758996022027
0.02361612652103584,-0.14973758996022027
0.12521187956545643,-0.26244949211915247
0.12521187956545643,-0.26244949211915247
-0.07747388342033268,-0.053815203961021275
-0.07747388342033268,-0.053815203961021275
0.04107869537574423,-0.14964173299538686
0.024122269916188037,-0.16652794986884656
0.12937799126132718,-0.24520434708743888
0.11242156580177098,-0.2620905639608986
-0.05950526624414217,-0.07050956165307602
-0.07646169170369836,-0.08739577852653564
0.04209054420405923,-0.18322170434081078
0.025134118744503022,-0.20010792121427046
0.12374201236098084,-0.2702103950432267
0.10678558690142463,-0.28709661191668623
0.639926201984621,0.2800379570095645
0.6431403782057789,0.3026323372490199
0.6413973799095158,0.28780026931568325
0.41075426407506976,0.26294892642800577
0.1801125095350224,0.23809951650963254
-0.06102336941869377,-0.020138841384314873
0.04057255198059204,-0.13285137308676062
0.1421683050250126,-0.24556327524569305
0.04040371973320918,-0.12725429783586936
-0.06119220709626247,-0.014541902933545764
-0.06119220709626247,-0.014541902933545764
-0.26007703375196994,-0.06415786664557271
-0.26007703375196994,-0.06415786664557271
-0.26007703375196994,-0.06415786664557271
-0.26007703375196994,-0.06415786664557271
-0.26007703375196994,-0.06415786664557271
-0.26007703375196994,-0.06415786664557271
-0.26007703375196994,-0.06415786664557271
-0.24352433270811744,-0.0476737025548145
-0.24392805712382123,-0.048075755337515944
-0.24433178153952495,-0.04847780812021732
-0.24554295478663607,-0.04968396646832158
-0.24796530128085842,-0.05209628316453012
-0.2503876477750808,-0.05450859986073865
-0.2552323407635254,-0.05933323325315566
-0.26007703375196994,-0.06415786664557271
0.6605333483441468,2.156480574199449
0.7248784278121416,2.1485881589123723
0.7290954737175721,1.927768845494672
0.7083089761246616,2.145726720242822
0.8177625307005685,2.133131060517003
0.8245028542041474,1.9148245769911858
0.7288511619037421,2.150271221212266
0.7312120126162723,2.0401128474926042
0.7552557477459486,2.1538341283973845
0.7584240472898861,2.0444798602431256
0.759371862547453,1.9329143017840094
0.8056424757873071,2.158547609928303
0.812646156510387,2.0530128424428518
0.8235689385163463,2.153667423519036
0.8396564193628028,2.0571788444112227
0.7856360744312789,2.048846871692881
0.7867857518966977,1.937482339625115
0.720141317497865,2.1681038190477233
0.7816603260559336,2.1573970342817366
0.7828714993030451,2.1586031926298404
0.7840826725501562,2.159809350977945
0.44562051564763094,-1.3336846482384366
0.10866302241475488,-0.9091947972055223
-0.026120189378209913,-0.7393985865713465
-0.059815904959953675,-0.6969496439747309
-0.115975544405552,-0.6262012633597059
-0.16090325656455826,-0.5696025581086384
-0.16090325656455826,-0.5696025581086384
0.03962612926620442,-0.9007269225531143
0.17769993719545563,-0.9176627019170059
0.2467368798848916,-0.926130637791263
0.5126663873968124,-1.2691203759474663
0.24318661516451803,-0.9668938248132033
-0.21131716586989374,-0.561977553701888
0.5411111023326262,-1.264208853986025
0.26452012143707576,-0.9632101510923841
-0.06870472721379381,-0.6984846869081744
-0.16842830180774226,-0.569863524946842
-0.016927041745506376,-0.7048356153660779
-0.0985734488675107,-0.7355467111140673
-0.059815904959953675,-0.6969496439747309
0.9205736825898974,0.05615950234432598
1.2212780913970065,0.10808923663451593
0.27786039740666874,0.07035234382276043
0.4329072006630836,0.0971279382598003
0.49515244915217876,0.06557239060450233
0.27786039740666874,0.07035234382276043
0.4329072006630836,0.0971279382598003
0.4329072006630836,0.0971279382598003
-0.12600112908997715,0.5341905678544138
-0.13759933245001485,0.5356131760516252
-0.15615575459217454,0.5149984232570255
-0.1621205529445621,0.5157300513176317
-0.16775396570758908,0.5164210324054931
-0.12535576996985176,0.5882909402378564
-0.025450610509240915,0.6730674263667638
-0.12550406600072583,0.5341295992713195
-0.13726795280646756,0.5355725298081799
-0.12600112908997715,0.5341905678544138
-0.14306705368493242,0.5362838391984008
-0.14839166175200333,0.52217440595623
-0.15763935127356177,0.5149281640283078
-0.17768766501255182,0.517387242782145
-0.1750366495711703,0.5170620754971119
-0.1338931290665343,0.557626556565784
-0.14106908540694232,0.5571520252679486
-0.13372744154059849,0.5576062337256633
-0.1598241748039931,0.5235766909720735
-0.13857167470981457,0.5350291460921895
-0.15066694181710572,0.5365127229532041
-0.13940010575356265,0.5351307594849777
-0.15646603683732396,0.5372240262349344
-0.07088520972952009,-0.6428624308076815
-0.05863962642213407,-0.63066755070375
-0.06247903146208221,-0.6344910585724488
-0.06708643717473516,-0.6390793871841274
-0.06204457731692581,-0.6340584032976574
-0.06750044243736661,-0.6394916782456025
-0.13087844013642408,-0.5912712228825052
-0.09482925111420189,-0.5553712966042035
-0.12685563582970444,-0.5872650751171768
-0.09829560823866192,-0.5588233011734511
-0.1325324559944251,-0.5929183902384416
-0.11420338384639238,-0.5746652101611194
-0.1383789736795803,-0.5430725574195506
-0.11286727011902503,-0.5176664858296116
-0.1812705777371738,-0.5857865675093895
-0.16174961576415295,-0.5663464326625008
-0.11564630103828198,-0.520434010088339
-0.16669558175570978,-0.5712719197341357
-0.174660217911018,-0.4962882664693188
-0.16393467872857423,-0.4856071367022273
-0.17994079848005878,-0.5015469826367847
-0.22569145593844858,-0.5471082081314155
-0.17340746849078698,-0.49504070409548145
-0.16385930535886534,-0.48553207541820714
-0.20718761538509414,0.024663352644074925
-0.24022483895954677,0.021091556569148934
-0.25171332332152735,0.013395587532878271
-0.25171332332152735,0.013395587532878271
-0.25171332332152735,0.013395587532878271
-0.23427706736791293,0.1794468886274262
-0.23427707271730977,0.17944688928357058
-0.23427707271730977,0.17944688928357058
-0.23427707271730977,0.17944688928357058
-0.12360380448398087,0.5001713081199352
-0.10243009628853116,0.5184774686787074
-0.11472212626839608,0.5043830751943771
-0.10144686518759888,0.5101903497697062
-0.2069306969742215,0.2352942039492181
-0.2293966942675522,0.1624978687060893
-0.31326076148742227,0.17765606648020787
-0.22583576674434205,-0.03766879712494444
-0.07686411340411467,0.2787812403538694
-0.254122983858258,0.11021406285396397
-0.28957484089503827,0.07650055397059537
-0.30139213153970756,0.065262717955167
-0.307300784712979,0.05964380220842629
-0.31025510291540487,0.056834355656314284
-0.3133979640416787,0.05402297848858279
-0.3132094304929823,0.0540248853465889
-0.1040474077547302,0.25099663696739033
-0.28130630342950674,0.08242945594887328
-0.3167581753285939,0.04871595030122669
-0.3285754439751314,0.037478113330694715
-0.33743839637764156,0.029049748186995274
-0.3405183930895518,0.026247307702428332
-0.34039273155847116,0.026240278923329932
-0.10132787510130811,-0.14942305988052282
-0.25284281294733096,0.32721362145384
-0.271483294995582,0.30290685146242513
-0.29012383402884856,0.27860001529330686
-0.30876436821166003,0.25429317299392346
-0.23296016948653164,0.32477486935750877
-0.25160066260497127,0.3004680947909839
-0.2702411972291827,0.2761612626404629
-0.2888817495655144,0.2518544091244523
-0.21307753658244735,0.32233611262308615
-0.2317180248104352,0.2980293427028883
-0.2503585692476272,0.27372250195042463
-0.26899912110256224,0.2494156490621444
-0.36898428144873324,0.20340762414696215
-0.36826789760184575,0.19973508253477035
-0.36755152160724575,0.1960626096909329
-0.3668351485033361,0.1923901231367003
-0.34910164854464887,0.2009688674125395
-0.3483852646977615,0.1972963258003477
-0.3476688944015036,0.19362385365545545
-0.3469525204096195,0.18995136256493603
-0.3292190156405644,0.19853011067811685
-0.328502631793677,0.19485756906592513
-0.3277862644203596,0.1911850950969652
-0.3270698904469761,0.18751260410128873
-0.25284281294733096,0.32721362145384
-0.271483294995582,0.30290685146242513
-0.29012383402884856,0.27860001529330686
-0.30876436821166003,0.25429317299392346
-0.23296016948653164,0.32477486935750877
-0.25160066260497127,0.3004680947909839
-0.2702411972291827,0.2761612626404629
-0.2888817495655144,0.2518544091244523
-0.21307753658244735,0.32233611262308615
-0.2317180248104352,0.2980293427028883
-0.2503585692476272,0.27372250195042463
-0.26899912110256224,0.2494156490621444
-0.36898428144873324,0.20340762414696215
-0.36826789760184575,0.19973508253477035
-0.36755152160724575,0.1960626096909329
-0.3668351485033361,0.1923901231367003
-0.34910164854464887,0.2009688674125395
-0.3483852646977615,0.1972963258003477
-0.3476688944015036,0.19362385365545545
-0.3469525204096195,0.18995136256493603
-0.3292190156405644,0.19853011067811685
-0.328502631793677,0.19485756906592513
-0.3277862644203596,0.1911850950969652
-0.3270698904469761,0.18751260410128873
-0.25284281294733096,0.32721362145384
-0.271483294995582,0.30290685146242513
-0.29012383402884856,0.27860001529330686
-0.30876436821166003,0.25429317299392346
-0.23296016948653164,0.32477486935750877
-0.25160066260497127,0.3004680947909839
-0.2702411972291827,0.2761612626404629
-0.2888817495655144,0.2518544091244523
-0.21307753658244735,0.32233611262308615
-0.2317180248104352,0.2980293427028883
-0.2503585692476272,0.27372250195042463
-0.26899912110256224,0.2494156490621444
-0.36898428144873324,0.20340762414696215
-0.36826789760184575,0.19973508253477035
-0.36755152160724575,0.1960626096909329
-0.3668351485033361,0.1923901231367003
-0.34910164854464887,0.2009688674125395
-0.3483852646977615,0.1972963258003477
-0.3476688944015036,0.19362385365545545
-0.3469525204096195,0.18995136256493603
-0.3292190156405644,0.19853011067811685
-0.328502631793677,0.19485756906592513
-0.3292190156405644,0.19853011067811685
-0.3270698904469761,0.18751260410128873
-0.20810535882406744,0.3855502283466522
-0.23420214748093438,0.3515206133612423
-0.2602989222836072,0.3174910093101021
-0.28639572479466824,0.2834613833904227
-0.18822272591998307,0.3831114716122294
-0.2143194999196013,0.34908187058066426
-0.24041629041204804,0.31505225836057243
-0.2665130918905838,0.28102262665600003
-0.16834007539007645,0.3806727308712548
-0.19443688167276554,0.34664309989239706
-0.22053365750796378,0.3126135016261498
-0.24663045898649943,0.2785838699215774
-0.3707035828727063,0.212221622467661
-0.36970065916795875,0.2070801058320923
-0.36869772962854525,0.20193860464248078
-0.3676947990664735,0.19679712154988818
-0.35082094996862184,0.2097828657332384
-0.3498180146564859,0.20464135302704345
-0.3488150888842705,0.19949985430620565
-0.3478121718607313,0.19435836551441082
-0.3309383099365591,0.20734411380163326
-0.3299353876614478,0.20220259166430188
-0.32893246195398446,0.19706109327541507
-0.32792953895664695,0.19191960877998818
-0.20810535882406744,0.3855502283466522
-0.23420214748093438,0.3515206133612423
-0.2602989222836072,0.3174910093101021
-0.28639572479466824,0.2834613833904227
-0.18822272591998307,0.3831114716122294
-0.2143194999196013,0.34908187058066426
-0.24041629041204804,0.31505225836057243
-0.2665130918905838,0.28102262665600003
-0.16834007539007645,0.3806727308712548
-0.19443688167276554,0.34664309989239706
-0.22053365750796378,0.3126135016261498
-0.24663045898649943,0.2785838699215774
-0.3707035828727063,0.212221622467661
-0.36970065916795875,0.2070801058320923
-0.36869772962854525,0.20193860464248078
-0.3676947990664735,0.19679712154988818
-0.35082094996862184,0.2097828657332384
-0.3498180146564859,0.20464135302704345
-0.3488150888842705,0.19949985430620565
-0.3478121718607313,0.19435836551441082
-0.3309383099365591,0.20734411380163326
-0.3299353876614478,0.20220259166430188
-0.32893246195398446,0.19706109327541507
-0.32792953895664695,0.19191960877998818
-0.20810535882406744,0.3855502283466522
-0.23420214748093438,0.3515206133612423
-0.2602989222836072,0.3174910093101021
-0.28639572479466824,0.2834613833904227
-0.18822272591998307,0.3831114716122294
-0.2143194999196013,0.34908187058066426
-0.24041629041204804,0.31505225836057243
-0.2665130918905838,0.28102262665600003
-0.16834007539007645,0.3806727308712548
-0.19443688167276554,0.34664309989239706
-0.22053365750796378,0.3126135016261498
-0.24663045898649943,0.2785838699215774
-0.3707035828727063,0.212221622467661
-0.36970065916795875,0.2070801058320923
-0.36869772962854525,0.20193860464248078
-0.3676947990664735,0.19679712154988818
-0.35082094996862184,0.2097828657332384
-0.3498180146564859,0.20464135302704345
-0.3488150888842705,0.19949985430620565
-0.3478121718607313,0.19435836551441082
-0.3309383099365591,0.20734411380163326
-0.3299353876614478,0.20220259166430188
-0.32893246195398446,0.19706109327541507
-0.32792953895664695,0.19191960877998818
-0.16336806341920151,0.44388662927247713
-0.19692105562993964,0.4001343036741009
-0.23047416323569656,0.35638182760326165
-0.2640270863522407,0.3126295758432265
-0.1434854362134593,0.4414478732369997
-0.17703842272585524,0.39769554693967823
-0.21059152463326988,0.3539430701698939
-0.24414445344815633,0.3101908191088038
-0.12360280330937498,0.4390091165025769
-0.1571557898217708,0.3952567902052557
-0.1907088755475621,0.351504327545717
-0.224261820544072,0.3077520623743813
-0.3724228850040892,0.22103565292850164
-0.37113341130838806,0.21442513783585826
-0.36984393536359583,0.20781463972685507
-0.36855445301305145,0.2012041087787648
-0.3525402577983471,0.21859689689302428
-0.35125078072126736,0.21198637874016993
-0.3499613024595114,0.20537588299243248
-0.3486718201089671,0.19876535204434215
-0.33265762489426265,0.21615814015860163
-0.3313681455002193,0.20954762436701305
-0.3300786695554271,0.20293712625800986
-0.32878918720488265,0.19632659530991955
-0.16336806341920151,0.44388662927247713
-0.19692105562993964,0.4001343036741009
-0.23047415753735429,0.3563818269043166
-0.2640270863522407,0.3126295758432265
-0.1434854362134593,0.4414478732369997
-0.17703842272585524,0.39769554693967823
-0.21059152463326988,0.3539430701698939
-0.24414445344815633,0.3101908191088038
-0.12360280330937498,0.4390091165025769
-0.1571557898217708,0.3952567902052557
-0.1907088755475621,0.351504327545717
-0.224261820544072,0.3077520623743813
-0.3724228850040892,0.22103565292850164
-0.37113341130838806,0.21442513783585826
-0.36984393536359583,0.20781463972685507
-0.36855445301305145,0.2012041087787648
-0.3525402577983471,0.21859689689302428
-0.35125078072126736,0.21198637874016993
-0.3499613024595114,0.20537588299243248
-0.3486718201089671,0.19876535204434215
-0.33265762489426265,0.21615814015860163
-0.3313681455002193,0.20954762436701305
-0.3300786695554271,0.20293712625800986
-0.32878918720488265,0.19632659530991955
-0.16336806341920151,0.44388662927247713
-0.19692105562993964,0.4001343036741009
-0.23047415753735429,0.3563818269043166
-0.2640270863522407,0.3126295758432265
-0.1434854362134593,0.4414478732369997
-0.17703842272585524,0.39769554693967823
-0.21059152463326988,0.3539430701698939
-0.24414445344815633,0.3101908191088038
-0.12360280330937498,0.4390091165025769
-0.1571557898217708,0.3952567902052557
-0.1907088755475621,0.351504327545717
-0.224261820544072,0.3077520623743813
-0.3724228850040892,0.22103565292850164
-0.37113341130838806,0.21442513783585826
-0.36984393536359583,0.20781463972685507
-0.36855445301305145,0.2012041087787648
-0.3525402577983471,0.21859689689302428
-0.35125078072126736,0.21198637874016993
-0.3499613024595114,0.20537588299243248
-0.3486718201089671,0.19876535204434215
-0.33265762489426265,0.21615814015860163
-0.3313681455002193,0.20954762436701305
-0.3300786695554271,0.20293712625800986
-0.32878918720488265,0.19632659530991955
0.7243497601319808,-0.9030868587212082
0.7243497601319808,-0.9030868587212082
0.7243497601319808,-0.9030868587212082
0.7243497601319808,-0.9030868587212082
0.7243497601319808,-0.9030868587212082
0.756543710995942,-0.9242192766339044
0.8147251880922604,-0.9141718952034217
0.756543710995942,-0.9242192766339044
0.8147251880922604,-0.9141718952034217
0.756543710995942,-0.9242192766339044
0.8147251880922604,-0.9141718952034217
0.756543710995942,-0.9242192766339044
0.8147251880922604,-0.9141718952034217
0.756543710995942,-0.9242192766339044
0.8147251880922604,-0.9141718952034217
0.8469194057691263,-0.9353047061288468
0.905100787239401,-0.9252571524784927
0.8469194057691263,-0.9353047061288468
0.905100787239401,-0.9252571524784927
0.8469194057691263,-0.9353047061288468
0.905100787239401,-0.9252571524784927
0.8469194057691263,-0.9353047061288468
0.905100787239401,-0.9252571524784927
0.8469194057691263,-0.9353047061288468
0.905100787239401,-0.9252571524784927
0.9954763863865419,-0.9363424097535638
0.9372951115354917,-0.9463900567351924
0.9954763863865419,-0.9363424097535638
0.9954763863865419,-0.9363424097535638
0.9954763863865419,-0.9363424097535638
0.9954763863865419,-0.9363424097535638
-0.0555896706650568,0.20834009718530674
-0.0555896706650568,0.20834009718530674
-0.0555896706650568,0.20834009718530674
-0.0555896706650568,0.20834009718530674
-0.0555896706650568,0.20834009718530674
0.03478592848208391,0.19725483991023568
0.03478592848208391,0.19725483991023568
0.03478592848208391,0.19725483991023568
0.03478592848208391,0.19725483991023568
0.03478592848208391,0.19725483991023568
-0.23180494101904692,0.30775009832434513
-0.2909199840408473,0.5723203868501768
-0.0074173690881003534,0.5672578385865341
-0.0307022984981302,0.48781459649258785
-0.15397906285629556,0.6116768205985881
-0.13412697002776647,0.6092418098376133
-0.15397906285629556,0.6116768205985881
-0.14573280937884023,0.6106653546474279
-0.14076979021646646,0.6100566024533046
-0.13748655724963776,0.6096538888616413
-0.13412697002776647,0.6092418098376133
-0.12091770008444312,0.6076215920230771
-0.17913914256759797,0.5505469672909905
-0.14546586886619758,0.5944561453290883
-0.13412697002776647,0.6092418098376133
-0.12313163961906415,0.6235794689789442
-0.11179260729945024,0.6383653075438762
0.1395603425796982,0.8999546670840252
-0.09231743665590113,0.654365013479551
-0.11685648445536158,0.6279400180608108
-0.13412697002776647,0.6092418098376133
-0.19203530577339345,0.545656765970094
-0.2090628377799508,0.5265761122657169
-0.25796484636836314,0.46998407223365946
-0.15131905997202677,-0.5773794479939675
-0.15131905997202677,-0.5773794479939675
-0.15131905997202677,-0.5773794479939675
-0.15131905997202677,-0.5773794479939675
-0.15131905997202677,-0.5773794479939675
-0.15131905997202677,-0.5773794479939675
-0.15131905997202677,-0.5773794479939675
-0.15131905997202677,-0.5773794479939675
-0.15131905997202677,-0.5773794479939675
-0.15131905997202677,-0.5773794479939675
-0.3232161121703424,-0.17785590317095043
-0.27748894015341435,0.26215141385525315
-0.36469345090749183,0.17530797598271475
-0.30842537713036405,-0.2475084965556724
-0.30202012497146435,0.10353520245136563
-0.2943272801768735,0.15711152390527156
-0.28869140889176337,0.16996734880951272
-0.3076162682703151,0.1517726023840841
-0.3463738306589091,0.11317551684023192
-0.29401242851048026,0.16871138429338473
-0.31581354695848113,0.14700053402750796
-0.30769149753333913,0.15591626588255636
-0.29903338712590666,0.15631408536449995
-0.36443677943198327,0.09118149775783835
-0.29004539403284724,0.032107482172235864
-0.26681680702814553,0.04754029271546902
-0.2983073114530357,0.016180175664758257
-0.2882428569697112,0.01590295124209603
-0.3074663532253952,-0.003379228548691918
-0.3195781041775439,-0.015440830434250371
-0.2893425369327606,0.013623610333792278
-0.3256778267512809,-0.0225612321319145
-0.24997350250546044,0.03850499494183571
-0.3032651623404256,-0.014566009183783361
-0.2674876177657016,0.047365198580237376
-0.29897812219059183,0.016005081529526625
-0.24997350250546044,0.03850499494183571
-0.3008427788841291,-0.012153655678543155
-0.30170775258290156,-0.372675128243806
-0.2962488008509291,0.030965260335795254
-0.30597438726474485,-0.3734119488518586
-0.29514264499473725,-0.36157141151809763
-0.3072543774658489,-0.37363299499914027
-0.2826836505472308,0.04411920536525311
-0.28413705874215583,0.042671815050371736
-0.28655940523637824,0.04025949835416316
-0.28970845267569867,0.0371234896398259
-0.3132863763440741,0.11259324649106392
-0.31086402532214735,0.11500555961481862
-0.30359698583948036,0.12224250970344415
-0.31086402984985173,0.11500556318727248
-0.3060193315636594,0.11983019377409049
-0.31813106933251867,0.10776861309864699
-0.30359698583948036,0.12224250970344415
-0.3084416833556294,0.11741787988348105
-0.3120751973461379,0.11379940583229904
-0.34827476448827527,0.10740181348054832
-0.338585378511386,0.11705108026538243
-0.27631337388490645,-0.0850294432779962
-0.2701936618764403,-0.07791592742291606
-0.26050427589955105,-0.06826666063808196
-0.2617027334126149,-0.06804612103964527
-0.2560208213335978,-0.06144149845170444
-0.24766067152135265,-0.05172371509059447
-0.24310741454650145,-0.04643103541653555
-0.23572830211418364,-0.03785359708944016
-0.23176868463249026,-0.033250948172597376
-0.2410235205110159,0.41652654112341914
-0.2579630205351475,0.3990772255200038
-0.2579630205351475,0.3990772255200038
-0.24093918611702908,0.41372812054311603
-0.24085419620664217,0.41090868535990444
-0.24077052525650333,0.40813126728664506
-0.24043310842910504,0.39693768682270836
-0.058134060287066525,-0.5315427033077496
-0.10173629718306818,-0.5749644038395031
-0.0980001168987131,-0.4805056254530602
-0.13675766080627014,-0.5191026925923966
-0.14271086649880432,-0.43429318099078823
-0.1790460485112748,-0.47047791609681955
-0.16693433144102743,-0.45841634795287345
-0.20569187534858452,-0.49701341509221003
-0.16935667793524972,-0.460828664649082
-0.21780360781969602,-0.5090749985732526
-0.058134060287066525,-0.5315427033077496
-0.10415864367729047,-0.5773767205357115
-0.0980001168987131,-0.4805056254530602
-0.1343353143120478,-0.5166903758961878
-0.14028852000458203,-0.4318808642945797
-0.17662371741791674,-0.4680656147377075
-0.14513321299302664,-0.4367054976869969
-0.1717790244294721,-0.4632409813452905
-0.14997790598147123,-0.44153013107941375
-0.17420137092369437,-0.46565329804149896
-0.15855704375693572,-0.46295162247863836
-0.18278053950088743,-0.4870748201149167
-0.20942635709767857,-0.513610309908049
-0.16695725024605218,-0.4683902577073365
-0.20571480955447347,-0.5069873401837692
-0.2686953132559064,-0.5697070712284255
-0.1756141590124058,-0.3897024453853508
-0.22648347851349424,-0.4403611389496002
-0.2603963232722609,-0.47413356656168065
-0.16324575506578554,-0.46176734012918474
-0.16324575506578554,-0.46176734012918474
-0.16281796927327116,-0.6019781371706457
-0.16281796927327116,-0.6019781371706457
-0.15953424448465467,-0.45514440721393634
-0.17891301643843316,-0.4744429407836047
-0.1373053402441394,-0.5736443539895208
-0.16637349817480723,-0.6025921543440231
-0.15539494811100937,-0.5887322713401492
-0.15582273390352377,-0.4485214742986885
-0.1800461988457469,-0.4726446412607737
-0.16932432025745772,-0.3746582800320235
-0.1521112233223929,-0.44189854138344026
-0.1468387445414338,-0.5772847050324843
-0.14926109103565616,-0.5796970217286925
-0.16379517000099003,-0.5941709219059437
-0.15185455184688423,-0.5260250196083168
-0.17123332380066275,-0.545323553177985
-0.1954567887428859,-0.5694467201400701
-0.1538167548708001,-0.5824777487289274
-0.17319552682457856,-0.6017762822985957
-0.2095307242379133,-0.6379610327417234
-0.19741899176680172,-0.6258994492606808
-0.21922013485618538,-0.6476103240659121
-0.26524475520848356,-0.6934443781029056
-0.27051722166875114,-0.5580582021841843
-0.17319552682457856,-0.6017762822985957
-0.173623312617093,-0.4615654852571348
-0.15953424448465467,-0.45514440721393634
-0.2031364998616934,-0.49856612615020574
-0.1630897733861907,-0.45575842438731395
-0.1521112233223929,-0.44189854138344026
-0.16906764878194905,-0.4587847582568998
-0.16932432025745772,-0.3746582800320235
-0.15168343752987845,-0.5821093384249011
-0.28670461193433805,-0.22490588268491243
-0.23317942260331914,-0.0467092414769728
-0.19832067835287287,-0.0005078693029468494
-0.18924956843746,0.010823071675955026
-0.1735296863003547,0.031072649124995057
-0.17837437928879935,0.026248015732578022
-0.1884421203760958,0.011627176474503082
-0.18723094712898455,0.012833334822607345
-0.1660734303752739,0.04079543615827305
-0.20335463222625752,-0.0078183975920529
-0.218266988527578,-0.027263768826480846
-0.18924956843746,0.010823071675955026
-0.1610396542719935,0.04810573263923275
-0.20381596236898164,-0.008339712944165243
-0.21298180809767617,0.43571567846269904
-0.2151641724032529,0.38395701192263565
-0.20381596236898164,-0.008339712944165243
-0.1815031032915257,0.020755744493650027
-0.19589833185865063,0.0019044473932616924
-0.19086446687031805,0.009214859778294558
-0.19086446687031805,0.009214859778294558
-0.04271835589684774,0.20506796087304288
0.28119213134338883,0.2610052369606084
-0.20545162543718226,0.21414586919319636
-0.02635835738889735,0.24507413479396775
-0.04271835589684774,0.20506796087304288
0.28119213134338883,0.2610052369606084
-0.20545162543718226,0.21414586919319636
-0.02635835738889735,0.24507413479396775
0.2613374781238584,0.18785215428903917
-0.061499033487745346,0.20612637062476644
-0.2542376195935729,0.28882856814223035
-0.12253786629884944,0.41911355218966373
0.18609794990571166,0.26636388333106725
0.21779365502031794,0.3671717018033906
0.22900968314740458,0.3863594771750045
0.23325774887593168,0.3953367330219165
0.22024680771054683,0.39408682288264674
0.23605833780299096,0.39517854217156506
0.2372148271372595,0.391433989845874
0.237845267034609,0.3834998819476401
0.23422662911616704,0.2805910669204882
-0.2896663727553152,0.23416643425369205
-0.28949764019715135,0.22856967711554652
-0.2869066106587409,0.225385168431875
-0.2893289571529632,0.22297285173566647
-0.27493051352447845,0.207659592744368
-0.26281878105336703,0.21972117622541057
-0.2940049048776457,0.21255147324951018
-0.296089896008989,0.19894549780934453
-0.3014667654817354,0.15622649654844736
-0.3006232283044007,0.12824256501389514
-0.17368198766190163,0.40778038004836736
-0.1728384897669968,0.3797964392983731
-0.16455406056558064,0.37878029080318815
-0.1728384897669968,0.3797964392983731
-0.07692828037151757,0.49373671398365554
-0.07578098884754834,0.4556785496667459
-0.06749655758022328,0.4546624009181614
-0.07578098884754834,0.4556785496667459
-0.17643997486519075,0.3244215362448745
0.054702847500418365,0.6258265300789982
-0.07578098884754834,0.4556785496667459
-0.008675165198947177,0.5431830074782559
0.054702847500418365,0.6258265300789982
-0.07569543168904544,0.42763639025845385
-0.07578098884754834,0.4556785496667459
-0.07569543168904544,0.42763639025845385
-0.07560987453054255,0.3995942308501614
-0.008675165198947177,0.5431830074782559
0.054702847500418365,0.6258265300789982
-0.07578098884754834,0.4556785496667459
-0.07569543168904544,0.42763639025845385
-0.008675165198947177,0.5431830074782559
-0.2379210363742244,0.07029734422303177
-0.2863679662586707,0.022051010298861327
-0.23766436489871579,-0.013829134001844772
-0.26188782984093895,-0.037952300963929986
-0.2861112947831621,-0.062075467926015225
-0.17319242336557591,-0.5020563436909274
-0.20226061825831795,-0.5310041808544614
-0.17344909484108456,-0.4179298654660509
-0.20251728973382657,-0.4468777026295849
-0.12742451145086062,-0.37209584823808906
-0.14195859041619452,-0.38656974841534014
-0.1516479763930838,-0.3962190152001744
-0.1758714659766897,-0.42034220670161393
-0.14438093691041684,-0.3889820651115487
-0.1516479763930838,-0.3962190152001744
-0.13953624392197217,-0.3841574317191317
-0.16618205535841768,-0.4106929153774254
-0.14680328340463916,-0.39139438180775726
-0.2891651077849152,-0.23920605296144437
-0.3708597371065911,-0.32327756634165533
-0.2720162677436916,-0.20998904862657763
-0.27443861423791394,-0.21240136532278614
-0.2841280002148032,-0.22205063210762024
-0.30108442567435934,-0.23893684898107992
-0.3083514651570262,-0.2461737990697055
-0.27443861423791394,-0.21240136532278614
-0.27928330722635836,-0.2172259987152032
-0.2841280002148032,-0.22205063210762024
-0.2889726932032478,-0.22687526550003725
-0.30108442567435934,-0.23893684898107992
-0.3349972765934718,-0.2727092827279992
-0.3761771916366339,-0.3137186911028983
-0.30108442024905274,-0.23893684804416404
-0.20788169325737235,-0.1174026195614891
-0.3045578848696383,-0.23487664789855353
-0.32151431032919453,-0.25176286477201326
-0.33847073578875064,-0.2686490816454728
-0.29146895167080783,-0.23062227968221277
-0.29389129816503007,-0.23303459637842136
-0.31084772362458635,-0.24992081325188098
-0.2934635123725158,-0.3732453934198822
-0.3055752448436273,-0.385306976900925
-0.2934635123725158,-0.3732453934198822
-0.3055752448436273,-0.385306976900925
-0.28637396836382467,0.13365328114634858
-0.211811781161059,0.23088066633699775
-0.2553266217775081,0.18211572213984742
-0.2524611174447121,0.167425714893268
-0.2524611174447121,0.167425714893268
-0.2516175408399227,0.1394417547935181
-0.1770553537168419,0.23666913988026
-0.2544830440552039,0.154131756311159
-0.2516175408399227,0.1394417547935181
-0.2516175408399227,0.1394417547935181
-0.24993047939062787,0.08347390057939841
-0.175368304129295,0.1807012701986927
-0.2527959827948096,0.0981639030654369
-0.2838433303097404,0.049701466832479155
-0.2838433303097404,0.049701466832479155
-0.273720801358145,-0.28610603794307926
-0.16524576339437988,-0.15510621921168635
-0.24267345215255368,-0.23764361037729245
-0.23980795043903272,-0.2523336041961599
-0.273720801358145,-0.28610603794307926
-0.0719541310808187,0.6684803216015046
1.7703599831344081,1.1572118899958614
1.4405052504907658,1.2844556980024529
1.2750780618814437,1.4044329586585549
1.1775555056374298,1.4981357424540411
1.6312783390050767,1.226505620591184
1.448984778446855,1.4872093915109725
1.3866492636694658,0.6888077899519888
1.2704808740391422,1.3806492517429148
1.155830992622975,1.1117404540699585
1.115003058068235,1.5519625908939985
1.1844741993810812,1.0151498780593766
1.0784976911808,1.3800385165840796
1.1332559166448417,0.47018589468407257
0.8479014060428188,0.6771328782924262
0.5482849304034005,0.9837127336352269
0.4796633436371788,0.9374581135781332
0.4882749163096894,0.9554473340195199
0.4645713329842222,0.9599692584036522
0.7648267401340907,0.8199133432940663
0.7354223557182844,0.9383520046473796
0.6802904567570326,1.192160231166456
0.3017781572560815,0.44487255756929184
0.6551715036945392,0.8232080966148027
0.5421659970462291,0.6833338074773888
0.4601070443405937,0.5168404235087432
0.3754183236172343,0.7090764327190926
1.182108598412331,0.4840809164681781
0.9122264781682676,0.4608827911388782
0.5898378228519898,0.16022557839433182
0.4148463505751678,0.14984365621980308
0.5582759013899911,0.5742690187207301
0.3096871557526822,0.9010647774231046
0.4066658950420508,0.9695146110309067
0.40432913034771417,0.9390601594657605
0.4701602714842311,0.8639819132219295
0.47301040377096776,0.7261834328766773
1.0152602440023817,-0.9764765467945488
-0.2695519513973665,-0.195454670670742
-0.3081437875964536,0.10493895122890627
-0.3226778665617875,0.09046505105165512
-0.2715349048467081,0.11526207205275649
-0.3614826341548289,0.04999045151192894
-0.2478609058410262,0.2471218114488607
-0.31779869078337997,0.13084692056019595
-0.28309711149221983,0.15745058170559936
-0.3200559912349634,0.08952741316424956
0.25837774933688634,-1.0805413293203086
0.30673294239777676,-1.0721906957623761
0.05975857502921336,-0.8252331404147455
0.13384662365486913,-0.8164265925581848
-0.05941292837152793,-0.6720482285931634
-0.05657767891358137,-0.6755465848877916
-0.09913676382499387,-0.6209865900511733
-0.101786202567305,-0.629420102831073
-0.14612763876112667,-0.5771619015978087
-0.163861693737843,-0.5921884172310994
-0.14612763876112667,-0.5771619015978087
-0.1630840642206828,-0.5940481184712683
-0.0821167311847429,-0.6925855642674277
-0.2016681515975644,-0.5402971083656066
-0.27240804105915,-0.4507468957999887
-0.28738006375043945,0.02768997485743682
-0.2866132063586121,0.0022499852597370005
-0.31106487579077063,0.062268626449961305
-0.31022283258392636,0.030300175382296755
-0.30866130090675475,0.026581856147388876
-0.32717925804348263,0.013413958508837146
-0.3112737750834768,0.07281484039053977
-0.31096986922996844,0.05669002841313754
-0.3134433194755755,0.053757369271733677
-0.31507151028892005,0.02391332531688209
-0.2879468428516037,-0.15915504795026114
-0.336524998060755,0.13323994502251826
-0.336524998060755,0.13323994502251826
-0.3372842438940946,0.15842543102165682
-0.33703112622783454,0.1500303140239687
-0.33686243059033016,0.14443350598564716
-0.3355127579582757,0.0996591897259096
-0.3240405915313991,-0.2809225851694874
-0.3240405915313991,-0.2809225851694874
-0.33316969930015233,0.1376151777948574
-0.33478523403516736,0.135508557484176
-0.3381405249025922,0.13113333500436006
-0.3397560535383334,0.129026722646992
-0.34559673998549917,0.12141060122834155
-0.34594537303325185,0.12319786846059333
-0.3268356120838658,0.14288921180735237
-0.3171462261069764,0.15253847859218644
-0.43501877807059997,-0.26745173695045016
-0.4023149781595056,-0.23488334809973627
-0.4088237437703042,-0.24136516397210925
-0.38620490334440033,-0.21883997753060405
-0.45424928898445033,-0.28660262335945436
-0.4433051329939408,-0.27570378197372064
-0.41400360268717284,-0.24652357552841223
-0.3957709692109653,-0.22836643481571411
-0.44200899625895446,-0.2744130119316008
-0.3903176279071528,-0.22293567323445912
-0.37650443890019847,-0.20917967814918215
-0.4059555761380468,-0.23850887207360405
-0.43014305542087156,-0.2625962023759886
-0.3772134849201845,-0.20988578834294352
-0.42004307008247893,-0.252538036328572
-0.4083188177879837,-0.2449598345872559
-0.378146744389163,-0.21491268955957027
-0.390075311301618,-0.22679186588442302
-0.42783075485455596,-0.26439098189559085
-0.41260302712390495,-0.24922630502645432
-0.39610951930178395,-0.23280108906612496
-0.38123845171574255,-0.21799159557961606
-0.40344776160012175,-0.24010894715303627
-0.41258945896250376,-0.24921279304443075
-0.37624160242378013,-0.2130154358914007
-0.38575576160251024,-0.2224902014098674
-0.38983149097921305,-0.22654905510734571
-0.4048995579502204,-0.2415547322969828
-0.4397960435877204,-0.27630672799335726
-0.4137155147130973,-0.2503341863275541
-0.3618612602093767,-0.206889647786182
-0.41180626151697847,-0.2566278503240336
-0.3650771055284273,-0.2100921778016332
-0.4206152601693889,-0.26540037505440256
-0.3883899435492235,-0.23330848832025966
-0.42737628269602673,-0.27213340336532005
-0.3980053283734084,-0.24288406035637247
-0.384441526956901,-0.22937642026477517
-0.4008162817949899,-0.24568337494134998
-0.3677220129920488,-0.21272613394689927
-0.36149082507457186,-0.20652074644911764
-0.3756134943763683,-0.22058494041683194
-0.42045025530985175,-0.2652360534024151
-0.3888754835161505,-0.23379201789445064
-0.4178364144695882,-0.26263303524822507
-0.14635955111738597,0.4128798586075364
-0.16859119456505225,0.39074026594361494
-0.1358829507345795,0.42331308031352644
-0.19590355848625948,0.3635409896810323
-0.17927781730363157,0.3800978914856896
-0.13954182568876522,0.41966935504037745
-0.14152701865135034,0.4176923818285506
-0.13298410352193363,0.4261999247627008
-0.2100745897985376,0.3494286339471855
-0.184318098187834,0.3750784800350393
-0.14422238935680518,0.41500817138601154
-0.163240700232678,0.3960686063943891
-0.18081047127119723,0.3785715835176566
-0.1767230418579264,0.382642088807352
-0.14381669363047794,0.4154121873170659
-0.35430411723427924,0.19651368190321328
-0.3582685091430847,0.19256570467752093
-0.334834015075346,0.21590316752259364
-0.3333772981491206,0.21735385286887446
-0.33387861245125194,0.21685461427358516
-0.4331129084478286,0.11803120084366876
-0.3655865901700375,0.18527792438364818
-0.3684830769114713,0.18239343063208402
-0.33479276925076423,0.2159442425676068
-0.3261051506690283,0.2245958898051097
-0.36030788542626185,0.19053477249275952
-0.3273819324761601,0.22332439455118713
-0.3823271540361417,0.16860667532226517
-0.356269982112235,0.19455595674750426
-0.330843244566259,0.219877414127185
-0.3663283414154934,-0.06677353845896329
-0.353918268792501,-0.05441485011234994
-0.3924067449708505,-0.09274396360544841
-0.3891519786839314,-0.08950267377555887
-0.3817253862476706,-0.08210683136710956
-0.3864763341754467,-0.08683810785308188
-0.37990243830974957,-0.08029143139957624
-0.3497640535314251,-0.050277835503647214
-0.394886887828417,-0.09521383735743244
-0.362510294679104,-0.06297130045912931
-0.4205701421692827,-0.12079074941655187
-0.358719482831048,-0.059196184580760175
-0.37050026767045274,-0.07092819072865031
-0.3718306898094247,-0.07225310421501663
-0.3520134718064771,-0.05251793999514214
-0.3730837072390491,-0.36361821747980266
-0.4380732760126925,-0.4283386950027277
-0.4480106775074076,-0.4382349503897278
-0.45059947038206044,-0.4408130242901572
-0.3796320091784983,-0.3701394059794764
-0.3775184022697393,-0.3680345505232557
-0.38999558184855637,-0.38046006796733867
-0.4073961805536732,-0.3977886189737684
-0.37427530829783273,-0.3648048846788097
-0.42421153101655856,-0.4145343449757948
-0.3856964459950071,-0.37617873281420444
-0.4101811403965797,-0.4005620476072597
-0.3664702425103759,-0.35703213599937983
-0.440141322544751,-0.4303981787263486
-0.39576996032793293,-0.3862105374601431
-0.10546741906133704,0.4719292345770757
-0.11273445854400402,0.4646922844884501
-0.11273445854400402,0.4646922844884501
-0.1103121120497817,0.4671046011846587
-0.10546741906133704,0.4719292345770757
-0.11273445854400402,0.4646922844884501
-0.11273445854400402,0.4646922844884501
-0.3060833838881165,-0.24420441625458056
-0.14930136325758198,-0.11809267137886427
-0.228295486752766,-0.5281168009531242
-0.11305399845667946,-0.3888975140276909
-0.19004754818182581,-0.49431173952934926
-0.1955849991789685,-0.4912800362129254
-0.1502898693406609,-0.4535479625631553
-0.19228436685638434,-0.5908447266651509
-0.06353006989925652,0.4958133628991906
-0.06353006989925652,0.4958133628991906
-0.11323819245719377,0.4309951090314271
-0.13220477674235226,0.05048043274150697
-0.1423695692440271,0.051100853712504064
-0.13423751270594328,0.050604645894612714
-0.13627050832368634,0.05072880582387028
-0.13830358903673404,0.05085289970732849
-0.1423695692440271,0.051100853712504064
-0.15253440433936213,0.051719317167700035
-0.17286418698736147,0.05294890016864089
-0.38917808974408524,-0.45676588063748647
-0.3589767340343311,-0.42961636447374285
-0.33631942869573805,-0.4588392333031898
-0.15562656471973105,-0.6379034343804832
-0.3195190003748242,-0.44796194751874546
-0.33218476483647474,-0.005252870146407273
-0.36695388573609256,0.0005643564384539795
-0.33848839969616423,-0.45545362356233265
-0.31797644708946626,-0.43795338981846815
-0.1291603468438372,-0.660714334684066
-0.303598349243536,-0.4294884052863466
-0.3301234423721866,-0.03498440321857765
-0.33045984679577706,-0.023824482122462395
-0.3307982768335526,-0.01259728656550419
-0.36262623682190165,-0.03276385857938835
0.5781226009281175,-0.006122938968642601
0.5793337741752285,-0.0049167806205382344
0.58054494742234,-0.0037106222724339307
0.08968651875965886,0.001057900762369042
0.09089769200676999,0.0022640591104733415
0.09210886525388115,0.00347021745857758
-0.0731206293207784,0.0033022683486540927
-0.07190945607366724,0.00450842669675834
-0.07069828282655609,0.005714585044862557
-0.154520905514118,0.004312518396431791
-0.1533097322670069,0.005518676744536047
-0.15209855901989566,0.006724835092640273
-0.22118709211291263,-0.007200307005594016
-0.1989650268615787,-0.0033626980112368573
-0.154520905514118,0.004312518396431791
0.5781226009281175,-0.006122938968642601
0.7876557287987286,-0.02911434094942264
0.58054494742234,-0.0037106222724339307
0.3734341956733804,0.021693092770524215
0.16632348836556493,0.04709680236243682
0.19566420656301725,-0.009231635823198227
0.09210886525388115,0.00347021745857758
-0.011446424207278464,0.016172064380803198
-0.11500178279907342,0.028873919782429078
-0.0016613668113791699,-0.002753319818038815
-0.07069828282655609,0.005714585044862557
-0.13973519884173305,0.0141824899077641
-0.20877211485690989,0.022650394770665563
-0.10032087849017653,0.0003739108458256657
-0.15209855901989566,0.006724835092640273
-0.2038762495632498,0.013075764173039593
-0.25565395121689266,0.019426694616200692
-0.19004754818182581,-0.49431173952934926
-0.3037586972587311,-0.23048052118575474
-0.27004111614461346,-0.38097775186843286
-0.27004111614461346,-0.38097775186843286
-0.27004111614461346,-0.38097775186843286
-0.27004111614461346,-0.38097775186843286
-0.27004111614461346,-0.38097775186843286
-0.27004111614461346,-0.38097775186843286
-0.27004111614461346,-0.38097775186843286
-0.27004111614461346,-0.38097775186843286
-0.2616761378694256,-0.3973887398816812
-0.24912865699898412,-0.42200523107462184
-0.21148623450083276,-0.49585469412105027
-0.013922091717688921,0.5377486632300437
-0.2545843170046464,-0.22071737413751275
-0.259429009993091,-0.22554200752992978
-0.2642737029815357,-0.23036664092234688
-0.2794375971411955,-0.2176689295679281
-0.2545843170046464,-0.22071737413751275
-0.259429009993091,-0.22554200752992978
-0.2642737029815357,-0.23036664092234688
-0.2517341847179097,-0.35851585448276513
-0.25415653121213205,-0.3609281711789737
-0.26453037445704425,-0.14624016269747042
-0.26937506744548895,-0.1510647960898873
-0.28390914641082277,-0.16553869626713846
-0.29117618589348976,-0.1727756463557641
-0.275997863417457,-0.22350971115020665
-0.2784202099116795,-0.22592202784641516
-0.25700666349886864,-0.22312969083372125
-0.259429009993091,-0.22554200752992978
-0.26185135648731345,-0.2279543242261383
-0.248722221972971,-0.22414584084059802
-0.2511445684671933,-0.22655815753680655
-0.3092808781681831,-0.28445375211097257
-0.3431937722097155,-0.318226228801762
-0.24043778044707337,-0.22516199084747482
-0.27192828487196335,-0.2565221078981856
-0.2262156845925486,-0.2227059197312784
-0.23348272407521553,-0.22994286981990394
-0.2594290001172812,-0.22554200874127328
-0.24184274464968442,-0.2358274052164987
-0.24602069862813328,-0.22497831156344172
-0.24043778044707337,-0.22516199084747482
-0.248722221972971,-0.22414584084059802
-0.24043778044707337,-0.22516199084747482
-0.2477048199297403,-0.23239894093610036
-0.26567864743252717,-0.24103205771405764
-0.28263507289208345,-0.25791827458751726
-0.24043778044707337,-0.22516199084747482
-0.2477048199297403,-0.23239894093610036
-0.2802127263978612,-0.2555059578913088
-0.2923244588689727,-0.26756754137235145
-0.248722221972971,-0.22414584084059802
-0.248722221972971,-0.22414584084059802
-0.24043778044707337,-0.22516199084747482
-0.25497185941240724,-0.23963589102472593
-0.27192828487196335,-0.2565221078981856
-0.25981657215247134,-0.24446052199445603
-0.23633133240286347,-0.21532904235592068
-0.2650362092719641,-0.24927059132891388
-0.23942039815546215,-0.2334150885202902
-0.2767729624595438,-0.26134672595350605
-0.23215335867279513,-0.2261781384316646
-0.20416233153542576,-0.14999751738323788
-0.02105088694019034,0.12485232208797344
-0.21374699814942044,-0.15424505709561956
-0.21374699814942044,-0.15424505709561956
-0.2225611375692262,-0.15815113950146445
-0.2225611375692262,-0.15815113950146445
-0.20677842460474113,0.29122446499150567
-0.3518124764276802,-0.32857803052724677
-0.3949771013118618,0.23355503680964465
-0.3993995516547984,0.5104245209026967
-0.39652208238181286,0.5132900759282085
-0.22836932391969905,0.2246433573073369
-0.16096581504640753,-0.5704590817423862
0.031803264647660145,-0.7053374631263337
-0.201110942389715,-0.5778963555078013
-0.15679613695647143,-0.5357544969032199
-0.21415771169061262,-0.14507787009484588
-0.10537639851279089,-0.7013725578343406
-0.06106152811458592,-0.6592307830200654
-0.1184231005843511,-0.2685541591322313
-0.009641687015398465,-0.8248489763538869
0.034673110684999696,-0.7827071077756603
-0.0226884595203888,-0.3920304868083668
-0.2695619564132956,-0.4756261828197785
-0.23411009151273093,-0.44191269169879155
-0.28249624880648283,-0.04653889716059236
-0.19297431541532015,-0.5744071522860974
-0.15752239749365357,-0.5406937192988006
-0.2059085597403236,-0.14531992862414383
-0.1163865460271984,-0.6731882873470596
-0.08093466049517296,-0.6394748125843527
-0.12932082274184284,-0.24410102190969576
-0.31519596214049156,-0.4074460721342937
-0.28343683972957373,-0.3776229738477897
-0.32781361124513536,0.019164763795885047
-0.2513729281340183,-0.4897635464851216
-0.2194111527678263,-0.4602018252971464
-0.26378792473626306,-0.06341408706936354
-0.18754978713575654,-0.5720811588314857
-0.1553854457708757,-0.5427807025874448
-0.19976221819218776,-0.14599296377555385
-0.31519595738530104,-0.40744607826742857
-0.28565274556832354,-0.3793514839701367
-0.32801779148771676,0.017910030614238938
-0.2513729281340183,-0.4897635464851216
-0.22182966408353655,-0.46166901955739653
-0.2641947100029298,-0.06440750497302082
-0.18754978713575654,-0.5720811588314857
-0.15800654721523938,-0.5439865956556394
-0.20037159606396693,-0.14672508241892657
-0.027176170781556045,-0.8458230060117105
-0.03954811106277793,-0.4353916777956106
-0.009450262101053908,-0.8289662631386262
-0.00584299737233972,-0.8421389029714461
-0.018214938389701254,-0.431707574882473
0.01188291018245287,-0.8252821602927647
-0.1347743567212476,-0.6943096811250301
-0.1468651092676419,-0.29320640069559295
-0.12059358320684446,-0.6808242861633816
-0.11770781795148932,-0.6913623986854991
-0.12979858312829115,-0.29025910341306305
-0.10352705636626838,-0.6778769887597538
-0.2065064824625286,-0.5933007953586604
-0.2181494916059398,-0.19830150666544968
-0.1936293685703844,-0.5815878219482485
-0.19228436685638434,-0.5908447266651509
-0.20390878560857123,-0.19584222752989683
-0.17938866257301583,-0.5791285428126957
-0.2065064824625286,-0.5933007953586604
-0.2183160622487232,-0.20152543753833552
-0.19468919619020617,-0.5820629605814678
-0.19228436685638434,-0.5908447266651509
-0.204093947150653,-0.19906936893256713
-0.1804670810921358,-0.5796068919756993
-0.027176170781556045,-0.8458230060117105
-0.03954811106277793,-0.4353916777956106
-0.009450262101053908,-0.8289662631386262
-0.00584299737233972,-0.8421389029714461
-0.018214938389701254,-0.431707574882473
0.01188291018245287,-0.8252821602927647
-0.1347743567212476,-0.6943096811250301
-0.1468651092676419,-0.29320640069559295
-0.12059358320684446,-0.6808242861633816
-0.11770781795148932,-0.6913623986854991
-0.12979858312829115,-0.29025910341306305
-0.10352705636626838,-0.6778769887597538
-0.2065064824625286,-0.5933007953586604
-0.2181494916059398,-0.19830150666544968
-0.1936293685703844,-0.5815878219482485
-0.19228436685638434,-0.5908447266651509
-0.20390878560857123,-0.19584222752989683
-0.17938866257301583,-0.5791285428126957
-0.2065064824625286,-0.5933007953586604
-0.2183160622487232,-0.20152543753833552
-0.19468919619020617,-0.5820629605814678
-0.19228436685638434,-0.5908447266651509
-0.204093947150653,-0.19906936893256713
-0.1804670810921358,-0.5796068919756993
-0.027176170781556045,-0.8458230060117105
-0.03954811106277793,-0.4353916777956106
-0.009450262101053908,-0.8289662631386262
-0.00584299737233972,-0.8421389029714461
-0.018214938389701254,-0.431707574882473
0.01188291018245287,-0.8252821602927647
-0.1347743567212476,-0.6943096811250301
-0.1468651092676419,-0.29320640069559295
-0.12059358320684446,-0.6808242861633816
-0.11770781795148932,-0.6913623986854991
-0.12979858312829115,-0.29025910341306305
-0.10352705636626838,-0.6778769887597538
-0.2065064824625286,-0.5933007953586604
-0.2181494916059398,-0.19830150666544968
-0.1936293685703844,-0.5815878219482485
-0.19228436685638434,-0.5908447266651509
-0.20390878560857123,-0.19584222752989683
-0.17938866257301583,-0.5791285428126957
-0.2065064824625286,-0.5933007953586604
-0.2183160622487232,-0.20152543753833552
-0.19468919619020617,-0.5820629605814678
-0.19228436685638434,-0.5908447266651509
-0.204093947150653,-0.19906936893256713
-0.1804670810921358,-0.5796068919756993
-0.01815340553230355,0.5284388927070841
-0.01815340553230355,0.5284388927070841
-0.01815340553230355,0.5284388927070841
-0.01815340553230355,0.5284388927070841
-0.01815340553230355,0.5284388927070841
-0.01815340553230355,0.5284388927070841
-0.035794288259882776,0.735889951099962
-0.010971923208139486,0.5637180022040019
-0.010886366049636598,0.5356758427957097
-0.010800808891133723,0.5076336833874177
-0.005956115902689093,0.5124583167798347
-0.018067848373800658,0.5003967332987921
-0.03493871667485397,0.4554683570170401
-0.03451093088233958,0.31525755997557925
-0.005956115902689093,0.5124583167798347
-0.023733734031009285,0.5093882354684951
-0.03361021358017265,0.5076826304168593
-0.03361021358017265,0.5076826304168593
-0.03361021358017265,0.5076826304168593
-0.043486675798499914,0.5059770283581483
-0.2214301318983174,-0.04482812715414283
3.0152585169488466,-2.131055439975782
3.014745173997829,-1.9628024835260296
-0.20446763103482116,-0.5104654776543158
-0.25176723481676827,-0.117840182847441
-0.2520532735232056,-0.5208625716333313
2.9374413411568088,-0.3550415678047764
2.2446882245487854,1.2695344495784673
-0.3027701079244761,-0.3561836970346712
-0.3323796465764067,0.04668939960259077
-0.3124594914324129,-0.365832964122341
-0.32941591689196914,-0.38271918099580077
-0.29792541246707893,-0.3513590639450899
-0.3027701054555237,-0.3561836973375069
-0.2983531982595934,-0.21114826690362898
-0.3153096237191496,-0.22803448377708865
-0.3322660491787057,-0.24492070065054827
-0.2987407653568786,-0.23006678076248346
-0.3156971908164347,-0.24695299763594308
-0.32296423029910154,-0.25418994772456865
-0.29831297956436403,-0.3702775778039444
-0.31284705852969796,-0.38475147798119563
-0.1348829937499171,-0.5712320372933122
-0.1615288051863626,-0.597767520951606
-0.12663875353953127,-0.5718023024693886
-0.1450001655193208,-0.4406705070366855
-0.19586944189798938,-0.4913291576570644
-0.24189406225028756,-0.5371632116940578
-0.1348829937499171,-0.5712320372933122
-0.1518394192094733,-0.5881182541667721
-0.09708867823721339,0.3924672833462453
-0.36073810818613145,0.22079173586107032
-0.33824249588559924,0.2698015360450597
-0.21443585550566518,0.400589376650321
-0.2798392354910505,0.3354568013133365
-0.33340764414136054,0.28470183564241686
-0.351442677298132,0.2436841500714211
0.2842054631607644,0.11845533570063373
-0.17307736274126687,-0.47144116769464545
0.7951618165444605,0.4398182560638113
0.8462579948803817,0.37819341988781285
0.8459289729959931,0.2653563110690651
0.8084336961192617,0.45303518302480766
0.8258941424520845,0.35791388459875484
0.83392855912672,0.25340558527186546
0.8292638855618781,0.4737791244458483
0.8147354185407198,0.34680136371705134
0.808970305090518,0.2285506716319929
0.8023102601319106,0.44693710130706676
0.8440474245153483,0.37599200245540465
0.8351407411304393,0.2546127481997909
0.8337716630837204,0.4782682373802159
0.830497571661589,0.3624982531721146
0.8017928709162103,0.22140295583827058
0.8322854257809074,0.4767881538873484
0.8482533127561442,0.38018047609031114
0.8258615202106816,0.24537194817141766
0.7984858528385872,0.44312852908637507
0.8295342876452171,0.36153895766198524
0.8165996252632014,0.2361484023766163
-0.40188571563290243,-0.15727388464292993
-0.4072566123100481,0.3074135969559612
-0.4072566123100481,0.3074135969559612
-0.32445796346623645,-0.07473681854094341
-0.2470303009681454,0.007800707246970033
-0.16960260430619317,0.09033809361718753
-0.09217500571845522,0.17287533974490998
-0.014747233630545137,0.2554128395705849
-0.35377069884628315,-0.16396721431799985
-0.35377069884628315,-0.16396721431799985
-0.10456852121191162,-0.47144361009484337
-0.10497224562761534,-0.47184566287754476
-0.1057796944590228,-0.47264976844294754
-0.11304673394168974,-0.47988671853157333
-0.12031377342435667,-0.4871236686201986
-0.1461898175253221,-0.4146410205256801
-0.1631462429848782,-0.4315272373991396
-0.17041328246754517,-0.4387641874877651
-0.1728356289617675,-0.44117650418397375
-0.17768032195021213,-0.4460011375763906
-0.17768032195021213,-0.4460011375763906
-0.19948144039821292,-0.4677119878422675
-0.25277310023317806,-0.5207829919678865
-0.3238237677025722,0.09072134430814369
-0.32521244029233926,0.6482848095776664
-0.3234820943117327,0.23174928119684488
-0.1514799655350807,-0.5520232726244267
-0.1573247934571332,-0.5590146158437015
-0.1576670220911447,-0.44684597821053273
-0.14963567734745975,-0.5536987687125824
-0.14997790598147123,-0.44153013107941375
-0.273385410058879,0.19554362302003162
-0.2633233393834359,-0.22103120962134906
-0.2753016307151296,0.1763409371165457
-0.2659622000329586,-0.050716709521010934
-0.2728792842209074,0.17875325381275423
-0.2798040950695628,0.059347666090959934
-0.2758681816890776,0.11236392320641758
-0.2798040950695628,0.059347666090959934
-0.3192602661465057,0.04270485402915654
-0.27738174857534037,0.061759982787168446
-0.2710186773202598,0.016213509547105865
-0.2678258037378691,-0.3380244806469349
-0.2798040950695628,0.059347666090959934
-0.2798040950695628,0.059347666090959934
-0.26055876425520214,-0.3307875305583094
-0.29433817403489654,0.044873765913708834
-0.2798040950695628,0.059347666090959934
-0.289493481046452,0.04969839930612584
-0.2830711662529706,0.1628387694186126
-0.2983911898229645,0.14758217886381284
-0.2972547354088316,0.14871392775449854
-0.2989813398044856,0.08934646581256657
-0.3043864583350616,-0.14663117387285016
-0.2683863074934529,-0.11078008273111048
-0.266628850960697,-0.10902990299962292
-0.26997511603514207,0.1758805950493406
-0.272609884339787,0.17325673608156067
-0.28756877458415087,0.1583597835690692
-0.32435763643988136,0.06407524049136912
-0.3109836460549529,0.07739385546963316
-0.2793364578574782,0.10891000753908822
-0.2763937211935177,-0.1187543414955721
-0.30159167582093876,-0.14384796323920607
-0.290909396126077,-0.13320991384249603
-0.26749089483621225,0.1783545302561937
-0.3272377755197177,0.11885503331677232
-0.2975231613362433,0.09079860664930603
-0.2780392615430316,0.11020183277344804
-0.3042753226184859,-0.1465204983170286
-0.31882956439529136,-0.1610144778210281
-0.408587639115436,-0.0009826797120617995
-0.45276708362602947,-0.04509449392620574
-0.47813704264220425,-0.07024411185611633
-0.4619730795966407,-0.05426237219552134
-0.40567414827978737,0.0019187477277570599
-0.42093782487134607,-0.013397025168122518
-0.0054189614713802325,-0.08205909956060352
-0.27316741795018495,-0.1464249196721105
-0.2744760320545197,-0.14728997588551565
-0.2757589878124483,-0.1481380750349903
-0.20114293547911122,0.24893115808840208
-0.20195040803748904,0.24812705650992659
-0.20336344406998447,0.24671987119533037
-0.20639137603269755,0.243704476475352
0.1179549411145924,0.6363991827653188
0.11803970085631452,0.6336013296778421
0.11820831265945797,0.6280044261238533
0.14280932883002667,0.668808735364879
0.12279963410303704,0.6412238161577359
0.12037728760881468,0.6388114994615276
0.11812605543159814,0.5803148639487347
0.11846828406560968,0.468146226315566
0.10847352788348602,0.6347618031481062
0.11321422898206054,0.635580498305312
0.11629880430689343,0.6578773239763868
0.1290031522308184,0.7059604543292409
-0.041370514475557764,0.5050225761173799
-0.004089212578387303,0.5536365403256431
0.039472338423879164,0.6342642158317108
0.17871086294159727,0.7707781718722625
-0.33346195888288543,0.24793408375578338
-0.33346195888288543,0.24793408375578338
-0.31689311120710373,0.24590178808116805
-0.3164544526539663,0.23135013666152723
-0.3164544526539663,0.23135013666152723
-0.2818580876896965,0.2350775724618785
-0.24726183454734177,0.23880508548513216
-0.3004986480001554,0.21077070854778876
-0.28454292933604114,0.19019139134157387
-0.27743187269648845,0.19141942548739627
-0.24601337473788673,0.19738895051902744
-0.2832944859562215,0.1487752349516007
-0.26672562350643136,0.1467429374648404
-0.2596145653193133,0.14797097187791744
-0.26672562350643136,0.1467429374648404
-0.26672562350643136,0.1467429374648404
0.5627613725030194,-0.09959785257541916
0.1123612859391667,-0.07417047244343843
0.5627613725030194,-0.09959785257541916
0.1123612859391667,-0.07417047244343843
-0.04099605357201296,-0.06566005417190149
0.5627613725030194,-0.09959785257541916
0.1123612859391667,-0.07417047244343843
-0.04099605357201296,-0.06566005417190149
-0.11953420143403716,-0.06141068887199462
0.8870652224339243,0.00012533094605131744
0.40235384192616264,0.030176660846224102
0.23997997848290617,0.04021177519763115
0.23997997848290617,0.04021177519763115
0.2327129390002392,0.03297482510900562
0.23997997848290617,0.04021177519763115
0.0216089295571485,0.05362499240496752
-0.052251535305187204,0.05810917742344032
-0.08958350083286924,0.06035371119156351
-0.08958350083286924,0.06035371119156351
-0.12041903037355935,0.062190383648073194
1.2922973335695143,0.031829530970557574
0.6167984848031924,0.07652947682500025
0.10796523691499876,0.1100947281137298
0.10796523691499876,0.1100947281137298
0.10069819743233185,0.10285777802510426
0.10796523691499876,0.1100947281137298
-0.03903852273092122,0.11970441846111106
-0.08545013373423524,0.12270978761792654
-0.08545013373423524,0.12270978761792654
-0.12182881811934294,0.1250470409478332
-0.17543104121805775,0.1284412048167247
-0.12392176699951868,-0.06036298404378864
0.7093140244533683,-0.14960310344407815
0.2850114637129105,-0.11052176709531626
0.07143427685616399,-0.09091921267543696
0.6939448376244561,-0.16068056771130876
-0.12392176699951868,-0.06036298404378864
1.1247794150378965,-0.18793364972228102
0.7093140244533683,-0.14960310344407815
0.2850114637129105,-0.11052176709531626
0.07143427685616399,-0.09091921267543696
0.7621415137992941,-0.15226833108492402
-0.3376526903430131,-0.014174404917379495
-0.3553347908970877,-0.0375482418602286
-0.38878173487101464,-0.07085669776358548
-0.32128782001159817,-0.0036422434746589977
-0.31904585074956066,-0.0014095571533175911
-0.35587471762717,-0.041598080160004075
-0.3856936984915836,-0.07129359464346822
-0.339329507563687,-0.025121376032987353
-0.33827343950057526,-0.02406968065123531
-0.3952632532018641,-0.08884086009960056
-0.3508546727391379,-0.06767555518381994
-0.3425497998166272,-0.05940506883570786
-0.3196042577772892,-0.036554533498557404
-0.31906565952290344,-0.03601816532633163
-0.3413235819892476,-0.0616960595961481
-0.3463203554319538,-0.0666721437491631
-0.3114425779942972,-0.03193877879077172
-0.30711204285872234,-0.027626174365276954
-0.355458386987822,0.17996510725462728
-0.33605087893914176,0.19831224482963666
-0.31667207002328895,0.2176108152083364
-0.29002625858684367,0.24414629886663025
-0.2802524877481588,0.2509972059812498
-0.2801681195982499,0.24819884531124092
-0.36215808974105473,0.19146562297863837
-0.36215808974105473,0.19146562297863837
-0.3628270878196015,0.2022863565305114
-0.3628270878196015,0.2022863565305114
-0.4015409323566822,0.16101767902393962
-0.36215808974105473,0.19146562297863837
-0.36215808974105473,0.19146562297863837
-0.36215808974105473,0.19146562297863837
-0.3734220106119556,0.186144117702404
-0.3734220106119556,0.186144117702404
-0.4010636820851828,0.15667825407924005
-0.36198937951121163,0.18586883206530322
-0.36198936321612535,0.18586883006658647
-0.3433488008748266,0.21017569662884497
-0.3433488008748266,0.21017569662884497
-0.3627057403854735,0.18954133744637422
-0.36198936321612535,0.18586883006658647
-0.36198936321612535,0.18586883006658647
-0.36198937951121163,0.18586883206530322
-0.34951792783087454,0.1963145395276724
-0.34951792783087454,0.1963145395276724
-0.36165196299005903,0.1746752501910849
-0.36165196299005903,0.1746752501910849
-0.3523316851933321,0.18682867907269657
-0.3523316851933321,0.18682867907269657
-0.3620101517906674,0.1765115049879657
-0.36165196299005903,0.1746752501910849
-0.36165196299005903,0.1746752501910849
-0.36165196299005903,0.1746752501910849
-0.36063971358069674,0.14109448814176437
-0.36063971370637177,0.14109450520859632
-0.35691159861296534,0.14595588194417913
-0.35691159861296534,0.14595588194417913
-0.3607829880831763,0.14182900126550996
-0.36063971370637177,0.14109450520859632
-0.36063971370637177,0.14109450520859632
-0.36063971358069674,0.14109448814176437
-0.3488301333375729,-0.25068085267350837
-0.3488301333375729,-0.25068085267350837
-0.3488301333375729,-0.25068085267350837
-0.3488301333375729,-0.25068085267350837
-0.3488301333375729,-0.25068085267350837
-0.3488301333375729,-0.25068085267350837
-0.3488301333375729,-0.25068085267350837
-0.23487575020382517,-0.35139465445669776
-0.23282770631425012,-0.34935509055402153
43.480817918554216,-21.94453918192814
21.591401636740798,-10.998449616652191
8.457636524009512,-4.4307500803105695
4.0785293014931705,-2.240948535006301
-0.2542830741177701,0.23956544496922663
-0.23521626672298188,0.24684614684795536
-0.2400609597114265,0.24202151345553832
-0.2258388425381764,0.2444775824196771
-0.2615501136004371,0.23232849488060117
-0.2400609597114265,0.24202151345553832
-0.14685817622638248,0.3635558094667064
-0.2258388425381764,0.2444775824196771
-0.2988312156616105,0.18371479125390322
-0.2729236024826686,0.21525862271141638
-0.2400609597114265,0.24202151345553832
-0.2258388425381764,0.2444775824196771
-0.23310588202084345,0.23724063233105155
-0.1834235672790254,0.3481596317204216
-0.16795908462629738,-0.07043710946923105
-0.16811048128218625,-0.07058787926274415
-0.1682114123861122,-0.07068839245841951
-0.16861513680181595,-0.07109044524112089
-0.1702300344646308,-0.0726986563719265
-0.16795908462629738,-0.07043710946923105
-0.16811048128218625,-0.07058787926274415
-0.1682114123861122,-0.07068839245841951
-0.16861513680181595,-0.07109044524112089
-0.1702300344646308,-0.0726986563719265
0.08041715587241288,-0.2117353319571971
0.08048446620921687,-0.21397382707560858
0.0806197457853102,-0.2184516643149783
0.08088945783754685,-0.22740620837647316
0.08142950096382193,-0.24531619116163692
0.09384632167872059,-0.6572398688808406
-0.07907308908702526,-0.008180179530631994
-0.1588519499509817,0.09471675157171773
-0.19874137443897164,0.1461652094564739
-0.2386308108149381,0.1976136826740673
0.06352804074966069,-0.23086004394906828
0.08048446620921687,-0.21397382707560858
0.08048446620921687,-0.21397382707560858
0.12708582964005247,-0.1532067159878156
-0.340521337233372,-0.3246761945726196
-0.340622268337298,-0.3247767077682949
-0.34082413054515,-0.3249777341596456
-0.3410259927530018,-0.32517876055099637
-0.3412278549608535,-0.3253797869423471
-0.34183344168066465,-0.32598286621225614
-0.34193437268833515,-0.3260833793120746
-0.3453660302218167,-0.32950082796503666
-0.34139896927785945,-0.2692954681257627
-0.34105674064384783,-0.3814641057589313
-0.2666656679162008,-0.22815240195787345
-0.3398056402531234,-0.3251341802587175
-0.342650066521468,-0.325625393811698
-0.3495122841419892,-0.32436363844964966
-0.3329434257797181,-0.3263959354350445
-0.046481505412158876,0.5090408965801928
-0.23535086929748714,0.49454133076681117
-0.25399143471525254,0.4702344601929107
-0.2544212664102709,0.4724379922700958
-0.17806759913255735,0.27024988565674074
-0.2719397501119968,0.2707086375690589
-0.2717710416326215,0.26511183776191305
-0.263935917651167,0.4163433910543184
-0.3353629357621069,0.33575016944117875
-0.30553808934723775,0.37464108639811705
-0.23097596277843635,0.4718683925234646
-0.20115098095691655,0.5107594860475754
-0.2881391385961453,0.44696811214691695
-0.2765409347177697,0.44554550388612757
-0.2649427388632423,0.44412289660952425
-0.2284912627387931,0.4396518447469773
-0.27254438655688173,0.4393845959940001
-0.21494482342098717,0.4493316733273317
-0.15805640932021384,0.459155939756157
-0.2767435872486841,0.45226837384375396
-0.2701160437645847,0.4514554550325231
-0.2651453893921029,0.4508457663215835
-0.2515805821271966,0.16318331286286017
-0.25033521403575393,-0.17310310654942127
-0.1131145588901344,-0.3889578237088621
-0.12851941344602294,-0.4039916586066965
0.38858099389241524,0.28733783602022556
0.15815044892813454,-0.9927293073819692
0.14516511535026225,-0.561946119219338
0.19714757394890037,-0.9556445634380819
0.1695281414130499,-0.9907644524271616
0.156542808114646,-0.5599812642162679
0.2085252666312217,-0.9536797084491836
0.19797237262533826,-0.9858523150401426
0.18498703897479096,-0.5550691268900616
0.2369694972862109,-0.9487675711584067
-0.1500708745969401,-0.649756205675132
-0.16271542020032662,-0.2302796234668258
-0.1266725722903784,-0.6275053454644243
-0.14324425908903682,-0.6485772926993194
-0.1558888045252839,-0.22910071046214936
-0.11984595647172655,-0.6263264324349478
-0.12617772031927857,-0.6456300102597884
-0.13882226596816574,-0.22615342805933994
-0.10277941755558553,-0.6233791499701371
-0.21925358049107374,-0.5561728992133415
-0.23137560012147493,-0.1405970493823003
-0.19803909486814367,-0.536761784799633
-0.2135647344181569,-0.5551904717652162
-0.22567463809361493,-0.1396125295860005
-0.19233813292234606,-0.5357772650175047
-0.19934261881201268,-0.5527344030717065
-0.21142223355049103,-0.13715123018617867
-0.17808572858437802,-0.5333159656531121
-0.16696129780121857,-0.6867574983884971
-0.17994672160744535,-0.25597420446904506
-0.12796426089104396,-0.6496726511208188
-0.1385170665889301,-0.681845361001478
-0.1515024907473003,-0.2510620671428391
-0.09952003023605478,-0.6447605138300416
-0.08346383084435804,0.2822022808706103
0.1052150788031809,0.25905937199298745
-0.042975027372356374,0.28919443909791936
0.14570388227518258,0.26605153022029665
0.11898019501053914,0.31716307347416933
0.3076591046580781,0.29402016459654645
-0.22809493604587547,0.2944063117969449
-0.12377249743181631,0.2816103681737459
-0.20570829691269085,0.29827234741807296
-0.10138587146637727,0.2854764054099984
-0.11616165520269865,0.3137364815457558
-0.011839229756385095,0.3009405395376813
-0.08320715936884937,0.19807580264573385
0.14596055375069122,0.18192505199542006
-0.08320715936884937,0.19807580264573385
0.14596055375069122,0.18192505199542006
-0.22783826457036682,0.21027983357206845
-0.10112919999086864,0.2013499271851219
-0.22783826457036682,0.21027983357206845
-0.10112919999086864,0.2013499271851219
-0.2070773493598321,-0.3362794244775718
0.1280972170744642,0.020328942881620127
-0.016927041745506376,-0.7048356153660779
0.005952058010243137,-0.6767959808041809
-0.011004367449313062,-0.6936821976776407
-0.20455318819332408,-0.48242331824602386
-0.20455318819332408,-0.48242331824602386
-0.21281402091771986,-0.3949713128522699
-0.21609660729625726,-0.3980929333689754
-0.2193791990259104,-0.401214554815427
-0.23382254741160677,-0.4149496884047147
-0.24563982531284564,-0.42618752107260555
-0.28213420496879266,-0.30465002046637146
-0.28541679163471295,-0.3077716409032731
-0.2886993586570427,-0.31089326497061676
-0.30314270990638403,-0.3246283961236108
-0.3149600001723291,-0.33586622988922454
-0.30524092692223415,-0.27454292340272846
-0.30852351946651324,-0.2776645426913341
-0.3118060918460722,-0.280786166444281
-0.3262494372778835,-0.29452129758368345
-0.33806672569935203,-0.3057591320803796
-0.32808199128238924,-0.24445454788561283
-0.33138993815559104,-0.24757438103551696
-0.33469816306533134,-0.25069419648106944
-0.34925739081192564,-0.26442116415848627
-0.3611734512263749,-0.2756520342715347
-0.3282645004317954,-0.2444416855489973
-0.33155500573627655,-0.247562747742344
-0.3348455902894246,-0.2506838068886588
-0.3493252106389846,-0.26441638089579983
-0.3611734512263749,-0.2756520342715347
-0.3283476616360961,-0.24443582488070034
-0.33163024006974046,-0.24755744534596377
-0.3349128211526612,-0.25067906834960024
-0.3493561686867247,-0.26441420243680797
-0.3611734512263749,-0.2756520342715347
-0.18118076609024036,0.01718165695711365
-0.39750490612667877,0.1005814474078613
-0.35656113534231704,0.1605716876730537
-0.3499932424796696,-0.2764472186723178
-0.1763332261829278,-0.043853650561132274
-0.19764785544306449,-0.04586398036600804
-0.12040146230965244,-0.4124970333649608
-0.3072377749338678,0.17642623324227052
-0.3162345708502056,0.18668268940001298
-0.2621303562192385,-0.20299672368466065
-0.1652045186015664,-0.04681961333137839
-0.13707105602930517,0.00041340653384432
-0.0997026104611317,-0.4059324816343071
-0.34254473273208735,0.23969614350734947
-0.3381808267309989,0.2632579790120288
-0.26420085458128173,-0.10662796977413125
-0.16439460009792323,0.05241763023043967
-0.2289688309064782,0.007326816549502941
-0.17734105160651636,-0.3848187756471053
-0.30276324546973715,0.2652643227279767
-0.319808212703325,0.26750593126220384
-0.2806305064595571,-0.1370381865558435
-0.19414349783508364,0.008743317087490073
-0.19188584352918933,0.03020766824337211
-0.1425286937538511,-0.3641991553054818
-0.3841621825763437,0.11386892501279484
-0.30837373187040057,0.2085595697615573
-0.27942756980317535,-0.20617372527130728
-0.14840143815415016,-0.01603751493499863
-0.16661892724033375,-0.014963528367321626
-0.13166117584822726,-0.42371012572330624
-0.302945951410663,0.18070028634198257
-0.29637954565064095,0.2064555042746777
-0.2525714463642458,-0.1934773927814431
-0.24154108608194472,-0.12284010697396332
-0.17482163598931402,-0.037180866022246344
-0.1391709658571222,-0.44523741712587733
-0.3855187556516901,0.21543259794009964
-0.3535790149057556,0.2664561122405001
-0.3521061200972107,-0.1756366993438039
-0.2325660367520509,0.0759993692474906
-0.2509362456251221,0.07692107195238229
-0.20154918737141728,-0.3174559669550532
-0.31844392376543396,0.26818111287597685
-0.3542997959132375,0.2516897231817782
-0.32096728736653724,-0.15867539024794103
-0.193632504134163,0.100723104805189
-0.23454651244608862,0.07919435048510254
-0.16095802148148175,-0.2910814595736539
-0.3810170858437239,0.11700099937845033
-0.3302380828980586,0.18678574873240839
-0.2640181738628942,-0.19082813239518892
-0.1882481391366238,0.017219138212771695
-0.18070643493995153,0.0439454453652447
-0.16518083877158446,-0.38415285123233656
-0.35800091009623586,0.12587328435731557
-0.3001652836839708,0.20268544120275317
-0.3016964362592189,-0.24239897918841347
-0.17410313610055236,0.017256981835809967
-0.23503395975388816,-0.0242057271759906
-0.11733176391781064,-0.35055048634569186
-0.15313307014057723,-0.024219885186520015
-0.23791522207974095,-0.10865099409317257
-0.36630052264606977,-0.2365047114876917
-0.1637089434824571,-0.02292267357177391
-0.18793240842468023,-0.0470458405338591
-0.2121558733669033,-0.07116900749594435
-0.3405402991641429,-0.19902185374338197
-0.1637089434824571,-0.02292267357177391
-0.18793240842468023,-0.0470458405338591
-0.2121558733669033,-0.07116900749594435
-0.07427959307768507,-0.3807749392678727
-0.1165456080664572,-0.3313757273132364
-0.1165456080664572,-0.3313757273132364
-0.1165456080664572,-0.3313757273132364
-0.1165456080664572,-0.3313757273132364
-0.2625970510367301,0.6842368377973804
-0.2771311300020641,0.6697629376201294
-0.2662439438061345,0.2868219726888729
-0.26740376308271074,0.2869642333786472
-0.2662439438061345,0.2868219726888729
-0.2657468749052336,0.2867610033929355
-0.26508411992033254,0.28667971143374193
-0.340806127659447,0.1895945918658338
-0.3035250271498279,0.23820829346934044
-0.22896288335034193,0.33543562206310656
-0.2656815941291726,0.26816598599412156
-0.26652511500261583,0.2961499619452089
-0.26680629753099866,0.3054779436681205
-0.30236520326402583,0.23806603221420938
-0.18792238641296086,0.3448178078126088
-0.3320896171172288,0.15460422631183846
-0.17780521464355722,0.21425627755598187
-0.19759086130528303,0.181978117992962
-0.194692598059934,0.12721637722967066
-0.27296868045452244,0.02997315799695962
-0.265826681905563,0.09474435783430202
-0.26373094649402223,0.025219078662442603
-0.2621543293939206,-0.03993660082280456
-0.2616741360651147,-0.055866615963749804
-0.2963312608812534,0.07308246310781978
-0.2637837935287248,0.026972507475001337
-0.26578699532316274,0.10628176924523496
-0.1378986996265303,0.14587853617800642
-0.2885820662560029,0.09081464803165161
-0.28648633653209,0.021289367877575127
-0.27179165752792717,0.0869661661764946
-0.26135289727107436,0.10057807058114732
-0.24905016339872466,0.11662055390921985
-0.28409436602137245,0.07092371594193252
0.29664211772869503,-0.014092841574910205
-0.015301495851162293,-0.0392226608132396
0.0027736210155229093,-0.041439711904850754
0.5570099191514304,-0.04602894039088067
0.0931492113769836,-0.0525249770443853
0.055074398987643484,-0.06063941884484955
1.094352171617438,-0.0698326471763785
0.7305883810106489,-0.06731966405167554
0.18352472486132673,-0.06361022584527799
2.1607293138683,-0.11651964010759529
0.9041669515037748,-0.08861040103724853
0.4844098836705757,-0.07932451817312637
0.27390041845694507,-0.07469548373006381
-0.15323184478130228,-0.06563696005669689
1.077745196095179,-0.10990109804848704
0.7777529335308209,-0.06776104284161673
0.9585040133153852,-0.08993154285563708
0.32144873178372274,-0.07597741049236435
0.10422579079668515,-0.07136675560490444
-0.007255684935862831,-0.06910943584046836
-0.07598106187441536,-0.06780364590386063
0.07262986999952521,-0.07890800909892974
1.3200066067027434,-0.13427258515291843
0.5147511921670256,-0.09968743316966272
0.2401757706202518,-0.08804205864141691
0.012386162972743768,-0.07864256073661262
-0.22179214630880376,-0.06907871427492863
-0.21939209617850158,-0.06960109230981161
-0.07582661630919199,-0.08095119195867129
-0.1840394527963361,-0.06606993354673768
-0.08507031124206016,-0.07163738936720827
-0.15412342533742954,-0.06973936273071626
-0.19752311601310543,-0.06871262362103774
-0.12420749416767167,-0.07340878010409557
-0.17266982106284162,-0.0717610700076375
-0.20630895082421905,-0.0707541142593304
-0.2504281018697395,-0.06974130260263818
0.034477993874057956,-0.08135229247315937
-0.028114786450285437,-0.07862341935219994
-0.1849702563575175,-0.07337146806179207
-0.2506679808075477,-0.07137927424006689
-0.27422937419340115,-0.07237198004184822
-0.034459267357229005,-0.0844170853719302
0.49186337308025724,0.2109282050316474
-0.3472769673967562,0.17213039145598066
-0.10866498218239481,0.24565498896975502
-0.3192926515712787,0.06984183547668484
0.6516887239260318,-0.7005101391030766
0.16634187103873396,-0.07452098431371001
0.04802784192475341,-0.043854020629603176
-0.14321701689759725,-0.05673417741477417
-0.14321701689759725,-0.05673417741477417
-0.14321701689759725,-0.05673417741477417
-0.018350304240957398,-0.07205003310982337
-0.08078369266565841,-0.06439210132543263
-0.14321701689759725,-0.05673417741477417
-0.20565043741867936,-0.04907624169351715
-0.4111599555668879,-0.0002560913324577386
-0.1346324529489717,0.2945202081152343
-0.4111599555668879,-0.0002560913324577386
-0.41076267119881,-0.0026713260995611574
-0.42139388397031785,0.0522081400723776
-0.4249601682091572,0.07138695154676958
-0.4160046485553324,-0.005080724724874809
-0.4177237876949608,0.004110995265269274
-0.4182462651890018,0.006884112946407715
-0.41724282606182717,0.0015507059270862041
-0.4128939579512473,-0.022163341769735324
-0.41564836754273793,-0.007001838216091063
-0.40455130896928326,-0.2749491178849166
-0.40486054232868685,-0.27806794502174775
-0.28109948819259195,-0.34253688360625606
-0.4042861238049754,-0.2895524374106192
-0.41342266746971335,-0.2211279583384642
-0.4153908230337148,-0.22308796469556522
-0.2753820577358096,-0.32458019191970716
-0.2753820577358096,-0.32458019191970716
0.8508141064175918,2.2581103311457156
0.6929232409084425,2.2265685376575273
0.7901576497327903,2.244503345858087
0.7887446142778274,2.2430961611186317
0.13095969451528283,1.4644386569496726
-0.25876278629694327,0.6767118134556069
-0.1731125962726094,0.6903744904809304
1.5458459215900973,3.098899061078681
0.6397644018668726,2.0102676780730655
-0.2065390353594827,0.7724563985764854
-0.20506550039889196,0.772710868669805
-0.20476131431116706,0.7727633996678475
-0.2042636617918188,0.7728493410852053
0.11668437517320614,1.3630995133124975
0.09140084780002046,2.1427931311178856
1.1906381064570832,2.60912444021663
1.817790640452588,3.504627623179156
0.6431126912688458,2.0036281571534493
1.1498849612733408,2.6957483335224857
0.6734806618766831,2.085434036574322
0.5267841668340253,1.8927746907460035
2.1698338925592426,3.5592183581302983
1.2673440291427254,2.535448198524602
2.0058818470934665,3.545641061602529
0.6155494821453993,1.8814921504849167
0.4841242132258233,1.6964105840034265
1.1545409666703843,2.5878666662541407
1.7705959672916507,3.3917699898443883
0.8707719700787621,2.268235439756447
0.5581164138285828,1.8744825747283833
0.7697986740918918,2.1562673109587163
0.6788470800915029,2.042877499281801
0.6788024790502685,2.044369062319042
0.4605049629566934,1.7728763166273693
0.3818608855546351,1.6770091169268568
0.3818412996076378,1.6776474775358532
0.18556358613454157,1.434223656886452
0.18383659559596593,1.4297008505567064
0.1837293564991308,1.4332250829081186
0.18372210366413166,1.433472496091659
-0.23361585320493156,0.888953887137755
-0.29816261382160825,0.8039342453511287
-0.3002135632361611,0.7892009308010134
-0.3005849603158305,0.80152192865492
-0.3007196646433174,0.805991331052065
-0.30300730681005295,0.7991096119587116
-0.31546853242026285,0.782066838538515
-0.1596680056307075,0.8238008369992833
0.878210510643205,1.9817157448947809
0.8770341763727254,1.9818449072020552
0.8768323141648735,1.981643880810704
0.8766304519570218,1.9814428544193543
0.8765295208530958,1.9813423412236788
0.8762267278300843,1.9810408019242234
0.8761257964373922,1.9809402884409772
0.8759239342295403,1.9807392620496262
0.8751164853981327,1.9799351564842236
0.8747127609824293,1.9795331037015222
0.8698680679939843,1.9747084703091051
0.8650233750055399,1.9698838369166884
0.8601786820170952,1.9650592035242713
0.8705005551639683,1.9745460033064854
0.8750347477854327,1.978572846498847
1.1045958469961308,2.5087793599422574
0.8822730098688905,1.9804479501684962
2.006138518568975,3.4615145833776535
1.1547976381458929,2.503740188029263
0.871028641554271,2.18410896153157
0.6791037515670117,1.9587510210569243
0.4607616344322018,1.6887498384024924
-0.2061968067254712,0.6602877609433169
-0.20472327176488037,0.6605422310366365
-0.20441908567715558,0.6605947620346787
-0.20392143315780734,0.6606807034520364
-0.3252957373550095,0.726578663843573
-0.35197298414430267,0.689524587652421
-0.374984121595387,0.6607885976751061
-0.31642969872610094,0.6811269190262679
-0.31997610815705996,0.6993075860885631
-0.23810366292310936,0.7991410171323305
-0.349608705211016,0.677404112291272
-0.24164995599841774,0.8173210876974111
-0.3235225297573258,0.7174883155368059
-0.35079084723961834,0.6834643631057293
-0.3740975267634025,0.6562434694903155
-0.317989299312252,1.1421344853826672
0.26443219236711907,1.762685300533191
1.1773129778840066,2.55486381134728
1.250784070320332,2.48776911826402
1.1965478192661072,2.5581855458241676
1.2043270562239872,2.559695136367587
-0.21579186513505774,0.6709843544396171
-0.21646782328408973,0.6934073159581156
-0.21680579793641475,0.7046188280135188
-0.217143724756539,0.7158303918328862
-0.2060256924084654,0.6042034421267323
-0.20455215744787467,0.6044579122200523
-0.20424797136014983,0.6045104432180942
-0.2037503188408016,0.6045963846354521
-0.4241918122922212,0.7420627846154724
0.5879682228673656,2.7827811906558213
0.5061657219919613,3.1653022610883146
0.10533526264787044,1.5617049417103315
-0.1383977592907775,0.8874531306765574
-0.14813170300750758,0.8746358962920691
-0.16331198870810995,0.8564223529521329
-0.15269585489159734,0.8685288534541376
-0.09031215773290141,0.9462449353581655
-0.12810119137289927,0.8990533743602137
-0.15756273343122112,0.8621203579473956
-0.18134668865884995,0.8322568992188493
-0.2017256787858183,0.8067508024548458
-0.15882989528840472,0.860468007894248
-0.18238789388022147,0.8308680927927977
-0.16263150084119427,0.8555108012820167
-0.18351589465490742,0.8294237597015762
-0.16516595786804905,0.8522059273392896
-0.18407598536899036,0.8286480534348377
-0.18369418709875357,0.8292295040777116
-0.17063840969997962,0.845194370042139
-0.21684170486517695,0.7995298899572028
-0.22653109084206616,0.7898806231723686
-0.2750830986487246,0.7381245353088686
5.732323935656604,7.931741350527003
0.7164406903257214,1.811458311775273
0.8712853130297794,2.0999824833066936
-0.3854129680235215,0.6718234249948009
1.3773010428680046,2.4438330071577186
0.10195334181057725,1.1426841530244254
0.15873270870554154,1.2150173973294243
-0.09376225323536416,0.8954766499066491
0.15620938517448724,1.215902095923448
0.018306605944519362,1.0378142498620084
2.10619097800995,3.378529224312771
2.0916568990446165,3.3640553241355207
2.057744048125504,3.3302828903886024
0.19672813051987975,1.25467139913265
-0.10166950490825963,0.8818695811498445
0.08836888046190196,1.1290639584688456
-0.15736498808683508,0.8015333111008681
0.0324436632669741,1.0408078572893362
0.5404145909587563,1.5580781124433
0.7866561208017595,1.9336801987774523
0.7721220418364256,1.9192062986002014
0.7551656163768695,1.9023200817267418
0.7382091909173131,1.8854338648532827
-0.006443235435651436,0.9840158725912574
3.486320665237989,5.2472936593247255
3.471786586272654,5.232819759147472
3.437873735353542,5.199047325400555
2.0064807472029864,3.3493459457444836
1.9131132830696045,3.3332219799435525
1.8031587982917783,3.220333746628867
1.1551398667799042,2.3915715503960953
0.8713708701882824,2.0719403238984015
0.9532954550426638,2.185812309666152
0.6794459802010232,1.8465823834237565
0.6794013791597884,1.8480739464609972
0.4806692894121667,1.602868627780031
0.4611038630662134,1.5765812007693236
0.42781879507029213,1.5370981925026157
0.3417473809985867,1.4301656410823738
0.31016939362641993,1.392623412034136
0.15534406245792387,1.2011789550068945
0.13426441586514787,1.174993384588892
0.1275985994895672,1.1661170572833686
2.5584605455667133,4.130383801670922
-0.8224851746573694,0.19609806354418108
0.023558585568695493,1.0285026148261005
-0.07240863428117592,0.9103703488353848
-0.07731673271014523,0.9043525234840775
-0.07738418169860033,0.9065838517340741
-0.16231837032153543,0.8012789961186592
-0.16934949232972268,0.7931143488306761
0.6452935467330374,1.790755030831162
2.821265846687745,4.445767171362492
2.8067317677224115,4.4312932711852415
2.789775342262854,4.4144070543117815
2.772818916803299,4.397520837438322
0.6095848129116898,1.7422019128070199
0.5950507339463557,1.727728012629769
0.5780943084867995,1.7108417957563093
0.5611378830272431,1.6939555788828498
0.40905852264749515,1.4933193894929588
0.3945244436821611,1.4788454893157075
0.37756801822260494,1.461959272442248
0.3606115927630488,1.4450730555687883
0.8165133922526935,1.9912067757626037
0.8019793132873596,1.9767328755853522
0.7850228878278034,1.9598466587118932
0.8165133922526935,1.9912067757626037
1.2259244898557549,2.4829610249552627
1.211390410890421,2.468487124778012
1.1944339854308648,2.4516009079045515
0.010947739312024458,1.0101743811114603
0.010676909488077539,1.005678423855869
0.6586870030029346,1.7904093368724778
0.6558512001083859,1.7970980509301677
0.28329977750335555,1.3332684814544857
0.2518092730784654,1.301908364403775
0.2348528476189093,1.2850221475303154
0.4203194399836875,1.499201972773736
0.4057853610183536,1.4847280725964853
0.38882893555879744,1.4678418557230257
0.37187251009924116,1.450955638849566
0.477843374449984,1.5709144825269694
0.21097116148686987,1.244396923667646
0.1851327981117886,1.2186655448079005
0.5961882188157354,1.7153180564682917
0.14163454383855217,1.1679426185655444
1.6464850891726814,2.965660540608418
1.6125722382535694,2.931888106861499
0.8404140010871465,1.995898197966992
0.8258799221218124,1.9814242977897405
0.8089234966622559,1.9645380809162807
0.2913076233694937,1.3363383617931777
0.27677354440415985,1.3218644616159263
0.2598171189446037,1.304978244742467
0.24286069348504744,1.2880920278690073
0.2225263862883405,1.2532852980496862
1.3996742724624718,2.658256823991697
0.08685908785846386,1.1017741428234198
0.1823957987419177,1.2048662877248342
1.11313071410173,2.3096123793982324
0.27415998255829677,1.3224207639013934
0.12614923019769897,1.1315223121965177
0.11161515123236508,1.1170484120192667
0.0946587257728089,1.1001621951458074
0.07770230031325266,1.0832759782723473
0.259202837610918,1.2912751807310128
0.1623909859973142,1.1734898353656105
0.14785690703198032,1.1590159351883595
0.13090048157242412,1.1421297183149
0.11394405611286791,1.1252435014414404
0.5290203218985011,1.6025232999533408
0.234646283651675,1.2565067909703704
0.2201122046863411,1.2420328907931197
0.20315577922678488,1.22514667391966
0.18619935376722874,1.2082604570462003
-0.19243781109846772,0.7561551836437155
0.30740028863141944,1.3399609019656076
0.2928662096660855,1.3254870017883567
0.2759097842065294,1.3086007849148968
0.10744893283763027,1.1120519996232976
-0.08906466923115419,0.8668302165744765
-0.10602109469071037,0.8499439997010166
0.029604295741739176,1.0094108932233965
0.015070216776405309,0.9949369930461454
-0.0188426341427071,0.9611645592992257
0.18145570572897157,1.1938155184117862
-0.21507010369861906,0.7269824616845473
0.10293176611588434,1.1060707868514772
0.020314194372833196,0.9962017115437967
0.7124448758035161,1.7846618329654877
0.023950233093312658,1.0019596102178439
-0.07918286506060082,0.8747562906815218
-0.1106733694854909,0.8433961736308111
-0.030864662497080503,0.9292385501778836
-0.04539874146241438,0.9147646500006326
-0.062355166921970545,0.8978784331271727
-0.07931159238152678,0.8809922162537129
-0.11788910204137364,0.8302658061142433
-0.15180195296048596,0.7964933723673239
-0.05837094684401092,0.8984652282452963
-0.15580965130184576,0.7909322259315044
-0.3148292425721542,0.6029025692841079
-0.3317856803524019,0.5860163401409711
-0.26289047209170513,0.6483471707474054
-0.2999860602063104,0.6052268127968748
-0.2213255277998318,0.6588625045644902
-0.2233481967714216,0.6545400856511625
-0.3195049636052647,0.509281203201351
-0.25394128369636854,0.6148636342385119
-0.28923390935483584,0.5854946086877162
-0.20585457809145968,0.5481191233101482
-0.20500126417582684,0.5482664851831606
-0.20438104313086877,0.5483735934034678
-0.20353316270116326,0.5504309268106812
-0.203936887116867,0.5500288740279798
-0.2042396804286448,0.5497273344409539
-0.20504712926005214,0.5489232288755511
-0.20407685704314404,0.54842612440151
-0.20357920452379583,0.5485120658188677
-0.4985608735824838,1.073141559191774
-0.47869293298036214,0.8787218706493151
-0.4007968021713365,0.5976023217591498
-0.3775228103685235,0.6739906958875168
-0.16428244108761064,0.8024573698002483
-0.16584484637898722,0.7978770825120597
-0.16244660474343126,0.8016622038039801
-0.1697136442260982,0.7944252537153542
-0.18746387569845838,0.770501731988968
-0.22517021099103715,0.7386992507810448
-0.1688464895343015,0.8044978245856319
-0.20131278213262213,0.7621819087465329
-0.23117502606112814,0.7290609155668608
-0.1925739686251516,0.7747415213056053
-0.21525083312646348,0.7412516104497935
-0.21767317962068589,0.7388392937535851
-0.22002770369289706,0.7341757592813072
-0.22006494826111558,0.7354132928406075
-0.2200955261149082,0.7364269770573764
-0.2201510016715886,0.7382688218140024
-0.22494021910335277,0.7316023436649597
-0.22494021910335277,0.7316023436649597
-0.16100153605866005,0.8086587304359364
-0.19458553757638242,0.7637477717334831
-0.1994302305648271,0.7589231383410662
-0.2042749235532717,0.7540985049486487
-0.1961613062344213,0.7630715357914344
-0.16290118035084822,0.8055245415778919
-0.22674960028204746,0.7298251583850498
-0.1706970014661823,0.793185986113516
0.09485087855838856,1.17787503599932
-0.12753045679274777,0.8657375798664304
-0.11290586668750005,0.9339202968124241
-0.40618912901048765,0.523806016347733
-0.4067753238981171,0.5234201042712707
-0.4108068965773761,0.5303048978740803
-0.3956991804196766,0.5414612106171695
-0.39838487977721093,0.5282889607839955
-0.4023026479229948,0.5179501021950181
-0.3944154947145545,0.5390255115284303
-0.39313234569583727,0.5369694002731442
-0.4299012257522349,0.5110554857588954
1.0913940747562805,2.3284371751504764
0.43226339276735565,1.489460005321282
0.6430599225766864,1.738326469370255
-0.10455348218091862,0.7875860931341041
0.05059547991016585,0.9678318975905167
-0.2814898033582487,0.571155559063959
0.6414572608915116,1.6789864113940642
0.007209610705250573,0.8103427202408323
0.007555813522406361,0.7712702953909784
0.003979815379620806,0.8071262979792209
0.0043260181967766185,0.7680538731293668
-0.39547253251826175,0.4280392363902441
-0.1990880019308155,0.6467545007078973
-0.20393269491926014,0.6419298673154803
-0.09556645205966724,0.7733832299765657
-0.3997664827774342,0.4060725449562182
-0.1683331465832842,0.6362448681358789
-0.16850066375303668,0.6418016869376
-0.20079943918160495,0.5939289522967798
-0.2304920131868481,0.55518054454137
-0.23066168311011084,0.5608079591171077
-0.16255535670968466,0.6428284035602781
-0.19581577688833432,0.6003826271955026
-0.22606658319274872,0.555944788087466
-0.22623625733103023,0.5615722019352968
-0.385137460452003,0.38307046947008094
-0.07906541655483838,0.6866326782882238
0.16173853543095482,0.9963894540495275
0.15669197946461516,0.9913637934989048
-0.19222897726168123,0.5244174380268104
-0.19390108030835937,0.5394104964671456
-0.19874577329680404,0.5345858630747287
-0.2035904662852486,0.5297612296823117
-0.3847612265377691,0.4451666593231625
-0.3847502360687582,0.4451109870821442
-0.07880874507932976,0.6025062000633475
-0.24005337422739778,0.3748568296742061
-0.24071755250465432,0.39688856514430565
-0.2410549687897055,0.4080821457019023
-0.28818873359686237,0.2698841267384009
-0.38275104736477494,-0.19354222311371716
-0.39352660601043343,0.16393023242901916
-0.39490875253369456,0.20978206236582742
-0.395572878973995,0.23181389196280633
-0.39591029027683877,0.24300745350519937
-0.39607899012136416,0.24860421052691817
-0.3405175313245197,0.27458840530327716
-0.3367181207226156,0.1997940820635999
-0.3413460429089542,0.2126097882427067
-0.3423366342873871,0.22891768522098788
-0.16739792531081893,0.5118869743453659
-0.38953643688660317,0.21990847629649196
-0.1821973626507804,0.4218980671784757
-0.3840842027153421,0.22310820495031142
-0.38291485079955445,0.22127715472010465
-0.3729967459348706,0.210139418664029
-0.07855207360382113,0.518379721838471
-0.11437196991778943,0.4095580869184976
-0.40098325782238964,0.3776143497908733
-0.4010811141413083,0.325712011172068
-0.4011750693242266,0.25815495548253703
-0.3883787291652851,0.3164263767869179
-0.3912351329494879,0.27787954002086035
-0.3948800446306923,0.2272808356896824
-0.37280751529232165,0.24001549495270458
-0.3790838971536106,0.21815195776796018
-0.3870953492908365,0.18912985050863387
1.1445219786655203,1.9969408246345577
-0.3989720045147325,0.17438862461696525
-0.39502840063280886,0.18868211690426423
-0.3934474405442017,0.16335376653222547
-0.3875090783735576,0.15201846346732112
-0.3846029329879047,0.15563352541672412
-0.3732869607584713,0.15447453250776208
-0.3829461241664758,0.19053720498155277
-0.24561324684437907,0.31687993249652885
-0.21516255610334153,0.35202646262044823
-0.2324543637492352,0.319152387713921
-0.3847592178097934,0.0921032988442464
0.0027227390181937174,0.5450694642133505
0.3156057674594018,0.9149524875577426
0.027103678464738695,0.5464138140301137
-0.18353220583721097,0.30680391798344725
-0.02140762720674509,0.443568639711986
-0.2653977173448696,0.2023245097977482
-0.28621220763667526,0.1014238968376279
-0.41329763457252056,0.24521231172445623
-0.4128487907754889,0.2073174732673236
-0.3691761884014639,0.10534559663788527
-0.30192849041204406,0.13764686173765436
-0.2358011239909504,0.2510856030332121
-0.28716609770473267,0.17860990656598918
-0.35064165917450146,0.1611596785769018
-0.3873984949358645,0.05552626617388017
0.35584630926909766,0.9405625158262314
0.4650601189415828,1.0734131945484513
0.6188324052202958,1.2096809200427538
0.46024588312276987,1.118131629357461
0.1802374869568793,0.7790846789346063
0.5601419583506121,1.2300674525097424
0.36461089062601393,1.012063139355523
0.553368657914021,1.2406117315785132
1.9739368108199207,2.8668989614648903
1.1225959303968378,1.9091245661165008
0.6469020438179568,1.3641353991441614
0.42855992668314713,1.0941342164897294
0.27118034718046424,0.9000013325184039
1.8897382630577166,2.8583161173581733
0.13783727021362008,0.7354949932641865
1.2390221001042088,2.096235433636602
0.646872052638682,1.365195528527002
0.2842880946457563,0.9172757869886683
0.11561773348074762,0.7090354393406958
0.3644706448652197,1.0167492742722084
0.6468596534036228,1.3656032488952445
0.18890469534777057,0.8001558227743122
0.3644596112145509,1.0171049798686425
0.015042001217934333,0.5855546657078365
0.08850471527577178,0.6765237369798242
-0.25557727861015755,0.22930167164038923
-0.24655949810732197,0.21030875143827257
-0.3890164168972019,0.04283952273775645
-0.38893061218978325,0.04278354444629747
-0.39012319218394365,0.08545262204849786
-0.34422182776406757,0.1440313125325261
-0.3434769305872203,0.14022704111440476
-0.3432285049539427,0.1388436472428198
-0.3376102549072869,0.12522891365586292
-0.3059169155956628,0.1498240798763966
-0.3132643237138055,0.11955667422688367
-0.1358348662048618,0.21869240908556853
-0.13636260196790936,0.23620109067044376
-0.13669970410553478,0.24738296897989254
-0.15076406630320152,0.20040419983749752
-0.1512661241349449,0.21705859607493777
-0.1515906913732098,0.22782718491421633
-0.16567810640300046,0.17987297114966316
-0.16670953900667798,0.21409485404588424
-0.16687775302110316,0.21967442761197886
-0.17359991971465782,0.1875251407534987
-0.17410623206162312,0.20432257471477042
-0.17427615828378082,0.20995680134939737
-0.18135543502243248,0.18902268424483418
-0.18152423135438955,0.19461935505353864
-0.18169388578379006,0.2002497572041783
-0.18177730704098338,0.20301452804893097
-0.1962829345968201,0.16953200320745376
-0.19670517492039394,0.18353908894387652
-0.21116888081526342,0.15013375880184307
-0.21159070077072425,0.1641256724590467
-0.23264375956434086,0.0930530930513783
-0.23382228726636659,0.1321461044746884
-0.22203758215867855,0.13703525648378057
-0.20900159844181257,0.09713322419769074
-0.35590026227398014,0.001823056775803863
-0.4094850668836678,-0.01012961422435506
-0.15444379673869316,0.04756777911076896
-0.3543506054162802,0.05313073244515795
-0.3440097541687752,0.057575188728653415
0.33899836485157836,0.8940327227757691
0.16755944876947104,0.664657917944601
0.16750898321750812,0.6646076613467634
0.16745851766554518,0.6645574047489252
0.14338644937921094,0.6405850075803533
-0.19985152343648518,0.1845097798059816
-0.2937193016216897,0.011227853659650965
-0.22294867775401153,0.06714577239652603
-0.2822866006551914,-0.005511801425914473
-0.3813237215913909,-0.04930394946870616
-0.3405175313245197,0.27458840530327716
-0.3367181207226156,0.1997940820635999
-0.3413460429089542,0.2126097882427067
-0.3379781551821608,-0.04962437789046554
-0.3423366342873871,0.22891768522098788
-0.28342866792320703,-0.006959939583127648
-0.28376309255191884,-0.007349773885523762
0.19389609095662783,0.6458817986584146
-0.3475563441719853,0.06869731457894179
-0.32751784641675497,-0.0340300391597568
-0.06455899186419321,0.07514708710609024
-0.1910665564279887,0.5508034223425149
0.35307673254919364,0.5170939775264483
-0.3393699851874779,0.24512266851203796
-0.19131180413855628,0.21390943724837788
0.3082500222272167,1.2336041091455168
-0.18473936088387327,0.21390224639354727
0.5776233429393539,1.438099185976664
-0.25097984388126715,-0.23284918929263235
0.3381370800858286,0.9644094196732145
-0.24288489184606887,-0.21428968015948324
-0.18653492224257295,-0.26217176269067977
-0.3889879533876981,0.07586930552201308
0.39060124088512094,1.1967996169178963
-0.3604724891802219,-0.2863541846332885
-0.3594055597733551,-0.2041104024533658
-0.19727862850086036,-0.2681818407155917
-0.35076992017125364,-0.2985718223113547
-0.11388945370663882,0.43007908895796876
-0.17322921909501188,0.32947862703463193
0.48471199134930315,1.250746512048601
-0.3295701259696742,-0.2018055526658195
-0.13958282136716205,-0.43053791565750354
-0.11167628208861982,-0.49283737649075476
-0.12432941590552904,-0.07307804053875393
2.8874773006759935,-2.024043614334725
-0.11816879348884879,-0.4143178848438866
-0.13512521894840504,-0.4312041017173463
-0.16333973163597015,-0.3256985272764639
-0.1802961570955264,-0.34258474414992357
0.09365644125964646,-0.18803612046619753
0.07670001580009028,-0.2049223373396571
0.12679416298381108,-0.19210071505022913
0.10983773752425488,-0.20898693192368867
0.1433630159452486,-0.1941330113731705
0.1264065904856924,-0.21101922824663014
0.17196518159186874,-0.2807200831235211
0.15500875613231255,-0.29760629999698085
-0.004196039148690017,-0.2796123670312049
-0.09571463482356037,-0.39372594694406593
-0.27221589612180225,-0.34151913097132575
-0.2891723215813585,-0.35840534784478545
-0.19363088549131213,-0.2667874674967391
-0.21058731095086833,-0.28367368437019863
-0.19693104473588713,-0.4892180581483618
-0.21388747019544332,-0.5061042750218215
-0.3428942971250882,-0.4039482257767242
-0.3428942971250882,-0.4039482257767242
-0.34404933451716496,-0.4040760207713143
-0.34404933451716496,-0.4040760207713143
-0.34404933451716496,-0.4040760207713143
-0.31237994416469633,-0.4629834968576056
-0.31237994416469633,-0.4629834968576056
-0.31237994416469633,-0.4629834968576056
0.17252793893052623,0.5182698603116068
-0.16546783162336598,-0.5179585368140115
-0.310917774762993,0.07950240772363751
-0.310917774762993,0.07950240772363751
-0.310917774762993,0.07950240772363751
-0.310917774762993,0.07950240772363751
0.08561296249844776,-0.8224276170267645
-0.157918365714088,-0.15570272050099435
-0.18649084931237273,-0.5274359949437448
-0.313695954177084,0.11832405220117251
-0.16546783162336598,-0.5179585368140115
-0.23448660395754514,-0.49969164959440815
-0.14679761175088815,-0.5050285020374726
-0.06395331993953314,-0.515189986964447
-0.2596316778541496,-0.45036029961016777
-0.17194267929758997,-0.4556971528320966
-0.08909853828519246,-0.46585861926242716
-0.28424076195207354,-0.43790376945765397
-0.18928473149722577,-0.4360036716606754
-0.10159590717933473,-0.44134050351090093
-0.2917692481196023,-0.42313387706120636
-0.20892494128878664,-0.43329536383043193
-0.11396901457109089,-0.43139525330929956
-0.18862992569263673,-0.5601946388465197
-0.11962059055124735,-0.6608543152154537
0.018398079731531347,-0.862173667953322
-0.20104688413015268,-0.14827078189872303
-0.13221751384075636,-0.24296057046133895
0.005576202257098703,-0.4368175067277463
-0.2015867214892217,-0.13036110363264633
-0.1326673636393147,-0.2280358249178946
0.005238834516840285,-0.4256239841261552
-0.2018566507682294,-0.12140624194264092
-0.13289230795174073,-0.22057343974042778
0.005070111835832989,-0.4200271722664653
-0.1517009107405161,-0.5250764077413881
-0.07530579060345557,-0.6187124495358637
0.07748451318155816,-0.8059844920192811
-0.11477178726518301,-0.48995811075901474
-0.03099092317790649,-0.5765705465593909
0.13657089962015295,-0.7497953150532463
-0.17886053609247524,-0.5645986018735093
-0.19339461505780908,-0.5790725020507601
-0.17872748861876933,-0.5685636112231979
-0.19810626057254782,-0.587862144792866
-0.172749613223011,-0.565537277353612
-0.23330827557856884,-0.6258451947588249
-0.16919408432147498,-0.5649232601802346
-0.2297527466770328,-0.6252311775854476
-0.17532794139682814,-0.5739585097916913
-0.19228436685638434,-0.5908447266651509
-0.1792883218849896,-0.4243878048320483
-0.1938224008503235,-0.4388617050092994
-0.1791552744112838,-0.428352814181737
-0.19853404636506228,-0.44765134775140525
-0.17575572718934254,-0.4337477127502304
-0.19271215264889877,-0.45063392962369
-0.1819673398547206,-0.34267364330338035
-0.19650141882005448,-0.3571475434806314
-0.17941194588679243,-0.3442263359568605
-0.1987907178405709,-0.3635248695265288
-0.2075029030897413,-0.38098135157606444
-0.2607945690850521,-0.4340523618365223
-0.19523743780187583,-0.16178964828335834
-0.21219386326143208,-0.17867586515681805
-0.18717125815585497,-0.18106379749073961
-0.20655003010963355,-0.2003623310604077
-0.23804053453452362,-0.23172244811111847
-0.20058063813697424,-0.2328494604807628
-0.21753706359653044,-0.24973567735422242
-0.18091646242463663,-0.14024610786567349
-0.1881835019073035,-0.147483057954299
-0.17532794139682814,-0.5739585097916913
-0.19228436685638434,-0.5908447266651509
-0.16079386243149424,-0.5594846096144402
-0.1656385554199389,-0.5643092430068571
-0.16919408432147498,-0.5649232601802346
-0.1958398957579204,-0.5914587438385284
-0.2297527466770328,-0.6252311775854476
-0.18241606499401136,-0.5652126190468867
-0.18968310447667824,-0.5724495691355121
-0.17872748861876933,-0.5685636112231979
-0.1859945281014363,-0.5758005613118234
-0.18243899919990023,-0.5751865441384459
-0.24784237918528548,-0.6403191194754303
-0.16806090191416118,-0.5667215597030657
-0.18501732737371743,-0.5836077765765253
-0.19253323676341494,-0.4346510887902597
-0.21433435521141575,-0.4563619390561363
-0.1791552744112838,-0.428352814181737
-0.19611169987083998,-0.44523903105519663
-0.17817807368356484,-0.43616002944643883
-0.2048238697191461,-0.4626954977676361
-0.21459102668692437,-0.37223546083125997
-0.2460815311118145,-0.40359557788197076
-0.19636837134634857,-0.3611125528303201
-0.22301418278279406,-0.38764803648861396
-0.20508054119465471,-0.37856901954275957
-0.2607945690850521,-0.4340523618365223
-0.20930357206102157,-0.15823680129243436
-0.2747069520464069,-0.2233693766294189
-0.20850443266353472,-0.18474790072070157
-0.21334912565197942,-0.18957253411311867
-0.18939407532337754,-0.57040566274333
-0.2063505007829337,-0.5872918796167896
-0.1783604686256713,-0.5635152469600805
-0.18078281511989358,-0.5659275636562888
-0.18320516084407268,-0.5683398795856426
-0.18441633486122705,-0.5695460387006015
-0.19895041382656092,-0.5840199388778528
-0.17872748861876933,-0.5685636112231979
-0.19810626057254782,-0.587862144792866
-0.1656385554199389,-0.5643092430068571
-0.19228436685638434,-0.5908447266651509
-0.18484412065374145,-0.4293352416591408
-0.1993781996190753,-0.4438091418363919
-0.20906758559596458,-0.453458408621226
-0.19853404636506228,-0.44765134775140525
-0.23002455078995235,-0.47901146480211604
-0.17817807368356484,-0.43616002944643883
-0.19755684563734335,-0.455458563016107
-0.19963487109458394,-0.35968266361151546
-0.21659129655414017,-0.3765688804849751
-0.23028122226546097,-0.3948849865772393
-0.24723762924398013,-0.41177118504618326
-0.1808570916532958,-0.3544458679177709
-0.2002358636070743,-0.373744401487439
-0.20982080302838185,-0.14108052187420855
-0.22677722848793805,-0.1579667387476682
-0.20930357206102157,-0.15823680129243436
-0.22625999752057782,-0.175123018165894
-0.20123739318086778,-0.177510950632076
-0.21819381864042406,-0.19439716750553562
-0.18576055558204405,-0.5667871876990171
-0.18939407532337754,-0.57040566274333
-0.2039281542887114,-0.5848795629205813
-0.39771042881092034,0.2847769712196077
-0.3985075859856798,0.1318167019788433
-0.40777402252074546,0.031745105336463825
-0.46713897601658877,-0.06196284923114637
-0.39238099320489706,-0.16185170235010857
-0.4056903996830546,-0.2908441132861562
-0.419727975989199,0.26285058835307556
-0.4025227260523071,0.12781818671959239
-0.3947966234487342,0.04466877109998801
-0.40025411528531313,0.004645072736449099
-0.40399795289096574,-0.17342056166760364
-0.4124271473674671,-0.29755296726555774
-0.4413839258908122,0.241284305558884
-0.42550817314371325,0.01408438349386189
-0.4002172617872144,0.004681773641538089
-0.42581186791706915,-0.19514415552696895
-0.41414118347360956,-0.2992599063540051
-0.45505550599139594,0.07550292032497338
-0.4057582526822853,0.0337525288196976
-0.42608500532465376,-0.195416162000959
-0.46013474028272255,-0.3450630254673419
-0.4170787705002726,0.11332241200844656
-0.43596972457202127,0.0036661484317249845
-0.3921765382615492,-0.16164809395856078
-0.41198859543735644,-0.2971162311728129
-0.4015952394488833,0.2809082457561289
-0.4356733920500758,0.09480478204458381
-0.41880273541631396,0.020762057156062417
-0.4206655683198018,-0.015681866067068822
-0.44503715793793974,-0.21428984266025689
-0.4089323616914391,-0.29407265185400905
-0.4153101136889934,0.11508374564336965
-0.41564892795487635,0.023902806183502927
-0.4206002070519395,-0.015616775429488505
-0.4248630791941258,-0.19419929529207283
-0.3763685067386014,-0.2616436285152722
-0.434362102048851,0.2482770553294886
-0.4176243861584522,0.1127790554881969
-0.39570801098034414,0.043761157195675394
-0.4085319950466941,-0.17793583048635622
-0.45555398730573465,-0.34050123923488035
-0.4021751343507028,0.28033075192647156
-0.4004660892505257,0.12986630795526516
-0.414156259251154,0.025389294447872184
-0.45377940392076827,-0.04865859284263307
-0.43056231993701644,-0.19987493815843368
-0.37924537547413656,-0.264508585489877
-0.4338730310196588,0.09659768862637841
-0.42416066505732103,0.2584362529664426
-0.43880347294005506,0.09168766134802366
-0.44813302837714875,-0.00844679285068462
-0.41961924592358524,-0.014639875999987038
-0.39831247744053866,-0.16775862709810163
-0.37472074825174384,-0.26000269262164727
-0.4739251573590934,0.2088778120314901
-0.4421610584768567,0.08834397799442684
-0.4857374469460456,-0.25482161090602434
-0.4280826156215279,-0.3131436135856901
-0.3919447721955899,-0.16141728752692022
-0.43647795322062266,-0.32150419003869085
-0.4005492492971975,0.12978349223525049
-0.4111954369394167,0.028337857386389245
-0.41306760122655145,-0.00811535858351621
-0.3857550279797363,-0.1552531721318776
-0.37869300114668236,-0.26395849828482476
-0.4561562069432741,0.22657318957736172
-0.4541886960688366,0.076366141195157
-0.4459672418002362,-0.006289973777784836
-0.39916223020226643,0.005732436836695215
-0.4034642544215401,-0.17288907299263193
-0.3876386416569902,-0.27286709910339724
-0.4306194117412198,0.25200424891610856
-0.4432034858672244,-0.003537661258765929
-0.45693396910472656,-0.05180009645522173
-0.41275762337563615,0.2697920800134405
-0.4128044639200617,0.11757902069459036
-0.4384299294707344,0.001216130084880312
-0.4170366472765323,-0.012067970679773334
-0.43091643624634274,-0.31596570069156305
-0.4177325722536184,0.2648377300598871
-0.47229519646686524,0.05833461130285987
-0.42082936902441365,0.018743814884951773
-0.4314355405356831,-0.026407244891295856
-0.3938646458601364,-0.27906732435017223
-0.425322438492275,0.25727928988909765
-0.4596453947610547,0.07093203612686322
-0.4007599222122038,0.03873016355316958
-0.4704781544404431,-0.06528820168699677
-0.4179793117794431,-0.18734403032198596
-0.4273619167782481,-0.31242589881749816
-0.42552029955559567,0.2570822480754198
-0.4226934913001784,0.10773093912772201
-0.4542512681129028,-0.014539699832063584
-0.41101396528316847,-0.006070225781097995
-0.40719653374494075,-0.1766058987020124
-0.4313437547860722,-0.31639124990611484
-0.4451477954669553,0.23753602039714616
-0.4109745347703778,0.11940137296797082
-0.40706782667132674,0.03244837716087429
-0.3925592843900195,-0.16202925531525367
-0.4046339650793738,-0.2897920528815073
-0.4217812654131366,0.2608058006353287
-0.4154679298088389,-0.18484304680344488
-0.42366982447001245,-0.30874909372774584
-0.4398285433277916,0.2428332480139439
-0.4241508843243443,0.1062795804829045
-0.3979757231719913,0.041502834534093376
-0.4093665047366692,-0.1787668848640334
-0.4046465629863275,-0.2898045986264509
-0.42188711555310277,0.26070038877102875
-0.4529821184396167,0.07756772295366327
-0.443525169879087,-0.0038580133283687996
-0.3969889676608271,0.007896700919667368
-0.47109193348736966,-0.24023673763327924
-0.39418523333046473,-0.2793865844185037
-0.4511733127594269,0.2315354519390036
-0.41516934670960753,0.11522392977287274
-0.40770442755530195,0.031814412141874165
-0.4312573556165238,-0.026229797752116667
-0.41261320405089585,-0.18200014112277205
-0.4149752388380894,-0.30009050828733536
-0.40334711547847946,0.27916362342156115
-0.4318983106447612,0.09856423261257957
-0.4364821636884411,0.0031558310847730367
-0.40676393662535576,-0.0018377944938895478
-0.4445374430155605,-0.2137921968224399
-0.44261969431812503,0.24005365386765634
-0.4302273137938421,0.10022831065112559
-0.4006874010825535,0.038802384406916496
-0.47691232750535006,-0.07169573386614254
-0.4387697454310939,-0.20804838056210062
-0.4012534445755364,-0.28642552952379063
-0.46857839003586665,0.2142024409049092
-0.41080048190309587,0.11957470516415687
-0.44675171850987466,-0.04166000577309748
-0.40754468414201095,-0.1769526075719645
-0.40668412504769647,-0.2918337241012437
-0.3987426228392987,0.28374905102143494
-0.4059602397644185,0.1243949061356831
-0.40611841710089536,-0.001194947762301602
-0.44484929203551515,-0.21410275462221262
-0.44653162164278837,0.2361579239949284
-0.4605713255212834,0.07000993921060442
-0.42010016479483014,-0.18945610188211368
-0.4260892324793365,-0.3111584841059407
-0.43664940452484147,0.24599922349772085
-0.43173174105741663,0.09873011251357237
-0.39828141300131237,0.04119841042264157
-0.42915886465602276,-0.02413999565611863
-0.38817394604906674,-0.15766207459868972
-0.402177228455289,-0.28734548844879626
-0.39370725225090747,0.1365971597884029
-0.395030200589816,-0.1644899406127198
-0.4130226125430399,-0.29814596689978473
-0.40656930544320746,0.12378836231152972
-0.3898958581571848,-0.15937685707829147
-0.39326711080840904,-0.2784722634101745
-0.4438295800529851,0.23884877770082008
-0.46025940257718023,0.07032057062844047
-0.39799905753243076,-0.16744650491448504
-0.389540346534495,-0.27476092991505346
-0.41438473392379854,0.26817170656510386
-0.45645002344718877,0.07411417691035976
-0.43062640088204024,0.008987347930364839
-0.3961212240608729,0.008760851601326744
-0.4482312829393351,-0.33320885474463613
-0.4097859573153828,0.2727514418016089
-0.4170668117291853,0.11333432126388507
-0.47478378041084457,-0.03498719664953808
-0.4141189797265002,-0.009162383819381564
-0.4249576405005994,-0.1942934650646324
-0.4176519614070713,-0.30275614780656784
-0.4502654687741694,0.2324395369691234
-0.41731493505306066,0.11308722530204342
-0.39734416068075434,0.04213178202197087
-0.4104643022778648,-0.005522838671886036
-0.4189078237245195,-0.1882686977356195
