Si/Al,Al/P,Si/Ge,Si/B,Na/T,K/T,OH/T,F/T,H2O/T,sda1/T,cryst_temp,cryst_time,Al/Si,Al,Si,Ge/Si,Ge,B/Si,B,Na,Na/Si,K,K/Si,OH,OH/Si,F,F/Si,H2O,H2O/Si,sda1,sda1/Si,zeo,osda
5.0,1.7179967,99.0,250.0,0.4,0.0,0.0,0.0,13.810024,0.05833522,90.0,168.0,0.2,0.2,1.0,0.0,0.0,0.0,0.0,0.48,0.48,0.0,0.0,0.0,0.0,0.0,0.0,16.5720288,16.5720288,0.070002264,0.070002264,UFI,C1COCCN2CCOCCOCCN(CCO1)CCOCCOCC2
6.4935064,1.7179967,99.0,250.0,0.23207825,0.0,0.0,0.0,14.705882,0.14623357,200.0,120.0,0.15400000221760002,0.15400000221760002,1.0,0.0,0.0,0.0,0.0,0.26781830101465676,0.26781830101465676,0.0,0.0,0.0,0.0,0.0,0.0,16.970587860611765,16.970587860611765,0.16875354010428759,0.16875354010428759,UFI,C1COCCN2CCOCCOCCN(CCO1)CCOCCOCC2
6.915221,1.7179967,99.0,250.0,0.23779878,0.0,0.15217055,0.0,13.69095,0.06258392,110.0,413.26398,0.14460853817976316,0.14460853817976316,1.0,0.0,0.0,0.0,0.0,0.2721865139567311,0.2721865139567311,0.0,0.0,0.17417571078951055,0.17417571078951055,0.0,0.0,15.670778265792231,15.670778265792231,0.07163408918475925,0.07163408918475925,UFI,C1COCCN2CCOCCOCCN(CCO1)CCOCCOCC2
6.015513,1.7179967,99.0,250.0,0.0,0.38009965,0.59862596,0.0,18.838392,0.05,150.0,96.0,0.1662368612618741,0.1662368612618741,1.0,0.0,0.0,0.0,0.0,0.0,0.0,0.44328622278273694,0.44328622278273694,0.6981396606602762,0.6981396606602762,0.0,0.0,21.970027157300798,21.970027157300798,0.058311843063093706,0.058311843063093706,UFI,C1COCCN2CCOCCOCCN(CCO1)CCOCCOCC2
6.4935064,1.7179967,99.0,250.0,0.33321676,0.0,0.23801522,0.0,13.018894,0.064279236,120.0,144.0,0.15400000221760002,0.15400000221760002,1.0,0.0,0.0,0.0,0.0,0.3845321417789415,0.3845321417789415,0.0,0.0,0.27466956440782253,0.27466956440782253,0.0,0.0,15.0238037048707,15.0238037048707,0.07417823848654564,0.07417823848654564,UFI,C1COCCN2CCOCCOCCN(CCO1)CCOCCOCC2
6.6,1.7179967,99.0,250.0,0.34914836,0.0,0.0,0.0,13.746525,0.06705899,110.0,218.29024,0.15151515151515152,0.15151515151515152,1.0,0.0,0.0,0.0,0.0,0.40204962666666666,0.40204962666666666,0.0,0.0,0.0,0.0,0.0,0.0,15.829331818181819,15.829331818181819,0.07721944303030304,0.07721944303030304,UFI,C1COCCN2CCOCCOCCN(CCO1)CCOCCOCC2
6.4935064,1.7179967,99.0,250.0,0.1864228,0.0,0.33704135,0.0,12.744131,0.088348284,110.0,288.0,0.15400000221760002,0.15400000221760002,1.0,0.0,0.0,0.0,0.0,0.2151319116134112,0.2151319116134112,0.0,0.0,0.38894571864742294,0.38894571864742294,0.0,0.0,14.706727202261385,14.706727202261385,0.10195391993192116,0.10195391993192116,UFI,C1COCCN2CCOCCOCCN(CCO1)CCOCCOCC2
5.9988003,1.7179967,99.0,250.0,0.0,0.1,0.358147,0.0,15.0,0.05,127.4167,105.860985,0.166699998331333,0.166699998331333,1.0,0.0,0.0,0.0,0.0,0.0,0.0,0.11666999983313331,0.11666999983313331,0.41785010430237196,0.41785010430237196,0.0,0.0,17.500499974969998,17.500499974969998,0.058334999916566654,0.058334999916566654,UFI,C1COCCN2CCOCCOCCN(CCO1)CCOCCOCC2
6.1281004,1.7179967,99.0,250.0,0.25,0.0,0.3,0.0,12.142273,0.0625,110.0,215.75084,0.16318270503531568,0.16318270503531568,1.0,0.0,0.0,0.0,0.0,0.2907956762588289,0.2907956762588289,0.0,0.0,0.34895481151059465,0.34895481151059465,0.0,0.0,14.123681953417277,14.123681953417277,0.07269891906470723,0.07269891906470723,UFI,C1COCCN2CCOCCOCCN(CCO1)CCOCCOCC2
7.3171577,1.7179967,99.0,250.0,0.29077592,0.0,0.0,0.0,15.758545,0.05,106.28062,168.0,0.1366650878660166,0.1366650878660166,1.0,0.0,0.0,0.0,0.0,0.3305148366561218,0.3305148366561218,0.0,0.0,0.0,0.0,0.0,0.0,17.912187937065575,17.912187937065575,0.05683325439330083,0.05683325439330083,UFI,C1COCCN2CCOCCOCCN(CCO1)CCOCCOCC2
6.4935064,1.7179967,99.0,250.0,0.2911579,0.0,0.21796823,0.0,14.285714,0.05911541,100.0,220.1721,0.15400000221760002,0.15400000221760002,1.0,0.0,0.0,0.0,0.0,0.3359962172456718,0.3359962172456718,0.0,0.0,0.25153533790336635,0.25153533790336635,0.0,0.0,16.48571398768,16.48571398768,0.06821918327109433,0.06821918327109433,UFI,C1COCCN2CCOCCOCCN(CCO1)CCOCCOCC2
6.4935064,1.7179967,99.0,250.0,0.30138418,0.0,0.19131191,0.0,15.217391,0.075,110.0,336.0,0.15400000221760002,0.15400000221760002,1.0,0.0,0.0,0.0,0.0,0.3477973443883496,0.3477973443883496,0.0,0.0,0.2207739445642533,0.2207739445642533,0.0,0.0,17.560869247746087,17.560869247746087,0.08655000016632,0.08655000016632,UFI,C1COCCN2CCOCCOCCN(CCO1)CCOCCOCC2
10.0,1.7179967,99.0,250.0,0.41099605,0.0,0.0,0.0,15.151515,0.375,200.0,120.0,0.1,0.1,1.0,0.0,0.0,0.0,0.0,0.45209565500000004,0.45209565500000004,0.0,0.0,0.0,0.0,0.0,0.0,16.6666665,16.6666665,0.41250000000000003,0.41250000000000003,UFI,C1COCCN2CCOCCOCCN(CCO1)CCOCCOCC2
6.5267324,1.7179967,99.0,250.0,0.23662004,0.0,0.1,0.0,15.241108,0.05,100.0,336.0,0.1532160258324671,0.1532160258324671,1.0,0.0,0.0,0.0,0.0,0.2728740221611194,0.2728740221611194,0.0,0.0,0.11532160258324671,0.11532160258324671,0.0,0.0,17.57628999704342,17.57628999704342,0.057660801291623355,0.057660801291623355,UFI,C1COCCN2CCOCCOCCN(CCO1)CCOCCOCC2
10.169847,1.7179967,99.0,250.0,0.18910494,0.0,0.19216397,0.0,15.0,0.0625,110.0,360.0,0.09832989621181125,0.09832989621181125,1.0,0.0,0.0,0.0,0.0,0.20769960912334082,0.20769960912334082,0.0,0.0,0.2110594332257496,0.2110594332257496,0.0,0.0,16.47494844317717,16.47494844317717,0.06864561851323821,0.06864561851323821,UFI,C1COCCN2CCOCCOCCN(CCO1)CCOCCOCC2
5.0,1.7179967,99.0,250.0,0.2832731,0.0,0.14668533,0.0,14.144107,0.08323959,110.0,120.0,0.2,0.2,1.0,0.0,0.0,0.0,0.0,0.33992772,0.33992772,0.0,0.0,0.176022396,0.176022396,0.0,0.0,16.9729284,16.9729284,0.099887508,0.099887508,UFI,C1COCCN2CCOCCOCCN(CCO1)CCOCCOCC2
5.0,1.7179967,99.0,250.0,0.35809943,0.0,0.0,0.0,15.403566,0.0998306,100.0,336.0,0.2,0.2,1.0,0.0,0.0,0.0,0.0,0.42971931599999996,0.42971931599999996,0.0,0.0,0.0,0.0,0.0,0.0,18.4842792,18.4842792,0.11979672,0.11979672,UFI,C1COCCN2CCOCCOCCN(CCO1)CCOCCOCC2
5.0,1.7179967,99.0,250.0,0.33212113,0.09616924,0.0,0.0,14.0,0.041692853,100.0,144.0,0.2,0.2,1.0,0.0,0.0,0.0,0.0,0.39854535599999996,0.39854535599999996,0.115403088,0.115403088,0.0,0.0,0.0,0.0,16.8,16.8,0.0500314236,0.0500314236,UFI,C1COCCN2CCOCCOCCN(CCO1)CCOCCOCC2
5.0,1.7179967,99.0,250.0,0.1999949,0.0,0.24376756,0.0,13.4782505,0.0952381,100.0,240.0,0.2,0.2,1.0,0.0,0.0,0.0,0.0,0.23999388,0.23999388,0.0,0.0,0.292521072,0.292521072,0.0,0.0,16.1739006,16.1739006,0.11428572000000001,0.11428572000000001,UFI,C1COCCN2CCOCCOCCN(CCO1)CCOCCOCC2
5.0,1.7179967,99.0,250.0,0.28513515,0.0,0.25665122,0.0,12.733547,0.09526796,120.0,120.0,0.2,0.2,1.0,0.0,0.0,0.0,0.0,0.34216218,0.34216218,0.0,0.0,0.307981464,0.307981464,0.0,0.0,15.280256399999999,15.280256399999999,0.11432155199999999,0.11432155199999999,UFI,C1COCCN2CCOCCOCCN(CCO1)CCOCCOCC2
6.6,1.7179967,99.0,250.0,0.0,0.26688707,0.5203779,0.0,17.726723,0.08079929,110.0,336.0,0.15151515151515152,0.15151515151515152,1.0,0.0,0.0,0.0,0.0,0.0,0.0,0.3073245048484849,0.3073245048484849,0.5992230363636364,0.5992230363636364,0.0,0.0,20.412590121212123,20.412590121212123,0.09304160666666667,0.09304160666666667,UFI,C1COCCN2CCOCCOCCN(CCO1)CCOCCOCC2
7.5630856,1.7179967,99.0,250.0,0.30053988,0.0,0.18882453,0.0,14.838866,0.09428572,108.61738,260.78238,0.13222116645089935,0.13222116645089935,1.0,0.0,0.0,0.0,0.0,0.3402776134986133,0.3402776134986133,0.0,0.0,0.21379112961114285,0.21379112961114285,0.0,0.0,16.80087817132859,16.80087817132859,0.1067522878780629,0.1067522878780629,UFI,C1COCCN2CCOCCOCCN(CCO1)CCOCCOCC2
8.578105,1.7179967,99.0,250.0,0.1300102,0.0,0.19354838,0.0,15.0,0.0625,100.0,336.0,0.11657586378343468,0.11657586378343468,1.0,0.0,0.0,0.0,0.0,0.14516625136565708,0.14516625136565708,0.0,0.0,0.21611144958238443,0.21611144958238443,0.0,0.0,16.74863795675152,16.74863795675152,0.06978599148646467,0.06978599148646467,UFI,C1COCCN2CCOCCOCCN(CCO1)CCOCCOCC2
6.4935064,1.7179967,99.0,250.0,0.27142474,0.06795145,0.2795661,0.0,14.423077,0.082604825,110.0,336.0,0.15400000221760002,0.15400000221760002,1.0,0.0,0.0,0.0,0.0,0.3132241505619115,0.3132241505619115,0.07841597345068914,0.07841597345068914,0.32261928001996576,0.32261928001996576,0.0,0.0,16.644230889984616,16.644230889984616,0.09532596823318447,0.09532596823318447,UFI,C1COCCN2CCOCCOCCN(CCO1)CCOCCOCC2
12.379021,1.7179967,99.0,250.0,0.1917129,0.0,0.16914278,0.0,14.167142,0.07234889,120.0,336.0,0.08078183242438962,0.08078183242438962,1.0,0.0,0.0,0.0,0.0,0.20719981936139376,0.20719981936139376,0.0,0.0,0.1828064437097554,0.1828064437097554,0.0,0.0,15.311589690976533,15.311589690976533,0.07819336590807059,0.07819336590807059,UFI,C1COCCN2CCOCCOCCN(CCO1)CCOCCOCC2
8.012238,1.7179967,99.0,250.0,0.19097231,0.046096895,0.20103012,0.0,16.666666,0.043111164,114.95361,336.0,0.1248090733200886,0.1248090733200886,1.0,0.0,0.0,0.0,0.0,0.2148073870408967,0.2148073870408967,0.051850205747883425,0.051850205747883425,0.22612050298662623,0.22612050298662623,0.0,0.0,18.74681713879543,18.74681713879543,0.048491828428590365,0.048491828428590365,UFI,C1COCCN2CCOCCOCCN(CCO1)CCOCCOCC2
6.0211763,1.7179967,99.0,250.0,0.31791806,0.0,0.0,0.0,9.9329605,0.07042599,110.0,168.0,0.16608050490067863,0.16608050490067863,1.0,0.0,0.0,0.0,0.0,0.37071805192184426,0.37071805192184426,0.0,0.0,0.0,0.0,0.0,0.0,11.582631594998498,11.582631594998498,0.08212237397733013,0.08212237397733013,UFI,C1COCCN2CCOCCOCCN(CCO1)CCOCCOCC2
6.4935064,1.7179967,99.0,250.0,0.3614748,0.0,0.0,0.0,10.193948,0.0625,110.0,480.0,0.15400000221760002,0.15400000221760002,1.0,0.0,0.0,0.0,0.0,0.4171419200016065,0.4171419200016065,0.0,0.0,0.0,0.0,0.0,0.0,11.7638160146061,11.7638160146061,0.0721250001386,0.0721250001386,UFI,C1COCCN2CCOCCOCCN(CCO1)CCOCCOCC2
7.1219854,1.7179967,99.0,250.0,0.1728424,0.0,0.14218582,0.0,18.181818,0.15,100.0,336.0,0.14041028503091288,0.14041028503091288,1.0,0.0,0.0,0.0,0.0,0.19711125064942706,0.19711125064942706,0.0,0.0,0.16215017151355404,0.16215017151355404,0.0,0.0,20.73473224776018,20.73473224776018,0.17106154275463692,0.17106154275463692,UFI,C1COCCN2CCOCCOCCN(CCO1)CCOCCOCC2
5.784196,1.7179967,99.0,250.0,0.35798445,0.0,0.0,0.0,14.285714,0.050105426,100.0,120.0,0.1728848745789389,0.1728848745789389,1.0,0.0,0.0,0.0,0.0,0.4198745467394604,0.4198745467394604,0.0,0.0,0.0,0.0,0.0,0.0,16.755497873160593,16.755497873160593,0.058767896289734306,0.058767896289734306,UFI,C1COCCN2CCOCCOCCN(CCO1)CCOCCOCC2
5.0,1.7179967,99.0,250.0,0.0,0.0,0.25992405,0.0,12.70675,0.075676486,120.0,168.0,0.2,0.2,1.0,0.0,0.0,0.0,0.0,0.0,0.0,0.0,0.0,0.31190886,0.31190886,0.0,0.0,15.248099999999999,15.248099999999999,0.0908117832,0.0908117832,UFI,C1COCCN2CCOCCOCCN(CCO1)CCOCCOCC2
5.0,1.7179967,99.0,250.0,0.39510816,0.0,0.0,0.0,10.455315,0.07978825,105.45734,120.0,0.2,0.2,1.0,0.0,0.0,0.0,0.0,0.47412979199999994,0.47412979199999994,0.0,0.0,0.0,0.0,0.0,0.0,12.546378,12.546378,0.09574590000000001,0.09574590000000001,UFI,C1COCCN2CCOCCOCCN(CCO1)CCOCCOCC2
6.100135,1.7179967,99.0,250.0,0.29599655,0.0,0.16666667,0.0,12.797279,0.06261891,120.0,96.0,0.16393079825282555,0.16393079825282555,1.0,0.0,0.0,0.0,0.0,0.34451950072158244,0.34451950072158244,0.0,0.0,0.19398847025524024,0.19398847025524024,0.0,0.0,14.895147161934121,14.895147161934121,0.07288407790202184,0.07288407790202184,UFI,C1COCCN2CCOCCOCCN(CCO1)CCOCCOCC2
6.4935064,1.7179967,99.0,250.0,0.21518527,0.0,0.0,0.0,15.616327,0.0625,190.0,336.0,0.15400000221760002,0.15400000221760002,1.0,0.0,0.0,0.0,0.0,0.24832380205719487,0.24832380205719487,0.0,0.0,0.0,0.0,0.0,0.0,18.021241392630767,18.021241392630767,0.0721250001386,0.0721250001386,UFI,C1COCCN2CCOCCOCCN(CCO1)CCOCCOCC2
6.3071833,1.7179967,99.0,250.0,0.34426394,0.0,0.0,0.0,13.135821,0.062631644,108.494606,240.0,0.1585493797207384,0.1585493797207384,1.0,0.0,0.0,0.0,0.0,0.39884677414721753,0.39884677414721753,0.0,0.0,0.0,0.0,0.0,0.0,15.21849727167265,15.21849727167265,0.07256185230709011,0.07256185230709011,UFI,C1COCCN2CCOCCOCCN(CCO1)CCOCCOCC2
8.0,1.7179967,99.0,250.0,0.28492635,0.0,0.15211113,0.0,17.800692,0.09775081,130.0,316.33878,0.125,0.125,1.0,0.0,0.0,0.0,0.0,0.32054214375,0.32054214375,0.0,0.0,0.17112502125,0.17112502125,0.0,0.0,20.0257785,20.0257785,0.10996966124999999,0.10996966124999999,UFI,C1COCCN2CCOCCOCCN(CCO1)CCOCCOCC2
8.952776,1.7179967,99.0,250.0,0.24996164,0.0,0.1901451,0.0,14.423077,0.09677419,110.0,432.08582,0.11169719872361376,0.11169719872361376,1.0,0.0,0.0,0.0,0.0,0.2778816549763604,0.2778816549763604,0.0,0.0,0.2113837750210214,0.2113837750210214,0.0,0.0,16.034094297874983,16.034094297874983,0.10758359593174675,0.10758359593174675,UFI,C1COCCN2CCOCCOCCN(CCO1)CCOCCOCC2
5.0,1.7179967,99.0,250.0,0.28662995,0.0,0.0,0.0,14.0,0.1,190.0,24.0,0.2,0.2,1.0,0.0,0.0,0.0,0.0,0.34395594,0.34395594,0.0,0.0,0.0,0.0,0.0,0.0,16.8,16.8,0.12,0.12,UFI,C1COCCN2CCOCCOCCN(CCO1)CCOCCOCC2
8.346441,1.7179967,99.0,250.0,0.19432928,0.07874472,0.2862639,0.0,14.5057535,0.041344322,100.0,151.15361,0.11981154602302944,0.11981154602302944,1.0,0.0,0.0,0.0,0.0,0.21761217147434214,0.21761217147434214,0.08817924664435056,0.08817924664435056,0.32056162042958186,0.32056162042958186,0.0,0.0,16.24371025306397,16.24371025306397,0.04629784913809395,0.04629784913809395,UFI,C1COCCN2CCOCCOCCN(CCO1)CCOCCOCC2
5.9988375,1.7179967,99.0,250.0,0.25,0.0,0.0,0.0,10.0,0.05846622,100.0,24.0,0.16669896459105618,0.16669896459105618,1.0,0.0,0.0,0.0,0.0,0.29167474114776404,0.29167474114776404,0.0,0.0,0.0,0.0,0.0,0.0,11.666989645910562,11.666989645910562,0.0682124783375529,0.0682124783375529,UFI,C1COCCN2CCOCCOCCN(CCO1)CCOCCOCC2
6.6,1.7179967,99.0,250.0,0.2148688,0.0,0.15286438,0.0,13.325958,0.075,120.0,168.0,0.15151515151515152,0.15151515151515152,1.0,0.0,0.0,0.0,0.0,0.2474246787878788,0.2474246787878788,0.0,0.0,0.1760256496969697,0.1760256496969697,0.0,0.0,15.345042545454547,15.345042545454547,0.08636363636363636,0.08636363636363636,UFI,C1COCCN2CCOCCOCCN(CCO1)CCOCCOCC2
6.4935064,1.7179967,99.0,250.0,0.17186421,0.089051746,0.25122195,0.0,13.688813,0.06138637,150.0,120.0,0.15400000221760002,0.15400000221760002,1.0,0.0,0.0,0.0,0.0,0.19833129872112606,0.19833129872112606,0.10276571508148115,0.10276571508148115,0.2899101308571098,0.2899101308571098,0.0,0.0,15.796890232356311,15.796890232356311,0.07083987111613042,0.07083987111613042,UFI,C1COCCN2CCOCCOCCN(CCO1)CCOCCOCC2
10.0,1.7179967,99.0,250.0,0.23009518,0.0,0.08778055,0.0,15.0,0.061025973,110.0,336.0,0.1,0.1,1.0,0.0,0.0,0.0,0.0,0.253104698,0.253104698,0.0,0.0,0.096558605,0.096558605,0.0,0.0,16.5,16.5,0.0671285703,0.0671285703,UFI,C1COCCN2CCOCCOCCN(CCO1)CCOCCOCC2
7.4468513,1.7179967,99.0,250.0,0.304582,0.0,0.26865295,0.0,14.0,0.061109707,100.0,144.0,0.13428494268443364,0.13428494268443364,1.0,0.0,0.0,0.0,0.0,0.3454827764127102,0.3454827764127102,0.0,0.0,0.30472899599275405,0.30472899599275405,0.0,0.0,15.879989197582072,15.879989197582072,0.06931582050195753,0.06931582050195753,UFI,C1COCCN2CCOCCOCCN(CCO1)CCOCCOCC2
5.9992743,1.7179967,99.0,250.0,0.19735864,0.0,0.09602436,0.0,12.684809,0.09677419,110.0,164.48938,0.16668682743844535,0.16668682743844535,1.0,0.0,0.0,0.0,0.0,0.23025572556916626,0.23025572556916626,0.0,0.0,0.11203035592520716,0.11203035592520716,0.0,0.0,14.79919956887264,14.79919956887264,0.11290517270902532,0.11290517270902532,UFI,C1COCCN2CCOCCOCCN(CCO1)CCOCCOCC2
6.4935064,1.7179967,99.0,250.0,0.19477649,0.05580366,0.27215046,0.0,14.705882,0.05413895,120.0,108.0,0.15400000221760002,0.15400000221760002,1.0,0.0,0.0,0.0,0.0,0.22477206989193635,0.22477206989193635,0.0643974237637502,0.0643974237637502,0.31406163144352084,0.31406163144352084,0.0,0.0,16.970587860611765,16.970587860611765,0.06247634842005854,0.06247634842005854,UFI,C1COCCN2CCOCCOCCN(CCO1)CCOCCOCC2
6.4935064,1.7179967,99.0,250.0,0.26703426,0.0,0.28773826,0.0,12.190166,0.08123711,120.0,96.0,0.15400000221760002,0.15400000221760002,1.0,0.0,0.0,0.0,0.0,0.3081575366321752,0.3081575366321752,0.0,0.0,0.3320499526780884,0.3320499526780884,0.0,0.0,14.067451591032912,14.067451591032912,0.09374762512015142,0.09374762512015142,UFI,C1COCCN2CCOCCOCCN(CCO1)CCOCCOCC2
9.091,1.7179967,99.0,250.0,0.3302627,0.0,0.0,0.0,12.460899,0.060863636,125.0,336.0,0.10999890001099989,0.10999890001099989,1.0,0.0,0.0,0.0,0.0,0.3665912337146629,0.3665912337146629,0.0,0.0,0.0,0.0,0.0,0.0,13.83158418314817,13.83158418314817,0.0675585690106699,0.0675585690106699,UFI,C1COCCN2CCOCCOCCN(CCO1)CCOCCOCC2
5.0,1.7179967,99.0,250.0,0.31804585,0.0,0.3,0.0,10.04798,1.1429788,110.0,96.0,0.2,0.2,1.0,0.0,0.0,0.0,0.0,0.38165502,0.38165502,0.0,0.0,0.36,0.36,0.0,0.0,12.057576000000001,12.057576000000001,1.37157456,1.37157456,UFI,C1COCCN2CCOCCOCCN(CCO1)CCOCCOCC2
11.98682,1.7179967,99.0,250.0,0.28409126,0.0,0.16899504,0.0,19.212011,0.09677419,160.0,72.0,0.08342496174965504,0.08342496174965504,1.0,0.0,0.0,0.0,0.0,0.3077915624989113,0.3077915624989113,0.0,0.0,0.18309344474788142,0.18309344474788142,0.0,0.0,20.81477228280895,20.81477228280895,0.10484757309910384,0.10484757309910384,UFI,C1COCCN2CCOCCOCCN(CCO1)CCOCCOCC2
6.4935064,1.7179967,99.0,250.0,0.37170428,0.0,0.0,0.0,14.500511,0.057546355,110.0,168.0,0.15400000221760002,0.15400000221760002,1.0,0.0,0.0,0.0,0.0,0.4289467399442914,0.4289467399442914,0.0,0.0,0.0,0.0,0.0,0.0,16.733589726156332,16.733589726156332,0.06640849379761479,0.06640849379761479,UFI,C1COCCN2CCOCCOCCN(CCO1)CCOCCOCC2
6.4935064,1.7179967,99.0,250.0,0.20103957,0.097608946,0.0,0.0,13.868492,0.075043656,125.0,144.0,0.15400000221760002,0.15400000221760002,1.0,0.0,0.0,0.0,0.0,0.23199966422582535,0.23199966422582535,0.11264072390045761,0.11264072390045761,0.0,0.0,0.0,0.0,16.004239798754767,16.004239798754767,0.08660037919041681,0.08660037919041681,UFI,C1COCCN2CCOCCOCCN(CCO1)CCOCCOCC2
9.091,1.7179967,99.0,250.0,0.19209577,0.046258442,0.16640022,0.0,15.0,0.05,100.0,336.0,0.10999890001099989,0.10999890001099989,1.0,0.0,0.0,0.0,0.0,0.21322609339676604,0.21322609339676604,0.05134681973622264,0.05134681973622264,0.18470406116158838,0.18470406116158838,0.0,0.0,16.649983500165,16.649983500165,0.05549994500055,0.05549994500055,UFI,C1COCCN2CCOCCOCCN(CCO1)CCOCCOCC2
6.515959,1.7179967,99.0,250.0,0.2287858,0.0,0.25,0.0,13.636364,0.08282645,110.0,192.0,0.15346935117301996,0.15346935117301996,1.0,0.0,0.0,0.0,0.0,0.2638974082836003,0.2638974082836003,0.0,0.0,0.28836733779325496,0.28836733779325496,0.0,0.0,15.729127935439125,15.729127935439125,0.09553777154146456,0.09553777154146456,UFI,C1COCCN2CCOCCOCCN(CCO1)CCOCCOCC2
5.0,1.7179967,99.0,250.0,0.21778572,0.0,0.14655976,0.0,14.422741,0.056799717,119.042175,336.0,0.2,0.2,1.0,0.0,0.0,0.0,0.0,0.26134286399999995,0.26134286399999995,0.0,0.0,0.175871712,0.175871712,0.0,0.0,17.3072892,17.3072892,0.0681596604,0.0681596604,UFI,C1COCCN2CCOCCOCCN(CCO1)CCOCCOCC2
6.4935064,1.7179967,99.0,250.0,0.33493873,0.0,0.0,0.0,10.866895,0.057551246,110.0,360.0,0.15400000221760002,0.15400000221760002,1.0,0.0,0.0,0.0,0.0,0.3865192951627602,0.3865192951627602,0.0,0.0,0.0,0.0,0.0,0.0,12.540396854098425,12.540396854098425,0.06641413801162564,0.06641413801162564,UFI,C1COCCN2CCOCCOCCN(CCO1)CCOCCOCC2
5.998458,1.7179967,99.0,250.0,0.41351283,0.0,0.0,0.0,12.2722025,0.040967252,120.0,120.0,0.1667095110109965,0.1667095110109965,1.0,0.0,0.0,0.0,0.0,0.4824493516860733,0.4824493516860733,0.0,0.0,0.0,0.0,0.0,0.0,14.318095377802928,14.318095377802928,0.04779688254838427,0.04779688254838427,UFI,C1COCCN2CCOCCOCCN(CCO1)CCOCCOCC2
5.9984293,1.7179967,99.0,250.0,0.53333336,0.0,0.28259343,0.0,11.25,2.8618727,110.0,96.0,0.16671030864696532,0.16671030864696532,1.0,0.0,0.0,0.0,0.0,0.622245529057323,0.622245529057323,0.0,0.0,0.32970466793690456,0.32970466793690456,0.0,0.0,13.125490972278358,13.125490972278358,3.338976381125324,3.338976381125324,UFI,C1COCCN2CCOCCOCCN(CCO1)CCOCCOCC2
7.7018275,1.7179967,99.0,250.0,0.2073435,0.0,0.17190789,0.0,15.217391,0.05835968,120.0,131.29745,0.12983931411083927,0.12983931411083927,1.0,0.0,0.0,0.0,0.0,0.23426483782534077,0.23426483782534077,0.0,0.0,0.1942282925278416,0.1942282925278416,0.0,0.0,17.193206609996455,17.193206609996455,0.06593706082292805,0.06593706082292805,UFI,C1COCCN2CCOCCOCCN(CCO1)CCOCCOCC2
6.4935064,1.7179967,99.0,250.0,0.0,0.25241002,0.3,0.0,19.197048,0.06255516,150.0,168.0,0.15400000221760002,0.15400000221760002,1.0,0.0,0.0,0.0,0.0,0.0,0.0,0.2912811636397445,0.2912811636397445,0.34620000066528,0.34620000066528,0.0,0.0,22.153393434571374,22.153393434571374,0.07218865477872233,0.07218865477872233,UFI,C1COCCN2CCOCCOCCN(CCO1)CCOCCOCC2
6.2238746,1.7179967,99.0,250.0,0.3686753,0.0,0.36384094,0.0,13.797875,0.05,110.0,168.0,0.16067161764473853,0.16067161764473853,1.0,0.0,0.0,0.0,0.0,0.42791095683665925,0.42791095683665925,0.0,0.0,0.42229985239518225,0.42229985239518225,0.0,0.0,16.014801896309894,16.014801896309894,0.058033580882236924,0.058033580882236924,UFI,C1COCCN2CCOCCOCCN(CCO1)CCOCCOCC2
10.0,1.7179967,99.0,250.0,0.24995375,0.0,0.32496342,0.0,11.666667,0.0625,110.0,321.60336,0.1,0.1,1.0,0.0,0.0,0.0,0.0,0.274949125,0.274949125,0.0,0.0,0.357459762,0.357459762,0.0,0.0,12.8333337,12.8333337,0.06875,0.06875,UFI,C1COCCN2CCOCCOCCN(CCO1)CCOCCOCC2
6.4935064,1.7179967,99.0,250.0,0.25905377,0.0,0.14999892,0.0,14.784075,0.0797632,100.0,334.57297,0.15400000221760002,0.15400000221760002,1.0,0.0,0.0,0.0,0.0,0.29894805115447765,0.29894805115447765,0.0,0.0,0.1730987540126376,0.1730987540126376,0.0,0.0,17.060822582785164,17.060822582785164,0.09204673297688289,0.09204673297688289,UFI,C1COCCN2CCOCCOCCN(CCO1)CCOCCOCC2
6.4935064,1.7179967,99.0,250.0,0.30091262,0.0,0.3,0.0,14.0,0.09217307,110.0,96.0,0.15400000221760002,0.15400000221760002,1.0,0.0,0.0,0.0,0.0,0.34725316414730384,0.34725316414730384,0.0,0.0,0.34620000066528,0.34620000066528,0.0,0.0,16.1560000310464,16.1560000310464,0.106367722984403,0.106367722984403,UFI,C1COCCN2CCOCCOCCN(CCO1)CCOCCOCC2
9.091,1.7179967,99.0,250.0,0.19178128,0.0,0.19354838,0.0,11.943801,0.0625,160.0,24.0,0.10999890001099989,0.10999890001099989,1.0,0.0,0.0,0.0,0.0,0.21287700984270158,0.21287700984270158,0.0,0.0,0.21483848889891102,0.21483848889891102,0.0,0.0,13.257605971950282,13.257605971950282,0.0693749312506875,0.0693749312506875,UFI,C1COCCN2CCOCCOCCN(CCO1)CCOCCOCC2
5.2346134,1.7179967,99.0,250.0,0.25060454,0.0,0.2854251,0.0,13.333333,0.05,114.90603,336.0,0.19103607536709397,0.19103607536709397,1.0,0.0,0.0,0.0,0.0,0.2984790477907759,0.2984790477907759,0.0,0.0,0.3399515909152603,0.3399515909152603,0.0,0.0,15.880480607882559,15.880480607882559,0.0595518037683547,0.0595518037683547,UFI,C1COCCN2CCOCCOCCN(CCO1)CCOCCOCC2
6.576441,1.7179967,99.0,250.0,0.3635377,0.0,0.23433143,0.0,13.636364,0.069968775,100.0,192.0,0.15205792920517344,0.15205792920517344,1.0,0.0,0.0,0.0,0.0,0.4188164898500116,0.4188164898500116,0.0,0.0,0.2699633819934871,0.2699633819934871,0.0,0.0,15.709881271727975,15.709881271727975,0.0806080820355227,0.0806080820355227,UFI,C1COCCN2CCOCCOCCN(CCO1)CCOCCOCC2
6.4935064,1.7179967,99.0,250.0,0.0,0.0,0.20327683,0.0,12.998043,0.1,120.0,144.0,0.15400000221760002,0.15400000221760002,1.0,0.0,0.0,0.0,0.0,0.0,0.0,0.0,0.0,0.2345814622707867,0.2345814622707867,0.0,0.0,14.99974165082446,14.99974165082446,0.11540000022176,0.11540000022176,UFI,C1COCCN2CCOCCOCCN(CCO1)CCOCCOCC2
6.4935064,1.7179967,99.0,250.0,0.19427249,0.060118344,0.25,0.0,13.333333,0.04966269,110.0,120.0,0.15400000221760002,0.15400000221760002,1.0,0.0,0.0,0.0,0.0,0.22419045389081868,0.22419045389081868,0.06937656910931844,0.06937656910931844,0.2885000005544,0.2885000005544,0.0,0.0,15.386666311568,15.386666311568,0.057310744370131984,0.057310744370131984,UFI,C1COCCN2CCOCCOCCN(CCO1)CCOCCOCC2
6.4935064,1.7179967,99.0,250.0,0.26765087,0.0,0.3005981,0.0,12.784291,0.050135862,100.0,240.0,0.15400000221760002,0.15400000221760002,1.0,0.0,0.0,0.0,0.0,0.30886910457354255,0.30886910457354255,0.0,0.0,0.3468902080666063,0.3468902080666063,0.0,0.0,14.753071842350444,14.753071842350444,0.05785678485918129,0.05785678485918129,UFI,C1COCCN2CCOCCOCCN(CCO1)CCOCCOCC2
5.0,1.7179967,99.0,250.0,0.21593994,0.0,0.1,0.0,14.533807,0.09262677,120.0,360.0,0.2,0.2,1.0,0.0,0.0,0.0,0.0,0.259127928,0.259127928,0.0,0.0,0.12,0.12,0.0,0.0,17.4405684,17.4405684,0.11115212399999999,0.11115212399999999,UFI,C1COCCN2CCOCCOCCN(CCO1)CCOCCOCC2
10.0,1.7179967,99.0,250.0,0.24428447,0.057842188,0.24426633,0.0,14.6563835,0.09510559,150.0,160.93008,0.1,0.1,1.0,0.0,0.0,0.0,0.0,0.26871291700000005,0.26871291700000005,0.06362640680000001,0.06362640680000001,0.268692963,0.268692963,0.0,0.0,16.122021850000003,16.122021850000003,0.10461614900000002,0.10461614900000002,UFI,C1COCCN2CCOCCOCCN(CCO1)CCOCCOCC2
6.4935064,1.1111112,99.0,250.0,0.0,0.0,0.0,0.0,84.864815,0.49019608,180.0,120.0,0.15400000221760002,0.15400000221760002,1.0,0.0,0.0,0.0,0.0,0.0,0.0,0.0,0.0,0.0,0.0,0.0,0.0,97.93399669819621,97.93399669819621,0.5656862774070588,0.5656862774070588,UFI,C1COCCN2CCOCCOCCN(CCO1)CCOCCOCC2
6.1276565,1.7179967,99.0,250.0,0.1960475,0.0,0.11679325,0.0,13.022453,0.091712326,100.0,266.40286,0.16319452632503145,0.16319452632503145,1.0,0.0,0.0,0.0,0.0,0.2280413788997066,0.2280413788997066,0.0,0.0,0.13585326911171097,0.13585326911171097,0.0,0.0,15.147646048924985,15.147646048924985,0.10667927559973686,0.10667927559973686,UFI,C1COCCN2CCOCCOCCN(CCO1)CCOCCOCC2
6.6,1.7179967,99.0,250.0,0.22743407,0.0,0.15806141,0.0,14.285714,0.07949936,130.0,96.0,0.15151515151515152,0.15151515151515152,1.0,0.0,0.0,0.0,0.0,0.2618937775757576,0.2618937775757576,0.0,0.0,0.18201010848484853,0.18201010848484853,0.0,0.0,16.450216121212122,16.450216121212122,0.09154471757575759,0.09154471757575759,UFI,C1COCCN2CCOCCOCCN(CCO1)CCOCCOCC2
5.999588,1.7179967,99.0,250.0,0.38145193,0.0,0.0,0.0,9.658418,0.04815524,110.0,144.0,0.16667811189701692,0.16667811189701692,1.0,0.0,0.0,0.0,0.0,0.44503161747187303,0.44503161747187303,0.0,0.0,0.0,0.0,0.0,0.0,11.26826487615216,11.26826487615216,0.056181664481147704,0.056181664481147704,UFI,C1COCCN2CCOCCOCCN(CCO1)CCOCCOCC2
6.4935064,1.7179967,99.0,250.0,0.23469998,0.0,0.13323158,0.0,12.505474,0.06869987,100.0,240.0,0.15400000221760002,0.15400000221760002,1.0,0.0,0.0,0.0,0.0,0.27084377744047067,0.27084377744047067,0.0,0.0,0.15374924361545433,0.15374924361545433,0.0,0.0,14.431317023732138,14.431317023732138,0.07927965013234883,0.07927965013234883,UFI,C1COCCN2CCOCCOCCN(CCO1)CCOCCOCC2
9.091,1.7179967,99.0,250.0,0.19086963,0.0,0.25,0.0,12.577716,0.082890555,110.0,144.0,0.10999890001099989,0.10999890001099989,1.0,0.0,0.0,0.0,0.0,0.21186507934550658,0.21186507934550658,0.0,0.0,0.27749972500275,0.27749972500275,0.0,0.0,13.961250924650756,13.961250924650756,0.0920084248713013,0.0920084248713013,UFI,C1COCCN2CCOCCOCCN(CCO1)CCOCCOCC2
5.0,1.7179967,99.0,250.0,0.23299427,0.0,0.22819573,0.0,17.331022,0.5703492,130.0,407.91937,0.2,0.2,1.0,0.0,0.0,0.0,0.0,0.27959312399999997,0.27959312399999997,0.0,0.0,0.273834876,0.273834876,0.0,0.0,20.7972264,20.7972264,0.68441904,0.68441904,UFI,C1COCCN2CCOCCOCCN(CCO1)CCOCCOCC2
8.985153,1.7179967,99.0,250.0,0.19810706,0.0,0.13384804,0.0,17.331022,0.07969975,100.0,336.0,0.11129471028484433,0.11129471028484433,1.0,0.0,0.0,0.0,0.0,0.22015532784808226,0.22015532784808226,0.0,0.0,0.14874461883399426,0.14874461883399426,0.0,0.0,19.259873072430263,19.259873072430263,0.08856991058602452,0.08856991058602452,UFI,C1COCCN2CCOCCOCCN(CCO1)CCOCCOCC2
6.4935064,1.7179967,99.0,250.0,0.29253256,0.0,0.0,0.0,10.37308,0.075,180.0,168.0,0.15400000221760002,0.15400000221760002,1.0,0.0,0.0,0.0,0.0,0.33758257488872023,0.33758257488872023,0.0,0.0,0.0,0.0,0.0,0.0,11.970534343003342,11.970534343003342,0.08655000016632,0.08655000016632,UFI,C1COCCN2CCOCCOCCN(CCO1)CCOCCOCC2
5.9985757,1.7179967,99.0,250.0,0.24995463,0.0,0.1902848,0.0,18.100046,0.09785255,110.0,384.0,0.16670623994959338,0.16670623994959338,1.0,0.0,0.0,0.0,0.0,0.29162362652529183,0.29162362652529183,0.0,0.0,0.22200646352756037,0.22200646352756037,0.0,0.0,21.117436611574675,21.117436611574675,0.11416518067997958,0.11416518067997958,UFI,C1COCCN2CCOCCOCCN(CCO1)CCOCCOCC2
7.0516148,1.7179967,99.0,250.0,0.28503713,0.0,0.18736123,0.0,15.0,0.0797677,140.0,144.0,0.14181148975976396,0.14181148975976396,1.0,0.0,0.0,0.0,0.0,0.32545867004214757,0.32545867004214757,0.0,0.0,0.21393120514952177,0.21393120514952177,0.0,0.0,17.12717234639646,17.12717234639646,0.09107967637170993,0.09107967637170993,UFI,C1COCCN2CCOCCOCCN(CCO1)CCOCCOCC2
6.6079454,1.7179967,99.0,250.0,0.23112682,0.0,0.086555764,0.0,15.965204,0.088205084,100.0,360.0,0.15133296954905226,0.15133296954905226,1.0,0.0,0.0,0.0,0.0,0.2661039280130293,0.2661039280130293,0.0,0.0,0.09965450479770693,0.09965450479770693,0.0,0.0,18.381265730776406,18.381265730776406,0.1015534212910436,0.1015534212910436,UFI,C1COCCN2CCOCCOCCN(CCO1)CCOCCOCC2
9.090925,1.7179967,99.0,250.0,0.20345329,0.0,0.2290355,0.0,13.878367,0.07899684,120.0,336.0,0.10999980750033687,0.10999980750033687,1.0,0.0,0.0,0.0,0.0,0.2258331127353102,0.2258331127353102,0.0,0.0,0.2542293609107434,0.2542293609107434,0.0,0.0,15.404984698419026,15.404984698419026,0.08768647719313491,0.08768647719313491,UFI,C1COCCN2CCOCCOCCN(CCO1)CCOCCOCC2
6.7989917,1.7179967,99.0,250.0,0.19846688,0.036808323,0.24377634,0.0,12.854695,0.04773942,116.969864,120.0,0.1470806325590896,0.1470806325590896,1.0,0.0,0.0,0.0,0.0,0.22765751425242894,0.22765751425242894,0.04222211443027928,0.04222211443027928,0.2796311182901397,0.2796311182901397,0.0,0.0,14.745371671954166,14.745371671954166,0.05476096409160405,0.05476096409160405,UFI,C1COCCN2CCOCCOCCN(CCO1)CCOCCOCC2
5.0,1.7179967,99.0,250.0,0.24578227,0.0,0.16666667,0.0,14.285714,0.083333336,120.0,120.0,0.2,0.2,1.0,0.0,0.0,0.0,0.0,0.294938724,0.294938724,0.0,0.0,0.20000000399999998,0.20000000399999998,0.0,0.0,17.1428568,17.1428568,0.10000000319999999,0.10000000319999999,UFI,C1COCCN2CCOCCOCCN(CCO1)CCOCCOCC2
7.1442823,1.7179967,99.0,250.0,0.2122261,0.0,0.1247325,0.0,16.374823,0.05841194,100.0,336.0,0.1399720724921522,0.1399720724921522,1.0,0.0,0.0,0.0,0.0,0.24193182705392677,0.24193182705392677,0.0,0.0,0.1421915665321274,0.1421915665321274,0.0,0.0,18.66684091200216,18.66684091200216,0.06658798030008725,0.06658798030008725,UFI,C1COCCN2CCOCCOCCN(CCO1)CCOCCOCC2
8.0,1.7179967,99.0,250.0,0.1904762,0.042838894,0.24022412,0.0,17.331022,0.110740505,150.0,144.0,0.125,0.125,1.0,0.0,0.0,0.0,0.0,0.214285725,0.214285725,0.048193755750000004,0.048193755750000004,0.270252135,0.270252135,0.0,0.0,19.49739975,19.49739975,0.124583068125,0.124583068125,UFI,C1COCCN2CCOCCOCCN(CCO1)CCOCCOCC2
6.4935064,1.7179967,99.0,250.0,0.2726071,0.0,0.0,0.0,12.563834,0.075,110.0,120.0,0.15400000221760002,0.15400000221760002,1.0,0.0,0.0,0.0,0.0,0.3145885940045335,0.3145885940045335,0.0,0.0,0.0,0.0,0.0,0.0,14.498664463861559,14.498664463861559,0.08655000016632,0.08655000016632,UFI,C1COCCN2CCOCCOCCN(CCO1)CCOCCOCC2
5.9985704,1.7179967,99.0,250.0,0.22890818,0.0,0.24235563,0.0,13.054901,0.08234583,125.0,336.0,0.16670638724186682,0.16670638724186682,1.0,0.0,0.0,0.0,0.0,0.26706863569791095,0.26706863569791095,0.0,0.0,0.2827578615050266,0.2827578615050266,0.0,0.0,15.231236381510234,15.231236381510234,0.09607340582373293,0.09607340582373293,UFI,C1COCCN2CCOCCOCCN(CCO1)CCOCCOCC2
5.9988003,1.7179967,99.0,250.0,0.2969885,0.0,0.0,0.0,14.34904,0.06669184,100.0,360.0,0.166699998331333,0.166699998331333,1.0,0.0,0.0,0.0,0.0,0.3464964824544251,0.3464964824544251,0.0,0.0,0.0,0.0,0.0,0.0,16.74102494405623,16.74102494405623,0.07780936961671353,0.07780936961671353,UFI,C1COCCN2CCOCCOCCN(CCO1)CCOCCOCC2
7.5823245,1.7179967,99.0,250.0,0.25,0.0,0.14416066,0.0,10.4683275,0.08018905,110.0,336.0,0.1318856770110538,0.1318856770110538,1.0,0.0,0.0,0.0,0.0,0.2829714192527635,0.2829714192527635,0.0,0.0,0.16317338624246036,0.16317338624246036,0.0,0.0,11.848949959510932,11.848949959510932,0.09076483714812325,0.09076483714812325,UFI,C1COCCN2CCOCCOCCN(CCO1)CCOCCOCC2
5.0,1.7179967,99.0,250.0,0.2662066,0.0,0.12530419,0.0,13.050329,0.089762524,110.0,120.0,0.2,0.2,1.0,0.0,0.0,0.0,0.0,0.31944792,0.31944792,0.0,0.0,0.150365028,0.150365028,0.0,0.0,15.660394799999999,15.660394799999999,0.10771502879999999,0.10771502879999999,UFI,C1COCCN2CCOCCOCCN(CCO1)CCOCCOCC2
5.523297,1.7179967,99.0,250.0,0.21358085,0.0,0.15737027,0.0,14.443554,0.062561035,110.0,168.0,0.1810512815081282,0.1810512815081282,1.0,0.0,0.0,0.0,0.0,0.2522499365980953,0.2522499365980953,0.0,0.0,0.18586235905478016,0.18586235905478016,0.0,0.0,17.05857796123185,17.05857796123185,0.07388779055922487,0.07388779055922487,UFI,C1COCCN2CCOCCOCCN(CCO1)CCOCCOCC2
5.999406,1.0,99.0,250.0,0.35143614,0.0,0.0,0.0,11.868732,0.083333336,110.0,144.0,0.16668316830032842,0.16668316830032842,1.0,0.0,0.0,0.0,0.0,0.4100146292704378,0.4100146292704378,0.0,0.0,0.0,0.0,0.0,0.0,13.847049853467494,13.847049853467494,0.09722360046951581,0.09722360046951581,UFI,C1COCCN2CCOCCOCCN(CCO1)CCOCCOCC2
9.091,1.7179967,99.0,250.0,0.22870071,0.11017661,0.28908834,0.0,14.506276,0.05,150.0,144.0,0.10999890001099989,0.10999890001099989,1.0,0.0,0.0,0.0,0.0,0.2538575365317347,0.2538575365317347,0.12229591590694093,0.12229591590694093,0.32088773940600596,0.32088773940600596,0.0,0.0,16.10195040325597,16.10195040325597,0.05549994500055,0.05549994500055,UFI,C1COCCN2CCOCCOCCN(CCO1)CCOCCOCC2
5.0,1.7179967,99.0,250.0,0.27626652,0.0,0.10035736,0.0,14.705882,0.08547009,100.0,181.59714,0.2,0.2,1.0,0.0,0.0,0.0,0.0,0.331519824,0.331519824,0.0,0.0,0.120428832,0.120428832,0.0,0.0,17.6470584,17.6470584,0.102564108,0.102564108,UFI,C1COCCN2CCOCCOCCN(CCO1)CCOCCOCC2
5.5025883,1.7179967,99.0,250.0,0.372993,0.0,0.0,0.0,12.73268,0.09006345,106.58303,96.176025,0.18173265842912506,0.18173265842912506,1.0,0.0,0.0,0.0,0.0,0.44077800946545465,0.44077800946545465,0.0,0.0,0.0,0.0,0.0,0.0,15.046623785327352,15.046623785327352,0.10643092019579858,0.10643092019579858,UFI,C1COCCN2CCOCCOCCN(CCO1)CCOCCOCC2
7.5,1.7179967,99.0,250.0,0.28917387,0.0,0.19008133,0.0,12.349158,0.0667254,100.47492,168.0,0.13333333333333333,0.13333333333333333,1.0,0.0,0.0,0.0,0.0,0.327730386,0.327730386,0.0,0.0,0.21542550733333332,0.21542550733333332,0.0,0.0,13.995712399999999,13.995712399999999,0.07562212,0.07562212,UFI,C1COCCN2CCOCCOCCN(CCO1)CCOCCOCC2
0.25,1.0,99.0,250.0,0.0,0.0,0.0,0.0,10.0,0.19583043,200.0,24.0,4.0,4.0,1.0,0.0,0.0,0.0,0.0,0.0,0.0,0.0,0.0,0.0,0.0,0.0,0.0,50.0,50.0,0.97915215,0.97915215,UFI,C1COCCN2CCOCCOCCN(CCO1)CCOCCOCC2
7.5,1.7179967,99.0,250.0,0.20757751,0.0,0.15793857,0.0,15.0,0.083333336,120.0,336.0,0.13333333333333333,0.13333333333333333,1.0,0.0,0.0,0.0,0.0,0.23525451133333333,0.23525451133333333,0.0,0.0,0.178997046,0.178997046,0.0,0.0,17.0,17.0,0.09444444746666665,0.09444444746666665,UFI,C1COCCN2CCOCCOCCN(CCO1)CCOCCOCC2
8.543838,1.7179967,99.0,250.0,0.28323925,0.0,0.10413019,0.0,13.130853,0.064589016,110.0,336.0,0.11704341772397839,0.11704341772397839,1.0,0.0,0.0,0.0,0.0,0.31639053985357635,0.31639053985357635,0.0,0.0,0.11631794332584723,0.11631794332584723,0.0,0.0,14.667732912751154,14.667732912751154,0.07214873518006872,0.07214873518006872,UFI,C1COCCN2CCOCCOCCN(CCO1)CCOCCOCC2
10.0,1.7179967,99.0,250.0,0.33355394,0.0,0.25,0.0,15.714438,0.1,120.0,120.0,0.1,0.1,1.0,0.0,0.0,0.0,0.0,0.36690933400000003,0.36690933400000003,0.0,0.0,0.275,0.275,0.0,0.0,17.285881800000002,17.285881800000002,0.11000000000000001,0.11000000000000001,UFI,C1COCCN2CCOCCOCCN(CCO1)CCOCCOCC2
6.4935064,1.7179967,99.0,250.0,0.27792278,0.0,0.2599083,0.0,12.5,0.09677419,116.16172,168.0,0.15400000221760002,0.15400000221760002,1.0,0.0,0.0,0.0,0.0,0.32072288873632154,0.32072288873632154,0.0,0.0,0.29993417877637263,0.29993417877637263,0.0,0.0,14.42500002772,14.42500002772,0.11167741547460644,0.11167741547460644,UFI,C1COCCN2CCOCCOCCN(CCO1)CCOCCOCC2
3.1974256,1.0,99.0,250.0,0.0,0.0,0.0,0.0,15.0,0.09677419,135.0,168.0,0.31275160866917434,0.31275160866917434,1.0,0.0,0.0,0.0,0.0,0.0,0.0,0.0,0.0,0.0,0.0,0.0,0.0,19.691274130037616,19.691274130037616,0.12704047360015633,0.12704047360015633,UFI,C1COCCN2CCOCCOCCN(CCO1)CCOCCOCC2
8.0,1.7179967,99.0,250.0,0.0,0.28914535,0.38688713,0.0,15.217391,0.093987614,125.0,336.0,0.125,0.125,1.0,0.0,0.0,0.0,0.0,0.0,0.0,0.32528851875000003,0.32528851875000003,0.43524802125,0.43524802125,0.0,0.0,17.119564875,17.119564875,0.10573606575,0.10573606575,UFI,C1COCCN2CCOCCOCCN(CCO1)CCOCCOCC2
6.5434475,1.7179967,99.0,250.0,0.4,0.0,0.0,0.0,13.75335,0.07808923,110.0,372.0,0.1528246386938995,0.1528246386938995,1.0,0.0,0.0,0.0,0.0,0.4611298554775598,0.4611298554775598,0.0,0.0,0.0,0.0,0.0,0.0,15.85520074458074,15.85520074458074,0.0900231883606348,0.0900231883606348,UFI,C1COCCN2CCOCCOCCN(CCO1)CCOCCOCC2
5.0,1.7179967,99.0,250.0,0.23893261,0.0,0.2524084,0.0,14.285714,0.049904577,120.0,120.0,0.2,0.2,1.0,0.0,0.0,0.0,0.0,0.286719132,0.286719132,0.0,0.0,0.30289007999999995,0.30289007999999995,0.0,0.0,17.1428568,17.1428568,0.0598854924,0.0598854924,UFI,C1COCCN2CCOCCOCCN(CCO1)CCOCCOCC2
6.4935064,1.7179967,99.0,250.0,0.0,0.35682878,0.0,0.0,17.868893,0.080874935,120.0,360.0,0.15400000221760002,0.15400000221760002,1.0,0.0,0.0,0.0,0.0,0.0,0.0,0.4117804129113035,0.4117804129113035,0.0,0.0,0.0,0.0,20.620702561626057,20.620702561626057,0.09332967516934826,0.09332967516934826,UFI,C1COCCN2CCOCCOCCN(CCO1)CCOCCOCC2
7.3870225,1.7179967,99.0,250.0,0.22277008,0.0,0.25,0.0,8.785132,0.035525504,170.0,24.0,0.13537254015403366,0.13537254015403366,1.0,0.0,0.0,0.0,0.0,0.2529270315999173,0.2529270315999173,0.0,0.0,0.28384313503850844,0.28384313503850844,0.0,0.0,9.974397634428488,9.974397634428488,0.04033468171673229,0.04033468171673229,UFI,C1COCCN2CCOCCOCCN(CCO1)CCOCCOCC2
5.0,1.7179967,99.0,250.0,0.0,0.0,0.0,0.0,14.0,0.09677419,110.0,144.0,0.2,0.2,1.0,0.0,0.0,0.0,0.0,0.0,0.0,0.0,0.0,0.0,0.0,0.0,0.0,16.8,16.8,0.116129028,0.116129028,UFI,C1COCCN2CCOCCOCCN(CCO1)CCOCCOCC2
5.0,1.7179967,99.0,250.0,0.33301854,0.0,0.0,0.0,12.5,0.057789743,120.0,120.0,0.2,0.2,1.0,0.0,0.0,0.0,0.0,0.39962224799999996,0.39962224799999996,0.0,0.0,0.0,0.0,0.0,0.0,15.0,15.0,0.0693476916,0.0693476916,UFI,C1COCCN2CCOCCOCCN(CCO1)CCOCCOCC2
5.9986634,1.7179967,99.0,250.0,0.26305735,0.0,0.29161206,0.0,13.518479,0.09677419,110.0,336.0,0.16670380271711863,0.16670380271711863,1.0,0.0,0.0,0.0,0.0,0.306910010577688,0.306910010577688,0.0,0.0,0.3402248993201726,0.3402248993201726,0.0,0.0,15.77206085625151,15.77206085625151,0.11290681547786895,0.11290681547786895,UFI,C1COCCN2CCOCCOCCN(CCO1)CCOCCOCC2
6.473458,1.7179967,99.0,250.0,0.0,0.0,0.38517115,0.0,15.217391,0.6924988,130.0,124.13981,0.15447694261706804,0.15447694261706804,1.0,0.0,0.0,0.0,0.0,0.0,0.0,0.0,0.0,0.44467121163630013,0.44467121163630013,0.0,0.0,17.568127036288487,17.568127036288487,0.7994738973899884,0.7994738973899884,UFI,C1COCCN2CCOCCOCCN(CCO1)CCOCCOCC2
9.053532,1.7179967,99.0,250.0,0.3177184,0.0,0.0,0.0,12.5,0.042966463,120.0,222.00035,0.11045412994619117,0.11045412994619117,1.0,0.0,0.0,0.0,0.0,0.352811709439896,0.352811709439896,0.0,0.0,0.0,0.0,0.0,0.0,13.88067662432739,13.88067662432739,0.04771228628753022,0.04771228628753022,UFI,C1COCCN2CCOCCOCCN(CCO1)CCOCCOCC2
10.0,1.7179967,99.0,250.0,0.19139645,0.09675812,0.22516091,0.0,14.423077,0.09572091,150.0,120.0,0.1,0.1,1.0,0.0,0.0,0.0,0.0,0.210536095,0.210536095,0.10643393200000001,0.10643393200000001,0.247677001,0.247677001,0.0,0.0,15.8653847,15.8653847,0.10529300100000001,0.10529300100000001,UFI,C1COCCN2CCOCCOCCN(CCO1)CCOCCOCC2
6.4935064,1.7179967,99.0,250.0,0.20336945,0.0,0.0,0.0,14.614346,0.00053138955,130.0,72.0,0.15400000221760002,0.15400000221760002,1.0,0.0,0.0,0.0,0.0,0.2346883457509921,0.2346883457509921,0.0,0.0,0.0,0.0,0.0,0.0,16.864955316408775,16.864955316408775,0.0006132235418784095,0.0006132235418784095,UFI,C1COCCN2CCOCCOCCN(CCO1)CCOCCOCC2
5.0,1.7179967,99.0,250.0,0.27301586,0.0,0.28606874,0.0,13.322919,0.075,112.33183,360.0,0.2,0.2,1.0,0.0,0.0,0.0,0.0,0.327619032,0.327619032,0.0,0.0,0.343282488,0.343282488,0.0,0.0,15.9875028,15.9875028,0.09,0.09,UFI,C1COCCN2CCOCCOCCN(CCO1)CCOCCOCC2
6.596276,1.7179967,99.0,250.0,0.19354838,0.0,0.19183329,0.0,17.328354,0.125,100.0,336.0,0.15160069105659013,0.15160069105659013,1.0,0.0,0.0,0.0,0.0,0.2228904481608835,0.2228904481608835,0.0,0.0,0.22091534933165924,0.22091534933165924,0.0,0.0,19.95534444127323,19.95534444127323,0.14395008638207377,0.14395008638207377,UFI,C1COCCN2CCOCCOCCN(CCO1)CCOCCOCC2
8.938479,1.7179967,99.0,250.0,0.18566763,0.0,0.15905915,0.0,18.82353,0.06993722,110.0,372.85083,0.11187585717883324,0.11187585717883324,1.0,0.0,0.0,0.0,0.0,0.20643935525661244,0.20643935525661244,0.0,0.0,0.17685402874838663,0.17685402874838663,0.0,0.0,20.929428553881483,20.929428553881483,0.07776150643620464,0.07776150643620464,UFI,C1COCCN2CCOCCOCCN(CCO1)CCOCCOCC2
10.0,1.7179967,99.0,250.0,0.28847858,0.09484725,0.0,0.0,11.909167,0.062555425,100.0,336.0,0.1,0.1,1.0,0.0,0.0,0.0,0.0,0.317326438,0.317326438,0.10433197500000001,0.10433197500000001,0.0,0.0,0.0,0.0,13.1000837,13.1000837,0.0688109675,0.0688109675,UFI,C1COCCN2CCOCCOCCN(CCO1)CCOCCOCC2
0.375,1.0,99.0,250.0,0.0,0.0,0.0,0.0,20.430632,0.33333334,200.0,120.0,2.6666666666666665,2.6666666666666665,1.0,0.0,0.0,0.0,0.0,0.0,0.0,0.0,0.0,0.0,0.0,0.0,0.0,74.91231733333333,74.91231733333333,1.2222222466666666,1.2222222466666666,UFI,C1COCCN2CCOCCOCCN(CCO1)CCOCCOCC2
5.0,1.7179967,99.0,250.0,0.22138968,0.0,0.28220186,0.0,11.856695,0.0625,100.0,240.0,0.2,0.2,1.0,0.0,0.0,0.0,0.0,0.265667616,0.265667616,0.0,0.0,0.33864223200000004,0.33864223200000004,0.0,0.0,14.228034,14.228034,0.075,0.075,UFI,C1COCCN2CCOCCOCCN(CCO1)CCOCCOCC2
6.129688,1.7179967,99.0,250.0,0.39221823,0.0,0.0,0.0,13.636364,0.05982974,110.0,126.209,0.16314044042698422,0.16314044042698422,1.0,0.0,0.0,0.0,0.0,0.4562048847856922,0.4562048847856922,0.0,0.0,0.0,0.0,0.0,0.0,15.861006428782673,15.861006428782673,0.06959039013423196,0.06959039013423196,UFI,C1COCCN2CCOCCOCCN(CCO1)CCOCCOCC2
7.3936048,1.7179967,99.0,250.0,0.37361363,0.0,0.0,0.0,14.0123415,0.075,110.0,336.0,0.1352520221259324,0.1352520221259324,1.0,0.0,0.0,0.0,0.0,0.42414562895130986,0.42414562895130986,0.0,0.0,0.0,0.0,0.0,0.0,15.90753902259412,15.90753902259412,0.08514390165944492,0.08514390165944492,UFI,C1COCCN2CCOCCOCCN(CCO1)CCOCCOCC2
7.6163445,1.7179967,99.0,250.0,0.16420844,0.18194243,0.2,0.0,14.285714,0.050629817,110.0,168.0,0.1312965819757759,0.1312965819757759,1.0,0.0,0.0,0.0,0.0,0.18576844690357427,0.18576844690357427,0.20583084917536684,0.20583084917536684,0.22625931639515517,0.22625931639515517,0.0,0.0,16.161379419283488,16.161379419283488,0.05727733891815903,0.05727733891815903,UFI,C1COCCN2CCOCCOCCN(CCO1)CCOCCOCC2
6.825748,1.7179967,99.0,250.0,0.32801583,0.0,0.1869171,0.0,17.5,0.0939588,105.9488,336.0,0.14650409010118745,0.14650409010118745,1.0,0.0,0.0,0.0,0.0,0.3760714907129358,0.3760714907129358,0.0,0.0,0.21430121965985266,0.21430121965985266,0.0,0.0,20.063821576770778,20.063821576770778,0.10772414850099944,0.10772414850099944,UFI,C1COCCN2CCOCCOCCN(CCO1)CCOCCOCC2
5.4587245,1.7179967,99.0,250.0,0.26193562,0.0,0.24750401,0.0,15.0,0.49875313,120.0,120.0,0.18319297850624264,0.18319297850624264,1.0,0.0,0.0,0.0,0.0,0.30992038640467934,0.30992038640467934,0.0,0.0,0.2928450067841389,0.2928450067841389,0.0,0.0,17.747894677593642,17.747894677593642,0.5901212014240113,0.5901212014240113,UFI,C1COCCN2CCOCCOCCN(CCO1)CCOCCOCC2
6.680533,1.7179967,99.0,250.0,0.0,0.0,0.0,0.0,79.71412,0.116203554,190.0,144.0,0.1496886550818625,0.1496886550818625,1.0,0.0,0.0,0.0,0.0,0.0,0.0,0.0,0.0,0.0,0.0,0.0,0.0,91.6464194138342,91.6464194138342,0.1335979077139926,0.1335979077139926,UFI,C1COCCN2CCOCCOCCN(CCO1)CCOCCOCC2
6.472515,1.7179967,99.0,250.0,0.2276746,0.0,0.15722719,0.0,10.40289,0.083333336,120.0,144.0,0.15449944882321634,0.15449944882321634,1.0,0.0,0.0,0.0,0.0,0.26285020021104627,0.26285020021104627,0.0,0.0,0.18151870419502308,0.18151870419502308,0.0,0.0,12.010130771168548,12.010130771168548,0.09620829048059988,0.09620829048059988,UFI,C1COCCN2CCOCCOCCN(CCO1)CCOCCOCC2
10.0,1.7179967,99.0,250.0,0.0,0.20213845,0.5884236,0.0,23.205091,0.13177145,150.0,360.0,0.1,0.1,1.0,0.0,0.0,0.0,0.0,0.0,0.0,0.222352295,0.222352295,0.6472659600000001,0.6472659600000001,0.0,0.0,25.525600100000002,25.525600100000002,0.144948595,0.144948595,UFI,C1COCCN2CCOCCOCCN(CCO1)CCOCCOCC2
9.226363,1.7179967,99.0,250.0,0.0,0.1916747,0.24686603,0.0,17.331022,0.07754151,121.47404,336.0,0.1083850700433096,0.1083850700433096,1.0,0.0,0.0,0.0,0.0,0.0,0.0,0.21244937578503034,0.21244937578503034,0.27362262195286374,0.27362262195286374,0.0,0.0,19.20944603339214,19.20944603339214,0.08594585199261398,0.08594585199261398,UFI,C1COCCN2CCOCCOCCN(CCO1)CCOCCOCC2
10.592546,1.7179967,99.0,250.0,0.18896244,0.0009080554,0.1906587,0.0,14.705882,0.09677419,150.0,336.0,0.09440600966000053,0.09440600966000053,1.0,0.0,0.0,0.0,0.0,0.20680162993601728,0.20680162993601728,0.0009937812868642158,0.0009937812868642158,0.20865802707396314,0.20865802707396314,0.0,0.0,16.09420563815083,16.09420563815083,0.10591025511597872,0.10591025511597872,UFI,C1COCCN2CCOCCOCCN(CCO1)CCOCCOCC2
6.4935064,1.7179967,99.0,250.0,0.27953348,0.0,0.2681059,0.0,7.0,0.041666668,120.0,120.0,0.15400000221760002,0.15400000221760002,1.0,0.0,0.0,0.0,0.0,0.32258163653989347,0.32258163653989347,0.0,0.0,0.3093942091945517,0.3093942091945517,0.0,0.0,8.0780000155232,8.0780000155232,0.0480833349644,0.0480833349644,UFI,C1COCCN2CCOCCOCCN(CCO1)CCOCCOCC2
9.8249655,1.7179967,99.0,250.0,0.21209478,0.13762267,0.1800723,0.0,15.881053,0.09898525,100.0,340.89606,0.1017815278842455,0.1017815278842455,1.0,0.0,0.0,0.0,0.0,0.23368211076467293,0.23368211076467293,0.15163011562410933,0.15163011562410933,0.19840033382363023,0.19840033382363023,0.0,0.0,17.49745083875068,17.49745083875068,0.10906011998300401,0.10906011998300401,UFI,C1COCCN2CCOCCOCCN(CCO1)CCOCCOCC2
6.6528034,1.7179967,99.0,250.0,0.22323881,2.3976962e-05,0.18384576,0.0,13.292225,0.0630273,100.0,192.0,0.1503125734934539,0.1503125734934539,1.0,0.0,0.0,0.0,0.0,0.2567944100347162,0.2567944100347162,2.758100086277475e-05,2.758100086277475e-05,0.21148008931145987,0.21148008931145987,0.0,0.0,15.290213547204024,15.290213547204024,0.07250109566334395,0.07250109566334395,UFI,C1COCCN2CCOCCOCCN(CCO1)CCOCCOCC2
4.9972653,1.7179967,99.0,250.0,0.2587102,0.0,0.08687025,0.0,14.200283,0.09090909,100.0,120.0,0.20010944786141333,0.20010944786141333,1.0,0.0,0.0,0.0,0.0,0.31048055527811586,0.31048055527811586,0.0,0.0,0.10425380776308295,0.10425380776308295,0.0,0.0,17.041893790605815,17.041893790605815,0.10910085780548354,0.10910085780548354,UFI,C1COCCN2CCOCCOCCN(CCO1)CCOCCOCC2
5.0,1.7179967,99.0,250.0,0.0,0.3931624,0.5,0.0,11.834638,0.05,150.0,130.14182,0.2,0.2,1.0,0.0,0.0,0.0,0.0,0.0,0.0,0.47179488,0.47179488,0.6,0.6,0.0,0.0,14.2015656,14.2015656,0.06,0.06,UFI,C1COCCN2CCOCCOCCN(CCO1)CCOCCOCC2
5.0,1.7179967,99.0,250.0,0.22150297,0.0,0.097592734,0.0,13.24987,0.08,111.1211,240.0,0.2,0.2,1.0,0.0,0.0,0.0,0.0,0.265803564,0.265803564,0.0,0.0,0.1171112808,0.1171112808,0.0,0.0,15.899843999999998,15.899843999999998,0.096,0.096,UFI,C1COCCN2CCOCCOCCN(CCO1)CCOCCOCC2
10.0,1.7179967,99.0,250.0,0.1904762,0.0,0.28323606,0.0,13.751126,0.048059966,110.0,360.0,0.1,0.1,1.0,0.0,0.0,0.0,0.0,0.20952382000000003,0.20952382000000003,0.0,0.0,0.311559666,0.311559666,0.0,0.0,15.1262386,15.1262386,0.05286596260000001,0.05286596260000001,UFI,C1COCCN2CCOCCOCCN(CCO1)CCOCCOCC2
6.4935064,1.7179967,99.0,250.0,0.2857143,0.0,0.040913895,0.0,15.0,0.09026567,100.0,168.0,0.15400000221760002,0.15400000221760002,1.0,0.0,0.0,0.0,0.0,0.32971430283360004,0.32971430283360004,0.0,0.0,0.04721463492073065,0.04721463492073065,0.0,0.0,17.310000033264,17.310000033264,0.10416658338017316,0.10416658338017316,UFI,C1COCCN2CCOCCOCCN(CCO1)CCOCCOCC2
5.998433,1.7179967,99.0,250.0,0.21153188,0.0,0.16666667,0.0,15.614733,0.0752936,100.0,343.84164,0.1667102058154188,0.1667102058154188,1.0,0.0,0.0,0.0,0.0,0.2467964032513225,0.2467964032513225,0.0,0.0,0.19445170485827049,0.19445170485827049,0.0,0.0,18.217868352182812,18.217868352182812,0.08784581155258382,0.08784581155258382,UFI,C1COCCN2CCOCCOCCN(CCO1)CCOCCOCC2
6.1739025,1.7179967,99.0,250.0,0.3715975,0.0,0.0,0.0,11.064927,0.048390854,100.0,96.0,0.16197210759321193,0.16197210759321193,1.0,0.0,0.0,0.0,0.0,0.4317859302513686,0.4317859302513686,0.0,0.0,0.0,0.0,0.0,0.0,12.857136546555036,12.857136546555036,0.0562288226106154,0.0562288226106154,UFI,C1COCCN2CCOCCOCCN(CCO1)CCOCCOCC2
5.998969,1.7179967,99.0,250.0,0.31350994,0.0,0.3162161,0.0,10.0,0.028381906,100.0,240.0,0.16669531047751707,0.16669531047751707,1.0,0.0,0.0,0.0,0.0,0.3657705767860877,0.3657705767860877,0.0,0.0,0.3689278409674896,0.3689278409674896,0.0,0.0,11.666953104775171,11.666953104775171,0.0331130366326137,0.0331130366326137,UFI,C1COCCN2CCOCCOCCN(CCO1)CCOCCOCC2
6.719914,1.7179967,99.0,250.0,0.35059,0.0,0.0,0.0,12.807703,0.0952381,110.0,144.0,0.14881142824149238,0.14881142824149238,1.0,0.0,0.0,0.0,0.0,0.4027617986271848,0.4027617986271848,0.0,0.0,0.0,0.0,0.0,0.0,14.713635575922845,14.713635575922845,0.10941061768400608,0.10941061768400608,UFI,C1COCCN2CCOCCOCCN(CCO1)CCOCCOCC2
5.998688,1.7179967,99.0,250.0,0.19719197,0.0,0.16673699,0.0,17.5,0.086958036,110.0,336.0,0.16670311908203927,0.16670311908203927,1.0,0.0,0.0,0.0,0.0,0.23006448645693192,0.23006448645693192,0.0,0.0,0.1945325662993508,0.1945325662993508,0.0,0.0,20.41730458393569,20.41730458393569,0.10145421183044827,0.10145421183044827,UFI,C1COCCN2CCOCCOCCN(CCO1)CCOCCOCC2
5.0,1.7179967,99.0,250.0,0.0,0.31869859,0.33303523,0.0,18.419683,0.083333336,150.0,78.94229,0.2,0.2,1.0,0.0,0.0,0.0,0.0,0.0,0.0,0.382438308,0.382438308,0.399642276,0.399642276,0.0,0.0,22.1036196,22.1036196,0.10000000319999999,0.10000000319999999,UFI,C1COCCN2CCOCCOCCN(CCO1)CCOCCOCC2
5.0,1.7179967,99.0,250.0,0.0,0.0,0.0,0.0,12.769949,0.04166865,120.0,84.13731,0.2,0.2,1.0,0.0,0.0,0.0,0.0,0.0,0.0,0.0,0.0,0.0,0.0,0.0,0.0,15.3239388,15.3239388,0.05000238,0.05000238,UFI,C1COCCN2CCOCCOCCN(CCO1)CCOCCOCC2
7.6495485,1.7179967,99.0,250.0,0.0,0.24840474,0.32070434,0.0,23.357172,0.09587056,150.0,120.0,0.13072666968514549,0.13072666968514549,1.0,0.0,0.0,0.0,0.0,0.0,0.0,0.2808778643942045,0.2808778643942045,0.36262895032177256,0.36262895032177256,0.0,0.0,26.410577308823125,26.410577308823125,0.1084033990296499,0.1084033990296499,UFI,C1COCCN2CCOCCOCCN(CCO1)CCOCCOCC2
5.0,1.7179967,99.0,250.0,0.36101827,0.0,0.0,0.0,10.0,0.05742758,100.0,168.0,0.2,0.2,1.0,0.0,0.0,0.0,0.0,0.433221924,0.433221924,0.0,0.0,0.0,0.0,0.0,0.0,12.0,12.0,0.068913096,0.068913096,UFI,C1COCCN2CCOCCOCCN(CCO1)CCOCCOCC2
6.4935064,1.7179967,99.0,250.0,0.27807093,0.0,0.0,0.0,15.0,0.09374236,115.28373,168.0,0.15400000221760002,0.15400000221760002,1.0,0.0,0.0,0.0,0.0,0.3208938538366501,0.3208938538366501,0.0,0.0,0.0,0.0,0.0,0.0,17.310000033264,17.310000033264,0.10817868364788305,0.10817868364788305,UFI,C1COCCN2CCOCCOCCN(CCO1)CCOCCOCC2
8.970963,1.7179967,99.0,250.0,0.19388786,0.0,0.16666667,0.0,17.301039,0.098978125,115.31937,336.0,0.11147075291693881,0.11147075291693881,1.0,0.0,0.0,0.0,0.0,0.215500685735654,0.215500685735654,0.0,0.0,0.18524512919105895,0.18524512919105895,0.0,0.0,19.22959884357532,19.22959884357532,0.11001129111605688,0.11001129111605688,UFI,C1COCCN2CCOCCOCCN(CCO1)CCOCCOCC2
8.958374,1.7179967,99.0,250.0,0.1933422,0.052348007,0.19506378,0.0,14.340257,0.041682508,100.0,336.0,0.11162740024026682,0.11162740024026682,1.0,0.0,0.0,0.0,0.0,0.2149244871427337,0.2149244871427337,0.058191478929169295,0.058191478929169295,0.21683824264243934,0.21683824264243934,0.0,0.0,15.941022607687287,15.941022607687287,0.04633541800353413,0.04633541800353413,UFI,C1COCCN2CCOCCOCCN(CCO1)CCOCCOCC2
6.6427464,1.7179967,99.0,250.0,0.26780224,0.0,0.0,0.0,13.843569,0.041673537,90.0,288.0,0.15054014405848762,0.15054014405848762,1.0,0.0,0.0,0.0,0.0,0.30811722778878575,0.30811722778878575,0.0,0.0,0.0,0.0,0.0,0.0,15.927581871543616,15.927581871543616,0.04794707726340671,0.04794707726340671,UFI,C1COCCN2CCOCCOCCN(CCO1)CCOCCOCC2
6.7597227,1.7179967,99.0,250.0,0.19817546,0.0,0.1390775,0.0,15.008375,0.05746873,119.699394,336.0,0.14793506248414598,0.14793506248414598,1.0,0.0,0.0,0.0,0.0,0.22749255905792437,0.22749255905792437,0.0,0.0,0.1596519386526388,0.1596519386526388,0.0,0.0,17.228639893410495,17.228639893410495,0.06597037016343452,0.06597037016343452,UFI,C1COCCN2CCOCCOCCN(CCO1)CCOCCOCC2
7.5161734,1.7179967,99.0,250.0,0.199499,0.0,0.13461533,0.0,16.662365,0.08547009,100.0,336.0,0.13304642492681185,0.13304642492681185,1.0,0.0,0.0,0.0,0.0,0.22604162872647401,0.22604162872647401,0.0,0.0,0.152525418396843,0.152525418396843,0.0,0.0,18.879233094075637,18.879233094075637,0.09684157991267284,0.09684157991267284,UFI,C1COCCN2CCOCCOCCN(CCO1)CCOCCOCC2
8.163006,1.7179967,99.0,250.0,0.22896811,0.0,0.1444448,0.0,17.327417,0.083333336,150.0,168.0,0.1225038913361083,0.1225038913361083,1.0,0.0,0.0,0.0,0.0,0.2570175944668741,0.2570175944668741,0.0,0.0,0.1621398500832659,0.1621398500832659,0.0,0.0,19.450093009303437,19.450093009303437,0.09354199393801939,0.09354199393801939,UFI,C1COCCN2CCOCCOCCN(CCO1)CCOCCOCC2
8.989707,1.7179967,99.0,250.0,0.19605163,0.05584377,0.19355822,0.0,13.760225,0.04986148,110.0,168.0,0.11123833068196773,0.11123833068196773,1.0,0.0,0.0,0.0,0.0,0.2178600860486788,0.2178600860486788,0.062055737753787754,0.062055737753787754,0.21508931328257308,0.21508931328257308,0.0,0.0,15.29088945880828,15.29088945880828,0.05540798780053232,0.05540798780053232,UFI,C1COCCN2CCOCCOCCN(CCO1)CCOCCOCC2
6.4935064,1.7179967,99.0,250.0,0.20123222,0.0,0.18104126,0.0,11.558676,0.06918899,128.58128,192.0,0.15400000221760002,0.15400000221760002,1.0,0.0,0.0,0.0,0.0,0.23222198232625257,0.23222198232625257,0.0,0.0,0.2089216144414771,0.2089216144414771,0.0,0.0,13.33871212963252,13.33871212963252,0.07984409461343352,0.07984409461343352,UFI,C1COCCN2CCOCCOCCN(CCO1)CCOCCOCC2
5.0,1.7179967,99.0,250.0,0.19059819,0.0,0.18104689,0.0,12.750622,0.084057465,110.0,408.0,0.2,0.2,1.0,0.0,0.0,0.0,0.0,0.22871782799999998,0.22871782799999998,0.0,0.0,0.21725626799999997,0.21725626799999997,0.0,0.0,15.3007464,15.3007464,0.100868958,0.100868958,UFI,C1COCCN2CCOCCOCCN(CCO1)CCOCCOCC2
5.0,1.7179967,99.0,250.0,0.33384824,0.0,0.0,0.0,10.820887,0.05766339,120.0,96.0,0.2,0.2,1.0,0.0,0.0,0.0,0.0,0.40061788800000003,0.40061788800000003,0.0,0.0,0.0,0.0,0.0,0.0,12.9850644,12.9850644,0.069196068,0.069196068,UFI,C1COCCN2CCOCCOCCN(CCO1)CCOCCOCC2
6.4935064,1.7179967,99.0,250.0,0.18184529,0.0,0.18568219,0.0,21.496841,0.12143103,140.0,336.0,0.15400000221760002,0.15400000221760002,1.0,0.0,0.0,0.0,0.0,0.2098494650632601,0.2098494650632601,0.0,0.0,0.2142772476717688,0.2142772476717688,0.0,0.0,24.807354561671396,24.807354561671396,0.14013140888928544,0.14013140888928544,UFI,C1COCCN2CCOCCOCCN(CCO1)CCOCCOCC2
6.4935064,1.7179967,99.0,250.0,0.20679834,0.0,0.1343663,0.0,14.207845,0.08590785,100.0,336.0,0.15400000221760002,0.15400000221760002,1.0,0.0,0.0,0.0,0.0,0.238645284818596,0.238645284818596,0.0,0.0,0.1550587104979707,0.1550587104979707,0.0,0.0,16.39585316150732,16.39585316150732,0.09913765909050924,0.09913765909050924,UFI,C1COCCN2CCOCCOCCN(CCO1)CCOCCOCC2
6.962357,1.7179967,99.0,250.0,0.2852541,0.2140199,0.5,0.0,23.66751,0.1,150.0,168.0,0.14362952086484507,0.14362952086484507,1.0,0.0,0.0,0.0,0.0,0.3262250097077326,0.3262250097077326,0.24475947569254206,0.24475947569254206,0.5718147604324225,0.5718147604324225,0.0,0.0,27.06686312136393,27.06686312136393,0.1143629520864845,0.1143629520864845,UFI,C1COCCN2CCOCCOCCN(CCO1)CCOCCOCC2
9.091,1.7179967,99.0,250.0,0.19596769,0.0,0.19354838,0.0,15.12479,0.09275295,150.0,120.0,0.10999890001099989,0.10999890001099989,1.0,0.0,0.0,0.0,0.0,0.21752392033769663,0.21752392033769663,0.0,0.0,0.21483848889891102,0.21483848889891102,0.0,0.0,16.788500262897372,16.788500262897372,0.10295567247277528,0.10295567247277528,UFI,C1COCCN2CCOCCOCCN(CCO1)CCOCCOCC2
9.050647,1.7179967,99.0,250.0,0.3969118,0.0,0.0,0.0,13.4093895,0.083333336,100.0,217.5232,0.11048933849701574,0.11048933849701574,1.0,0.0,0.0,0.0,0.0,0.4407663222236598,0.4407663222236598,0.0,0.0,0.0,0.0,0.0,0.0,14.890984075503829,14.890984075503829,0.09254078116938955,0.09254078116938955,UFI,C1COCCN2CCOCCOCCN(CCO1)CCOCCOCC2
5.0,1.7179967,99.0,250.0,0.27542633,0.0,0.13742845,0.0,13.518399,0.08,110.0,96.0,0.2,0.2,1.0,0.0,0.0,0.0,0.0,0.33051159599999996,0.33051159599999996,0.0,0.0,0.16491414000000001,0.16491414000000001,0.0,0.0,16.2220788,16.2220788,0.096,0.096,UFI,C1COCCN2CCOCCOCCN(CCO1)CCOCCOCC2
6.421832,1.7179967,99.0,250.0,0.22453192,0.0,0.26588213,0.0,11.666667,0.05709557,150.0,144.0,0.15571880422907355,0.15571880422907355,1.0,0.0,0.0,0.0,0.0,0.259495762093658,0.259495762093658,0.0,0.0,0.30728497734947907,0.30728497734947907,0.0,0.0,13.483386434578794,13.483386434578794,0.06598642388717736,0.06598642388717736,UFI,C1COCCN2CCOCCOCCN(CCO1)CCOCCOCC2
6.6,1.7179967,99.0,250.0,0.22076556,0.017781602,0.18949057,0.0,12.587846,0.072167724,110.0,336.0,0.15151515151515152,0.15151515151515152,1.0,0.0,0.0,0.0,0.0,0.2542148872727273,0.2542148872727273,0.020475784121212124,0.020475784121212124,0.21820126242424243,0.21820126242424243,0.0,0.0,14.495095393939396,14.495095393939396,0.08310222763636364,0.08310222763636364,UFI,C1COCCN2CCOCCOCCN(CCO1)CCOCCOCC2
5.0,1.7179967,99.0,250.0,0.18246369,0.0,0.16171658,0.0,9.639622,0.05757517,100.0,216.0,0.2,0.2,1.0,0.0,0.0,0.0,0.0,0.218956428,0.218956428,0.0,0.0,0.19405989599999998,0.19405989599999998,0.0,0.0,11.5675464,11.5675464,0.069090204,0.069090204,UFI,C1COCCN2CCOCCOCCN(CCO1)CCOCCOCC2
7.893929,1.7179967,99.0,250.0,0.19239916,0.0,0.1364364,0.0,18.318699,0.13718647,118.61912,336.0,0.12667962937087476,0.12667962937087476,1.0,0.0,0.0,0.0,0.0,0.21677221428006765,0.21677221428006765,0.0,0.0,0.15372011258469642,0.15372011258469642,0.0,0.0,20.63930499987661,20.63930499987661,0.15456520117429864,0.15456520117429864,UFI,C1COCCN2CCOCCOCCN(CCO1)CCOCCOCC2
6.4935064,1.7179967,99.0,250.0,0.24502489,0.0,0.08613467,0.0,13.333333,0.075,120.0,144.0,0.15400000221760002,0.15400000221760002,1.0,0.0,0.0,0.0,0.0,0.2827587236033672,0.2827587236033672,0.0,0.0,0.09939940937101224,0.09939940937101224,0.0,0.0,15.386666311568,15.386666311568,0.08655000016632,0.08655000016632,UFI,C1COCCN2CCOCCOCCN(CCO1)CCOCCOCC2
6.867399,1.7179967,99.0,250.0,0.2470983,0.0,0.11562037,0.0,17.958853,0.10808839,120.0,315.8856,0.14561553799335092,0.14561553799335092,1.0,0.0,0.0,0.0,0.0,0.28307965189174245,0.28307965189174245,0.0,0.0,0.1324564923805403,0.1324564923805403,0.0,0.0,20.573941041338507,20.573941041338507,0.12382773906068516,0.12382773906068516,UFI,C1COCCN2CCOCCOCCN(CCO1)CCOCCOCC2
6.1211457,1.7179967,99.0,250.0,0.20631248,0.0,0.19704056,0.0,13.733619,0.09677419,130.0,120.033585,0.16336810933940032,0.16336810933940032,1.0,0.0,0.0,0.0,0.0,0.24001735979072283,0.24001735979072283,0.0,0.0,0.22923070375037669,0.22923070375037669,0.0,0.0,15.977254370417665,15.977254370417665,0.1125840064531519,0.1125840064531519,UFI,C1COCCN2CCOCCOCCN(CCO1)CCOCCOCC2
5.126259,1.7179967,99.0,250.0,0.29664725,0.0,0.1910657,0.0,13.636364,0.09996564,125.0,96.0,0.19507402961887021,0.19507402961887021,1.0,0.0,0.0,0.0,0.0,0.3545154244328564,0.3545154244328564,0.0,0.0,0.22833765602095019,0.22833765602095019,0.0,0.0,16.296464474829698,16.296464474829698,0.11946634021822931,0.11946634021822931,UFI,C1COCCN2CCOCCOCCN(CCO1)CCOCCOCC2
10.0,1.7179967,99.0,250.0,0.31912714,0.0,0.0,0.0,12.596775,0.059588023,150.0,144.0,0.1,0.1,1.0,0.0,0.0,0.0,0.0,0.351039854,0.351039854,0.0,0.0,0.0,0.0,0.0,0.0,13.8564525,13.8564525,0.0655468253,0.0655468253,UFI,C1COCCN2CCOCCOCCN(CCO1)CCOCCOCC2
6.6,1.7179967,99.0,250.0,0.28254634,0.0,0.19364826,0.0,11.666667,0.0625,100.0,240.0,0.15151515151515152,0.15151515151515152,1.0,0.0,0.0,0.0,0.0,0.32535639151515156,0.32535639151515156,0.0,0.0,0.22298890545454547,0.22298890545454547,0.0,0.0,13.43434381818182,13.43434381818182,0.07196969696969698,0.07196969696969698,UFI,C1COCCN2CCOCCOCCN(CCO1)CCOCCOCC2
7.6717377,1.7179967,99.0,250.0,0.2362507,0.0,0.12761442,0.0,18.329582,0.07167071,124.29165,433.52295,0.1303485649672303,0.1303485649672303,1.0,0.0,0.0,0.0,0.0,0.2670456397175036,0.2670456397175036,0.0,0.0,0.14424877651612542,0.14424877651612542,0.0,0.0,20.718816710149174,20.718816710149174,0.08101288419868252,0.08101288419868252,UFI,C1COCCN2CCOCCOCCN(CCO1)CCOCCOCC2
7.5,1.7179967,99.0,250.0,0.1904762,0.0,0.15423357,0.0,13.784286,0.08011862,119.270325,124.21603,0.13333333333333333,0.13333333333333333,1.0,0.0,0.0,0.0,0.0,0.21587302666666666,0.21587302666666666,0.0,0.0,0.17479804599999998,0.17479804599999998,0.0,0.0,15.6221908,15.6221908,0.09080110266666666,0.09080110266666666,UFI,C1COCCN2CCOCCOCCN(CCO1)CCOCCOCC2
400.0,0.0,99.0,10.0,0.22783503,0.0,0.0,0.0,13.636364,0.083333336,150.0,168.0,0.0,0.0,1.0,0.0,0.0,0.1,0.1,0.25061853300000003,0.25061853300000003,0.0,0.0,0.0,0.0,0.0,0.0,15.000000400000001,15.000000400000001,0.0916666696,0.0916666696,UFI,C1COCCN2CCOCCOCCN(CCO1)CCOCCOCC2
9.838014,1.7179967,99.0,250.0,0.36141303,0.0,0.0,0.0,13.333333,0.07315038,150.0,138.24486,0.1016465315052408,0.1016465315052408,1.0,0.0,0.0,0.0,0.0,0.3981494109402996,0.3981494109402996,0.0,0.0,0.0,0.0,0.0,0.0,14.688620052854366,14.688620052854366,0.08058586240529034,0.08058586240529034,UFI,C1COCCN2CCOCCOCCN(CCO1)CCOCCOCC2
6.4398694,1.7179967,99.0,250.0,0.28308463,0.0,0.18395638,0.0,11.863594,0.080534734,100.0,96.0,0.1552826521606168,0.1552826521606168,1.0,0.0,0.0,0.0,0.0,0.3270427621323069,0.3270427621323069,0.0,0.0,0.21252161456826624,0.21252161456826624,0.0,0.0,13.705804340476782,13.705804340476782,0.0930403810865698,0.0930403810865698,UFI,C1COCCN2CCOCCOCCN(CCO1)CCOCCOCC2
10.0,1.7179967,99.0,250.0,0.20744577,0.100711584,0.24277721,0.0,14.285714,0.08547009,130.0,120.0,0.1,0.1,1.0,0.0,0.0,0.0,0.0,0.22819034700000002,0.22819034700000002,0.11078274240000002,0.11078274240000002,0.267054931,0.267054931,0.0,0.0,15.714285400000001,15.714285400000001,0.094017099,0.094017099,UFI,C1COCCN2CCOCCOCCN(CCO1)CCOCCOCC2
5.999559,1.7179967,99.0,250.0,0.23768288,0.0,0.13308594,0.0,14.169979,0.048428115,100.0,120.0,0.16667891756710787,0.16667891756710787,1.0,0.0,0.0,0.0,0.0,0.2772996051626328,0.2772996051626328,0.0,0.0,0.1552685604226011,0.1552685604226011,0.0,0.0,16.53181576166865,16.53181576166865,0.05650006078801543,0.05650006078801543,UFI,C1COCCN2CCOCCOCCN(CCO1)CCOCCOCC2
5.0,1.7179967,99.0,250.0,0.29939646,0.0,0.0,0.0,10.717627,0.09677419,188.56842,120.0,0.2,0.2,1.0,0.0,0.0,0.0,0.0,0.35927575199999995,0.35927575199999995,0.0,0.0,0.0,0.0,0.0,0.0,12.8611524,12.8611524,0.116129028,0.116129028,UFI,C1COCCN2CCOCCOCCN(CCO1)CCOCCOCC2
10.0,1.7179967,99.0,250.0,0.1895861,0.0051893494,0.19623101,0.0,17.985611,0.07288256,135.0,96.0,0.1,0.1,1.0,0.0,0.0,0.0,0.0,0.20854471000000002,0.20854471000000002,0.0057082843400000005,0.0057082843400000005,0.21585411100000004,0.21585411100000004,0.0,0.0,19.7841721,19.7841721,0.080170816,0.080170816,UFI,C1COCCN2CCOCCOCCN(CCO1)CCOCCOCC2
10.0,1.7179967,99.0,250.0,0.19614342,0.0,0.16666667,0.0,15.454638,0.0625,100.0,336.0,0.1,0.1,1.0,0.0,0.0,0.0,0.0,0.21575776200000002,0.21575776200000002,0.0,0.0,0.183333337,0.183333337,0.0,0.0,17.0001018,17.0001018,0.06875,0.06875,UFI,C1COCCN2CCOCCOCCN(CCO1)CCOCCOCC2
9.032739,1.7179967,99.0,250.0,0.0,0.0,0.16666667,0.0,19.439009,0.125,121.262794,480.0,0.11070839088785805,0.11070839088785805,1.0,0.0,0.0,0.0,0.0,0.0,0.0,0.0,0.0,0.18511806885033763,0.18511806885033763,0.0,0.0,21.59107040684459,21.59107040684459,0.13883854886098226,0.13883854886098226,UFI,C1COCCN2CCOCCOCCN(CCO1)CCOCCOCC2
5.998565,1.7179967,99.0,250.0,0.19234626,0.0,0.15447487,0.0,13.142893,0.09090909,125.14254,144.0,0.16670653731350749,0.16670653731350749,1.0,0.0,0.0,0.0,0.0,0.2244116389698036,0.2244116389698036,0.0,0.0,0.1802268406796542,0.1802268406796542,0.0,0.0,15.333899182311937,15.333899182311937,0.106064229604222,0.106064229604222,UFI,C1COCCN2CCOCCOCCN(CCO1)CCOCCOCC2
6.8997774,1.7179967,99.0,250.0,0.30268294,0.0,0.3041059,0.0,14.0,0.056716528,120.0,336.0,0.14493221187106703,0.14493221187106703,1.0,0.0,0.0,0.0,0.0,0.34655144798983745,0.34655144798983745,0.0,0.0,0.3481806407300415,0.3481806407300415,0.0,0.0,16.029050966194937,16.029050966194937,0.0649365798526873,0.0649365798526873,UFI,C1COCCN2CCOCCOCCN(CCO1)CCOCCOCC2
7.636739,1.7179967,99.0,250.0,0.39187044,0.0,0.0,0.0,12.5,0.075,120.0,144.0,0.13094594433566473,0.13094594433566473,1.0,0.0,0.0,0.0,0.0,0.4431842848230324,0.4431842848230324,0.0,0.0,0.0,0.0,0.0,0.0,14.136824304195809,14.136824304195809,0.08482094582517484,0.08482094582517484,UFI,C1COCCN2CCOCCOCCN(CCO1)CCOCCOCC2
6.4935064,1.7179967,99.0,250.0,0.3199933,0.0,0.18264234,0.0,10.0,0.012532851,210.0,24.0,0.15400000221760002,0.15400000221760002,1.0,0.0,0.0,0.0,0.0,0.3692722689096171,0.3692722689096171,0.0,0.0,0.21076926076502764,0.21076926076502764,0.0,0.0,11.540000022176,11.540000022176,0.01446291008179285,0.01446291008179285,UFI,C1COCCN2CCOCCOCCN(CCO1)CCOCCOCC2
0.49891698,1.0,99.0,250.0,0.0,0.0,0.0,0.0,10.0,0.0754204,190.0,336.0,2.00434148382763,2.00434148382763,1.0,0.0,0.0,0.0,0.0,0.0,0.0,0.0,0.0,0.0,0.0,0.0,0.0,30.043414838276302,30.043414838276302,0.22658863644687338,0.22658863644687338,UFI,C1COCCN2CCOCCOCCN(CCO1)CCOCCOCC2
5.9988003,1.7179967,99.0,250.0,0.19574511,0.0,0.2667534,0.0,13.070241,0.07950888,120.0,120.0,0.166699998331333,0.166699998331333,1.0,0.0,0.0,0.0,0.0,0.22837581951036662,0.22837581951036662,0.0,0.0,0.3112211913348774,0.3112211913348774,0.0,0.0,15.24905015289012,15.24905015289012,0.09276301016332617,0.09276301016332617,UFI,C1COCCN2CCOCCOCCN(CCO1)CCOCCOCC2
5.0625343,1.7179967,99.0,250.0,0.28538728,0.0,0.008124489,0.0,15.040954,0.083333336,220.0,20.0,0.19752952587402717,0.19752952587402717,1.0,0.0,0.0,0.0,0.0,0.3417596941088783,0.3417596941088783,0.0,0.0,0.00972931546013875,0.00972931546013875,0.0,0.0,18.011986512313054,18.011986512313054,0.099794130349581,0.099794130349581,UFI,C1COCCN2CCOCCOCCN(CCO1)CCOCCOCC2
6.7010584,1.7179967,99.0,250.0,0.20091747,0.0,0.15702662,0.0,17.715977,0.11618653,120.0,336.0,0.14923015743304072,0.14923015743304072,1.0,0.0,0.0,0.0,0.0,0.23090041567914824,0.23090041567914824,0.0,0.0,0.1804597272237783,0.1804597272237783,0.0,0.0,20.359735036790127,20.359735036790127,0.1335250641634987,0.1335250641634987,UFI,C1COCCN2CCOCCOCCN(CCO1)CCOCCOCC2
7.77308,1.7179967,99.0,250.0,0.1778272,0.0971012,0.2161031,0.0,15.448372,0.08034451,150.0,96.0,0.12864913264754768,0.12864913264754768,1.0,0.0,0.0,0.0,0.0,0.20070451504114198,0.20070451504114198,0.10959318515903604,0.10959318515903604,0.24390457637744625,0.24390457637744625,0.0,0.0,17.43579165861666,17.43579165861666,0.09068076152449221,0.09068076152449221,UFI,C1COCCN2CCOCCOCCN(CCO1)CCOCCOCC2
6.4935064,1.7179967,99.0,250.0,0.21798828,0.12541673,0.22502866,0.0,15.456367,0.05,100.0,168.0,0.15400000221760002,0.15400000221760002,1.0,0.0,0.0,0.0,0.0,0.2515584756034108,0.2515584756034108,0.14473090669812413,0.14473090669812413,0.25968307413902353,0.25968307413902353,0.0,0.0,17.83664755227604,17.83664755227604,0.05770000011088,0.05770000011088,UFI,C1COCCN2CCOCCOCCN(CCO1)CCOCCOCC2
9.091,1.7179967,99.0,250.0,0.34602308,0.0,0.0,0.0,13.761468,0.075,100.0,168.0,0.10999890001099989,0.10999890001099989,1.0,0.0,0.0,0.0,0.0,0.3840852381784182,0.3840852381784182,0.0,0.0,0.0,0.0,0.0,0.0,15.275214342536577,15.275214342536577,0.083249917500825,0.083249917500825,UFI,C1COCCN2CCOCCOCCN(CCO1)CCOCCOCC2
7.5,1.7179967,99.0,250.0,0.349116,0.0,0.0,0.0,10.592872,0.08,130.0,120.0,0.13333333333333333,0.13333333333333333,1.0,0.0,0.0,0.0,0.0,0.3956648,0.3956648,0.0,0.0,0.0,0.0,0.0,0.0,12.005254933333333,12.005254933333333,0.09066666666666666,0.09066666666666666,UFI,C1COCCN2CCOCCOCCN(CCO1)CCOCCOCC2
5.9989476,1.7179967,99.0,250.0,0.0,0.0,0.0,0.0,19.421804,0.30138183,200.0,48.0,0.1666959051284262,0.1666959051284262,1.0,0.0,0.0,0.0,0.0,0.0,0.0,0.0,0.0,0.0,0.0,0.0,0.0,22.65933919700689,22.65933919700689,0.3516209469411115,0.3516209469411115,UFI,C1COCCN2CCOCCOCCN(CCO1)CCOCCOCC2
6.4935064,1.7179967,99.0,250.0,0.26730466,0.0,0.0,0.0,15.231951,0.04687341,100.0,480.0,0.15400000221760002,0.15400000221760002,1.0,0.0,0.0,0.0,0.0,0.3084695782327749,0.3084695782327749,0.0,0.0,0.0,0.0,0.0,0.0,17.577671487778375,17.577671487778375,0.05409191524394647,0.05409191524394647,UFI,C1COCCN2CCOCCOCCN(CCO1)CCOCCOCC2
8.0,1.7179967,99.0,250.0,0.18701486,0.0,0.24701788,0.0,14.069674,0.07129573,100.0,168.0,0.125,0.125,1.0,0.0,0.0,0.0,0.0,0.21039171750000002,0.21039171750000002,0.0,0.0,0.27789511499999997,0.27789511499999997,0.0,0.0,15.828383249999998,15.828383249999998,0.08020769625,0.08020769625,UFI,C1COCCN2CCOCCOCCN(CCO1)CCOCCOCC2
6.4935064,1.7179967,99.0,250.0,0.24995314,0.0,0.24012582,0.0,12.373768,0.077190384,110.0,144.0,0.15400000221760002,0.15400000221760002,1.0,0.0,0.0,0.0,0.0,0.2884459241142961,0.2884459241142961,0.0,0.0,0.277105196812503,0.277105196812503,0.0,0.0,14.279328299440069,14.279328299440069,0.0890777033071774,0.0890777033071774,UFI,C1COCCN2CCOCCOCCN(CCO1)CCOCCOCC2
5.0,1.7179967,99.0,250.0,0.23322728,0.0,0.19272836,0.0,17.331022,0.0625,120.0,384.0,0.2,0.2,1.0,0.0,0.0,0.0,0.0,0.279872736,0.279872736,0.0,0.0,0.23127403199999996,0.23127403199999996,0.0,0.0,20.7972264,20.7972264,0.075,0.075,UFI,C1COCCN2CCOCCOCCN(CCO1)CCOCCOCC2
6.4935064,1.7179967,99.0,250.0,0.1904762,0.04608196,0.30315074,0.0,12.5,0.083333336,120.0,120.0,0.15400000221760002,0.15400000221760002,1.0,0.0,0.0,0.0,0.0,0.21980953522240004,0.21980953522240004,0.053178581942191355,0.053178581942191355,0.3498359546322671,0.3498359546322671,0.0,0.0,14.42500002772,14.42500002772,0.0961666699288,0.0961666699288,UFI,C1COCCN2CCOCCOCCN(CCO1)CCOCCOCC2
9.091,1.7179967,99.0,250.0,0.19794989,0.0,0.24013105,0.0,15.438034,0.08030015,110.0,360.0,0.10999890001099989,0.10999890001099989,1.0,0.0,0.0,0.0,0.0,0.21972416015729843,0.21972416015729843,0.0,0.0,0.26654520135848647,0.26654520135848647,0.0,0.0,17.136200758332418,17.136200758332418,0.0891330781707183,0.0891330781707183,UFI,C1COCCN2CCOCCOCCN(CCO1)CCOCCOCC2
5.199062,1.7179967,99.0,250.0,0.19956677,0.0,0.16578576,0.0,13.883559,0.07466925,110.0,168.0,0.1923423879153586,0.1923423879153586,1.0,0.0,0.0,0.0,0.0,0.23795191909035512,0.23795191909035512,0.0,0.0,0.19767338896076253,0.19767338896076253,0.0,0.0,16.553955890823765,16.553955890823765,0.0890313118488489,0.0890313118488489,UFI,C1COCCN2CCOCCOCCN(CCO1)CCOCCOCC2
6.6,1.7179967,99.0,250.0,0.2335946,0.0,0.1935427,0.0,12.847485,0.05489521,100.0,336.0,0.15151515151515152,0.15151515151515152,1.0,0.0,0.0,0.0,0.0,0.2689877212121212,0.2689877212121212,0.0,0.0,0.22286735151515155,0.22286735151515155,0.0,0.0,14.794073636363638,14.794073636363638,0.06321266606060606,0.06321266606060606,UFI,C1COCCN2CCOCCOCCN(CCO1)CCOCCOCC2
6.2495804,1.0,99.0,250.0,0.2958828,0.0,0.0,0.0,12.5,0.08461742,200.0,28.211754,0.16001074248120722,0.16001074248120722,1.0,0.0,0.0,0.0,0.0,0.34322722651541854,0.34322722651541854,0.0,0.0,0.0,0.0,0.0,0.0,14.50013428101509,14.50013428101509,0.09815711620104414,0.09815711620104414,UFI,C1COCCN2CCOCCOCCN(CCO1)CCOCCOCC2
6.4935064,1.7179967,99.0,250.0,0.2857143,0.0,0.0,0.0,15.0,0.06711082,100.0,168.0,0.15400000221760002,0.15400000221760002,1.0,0.0,0.0,0.0,0.0,0.32971430283360004,0.32971430283360004,0.0,0.0,0.0,0.0,0.0,0.0,17.310000033264,17.310000033264,0.07744588642882495,0.07744588642882495,UFI,C1COCCN2CCOCCOCCN(CCO1)CCOCCOCC2
10.0,1.7179967,99.0,250.0,0.20002006,0.0,0.1963165,0.0,24.5,0.14221555,170.0,336.0,0.1,0.1,1.0,0.0,0.0,0.0,0.0,0.22002206600000002,0.22002206600000002,0.0,0.0,0.21594815000000003,0.21594815000000003,0.0,0.0,26.950000000000003,26.950000000000003,0.15643710500000002,0.15643710500000002,UFI,C1COCCN2CCOCCOCCN(CCO1)CCOCCOCC2
6.6,1.7179967,99.0,250.0,0.29852793,0.0,0.0,0.0,13.333333,0.075,100.0,192.0,0.15151515151515152,0.15151515151515152,1.0,0.0,0.0,0.0,0.0,0.34375943454545455,0.34375943454545455,0.0,0.0,0.0,0.0,0.0,0.0,15.35353496969697,15.35353496969697,0.08636363636363636,0.08636363636363636,UFI,C1COCCN2CCOCCOCCN(CCO1)CCOCCOCC2
6.4935064,1.7179967,99.0,250.0,0.35659352,0.0,0.0,0.0,13.758918,0.06927049,100.0,144.0,0.15400000221760002,0.15400000221760002,1.0,0.0,0.0,0.0,0.0,0.4115089228707818,0.4115089228707818,0.0,0.0,0.0,0.0,0.0,0.0,15.877791402511777,15.877791402511777,0.07993814561361424,0.07993814561361424,UFI,C1COCCN2CCOCCOCCN(CCO1)CCOCCOCC2
5.999241,1.7179967,99.0,250.0,0.18152393,0.27678597,0.49638957,0.0,13.636364,0.5638431,150.0,110.82486,0.1666877526673791,0.1666877526673791,1.0,0.0,0.0,0.0,0.0,0.21178174594705065,0.21178174594705065,0.3229228013091606,0.3229228013091606,0.5791316318708267,0.5791316318708267,0.0,0.0,15.909378869714352,15.909378869714352,0.6578288391960083,0.6578288391960083,UFI,C1COCCN2CCOCCOCCN(CCO1)CCOCCOCC2
10.0,1.7179967,99.0,250.0,0.2,0.035100535,0.1824835,0.0,15.0,0.05853392,106.02489,360.0,0.1,0.1,1.0,0.0,0.0,0.0,0.0,0.22000000000000003,0.22000000000000003,0.03861058850000001,0.03861058850000001,0.20073185000000002,0.20073185000000002,0.0,0.0,16.5,16.5,0.064387312,0.064387312,UFI,C1COCCN2CCOCCOCCN(CCO1)CCOCCOCC2
9.091,1.7179967,99.0,250.0,0.28308135,0.0,0.25,0.0,14.285714,0.08,106.506424,360.0,0.10999890001099989,0.10999890001099989,1.0,0.0,0.0,0.0,0.0,0.3142199871136289,0.3142199871136289,0.0,0.0,0.27749972500275,0.27749972500275,0.0,0.0,15.857126825871743,15.857126825871743,0.08879991200088,0.08879991200088,UFI,C1COCCN2CCOCCOCCN(CCO1)CCOCCOCC2
7.96454,1.7179967,99.0,250.0,0.1,0.0,0.26831818,0.0,12.686835,0.048514757,110.0,336.0,0.12555652931619402,0.12555652931619402,1.0,0.0,0.0,0.0,0.0,0.1125556529316194,0.1125556529316194,0.0,0.0,0.30200727943323785,0.30200727943323785,0.0,0.0,14.279749970607217,14.279749970607217,0.05460610150953853,0.05460610150953853,UFI,C1COCCN2CCOCCOCCN(CCO1)CCOCCOCC2
7.94358,1.7179967,99.0,250.0,0.19909693,0.0,0.232184,0.0,9.600581,0.013839359,110.0,118.652916,0.12588782387789887,0.12588782387789887,1.0,0.0,0.0,0.0,0.0,0.22416080925847037,0.22416080925847037,0.0,0.0,0.26141313849926606,0.26141313849926606,0.0,0.0,10.809177250053501,10.809177250053501,0.015581565788375015,0.015581565788375015,UFI,C1COCCN2CCOCCOCCN(CCO1)CCOCCOCC2
9.263897,1.7179967,99.0,250.0,0.29030305,0.0,0.0,0.0,9.864558,0.0625,100.0,154.16765,0.10794593247312659,0.10794593247312659,1.0,0.0,0.0,0.0,0.0,0.3216400834320427,0.3216400834320427,0.0,0.0,0.0,0.0,0.0,0.0,10.929396911745242,10.929396911745242,0.06924662077957042,0.06924662077957042,UFI,C1COCCN2CCOCCOCCN(CCO1)CCOCCOCC2
7.670427,1.7179967,99.0,250.0,0.18152271,0.09153786,0.21206798,0.0,13.87239,0.08228119,120.0,120.0,0.13037083854653725,0.13037083854653725,1.0,0.0,0.0,0.0,0.0,0.20518797791793988,0.20518797791793988,0.10347172756695552,0.10347172756695552,0.23971546038147026,0.23971546038147026,0.0,0.0,15.680945116944596,15.680945116944596,0.09300825773690695,0.09300825773690695,UFI,C1COCCN2CCOCCOCCN(CCO1)CCOCCOCC2
6.2656927,1.7179967,99.0,250.0,0.18184009,0.0,0.11032985,0.0,12.56307,0.075,120.0,264.0,0.15959927303807925,0.15959927303807925,1.0,0.0,0.0,0.0,0.0,0.21086163617317893,0.21086163617317893,0.0,0.0,0.12793841385440033,0.12793841385440033,0.0,0.0,14.568126839126503,14.568126839126503,0.08696994547785594,0.08696994547785594,UFI,C1COCCN2CCOCCOCCN(CCO1)CCOCCOCC2
8.0,1.7179967,99.0,250.0,0.18193187,0.06127715,0.29767478,0.0,13.732665,0.09677419,150.0,144.0,0.125,0.125,1.0,0.0,0.0,0.0,0.0,0.20467335375,0.20467335375,0.06893679375,0.06893679375,0.3348841275,0.3348841275,0.0,0.0,15.449248125,15.449248125,0.10887096375,0.10887096375,UFI,C1COCCN2CCOCCOCCN(CCO1)CCOCCOCC2
10.0,1.7179967,99.0,250.0,0.33101627,0.0,0.0,0.0,12.193376,0.083333336,120.0,168.0,0.1,0.1,1.0,0.0,0.0,0.0,0.0,0.364117897,0.364117897,0.0,0.0,0.0,0.0,0.0,0.0,13.412713600000002,13.412713600000002,0.0916666696,0.0916666696,UFI,C1COCCN2CCOCCOCCN(CCO1)CCOCCOCC2
6.4935064,1.7179967,99.0,250.0,0.1838208,0.0,0.11202865,0.0,12.5,0.080316655,120.0,336.0,0.15400000221760002,0.15400000221760002,1.0,0.0,0.0,0.0,0.0,0.212129203607641,0.212129203607641,0.0,0.0,0.12928106234843473,0.12928106234843473,0.0,0.0,14.42500002772,14.42500002772,0.09268542004811021,0.09268542004811021,UFI,C1COCCN2CCOCCOCCN(CCO1)CCOCCOCC2
7.5,1.7179967,99.0,250.0,0.18574323,0.0,0.15212707,0.0,21.16424,0.05,100.0,466.68515,0.13333333333333333,0.13333333333333333,1.0,0.0,0.0,0.0,0.0,0.210508994,0.210508994,0.0,0.0,0.17241067933333334,0.17241067933333334,0.0,0.0,23.986138666666665,23.986138666666665,0.05666666666666667,0.05666666666666667,UFI,C1COCCN2CCOCCOCCN(CCO1)CCOCCOCC2
12.5,1.7179967,99.0,250.0,0.19919243,0.0,0.2925336,0.0,14.705882,0.08110031,109.004906,329.50665,0.08,0.08,1.0,0.0,0.0,0.0,0.0,0.21512782440000003,0.21512782440000003,0.0,0.0,0.315936288,0.315936288,0.0,0.0,15.882352560000001,15.882352560000001,0.0875883348,0.0875883348,UFI,C1COCCN2CCOCCOCCN(CCO1)CCOCCOCC2
8.997084,1.7179967,99.0,250.0,0.19701317,0.100807816,0.29225898,0.0,14.922557,0.04764489,150.0,120.0,0.11114712277889148,0.11114712277889148,1.0,0.0,0.0,0.0,0.0,0.21891061699504857,0.21891061699504857,0.11201231470202389,0.11201231470202389,0.3247427247332936,0.3247427247332936,0.0,0.0,16.581156275054003,16.581156275054003,0.05294048243861678,0.05294048243861678,UFI,C1COCCN2CCOCCOCCN(CCO1)CCOCCOCC2
8.0,1.7179967,99.0,250.0,0.21143074,0.0,0.12156347,0.0,14.085961,0.08015472,100.0,408.0,0.125,0.125,1.0,0.0,0.0,0.0,0.0,0.2378595825,0.2378595825,0.0,0.0,0.13675890375,0.13675890375,0.0,0.0,15.846706124999999,15.846706124999999,0.09017406,0.09017406,UFI,C1COCCN2CCOCCOCCN(CCO1)CCOCCOCC2
10.0,1.7179967,99.0,250.0,0.22406563,0.09920348,0.25,0.0,17.331022,0.25,170.0,79.1385,0.1,0.1,1.0,0.0,0.0,0.0,0.0,0.246472193,0.246472193,0.109123828,0.109123828,0.275,0.275,0.0,0.0,19.064124200000002,19.064124200000002,0.275,0.275,UFI,C1COCCN2CCOCCOCCN(CCO1)CCOCCOCC2
5.9505754,1.7179967,99.0,250.0,0.31074113,0.0,0.28311357,0.0,11.546628,0.05687173,112.39491,120.0,0.1680509753729026,0.1680509753729026,1.0,0.0,0.0,0.0,0.0,0.36296147998497785,0.36296147998497785,0.0,0.0,0.3306910815798045,0.3306910815798045,0.0,0.0,13.487050097668066,13.487050097668066,0.06642907969764436,0.06642907969764436,UFI,C1COCCN2CCOCCOCCN(CCO1)CCOCCOCC2
5.212417,1.7179967,99.0,250.0,0.27237538,0.0,0.1463216,0.0,12.777754,0.05,120.0,120.0,0.19184957765274727,0.19184957765274727,1.0,0.0,0.0,0.0,0.0,0.32463048161600655,0.32463048161600655,0.0,0.0,0.17439333716147423,0.17439333716147423,0.0,0.0,15.229160708250703,15.229160708250703,0.05959247888263737,0.05959247888263737,UFI,C1COCCN2CCOCCOCCN(CCO1)CCOCCOCC2
6.4935064,1.0,99.0,250.0,0.0,0.0,0.0,0.0,14.0,0.09033754,105.52362,168.0,0.15400000221760002,0.15400000221760002,1.0,0.0,0.0,0.0,0.0,0.0,0.0,0.0,0.0,0.0,0.0,0.0,0.0,16.1560000310464,16.1560000310464,0.10424952136033253,0.10424952136033253,UFI,C1COCCN2CCOCCOCCN(CCO1)CCOCCOCC2
10.0,1.7179967,99.0,250.0,0.0,0.14757088,0.23618867,0.0,20.0,0.13350256,150.0,168.0,0.1,0.1,1.0,0.0,0.0,0.0,0.0,0.0,0.0,0.162327968,0.162327968,0.25980753700000003,0.25980753700000003,0.0,0.0,22.0,22.0,0.146852816,0.146852816,UFI,C1COCCN2CCOCCOCCN(CCO1)CCOCCOCC2
6.58678,1.7179967,99.0,250.0,0.30616748,0.13341281,0.18282321,0.0,13.636364,0.08,100.0,144.0,0.15181925007363234,0.15181925007363234,1.0,0.0,0.0,0.0,0.0,0.35264959721053385,0.35264959721053385,0.153667442764416,0.153667442764416,0.21057929263825423,0.21057929263825423,0.0,0.0,15.706626556211079,15.706626556211079,0.09214554000589059,0.09214554000589059,UFI,C1COCCN2CCOCCOCCN(CCO1)CCOCCOCC2
6.4935064,1.7179967,99.0,250.0,0.25,0.0,0.16598214,0.0,12.963615,0.060259108,100.0,336.0,0.15400000221760002,0.15400000221760002,1.0,0.0,0.0,0.0,0.0,0.2885000005544,0.2885000005544,0.0,0.0,0.191543389928082,0.191543389928082,0.0,0.0,14.960011738748113,14.960011738748113,0.0695390107656306,0.0695390107656306,UFI,C1COCCN2CCOCCOCCN(CCO1)CCOCCOCC2
6.6,1.7179967,99.0,250.0,0.27123037,0.0,0.0,0.0,14.2060375,0.05030351,109.80475,360.0,0.15151515151515152,0.15151515151515152,1.0,0.0,0.0,0.0,0.0,0.31232588060606065,0.31232588060606065,0.0,0.0,0.0,0.0,0.0,0.0,16.358467424242427,16.358467424242427,0.05792525393939395,0.05792525393939395,UFI,C1COCCN2CCOCCOCCN(CCO1)CCOCCOCC2
10.0,1.7179967,99.0,250.0,0.28964996,0.08841402,0.3429254,0.0,15.151515,0.11963503,150.0,132.0,0.1,0.1,1.0,0.0,0.0,0.0,0.0,0.318614956,0.318614956,0.09725542200000001,0.09725542200000001,0.37721794000000003,0.37721794000000003,0.0,0.0,16.6666665,16.6666665,0.13159853300000002,0.13159853300000002,UFI,C1COCCN2CCOCCOCCN(CCO1)CCOCCOCC2
6.4935064,1.7179967,99.0,250.0,0.25,0.0,0.1,0.0,14.576391,0.07984467,123.07143,120.0,0.15400000221760002,0.15400000221760002,1.0,0.0,0.0,0.0,0.0,0.2885000005544,0.2885000005544,0.0,0.0,0.11540000022176,0.11540000022176,0.0,0.0,16.821155246324604,16.821155246324604,0.09214074935706355,0.09214074935706355,UFI,C1COCCN2CCOCCOCCN(CCO1)CCOCCOCC2
6.4935064,1.7179967,99.0,250.0,0.25,0.0,0.08172618,0.0,17.301039,0.07297811,100.0,96.0,0.15400000221760002,0.15400000221760002,1.0,0.0,0.0,0.0,0.0,0.2885000005544,0.2885000005544,0.0,0.0,0.09431201190123598,0.09431201190123598,0.0,0.0,19.965399044366784,19.965399044366784,0.08421673910183626,0.08421673910183626,UFI,C1COCCN2CCOCCOCCN(CCO1)CCOCCOCC2
11.114239,1.7179967,99.0,250.0,0.29917577,0.13901189,0.19388625,0.0,23.595842,0.12511677,135.0,120.0,0.08997467123030196,0.08997467123030196,1.0,0.0,0.0,0.0,0.0,0.32609401154582246,0.32609401154582246,0.1515194390998529,0.1515194390998529,0.21133110159982615,0.21133110159982615,0.0,0.0,25.718870126352154,25.718870126352154,0.1363741102461473,0.1363741102461473,UFI,C1COCCN2CCOCCOCCN(CCO1)CCOCCOCC2
8.271537,1.7179967,99.0,250.0,0.33167288,0.0,0.20390815,0.0,14.825496,0.07570367,120.0,360.0,0.12089651536346872,0.12089651536346872,1.0,0.0,0.0,0.0,0.0,0.37177097543256593,0.37177097543256593,0.0,0.0,0.2285599347892115,0.2285599347892115,0.0,0.0,16.61784680493504,16.61784680493504,0.08485597990322596,0.08485597990322596,UFI,C1COCCN2CCOCCOCCN(CCO1)CCOCCOCC2
5.0,1.7179967,99.0,250.0,0.0,0.0,0.3,0.0,22.172678,0.33718967,120.0,312.0,0.2,0.2,1.0,0.0,0.0,0.0,0.0,0.0,0.0,0.0,0.0,0.36,0.36,0.0,0.0,26.6072136,26.6072136,0.404627604,0.404627604,UFI,C1COCCN2CCOCCOCCN(CCO1)CCOCCOCC2
2.5,1.0,99.0,250.0,0.0,0.0,0.0,0.0,13.308341,0.09677419,135.0,144.0,0.4,0.4,1.0,0.0,0.0,0.0,0.0,0.0,0.0,0.0,0.0,0.0,0.0,0.0,0.0,18.6316774,18.6316774,0.13548386599999998,0.13548386599999998,UFI,C1COCCN2CCOCCOCCN(CCO1)CCOCCOCC2
5.471673,1.7179967,99.0,250.0,0.25,0.0,0.15223669,0.0,13.636364,0.09677419,130.0,168.0,0.18275945949255373,0.18275945949255373,1.0,0.0,0.0,0.0,0.0,0.2956898648731384,0.2956898648731384,0.0,0.0,0.18005938517933545,0.18005938517933545,0.0,0.0,16.12853851408372,16.12853851408372,0.11446058865722969,0.11446058865722969,UFI,C1COCCN2CCOCCOCCN(CCO1)CCOCCOCC2
6.391897,1.7179967,99.0,250.0,0.2848597,0.0,0.2943114,0.0,13.761468,0.079971105,110.0,144.0,0.15644807793367133,0.15644807793367133,1.0,0.0,0.0,0.0,0.0,0.3294254525457622,0.3294254525457622,0.0,0.0,0.3403558528439679,0.3403558528439679,0.0,0.0,15.914423218145723,15.914423218145723,0.09248243066748181,0.09248243066748181,UFI,C1COCCN2CCOCCOCCN(CCO1)CCOCCOCC2
2.4686246,1.0,99.0,250.0,0.0,0.0,0.0,0.0,10.41233,0.083333336,125.0,144.0,0.40508386734864427,0.40508386734864427,1.0,0.0,0.0,0.0,0.0,0.0,0.0,0.0,0.0,0.0,0.0,0.0,0.0,14.63019690451031,14.63019690451031,0.11709032602594399,0.11709032602594399,UFI,C1COCCN2CCOCCOCCN(CCO1)CCOCCOCC2
7.5,1.7179967,99.0,250.0,0.33155516,0.0,0.18181819,0.0,12.844837,0.09557577,125.0,288.0,0.13333333333333333,0.13333333333333333,1.0,0.0,0.0,0.0,0.0,0.37576251466666666,0.37576251466666666,0.0,0.0,0.2060606153333333,0.2060606153333333,0.0,0.0,14.557481933333333,14.557481933333333,0.108319206,0.108319206,UFI,C1COCCN2CCOCCOCCN(CCO1)CCOCCOCC2
6.6,1.7179967,99.0,250.0,0.33793265,0.0,0.0,0.0,12.752607,0.08201369,100.0,168.0,0.15151515151515152,0.15151515151515152,1.0,0.0,0.0,0.0,0.0,0.3891345666666667,0.3891345666666667,0.0,0.0,0.0,0.0,0.0,0.0,14.684820181818182,14.684820181818182,0.09444000666666667,0.09444000666666667,UFI,C1COCCN2CCOCCOCCN(CCO1)CCOCCOCC2
5.9988003,1.7179967,99.0,250.0,0.18466593,0.0,0.28328037,0.0,9.803922,0.02850977,150.0,24.0,0.166699998331333,0.166699998331333,1.0,0.0,0.0,0.0,0.0,0.21544974022285407,0.21544974022285407,0.0,0.0,0.33050320720629944,0.33050320720629944,0.0,0.0,11.43823578104052,11.43823578104052,0.03326234861142669,0.03326234861142669,UFI,C1COCCN2CCOCCOCCN(CCO1)CCOCCOCC2
5.9999223,1.7179967,99.0,250.0,0.35797444,0.0,0.0,0.0,10.0,0.09677419,100.0,336.0,0.16666882502795077,0.16666882502795077,1.0,0.0,0.0,0.0,0.0,0.4176376193048387,0.4176376193048387,0.0,0.0,0.0,0.0,0.0,0.0,11.66668825027951,11.66668825027951,0.11290343054033167,0.11290343054033167,UFI,C1COCCN2CCOCCOCCN(CCO1)CCOCCOCC2
9.091,1.7179967,99.0,250.0,0.26493236,0.0,0.12928359,0.0,17.160645,0.075,109.47558,309.4416,0.10999890001099989,0.10999890001099989,1.0,0.0,0.0,0.0,0.0,0.2940746281773182,0.2940746281773182,0.0,0.0,0.14350464268947313,0.14350464268947313,0.0,0.0,19.048297073479265,19.048297073479265,0.083249917500825,0.083249917500825,UFI,C1COCCN2CCOCCOCCN(CCO1)CCOCCOCC2
6.6,1.7179967,99.0,250.0,0.26384735,0.0,0.29408237,0.0,14.285714,0.08514314,110.0,336.0,0.15151515151515152,0.15151515151515152,1.0,0.0,0.0,0.0,0.0,0.3038242212121212,0.3038242212121212,0.0,0.0,0.33864030484848484,0.33864030484848484,0.0,0.0,16.450216121212122,16.450216121212122,0.09804361575757577,0.09804361575757577,UFI,C1COCCN2CCOCCOCCN(CCO1)CCOCCOCC2
6.4935064,1.7179967,99.0,250.0,0.23082751,0.0,0.19288673,0.0,17.340292,0.09677419,100.0,384.0,0.15400000221760002,0.15400000221760002,1.0,0.0,0.0,0.0,0.0,0.2663749470518831,0.2663749470518831,0.0,0.0,0.22259128684774562,0.22259128684774562,0.0,0.0,20.010697006453835,20.010697006453835,0.11167741547460644,0.11167741547460644,UFI,C1COCCN2CCOCCOCCN(CCO1)CCOCCOCC2
9.050883,1.7179967,99.0,250.0,0.0,0.16890755,0.18043692,0.0,25.641026,0.1,150.0,340.54007,0.11048645750917341,0.11048645750917341,1.0,0.0,0.0,0.0,0.0,0.0,0.0,0.1875695468460536,0.1875695468460536,0.20037275609466615,0.20037275609466615,0.0,0.0,28.474012129640613,28.474012129640613,0.11104864575091736,0.11104864575091736,UFI,C1COCCN2CCOCCOCCN(CCO1)CCOCCOCC2
5.0,1.7179967,99.0,250.0,0.21165258,0.0,0.09536878,0.0,14.0,0.081061035,108.24688,336.0,0.2,0.2,1.0,0.0,0.0,0.0,0.0,0.253983096,0.253983096,0.0,0.0,0.114442536,0.114442536,0.0,0.0,16.8,16.8,0.097273242,0.097273242,UFI,C1COCCN2CCOCCOCCN(CCO1)CCOCCOCC2
6.3511753,1.7179967,99.0,250.0,0.24997471,0.0,0.13902767,0.0,12.186892,0.0625,100.49145,144.0,0.15745117285614837,0.15745117285614837,1.0,0.0,0.0,0.0,0.0,0.2893335212738755,0.2893335212738755,0.0,0.0,0.16091773970095755,0.16091773970095755,0.0,0.0,14.105732438871211,14.105732438871211,0.07234069830350927,0.07234069830350927,UFI,C1COCCN2CCOCCOCCN(CCO1)CCOCCOCC2
8.610216,1.7179967,99.0,250.0,0.1873971,0.0,0.19355445,0.0,14.423077,0.047614787,150.0,132.79918,0.11614110493859853,0.11614110493859853,1.0,0.0,0.0,0.0,0.0,0.20916160625628905,0.20916160625628905,0.0,0.0,0.21603407768878272,0.21603407768878272,0.0,0.0,16.098189099394485,16.098189099394485,0.05314482097359602,0.05314482097359602,UFI,C1COCCN2CCOCCOCCN(CCO1)CCOCCOCC2
8.1168585,1.7179967,99.0,250.0,0.37123895,0.0,0.0,0.0,10.0,0.061953757,130.0,168.0,0.12320037364209319,0.12320037364209319,1.0,0.0,0.0,0.0,0.0,0.41697572735049837,0.41697572735049837,0.0,0.0,0.0,0.0,0.0,0.0,11.232003736420932,11.232003736420932,0.06958648301093144,0.06958648301093144,UFI,C1COCCN2CCOCCOCCN(CCO1)CCOCCOCC2
8.167114,1.7179967,99.0,250.0,0.25,0.0,0.37966472,0.0,15.217391,0.6074478,135.0,480.0,0.12244227275387609,0.12244227275387609,1.0,0.0,0.0,0.0,0.0,0.280610568188469,0.280610568188469,0.0,0.0,0.426151731201264,0.426151731201264,0.0,0.0,17.08064293942438,17.08064293942438,0.681825089211342,0.681825089211342,UFI,C1COCCN2CCOCCOCCN(CCO1)CCOCCOCC2
10.010192,1.7179967,99.0,250.0,0.22910321,0.0,0.10994404,0.0,13.255561,0.07258595,120.0,222.8134,0.09989818377110049,0.09989818377110049,1.0,0.0,0.0,0.0,0.0,0.25199020457512905,0.25199020457512905,0.0,0.0,0.12092724991245725,0.12092724991245725,0.0,0.0,14.579767468767034,14.579767468767034,0.07983715457229991,0.07983715457229991,UFI,C1COCCN2CCOCCOCCN(CCO1)CCOCCOCC2
7.511633,1.7179967,99.0,250.0,0.337689,0.0,0.19808635,0.0,17.722754,0.071575075,110.0,336.0,0.13312684472204647,0.13312684472204647,1.0,0.0,0.0,0.0,0.0,0.3826444710673431,0.3826444710673431,0.0,0.0,0.22445696075800692,0.22445696075800692,0.0,0.0,20.082128319805026,20.082128319805026,0.08110363889549382,0.08110363889549382,UFI,C1COCCN2CCOCCOCCN(CCO1)CCOCCOCC2
5.0,1.7179967,99.0,250.0,0.29562798,0.0,0.183884,0.0,45.658363,1.8930144,140.0,120.0,0.2,0.2,1.0,0.0,0.0,0.0,0.0,0.354753576,0.354753576,0.0,0.0,0.2206608,0.2206608,0.0,0.0,54.7900356,54.7900356,2.27161728,2.27161728,UFI,C1COCCN2CCOCCOCCN(CCO1)CCOCCOCC2
7.5,1.7179967,99.0,250.0,0.20558642,0.0,0.17138748,0.0,12.9206085,0.083333336,105.35881,210.51718,0.13333333333333333,0.13333333333333333,1.0,0.0,0.0,0.0,0.0,0.23299794266666665,0.23299794266666665,0.0,0.0,0.194239144,0.194239144,0.0,0.0,14.6433563,14.6433563,0.09444444746666665,0.09444444746666665,UFI,C1COCCN2CCOCCOCCN(CCO1)CCOCCOCC2
6.4935064,1.7179967,99.0,250.0,0.21350685,0.0,0.19104436,0.0,19.104883,0.1,110.0,402.9951,0.15400000221760002,0.15400000221760002,1.0,0.0,0.0,0.0,0.0,0.2463869053734728,0.2463869053734728,0.0,0.0,0.22046519186365998,0.22046519186365998,0.0,0.0,22.04703502436699,22.04703502436699,0.11540000022176,0.11540000022176,UFI,C1COCCN2CCOCCOCCN(CCO1)CCOCCOCC2
6.4935064,1.7179967,99.0,250.0,0.1904762,0.0,0.14841866,0.0,12.0,0.056529067,125.0,24.0,0.15400000221760002,0.15400000221760002,1.0,0.0,0.0,0.0,0.0,0.21980953522240004,0.21980953522240004,0.0,0.0,0.17127513396913324,0.17127513396913324,0.0,0.0,13.8480000266112,13.8480000266112,0.06523454344335887,0.06523454344335887,UFI,C1COCCN2CCOCCOCCN(CCO1)CCOCCOCC2
5.243507,1.7179967,99.0,250.0,0.3338559,0.0,0.0,0.0,12.5,0.070391715,110.0,336.0,0.19071205588168377,0.19071205588168377,1.0,0.0,0.0,0.0,0.0,0.3975262450572298,0.3975262450572298,0.0,0.0,0.0,0.0,0.0,0.0,14.883900698521046,14.883900698521046,0.08381626368468754,0.08381626368468754,UFI,C1COCCN2CCOCCOCCN(CCO1)CCOCCOCC2
10.0,1.7179967,99.0,250.0,0.2276522,0.0,0.1690202,0.0,13.3288145,0.08480541,119.18836,96.0,0.1,0.1,1.0,0.0,0.0,0.0,0.0,0.25041742,0.25041742,0.0,0.0,0.18592222000000003,0.18592222000000003,0.0,0.0,14.66169595,14.66169595,0.093285951,0.093285951,UFI,C1COCCN2CCOCCOCCN(CCO1)CCOCCOCC2
6.4935064,1.7179967,99.0,250.0,0.24958368,0.0,0.18902196,0.0,13.46669,0.08195207,100.0,192.0,0.15400000221760002,0.15400000221760002,1.0,0.0,0.0,0.0,0.0,0.2880195672734768,0.2880195672734768,0.0,0.0,0.21813134225917508,0.21813134225917508,0.0,0.0,15.540560289863732,15.540560289863732,0.09457268896173691,0.09457268896173691,UFI,C1COCCN2CCOCCOCCN(CCO1)CCOCCOCC2
6.4935064,1.7179967,99.0,250.0,0.23090371,0.0,0.28707314,0.0,12.5,0.081178516,110.0,240.0,0.15400000221760002,0.15400000221760002,1.0,0.0,0.0,0.0,0.0,0.2664628818520521,0.2664628818520521,0.0,0.0,0.3312824041966134,0.3312824041966134,0.0,0.0,14.42500002772,14.42500002772,0.09368000764402148,0.09368000764402148,UFI,C1COCCN2CCOCCOCCN(CCO1)CCOCCOCC2
8.18077,1.7179967,99.0,250.0,0.2,0.0,0.19354838,0.0,9.969521,0.05953072,150.0,120.0,0.12223788225313753,0.12223788225313753,1.0,0.0,0.0,0.0,0.0,0.22444757645062752,0.22444757645062752,0.0,0.0,0.2172073240847255,0.2172073240847255,0.0,0.0,11.188174134118183,11.188174134118183,0.0668076291418045,0.0668076291418045,UFI,C1COCCN2CCOCCOCCN(CCO1)CCOCCOCC2
6.6,1.7179967,99.0,250.0,0.21742494,0.0,0.17230965,0.0,15.0,0.0567343,100.0,240.0,0.15151515151515152,0.15151515151515152,1.0,0.0,0.0,0.0,0.0,0.2503681127272728,0.2503681127272728,0.0,0.0,0.19841717272727274,0.19841717272727274,0.0,0.0,17.272727272727273,17.272727272727273,0.06533040606060607,0.06533040606060607,UFI,C1COCCN2CCOCCOCCN(CCO1)CCOCCOCC2
10.0,1.7179967,99.0,250.0,0.2071287,0.040017996,0.17384563,0.0,14.0,0.05,110.0,336.0,0.1,0.1,1.0,0.0,0.0,0.0,0.0,0.22784157000000002,0.22784157000000002,0.0440197956,0.0440197956,0.19123019300000002,0.19123019300000002,0.0,0.0,15.400000000000002,15.400000000000002,0.05500000000000001,0.05500000000000001,UFI,C1COCCN2CCOCCOCCN(CCO1)CCOCCOCC2
0.83169127,1.0,99.0,250.0,0.0,0.0,0.0,0.0,12.811756,0.0952381,120.0,120.0,1.2023692397300263,1.2023692397300263,1.0,0.0,0.0,0.0,0.0,0.0,0.0,0.0,0.0,0.0,0.0,0.0,0.0,28.216217321326603,28.216217321326603,0.20974946189033222,0.20974946189033222,UFI,C1COCCN2CCOCCOCCN(CCO1)CCOCCOCC2
6.538441,1.7179967,99.0,250.0,0.2733746,0.0,0.14228126,0.0,13.298467,0.09519973,110.0,120.0,0.15294165688732222,0.15294165688732222,1.0,0.0,0.0,0.0,0.0,0.315184964274909,0.315184964274909,0.0,0.0,0.16404199164841587,0.16404199164841587,0.0,0.0,15.332356577041379,15.332356577041379,0.10975973444142571,0.10975973444142571,UFI,C1COCCN2CCOCCOCCN(CCO1)CCOCCOCC2
6.4935064,1.7179967,99.0,250.0,0.27610344,0.0,0.28090906,0.0,10.703057,0.07331907,125.0,318.16855,0.15400000221760002,0.15400000221760002,1.0,0.0,0.0,0.0,0.0,0.31862337037228694,0.31862337037228694,0.0,0.0,0.3241690558629439,0.3241690558629439,0.0,0.0,12.3513278017351,12.3513278017351,0.08461020694259237,0.08461020694259237,UFI,C1COCCN2CCOCCOCCN(CCO1)CCOCCOCC2
6.256138,1.7179967,99.0,250.0,0.2337432,0.0,0.3,0.0,15.511674,0.059568968,110.0,336.0,0.1598430213655773,0.1598430213655773,1.0,0.0,0.0,0.0,0.0,0.27110541931165844,0.27110541931165844,0.0,0.0,0.3479529064096732,0.3479529064096732,0.0,0.0,17.99110683859787,17.99110683859787,0.06909065182474938,0.06909065182474938,UFI,C1COCCN2CCOCCOCCN(CCO1)CCOCCOCC2
8.977994,1.7179967,99.0,250.0,0.2727759,0.0,0.19829436,0.0,13.734176,0.083333336,180.0,149.71591,0.11138345603706128,0.11138345603706128,1.0,0.0,0.0,0.0,0.0,0.3031586224656198,0.3031586224656198,0.0,0.0,0.2203810711294572,0.2203810711294572,0.0,0.0,15.263935988701261,15.263935988701261,0.09261529096677765,0.09261529096677765,UFI,C1COCCN2CCOCCOCCN(CCO1)CCOCCOCC2
5.0,1.7179967,99.0,250.0,0.3466901,0.0,0.0,0.0,10.0,0.057273082,100.0,168.0,0.2,0.2,1.0,0.0,0.0,0.0,0.0,0.41602812,0.41602812,0.0,0.0,0.0,0.0,0.0,0.0,12.0,12.0,0.0687276984,0.0687276984,UFI,C1COCCN2CCOCCOCCN(CCO1)CCOCCOCC2
9.324375,1.7179967,99.0,250.0,0.0,0.0,0.0,0.0,10.716792,0.05039504,100.0,480.0,0.10724579395401837,0.10724579395401837,1.0,0.0,0.0,0.0,0.0,0.0,0.0,0.0,0.0,0.0,0.0,0.0,0.0,11.866122866680072,11.866122866680072,0.05579969607614452,0.05579969607614452,UFI,C1COCCN2CCOCCOCCN(CCO1)CCOCCOCC2
10.0,1.7179967,99.0,250.0,0.1904762,0.13893007,0.26831272,0.0,13.636364,0.09345339,100.0,168.0,0.1,0.1,1.0,0.0,0.0,0.0,0.0,0.20952382000000003,0.20952382000000003,0.152823077,0.152823077,0.295143992,0.295143992,0.0,0.0,15.000000400000001,15.000000400000001,0.102798729,0.102798729,UFI,C1COCCN2CCOCCOCCN(CCO1)CCOCCOCC2
8.0,1.7179967,99.0,250.0,0.24997705,0.0,0.09911504,0.0,12.787654,0.048885573,110.0,144.0,0.125,0.125,1.0,0.0,0.0,0.0,0.0,0.28122418125,0.28122418125,0.0,0.0,0.11150442,0.11150442,0.0,0.0,14.38611075,14.38611075,0.054996269625000004,0.054996269625000004,UFI,C1COCCN2CCOCCOCCN(CCO1)CCOCCOCC2
6.4935064,1.7179967,99.0,250.0,0.26000607,0.0,0.100176536,0.0,13.746289,0.082922615,150.0,110.0,0.15400000221760002,0.15400000221760002,1.0,0.0,0.0,0.0,0.0,0.30004700535658946,0.30004700535658946,0.0,0.0,0.11560372276615148,0.11560372276615148,0.0,0.0,15.863217536483772,15.863217536483772,0.09569269789388919,0.09569269789388919,UFI,C1COCCN2CCOCCOCCN(CCO1)CCOCCOCC2
5.68973,1.7179967,99.0,250.0,0.2857143,0.0,0.0,0.0,12.8292265,0.07326521,125.0,144.0,0.17575526430955424,0.17575526430955424,1.0,0.0,0.0,0.0,0.0,0.3359300923135193,0.3359300923135193,0.0,0.0,0.0,0.0,0.0,0.0,15.08403059439464,15.08403059439464,0.08614195634824501,0.08614195634824501,UFI,C1COCCN2CCOCCOCCN(CCO1)CCOCCOCC2
11.963729,1.7179967,99.0,250.0,0.31874338,0.0,0.0,0.0,13.330005,0.05,120.05364,480.0,0.08358597892011763,0.08358597892011763,1.0,0.0,0.0,0.0,0.0,0.34538585744160705,0.34538585744160705,0.0,0.0,0.0,0.0,0.0,0.0,14.444206516935063,14.444206516935063,0.054179298946005885,0.054179298946005885,UFI,C1COCCN2CCOCCOCCN(CCO1)CCOCCOCC2
6.6,1.7179967,99.0,250.0,0.27704668,0.0,0.1603581,0.0,19.58787,0.125,140.0,414.138,0.15151515151515152,0.15151515151515152,1.0,0.0,0.0,0.0,0.0,0.3190234496969697,0.3190234496969697,0.0,0.0,0.18465478181818185,0.18465478181818185,0.0,0.0,22.55572909090909,22.55572909090909,0.14393939393939395,0.14393939393939395,UFI,C1COCCN2CCOCCOCCN(CCO1)CCOCCOCC2
7.161807,1.7179967,99.0,250.0,0.0,0.3931624,0.31784728,0.0,17.8105,1.1430326,175.0,48.0,0.13962956555517345,0.13962956555517345,1.0,0.0,0.0,0.0,0.0,0.0,0.0,0.44805949510462934,0.44805949510462934,0.36222815761929356,0.36222815761929356,0.0,0.0,20.297372377320418,20.297372377320418,1.3026337453534003,1.3026337453534003,UFI,C1COCCN2CCOCCOCCN(CCO1)CCOCCOCC2
10.0,1.7179967,99.0,250.0,0.2150186,0.19245057,0.33741254,0.0,15.359153,0.125,150.0,96.0,0.1,0.1,1.0,0.0,0.0,0.0,0.0,0.23652046000000002,0.23652046000000002,0.211695627,0.211695627,0.37115379400000004,0.37115379400000004,0.0,0.0,16.895068300000002,16.895068300000002,0.1375,0.1375,UFI,C1COCCN2CCOCCOCCN(CCO1)CCOCCOCC2
6.4935064,1.7179967,99.0,250.0,0.33313236,0.0,0.0,0.0,13.221085,0.050336123,100.0,216.0,0.15400000221760002,0.15400000221760002,1.0,0.0,0.0,0.0,0.0,0.38443474417875434,0.38443474417875434,0.0,0.0,0.0,0.0,0.0,0.0,15.25713211931908,15.25713211931908,0.058087886053625394,0.058087886053625394,UFI,C1COCCN2CCOCCOCCN(CCO1)CCOCCOCC2
5.0,1.7179967,99.0,250.0,0.4,0.0,0.116114,0.0,14.802973,0.047919016,118.29742,348.62943,0.2,0.2,1.0,0.0,0.0,0.0,0.0,0.48,0.48,0.0,0.0,0.13933679999999998,0.13933679999999998,0.0,0.0,17.7635676,17.7635676,0.0575028192,0.0575028192,UFI,C1COCCN2CCOCCOCCN(CCO1)CCOCCOCC2
5.999927,1.7179967,99.0,250.0,0.39401907,0.0,0.0,0.0,12.5,0.059350826,100.0,144.0,0.16666869446911606,0.16666869446911606,1.0,0.0,0.0,0.0,0.0,0.45968971399283526,0.45968971399283526,0.0,0.0,0.0,0.0,0.0,0.0,14.58335868086395,14.58335868086395,0.06924275068508368,0.06924275068508368,UFI,C1COCCN2CCOCCOCCN(CCO1)CCOCCOCC2
10.0,1.7179967,99.0,250.0,0.3086825,0.0,0.0,0.0,14.652301,0.058666527,100.0,496.56436,0.1,0.1,1.0,0.0,0.0,0.0,0.0,0.33955075000000007,0.33955075000000007,0.0,0.0,0.0,0.0,0.0,0.0,16.1175311,16.1175311,0.06453317970000001,0.06453317970000001,UFI,C1COCCN2CCOCCOCCN(CCO1)CCOCCOCC2
5.0,1.7179967,99.0,250.0,0.19807024,0.0,0.1645506,0.0,16.666666,0.09374994,100.0,336.0,0.2,0.2,1.0,0.0,0.0,0.0,0.0,0.237684288,0.237684288,0.0,0.0,0.19746071999999998,0.19746071999999998,0.0,0.0,19.999999199999998,19.999999199999998,0.112499928,0.112499928,UFI,C1COCCN2CCOCCOCCN(CCO1)CCOCCOCC2
5.9988003,1.7179967,99.0,250.0,0.19264546,0.0,0.12118383,0.0,14.285714,0.083333336,100.0,336.0,0.166699998331333,0.166699998331333,1.0,0.0,0.0,0.0,0.0,0.22475945786053889,0.22475945786053889,0.0,0.0,0.14138517425878455,0.14138517425878455,0.0,0.0,16.6671424999619,16.6671424999619,0.09722500297214441,0.09722500297214441,UFI,C1COCCN2CCOCCOCCN(CCO1)CCOCCOCC2
8.748383,1.7179967,99.0,250.0,0.23810576,0.0,0.16666667,0.0,15.217391,0.083333336,110.0,336.0,0.11430683818941169,0.11430683818941169,1.0,0.0,0.0,0.0,0.0,0.2653228765802869,0.2653228765802869,0.0,0.0,0.18571781007925806,0.18571781007925806,0.0,0.0,16.95684285070201,16.95684285070201,0.09285890615393587,0.09285890615393587,UFI,C1COCCN2CCOCCOCCN(CCO1)CCOCCOCC2
6.762105,1.7179967,99.0,250.0,0.2504912,0.1,0.24265568,0.0,13.333333,0.058475822,100.0,168.0,0.1478829447339253,0.1478829447339253,1.0,0.0,0.0,0.0,0.0,0.28753457628593465,0.28753457628593465,0.11478829447339255,0.11478829447339255,0.2785403165148131,0.2785403165148131,0.0,0.0,15.305105547158023,15.305105547158023,0.06712339875309685,0.06712339875309685,UFI,C1COCCN2CCOCCOCCN(CCO1)CCOCCOCC2
10.0,1.7179967,99.0,250.0,0.2,0.04954631,0.19062334,0.0,17.911818,0.09677419,110.0,360.0,0.1,0.1,1.0,0.0,0.0,0.0,0.0,0.22000000000000003,0.22000000000000003,0.05450094100000001,0.05450094100000001,0.20968567400000002,0.20968567400000002,0.0,0.0,19.7029998,19.7029998,0.106451609,0.106451609,UFI,C1COCCN2CCOCCOCCN(CCO1)CCOCCOCC2
6.405969,1.7179967,99.0,250.0,0.19570428,0.0,0.14176433,0.0,17.17868,0.08547009,110.0,336.0,0.15610440824799496,0.15610440824799496,1.0,0.0,0.0,0.0,0.0,0.22625458082099992,0.22625458082099992,0.0,0.0,0.16389436684532346,0.16389436684532346,0.0,0.0,19.860347675881666,19.860347675881666,0.09881234782235288,0.09881234782235288,UFI,C1COCCN2CCOCCOCCN(CCO1)CCOCCOCC2
6.4935064,1.7179967,99.0,250.0,0.18458861,0.1,0.2574836,0.0,17.443,0.042822402,150.0,96.0,0.15400000221760002,0.15400000221760002,1.0,0.0,0.0,0.0,0.0,0.21301525634934368,0.21301525634934368,0.11540000022176,0.11540000022176,0.2971360749709956,0.2971360749709956,0.0,0.0,20.129222038681597,20.129222038681597,0.04941705200296296,0.04941705200296296,UFI,C1COCCN2CCOCCOCCN(CCO1)CCOCCOCC2
6.6,1.7179967,99.0,250.0,0.42856514,0.0,0.0,0.0,10.156423,0.07019906,114.16706,96.0,0.15151515151515152,0.15151515151515152,1.0,0.0,0.0,0.0,0.0,0.49349925212121215,0.49349925212121215,0.0,0.0,0.0,0.0,0.0,0.0,11.695274969696971,11.695274969696971,0.0808352812121212,0.0808352812121212,UFI,C1COCCN2CCOCCOCCN(CCO1)CCOCCOCC2
10.37405,1.7179967,99.0,250.0,0.16828859,0.06290225,0.2489107,0.0,16.05245,0.056692317,100.0,336.0,0.096394368640984,0.096394368640984,1.0,0.0,0.0,0.0,0.0,0.18451066238253142,0.18451066238253142,0.06896567267484735,0.06896567267484735,0.2729042897744854,0.2729042897744854,0.0,0.0,17.599815782890964,17.599815782890964,0.062157137104009524,0.062157137104009524,UFI,C1COCCN2CCOCCOCCN(CCO1)CCOCCOCC2
9.789853,1.7179967,99.0,250.0,0.28793684,0.0,0.0,0.0,12.5,0.048182067,100.0,240.0,0.10214657972903167,0.10214657972903167,1.0,0.0,0.0,0.0,0.0,0.31734860338398546,0.31734860338398546,0.0,0.0,0.0,0.0,0.0,0.0,13.776832246612896,13.776832246612896,0.05310370034832505,0.05310370034832505,UFI,C1COCCN2CCOCCOCCN(CCO1)CCOCCOCC2
400.0,0.0,99.0,250.0,0.0,0.0,0.0,0.0,19.228111,0.08140424,150.0,168.0,0.0,0.0,1.0,0.0,0.0,0.0,0.0,0.0,0.0,0.0,0.0,0.0,0.0,0.0,0.0,19.228111,19.228111,0.08140424,0.08140424,UFI,C1COCCN2CCOCCOCCN(CCO1)CCOCCOCC2
8.932181,1.7179967,99.0,250.0,0.0,0.0,0.0,0.0,14.133097,0.08312032,135.0,168.0,0.11195473983341807,0.11195473983341807,1.0,0.0,0.0,0.0,0.0,0.0,0.0,0.0,0.0,0.0,0.0,0.0,0.0,15.71536419767546,15.71536419767546,0.09242603380047044,0.09242603380047044,UFI,C1COCCN2CCOCCOCCN(CCO1)CCOCCOCC2
10.0,1.7179967,99.0,250.0,0.19600351,0.0,0.19326635,0.0,14.541035,0.07513634,110.0,336.0,0.1,0.1,1.0,0.0,0.0,0.0,0.0,0.215603861,0.215603861,0.0,0.0,0.212592985,0.212592985,0.0,0.0,15.995138500000003,15.995138500000003,0.082649974,0.082649974,UFI,C1COCCN2CCOCCOCCN(CCO1)CCOCCOCC2
10.0,1.7179967,99.0,250.0,0.18994229,0.0,0.18181819,0.0,14.979867,0.06368462,120.0,360.0,0.1,0.1,1.0,0.0,0.0,0.0,0.0,0.20893651900000004,0.20893651900000004,0.0,0.0,0.200000009,0.200000009,0.0,0.0,16.4778537,16.4778537,0.070053082,0.070053082,UFI,C1COCCN2CCOCCOCCN(CCO1)CCOCCOCC2
7.1260734,1.7179967,99.0,250.0,0.3021673,0.0,0.12873244,0.0,14.285714,0.07283134,110.0,240.0,0.14032973614894284,0.14032973614894284,1.0,0.0,0.0,0.0,0.0,0.3445703574818385,0.3445703574818385,0.0,0.0,0.14679742933900963,0.14679742933900963,0.0,0.0,16.29042447631926,16.29042447631926,0.08305174272557395,0.08305174272557395,UFI,C1COCCN2CCOCCOCCN(CCO1)CCOCCOCC2
5.0,1.7179967,99.0,250.0,0.2026406,0.0,0.20195459,0.0,12.5,0.061545502,110.0,48.0,0.2,0.2,1.0,0.0,0.0,0.0,0.0,0.24316872,0.24316872,0.0,0.0,0.242345508,0.242345508,0.0,0.0,15.0,15.0,0.0738546024,0.0738546024,UFI,C1COCCN2CCOCCOCCN(CCO1)CCOCCOCC2
6.4935064,1.7179967,99.0,250.0,0.19512638,0.0,0.14379773,0.0,17.30135,0.075,110.0,375.54984,0.15400000221760002,0.15400000221760002,1.0,0.0,0.0,0.0,0.0,0.22517584295271226,0.22517584295271226,0.0,0.0,0.16594258073888588,0.16594258073888588,0.0,0.0,19.965757938367474,19.965757938367474,0.08655000016632,0.08655000016632,UFI,C1COCCN2CCOCCOCCN(CCO1)CCOCCOCC2
5.9998007,1.7179967,99.0,250.0,0.28169382,0.0,0.18195763,0.0,12.279449,0.0625,110.0,120.0,0.16667220296167504,0.16667220296167504,1.0,0.0,0.0,0.0,0.0,0.32864434954008953,0.32864434954008953,0.0,0.0,0.21228490903778538,0.21228490903778538,0.0,0.0,14.326091815985537,14.326091815985537,0.07291701268510468,0.07291701268510468,UFI,C1COCCN2CCOCCOCCN(CCO1)CCOCCOCC2
7.5,1.7179967,99.0,250.0,0.2,0.0016915689,0.16473265,0.0,15.217391,0.04704563,106.09401,350.49042,0.13333333333333333,0.13333333333333333,1.0,0.0,0.0,0.0,0.0,0.22666666666666668,0.22666666666666668,0.0019171114199999998,0.0019171114199999998,0.18669700333333333,0.18669700333333333,0.0,0.0,17.246376466666664,17.246376466666664,0.053318380666666665,0.053318380666666665,UFI,C1COCCN2CCOCCOCCN(CCO1)CCOCCOCC2
8.546485,1.7179967,99.0,250.0,0.35818076,0.0,0.0,0.0,12.620443,0.05010207,100.0,168.0,0.11700716727403136,0.11700716727403136,1.0,0.0,0.0,0.0,0.0,0.4000904760996597,0.4000904760996597,0.0,0.0,0.0,0.0,0.0,0.0,14.097125285173378,14.097125285173378,0.05596437128526523,0.05596437128526523,UFI,C1COCCN2CCOCCOCCN(CCO1)CCOCCOCC2
6.1158395,1.7179967,99.0,250.0,0.27366996,0.0,0.109091476,0.0,14.601103,0.0668131,125.0,98.28155,0.16350985011951344,0.16350985011951344,1.0,0.0,0.0,0.0,0.0,0.3184176941418132,0.3184176941418132,0.0,0.0,0.1269290068900765,0.1269290068900765,0.0,0.0,16.988527163109577,16.988527163109577,0.07773769996702005,0.07773769996702005,UFI,C1COCCN2CCOCCOCCN(CCO1)CCOCCOCC2
10.914009,1.7179967,99.0,250.0,0.45719448,0.0,0.0,0.0,12.569722,0.05,160.0,135.30998,0.09162535966389619,0.09162535966389619,1.0,0.0,0.0,0.0,0.0,0.49908508866634804,0.49908508866634804,0.0,0.0,0.0,0.0,0.0,0.0,13.72142729912519,13.72142729912519,0.05458126798319482,0.05458126798319482,UFI,C1COCCN2CCOCCOCCN(CCO1)CCOCCOCC2
6.0167027,1.7179967,99.0,250.0,0.22665188,0.0,0.0633861,0.0,14.783774,0.082041904,105.08657,336.0,0.16620399076723535,0.16620399076723535,1.0,0.0,0.0,0.0,0.0,0.2643223269708965,0.2643223269708965,0.0,0.0,0.07392112277917105,0.07392112277917105,0.0,0.0,17.240896237400893,17.240896237400893,0.0956775958549424,0.0956775958549424,UFI,C1COCCN2CCOCCOCCN(CCO1)CCOCCOCC2
5.0,1.7179967,99.0,250.0,0.29072332,0.0,0.0,0.0,13.957975,0.07608068,180.0,65.0,0.2,0.2,1.0,0.0,0.0,0.0,0.0,0.348867984,0.348867984,0.0,0.0,0.0,0.0,0.0,0.0,16.74957,16.74957,0.09129681599999999,0.09129681599999999,UFI,C1COCCN2CCOCCOCCN(CCO1)CCOCCOCC2
7.4765816,1.7179967,99.0,250.0,0.1904762,0.0,0.12668243,0.0,15.217391,0.08,110.0,345.39017,0.13375096447820484,0.13375096447820484,1.0,0.0,0.0,0.0,0.0,0.21595257546014346,0.21595257546014346,0.0,0.0,0.1436263271949427,0.1436263271949427,0.0,0.0,17.252731723091955,17.252731723091955,0.0907000771582564,0.0907000771582564,UFI,C1COCCN2CCOCCOCCN(CCO1)CCOCCOCC2
9.091,1.7179967,99.0,250.0,0.2857143,0.0,0.33670235,0.0,12.789997,0.0625,110.0,120.0,0.10999890001099989,0.10999890001099989,1.0,0.0,0.0,0.0,0.0,0.3171425587174128,0.3171425587174128,0.0,0.0,0.3737392381311187,0.3737392381311187,0.0,0.0,14.19688260114399,14.19688260114399,0.0693749312506875,0.0693749312506875,UFI,C1COCCN2CCOCCOCCN(CCO1)CCOCCOCC2
6.7664332,1.7179967,99.0,250.0,0.2690495,0.0,0.28338754,0.0,12.660542,0.075,120.0,120.0,0.14778835029362294,0.14778835029362294,1.0,0.0,0.0,0.0,0.0,0.3088118817523241,0.3088118817523241,0.0,0.0,0.3252689170303681,0.3252689170303681,0.0,0.0,14.531622616003126,14.531622616003126,0.08608412627202172,0.08608412627202172,UFI,C1COCCN2CCOCCOCCN(CCO1)CCOCCOCC2
5.0,1.7179967,99.0,250.0,0.0,0.0,0.0,0.0,6.6666665,0.0715414,110.0,120.0,0.2,0.2,1.0,0.0,0.0,0.0,0.0,0.0,0.0,0.0,0.0,0.0,0.0,0.0,0.0,7.999999799999999,7.999999799999999,0.08584968,0.08584968,UFI,C1COCCN2CCOCCOCCN(CCO1)CCOCCOCC2
6.4935064,1.7179967,99.0,250.0,0.23709123,0.0,0.1935622,0.0,16.660654,0.095347434,120.0,240.0,0.15400000221760002,0.15400000221760002,1.0,0.0,0.0,0.0,0.0,0.2736032799457735,0.2736032799457735,0.0,0.0,0.22337077922924353,0.22337077922924353,0.0,0.0,19.226394752946668,19.226394752946668,0.11003093904744246,0.11003093904744246,UFI,C1COCCN2CCOCCOCCN(CCO1)CCOCCOCC2
5.0,1.7179967,99.0,250.0,0.38121277,0.0,0.29412118,0.0,15.0,0.057254545,110.0,144.0,0.2,0.2,1.0,0.0,0.0,0.0,0.0,0.45745532399999994,0.45745532399999994,0.0,0.0,0.35294541599999996,0.35294541599999996,0.0,0.0,18.0,18.0,0.068705454,0.068705454,UFI,C1COCCN2CCOCCOCCN(CCO1)CCOCCOCC2
7.642617,1.7179967,99.0,250.0,0.21351288,0.08914425,0.17192718,0.0,15.233594,0.08281627,120.0,336.0,0.1308452327259105,0.1308452327259105,1.0,0.0,0.0,0.0,0.0,0.24145002247357938,0.24145002247357938,0.10080835013742673,0.10080835013742673,0.1944230318790095,0.1944230318790095,0.0,0.0,17.226837152182032,17.226837152182032,0.09365238412164183,0.09365238412164183,UFI,C1COCCN2CCOCCOCCN(CCO1)CCOCCOCC2
6.4935064,1.7179967,99.0,250.0,0.20265388,0.0,0.06692033,0.0,15.217391,0.041679222,100.0,336.0,0.15400000221760002,0.15400000221760002,1.0,0.0,0.0,0.0,0.0,0.23386257796940527,0.23386257796940527,0.0,0.0,0.07722606096840252,0.07722606096840252,0.0,0.0,17.560869247746087,17.560869247746087,0.048097822280427846,0.048097822280427846,UFI,C1COCCN2CCOCCOCCN(CCO1)CCOCCOCC2
10.868306,1.7179967,99.0,250.0,0.2699645,0.0,0.16682307,0.0,42.93612,0.5,117.76098,336.0,0.09201065925085289,0.09201065925085289,1.0,0.0,0.0,0.0,0.0,0.2948041116193269,0.2948041116193269,0.0,0.0,0.18217257064895118,0.18217257064895118,0.0,0.0,46.88670070687373,46.88670070687373,0.5460053296254265,0.5460053296254265,UFI,C1COCCN2CCOCCOCCN(CCO1)CCOCCOCC2
6.7030387,1.7179967,99.0,250.0,0.21645871,0.0,0.1933114,0.0,15.881364,0.14009435,130.0,336.0,0.14918606989394229,0.14918606989394229,1.0,0.0,0.0,0.0,0.0,0.24875133423921256,0.24875133423921256,0.0,0.0,0.2221507680316958,0.2221507680316958,0.0,0.0,18.250642279715137,18.250642279715137,0.16099447549084642,0.16099447549084642,UFI,C1COCCN2CCOCCOCCN(CCO1)CCOCCOCC2
9.028679,1.7179967,99.0,250.0,0.19358775,0.12511255,0.2885513,0.0,18.293142,0.09762795,160.0,168.0,0.11075817403631251,0.11075817403631251,1.0,0.0,0.0,0.0,0.0,0.2150291757057982,0.2150291757057982,0.13896978758702686,0.13896978758702686,0.32051071510380424,0.32051071510380424,0.0,0.0,20.31925700530698,20.31925700530698,0.10844104347690843,0.10844104347690843,UFI,C1COCCN2CCOCCOCCN(CCO1)CCOCCOCC2
6.018927,1.7179967,99.0,250.0,0.21286961,0.0,0.1335057,0.0,13.325244,0.08826564,124.127625,146.64381,0.16614256992982304,0.16614256992982304,1.0,0.0,0.0,0.0,0.0,0.24823631406535915,0.24823631406535915,0.0,0.0,0.15568668009828,0.15568668009828,0.0,0.0,15.539134283101955,15.539134283101955,0.1029303202661006,0.1029303202661006,UFI,C1COCCN2CCOCCOCCN(CCO1)CCOCCOCC2
5.0,1.7179967,99.0,250.0,0.22929837,0.0,0.14866643,0.0,16.005756,0.08005056,128.78676,336.0,0.2,0.2,1.0,0.0,0.0,0.0,0.0,0.275158044,0.275158044,0.0,0.0,0.17839971599999999,0.17839971599999999,0.0,0.0,19.2069072,19.2069072,0.096060672,0.096060672,UFI,C1COCCN2CCOCCOCCN(CCO1)CCOCCOCC2
10.0,1.7179967,99.0,250.0,0.0,0.45758837,0.59331447,0.0,15.906091,0.09677419,120.0,336.0,0.1,0.1,1.0,0.0,0.0,0.0,0.0,0.0,0.0,0.503347207,0.503347207,0.6526459170000001,0.6526459170000001,0.0,0.0,17.4967001,17.4967001,0.106451609,0.106451609,UFI,C1COCCN2CCOCCOCCN(CCO1)CCOCCOCC2
6.4935064,1.7179967,99.0,250.0,0.0,0.0,0.13132116,0.0,13.333333,0.09995928,150.0,168.0,0.15400000221760002,0.15400000221760002,1.0,0.0,0.0,0.0,0.0,0.0,0.0,0.0,0.0,0.1515446189312178,0.1515446189312178,0.0,0.0,15.386666311568,15.386666311568,0.1153530093416697,0.1153530093416697,UFI,C1COCCN2CCOCCOCCN(CCO1)CCOCCOCC2
6.706412,1.7179967,99.0,250.0,0.17630044,0.0,0.0952381,0.0,10.015494,0.059378076,100.0,336.0,0.14911102986216773,0.14911102986216773,1.0,0.0,0.0,0.0,0.0,0.20258878017355333,0.20258878017355333,0.0,0.0,0.10943915117311613,0.10943915117311613,0.0,0.0,11.508914624918363,11.508914624918363,0.06823200206359407,0.06823200206359407,UFI,C1COCCN2CCOCCOCCN(CCO1)CCOCCOCC2
400.0,0.0,99.0,250.0,0.2813546,0.0,0.0,0.0,14.705882,0.05,120.0,168.0,0.0,0.0,1.0,0.0,0.0,0.0,0.0,0.2813546,0.2813546,0.0,0.0,0.0,0.0,0.0,0.0,14.705882,14.705882,0.05,0.05,UFI,C1COCCN2CCOCCOCCN(CCO1)CCOCCOCC2
6.6,1.7179967,99.0,250.0,0.22237222,0.0,0.28,0.0,13.78229,0.041142497,100.0,144.0,0.15151515151515152,0.15151515151515152,1.0,0.0,0.0,0.0,0.0,0.25606498060606064,0.25606498060606064,0.0,0.0,0.3224242424242425,0.3224242424242425,0.0,0.0,15.870515757575758,15.870515757575758,0.04737620866666667,0.04737620866666667,UFI,C1COCCN2CCOCCOCCN(CCO1)CCOCCOCC2
5.0,1.7179967,99.0,250.0,0.23308839,0.0,0.3036366,0.0,44.798145,0.5,100.0,480.0,0.2,0.2,1.0,0.0,0.0,0.0,0.0,0.279706068,0.279706068,0.0,0.0,0.36436391999999995,0.36436391999999995,0.0,0.0,53.757774,53.757774,0.6,0.6,UFI,C1COCCN2CCOCCOCCN(CCO1)CCOCCOCC2
10.0,1.7179967,99.0,250.0,0.36760348,0.0,0.0,0.0,42.857143,0.125,100.0,441.96704,0.1,0.1,1.0,0.0,0.0,0.0,0.0,0.40436382800000004,0.40436382800000004,0.0,0.0,0.0,0.0,0.0,0.0,47.1428573,47.1428573,0.1375,0.1375,UFI,C1COCCN2CCOCCOCCN(CCO1)CCOCCOCC2
7.5,1.7179967,99.0,250.0,0.2,0.0,0.09529834,0.0,14.423077,0.079611585,120.0,216.0,0.13333333333333333,0.13333333333333333,1.0,0.0,0.0,0.0,0.0,0.22666666666666668,0.22666666666666668,0.0,0.0,0.10800478533333333,0.10800478533333333,0.0,0.0,16.346153933333333,16.346153933333333,0.09022646299999999,0.09022646299999999,UFI,C1COCCN2CCOCCOCCN(CCO1)CCOCCOCC2
5.0,1.7179967,99.0,250.0,0.33424124,0.0,0.1902357,0.0,12.965844,0.083333336,130.0,144.0,0.2,0.2,1.0,0.0,0.0,0.0,0.0,0.401089488,0.401089488,0.0,0.0,0.22828284,0.22828284,0.0,0.0,15.5590128,15.5590128,0.10000000319999999,0.10000000319999999,UFI,C1COCCN2CCOCCOCCN(CCO1)CCOCCOCC2
6.1479683,1.7179967,99.0,250.0,0.35638875,0.0,0.0,0.0,13.428927,0.08088881,100.0,132.03716,0.16265536047087298,0.16265536047087298,1.0,0.0,0.0,0.0,0.0,0.4143572905990138,0.4143572905990138,0.0,0.0,0.0,0.0,0.0,0.0,15.613213961922037,15.613213961922037,0.09404580854860996,0.09404580854860996,UFI,C1COCCN2CCOCCOCCN(CCO1)CCOCCOCC2
8.0,1.7179967,99.0,250.0,0.39929733,0.0,0.0,0.0,12.753622,0.06267052,110.0,336.0,0.125,0.125,1.0,0.0,0.0,0.0,0.0,0.44920949625,0.44920949625,0.0,0.0,0.0,0.0,0.0,0.0,14.347824750000001,14.347824750000001,0.07050433499999999,0.07050433499999999,UFI,C1COCCN2CCOCCOCCN(CCO1)CCOCCOCC2
6.0951176,1.7179967,99.0,250.0,0.25,0.0,0.15761778,0.0,13.955723,0.06751072,120.0,120.0,0.16406574337466434,0.16406574337466434,1.0,0.0,0.0,0.0,0.0,0.2910164358436661,0.2910164358436661,0.0,0.0,0.18347745824476433,0.18347745824476433,0.0,0.0,16.245379068325903,16.245379068325903,0.07858691646255882,0.07858691646255882,UFI,C1COCCN2CCOCCOCCN(CCO1)CCOCCOCC2
6.6,1.7179967,99.0,250.0,0.20017304,0.13954309,0.24429362,0.0,15.0,0.0591338,130.0,144.0,0.15151515151515152,0.15151515151515152,1.0,0.0,0.0,0.0,0.0,0.2305022884848485,0.2305022884848485,0.16068598242424245,0.16068598242424245,0.28130780484848483,0.28130780484848483,0.0,0.0,17.272727272727273,17.272727272727273,0.06809346666666667,0.06809346666666667,UFI,C1COCCN2CCOCCOCCN(CCO1)CCOCCOCC2
5.0,1.7179967,99.0,250.0,0.38542873,0.0,0.0,0.0,10.985272,0.07578433,120.0,120.0,0.2,0.2,1.0,0.0,0.0,0.0,0.0,0.46251447599999995,0.46251447599999995,0.0,0.0,0.0,0.0,0.0,0.0,13.182326399999999,13.182326399999999,0.09094119599999999,0.09094119599999999,UFI,C1COCCN2CCOCCOCCN(CCO1)CCOCCOCC2
10.0,1.7179967,99.0,250.0,0.19354838,0.08882416,0.190495,0.0,17.5,0.09677419,110.0,360.0,0.1,0.1,1.0,0.0,0.0,0.0,0.0,0.212903218,0.212903218,0.097706576,0.097706576,0.20954450000000002,0.20954450000000002,0.0,0.0,19.25,19.25,0.106451609,0.106451609,UFI,C1COCCN2CCOCCOCCN(CCO1)CCOCCOCC2
5.0,1.7179967,99.0,250.0,0.0,0.0,0.0,0.0,11.348472,0.09485072,120.0,168.0,0.2,0.2,1.0,0.0,0.0,0.0,0.0,0.0,0.0,0.0,0.0,0.0,0.0,0.0,0.0,13.618166399999998,13.618166399999998,0.113820864,0.113820864,UFI,C1COCCN2CCOCCOCCN(CCO1)CCOCCOCC2
10.0,1.7179967,99.0,250.0,0.20794722,0.11869364,0.3,0.0,14.433656,0.06680047,150.0,120.0,0.1,0.1,1.0,0.0,0.0,0.0,0.0,0.228741942,0.228741942,0.130563004,0.130563004,0.33,0.33,0.0,0.0,15.8770216,15.8770216,0.07348051700000001,0.07348051700000001,UFI,C1COCCN2CCOCCOCCN(CCO1)CCOCCOCC2
5.0,1.7179967,99.0,250.0,0.24999475,0.0,0.16980635,0.0,13.2053995,0.06510053,100.0,96.0,0.2,0.2,1.0,0.0,0.0,0.0,0.0,0.2999937,0.2999937,0.0,0.0,0.20376761999999998,0.20376761999999998,0.0,0.0,15.8464794,15.8464794,0.07812063600000001,0.07812063600000001,UFI,C1COCCN2CCOCCOCCN(CCO1)CCOCCOCC2
7.7983823,1.7179967,99.0,250.0,0.0,0.0,0.0,0.0,9.523809,0.09677419,100.0,130.05286,0.12823172313570727,0.12823172313570727,1.0,0.0,0.0,0.0,0.0,0.0,0.0,0.0,0.0,0.0,0.0,0.0,0.0,10.745063438885357,10.745063438885357,0.10918371113876232,0.10918371113876232,UFI,C1COCCN2CCOCCOCCN(CCO1)CCOCCOCC2
5.0,1.7179967,99.0,250.0,0.3563806,0.0,0.0,0.0,11.164788,0.0625,100.0,180.0,0.2,0.2,1.0,0.0,0.0,0.0,0.0,0.42765672,0.42765672,0.0,0.0,0.0,0.0,0.0,0.0,13.397745599999999,13.397745599999999,0.075,0.075,UFI,C1COCCN2CCOCCOCCN(CCO1)CCOCCOCC2
5.9988003,1.7179967,99.0,250.0,0.20068052,0.0,0.13487895,0.0,13.51029,0.0625,110.0,192.0,0.166699998331333,0.166699998331333,1.0,0.0,0.0,0.0,0.0,0.23413396234913106,0.23413396234913106,0.0,0.0,0.15736327073993195,0.15736327073993195,0.0,0.0,15.762455320455825,15.762455320455825,0.07291874989570832,0.07291874989570832,UFI,C1COCCN2CCOCCOCCN(CCO1)CCOCCOCC2
0.30845785,1.0,99.0,250.0,0.0,0.0,0.0,0.0,11.6806965,0.09677419,175.0,96.0,3.2419340276151183,3.2419340276151183,1.0,0.0,0.0,0.0,0.0,0.0,0.0,0.0,0.0,0.0,0.0,0.0,0.0,49.54874394959481,49.54874394959481,0.41050972955589066,0.41050972955589066,UFI,C1COCCN2CCOCCOCCN(CCO1)CCOCCOCC2
7.1082525,1.7179967,99.0,250.0,0.35822368,0.13712326,0.0,0.0,18.969374,0.11313199,110.0,384.0,0.14068155288518522,0.14068155288518522,1.0,0.0,0.0,0.0,0.0,0.40861914358264567,0.40861914358264567,0.156413973153479,0.156413973153479,0.0,0.0,0.0,0.0,21.638014991579855,21.638014991579855,0.12904757403419126,0.12904757403419126,UFI,C1COCCN2CCOCCOCCN(CCO1)CCOCCOCC2
7.3304906,1.7179967,99.0,250.0,0.195955,0.01858976,0.30131194,0.0,13.645078,0.05,100.0,168.0,0.1364165176066115,0.1364165176066115,1.0,0.0,0.0,0.0,0.0,0.22268649870760354,0.22268649870760354,0.021125710322342683,0.021125710322342683,0.3424158655680922,0.3424158655680922,0.0,0.0,15.506492023230587,15.506492023230587,0.05682082588033058,0.05682082588033058,UFI,C1COCCN2CCOCCOCCN(CCO1)CCOCCOCC2
5.9990396,1.7179967,99.0,250.0,0.3876727,0.0,0.0,0.0,14.705882,0.075,180.0,144.0,0.16669334871535105,0.16669334871535105,1.0,0.0,0.0,0.0,0.0,0.45229516056852165,0.45229516056852165,0.0,0.0,0.0,0.0,0.0,0.0,17.157254716392803,17.157254716392803,0.08750200115365132,0.08750200115365132,UFI,C1COCCN2CCOCCOCCN(CCO1)CCOCCOCC2
8.0,1.7179967,99.0,250.0,0.22047566,0.045861103,0.30954444,0.0,15.217391,0.09677419,150.0,72.0,0.125,0.125,1.0,0.0,0.0,0.0,0.0,0.24803511749999999,0.24803511749999999,0.051593740875,0.051593740875,0.34823749499999995,0.34823749499999995,0.0,0.0,17.119564875,17.119564875,0.10887096375,0.10887096375,UFI,C1COCCN2CCOCCOCCN(CCO1)CCOCCOCC2
5.998702,1.7179967,99.0,250.0,0.19570847,0.0,0.16592504,0.0,12.5,0.05735145,130.0,118.12321,0.16670273002392852,0.16670273002392852,1.0,0.0,0.0,0.0,0.0,0.2283336062378061,0.2283336062378061,0.0,0.0,0.19358519714732955,0.19358519714732955,0.0,0.0,14.583784125299108,14.583784125299108,0.06691209328583084,0.06691209328583084,UFI,C1COCCN2CCOCCOCCN(CCO1)CCOCCOCC2
5.0357203,1.7179967,99.0,250.0,0.2844099,0.0,0.1432312,0.0,13.6054125,0.0688121,100.0,216.0,0.19858132311280274,0.19858132311280274,1.0,0.0,0.0,0.0,0.0,0.34088839424837986,0.34088839424837986,0.0,0.0,0.17167424120703445,0.17167424120703445,0.0,0.0,16.307193315745465,16.307193315745465,0.08247689786417049,0.08247689786417049,UFI,C1COCCN2CCOCCOCCN(CCO1)CCOCCOCC2
10.0,1.7179967,99.0,250.0,0.0,0.07498017,0.18771346,0.0,25.0,0.1,120.0,360.0,0.1,0.1,1.0,0.0,0.0,0.0,0.0,0.0,0.0,0.08247818700000001,0.08247818700000001,0.20648480600000002,0.20648480600000002,0.0,0.0,27.500000000000004,27.500000000000004,0.11000000000000001,0.11000000000000001,UFI,C1COCCN2CCOCCOCCN(CCO1)CCOCCOCC2
7.5,1.7179967,99.0,250.0,0.2499675,0.0,0.21867011,0.0,14.0,0.0827375,120.0,360.0,0.13333333333333333,0.13333333333333333,1.0,0.0,0.0,0.0,0.0,0.2832965,0.2832965,0.0,0.0,0.24782612466666668,0.24782612466666668,0.0,0.0,15.866666666666667,15.866666666666667,0.09376916666666667,0.09376916666666667,UFI,C1COCCN2CCOCCOCCN(CCO1)CCOCCOCC2
6.4935064,1.7179967,99.0,250.0,0.34959581,0.0,0.0,0.0,15.0,0.03502666,135.0,144.0,0.15400000221760002,0.15400000221760002,1.0,0.0,0.0,0.0,0.0,0.40343356551526366,0.40343356551526366,0.0,0.0,0.0,0.0,0.0,0.0,17.310000033264,17.310000033264,0.040420765717675125,0.040420765717675125,UFI,C1COCCN2CCOCCOCCN(CCO1)CCOCCOCC2
5.0,1.7179967,99.0,250.0,0.25,0.0,0.11149673,0.0,19.553617,0.09677419,110.0,353.7796,0.2,0.2,1.0,0.0,0.0,0.0,0.0,0.3,0.3,0.0,0.0,0.13379607599999999,0.13379607599999999,0.0,0.0,23.464340399999998,23.464340399999998,0.116129028,0.116129028,UFI,C1COCCN2CCOCCOCCN(CCO1)CCOCCOCC2
5.0193515,1.7179967,99.0,250.0,0.18802936,0.0,0.15757298,0.0,15.217391,0.09498024,100.0,480.0,0.19922892429430375,0.19922892429430375,1.0,0.0,0.0,0.0,0.0,0.2254902471285464,0.2254902471285464,0.0,0.0,0.18896607530324783,0.18896607530324783,0.0,0.0,18.249135439495817,18.249135439495817,0.1139030510444148,0.1139030510444148,UFI,C1COCCN2CCOCCOCCN(CCO1)CCOCCOCC2
6.8950124,1.7179967,99.0,250.0,0.28166282,0.0,0.0,0.0,10.430779,0.07344317,108.804756,120.0,0.14503237151538698,0.14503237151538698,1.0,0.0,0.0,0.0,0.0,0.3225130467523115,0.3225130467523115,0.0,0.0,0.0,0.0,0.0,0.0,11.943579615122896,11.943579615122896,0.08409480711670772,0.08409480711670772,UFI,C1COCCN2CCOCCOCCN(CCO1)CCOCCOCC2
7.5619426,1.7179967,99.0,250.0,0.21451725,0.0,0.18706428,0.0,14.423077,0.07223843,101.603004,336.0,0.13224115189660393,0.13224115189660393,1.0,0.0,0.0,0.0,0.0,0.24288525824169177,0.24288525824169177,0.0,0.0,0.21180187586590887,0.21180187586590887,0.0,0.0,16.330401316373415,16.330401316373415,0.0817913231944022,0.0817913231944022,UFI,C1COCCN2CCOCCOCCN(CCO1)CCOCCOCC2
9.090946,1.7179967,99.0,250.0,0.0,0.0,0.0,0.0,12.5,0.09062416,110.0,96.0,0.10999955340181318,0.10999955340181318,1.0,0.0,0.0,0.0,0.0,0.0,0.0,0.0,0.0,0.0,0.0,0.0,0.0,13.874994417522664,13.874994417522664,0.10059277712741446,0.10059277712741446,UFI,C1COCCN2CCOCCOCCN(CCO1)CCOCCOCC2
6.665036,1.7179967,99.0,250.0,0.2959901,0.0,0.13642181,0.0,15.151515,0.07071819,100.0,120.0,0.15003669897656968,0.15003669897656968,1.0,0.0,0.0,0.0,0.0,0.3403994775337447,0.3403994775337447,0.0,0.0,0.15689008804080878,0.15689008804080878,0.0,0.0,17.42479829509398,17.42479829509398,0.08132851378519786,0.08132851378519786,UFI,C1COCCN2CCOCCOCCN(CCO1)CCOCCOCC2
8.047687,1.7179967,99.0,250.0,0.24142142,0.13774863,0.19715951,0.0,17.99931,0.11612315,150.0,96.0,0.12425930581047698,0.12425930581047698,1.0,0.0,0.0,0.0,0.0,0.2714202780569796,0.2714202780569796,0.15486517914014428,0.15486517914014428,0.2216584138465338,0.2216584138465338,0.0,0.0,20.235891765667578,20.235891765667578,0.1305525320075259,0.1305525320075259,UFI,C1COCCN2CCOCCOCCN(CCO1)CCOCCOCC2
6.6447697,1.7179967,99.0,250.0,0.2,0.0,0.17156006,0.0,17.5,0.0952381,110.0,336.0,0.1504943053180609,0.1504943053180609,1.0,0.0,0.0,0.0,0.0,0.23009886106361221,0.23009886106361221,0.0,0.0,0.19737887205002483,0.19737887205002483,0.0,0.0,20.133650343066066,20.133650343066066,0.10957089169931203,0.10957089169931203,UFI,C1COCCN2CCOCCOCCN(CCO1)CCOCCOCC2
10.0,1.7179967,99.0,250.0,0.0,0.19935308,0.5,0.0,13.636364,0.05184394,120.0,336.0,0.1,0.1,1.0,0.0,0.0,0.0,0.0,0.0,0.0,0.219288388,0.219288388,0.55,0.55,0.0,0.0,15.000000400000001,15.000000400000001,0.057028334,0.057028334,UFI,C1COCCN2CCOCCOCCN(CCO1)CCOCCOCC2
9.004276,1.7179967,99.0,250.0,0.2961754,0.0,0.25,0.0,12.5,0.06255025,120.0,120.0,0.11105834605691783,0.11105834605691783,1.0,0.0,0.0,0.0,0.0,0.32906815006674606,0.32906815006674606,0.0,0.0,0.2777645865142295,0.2777645865142295,0.0,0.0,13.888229325711473,13.888229325711473,0.06949697731044673,0.06949697731044673,UFI,C1COCCN2CCOCCOCCN(CCO1)CCOCCOCC2
6.548565,1.7179967,99.0,250.0,0.3023797,0.0,0.0,0.0,13.870466,0.075,100.0584,168.0,0.15270521098897238,0.15270521098897238,1.0,0.0,0.0,0.0,0.0,0.3485546558872821,0.3485546558872821,0.0,0.0,0.0,0.0,0.0,0.0,15.988558437045368,15.988558437045368,0.08645289082417293,0.08645289082417293,UFI,C1COCCN2CCOCCOCCN(CCO1)CCOCCOCC2
6.4935064,1.7179967,99.0,250.0,0.24995612,0.0,0.25,0.0,11.25,0.059855066,110.0,336.0,0.15400000221760002,0.15400000221760002,1.0,0.0,0.0,0.0,0.0,0.2884493630343027,0.2884493630343027,0.0,0.0,0.2885000005544,0.2885000005544,0.0,0.0,12.982500024948001,12.982500024948001,0.0690727462967346,0.0690727462967346,UFI,C1COCCN2CCOCCOCCN(CCO1)CCOCCOCC2
6.4935064,1.7179967,99.0,250.0,0.18859547,0.046311118,0.25,0.0,14.0,0.06274971,100.0,264.0,0.15400000221760002,0.15400000221760002,1.0,0.0,0.0,0.0,0.0,0.2176391727982293,0.2176391727982293,0.053443030274699536,0.053443030274699536,0.2885000005544,0.2885000005544,0.0,0.0,16.1560000310464,16.1560000310464,0.07241316547915376,0.07241316547915376,UFI,C1COCCN2CCOCCOCCN(CCO1)CCOCCOCC2
10.0,1.7179967,99.0,250.0,0.21362996,0.0,0.116765484,0.0,14.0,0.083333336,100.0,180.0,0.1,0.1,1.0,0.0,0.0,0.0,0.0,0.23499295600000003,0.23499295600000003,0.0,0.0,0.12844203240000002,0.12844203240000002,0.0,0.0,15.400000000000002,15.400000000000002,0.0916666696,0.0916666696,UFI,C1COCCN2CCOCCOCCN(CCO1)CCOCCOCC2
6.4935064,1.7179967,99.0,250.0,0.20070389,0.11707715,0.28142685,0.0,14.705882,0.05,101.46188,336.0,0.15400000221760002,0.15400000221760002,1.0,0.0,0.0,0.0,0.0,0.23161228950508095,0.23161228950508095,0.1351070313596303,0.1351070313596303,0.3247665855240922,0.3247665855240922,0.0,0.0,16.970587860611765,16.970587860611765,0.05770000011088,0.05770000011088,UFI,C1COCCN2CCOCCOCCN(CCO1)CCOCCOCC2
6.755335,1.7179967,99.0,250.0,0.0,0.280031,0.38666177,0.0,14.503419,0.048269283,120.0,336.0,0.14803114871431247,0.14803114871431247,1.0,0.0,0.0,0.0,0.0,0.0,0.0,0.3214843106056176,0.3214843106056176,0.4438997559770093,0.4438997559770093,0.0,0.0,16.650376774854983,16.650376774854983,0.055414640410106235,0.055414640410106235,UFI,C1COCCN2CCOCCOCCN(CCO1)CCOCCOCC2
10.006362,1.7179967,99.0,250.0,0.1904762,0.12557188,0.19049041,0.0,13.918316,0.07095427,125.0,168.0,0.09993642044931016,0.09993642044931016,1.0,0.0,0.0,0.0,0.0,0.20951170960878687,0.20951170960878687,0.1381210841962903,0.1381210841962903,0.20952733970532145,0.20952733970532145,0.0,0.0,15.30926267972236,15.30926267972236,0.07804518575939387,0.07804518575939387,UFI,C1COCCN2CCOCCOCCN(CCO1)CCOCCOCC2
5.999585,1.7179967,99.0,250.0,0.3187015,0.0,0.0,0.0,11.25,0.056405716,100.0,120.609085,0.16667819524183758,0.16667819524183758,1.0,0.0,0.0,0.0,0.0,0.3718220908408665,0.3718220908408665,0.0,0.0,0.0,0.0,0.0,0.0,13.12512969647067,13.12512969647067,0.06580731894420364,0.06580731894420364,UFI,C1COCCN2CCOCCOCCN(CCO1)CCOCCOCC2
8.019323,1.7179967,99.0,250.0,0.16666667,0.03534203,0.2,0.0,14.062488,0.04135951,100.0,336.0,0.12469880562236987,0.12469880562236987,1.0,0.0,0.0,0.0,0.0,0.18744980468605765,0.18744980468605765,0.03974913892926997,0.03974913892926997,0.224939761124474,0.224939761124474,0.0,0.0,15.81606345767891,15.81606345767891,0.046516991498126464,0.046516991498126464,UFI,C1COCCN2CCOCCOCCN(CCO1)CCOCCOCC2
7.4339805,1.7179967,99.0,250.0,0.2,0.0,0.28215107,0.0,15.343857,0.062704034,101.48882,336.0,0.1345174365200447,0.1345174365200447,1.0,0.0,0.0,0.0,0.0,0.22690348730400897,0.22690348730400897,0.0,0.0,0.3201053086477877,0.3201053086477877,0.0,0.0,17.407873309970146,17.407873309970146,0.07113881991314573,0.07113881991314573,UFI,C1COCCN2CCOCCOCCN(CCO1)CCOCCOCC2
8.0,1.7179967,99.0,250.0,0.1933535,0.10170595,0.303599,0.0,14.285714,0.061034754,110.0,110.0,0.125,0.125,1.0,0.0,0.0,0.0,0.0,0.2175226875,0.2175226875,0.11441919375000001,0.11441919375000001,0.34154887500000003,0.34154887500000003,0.0,0.0,16.07142825,16.07142825,0.06866409825,0.06866409825,UFI,C1COCCN2CCOCCOCCN(CCO1)CCOCCOCC2
6.9208775,1.7179967,99.0,250.0,0.28764305,0.0,0.053834084,0.0,14.285714,0.07568629,110.0,216.0,0.14449034822535148,0.14449034822535148,1.0,0.0,0.0,0.0,0.0,0.32920469445910217,0.32920469445910217,0.0,0.0,0.061612589543552816,0.061612589543552816,0.0,0.0,16.349861790507777,16.349861790507777,0.08662222839798493,0.08662222839798493,UFI,C1COCCN2CCOCCOCCN(CCO1)CCOCCOCC2
7.5,1.7179967,99.0,250.0,0.31084013,0.0,0.15630658,0.0,12.733722,0.08434291,150.0,143.70717,0.13333333333333333,0.13333333333333333,1.0,0.0,0.0,0.0,0.0,0.35228548066666665,0.35228548066666665,0.0,0.0,0.17714745733333334,0.17714745733333334,0.0,0.0,14.4315516,14.4315516,0.09558863133333333,0.09558863133333333,UFI,C1COCCN2CCOCCOCCN(CCO1)CCOCCOCC2
6.4935064,1.7179967,99.0,250.0,0.19944721,0.0,0.19871926,0.0,13.636364,0.05,110.0,120.0,0.15400000221760002,0.15400000221760002,1.0,0.0,0.0,0.0,0.0,0.23016208078229417,0.23016208078229417,0.0,0.0,0.22932202648067984,0.22932202648067984,0.0,0.0,15.736364086240002,15.736364086240002,0.05770000011088,0.05770000011088,UFI,C1COCCN2CCOCCOCCN(CCO1)CCOCCOCC2
6.537506,1.7179967,99.0,250.0,0.3563771,0.0,0.0,0.0,9.906476,0.06807766,110.0,130.39977,0.1529635307409278,0.1529635307409278,1.0,0.0,0.0,0.0,0.0,0.41088979949121274,0.41088979949121274,0.0,0.0,0.0,0.0,0.0,0.0,11.421805546160263,11.421805546160263,0.07849105923818044,0.07849105923818044,UFI,C1COCCN2CCOCCOCCN(CCO1)CCOCCOCC2
6.6,1.7179967,99.0,250.0,0.32136413,0.0,0.23244645,0.0,11.17783,0.08216375,120.0,120.0,0.15151515151515152,0.15151515151515152,1.0,0.0,0.0,0.0,0.0,0.3700556648484849,0.3700556648484849,0.0,0.0,0.2676656090909091,0.2676656090909091,0.0,0.0,12.871440606060608,12.871440606060608,0.09461280303030303,0.09461280303030303,UFI,C1COCCN2CCOCCOCCN(CCO1)CCOCCOCC2
11.017051,1.7179967,99.0,250.0,0.0,0.27670124,0.2955138,0.0,15.350738,0.041666668,120.0,240.0,0.09076839165036088,0.09076839165036088,1.0,0.0,0.0,0.0,0.0,0.0,0.0,0.3018169665224605,0.3018169665224605,0.3223371123364864,0.3223371123364864,0.0,0.0,16.744099798906074,16.744099798906074,0.04544868443978955,0.04544868443978955,UFI,C1COCCN2CCOCCOCCN(CCO1)CCOCCOCC2
8.0,1.7179967,99.0,250.0,0.19594555,0.0009034241,0.17461753,0.0,17.970549,0.11246902,110.0,336.0,0.125,0.125,1.0,0.0,0.0,0.0,0.0,0.22043874375,0.22043874375,0.0010163521125,0.0010163521125,0.19644472124999998,0.19644472124999998,0.0,0.0,20.216867625,20.216867625,0.1265276475,0.1265276475,UFI,C1COCCN2CCOCCOCCN(CCO1)CCOCCOCC2
9.091,1.7179967,99.0,250.0,0.29785085,0.0,0.3,0.0,14.066074,0.06267502,100.0,120.0,0.10999890001099989,0.10999890001099989,1.0,0.0,0.0,0.0,0.0,0.33061411586734135,0.33061411586734135,0.0,0.0,0.3329996700033,0.3329996700033,0.0,0.0,15.613326667473327,15.613326667473327,0.06956920325816743,0.06956920325816743,UFI,C1COCCN2CCOCCOCCN(CCO1)CCOCCOCC2
7.1460643,1.7179967,99.0,250.0,0.29791728,0.0,0.0,0.0,12.684035,0.08,110.0,96.0,0.1399371679317243,0.1399371679317243,1.0,0.0,0.0,0.0,0.0,0.33960698044112253,0.33960698044112253,0.0,0.0,0.0,0.0,0.0,0.0,14.459002935846868,14.459002935846868,0.09119497343453795,0.09119497343453795,UFI,C1COCCN2CCOCCOCCN(CCO1)CCOCCOCC2
