{
    "MMD mean": 2.0087857169489705,
    "MMD std": 1.3389993350390077
}