{
    "maes": {
        "Si/Al": 16.74830897449948,
        "Al/P": 0.18136507940677102,
        "Si/Ge": 1.0690557984568232,
        "Si/B": 7.185749176076324,
        "Na/T": 0.08139276352967402,
        "K/T": 0.07210431720495665,
        "OH/T": 0.12898730337226474,
        "F/T": 0.09998910936083512,
        "H2O/T": 24.317660211545405,
        "sda1/T": 0.46292234753211664,
        "cryst_temp": 27.59491163684476,
        "cryst_time": 1088.7990863073258
    },
    "wmaes": {
        "Si/Al": 3.653489082926077,
        "Al/P": 0.2705576393971313,
        "Si/Ge": 1.4795655669005348,
        "Si/B": 6.842919189886347,
        "Na/T": 0.023619668634248168,
        "K/T": 0.10827453650279759,
        "OH/T": 0.09920701699809217,
        "F/T": 0.035040804654964064,
        "H2O/T": 19.74702925293391,
        "sda1/T": 0.15757763833573993,
        "cryst_temp": 27.101065703737753,
        "cryst_time": 1098.933881117563
    },
    "r2s": {
        "Si/Al": null,
        "Al/P": null,
        "Si/Ge": null,
        "Si/B": null,
        "Na/T": null,
        "K/T": null,
        "OH/T": null,
        "F/T": null,
        "H2O/T": null,
        "sda1/T": null,
        "cryst_temp": null,
        "cryst_time": null
    }
}