{
    "WSD mean": 0.5920518544858121,
    "WSD std": 0.4100123649358271
}