{
    "MMD mean": 2.1082811137681365,
    "MMD std": 1.5539568153488204
}