{
    "MMD mean": 1.845400021626399,
    "MMD std": 1.6394242467391504
}