{
    "maes": {
        "Si/Al": 16.891387118445387,
        "Al/P": 0.10220335277798208,
        "Si/Ge": 1.6146166278196532,
        "Si/B": 6.114834403627161,
        "Na/T": 0.10200727662456474,
        "K/T": 0.08146087294426617,
        "OH/T": 0.19445622613454894,
        "F/T": 0.12175194017606089,
        "H2O/T": 24.94176908667596,
        "sda1/T": 0.4090120642865498,
        "cryst_temp": 15.337368533673803,
        "cryst_time": 262.1735289309214
    },
    "wmaes": {
        "Si/Al": 1.7126821188907657,
        "Al/P": 0.280673871246742,
        "Si/Ge": 2.6882352458189445,
        "Si/B": 6.165286625804717,
        "Na/T": 0.03717807685141729,
        "K/T": 0.03023998940798285,
        "OH/T": 0.2368951567624631,
        "F/T": 0.0979845016572728,
        "H2O/T": 24.087814513587773,
        "sda1/T": 0.2983749624654841,
        "cryst_temp": 15.238715857662523,
        "cryst_time": 232.632363406143
    },
    "r2s": {
        "Si/Al": -3.563935966645486,
        "Al/P": 0.4806245720988732,
        "Si/Ge": 0.10932600299404194,
        "Si/B": -0.2825997105006173,
        "Na/T": 0.060500883822279805,
        "K/T": -33.33292375504669,
        "OH/T": -1.3182735245228079,
        "F/T": -0.12460116664955678,
        "H2O/T": -6.081278467672855,
        "sda1/T": -0.923313507989902,
        "cryst_temp": -0.6891785916988171,
        "cryst_time": -0.2389107311415728
    }
}