{
    "maes": {
        "Si/Al": 15.799811521745108,
        "Al/P": 0.11408802676612717,
        "Si/Ge": 1.2562850450032474,
        "Si/B": 6.1565073685757135,
        "Na/T": 0.09709348051642493,
        "K/T": 0.04469433317981149,
        "OH/T": 0.14895705000172615,
        "F/T": 0.1286219909858144,
        "H2O/T": 24.48802148069017,
        "sda1/T": 0.4700797986361521,
        "cryst_temp": 16.139389800807933,
        "cryst_time": 301.1342834058901
    },
    "wmaes": {
        "Si/Al": 2.9381174381859516,
        "Al/P": 0.24693467977491113,
        "Si/Ge": 2.5012526460420177,
        "Si/B": 11.217341013263871,
        "Na/T": 0.035469623096464856,
        "K/T": 0.023989359846059478,
        "OH/T": 0.19181351804954,
        "F/T": 0.10541785062941295,
        "H2O/T": 19.515750901053742,
        "sda1/T": 0.18506752283172195,
        "cryst_temp": 16.618087806210625,
        "cryst_time": 196.50221316689033
    },
    "r2s": {
        "Si/Al": -1.389929735725807,
        "Al/P": 0.5076445886916363,
        "Si/Ge": 0.1801938659386697,
        "Si/B": -0.28766299030182463,
        "Na/T": 0.17532974728737716,
        "K/T": -16.48281892232643,
        "OH/T": -0.8302787383206154,
        "F/T": -0.5595427187448676,
        "H2O/T": -3.914997806566614,
        "sda1/T": -2.4897007464114975,
        "cryst_temp": -0.7641051904406371,
        "cryst_time": -0.44840639112232394
    }
}