{
    "WSD mean": 0.554778312911438,
    "WSD std": 0.4710964482746926
}