{
    "WSD mean": 0.5308187537407064,
    "WSD std": 0.4661714179959445
}