{
    "MMD mean": 1.6992611518272986,
    "MMD std": 1.69506597991332
}