{
    "MMD mean": 2.005750531791359,
    "MMD std": 1.7311277974368513
}