{
    "maes": {
        "Si/Al": 19.622020876491465,
        "Al/P": 0.12484673068778382,
        "Si/Ge": 1.5210132662684868,
        "Si/B": 6.979469274361651,
        "Na/T": 0.07148755356220231,
        "K/T": 0.07408259576088529,
        "OH/T": 0.16295587337000758,
        "F/T": 0.06925031859618955,
        "H2O/T": 29.60124645545752,
        "sda1/T": 0.39215746916271,
        "cryst_temp": 14.6427493385178,
        "cryst_time": 168.45614425804598
    },
    "wmaes": {
        "Si/Al": 6.563875001792918,
        "Al/P": 0.26472814750959245,
        "Si/Ge": 2.362403015215482,
        "Si/B": 3.1831510981555526,
        "Na/T": 0.02393303949450025,
        "K/T": 0.0177301362267129,
        "OH/T": 0.1852961927178464,
        "F/T": 0.007952977112886329,
        "H2O/T": 15.094762339884301,
        "sda1/T": 0.1728068441108725,
        "cryst_temp": 14.277626262569763,
        "cryst_time": 101.0166486739494
    },
    "r2s": {
        "Si/Al": -1.810699696736616,
        "Al/P": 0.43029723553567156,
        "Si/Ge": 0.22497467246317449,
        "Si/B": -0.32244113954945197,
        "Na/T": 0.24835439258945002,
        "K/T": -56.60948100181822,
        "OH/T": -0.669039663564059,
        "F/T": 0.26772744119754877,
        "H2O/T": -0.4332466319792494,
        "sda1/T": -4.402828843456057,
        "cryst_temp": -0.2452476646945232,
        "cryst_time": 0.015583495430216976
    }
}