{
    "maes": {
        "Si/Al": 15.800792929736328,
        "Al/P": 0.12287773447200799,
        "Si/Ge": 1.4141130350488034,
        "Si/B": 6.125260415008394,
        "Na/T": 0.08044032690015318,
        "K/T": 0.03924499511115943,
        "OH/T": 0.12461133356174992,
        "F/T": 0.07953018955355273,
        "H2O/T": 26.091628671923214,
        "sda1/T": 0.3799660865623849,
        "cryst_temp": 14.250007320893921,
        "cryst_time": 223.6736802087002
    },
    "wmaes": {
        "Si/Al": 3.45977180366501,
        "Al/P": 0.2573013279078379,
        "Si/Ge": 3.1097819514689196,
        "Si/B": 4.747338606959328,
        "Na/T": 0.02553541933973881,
        "K/T": 0.01569062550907467,
        "OH/T": 0.20372549599863787,
        "F/T": 0.017392557654313804,
        "H2O/T": 15.672505475166043,
        "sda1/T": 0.19874353441868414,
        "cryst_temp": 14.293121414998696,
        "cryst_time": 206.78698166837654
    },
    "r2s": {
        "Si/Al": -0.5302937690678602,
        "Al/P": 0.39477033429431085,
        "Si/Ge": 0.2010230128399807,
        "Si/B": -0.09107528988087488,
        "Na/T": 0.31620808233132813,
        "K/T": -13.45741786204744,
        "OH/T": 0.3657521405796855,
        "F/T": -0.03285760753042921,
        "H2O/T": -0.20642050289487957,
        "sda1/T": -0.18938559107471664,
        "cryst_temp": -0.35507004795552777,
        "cryst_time": -0.06294891772606359
    }
}