{
    "WSD mean": 0.4851671034918758,
    "WSD std": 0.4884623731385491
}