{
    "WSD mean": 0.4551038777000291,
    "WSD std": 0.4640725713633416
}