{
    "MMD mean": 1.6934186495267427,
    "MMD std": 1.4603398156639864
}