{
    "MMD mean": 2.0281919458860993,
    "MMD std": 1.46428141109607
}