{
    "maes": {
        "Si/Al": 17.536699196450847,
        "Al/P": 0.12767850713740136,
        "Si/Ge": 0.9375293554293584,
        "Si/B": 6.974863969002459,
        "Na/T": 0.09313479935308838,
        "K/T": 0.043781358947181284,
        "OH/T": 0.1565554447385761,
        "F/T": 0.11788653710577783,
        "H2O/T": 23.85468134427418,
        "sda1/T": 0.42566849751676294,
        "cryst_temp": 16.531061181006905,
        "cryst_time": 189.20630600328036
    },
    "wmaes": {
        "Si/Al": 2.890103786711176,
        "Al/P": 0.287676775260468,
        "Si/Ge": 1.4268175942276193,
        "Si/B": 4.586021295044371,
        "Na/T": 0.02959654172838686,
        "K/T": 0.02959139720826714,
        "OH/T": 0.21849179847968392,
        "F/T": 0.018293027535924027,
        "H2O/T": 19.70135525218599,
        "sda1/T": 0.228245630831878,
        "cryst_temp": 16.6683080155124,
        "cryst_time": 135.2899085516102
    },
    "r2s": {
        "Si/Al": -1.3485516383863554,
        "Al/P": 0.41014037814010307,
        "Si/Ge": -0.6012233228118005,
        "Si/B": -1.554013883076053,
        "Na/T": -0.09760962367742021,
        "K/T": -22.42014099779199,
        "OH/T": -0.31999988926590106,
        "F/T": -0.8985265992798046,
        "H2O/T": -2.607357926368615,
        "sda1/T": -3.397087100365125,
        "cryst_temp": -0.5843495772515357,
        "cryst_time": -2.631762316124931
    }
}