{
    "maes": {
        "Si/Al": 18.369659009289894,
        "Al/P": 0.12331269264101909,
        "Si/Ge": 0.9333787086879408,
        "Si/B": 7.433805942820393,
        "Na/T": 0.08757489683236014,
        "K/T": 0.07970289979028586,
        "OH/T": 0.18877950420084755,
        "F/T": 0.10799828777833424,
        "H2O/T": 23.80730945758051,
        "sda1/T": 0.38433442481212715,
        "cryst_temp": 16.542955818700896,
        "cryst_time": 154.21398240492985
    },
    "wmaes": {
        "Si/Al": 1.1927377466131643,
        "Al/P": 0.2292024312419363,
        "Si/Ge": 0.9459732433197026,
        "Si/B": 1.4283970947420714,
        "Na/T": 0.02286082427855459,
        "K/T": 0.023457693983350555,
        "OH/T": 0.26691544147405455,
        "F/T": 0.03137126354120236,
        "H2O/T": 24.123818724556283,
        "sda1/T": 0.294284041825373,
        "cryst_temp": 16.197020803334254,
        "cryst_time": 113.55788523291476
    },
    "r2s": {
        "Si/Al": -3.2216659779015213,
        "Al/P": 0.38270908132201165,
        "Si/Ge": -0.008562128139979253,
        "Si/B": -0.21304918052241928,
        "Na/T": 0.25996713591317244,
        "K/T": -103.83792164572851,
        "OH/T": -0.2700506939293099,
        "F/T": -0.25426337005770194,
        "H2O/T": -2.230322105888868,
        "sda1/T": -2.1415404583083437,
        "cryst_temp": -0.4721686905557898,
        "cryst_time": -0.4170116581318468
    }
}