{
    "WSD mean": 0.5245429615716524,
    "WSD std": 0.42109956600025067
}