{
    "WSD mean": 0.5218920722829282,
    "WSD std": 0.4245729387333789
}