{
    "MMD mean": 1.680473125897921,
    "MMD std": 1.6190189574613227
}