{
    "MMD mean": 1.994771401087443,
    "MMD std": 1.5792430201358887
}