{
    "maes": {
        "Si/Al": 16.966194550409824,
        "Al/P": 0.12520246934091028,
        "Si/Ge": 0.7223946299745776,
        "Si/B": 8.168624469729865,
        "Na/T": 0.0850108397128962,
        "K/T": 0.041178320887891695,
        "OH/T": 0.13794411432684073,
        "F/T": 0.0988656465314354,
        "H2O/T": 26.937912987145946,
        "sda1/T": 0.43202845431008885,
        "cryst_temp": 15.215890051521896,
        "cryst_time": 310.70955579997707
    },
    "wmaes": {
        "Si/Al": 2.4824321390569613,
        "Al/P": 0.31484006298458667,
        "Si/Ge": 0.8590068171013931,
        "Si/B": 21.316785691665878,
        "Na/T": 0.023440552838842187,
        "K/T": 0.011390668547337661,
        "OH/T": 0.19282021217936626,
        "F/T": 0.027017923715432948,
        "H2O/T": 42.0227367431991,
        "sda1/T": 0.19481708519150295,
        "cryst_temp": 15.758154628838657,
        "cryst_time": 247.7252781431892
    },
    "r2s": {
        "Si/Al": -0.7638984877415966,
        "Al/P": 0.524712350205901,
        "Si/Ge": -0.4793033078129665,
        "Si/B": -1.2232251730706252,
        "Na/T": 0.23446105092057767,
        "K/T": -43.635792626108184,
        "OH/T": -0.32987098558922634,
        "F/T": -1.0235227080991254,
        "H2O/T": -0.8401451110037768,
        "sda1/T": -2.220055443688329,
        "cryst_temp": -0.7463853430226532,
        "cryst_time": -0.37766080254662837
    }
}