{
    "maes": {
        "Si/Al": 16.735045216041748,
        "Al/P": 0.08553040333364814,
        "Si/Ge": 0.5620226405925149,
        "Si/B": 7.106582908080905,
        "Na/T": 0.07434909668397596,
        "K/T": 0.07438478120269283,
        "OH/T": 0.17906905687217367,
        "F/T": 0.08409336119349012,
        "H2O/T": 28.00116625758829,
        "sda1/T": 0.3901526929019833,
        "cryst_temp": 15.406841367858496,
        "cryst_time": 216.5299957902535
    },
    "wmaes": {
        "Si/Al": 0.6848299404180804,
        "Al/P": 0.22302499751595306,
        "Si/Ge": 0.5658458259734134,
        "Si/B": 2.5569813803570645,
        "Na/T": 0.017053661192209923,
        "K/T": 0.013166648843000565,
        "OH/T": 0.23264152782933029,
        "F/T": 0.022601035924457155,
        "H2O/T": 56.87994536541994,
        "sda1/T": 0.3086511036502655,
        "cryst_temp": 15.384150443092647,
        "cryst_time": 140.96951567262994
    },
    "r2s": {
        "Si/Al": -1.6192814989416577,
        "Al/P": 0.7260958808369804,
        "Si/Ge": 0.1727390954767417,
        "Si/B": -0.6960894077498732,
        "Na/T": 0.4325090532533461,
        "K/T": -496.39132639828875,
        "OH/T": -1.6498740023381502,
        "F/T": 0.11580159282972247,
        "H2O/T": -0.6701262293451098,
        "sda1/T": -1.9902703930045251,
        "cryst_temp": -0.647295869904484,
        "cryst_time": -0.11975416818764928
    }
}