{
    "WSD mean": 0.5014253704737069,
    "WSD std": 0.4495842031623058
}