{
    "WSD mean": 0.5129127579222662,
    "WSD std": 0.469052966505579
}