{
    "MMD mean": 2.2344070544806858,
    "MMD std": 1.9028506793580375
}