{
    "MMD mean": 1.9840838267252996,
    "MMD std": 1.8604522509000412
}