{
    "maes": {
        "Si/Al": 17.50182871512025,
        "Al/P": 0.11004780962598476,
        "Si/Ge": 0.6502797494826638,
        "Si/B": 9.43991725899103,
        "Na/T": 0.10302234865631688,
        "K/T": 0.08276885898258256,
        "OH/T": 0.19330757751139754,
        "F/T": 0.08437718053885411,
        "H2O/T": 31.31714476238738,
        "sda1/T": 0.40736045706726826,
        "cryst_temp": 16.20174481080141,
        "cryst_time": 111.82249435435422
    },
    "wmaes": {
        "Si/Al": 5.329914157244298,
        "Al/P": 0.3061473090590829,
        "Si/Ge": 0.8275104037733726,
        "Si/B": 6.435805795772673,
        "Na/T": 0.028782498695636143,
        "K/T": 0.03319657123881978,
        "OH/T": 0.2904659019018811,
        "F/T": 0.014021887870621048,
        "H2O/T": 29.564368827309714,
        "sda1/T": 0.36573218904095195,
        "cryst_temp": 16.536029453367846,
        "cryst_time": 91.15198273216447
    },
    "r2s": {
        "Si/Al": null,
        "Al/P": null,
        "Si/Ge": null,
        "Si/B": null,
        "Na/T": null,
        "K/T": null,
        "OH/T": null,
        "F/T": null,
        "H2O/T": null,
        "sda1/T": null,
        "cryst_temp": null,
        "cryst_time": null
    }
}