{
    "maes": {
        "Si/Al": 14.349921886376135,
        "Al/P": 0.11652873258233232,
        "Si/Ge": 0.7117834051671448,
        "Si/B": 7.369302426787366,
        "Na/T": 0.09534467948594075,
        "K/T": 0.04183405638940275,
        "OH/T": 0.14468510637454501,
        "F/T": 0.09580247942634287,
        "H2O/T": 25.260101130996777,
        "sda1/T": 0.39516705545078346,
        "cryst_temp": 15.317025500379414,
        "cryst_time": 161.8075901312932
    },
    "wmaes": {
        "Si/Al": 2.616158062545202,
        "Al/P": 0.25013276852758914,
        "Si/Ge": 1.172802118471854,
        "Si/B": 5.8668321075191825,
        "Na/T": 0.031211275971428115,
        "K/T": 0.02605247665113621,
        "OH/T": 0.1754416759019245,
        "F/T": 0.020056075054170598,
        "H2O/T": 25.72082685023964,
        "sda1/T": 0.23348596898917978,
        "cryst_temp": 15.549576095037915,
        "cryst_time": 114.37398751254376
    },
    "r2s": {
        "Si/Al": null,
        "Al/P": null,
        "Si/Ge": null,
        "Si/B": null,
        "Na/T": null,
        "K/T": null,
        "OH/T": null,
        "F/T": null,
        "H2O/T": null,
        "sda1/T": null,
        "cryst_temp": null,
        "cryst_time": null
    }
}