{
    "WSD mean": 0.42971585022524644,
    "WSD std": 0.4998656186993285
}