{
    "WSD mean": 0.5107649187374842,
    "WSD std": 0.5412351943641709
}