{
    "MMD mean": 4.605194353412937,
    "MMD std": 1.7880300653956036
}