{
    "maes": {
        "Si/Al": 21.232545633292563,
        "Al/P": 0.2568306140601635,
        "Si/Ge": 1.02621783569174,
        "Si/B": 2.4324084381724513,
        "Na/T": 0.14244577094748917,
        "K/T": 0.03904515704355593,
        "OH/T": 0.17455142846274366,
        "F/T": 0.11966733762591675,
        "H2O/T": 26.96588925700131,
        "sda1/T": 0.48049237141731777,
        "cryst_temp": 16.49575972685943,
        "cryst_time": 184.65028279211774
    },
    "wmaes": {
        "Si/Al": 4.56075090448931,
        "Al/P": 0.29612781932958554,
        "Si/Ge": 0.3942789819400846,
        "Si/B": 0.6655050678173267,
        "Na/T": 0.06278177124373029,
        "K/T": 0.026890167929500296,
        "OH/T": 0.1319939089599355,
        "F/T": 0.03615560122877289,
        "H2O/T": 18.230819518655174,
        "sda1/T": 0.07748130632035224,
        "cryst_temp": 17.359277954792834,
        "cryst_time": 92.76099733225911
    },
    "r2s": {
        "Si/Al": null,
        "Al/P": null,
        "Si/Ge": null,
        "Si/B": null,
        "Na/T": null,
        "K/T": null,
        "OH/T": null,
        "F/T": null,
        "H2O/T": null,
        "sda1/T": null,
        "cryst_temp": null,
        "cryst_time": null
    }
}