{
    "WSD mean": 0.5706504605335452,
    "WSD std": 0.5044981511006228
}