{
    "MMD mean": 5.124404911811535,
    "MMD std": 1.285928989744469
}