{
    "MMD mean": 5.5966564211794125,
    "MMD std": 1.3690502111132143
}