{
    "maes": {
        "Si/Al": 267.1647858321667,
        "Al/P": NaN,
        "Si/Ge": NaN,
        "Si/B": NaN,
        "Na/T": 0.0934820154193753,
        "K/T": 0.07155762431592358,
        "OH/T": 0.22536500368005363,
        "F/T": 0.07983511485732518,
        "H2O/T": 27.749743197650577,
        "sda1/T": 0.4337775909001581,
        "cryst_temp": 23.219226323641262,
        "cryst_time": 207.42701048375324
    },
    "wmaes": {
        "Si/Al": 5.0180793845638645,
        "Al/P": 0.0,
        "Si/Ge": 0.0,
        "Si/B": 0.0,
        "Na/T": 0.016769556337209043,
        "K/T": 0.008192731998516186,
        "OH/T": 0.022181491925793786,
        "F/T": 0.010590249248928877,
        "H2O/T": 18.789090657599207,
        "sda1/T": 0.1667665380275297,
        "cryst_temp": 22.876018455834952,
        "cryst_time": 121.25442465074732
    },
    "r2s": {
        "Si/Al": null,
        "Al/P": null,
        "Si/Ge": null,
        "Si/B": null,
        "Na/T": null,
        "K/T": null,
        "OH/T": null,
        "F/T": null,
        "H2O/T": null,
        "sda1/T": null,
        "cryst_temp": null,
        "cryst_time": null
    }
}