{
    "maes": {
        "Si/Al": 268.56441583311454,
        "Al/P": NaN,
        "Si/Ge": NaN,
        "Si/B": NaN,
        "Na/T": 0.10902889588564854,
        "K/T": 0.03874899689222358,
        "OH/T": 0.1828421173903275,
        "F/T": 0.10460937462036088,
        "H2O/T": 28.742063840060066,
        "sda1/T": 0.49202365751699945,
        "cryst_temp": 23.030385971069336,
        "cryst_time": 240.59866146270627
    },
    "wmaes": {
        "Si/Al": 143.45250493396,
        "Al/P": 0.0,
        "Si/Ge": 0.0,
        "Si/B": 0.0,
        "Na/T": 0.027743723611410035,
        "K/T": 0.011149728940847696,
        "OH/T": 0.06867464906694334,
        "F/T": 0.026033448576090322,
        "H2O/T": 17.761991656515182,
        "sda1/T": 0.09429828353912162,
        "cryst_temp": 22.629034836086245,
        "cryst_time": 62.1542940944771
    },
    "r2s": {
        "Si/Al": null,
        "Al/P": null,
        "Si/Ge": null,
        "Si/B": null,
        "Na/T": null,
        "K/T": null,
        "OH/T": null,
        "F/T": null,
        "H2O/T": null,
        "sda1/T": null,
        "cryst_temp": null,
        "cryst_time": null
    }
}