{
    "WSD mean": 0.9197304355470891,
    "WSD std": 0.6214719796838434
}