{
    "WSD mean": 1.015058206885122,
    "WSD std": 0.562215451342511
}