{
    "MMD mean": 2.147026019711648,
    "MMD std": 1.3285447351482624
}