{
    "maes": {
        "Si/Al": 18.542215407977345,
        "Al/P": 0.1349063848847584,
        "Si/Ge": 1.2601501977621128,
        "Si/B": 6.800054505141601,
        "Na/T": 0.09993823097477475,
        "K/T": 0.18937262076047695,
        "OH/T": 0.16373825893516436,
        "F/T": 0.12087327554270873,
        "H2O/T": 26.395907041356367,
        "sda1/T": 0.47159120872121457,
        "cryst_temp": 17.370550186403335,
        "cryst_time": 151.5721906833751
    },
    "wmaes": {
        "Si/Al": 2.5852546711071063,
        "Al/P": 0.28298646907593544,
        "Si/Ge": 1.626793773323812,
        "Si/B": 5.22649527970001,
        "Na/T": 0.04031804770741642,
        "K/T": 0.1643122756252833,
        "OH/T": 0.18675018467347282,
        "F/T": 0.02194708027197373,
        "H2O/T": 24.109135209849025,
        "sda1/T": 0.2298676172766963,
        "cryst_temp": 17.659921514870362,
        "cryst_time": 89.91881656267243
    },
    "r2s": {
        "Si/Al": null,
        "Al/P": null,
        "Si/Ge": null,
        "Si/B": null,
        "Na/T": null,
        "K/T": null,
        "OH/T": null,
        "F/T": null,
        "H2O/T": null,
        "sda1/T": null,
        "cryst_temp": null,
        "cryst_time": null
    }
}