{
    "WSD mean": 0.5945358202812238,
    "WSD std": 0.408519756069108
}