{
    "MMD mean": 1.658481354896839,
    "MMD std": 1.3999065911901734
}