{
    "MMD mean": 2.0411328513135194,
    "MMD std": 1.4378666338660164
}