{
    "maes": {
        "Si/Al": 20.194473553316374,
        "Al/P": 0.1288137871129695,
        "Si/Ge": 0.9505232524330604,
        "Si/B": 7.948201183238849,
        "Na/T": 0.0986857368800004,
        "K/T": 0.04063236662755774,
        "OH/T": 0.15406511730511138,
        "F/T": 0.109607913832413,
        "H2O/T": 25.226135561867512,
        "sda1/T": 0.4530755648137788,
        "cryst_temp": 16.180805127315693,
        "cryst_time": 177.15452061642642
    },
    "wmaes": {
        "Si/Al": 1.5134036556997688,
        "Al/P": 0.24424768509418787,
        "Si/Ge": 1.3793678620375411,
        "Si/B": 10.474604685851967,
        "Na/T": 0.03566186645068322,
        "K/T": 0.014171179181322564,
        "OH/T": 0.17197376281063997,
        "F/T": 0.017488594250882568,
        "H2O/T": 24.54628073488229,
        "sda1/T": 0.18586760156074653,
        "cryst_temp": 16.322918591522257,
        "cryst_time": 126.17704219057921
    },
    "r2s": {
        "Si/Al": -0.5821700709138504,
        "Al/P": 0.5234075370532095,
        "Si/Ge": 0.47998242260122603,
        "Si/B": -1.321543910372856,
        "Na/T": -0.368003711712543,
        "K/T": -46.48502753282875,
        "OH/T": -0.5470897003426645,
        "F/T": -1.405832214615888,
        "H2O/T": -6.207634894271801,
        "sda1/T": -12.71136796864941,
        "cryst_temp": -0.7445242928691422,
        "cryst_time": -2.4515835709919203
    }
}