{
    "maes": {
        "Si/Al": 19.910853080655638,
        "Al/P": 0.13538717920291155,
        "Si/Ge": 0.9304757844460582,
        "Si/B": 6.620874486990558,
        "Na/T": 0.09925243972756324,
        "K/T": 0.07417775496892944,
        "OH/T": 0.18073960063741784,
        "F/T": 0.07740630065273825,
        "H2O/T": 23.82226222300587,
        "sda1/T": 0.37879045213868456,
        "cryst_temp": 16.316615229123446,
        "cryst_time": 120.25408485989968
    },
    "wmaes": {
        "Si/Al": 0.981226197093527,
        "Al/P": 0.15156686432878058,
        "Si/Ge": 0.9931830187469975,
        "Si/B": 5.979187154021061,
        "Na/T": 0.03686829706159766,
        "K/T": 0.006576181719473588,
        "OH/T": 0.29057628810083996,
        "F/T": 0.019632504581391038,
        "H2O/T": 29.27775586013774,
        "sda1/T": 0.2601170691971955,
        "cryst_temp": 16.320259370540278,
        "cryst_time": 88.97927608918073
    },
    "r2s": {
        "Si/Al": -1.301652878801443,
        "Al/P": 0.4935167069174685,
        "Si/Ge": 0.5735636200939165,
        "Si/B": -0.7617044086032758,
        "Na/T": -0.053149094582642276,
        "K/T": -571.8191595348685,
        "OH/T": -0.5265219116142872,
        "F/T": -0.06705665356727919,
        "H2O/T": -7.163738222876459,
        "sda1/T": -7.747057551936093,
        "cryst_temp": -0.694335195022334,
        "cryst_time": -0.2909611233090328
    }
}