{
    "WSD mean": 0.5347130895353843,
    "WSD std": 0.42722341064100966
}