{
    "WSD mean": 0.5226595302007038,
    "WSD std": 0.4094211066304586
}