{
    "MMD mean": 1.5309505049998944,
    "MMD std": 1.6589204259575163
}