{
    "MMD mean": 1.830699497653592,
    "MMD std": 1.6714681537863332
}