{
    "maes": {
        "Si/Al": 15.111909899592405,
        "Al/P": 0.08752056306881612,
        "Si/Ge": 0.9189323905661546,
        "Si/B": 5.548308402894053,
        "Na/T": 0.07624836127169958,
        "K/T": 0.06911779058991142,
        "OH/T": 0.15992996266454973,
        "F/T": 0.07199431370114145,
        "H2O/T": 28.581543809240543,
        "sda1/T": 0.39624728513155283,
        "cryst_temp": 14.102706612229372,
        "cryst_time": 114.8680547667754
    },
    "wmaes": {
        "Si/Al": 3.3175540645951096,
        "Al/P": 0.2363337469730616,
        "Si/Ge": 1.0318515764093503,
        "Si/B": 3.1217304428165598,
        "Na/T": 0.025288490761022048,
        "K/T": 0.017185697103556448,
        "OH/T": 0.1646585271679771,
        "F/T": 0.013914170526167424,
        "H2O/T": 34.546417565655545,
        "sda1/T": 0.20157386384036818,
        "cryst_temp": 13.965050327168052,
        "cryst_time": 73.80322203682124
    },
    "r2s": {
        "Si/Al": null,
        "Al/P": null,
        "Si/Ge": null,
        "Si/B": null,
        "Na/T": null,
        "K/T": null,
        "OH/T": null,
        "F/T": null,
        "H2O/T": null,
        "sda1/T": null,
        "cryst_temp": null,
        "cryst_time": null
    }
}