{
    "maes": {
        "Si/Al": 13.768967434787875,
        "Al/P": 0.09879459547064531,
        "Si/Ge": 0.8291966819283338,
        "Si/B": 5.605146507053916,
        "Na/T": 0.08689593893226022,
        "K/T": 0.035726464701536544,
        "OH/T": 0.1225928549751675,
        "F/T": 0.09178545412248934,
        "H2O/T": 24.46033940125914,
        "sda1/T": 0.4015526689505105,
        "cryst_temp": 14.339372957511726,
        "cryst_time": 152.44763326286997
    },
    "wmaes": {
        "Si/Al": 1.3756468643824236,
        "Al/P": 0.21501261554108514,
        "Si/Ge": 1.3044974809772123,
        "Si/B": 4.872464457356823,
        "Na/T": 0.027557569617972764,
        "K/T": 0.014287223725529069,
        "OH/T": 0.18193137174205737,
        "F/T": 0.024983939911976918,
        "H2O/T": 27.865046200893822,
        "sda1/T": 0.19497523014662213,
        "cryst_temp": 14.42184692483487,
        "cryst_time": 108.08857021039486
    },
    "r2s": {
        "Si/Al": null,
        "Al/P": null,
        "Si/Ge": null,
        "Si/B": null,
        "Na/T": null,
        "K/T": null,
        "OH/T": null,
        "F/T": null,
        "H2O/T": null,
        "sda1/T": null,
        "cryst_temp": null,
        "cryst_time": null
    }
}