{
    "WSD mean": 0.4572623070621604,
    "WSD std": 0.50081958954538
}