{
    "WSD mean": 0.4237286751052486,
    "WSD std": 0.4547071992331886
}