{
    "MMD mean": 1.7167074451079736,
    "MMD std": 1.5929363534046552
}