{
    "MMD mean": 1.9972611358088832,
    "MMD std": 1.5734627854985805
}