{
    "maes": {
        "Si/Al": 13.929616178450932,
        "Al/P": 0.15467239597583135,
        "Si/Ge": 1.2180507604756021,
        "Si/B": 6.268296171360487,
        "Na/T": 0.07342980979747332,
        "K/T": 0.07875150751794133,
        "OH/T": 0.1786753405552998,
        "F/T": 0.08401447385413054,
        "H2O/T": 24.031392718094303,
        "sda1/T": 0.4159198167168411,
        "cryst_temp": 14.827252231821571,
        "cryst_time": 180.93045172548895
    },
    "wmaes": {
        "Si/Al": 0.6255340752717602,
        "Al/P": 0.2904245208545745,
        "Si/Ge": 1.720293559996319,
        "Si/B": 6.818221978009506,
        "Na/T": 0.023058396180355694,
        "K/T": 0.02506266627609109,
        "OH/T": 0.31778561749553635,
        "F/T": 0.009625569623042379,
        "H2O/T": 35.66940832569435,
        "sda1/T": 0.4512460074788832,
        "cryst_temp": 14.842098223214663,
        "cryst_time": 130.9872887688529
    },
    "r2s": {
        "Si/Al": -1.0317991408527143,
        "Al/P": 0.48294142421330355,
        "Si/Ge": 0.39790661364306457,
        "Si/B": -0.09527552489504298,
        "Na/T": 0.21547368476443562,
        "K/T": -102.48220650658068,
        "OH/T": -2.2550486427940517,
        "F/T": 0.07946542748688334,
        "H2O/T": -1.2806106955197514,
        "sda1/T": -3.2615465904774217,
        "cryst_temp": -0.692326567388502,
        "cryst_time": -0.1970679168284264
    }
}