{
    "maes": {
        "Si/Al": 14.15400749621444,
        "Al/P": 0.14507055094466856,
        "Si/Ge": 1.2159292492450295,
        "Si/B": 6.3438710541695205,
        "Na/T": 0.08562877195310939,
        "K/T": 0.0446653173024083,
        "OH/T": 0.14597492553073627,
        "F/T": 0.09674385997254781,
        "H2O/T": 25.15589498839651,
        "sda1/T": 0.4407129883663753,
        "cryst_temp": 14.690709902157575,
        "cryst_time": 226.9616088311656
    },
    "wmaes": {
        "Si/Al": 0.411497589926741,
        "Al/P": 0.25985046216155383,
        "Si/Ge": 2.292397694376237,
        "Si/B": 9.655850188270612,
        "Na/T": 0.02829622565470142,
        "K/T": 0.019304458741402544,
        "OH/T": 0.2524556310693182,
        "F/T": 0.01927338766156489,
        "H2O/T": 29.90821425671125,
        "sda1/T": 0.26319500371078963,
        "cryst_temp": 14.897092819299493,
        "cryst_time": 136.2240749738407
    },
    "r2s": {
        "Si/Al": -0.760838925698677,
        "Al/P": 0.49213485820675007,
        "Si/Ge": 0.25444648928595825,
        "Si/B": -0.49330106364218107,
        "Na/T": 0.19691139556772796,
        "K/T": -15.724009617782361,
        "OH/T": -0.8558453660118128,
        "F/T": -0.5650497923664224,
        "H2O/T": -0.8451888330788118,
        "sda1/T": -2.3422123912993538,
        "cryst_temp": -0.577886606163198,
        "cryst_time": -0.6790779704131567
    }
}