{
    "WSD mean": 0.48637818760517015,
    "WSD std": 0.46734667262881235
}