{
    "WSD mean": 0.4856751145420109,
    "WSD std": 0.4587740005192503
}