{
    "MMD mean": 2.2795908592080556,
    "MMD std": 1.8467719413717403
}