{
    "MMD mean": 1.9415844128682063,
    "MMD std": 1.7116831133816528
}