{
    "maes": {
        "Si/Al": 14.249925832322047,
        "Al/P": 0.13775532254473757,
        "Si/Ge": 0.624251361393811,
        "Si/B": 5.870181306265846,
        "Na/T": 0.1077601146540939,
        "K/T": 0.04183005542499574,
        "OH/T": 0.15337729624494287,
        "F/T": 0.11376413137465248,
        "H2O/T": 26.789561685575872,
        "sda1/T": 0.43036350834347525,
        "cryst_temp": 15.837242342658726,
        "cryst_time": 217.30865754536583
    },
    "wmaes": {
        "Si/Al": 1.6416702062544206,
        "Al/P": 0.2680367349830604,
        "Si/Ge": 1.0683667559660899,
        "Si/B": 6.149768924088935,
        "Na/T": 0.029479147440536514,
        "K/T": 0.011596819812644491,
        "OH/T": 0.11429481797037178,
        "F/T": 0.16061712632970399,
        "H2O/T": 22.140542391184194,
        "sda1/T": 0.15279477367153713,
        "cryst_temp": 15.727306916734857,
        "cryst_time": 209.22653259292872
    },
    "r2s": {
        "Si/Al": 0.21079304931123222,
        "Al/P": 0.40539630126712267,
        "Si/Ge": 0.5684671506112888,
        "Si/B": 0.17013879532030007,
        "Na/T": 0.005484994111991215,
        "K/T": -20.128070933108628,
        "OH/T": -0.011194811675869332,
        "F/T": -0.39054175877233055,
        "H2O/T": -0.671504529371324,
        "sda1/T": -1.1273625696093,
        "cryst_temp": -0.6563053805542032,
        "cryst_time": -0.3854318238464409
    }
}