{
    "maes": {
        "Si/Al": 16.478672907377682,
        "Al/P": 0.13643765956239653,
        "Si/Ge": 0.7035918507501306,
        "Si/B": 6.8508424507507435,
        "Na/T": 0.12240961407494882,
        "K/T": 0.07917712517398447,
        "OH/T": 0.20712939851166728,
        "F/T": 0.10202836357835829,
        "H2O/T": 25.531028821951363,
        "sda1/T": 0.4392241518903074,
        "cryst_temp": 15.08870957108519,
        "cryst_time": 175.64611117283343
    },
    "wmaes": {
        "Si/Al": 1.1716725303172866,
        "Al/P": 0.19644667362684,
        "Si/Ge": 0.9506606561806468,
        "Si/B": 2.6502464960727647,
        "Na/T": 0.02729809936655869,
        "K/T": 0.011395671474138865,
        "OH/T": 0.18344011477589942,
        "F/T": 0.13530823891453905,
        "H2O/T": 23.786585252734046,
        "sda1/T": 0.2432614552591191,
        "cryst_temp": 14.694781864824023,
        "cryst_time": 100.18213546512355
    },
    "r2s": {
        "Si/Al": -1.1726997033002502,
        "Al/P": 0.41412709158598604,
        "Si/Ge": 0.5879828147987449,
        "Si/B": -0.3909507954208782,
        "Na/T": 0.004931546066458958,
        "K/T": -50.13777026981864,
        "OH/T": -0.9258981741652568,
        "F/T": -0.04604670481862172,
        "H2O/T": -0.8446264066481481,
        "sda1/T": -2.469278449335434,
        "cryst_temp": -0.6447409502151151,
        "cryst_time": -0.19066993923049114
    }
}