{
    "WSD mean": 0.5121365760238276,
    "WSD std": 0.5223977300235092
}