{
    "WSD mean": 0.546631772973413,
    "WSD std": 0.51275782745144
}