{
    "MMD mean": 1.9644572247741043,
    "MMD std": 1.4902744428615307
}