{
    "MMD mean": 1.588935829125918,
    "MMD std": 1.501507762632474
}