{
    "maes": {
        "Si/Al": 18.078862619137833,
        "Al/P": 0.12192806314884222,
        "Si/Ge": 1.8693306977765103,
        "Si/B": 8.901699856003393,
        "Na/T": 0.0906949830646775,
        "K/T": 0.0951035615575084,
        "OH/T": 0.187161388579655,
        "F/T": 0.08704411128669393,
        "H2O/T": 26.280854979473606,
        "sda1/T": 0.4545013222307532,
        "cryst_temp": 15.790981881921725,
        "cryst_time": 199.83367990458254
    },
    "wmaes": {
        "Si/Al": 5.8591880216259895,
        "Al/P": 0.19372801767972908,
        "Si/Ge": 3.4012971685779125,
        "Si/B": 5.1297047792869765,
        "Na/T": 0.028541062799706952,
        "K/T": 0.05363608288439163,
        "OH/T": 0.24493152112600008,
        "F/T": 0.03348835492838762,
        "H2O/T": 32.234497644560555,
        "sda1/T": 0.3106080279379398,
        "cryst_temp": 15.78835509885634,
        "cryst_time": 120.9290612410866
    },
    "r2s": {
        "Si/Al": -3.62632664065426,
        "Al/P": 0.12380858333173672,
        "Si/Ge": 0.17309425140599832,
        "Si/B": -0.17314699242361553,
        "Na/T": 0.07322383007762501,
        "K/T": -17.731044691787634,
        "OH/T": -0.6458247109160102,
        "F/T": 0.17186629654573993,
        "H2O/T": -0.933542938629919,
        "sda1/T": -2.431422927610427,
        "cryst_temp": -0.803142592475941,
        "cryst_time": -0.1329956311613154
    }
}