{
    "maes": {
        "Si/Al": 16.513056180387846,
        "Al/P": 0.12068427817483343,
        "Si/Ge": 1.5694997420570338,
        "Si/B": 8.488473248321705,
        "Na/T": 0.09204225674193056,
        "K/T": 0.056260873042582156,
        "OH/T": 0.15019844441452254,
        "F/T": 0.11034035986360172,
        "H2O/T": 26.610885812991363,
        "sda1/T": 0.47447172988273245,
        "cryst_temp": 15.498364465668752,
        "cryst_time": 277.56449188983703
    },
    "wmaes": {
        "Si/Al": 3.8329877273543698,
        "Al/P": 0.2851036011357203,
        "Si/Ge": 4.76241357167962,
        "Si/B": 12.128541491348756,
        "Na/T": 0.02738090184159995,
        "K/T": 0.0389431146414904,
        "OH/T": 0.14304251931593698,
        "F/T": 0.03553400847820937,
        "H2O/T": 28.596146783625287,
        "sda1/T": 0.19494434294203775,
        "cryst_temp": 15.602147219462731,
        "cryst_time": 383.25383317348144
    },
    "r2s": {
        "Si/Al": -1.3291058233634447,
        "Al/P": 0.257448579757689,
        "Si/Ge": 0.33411010963853893,
        "Si/B": -0.4926953587459839,
        "Na/T": 0.03748162133848687,
        "K/T": -4.172726881929948,
        "OH/T": -0.3666371252260021,
        "F/T": -0.5249571688975694,
        "H2O/T": -0.9483793131190523,
        "sda1/T": -1.8061684673530758,
        "cryst_temp": -0.882030883404302,
        "cryst_time": -0.5397976782918861
    }
}