{
    "WSD mean": 0.49238852756408963,
    "WSD std": 0.4288943645614857
}