{
    "WSD mean": 0.5272815293888476,
    "WSD std": 0.44153371936517977
}