{
    "MMD mean": 2.671099594305452,
    "MMD std": 1.72839600749224
}