{
    "MMD mean": 2.189581556227601,
    "MMD std": 1.898477733346272
}