{
    "MMD mean": 0.32831668853759766,
    "MMD std": 0.2879131163245782
}