{
    "MMD mean": 1.0316890019636888,
    "MMD std": 1.4409791221493473
}