{
    "MMD mean": 1.5659510384323776,
    "MMD std": 1.5805027870946824
}