{
    "MMD mean": 1.5587838977895758,
    "MMD std": 1.5761082768709072
}