{
    "MMD mean": 1.3107106685638428,
    "MMD std": 0.765662334825928
}