{
    "MMD mean": 1.0330951993282025,
    "MMD std": 1.4301274824731336
}