{
    "maes": {
        "Si/Al": 14.230483496370933,
        "Al/P": 0.10312152313333453,
        "Si/Ge": 1.073635912454593,
        "Si/B": 5.459946028375863,
        "Na/T": 0.06738956941417601,
        "K/T": 0.09540888216187886,
        "OH/T": 0.06525999439130246,
        "F/T": 0.059700339926272904,
        "H2O/T": 15.492330493658931,
        "sda1/T": 0.3374807753475894,
        "cryst_temp": 9.166451679693857,
        "cryst_time": 109.97927703758577
    },
    "wmaes": {
        "Si/Al": 1.4016073195170047,
        "Al/P": 0.18048104767752307,
        "Si/Ge": 2.476537916817343,
        "Si/B": 4.544995588186129,
        "Na/T": 0.046715022638938446,
        "K/T": 0.05156737459846751,
        "OH/T": 0.041358963212442645,
        "F/T": 0.33350056108256537,
        "H2O/T": 3.8145754329974078,
        "sda1/T": 0.09246793529202146,
        "cryst_temp": 9.271225090660582,
        "cryst_time": 38.16063802584839
    },
    "r2s": {
        "Si/Al": -0.00130684331439479,
        "Al/P": 0.6168831396967827,
        "Si/Ge": 0.18179277761010526,
        "Si/B": -0.6660506285742647,
        "Na/T": 0.2960488643387248,
        "K/T": 0.21240087561854137,
        "OH/T": 0.730635309702516,
        "F/T": -0.06907229854800523,
        "H2O/T": -0.07489800051230566,
        "sda1/T": -0.03282318757883251,
        "cryst_temp": -0.04069072402598661,
        "cryst_time": -8.698435769100293
    }
}