{
    "maes": {
        "Si/Al": 9.958524561445996,
        "Al/P": 0.08393662407723644,
        "Si/Ge": 1.2001416670182778,
        "Si/B": 5.450591449267291,
        "Na/T": 0.05637310051688281,
        "K/T": 0.07109494233106664,
        "OH/T": 0.06738666537159196,
        "F/T": 0.032806403006809634,
        "H2O/T": 14.454166954445292,
        "sda1/T": 0.29866708184233115,
        "cryst_temp": 7.53665706048296,
        "cryst_time": 62.55330087402917
    },
    "wmaes": {
        "Si/Al": 0.35574712489199933,
        "Al/P": 0.125962453668038,
        "Si/Ge": 2.5245609309704182,
        "Si/B": 1.2337401886643757,
        "Na/T": 0.06645613581631606,
        "K/T": 0.04212680772740061,
        "OH/T": 0.02059319236120905,
        "F/T": 0.319231241159131,
        "H2O/T": 3.07309641192355,
        "sda1/T": 0.05142814867225961,
        "cryst_temp": 7.5671141199360505,
        "cryst_time": 32.981103318537315
    },
    "r2s": {
        "Si/Al": -0.10655830631754548,
        "Al/P": 0.7478027875801672,
        "Si/Ge": 0.13974834447080664,
        "Si/B": -0.8254303463328629,
        "Na/T": 0.09317658020596797,
        "K/T": 0.5810410937878776,
        "OH/T": 0.6886502625997372,
        "F/T": 0.6786554188989651,
        "H2O/T": 0.3332064720971819,
        "sda1/T": 0.40895809480781675,
        "cryst_temp": 0.20012510439804254,
        "cryst_time": -0.9102981277420512
    }
}