{
    "WSD mean": 0.19249436588529353,
    "WSD std": 0.311415700126897
}