{
    "WSD mean": 0.24387042167224182,
    "WSD std": 0.24604096179160403
}