{
    "WSD mean": 0.24041342155079085,
    "WSD std": 0.3453557797183204
}