{
    "WSD mean": 0.10344889883207878,
    "WSD std": 0.11597781764774577
}