{
    "WSD mean": 0.23776243598261473,
    "WSD std": 0.3407561385565131
}