{
    "WSD mean": 0.1906588536171991,
    "WSD std": 0.3048791956344864
}