{
    "MMD mean": 2.224922651885658,
    "MMD std": 1.303799234026514
}