{
    "MMD mean": 1.7812698987814097,
    "MMD std": 1.3379243761926753
}