{
    "maes": {
        "Si/Al": 21.031582805461117,
        "Al/P": 0.1912464324899219,
        "Si/Ge": 1.760720128519135,
        "Si/B": 6.546152741260205,
        "Na/T": 0.12042964277106778,
        "K/T": 0.06120880214971245,
        "OH/T": 0.17458923414984207,
        "F/T": 0.14179021388262816,
        "H2O/T": 26.1964050407912,
        "sda1/T": 0.4551583834913164,
        "cryst_temp": 15.584237293530537,
        "cryst_time": 147.8752649948802
    },
    "wmaes": {
        "Si/Al": 10.985871127978646,
        "Al/P": 0.3586071711023736,
        "Si/Ge": 1.7528482480657002,
        "Si/B": 4.760336982191321,
        "Na/T": 0.041270591305718446,
        "K/T": 0.07909587453274344,
        "OH/T": 0.2198554242706439,
        "F/T": 0.08902630761652493,
        "H2O/T": 41.9701626385035,
        "sda1/T": 0.16843953202969325,
        "cryst_temp": 16.49597751592059,
        "cryst_time": 114.72363284310984
    },
    "r2s": {
        "Si/Al": -4.284667951747724,
        "Al/P": -0.9184238612575646,
        "Si/Ge": 0.16302197163880028,
        "Si/B": -18.74130491558321,
        "Na/T": -1.9547524811846175,
        "K/T": -4.726545418423107,
        "OH/T": -1.768952316217507,
        "F/T": -8.441415614654515,
        "H2O/T": -9.209894057319618,
        "sda1/T": -9.04620621214631,
        "cryst_temp": -2.982450077739908,
        "cryst_time": -22.295617263975405
    }
}