{
    "maes": {
        "Si/Al": 22.223833402179267,
        "Al/P": 0.20700941397983735,
        "Si/Ge": 1.8065435525786597,
        "Si/B": 6.884722196235089,
        "Na/T": 0.10832085466133251,
        "K/T": 0.09119629298332327,
        "OH/T": 0.18922117577760497,
        "F/T": 0.1158625527023105,
        "H2O/T": 26.592959820901832,
        "sda1/T": 0.40814429042242967,
        "cryst_temp": 15.00543763087346,
        "cryst_time": 99.5664381980896
    },
    "wmaes": {
        "Si/Al": 14.904926669616032,
        "Al/P": 0.2690749337091457,
        "Si/Ge": 1.4438468347618452,
        "Si/B": 1.3727693063179682,
        "Na/T": 0.036312480405453755,
        "K/T": 0.036253702331046876,
        "OH/T": 0.2501802967083577,
        "F/T": 0.08711500350720039,
        "H2O/T": 52.25675919958375,
        "sda1/T": 0.2801422471560263,
        "cryst_temp": 15.258367224287907,
        "cryst_time": 82.32811197309965
    },
    "r2s": {
        "Si/Al": -10.574718491807575,
        "Al/P": -1.7256404992932346,
        "Si/Ge": 0.1323302004507152,
        "Si/B": -16.803299297232396,
        "Na/T": -0.9216795486956904,
        "K/T": -9.825509372689403,
        "OH/T": -3.2117876255760693,
        "F/T": -4.057370232662822,
        "H2O/T": -7.575902172797097,
        "sda1/T": -10.979113016136267,
        "cryst_temp": -3.361627602792298,
        "cryst_time": -4.199383892392426
    }
}