{
    "WSD mean": 0.6813030205360087,
    "WSD std": 0.3987676282166486
}