{
    "WSD mean": 0.729142352151484,
    "WSD std": 0.4099877752392977
}