{
    "MMD mean": 1.6094578229464018,
    "MMD std": 1.3253473131018247
}