{
    "MMD mean": 1.986802258799153,
    "MMD std": 1.3380790361698873
}