{
    "maes": {
        "Si/Al": 19.69357383075054,
        "Al/P": 0.2070982391847728,
        "Si/Ge": 1.244025427862115,
        "Si/B": 7.664204925247862,
        "Na/T": 0.08873709795193784,
        "K/T": 0.060019341375720306,
        "OH/T": 0.13955195257164496,
        "F/T": 0.10415317604950526,
        "H2O/T": 25.473223036549502,
        "sda1/T": 0.46075296237673524,
        "cryst_temp": 28.40354982383351,
        "cryst_time": 483.3058664632623
    },
    "wmaes": {
        "Si/Al": 5.32867479784698,
        "Al/P": 0.2922519043914781,
        "Si/Ge": 1.2964536686649835,
        "Si/B": 5.362251931129337,
        "Na/T": 0.041206006959914845,
        "K/T": 0.03150238195832924,
        "OH/T": 0.11058618195158623,
        "F/T": 0.051084397768497554,
        "H2O/T": 20.266926447602412,
        "sda1/T": 0.16862608983205152,
        "cryst_temp": 27.49676672957164,
        "cryst_time": 328.02890589660694
    },
    "r2s": {
        "Si/Al": -1.9311515722683739,
        "Al/P": -0.745188728965851,
        "Si/Ge": -0.47178866845045686,
        "Si/B": -26.729444840487876,
        "Na/T": -0.16295702840387305,
        "K/T": -3.513019321675972,
        "OH/T": -0.4458839478679473,
        "F/T": -1.7161763075459975,
        "H2O/T": -3.815488185036413,
        "sda1/T": -2.9350624785370893,
        "cryst_temp": 0.09337724396889346,
        "cryst_time": -0.6576834757591925
    }
}