{
    "maes": {
        "Si/Al": 19.700267033616214,
        "Al/P": 0.20091036074979018,
        "Si/Ge": 1.3012849257939134,
        "Si/B": 7.879739343197335,
        "Na/T": 0.07827065938715176,
        "K/T": 0.10142286889298673,
        "OH/T": 0.16708722929678463,
        "F/T": 0.07464324619970994,
        "H2O/T": 26.303797713690475,
        "sda1/T": 0.3717776119460457,
        "cryst_temp": 23.27718807130415,
        "cryst_time": 485.62837595518056
    },
    "wmaes": {
        "Si/Al": 13.118434895009733,
        "Al/P": 0.22692109889928375,
        "Si/Ge": 1.3228434440621015,
        "Si/B": 9.295722888772117,
        "Na/T": 0.031913552376849286,
        "K/T": 0.04883546516677574,
        "OH/T": 0.11639142933062618,
        "F/T": 0.04701151734221183,
        "H2O/T": 22.615318849816727,
        "sda1/T": 0.2541024364919294,
        "cryst_temp": 22.995513040825276,
        "cryst_time": 363.6150962957694
    },
    "r2s": {
        "Si/Al": -3.3242819567104416,
        "Al/P": -1.1898794729037419,
        "Si/Ge": -0.2321665003374087,
        "Si/B": -10.335593618521496,
        "Na/T": 0.1694135627277341,
        "K/T": -8.54455176498027,
        "OH/T": -0.4390132315804436,
        "F/T": 0.19897566363665076,
        "H2O/T": -3.0200043393289375,
        "sda1/T": -3.358961553106945,
        "cryst_temp": 0.19069129000781093,
        "cryst_time": -0.5142069431543257
    }
}