{
    "WSD mean": 0.5798141225301199,
    "WSD std": 0.42328675887910694
}