{
    "WSD mean": 0.5646461015640916,
    "WSD std": 0.4132970473519307
}