{
    "MMD mean": 1.7214675545692444,
    "MMD std": 1.2950681467470468
}