{
    "MMD mean": 2.1620838924120833,
    "MMD std": 1.2583530167681616
}