{
    "maes": {
        "Si/Al": 20.22757684175504,
        "Al/P": 0.18975514812783226,
        "Si/Ge": 1.3331192589956524,
        "Si/B": 7.040679609087505,
        "Na/T": 0.12752677216748542,
        "K/T": 0.04870594210821305,
        "OH/T": 0.19230427857765547,
        "F/T": 0.14039890642527594,
        "H2O/T": 28.251345347704046,
        "sda1/T": 0.5282712965478715,
        "cryst_temp": 17.15075243701955,
        "cryst_time": 199.22462223321244
    },
    "wmaes": {
        "Si/Al": 6.082326319573448,
        "Al/P": 0.27063304335603866,
        "Si/Ge": 1.1086076418289128,
        "Si/B": 6.652598013385592,
        "Na/T": 0.03974855838857458,
        "K/T": 0.02904868827814425,
        "OH/T": 0.21084288400935342,
        "F/T": 0.13465320728273772,
        "H2O/T": 25.066679445626896,
        "sda1/T": 0.2325082764511788,
        "cryst_temp": 17.740303908144266,
        "cryst_time": 168.66763541907017
    },
    "r2s": {
        "Si/Al": -4.117842622268906,
        "Al/P": -0.07394667214744466,
        "Si/Ge": -0.6370753629649877,
        "Si/B": -2.2658303571129834,
        "Na/T": -0.7504854604280145,
        "K/T": -250.50284259332906,
        "OH/T": -2.043526920180515,
        "F/T": -9.93666199287723,
        "H2O/T": -53.42531907889933,
        "sda1/T": -14.426488224631926,
        "cryst_temp": -1.5879050569782525,
        "cryst_time": -3.9744540050528894
    }
}