{
    "maes": {
        "Si/Al": 20.774352831568475,
        "Al/P": 0.21308267130272593,
        "Si/Ge": 1.1847361731561195,
        "Si/B": 6.321646423337561,
        "Na/T": 0.11712719760555242,
        "K/T": 0.07795674774658551,
        "OH/T": 0.19070363325266151,
        "F/T": 0.10657249431590629,
        "H2O/T": 28.024849975844212,
        "sda1/T": 0.4443848659077919,
        "cryst_temp": 16.407484178423243,
        "cryst_time": 137.05529014759955
    },
    "wmaes": {
        "Si/Al": 7.705409579129808,
        "Al/P": 0.22081936495059792,
        "Si/Ge": 0.8689789235922956,
        "Si/B": 1.420001097496304,
        "Na/T": 0.02439411585990633,
        "K/T": 0.016857935592597774,
        "OH/T": 0.2194771074077585,
        "F/T": 0.13418697168845906,
        "H2O/T": 27.428346966975756,
        "sda1/T": 0.31811876508244263,
        "cryst_temp": 16.831407703076863,
        "cryst_time": 121.42080508482482
    },
    "r2s": {
        "Si/Al": -6.113106247713809,
        "Al/P": -0.39622833831325743,
        "Si/Ge": -0.32837828811165326,
        "Si/B": -2.3697204347931917,
        "Na/T": -0.05961482995364209,
        "K/T": -1471.0736393642396,
        "OH/T": -2.038327782279424,
        "F/T": -5.803116946769748,
        "H2O/T": -82.71372257059726,
        "sda1/T": -12.411141359954604,
        "cryst_temp": -1.6952560062896125,
        "cryst_time": -0.6729336137736015
    }
}