{
    "WSD mean": 0.6560616981709553,
    "WSD std": 0.35615501935266813
}