{
    "WSD mean": 0.7003796663989733,
    "WSD std": 0.396341575812965
}