{
    "MMD mean": 0.6712887763977051,
    "MMD std": 0.3596639052636134
}