{
    "MMD mean": 1.8569411872535624,
    "MMD std": 1.3136624358169642
}