{
    "MMD mean": 1.4150578883978038,
    "MMD std": 1.329784620533876
}