{
    "MMD mean": 0.2146766185760498,
    "MMD std": 0.1626154865038589
}