{
    "MMD mean": 2.1170813371244983,
    "MMD std": 1.3402705481110735
}