{
    "MMD mean": 1.688326710636176,
    "MMD std": 1.4233487513141097
}