{
    "MMD mean": 1.4206234996135418,
    "MMD std": 1.3069941320886795
}