{
    "MMD mean": 1.8569411705898982,
    "MMD std": 1.313662431003122
}