{
    "MMD mean": 1.4150579067376943,
    "MMD std": 1.3297846517578222
}