{
    "MMD mean": 1.8798883627819758,
    "MMD std": 1.334030776069515
}