{
    "maes": {
        "Si/Al": 18.914028322761723,
        "Al/P": 0.09929776244804318,
        "Si/Ge": 1.1199517869117779,
        "Si/B": 6.810377820296549,
        "Na/T": 0.0922753755473453,
        "K/T": 0.1154094982782932,
        "OH/T": 0.1308046381524675,
        "F/T": 0.11147134203323097,
        "H2O/T": 21.80701443599869,
        "sda1/T": 0.4404182119222226,
        "cryst_temp": 12.719944357941891,
        "cryst_time": 130.50778413236807
    },
    "wmaes": {
        "Si/Al": 3.1005240634762345,
        "Al/P": 0.19804154319438677,
        "Si/Ge": 1.5806484537152574,
        "Si/B": 8.044118428097146,
        "Na/T": 0.03949832452887822,
        "K/T": 0.12471954874425678,
        "OH/T": 0.1439419508225283,
        "F/T": 0.13645437327978227,
        "H2O/T": 18.34733800140837,
        "sda1/T": 0.13471342916333845,
        "cryst_temp": 12.82523730412658,
        "cryst_time": 63.06090917003645
    },
    "r2s": {
        "Si/Al": -0.3461273522192292,
        "Al/P": 0.5845604212599278,
        "Si/Ge": 0.18533982894225132,
        "Si/B": -0.9530816133180464,
        "Na/T": -0.4290330204097583,
        "K/T": -0.25353115169698537,
        "OH/T": -0.42609482265898535,
        "F/T": -3.003512206980722,
        "H2O/T": -2.1763855182929834,
        "sda1/T": -2.761780676186178,
        "cryst_temp": -0.45001695867869773,
        "cryst_time": -12.776639355173398
    }
}