{
    "maes": {
        "Si/Al": 19.41648163842769,
        "Al/P": 0.08831379094435284,
        "Si/Ge": 1.4988904047801663,
        "Si/B": 7.49500841791575,
        "Na/T": 0.08325208999036163,
        "K/T": 0.16148965516612027,
        "OH/T": 0.14350964484956352,
        "F/T": 0.08276042659744,
        "H2O/T": 19.668397838930584,
        "sda1/T": 0.32081881609843765,
        "cryst_temp": 12.660754208477872,
        "cryst_time": 82.70378354610783
    },
    "wmaes": {
        "Si/Al": 1.6390326239979123,
        "Al/P": 0.13077081891505016,
        "Si/Ge": 1.4107396783503976,
        "Si/B": 1.917779665471179,
        "Na/T": 0.02818257260820739,
        "K/T": 0.2023484221370663,
        "OH/T": 0.10874142271625367,
        "F/T": 0.1316446320872307,
        "H2O/T": 20.78369340528993,
        "sda1/T": 0.30978873466760093,
        "cryst_temp": 12.76927566160552,
        "cryst_time": 45.49708892194863
    },
    "r2s": {
        "Si/Al": -1.1101502247314392,
        "Al/P": 0.6735349844812366,
        "Si/Ge": 0.006210559074231958,
        "Si/B": -0.08243912851417456,
        "Na/T": -0.1900347162667182,
        "K/T": -0.6752243351461105,
        "OH/T": -0.11718056125185483,
        "F/T": -0.6458823550721988,
        "H2O/T": -0.8722378866320122,
        "sda1/T": -1.6588864652591728,
        "cryst_temp": -0.28769700625788364,
        "cryst_time": -1.9363249060311456
    }
}