{
    "WSD mean": 0.10816155546404967,
    "WSD std": 0.05331864952546204
}