{
    "WSD mean": 0.4819778029289117,
    "WSD std": 0.3850548467294044
}