{
    "WSD mean": 0.4819778015256908,
    "WSD std": 0.3850548458036384
}