{
    "WSD mean": 0.17615435540543162,
    "WSD std": 0.08403000943059202
}