{
    "WSD mean": 0.5364314103895303,
    "WSD std": 0.3936284985764605
}