{
    "WSD mean": 0.5303851005256177,
    "WSD std": 0.3895389541481237
}