{
    "WSD mean": 0.53038509912625,
    "WSD std": 0.38953895346889067
}