{
    "WSD mean": 0.48145238054277306,
    "WSD std": 0.3796810956094428
}