{
    "MMD mean": 2.257379380605554,
    "MMD std": 1.2963940018648044
}