{
    "MMD mean": 1.764518536054171,
    "MMD std": 1.3227172111434191
}