{
    "maes": {
        "Si/Al": 25.29914847070749,
        "Al/P": 0.20324504660533332,
        "Si/Ge": 2.0024242297022283,
        "Si/B": 7.2767074603325455,
        "Na/T": 0.09657175894244574,
        "K/T": 0.22582316366666733,
        "OH/T": 0.18159693253703432,
        "F/T": 0.11433826887850256,
        "H2O/T": 26.769100544221985,
        "sda1/T": 0.38823546815323284,
        "cryst_temp": 14.69958730844351,
        "cryst_time": 118.28430718642015
    },
    "wmaes": {
        "Si/Al": 19.789724270534496,
        "Al/P": 0.27978390203384007,
        "Si/Ge": 1.4624582552738254,
        "Si/B": 2.219467770286137,
        "Na/T": 0.06400904864729831,
        "K/T": 0.19387375635987936,
        "OH/T": 0.26719638388030825,
        "F/T": 0.11403037299534345,
        "H2O/T": 46.10533392989933,
        "sda1/T": 0.3279012244900088,
        "cryst_temp": 14.901506063143533,
        "cryst_time": 80.56468121257703
    },
    "r2s": {
        "Si/Al": -6.582079942459657,
        "Al/P": -1.5735788391200507,
        "Si/Ge": 0.08488344852510166,
        "Si/B": -6.27767120245105,
        "Na/T": -1.4449688208470306,
        "K/T": -3.1264845939713037,
        "OH/T": -4.394746457564112,
        "F/T": -3.544528214211379,
        "H2O/T": -21.21418849467187,
        "sda1/T": -22.34279074624086,
        "cryst_temp": -4.28725358252095,
        "cryst_time": -0.880229353092288
    }
}