{
    "maes": {
        "Si/Al": 23.88710647825418,
        "Al/P": 0.19134470150254818,
        "Si/Ge": 2.328303883806964,
        "Si/B": 7.354658295397295,
        "Na/T": 0.11618549088948335,
        "K/T": 0.20462957127557685,
        "OH/T": 0.16089570279338308,
        "F/T": 0.14231109644207474,
        "H2O/T": 27.231519363089514,
        "sda1/T": 0.4773623092899284,
        "cryst_temp": 15.735936405838176,
        "cryst_time": 156.0359832820713
    },
    "wmaes": {
        "Si/Al": 18.03665240031591,
        "Al/P": 0.40289447705937587,
        "Si/Ge": 1.6766067066661683,
        "Si/B": 7.250217743443515,
        "Na/T": 0.06061299615322164,
        "K/T": 0.330330144274077,
        "OH/T": 0.2399526110001878,
        "F/T": 0.11274045627453358,
        "H2O/T": 38.032243308819204,
        "sda1/T": 0.19788787581382652,
        "cryst_temp": 16.521940664917043,
        "cryst_time": 102.39566371388793
    },
    "r2s": {
        "Si/Al": -3.9650209666278036,
        "Al/P": -1.3367376743227624,
        "Si/Ge": -0.01519095840402862,
        "Si/B": -9.940438511884087,
        "Na/T": -2.950881670131684,
        "K/T": -1.088371968508556,
        "OH/T": -2.353761825630608,
        "F/T": -6.533030474195242,
        "H2O/T": -10.889798258718368,
        "sda1/T": -15.229601031272487,
        "cryst_temp": -2.933472248566603,
        "cryst_time": -11.389153137486458
    }
}