{
    "WSD mean": 0.69065035518633,
    "WSD std": 0.39026084203595374
}