{
    "WSD mean": 0.7651839116485964,
    "WSD std": 0.4071179698238673
}