{
    "MMD mean": 2.2439357978041454,
    "MMD std": 1.9357478005197795
}