{
    "maes": {
        "Si/Al": 16.40832084337309,
        "Al/P": 0.13100094179041588,
        "Si/Ge": 0.9146576707694904,
        "Si/B": 5.348304953582664,
        "Na/T": 0.08885656137536771,
        "K/T": 0.0393750890290157,
        "OH/T": 0.12906659273471255,
        "F/T": 0.09660521206339819,
        "H2O/T": 25.60271894109565,
        "sda1/T": 0.3970581848078693,
        "cryst_temp": 14.890658319001576,
        "cryst_time": 153.568548474001
    },
    "wmaes": {
        "Si/Al": 3.5384868897027406,
        "Al/P": 0.30224902747004384,
        "Si/Ge": 0.9570093282659405,
        "Si/B": 4.537076228401569,
        "Na/T": 0.020542417078352755,
        "K/T": 0.023487554044256616,
        "OH/T": 0.22014585944631163,
        "F/T": 0.023304420648309468,
        "H2O/T": 19.3687886941361,
        "sda1/T": 0.43705607786598033,
        "cryst_temp": 14.687446894926678,
        "cryst_time": 119.755316199999
    },
    "r2s": {
        "Si/Al": -0.006406243051366722,
        "Al/P": 0.43437668995957834,
        "Si/Ge": 0.37039015494647143,
        "Si/B": 0.2664138601393935,
        "Na/T": 0.2688463682713568,
        "K/T": -8.663691023619773,
        "OH/T": 0.1191882830942026,
        "F/T": -0.3300933637135526,
        "H2O/T": -0.6204023244214447,
        "sda1/T": -0.2964390159067338,
        "cryst_temp": -0.49190989258233575,
        "cryst_time": -2.277717741500076
    }
}