{
    "WSD mean": 0.46368788203654365,
    "WSD std": 0.5064129597612592
}