{
    "MMD mean": 1.5493261447319617,
    "MMD std": 1.3781630659398854
}