{
    "MMD mean": 1.9267344820883967,
    "MMD std": 1.3680154984751078
}