{
    "maes": {
        "Si/Al": 17.280579024711187,
        "Al/P": 0.13948832674914527,
        "Si/Ge": 1.138433365642487,
        "Si/B": 6.044030454845475,
        "Na/T": 0.1000245241699598,
        "K/T": 0.04783117229733695,
        "OH/T": 0.15078175313642042,
        "F/T": 0.10581514406820658,
        "H2O/T": 23.877391540914942,
        "sda1/T": 0.4743859316011083,
        "cryst_temp": 16.47113153198557,
        "cryst_time": 378.3586810240181
    },
    "wmaes": {
        "Si/Al": 2.5081494901411676,
        "Al/P": 0.28019315209844564,
        "Si/Ge": 2.2214770213860975,
        "Si/B": 9.144292215292428,
        "Na/T": 0.03469397887496907,
        "K/T": 0.03212936708498164,
        "OH/T": 0.23502633404760595,
        "F/T": 0.01930448735680779,
        "H2O/T": 25.311308217270597,
        "sda1/T": 0.33455707160786263,
        "cryst_temp": 17.160930238287378,
        "cryst_time": 210.40916064575524
    },
    "r2s": {
        "Si/Al": -2.3922860844529996,
        "Al/P": 0.21425092478325236,
        "Si/Ge": 0.4069497456653851,
        "Si/B": -0.7331959484002792,
        "Na/T": 0.06280859415590867,
        "K/T": -30.10728911678068,
        "OH/T": -0.6551485367276375,
        "F/T": -1.5091278033076163,
        "H2O/T": -3.1731138407959367,
        "sda1/T": -4.323698976619254,
        "cryst_temp": -0.8109849463448244,
        "cryst_time": -0.6766137793161959
    }
}