{
    "maes": {
        "Si/Al": 17.62045807993261,
        "Al/P": 0.12761468206597393,
        "Si/Ge": 1.259738507459907,
        "Si/B": 5.7142964688855935,
        "Na/T": 0.0832326083996512,
        "K/T": 0.08283495223928453,
        "OH/T": 0.1619498841568238,
        "F/T": 0.08108480048076913,
        "H2O/T": 24.66806828480779,
        "sda1/T": 0.39561218948224314,
        "cryst_temp": 15.972701423345793,
        "cryst_time": 318.76956167219737
    },
    "wmaes": {
        "Si/Al": 6.396187728523688,
        "Al/P": 0.20252151402522114,
        "Si/Ge": 1.8961785724508702,
        "Si/B": 4.184404262967272,
        "Na/T": 0.02539326496150376,
        "K/T": 0.023090578087238824,
        "OH/T": 0.24043403075916178,
        "F/T": 0.019883494912561278,
        "H2O/T": 31.352938956317022,
        "sda1/T": 0.48920819689504624,
        "cryst_temp": 16.114087849685024,
        "cryst_time": 281.8709197254995
    },
    "r2s": {
        "Si/Al": -4.405881673362743,
        "Al/P": 0.3060365321717584,
        "Si/Ge": 0.3828274079817229,
        "Si/B": -0.08330905424972812,
        "Na/T": 0.15354032156041408,
        "K/T": -69.17051391559887,
        "OH/T": -0.9955470194691416,
        "F/T": -0.31860555455016715,
        "H2O/T": -3.4700415140275904,
        "sda1/T": -2.9120611802674414,
        "cryst_temp": -0.9560176090001355,
        "cryst_time": -0.3410747587837135
    }
}