{
    "WSD mean": 0.5435904856638248,
    "WSD std": 0.4307368386518277
}