{
    "WSD mean": 0.5477492704747825,
    "WSD std": 0.4356717020323052
}