{
    "MMD mean": 3.330621838569641,
    "MMD std": 2.1417507897743606
}