{
    "MMD mean": 4.446239170207773,
    "MMD std": 1.8459102039117716
}