{
    "maes": {
        "Si/Al": 22.501072699399128,
        "Al/P": 0.2325493028720483,
        "Si/Ge": 1.1216229724032538,
        "Si/B": 5.0226971850556845,
        "Na/T": 0.1190636183588355,
        "K/T": 0.04787279790812184,
        "OH/T": 0.17950883851936136,
        "F/T": 0.100760010351497,
        "H2O/T": 26.65524628989759,
        "sda1/T": 0.4706972768578443,
        "cryst_temp": 16.621809990175308,
        "cryst_time": 157.64033116864903
    },
    "wmaes": {
        "Si/Al": 1.1026987158551966,
        "Al/P": 0.2520572940691718,
        "Si/Ge": 0.7805912582859214,
        "Si/B": 4.7077579836384755,
        "Na/T": 0.03419091420681043,
        "K/T": 0.017465383944209236,
        "OH/T": 0.26660380725931315,
        "F/T": 0.026466305384632835,
        "H2O/T": 22.828583559217293,
        "sda1/T": 0.5735451119107984,
        "cryst_temp": 17.31888490710909,
        "cryst_time": 97.93821843248733
    },
    "r2s": {
        "Si/Al": -0.43530923698807866,
        "Al/P": -0.19892253406654858,
        "Si/Ge": 0.3859111449640634,
        "Si/B": 0.02015643670688494,
        "Na/T": 0.006952710525967243,
        "K/T": -2.328000595029868,
        "OH/T": -0.08203334955984509,
        "F/T": 0.10473605798087127,
        "H2O/T": -2.264801394170474,
        "sda1/T": -3.2938383816943535,
        "cryst_temp": -0.9779617952797819,
        "cryst_time": -12.28785660034984
    }
}