{
    "maes": {
        "Si/Al": 29.265258951331763,
        "Al/P": 0.21669230857150978,
        "Si/Ge": 0.8983365367440617,
        "Si/B": 9.164673296785033,
        "Na/T": 0.12117299776582513,
        "K/T": 0.09729836718738974,
        "OH/T": 0.2126129714155328,
        "F/T": 0.0842374678809742,
        "H2O/T": 27.917464109531675,
        "sda1/T": 0.43167280301433775,
        "cryst_temp": 18.45525382115291,
        "cryst_time": 122.02471713836377
    },
    "wmaes": {
        "Si/Al": 3.1018198130162338,
        "Al/P": 0.30337005727294136,
        "Si/Ge": 0.6996784458849673,
        "Si/B": 2.322547204798684,
        "Na/T": 0.024751528281414605,
        "K/T": 0.01520719605835864,
        "OH/T": 0.1942507367236492,
        "F/T": 0.011834428945596486,
        "H2O/T": 27.075995920946433,
        "sda1/T": 0.30445769338107515,
        "cryst_temp": 18.917671686259634,
        "cryst_time": 87.71059033901814
    },
    "r2s": {
        "Si/Al": -0.3462720013363889,
        "Al/P": -0.2693504324842102,
        "Si/Ge": 0.21063812269252602,
        "Si/B": -0.24782081813261092,
        "Na/T": 0.05396229527517238,
        "K/T": -2.926302716618792,
        "OH/T": 0.19947067736489588,
        "F/T": 0.25979734147568045,
        "H2O/T": -1.8498410922628126,
        "sda1/T": -1.272555050963648,
        "cryst_temp": -0.43855276059332926,
        "cryst_time": -1.7598260901655047
    }
}