{
    "WSD mean": 0.5611508228653003,
    "WSD std": 0.5252187245687122
}