{
    "WSD mean": 0.5313331248786516,
    "WSD std": 0.5110105914884232
}