{
    "MMD mean": 2.0289070093503563,
    "MMD std": 1.6071989696372408
}