{
    "MMD mean": 1.6345447852061346,
    "MMD std": 1.5731425642918895
}