{
    "maes": {
        "Si/Al": 17.120880088926384,
        "Al/P": 0.11857083258100547,
        "Si/Ge": 1.093215947679602,
        "Si/B": 13.063310454919598,
        "Na/T": 0.08625497166222222,
        "K/T": 0.07166822657499082,
        "OH/T": 0.16965024775174992,
        "F/T": 0.10373982266656255,
        "H2O/T": 26.736545143722765,
        "sda1/T": 0.4480659506534047,
        "cryst_temp": 14.979037418894258,
        "cryst_time": 204.54769767633888
    },
    "wmaes": {
        "Si/Al": 1.1377780827140462,
        "Al/P": 0.2703322343074359,
        "Si/Ge": 1.3923003558201614,
        "Si/B": 5.271942983907346,
        "Na/T": 0.022345752422563522,
        "K/T": 0.015891125475168244,
        "OH/T": 0.32806959806147734,
        "F/T": 0.023634975639958762,
        "H2O/T": 28.210014336712195,
        "sda1/T": 0.3673871794090003,
        "cryst_temp": 15.255722616078499,
        "cryst_time": 130.77970427317246
    },
    "r2s": {
        "Si/Al": -1.5044970046229436,
        "Al/P": 0.6442869378039822,
        "Si/Ge": 0.4722800508412631,
        "Si/B": 0.13088260387330075,
        "Na/T": 0.11622630863592476,
        "K/T": -171.43645271741656,
        "OH/T": -0.1377281290799135,
        "F/T": 0.128452960003539,
        "H2O/T": -1.896652932811135,
        "sda1/T": -1.0778114541788373,
        "cryst_temp": -0.708168038169122,
        "cryst_time": -0.06818351538041267
    }
}