{
    "maes": {
        "Si/Al": 16.06157452264184,
        "Al/P": 0.12550639669396518,
        "Si/Ge": 1.001235200149442,
        "Si/B": 14.278494257580485,
        "Na/T": 0.09535230280400532,
        "K/T": 0.040297418382512676,
        "OH/T": 0.144731173205361,
        "F/T": 0.10967075675894424,
        "H2O/T": 24.19304200071653,
        "sda1/T": 0.47585942840741846,
        "cryst_temp": 15.127876333589999,
        "cryst_time": 199.8032197368327
    },
    "wmaes": {
        "Si/Al": 2.6656045600756593,
        "Al/P": 0.22977182997815637,
        "Si/Ge": 1.854238557170576,
        "Si/B": 19.354326872544334,
        "Na/T": 0.024170859919399632,
        "K/T": 0.02512937059606109,
        "OH/T": 0.185702161110189,
        "F/T": 0.02131551192194337,
        "H2O/T": 23.70467232581281,
        "sda1/T": 0.2856351757181193,
        "cryst_temp": 15.81624473303966,
        "cryst_time": 129.85897315927764
    },
    "r2s": {
        "Si/Al": -0.5444436630124252,
        "Al/P": 0.5418030110730574,
        "Si/Ge": 0.4863088353852755,
        "Si/B": 0.11795035636917406,
        "Na/T": -0.22307144240222088,
        "K/T": -50.790010870087244,
        "OH/T": -0.35397988077988485,
        "F/T": -0.41181276440396597,
        "H2O/T": -1.2177530337649474,
        "sda1/T": -2.0193970658086644,
        "cryst_temp": -0.8242258839740133,
        "cryst_time": -0.29754136414845944
    }
}