{
    "WSD mean": 0.4715517227273967,
    "WSD std": 0.4716309214856993
}