{
    "WSD mean": 0.481297287413612,
    "WSD std": 0.4694617475557113
}