{
    "MMD mean": 1.7452426782021155,
    "MMD std": 1.752052030906131
}