{
    "MMD mean": 2.1116302526125343,
    "MMD std": 1.816321374871359
}