{
    "maes": {
        "Si/Al": 16.30209271250458,
        "Al/P": 0.12104269091273888,
        "Si/Ge": 1.3078884697545963,
        "Si/B": 5.370530904680952,
        "Na/T": 0.0903865759852052,
        "K/T": 0.04839863730967018,
        "OH/T": 0.13632786411707648,
        "F/T": 0.09789724787732328,
        "H2O/T": 25.43351189324394,
        "sda1/T": 0.38769993577449474,
        "cryst_temp": 15.70547339943604,
        "cryst_time": 162.62908706093825
    },
    "wmaes": {
        "Si/Al": 2.172183303348909,
        "Al/P": 0.2243687342572222,
        "Si/Ge": 2.521108264751739,
        "Si/B": 3.5918750657550365,
        "Na/T": 0.027797985938430955,
        "K/T": 0.02337005499173124,
        "OH/T": 0.25918421643443257,
        "F/T": 0.02349451010287896,
        "H2O/T": 20.80161774979966,
        "sda1/T": 0.21947990941873483,
        "cryst_temp": 16.174796525038122,
        "cryst_time": 120.50863215771409
    },
    "r2s": {
        "Si/Al": 0.14906104625487349,
        "Al/P": 0.493851486533216,
        "Si/Ge": 0.3463398748978733,
        "Si/B": -0.1918950886413915,
        "Na/T": 0.3193535285500039,
        "K/T": -4.369965878904449,
        "OH/T": 0.31936639834466396,
        "F/T": -0.27402708313539614,
        "H2O/T": -0.588319838624692,
        "sda1/T": 0.04572303947819012,
        "cryst_temp": -0.5195994749463504,
        "cryst_time": -1.7106761655613805
    }
}