{
    "maes": {
        "Si/Al": 18.136727693009014,
        "Al/P": 0.09709370455306221,
        "Si/Ge": 1.6948944031969102,
        "Si/B": 7.194663345728064,
        "Na/T": 0.08243227768204917,
        "K/T": 0.09459225481724301,
        "OH/T": 0.17092411796239468,
        "F/T": 0.08157467719378576,
        "H2O/T": 27.219865960281975,
        "sda1/T": 0.4191490585939522,
        "cryst_temp": 15.730362452088606,
        "cryst_time": 140.36661012358303
    },
    "wmaes": {
        "Si/Al": 0.7999734320965608,
        "Al/P": 0.2492427152958213,
        "Si/Ge": 2.0184272098873377,
        "Si/B": 4.335071511180872,
        "Na/T": 0.02717206807227676,
        "K/T": 0.02439560168858647,
        "OH/T": 0.25307582769124837,
        "F/T": 0.01262511473307662,
        "H2O/T": 21.98701343486692,
        "sda1/T": 0.2102680501932106,
        "cryst_temp": 15.471823205869109,
        "cryst_time": 88.94252416821277
    },
    "r2s": {
        "Si/Al": null,
        "Al/P": null,
        "Si/Ge": null,
        "Si/B": null,
        "Na/T": null,
        "K/T": null,
        "OH/T": null,
        "F/T": null,
        "H2O/T": null,
        "sda1/T": null,
        "cryst_temp": null,
        "cryst_time": null
    }
}