{
    "WSD mean": 0.49681827109552695,
    "WSD std": 0.5193555555463563
}