{
    "WSD mean": 0.462474266181488,
    "WSD std": 0.494281884327255
}