{
    "MMD mean": 1.9659809104857906,
    "MMD std": 1.5940568681380898
}