{
    "MMD mean": 1.6679582779224102,
    "MMD std": 1.6469962723971938
}