{
    "maes": {
        "Si/Al": 14.343463857110677,
        "Al/P": 0.12002175501267663,
        "Si/Ge": 1.1285739978257445,
        "Si/B": 7.114616367746529,
        "Na/T": 0.11599457937853544,
        "K/T": 0.04527839045870558,
        "OH/T": 0.1435562217016768,
        "F/T": 0.10499323503833743,
        "H2O/T": 25.499773844393154,
        "sda1/T": 0.3968039883138387,
        "cryst_temp": 15.06754668249223,
        "cryst_time": 217.82072436441052
    },
    "wmaes": {
        "Si/Al": 2.05704345293991,
        "Al/P": 0.2341545172831833,
        "Si/Ge": 2.2040500040450657,
        "Si/B": 14.21212337575148,
        "Na/T": 0.030575808689359732,
        "K/T": 0.026533203633333752,
        "OH/T": 0.17168692291263032,
        "F/T": 0.028468196270419806,
        "H2O/T": 15.620428164440938,
        "sda1/T": 0.16219110832054892,
        "cryst_temp": 15.687082144495816,
        "cryst_time": 189.45508817240722
    },
    "r2s": {
        "Si/Al": -3.3869920340773563,
        "Al/P": 0.49451674769572773,
        "Si/Ge": 0.3892422696498683,
        "Si/B": -1.6158610009889376,
        "Na/T": 0.16250793533475438,
        "K/T": -6.936804869897288,
        "OH/T": -0.07808217483099589,
        "F/T": -0.2535664497474688,
        "H2O/T": -1.0609710309979068,
        "sda1/T": -1.7357315109209144,
        "cryst_temp": -0.6410167844038295,
        "cryst_time": -0.28874028763524184
    }
}