{
    "maes": {
        "Si/Al": 16.29151479242051,
        "Al/P": 0.1211266302636709,
        "Si/Ge": 1.1172160892056748,
        "Si/B": 5.831466159779357,
        "Na/T": 0.08944577455661344,
        "K/T": 0.0808502292763358,
        "OH/T": 0.16676982198895185,
        "F/T": 0.08673187639730795,
        "H2O/T": 25.74392096742718,
        "sda1/T": 0.3533612313390831,
        "cryst_temp": 14.289526365136435,
        "cryst_time": 133.27741393315557
    },
    "wmaes": {
        "Si/Al": 7.554718323985718,
        "Al/P": 0.20696900648165206,
        "Si/Ge": 1.4274858453899375,
        "Si/B": 8.913357744122683,
        "Na/T": 0.02027930227899026,
        "K/T": 0.03151001793472361,
        "OH/T": 0.1860073534399526,
        "F/T": 0.021211971359567715,
        "H2O/T": 15.272529919995467,
        "sda1/T": 0.19081093130051607,
        "cryst_temp": 14.392114029876888,
        "cryst_time": 135.6478416585818
    },
    "r2s": {
        "Si/Al": -7.535760953155869,
        "Al/P": 0.5139647050645226,
        "Si/Ge": 0.2952417959463107,
        "Si/B": -0.8952884290037129,
        "Na/T": 0.37063489730833976,
        "K/T": -44.07285668802922,
        "OH/T": -1.0887034268102065,
        "F/T": 0.09219314919330168,
        "H2O/T": -1.2314284206147668,
        "sda1/T": -3.1730604452336424,
        "cryst_temp": -0.8867940115940944,
        "cryst_time": 0.16077895133873588
    }
}