{
    "WSD mean": 0.49326124893024403,
    "WSD std": 0.48620675526202994
}