{
    "WSD mean": 0.5073882471344283,
    "WSD std": 0.4774916078086271
}