{
    "MMD mean": 2.5310899839606336,
    "MMD std": 1.2627486108939647
}