{
    "MMD mean": 1.9902138572472792,
    "MMD std": 1.3178130214183619
}