{
    "MMD mean": 1.9861592690921523,
    "MMD std": 1.2525210752426938
}