{
    "MMD mean": 2.531089977551532,
    "MMD std": 1.2627486003423656
}