{
    "MMD mean": 1.990213848077334,
    "MMD std": 1.317813052357928
}