{
    "MMD mean": 2.558946208605256,
    "MMD std": 1.229530022572302
}