{
    "WSD mean": 0.7527027332424887,
    "WSD std": 0.3860745293490434
}