{
    "WSD mean": 0.8214956988700379,
    "WSD std": 0.4100348967426279
}