{
    "WSD mean": 0.82149570175243,
    "WSD std": 0.41003489851149594
}