{
    "WSD mean": 0.7527027361719019,
    "WSD std": 0.38607453088147403
}