{
    "MMD mean": 1.520663050504831,
    "MMD std": 1.4269460352033423
}