{
    "MMD mean": 1.9236806220905756,
    "MMD std": 1.4976043006346555
}