{
    "maes": {
        "Si/Al": 18.035004720316856,
        "Al/P": 0.12817092506033845,
        "Si/Ge": 1.0178384128315592,
        "Si/B": 5.9332379071551005,
        "Na/T": 0.09815609550609397,
        "K/T": 0.049326282178061266,
        "OH/T": 0.17477624107102074,
        "F/T": 0.12263058717285849,
        "H2O/T": 24.518022998805893,
        "sda1/T": 0.4778124629416238,
        "cryst_temp": 14.84608518880465,
        "cryst_time": 188.36500129522244
    },
    "wmaes": {
        "Si/Al": 3.5127474471596885,
        "Al/P": 0.2564526552711699,
        "Si/Ge": 2.330813598910453,
        "Si/B": 6.736463905278613,
        "Na/T": 0.029012505758990385,
        "K/T": 0.03300259599413519,
        "OH/T": 0.2821964831789411,
        "F/T": 0.021475073898660414,
        "H2O/T": 33.36837850040588,
        "sda1/T": 0.26256157448317713,
        "cryst_temp": 15.378205709213116,
        "cryst_time": 133.4885021125881
    },
    "r2s": {
        "Si/Al": -0.21943187147401555,
        "Al/P": 0.5147499406701896,
        "Si/Ge": 0.16814911852626602,
        "Si/B": -0.09060580066769641,
        "Na/T": 0.31721518114883807,
        "K/T": -12.715043891745212,
        "OH/T": 0.015727349316432382,
        "F/T": -0.208596982157085,
        "H2O/T": -0.7141552751747662,
        "sda1/T": -0.4923468409698799,
        "cryst_temp": -0.8721957930944089,
        "cryst_time": -1.1562583472693668
    }
}