{
    "maes": {
        "Si/Al": 17.956787041661602,
        "Al/P": 0.11216541191221581,
        "Si/Ge": 1.0417337444629389,
        "Si/B": 5.745877015611061,
        "Na/T": 0.09484707363566007,
        "K/T": 0.08314345062618816,
        "OH/T": 0.23310045990105438,
        "F/T": 0.10440067391648879,
        "H2O/T": 25.706827837408227,
        "sda1/T": 0.4773481748957903,
        "cryst_temp": 14.36579245784428,
        "cryst_time": 134.0975842083755
    },
    "wmaes": {
        "Si/Al": 2.222192209850232,
        "Al/P": 0.3031578551540881,
        "Si/Ge": 2.221669460328684,
        "Si/B": 3.631913503715006,
        "Na/T": 0.03108776835286263,
        "K/T": 0.047291563483027904,
        "OH/T": 0.3952746301411315,
        "F/T": 0.02218985951068831,
        "H2O/T": 41.05095624309892,
        "sda1/T": 0.4097589210139655,
        "cryst_temp": 14.585135898302296,
        "cryst_time": 73.42907171178098
    },
    "r2s": {
        "Si/Al": -1.3356826012559497,
        "Al/P": 0.6284648977302025,
        "Si/Ge": 0.3112488981238818,
        "Si/B": -0.1538614559244169,
        "Na/T": 0.4083908433963811,
        "K/T": -93.64266905041252,
        "OH/T": -0.1337030245857347,
        "F/T": 0.24943460128258665,
        "H2O/T": -0.6774337531391421,
        "sda1/T": -0.46022890809420636,
        "cryst_temp": -0.7730017720470439,
        "cryst_time": -0.18349758080669476
    }
}