{
    "WSD mean": 0.48707591010921747,
    "WSD std": 0.46766460075621763
}