{
    "WSD mean": 0.46895706174239105,
    "WSD std": 0.4439994922609812
}