{
    "MMD mean": 2.1712865073193788,
    "MMD std": 1.8705229650223525
}