{
    "MMD mean": 1.8627186646828284,
    "MMD std": 1.872827726667195
}