{
    "maes": {
        "Si/Al": 16.429526423958364,
        "Al/P": 0.09325005249858385,
        "Si/Ge": 0.8020367014258043,
        "Si/B": 5.6781980850036256,
        "Na/T": 0.07374982517026733,
        "K/T": 0.07484812431010217,
        "OH/T": 0.16216165091394485,
        "F/T": 0.07728091655238178,
        "H2O/T": 29.534466959391548,
        "sda1/T": 0.4483752632664852,
        "cryst_temp": 13.953691702621335,
        "cryst_time": 128.00606071973345
    },
    "wmaes": {
        "Si/Al": 1.0237774252744591,
        "Al/P": 0.21408887285885508,
        "Si/Ge": 1.046377781170329,
        "Si/B": 6.574433246956712,
        "Na/T": 0.02286755549712323,
        "K/T": 0.02696106127468233,
        "OH/T": 0.12086743934953573,
        "F/T": 0.07952895090886361,
        "H2O/T": 131.60745248742538,
        "sda1/T": 0.5121478956012343,
        "cryst_temp": 13.641416417034703,
        "cryst_time": 77.78626021540882
    },
    "r2s": {
        "Si/Al": -1.6987714809263759,
        "Al/P": 0.7407619912572736,
        "Si/Ge": 0.5532471006561832,
        "Si/B": 0.3127745893856929,
        "Na/T": 0.09226837244090957,
        "K/T": -79.40451046467669,
        "OH/T": -1.6295957452356262,
        "F/T": 0.3784741221910942,
        "H2O/T": -0.7000100528463358,
        "sda1/T": -0.5492537611731929,
        "cryst_temp": -0.11505415140228514,
        "cryst_time": 0.47221422905556354
    }
}