{
    "maes": {
        "Si/Al": 17.997569453615974,
        "Al/P": 0.1188370867329987,
        "Si/Ge": 0.9509439806712178,
        "Si/B": 6.451372838413215,
        "Na/T": 0.08716554361237067,
        "K/T": 0.03770480170622981,
        "OH/T": 0.12976178413736614,
        "F/T": 0.09040655626934035,
        "H2O/T": 25.294934193483925,
        "sda1/T": 0.43417535711795785,
        "cryst_temp": 14.852384803915948,
        "cryst_time": 173.0764020394753
    },
    "wmaes": {
        "Si/Al": 2.1020913109612396,
        "Al/P": 0.24803753873002105,
        "Si/Ge": 1.170986496935841,
        "Si/B": 5.048305563104511,
        "Na/T": 0.02469370245555804,
        "K/T": 0.02221921568581228,
        "OH/T": 0.1443941091505737,
        "F/T": 0.09790652991879245,
        "H2O/T": 101.54923099936661,
        "sda1/T": 0.35254192375819277,
        "cryst_temp": 14.73422252091929,
        "cryst_time": 121.72634347373042
    },
    "r2s": {
        "Si/Al": -0.2751183366352219,
        "Al/P": 0.5508747393156885,
        "Si/Ge": 0.4804273327511237,
        "Si/B": -0.2267487401194901,
        "Na/T": 0.2977071130469534,
        "K/T": -10.129361144851547,
        "OH/T": -0.11435354328712033,
        "F/T": -0.0919246622350749,
        "H2O/T": -0.6264586816336866,
        "sda1/T": -0.3506323500609063,
        "cryst_temp": -0.2840203347438057,
        "cryst_time": 0.055715246109184435
    }
}