{
    "WSD mean": 0.5070264028252687,
    "WSD std": 0.5102174393981819
}