{
    "WSD mean": 0.4699003870321746,
    "WSD std": 0.5016496974746864
}