{
    "MMD mean": 5.086253685335959,
    "MMD std": 1.5180056956018246
}