{
    "maes": {
        "Si/Al": 27.36671747186088,
        "Al/P": 0.7986570142391252,
        "Si/Ge": NaN,
        "Si/B": NaN,
        "Na/T": 0.10902889588564854,
        "K/T": 0.03874899689222358,
        "OH/T": 0.18360277724180682,
        "F/T": 0.10460937462036088,
        "H2O/T": 29.358558034213882,
        "sda1/T": 0.480525566597021,
        "cryst_temp": 16.421186816307806,
        "cryst_time": 174.95731213432487
    },
    "wmaes": {
        "Si/Al": 29.72688785523006,
        "Al/P": 0.4080913167433664,
        "Si/Ge": 0.0,
        "Si/B": 0.0,
        "Na/T": 0.027743723611410035,
        "K/T": 0.011149728940847696,
        "OH/T": 0.06894283000876739,
        "F/T": 0.026033448576090322,
        "H2O/T": 13.974777572158564,
        "sda1/T": 0.21550352446933863,
        "cryst_temp": 17.480167830216907,
        "cryst_time": 99.91025439488519
    },
    "r2s": {
        "Si/Al": null,
        "Al/P": null,
        "Si/Ge": null,
        "Si/B": null,
        "Na/T": null,
        "K/T": null,
        "OH/T": null,
        "F/T": null,
        "H2O/T": null,
        "sda1/T": null,
        "cryst_temp": null,
        "cryst_time": null
    }
}