{
    "WSD mean": 0.6487537772623313,
    "WSD std": 0.479543338321578
}