{
    "MMD mean": 2.2456345288984236,
    "MMD std": 1.8268510018328155
}