{
    "maes": {
        "Si/Al": 15.944665604152156,
        "Al/P": 0.1308286408150759,
        "Si/Ge": 1.4733036019595007,
        "Si/B": 6.2508827740677715,
        "Na/T": 0.09120371174985786,
        "K/T": 0.051353655324435976,
        "OH/T": 0.14401556194660445,
        "F/T": 0.10850434352919228,
        "H2O/T": 26.973039867774528,
        "sda1/T": 0.4288715747880826,
        "cryst_temp": 16.369553138854776,
        "cryst_time": 146.67795307915083
    },
    "wmaes": {
        "Si/Al": 0.6076474757806932,
        "Al/P": 0.2339736479338867,
        "Si/Ge": 3.425219504749853,
        "Si/B": 5.345672212311529,
        "Na/T": 0.02536374616737871,
        "K/T": 0.018046001410917924,
        "OH/T": 0.16648098840026826,
        "F/T": 0.03203425026743603,
        "H2O/T": 29.106646816964286,
        "sda1/T": 0.1642306383568996,
        "cryst_temp": 16.409887822480933,
        "cryst_time": 97.52130031678767
    },
    "r2s": {
        "Si/Al": -0.35084021593858505,
        "Al/P": 0.4137041993271545,
        "Si/Ge": 0.34922379667951975,
        "Si/B": -0.21652464103087765,
        "Na/T": 0.17139799704252834,
        "K/T": -1.9100986345655553,
        "OH/T": 0.029005405714205956,
        "F/T": -0.31992639544773094,
        "H2O/T": -0.4793176209959431,
        "sda1/T": -0.7199026721420718,
        "cryst_temp": -0.45005200439109094,
        "cryst_time": -2.8203067076134074
    }
}