{
    "WSD mean": 0.4886020350359228,
    "WSD std": 0.48963076471535105
}