{
    "MMD mean": 2.291930419035431,
    "MMD std": 1.291776160299352
}