{
    "MMD mean": 1.8744456420824365,
    "MMD std": 1.3982515119177636
}