{
    "MMD mean": 2.2664874458825714,
    "MMD std": 1.312976916181003
}