{
    "MMD mean": 1.7701363701086779,
    "MMD std": 1.2843945768834293
}