{
    "MMD mean": 1.7701363746936505,
    "MMD std": 1.2843945702871553
}