{
    "MMD mean": 2.266487435628009,
    "MMD std": 1.312976915380441
}