{
    "WSD mean": 0.736806990940039,
    "WSD std": 0.40617542731093875
}