{
    "WSD mean": 0.6769597146483917,
    "WSD std": 0.3888751445120026
}