{
    "WSD mean": 0.7368069888165524,
    "WSD std": 0.4061754263977279
}