{
    "WSD mean": 0.6769597165481737,
    "WSD std": 0.38887514540142754
}