{
    "MMD mean": 2.2011984650806715,
    "MMD std": 1.3743598300151258
}