{
    "MMD mean": 1.7001558313002954,
    "MMD std": 1.3816747510191318
}