{
    "maes": {
        "Si/Al": 22.381586086944143,
        "Al/P": 0.18026723737953368,
        "Si/Ge": 0.9289464265020797,
        "Si/B": 6.979895707525429,
        "Na/T": 0.08850146469082504,
        "K/T": 0.08976414080824992,
        "OH/T": 0.1718774331098897,
        "F/T": 0.09565690772601207,
        "H2O/T": 26.090055836758648,
        "sda1/T": 0.3968372304023852,
        "cryst_temp": 14.157442312974196,
        "cryst_time": 100.25936414645268
    },
    "wmaes": {
        "Si/Al": 18.958020772479152,
        "Al/P": 0.2555422343890157,
        "Si/Ge": 0.5179438866176314,
        "Si/B": 1.475980000613881,
        "Na/T": 0.040179358697826933,
        "K/T": 0.033001750218055834,
        "OH/T": 0.26433183329822246,
        "F/T": 0.1040839741557096,
        "H2O/T": 72.75394577063975,
        "sda1/T": 0.3374233713004525,
        "cryst_temp": 14.533528772640805,
        "cryst_time": 62.54676825568614
    },
    "r2s": {
        "Si/Al": -7.401969498058447,
        "Al/P": -0.04621772008865821,
        "Si/Ge": -0.11714018099518064,
        "Si/B": -6.682917531544242,
        "Na/T": -0.9060458111356404,
        "K/T": -9.668184439137693,
        "OH/T": -3.1297940913143396,
        "F/T": -2.869990226916057,
        "H2O/T": -8.33861351189995,
        "sda1/T": -1.3320990835606668,
        "cryst_temp": -3.4820584203692393,
        "cryst_time": -4.311424979883284
    }
}