{
    "maes": {
        "Si/Al": 20.60132688352356,
        "Al/P": 0.19761092526344012,
        "Si/Ge": 1.0969056014258127,
        "Si/B": 7.204777631417823,
        "Na/T": 0.10991263842151966,
        "K/T": 0.051454817080624285,
        "OH/T": 0.1578793043273993,
        "F/T": 0.12606137622265123,
        "H2O/T": 26.249176995558365,
        "sda1/T": 0.4607761097006044,
        "cryst_temp": 15.285698921449724,
        "cryst_time": 147.39812066125614
    },
    "wmaes": {
        "Si/Al": 11.729178105316151,
        "Al/P": 0.3236888709739485,
        "Si/Ge": 0.9033863004103665,
        "Si/B": 6.71276288231361,
        "Na/T": 0.03315929916140835,
        "K/T": 0.07407741136255666,
        "OH/T": 0.22042345590007806,
        "F/T": 0.1078361469122882,
        "H2O/T": 57.28182215090632,
        "sda1/T": 0.21229025398470253,
        "cryst_temp": 16.196186693719394,
        "cryst_time": 104.2723404988307
    },
    "r2s": {
        "Si/Al": -3.7796631069963196,
        "Al/P": -0.21724055871232184,
        "Si/Ge": -0.8540807335726621,
        "Si/B": -8.079827510617632,
        "Na/T": -1.3543761250284438,
        "K/T": -2.0923187428955243,
        "OH/T": -1.2090648820821492,
        "F/T": -5.6594071371763714,
        "H2O/T": -7.942145395319862,
        "sda1/T": -5.005021462913357,
        "cryst_temp": -2.599863053950516,
        "cryst_time": -23.664156563290803
    }
}