{
    "WSD mean": 0.6929821996433925,
    "WSD std": 0.43427565420061615
}