{
    "WSD mean": 0.6245079199151653,
    "WSD std": 0.40247051177614923
}