{
    "MMD mean": 1.7565076605787555,
    "MMD std": 1.3165011149550256
}