{
    "MMD mean": 2.2113473505102177,
    "MMD std": 1.226763843532722
}