{
    "MMD mean": 2.2113473607647802,
    "MMD std": 1.2267638419564226
}