{
    "MMD mean": 1.7329183037464435,
    "MMD std": 1.2186072793869418
}