{
    "MMD mean": 1.732918312916389,
    "MMD std": 1.2186072760139324
}