{
    "MMD mean": 2.214729961464984,
    "MMD std": 1.21698857358602
}