{
    "WSD mean": 0.7104685567308989,
    "WSD std": 0.3755310338077624
}