{
    "WSD mean": 0.7104685555158559,
    "WSD std": 0.3755310331430409
}