{
    "WSD mean": 0.7724361285408043,
    "WSD std": 0.38493203731204395
}