{
    "WSD mean": 0.7724361270901181,
    "WSD std": 0.38493203658862035
}