{
    "MMD mean": 5.0917505948774275,
    "MMD std": 1.5105138345432199
}