{
    "MMD mean": 4.586537425334637,
    "MMD std": 1.4632546683316485
}