{
    "maes": {
        "Si/Al": 30.652443057574917,
        "Al/P": 0.7800985003208242,
        "Si/Ge": NaN,
        "Si/B": NaN,
        "Na/T": 0.0934820154193753,
        "K/T": 0.07155762431592358,
        "OH/T": 0.22536500368005363,
        "F/T": 0.07983511485732518,
        "H2O/T": 28.214559162716167,
        "sda1/T": 0.39474667353743614,
        "cryst_temp": 16.641146806570198,
        "cryst_time": 127.48758910252498
    },
    "wmaes": {
        "Si/Al": 33.19353736207999,
        "Al/P": 0.598515726180005,
        "Si/Ge": 0.0,
        "Si/B": 0.0,
        "Na/T": 0.016769556337209043,
        "K/T": 0.008192731998516186,
        "OH/T": 0.022181491925793786,
        "F/T": 0.010590249248928877,
        "H2O/T": 16.581507105986777,
        "sda1/T": 0.22982956787322087,
        "cryst_temp": 17.379764157010925,
        "cryst_time": 81.50949109639272
    },
    "r2s": {
        "Si/Al": null,
        "Al/P": null,
        "Si/Ge": null,
        "Si/B": null,
        "Na/T": null,
        "K/T": null,
        "OH/T": null,
        "F/T": null,
        "H2O/T": null,
        "sda1/T": null,
        "cryst_temp": null,
        "cryst_time": null
    }
}