{
    "WSD mean": 0.7076816679579634,
    "WSD std": 0.4496572019017525
}