{
    "WSD mean": 0.6462169898391549,
    "WSD std": 0.47800077895830484
}