{
    "MMD mean": 2.0378014124356785,
    "MMD std": 1.2798529541993946
}