{
    "MMD mean": 2.0378014216056237,
    "MMD std": 1.2798529481526597
}