{
    "MMD mean": 2.5849830386459187,
    "MMD std": 1.2236301521267459
}