{
    "MMD mean": 2.584983039927739,
    "MMD std": 1.223630156481821
}