{
    "MMD mean": 2.6432471599031055,
    "MMD std": 1.2093654303790804
}