{
    "MMD mean": 2.068403674560843,
    "MMD std": 1.2666506696140514
}