{
    "WSD mean": 0.8397378975094625,
    "WSD std": 0.4194010049342325
}