{
    "WSD mean": 0.7743919663577095,
    "WSD std": 0.3920164429833547
}