{
    "WSD mean": 0.8397378945169606,
    "WSD std": 0.4194010031788704
}