{
    "WSD mean": 0.7743919633064672,
    "WSD std": 0.3920164414467094
}