{
    "MMD mean": 5.832824939040727,
    "MMD std": 1.3347707745092772
}