{
    "MMD mean": 4.7810387427990255,
    "MMD std": 1.7259239853491108
}