{
    "maes": {
        "Si/Al": 188.97232886317747,
        "Al/P": NaN,
        "Si/Ge": NaN,
        "Si/B": NaN,
        "Na/T": 0.663595230539453,
        "K/T": 0.03874899689222358,
        "OH/T": 1.2493923914342755,
        "F/T": 0.10460937462036088,
        "H2O/T": 93.25419606498168,
        "sda1/T": 0.5826403351201282,
        "cryst_temp": 97.12800982350308,
        "cryst_time": 239.9057168188738
    },
    "wmaes": {
        "Si/Al": 26.808032634787832,
        "Al/P": 0.0,
        "Si/Ge": 0.0,
        "Si/B": 0.0,
        "Na/T": 0.2920593842471355,
        "K/T": 0.011149728940847696,
        "OH/T": 1.697724638012767,
        "F/T": 0.026033448576090322,
        "H2O/T": 86.01552722958316,
        "sda1/T": 0.07317790180827319,
        "cryst_temp": 94.2617108492444,
        "cryst_time": 64.54136727204396
    },
    "r2s": {
        "Si/Al": null,
        "Al/P": null,
        "Si/Ge": null,
        "Si/B": null,
        "Na/T": null,
        "K/T": null,
        "OH/T": null,
        "F/T": null,
        "H2O/T": null,
        "sda1/T": null,
        "cryst_temp": null,
        "cryst_time": null
    }
}