{
    "maes": {
        "Si/Al": 165.38327766548488,
        "Al/P": NaN,
        "Si/Ge": NaN,
        "Si/B": NaN,
        "Na/T": 0.6767809767327948,
        "K/T": 0.07155762431592358,
        "OH/T": 1.276843500732108,
        "F/T": 0.07983511485732518,
        "H2O/T": 100.6641179371556,
        "sda1/T": 0.533115540043196,
        "cryst_temp": 100.78909030807807,
        "cryst_time": 207.38308765895414
    },
    "wmaes": {
        "Si/Al": 37.558113128661525,
        "Al/P": 0.0,
        "Si/Ge": 0.0,
        "Si/B": 0.0,
        "Na/T": 0.2753232802187303,
        "K/T": 0.008192731998516186,
        "OH/T": 1.4415692548340717,
        "F/T": 0.010590249248928877,
        "H2O/T": 81.93612313927895,
        "sda1/T": 0.03625015735717223,
        "cryst_temp": 97.55277342008286,
        "cryst_time": 121.00182601479972
    },
    "r2s": {
        "Si/Al": null,
        "Al/P": null,
        "Si/Ge": null,
        "Si/B": null,
        "Na/T": null,
        "K/T": null,
        "OH/T": null,
        "F/T": null,
        "H2O/T": null,
        "sda1/T": null,
        "cryst_temp": null,
        "cryst_time": null
    }
}