{
    "WSD mean": 1.4564201517301893,
    "WSD std": 0.6952223134532308
}