{
    "WSD mean": 1.3385365583630595,
    "WSD std": 0.7551012512839065
}