{
    "MMD mean": 2.5448689986300725,
    "MMD std": 1.128524417057237
}