{
    "maes": {
        "Si/Al": 21.162053565559017,
        "Al/P": 0.2482623979648978,
        "Si/Ge": 1.3026710734685167,
        "Si/B": 7.565022675643932,
        "Na/T": 0.21690815102117458,
        "K/T": 0.3878212806703053,
        "OH/T": 0.31996706296599653,
        "F/T": 0.2140266802509693,
        "H2O/T": 30.98168045675038,
        "sda1/T": 0.8344708701659714,
        "cryst_temp": 56.09307233748056,
        "cryst_time": 1517.6892704867025
    },
    "wmaes": {
        "Si/Al": 4.5831425129225,
        "Al/P": 0.5295639110748009,
        "Si/Ge": 1.0189339808462061,
        "Si/B": 5.488746214353129,
        "Na/T": 0.1769781108146897,
        "K/T": 0.3603530199369494,
        "OH/T": 0.2304767572881947,
        "F/T": 0.1400360027627205,
        "H2O/T": 21.133743459198566,
        "sda1/T": 0.5307282755320484,
        "cryst_temp": 55.3045063852961,
        "cryst_time": 1170.0829126449128
    },
    "r2s": {
        "Si/Al": null,
        "Al/P": null,
        "Si/Ge": null,
        "Si/B": null,
        "Na/T": null,
        "K/T": null,
        "OH/T": null,
        "F/T": null,
        "H2O/T": null,
        "sda1/T": null,
        "cryst_temp": null,
        "cryst_time": null
    }
}