{
    "WSD mean": 1.2609990320437858,
    "WSD std": 0.3552886313878672
}