{
    "MMD mean": 1.667065414098593,
    "MMD std": 1.6258358486493691
}