{
    "MMD mean": 1.973023082620354,
    "MMD std": 1.5989363219305637
}