{
    "maes": {
        "Si/Al": 18.676726024168126,
        "Al/P": 0.10647740421251216,
        "Si/Ge": 1.3392255156397275,
        "Si/B": 8.930408172532971,
        "Na/T": 0.09474540532001909,
        "K/T": 0.1136346358837019,
        "OH/T": 0.17205226963006678,
        "F/T": 0.07432234711457934,
        "H2O/T": 28.523580324464312,
        "sda1/T": 0.4160329693218194,
        "cryst_temp": 15.043277087046322,
        "cryst_time": 267.04966742557974
    },
    "wmaes": {
        "Si/Al": 1.609845535741099,
        "Al/P": 0.22658922824067573,
        "Si/Ge": 2.070362300856363,
        "Si/B": 5.3640694284629875,
        "Na/T": 0.02807012094163515,
        "K/T": 0.06514635376433928,
        "OH/T": 0.3039072674454125,
        "F/T": 0.013719061133951325,
        "H2O/T": 39.95201080201459,
        "sda1/T": 0.37151150798936833,
        "cryst_temp": 14.852707911857497,
        "cryst_time": 175.85138016650464
    },
    "r2s": {
        "Si/Al": -2.5671527308896462,
        "Al/P": 0.5168319142781962,
        "Si/Ge": 0.012000790518903015,
        "Si/B": 0.2639503334286526,
        "Na/T": 0.007291959709216145,
        "K/T": -2.8783399406362506,
        "OH/T": -0.10629122179084316,
        "F/T": 0.1580765234846565,
        "H2O/T": -0.8084287530653771,
        "sda1/T": -0.3208765013397341,
        "cryst_temp": -0.9151322113761617,
        "cryst_time": -0.1202409647634537
    }
}