{
    "maes": {
        "Si/Al": 16.381616936542947,
        "Al/P": 0.11497212549479428,
        "Si/Ge": 1.0889537483558394,
        "Si/B": 8.90969686862284,
        "Na/T": 0.09785370798433936,
        "K/T": 0.07097996027856072,
        "OH/T": 0.1463906816082358,
        "F/T": 0.09654344590287382,
        "H2O/T": 25.903826954344822,
        "sda1/T": 0.46842882894798193,
        "cryst_temp": 15.189237744221861,
        "cryst_time": 268.31511687392657
    },
    "wmaes": {
        "Si/Al": 2.7094406796857395,
        "Al/P": 0.25631897133062664,
        "Si/Ge": 2.0893522553424675,
        "Si/B": 13.02096693314481,
        "Na/T": 0.029081846025666946,
        "K/T": 0.07161509495064478,
        "OH/T": 0.2614926734637344,
        "F/T": 0.021213645478380068,
        "H2O/T": 32.57754705377296,
        "sda1/T": 0.25885430188718106,
        "cryst_temp": 15.393834192017916,
        "cryst_time": 211.6088132995136
    },
    "r2s": {
        "Si/Al": -1.2485279896783723,
        "Al/P": 0.515492899046523,
        "Si/Ge": 0.10273168095569918,
        "Si/B": 0.25048374906353255,
        "Na/T": 0.09994374756357183,
        "K/T": -0.8446438814928894,
        "OH/T": 0.13980774620975422,
        "F/T": -0.30869435311037696,
        "H2O/T": -0.5628699479912502,
        "sda1/T": -0.6984097431906648,
        "cryst_temp": -0.7839684255698314,
        "cryst_time": -0.3830231279439764
    }
}