{
    "WSD mean": 0.48534779973275655,
    "WSD std": 0.459723679345763
}