{
    "WSD mean": 0.5006199999406535,
    "WSD std": 0.4564919396190415
}