{
    "MMD mean": 1.5690437738712018,
    "MMD std": 1.563676229479951
}