{
    "MMD mean": 1.92476140299151,
    "MMD std": 1.625844386850976
}