{
    "maes": {
        "Si/Al": 18.929575079817713,
        "Al/P": 0.09986031307527313,
        "Si/Ge": 0.6229034156553679,
        "Si/B": 5.223580040736687,
        "Na/T": 0.06920510881737146,
        "K/T": 0.0836662939697157,
        "OH/T": 0.15617757158657553,
        "F/T": 0.09966865425213321,
        "H2O/T": 22.50574703367954,
        "sda1/T": 0.5498118286094996,
        "cryst_temp": 13.577560835025524,
        "cryst_time": 159.97157547197003
    },
    "wmaes": {
        "Si/Al": 12.208235904570856,
        "Al/P": 0.19972018280630272,
        "Si/Ge": 0.8743754559132998,
        "Si/B": 2.9739745191015956,
        "Na/T": 0.03052077938225504,
        "K/T": 0.03203147681164105,
        "OH/T": 0.21639609701690257,
        "F/T": 0.015002378127099284,
        "H2O/T": 46.29090380559356,
        "sda1/T": 0.2507823844222534,
        "cryst_temp": 14.016149461415134,
        "cryst_time": 106.02802882424211
    },
    "r2s": {
        "Si/Al": -0.8445466828682635,
        "Al/P": 0.7121973979736678,
        "Si/Ge": 0.47176511691464595,
        "Si/B": 0.38616020771146564,
        "Na/T": 0.28358196160519633,
        "K/T": -57.88124118493718,
        "OH/T": -1.0356601746922207,
        "F/T": 0.07223238956779365,
        "H2O/T": -1.8646377228600417,
        "sda1/T": -0.878207272743442,
        "cryst_temp": -2.174189822502037,
        "cryst_time": -0.1180792861949087
    }
}