{
    "maes": {
        "Si/Al": 16.90394896406843,
        "Al/P": 0.1223440958475071,
        "Si/Ge": 0.7253222662703975,
        "Si/B": 6.186287894650355,
        "Na/T": 0.08400551484958854,
        "K/T": 0.04374158260190958,
        "OH/T": 0.12135403753631403,
        "F/T": 0.10268937014573613,
        "H2O/T": 22.60081172408219,
        "sda1/T": 0.4734835422605906,
        "cryst_temp": 13.549195836830664,
        "cryst_time": 204.7925528062855
    },
    "wmaes": {
        "Si/Al": 5.697258443250598,
        "Al/P": 0.29172830703561836,
        "Si/Ge": 0.9292761524120646,
        "Si/B": 8.225687279602006,
        "Na/T": 0.026764632207592988,
        "K/T": 0.02665813630142975,
        "OH/T": 0.21446684305750327,
        "F/T": 0.029300761523364742,
        "H2O/T": 38.02775351117095,
        "sda1/T": 0.23028900405195105,
        "cryst_temp": 13.825963582639236,
        "cryst_time": 118.50003506192162
    },
    "r2s": {
        "Si/Al": -0.19866312435206201,
        "Al/P": 0.4995739540743461,
        "Si/Ge": 0.19441721281813196,
        "Si/B": -0.14877914674207626,
        "Na/T": 0.1915481170302037,
        "K/T": -12.649059295265069,
        "OH/T": 0.20690477357200165,
        "F/T": -0.1493089397506664,
        "H2O/T": -0.7656297234789518,
        "sda1/T": -0.5697190868519508,
        "cryst_temp": -0.9536180966010461,
        "cryst_time": -0.4796753088779113
    }
}