{
    "WSD mean": 0.43146224790672144,
    "WSD std": 0.4745274055649402
}