{
    "WSD mean": 0.4326560079259471,
    "WSD std": 0.4665548097984121
}