{
    "MMD mean": 1.7515049576759338,
    "MMD std": 1.7013566628613752
}