{
    "MMD mean": 2.015502473359467,
    "MMD std": 1.5460148811195014
}