{
    "maes": {
        "Si/Al": 16.752940796817878,
        "Al/P": 0.11695094678739394,
        "Si/Ge": 1.5044326437564348,
        "Si/B": 8.337378567538817,
        "Na/T": 0.08584871315594284,
        "K/T": 0.03787217963920131,
        "OH/T": 0.13808621838617346,
        "F/T": 0.09553026846372942,
        "H2O/T": 24.059091000355878,
        "sda1/T": 0.4363010297969717,
        "cryst_temp": 15.618714832572719,
        "cryst_time": 193.72846881876436
    },
    "wmaes": {
        "Si/Al": 1.5855970094760694,
        "Al/P": 0.2402609883247105,
        "Si/Ge": 7.207931864806211,
        "Si/B": 24.32774349962901,
        "Na/T": 0.02421141386936311,
        "K/T": 0.011483116425191814,
        "OH/T": 0.2969345974445369,
        "F/T": 0.020045539593117404,
        "H2O/T": 13.931837401503183,
        "sda1/T": 0.2397166570448246,
        "cryst_temp": 16.00033250169107,
        "cryst_time": 106.91851238104816
    },
    "r2s": {
        "Si/Al": -0.3634741617922723,
        "Al/P": 0.502868735938284,
        "Si/Ge": 0.29749544840053577,
        "Si/B": 0.019788351148592342,
        "Na/T": 0.18932303569942222,
        "K/T": -25.2035819786212,
        "OH/T": -0.4258511354159449,
        "F/T": -0.475312610587479,
        "H2O/T": -1.0226759143708235,
        "sda1/T": -3.925017044436043,
        "cryst_temp": -0.37840230960210963,
        "cryst_time": -1.2527651057649019
    }
}