{
    "maes": {
        "Si/Al": 18.054646678411785,
        "Al/P": 0.10650483511695898,
        "Si/Ge": 1.858242747627377,
        "Si/B": 8.044152431771089,
        "Na/T": 0.07977514813118955,
        "K/T": 0.0711792693362782,
        "OH/T": 0.1773012339403932,
        "F/T": 0.07902014895824014,
        "H2O/T": 28.150726620042523,
        "sda1/T": 0.4140522801726584,
        "cryst_temp": 14.748711695626254,
        "cryst_time": 162.4547768392093
    },
    "wmaes": {
        "Si/Al": 1.1382969354020116,
        "Al/P": 0.13294921894828313,
        "Si/Ge": 6.885950264728274,
        "Si/B": 7.357528595492638,
        "Na/T": 0.023032128648584248,
        "K/T": 0.011653466593595917,
        "OH/T": 0.24939456484799236,
        "F/T": 0.01451846739696264,
        "H2O/T": 16.66812643736135,
        "sda1/T": 0.3476366622357937,
        "cryst_temp": 15.140667938377973,
        "cryst_time": 118.65450270578535
    },
    "r2s": {
        "Si/Al": -1.0881639714891302,
        "Al/P": 0.5902437372519975,
        "Si/Ge": 0.19547343444736376,
        "Si/B": 0.05502976810157956,
        "Na/T": 0.21071415835178742,
        "K/T": -112.40862150050812,
        "OH/T": -1.3381274293788659,
        "F/T": 0.17423292884056862,
        "H2O/T": -1.1385542096628214,
        "sda1/T": -4.075701334945482,
        "cryst_temp": -0.2242602669578444,
        "cryst_time": -0.1802080228104732
    }
}