{
    "WSD mean": 0.4547113941352275,
    "WSD std": 0.4472989176192983
}