{
    "WSD mean": 0.4902414551039567,
    "WSD std": 0.4845109303775808
}