{
    "MMD mean": 1.7248851244266217,
    "MMD std": 1.315750048459018
}