{
    "MMD mean": 2.123819246087023,
    "MMD std": 1.276995760743715
}