{
    "maes": {
        "Si/Al": 18.891533932151514,
        "Al/P": 0.19546237574646202,
        "Si/Ge": 1.3312781710643447,
        "Si/B": 7.998669738844823,
        "Na/T": 0.13335672135272372,
        "K/T": 0.05013156388906959,
        "OH/T": 0.20536618459023118,
        "F/T": 0.13139602666824646,
        "H2O/T": 27.481581499882022,
        "sda1/T": 0.509674360077279,
        "cryst_temp": 17.414842395431545,
        "cryst_time": 196.88168304345717
    },
    "wmaes": {
        "Si/Al": 4.272375046473061,
        "Al/P": 0.2680585630127622,
        "Si/Ge": 1.2710668524686883,
        "Si/B": 12.25556418458292,
        "Na/T": 0.05083561577726514,
        "K/T": 0.0323156116450665,
        "OH/T": 0.25011834127743215,
        "F/T": 0.11959005965141108,
        "H2O/T": 27.474036575964245,
        "sda1/T": 0.31480192655656064,
        "cryst_temp": 18.046063318040925,
        "cryst_time": 180.71290815907557
    },
    "r2s": {
        "Si/Al": -2.09395078851644,
        "Al/P": 0.11870497309316119,
        "Si/Ge": -0.6033340018952007,
        "Si/B": -0.718330980895102,
        "Na/T": -0.6030403443311732,
        "K/T": -167.11463918898656,
        "OH/T": -1.3081233608777945,
        "F/T": -8.1797714677397,
        "H2O/T": -28.264920208733823,
        "sda1/T": -8.605892352163291,
        "cryst_temp": -0.8776508182255232,
        "cryst_time": -2.994602278254519
    }
}