{
    "maes": {
        "Si/Al": 18.979530908233297,
        "Al/P": 0.2202590166050454,
        "Si/Ge": 1.4034665562444706,
        "Si/B": 6.787228867115664,
        "Na/T": 0.1294291335508144,
        "K/T": 0.07943840022870835,
        "OH/T": 0.21315150180444004,
        "F/T": 0.1078203937538851,
        "H2O/T": 27.245020517284733,
        "sda1/T": 0.4459027921394586,
        "cryst_temp": 17.58872097196048,
        "cryst_time": 155.03386447619965
    },
    "wmaes": {
        "Si/Al": 10.902576026081885,
        "Al/P": 0.265023221330589,
        "Si/Ge": 1.0824464299282779,
        "Si/B": 2.146585572669224,
        "Na/T": 0.03298213784953821,
        "K/T": 0.02026745700894949,
        "OH/T": 0.2897920362099833,
        "F/T": 0.11587542332502887,
        "H2O/T": 32.17418227949227,
        "sda1/T": 0.34492919383862897,
        "cryst_temp": 18.200436174058105,
        "cryst_time": 137.01836711429033
    },
    "r2s": {
        "Si/Al": -3.8298220729587964,
        "Al/P": -0.025080664044027312,
        "Si/Ge": -0.3816482844067628,
        "Si/B": 0.04529232793719229,
        "Na/T": -0.1310442335042714,
        "K/T": -670.7583655534714,
        "OH/T": -1.2811020354169287,
        "F/T": -3.860727355491604,
        "H2O/T": -26.58034090599478,
        "sda1/T": -5.534695936748957,
        "cryst_temp": -1.1042243282102997,
        "cryst_time": -0.6439569914850953
    }
}