{
    "WSD mean": 0.6592578173626321,
    "WSD std": 0.4029203800490618
}