{
    "WSD mean": 0.6305711172542512,
    "WSD std": 0.3695518021769454
}