{
    "MMD mean": 1.7839555969605079,
    "MMD std": 1.5451961207167515
}