{
    "MMD mean": 2.176418605671134,
    "MMD std": 1.6061184093835414
}