{
    "maes": {
        "Si/Al": 17.824574656782712,
        "Al/P": 0.1387970393429119,
        "Si/Ge": 1.1431075132053032,
        "Si/B": 5.345093365092149,
        "Na/T": 0.0979972072454872,
        "K/T": 0.05994561665250463,
        "OH/T": 0.15038639148098665,
        "F/T": 0.12521615352392892,
        "H2O/T": 23.91028337993798,
        "sda1/T": 0.44134219239308514,
        "cryst_temp": 16.010937975200456,
        "cryst_time": 237.4636567095642
    },
    "wmaes": {
        "Si/Al": 1.3629274621863143,
        "Al/P": 0.29575697147181124,
        "Si/Ge": 2.7016987100524266,
        "Si/B": 3.322553036349761,
        "Na/T": 0.029534669189313863,
        "K/T": 0.013596679509292268,
        "OH/T": 0.15811816695764136,
        "F/T": 0.022670666027949878,
        "H2O/T": 39.64256895536863,
        "sda1/T": 0.17540041544294668,
        "cryst_temp": 15.72544805814799,
        "cryst_time": 281.2450311059744
    },
    "r2s": {
        "Si/Al": -0.5001417735052072,
        "Al/P": 0.49297021407468444,
        "Si/Ge": 0.26193103430031706,
        "Si/B": -2.940505097624937,
        "Na/T": 0.14671673204363167,
        "K/T": -1.7339252264945704,
        "OH/T": 0.03869244235373148,
        "F/T": -0.5207514611068436,
        "H2O/T": -1.579732352647372,
        "sda1/T": -1.4272549862973505,
        "cryst_temp": -0.8779984603026294,
        "cryst_time": -0.5406326628543392
    }
}