{
    "maes": {
        "Si/Al": 19.39347858061752,
        "Al/P": 0.12687173805249485,
        "Si/Ge": 1.8169938824161271,
        "Si/B": 6.093933668353083,
        "Na/T": 0.07631321072179165,
        "K/T": 0.09164097150692677,
        "OH/T": 0.16672973396001362,
        "F/T": 0.12000516258813289,
        "H2O/T": 22.87861748086356,
        "sda1/T": 0.39214638173031424,
        "cryst_temp": 14.61530661154908,
        "cryst_time": 169.5554480675163
    },
    "wmaes": {
        "Si/Al": 1.5575872396660275,
        "Al/P": 0.30406527789765647,
        "Si/Ge": 3.312589385792345,
        "Si/B": 1.9409149902841825,
        "Na/T": 0.02437027418295644,
        "K/T": 0.015411930059411964,
        "OH/T": 0.2793024035516922,
        "F/T": 0.013519282095017845,
        "H2O/T": 50.23127502043323,
        "sda1/T": 0.3323564476828234,
        "cryst_temp": 14.856598727303588,
        "cryst_time": 109.3764422863519
    },
    "r2s": {
        "Si/Al": -0.930098824573218,
        "Al/P": 0.6143435009561091,
        "Si/Ge": 0.016530896202493706,
        "Si/B": -1.5588338652253428,
        "Na/T": 0.3337101033583708,
        "K/T": -22.17630313867016,
        "OH/T": -0.415630580593358,
        "F/T": -0.07552456719200529,
        "H2O/T": -1.5160857848210614,
        "sda1/T": -1.6507409770926582,
        "cryst_temp": -0.7479120348982535,
        "cryst_time": -0.09939296861700231
    }
}