{
    "WSD mean": 0.5157035367413346,
    "WSD std": 0.481833270415504
}