{
    "WSD mean": 0.5181426867743231,
    "WSD std": 0.4305940448319118
}