{
    "MMD mean": 2.148534617116374,
    "MMD std": 1.6955110402532152
}