{
    "MMD mean": 1.8881017474027781,
    "MMD std": 1.7398887446080933
}