{
    "maes": {
        "Si/Al": 19.479746719947897,
        "Al/P": 0.15544279005807937,
        "Si/Ge": 0.8190645948433086,
        "Si/B": 5.7073818659799365,
        "Na/T": 0.08014415382118964,
        "K/T": 0.07282334519230597,
        "OH/T": 0.1790873282115773,
        "F/T": 0.06966899190326294,
        "H2O/T": 32.44237697522287,
        "sda1/T": 0.41741327795376415,
        "cryst_temp": 13.765813020200474,
        "cryst_time": 138.79380674282598
    },
    "wmaes": {
        "Si/Al": 1.2433421420902862,
        "Al/P": 0.29409431553928894,
        "Si/Ge": 1.058638430689248,
        "Si/B": 2.1963849978960717,
        "Na/T": 0.015555769102911666,
        "K/T": 0.021512245767757013,
        "OH/T": 0.21049167919330902,
        "F/T": 0.022918288108590992,
        "H2O/T": 22.510961223223305,
        "sda1/T": 0.3203909984785153,
        "cryst_temp": 13.776473282724677,
        "cryst_time": 96.65291080952954
    },
    "r2s": {
        "Si/Al": -2.24994609286486,
        "Al/P": 0.41013118521768255,
        "Si/Ge": 0.5191172617374618,
        "Si/B": -1.4432210806158978,
        "Na/T": 0.08342946925367523,
        "K/T": -757.2392924877615,
        "OH/T": -1.5603747412264992,
        "F/T": 0.425629196291327,
        "H2O/T": -0.8036768270814991,
        "sda1/T": -1.6303199950076332,
        "cryst_temp": -0.6593965572865839,
        "cryst_time": -0.16366795970315384
    }
}