{
    "maes": {
        "Si/Al": 18.62620315420493,
        "Al/P": 0.14392541198869918,
        "Si/Ge": 1.1341738968533688,
        "Si/B": 5.76220663647488,
        "Na/T": 0.08383491303367836,
        "K/T": 0.03784940719064908,
        "OH/T": 0.1435918462819255,
        "F/T": 0.09855683605853842,
        "H2O/T": 27.72195961241554,
        "sda1/T": 0.4600422564383519,
        "cryst_temp": 13.938660382584034,
        "cryst_time": 167.7555923416032
    },
    "wmaes": {
        "Si/Al": 2.1203956350535655,
        "Al/P": 0.2865986321730456,
        "Si/Ge": 1.2451890292177965,
        "Si/B": 5.215999661070707,
        "Na/T": 0.02243670120184351,
        "K/T": 0.01954122182888199,
        "OH/T": 0.19066520595032532,
        "F/T": 0.019365698690337798,
        "H2O/T": 20.84768702024484,
        "sda1/T": 0.20931405999114322,
        "cryst_temp": 14.50895736991416,
        "cryst_time": 122.38412391215239
    },
    "r2s": {
        "Si/Al": -0.540906695097026,
        "Al/P": 0.4330021232663116,
        "Si/Ge": 0.17161589147309952,
        "Si/B": -1.105523467441793,
        "Na/T": 0.012364915113330821,
        "K/T": -76.18461700803003,
        "OH/T": -0.9401539972758473,
        "F/T": -0.6081937267441744,
        "H2O/T": -0.8193679206508875,
        "sda1/T": -1.2293314077043358,
        "cryst_temp": -0.6412399355278278,
        "cryst_time": -1.223230861638294
    }
}