{
    "WSD mean": 0.503571124210607,
    "WSD std": 0.48849909361628413
}