{
    "WSD mean": 0.5419491979556744,
    "WSD std": 0.503515071652973
}