{
    "MMD mean": 2.1274851688774685,
    "MMD std": 1.8660584878871085
}