{
    "maes": {
        "Si/Al": 19.096716266982764,
        "Al/P": 0.13525693181328713,
        "Si/Ge": 1.0819814216791308,
        "Si/B": 6.411325009899184,
        "Na/T": 0.09325697378645816,
        "K/T": 0.04400288529885164,
        "OH/T": 0.12706980813139906,
        "F/T": 0.09642140143100637,
        "H2O/T": 25.29122960168504,
        "sda1/T": 0.4275410363264042,
        "cryst_temp": 15.05770550304064,
        "cryst_time": 192.9713126321458
    },
    "wmaes": {
        "Si/Al": 4.856171810038541,
        "Al/P": 0.3148471243733194,
        "Si/Ge": 1.763601157216978,
        "Si/B": 4.831187262803356,
        "Na/T": 0.036173646005531766,
        "K/T": 0.03301091313269602,
        "OH/T": 0.18210124195850905,
        "F/T": 0.019777689888770985,
        "H2O/T": 32.21577366521935,
        "sda1/T": 0.16446509742787466,
        "cryst_temp": 15.483546592847329,
        "cryst_time": 121.18092742231315
    },
    "r2s": {
        "Si/Al": -0.04120223859587102,
        "Al/P": 0.4039161851427291,
        "Si/Ge": 0.32485764328568023,
        "Si/B": 0.06017408289968351,
        "Na/T": 0.09787936041358469,
        "K/T": -6.7052233634653335,
        "OH/T": 0.2776220981035755,
        "F/T": -0.3448855468467602,
        "H2O/T": -0.26671072171011345,
        "sda1/T": -1.426509087084571,
        "cryst_temp": -0.8069078156835481,
        "cryst_time": -0.2166857262135249
    }
}