{
    "WSD mean": 0.44148694326869276,
    "WSD std": 0.5103428163206191
}