{
    "MMD mean": 2.2026202127497685,
    "MMD std": 1.3832296386231209
}