{
    "maes": {
        "Si/Al": 21.979678705017847,
        "Al/P": 0.20480754441743224,
        "Si/Ge": 1.2436600366612158,
        "Si/B": 6.495988368244229,
        "Na/T": 0.11019925502315805,
        "K/T": 0.06263034014931408,
        "OH/T": 0.15872517022259955,
        "F/T": 0.12140324919426504,
        "H2O/T": 26.435244833099183,
        "sda1/T": 0.481948129639032,
        "cryst_temp": 15.37073121019589,
        "cryst_time": 148.94225062317744
    },
    "wmaes": {
        "Si/Al": 8.699251357144153,
        "Al/P": 0.364215334489119,
        "Si/Ge": 1.2282450557607754,
        "Si/B": 5.046750254553816,
        "Na/T": 0.038361241908600706,
        "K/T": 0.05369581902739655,
        "OH/T": 0.24771300550892503,
        "F/T": 0.08855386348360453,
        "H2O/T": 61.59866799442642,
        "sda1/T": 0.24763137052315537,
        "cryst_temp": 16.204140529261128,
        "cryst_time": 101.82457401685593
    },
    "r2s": {
        "Si/Al": null,
        "Al/P": null,
        "Si/Ge": null,
        "Si/B": null,
        "Na/T": null,
        "K/T": null,
        "OH/T": null,
        "F/T": null,
        "H2O/T": null,
        "sda1/T": null,
        "cryst_temp": null,
        "cryst_time": null
    }
}