{
    "WSD mean": 0.6845612185163125,
    "WSD std": 0.44304559435745017
}