{
    "MMD mean": 1.7985461262556224,
    "MMD std": 1.4875497830692233
}