{
    "MMD mean": 2.201839716203751,
    "MMD std": 1.3640392980456129
}