{
    "maes": {
        "Si/Al": 18.616359548089427,
        "Al/P": 0.19360974253041252,
        "Si/Ge": 1.2126335722363353,
        "Si/B": 7.603288345367686,
        "Na/T": 0.11661302165024393,
        "K/T": 0.08148212662331145,
        "OH/T": 0.16188742636899484,
        "F/T": 0.1216498154674917,
        "H2O/T": 26.1078415038665,
        "sda1/T": 0.4510303761209837,
        "cryst_temp": 15.70665773781397,
        "cryst_time": 148.96516951108453
    },
    "wmaes": {
        "Si/Al": 5.1477037552279965,
        "Al/P": 0.32161518508028847,
        "Si/Ge": 1.8942696470997324,
        "Si/B": 8.941870067375152,
        "Na/T": 0.04866906934240463,
        "K/T": 0.05582742813485867,
        "OH/T": 0.21406195618356644,
        "F/T": 0.0460664954317812,
        "H2O/T": 22.310162366863853,
        "sda1/T": 0.2176570348937515,
        "cryst_temp": 16.407649772687783,
        "cryst_time": 114.4475686444917
    },
    "r2s": {
        "Si/Al": -3.3292204551768467,
        "Al/P": -0.7419925759761601,
        "Si/Ge": 0.4010415998475644,
        "Si/B": -3.0776413264878117,
        "Na/T": -0.7997047305881133,
        "K/T": -0.8395281739127987,
        "OH/T": -1.197930133259733,
        "F/T": -3.247674048034531,
        "H2O/T": -7.006557588641883,
        "sda1/T": -9.358044735576955,
        "cryst_temp": -1.4204499527579695,
        "cryst_time": -23.102093328381343
    }
}