{
    "maes": {
        "Si/Al": 19.5639321182258,
        "Al/P": 0.19410230772762854,
        "Si/Ge": 1.0064691448442318,
        "Si/B": 6.937556850258261,
        "Na/T": 0.1027144558938744,
        "K/T": 0.12769811338120446,
        "OH/T": 0.17694790751836711,
        "F/T": 0.09610549033935128,
        "H2O/T": 26.505221554543823,
        "sda1/T": 0.38819687297711003,
        "cryst_temp": 16.5981084383451,
        "cryst_time": 106.63405521937574
    },
    "wmaes": {
        "Si/Al": 5.636948004336297,
        "Al/P": 0.24942078813598773,
        "Si/Ge": 1.2173095044204303,
        "Si/B": 2.643510069868203,
        "Na/T": 0.04674694544992093,
        "K/T": 0.0766183828442021,
        "OH/T": 0.26911830976341033,
        "F/T": 0.037055383784550436,
        "H2O/T": 25.214398825281336,
        "sda1/T": 0.35026618808426147,
        "cryst_temp": 16.945247095323555,
        "cryst_time": 76.81972397232926
    },
    "r2s": {
        "Si/Al": -9.077133867968831,
        "Al/P": -1.3218814516993955,
        "Si/Ge": 0.39444131921879344,
        "Si/B": -1.0538527215877784,
        "Na/T": -0.26164171113126033,
        "K/T": -7.001733055246021,
        "OH/T": -2.2091632151579326,
        "F/T": -1.0610719772155974,
        "H2O/T": -4.447197345451906,
        "sda1/T": -7.351159825119412,
        "cryst_temp": -1.173590226727958,
        "cryst_time": -4.4884045259563985
    }
}