{
    "WSD mean": 0.6647322372454333,
    "WSD std": 0.4302265587870214
}