{
    "WSD mean": 0.607044163725639,
    "WSD std": 0.4176981873001068
}