{
    "MMD mean": 1.5614108534959645,
    "MMD std": 1.3806015217555507
}