{
    "MMD mean": 1.9652842885704451,
    "MMD std": 1.4536540864671073
}