{
    "maes": {
        "Si/Al": 18.54297908646346,
        "Al/P": 0.11726335573039193,
        "Si/Ge": 0.9527648795045808,
        "Si/B": 5.5876757371994685,
        "Na/T": 0.10024546128823639,
        "K/T": 0.07805788758456435,
        "OH/T": 0.20602530591909213,
        "F/T": 0.11022710209402883,
        "H2O/T": 26.32251079815401,
        "sda1/T": 0.3857379194425995,
        "cryst_temp": 14.570869380148581,
        "cryst_time": 133.2814024733069
    },
    "wmaes": {
        "Si/Al": 1.3942792884283324,
        "Al/P": 0.24726902925244135,
        "Si/Ge": 1.13826076149699,
        "Si/B": 4.00546727920667,
        "Na/T": 0.023377546858364257,
        "K/T": 0.026544036049659693,
        "OH/T": 0.35709091154119854,
        "F/T": 0.026852462603829997,
        "H2O/T": 55.8943457550421,
        "sda1/T": 0.3213842067225288,
        "cryst_temp": 14.47377063190504,
        "cryst_time": 119.85833214481198
    },
    "r2s": {
        "Si/Al": -3.5888537046891464,
        "Al/P": 0.5140002073500074,
        "Si/Ge": 0.3368085865553446,
        "Si/B": -0.9155563586030753,
        "Na/T": 0.34564032414749324,
        "K/T": -103.35578096230722,
        "OH/T": -0.13155902330197078,
        "F/T": -0.29712707076534395,
        "H2O/T": -2.7975553892450815,
        "sda1/T": -1.1814000037603174,
        "cryst_temp": -1.2126486908298606,
        "cryst_time": -1.254717254574358
    }
}