{
    "maes": {
        "Si/Al": 17.400595460149162,
        "Al/P": 0.12874029503342246,
        "Si/Ge": 0.9402263689788237,
        "Si/B": 5.981990929572902,
        "Na/T": 0.10571611485804883,
        "K/T": 0.04274903783536342,
        "OH/T": 0.16494079014198113,
        "F/T": 0.12190470231881198,
        "H2O/T": 26.16084560753052,
        "sda1/T": 0.46048167304751303,
        "cryst_temp": 15.01390952664457,
        "cryst_time": 169.44118291995184
    },
    "wmaes": {
        "Si/Al": 3.4515263947666606,
        "Al/P": 0.27555524186667857,
        "Si/Ge": 1.5360714416183194,
        "Si/B": 5.518209272072645,
        "Na/T": 0.0458307125507142,
        "K/T": 0.023792848605288106,
        "OH/T": 0.25178339786557935,
        "F/T": 0.02094664411090464,
        "H2O/T": 44.39141847789275,
        "sda1/T": 0.21618298950024673,
        "cryst_temp": 15.82457206973801,
        "cryst_time": 177.8758059807447
    },
    "r2s": {
        "Si/Al": -1.5626636988443656,
        "Al/P": 0.41352205523199304,
        "Si/Ge": 0.3019888775395081,
        "Si/B": -2.280904617780369,
        "Na/T": 0.3362790769123092,
        "K/T": -10.889680511118256,
        "OH/T": -0.1276185818276403,
        "F/T": -1.1575760911589752,
        "H2O/T": -2.7619007113743885,
        "sda1/T": -3.0185745620357505,
        "cryst_temp": -1.5211884542567353,
        "cryst_time": -4.529502198895043
    }
}