{
    "WSD mean": 0.550344225044597,
    "WSD std": 0.44805348820255403
}