{
    "WSD mean": 0.5249686603130859,
    "WSD std": 0.422494487316814
}