{
    "MMD mean": 2.16462134389044,
    "MMD std": 1.3033502001512791
}