{
    "MMD mean": 2.6874675439481015,
    "MMD std": 1.2457976771233237
}