{
    "MMD mean": 2.6610208416497834,
    "MMD std": 1.2729498207830743
}