{
    "MMD mean": 2.12579856469081,
    "MMD std": 1.3102729269314823
}