{
    "WSD mean": 0.8389908085164125,
    "WSD std": 0.4351123434446259
}