{
    "WSD mean": 0.7998217838828214,
    "WSD std": 0.42204362456303307
}