{
    "WSD mean": 0.7998217872344535,
    "WSD std": 0.42204362617037994
}