{
    "WSD mean": 0.8389908049581682,
    "WSD std": 0.43511234160766316
}