{
    "MMD mean": 2.0223141536917737,
    "MMD std": 1.5503688305572287
}