{
    "MMD mean": 1.634284326663384,
    "MMD std": 1.4852761485873365
}