{
    "maes": {
        "Si/Al": 16.358016933216508,
        "Al/P": 0.12491665984100349,
        "Si/Ge": 0.722531212704216,
        "Si/B": 5.224930787595016,
        "Na/T": 0.08945541548372248,
        "K/T": 0.05322608332431688,
        "OH/T": 0.1503271666299402,
        "F/T": 0.10629701143639056,
        "H2O/T": 25.182751787858976,
        "sda1/T": 0.4597191736141231,
        "cryst_temp": 15.615434516511602,
        "cryst_time": 194.53208257891134
    },
    "wmaes": {
        "Si/Al": 0.8877873397444207,
        "Al/P": 0.3031111577713585,
        "Si/Ge": 1.4486325836799074,
        "Si/B": 5.2539537174672555,
        "Na/T": 0.018790621782126316,
        "K/T": 0.031379457367094465,
        "OH/T": 0.4028950001259221,
        "F/T": 0.01959051558479376,
        "H2O/T": 33.70342135010855,
        "sda1/T": 0.2633395228658343,
        "cryst_temp": 16.25523451944464,
        "cryst_time": 158.02936267405363
    },
    "r2s": {
        "Si/Al": -0.6356553197142711,
        "Al/P": 0.4574411012076045,
        "Si/Ge": -0.2068386899035477,
        "Si/B": -4.365448827254457,
        "Na/T": 0.07963509903617283,
        "K/T": -15.508744134055878,
        "OH/T": -0.2151663110567794,
        "F/T": -0.5506108742674756,
        "H2O/T": -1.7130746333731017,
        "sda1/T": -2.234002579944954,
        "cryst_temp": -0.7466279912304215,
        "cryst_time": -1.6519733408032597
    }
}