{
    "maes": {
        "Si/Al": 17.313351581393103,
        "Al/P": 0.10175791177598366,
        "Si/Ge": 0.6779607296405316,
        "Si/B": 5.6360048877273865,
        "Na/T": 0.08898905638647722,
        "K/T": 0.08923955439421725,
        "OH/T": 0.2000562172351784,
        "F/T": 0.0813476650466492,
        "H2O/T": 26.124357961972066,
        "sda1/T": 0.39263178272090504,
        "cryst_temp": 15.167613944240891,
        "cryst_time": 157.92780992763215
    },
    "wmaes": {
        "Si/Al": 1.5084893962122838,
        "Al/P": 0.22948587591472713,
        "Si/Ge": 1.227169534918816,
        "Si/B": 3.101194581970426,
        "Na/T": 0.01343007445772239,
        "K/T": 0.03934642838341068,
        "OH/T": 0.4700603041197513,
        "F/T": 0.010764051768520145,
        "H2O/T": 40.72894121599862,
        "sda1/T": 0.41657941420124617,
        "cryst_temp": 14.446446662163908,
        "cryst_time": 131.1893045770914
    },
    "r2s": {
        "Si/Al": -1.7426911113288939,
        "Al/P": 0.6523092617334885,
        "Si/Ge": 0.24818262675631564,
        "Si/B": -4.148642624538043,
        "Na/T": -0.017429160643209984,
        "K/T": -59.82305120893405,
        "OH/T": -0.22838841495064632,
        "F/T": 0.26242531017151294,
        "H2O/T": -1.960208123441677,
        "sda1/T": -1.0275151633315431,
        "cryst_temp": -0.5072142709856968,
        "cryst_time": -0.39824075000842507
    }
}