{
    "WSD mean": 0.4954064613584656,
    "WSD std": 0.44316026858958657
}