{
    "WSD mean": 0.5018006191274298,
    "WSD std": 0.4387677578235632
}