{
    "MMD mean": 1.6075625786414514,
    "MMD std": 1.517584757378409
}