{
    "MMD mean": 1.8905785429862239,
    "MMD std": 1.477348995772599
}