{
    "maes": {
        "Si/Al": 17.925714060616148,
        "Al/P": 0.11431137779024542,
        "Si/Ge": 0.7608295176566529,
        "Si/B": 5.876328720601324,
        "Na/T": 0.07082356694795813,
        "K/T": 0.0874139896427464,
        "OH/T": 0.15599057613953113,
        "F/T": 0.09425707093926936,
        "H2O/T": 25.3476956922292,
        "sda1/T": 0.4184099725620446,
        "cryst_temp": 14.548628239149476,
        "cryst_time": 179.87003765111834
    },
    "wmaes": {
        "Si/Al": 0.5507437913575824,
        "Al/P": 0.24616652792879967,
        "Si/Ge": 0.9117902648798253,
        "Si/B": 1.5219836813280225,
        "Na/T": 0.012854249922997052,
        "K/T": 0.030290182357654266,
        "OH/T": 0.32497913214591395,
        "F/T": 0.3015164913463514,
        "H2O/T": 44.26746194460724,
        "sda1/T": 0.5866127424751412,
        "cryst_temp": 14.693767012453428,
        "cryst_time": 146.81918759319575
    },
    "r2s": {
        "Si/Al": -2.796839286472887,
        "Al/P": 0.606458951956979,
        "Si/Ge": 0.14129188862121123,
        "Si/B": -5.473879163465332,
        "Na/T": 0.29896021109692505,
        "K/T": -22.413488697964585,
        "OH/T": 0.10974996707391727,
        "F/T": 0.27132444447806503,
        "H2O/T": -1.7268480076872468,
        "sda1/T": -2.1564524195347534,
        "cryst_temp": -0.9773577377021874,
        "cryst_time": -0.06742228146258622
    }
}