{
    "maes": {
        "Si/Al": 16.397591491055024,
        "Al/P": 0.12921700660497845,
        "Si/Ge": 1.011045637279955,
        "Si/B": 5.683191663865781,
        "Na/T": 0.08568155844531013,
        "K/T": 0.04873918275282241,
        "OH/T": 0.1357244362251259,
        "F/T": 0.11435592562403686,
        "H2O/T": 24.544013748555024,
        "sda1/T": 0.46181622591427673,
        "cryst_temp": 14.67803036602547,
        "cryst_time": 229.23015328148884
    },
    "wmaes": {
        "Si/Al": 0.5167403530658233,
        "Al/P": 0.25131140095347887,
        "Si/Ge": 1.3871016974087385,
        "Si/B": 5.315087404422595,
        "Na/T": 0.019626450455641757,
        "K/T": 0.024204262186230882,
        "OH/T": 0.196348314359994,
        "F/T": 0.30616917988943876,
        "H2O/T": 36.2771871979637,
        "sda1/T": 0.4217746366789311,
        "cryst_temp": 15.15567503107805,
        "cryst_time": 231.11716819270418
    },
    "r2s": {
        "Si/Al": -0.8146170949976475,
        "Al/P": 0.5107962530099952,
        "Si/Ge": -0.6055330972075643,
        "Si/B": -9.36308828802766,
        "Na/T": 0.3814230984797412,
        "K/T": -11.827890417608145,
        "OH/T": -0.04504910005403162,
        "F/T": -0.18270544183654724,
        "H2O/T": -1.1773847261939019,
        "sda1/T": -1.5834470891751882,
        "cryst_temp": -1.1456414586517472,
        "cryst_time": -0.5127353869070013
    }
}