{
    "WSD mean": 0.4886305603278936,
    "WSD std": 0.42930082454887886
}