{
    "WSD mean": 0.49990491663926034,
    "WSD std": 0.42351705006337415
}