{
    "MMD mean": 1.9449099648383357,
    "MMD std": 1.436173156610323
}