{
    "MMD mean": 1.603506088256836,
    "MMD std": 1.3928044100934902
}