{
    "maes": {
        "Si/Al": 17.589577936758705,
        "Al/P": 0.1362230849413836,
        "Si/Ge": 0.8138104086944882,
        "Si/B": 6.860162916257098,
        "Na/T": 0.08542555413838536,
        "K/T": 0.05940856662752944,
        "OH/T": 0.15745839619343288,
        "F/T": 0.13558341746818267,
        "H2O/T": 27.724811977214912,
        "sda1/T": 0.6000881190058721,
        "cryst_temp": 15.578642643678632,
        "cryst_time": 191.79556661904812
    },
    "wmaes": {
        "Si/Al": 2.926887329429271,
        "Al/P": 0.2647212605564502,
        "Si/Ge": 1.0422677189694136,
        "Si/B": 10.889964544295971,
        "Na/T": 0.024068910540945496,
        "K/T": 0.02928442269706604,
        "OH/T": 0.2661814224726042,
        "F/T": 0.04266118811205268,
        "H2O/T": 63.549601637696256,
        "sda1/T": 0.25738054301883434,
        "cryst_temp": 15.982015886503953,
        "cryst_time": 245.73327347900465
    },
    "r2s": {
        "Si/Al": -0.7711429282077851,
        "Al/P": 0.3332049875092833,
        "Si/Ge": 0.2380319530884012,
        "Si/B": -1.4774275962693708,
        "Na/T": 0.31348162110904687,
        "K/T": -3.0121252517784916,
        "OH/T": 0.08207956239053582,
        "F/T": -0.518379996879657,
        "H2O/T": -1.1060312884558483,
        "sda1/T": -0.5251204145125996,
        "cryst_temp": -0.533429842574074,
        "cryst_time": -1.5819113613881743
    }
}