{
    "maes": {
        "Si/Al": 17.64408556466294,
        "Al/P": 0.1387875876907958,
        "Si/Ge": 0.6958307085075988,
        "Si/B": 5.17660061851083,
        "Na/T": 0.07411271030542427,
        "K/T": 0.10530987933831229,
        "OH/T": 0.19988640833080212,
        "F/T": 0.13213521254597466,
        "H2O/T": 29.67116199131798,
        "sda1/T": 0.5923837805189998,
        "cryst_temp": 15.268736763410603,
        "cryst_time": 145.32483235906201
    },
    "wmaes": {
        "Si/Al": 2.0164563267821785,
        "Al/P": 0.28835774104754164,
        "Si/Ge": 0.6650521738426027,
        "Si/B": 1.804913061961713,
        "Na/T": 0.0181298295915684,
        "K/T": 0.04110501205191318,
        "OH/T": 0.3272957570875507,
        "F/T": 0.05139313974169467,
        "H2O/T": 84.17889245124375,
        "sda1/T": 0.36282180045116214,
        "cryst_temp": 14.743706728590665,
        "cryst_time": 110.41493545947111
    },
    "r2s": {
        "Si/Al": -2.0084562227146843,
        "Al/P": 0.38324630182397035,
        "Si/Ge": 0.56734447529707,
        "Si/B": -1.8246633244421457,
        "Na/T": 0.44882769160287317,
        "K/T": -12.913616195496502,
        "OH/T": 0.05908660485314321,
        "F/T": -0.12148422899064704,
        "H2O/T": -1.217497521237854,
        "sda1/T": -0.15967840765595054,
        "cryst_temp": -0.26946430251115294,
        "cryst_time": -0.4052439314682057
    }
}