{
    "WSD mean": 0.522930778717491,
    "WSD std": 0.42989738009402173
}