{
    "WSD mean": 0.5415793768741233,
    "WSD std": 0.4386467220722719
}