{
    "MMD mean": 2.1949401411038,
    "MMD std": 1.2405096470624823
}