{
    "MMD mean": 2.755226733863995,
    "MMD std": 1.2271736349655156
}