{
    "MMD mean": 2.7511018258269115,
    "MMD std": 1.2215547032553093
}