{
    "MMD mean": 2.755226728736713,
    "MMD std": 1.2271736353519784
}