{
    "MMD mean": 2.808490341076963,
    "MMD std": 1.2014728828107437
}