{
    "MMD mean": 2.1275372184239902,
    "MMD std": 1.253014290947759
}