{
    "MMD mean": 2.1275372184239902,
    "MMD std": 1.2530143175037547
}