{
    "MMD mean": 2.116019322321965,
    "MMD std": 1.2348115275566949
}