{
    "WSD mean": 0.8617007821329723,
    "WSD std": 0.41866226734361184
}