{
    "WSD mean": 0.8652969603996618,
    "WSD std": 0.41594129296857635
}