{
    "WSD mean": 0.7733922488176486,
    "WSD std": 0.3891084847115308
}