{
    "WSD mean": 0.8652969586143514,
    "WSD std": 0.41594129267522983
}