{
    "WSD mean": 0.7801878123371436,
    "WSD std": 0.38619377016630746
}