{
    "WSD mean": 0.7801878109191717,
    "WSD std": 0.38619377009837
}