{
    "MMD mean": 2.07113810764846,
    "MMD std": 1.763404321059877
}