{
    "maes": {
        "Si/Al": 14.512109930193693,
        "Al/P": 0.13201119851292406,
        "Si/Ge": 1.0466171091600376,
        "Si/B": 5.935721737122629,
        "Na/T": 0.09705058809529733,
        "K/T": 0.040760051032412196,
        "OH/T": 0.14630449224190525,
        "F/T": 0.09425877899758803,
        "H2O/T": 23.683863315662922,
        "sda1/T": 0.4449220734455381,
        "cryst_temp": 14.955393439933513,
        "cryst_time": 152.0769278334199
    },
    "wmaes": {
        "Si/Al": 2.729943089271064,
        "Al/P": 0.29472525278855505,
        "Si/Ge": 1.4458190177980528,
        "Si/B": 6.046499051902788,
        "Na/T": 0.025727083781462323,
        "K/T": 0.03415701618111646,
        "OH/T": 0.3049979762236681,
        "F/T": 0.11446927105076445,
        "H2O/T": 15.371990011078704,
        "sda1/T": 0.251249513499952,
        "cryst_temp": 15.300931806458802,
        "cryst_time": 101.27509483907329
    },
    "r2s": {
        "Si/Al": 0.07719696860459735,
        "Al/P": 0.4779751768589531,
        "Si/Ge": 0.45757191278181075,
        "Si/B": -0.07708942509520922,
        "Na/T": 0.043840127312794075,
        "K/T": -7.366097193928484,
        "OH/T": 0.32359772875270676,
        "F/T": -0.04659098866179967,
        "H2O/T": -1.0132174772489808,
        "sda1/T": -0.4940778711869427,
        "cryst_temp": -0.6256533323641875,
        "cryst_time": -1.391692518779716
    }
}