{
    "WSD mean": 0.44652950922002926,
    "WSD std": 0.5007792966828152
}