{
    "MMD mean": 1.5731020982448871,
    "MMD std": 1.5210276277175239
}