{
    "MMD mean": 1.8916061860258861,
    "MMD std": 1.447383359898442
}