{
    "maes": {
        "Si/Al": 17.34881855594805,
        "Al/P": 0.13316527313842252,
        "Si/Ge": 0.9265548998968991,
        "Si/B": 5.423441419494407,
        "Na/T": 0.09594192375980128,
        "K/T": 0.040234444591175485,
        "OH/T": 0.16214676816273146,
        "F/T": 0.11396325449971453,
        "H2O/T": 23.979470871082675,
        "sda1/T": 0.549109465339375,
        "cryst_temp": 14.072172863735341,
        "cryst_time": 227.12018132647648
    },
    "wmaes": {
        "Si/Al": 1.4956753093312098,
        "Al/P": 0.24219579925976475,
        "Si/Ge": 1.4216443432870827,
        "Si/B": 6.775813803017555,
        "Na/T": 0.02888397525225804,
        "K/T": 0.024665447910236175,
        "OH/T": 0.26674739316714785,
        "F/T": 0.02240158513934864,
        "H2O/T": 16.53668041992582,
        "sda1/T": 0.27539828420232976,
        "cryst_temp": 14.061310185366787,
        "cryst_time": 203.6352459652004
    },
    "r2s": {
        "Si/Al": -0.5518051715980248,
        "Al/P": 0.4735558664110696,
        "Si/Ge": 0.31138681023327675,
        "Si/B": -1.5623921266225143,
        "Na/T": 0.28890718733965093,
        "K/T": -21.759128951852244,
        "OH/T": -0.06730462850917718,
        "F/T": -0.5595553805137103,
        "H2O/T": -0.7108002122816512,
        "sda1/T": -1.384497984418128,
        "cryst_temp": -1.0313026016706646,
        "cryst_time": -0.4826040025359699
    }
}