{
    "maes": {
        "Si/Al": 18.072641576478603,
        "Al/P": 0.11053842398622914,
        "Si/Ge": 1.2045798044672613,
        "Si/B": 5.754067931504775,
        "Na/T": 0.0931055983136028,
        "K/T": 0.07706472897953433,
        "OH/T": 0.18781926916056213,
        "F/T": 0.10373567732117192,
        "H2O/T": 24.025893569528833,
        "sda1/T": 0.5597459261559699,
        "cryst_temp": 14.458556828624914,
        "cryst_time": 187.4896731432245
    },
    "wmaes": {
        "Si/Al": 0.5867545373253154,
        "Al/P": 0.19660313978208127,
        "Si/Ge": 1.3496828161354772,
        "Si/B": 1.5700061011022237,
        "Na/T": 0.028860904539125244,
        "K/T": 0.030243261785628854,
        "OH/T": 0.3660221487818142,
        "F/T": 0.0158298986077008,
        "H2O/T": 16.473791158328822,
        "sda1/T": 0.37266115945534595,
        "cryst_temp": 14.217247464998971,
        "cryst_time": 124.62914617922678
    },
    "r2s": {
        "Si/Al": -1.3811244777291773,
        "Al/P": 0.6715130719681531,
        "Si/Ge": 0.3476929320078046,
        "Si/B": -0.8521211207691424,
        "Na/T": 0.24428005729550728,
        "K/T": -55.20056526306842,
        "OH/T": -0.49198137078428106,
        "F/T": 0.09290011120112374,
        "H2O/T": -1.4778638810164146,
        "sda1/T": -1.0597443799218098,
        "cryst_temp": -0.899318704206862,
        "cryst_time": -0.08966904606300274
    }
}