{
    "WSD mean": 0.5223651491469113,
    "WSD std": 0.45555827827357603
}