{
    "WSD mean": 0.5108697159767634,
    "WSD std": 0.4414334410423123
}