{
    "MMD mean": 1.8266248519604023,
    "MMD std": 1.7632536070286002
}