{
    "MMD mean": 2.1929336760633733,
    "MMD std": 1.8963454302902605
}