{
    "maes": {
        "Si/Al": 20.208339184952006,
        "Al/P": 0.1238212872633124,
        "Si/Ge": 0.9820538393136699,
        "Si/B": 5.961674045169217,
        "Na/T": 0.08264844036839912,
        "K/T": 0.07940364584323831,
        "OH/T": 0.15851259181125063,
        "F/T": 0.09612367875105904,
        "H2O/T": 27.394444097468643,
        "sda1/T": 0.3797845964616306,
        "cryst_temp": 15.259187692276347,
        "cryst_time": 154.02292205968314
    },
    "wmaes": {
        "Si/Al": 8.720045350432772,
        "Al/P": 0.3258455197668475,
        "Si/Ge": 0.932350428277632,
        "Si/B": 6.873211775587168,
        "Na/T": 0.019794763847491667,
        "K/T": 0.047651515976023795,
        "OH/T": 0.12543176684241839,
        "F/T": 0.01471015796691544,
        "H2O/T": 31.74191009906652,
        "sda1/T": 0.36981301074426004,
        "cryst_temp": 15.328976064016867,
        "cryst_time": 82.1626512524225
    },
    "r2s": {
        "Si/Al": -0.8515337419288318,
        "Al/P": 0.4442503779429009,
        "Si/Ge": 0.4527065793243519,
        "Si/B": 0.24949753214599002,
        "Na/T": 0.26503776505347487,
        "K/T": -40.36250327643559,
        "OH/T": -0.8345771539033084,
        "F/T": 0.17616308545741544,
        "H2O/T": -1.4101638922269797,
        "sda1/T": -1.7581095818099333,
        "cryst_temp": -1.474862326045411,
        "cryst_time": -0.06703830515676001
    }
}