{
    "maes": {
        "Si/Al": 17.115562206531752,
        "Al/P": 0.12770798382463358,
        "Si/Ge": 0.8865505601130639,
        "Si/B": 5.848647765350377,
        "Na/T": 0.09416077910406065,
        "K/T": 0.04178343683020825,
        "OH/T": 0.12932344477676616,
        "F/T": 0.10610373877646033,
        "H2O/T": 23.57126940851792,
        "sda1/T": 0.41726460982047875,
        "cryst_temp": 14.625549045890322,
        "cryst_time": 184.2200989658047
    },
    "wmaes": {
        "Si/Al": 4.120579735116147,
        "Al/P": 0.29593898452543504,
        "Si/Ge": 1.117703678406647,
        "Si/B": 6.742375393764312,
        "Na/T": 0.02296241880455986,
        "K/T": 0.0431557230941796,
        "OH/T": 0.15748171375666117,
        "F/T": 0.02366381928974991,
        "H2O/T": 29.018899592432906,
        "sda1/T": 0.16284906174115849,
        "cryst_temp": 14.727050800699702,
        "cryst_time": 108.05660385350478
    },
    "r2s": {
        "Si/Al": -0.14371874171647514,
        "Al/P": 0.46084632628478805,
        "Si/Ge": 0.37188836431294847,
        "Si/B": 0.22494256105348753,
        "Na/T": 0.1393208353105947,
        "K/T": -8.890180917932595,
        "OH/T": 0.2625493867366673,
        "F/T": -0.4830626462037402,
        "H2O/T": -0.800895621945642,
        "sda1/T": -0.8252420674632481,
        "cryst_temp": -0.8625959194326491,
        "cryst_time": -0.20507288202341778
    }
}