{
    "WSD mean": 0.4558147515208597,
    "WSD std": 0.5175308511914473
}