{
    "WSD mean": 0.503115847735722,
    "WSD std": 0.545337837141583
}