{
    "MMD mean": 2.546172129210605,
    "MMD std": 1.132092730000576
}