{
    "maes": {
        "Si/Al": 21.34880787782542,
        "Al/P": 0.2521775797799417,
        "Si/Ge": 1.3170669912052213,
        "Si/B": 7.597246030794325,
        "Na/T": 0.2127564052353394,
        "K/T": 0.3922823352944158,
        "OH/T": 0.31769538748920045,
        "F/T": 0.21594684491801228,
        "H2O/T": 31.279979373798632,
        "sda1/T": 0.8431836366475605,
        "cryst_temp": 57.53881646619456,
        "cryst_time": 1500.2988856998943
    },
    "wmaes": {
        "Si/Al": 4.719308714195466,
        "Al/P": 0.5271566278101589,
        "Si/Ge": 1.078364745501304,
        "Si/B": 6.185221240111348,
        "Na/T": 0.17888676435996723,
        "K/T": 0.35282310839687886,
        "OH/T": 0.28230267427628875,
        "F/T": 0.1427422460486649,
        "H2O/T": 20.543293399602906,
        "sda1/T": 0.563133906314234,
        "cryst_temp": 56.55183634411203,
        "cryst_time": 1128.3262606329158
    },
    "r2s": {
        "Si/Al": null,
        "Al/P": null,
        "Si/Ge": null,
        "Si/B": null,
        "Na/T": null,
        "K/T": null,
        "OH/T": null,
        "F/T": null,
        "H2O/T": null,
        "sda1/T": null,
        "cryst_temp": null,
        "cryst_time": null
    }
}