{
    "WSD mean": 1.265709437062756,
    "WSD std": 0.3534241368204419
}