{
    "MMD mean": 2.1412099997202554,
    "MMD std": 1.824891551308363
}