{
    "MMD mean": 1.7981100219946642,
    "MMD std": 1.76686170351909
}