{
    "maes": {
        "Si/Al": 18.080382235366777,
        "Al/P": 0.12093600984256245,
        "Si/Ge": 0.773346146594404,
        "Si/B": 6.067141653172331,
        "Na/T": 0.09414691804839662,
        "K/T": 0.03821310392337431,
        "OH/T": 0.12898662232411787,
        "F/T": 0.09984749327738547,
        "H2O/T": 24.13702935052341,
        "sda1/T": 0.3979502163947225,
        "cryst_temp": 14.659065775840872,
        "cryst_time": 160.8585597658566
    },
    "wmaes": {
        "Si/Al": 5.216245368134752,
        "Al/P": 0.27833149120926326,
        "Si/Ge": 1.5102707677814702,
        "Si/B": 7.035648700297959,
        "Na/T": 0.03396801139719659,
        "K/T": 0.013453595389386425,
        "OH/T": 0.1310771542077026,
        "F/T": 0.03386855640934724,
        "H2O/T": 14.83997911288894,
        "sda1/T": 0.18759035034575386,
        "cryst_temp": 14.698162557291182,
        "cryst_time": 121.27809324759714
    },
    "r2s": {
        "Si/Al": 0.1100700397864649,
        "Al/P": 0.5248355963816465,
        "Si/Ge": 0.5065631799909951,
        "Si/B": 0.12191583761004121,
        "Na/T": 0.2564528585906939,
        "K/T": -14.164386605283715,
        "OH/T": 0.19265600805197747,
        "F/T": -0.36177875654870806,
        "H2O/T": -0.40491848503329075,
        "sda1/T": -0.1957170293821029,
        "cryst_temp": -0.3868934223288185,
        "cryst_time": -2.8743624341396115
    }
}