{
    "maes": {
        "Si/Al": 17.597371542978504,
        "Al/P": 0.10867359279252622,
        "Si/Ge": 1.0692296740643006,
        "Si/B": 8.779265442462057,
        "Na/T": 0.08683963641882994,
        "K/T": 0.07335392326059695,
        "OH/T": 0.17649413601960054,
        "F/T": 0.08555621301901668,
        "H2O/T": 26.363632145273396,
        "sda1/T": 0.41539821457371445,
        "cryst_temp": 13.267148806684345,
        "cryst_time": 129.02331631233915
    },
    "wmaes": {
        "Si/Al": 7.100350722639681,
        "Al/P": 0.292666973289,
        "Si/Ge": 1.8626559607933693,
        "Si/B": 2.8258083406781127,
        "Na/T": 0.039949701298450706,
        "K/T": 0.01575587742701475,
        "OH/T": 0.15144844188458562,
        "F/T": 0.014989131331980918,
        "H2O/T": 14.944163670627358,
        "sda1/T": 0.2917706309113625,
        "cryst_temp": 12.712112442859196,
        "cryst_time": 82.99897533166202
    },
    "r2s": {
        "Si/Al": -0.7558872632652371,
        "Al/P": 0.6569794044907376,
        "Si/Ge": 0.2806831717670555,
        "Si/B": 0.059546275620143585,
        "Na/T": 0.2677206755169125,
        "K/T": -42.29886250575852,
        "OH/T": -0.8186753882744724,
        "F/T": 0.11165809122686221,
        "H2O/T": -0.49693723672132983,
        "sda1/T": -1.903481650309224,
        "cryst_temp": -0.18959744238526,
        "cryst_time": -0.45733748846456246
    }
}