{
    "WSD mean": 0.42912056586098823,
    "WSD std": 0.46034374898057945
}