{
    "WSD mean": 0.45568160313268036,
    "WSD std": 0.4771674822730817
}