{
    "MMD mean": 1.830699497653592,
    "MMD std": 1.671468153786333
}