{
    "maes": {
        "Si/Al": 13.768967511196825,
        "Al/P": 0.09879459388929758,
        "Si/Ge": 0.8291966774467813,
        "Si/B": 5.605146513817564,
        "Na/T": 0.08689593817117947,
        "K/T": 0.035726465600312896,
        "OH/T": 0.12259285446444217,
        "F/T": 0.09178545414502137,
        "H2O/T": 24.460339398054614,
        "sda1/T": 0.40155267093582975,
        "cryst_temp": 14.33937297802083,
        "cryst_time": 152.44763328337902
    },
    "wmaes": {
        "Si/Al": 1.3756468786402656,
        "Al/P": 0.21501261230776766,
        "Si/Ge": 1.3044974802016205,
        "Si/B": 4.872464441709403,
        "Na/T": 0.027557571160658812,
        "K/T": 0.01428722348269499,
        "OH/T": 0.18193137546573246,
        "F/T": 0.024983940637690286,
        "H2O/T": 27.865049003584666,
        "sda1/T": 0.1949752382594111,
        "cryst_temp": 14.421848434593224,
        "cryst_time": 108.08856986052199
    },
    "r2s": {
        "Si/Al": -0.4637334369393349,
        "Al/P": 0.6262573865975773,
        "Si/Ge": 0.4129821181701535,
        "Si/B": -0.0006121427437453253,
        "Na/T": 0.23385514441156252,
        "K/T": -12.567237074210817,
        "OH/T": 0.01315899146775723,
        "F/T": -0.7221960795131015,
        "H2O/T": -0.6025908500729305,
        "sda1/T": -1.0824998826508376,
        "cryst_temp": -0.7141311068410057,
        "cryst_time": -1.87887844242944
    }
}