{
    "WSD mean": 0.42372867510524864,
    "WSD std": 0.4547071992331886
}