{
    "MMD mean": 1.5578499894875746,
    "MMD std": 1.4889947546960345
}