{
    "MMD mean": 2.0452999286754157,
    "MMD std": 1.6440070961213242
}