{
    "maes": {
        "Si/Al": 17.34383812821578,
        "Al/P": 0.0931621613438934,
        "Si/Ge": 1.0849357221046454,
        "Si/B": 5.889558076340483,
        "Na/T": 0.11306759382078418,
        "K/T": 0.07575661747707454,
        "OH/T": 0.20481818390935208,
        "F/T": 0.08065669998159603,
        "H2O/T": 25.470450668501712,
        "sda1/T": 0.4380758199443701,
        "cryst_temp": 17.105735617092186,
        "cryst_time": 139.98130134736846
    },
    "wmaes": {
        "Si/Al": 3.5100769042564015,
        "Al/P": 0.2821584830961129,
        "Si/Ge": 0.7900243218050924,
        "Si/B": 2.2596570009967056,
        "Na/T": 0.029804471472426364,
        "K/T": 0.014635301529434184,
        "OH/T": 0.11224079352377517,
        "F/T": 0.03700004597718282,
        "H2O/T": 46.90222083693541,
        "sda1/T": 0.25024778763425953,
        "cryst_temp": 16.881335102399042,
        "cryst_time": 90.42018801376197
    },
    "r2s": {
        "Si/Al": -0.8125979575714342,
        "Al/P": 0.7235009348528909,
        "Si/Ge": 0.24806132897304078,
        "Si/B": -0.337636882082494,
        "Na/T": 0.13055658231820488,
        "K/T": -84.0109389363194,
        "OH/T": -0.5649258940209367,
        "F/T": 0.40702803661919784,
        "H2O/T": -1.4185981989116905,
        "sda1/T": -0.19592891091341125,
        "cryst_temp": -0.8625555064503707,
        "cryst_time": 0.14447560840688656
    }
}