{
    "maes": {
        "Si/Al": 15.001005549015398,
        "Al/P": 0.13087392459056138,
        "Si/Ge": 0.9036874596044937,
        "Si/B": 5.725907354732453,
        "Na/T": 0.10444029630907262,
        "K/T": 0.03998645503780711,
        "OH/T": 0.14998908088546917,
        "F/T": 0.10140202321778417,
        "H2O/T": 24.164675582725625,
        "sda1/T": 0.434757302954878,
        "cryst_temp": 15.972806545183298,
        "cryst_time": 182.2091848682408
    },
    "wmaes": {
        "Si/Al": 2.4545790898684383,
        "Al/P": 0.32585955239844494,
        "Si/Ge": 1.1166853029103438,
        "Si/B": 4.611876862588872,
        "Na/T": 0.030216378346403255,
        "K/T": 0.013028904204349117,
        "OH/T": 0.14260697117779986,
        "F/T": 0.050551123504268276,
        "H2O/T": 37.75190986550233,
        "sda1/T": 0.18984773607447275,
        "cryst_temp": 16.43232433747287,
        "cryst_time": 181.10246921116553
    },
    "r2s": {
        "Si/Al": -0.3036211642253004,
        "Al/P": 0.4398885431033621,
        "Si/Ge": 0.3306878694610935,
        "Si/B": -0.01796633702534467,
        "Na/T": 0.18065194935723738,
        "K/T": -16.384495237484714,
        "OH/T": 0.00940956621595146,
        "F/T": -0.18809133761726926,
        "H2O/T": -1.1638801071681457,
        "sda1/T": -0.7509959475445536,
        "cryst_temp": -0.9969590260555188,
        "cryst_time": -0.2487462152167319
    }
}