{
    "WSD mean": 0.47940671430764503,
    "WSD std": 0.429417786356615
}