{
    "WSD mean": 0.4910364665865057,
    "WSD std": 0.4747064879900981
}