{
    "MMD mean": 6.181283536777701,
    "MMD std": 1.1948867460478116
}