{
    "maes": {
        "Si/Al": 25.391935830076452,
        "Al/P": 0.46384535933831555,
        "Si/Ge": 1.108496937584713,
        "Si/B": 7.19004557431815,
        "Na/T": 0.3318005423324449,
        "K/T": 0.9814328101590656,
        "OH/T": 0.26212184737867533,
        "F/T": 0.18628409094061446,
        "H2O/T": 51.23140806759167,
        "sda1/T": 0.6692117795857963,
        "cryst_temp": 297.6308169029646,
        "cryst_time": 1435.1394297038837
    },
    "wmaes": {
        "Si/Al": 0.37130129560855873,
        "Al/P": 0.3224340064527987,
        "Si/Ge": 1.2816495100147054,
        "Si/B": 5.8259742130031835,
        "Na/T": 0.45285220025471506,
        "K/T": 3.276692786313033,
        "OH/T": 0.38742367663188854,
        "F/T": 0.04790732828619129,
        "H2O/T": 17.754933863278197,
        "sda1/T": 0.2153813136602364,
        "cryst_temp": 295.77524647641246,
        "cryst_time": 902.9610748100838
    },
    "r2s": {
        "Si/Al": null,
        "Al/P": null,
        "Si/Ge": null,
        "Si/B": null,
        "Na/T": null,
        "K/T": null,
        "OH/T": null,
        "F/T": null,
        "H2O/T": null,
        "sda1/T": null,
        "cryst_temp": null,
        "cryst_time": null
    }
}