{
    "WSD mean": 1.557608424763928,
    "WSD std": 0.6533758863757656
}