{
    "MMD mean": 5.152309606152196,
    "MMD std": 1.5439955478291312
}