{
    "MMD mean": 4.418026786584121,
    "MMD std": 1.7533339066883824
}