{
    "maes": {
        "Si/Al": 158.3193397167294,
        "Al/P": 0.24903221375405274,
        "Si/Ge": NaN,
        "Si/B": NaN,
        "Na/T": 0.12122304765302111,
        "K/T": 0.03874899689222358,
        "OH/T": 0.19831238811120883,
        "F/T": 0.10460937462036088,
        "H2O/T": 35.523061067876846,
        "sda1/T": 3.012320804571475,
        "cryst_temp": 94.31984863486342,
        "cryst_time": 624.5099883037869
    },
    "wmaes": {
        "Si/Al": 22.22506302975712,
        "Al/P": 0.6352287120897183,
        "Si/Ge": 0.0,
        "Si/B": 0.0,
        "Na/T": 0.029683405564920495,
        "K/T": 0.011149728940847696,
        "OH/T": 0.081587371080076,
        "F/T": 0.026033448576090322,
        "H2O/T": 5.4678455576368625,
        "sda1/T": 3.4620594733850805,
        "cryst_temp": 96.74004373477848,
        "cryst_time": 683.2626607859058
    },
    "r2s": {
        "Si/Al": null,
        "Al/P": null,
        "Si/Ge": null,
        "Si/B": null,
        "Na/T": null,
        "K/T": null,
        "OH/T": null,
        "F/T": null,
        "H2O/T": null,
        "sda1/T": null,
        "cryst_temp": null,
        "cryst_time": null
    }
}