{
    "maes": {
        "Si/Al": 149.35012368600945,
        "Al/P": 0.267282110596503,
        "Si/Ge": NaN,
        "Si/B": NaN,
        "Na/T": 0.1023959144728661,
        "K/T": 0.07155762431592358,
        "OH/T": 0.21669242915175765,
        "F/T": 0.07983511485732518,
        "H2O/T": 36.89738192504362,
        "sda1/T": 3.2310660476012765,
        "cryst_temp": 103.90409209178044,
        "cryst_time": 786.9487381256544
    },
    "wmaes": {
        "Si/Al": 11.366094335015369,
        "Al/P": 0.44952461282667555,
        "Si/Ge": 0.0,
        "Si/B": 0.0,
        "Na/T": 0.01729089482410649,
        "K/T": 0.008192731998516186,
        "OH/T": 0.02677201826516306,
        "F/T": 0.010590249248928877,
        "H2O/T": 2.980212610882651,
        "sda1/T": 1.3195544193790523,
        "cryst_temp": 106.34971849379771,
        "cryst_time": 1388.1424087653868
    },
    "r2s": {
        "Si/Al": null,
        "Al/P": null,
        "Si/Ge": null,
        "Si/B": null,
        "Na/T": null,
        "K/T": null,
        "OH/T": null,
        "F/T": null,
        "H2O/T": null,
        "sda1/T": null,
        "cryst_temp": null,
        "cryst_time": null
    }
}