{
    "WSD mean": 1.226405032649098,
    "WSD std": 0.5524736746099975
}