{
    "WSD mean": 1.1421172493350553,
    "WSD std": 0.6060372442584406
}