{
    "MMD mean": 1.637176513671875,
    "MMD std": 1.6575355855216483
}