{
    "MMD mean": 1.9647588012039021,
    "MMD std": 1.7272030861841057
}