{
    "maes": {
        "Si/Al": 19.992864126224045,
        "Al/P": 0.10438109039679724,
        "Si/Ge": 0.7683040956152112,
        "Si/B": 5.948666143931039,
        "Na/T": 0.0730492192150104,
        "K/T": 0.07185297962721966,
        "OH/T": 0.16024666051302136,
        "F/T": 0.1000167044229922,
        "H2O/T": 24.568472391855373,
        "sda1/T": 0.38797218852706705,
        "cryst_temp": 15.459851001712469,
        "cryst_time": 133.15926798090115
    },
    "wmaes": {
        "Si/Al": 1.4232133148530044,
        "Al/P": 0.18542210050062874,
        "Si/Ge": 1.2928785237664842,
        "Si/B": 1.5368062119297692,
        "Na/T": 0.02361687191378291,
        "K/T": 0.02186059502935528,
        "OH/T": 0.26973290513097997,
        "F/T": 0.0663095513298174,
        "H2O/T": 28.958661848280745,
        "sda1/T": 0.29435135438404075,
        "cryst_temp": 15.888157587255051,
        "cryst_time": 72.41760708012802
    },
    "r2s": {
        "Si/Al": -1.3428316708787857,
        "Al/P": 0.6710977345577024,
        "Si/Ge": 0.5185120492278125,
        "Si/B": 0.22392060744468756,
        "Na/T": 0.30136249235702284,
        "K/T": -103.64124203152058,
        "OH/T": -1.0811370862291425,
        "F/T": 0.22045276024567584,
        "H2O/T": -0.5583660893731304,
        "sda1/T": -0.6362590428960464,
        "cryst_temp": -0.5144910323782528,
        "cryst_time": -0.18438000842232616
    }
}