{
    "maes": {
        "Si/Al": 17.103586554788663,
        "Al/P": 0.11516774251383807,
        "Si/Ge": 0.8491228741823328,
        "Si/B": 6.226103145580182,
        "Na/T": 0.09002893452623631,
        "K/T": 0.038065672300300675,
        "OH/T": 0.12047605725543882,
        "F/T": 0.10496042018275066,
        "H2O/T": 22.261135217813276,
        "sda1/T": 0.3961403415171881,
        "cryst_temp": 15.22330860754843,
        "cryst_time": 143.31645766059268
    },
    "wmaes": {
        "Si/Al": 1.6610496780016475,
        "Al/P": 0.22498565671654627,
        "Si/Ge": 1.2724230851296485,
        "Si/B": 5.491379112427382,
        "Na/T": 0.029841373946398637,
        "K/T": 0.016275797958794004,
        "OH/T": 0.16791793188779078,
        "F/T": 0.08172545946665981,
        "H2O/T": 25.01928152191858,
        "sda1/T": 0.18763311214045497,
        "cryst_temp": 15.407694728165978,
        "cryst_time": 109.2151836672364
    },
    "r2s": {
        "Si/Al": -0.16294838968198944,
        "Al/P": 0.5510603129034299,
        "Si/Ge": 0.19496307099997312,
        "Si/B": 0.24814671823937118,
        "Na/T": 0.2743181915371009,
        "K/T": -16.308833570957503,
        "OH/T": 0.2766043935997198,
        "F/T": -0.06324371038280341,
        "H2O/T": -0.5019846509302044,
        "sda1/T": -0.2837928015851079,
        "cryst_temp": -0.4812701729838933,
        "cryst_time": -1.6489434295897043
    }
}