{
    "WSD mean": 0.46337412330314,
    "WSD std": 0.49776031850096675
}