{
    "WSD mean": 0.4356690915939576,
    "WSD std": 0.4761876664958994
}