{
    "MMD mean": 1.7117689435298626,
    "MMD std": 1.5721351506595262
}