{
    "MMD mean": 2.0825965301964873,
    "MMD std": 1.6387870955906565
}