{
    "maes": {
        "Si/Al": 14.63016806869034,
        "Al/P": 0.12937327352218939,
        "Si/Ge": 1.6253251876303747,
        "Si/B": 5.774880154809325,
        "Na/T": 0.09430092551350547,
        "K/T": 0.04381782109587733,
        "OH/T": 0.14157527811810922,
        "F/T": 0.10980008863720643,
        "H2O/T": 24.34242077879483,
        "sda1/T": 0.4143978133938301,
        "cryst_temp": 13.757454052355303,
        "cryst_time": 136.49240376557418
    },
    "wmaes": {
        "Si/Al": 2.211756442154093,
        "Al/P": 0.2564503256933627,
        "Si/Ge": 2.672721775001376,
        "Si/B": 3.9264168824715293,
        "Na/T": 0.03177933143649957,
        "K/T": 0.019356042806065614,
        "OH/T": 0.26210989723982436,
        "F/T": 0.023305349184288966,
        "H2O/T": 31.67884025338788,
        "sda1/T": 0.3813729880251069,
        "cryst_temp": 14.177807123294512,
        "cryst_time": 89.07550261064335
    },
    "r2s": {
        "Si/Al": -0.429143380870435,
        "Al/P": 0.45178716513964323,
        "Si/Ge": 0.30352209762592997,
        "Si/B": -0.8398468484176445,
        "Na/T": 0.206014226416819,
        "K/T": -8.726550364711866,
        "OH/T": -0.28688880821089136,
        "F/T": -0.2916302820360799,
        "H2O/T": -1.1453484139588337,
        "sda1/T": -1.3640695946637935,
        "cryst_temp": -1.1869254572797852,
        "cryst_time": -10.312055496010327
    }
}