{
    "maes": {
        "Si/Al": 15.869604000726735,
        "Al/P": 0.12427735225034367,
        "Si/Ge": 1.8812653188360913,
        "Si/B": 5.880953534116071,
        "Na/T": 0.0876838483064201,
        "K/T": 0.08043407670498352,
        "OH/T": 0.16584209680708456,
        "F/T": 0.109843299036184,
        "H2O/T": 25.862572350402353,
        "sda1/T": 0.4219594970779467,
        "cryst_temp": 13.443050462403422,
        "cryst_time": 93.10060163130278
    },
    "wmaes": {
        "Si/Al": 1.4204775273033228,
        "Al/P": 0.2745897677283865,
        "Si/Ge": 2.4531544648338595,
        "Si/B": 2.7182400079695657,
        "Na/T": 0.030761689750367215,
        "K/T": 0.023367996972946975,
        "OH/T": 0.3293395430400783,
        "F/T": 0.016255638767928158,
        "H2O/T": 39.11558138753825,
        "sda1/T": 0.3320285157069187,
        "cryst_temp": 13.661446882500009,
        "cryst_time": 60.04746473916782
    },
    "r2s": {
        "Si/Al": -2.3776081345132947,
        "Al/P": 0.4396916364862017,
        "Si/Ge": 0.18152548132266466,
        "Si/B": -0.758184585560453,
        "Na/T": 0.3415272657751611,
        "K/T": -14.972992330589005,
        "OH/T": -0.3157894608621261,
        "F/T": 0.06980322283393714,
        "H2O/T": -1.5963327695153242,
        "sda1/T": -1.0553744988070362,
        "cryst_temp": -1.2598986615421834,
        "cryst_time": -2.356450006370263
    }
}