{
    "WSD mean": 0.4989056199395983,
    "WSD std": 0.44567263821020475
}