{
    "WSD mean": 0.4705171029976717,
    "WSD std": 0.4706066417318804
}