{
    "MMD mean": 4.507499144528364,
    "MMD std": 1.8095828836480372
}