{
    "maes": {
        "Si/Al": 20.652648474857056,
        "Al/P": 0.23449440253008702,
        "Si/Ge": 1.3082800568980084,
        "Si/B": 1.4019479664360606,
        "Na/T": 0.12166602503495744,
        "K/T": 0.04817808107512286,
        "OH/T": 0.17976902303430628,
        "F/T": 0.10915609868243337,
        "H2O/T": 25.63119869408374,
        "sda1/T": 0.49464191331660273,
        "cryst_temp": 17.76795713063833,
        "cryst_time": 163.85670511601745
    },
    "wmaes": {
        "Si/Al": 3.0791979580857203,
        "Al/P": 0.28806571243575296,
        "Si/Ge": 0.5381739101252979,
        "Si/B": 0.46002653203137606,
        "Na/T": 0.04249599772183596,
        "K/T": 0.01567984680457835,
        "OH/T": 0.1833504455636325,
        "F/T": 0.02479261562418645,
        "H2O/T": 15.173583439965054,
        "sda1/T": 0.09558276502979583,
        "cryst_temp": 18.57421812212359,
        "cryst_time": 94.95062997842254
    },
    "r2s": {
        "Si/Al": null,
        "Al/P": null,
        "Si/Ge": null,
        "Si/B": null,
        "Na/T": null,
        "K/T": null,
        "OH/T": null,
        "F/T": null,
        "H2O/T": null,
        "sda1/T": null,
        "cryst_temp": null,
        "cryst_time": null
    }
}