{
    "WSD mean": 0.5363416151650928,
    "WSD std": 0.49149979171245956
}