{
    "MMD mean": 1.631176315821134,
    "MMD std": 1.6794006006130981
}