{
    "MMD mean": 2.009127423327456,
    "MMD std": 1.7702444833829312
}