{
    "maes": {
        "Si/Al": 16.487302929864864,
        "Al/P": 0.10568159637065323,
        "Si/Ge": 1.4190481105150272,
        "Si/B": 5.972891568039038,
        "Na/T": 0.09425397786401515,
        "K/T": 0.09004504536727499,
        "OH/T": 0.17169732859815856,
        "F/T": 0.08380275901194509,
        "H2O/T": 27.7946483629234,
        "sda1/T": 0.40038561941846496,
        "cryst_temp": 14.808072550963782,
        "cryst_time": 120.54986520394858
    },
    "wmaes": {
        "Si/Al": 1.7110988955363806,
        "Al/P": 0.26335483201992216,
        "Si/Ge": 5.269531451710063,
        "Si/B": 3.175784265923118,
        "Na/T": 0.02984396019665026,
        "K/T": 0.036555557771480826,
        "OH/T": 0.3093977150114816,
        "F/T": 0.2554487583677522,
        "H2O/T": 134.0522483191317,
        "sda1/T": 0.3691764865503887,
        "cryst_temp": 15.285915814245518,
        "cryst_time": 88.28919821803885
    },
    "r2s": {
        "Si/Al": -2.925496806156803,
        "Al/P": 0.6389294779435083,
        "Si/Ge": 0.2816427265766126,
        "Si/B": -0.2931641894519701,
        "Na/T": 0.17764446877627627,
        "K/T": -13.406876319311541,
        "OH/T": -1.0034850599049787,
        "F/T": 0.35036240742855196,
        "H2O/T": -0.5990231882974162,
        "sda1/T": -1.415637400174996,
        "cryst_temp": -0.9277205857910316,
        "cryst_time": 0.008626929570698105
    }
}