{
    "maes": {
        "Si/Al": 16.25341201788779,
        "Al/P": 0.1225672888539595,
        "Si/Ge": 1.1725197195944717,
        "Si/B": 5.849294408561237,
        "Na/T": 0.09788148706467412,
        "K/T": 0.04883493767004908,
        "OH/T": 0.1360623333209002,
        "F/T": 0.10090281913888119,
        "H2O/T": 26.319657720833458,
        "sda1/T": 0.406129057481376,
        "cryst_temp": 14.766246483286018,
        "cryst_time": 170.45583734859568
    },
    "wmaes": {
        "Si/Al": 0.9404791801883944,
        "Al/P": 0.24170905490844605,
        "Si/Ge": 5.317594537511142,
        "Si/B": 4.769320616083808,
        "Na/T": 0.029163608567422533,
        "K/T": 0.02882012885437369,
        "OH/T": 0.19092157637153725,
        "F/T": 0.2654125462161364,
        "H2O/T": 98.73479804653904,
        "sda1/T": 0.2269597319128286,
        "cryst_temp": 15.596885460829837,
        "cryst_time": 103.56672179046949
    },
    "r2s": {
        "Si/Al": -0.5936737235898093,
        "Al/P": 0.5020387378365752,
        "Si/Ge": 0.3516271645000306,
        "Si/B": -0.07256145114491686,
        "Na/T": 0.12248438166382247,
        "K/T": -7.051668389967215,
        "OH/T": 0.10025515857712097,
        "F/T": -0.3385402478200119,
        "H2O/T": -0.8728899211510648,
        "sda1/T": -0.5558217727194643,
        "cryst_temp": -1.1608994260611873,
        "cryst_time": -0.5206438641098254
    }
}