{
    "WSD mean": 0.4616817988002249,
    "WSD std": 0.48929989860552203
}