{
    "WSD mean": 0.46242668366382467,
    "WSD std": 0.4427796034552829
}