{
    "MMD mean": 2.134611448934001,
    "MMD std": 1.599665792616279
}