{
    "MMD mean": 1.6580480703940759,
    "MMD std": 1.434326777131999
}