{
    "maes": {
        "Si/Al": 19.08256810045751,
        "Al/P": 0.13579746578025303,
        "Si/Ge": 0.8598282063847251,
        "Si/B": 6.874905881988477,
        "Na/T": 0.10254814765128382,
        "K/T": 0.041481866796613566,
        "OH/T": 0.1630960346825061,
        "F/T": 0.10852209396857089,
        "H2O/T": 24.08146463459537,
        "sda1/T": 0.4377823310711109,
        "cryst_temp": 15.40571381361605,
        "cryst_time": 251.20731622652104
    },
    "wmaes": {
        "Si/Al": 2.6399970997386717,
        "Al/P": 0.2721206520043752,
        "Si/Ge": 1.3738282703064326,
        "Si/B": 5.221854869515912,
        "Na/T": 0.020921594854099473,
        "K/T": 0.010670471731817968,
        "OH/T": 0.17834491164504365,
        "F/T": 0.10572289542530444,
        "H2O/T": 23.963431067967832,
        "sda1/T": 0.1859540861232426,
        "cryst_temp": 15.583311361061094,
        "cryst_time": 157.55758561186153
    },
    "r2s": {
        "Si/Al": -0.2063959438094003,
        "Al/P": 0.37551916221326265,
        "Si/Ge": 0.20260788309768285,
        "Si/B": -0.13669006996251976,
        "Na/T": -0.0012138296414567762,
        "K/T": -24.645000347459508,
        "OH/T": -0.427504583129634,
        "F/T": -1.0954216763039253,
        "H2O/T": -1.6695014071910075,
        "sda1/T": -2.1348216497265358,
        "cryst_temp": -1.0643770452679027,
        "cryst_time": -0.6485601358565012
    }
}