{
    "maes": {
        "Si/Al": 19.538175642447253,
        "Al/P": 0.12538016142658273,
        "Si/Ge": 0.8052986468505806,
        "Si/B": 6.3939473462345635,
        "Na/T": 0.09654321219783532,
        "K/T": 0.07584756336626032,
        "OH/T": 0.19359628721593475,
        "F/T": 0.07523534199942442,
        "H2O/T": 25.167742090427858,
        "sda1/T": 0.37906910647453945,
        "cryst_temp": 15.504801637841735,
        "cryst_time": 200.44710756614566
    },
    "wmaes": {
        "Si/Al": 3.3852946717802084,
        "Al/P": 0.2787623887182173,
        "Si/Ge": 0.947238203018511,
        "Si/B": 3.4488301291467542,
        "Na/T": 0.014682169313714492,
        "K/T": 0.009108303103534755,
        "OH/T": 0.18127251092405613,
        "F/T": 0.09735733652957855,
        "H2O/T": 29.302309827123832,
        "sda1/T": 0.230234978572186,
        "cryst_temp": 15.486402946067878,
        "cryst_time": 131.1951821857808
    },
    "r2s": {
        "Si/Al": -1.512133573822776,
        "Al/P": 0.48407805494817135,
        "Si/Ge": 0.4350952804454489,
        "Si/B": 0.09447088093818212,
        "Na/T": 0.21530783344041782,
        "K/T": -251.64790261949716,
        "OH/T": -1.1443330258272302,
        "F/T": 0.15567541747208258,
        "H2O/T": -2.70142848788054,
        "sda1/T": -3.8714451725517147,
        "cryst_temp": -1.1971540666219425,
        "cryst_time": -0.22026103460006796
    }
}