{
    "WSD mean": 0.4814394889023234,
    "WSD std": 0.4255803254945397
}