{
    "WSD mean": 0.5066167450440238,
    "WSD std": 0.4743388277478381
}