{
    "MMD mean": 1.7812982155726507,
    "MMD std": 1.6241476923307465
}