{
    "MMD mean": 2.088529734201329,
    "MMD std": 1.6059216325099255
}