{
    "maes": {
        "Si/Al": 15.866043585718513,
        "Al/P": 0.1258642872526358,
        "Si/Ge": 1.0169341690457425,
        "Si/B": 9.258617535678335,
        "Na/T": 0.0898558296543264,
        "K/T": 0.04258982726348856,
        "OH/T": 0.14010683037974325,
        "F/T": 0.10456303227621687,
        "H2O/T": 27.186645228500566,
        "sda1/T": 0.4397448490647723,
        "cryst_temp": 14.319519294625804,
        "cryst_time": 227.4650488077437
    },
    "wmaes": {
        "Si/Al": 1.7746947470248702,
        "Al/P": 0.25802481939556143,
        "Si/Ge": 1.8363526322561365,
        "Si/B": 13.978339152642814,
        "Na/T": 0.025017364583434967,
        "K/T": 0.026568719664630192,
        "OH/T": 0.2979840248790591,
        "F/T": 0.023156468631136157,
        "H2O/T": 19.01153946680104,
        "sda1/T": 0.23303351746941173,
        "cryst_temp": 14.337776794272997,
        "cryst_time": 137.6107744752008
    },
    "r2s": {
        "Si/Al": -0.9995216362173722,
        "Al/P": 0.41642320593917026,
        "Si/Ge": 0.24822862517712452,
        "Si/B": 0.19064587734973815,
        "Na/T": 2.26815500529165e-05,
        "K/T": -13.162374929639089,
        "OH/T": -0.1277924574692051,
        "F/T": -0.7097468897602255,
        "H2O/T": -0.9160085960283897,
        "sda1/T": -1.9070847030942835,
        "cryst_temp": -0.9953812951641421,
        "cryst_time": -0.4813581589583742
    }
}