{
    "maes": {
        "Si/Al": 16.130270882849192,
        "Al/P": 0.11479467083198369,
        "Si/Ge": 1.170931039430078,
        "Si/B": 10.122288612337567,
        "Na/T": 0.0739639348458064,
        "K/T": 0.0841245561331467,
        "OH/T": 0.1573164381623722,
        "F/T": 0.08965771229924718,
        "H2O/T": 27.605209069312597,
        "sda1/T": 0.3765272471251411,
        "cryst_temp": 13.943929011729526,
        "cryst_time": 224.76451842756038
    },
    "wmaes": {
        "Si/Al": 0.9577624664591554,
        "Al/P": 0.23813394732982174,
        "Si/Ge": 1.7783788721061295,
        "Si/B": 10.988638082862566,
        "Na/T": 0.024333567869544964,
        "K/T": 0.0356927976757891,
        "OH/T": 0.37994632279689067,
        "F/T": 0.0162494561030498,
        "H2O/T": 21.139053715270112,
        "sda1/T": 0.3593083564237431,
        "cryst_temp": 13.655683887724008,
        "cryst_time": 137.25301257640461
    },
    "r2s": {
        "Si/Al": -1.9710933396123766,
        "Al/P": 0.4987238267490175,
        "Si/Ge": 0.28160406494781376,
        "Si/B": 0.21288318649413351,
        "Na/T": 0.33307867184532824,
        "K/T": -38.27110476915304,
        "OH/T": -0.7615204487858929,
        "F/T": 0.08718854950455646,
        "H2O/T": -1.0152072400102106,
        "sda1/T": -0.57788375698191,
        "cryst_temp": -0.9923896661332674,
        "cryst_time": -0.002699140924198762
    }
}