{
    "WSD mean": 0.5060169558014673,
    "WSD std": 0.4434164046538459
}