{
    "WSD mean": 0.49361591066437893,
    "WSD std": 0.45011961564895536
}