{
    "MMD mean": 4.173264741897583,
    "MMD std": 1.9010460097541835
}