{
    "MMD mean": 4.9316424951758435,
    "MMD std": 1.7525074491984929
}