{
    "maes": {
        "Si/Al": 24.181001088271955,
        "Al/P": 0.7524525771053996,
        "Si/Ge": 0.3551751800945827,
        "Si/B": NaN,
        "Na/T": 0.11492389417135933,
        "K/T": 0.03874899689222358,
        "OH/T": 0.21549250568831863,
        "F/T": 0.11090773634079099,
        "H2O/T": 29.64612040239238,
        "sda1/T": 0.5330056950526957,
        "cryst_temp": 25.030309313630138,
        "cryst_time": 191.40576627773302
    },
    "wmaes": {
        "Si/Al": 12.921396524892925,
        "Al/P": 0.2311266993873366,
        "Si/Ge": 0.08268706516223906,
        "Si/B": 0.0,
        "Na/T": 0.028081682649374134,
        "K/T": 0.011149728940847696,
        "OH/T": 0.15722021700308686,
        "F/T": 0.026033448576090322,
        "H2O/T": 16.377882988296907,
        "sda1/T": 1.1289751573254487,
        "cryst_temp": 25.639027489325606,
        "cryst_time": 74.26319912971849
    },
    "r2s": {
        "Si/Al": null,
        "Al/P": null,
        "Si/Ge": null,
        "Si/B": null,
        "Na/T": null,
        "K/T": null,
        "OH/T": null,
        "F/T": null,
        "H2O/T": null,
        "sda1/T": null,
        "cryst_temp": null,
        "cryst_time": null
    }
}