{
    "maes": {
        "Si/Al": 28.019482801263603,
        "Al/P": 0.7384445844921407,
        "Si/Ge": 0.3551751800945827,
        "Si/B": NaN,
        "Na/T": 0.11326125125781507,
        "K/T": 0.07155762431592358,
        "OH/T": 0.2712547652362589,
        "F/T": 0.09990145772591494,
        "H2O/T": 31.621145847812702,
        "sda1/T": 0.47099913991103287,
        "cryst_temp": 27.90715327197359,
        "cryst_time": 154.1742158650036
    },
    "wmaes": {
        "Si/Al": 26.32752805545345,
        "Al/P": 0.3315914217113041,
        "Si/Ge": 0.09107848777839497,
        "Si/B": 0.0,
        "Na/T": 0.016719239475299696,
        "K/T": 0.008192731998516186,
        "OH/T": 0.046533454291980074,
        "F/T": 0.010590249248928877,
        "H2O/T": 18.372667815121954,
        "sda1/T": 0.18730289925721771,
        "cryst_temp": 29.306860341161343,
        "cryst_time": 88.42629729874048
    },
    "r2s": {
        "Si/Al": null,
        "Al/P": null,
        "Si/Ge": null,
        "Si/B": null,
        "Na/T": null,
        "K/T": null,
        "OH/T": null,
        "F/T": null,
        "H2O/T": null,
        "sda1/T": null,
        "cryst_temp": null,
        "cryst_time": null
    }
}