{
    "WSD mean": 0.7867770300052498,
    "WSD std": 0.5674858049623652
}