{
    "WSD mean": 0.7153681909654235,
    "WSD std": 0.5801229540259873
}