{
    "MMD mean": 1.9077698771770184,
    "MMD std": 1.7938894135007741
}