{
    "MMD mean": 2.3153892691417406,
    "MMD std": 1.886186306200242
}