{
    "maes": {
        "Si/Al": 14.23309206871568,
        "Al/P": 0.12998648160531887,
        "Si/Ge": 0.6867888538720318,
        "Si/B": 5.808263047536137,
        "Na/T": 0.11938771175074206,
        "K/T": 0.04626202293505734,
        "OH/T": 0.16492055069948788,
        "F/T": 0.10405479485544455,
        "H2O/T": 26.74384888102309,
        "sda1/T": 0.46015149806512456,
        "cryst_temp": 17.499818650675273,
        "cryst_time": 169.5969736847423
    },
    "wmaes": {
        "Si/Al": 1.8909430177687667,
        "Al/P": 0.23583404960413257,
        "Si/Ge": 1.313796142286851,
        "Si/B": 8.78447420684267,
        "Na/T": 0.03226138449756505,
        "K/T": 0.011967248190194759,
        "OH/T": 0.16764277873806815,
        "F/T": 0.027424692629994966,
        "H2O/T": 57.48440927930811,
        "sda1/T": 0.2111550200575576,
        "cryst_temp": 17.26577885213606,
        "cryst_time": 114.77941198648496
    },
    "r2s": {
        "Si/Al": -0.4347714935284901,
        "Al/P": 0.4530028191147376,
        "Si/Ge": 0.41933139672456565,
        "Si/B": -0.15368981004611215,
        "Na/T": 0.03982270132424648,
        "K/T": -8.8178024243164,
        "OH/T": 0.16525323872141218,
        "F/T": -0.5267315862681641,
        "H2O/T": -0.8492913461845646,
        "sda1/T": -0.850525726252682,
        "cryst_temp": -0.8815922014359936,
        "cryst_time": -1.0288101825551843
    }
}