{
    "maes": {
        "Si/Al": 16.66800579962684,
        "Al/P": 0.12609270208027568,
        "Si/Ge": 0.6028038702487517,
        "Si/B": 6.266003475799939,
        "Na/T": 0.14928890269530234,
        "K/T": 0.08344147143530295,
        "OH/T": 0.22165282869346534,
        "F/T": 0.06431295042744695,
        "H2O/T": 27.750500019809067,
        "sda1/T": 0.4708119578494511,
        "cryst_temp": 18.41717396223575,
        "cryst_time": 151.58231586010405
    },
    "wmaes": {
        "Si/Al": 2.073888833266638,
        "Al/P": 0.1722551051163185,
        "Si/Ge": 1.178138921525635,
        "Si/B": 1.3711218592864816,
        "Na/T": 0.03201067793785169,
        "K/T": 0.010723249103772462,
        "OH/T": 0.12432728030661558,
        "F/T": 0.014610459671373149,
        "H2O/T": 70.94288708544282,
        "sda1/T": 0.16822330865270074,
        "cryst_temp": 17.694900922051957,
        "cryst_time": 87.72926066572401
    },
    "r2s": {
        "Si/Al": -2.2242918284555095,
        "Al/P": 0.5580113082050631,
        "Si/Ge": 0.484481831372946,
        "Si/B": -0.19132143217681907,
        "Na/T": 0.02363413850318652,
        "K/T": -49.71892492459661,
        "OH/T": -0.6528054531377139,
        "F/T": 0.2965407848583952,
        "H2O/T": -0.9310225319156218,
        "sda1/T": -1.9954658542177204,
        "cryst_temp": -1.2682956906792189,
        "cryst_time": -0.2680659683220561
    }
}