{
    "WSD mean": 0.5028357871400665,
    "WSD std": 0.49351589939961654
}