{
    "WSD mean": 0.4909622759480942,
    "WSD std": 0.4588580512896887
}