{
    "MMD mean": 2.1319404379014046,
    "MMD std": 1.3263201338986512
}