{
    "MMD mean": 1.7778455890142,
    "MMD std": 1.4273776718831634
}