{
    "maes": {
        "Si/Al": 20.943075567023474,
        "Al/P": 0.13480047889897834,
        "Si/Ge": 1.2011836692099533,
        "Si/B": 6.477308178770921,
        "Na/T": 0.08416219017642736,
        "K/T": 0.19141665729470192,
        "OH/T": 0.21204775431823902,
        "F/T": 0.08962765752781146,
        "H2O/T": 26.04520012749932,
        "sda1/T": 0.47694220002939314,
        "cryst_temp": 17.650585027841423,
        "cryst_time": 109.23779455171181
    },
    "wmaes": {
        "Si/Al": 3.4309219293145836,
        "Al/P": 0.20055184077437296,
        "Si/Ge": 1.2068666484714103,
        "Si/B": 1.461730112188845,
        "Na/T": 0.027202998370088646,
        "K/T": 0.1554183412368313,
        "OH/T": 0.29348422109527333,
        "F/T": 0.013676330537344166,
        "H2O/T": 25.115214471793358,
        "sda1/T": 0.3786828031189577,
        "cryst_temp": 17.911050858272496,
        "cryst_time": 74.58356126586214
    },
    "r2s": {
        "Si/Al": -3.037159443883292,
        "Al/P": 0.023367747791345095,
        "Si/Ge": 0.1467845666912152,
        "Si/B": -6.842161606717213,
        "Na/T": 0.14952015080730818,
        "K/T": -1.357730645088517,
        "OH/T": -0.7613828485502023,
        "F/T": -0.988007432511492,
        "H2O/T": -3.1520810339910117,
        "sda1/T": -0.22276230778079475,
        "cryst_temp": -1.0013949078699453,
        "cryst_time": -1.2232231539668867
    }
}