{
    "maes": {
        "Si/Al": 20.026596120398743,
        "Al/P": 0.13234407278989838,
        "Si/Ge": 1.3816415887692521,
        "Si/B": 6.869721113501362,
        "Na/T": 0.09599648917462339,
        "K/T": 0.17825302768971962,
        "OH/T": 0.1623408621388491,
        "F/T": 0.11644325728588016,
        "H2O/T": 25.708808435879586,
        "sda1/T": 0.5029851649026821,
        "cryst_temp": 16.94066520500621,
        "cryst_time": 155.0283355835362
    },
    "wmaes": {
        "Si/Al": 3.2100847383304147,
        "Al/P": 0.28895108789774165,
        "Si/Ge": 2.406982686363426,
        "Si/B": 6.143795082365671,
        "Na/T": 0.0540824802013956,
        "K/T": 0.10977201581406015,
        "OH/T": 0.24149536032138358,
        "F/T": 0.01994349618936019,
        "H2O/T": 21.344555320782746,
        "sda1/T": 0.2106017969730096,
        "cryst_temp": 17.060937992443446,
        "cryst_time": 99.44678638217604
    },
    "r2s": {
        "Si/Al": null,
        "Al/P": null,
        "Si/Ge": null,
        "Si/B": null,
        "Na/T": null,
        "K/T": null,
        "OH/T": null,
        "F/T": null,
        "H2O/T": null,
        "sda1/T": null,
        "cryst_temp": null,
        "cryst_time": null
    }
}