{
    "WSD mean": 0.593695537904881,
    "WSD std": 0.40876738525014983
}