{
    "WSD mean": 0.574721004103485,
    "WSD std": 0.4006632985917505
}