{
    "MMD mean": 1.6847011126004732,
    "MMD std": 1.2862717698572004
}