{
    "MMD mean": 2.135985518014559,
    "MMD std": 1.2467742457359194
}