{
    "maes": {
        "Si/Al": 18.46057866647836,
        "Al/P": 0.20842529100466406,
        "Si/Ge": 1.1856398823464422,
        "Si/B": 5.919974647651525,
        "Na/T": 0.1137795393519763,
        "K/T": 0.08117426657012891,
        "OH/T": 0.2026302646866024,
        "F/T": 0.11088336017731634,
        "H2O/T": 26.94521125293896,
        "sda1/T": 0.45187557749842533,
        "cryst_temp": 19.01733400660092,
        "cryst_time": 173.03141685797726
    },
    "wmaes": {
        "Si/Al": 4.004010468807514,
        "Al/P": 0.24057760986790405,
        "Si/Ge": 0.6956728103063636,
        "Si/B": 2.391346330128486,
        "Na/T": 0.03835210983398281,
        "K/T": 0.024556096958058292,
        "OH/T": 0.18559732354011418,
        "F/T": 0.15775722574902934,
        "H2O/T": 25.895170214035677,
        "sda1/T": 0.2835775056506999,
        "cryst_temp": 19.653077640915143,
        "cryst_time": 138.55717005184988
    },
    "r2s": {
        "Si/Al": -4.402149716483792,
        "Al/P": 0.014126225270723047,
        "Si/Ge": -0.35415560815784697,
        "Si/B": -1.279792559481256,
        "Na/T": -0.30229449243463624,
        "K/T": -218.80791926867573,
        "OH/T": -2.5235780715530156,
        "F/T": -5.860810799927425,
        "H2O/T": -39.57348324906129,
        "sda1/T": -4.924140206894222,
        "cryst_temp": -1.010440723879975,
        "cryst_time": -0.5242839897538409
    }
}