{
    "maes": {
        "Si/Al": 18.374797964644127,
        "Al/P": 0.18789458240930465,
        "Si/Ge": 1.326424141071796,
        "Si/B": 6.538964884747414,
        "Na/T": 0.1295842502976731,
        "K/T": 0.05133465336456483,
        "OH/T": 0.19345865230399786,
        "F/T": 0.14041169080568006,
        "H2O/T": 27.632686290289183,
        "sda1/T": 0.5361870571117209,
        "cryst_temp": 18.467895111753144,
        "cryst_time": 221.09085006071294
    },
    "wmaes": {
        "Si/Al": 3.820099896125448,
        "Al/P": 0.2633666484081433,
        "Si/Ge": 0.9939832713761454,
        "Si/B": 9.202860333136963,
        "Na/T": 0.044120155562904384,
        "K/T": 0.03300429760494137,
        "OH/T": 0.17574288294300616,
        "F/T": 0.15867910661313864,
        "H2O/T": 23.01469730942799,
        "sda1/T": 0.22485581216287798,
        "cryst_temp": 19.224653440796303,
        "cryst_time": 168.94275738229732
    },
    "r2s": {
        "Si/Al": -2.690037469463366,
        "Al/P": 0.1520703445798136,
        "Si/Ge": -0.630498768458412,
        "Si/B": -1.8494210354578522,
        "Na/T": -1.1467842700460258,
        "K/T": -66.1094428691644,
        "OH/T": -2.3614401419892896,
        "F/T": -12.302881891083292,
        "H2O/T": -36.33572194113954,
        "sda1/T": -5.153811366301702,
        "cryst_temp": -0.8516684922620821,
        "cryst_time": -2.4730719366877656
    }
}