{
    "WSD mean": 0.6491369240822186,
    "WSD std": 0.3601348921713713
}