{
    "WSD mean": 0.6968387461987312,
    "WSD std": 0.3846653815080109
}