{
    "MMD mean": 5.278581175752866,
    "MMD std": 1.4441650191789717
}