{
    "maes": {
        "Si/Al": 36.22240986886124,
        "Al/P": 0.8302705387274424,
        "Si/Ge": 5.000563621520996,
        "Si/B": 25.0,
        "Na/T": 0.11692238937980766,
        "K/T": 0.06742286491772644,
        "OH/T": 0.18529746465207209,
        "F/T": 0.10862698264029477,
        "H2O/T": 30.366449989789036,
        "sda1/T": 0.49531329985644157,
        "cryst_temp": 19.190709739603022,
        "cryst_time": 270.77195695692535
    },
    "wmaes": {
        "Si/Al": 32.79930987727588,
        "Al/P": 0.07049208145440175,
        "Si/Ge": 0.0,
        "Si/B": 0.0,
        "Na/T": 0.02740442118640595,
        "K/T": 0.011149728940847696,
        "OH/T": 0.08245426758122998,
        "F/T": 0.026033448576090322,
        "H2O/T": 11.336410951964094,
        "sda1/T": 0.18712137534921747,
        "cryst_temp": 19.829967593252114,
        "cryst_time": 116.75151216908218
    },
    "r2s": {
        "Si/Al": null,
        "Al/P": null,
        "Si/Ge": null,
        "Si/B": null,
        "Na/T": null,
        "K/T": null,
        "OH/T": null,
        "F/T": null,
        "H2O/T": null,
        "sda1/T": null,
        "cryst_temp": null,
        "cryst_time": null
    }
}