{
    "WSD mean": 0.7300045523451755,
    "WSD std": 0.5456785519414504
}