{
    "MMD mean": 2.149258634095551,
    "MMD std": 1.257624273623699
}