{
    "MMD mean": 1.7408614525428185,
    "MMD std": 1.30739097316615
}