{
    "maes": {
        "Si/Al": 20.845380322241795,
        "Al/P": 0.21966006040832628,
        "Si/Ge": 1.5243103093920098,
        "Si/B": 7.916690115814259,
        "Na/T": 0.10627107199665389,
        "K/T": 0.07968148230792245,
        "OH/T": 0.1927698298630107,
        "F/T": 0.10800187840056635,
        "H2O/T": 26.39902374826996,
        "sda1/T": 0.44764585058768175,
        "cryst_temp": 18.414034603085305,
        "cryst_time": 150.5202020109483
    },
    "wmaes": {
        "Si/Al": 11.504688925085668,
        "Al/P": 0.2245904168135222,
        "Si/Ge": 1.3237591271820865,
        "Si/B": 2.8024271797122564,
        "Na/T": 0.03952815813317463,
        "K/T": 0.027667306383766386,
        "OH/T": 0.2542720105229602,
        "F/T": 0.14454305067902776,
        "H2O/T": 29.91219159563672,
        "sda1/T": 0.37239246260924214,
        "cryst_temp": 19.373258586696558,
        "cryst_time": 122.38829184536762
    },
    "r2s": {
        "Si/Al": -7.239341716594156,
        "Al/P": -0.306812987400122,
        "Si/Ge": -1.1935396540226892,
        "Si/B": -2.6842327183923413,
        "Na/T": -0.25695985994468473,
        "K/T": -352.3305334704862,
        "OH/T": -2.742780824438009,
        "F/T": -5.166613303797016,
        "H2O/T": -22.75791845046498,
        "sda1/T": -7.486841474535476,
        "cryst_temp": -1.6072185112636657,
        "cryst_time": -0.66912685289793
    }
}