{
    "maes": {
        "Si/Al": 19.508707349196072,
        "Al/P": 0.1999326695370002,
        "Si/Ge": 1.617864530312967,
        "Si/B": 8.286163852992125,
        "Na/T": 0.1254973651375512,
        "K/T": 0.05322567903198416,
        "OH/T": 0.19595464278115104,
        "F/T": 0.13103751253679372,
        "H2O/T": 27.90333835579791,
        "sda1/T": 0.5213334004236375,
        "cryst_temp": 17.788491949719027,
        "cryst_time": 213.0725749801989
    },
    "wmaes": {
        "Si/Al": 4.703781338121859,
        "Al/P": 0.29472913848469073,
        "Si/Ge": 1.4712437457159935,
        "Si/B": 11.724248207079139,
        "Na/T": 0.04991178073781276,
        "K/T": 0.041049388619207976,
        "OH/T": 0.2286185598932169,
        "F/T": 0.14774419082605547,
        "H2O/T": 26.313052512109945,
        "sda1/T": 0.255356609966278,
        "cryst_temp": 18.744019831195594,
        "cryst_time": 163.37951704323754
    },
    "r2s": {
        "Si/Al": -4.165219327913655,
        "Al/P": -0.007023676786860111,
        "Si/Ge": -1.017201843310306,
        "Si/B": -3.305474690932015,
        "Na/T": -1.4379220017458914,
        "K/T": -65.818369300469,
        "OH/T": -2.7908969893965896,
        "F/T": -10.321680338992397,
        "H2O/T": -20.090611443545576,
        "sda1/T": -8.092632489793035,
        "cryst_temp": -1.3866117815126038,
        "cryst_time": -3.4124686469987564
    }
}