{
    "WSD mean": 0.6858201576711318,
    "WSD std": 0.39783912559514645
}