{
    "WSD mean": 0.6526934130995042,
    "WSD std": 0.36847881703313745
}