{
    "MMD mean": 5.0744494904753985,
    "MMD std": 1.5383804228846956
}