{
    "maes": {
        "Si/Al": 25.22032009639591,
        "Al/P": 0.8648990714508626,
        "Si/Ge": 4.275240021092551,
        "Si/B": NaN,
        "Na/T": 0.10902889588564854,
        "K/T": 0.05308593923680707,
        "OH/T": 0.18473771416944557,
        "F/T": 0.11410104601784178,
        "H2O/T": 29.10255350459928,
        "sda1/T": 0.48068763721910784,
        "cryst_temp": 34.393982569376625,
        "cryst_time": 296.32524150065194
    },
    "wmaes": {
        "Si/Al": 5.590543483449545,
        "Al/P": 0.205143336884478,
        "Si/Ge": 0.0,
        "Si/B": 0.0,
        "Na/T": 0.027743723611410035,
        "K/T": 0.011149728940847696,
        "OH/T": 0.06612301216589767,
        "F/T": 0.025939266883252474,
        "H2O/T": 15.131341751662402,
        "sda1/T": 0.18972244590501997,
        "cryst_temp": 35.45539623429612,
        "cryst_time": 143.94154597806283
    },
    "r2s": {
        "Si/Al": null,
        "Al/P": null,
        "Si/Ge": null,
        "Si/B": null,
        "Na/T": null,
        "K/T": null,
        "OH/T": null,
        "F/T": null,
        "H2O/T": null,
        "sda1/T": null,
        "cryst_temp": null,
        "cryst_time": null
    }
}