{
    "WSD mean": 0.6940894004255543,
    "WSD std": 0.5570297656444818
}